province,pull_municipal_city,cons_name,harmonized_nsu_unit,n_raw_units,raw_units,points_pooled,points_naive
ANTIQUE,HAMTIC,loaf bread,large packs,4,dalagku nga putos | daragkul nga putos | large | large packs,6,6
ILOILO,LAMBUNAO,loaf bread,large packs,3,dalagku nga putos | daragkul nga putos | large,6,6
AKLAN,BATAN,"liquor (e.g, whisky, coconut wine)",lipid/lapad,2,lapad | lipid / lapad,6,6
AKLAN,BURUANGA,loaf bread,small packs,2,maisot nga putos | small packs,6,6
ANTIQUE,BUGASONG,chicken,whole (chicken),2,bilog nga manok | whole (chicken),6,6
ANTIQUE,PATNONGON,loaf bread,small packs,2,gagmay nga putos | small,6,6
ANTIQUE,SAN REMIGIO,chicken,whole (chicken),2,bilog nga manok | whole (chicken),6,6
CAPIZ,CUARTERO,loaf bread,large packs,2,dalagku nga putos | large,6,6
CAPIZ,PANAY,loaf bread,large packs,2,dalagku nga putos | large,6,6
CAPIZ,SIGMA,loaf bread,large packs,2,dalagku nga putos | large,6,6
CAPIZ,TAPAZ,loaf bread,large packs,2,dalagku nga putos | large,6,6
ILOILO,AJUY,loaf bread,large packs,2,dalagku nga putos | large,6,6
ILOILO,BADIANGAN,"crackers, cookies, buiscuits, chips/curls",pieces or units,2,bilog | pieces or units,6,6
ILOILO,CONCEPCION,loaf bread,large packs,2,dalagku nga putos | large,6,6
ILOILO,DUEAS,loaf bread,large packs,2,dalagku nga putos | large,6,6
ILOILO,JANIUAY,loaf bread,large packs,2,dalagku nga putos | large,6,6
ILOILO,LAMBUNAO,chicken,whole (chicken),2,bilog nga manok | whole (chicken),6,6
ILOILO,LAMBUNAO,"ice cream, sorbet, edible ice (eg., ice-lolli, halo-halo)",small cup,2,gamay nga cup | gamay nga tasa,6,6
ILOILO,TIGBAUAN,"crackers, cookies, buiscuits, chips/curls",pieces or units,2,bilog | pieces or units,6,6
ILOILO,TIGBAUAN,loaf bread,large packs,2,dalagku nga putos | large,6,6
ILOILO,TIGBAUAN,loaf bread,small packs,2,gagmay nga putos | small packs,6,6
ILOILO,TUBUNGAN,chicken,whole (chicken),2,bilog nga manok | whole (chicken),6,6
ILOILO,LEMERY,loaf bread,small packs,3,gagmay nga putos | small | small packs,5,6
ILOILO,MINA,loaf bread,large packs,3,dalagku nga putos | large | malaking packs,5,6
ANTIQUE,SIBALOM,chicken,whole (chicken),2,bilog nga manok | whole (chicken),5,6
ILOILO,BADIANGAN,loaf bread,large packs,2,dalagku nga putos | large,5,6
ILOILO,MIAGAO,chicken,whole (chicken),2,bilog nga manok | whole (chicken),5,6
ILOILO,ALIMODIAN,chicken,whole (chicken),2,bilog nga manok | whole (chicken),4,6
ILOILO,LEMERY,fresh fish,pack,4,fish sold per pack 90 each pack | pack | pack/ putos | putos,3,3
AKLAN,ALTAVAS,loaf bread,large packs,3,large | mabahoe nga putos | malaking packs,3,3
AKLAN,BATAN,"ice cream, sorbet, edible ice (eg., ice-lolli, halo-halo)",small cup,3,gamay nga cup | maisot nga tasa | maliit na tasa,3,3
AKLAN,MADALAG,loaf bread,small packs,3,maisot nga putos | small | small packs,3,3
ANTIQUE,SAN REMIGIO,"ice cream, sorbet, edible ice (eg., ice-lolli, halo-halo)",small cup,3,gamay nga cup | gamay nga tasa | small cup (translate),3,3
ANTIQUE,TOBIAS FORNIER,chicken,whole (chicken),3,bilog nga manok | buong (manok) | whole (chicken),3,6
ANTIQUE,TOBIAS FORNIER,"ice cream, sorbet, edible ice (eg., ice-lolli, halo-halo)",small cup,3,gamay nga cup | gamay nga tasa | small cup (translate),3,3
CAPIZ,IVISAN,loaf bread,small packs,3,gagmay nga putos | small | small packs,3,3
CAPIZ,SAPI-AN,loaf bread,small packs,3,gagmay nga putos | maisot nga putos | small,3,3
ILOILO,BALASAN,loaf bread,large packs,3,dalagku nga putos | large | large packs,3,3
ILOILO,BAROTAC VIEJO,fresh fish,pack,3,pack | packs | putos,3,3
ILOILO,CARLES,loaf bread,small packs,3,gagmay nga putos | small | small packs,3,3
ILOILO,ESTANCIA,fresh fish,pack,3,pack | packs | putos,3,3
ILOILO,JANIUAY,chicken,whole (chicken),3,bilog nga manok | whole | whole (chicken),3,3
ILOILO,LEMERY,loaf bread,large packs,3,dalagku nga putos | large | large packs,3,3
ILOILO,SAN JOAQUIN,loaf bread,large packs,3,daragkul nga putos | large | large packs,3,3
AKLAN,ALTAVAS,"ice cream, sorbet, edible ice (eg., ice-lolli, halo-halo)",pieces or units,2,binilog | piraso,3,3
AKLAN,ALTAVAS,"ice cream, sorbet, edible ice (eg., ice-lolli, halo-halo)",small cup,2,gamay nga cup | maisot nga tasa,3,3
AKLAN,ALTAVAS,"liquor (e.g, whisky, coconut wine)",lipid/lapad,2,lapad | lipid / lapad,3,3
AKLAN,ALTAVAS,loaf bread,medium packs,2,kasarangan nga putos | medium,3,3
AKLAN,BATAN,cabbage,pieces or units,2,bilog | binilog,3,3
AKLAN,BATAN,"preserved or processed meat (tocino, tapa, longaniza, etc)",pieces or units,2,binilog | piraso,3,3
AKLAN,IBAJAY,"liquor (e.g, whisky, coconut wine)",lipid/lapad,2,lapad | lipid / lapad,3,3
AKLAN,LIBACAO,"liquor (e.g, whisky, coconut wine)",lipid/lapad,2,lapad | lipid / lapad,3,3
AKLAN,LIBACAO,loaf bread,medium packs,2,kasarangan nga putos | medium,3,3
AKLAN,MADALAG,cabbage,pieces or units,2,bilog | binilog,3,3
AKLAN,MADALAG,"liquor (e.g, whisky, coconut wine)",lipid/lapad,2,lapad | lipid / lapad,3,3
AKLAN,MADALAG,loaf bread,medium packs,2,kasarangan nga putos | medium,3,3
AKLAN,MADALAG,"preserved or processed meat (tocino, tapa, longaniza, etc)",pieces or units,2,binilog | piraso,3,3
AKLAN,MALAY,cabbage,pieces or units,2,bilog | binilog,3,3
AKLAN,MALAY,"ice cream, sorbet, edible ice (eg., ice-lolli, halo-halo)",small cup,2,gamay nga cup | maisot nga tasa,3,3
AKLAN,MALAY,"liquor (e.g, whisky, coconut wine)",lipid/lapad,2,lapad | lipid / lapad,3,3
AKLAN,MALAY,loaf bread,large packs,2,large | mabahoe nga putos,3,3
AKLAN,MALINAO,"crackers, cookies, buiscuits, chips/curls",pieces or units,2,bilog | binilog,3,3
AKLAN,MALINAO,loaf bread,small packs,2,gagmay nga putos | maisot nga putos,3,3
ANTIQUE,BARBAZA,"ice cream, sorbet, edible ice (eg., ice-lolli, halo-halo)",small cup,2,gmay nga cup | small cup (translate),3,3
ANTIQUE,BUGASONG,"ice cream, sorbet, edible ice (eg., ice-lolli, halo-halo)",small cup,2,gamay nga tasa | small cup (translate),3,3
ANTIQUE,BUGASONG,loaf bread,large packs,2,daragkul nga putos | large,3,3
ANTIQUE,HAMTIC,cabbage,pieces or units,2,bilog | binilog,3,3
ANTIQUE,HAMTIC,chicken,whole (chicken),2,bilog nga manok | whole (chicken),3,3
ANTIQUE,HAMTIC,loaf bread,medium packs,2,medium | medium nga putos,3,3
ANTIQUE,LAUA-AN,carrot,pieces or units,2,bilog | binilog,3,3
ANTIQUE,LIBERTAD,carrot,pieces or units,2,bilog | binilog,3,3
ANTIQUE,LIBERTAD,loaf bread,small packs,2,gagmay nga putos | maliit na packs,3,3
ANTIQUE,PANDAN,"ice cream, sorbet, edible ice (eg., ice-lolli, halo-halo)",pieces or units,2,bilog | binilog,3,3
ANTIQUE,PATNONGON,chicken,whole (chicken),2,bilog nga manok | whole (chicken),3,3
ANTIQUE,PATNONGON,loaf bread,large packs,2,daragkul nga putos | large,3,3
ANTIQUE,SAN REMIGIO,cabbage,pieces or units,2,bilog | binilog,3,3
ANTIQUE,SAN REMIGIO,loaf bread,medium packs,2,medium | medium nga putos,3,3
ANTIQUE,SEBASTE,chicken,whole (chicken),2,bilog nga manok | whole (chicken),3,3
ANTIQUE,SEBASTE,"ice cream, sorbet, edible ice (eg., ice-lolli, halo-halo)",small cup,2,gamay nga tasa | small cup (translate),3,3
ANTIQUE,SIBALOM,cabbage,pieces or units,2,bilog | binilog,3,3
ANTIQUE,SIBALOM,loaf bread,large packs,2,daragkul nga putos | large,3,3
ANTIQUE,SIBALOM,loaf bread,medium packs,2,medium | medium nga putos,3,3
ANTIQUE,TOBIAS FORNIER,"ice cream, sorbet, edible ice (eg., ice-lolli, halo-halo)",pieces or units,2,bilog | binilog,3,3
ANTIQUE,TOBIAS FORNIER,"liquor (e.g, whisky, coconut wine)",lipid/lapad,2,lapad | lipid / lapad,3,3
ANTIQUE,VALDERRAMA,chicken,whole (chicken),2,bilog nga manok | whole (chicken),3,3
CAPIZ,DUMALAG,"ice cream, sorbet, edible ice (eg., ice-lolli, halo-halo)",small cup,2,gamay nga cup | gmay nga cup,3,3
CAPIZ,DUMALAG,loaf bread,large packs,2,dalagku nga putos | large,3,3
CAPIZ,DUMALAG,loaf bread,small packs,2,gagmay nga putos | small,3,3
CAPIZ,DUMARAO,chicken,whole (chicken),2,bilog nga manok | whole (chicken),3,3
CAPIZ,IVISAN,carrot,pieces or units,2,bilog | pieces or units,3,3
CAPIZ,IVISAN,"crackers, cookies, buiscuits, chips/curls",pieces or units,2,bilog | pieces or units,3,3
CAPIZ,IVISAN,loaf bread,large packs,2,dalagku nga putos | large,3,3
CAPIZ,JAMINDAN,cabbage,pieces or units,2,bilog | binilog,3,3
CAPIZ,JAMINDAN,loaf bread,small packs,2,gagmay nga putos | small,3,3
CAPIZ,MA-AYON,loaf bread,large packs,2,dalagku nga putos | large,3,3
CAPIZ,MA-AYON,loaf bread,small packs,2,gagmay nga putos | small,3,3
CAPIZ,PANAY,loaf bread,small packs,2,gagmay nga putos | small,3,3
CAPIZ,PILAR,loaf bread,large packs,2,dalagku nga putos | large,3,3
CAPIZ,SAPI-AN,"liquor (e.g, whisky, coconut wine)",lipid/lapad,2,lapad | lipid / lapad,3,3
CAPIZ,SIGMA,loaf bread,small packs,2,gagmay nga putos | small,3,3
ILOILO,AJUY,loaf bread,small packs,2,gagmay nga putos | small,3,3
ILOILO,ALIMODIAN,cabbage,pieces or units,2,bilog | binilog,3,3
ILOILO,ALIMODIAN,"ice cream, sorbet, edible ice (eg., ice-lolli, halo-halo)",pieces or units,2,bilog | binilog,3,3
ILOILO,ALIMODIAN,loaf bread,medium packs,2,medium | medium nga putos,3,3
ILOILO,BALASAN,loaf bread,small packs,2,gagmay nga putos | small,3,3
ILOILO,BANATE,loaf bread,small packs,2,gagmay nga putos | small,3,3
ILOILO,BAROTAC NUEVO,loaf bread,large packs,2,dalagku nga putos | large,3,3
ILOILO,BAROTAC NUEVO,loaf bread,small packs,2,gagmay nga putos | small,3,3
ILOILO,BAROTAC VIEJO,cabbage,pieces or units,2,bilog | pieces or units,3,3
ILOILO,BINGAWAN,loaf bread,small packs,2,gagmay nga putos | small,3,3
ILOILO,CABATUAN,loaf bread,large packs,2,dalagku nga putos | large,3,3
ILOILO,CABATUAN,loaf bread,small packs,2,gagmay nga putos | small,3,3
ILOILO,CARLES,chicken,whole (chicken),2,whole (chicken) | whole chicken,3,3
ILOILO,CARLES,"ice cream, sorbet, edible ice (eg., ice-lolli, halo-halo)",small cup,2,gamay nga cup | gmay nga cup,3,3
ILOILO,CARLES,loaf bread,large packs,2,dalagku nga putos | large,3,3
ILOILO,CONCEPCION,"crackers, cookies, buiscuits, chips/curls",pieces or units,2,bilog | pieces or units,3,3
ILOILO,CONCEPCION,loaf bread,small packs,2,gagmay nga putos | small,3,3
ILOILO,DINGLE,"crackers, cookies, buiscuits, chips/curls",pieces or units,2,bilog | pieces or units,3,3
ILOILO,DINGLE,loaf bread,large packs,2,dalagku nga putos | large,3,3
ILOILO,DINGLE,loaf bread,medium packs,2,medium | medium packs,3,3
ILOILO,DUMANGAS,cabbage,pieces or units,2,bilog | piraso,3,3
ILOILO,DUMANGAS,fresh fish,pieces or units,2,bilog | piraso,3,3
ILOILO,DUMANGAS,"ice cream, sorbet, edible ice (eg., ice-lolli, halo-halo)",pieces or units,2,bilog | piraso,3,3
ILOILO,IGBARAS,chicken,whole (chicken),2,whole (chicken) | whole chicken,3,3
ILOILO,IGBARAS,loaf bread,large packs,2,dalagku nga putos | large,3,3
ILOILO,JANIUAY,carrot,pieces or units,2,bilog | binilog,3,3
ILOILO,JANIUAY,loaf bread,medium packs,2,medium | medium nga putos,3,3
ILOILO,JANIUAY,loaf bread,small packs,2,gagmay nga putos | small,3,3
ILOILO,LEGANES,"ice cream, sorbet, edible ice (eg., ice-lolli, halo-halo)",small cup,2,gamay nga cup | maliit na tasa,3,3
ILOILO,LEGANES,loaf bread,large packs,2,dalagku nga putos | malaking packs,3,3
ILOILO,LEMERY,"crackers, cookies, buiscuits, chips/curls",pieces or units,2,bilog | pieces or units,3,3
ILOILO,LEMERY,"ice cream, sorbet, edible ice (eg., ice-lolli, halo-halo)",pieces or units,2,bilog | pieces or units,3,3
ILOILO,LEON,cabbage,pieces or units,2,bilog | binilog,3,3
ILOILO,LEON,chicken,whole (chicken),2,bilog nga manok | whole (chicken),3,3
ILOILO,MAASIN,"ice cream, sorbet, edible ice (eg., ice-lolli, halo-halo)",small cup,2,gamay nga cup | gmay nga cup,3,3
ILOILO,MAASIN,loaf bread,large packs,2,dalagku nga putos | large,3,3
ILOILO,MAASIN,loaf bread,small packs,2,gagmay nga putos | small,3,3
ILOILO,MIAGAO,cabbage,pieces or units,2,bilog | binilog,3,3
ILOILO,MIAGAO,"ice cream, sorbet, edible ice (eg., ice-lolli, halo-halo)",small cup,2,gamay nga cup | gamay nga tasa,3,3
ILOILO,MINA,"liquor (e.g, whisky, coconut wine)",lipid/lapad,2,lapad | lipid / lapad,3,3
ILOILO,OTON,loaf bread,large packs,2,dalagku nga putos | large,3,3
ILOILO,OTON,loaf bread,small packs,2,gagmay nga putos | small,3,3
ILOILO,POTOTAN,loaf bread,large packs,2,dalagku nga putos | large,3,3
ILOILO,SAN DIONISIO,loaf bread,large packs,2,dalagku nga putos | large,3,3
ILOILO,SAN DIONISIO,loaf bread,small packs,2,gagmay nga putos | small,3,3
ILOILO,SAN ENRIQUE,cabbage,pieces or units,2,bilog | pieces or units,3,3
ILOILO,SAN ENRIQUE,fresh fish,pack,2,pack | packs,3,3
ILOILO,SAN ENRIQUE,loaf bread,large packs,2,dalagku nga putos | large,3,3
ILOILO,SAN ENRIQUE,loaf bread,small packs,2,gagmay nga putos | small,3,3
ILOILO,SAN JOAQUIN,cabbage,pieces or units,2,bilog | binilog,3,3
ILOILO,SAN JOAQUIN,carrot,pieces or units,2,bilog | binilog,3,3
ILOILO,SAN JOAQUIN,chicken,whole (chicken),2,bilog nga manok | whole (chicken),3,3
ILOILO,SAN RAFAEL,loaf bread,large packs,2,dalagku nga putos | large,3,3
ILOILO,SARA,fresh fish,pieces or units,2,bilog | pieces or units,3,3
ILOILO,SARA,"ice cream, sorbet, edible ice (eg., ice-lolli, halo-halo)",pieces or units,2,bilog | piraso,3,3
ILOILO,SARA,loaf bread,large packs,2,dalagku nga putos | large,3,3
ILOILO,SARA,loaf bread,small packs,2,gagmay nga putos | small,3,3
ILOILO,TIGBAUAN,"ice cream, sorbet, edible ice (eg., ice-lolli, halo-halo)",pieces or units,2,bilog | pieces or units,3,3
ILOILO,TIGBAUAN,"ice cream, sorbet, edible ice (eg., ice-lolli, halo-halo)",small cup,2,gamay nga cup | small cup,3,3
ILOILO,TUBUNGAN,loaf bread,large packs,2,daragkul nga putos | large,3,3
ILOILO,TUBUNGAN,loaf bread,medium packs,2,medium | medium nga putos,3,3
ILOILO,TUBUNGAN,loaf bread,small packs,2,gagmay nga putos | small,3,3
NEGROS OCCIDENTAL,CALATRAVA,loaf bread,medium packs,2,medium | medium nga pakete,3,3
AKLAN,ALTAVAS,chicken,pieces or units,1,binilog,3,3
AKLAN,ALTAVAS,chicken,whole (chicken),1,whole (chicken),3,3
AKLAN,ALTAVAS,fresh fish,pieces or units,1,binilog,3,3
AKLAN,ALTAVAS,"liquor (e.g, whisky, coconut wine)",long-neck,1,long-neck,3,3
AKLAN,ALTAVAS,mango,pieces or units,1,binilog,3,3
AKLAN,ALTAVAS,"prawns, lobster, shrimp",tumpok,1,tumpok,3,3
AKLAN,ALTAVAS,"preserved or processed meat (tocino, tapa, longaniza, etc)",pieces or units,1,binilog,3,3
AKLAN,ALTAVAS,"preserved or processed meat (tocino, tapa, longaniza, etc)",putos,1,putos,3,3
AKLAN,BANGA,cabbage,pieces or units,1,binilog,3,3
AKLAN,BANGA,chicken,whole (chicken),1,whole (chicken),3,3
AKLAN,BANGA,"crackers, cookies, buiscuits, chips/curls",pieces or units,1,binilog,3,3
AKLAN,BANGA,"crackers, cookies, buiscuits, chips/curls",putos,1,putos,3,3
AKLAN,BANGA,"ice cream, sorbet, edible ice (eg., ice-lolli, halo-halo)",small cup,1,maisot nga tasa,3,3
AKLAN,BANGA,"liquor (e.g, whisky, coconut wine)",lipid/lapad,1,lapad,3,3
AKLAN,BANGA,"liquor (e.g, whisky, coconut wine)",long-neck,1,long-neck,3,3
AKLAN,BANGA,loaf bread,small packs,1,maisot nga putos,3,3
AKLAN,BANGA,"preserved or processed meat (tocino, tapa, longaniza, etc)",putos,1,putos,3,3
AKLAN,BATAN,"crackers, cookies, buiscuits, chips/curls",putos,1,putos,3,3
AKLAN,BATAN,"liquor (e.g, whisky, coconut wine)",long-neck,1,long-neck,3,3
AKLAN,BATAN,loaf bread,large packs,1,mabahoe nga putos,3,3
AKLAN,BATAN,loaf bread,medium packs,1,kasarangan nga putos,3,3
AKLAN,BATAN,"prawns, lobster, shrimp",tumpok,1,tumpok,3,3
AKLAN,BURUANGA,carrot,pieces or units,1,binilog,3,3
AKLAN,BURUANGA,chicken,whole (chicken),1,whole (chicken),3,3
AKLAN,BURUANGA,"crackers, cookies, buiscuits, chips/curls",putos,1,putos,3,3
AKLAN,IBAJAY,"crackers, cookies, buiscuits, chips/curls",pieces or units,1,binilog,3,3
AKLAN,IBAJAY,"crackers, cookies, buiscuits, chips/curls",putos,1,putos,3,3
AKLAN,IBAJAY,"liquor (e.g, whisky, coconut wine)",long-neck,1,long-neck,3,3
AKLAN,IBAJAY,"preserved or processed meat (tocino, tapa, longaniza, etc)",pieces or units,1,binilog,3,3
AKLAN,IBAJAY,"preserved or processed meat (tocino, tapa, longaniza, etc)",putos,1,putos,3,3
AKLAN,LIBACAO,chicken,pieces or units,1,binilog,3,3
AKLAN,LIBACAO,chicken,whole (chicken),1,whole (chicken),3,3
AKLAN,LIBACAO,"liquor (e.g, whisky, coconut wine)",long-neck,1,long-neck,3,3
AKLAN,LIBACAO,loaf bread,large packs,1,mabahoe nga putos,3,3
AKLAN,LIBACAO,"preserved or processed meat (tocino, tapa, longaniza, etc)",putos,1,putos,3,3
AKLAN,MADALAG,chicken,pieces or units,1,binilog,3,3
AKLAN,MADALAG,chicken,whole (chicken),1,whole (chicken),3,3
AKLAN,MADALAG,"crackers, cookies, buiscuits, chips/curls",putos,1,putos,3,3
AKLAN,MADALAG,loaf bread,large packs,1,mabahoe nga putos,3,3
AKLAN,MADALAG,"preserved or processed meat (tocino, tapa, longaniza, etc)",putos,1,putos,3,3
AKLAN,MAKATO,chicken,whole (chicken),1,whole (chicken),3,3
AKLAN,MAKATO,"crackers, cookies, buiscuits, chips/curls",putos,1,putos,3,3
AKLAN,MAKATO,"liquor (e.g, whisky, coconut wine)",long-neck,1,long-neck,3,3
AKLAN,MAKATO,loaf bread,large packs,1,mabahoe nga putos,3,3
AKLAN,MAKATO,loaf bread,medium packs,1,kasarangan nga putos,3,3
AKLAN,MAKATO,"preserved or processed meat (tocino, tapa, longaniza, etc)",pieces or units,1,binilog,3,3
AKLAN,MALAY,chicken,bilog,1,bilog,3,3
AKLAN,MALAY,chicken,whole (chicken),1,whole (chicken),3,3
AKLAN,MALAY,"crackers, cookies, buiscuits, chips/curls",putos,1,putos,3,3
AKLAN,MALAY,"liquor (e.g, whisky, coconut wine)",long-neck,1,long-neck,3,3
AKLAN,MALAY,"preserved or processed meat (tocino, tapa, longaniza, etc)",putos,1,putos,3,3
AKLAN,MALINAO,chicken,pieces or units,1,binilog,3,3
AKLAN,MALINAO,chicken,whole (chicken),1,whole (chicken),3,3
AKLAN,MALINAO,"crackers, cookies, buiscuits, chips/curls",putos,1,putos,3,3
AKLAN,MALINAO,"liquor (e.g, whisky, coconut wine)",lipid/lapad,1,lapad,3,3
AKLAN,MALINAO,"liquor (e.g, whisky, coconut wine)",long-neck,1,long-neck,3,3
AKLAN,MALINAO,loaf bread,large packs,1,mabahoe nga putos,3,3
AKLAN,MALINAO,"preserved or processed meat (tocino, tapa, longaniza, etc)",putos,1,putos,3,3
AKLAN,NABAS,"ice cream, sorbet, edible ice (eg., ice-lolli, halo-halo)",pieces or units,1,binilog,3,3
AKLAN,NABAS,"liquor (e.g, whisky, coconut wine)",long-neck,1,long-neck,3,3
AKLAN,NABAS,loaf bread,medium packs,1,kasarangan nga putos,3,3
AKLAN,NABAS,"preserved or processed meat (tocino, tapa, longaniza, etc)",putos,1,putos,3,3
AKLAN,NEW WASHINGTON,chicken,whole (chicken),1,whole (chicken),3,3
AKLAN,NEW WASHINGTON,"crackers, cookies, buiscuits, chips/curls",pieces or units,1,binilog,3,3
AKLAN,NEW WASHINGTON,"liquor (e.g, whisky, coconut wine)",lipid/lapad,1,lapad,3,3
AKLAN,NEW WASHINGTON,"preserved or processed meat (tocino, tapa, longaniza, etc)",pieces or units,1,binilog,3,3
AKLAN,TANGALAN,"crackers, cookies, buiscuits, chips/curls",putos,1,putos,3,3
AKLAN,TANGALAN,loaf bread,small packs,1,maisot nga putos,3,3
AKLAN,TANGALAN,"preserved or processed meat (tocino, tapa, longaniza, etc)",putos,1,putos,3,3
ANTIQUE,BARBAZA,chicken,whole (chicken),1,whole (chicken),3,3
ANTIQUE,BARBAZA,"crackers, cookies, buiscuits, chips/curls",pieces or units,1,bilog,3,3
ANTIQUE,BARBAZA,"crackers, cookies, buiscuits, chips/curls",putos,1,putos,3,3
ANTIQUE,BARBAZA,"liquor (e.g, whisky, coconut wine)",lipid/lapad,1,lipid / lapad,3,3
ANTIQUE,BARBAZA,loaf bread,small packs,1,gagmay nga putos,3,3
ANTIQUE,BARBAZA,loaf bread,tama-tama nga putos,1,tama-tama nga putos,3,3
ANTIQUE,BARBAZA,"preserved or processed meat (tocino, tapa, longaniza, etc)",putos,1,putos,3,3
ANTIQUE,BARBAZA,rice,salmon,1,salmon,3,3
ANTIQUE,BELISON,chicken,pieces or units,1,binilog,3,3
ANTIQUE,BELISON,chicken,whole (chicken),1,bilog nga manok,3,3
ANTIQUE,BELISON,"ice cream, sorbet, edible ice (eg., ice-lolli, halo-halo)",pieces or units,1,binilog,3,3
ANTIQUE,BELISON,"liquor (e.g, whisky, coconut wine)",lipid/lapad,1,lipid / lapad,3,3
ANTIQUE,BELISON,"preserved or processed meat (tocino, tapa, longaniza, etc)",cans,1,lata,3,3
ANTIQUE,BELISON,"preserved or processed meat (tocino, tapa, longaniza, etc)",putos,1,putos,3,3
ANTIQUE,BUGASONG,chicken,pieces or units,1,binilog,3,3
ANTIQUE,BUGASONG,"crackers, cookies, buiscuits, chips/curls",putos,1,putos,3,3
ANTIQUE,BUGASONG,"liquor (e.g, whisky, coconut wine)",lipid/lapad,1,lipid / lapad,3,3
ANTIQUE,BUGASONG,"liquor (e.g, whisky, coconut wine)",long-neck,1,long-neck,3,3
ANTIQUE,BUGASONG,loaf bread,tama-tama nga putos,1,tama-tama nga putos,3,3
ANTIQUE,BUGASONG,"preserved or processed meat (tocino, tapa, longaniza, etc)",putos,1,putos,3,3
ANTIQUE,CULASI,chicken,bilog,1,bilog,3,3
ANTIQUE,CULASI,"ice cream, sorbet, edible ice (eg., ice-lolli, halo-halo)",pieces or units,1,binilog,3,3
ANTIQUE,CULASI,"liquor (e.g, whisky, coconut wine)",lipid/lapad,1,lipid / lapad,3,3
ANTIQUE,CULASI,"preserved or processed meat (tocino, tapa, longaniza, etc)",putos,1,putos,3,3
ANTIQUE,HAMTIC,chicken,bilog,1,bilog,3,3
ANTIQUE,HAMTIC,chicken,pieces or units,1,binilog,3,3
ANTIQUE,HAMTIC,"crackers, cookies, buiscuits, chips/curls",pieces or units,1,bilog,3,3
ANTIQUE,HAMTIC,"crackers, cookies, buiscuits, chips/curls",putos,1,putos,3,3
ANTIQUE,HAMTIC,"liquor (e.g, whisky, coconut wine)",lipid/lapad,1,lipid / lapad,3,3
ANTIQUE,HAMTIC,"liquor (e.g, whisky, coconut wine)",long-neck,1,long-neck,3,3
ANTIQUE,HAMTIC,loaf bread,small packs,1,gagmay nga putos,3,3
ANTIQUE,HAMTIC,loaf bread,tama-tama nga putos,1,tama-tama nga putos,3,3
ANTIQUE,HAMTIC,"preserved or processed meat (tocino, tapa, longaniza, etc)",putos,1,putos,3,3
ANTIQUE,LAUA-AN,chicken,bilog,1,bilog,3,3
ANTIQUE,LAUA-AN,"crackers, cookies, buiscuits, chips/curls",putos,1,putos,3,3
ANTIQUE,LAUA-AN,"liquor (e.g, whisky, coconut wine)",lipid/lapad,1,lipid / lapad,3,3
ANTIQUE,LAUA-AN,loaf bread,tama-tama nga putos,1,tama-tama nga putos,3,3
ANTIQUE,LAUA-AN,"preserved or processed meat (tocino, tapa, longaniza, etc)",putos,1,putos,3,3
ANTIQUE,LAUA-AN,rice,letse,1,letse,3,3
ANTIQUE,LAUA-AN,rice,salmon,1,salmon,3,3
ANTIQUE,LIBERTAD,chicken,bilog,1,bilog,3,3
ANTIQUE,LIBERTAD,"crackers, cookies, buiscuits, chips/curls",pieces or units,1,bilog,3,3
ANTIQUE,LIBERTAD,"crackers, cookies, buiscuits, chips/curls",putos,1,putos,3,3
ANTIQUE,LIBERTAD,"liquor (e.g, whisky, coconut wine)",lipid/lapad,1,lipid / lapad,3,3
ANTIQUE,LIBERTAD,"preserved or processed meat (tocino, tapa, longaniza, etc)",putos,1,putos,3,3
ANTIQUE,LIBERTAD,rice,gantang,1,ganta,3,3
ANTIQUE,PANDAN,"crackers, cookies, buiscuits, chips/curls",putos,1,putos,3,3
ANTIQUE,PANDAN,"liquor (e.g, whisky, coconut wine)",long-neck,1,long-neck,3,3
ANTIQUE,PANDAN,loaf bread,small packs,1,gagmay nga putos,3,3
ANTIQUE,PANDAN,"preserved or processed meat (tocino, tapa, longaniza, etc)",putos,1,putos,3,3
ANTIQUE,PATNONGON,"crackers, cookies, buiscuits, chips/curls",pieces or units,1,bilog,3,3
ANTIQUE,PATNONGON,"crackers, cookies, buiscuits, chips/curls",putos,1,putos,3,3
ANTIQUE,PATNONGON,"liquor (e.g, whisky, coconut wine)",lipid/lapad,1,lipid / lapad,3,3
ANTIQUE,PATNONGON,"liquor (e.g, whisky, coconut wine)",long-neck,1,long-neck,3,3
ANTIQUE,PATNONGON,"preserved or processed meat (tocino, tapa, longaniza, etc)",putos,1,putos,3,3
ANTIQUE,PATNONGON,rice,letse,1,letse,3,3
ANTIQUE,PATNONGON,rice,salmon,1,salmon,3,3
ANTIQUE,SAN REMIGIO,chicken,pieces or units,1,binilog,3,3
ANTIQUE,SAN REMIGIO,"crackers, cookies, buiscuits, chips/curls",putos,1,putos,3,3
ANTIQUE,SAN REMIGIO,"liquor (e.g, whisky, coconut wine)",lipid/lapad,1,lipid / lapad,3,3
ANTIQUE,SAN REMIGIO,"liquor (e.g, whisky, coconut wine)",long-neck,1,long-neck,3,3
ANTIQUE,SAN REMIGIO,"preserved or processed meat (tocino, tapa, longaniza, etc)",putos,1,putos,3,3
ANTIQUE,SAN REMIGIO,rice,letse,1,letse,3,3
ANTIQUE,SEBASTE,"crackers, cookies, buiscuits, chips/curls",putos,1,putos,3,3
ANTIQUE,SEBASTE,"liquor (e.g, whisky, coconut wine)",lipid/lapad,1,lipid / lapad,3,3
ANTIQUE,SEBASTE,"liquor (e.g, whisky, coconut wine)",long-neck,1,long-neck,3,3
ANTIQUE,SEBASTE,loaf bread,large packs,1,daragkul nga putos,3,3
ANTIQUE,SEBASTE,loaf bread,small packs,1,gagmay nga putos,3,3
ANTIQUE,SEBASTE,loaf bread,tama-tama nga putos,1,tama-tama nga putos,3,3
ANTIQUE,SEBASTE,"preserved or processed meat (tocino, tapa, longaniza, etc)",cans,1,lata,3,3
ANTIQUE,SEBASTE,"preserved or processed meat (tocino, tapa, longaniza, etc)",putos,1,putos,3,3
ANTIQUE,SIBALOM,chicken,bilog,1,bilog,3,3
ANTIQUE,SIBALOM,"crackers, cookies, buiscuits, chips/curls",putos,1,putos,3,3
ANTIQUE,SIBALOM,"ice cream, sorbet, edible ice (eg., ice-lolli, halo-halo)",putos,1,putos,3,3
ANTIQUE,SIBALOM,"liquor (e.g, whisky, coconut wine)",long-neck,1,long-neck,3,3
ANTIQUE,SIBALOM,"preserved or processed meat (tocino, tapa, longaniza, etc)",putos,1,putos,3,3
ANTIQUE,SIBALOM,rice,letse,1,letse,3,3
ANTIQUE,SIBALOM,rice,salmon,1,salmon,3,3
ANTIQUE,TIBIAO,"crackers, cookies, buiscuits, chips/curls",pieces or units,1,bilog,3,3
ANTIQUE,TIBIAO,"crackers, cookies, buiscuits, chips/curls",putos,1,putos,3,3
ANTIQUE,TIBIAO,"liquor (e.g, whisky, coconut wine)",lipid/lapad,1,lipid / lapad,3,3
ANTIQUE,TIBIAO,"preserved or processed meat (tocino, tapa, longaniza, etc)",putos,1,putos,3,3
ANTIQUE,TOBIAS FORNIER,chicken,bilog,1,bilog,3,3
ANTIQUE,TOBIAS FORNIER,chicken,pieces or units,1,binilog,3,3
ANTIQUE,TOBIAS FORNIER,"liquor (e.g, whisky, coconut wine)",long-neck,1,long-neck,3,3
ANTIQUE,TOBIAS FORNIER,loaf bread,medium packs,1,medium nga putos,3,3
ANTIQUE,TOBIAS FORNIER,"preserved or processed meat (tocino, tapa, longaniza, etc)",putos,1,putos,3,3
ANTIQUE,TOBIAS FORNIER,rice,letse,1,letse,3,3
ANTIQUE,TOBIAS FORNIER,rice,salmon,1,salmon,3,3
ANTIQUE,VALDERRAMA,chicken,pieces or units,1,binilog,3,3
ANTIQUE,VALDERRAMA,"crackers, cookies, buiscuits, chips/curls",putos,1,putos,3,3
ANTIQUE,VALDERRAMA,"liquor (e.g, whisky, coconut wine)",lipid/lapad,1,lipid / lapad,3,3
ANTIQUE,VALDERRAMA,"preserved or processed meat (tocino, tapa, longaniza, etc)",putos,1,putos,3,3
CAPIZ,CUARTERO,chicken,bilog,1,bilog,3,3
CAPIZ,CUARTERO,chicken,whole (chicken),1,whole (chicken),3,3
CAPIZ,CUARTERO,"ice cream, sorbet, edible ice (eg., ice-lolli, halo-halo)",pieces or units,1,bilog,3,3
CAPIZ,CUARTERO,"liquor (e.g, whisky, coconut wine)",lipid/lapad,1,lipid / lapad,3,3
CAPIZ,CUARTERO,loaf bread,medium packs,1,medium,3,3
CAPIZ,CUARTERO,"preserved or processed meat (tocino, tapa, longaniza, etc)",putos,1,putos,3,3
CAPIZ,DAO,chicken,bilog,1,bilog,3,3
CAPIZ,DAO,chicken,whole (chicken),1,whole (chicken),3,3
CAPIZ,DAO,fresh fish,pieces or units,1,bilog,3,3
CAPIZ,DAO,"ice cream, sorbet, edible ice (eg., ice-lolli, halo-halo)",pieces or units,1,bilog,3,3
CAPIZ,DAO,"liquor (e.g, whisky, coconut wine)",lipid/lapad,1,lipid / lapad,3,3
CAPIZ,DAO,"liquor (e.g, whisky, coconut wine)",long-neck,1,long-neck,3,3
CAPIZ,DAO,loaf bread,large packs,1,large,3,3
CAPIZ,DAO,"prawns, lobster, shrimp",tumpok,1,tumpok,3,3
CAPIZ,DAO,"preserved or processed meat (tocino, tapa, longaniza, etc)",putos,1,putos,3,3
CAPIZ,DUMALAG,chicken,bilog,1,bilog,3,3
CAPIZ,DUMALAG,chicken,whole (chicken),1,whole (chicken),3,3
CAPIZ,DUMALAG,"crackers, cookies, buiscuits, chips/curls",putos,1,putos,3,3
CAPIZ,DUMALAG,"liquor (e.g, whisky, coconut wine)",lipid/lapad,1,lipid / lapad,3,3
CAPIZ,DUMALAG,"liquor (e.g, whisky, coconut wine)",long-neck,1,long-neck,3,3
CAPIZ,DUMALAG,loaf bread,medium packs,1,medium,3,3
CAPIZ,DUMALAG,loaf bread,tama-tama nga putos,1,tama-tama nga putos,3,3
CAPIZ,DUMALAG,"preserved or processed meat (tocino, tapa, longaniza, etc)",bilog,1,bilog,3,3
CAPIZ,DUMALAG,"preserved or processed meat (tocino, tapa, longaniza, etc)",putos,1,putos,3,3
CAPIZ,DUMARAO,chicken,bilog,1,bilog,3,3
CAPIZ,DUMARAO,"liquor (e.g, whisky, coconut wine)",lipid/lapad,1,lipid / lapad,3,3
CAPIZ,DUMARAO,loaf bread,medium packs,1,medium,3,3
CAPIZ,DUMARAO,mango,pieces or units,1,bilog,3,3
CAPIZ,DUMARAO,"preserved or processed meat (tocino, tapa, longaniza, etc)",putos,1,putos,3,3
CAPIZ,IVISAN,cabbage,pieces or units,1,bilog,3,3
CAPIZ,IVISAN,chicken,bilog,1,bilog,3,3
CAPIZ,IVISAN,chicken,whole (chicken),1,whole (chicken),3,3
CAPIZ,IVISAN,"crackers, cookies, buiscuits, chips/curls",putos,1,putos,3,3
CAPIZ,IVISAN,fresh fish,pieces or units,1,bilog,3,3
CAPIZ,IVISAN,"liquor (e.g, whisky, coconut wine)",lipid/lapad,1,lipid / lapad,3,3
CAPIZ,IVISAN,loaf bread,tama-tama nga putos,1,tama-tama nga putos,3,3
CAPIZ,IVISAN,"prawns, lobster, shrimp",tumpok,1,tumpok,3,3
CAPIZ,IVISAN,"preserved or processed meat (tocino, tapa, longaniza, etc)",putos,1,putos,3,3
CAPIZ,JAMINDAN,carrot,pieces or units,1,bilog,3,3
CAPIZ,JAMINDAN,chicken,bilog,1,bilog,3,3
CAPIZ,JAMINDAN,chicken,whole (chicken),1,whole (chicken),3,3
CAPIZ,JAMINDAN,"crackers, cookies, buiscuits, chips/curls",putos,1,putos,3,3
CAPIZ,JAMINDAN,"liquor (e.g, whisky, coconut wine)",lipid/lapad,1,lipid / lapad,3,3
CAPIZ,JAMINDAN,loaf bread,large packs,1,dalagku nga putos,3,3
CAPIZ,JAMINDAN,loaf bread,tama-tama nga putos,1,tama-tama nga putos,3,3
CAPIZ,JAMINDAN,"preserved or processed meat (tocino, tapa, longaniza, etc)",putos,1,putos,3,3
CAPIZ,JAMINDAN,rice,letse,1,letse,3,3
CAPIZ,MA-AYON,chicken,bilog,1,bilog,3,3
CAPIZ,MA-AYON,chicken,whole (chicken),1,whole (chicken),3,3
CAPIZ,MA-AYON,"crackers, cookies, buiscuits, chips/curls",pieces or units,1,bilog,3,3
CAPIZ,MA-AYON,"crackers, cookies, buiscuits, chips/curls",putos,1,putos,3,3
CAPIZ,MA-AYON,fresh fish,pieces or units,1,bilog,3,3
CAPIZ,MA-AYON,"ice cream, sorbet, edible ice (eg., ice-lolli, halo-halo)",pieces or units,1,bilog,3,3
CAPIZ,MA-AYON,"ice cream, sorbet, edible ice (eg., ice-lolli, halo-halo)",putos,1,putos,3,3
CAPIZ,MA-AYON,"liquor (e.g, whisky, coconut wine)",lipid/lapad,1,lipid / lapad,3,3
CAPIZ,MA-AYON,"liquor (e.g, whisky, coconut wine)",long-neck,1,long-neck,3,3
CAPIZ,MA-AYON,loaf bread,medium packs,1,medium,3,3
CAPIZ,MA-AYON,"preserved or processed meat (tocino, tapa, longaniza, etc)",putos,1,putos,3,3
CAPIZ,MAMBUSAO,chicken,whole (chicken),1,whole (chicken),3,3
CAPIZ,MAMBUSAO,"crackers, cookies, buiscuits, chips/curls",pieces or units,1,bilog,3,3
CAPIZ,MAMBUSAO,"crackers, cookies, buiscuits, chips/curls",putos,1,putos,3,3
CAPIZ,MAMBUSAO,"ice cream, sorbet, edible ice (eg., ice-lolli, halo-halo)",pieces or units,1,bilog,3,3
CAPIZ,MAMBUSAO,"liquor (e.g, whisky, coconut wine)",lipid/lapad,1,lipid / lapad,3,3
CAPIZ,MAMBUSAO,loaf bread,tama-tama nga putos,1,tama-tama nga putos,3,3
CAPIZ,MAMBUSAO,"preserved or processed meat (tocino, tapa, longaniza, etc)",putos,1,putos,3,3
CAPIZ,PANAY,chicken,bilog,1,bilog,3,3
CAPIZ,PANAY,chicken,whole (chicken),1,whole (chicken),3,3
CAPIZ,PANAY,"crackers, cookies, buiscuits, chips/curls",pieces or units,1,bilog,3,3
CAPIZ,PANAY,"crackers, cookies, buiscuits, chips/curls",putos,1,putos,3,3
CAPIZ,PANAY,fresh fish,pieces or units,1,bilog,3,3
CAPIZ,PANAY,"ice cream, sorbet, edible ice (eg., ice-lolli, halo-halo)",pieces or units,1,bilog,3,3
CAPIZ,PANAY,"liquor (e.g, whisky, coconut wine)",lipid/lapad,1,lipid / lapad,3,3
CAPIZ,PANAY,"liquor (e.g, whisky, coconut wine)",long-neck,1,long-neck,3,3
CAPIZ,PANAY,loaf bread,tama-tama nga putos,1,tama-tama nga putos,3,3
CAPIZ,PANAY,"preserved or processed meat (tocino, tapa, longaniza, etc)",bilog,1,bilog,3,3
CAPIZ,PANAY,"preserved or processed meat (tocino, tapa, longaniza, etc)",putos,1,putos,3,3
CAPIZ,PANITAN,cabbage,pieces or units,1,bilog,3,3
CAPIZ,PANITAN,chicken,bilog,1,bilog,3,3
CAPIZ,PANITAN,chicken,whole (chicken),1,whole (chicken),3,3
CAPIZ,PANITAN,"crackers, cookies, buiscuits, chips/curls",pieces or units,1,bilog,3,3
CAPIZ,PANITAN,"crackers, cookies, buiscuits, chips/curls",putos,1,putos,3,3
CAPIZ,PANITAN,fresh fish,pieces or units,1,bilog,3,3
CAPIZ,PANITAN,"liquor (e.g, whisky, coconut wine)",lipid/lapad,1,lipid / lapad,3,3
CAPIZ,PANITAN,loaf bread,large packs,1,large,3,3
CAPIZ,PANITAN,"preserved or processed meat (tocino, tapa, longaniza, etc)",putos,1,putos,3,3
CAPIZ,PILAR,chicken,bilog,1,bilog,3,3
CAPIZ,PILAR,chicken,whole (chicken),1,whole (chicken),3,3
CAPIZ,PILAR,"crackers, cookies, buiscuits, chips/curls",pieces or units,1,bilog,3,3
CAPIZ,PILAR,"crackers, cookies, buiscuits, chips/curls",putos,1,putos,3,3
CAPIZ,PILAR,"liquor (e.g, whisky, coconut wine)",lipid/lapad,1,lipid / lapad,3,3
CAPIZ,PILAR,"preserved or processed meat (tocino, tapa, longaniza, etc)",putos,1,putos,3,3
CAPIZ,PILAR,rice,letse,1,letse,3,3
CAPIZ,PONTEVEDRA,carrot,pieces or units,1,bilog,3,3
CAPIZ,PONTEVEDRA,chicken,whole (chicken),1,whole (chicken),3,3
CAPIZ,PONTEVEDRA,"ice cream, sorbet, edible ice (eg., ice-lolli, halo-halo)",pieces or units,1,bilog,3,3
CAPIZ,PONTEVEDRA,"liquor (e.g, whisky, coconut wine)",lipid/lapad,1,lipid / lapad,3,3
CAPIZ,PONTEVEDRA,loaf bread,large packs,1,large,3,3
CAPIZ,PONTEVEDRA,loaf bread,medium packs,1,medium,3,3
CAPIZ,PONTEVEDRA,"preserved or processed meat (tocino, tapa, longaniza, etc)",bilog,1,bilog,3,3
CAPIZ,PONTEVEDRA,"preserved or processed meat (tocino, tapa, longaniza, etc)",putos,1,putos,3,3
CAPIZ,PRESIDENT ROXAS,fresh fish,pieces or units,1,bilog,3,3
CAPIZ,PRESIDENT ROXAS,"ice cream, sorbet, edible ice (eg., ice-lolli, halo-halo)",pieces or units,1,bilog,3,3
CAPIZ,PRESIDENT ROXAS,"ice cream, sorbet, edible ice (eg., ice-lolli, halo-halo)",small cup,1,gamay nga cup,3,3
CAPIZ,PRESIDENT ROXAS,"preserved or processed meat (tocino, tapa, longaniza, etc)",putos,1,putos,3,3
CAPIZ,SAPI-AN,chicken,whole (chicken),1,whole (chicken),3,3
CAPIZ,SAPI-AN,"crackers, cookies, buiscuits, chips/curls",pieces or units,1,bilog,3,3
CAPIZ,SAPI-AN,"crackers, cookies, buiscuits, chips/curls",putos,1,putos,3,3
CAPIZ,SAPI-AN,loaf bread,medium packs,1,medium,3,3
CAPIZ,SAPI-AN,"preserved or processed meat (tocino, tapa, longaniza, etc)",putos,1,putos,3,3
CAPIZ,SIGMA,chicken,bilog,1,bilog,3,3
CAPIZ,SIGMA,chicken,whole (chicken),1,whole (chicken),3,3
CAPIZ,SIGMA,"crackers, cookies, buiscuits, chips/curls",pieces or units,1,bilog,3,3
CAPIZ,SIGMA,"crackers, cookies, buiscuits, chips/curls",putos,1,putos,3,3
CAPIZ,SIGMA,fresh fish,pieces or units,1,bilog,3,3
CAPIZ,SIGMA,"ice cream, sorbet, edible ice (eg., ice-lolli, halo-halo)",pieces or units,1,bilog,3,3
CAPIZ,SIGMA,"ice cream, sorbet, edible ice (eg., ice-lolli, halo-halo)",small cup,1,gamay nga cup,3,3
CAPIZ,SIGMA,"liquor (e.g, whisky, coconut wine)",lipid/lapad,1,lipid / lapad,3,3
CAPIZ,SIGMA,"liquor (e.g, whisky, coconut wine)",long-neck,1,long-neck,3,3
CAPIZ,SIGMA,"preserved or processed meat (tocino, tapa, longaniza, etc)",putos,1,putos,3,3
CAPIZ,TAPAZ,camote tops,bundle,1,bundle,3,3
CAPIZ,TAPAZ,chicken,bilog,1,bilog,3,3
CAPIZ,TAPAZ,chicken,whole (chicken),1,whole (chicken),3,3
CAPIZ,TAPAZ,"crackers, cookies, buiscuits, chips/curls",pieces or units,1,bilog,3,3
CAPIZ,TAPAZ,"crackers, cookies, buiscuits, chips/curls",putos,1,putos,3,3
CAPIZ,TAPAZ,"ice cream, sorbet, edible ice (eg., ice-lolli, halo-halo)",pieces or units,1,bilog,3,3
CAPIZ,TAPAZ,"liquor (e.g, whisky, coconut wine)",lipid/lapad,1,lipid / lapad,3,3
CAPIZ,TAPAZ,"preserved or processed meat (tocino, tapa, longaniza, etc)",putos,1,putos,3,3
CAPIZ,TAPAZ,rice,salmon,1,salmon,3,3
ILOILO,AJUY,cabbage,pieces or units,1,bilog,3,3
ILOILO,AJUY,chicken,bilog,1,bilog,3,3
ILOILO,AJUY,chicken,whole (chicken),1,whole (chicken),3,3
ILOILO,AJUY,"crackers, cookies, buiscuits, chips/curls",putos,1,putos,3,3
ILOILO,AJUY,fresh fish,pieces or units,1,bilog,3,3
ILOILO,AJUY,"liquor (e.g, whisky, coconut wine)",lipid/lapad,1,lipid / lapad,3,3
ILOILO,AJUY,"liquor (e.g, whisky, coconut wine)",long-neck,1,long-neck,3,3
ILOILO,AJUY,loaf bread,medium packs,1,medium,3,3
ILOILO,AJUY,loaf bread,tama-tama nga putos,1,tama-tama nga putos,3,3
ILOILO,AJUY,mango,pieces or units,1,bilog,3,3
ILOILO,AJUY,"prawns, lobster, shrimp",tumpok,1,tumpok,3,3
ILOILO,AJUY,"preserved or processed meat (tocino, tapa, longaniza, etc)",bilog,1,bilog,3,3
ILOILO,AJUY,"preserved or processed meat (tocino, tapa, longaniza, etc)",putos,1,putos,3,3
ILOILO,ALIMODIAN,chicken,bilog,1,bilog,3,3
ILOILO,ALIMODIAN,"crackers, cookies, buiscuits, chips/curls",pieces or units,1,bilog,3,3
ILOILO,ALIMODIAN,"liquor (e.g, whisky, coconut wine)",lipid/lapad,1,lipid / lapad,3,3
ILOILO,ALIMODIAN,"preserved or processed meat (tocino, tapa, longaniza, etc)",putos,1,putos,3,3
ILOILO,ALIMODIAN,rice,salmon,1,salmon,3,3
ILOILO,ANILAO,"crackers, cookies, buiscuits, chips/curls",pieces or units,1,bilog,3,3
ILOILO,ANILAO,"liquor (e.g, whisky, coconut wine)",lipid/lapad,1,lipid / lapad,3,3
ILOILO,ANILAO,loaf bread,small packs,1,gagmay nga putos,3,3
ILOILO,ANILAO,"preserved or processed meat (tocino, tapa, longaniza, etc)",putos,1,putos,3,3
ILOILO,BADIANGAN,cabbage,pieces or units,1,bilog,3,3
ILOILO,BADIANGAN,chicken,bilog,1,bilog,3,3
ILOILO,BADIANGAN,chicken,whole (chicken),1,whole (chicken),3,3
ILOILO,BADIANGAN,"crackers, cookies, buiscuits, chips/curls",putos,1,putos,3,3
ILOILO,BADIANGAN,"ice cream, sorbet, edible ice (eg., ice-lolli, halo-halo)",pieces or units,1,bilog,3,3
ILOILO,BADIANGAN,"liquor (e.g, whisky, coconut wine)",lipid/lapad,1,lipid / lapad,3,3
ILOILO,BADIANGAN,"liquor (e.g, whisky, coconut wine)",long-neck,1,long-neck,3,3
ILOILO,BADIANGAN,loaf bread,medium packs,1,medium,3,3
ILOILO,BADIANGAN,loaf bread,tama-tama nga putos,1,tama-tama nga putos,3,3
ILOILO,BADIANGAN,"preserved or processed meat (tocino, tapa, longaniza, etc)",bilog,1,bilog,3,3
ILOILO,BADIANGAN,"preserved or processed meat (tocino, tapa, longaniza, etc)",putos,1,putos,3,3
ILOILO,BADIANGAN,rice,salmon,1,salmon,3,3
ILOILO,BALASAN,chicken,bilog,1,bilog,3,3
ILOILO,BALASAN,chicken,whole (chicken),1,whole (chicken),3,3
ILOILO,BALASAN,"crackers, cookies, buiscuits, chips/curls",pieces or units,1,bilog,3,3
ILOILO,BALASAN,"crackers, cookies, buiscuits, chips/curls",putos,1,putos,3,3
ILOILO,BALASAN,"liquor (e.g, whisky, coconut wine)",lipid/lapad,1,lipid / lapad,3,3
ILOILO,BALASAN,loaf bread,tama-tama nga putos,1,tama-tama nga putos,3,3
ILOILO,BALASAN,"prawns, lobster, shrimp",tumpok,1,tumpok,3,3
ILOILO,BALASAN,"preserved or processed meat (tocino, tapa, longaniza, etc)",putos,1,putos,3,3
ILOILO,BALASAN,rice,letse,1,letse,3,3
ILOILO,BANATE,chicken,bilog,1,bilog,3,3
ILOILO,BANATE,chicken,whole (chicken),1,whole (chicken),3,3
ILOILO,BANATE,"crackers, cookies, buiscuits, chips/curls",putos,1,putos,3,3
ILOILO,BANATE,fresh fish,pack,1,putos,3,3
ILOILO,BANATE,"ice cream, sorbet, edible ice (eg., ice-lolli, halo-halo)",pieces or units,1,bilog,3,3
ILOILO,BANATE,"liquor (e.g, whisky, coconut wine)",lipid/lapad,1,lipid / lapad,3,3
ILOILO,BANATE,loaf bread,tama-tama nga putos,1,tama-tama nga putos,3,3
ILOILO,BANATE,"preserved or processed meat (tocino, tapa, longaniza, etc)",putos,1,putos,3,3
ILOILO,BANATE,rice,salmon,1,salmon,3,3
ILOILO,BAROTAC NUEVO,chicken,bilog,1,bilog,3,3
ILOILO,BAROTAC NUEVO,"crackers, cookies, buiscuits, chips/curls",putos,1,putos,3,3
ILOILO,BAROTAC NUEVO,fresh fish,pieces or units,1,bilog,3,3
ILOILO,BAROTAC NUEVO,"liquor (e.g, whisky, coconut wine)",lipid/lapad,1,lipid / lapad,3,3
ILOILO,BAROTAC NUEVO,loaf bread,medium packs,1,medium,3,3
ILOILO,BAROTAC NUEVO,loaf bread,tama-tama nga putos,1,tama-tama nga putos,3,3
ILOILO,BAROTAC NUEVO,"preserved or processed meat (tocino, tapa, longaniza, etc)",putos,1,putos,3,3
ILOILO,BAROTAC NUEVO,rice,salmon,1,salmon,3,3
ILOILO,BAROTAC VIEJO,camote tops,bundle,1,bundle,3,3
ILOILO,BAROTAC VIEJO,chicken,whole (chicken),1,whole (chicken),3,3
ILOILO,BAROTAC VIEJO,"crackers, cookies, buiscuits, chips/curls",putos,1,putos,3,3
ILOILO,BAROTAC VIEJO,"ice cream, sorbet, edible ice (eg., ice-lolli, halo-halo)",putos,1,putos,3,3
ILOILO,BAROTAC VIEJO,"liquor (e.g, whisky, coconut wine)",lipid/lapad,1,lipid / lapad,3,3
ILOILO,BAROTAC VIEJO,"preserved or processed meat (tocino, tapa, longaniza, etc)",putos,1,putos,3,3
ILOILO,BAROTAC VIEJO,rice,salmon,1,salmon,3,3
ILOILO,BATAD,carrot,pieces or units,1,bilog,3,3
ILOILO,BATAD,chicken,bilog,1,bilog,3,3
ILOILO,BATAD,chicken,whole (chicken),1,whole (chicken),3,3
ILOILO,BATAD,"crackers, cookies, buiscuits, chips/curls",putos,1,putos,3,3
ILOILO,BATAD,"liquor (e.g, whisky, coconut wine)",lipid/lapad,1,lipid / lapad,3,3
ILOILO,BATAD,loaf bread,large packs,1,dalagku nga putos,3,3
ILOILO,BATAD,"preserved or processed meat (tocino, tapa, longaniza, etc)",bilog,1,bilog,3,3
ILOILO,BATAD,"preserved or processed meat (tocino, tapa, longaniza, etc)",putos,1,putos,3,3
ILOILO,BATAD,rice,letse,1,letse,3,3
ILOILO,BINGAWAN,chicken,bilog,1,bilog,3,3
ILOILO,BINGAWAN,"crackers, cookies, buiscuits, chips/curls",putos,1,putos,3,3
ILOILO,BINGAWAN,"liquor (e.g, whisky, coconut wine)",lipid/lapad,1,lipid / lapad,3,3
ILOILO,BINGAWAN,"preserved or processed meat (tocino, tapa, longaniza, etc)",putos,1,putos,3,3
ILOILO,BINGAWAN,rice,salmon,1,salmon,3,3
ILOILO,CABATUAN,cabbage,pieces or units,1,bilog,3,3
ILOILO,CABATUAN,chicken,bilog,1,bilog,3,3
ILOILO,CABATUAN,chicken,whole (chicken),1,whole (chicken),3,3
ILOILO,CABATUAN,"crackers, cookies, buiscuits, chips/curls",pieces or units,1,bilog,3,3
ILOILO,CABATUAN,"crackers, cookies, buiscuits, chips/curls",putos,1,putos,3,3
ILOILO,CABATUAN,fresh fish,pieces or units,1,bilog,3,3
ILOILO,CABATUAN,"liquor (e.g, whisky, coconut wine)",lipid/lapad,1,lipid / lapad,3,3
ILOILO,CABATUAN,loaf bread,tama-tama nga putos,1,tama-tama nga putos,3,3
ILOILO,CABATUAN,"preserved or processed meat (tocino, tapa, longaniza, etc)",putos,1,putos,3,3
ILOILO,CABATUAN,rice,salmon,1,salmon,3,3
ILOILO,CALINOG,chicken,bilog,1,bilog,3,3
ILOILO,CALINOG,chicken,whole (chicken),1,whole (chicken),3,3
ILOILO,CALINOG,fresh fish,pieces or units,1,bilog,3,3
ILOILO,CALINOG,"liquor (e.g, whisky, coconut wine)",lipid/lapad,1,lipid / lapad,3,3
ILOILO,CALINOG,"preserved or processed meat (tocino, tapa, longaniza, etc)",putos,1,putos,3,3
ILOILO,CALINOG,rice,salmon,1,salmon,3,3
ILOILO,CARLES,cabbage,pieces or units,1,bilog,3,3
ILOILO,CARLES,"crackers, cookies, buiscuits, chips/curls",pieces or units,1,bilog,3,3
ILOILO,CARLES,"crackers, cookies, buiscuits, chips/curls",putos,1,putos,3,3
ILOILO,CARLES,fresh fish,pieces or units,1,bilog,3,3
ILOILO,CARLES,"ice cream, sorbet, edible ice (eg., ice-lolli, halo-halo)",pieces or units,1,bilog,3,3
ILOILO,CARLES,"ice cream, sorbet, edible ice (eg., ice-lolli, halo-halo)",putos,1,putos,3,3
ILOILO,CARLES,"liquor (e.g, whisky, coconut wine)",lipid/lapad,1,lipid / lapad,3,3
ILOILO,CARLES,loaf bread,medium packs,1,medium,3,3
ILOILO,CARLES,loaf bread,tama-tama nga putos,1,tama-tama nga putos,3,3
ILOILO,CARLES,"prawns, lobster, shrimp",tumpok,1,tumpok,3,3
ILOILO,CARLES,"preserved or processed meat (tocino, tapa, longaniza, etc)",putos,1,putos,3,3
ILOILO,CONCEPCION,chicken,bilog,1,bilog,3,3
ILOILO,CONCEPCION,chicken,whole (chicken),1,whole (chicken),3,3
ILOILO,CONCEPCION,"crackers, cookies, buiscuits, chips/curls",putos,1,putos,3,3
ILOILO,CONCEPCION,fresh fish,pieces or units,1,bilog,3,3
ILOILO,CONCEPCION,"liquor (e.g, whisky, coconut wine)",lipid/lapad,1,lipid / lapad,3,3
ILOILO,CONCEPCION,"preserved or processed meat (tocino, tapa, longaniza, etc)",putos,1,putos,3,3
ILOILO,CONCEPCION,rice,letse,1,letse,3,3
ILOILO,DINGLE,chicken,bilog,1,bilog,3,3
ILOILO,DINGLE,chicken,whole (chicken),1,whole (chicken),3,3
ILOILO,DINGLE,"crackers, cookies, buiscuits, chips/curls",putos,1,putos,3,3
ILOILO,DINGLE,fresh fish,pieces or units,1,bilog,3,3
ILOILO,DINGLE,"ice cream, sorbet, edible ice (eg., ice-lolli, halo-halo)",putos,1,putos,3,3
ILOILO,DINGLE,"liquor (e.g, whisky, coconut wine)",lipid/lapad,1,lipid / lapad,3,3
ILOILO,DINGLE,"liquor (e.g, whisky, coconut wine)",long-neck,1,long-neck,3,3
ILOILO,DINGLE,"preserved or processed meat (tocino, tapa, longaniza, etc)",putos,1,putos,3,3
ILOILO,DINGLE,rice,salmon,1,salmon,3,3
ILOILO,DUEAS,chicken,bilog,1,bilog,3,3
ILOILO,DUEAS,chicken,whole (chicken),1,whole (chicken),3,3
ILOILO,DUEAS,"crackers, cookies, buiscuits, chips/curls",pieces or units,1,bilog,3,3
ILOILO,DUEAS,"crackers, cookies, buiscuits, chips/curls",putos,1,putos,3,3
ILOILO,DUEAS,fresh fish,pieces or units,1,bilog,3,3
ILOILO,DUEAS,"ice cream, sorbet, edible ice (eg., ice-lolli, halo-halo)",pieces or units,1,bilog,3,3
ILOILO,DUEAS,"liquor (e.g, whisky, coconut wine)",lipid/lapad,1,lipid / lapad,3,3
ILOILO,DUEAS,mango,pieces or units,1,bilog,3,3
ILOILO,DUEAS,"preserved or processed meat (tocino, tapa, longaniza, etc)",putos,1,putos,3,3
ILOILO,DUEAS,rice,salmon,1,salmon,3,3
ILOILO,DUMANGAS,chicken,bilog,1,bilog,3,3
ILOILO,DUMANGAS,chicken,whole (chicken),1,whole (chicken),3,3
ILOILO,DUMANGAS,"liquor (e.g, whisky, coconut wine)",lipid/lapad,1,lipid / lapad,3,3
ILOILO,DUMANGAS,loaf bread,large packs,1,large,3,3
ILOILO,DUMANGAS,loaf bread,small packs,1,small,3,3
ILOILO,DUMANGAS,mango,pieces or units,1,bilog,3,3
ILOILO,DUMANGAS,"prawns, lobster, shrimp",tumpok,1,tumpok,3,3
ILOILO,DUMANGAS,"preserved or processed meat (tocino, tapa, longaniza, etc)",putos,1,putos,3,3
ILOILO,DUMANGAS,rice,letse,1,letse,3,3
ILOILO,ESTANCIA,chicken,whole (chicken),1,whole (chicken),3,3
ILOILO,ESTANCIA,"ice cream, sorbet, edible ice (eg., ice-lolli, halo-halo)",small cup,1,gamay nga cup,3,3
ILOILO,ESTANCIA,"liquor (e.g, whisky, coconut wine)",lipid/lapad,1,lipid / lapad,3,3
ILOILO,ESTANCIA,"preserved or processed meat (tocino, tapa, longaniza, etc)",putos,1,putos,3,3
ILOILO,GUIMBAL,chicken,bilog,1,bilog,3,3
ILOILO,GUIMBAL,chicken,pieces or units,1,binilog,3,3
ILOILO,GUIMBAL,chicken,whole (chicken),1,whole (chicken),3,3
ILOILO,GUIMBAL,"ice cream, sorbet, edible ice (eg., ice-lolli, halo-halo)",small cup,1,gamay nga tasa,3,3
ILOILO,GUIMBAL,"liquor (e.g, whisky, coconut wine)",lipid/lapad,1,lipid / lapad,3,3
ILOILO,GUIMBAL,"preserved or processed meat (tocino, tapa, longaniza, etc)",putos,1,putos,3,3
ILOILO,IGBARAS,"crackers, cookies, buiscuits, chips/curls",pieces or units,1,bilog,3,3
ILOILO,IGBARAS,"crackers, cookies, buiscuits, chips/curls",putos,1,putos,3,3
ILOILO,IGBARAS,fresh fish,pieces or units,1,bilog,3,3
ILOILO,IGBARAS,"ice cream, sorbet, edible ice (eg., ice-lolli, halo-halo)",pieces or units,1,bilog,3,3
ILOILO,IGBARAS,"ice cream, sorbet, edible ice (eg., ice-lolli, halo-halo)",putos,1,putos,3,3
ILOILO,IGBARAS,"ice cream, sorbet, edible ice (eg., ice-lolli, halo-halo)",small cup,1,gamay nga cup,3,3
ILOILO,IGBARAS,"liquor (e.g, whisky, coconut wine)",lipid/lapad,1,lipid / lapad,3,3
ILOILO,IGBARAS,"liquor (e.g, whisky, coconut wine)",long-neck,1,long-neck,3,3
ILOILO,IGBARAS,loaf bread,medium packs,1,medium,3,3
ILOILO,IGBARAS,mango,pieces or units,1,bilog,3,3
ILOILO,IGBARAS,"preserved or processed meat (tocino, tapa, longaniza, etc)",cans,1,lata,3,3
ILOILO,IGBARAS,"preserved or processed meat (tocino, tapa, longaniza, etc)",putos,1,putos,3,3
ILOILO,IGBARAS,rice,salmon,1,salmon,3,3
ILOILO,JANIUAY,chicken,bilog,1,bilog,3,3
ILOILO,JANIUAY,"crackers, cookies, buiscuits, chips/curls",pieces or units,1,bilog,3,3
ILOILO,JANIUAY,"crackers, cookies, buiscuits, chips/curls",putos,1,putos,3,3
ILOILO,JANIUAY,fresh fish,pack,1,putos,3,3
ILOILO,JANIUAY,fresh fish,pieces or units,1,bilog,3,3
ILOILO,JANIUAY,"liquor (e.g, whisky, coconut wine)",lipid/lapad,1,lipid / lapad,3,3
ILOILO,JANIUAY,"preserved or processed meat (tocino, tapa, longaniza, etc)",putos,1,putos,3,3
ILOILO,JANIUAY,rice,salmon,1,salmon,3,3
ILOILO,LAMBUNAO,chicken,bilog,1,bilog,3,3
ILOILO,LAMBUNAO,"crackers, cookies, buiscuits, chips/curls",pieces or units,1,bilog,3,3
ILOILO,LAMBUNAO,"crackers, cookies, buiscuits, chips/curls",putos,1,putos,3,3
ILOILO,LAMBUNAO,"liquor (e.g, whisky, coconut wine)",lipid/lapad,1,lipid / lapad,3,3
ILOILO,LAMBUNAO,"liquor (e.g, whisky, coconut wine)",long-neck,1,long-neck,3,3
ILOILO,LAMBUNAO,loaf bread,tama-tama nga putos,1,tama-tama nga putos,3,3
ILOILO,LAMBUNAO,"preserved or processed meat (tocino, tapa, longaniza, etc)",putos,1,putos,3,3
ILOILO,LAMBUNAO,rice,salmon,1,salmon,3,3
ILOILO,LEGANES,chicken,bilog,1,bilog,3,3
ILOILO,LEGANES,chicken,whole (chicken),1,whole (chicken),3,3
ILOILO,LEGANES,"crackers, cookies, buiscuits, chips/curls",pieces or units,1,bilog,3,3
ILOILO,LEGANES,"crackers, cookies, buiscuits, chips/curls",putos,1,putos,3,3
ILOILO,LEGANES,fresh fish,pieces or units,1,bilog,3,3
ILOILO,LEGANES,"liquor (e.g, whisky, coconut wine)",lipid/lapad,1,lipid / lapad,3,3
ILOILO,LEGANES,loaf bread,small packs,1,gagmay nga putos,3,3
ILOILO,LEGANES,"preserved or processed meat (tocino, tapa, longaniza, etc)",putos,1,putos,3,3
ILOILO,LEGANES,rice,salmon,1,salmon,3,3
ILOILO,LEMERY,camote,bilog,1,bilog,3,3
ILOILO,LEMERY,chicken,bilog,1,bilog,3,3
ILOILO,LEMERY,chicken,whole (chicken),1,whole (chicken),3,3
ILOILO,LEMERY,"crackers, cookies, buiscuits, chips/curls",putos,1,putos,3,3
ILOILO,LEMERY,fresh fish,pieces or units,1,bilog,3,3
ILOILO,LEMERY,"liquor (e.g, whisky, coconut wine)",lipid/lapad,1,lipid / lapad,3,3
ILOILO,LEMERY,loaf bread,tama-tama nga putos,1,tama-tama nga putos,3,3
ILOILO,LEMERY,"preserved or processed meat (tocino, tapa, longaniza, etc)",putos,1,putos,3,3
ILOILO,LEMERY,rice,salmon,1,salmon,3,3
ILOILO,LEON,chicken,bilog,1,bilog,3,3
ILOILO,LEON,"ice cream, sorbet, edible ice (eg., ice-lolli, halo-halo)",small cup,1,gamay nga cup,3,3
ILOILO,LEON,"liquor (e.g, whisky, coconut wine)",lipid/lapad,1,lipid / lapad,3,3
ILOILO,LEON,mango,pieces or units,1,bilog,3,3
ILOILO,LEON,"preserved or processed meat (tocino, tapa, longaniza, etc)",putos,1,putos,3,3
ILOILO,LEON,rice,salmon,1,salmon,3,3
ILOILO,MAASIN,chicken,bilog,1,bilog,3,3
ILOILO,MAASIN,chicken,whole (chicken),1,whole (chicken),3,3
ILOILO,MAASIN,"crackers, cookies, buiscuits, chips/curls",putos,1,putos,3,3
ILOILO,MAASIN,"ice cream, sorbet, edible ice (eg., ice-lolli, halo-halo)",pieces or units,1,bilog,3,3
ILOILO,MAASIN,"liquor (e.g, whisky, coconut wine)",lipid/lapad,1,lipid / lapad,3,3
ILOILO,MAASIN,"liquor (e.g, whisky, coconut wine)",long-neck,1,long-neck,3,3
ILOILO,MAASIN,loaf bread,tama-tama nga putos,1,tama-tama nga putos,3,3
ILOILO,MAASIN,"preserved or processed meat (tocino, tapa, longaniza, etc)",cans,1,lata,3,3
ILOILO,MAASIN,"preserved or processed meat (tocino, tapa, longaniza, etc)",putos,1,putos,3,3
ILOILO,MAASIN,rice,salmon,1,salmon,3,3
ILOILO,MIAGAO,chicken,bilog,1,bilog,3,3
ILOILO,MIAGAO,"crackers, cookies, buiscuits, chips/curls",putos,1,putos,3,3
ILOILO,MIAGAO,"liquor (e.g, whisky, coconut wine)",lipid/lapad,1,lipid / lapad,3,3
ILOILO,MIAGAO,"liquor (e.g, whisky, coconut wine)",long-neck,1,long-neck,3,3
ILOILO,MIAGAO,loaf bread,large packs,1,large,3,3
ILOILO,MIAGAO,"preserved or processed meat (tocino, tapa, longaniza, etc)",putos,1,putos,3,3
ILOILO,MIAGAO,rice,salmon,1,salmon,3,3
ILOILO,MINA,cabbage,pieces or units,1,bilog,3,3
ILOILO,MINA,chicken,bilog,1,bilog,3,3
ILOILO,MINA,chicken,whole (chicken),1,whole (chicken),3,3
ILOILO,MINA,"crackers, cookies, buiscuits, chips/curls",putos,1,putos,3,3
ILOILO,MINA,fresh fish,pieces or units,1,bilog,3,3
ILOILO,MINA,loaf bread,medium packs,1,medium,3,3
ILOILO,MINA,"preserved or processed meat (tocino, tapa, longaniza, etc)",putos,1,putos,3,3
ILOILO,MINA,rice,salmon,1,salmon,3,3
ILOILO,NEW LUCENA,carrot,pieces or units,1,bilog,3,3
ILOILO,NEW LUCENA,chicken,bilog,1,bilog,3,3
ILOILO,NEW LUCENA,chicken,whole (chicken),1,whole (chicken),3,3
ILOILO,NEW LUCENA,"crackers, cookies, buiscuits, chips/curls",putos,1,putos,3,3
ILOILO,NEW LUCENA,"liquor (e.g, whisky, coconut wine)",lipid/lapad,1,lipid / lapad,3,3
ILOILO,NEW LUCENA,loaf bread,large packs,1,dalagku nga putos,3,3
ILOILO,NEW LUCENA,loaf bread,tama-tama nga putos,1,tama-tama nga putos,3,3
ILOILO,NEW LUCENA,"preserved or processed meat (tocino, tapa, longaniza, etc)",putos,1,putos,3,3
ILOILO,NEW LUCENA,rice,salmon,1,salmon,3,3
ILOILO,OTON,cabbage,pieces or units,1,bilog,3,3
ILOILO,OTON,chicken,bilog,1,bilog,3,3
ILOILO,OTON,chicken,whole (chicken),1,whole (chicken),3,3
ILOILO,OTON,"crackers, cookies, buiscuits, chips/curls",pieces or units,1,bilog,3,3
ILOILO,OTON,"crackers, cookies, buiscuits, chips/curls",putos,1,putos,3,3
ILOILO,OTON,"ice cream, sorbet, edible ice (eg., ice-lolli, halo-halo)",pieces or units,1,bilog,3,3
ILOILO,OTON,"liquor (e.g, whisky, coconut wine)",lipid/lapad,1,lipid / lapad,3,3
ILOILO,OTON,loaf bread,tama-tama nga putos,1,tama-tama nga putos,3,3
ILOILO,OTON,mango,pieces or units,1,bilog,3,3
ILOILO,OTON,"preserved or processed meat (tocino, tapa, longaniza, etc)",bilog,1,bilog,3,3
ILOILO,OTON,"preserved or processed meat (tocino, tapa, longaniza, etc)",putos,1,putos,3,3
ILOILO,OTON,rice,salmon,1,salmon,3,3
ILOILO,POTOTAN,chicken,bilog,1,bilog,3,3
ILOILO,POTOTAN,chicken,whole (chicken),1,whole (chicken),3,3
ILOILO,POTOTAN,"crackers, cookies, buiscuits, chips/curls",putos,1,putos,3,3
ILOILO,POTOTAN,fresh fish,pieces or units,1,bilog,3,3
ILOILO,POTOTAN,"ice cream, sorbet, edible ice (eg., ice-lolli, halo-halo)",pieces or units,1,bilog,3,3
ILOILO,POTOTAN,"liquor (e.g, whisky, coconut wine)",lipid/lapad,1,lipid / lapad,3,3
ILOILO,POTOTAN,"preserved or processed meat (tocino, tapa, longaniza, etc)",putos,1,putos,3,3
ILOILO,POTOTAN,rice,salmon,1,salmon,3,3
ILOILO,SAN DIONISIO,carrot,pieces or units,1,bilog,3,3
ILOILO,SAN DIONISIO,chicken,bilog,1,bilog,3,3
ILOILO,SAN DIONISIO,"crackers, cookies, buiscuits, chips/curls",putos,1,putos,3,3
ILOILO,SAN DIONISIO,fresh fish,pieces or units,1,bilog,3,3
ILOILO,SAN DIONISIO,"ice cream, sorbet, edible ice (eg., ice-lolli, halo-halo)",pieces or units,1,bilog,3,3
ILOILO,SAN DIONISIO,"liquor (e.g, whisky, coconut wine)",lipid/lapad,1,lipid / lapad,3,3
ILOILO,SAN DIONISIO,loaf bread,medium packs,1,medium,3,3
ILOILO,SAN DIONISIO,loaf bread,tama-tama nga putos,1,tama-tama nga putos,3,3
ILOILO,SAN DIONISIO,"preserved or processed meat (tocino, tapa, longaniza, etc)",bilog,1,bilog,3,3
ILOILO,SAN DIONISIO,"preserved or processed meat (tocino, tapa, longaniza, etc)",putos,1,putos,3,3
ILOILO,SAN DIONISIO,rice,letse,1,letse,3,3
ILOILO,SAN ENRIQUE,chicken,bilog,1,bilog,3,3
ILOILO,SAN ENRIQUE,chicken,whole (chicken),1,whole (chicken),3,3
ILOILO,SAN ENRIQUE,"crackers, cookies, buiscuits, chips/curls",pieces or units,1,bilog,3,3
ILOILO,SAN ENRIQUE,"crackers, cookies, buiscuits, chips/curls",putos,1,putos,3,3
ILOILO,SAN ENRIQUE,"ice cream, sorbet, edible ice (eg., ice-lolli, halo-halo)",pieces or units,1,bilog,3,3
ILOILO,SAN ENRIQUE,"liquor (e.g, whisky, coconut wine)",lipid/lapad,1,lipid / lapad,3,3
ILOILO,SAN ENRIQUE,loaf bread,tama-tama nga putos,1,tama-tama nga putos,3,3
ILOILO,SAN ENRIQUE,"preserved or processed meat (tocino, tapa, longaniza, etc)",putos,1,putos,3,3
ILOILO,SAN ENRIQUE,rice,salmon,1,salmon,3,3
ILOILO,SAN JOAQUIN,chicken,bilog,1,bilog,3,3
ILOILO,SAN JOAQUIN,chicken,pieces or units,1,binilog,3,3
ILOILO,SAN JOAQUIN,"crackers, cookies, buiscuits, chips/curls",pieces or units,1,bilog,3,3
ILOILO,SAN JOAQUIN,"crackers, cookies, buiscuits, chips/curls",putos,1,putos,3,3
ILOILO,SAN JOAQUIN,"liquor (e.g, whisky, coconut wine)",lipid/lapad,1,lipid / lapad,3,3
ILOILO,SAN JOAQUIN,mango,pieces or units,1,bilog,3,3
ILOILO,SAN JOAQUIN,"preserved or processed meat (tocino, tapa, longaniza, etc)",putos,1,putos,3,3
ILOILO,SAN JOAQUIN,rice,salmon,1,salmon,3,3
ILOILO,SAN MIGUEL,chicken,whole (chicken),1,whole (chicken),3,3
ILOILO,SAN MIGUEL,"crackers, cookies, buiscuits, chips/curls",pieces or units,1,bilog,3,3
ILOILO,SAN MIGUEL,"crackers, cookies, buiscuits, chips/curls",putos,1,putos,3,3
ILOILO,SAN MIGUEL,"liquor (e.g, whisky, coconut wine)",lipid/lapad,1,lipid / lapad,3,3
ILOILO,SAN MIGUEL,loaf bread,small packs,1,gagmay nga putos,3,3
ILOILO,SAN MIGUEL,loaf bread,tama-tama nga putos,1,tama-tama nga putos,3,3
ILOILO,SAN MIGUEL,"preserved or processed meat (tocino, tapa, longaniza, etc)",putos,1,putos,3,3
ILOILO,SAN RAFAEL,chicken,bilog,1,bilog,3,3
ILOILO,SAN RAFAEL,chicken,whole (chicken),1,whole (chicken),3,3
ILOILO,SAN RAFAEL,"crackers, cookies, buiscuits, chips/curls",pieces or units,1,bilog,3,3
ILOILO,SAN RAFAEL,"crackers, cookies, buiscuits, chips/curls",putos,1,putos,3,3
ILOILO,SAN RAFAEL,"ice cream, sorbet, edible ice (eg., ice-lolli, halo-halo)",pieces or units,1,bilog,3,3
ILOILO,SAN RAFAEL,"liquor (e.g, whisky, coconut wine)",lipid/lapad,1,lipid / lapad,3,3
ILOILO,SAN RAFAEL,"preserved or processed meat (tocino, tapa, longaniza, etc)",putos,1,putos,3,3
ILOILO,SAN RAFAEL,rice,salmon,1,salmon,3,3
ILOILO,SANTA BARBARA,chicken,whole (chicken),1,whole (chicken),3,3
ILOILO,SANTA BARBARA,"liquor (e.g, whisky, coconut wine)",lipid/lapad,1,lipid / lapad,3,3
ILOILO,SANTA BARBARA,"preserved or processed meat (tocino, tapa, longaniza, etc)",putos,1,putos,3,3
ILOILO,SARA,cabbage,pieces or units,1,bilog,3,3
ILOILO,SARA,chicken,bilog,1,bilog,3,3
ILOILO,SARA,chicken,whole (chicken),1,whole (chicken),3,3
ILOILO,SARA,"crackers, cookies, buiscuits, chips/curls",pieces or units,1,bilog,3,3
ILOILO,SARA,"crackers, cookies, buiscuits, chips/curls",putos,1,putos,3,3
ILOILO,SARA,"ice cream, sorbet, edible ice (eg., ice-lolli, halo-halo)",small cup,1,gamay nga cup,3,3
ILOILO,SARA,"liquor (e.g, whisky, coconut wine)",lipid/lapad,1,lipid / lapad,3,3
ILOILO,SARA,loaf bread,medium packs,1,medium,3,3
ILOILO,SARA,"preserved or processed meat (tocino, tapa, longaniza, etc)",putos,1,putos,3,3
ILOILO,SARA,rice,letse,1,letse,3,3
ILOILO,TIGBAUAN,chicken,bilog,1,bilog,3,3
ILOILO,TIGBAUAN,chicken,whole (chicken),1,whole (chicken),3,3
ILOILO,TIGBAUAN,"crackers, cookies, buiscuits, chips/curls",putos,1,putos,3,3
ILOILO,TIGBAUAN,fresh fish,pieces or units,1,bilog,3,3
ILOILO,TIGBAUAN,"ice cream, sorbet, edible ice (eg., ice-lolli, halo-halo)",putos,1,putos,3,3
ILOILO,TIGBAUAN,loaf bread,medium packs,1,medium,3,3
ILOILO,TIGBAUAN,loaf bread,tama-tama nga putos,1,tama-tama nga putos,3,3
ILOILO,TIGBAUAN,mango,pieces or units,1,bilog,3,3
ILOILO,TIGBAUAN,"preserved or processed meat (tocino, tapa, longaniza, etc)",bilog,1,bilog,3,3
ILOILO,TIGBAUAN,"preserved or processed meat (tocino, tapa, longaniza, etc)",putos,1,putos,3,3
ILOILO,TIGBAUAN,rice,salmon,1,salmon,3,3
ILOILO,TUBUNGAN,chicken,bilog,1,bilog,3,3
ILOILO,TUBUNGAN,chicken,pieces or units,1,binilog,3,3
ILOILO,TUBUNGAN,"liquor (e.g, whisky, coconut wine)",lipid/lapad,1,lipid / lapad,3,3
ILOILO,TUBUNGAN,"liquor (e.g, whisky, coconut wine)",long-neck,1,long-neck,3,3
ILOILO,TUBUNGAN,"preserved or processed meat (tocino, tapa, longaniza, etc)",putos,1,putos,3,3
ILOILO,TUBUNGAN,rice,salmon,1,salmon,3,3
ILOILO,ZARRAGA,chicken,bilog,1,bilog,3,3
ILOILO,ZARRAGA,"ice cream, sorbet, edible ice (eg., ice-lolli, halo-halo)",pieces or units,1,bilog,3,3
ILOILO,ZARRAGA,"liquor (e.g, whisky, coconut wine)",lipid/lapad,1,lipid / lapad,3,3
ILOILO,ZARRAGA,loaf bread,large packs,1,large,3,3
ILOILO,ZARRAGA,"preserved or processed meat (tocino, tapa, longaniza, etc)",putos,1,putos,3,3
NEGROS OCCIDENTAL,CALATRAVA,chicken,bilog,1,bilog,3,3
NEGROS OCCIDENTAL,CALATRAVA,"ice cream, sorbet, edible ice (eg., ice-lolli, halo-halo)",pieces or units,1,bilog,3,3
NEGROS OCCIDENTAL,CALATRAVA,"liquor (e.g, whisky, coconut wine)",lipid/lapad,1,lipid / lapad,3,3
NEGROS OCCIDENTAL,CALATRAVA,"preserved or processed meat (tocino, tapa, longaniza, etc)",putos,1,putos,3,3
NEGROS OCCIDENTAL,CANDONI,chicken,bilog,1,bilog,3,3
NEGROS OCCIDENTAL,CANDONI,chicken,whole (chicken),1,whole (chicken),3,3
NEGROS OCCIDENTAL,CANDONI,"ice cream, sorbet, edible ice (eg., ice-lolli, halo-halo)",pieces or units,1,bilog,3,3
NEGROS OCCIDENTAL,CANDONI,"ice cream, sorbet, edible ice (eg., ice-lolli, halo-halo)",putos,1,putos,3,3
NEGROS OCCIDENTAL,CANDONI,"liquor (e.g, whisky, coconut wine)",lipid/lapad,1,lipid / lapad,3,3
NEGROS OCCIDENTAL,CANDONI,loaf bread,large packs,1,large,3,3
NEGROS OCCIDENTAL,CANDONI,"preserved or processed meat (tocino, tapa, longaniza, etc)",bilog,1,bilog,3,3
NEGROS OCCIDENTAL,CANDONI,"preserved or processed meat (tocino, tapa, longaniza, etc)",putos,1,putos,3,3
NEGROS OCCIDENTAL,CAUAYAN,chicken,bilog,1,bilog,3,3
NEGROS OCCIDENTAL,CAUAYAN,chicken,whole (chicken),1,whole (chicken),3,3
NEGROS OCCIDENTAL,CAUAYAN,"liquor (e.g, whisky, coconut wine)",lipid/lapad,1,lipid / lapad,3,3
NEGROS OCCIDENTAL,CAUAYAN,"liquor (e.g, whisky, coconut wine)",long-neck,1,long-neck,3,3
NEGROS OCCIDENTAL,CAUAYAN,loaf bread,large packs,1,large,3,3
NEGROS OCCIDENTAL,CAUAYAN,"preserved or processed meat (tocino, tapa, longaniza, etc)",putos,1,putos,3,3
NEGROS OCCIDENTAL,ENRIQUE B. MAGALONA (SARAVIA),chicken,bilog,1,bilog,3,3
NEGROS OCCIDENTAL,ENRIQUE B. MAGALONA (SARAVIA),chicken,whole (chicken),1,whole (chicken),3,3
NEGROS OCCIDENTAL,ENRIQUE B. MAGALONA (SARAVIA),"liquor (e.g, whisky, coconut wine)",lipid/lapad,1,lipid / lapad,3,3
NEGROS OCCIDENTAL,ENRIQUE B. MAGALONA (SARAVIA),"preserved or processed meat (tocino, tapa, longaniza, etc)",bilog,1,bilog,3,3
NEGROS OCCIDENTAL,ENRIQUE B. MAGALONA (SARAVIA),"preserved or processed meat (tocino, tapa, longaniza, etc)",putos,1,putos,3,3
NEGROS OCCIDENTAL,HINIGARAN,carrot,pieces or units,1,bilog,3,3
NEGROS OCCIDENTAL,HINIGARAN,chicken,bilog,1,bilog,3,3
NEGROS OCCIDENTAL,HINIGARAN,chicken,whole (chicken),1,whole (chicken),3,3
NEGROS OCCIDENTAL,HINIGARAN,"ice cream, sorbet, edible ice (eg., ice-lolli, halo-halo)",pieces or units,1,bilog,3,3
NEGROS OCCIDENTAL,HINIGARAN,"ice cream, sorbet, edible ice (eg., ice-lolli, halo-halo)",small cup,1,gamay nga cup,3,3
NEGROS OCCIDENTAL,HINIGARAN,"liquor (e.g, whisky, coconut wine)",lipid/lapad,1,lipid / lapad,3,3
NEGROS OCCIDENTAL,HINIGARAN,"preserved or processed meat (tocino, tapa, longaniza, etc)",putos,1,putos,3,3
NEGROS OCCIDENTAL,HINOBA-AN (ASIA),chicken,bilog,1,bilog,3,3
NEGROS OCCIDENTAL,HINOBA-AN (ASIA),"preserved or processed meat (tocino, tapa, longaniza, etc)",putos,1,putos,3,3
NEGROS OCCIDENTAL,ILOG,chicken,bilog,1,bilog,3,3
NEGROS OCCIDENTAL,ILOG,chicken,whole (chicken),1,whole (chicken),3,3
NEGROS OCCIDENTAL,ISABELA,chicken,bilog,1,bilog,3,3
NEGROS OCCIDENTAL,ISABELA,chicken,whole (chicken),1,whole (chicken),3,3
NEGROS OCCIDENTAL,ISABELA,"liquor (e.g, whisky, coconut wine)",lipid/lapad,1,lipid / lapad,3,3
NEGROS OCCIDENTAL,ISABELA,loaf bread,small packs,1,small,3,3
NEGROS OCCIDENTAL,ISABELA,"preserved or processed meat (tocino, tapa, longaniza, etc)",putos,1,putos,3,3
NEGROS OCCIDENTAL,LA CASTELLANA,chicken,bilog,1,bilog,3,3
NEGROS OCCIDENTAL,LA CASTELLANA,chicken,whole (chicken),1,whole (chicken),3,3
NEGROS OCCIDENTAL,LA CASTELLANA,"liquor (e.g, whisky, coconut wine)",lipid/lapad,1,lipid / lapad,3,3
NEGROS OCCIDENTAL,LA CASTELLANA,loaf bread,medium packs,1,medium,3,3
NEGROS OCCIDENTAL,LA CASTELLANA,loaf bread,small packs,1,small,3,3
NEGROS OCCIDENTAL,LA CASTELLANA,"preserved or processed meat (tocino, tapa, longaniza, etc)",putos,1,putos,3,3
NEGROS OCCIDENTAL,MANAPLA,"ice cream, sorbet, edible ice (eg., ice-lolli, halo-halo)",small cup,1,gamay nga cup,3,3
NEGROS OCCIDENTAL,MANAPLA,loaf bread,medium packs,1,medium,3,3
NEGROS OCCIDENTAL,MANAPLA,"prawns, lobster, shrimp",tumpok,1,tumpok,3,3
NEGROS OCCIDENTAL,MANAPLA,"preserved or processed meat (tocino, tapa, longaniza, etc)",putos,1,putos,3,3
NEGROS OCCIDENTAL,MOISES PADILLA (MAGALLON),chicken,whole (chicken),1,whole (chicken),3,3
NEGROS OCCIDENTAL,MOISES PADILLA (MAGALLON),"ice cream, sorbet, edible ice (eg., ice-lolli, halo-halo)",pieces or units,1,bilog,3,3
NEGROS OCCIDENTAL,MOISES PADILLA (MAGALLON),"liquor (e.g, whisky, coconut wine)",lipid/lapad,1,lipid / lapad,3,3
NEGROS OCCIDENTAL,MOISES PADILLA (MAGALLON),loaf bread,large packs,1,large,3,3
NEGROS OCCIDENTAL,MOISES PADILLA (MAGALLON),"preserved or processed meat (tocino, tapa, longaniza, etc)",putos,1,putos,3,3
NEGROS OCCIDENTAL,MURCIA,chicken,whole (chicken),1,whole (chicken),3,3
NEGROS OCCIDENTAL,MURCIA,"liquor (e.g, whisky, coconut wine)",lipid/lapad,1,lipid / lapad,3,3
NEGROS OCCIDENTAL,MURCIA,"preserved or processed meat (tocino, tapa, longaniza, etc)",putos,1,putos,3,3
NEGROS OCCIDENTAL,PONTEVEDRA,cabbage,pieces or units,1,bilog,3,3
NEGROS OCCIDENTAL,PONTEVEDRA,chicken,whole (chicken),1,whole (chicken),3,3
NEGROS OCCIDENTAL,PONTEVEDRA,fresh fish,pieces or units,1,bilog,3,3
NEGROS OCCIDENTAL,PONTEVEDRA,"ice cream, sorbet, edible ice (eg., ice-lolli, halo-halo)",pieces or units,1,bilog,3,3
NEGROS OCCIDENTAL,PONTEVEDRA,"liquor (e.g, whisky, coconut wine)",lipid/lapad,1,lipid / lapad,3,3
NEGROS OCCIDENTAL,PONTEVEDRA,loaf bread,small packs,1,small,3,3
NEGROS OCCIDENTAL,PONTEVEDRA,"preserved or processed meat (tocino, tapa, longaniza, etc)",putos,1,putos,3,3
NEGROS OCCIDENTAL,PULUPANDAN,cabbage,pieces or units,1,bilog,3,3
NEGROS OCCIDENTAL,PULUPANDAN,"ice cream, sorbet, edible ice (eg., ice-lolli, halo-halo)",small cup,1,gamay nga cup,3,3
NEGROS OCCIDENTAL,PULUPANDAN,"liquor (e.g, whisky, coconut wine)",lipid/lapad,1,lipid / lapad,3,3
NEGROS OCCIDENTAL,PULUPANDAN,"preserved or processed meat (tocino, tapa, longaniza, etc)",putos,1,putos,3,3
NEGROS OCCIDENTAL,SALVADOR BENEDICTO,chicken,bilog,1,bilog,3,3
NEGROS OCCIDENTAL,SALVADOR BENEDICTO,chicken,whole (chicken),1,whole (chicken),3,3
NEGROS OCCIDENTAL,SALVADOR BENEDICTO,"ice cream, sorbet, edible ice (eg., ice-lolli, halo-halo)",pieces or units,1,bilog,3,3
NEGROS OCCIDENTAL,SALVADOR BENEDICTO,loaf bread,large packs,1,large,3,3
NEGROS OCCIDENTAL,SALVADOR BENEDICTO,"preserved or processed meat (tocino, tapa, longaniza, etc)",putos,1,putos,3,3
NEGROS OCCIDENTAL,SAN ENRIQUE,chicken,whole (chicken),1,whole (chicken),3,3
NEGROS OCCIDENTAL,SAN ENRIQUE,"ice cream, sorbet, edible ice (eg., ice-lolli, halo-halo)",pieces or units,1,bilog,3,3
NEGROS OCCIDENTAL,SAN ENRIQUE,"ice cream, sorbet, edible ice (eg., ice-lolli, halo-halo)",small cup,1,gamay nga cup,3,3
NEGROS OCCIDENTAL,SAN ENRIQUE,"liquor (e.g, whisky, coconut wine)",lipid/lapad,1,lipid / lapad,3,3
NEGROS OCCIDENTAL,SAN ENRIQUE,"preserved or processed meat (tocino, tapa, longaniza, etc)",bilog,1,bilog,3,3
NEGROS OCCIDENTAL,SAN ENRIQUE,"preserved or processed meat (tocino, tapa, longaniza, etc)",putos,1,putos,3,3
NEGROS OCCIDENTAL,TOBOSO,cabbage,pieces or units,1,bilog,3,3
NEGROS OCCIDENTAL,TOBOSO,chicken,bilog,1,bilog,3,3
NEGROS OCCIDENTAL,TOBOSO,"ice cream, sorbet, edible ice (eg., ice-lolli, halo-halo)",pieces or units,1,bilog,3,3
NEGROS OCCIDENTAL,TOBOSO,loaf bread,medium packs,1,medium,3,3
NEGROS OCCIDENTAL,TOBOSO,"preserved or processed meat (tocino, tapa, longaniza, etc)",putos,1,putos,3,3
NEGROS OCCIDENTAL,VALLADOLID,"liquor (e.g, whisky, coconut wine)",lipid/lapad,1,lipid / lapad,3,3
NEGROS OCCIDENTAL,VALLADOLID,"preserved or processed meat (tocino, tapa, longaniza, etc)",bilog,1,bilog,3,3
NEGROS OCCIDENTAL,VALLADOLID,"preserved or processed meat (tocino, tapa, longaniza, etc)",putos,1,putos,3,3
ANTIQUE,SAN REMIGIO,loaf bread,large packs,3,dalagku nga putos | daragkul nga putos | large,2,2
ILOILO,DINGLE,fresh fish,pack,3,pack | putos | putos (pack),2,2
ILOILO,SAN RAFAEL,fresh fish,pack,3,per pack | per packs | putos,2,3
ANTIQUE,CULASI,loaf bread,medium packs,2,medium | medium nga putos,2,1
ANTIQUE,HAMTIC,"ice cream, sorbet, edible ice (eg., ice-lolli, halo-halo)",small cup,2,gamay nga cup | gmay nga cup,2,1
ANTIQUE,LAUA-AN,chicken,whole (chicken),2,bilog nga manok | whole (chicken),2,3
ANTIQUE,LAUA-AN,"ice cream, sorbet, edible ice (eg., ice-lolli, halo-halo)",pieces or units,2,bilog | binilog,2,1
ANTIQUE,LIBERTAD,loaf bread,large packs,2,dalagku nga putos | daragkul nga putos,2,1
ANTIQUE,PATNONGON,cabbage,pieces or units,2,bilog | binilog,2,1
ANTIQUE,TIBIAO,loaf bread,large packs,2,dalagku nga putos | daragkul nga putos,2,1
ANTIQUE,VALDERRAMA,"ice cream, sorbet, edible ice (eg., ice-lolli, halo-halo)",small cup,2,gamay nga tasa | small cup (translate),2,1
CAPIZ,CUARTERO,loaf bread,small packs,2,gagmay nga putos | small,2,1
CAPIZ,JAMINDAN,fresh fish,pieces or units,2,bilog | binilog,2,1
CAPIZ,SAPI-AN,"ice cream, sorbet, edible ice (eg., ice-lolli, halo-halo)",small cup,2,gamay nga cup | maliit na tasa,2,3
ILOILO,AJUY,fresh fish,pack,2,pack | packs,2,1
ILOILO,DUEAS,fresh fish,pack,2,pack | putos,2,2
ILOILO,MIAGAO,loaf bread,small packs,2,gagmay nga putos | small,2,1
ILOILO,MINA,loaf bread,small packs,2,gagmay nga putos | small,2,1
ILOILO,SARA,fresh fish,pack,2,per pack | putos,2,3
AKLAN,ALTAVAS,"crackers, cookies, buiscuits, chips/curls",putos,1,putos,2,3
AKLAN,BANGA,chicken,pieces or units,1,binilog,2,3
AKLAN,BURUANGA,"liquor (e.g, whisky, coconut wine)",long-neck,1,long-neck,2,1
AKLAN,IBAJAY,chicken,pieces or units,1,binilog,2,3
AKLAN,IBAJAY,"prawns, lobster, shrimp",tumpok,1,tumpok,2,1
AKLAN,LIBACAO,fresh fish,pieces or units,1,binilog,2,1
AKLAN,MADALAG,mango,pieces or units,1,binilog,2,1
AKLAN,NABAS,chicken,pieces or units,1,binilog,2,1
AKLAN,NABAS,"ice cream, sorbet, edible ice (eg., ice-lolli, halo-halo)",putos,1,putos,2,1
AKLAN,NABAS,"liquor (e.g, whisky, coconut wine)",lipid/lapad,1,lapad,2,1
ANTIQUE,BARBAZA,chicken,bilog,1,bilog,2,1
ANTIQUE,BARBAZA,loaf bread,large packs,1,daragkul nga putos,2,1
ANTIQUE,BELISON,"ice cream, sorbet, edible ice (eg., ice-lolli, halo-halo)",small cup,1,gamay nga tasa,2,1
ANTIQUE,BELISON,mango,pieces or units,1,binilog,2,1
ANTIQUE,BUGASONG,chicken,bilog,1,bilog,2,1
ANTIQUE,BUGASONG,"drinks at restaurant, hotel, cafe, or kiosk",pieces,1,pieces,2,3
ANTIQUE,BUGASONG,fresh fish,pieces or units,1,bilog,2,1
ANTIQUE,HAMTIC,rice,salmon,1,salmon,2,1
ANTIQUE,LAUA-AN,mango,pieces or units,1,bilog,2,1
ANTIQUE,LIBERTAD,"preserved or processed meat (tocino, tapa, longaniza, etc)",pieces or units,1,binilog,2,1
ANTIQUE,PANDAN,chicken,bilog,1,bilog,2,3
ANTIQUE,PANDAN,rice,letse,1,letse,2,1
ANTIQUE,PATNONGON,chicken,bilog,1,bilog,2,3
ANTIQUE,PATNONGON,chicken,pieces or units,1,binilog,2,3
ANTIQUE,PATNONGON,"ice cream, sorbet, edible ice (eg., ice-lolli, halo-halo)",putos,1,putos,2,1
ANTIQUE,SAN REMIGIO,"drinks at restaurant, hotel, cafe, or kiosk",pieces,1,pieces,2,3
ANTIQUE,SAN REMIGIO,"ice cream, sorbet, edible ice (eg., ice-lolli, halo-halo)",putos,1,putos,2,1
ANTIQUE,SEBASTE,chicken,bilog,1,bilog,2,1
ANTIQUE,SEBASTE,chicken,pieces or units,1,binilog,2,3
ANTIQUE,SEBASTE,"drinks at restaurant, hotel, cafe, or kiosk",pieces,1,pieces,2,3
ANTIQUE,SEBASTE,rice,letse,1,letse,2,1
ANTIQUE,SIBALOM,chicken,pieces or units,1,binilog,2,3
ANTIQUE,SIBALOM,"liquor (e.g, whisky, coconut wine)",lipid/lapad,1,lipid / lapad,2,3
ANTIQUE,TIBIAO,"liquor (e.g, whisky, coconut wine)",long-neck,1,long-neck,2,1
ANTIQUE,TIBIAO,rice,letse,1,letse,2,1
ANTIQUE,TOBIAS FORNIER,"crackers, cookies, buiscuits, chips/curls",pieces or units,1,bilog,2,3
ANTIQUE,VALDERRAMA,"liquor (e.g, whisky, coconut wine)",long-neck,1,long-neck,2,1
ANTIQUE,VALDERRAMA,loaf bread,small packs,1,gagmay nga putos,2,1
CAPIZ,CUARTERO,"ice cream, sorbet, edible ice (eg., ice-lolli, halo-halo)",putos,1,putos,2,1
CAPIZ,DUMALAG,fresh fish,pack,1,pack,2,1
CAPIZ,DUMALAG,fresh fish,pieces or units,1,bilog,2,1
CAPIZ,DUMALAG,"ice cream, sorbet, edible ice (eg., ice-lolli, halo-halo)",putos,1,putos,2,1
CAPIZ,DUMARAO,rice,salmon,1,salmon,2,1
CAPIZ,IVISAN,"liquor (e.g, whisky, coconut wine)",long-neck,1,long-neck,2,1
CAPIZ,JAMINDAN,"preserved or processed meat (tocino, tapa, longaniza, etc)",bilog,1,bilog,2,1
CAPIZ,MA-AYON,"prawns, lobster, shrimp",tumpok,1,tumpok,2,3
CAPIZ,MAMBUSAO,"drinks at restaurant, hotel, cafe, or kiosk",pieces,1,pieces,2,3
CAPIZ,MAMBUSAO,"ice cream, sorbet, edible ice (eg., ice-lolli, halo-halo)",putos,1,putos,2,1
CAPIZ,MAMBUSAO,mango,pieces or units,1,bilog,2,1
CAPIZ,MAMBUSAO,rice,letse,1,letse,2,1
CAPIZ,PANAY,mango,pieces or units,1,bilog,2,1
CAPIZ,PILAR,fresh fish,pieces or units,1,bilog,2,1
CAPIZ,PONTEVEDRA,chicken,bilog,1,bilog,2,1
CAPIZ,PRESIDENT ROXAS,chicken,whole (chicken),1,whole (chicken),2,3
CAPIZ,PRESIDENT ROXAS,"liquor (e.g, whisky, coconut wine)",lipid/lapad,1,lipid / lapad,2,3
CAPIZ,SAPI-AN,fresh fish,pieces or units,1,bilog,2,1
CAPIZ,SAPI-AN,"ice cream, sorbet, edible ice (eg., ice-lolli, halo-halo)",pieces or units,1,bilog,2,1
CAPIZ,SIGMA,"drinks at restaurant, hotel, cafe, or kiosk",pieces,1,pieces,2,3
CAPIZ,SIGMA,"ice cream, sorbet, edible ice (eg., ice-lolli, halo-halo)",putos,1,putos,2,3
CAPIZ,SIGMA,loaf bread,medium packs,1,medium,2,3
CAPIZ,SIGMA,"prawns, lobster, shrimp",tumpok,1,tumpok,2,3
ILOILO,AJUY,"ice cream, sorbet, edible ice (eg., ice-lolli, halo-halo)",putos,1,putos,2,1
ILOILO,AJUY,rice,letse,1,letse,2,3
ILOILO,ALIMODIAN,camote,bilog,1,bilog,2,1
ILOILO,ALIMODIAN,chicken,pieces or units,1,binilog,2,3
ILOILO,ALIMODIAN,"ice cream, sorbet, edible ice (eg., ice-lolli, halo-halo)",putos,1,putos,2,1
ILOILO,ALIMODIAN,"ice cream, sorbet, edible ice (eg., ice-lolli, halo-halo)",small cup,1,gamay nga cup,2,1
ILOILO,ANILAO,chicken,bilog,1,bilog,2,1
ILOILO,BADIANGAN,"drinks at restaurant, hotel, cafe, or kiosk",pieces,1,pieces,2,3
ILOILO,BADIANGAN,fresh fish,pieces or units,1,bilog,2,1
ILOILO,BALASAN,fresh fish,pieces or units,1,bilog,2,3
ILOILO,BALASAN,mango,pieces or units,1,bilog,2,1
ILOILO,BAROTAC NUEVO,"liquor (e.g, whisky, coconut wine)",long-neck,1,long-neck,2,1
ILOILO,BAROTAC NUEVO,"prawns, lobster, shrimp",tumpok,1,tumpok,2,1
ILOILO,BAROTAC NUEVO,rice,letse,1,letse,2,1
ILOILO,BAROTAC VIEJO,fresh fish,pieces or units,1,bilog,2,1
ILOILO,BAROTAC VIEJO,"prawns, lobster, shrimp",tumpok,1,tumpok,2,3
ILOILO,BATAD,fresh fish,pieces or units,1,bilog,2,3
ILOILO,BATAD,loaf bread,tama-tama nga putos,1,tama-tama nga putos,2,3
ILOILO,BINGAWAN,chicken,whole (chicken),1,whole (chicken),2,3
ILOILO,CABATUAN,mango,pieces or units,1,bilog,2,1
ILOILO,CALINOG,"liquor (e.g, whisky, coconut wine)",long-neck,1,long-neck,2,1
ILOILO,DUEAS,"drinks at restaurant, hotel, cafe, or kiosk",pieces,1,pieces,2,3
ILOILO,DUEAS,"prawns, lobster, shrimp",tumpok,1,tumpok,2,1
ILOILO,ESTANCIA,fresh fish,pieces or units,1,bilog,2,1
ILOILO,GUIMBAL,"ice cream, sorbet, edible ice (eg., ice-lolli, halo-halo)",pieces or units,1,bilog,2,1
ILOILO,IGBARAS,chicken,bilog,1,bilog,2,3
ILOILO,JANIUAY,"drinks at restaurant, hotel, cafe, or kiosk",pieces,1,pieces,2,3
ILOILO,LEGANES,"prawns, lobster, shrimp",tumpok,1,tumpok,2,1
ILOILO,LEGANES,"preserved or processed meat (tocino, tapa, longaniza, etc)",bilog,1,bilog,2,3
ILOILO,LEMERY,"prawns, lobster, shrimp",tumpok,1,tumpok,2,3
ILOILO,LEMERY,rice,letse,1,letse,2,1
ILOILO,MINA,loaf bread,tama-tama nga putos,1,tama-tama nga putos,2,1
ILOILO,OTON,"prawns, lobster, shrimp",tumpok,1,tumpok,2,3
ILOILO,POTOTAN,"liquor (e.g, whisky, coconut wine)",long-neck,1,long-neck,2,1
ILOILO,POTOTAN,mango,pieces or units,1,bilog,2,3
ILOILO,SAN DIONISIO,chicken,whole (chicken),1,whole (chicken),2,3
ILOILO,SAN ENRIQUE,"drinks at restaurant, hotel, cafe, or kiosk",pieces,1,pieces,2,3
ILOILO,SAN ENRIQUE,fresh fish,pieces or units,1,bilog,2,3
ILOILO,SAN JOAQUIN,loaf bread,tama-tama nga putos,1,tama-tama nga putos,2,1
ILOILO,SAN MIGUEL,chicken,bilog,1,bilog,2,1
ILOILO,SAN RAFAEL,fresh fish,pieces or units,1,bilog,2,3
ILOILO,SANTA BARBARA,fresh fish,pieces or units,1,bilog,2,3
ILOILO,SANTA BARBARA,loaf bread,small packs,1,small,2,1
ILOILO,SANTA BARBARA,rice,salmon,1,salmon,2,1
ILOILO,SARA,rice,salmon,1,salmon,2,1
ILOILO,TIGBAUAN,"liquor (e.g, whisky, coconut wine)",lipid/lapad,1,lipid / lapad,2,3
ILOILO,TIGBAUAN,"liquor (e.g, whisky, coconut wine)",long-neck,1,long-neck,2,1
ILOILO,TIGBAUAN,"preserved or processed meat (tocino, tapa, longaniza, etc)",pack,1,packs,2,3
ILOILO,TUBUNGAN,"drinks at restaurant, hotel, cafe, or kiosk",pieces,1,pieces,2,3
NEGROS OCCIDENTAL,CANDONI,"drinks at restaurant, hotel, cafe, or kiosk",pieces,1,pieces,2,3
NEGROS OCCIDENTAL,CAUAYAN,rice,salmon,1,salmon,2,1
NEGROS OCCIDENTAL,HINIGARAN,fresh fish,pieces or units,1,bilog,2,1
NEGROS OCCIDENTAL,HINIGARAN,"ice cream, sorbet, edible ice (eg., ice-lolli, halo-halo)",putos,1,putos,2,1
NEGROS OCCIDENTAL,HINIGARAN,"liquor (e.g, whisky, coconut wine)",long-neck,1,long-neck,2,1
NEGROS OCCIDENTAL,HINIGARAN,"preserved or processed meat (tocino, tapa, longaniza, etc)",bilog,1,bilog,2,3
NEGROS OCCIDENTAL,HINOBA-AN (ASIA),chicken,whole (chicken),1,whole (chicken),2,1
NEGROS OCCIDENTAL,LA CASTELLANA,"ice cream, sorbet, edible ice (eg., ice-lolli, halo-halo)",putos,1,putos,2,1
NEGROS OCCIDENTAL,MOISES PADILLA (MAGALLON),chicken,bilog,1,bilog,2,3
NEGROS OCCIDENTAL,PONTEVEDRA,chicken,bilog,1,bilog,2,3
NEGROS OCCIDENTAL,SALVADOR BENEDICTO,"liquor (e.g, whisky, coconut wine)",long-neck,1,long-neck,2,1
NEGROS OCCIDENTAL,SAN ENRIQUE,chicken,bilog,1,bilog,2,1
NEGROS OCCIDENTAL,VALLADOLID,chicken,bilog,1,bilog,2,1
ANTIQUE,SIBALOM,"ice cream, sorbet, edible ice (eg., ice-lolli, halo-halo)",small cup,4,gamay nga cup | gamay nga tasa | small cup | small cup (translate),1,1
ILOILO,AJUY,cabbage,pack,4,pack | pack shredded cabbbage | packs | shredded cabbage(pack),1,1
AKLAN,BURUANGA,"crackers, cookies, buiscuits, chips/curls",pieces or units,3,bilog | binilog | pieces or units,1,1
AKLAN,IBAJAY,carrot,pieces or units,3,bilog | binilog | piraso,1,1
AKLAN,IBAJAY,"ice cream, sorbet, edible ice (eg., ice-lolli, halo-halo)",pieces or units,3,bilog | binilog | piraso,1,1
AKLAN,MADALAG,"ice cream, sorbet, edible ice (eg., ice-lolli, halo-halo)",pieces or units,3,binilog | pieces or units | piraso,1,1
AKLAN,MALAY,carrot,pieces or units,3,bilog | binilog | piraso,1,1
ANTIQUE,CULASI,loaf bread,large packs,3,dalagku nga putos | daragkul nga putos | large,1,1
ANTIQUE,PANDAN,carrot,pieces or units,3,bilog | binilog | piraso,1,1
ANTIQUE,PANDAN,loaf bread,large packs,3,dalagku nga putos | daragkul nga putos | malaking packs,1,1
ANTIQUE,PATNONGON,"ice cream, sorbet, edible ice (eg., ice-lolli, halo-halo)",small cup,3,gamay nga cup | gamay nga tasa | small cup (translate),1,1
CAPIZ,SIGMA,fresh fish,pack,3,per putos ung binibili na isda | putos | putos(per pack),1,1
ILOILO,ALIMODIAN,loaf bread,large packs,3,dalagku nga putos | daragkul nga putos | large,1,1
ILOILO,BAROTAC VIEJO,loaf bread,small packs,3,gagmay nga putos | small | small packs,1,1
ILOILO,BATAD,loaf bread,small packs,3,gagmay nga putos | small | small packs,1,1
ILOILO,SAN JOAQUIN,"ice cream, sorbet, edible ice (eg., ice-lolli, halo-halo)",pieces or units,3,bilog | binilog | pieces or units,1,1
AKLAN,ALTAVAS,cabbage,pieces or units,2,bilog | binilog,1,1
AKLAN,ALTAVAS,carrot,pieces or units,2,bilog | binilog,1,1
AKLAN,BATAN,carrot,pieces or units,2,bilog | binilog,1,1
AKLAN,BATAN,loaf bread,small packs,2,maisot nga putos | small,1,1
AKLAN,BURUANGA,"liquor (e.g, whisky, coconut wine)",lipid/lapad,2,lapad | lipid / lapad,1,1
AKLAN,IBAJAY,cabbage,pieces or units,2,bilog | binilog,1,1
AKLAN,IBAJAY,"ice cream, sorbet, edible ice (eg., ice-lolli, halo-halo)",small cup,2,gamay nga cup | maisot nga tasa,1,1
AKLAN,IBAJAY,loaf bread,large packs,2,large | mabahoe nga putos,1,1
AKLAN,IBAJAY,loaf bread,medium packs,2,kasarangan nga putos | medium,1,1
AKLAN,IBAJAY,loaf bread,small packs,2,maisot nga putos | small,1,1
AKLAN,LIBACAO,carrot,pieces or units,2,bilog | binilog,1,1
AKLAN,LIBACAO,"ice cream, sorbet, edible ice (eg., ice-lolli, halo-halo)",small cup,2,gamay nga cup | maisot nga tasa,1,1
AKLAN,LIBACAO,loaf bread,small packs,2,maisot nga putos | small,1,1
AKLAN,MADALAG,carrot,pieces or units,2,bilog | binilog,1,1
AKLAN,MADALAG,"crackers, cookies, buiscuits, chips/curls",pieces or units,2,binilog | pieces or units,1,1
AKLAN,MALAY,"ice cream, sorbet, edible ice (eg., ice-lolli, halo-halo)",pieces or units,2,bilog | binilog,1,1
AKLAN,MALAY,loaf bread,medium packs,2,kasarangan nga putos | medium,1,1
AKLAN,MALAY,loaf bread,small packs,2,maisot nga putos | small,1,1
AKLAN,NABAS,loaf bread,large packs,2,large | mabahoe nga putos,1,1
ANTIQUE,BELISON,cabbage,pieces or units,2,bilog | binilog,1,1
ANTIQUE,BELISON,carrot,pieces or units,2,bilog | binilog,1,1
ANTIQUE,BELISON,loaf bread,large packs,2,daragkul nga putos | large,1,1
ANTIQUE,BUGASONG,cabbage,pieces or units,2,bilog | binilog,1,1
ANTIQUE,BUGASONG,carrot,pieces or units,2,bilog | binilog,1,1
ANTIQUE,BUGASONG,"ice cream, sorbet, edible ice (eg., ice-lolli, halo-halo)",pieces or units,2,bilog | binilog,1,1
ANTIQUE,BUGASONG,loaf bread,medium packs,2,medium | medium nga putos,1,1
ANTIQUE,CULASI,cabbage,pieces or units,2,bilog | binilog,1,1
ANTIQUE,CULASI,carrot,pieces or units,2,bilog | binilog,1,1
ANTIQUE,CULASI,"crackers, cookies, buiscuits, chips/curls",pieces or units,2,bilog | piraso,1,1
ANTIQUE,CULASI,"ice cream, sorbet, edible ice (eg., ice-lolli, halo-halo)",small cup,2,gamay nga tasa | small cup (translate),1,1
ANTIQUE,CULASI,loaf bread,small packs,2,gagmay nga putos | small,1,1
ANTIQUE,HAMTIC,carrot,pieces or units,2,bilog | binilog,1,1
ANTIQUE,HAMTIC,"ice cream, sorbet, edible ice (eg., ice-lolli, halo-halo)",pieces or units,2,bilog | pieces or units,1,1
ANTIQUE,LAUA-AN,cabbage,pieces or units,2,bilog | binilog,1,1
ANTIQUE,LIBERTAD,cabbage,pack,2,pack | per pack,1,1
ANTIQUE,LIBERTAD,cabbage,pieces or units,2,bilog | binilog,1,1
ANTIQUE,LIBERTAD,chicken,whole (chicken),2,bilog nga manok | whole (chicken),1,1
ANTIQUE,LIBERTAD,fresh fish,pieces or units,2,bilog | binilog,1,1
ANTIQUE,LIBERTAD,"ice cream, sorbet, edible ice (eg., ice-lolli, halo-halo)",pieces or units,2,bilog | binilog,1,1
ANTIQUE,PANDAN,cabbage,pieces or units,2,bilog | binilog,1,1
ANTIQUE,PANDAN,chicken,whole (chicken),2,bilog nga manok | whole (chicken),1,1
ANTIQUE,PANDAN,"ice cream, sorbet, edible ice (eg., ice-lolli, halo-halo)",small cup,2,gamay nga tasa | small cup (translate),1,1
ANTIQUE,PATNONGON,carrot,pieces or units,2,bilog | binilog,1,1
ANTIQUE,PATNONGON,fresh fish,pieces or units,2,bilog | binilog,1,1
ANTIQUE,PATNONGON,fresh fish,tumpok,2,tumpok | tupok,1,1
ANTIQUE,PATNONGON,"ice cream, sorbet, edible ice (eg., ice-lolli, halo-halo)",pieces or units,2,bilog | binilog,1,1
ANTIQUE,PATNONGON,loaf bread,medium packs,2,medium | medium nga putos,1,1
ANTIQUE,SAN REMIGIO,carrot,pieces or units,2,bilog | binilog,1,1
ANTIQUE,SAN REMIGIO,"ice cream, sorbet, edible ice (eg., ice-lolli, halo-halo)",pieces or units,2,bilog | binilog,1,1
ANTIQUE,SEBASTE,cabbage,pieces or units,2,bilog | binilog,1,1
ANTIQUE,SEBASTE,carrot,pieces or units,2,bilog | binilog,1,1
ANTIQUE,SEBASTE,"ice cream, sorbet, edible ice (eg., ice-lolli, halo-halo)",pieces or units,2,bilog | binilog,1,1
ANTIQUE,SEBASTE,loaf bread,medium packs,2,medium | medium nga putos,1,1
ANTIQUE,SIBALOM,carrot,pieces or units,2,bilog | binilog,1,1
ANTIQUE,SIBALOM,"ice cream, sorbet, edible ice (eg., ice-lolli, halo-halo)",pieces or units,2,bilog | binilog,1,1
ANTIQUE,SIBALOM,loaf bread,small packs,2,gagmay nga putos | small,1,1
ANTIQUE,SIBALOM,mango,pieces or units,2,bilog | binilog,1,1
ANTIQUE,TIBIAO,chicken,whole (chicken),2,bilog nga manok | whole (chicken),1,1
ANTIQUE,TIBIAO,"ice cream, sorbet, edible ice (eg., ice-lolli, halo-halo)",small cup,2,gamay nga cup | small cup (translate),1,1
ANTIQUE,TOBIAS FORNIER,cabbage,pieces or units,2,bilog | binilog,1,1
ANTIQUE,TOBIAS FORNIER,carrot,pieces or units,2,bilog | binilog,1,1
ANTIQUE,TOBIAS FORNIER,loaf bread,large packs,2,daragkul nga putos | large packs,1,1
ANTIQUE,VALDERRAMA,cabbage,pieces or units,2,bilog | binilog,1,1
ANTIQUE,VALDERRAMA,carrot,pieces or units,2,bilog | binilog,1,1
ANTIQUE,VALDERRAMA,"ice cream, sorbet, edible ice (eg., ice-lolli, halo-halo)",pieces or units,2,bilog | binilog,1,1
ANTIQUE,VALDERRAMA,"preserved or processed meat (tocino, tapa, longaniza, etc)",cans,2,can | lata,1,1
CAPIZ,DAO,cabbage,putos (mix vegetable),2,mix-mix cabbage and carrots | putos /mix mix,1,1
CAPIZ,DUMARAO,cabbage,pack,2,pack | packs,1,1
CAPIZ,IVISAN,"ice cream, sorbet, edible ice (eg., ice-lolli, halo-halo)",small cup,2,gamay nga cup | gmay nga cup,1,1
CAPIZ,IVISAN,loaf bread,medium packs,2,medium | medium packs,1,1
CAPIZ,JAMINDAN,"ice cream, sorbet, edible ice (eg., ice-lolli, halo-halo)",small cup,2,gamay nga cup | maisot nga tasa,1,1
CAPIZ,JAMINDAN,mango,pieces or units,2,bilog | binilog,1,1
CAPIZ,MAMBUSAO,loaf bread,large packs,2,dalagku nga putos | large,1,1
CAPIZ,MAMBUSAO,loaf bread,small packs,2,gagmay nga putos | small,1,1
CAPIZ,PANITAN,loaf bread,small packs,2,gagmay nga putos | small,1,1
CAPIZ,PILAR,fresh fish,pack,2,packs | repack,1,1
CAPIZ,PILAR,"ice cream, sorbet, edible ice (eg., ice-lolli, halo-halo)",cone,2,cone | cone of an ice cream,1,1
CAPIZ,PILAR,loaf bread,small packs,2,gagmay nga putos | small,1,1
CAPIZ,SAPI-AN,"preserved or processed meat (tocino, tapa, longaniza, etc)",pieces or units,2,binilog | piraso,1,1
CAPIZ,TAPAZ,"ice cream, sorbet, edible ice (eg., ice-lolli, halo-halo)",small cup,2,gamay nga cup | gmay nga cup,1,1
CAPIZ,TAPAZ,loaf bread,small packs,2,gagmay nga putos | small,1,1
ILOILO,ALIMODIAN,carrot,pieces or units,2,bilog | binilog,1,1
ILOILO,BADIANGAN,"ice cream, sorbet, edible ice (eg., ice-lolli, halo-halo)",small cup,2,gamay nga cup | gmay nga cup,1,1
ILOILO,BADIANGAN,loaf bread,small packs,2,gagmay nga putos | small,1,1
ILOILO,BALASAN,carrot,pieces or units,2,bilog | pieces or units,1,1
ILOILO,BANATE,cabbage,pieces or units,2,bilog | pieces or units,1,1
ILOILO,BANATE,carrot,pieces or units,2,bilog | pieces or units,1,1
ILOILO,BANATE,loaf bread,large packs,2,dalagku nga putos | large,1,1
ILOILO,BANATE,loaf bread,medium packs,2,medium | medium packs,1,1
ILOILO,BAROTAC VIEJO,cabbage,pack,2,"pack | pack,shredded",1,1
ILOILO,BAROTAC VIEJO,carrot,pieces or units,2,bilog | pieces or units,1,1
ILOILO,BAROTAC VIEJO,"crackers, cookies, buiscuits, chips/curls",pieces or units,2,bilog | pieces or units,1,1
ILOILO,BAROTAC VIEJO,fresh fish,tumpok,2,isang tumpok | tumpok,1,1
ILOILO,BAROTAC VIEJO,"ice cream, sorbet, edible ice (eg., ice-lolli, halo-halo)",pieces or units,2,bilog | pieces or units,1,1
ILOILO,BAROTAC VIEJO,"ice cream, sorbet, edible ice (eg., ice-lolli, halo-halo)",small cup,2,gamay nga cup | gmay nga cup,1,1
ILOILO,BAROTAC VIEJO,loaf bread,large packs,2,dalagku nga putos | large,1,1
ILOILO,BATAD,"ice cream, sorbet, edible ice (eg., ice-lolli, halo-halo)",small cup,2,gamay nga cup | gmay nga cup,1,1
ILOILO,BINGAWAN,loaf bread,large packs,2,dalagku nga putos | large,1,1
ILOILO,CABATUAN,loaf bread,medium packs,2,medium | medium packs,1,1
ILOILO,CALINOG,loaf bread,large packs,2,large | large packs,1,1
ILOILO,CALINOG,loaf bread,medium packs,2,medium | medium packs,1,1
ILOILO,CONCEPCION,cabbage,pieces or units,2,bilog | pieces or units,1,1
ILOILO,CONCEPCION,"ice cream, sorbet, edible ice (eg., ice-lolli, halo-halo)",pieces or units,2,bilog | pieces or units,1,1
ILOILO,CONCEPCION,loaf bread,medium packs,2,medium | medium packs,1,1
ILOILO,DINGLE,cabbage,pack,2,pack | putos,1,1
ILOILO,DINGLE,carrot,pack,2,pack | putos,1,1
ILOILO,DINGLE,loaf bread,small packs,2,gagmay nga putos | small,1,1
ILOILO,DUEAS,loaf bread,small packs,2,gagmay nga putos | small,1,1
ILOILO,DUMANGAS,cabbage,pack,2,pack | putos,1,1
ILOILO,DUMANGAS,carrot,pieces or units,2,bilog | piraso,1,1
ILOILO,GUIMBAL,cabbage,pieces or units,2,bilog | binilog,1,1
ILOILO,GUIMBAL,carrot,pieces or units,2,bilog | binilog,1,1
ILOILO,GUIMBAL,loaf bread,large packs,2,daragkul nga putos | large,1,1
ILOILO,GUIMBAL,loaf bread,medium packs,2,medium | medium nga putos,1,1
ILOILO,IGBARAS,cabbage,pack,2,pack | putos,1,1
ILOILO,IGBARAS,carrot,pack,2,pack | putos,1,1
ILOILO,IGBARAS,loaf bread,small packs,2,gagmay nga putos | small,1,1
ILOILO,JANIUAY,cabbage,pieces or units,2,bilog | binilog,1,1
ILOILO,JANIUAY,"ice cream, sorbet, edible ice (eg., ice-lolli, halo-halo)",pieces or units,2,bilog | binilog,1,1
ILOILO,LAMBUNAO,cabbage,pieces or units,2,bilog | binilog,1,1
ILOILO,LAMBUNAO,carrot,pieces or units,2,bilog | binilog,1,1
ILOILO,LAMBUNAO,"ice cream, sorbet, edible ice (eg., ice-lolli, halo-halo)",pieces or units,2,bilog | binilog,1,1
ILOILO,LAMBUNAO,loaf bread,medium packs,2,medium | medium nga putos,1,1
ILOILO,LAMBUNAO,loaf bread,small packs,2,gagmay nga putos | small,1,1
ILOILO,LEGANES,cabbage,pieces or units,2,bilog | piraso,1,1
ILOILO,LEGANES,carrot,pieces or units,2,bilog | piraso,1,1
ILOILO,LEMERY,"ice cream, sorbet, edible ice (eg., ice-lolli, halo-halo)",small cup,2,gamay nga cup | small cup,1,1
ILOILO,LEMERY,loaf bread,medium packs,2,medium | medium packs,1,1
ILOILO,LEON,carrot,pieces or units,2,bilog | binilog,1,1
ILOILO,LEON,"ice cream, sorbet, edible ice (eg., ice-lolli, halo-halo)",cone,2,cone | ice cream in cone,1,1
ILOILO,LEON,"ice cream, sorbet, edible ice (eg., ice-lolli, halo-halo)",pieces or units,2,bilog | binilog,1,1
ILOILO,LEON,loaf bread,large packs,2,daragkul nga putos | large,1,1
ILOILO,LEON,loaf bread,medium packs,2,medium | medium nga putos,1,1
ILOILO,LEON,loaf bread,small packs,2,gagmay nga putos | small,1,1
ILOILO,MAASIN,cabbage,pieces or units,2,bilog | pieces or units,1,1
ILOILO,MIAGAO,carrot,pieces or units,2,bilog | binilog,1,1
ILOILO,MIAGAO,fresh fish,pieces or units,2,bilog | binilog,1,1
ILOILO,MIAGAO,"ice cream, sorbet, edible ice (eg., ice-lolli, halo-halo)",pieces or units,2,bilog | binilog,1,1
ILOILO,MIAGAO,loaf bread,medium packs,2,medium | medium nga putos,1,1
ILOILO,POTOTAN,loaf bread,small packs,2,gagmay nga putos | small,1,1
ILOILO,SAN ENRIQUE,carrot,pieces or units,2,bilog | pieces or units,1,1
ILOILO,SAN ENRIQUE,"ice cream, sorbet, edible ice (eg., ice-lolli, halo-halo)",small cup,2,gamay nga cup | gmay nga cup,1,1
ILOILO,SAN JOAQUIN,loaf bread,medium packs,2,medium | medium nga putos,1,1
ILOILO,SAN JOAQUIN,loaf bread,small packs,2,gagmay nga putos | small,1,1
ILOILO,SAN RAFAEL,loaf bread,small packs,2,gagmay nga putos | small,1,1
ILOILO,TIGBAUAN,cabbage,pieces or units,2,bilog | pieces or units,1,1
ILOILO,TIGBAUAN,carrot,pieces or units,2,bilog | pieces or units,1,1
ILOILO,TUBUNGAN,cabbage,pieces or units,2,bilog | binilog,1,1
ILOILO,TUBUNGAN,carrot,pieces or units,2,bilog | binilog,1,1
ILOILO,TUBUNGAN,fresh fish,pieces or units,2,bilog | binilog,1,1
ILOILO,TUBUNGAN,"ice cream, sorbet, edible ice (eg., ice-lolli, halo-halo)",pieces or units,2,bilog | binilog,1,1
ILOILO,TUBUNGAN,mango,pieces or units,2,bilog | binilog,1,1
NEGROS OCCIDENTAL,CALATRAVA,chicken,whole (chicken),2,tibuok na manok | whole (chicken),1,1
NEGROS OCCIDENTAL,HINOBA-AN (ASIA),loaf bread,large packs,2,dagko nga pakete | large,1,1
NEGROS OCCIDENTAL,HINOBA-AN (ASIA),loaf bread,medium packs,2,medium | medium nga pakete,1,1
NEGROS OCCIDENTAL,ILOG,"ice cream, sorbet, edible ice (eg., ice-lolli, halo-halo)",small cup,2,gamay na tasa | gamay nga cup,1,1
NEGROS OCCIDENTAL,TOBOSO,loaf bread,small packs,2,gagmay nga pakete | small,1,1
NEGROS OCCIDENTAL,VALLADOLID,cabbage,pieces or units,2,bilog | pieces or units,1,1
NEGROS OCCIDENTAL,VALLADOLID,carrot,pieces or units,2,bilog | pieces or units,1,1
AKLAN,ALTAVAS,camote,binilog,1,binilog,1,1
AKLAN,ALTAVAS,camote tops,bugkos,1,bugkos,1,1
AKLAN,ALTAVAS,camote tops,bundle,1,bundle,1,1
AKLAN,ALTAVAS,chicken,bilog,1,bilog,1,1
AKLAN,ALTAVAS,"crackers, cookies, buiscuits, chips/curls",pieces or units,1,binilog,1,1
AKLAN,ALTAVAS,"drinks at restaurant, hotel, cafe, or kiosk",pieces,1,pieces,1,1
AKLAN,ALTAVAS,"ice cream, sorbet, edible ice (eg., ice-lolli, halo-halo)",putos,1,putos,1,1
AKLAN,ALTAVAS,loaf bread,small packs,1,maisot nga putos,1,1
AKLAN,ALTAVAS,pork,slice,1,slice,1,1
AKLAN,ALTAVAS,"preserved or processed meat (tocino, tapa, longaniza, etc)",bilog,1,bilog,1,1
AKLAN,ALTAVAS,"preserved or processed meat (tocino, tapa, longaniza, etc)",cans,1,lata,1,1
AKLAN,ALTAVAS,rice,gantang,1,ganta,1,1
AKLAN,ALTAVAS,rice,letse,1,letse,1,1
AKLAN,BANGA,camote tops,bundle,1,bundle,1,1
AKLAN,BANGA,carrot,pieces or units,1,binilog,1,1
AKLAN,BANGA,"ice cream, sorbet, edible ice (eg., ice-lolli, halo-halo)",pieces or units,1,binilog,1,1
AKLAN,BANGA,"ice cream, sorbet, edible ice (eg., ice-lolli, halo-halo)",putos,1,putos,1,1
AKLAN,BANGA,loaf bread,large packs,1,mabahoe nga putos,1,1
AKLAN,BANGA,loaf bread,medium packs,1,kasarangan nga putos,1,1
AKLAN,BANGA,mango,pieces or units,1,binilog,1,1
AKLAN,BANGA,"preserved or processed meat (tocino, tapa, longaniza, etc)",pieces or units,1,binilog,1,1
AKLAN,BATAN,camote tops,bugkos,1,bugkos,1,1
AKLAN,BATAN,camote tops,bundle,1,bundle,1,1
AKLAN,BATAN,chicken,pieces or units,1,binilog,1,1
AKLAN,BATAN,chicken,whole (chicken),1,whole (chicken),1,1
AKLAN,BATAN,"crackers, cookies, buiscuits, chips/curls",pack,1,packs,1,1
AKLAN,BATAN,"crackers, cookies, buiscuits, chips/curls",pieces or units,1,binilog,1,1
AKLAN,BATAN,fresh fish,pieces or units,1,binilog,1,1
AKLAN,BATAN,"ice cream, sorbet, edible ice (eg., ice-lolli, halo-halo)",pieces or units,1,binilog,1,1
AKLAN,BATAN,"ice cream, sorbet, edible ice (eg., ice-lolli, halo-halo)",putos,1,putos,1,1
AKLAN,BATAN,mango,pieces or units,1,binilog,1,1
AKLAN,BATAN,"preserved or processed meat (tocino, tapa, longaniza, etc)",bilog,1,bilog,1,1
AKLAN,BATAN,"preserved or processed meat (tocino, tapa, longaniza, etc)",cans,1,lata,1,1
AKLAN,BATAN,"preserved or processed meat (tocino, tapa, longaniza, etc)",putos,1,putos,1,1
AKLAN,BATAN,rice,gantang,1,ganta,1,1
AKLAN,BURUANGA,cabbage,pieces or units,1,binilog,1,1
AKLAN,BURUANGA,cabbage,small packs,1,small pack for pancit (noodles),1,1
AKLAN,BURUANGA,camote,binilog,1,binilog,1,1
AKLAN,BURUANGA,camote tops,bundle,1,bundle,1,1
AKLAN,BURUANGA,chicken,pieces or units,1,binilog,1,1
AKLAN,BURUANGA,"crackers, cookies, buiscuits, chips/curls",pack,1,packs,1,1
AKLAN,BURUANGA,"ice cream, sorbet, edible ice (eg., ice-lolli, halo-halo)",pack,1,packs,1,1
AKLAN,BURUANGA,"ice cream, sorbet, edible ice (eg., ice-lolli, halo-halo)",pieces or units,1,binilog,1,1
AKLAN,BURUANGA,"ice cream, sorbet, edible ice (eg., ice-lolli, halo-halo)",small cup,1,maisot nga tasa,1,1
AKLAN,BURUANGA,loaf bread,large packs,1,dalagku nga putos,1,1
AKLAN,BURUANGA,loaf bread,medium packs,1,kasarangan nga putos,1,1
AKLAN,BURUANGA,loaf bread,tama-tama nga putos,1,tama-tama nga putos,1,1
AKLAN,BURUANGA,"prawns, lobster, shrimp",tumpok,1,tumpok,1,1
AKLAN,BURUANGA,"preserved or processed meat (tocino, tapa, longaniza, etc)",pieces or units,1,binilog,1,1
AKLAN,BURUANGA,"preserved or processed meat (tocino, tapa, longaniza, etc)",putos,1,putos,1,1
AKLAN,BURUANGA,rice,letse,1,letse,1,1
AKLAN,IBAJAY,camote,binilog,1,binilog,1,1
AKLAN,IBAJAY,camote tops,bugkos,1,bugkos,1,1
AKLAN,IBAJAY,camote tops,bundle,1,bundle,1,1
AKLAN,IBAJAY,chicken,whole (chicken),1,whole (chicken),1,1
AKLAN,IBAJAY,fresh fish,pieces or units,1,binilog,1,1
AKLAN,IBAJAY,"ice cream, sorbet, edible ice (eg., ice-lolli, halo-halo)",putos,1,putos,1,1
AKLAN,IBAJAY,mango,pieces or units,1,binilog,1,1
AKLAN,IBAJAY,"preserved or processed meat (tocino, tapa, longaniza, etc)",pack,1,packs,1,1
AKLAN,LIBACAO,cabbage,pieces or units,1,binilog,1,1
AKLAN,LIBACAO,camote tops,bugkos,1,bugkos,1,1
AKLAN,LIBACAO,camote tops,bundle,1,bundle,1,1
AKLAN,LIBACAO,chicken,bilog,1,bilog,1,1
AKLAN,LIBACAO,"crackers, cookies, buiscuits, chips/curls",pieces or units,1,binilog,1,1
AKLAN,LIBACAO,"crackers, cookies, buiscuits, chips/curls",putos,1,putos,1,1
AKLAN,LIBACAO,"ice cream, sorbet, edible ice (eg., ice-lolli, halo-halo)",pieces or units,1,binilog,1,1
AKLAN,LIBACAO,"ice cream, sorbet, edible ice (eg., ice-lolli, halo-halo)",putos,1,putos,1,1
AKLAN,LIBACAO,mango,pieces or units,1,binilog,1,1
AKLAN,LIBACAO,"prawns, lobster, shrimp",tumpok,1,tumpok,1,1
AKLAN,LIBACAO,"preserved or processed meat (tocino, tapa, longaniza, etc)",bilog,1,bilog,1,1
AKLAN,LIBACAO,"preserved or processed meat (tocino, tapa, longaniza, etc)",pieces or units,1,binilog,1,1
AKLAN,LIBACAO,rice,salmon,1,salmon,1,1
AKLAN,MADALAG,camote,binilog,1,binilog,1,1
AKLAN,MADALAG,camote tops,bugkos,1,bugkos,1,1
AKLAN,MADALAG,camote tops,bundle,1,bundle,1,1
AKLAN,MADALAG,fresh fish,pieces or units,1,binilog,1,1
AKLAN,MADALAG,"ice cream, sorbet, edible ice (eg., ice-lolli, halo-halo)",putos,1,putos,1,1
AKLAN,MADALAG,"ice cream, sorbet, edible ice (eg., ice-lolli, halo-halo)",small cup,1,maisot nga tasa,1,1
AKLAN,MADALAG,"liquor (e.g, whisky, coconut wine)",long-neck,1,long-neck,1,1
AKLAN,MADALAG,"prawns, lobster, shrimp",tumpok,1,tumpok,1,1
AKLAN,MAKATO,cabbage,pieces or units,1,binilog,1,1
AKLAN,MAKATO,camote tops,bundle,1,bundle,1,1
AKLAN,MAKATO,carrot,pieces or units,1,binilog,1,1
AKLAN,MAKATO,"crackers, cookies, buiscuits, chips/curls",pieces or units,1,binilog,1,1
AKLAN,MAKATO,fresh fish,pieces or units,1,binilog,1,1
AKLAN,MAKATO,"ice cream, sorbet, edible ice (eg., ice-lolli, halo-halo)",pieces or units,1,binilog,1,1
AKLAN,MAKATO,"ice cream, sorbet, edible ice (eg., ice-lolli, halo-halo)",small cup,1,maisot nga tasa,1,1
AKLAN,MAKATO,"liquor (e.g, whisky, coconut wine)",lipid/lapad,1,lapad,1,1
AKLAN,MAKATO,loaf bread,small packs,1,maisot nga putos,1,1
AKLAN,MAKATO,mango,pieces or units,1,binilog,1,1
AKLAN,MAKATO,"prawns, lobster, shrimp",tumpok,1,tumpok,1,1
AKLAN,MAKATO,"preserved or processed meat (tocino, tapa, longaniza, etc)",putos,1,putos,1,1
AKLAN,MALAY,camote,binilog,1,binilog,1,1
AKLAN,MALAY,camote tops,bugkos,1,bugkos,1,1
AKLAN,MALAY,camote tops,bundle,1,bundle,1,1
AKLAN,MALAY,"crackers, cookies, buiscuits, chips/curls",pieces or units,1,binilog,1,1
AKLAN,MALAY,"drinks at restaurant, hotel, cafe, or kiosk",pieces,1,pieces,1,1
AKLAN,MALAY,"ice cream, sorbet, edible ice (eg., ice-lolli, halo-halo)",putos,1,putos,1,1
AKLAN,MALAY,mango,pieces or units,1,binilog,1,1
AKLAN,MALAY,"prawns, lobster, shrimp",tumpok,1,tumpok,1,1
AKLAN,MALAY,"preserved or processed meat (tocino, tapa, longaniza, etc)",bilog,1,bilog,1,1
AKLAN,MALAY,"preserved or processed meat (tocino, tapa, longaniza, etc)",pieces or units,1,binilog,1,1
AKLAN,MALAY,rice,gantang,1,ganta,1,1
AKLAN,MALINAO,cabbage,pieces or units,1,binilog,1,1
AKLAN,MALINAO,camote tops,2bond,1,2bond,1,1
AKLAN,MALINAO,camote tops,3bugkos,1,3bugkos,1,1
AKLAN,MALINAO,camote tops,bugkos,1,1bugkus,1,1
AKLAN,MALINAO,camote tops,bundle,1,bundle,1,1
AKLAN,MALINAO,carrot,pieces or units,1,binilog,1,1
AKLAN,MALINAO,"crackers, cookies, buiscuits, chips/curls",pack,1,packs,1,1
AKLAN,MALINAO,"drinks at restaurant, hotel, cafe, or kiosk",pieces,1,pieces,1,1
AKLAN,MALINAO,fresh fish,pieces or units,1,binilog,1,1
AKLAN,MALINAO,"ice cream, sorbet, edible ice (eg., ice-lolli, halo-halo)",pieces or units,1,binilog,1,1
AKLAN,MALINAO,"ice cream, sorbet, edible ice (eg., ice-lolli, halo-halo)",putos,1,putos,1,1
AKLAN,MALINAO,"ice cream, sorbet, edible ice (eg., ice-lolli, halo-halo)",small cup,1,maisot nga tasa,1,1
AKLAN,MALINAO,loaf bread,100pcs of pandesal,1,100pcs of pandesal,1,1
AKLAN,MALINAO,loaf bread,medium packs,1,kasarangan nga putos,1,1
AKLAN,MALINAO,"prawns, lobster, shrimp",tumpok,1,tumpok,1,1
AKLAN,MALINAO,"preserved or processed meat (tocino, tapa, longaniza, etc)",pieces or units,1,binilog,1,1
AKLAN,MALINAO,rice,gantang,1,ganta,1,1
AKLAN,NABAS,cabbage,pieces or units,1,binilog,1,1
AKLAN,NABAS,camote tops,bugkos,1,bugkos,1,1
AKLAN,NABAS,camote tops,bundle,1,bundle,1,1
AKLAN,NABAS,carrot,pieces or units,1,binilog,1,1
AKLAN,NABAS,chicken,whole (chicken),1,whole (chicken),1,1
AKLAN,NABAS,"ice cream, sorbet, edible ice (eg., ice-lolli, halo-halo)",small cup,1,maisot nga tasa,1,1
AKLAN,NABAS,"preserved or processed meat (tocino, tapa, longaniza, etc)",pieces or units,1,binilog,1,1
AKLAN,NEW WASHINGTON,cabbage,pieces or units,1,binilog,1,1
AKLAN,NEW WASHINGTON,camote tops,bugkos,1,bugkos,1,1
AKLAN,NEW WASHINGTON,camote tops,bundle,1,bundle,1,1
AKLAN,NEW WASHINGTON,carrot,pieces or units,1,binilog,1,1
AKLAN,NEW WASHINGTON,"crackers, cookies, buiscuits, chips/curls",putos,1,putos,1,1
AKLAN,NEW WASHINGTON,"ice cream, sorbet, edible ice (eg., ice-lolli, halo-halo)",pieces or units,1,binilog,1,1
AKLAN,NEW WASHINGTON,"liquor (e.g, whisky, coconut wine)",long-neck,1,long-neck,1,1
AKLAN,NEW WASHINGTON,loaf bread,large packs,1,mabahoe nga putos,1,1
AKLAN,NEW WASHINGTON,loaf bread,medium packs,1,kasarangan nga putos,1,1
AKLAN,NEW WASHINGTON,loaf bread,small packs,1,maisot nga putos,1,1
AKLAN,NEW WASHINGTON,"prawns, lobster, shrimp",tumpok,1,tumpok,1,1
AKLAN,NEW WASHINGTON,"preserved or processed meat (tocino, tapa, longaniza, etc)",putos,1,putos,1,1
AKLAN,TANGALAN,cabbage,pieces or units,1,binilog,1,1
AKLAN,TANGALAN,camote tops,bundle,1,bundle,1,1
AKLAN,TANGALAN,carrot,pieces or units,1,binilog,1,1
AKLAN,TANGALAN,chicken,whole (chicken),1,whole (chicken),1,1
AKLAN,TANGALAN,"crackers, cookies, buiscuits, chips/curls",pieces or units,1,binilog,1,1
AKLAN,TANGALAN,"ice cream, sorbet, edible ice (eg., ice-lolli, halo-halo)",pieces or units,1,binilog,1,1
AKLAN,TANGALAN,"liquor (e.g, whisky, coconut wine)",lipid/lapad,1,lapad,1,1
AKLAN,TANGALAN,"liquor (e.g, whisky, coconut wine)",long-neck,1,long-neck,1,1
AKLAN,TANGALAN,loaf bread,large packs,1,mabahoe nga putos,1,1
AKLAN,TANGALAN,loaf bread,medium packs,1,kasarangan nga putos,1,1
AKLAN,TANGALAN,"prawns, lobster, shrimp",tumpok,1,tumpok,1,1
AKLAN,TANGALAN,"preserved or processed meat (tocino, tapa, longaniza, etc)",pieces or units,1,binilog,1,1
ANTIQUE,BARBAZA,cabbage,pieces or units,1,bilog,1,1
ANTIQUE,BARBAZA,camote,bilog,1,bilog,1,1
ANTIQUE,BARBAZA,camote tops,bundle,1,bundle,1,1
ANTIQUE,BARBAZA,carrot,pieces or units,1,bilog,1,1
ANTIQUE,BARBAZA,"drinks at restaurant, hotel, cafe, or kiosk",pieces,1,pieces,1,1
ANTIQUE,BARBAZA,fresh fish,pieces or units,1,bilog,1,1
ANTIQUE,BARBAZA,"ice cream, sorbet, edible ice (eg., ice-lolli, halo-halo)",pieces or units,1,bilog,1,1
ANTIQUE,BARBAZA,"liquor (e.g, whisky, coconut wine)",long-neck,1,long-neck,1,1
ANTIQUE,BARBAZA,mango,pieces or units,1,bilog,1,1
ANTIQUE,BARBAZA,"preserved or processed meat (tocino, tapa, longaniza, etc)",bilog,1,bilog,1,1
ANTIQUE,BARBAZA,rice,letse,1,letse,1,1
ANTIQUE,BELISON,camote,binilog,1,binilog,1,1
ANTIQUE,BELISON,camote tops,bugkos,1,bugkos,1,1
ANTIQUE,BELISON,"ice cream, sorbet, edible ice (eg., ice-lolli, halo-halo)",putos,1,putos,1,1
ANTIQUE,BELISON,"liquor (e.g, whisky, coconut wine)",bul,1,bul,1,1
ANTIQUE,BELISON,"liquor (e.g, whisky, coconut wine)",gin,1,gin,1,1
ANTIQUE,BELISON,"liquor (e.g, whisky, coconut wine)",jr,1,jr,1,1
ANTIQUE,BELISON,"liquor (e.g, whisky, coconut wine)",long-neck,1,long-neck,1,1
ANTIQUE,BELISON,loaf bread,medium packs,1,medium nga putos,1,1
ANTIQUE,BELISON,"prawns, lobster, shrimp",tumpok,1,tumpok,1,1
ANTIQUE,BELISON,"preserved or processed meat (tocino, tapa, longaniza, etc)",bilog,1,bilog,1,1
ANTIQUE,BUGASONG,camote,bilog,1,bilog,1,1
ANTIQUE,BUGASONG,camote tops,bugkos,1,bugkos,1,1
ANTIQUE,BUGASONG,camote tops,bundle,1,bundle,1,1
ANTIQUE,BUGASONG,"crackers, cookies, buiscuits, chips/curls",pieces or units,1,bilog,1,1
ANTIQUE,BUGASONG,"ice cream, sorbet, edible ice (eg., ice-lolli, halo-halo)",putos,1,putos,1,1
ANTIQUE,BUGASONG,loaf bread,small packs,1,gagmay nga putos,1,1
ANTIQUE,BUGASONG,mango,pieces or units,1,binilog,1,1
ANTIQUE,BUGASONG,"prawns, lobster, shrimp",tumpok,1,tumpok,1,1
ANTIQUE,BUGASONG,"preserved or processed meat (tocino, tapa, longaniza, etc)",bilog,1,bilog,1,1
ANTIQUE,BUGASONG,"preserved or processed meat (tocino, tapa, longaniza, etc)",cans,1,lata,1,1
ANTIQUE,BUGASONG,rice,letse,1,letse,1,1
ANTIQUE,BUGASONG,rice,salmon,1,salmon,1,1
ANTIQUE,CULASI,camote,bilog,1,bilog,1,1
ANTIQUE,CULASI,camote tops,bugkos,1,bugkos,1,1
ANTIQUE,CULASI,camote tops,bundle,1,bundle,1,1
ANTIQUE,CULASI,chicken,whole (chicken),1,whole (chicken),1,1
ANTIQUE,CULASI,"crackers, cookies, buiscuits, chips/curls",putos,1,putos,1,1
ANTIQUE,CULASI,fresh fish,pieces or units,1,bilog,1,1
ANTIQUE,CULASI,"liquor (e.g, whisky, coconut wine)",long-neck,1,long-neck,1,1
ANTIQUE,CULASI,loaf bread,tama-tama nga putos,1,tama-tama nga putos,1,1
ANTIQUE,CULASI,mango,pieces or units,1,binilog,1,1
ANTIQUE,CULASI,"prawns, lobster, shrimp",tumpok,1,tumpok,1,1
ANTIQUE,CULASI,"preserved or processed meat (tocino, tapa, longaniza, etc)",bilog,1,bilog,1,1
ANTIQUE,CULASI,"preserved or processed meat (tocino, tapa, longaniza, etc)",pieces or units,1,piraso,1,1
ANTIQUE,CULASI,rice,gantang,1,ganta,1,1
ANTIQUE,CULASI,rice,letse,1,letse,1,1
ANTIQUE,HAMTIC,camote,bilog,1,bilog,1,1
ANTIQUE,HAMTIC,camote,tumpok,1,tupok,1,1
ANTIQUE,HAMTIC,camote tops,bugkos,1,bugkos,1,1
ANTIQUE,HAMTIC,camote tops,bundle,1,bundle,1,1
ANTIQUE,HAMTIC,"crackers, cookies, buiscuits, chips/curls",balde,1,balde,1,1
ANTIQUE,HAMTIC,"crackers, cookies, buiscuits, chips/curls",pack,1,packs,1,1
ANTIQUE,HAMTIC,"drinks at restaurant, hotel, cafe, or kiosk",pieces,1,pieces,1,1
ANTIQUE,HAMTIC,fresh fish,pieces or units,1,binilog,1,1
ANTIQUE,HAMTIC,"ice cream, sorbet, edible ice (eg., ice-lolli, halo-halo)",cone,1,cone,1,1
ANTIQUE,HAMTIC,"ice cream, sorbet, edible ice (eg., ice-lolli, halo-halo)",cone ( dirty ice cream ) 10 pesos per cone,1,cone ( dirty ice cream ) 10 pesos per cone,1,1
ANTIQUE,HAMTIC,"ice cream, sorbet, edible ice (eg., ice-lolli, halo-halo)",putos,1,putos,1,1
ANTIQUE,HAMTIC,"mineral or spring water, all drinking water sold in containers",tab,1,tab,1,1
ANTIQUE,HAMTIC,"prawns, lobster, shrimp",tumpok,1,tumpok,1,1
ANTIQUE,HAMTIC,"preserved or processed meat (tocino, tapa, longaniza, etc)",bilog,1,bilog,1,1
ANTIQUE,HAMTIC,"preserved or processed meat (tocino, tapa, longaniza, etc)",pack,1,packs,1,1
ANTIQUE,HAMTIC,rice,gantang,1,ganta,1,1
ANTIQUE,HAMTIC,rice,letse,1,letse,1,1
ANTIQUE,LAUA-AN,camote tops,bugkos,1,bugkos,1,1
ANTIQUE,LAUA-AN,camote tops,bundle,1,bundle,1,1
ANTIQUE,LAUA-AN,chicken,pieces or units,1,pieces or units,1,1
ANTIQUE,LAUA-AN,"crackers, cookies, buiscuits, chips/curls",pack,1,packs,1,1
ANTIQUE,LAUA-AN,"crackers, cookies, buiscuits, chips/curls",pieces or units,1,bilog,1,1
ANTIQUE,LAUA-AN,fresh fish,pieces or units,1,binilog,1,1
ANTIQUE,LAUA-AN,"ice cream, sorbet, edible ice (eg., ice-lolli, halo-halo)",putos,1,putos,1,1
ANTIQUE,LAUA-AN,"ice cream, sorbet, edible ice (eg., ice-lolli, halo-halo)",small cup,1,small cup (translate),1,1
ANTIQUE,LAUA-AN,"liquor (e.g, whisky, coconut wine)",long-neck,1,long-neck,1,1
ANTIQUE,LAUA-AN,loaf bread,large packs,1,daragkul nga putos,1,1
ANTIQUE,LAUA-AN,loaf bread,medium packs,1,medium nga putos,1,1
ANTIQUE,LAUA-AN,loaf bread,small packs,1,gagmay nga putos,1,1
ANTIQUE,LAUA-AN,"preserved or processed meat (tocino, tapa, longaniza, etc)",bilog,1,bilog,1,1
ANTIQUE,LAUA-AN,"preserved or processed meat (tocino, tapa, longaniza, etc)",pieces or units,1,binilog,1,1
ANTIQUE,LIBERTAD,camote,bilog,1,bilog,1,1
ANTIQUE,LIBERTAD,camote tops,bugkos,1,bugkos,1,1
ANTIQUE,LIBERTAD,camote tops,bundle,1,bundle,1,1
ANTIQUE,LIBERTAD,carrot,pack,1,pack,1,1
ANTIQUE,LIBERTAD,chicken,pieces or units,1,piraso,1,1
ANTIQUE,LIBERTAD,"crackers, cookies, buiscuits, chips/curls",pack,1,packs,1,1
ANTIQUE,LIBERTAD,"ice cream, sorbet, edible ice (eg., ice-lolli, halo-halo)",small cup,1,gamay nga cup,1,1
ANTIQUE,LIBERTAD,"liquor (e.g, whisky, coconut wine)",long-neck,1,long-neck,1,1
ANTIQUE,LIBERTAD,loaf bread,medium packs,1,medium nga putos,1,1
ANTIQUE,LIBERTAD,loaf bread,tama-tama nga putos,1,tama-tama nga putos,1,1
ANTIQUE,LIBERTAD,"preserved or processed meat (tocino, tapa, longaniza, etc)",bilog,1,bilog,1,1
ANTIQUE,PANDAN,beef,patupa,1,patupa,1,1
ANTIQUE,PANDAN,cabbage,pack,1,pack,1,1
ANTIQUE,PANDAN,camote tops,bugkos,1,bugkos,1,1
ANTIQUE,PANDAN,camote tops,bundle,1,bundle,1,1
ANTIQUE,PANDAN,carrot,pack,1,pack,1,1
ANTIQUE,PANDAN,"crackers, cookies, buiscuits, chips/curls",pieces or units,1,bilog,1,1
ANTIQUE,PANDAN,"ice cream, sorbet, edible ice (eg., ice-lolli, halo-halo)",putos,1,putos,1,1
ANTIQUE,PANDAN,"liquor (e.g, whisky, coconut wine)",baso,1,baso,1,1
ANTIQUE,PANDAN,"liquor (e.g, whisky, coconut wine)",lipid/lapad,1,lipid / lapad,1,1
ANTIQUE,PANDAN,loaf bread,medium packs,1,medium nga putos,1,1
ANTIQUE,PANDAN,loaf bread,tama-tama nga putos,1,tama-tama nga putos,1,1
ANTIQUE,PANDAN,pork,pieces barbeque,1,pieces barbeque,1,1
ANTIQUE,PANDAN,"preserved or processed meat (tocino, tapa, longaniza, etc)",bilog,1,bilog,1,1
ANTIQUE,PANDAN,"preserved or processed meat (tocino, tapa, longaniza, etc)",pieces or units,1,binilog,1,1
ANTIQUE,PATNONGON,cabbage,putos (mix vegetable),1,mixmix,1,1
ANTIQUE,PATNONGON,camote,bilog,1,bilog,1,1
ANTIQUE,PATNONGON,camote,tumpok,1,tumpok,1,1
ANTIQUE,PATNONGON,camote tops,bugkos,1,bugkos,1,1
ANTIQUE,PATNONGON,camote tops,bundle,1,bundle,1,1
ANTIQUE,PATNONGON,carrot,putos (mix vegetable),1,mixmix,1,1
ANTIQUE,PATNONGON,loaf bread,tama-tama nga putos,1,tama-tama nga putos,1,1
ANTIQUE,PATNONGON,"preserved or processed meat (tocino, tapa, longaniza, etc)",bilog,1,bilog,1,1
ANTIQUE,PATNONGON,"preserved or processed meat (tocino, tapa, longaniza, etc)",pieces or units,1,binilog,1,1
ANTIQUE,SAN REMIGIO,camote,bilog,1,bilog,1,1
ANTIQUE,SAN REMIGIO,camote,tumpok,1,tumpok,1,1
ANTIQUE,SAN REMIGIO,camote tops,bugkos,1,bugkos,1,1
ANTIQUE,SAN REMIGIO,camote tops,bundle,1,bundle,1,1
ANTIQUE,SAN REMIGIO,chicken,bilog,1,bilog,1,1
ANTIQUE,SAN REMIGIO,"crackers, cookies, buiscuits, chips/curls",pieces or units,1,bilog,1,1
ANTIQUE,SAN REMIGIO,fresh fish,pieces or units,1,binilog,1,1
ANTIQUE,SAN REMIGIO,"liquor (e.g, whisky, coconut wine)",ball (tuba),1,ball (tuba),1,1
ANTIQUE,SAN REMIGIO,"liquor (e.g, whisky, coconut wine)",glass,1,glass,1,1
ANTIQUE,SAN REMIGIO,loaf bread,small packs,1,gagmay nga putos,1,1
ANTIQUE,SAN REMIGIO,loaf bread,tama-tama nga putos,1,tama-tama nga putos,1,1
ANTIQUE,SAN REMIGIO,mango,pieces or units,1,binilog,1,1
ANTIQUE,SAN REMIGIO,"prawns, lobster, shrimp",tumpok,1,tumpok,1,1
ANTIQUE,SAN REMIGIO,"preserved or processed meat (tocino, tapa, longaniza, etc)",bilog,1,bilog,1,1
ANTIQUE,SAN REMIGIO,"preserved or processed meat (tocino, tapa, longaniza, etc)",pieces or units,1,binilog,1,1
ANTIQUE,SEBASTE,camote tops,bugkos,1,bugkos,1,1
ANTIQUE,SEBASTE,camote tops,bundle,1,bundle,1,1
ANTIQUE,SEBASTE,"crackers, cookies, buiscuits, chips/curls",pieces or units,1,bilog,1,1
ANTIQUE,SEBASTE,fresh fish,pieces or units,1,binilog,1,1
ANTIQUE,SEBASTE,"ice cream, sorbet, edible ice (eg., ice-lolli, halo-halo)",putos,1,putos,1,1
ANTIQUE,SEBASTE,"preserved or processed meat (tocino, tapa, longaniza, etc)",bilog,1,bilog,1,1
ANTIQUE,SEBASTE,"preserved or processed meat (tocino, tapa, longaniza, etc)",pieces or units,1,binilog,1,1
ANTIQUE,SIBALOM,camote,tumpok,1,tumpok,1,1
ANTIQUE,SIBALOM,camote tops,bugkos,1,bugkos,1,1
ANTIQUE,SIBALOM,camote tops,bundle,1,bundle,1,1
ANTIQUE,SIBALOM,carrot,tumpok,1,tumpok / plastic,1,1
ANTIQUE,SIBALOM,"crackers, cookies, buiscuits, chips/curls",pieces or units,1,bilog,1,1
ANTIQUE,SIBALOM,"drinks at restaurant, hotel, cafe, or kiosk",pieces,1,pieces,1,1
ANTIQUE,SIBALOM,fresh fish,pieces or units,1,bilog,1,1
ANTIQUE,SIBALOM,"ice cream, sorbet, edible ice (eg., ice-lolli, halo-halo)",apa,1,apa,1,1
ANTIQUE,SIBALOM,"liquor (e.g, whisky, coconut wine)",14 tasa,1,14 tasa,1,1
ANTIQUE,SIBALOM,"liquor (e.g, whisky, coconut wine)",7 ball,1,7 ball,1,1
ANTIQUE,SIBALOM,"liquor (e.g, whisky, coconut wine)",boll,1,boll,1,1
ANTIQUE,SIBALOM,"liquor (e.g, whisky, coconut wine)",coconut wine,1,coconut wine,1,1
ANTIQUE,SIBALOM,"liquor (e.g, whisky, coconut wine)",takal ng tuba,1,takal ng tuba,1,1
ANTIQUE,SIBALOM,loaf bread,tama-tama nga putos,1,tama-tama nga putos,1,1
ANTIQUE,SIBALOM,"prawns, lobster, shrimp",tumpok,1,tumpok,1,1
ANTIQUE,SIBALOM,"preserved or processed meat (tocino, tapa, longaniza, etc)",bilog,1,bilog,1,1
ANTIQUE,SIBALOM,"preserved or processed meat (tocino, tapa, longaniza, etc)",pieces or units,1,binilog,1,1
ANTIQUE,SIBALOM,rice,gantang,1,ganta,1,1
ANTIQUE,TIBIAO,beer,case,1,1 case,1,1
ANTIQUE,TIBIAO,cabbage,pieces or units,1,binilog,1,1
ANTIQUE,TIBIAO,camote,bilog,1,bilog,1,1
ANTIQUE,TIBIAO,camote tops,bugkos,1,bugkos,1,1
ANTIQUE,TIBIAO,camote tops,bundle,1,bundle,1,1
ANTIQUE,TIBIAO,carrot,pieces or units,1,binilog,1,1
ANTIQUE,TIBIAO,chicken,bilog,1,bilog,1,1
ANTIQUE,TIBIAO,chicken,pieces or units,1,binilog,1,1
ANTIQUE,TIBIAO,"ice cream, sorbet, edible ice (eg., ice-lolli, halo-halo)",pieces or units,1,binilog,1,1
ANTIQUE,TIBIAO,loaf bread,medium packs,1,medium nga putos,1,1
ANTIQUE,TIBIAO,loaf bread,small packs,1,gagmay nga putos,1,1
ANTIQUE,TIBIAO,loaf bread,tama-tama nga putos,1,tama-tama nga putos,1,1
ANTIQUE,TIBIAO,rice,salmon,1,salmon,1,1
ANTIQUE,TOBIAS FORNIER,camote,bilog,1,bilog,1,1
ANTIQUE,TOBIAS FORNIER,camote tops,bugkos,1,bugkos,1,1
ANTIQUE,TOBIAS FORNIER,camote tops,bundle,1,bundle,1,1
ANTIQUE,TOBIAS FORNIER,"crackers, cookies, buiscuits, chips/curls",putos,1,putos,1,1
ANTIQUE,TOBIAS FORNIER,"drinks at restaurant, hotel, cafe, or kiosk",pieces,1,pieces,1,1
ANTIQUE,TOBIAS FORNIER,fresh fish,pieces or units,1,binilog,1,1
ANTIQUE,TOBIAS FORNIER,"ice cream, sorbet, edible ice (eg., ice-lolli, halo-halo)",putos,1,putos,1,1
ANTIQUE,TOBIAS FORNIER,loaf bread,small packs,1,gagmay nga putos,1,1
ANTIQUE,TOBIAS FORNIER,loaf bread,tama-tama nga putos,1,tama-tama nga putos,1,1
ANTIQUE,TOBIAS FORNIER,mango,pieces or units,1,binilog,1,1
ANTIQUE,TOBIAS FORNIER,"preserved or processed meat (tocino, tapa, longaniza, etc)",bilog,1,bilog,1,1
ANTIQUE,TOBIAS FORNIER,"preserved or processed meat (tocino, tapa, longaniza, etc)",cans,1,lata,1,1
ANTIQUE,TOBIAS FORNIER,"preserved or processed meat (tocino, tapa, longaniza, etc)",pack,1,packs,1,1
ANTIQUE,TOBIAS FORNIER,"preserved or processed meat (tocino, tapa, longaniza, etc)",pieces or units,1,binilog,1,1
ANTIQUE,TOBIAS FORNIER,rice,gantang,1,ganta,1,1
ANTIQUE,VALDERRAMA,camote tops,bugkos,1,bugkos,1,1
ANTIQUE,VALDERRAMA,camote tops,bundle,1,bundle,1,1
ANTIQUE,VALDERRAMA,chicken,bilog,1,bilog,1,1
ANTIQUE,VALDERRAMA,"crackers, cookies, buiscuits, chips/curls",pieces or units,1,bilog,1,1
ANTIQUE,VALDERRAMA,"drinks at restaurant, hotel, cafe, or kiosk",pieces,1,pieces,1,1
ANTIQUE,VALDERRAMA,loaf bread,medium packs,1,medium nga putos,1,1
ANTIQUE,VALDERRAMA,loaf bread,tama-tama nga putos,1,tama-tama nga putos,1,1
ANTIQUE,VALDERRAMA,"prawns, lobster, shrimp",plastic,1,plastic,1,1
ANTIQUE,VALDERRAMA,"preserved or processed meat (tocino, tapa, longaniza, etc)",pieces or units,1,binilog,1,1
ANTIQUE,VALDERRAMA,rice,salmon,1,salmon,1,1
CAPIZ,CUARTERO,cabbage,pieces or units,1,bilog,1,1
CAPIZ,CUARTERO,camote tops,bugkos,1,bugkos,1,1
CAPIZ,CUARTERO,carrot,pieces or units,1,bilog,1,1
CAPIZ,CUARTERO,chicken,pieces or units,1,pieces or units,1,1
CAPIZ,CUARTERO,"crackers, cookies, buiscuits, chips/curls",pieces or units,1,bilog,1,1
CAPIZ,CUARTERO,"crackers, cookies, buiscuits, chips/curls",putos,1,putos,1,1
CAPIZ,CUARTERO,fresh fish,pieces or units,1,bilog,1,1
CAPIZ,CUARTERO,"ice cream, sorbet, edible ice (eg., ice-lolli, halo-halo)",cone,1,cone of an ice cream,1,1
CAPIZ,CUARTERO,"ice cream, sorbet, edible ice (eg., ice-lolli, halo-halo)",small cup,1,gamay nga cup,1,1
CAPIZ,CUARTERO,"ice cream, sorbet, edible ice (eg., ice-lolli, halo-halo)",tupperware,1,tupperware medium size,1,1
CAPIZ,CUARTERO,mango,pieces or units,1,bilog,1,1
CAPIZ,CUARTERO,"prawns, lobster, shrimp",tumpok,1,tumpok,1,1
CAPIZ,CUARTERO,"preserved or processed meat (tocino, tapa, longaniza, etc)",bilog,1,bilog,1,1
CAPIZ,CUARTERO,rice,salmon,1,salmon,1,1
CAPIZ,DAO,cabbage,pieces or units,1,bilog,1,1
CAPIZ,DAO,cabbage,small packs,1,small packs,1,1
CAPIZ,DAO,camote,bilog,1,bilog,1,1
CAPIZ,DAO,camote tops,bugkos,1,bugkos,1,1
CAPIZ,DAO,carrot,pieces or units,1,bilog,1,1
CAPIZ,DAO,carrot,putos (mix vegetable),1,putos /mix mix,1,1
CAPIZ,DAO,"drinks at restaurant, hotel, cafe, or kiosk",pieces,1,pieces,1,1
CAPIZ,DAO,"ice cream, sorbet, edible ice (eg., ice-lolli, halo-halo)",putos,1,putos,1,1
CAPIZ,DAO,"ice cream, sorbet, edible ice (eg., ice-lolli, halo-halo)",small cup,1,gamay nga cup,1,1
CAPIZ,DAO,loaf bread,medium packs,1,medium,1,1
CAPIZ,DAO,loaf bread,small packs,1,small,1,1
CAPIZ,DAO,mango,pieces or units,1,bilog,1,1
CAPIZ,DAO,"preserved or processed meat (tocino, tapa, longaniza, etc)",bilog,1,bilog,1,1
CAPIZ,DAO,"preserved or processed meat (tocino, tapa, longaniza, etc)",cans,1,lata,1,1
CAPIZ,DUMALAG,cabbage,pack,1,in a pack,1,1
CAPIZ,DUMALAG,cabbage,pieces or units,1,bilog,1,1
CAPIZ,DUMALAG,camote,bilog,1,bilog,1,1
CAPIZ,DUMALAG,camote tops,bugkos,1,bugkos,1,1
CAPIZ,DUMALAG,camote tops,bundle,1,bundle,1,1
CAPIZ,DUMALAG,carrot,pieces or units,1,bilog,1,1
CAPIZ,DUMALAG,"crackers, cookies, buiscuits, chips/curls",pieces or units,1,bilog,1,1
CAPIZ,DUMALAG,"drinks at restaurant, hotel, cafe, or kiosk",pieces,1,pieces,1,1
CAPIZ,DUMALAG,"ice cream, sorbet, edible ice (eg., ice-lolli, halo-halo)",pieces or units,1,bilog,1,1
CAPIZ,DUMALAG,mango,pieces or units,1,bilog,1,1
CAPIZ,DUMALAG,"mineral or spring water, all drinking water sold in containers",container,1,container,1,1
CAPIZ,DUMALAG,"prawns, lobster, shrimp",tumpok,1,tumpok,1,1
CAPIZ,DUMALAG,rice,letse,1,letse,1,1
CAPIZ,DUMARAO,cabbage,pieces or units,1,bilog,1,1
CAPIZ,DUMARAO,camote tops,bugkos,1,bugkos,1,1
CAPIZ,DUMARAO,camote tops,bundle,1,bundle,1,1
CAPIZ,DUMARAO,carrot,pack,1,pack,1,1
CAPIZ,DUMARAO,carrot,pieces or units,1,bilog,1,1
CAPIZ,DUMARAO,fresh fish,pack,1,pack,1,1
CAPIZ,DUMARAO,fresh fish,pieces or units,1,bilog,1,1
CAPIZ,DUMARAO,"ice cream, sorbet, edible ice (eg., ice-lolli, halo-halo)",pieces or units,1,bilog,1,1
CAPIZ,DUMARAO,"ice cream, sorbet, edible ice (eg., ice-lolli, halo-halo)",putos,1,putos,1,1
CAPIZ,DUMARAO,"ice cream, sorbet, edible ice (eg., ice-lolli, halo-halo)",small cup,1,gamay nga cup,1,1
CAPIZ,DUMARAO,loaf bread,large packs,1,large,1,1
CAPIZ,DUMARAO,loaf bread,small packs,1,small,1,1
CAPIZ,DUMARAO,"prawns, lobster, shrimp",tumpok,1,tumpok,1,1
CAPIZ,DUMARAO,"preserved or processed meat (tocino, tapa, longaniza, etc)",bilog,1,bilog,1,1
CAPIZ,DUMARAO,rice,letse,1,letse,1,1
CAPIZ,IVISAN,camote,bilog,1,bilog,1,1
CAPIZ,IVISAN,camote tops,bugkos,1,bugkos,1,1
CAPIZ,IVISAN,camote tops,bundle,1,bundle,1,1
CAPIZ,IVISAN,"crackers, cookies, buiscuits, chips/curls",large packs,1,large packs,1,1
CAPIZ,IVISAN,"crackers, cookies, buiscuits, chips/curls",pack,1,packs,1,1
CAPIZ,IVISAN,"ice cream, sorbet, edible ice (eg., ice-lolli, halo-halo)",pieces or units,1,bilog,1,1
CAPIZ,IVISAN,"ice cream, sorbet, edible ice (eg., ice-lolli, halo-halo)",putos,1,putos,1,1
CAPIZ,IVISAN,mango,pieces or units,1,bilog,1,1
CAPIZ,IVISAN,"prawns, lobster, shrimp",1 pc. prawn,1,1 pc. prawn,1,1
CAPIZ,IVISAN,"preserved or processed meat (tocino, tapa, longaniza, etc)",bilog,1,bilog,1,1
CAPIZ,IVISAN,"preserved or processed meat (tocino, tapa, longaniza, etc)",pack,1,packs,1,1
CAPIZ,JAMINDAN,camote tops,bugkos,1,bugkos,1,1
CAPIZ,JAMINDAN,camote tops,bundle,1,bundle,1,1
CAPIZ,JAMINDAN,camote tops,cassava leaves,1,cassava leaves,1,1
CAPIZ,JAMINDAN,chicken,chicken wings,1,chicken wings,1,1
CAPIZ,JAMINDAN,chicken,pieces or units,1,binilog,1,1
CAPIZ,JAMINDAN,"crackers, cookies, buiscuits, chips/curls",pieces or units,1,bilog,1,1
CAPIZ,JAMINDAN,"drinks at restaurant, hotel, cafe, or kiosk",pieces,1,pieces,1,1
CAPIZ,JAMINDAN,"ice cream, sorbet, edible ice (eg., ice-lolli, halo-halo)",pieces or units,1,bilog,1,1
CAPIZ,JAMINDAN,"ice cream, sorbet, edible ice (eg., ice-lolli, halo-halo)",putos,1,putos,1,1
CAPIZ,JAMINDAN,"ice cream, sorbet, edible ice (eg., ice-lolli, halo-halo)",tub,1,tub,1,1
CAPIZ,JAMINDAN,"liquor (e.g, whisky, coconut wine)",long-neck,1,long-neck,1,1
CAPIZ,JAMINDAN,loaf bread,individual,1,individual,1,1
CAPIZ,JAMINDAN,loaf bread,medium packs,1,medium,1,1
CAPIZ,JAMINDAN,loaf bread,pieces,1,pieces,1,1
CAPIZ,JAMINDAN,"prawns, lobster, shrimp",tumpok,1,tumpok,1,1
CAPIZ,JAMINDAN,rice,salmon,1,salmon,1,1
CAPIZ,MA-AYON,cabbage,pack,1,pack,1,1
CAPIZ,MA-AYON,cabbage,pieces or units,1,bilog,1,1
CAPIZ,MA-AYON,camote,bilog,1,bilog,1,1
CAPIZ,MA-AYON,camote,small size plastic,1,small size plastic,1,1
CAPIZ,MA-AYON,camote tops,bugkos,1,bugkos,1,1
CAPIZ,MA-AYON,camote tops,bundle,1,bundle,1,1
CAPIZ,MA-AYON,carrot,pack,1,pack,1,1
CAPIZ,MA-AYON,carrot,pieces or units,1,bilog,1,1
CAPIZ,MA-AYON,chicken,1order,1,1order,1,1
CAPIZ,MA-AYON,chicken,pack,1,pack,1,1
CAPIZ,MA-AYON,chicken,slice,1,slice,1,1
CAPIZ,MA-AYON,chicken,tingi tingi,1,tingi tingi,1,1
CAPIZ,MA-AYON,"crackers, cookies, buiscuits, chips/curls",big can,1,big can,1,1
CAPIZ,MA-AYON,fresh fish,pack,1,putos,1,1
CAPIZ,MA-AYON,"ice cream, sorbet, edible ice (eg., ice-lolli, halo-halo)",small cup,1,gamay nga cup,1,1
CAPIZ,MA-AYON,loaf bread,tama-tama nga putos,1,tama-tama nga putos,1,1
CAPIZ,MA-AYON,mango,pieces or units,1,bilog,1,1
CAPIZ,MA-AYON,pork,1 order,1,1 order,1,1
CAPIZ,MA-AYON,"preserved or processed meat (tocino, tapa, longaniza, etc)",bilog,1,bilog,1,1
CAPIZ,MA-AYON,"preserved or processed meat (tocino, tapa, longaniza, etc)",cans,1,lata,1,1
CAPIZ,MA-AYON,rice,salmon,1,salmon,1,1
CAPIZ,MAMBUSAO,beer,case,1,1 case,1,1
CAPIZ,MAMBUSAO,cabbage,pieces or units,1,bilog,1,1
CAPIZ,MAMBUSAO,camote tops,bugkos,1,bugkos,1,1
CAPIZ,MAMBUSAO,camote tops,bundle,1,bundle,1,1
CAPIZ,MAMBUSAO,carrot,pieces or units,1,bilog,1,1
CAPIZ,MAMBUSAO,chicken,bilog,1,bilog,1,1
CAPIZ,MAMBUSAO,"crackers, cookies, buiscuits, chips/curls",balde,1,balde,1,1
CAPIZ,MAMBUSAO,fresh fish,pieces or units,1,bilog,1,1
CAPIZ,MAMBUSAO,"ice cream, sorbet, edible ice (eg., ice-lolli, halo-halo)",bowl,1,bowl,1,1
CAPIZ,MAMBUSAO,"ice cream, sorbet, edible ice (eg., ice-lolli, halo-halo)",cone,1,cone,1,1
CAPIZ,MAMBUSAO,"ice cream, sorbet, edible ice (eg., ice-lolli, halo-halo)",small cup,1,gamay nga cup,1,1
CAPIZ,MAMBUSAO,"liquor (e.g, whisky, coconut wine)",long-neck,1,long-neck,1,1
CAPIZ,MAMBUSAO,loaf bread,medium packs,1,medium,1,1
CAPIZ,MAMBUSAO,loaf bread,pieces,1,pieces,1,1
CAPIZ,MAMBUSAO,"preserved or processed meat (tocino, tapa, longaniza, etc)",bilog,1,bilog,1,1
CAPIZ,PANAY,beer,case,1,case,1,1
CAPIZ,PANAY,cabbage,pieces or units,1,bilog,1,1
CAPIZ,PANAY,cabbage,putos (mix vegetable),1,packs of mix vegies,1,1
CAPIZ,PANAY,cabbage,tumpok,1,tumpok,1,1
CAPIZ,PANAY,camote,bilog,1,bilog,1,1
CAPIZ,PANAY,camote tops,bugkos,1,bugkos,1,1
CAPIZ,PANAY,camote tops,"cassava & malunggay leaves, paco or fern, squash leaves",1,"cassava & malunggay leaves, paco or fern, squash leaves",1,1
CAPIZ,PANAY,carrot,pieces or units,1,bilog,1,1
CAPIZ,PANAY,carrot,putos (mix vegetable),1,packs of mix veges,1,1
CAPIZ,PANAY,carrot,tumpok,1,tumpok,1,1
CAPIZ,PANAY,chicken,slice,1,sliced,1,1
CAPIZ,PANAY,"drinks at restaurant, hotel, cafe, or kiosk",pieces,1,pieces,1,1
CAPIZ,PANAY,"ice cream, sorbet, edible ice (eg., ice-lolli, halo-halo)",putos,1,putos,1,1
CAPIZ,PANAY,"ice cream, sorbet, edible ice (eg., ice-lolli, halo-halo)",small cup,1,gamay nga cup,1,1
CAPIZ,PANAY,loaf bread,medium packs,1,medium,1,1
CAPIZ,PANAY,loaf bread,per piece,1,per piece,1,1
CAPIZ,PANAY,loaf bread,piece,1,piece,1,1
CAPIZ,PANAY,"mineral or spring water, all drinking water sold in containers",distilled water,1,distilled water,1,1
CAPIZ,PANAY,pork,pack,1,pack,1,1
CAPIZ,PANAY,"prawns, lobster, shrimp",caltex,1,caltex,1,1
CAPIZ,PANAY,"prawns, lobster, shrimp",cup,1,cup,1,1
CAPIZ,PANAY,"prawns, lobster, shrimp",tumpok,1,tumpok,1,1
CAPIZ,PANAY,"preserved or processed meat (tocino, tapa, longaniza, etc)",role,1,role,1,1
CAPIZ,PANAY,rice,letse,1,letse,1,1
CAPIZ,PANITAN,cabbage,half,1,half of 1 unit/pieces,1,1
CAPIZ,PANITAN,cabbage,pack,1,shredded cabbage,1,1
CAPIZ,PANITAN,cabbage,putos (mix vegetable),1,mixmix,1,1
CAPIZ,PANITAN,camote,bilog,1,bilog,1,1
CAPIZ,PANITAN,camote tops,bugkos,1,bugkos,1,1
CAPIZ,PANITAN,carrot,pieces or units,1,bilog,1,1
CAPIZ,PANITAN,carrot,putos (mix vegetable),1,mixmix,1,1
CAPIZ,PANITAN,"drinks at restaurant, hotel, cafe, or kiosk",pieces,1,pieces,1,1
CAPIZ,PANITAN,"ice cream, sorbet, edible ice (eg., ice-lolli, halo-halo)",pieces or units,1,bilog,1,1
CAPIZ,PANITAN,"ice cream, sorbet, edible ice (eg., ice-lolli, halo-halo)",putos,1,putos,1,1
CAPIZ,PANITAN,"ice cream, sorbet, edible ice (eg., ice-lolli, halo-halo)",small cup,1,gamay nga cup,1,1
CAPIZ,PANITAN,"liquor (e.g, whisky, coconut wine)",long-neck,1,long-neck,1,1
CAPIZ,PANITAN,loaf bread,medium packs,1,medium,1,1
CAPIZ,PANITAN,loaf bread,tama-tama nga putos,1,tama-tama nga putos,1,1
CAPIZ,PANITAN,"prawns, lobster, shrimp",tumpok,1,tumpok,1,1
CAPIZ,PANITAN,"preserved or processed meat (tocino, tapa, longaniza, etc)",bilog,1,bilog,1,1
CAPIZ,PILAR,cabbage,mix vegetables (per tumbok),1,mix vegetables (per tumbok),1,1
CAPIZ,PILAR,cabbage,pieces or units,1,bilog,1,1
CAPIZ,PILAR,camote,bilog,1,bilog,1,1
CAPIZ,PILAR,camote tops,bugkos,1,bugkos,1,1
CAPIZ,PILAR,carrot,mix vegetables (per tumpok),1,mix vegetables (per tumpok),1,1
CAPIZ,PILAR,carrot,pieces or units,1,bilog,1,1
CAPIZ,PILAR,fresh fish,pinutos / plastic,1,50 pesos per pinutos or plastic,1,1
CAPIZ,PILAR,fresh fish,puts or plastic,1,puts or plastic,1,1
CAPIZ,PILAR,"ice cream, sorbet, edible ice (eg., ice-lolli, halo-halo)",ice cream stick,1,ice cream stick,1,1
CAPIZ,PILAR,"ice cream, sorbet, edible ice (eg., ice-lolli, halo-halo)",pieces or units,1,bilog,1,1
CAPIZ,PILAR,"ice cream, sorbet, edible ice (eg., ice-lolli, halo-halo)",putos,1,putos,1,1
CAPIZ,PILAR,"ice cream, sorbet, edible ice (eg., ice-lolli, halo-halo)",small cup,1,gamay nga cup,1,1
CAPIZ,PILAR,"liquor (e.g, whisky, coconut wine)",long-neck,1,long-neck,1,1
CAPIZ,PILAR,loaf bread,medium packs,1,medium,1,1
CAPIZ,PILAR,loaf bread,piece,1,piece,1,1
CAPIZ,PILAR,loaf bread,tama-tama nga putos,1,tama-tama nga putos,1,1
CAPIZ,PILAR,mango,"papaya, mango, banana",1,"papaya, mango, banana",1,1
CAPIZ,PILAR,"prawns, lobster, shrimp",tumpok,1,tumpok,1,1
CAPIZ,PILAR,"preserved or processed meat (tocino, tapa, longaniza, etc)",bilog,1,bilog,1,1
CAPIZ,PONTEVEDRA,cabbage,pieces or units,1,bilog,1,1
CAPIZ,PONTEVEDRA,camote,bilog,1,bilog,1,1
CAPIZ,PONTEVEDRA,camote tops,bugkos,1,bugkos,1,1
CAPIZ,PONTEVEDRA,"drinks at restaurant, hotel, cafe, or kiosk",pieces,1,pieces,1,1
CAPIZ,PONTEVEDRA,fresh fish,pieces or units,1,bilog,1,1
CAPIZ,PONTEVEDRA,"ice cream, sorbet, edible ice (eg., ice-lolli, halo-halo)",plastic cup,1,1 plastic cup,1,1
CAPIZ,PONTEVEDRA,"ice cream, sorbet, edible ice (eg., ice-lolli, halo-halo)",putos,1,putos,1,1
CAPIZ,PONTEVEDRA,"ice cream, sorbet, edible ice (eg., ice-lolli, halo-halo)",small cup,1,gamay nga cup,1,1
CAPIZ,PONTEVEDRA,loaf bread,small packs,1,small,1,1
CAPIZ,PONTEVEDRA,"prawns, lobster, shrimp",1 k caltex(kabo),1,1 k caltex(kabo),1,1
CAPIZ,PONTEVEDRA,"prawns, lobster, shrimp",tumpok,1,tumpok,1,1
CAPIZ,PRESIDENT ROXAS,cabbage,pieces or units,1,bilog,1,1
CAPIZ,PRESIDENT ROXAS,cabbage,putos (mix vegetable),1,mixmix,1,1
CAPIZ,PRESIDENT ROXAS,camote tops,bugkos,1,bugkos,1,1
CAPIZ,PRESIDENT ROXAS,carrot,pieces or units,1,bilog,1,1
CAPIZ,PRESIDENT ROXAS,carrot,putos (mix vegetable),1,mixmix,1,1
CAPIZ,PRESIDENT ROXAS,chicken,bilog,1,bilog,1,1
CAPIZ,PRESIDENT ROXAS,"drinks at restaurant, hotel, cafe, or kiosk",pieces,1,pieces,1,1
CAPIZ,PRESIDENT ROXAS,"ice cream, sorbet, edible ice (eg., ice-lolli, halo-halo)",putos,1,putos,1,1
CAPIZ,PRESIDENT ROXAS,loaf bread,large packs,1,large,1,1
CAPIZ,PRESIDENT ROXAS,loaf bread,medium packs,1,medium,1,1
CAPIZ,PRESIDENT ROXAS,loaf bread,small packs,1,small,1,1
CAPIZ,PRESIDENT ROXAS,mango,pieces or units,1,bilog,1,1
CAPIZ,PRESIDENT ROXAS,pork,2 slice,1,2 slice,1,1
CAPIZ,PRESIDENT ROXAS,"prawns, lobster, shrimp",tumpok,1,tumpok,1,1
CAPIZ,PRESIDENT ROXAS,"preserved or processed meat (tocino, tapa, longaniza, etc)",bilog,1,bilog,1,1
CAPIZ,SAPI-AN,cabbage,pieces or units,1,bilog,1,1
CAPIZ,SAPI-AN,cabbage,putos (mix vegetable),1,mixmix,1,1
CAPIZ,SAPI-AN,camote tops,bugkos,1,bugkos,1,1
CAPIZ,SAPI-AN,camote tops,bundle,1,bundle,1,1
CAPIZ,SAPI-AN,carrot,pieces or units,1,bilog,1,1
CAPIZ,SAPI-AN,carrot,putos (mix vegetable),1,mixmix,1,1
CAPIZ,SAPI-AN,"crackers, cookies, buiscuits, chips/curls",pack,1,packs,1,1
CAPIZ,SAPI-AN,"drinks at restaurant, hotel, cafe, or kiosk",pieces,1,pieces,1,1
CAPIZ,SAPI-AN,"ice cream, sorbet, edible ice (eg., ice-lolli, halo-halo)",putos,1,putos,1,1
CAPIZ,SAPI-AN,"liquor (e.g, whisky, coconut wine)",long-neck,1,long-neck,1,1
CAPIZ,SAPI-AN,loaf bread,large packs,1,large,1,1
CAPIZ,SAPI-AN,loaf bread,tama-tama nga putos,1,tama-tama nga putos,1,1
CAPIZ,SAPI-AN,mango,pieces or units,1,bilog,1,1
CAPIZ,SAPI-AN,"mineral or spring water, all drinking water sold in containers",refilled,1,refilled,1,1
CAPIZ,SAPI-AN,"prawns, lobster, shrimp",tumpok,1,tumpok,1,1
CAPIZ,SAPI-AN,"preserved or processed meat (tocino, tapa, longaniza, etc)",bilog,1,bilog,1,1
CAPIZ,SAPI-AN,rice,gantang,1,ganta,1,1
CAPIZ,SAPI-AN,rice,letse,1,letse,1,1
CAPIZ,SIGMA,cabbage,half,1,half slice,1,1
CAPIZ,SIGMA,cabbage,pack,1,putos,1,1
CAPIZ,SIGMA,cabbage,pieces or units,1,bilog,1,1
CAPIZ,SIGMA,cabbage,putos (mix vegetable),1,mix slice of cabbage,1,1
CAPIZ,SIGMA,camote,bilog,1,bilog,1,1
CAPIZ,SIGMA,camote,tumpok,1,tumpok,1,1
CAPIZ,SIGMA,camote tops,bugkos,1,bugkos,1,1
CAPIZ,SIGMA,camote tops,bundle,1,bundle,1,1
CAPIZ,SIGMA,carrot,mix slice of carrot,1,mix slice of carrot,1,1
CAPIZ,SIGMA,carrot,pieces or units,1,bilog,1,1
CAPIZ,SIGMA,"ice cream, sorbet, edible ice (eg., ice-lolli, halo-halo)",cone,1,cone,1,1
CAPIZ,SIGMA,"ice cream, sorbet, edible ice (eg., ice-lolli, halo-halo)",tub,1,tub,1,1
CAPIZ,SIGMA,loaf bread,tama-tama nga putos,1,tama-tama nga putos,1,1
CAPIZ,SIGMA,mango,pieces or units,1,bilog,1,1
CAPIZ,SIGMA,"preserved or processed meat (tocino, tapa, longaniza, etc)",bilog,1,bilog,1,1
CAPIZ,SIGMA,"preserved or processed meat (tocino, tapa, longaniza, etc)",cans,1,lata,1,1
CAPIZ,SIGMA,rice,salmon,1,salmon,1,1
CAPIZ,TAPAZ,cabbage,pack,1,pack,1,1
CAPIZ,TAPAZ,cabbage,pieces or units,1,bilog,1,1
CAPIZ,TAPAZ,camote,bilog,1,bilog,1,1
CAPIZ,TAPAZ,camote tops,bugkos,1,bugkos,1,1
CAPIZ,TAPAZ,carrot,pieces or units,1,bilog,1,1
CAPIZ,TAPAZ,"drinks at restaurant, hotel, cafe, or kiosk",pieces,1,pieces,1,1
CAPIZ,TAPAZ,fresh fish,pieces or units,1,bilog,1,1
CAPIZ,TAPAZ,"ice cream, sorbet, edible ice (eg., ice-lolli, halo-halo)",cone,1,cone,1,1
CAPIZ,TAPAZ,"ice cream, sorbet, edible ice (eg., ice-lolli, halo-halo)",putos,1,putos,1,1
CAPIZ,TAPAZ,"liquor (e.g, whisky, coconut wine)",long-neck,1,long-neck,1,1
CAPIZ,TAPAZ,loaf bread,medium packs,1,medium,1,1
CAPIZ,TAPAZ,loaf bread,tama-tama nga putos,1,tama-tama nga putos,1,1
CAPIZ,TAPAZ,mango,pieces or units,1,bilog,1,1
CAPIZ,TAPAZ,"mineral or spring water, all drinking water sold in containers",5-gallon blue container,1,5 gallon black container,1,1
CAPIZ,TAPAZ,"prawns, lobster, shrimp",tumpok,1,tumpok,1,1
CAPIZ,TAPAZ,"preserved or processed meat (tocino, tapa, longaniza, etc)",bilog,1,bilog,1,1
ILOILO,AJUY,camote,bilog,1,bilog,1,1
ILOILO,AJUY,camote tops,bugkos,1,bugkos,1,1
ILOILO,AJUY,carrot,pack,1,pack,1,1
ILOILO,AJUY,carrot,pieces or units,1,bilog,1,1
ILOILO,AJUY,"crackers, cookies, buiscuits, chips/curls",cans,1,can,1,1
ILOILO,AJUY,"crackers, cookies, buiscuits, chips/curls",pieces or units,1,bilog,1,1
ILOILO,AJUY,fresh fish,tumpok,1,tumpok,1,1
ILOILO,AJUY,"ice cream, sorbet, edible ice (eg., ice-lolli, halo-halo)",bowl,1,yahong,1,1
ILOILO,AJUY,"ice cream, sorbet, edible ice (eg., ice-lolli, halo-halo)",cone,1,cone of an ice cream,1,1
ILOILO,AJUY,"ice cream, sorbet, edible ice (eg., ice-lolli, halo-halo)",pieces or units,1,bilog,1,1
ILOILO,AJUY,"ice cream, sorbet, edible ice (eg., ice-lolli, halo-halo)",small cup,1,gamay nga cup,1,1
ILOILO,AJUY,"prawns, lobster, shrimp",pack,1,packs,1,1
ILOILO,ALIMODIAN,cabbage,putos (mix vegetable),1,mixmix,1,1
ILOILO,ALIMODIAN,camote tops,bugkos,1,bugkos,1,1
ILOILO,ALIMODIAN,carrot,putos (mix vegetable),1,mixmix,1,1
ILOILO,ALIMODIAN,chicken,patupong,1,patupong,1,1
ILOILO,ALIMODIAN,"crackers, cookies, buiscuits, chips/curls",putos,1,putos,1,1
ILOILO,ALIMODIAN,"crackers, cookies, buiscuits, chips/curls",tupper ware,1,tupper ware,1,1
ILOILO,ALIMODIAN,"drinks at restaurant, hotel, cafe, or kiosk",pieces,1,pieces,1,1
ILOILO,ALIMODIAN,fresh fish,pieces or units,1,bilog,1,1
ILOILO,ALIMODIAN,"ice cream, sorbet, edible ice (eg., ice-lolli, halo-halo)",plastic cup,1,plastic cup,1,1
ILOILO,ALIMODIAN,"liquor (e.g, whisky, coconut wine)",4 later galon,1,4 later galon,1,1
ILOILO,ALIMODIAN,"liquor (e.g, whisky, coconut wine)",long-neck,1,long-neck,1,1
ILOILO,ALIMODIAN,loaf bread,small packs,1,gagmay nga putos,1,1
ILOILO,ALIMODIAN,loaf bread,tama-tama nga putos,1,tama-tama nga putos,1,1
ILOILO,ALIMODIAN,mango,pieces or units,1,bilog,1,1
ILOILO,ALIMODIAN,"preserved or processed meat (tocino, tapa, longaniza, etc)",bilog,1,bilog,1,1
ILOILO,ANILAO,camote tops,bugkos,1,bugkos,1,1
ILOILO,ANILAO,carrot,pieces or units,1,bilog,1,1
ILOILO,ANILAO,chicken,whole (chicken),1,whole (chicken),1,1
ILOILO,ANILAO,fresh fish,pack,1,putos,1,1
ILOILO,ANILAO,fresh fish,pieces or units,1,bilog,1,1
ILOILO,ANILAO,"ice cream, sorbet, edible ice (eg., ice-lolli, halo-halo)",pieces or units,1,bilog,1,1
ILOILO,ANILAO,"ice cream, sorbet, edible ice (eg., ice-lolli, halo-halo)",small cup,1,gamay nga cup,1,1
ILOILO,BADIANGAN,cabbage,half,1,half,1,1
ILOILO,BADIANGAN,camote,bilog,1,bilog,1,1
ILOILO,BADIANGAN,camote tops,bugkos,1,bugkos,1,1
ILOILO,BADIANGAN,camote tops,bundle,1,bundle,1,1
ILOILO,BADIANGAN,carrot,pieces or units,1,bilog,1,1
ILOILO,BADIANGAN,"crackers, cookies, buiscuits, chips/curls",tupperware,1,tupperware,1,1
ILOILO,BADIANGAN,"ice cream, sorbet, edible ice (eg., ice-lolli, halo-halo)",putos,1,putos,1,1
ILOILO,BADIANGAN,"liquor (e.g, whisky, coconut wine)",junior lapad,1,junior,1,1
ILOILO,BADIANGAN,loaf bread,plastic bag,1,plastic bag,1,1
ILOILO,BADIANGAN,mango,pieces or units,1,bilog,1,1
ILOILO,BADIANGAN,pork,slice,1,slice,1,1
ILOILO,BADIANGAN,rice,letse,1,letse,1,1
ILOILO,BALASAN,cabbage,pieces or units,1,bilog,1,1
ILOILO,BALASAN,camote,bilog,1,bilog,1,1
ILOILO,BALASAN,camote tops,bugkos,1,bugkos,1,1
ILOILO,BALASAN,camote tops,bundle,1,bundle,1,1
ILOILO,BALASAN,"crackers, cookies, buiscuits, chips/curls",pack,1,packs,1,1
ILOILO,BALASAN,fresh fish,pack,1,putos,1,1
ILOILO,BALASAN,"ice cream, sorbet, edible ice (eg., ice-lolli, halo-halo)",pieces or units,1,bilog,1,1
ILOILO,BALASAN,"ice cream, sorbet, edible ice (eg., ice-lolli, halo-halo)",putos,1,putos,1,1
ILOILO,BALASAN,"ice cream, sorbet, edible ice (eg., ice-lolli, halo-halo)",small cup,1,gamay nga cup,1,1
ILOILO,BALASAN,loaf bread,medium packs,1,medium,1,1
ILOILO,BALASAN,"preserved or processed meat (tocino, tapa, longaniza, etc)",bilog,1,bilog,1,1
ILOILO,BALASAN,"preserved or processed meat (tocino, tapa, longaniza, etc)",pack,1,packs,1,1
ILOILO,BALASAN,rice,gantang,1,ganta,1,1
ILOILO,BALASAN,rice,salmon,1,salmon,1,1
ILOILO,BANATE,camote tops,bugkos,1,bugkos,1,1
ILOILO,BANATE,camote tops,bundle,1,bundle,1,1
ILOILO,BANATE,"crackers, cookies, buiscuits, chips/curls",pieces or units,1,bilog,1,1
ILOILO,BANATE,"drinks at restaurant, hotel, cafe, or kiosk",pieces,1,pieces,1,1
ILOILO,BANATE,"ice cream, sorbet, edible ice (eg., ice-lolli, halo-halo)",putos,1,putos,1,1
ILOILO,BANATE,"ice cream, sorbet, edible ice (eg., ice-lolli, halo-halo)",small cup,1,gamay nga cup,1,1
ILOILO,BANATE,"prawns, lobster, shrimp",tumpok,1,tumpok,1,1
ILOILO,BANATE,"preserved or processed meat (tocino, tapa, longaniza, etc)",pack,1,packs,1,1
ILOILO,BANATE,rice,letse,1,letse,1,1
ILOILO,BAROTAC NUEVO,cabbage,pack,1,pack,1,1
ILOILO,BAROTAC NUEVO,cabbage,pieces or units,1,bilog,1,1
ILOILO,BAROTAC NUEVO,camote,bilog,1,bilog,1,1
ILOILO,BAROTAC NUEVO,camote tops,bugkos,1,bugkos,1,1
ILOILO,BAROTAC NUEVO,carrot,pieces or units,1,bilog,1,1
ILOILO,BAROTAC NUEVO,chicken,whole (chicken),1,whole (chicken),1,1
ILOILO,BAROTAC NUEVO,"crackers, cookies, buiscuits, chips/curls",pieces or units,1,bilog,1,1
ILOILO,BAROTAC NUEVO,fresh fish,pack,1,putos,1,1
ILOILO,BAROTAC NUEVO,"ice cream, sorbet, edible ice (eg., ice-lolli, halo-halo)",pieces or units,1,bilog,1,1
ILOILO,BAROTAC NUEVO,"ice cream, sorbet, edible ice (eg., ice-lolli, halo-halo)",putos,1,putos,1,1
ILOILO,BAROTAC NUEVO,"ice cream, sorbet, edible ice (eg., ice-lolli, halo-halo)",small cup,1,gamay nga cup,1,1
ILOILO,BAROTAC NUEVO,mango,pieces or units,1,bilog,1,1
ILOILO,BAROTAC NUEVO,"preserved or processed meat (tocino, tapa, longaniza, etc)",bilog,1,bilog,1,1
ILOILO,BAROTAC VIEJO,beef,half,1,1/2,1,1
ILOILO,BAROTAC VIEJO,cabbage,1 chop,1,1 chop,1,1
ILOILO,BAROTAC VIEJO,camote,bilog,1,bilog,1,1
ILOILO,BAROTAC VIEJO,camote tops,bugkos,1,bugkos,1,1
ILOILO,BAROTAC VIEJO,carrot,pack of slices,1,pack of slices,1,1
ILOILO,BAROTAC VIEJO,chicken,bilog,1,bilog,1,1
ILOILO,BAROTAC VIEJO,chicken,half,1,1/2,1,1
ILOILO,BAROTAC VIEJO,chicken,pieces or units,1,pieces or units,1,1
ILOILO,BAROTAC VIEJO,"liquor (e.g, whisky, coconut wine)",long-neck,1,long-neck,1,1
ILOILO,BAROTAC VIEJO,loaf bread,medium packs,1,medium,1,1
ILOILO,BAROTAC VIEJO,loaf bread,tama-tama nga putos,1,tama-tama nga putos,1,1
ILOILO,BAROTAC VIEJO,mango,pieces or units,1,bilog,1,1
ILOILO,BAROTAC VIEJO,"preserved or processed meat (tocino, tapa, longaniza, etc)",bilog,1,bilog,1,1
ILOILO,BAROTAC VIEJO,"preserved or processed meat (tocino, tapa, longaniza, etc)",cans,1,lata,1,1
ILOILO,BAROTAC VIEJO,"preserved or processed meat (tocino, tapa, longaniza, etc)",pack,1,packs,1,1
ILOILO,BAROTAC VIEJO,rice,letse,1,letse,1,1
ILOILO,BATAD,cabbage,pieces or units,1,bilog,1,1
ILOILO,BATAD,camote,bilog,1,bilog,1,1
ILOILO,BATAD,camote tops,bugkos,1,bugkos,1,1
ILOILO,BATAD,camote tops,bundle,1,bundle,1,1
ILOILO,BATAD,"crackers, cookies, buiscuits, chips/curls",pack,1,packs,1,1
ILOILO,BATAD,"crackers, cookies, buiscuits, chips/curls",pieces or units,1,bilog,1,1
ILOILO,BATAD,"drinks at restaurant, hotel, cafe, or kiosk",pieces,1,pieces,1,1
ILOILO,BATAD,"ice cream, sorbet, edible ice (eg., ice-lolli, halo-halo)",pieces or units,1,bilog,1,1
ILOILO,BATAD,loaf bread,medium packs,1,medium,1,1
ILOILO,BATAD,mango,pieces or units,1,bilog,1,1
ILOILO,BATAD,"prawns, lobster, shrimp",tumpok,1,tumpok,1,1
ILOILO,BATAD,"preserved or processed meat (tocino, tapa, longaniza, etc)",pack,1,packs,1,1
ILOILO,BINGAWAN,cabbage,pieces or units,1,bilog,1,1
ILOILO,BINGAWAN,camote,bilog,1,bilog,1,1
ILOILO,BINGAWAN,camote tops,bugkos,1,bugkos,1,1
ILOILO,BINGAWAN,carrot,pieces or units,1,bilog,1,1
ILOILO,BINGAWAN,"crackers, cookies, buiscuits, chips/curls",pieces or units,1,bilog,1,1
ILOILO,BINGAWAN,"drinks at restaurant, hotel, cafe, or kiosk",pieces,1,pieces,1,1
ILOILO,BINGAWAN,fresh fish,pieces or units,1,bilog,1,1
ILOILO,BINGAWAN,"ice cream, sorbet, edible ice (eg., ice-lolli, halo-halo)",pieces or units,1,bilog,1,1
ILOILO,BINGAWAN,"ice cream, sorbet, edible ice (eg., ice-lolli, halo-halo)",putos,1,putos,1,1
ILOILO,BINGAWAN,"ice cream, sorbet, edible ice (eg., ice-lolli, halo-halo)",small cup,1,gamay nga cup,1,1
ILOILO,BINGAWAN,"liquor (e.g, whisky, coconut wine)",long-neck,1,long-neck,1,1
ILOILO,BINGAWAN,loaf bread,medium packs,1,medium,1,1
ILOILO,BINGAWAN,"preserved or processed meat (tocino, tapa, longaniza, etc)",bilog,1,bilog,1,1
ILOILO,CABATUAN,cabbage,pack,1,putos,1,1
ILOILO,CABATUAN,cabbage,putos (mix vegetable),1,putos (halo - halo),1,1
ILOILO,CABATUAN,camote,bilog,1,bilog,1,1
ILOILO,CABATUAN,camote tops,bugkos,1,bugkos,1,1
ILOILO,CABATUAN,camote tops,bundle,1,bundle,1,1
ILOILO,CABATUAN,carrot,pack,1,putos,1,1
ILOILO,CABATUAN,carrot,pieces or units,1,bilog,1,1
ILOILO,CABATUAN,carrot,putos (mix vegetable),1,putos (halo -halo ),1,1
ILOILO,CABATUAN,"crackers, cookies, buiscuits, chips/curls",can o lata,1,can o lata,1,1
ILOILO,CABATUAN,"crackers, cookies, buiscuits, chips/curls",pack,1,packs,1,1
ILOILO,CABATUAN,"ice cream, sorbet, edible ice (eg., ice-lolli, halo-halo)",pieces or units,1,bilog,1,1
ILOILO,CABATUAN,"ice cream, sorbet, edible ice (eg., ice-lolli, halo-halo)",putos,1,putos,1,1
ILOILO,CABATUAN,"ice cream, sorbet, edible ice (eg., ice-lolli, halo-halo)",small cup,1,gamay nga cup,1,1
ILOILO,CABATUAN,"liquor (e.g, whisky, coconut wine)",long-neck,1,long-neck,1,1
ILOILO,CABATUAN,pork,pcs,1,pcs,1,1
ILOILO,CABATUAN,pork,pieces or units,1,piece,1,1
ILOILO,CABATUAN,"preserved or processed meat (tocino, tapa, longaniza, etc)",bilog,1,bilog,1,1
ILOILO,CABATUAN,"preserved or processed meat (tocino, tapa, longaniza, etc)",pack,1,packs,1,1
ILOILO,CALINOG,cabbage,pieces or units,1,bilog,1,1
ILOILO,CALINOG,camote,bilog,1,bilog,1,1
ILOILO,CALINOG,camote tops,bugkos,1,bugkos,1,1
ILOILO,CALINOG,camote tops,bundle,1,bundle,1,1
ILOILO,CALINOG,carrot,pieces or units,1,bilog,1,1
ILOILO,CALINOG,"ice cream, sorbet, edible ice (eg., ice-lolli, halo-halo)",pack,1,packs,1,1
ILOILO,CALINOG,"ice cream, sorbet, edible ice (eg., ice-lolli, halo-halo)",pieces or units,1,bilog,1,1
ILOILO,CALINOG,"ice cream, sorbet, edible ice (eg., ice-lolli, halo-halo)",putos,1,putos,1,1
ILOILO,CALINOG,"ice cream, sorbet, edible ice (eg., ice-lolli, halo-halo)",small cup,1,gamay nga cup,1,1
ILOILO,CALINOG,loaf bread,small packs,1,small,1,1
ILOILO,CALINOG,mango,pieces or units,1,bilog,1,1
ILOILO,CALINOG,"mineral or spring water, all drinking water sold in containers",black gallon,1,black gallon,1,1
ILOILO,CALINOG,"preserved or processed meat (tocino, tapa, longaniza, etc)",bilog,1,bilog,1,1
ILOILO,CALINOG,"preserved or processed meat (tocino, tapa, longaniza, etc)",pack,1,packs,1,1
ILOILO,CARLES,camote,bilog,1,bilog,1,1
ILOILO,CARLES,camote tops,bugkos,1,bugkos,1,1
ILOILO,CARLES,camote tops,bundle,1,bundle,1,1
ILOILO,CARLES,carrot,pieces or units,1,bilog,1,1
ILOILO,CARLES,chicken,bilog,1,bilog,1,1
ILOILO,CARLES,"crackers, cookies, buiscuits, chips/curls",pack,1,packs,1,1
ILOILO,CARLES,fresh fish,pack,1,putos,1,1
ILOILO,CARLES,"liquor (e.g, whisky, coconut wine)",long-neck,1,long-neck,1,1
ILOILO,CARLES,"preserved or processed meat (tocino, tapa, longaniza, etc)",bilog,1,bilog,1,1
ILOILO,CARLES,"preserved or processed meat (tocino, tapa, longaniza, etc)",pack,1,packs,1,1
ILOILO,CARLES,rice,letse,1,letse,1,1
ILOILO,CARLES,rice,salmon,1,salmon,1,1
ILOILO,CONCEPCION,camote,bilog,1,bilog,1,1
ILOILO,CONCEPCION,camote tops,bugkos,1,bugkos,1,1
ILOILO,CONCEPCION,camote tops,bundle,1,bundle,1,1
ILOILO,CONCEPCION,carrot,pieces or units,1,bilog,1,1
ILOILO,CONCEPCION,fresh fish,tumpok,1,tumpok/ atado,1,1
ILOILO,CONCEPCION,"ice cream, sorbet, edible ice (eg., ice-lolli, halo-halo)",putos,1,putos,1,1
ILOILO,CONCEPCION,"ice cream, sorbet, edible ice (eg., ice-lolli, halo-halo)",small cup,1,gamay nga cup,1,1
ILOILO,CONCEPCION,loaf bread,tama-tama nga putos,1,tama-tama nga putos,1,1
ILOILO,CONCEPCION,"prawns, lobster, shrimp",tumpok,1,tumpok,1,1
ILOILO,CONCEPCION,"preserved or processed meat (tocino, tapa, longaniza, etc)",bilog,1,bilog,1,1
ILOILO,DINGLE,cabbage,pieces or units,1,bilog,1,1
ILOILO,DINGLE,cabbage,sliced,1,slice,1,1
ILOILO,DINGLE,camote,bilog,1,bilog,1,1
ILOILO,DINGLE,camote tops,bugkos,1,bugkos,1,1
ILOILO,DINGLE,camote tops,bundle,1,bundle,1,1
ILOILO,DINGLE,carrot,pieces or units,1,bilog,1,1
ILOILO,DINGLE,carrot,slice,1,slice,1,1
ILOILO,DINGLE,"ice cream, sorbet, edible ice (eg., ice-lolli, halo-halo)",cone,1,1 cone,1,1
ILOILO,DINGLE,"ice cream, sorbet, edible ice (eg., ice-lolli, halo-halo)",pieces or units,1,bilog,1,1
ILOILO,DINGLE,"ice cream, sorbet, edible ice (eg., ice-lolli, halo-halo)",small cup,1,gamay nga cup,1,1
ILOILO,DINGLE,loaf bread,tama-tama nga putos,1,tama-tama nga putos,1,1
ILOILO,DINGLE,"preserved or processed meat (tocino, tapa, longaniza, etc)",bilog,1,bilog,1,1
ILOILO,DINGLE,"preserved or processed meat (tocino, tapa, longaniza, etc)",pack,1,packs,1,1
ILOILO,DINGLE,rice,letse,1,letse,1,1
ILOILO,DUEAS,cabbage,pack,1,putos,1,1
ILOILO,DUEAS,cabbage,pieces or units,1,bilog,1,1
ILOILO,DUEAS,camote,bilog,1,bilog,1,1
ILOILO,DUEAS,camote,bundle,1,bundle,1,1
ILOILO,DUEAS,camote tops,bugkos,1,bugkos,1,1
ILOILO,DUEAS,camote tops,bundle,1,bundle,1,1
ILOILO,DUEAS,carrot,pack,1,putos,1,1
ILOILO,DUEAS,carrot,pieces or units,1,bilog,1,1
ILOILO,DUEAS,chicken,patopung,1,patopung,1,1
ILOILO,DUEAS,"crackers, cookies, buiscuits, chips/curls",balde,1,balde,1,1
ILOILO,DUEAS,"ice cream, sorbet, edible ice (eg., ice-lolli, halo-halo)",putos,1,putos,1,1
ILOILO,DUEAS,"ice cream, sorbet, edible ice (eg., ice-lolli, halo-halo)",small cup,1,gamay nga cup,1,1
ILOILO,DUEAS,"liquor (e.g, whisky, coconut wine)",long-neck,1,long-neck,1,1
ILOILO,DUEAS,loaf bread,medium packs,1,medium,1,1
ILOILO,DUEAS,loaf bread,tama-tama nga putos,1,tama-tama nga putos,1,1
ILOILO,DUEAS,"preserved or processed meat (tocino, tapa, longaniza, etc)",bilog,1,bilog,1,1
ILOILO,DUEAS,"preserved or processed meat (tocino, tapa, longaniza, etc)",pack,1,packs,1,1
ILOILO,DUEAS,rice,gantang,1,ganta,1,1
ILOILO,DUMANGAS,camote tops,bugkos,1,bugkos,1,1
ILOILO,DUMANGAS,camote tops,bundle,1,bundle,1,1
ILOILO,DUMANGAS,carrot,pack,1,putos,1,1
ILOILO,DUMANGAS,chicken,putos,1,putos,1,1
ILOILO,DUMANGAS,fresh fish,pack,1,pack,1,1
ILOILO,DUMANGAS,"ice cream, sorbet, edible ice (eg., ice-lolli, halo-halo)",bowl,1,bowl,1,1
ILOILO,DUMANGAS,"ice cream, sorbet, edible ice (eg., ice-lolli, halo-halo)",cone,1,cone,1,1
ILOILO,DUMANGAS,"ice cream, sorbet, edible ice (eg., ice-lolli, halo-halo)",small cup,1,gamay nga cup,1,1
ILOILO,DUMANGAS,"liquor (e.g, whisky, coconut wine)",long-neck,1,long-neck,1,1
ILOILO,DUMANGAS,loaf bread,medium packs,1,medium,1,1
ILOILO,DUMANGAS,"prawns, lobster, shrimp",pack,1,pack,1,1
ILOILO,DUMANGAS,"preserved or processed meat (tocino, tapa, longaniza, etc)",bilog,1,bilog,1,1
ILOILO,DUMANGAS,"preserved or processed meat (tocino, tapa, longaniza, etc)",pack,1,packs,1,1
ILOILO,DUMANGAS,rice,sack of rice,1,1/2 sack of rice,1,1
ILOILO,DUMANGAS,rice,salmon,1,salmon,1,1
ILOILO,ESTANCIA,cabbage,pack,1,packs,1,1
ILOILO,ESTANCIA,cabbage,pieces or units,1,bilog,1,1
ILOILO,ESTANCIA,camote tops,bugkos,1,bugkos,1,1
ILOILO,ESTANCIA,carrot,pieces or units,1,bilog,1,1
ILOILO,ESTANCIA,"ice cream, sorbet, edible ice (eg., ice-lolli, halo-halo)",cone,1,cone of an ice cream,1,1
ILOILO,ESTANCIA,"ice cream, sorbet, edible ice (eg., ice-lolli, halo-halo)",pieces or units,1,bilog,1,1
ILOILO,ESTANCIA,loaf bread,large packs,1,large,1,1
ILOILO,ESTANCIA,loaf bread,medium packs,1,medium,1,1
ILOILO,ESTANCIA,loaf bread,small packs,1,small,1,1
ILOILO,ESTANCIA,mango,pieces or units,1,bilog,1,1
ILOILO,ESTANCIA,"prawns, lobster, shrimp",putos,1,putos,1,1
ILOILO,ESTANCIA,"prawns, lobster, shrimp",tumpok,1,tumpok,1,1
ILOILO,ESTANCIA,"preserved or processed meat (tocino, tapa, longaniza, etc)",bilog,1,bilog,1,1
ILOILO,GUIMBAL,camote tops,bugkos,1,bugkos,1,1
ILOILO,GUIMBAL,fresh fish,pieces or units,1,bilog,1,1
ILOILO,GUIMBAL,loaf bread,small packs,1,gagmay nga putos,1,1
ILOILO,GUIMBAL,rice,salmon,1,salmon,1,1
ILOILO,IGBARAS,beef,intestine,1,intestine,1,1
ILOILO,IGBARAS,cabbage,pieces or units,1,bilog,1,1
ILOILO,IGBARAS,camote,bilog,1,bilog,1,1
ILOILO,IGBARAS,camote tops,bugkos,1,bugkos,1,1
ILOILO,IGBARAS,carrot,pieces or units,1,bilog,1,1
ILOILO,IGBARAS,carrot,putos (mix vegetable),1,putos (mix vegetable),1,1
ILOILO,IGBARAS,carrot,putos or pack,1,putos or pack,1,1
ILOILO,IGBARAS,"drinks at restaurant, hotel, cafe, or kiosk",pieces,1,pieces,1,1
ILOILO,IGBARAS,"liquor (e.g, whisky, coconut wine)",cup,1,cup,1,1
ILOILO,IGBARAS,"liquor (e.g, whisky, coconut wine)",glass/shots,1,glass/shots,1,1
ILOILO,IGBARAS,"liquor (e.g, whisky, coconut wine)",junior lapad,1,junior lapad,1,1
ILOILO,IGBARAS,loaf bread,tama-tama nga putos,1,tama-tama nga putos,1,1
ILOILO,IGBARAS,"prawns, lobster, shrimp",tumpok,1,tumpok,1,1
ILOILO,JANIUAY,camote,bilog,1,bilog,1,1
ILOILO,JANIUAY,camote tops,bugkos,1,bugkos,1,1
ILOILO,JANIUAY,chicken,patupa,1,patupa,1,1
ILOILO,JANIUAY,chicken,pieces or units,1,binilog,1,1
ILOILO,JANIUAY,fresh fish,patupa,1,patupa,1,1
ILOILO,JANIUAY,"ice cream, sorbet, edible ice (eg., ice-lolli, halo-halo)",putos,1,putos,1,1
ILOILO,JANIUAY,"ice cream, sorbet, edible ice (eg., ice-lolli, halo-halo)",small cup,1,gamay nga cup,1,1
ILOILO,JANIUAY,"liquor (e.g, whisky, coconut wine)",long-neck,1,long-neck,1,1
ILOILO,JANIUAY,loaf bread,tama-tama nga putos,1,tama-tama nga putos,1,1
ILOILO,JANIUAY,mango,pieces or units,1,bilog,1,1
ILOILO,JANIUAY,"prawns, lobster, shrimp",pack,1,pack,1,1
ILOILO,JANIUAY,"preserved or processed meat (tocino, tapa, longaniza, etc)",bilog,1,bilog,1,1
ILOILO,LAMBUNAO,camote,bilog,1,bilog,1,1
ILOILO,LAMBUNAO,camote tops,bugkos,1,bugkos,1,1
ILOILO,LAMBUNAO,chicken,pieces or units,1,binilog,1,1
ILOILO,LAMBUNAO,"drinks at restaurant, hotel, cafe, or kiosk",pieces,1,pieces,1,1
ILOILO,LAMBUNAO,"ice cream, sorbet, edible ice (eg., ice-lolli, halo-halo)",putos,1,putos,1,1
ILOILO,LAMBUNAO,"liquor (e.g, whisky, coconut wine)",baso,1,baso,1,1
ILOILO,LAMBUNAO,mango,pieces or units,1,bilog,1,1
ILOILO,LAMBUNAO,"preserved or processed meat (tocino, tapa, longaniza, etc)",bilog,1,bilog,1,1
ILOILO,LEGANES,cabbage,pack,1,putos,1,1
ILOILO,LEGANES,camote,bilog,1,bilog,1,1
ILOILO,LEGANES,camote,tumpok,1,tumpok,1,1
ILOILO,LEGANES,camote tops,bugkos,1,bugkos,1,1
ILOILO,LEGANES,carrot,pack,1,putos,1,1
ILOILO,LEGANES,"drinks at restaurant, hotel, cafe, or kiosk",pieces,1,pieces,1,1
ILOILO,LEGANES,"ice cream, sorbet, edible ice (eg., ice-lolli, halo-halo)",pieces or units,1,bilog,1,1
ILOILO,LEGANES,"ice cream, sorbet, edible ice (eg., ice-lolli, halo-halo)",tupperware,1,tupperware,1,1
ILOILO,LEGANES,loaf bread,tama-tama nga putos,1,tama-tama nga putos,1,1
ILOILO,LEMERY,cabbage,buskos,1,buskos,1,1
ILOILO,LEMERY,cabbage,pieces or units,1,bilog,1,1
ILOILO,LEMERY,camote tops,bugkos,1,bugkos,1,1
ILOILO,LEMERY,camote tops,bundle,1,bundle,1,1
ILOILO,LEMERY,carrot,pieces or units,1,bilog,1,1
ILOILO,LEMERY,"crackers, cookies, buiscuits, chips/curls",bucket,1,bucket,1,1
ILOILO,LEMERY,"crackers, cookies, buiscuits, chips/curls",pack,1,packs,1,1
ILOILO,LEMERY,"drinks at restaurant, hotel, cafe, or kiosk",pieces,1,pieces,1,1
ILOILO,LEMERY,"ice cream, sorbet, edible ice (eg., ice-lolli, halo-halo)",putos,1,putos,1,1
ILOILO,LEMERY,"liquor (e.g, whisky, coconut wine)",long-neck,1,long-neck,1,1
ILOILO,LEMERY,"preserved or processed meat (tocino, tapa, longaniza, etc)",bilog,1,bilog,1,1
ILOILO,LEMERY,"preserved or processed meat (tocino, tapa, longaniza, etc)",pack,1,packs,1,1
ILOILO,LEON,camote tops,bugkos,1,bugkos,1,1
ILOILO,LEON,fresh fish,pieces or units,1,bilog,1,1
ILOILO,LEON,"ice cream, sorbet, edible ice (eg., ice-lolli, halo-halo)",putos,1,putos,1,1
ILOILO,LEON,"liquor (e.g, whisky, coconut wine)",long-neck,1,long-neck,1,1
ILOILO,LEON,"preserved or processed meat (tocino, tapa, longaniza, etc)",bilog,1,bilog,1,1
ILOILO,LEON,"preserved or processed meat (tocino, tapa, longaniza, etc)",pieces or units,1,binilog,1,1
ILOILO,MAASIN,camote,bilog,1,bilog,1,1
ILOILO,MAASIN,camote tops,bugkos,1,bugkos,1,1
ILOILO,MAASIN,camote tops,bundle,1,bundle,1,1
ILOILO,MAASIN,camote tops,pieces or units,1,bilog,1,1
ILOILO,MAASIN,carrot,pieces or units,1,bilog,1,1
ILOILO,MAASIN,"crackers, cookies, buiscuits, chips/curls",pack,1,packs,1,1
ILOILO,MAASIN,"crackers, cookies, buiscuits, chips/curls",pieces or units,1,bilog,1,1
ILOILO,MAASIN,"drinks at restaurant, hotel, cafe, or kiosk",pieces,1,pieces,1,1
ILOILO,MAASIN,fresh fish,pieces or units,1,bilog,1,1
ILOILO,MAASIN,"ice cream, sorbet, edible ice (eg., ice-lolli, halo-halo)",putos,1,putos,1,1
ILOILO,MAASIN,loaf bread,medium packs,1,medium,1,1
ILOILO,MAASIN,loaf bread,pieces,1,pieces,1,1
ILOILO,MAASIN,pork,pieces or units,1,pieces,1,1
ILOILO,MAASIN,"preserved or processed meat (tocino, tapa, longaniza, etc)",bilog,1,bilog,1,1
ILOILO,MAASIN,"preserved or processed meat (tocino, tapa, longaniza, etc)",pack,1,packs,1,1
ILOILO,MAASIN,rice,sack of rice,1,sack of rice,1,1
ILOILO,MIAGAO,cabbage,pack,1,putos /supot,1,1
ILOILO,MIAGAO,camote tops,bugkos,1,bugkos,1,1
ILOILO,MIAGAO,chicken,pieces or units,1,binilog,1,1
ILOILO,MIAGAO,"crackers, cookies, buiscuits, chips/curls",pieces or units,1,bilog,1,1
ILOILO,MIAGAO,"drinks at restaurant, hotel, cafe, or kiosk",pieces,1,pieces,1,1
ILOILO,MIAGAO,"ice cream, sorbet, edible ice (eg., ice-lolli, halo-halo)",putos,1,putos,1,1
ILOILO,MIAGAO,loaf bread,tama-tama nga putos,1,tama-tama nga putos,1,1
ILOILO,MIAGAO,mango,pieces or units,1,bilog,1,1
ILOILO,MIAGAO,"preserved or processed meat (tocino, tapa, longaniza, etc)",bilog,1,bilog,1,1
ILOILO,MIAGAO,"preserved or processed meat (tocino, tapa, longaniza, etc)",pieces or units,1,binilog,1,1
ILOILO,MINA,beef,pieces or units,1,bilog,1,1
ILOILO,MINA,camote,bilog,1,bilog,1,1
ILOILO,MINA,camote,putos,1,putos,1,1
ILOILO,MINA,camote tops,bugkos,1,bugkos,1,1
ILOILO,MINA,camote tops,bundle,1,bundle,1,1
ILOILO,MINA,carrot,pieces or units,1,bilog,1,1
ILOILO,MINA,chicken,pieces or units,1,piraso,1,1
ILOILO,MINA,"crackers, cookies, buiscuits, chips/curls",pack,1,packs,1,1
ILOILO,MINA,"crackers, cookies, buiscuits, chips/curls",pieces or units,1,bilog,1,1
ILOILO,MINA,"drinks at restaurant, hotel, cafe, or kiosk",pieces,1,pieces,1,1
ILOILO,MINA,fresh fish,pack,1,putos,1,1
ILOILO,MINA,"ice cream, sorbet, edible ice (eg., ice-lolli, halo-halo)",container,1,container,1,1
ILOILO,MINA,"ice cream, sorbet, edible ice (eg., ice-lolli, halo-halo)",pack,1,packs,1,1
ILOILO,MINA,"ice cream, sorbet, edible ice (eg., ice-lolli, halo-halo)",pieces or units,1,bilog,1,1
ILOILO,MINA,"ice cream, sorbet, edible ice (eg., ice-lolli, halo-halo)",putos,1,putos,1,1
ILOILO,MINA,"ice cream, sorbet, edible ice (eg., ice-lolli, halo-halo)",small cup,1,gamay nga cup,1,1
ILOILO,MINA,"liquor (e.g, whisky, coconut wine)",long-neck,1,long-neck,1,1
ILOILO,MINA,mango,pieces or units,1,bilog,1,1
ILOILO,MINA,pork,portion,1,portion,1,1
ILOILO,MINA,"prawns, lobster, shrimp",tumpok,1,tumpok,1,1
ILOILO,MINA,"preserved or processed meat (tocino, tapa, longaniza, etc)",bilog,1,bilog,1,1
ILOILO,MINA,"preserved or processed meat (tocino, tapa, longaniza, etc)",pack,1,packs,1,1
ILOILO,MINA,rice,gantang,1,ganta,1,1
ILOILO,NEW LUCENA,cabbage,pack,1,putos,1,1
ILOILO,NEW LUCENA,cabbage,pieces or units,1,bilog,1,1
ILOILO,NEW LUCENA,camote,bilog,1,bilog,1,1
ILOILO,NEW LUCENA,camote tops,bugkos,1,bugkos,1,1
ILOILO,NEW LUCENA,camote tops,bundle,1,bundle,1,1
ILOILO,NEW LUCENA,carrot,pack,1,putos,1,1
ILOILO,NEW LUCENA,"crackers, cookies, buiscuits, chips/curls",pieces or units,1,bilog,1,1
ILOILO,NEW LUCENA,"drinks at restaurant, hotel, cafe, or kiosk",pieces,1,pieces,1,1
ILOILO,NEW LUCENA,fresh fish,pieces or units,1,bilog,1,1
ILOILO,NEW LUCENA,"ice cream, sorbet, edible ice (eg., ice-lolli, halo-halo)",pieces or units,1,bilog,1,1
ILOILO,NEW LUCENA,"ice cream, sorbet, edible ice (eg., ice-lolli, halo-halo)",putos,1,putos,1,1
ILOILO,NEW LUCENA,"ice cream, sorbet, edible ice (eg., ice-lolli, halo-halo)",small cup,1,gamay nga cup,1,1
ILOILO,NEW LUCENA,"liquor (e.g, whisky, coconut wine)",long-neck,1,long-neck,1,1
ILOILO,NEW LUCENA,loaf bread,small packs,1,gagmay nga putos,1,1
ILOILO,NEW LUCENA,mango,pieces or units,1,bilog,1,1
ILOILO,NEW LUCENA,"prawns, lobster, shrimp",tumpok,1,tumpok,1,1
ILOILO,NEW LUCENA,"preserved or processed meat (tocino, tapa, longaniza, etc)",bilog,1,bilog,1,1
ILOILO,OTON,beef,pieces or units,1,bilog,1,1
ILOILO,OTON,cabbage,pack,1,pack,1,1
ILOILO,OTON,cabbage,putos (mix vegetable),1,pack of mixed vegetables,1,1
ILOILO,OTON,camote,bilog,1,bilog,1,1
ILOILO,OTON,camote tops,bugkos,1,bugkos,1,1
ILOILO,OTON,camote tops,bundle,1,bundle,1,1
ILOILO,OTON,carrot,pieces or units,1,bilog,1,1
ILOILO,OTON,carrot,putos (mix vegetable),1,pack of mixed vegetables,1,1
ILOILO,OTON,"crackers, cookies, buiscuits, chips/curls",small box,1,small box,1,1
ILOILO,OTON,"drinks at restaurant, hotel, cafe, or kiosk",pieces,1,pieces,1,1
ILOILO,OTON,fresh fish,pieces or units,1,bilog,1,1
ILOILO,OTON,"ice cream, sorbet, edible ice (eg., ice-lolli, halo-halo)",pitcher,1,pitcher,1,1
ILOILO,OTON,"ice cream, sorbet, edible ice (eg., ice-lolli, halo-halo)",putos,1,putos,1,1
ILOILO,OTON,"ice cream, sorbet, edible ice (eg., ice-lolli, halo-halo)",small cup,1,gamay nga cup,1,1
ILOILO,OTON,"liquor (e.g, whisky, coconut wine)",long-neck,1,long-neck,1,1
ILOILO,OTON,loaf bread,medium packs,1,medium,1,1
ILOILO,OTON,pork,1 serve,1,1 serve,1,1
ILOILO,OTON,pork,stick,1,stick,1,1
ILOILO,OTON,"prawns, lobster, shrimp",pieces or units,1,pieces,1,1
ILOILO,OTON,rice,rice cooker cup (small),1,rice cooker cup (small),1,1
ILOILO,OTON,rice,"rice cooker cup, small",1,"rice cooker cup, small",1,1
ILOILO,OTON,rice,small rice cooker cup,1,small rice cooker cup,1,1
ILOILO,POTOTAN,cabbage,half,1,1/2 of whole,1,1
ILOILO,POTOTAN,cabbage,pieces or units,1,bilog,1,1
ILOILO,POTOTAN,camote tops,bugkos,1,bugkos,1,1
ILOILO,POTOTAN,carrot,pieces or units,1,bilog,1,1
ILOILO,POTOTAN,"crackers, cookies, buiscuits, chips/curls",pieces or units,1,bilog,1,1
ILOILO,POTOTAN,"ice cream, sorbet, edible ice (eg., ice-lolli, halo-halo)",cone,1,ice cream in cone,1,1
ILOILO,POTOTAN,"ice cream, sorbet, edible ice (eg., ice-lolli, halo-halo)",small cup,1,gamay nga cup,1,1
ILOILO,POTOTAN,loaf bread,medium packs,1,medium,1,1
ILOILO,POTOTAN,loaf bread,tama-tama nga putos,1,tama-tama nga putos,1,1
ILOILO,POTOTAN,pork,1 bowl cooked,1,1 bowl cooked,1,1
ILOILO,POTOTAN,pork,pieces or units,1,pieces,1,1
ILOILO,POTOTAN,"preserved or processed meat (tocino, tapa, longaniza, etc)",bilog,1,bilog,1,1
ILOILO,SAN DIONISIO,cabbage,pack,1,putos (pack),1,1
ILOILO,SAN DIONISIO,cabbage,pieces or units,1,bilog,1,1
ILOILO,SAN DIONISIO,cabbage,sliced,1,sliced,1,1
ILOILO,SAN DIONISIO,camote,bilog,1,bilog,1,1
ILOILO,SAN DIONISIO,camote tops,bugkos,1,bugkos,1,1
ILOILO,SAN DIONISIO,carrot,sliced,1,sliced,1,1
ILOILO,SAN DIONISIO,"crackers, cookies, buiscuits, chips/curls",pieces or units,1,bilog,1,1
ILOILO,SAN DIONISIO,"ice cream, sorbet, edible ice (eg., ice-lolli, halo-halo)",small cup,1,gamay nga cup,1,1
ILOILO,SAN DIONISIO,mango,pieces or units,1,bilog,1,1
ILOILO,SAN DIONISIO,"prawns, lobster, shrimp",tumpok,1,tumpok,1,1
ILOILO,SAN DIONISIO,"preserved or processed meat (tocino, tapa, longaniza, etc)",cans,1,lata,1,1
ILOILO,SAN DIONISIO,rice,salmon,1,salmon,1,1
ILOILO,SAN ENRIQUE,cabbage,small packs,1,pack of ice wrapper,1,1
ILOILO,SAN ENRIQUE,camote,bilog,1,bilog,1,1
ILOILO,SAN ENRIQUE,camote tops,bugkos,1,bugkos,1,1
ILOILO,SAN ENRIQUE,camote tops,bundle,1,bundle,1,1
ILOILO,SAN ENRIQUE,carrot,small packs,1,pack of ice wrapper,1,1
ILOILO,SAN ENRIQUE,"ice cream, sorbet, edible ice (eg., ice-lolli, halo-halo)",putos,1,putos,1,1
ILOILO,SAN ENRIQUE,"liquor (e.g, whisky, coconut wine)",long-neck,1,long-neck,1,1
ILOILO,SAN ENRIQUE,loaf bread,medium packs,1,medium,1,1
ILOILO,SAN ENRIQUE,"prawns, lobster, shrimp",pieces or units,1,pieces,1,1
ILOILO,SAN ENRIQUE,"preserved or processed meat (tocino, tapa, longaniza, etc)",bilog,1,bilog,1,1
ILOILO,SAN ENRIQUE,rice,letse,1,letse,1,1
ILOILO,SAN JOAQUIN,cabbage,pack,1,putos,1,1
ILOILO,SAN JOAQUIN,camote,bilog,1,bilog,1,1
ILOILO,SAN JOAQUIN,camote tops,bugkos,1,bugkos,1,1
ILOILO,SAN JOAQUIN,camote tops,bundle,1,bundle,1,1
ILOILO,SAN JOAQUIN,carrot,pack,1,putos,1,1
ILOILO,SAN JOAQUIN,"drinks at restaurant, hotel, cafe, or kiosk",pieces,1,pieces,1,1
ILOILO,SAN JOAQUIN,fresh fish,pieces or units,1,bilog,1,1
ILOILO,SAN JOAQUIN,"ice cream, sorbet, edible ice (eg., ice-lolli, halo-halo)",putos,1,putos,1,1
ILOILO,SAN JOAQUIN,"ice cream, sorbet, edible ice (eg., ice-lolli, halo-halo)",small cup,1,gamay nga cup,1,1
ILOILO,SAN JOAQUIN,"liquor (e.g, whisky, coconut wine)",long-neck,1,long-neck,1,1
ILOILO,SAN JOAQUIN,"preserved or processed meat (tocino, tapa, longaniza, etc)",pack,1,packs,1,1
ILOILO,SAN JOAQUIN,"preserved or processed meat (tocino, tapa, longaniza, etc)",pieces or units,1,binilog,1,1
ILOILO,SAN MIGUEL,cabbage,pieces or units,1,bilog,1,1
ILOILO,SAN MIGUEL,camote tops,bugkos,1,bugkos,1,1
ILOILO,SAN MIGUEL,carrot,pieces or units,1,bilog,1,1
ILOILO,SAN MIGUEL,fresh fish,pieces or units,1,bilog,1,1
ILOILO,SAN MIGUEL,"ice cream, sorbet, edible ice (eg., ice-lolli, halo-halo)",pieces or units,1,bilog,1,1
ILOILO,SAN MIGUEL,loaf bread,large packs,1,dalagku nga putos,1,1
ILOILO,SAN MIGUEL,"preserved or processed meat (tocino, tapa, longaniza, etc)",bilog,1,bilog,1,1
ILOILO,SAN RAFAEL,cabbage,pack,1,putos,1,1
ILOILO,SAN RAFAEL,cabbage,pieces or units,1,bilog,1,1
ILOILO,SAN RAFAEL,camote,bilog,1,bilog,1,1
ILOILO,SAN RAFAEL,camote tops,bugkos,1,bugkos,1,1
ILOILO,SAN RAFAEL,camote tops,bundle,1,bundle,1,1
ILOILO,SAN RAFAEL,carrot,pack,1,putos,1,1
ILOILO,SAN RAFAEL,carrot,pieces or units,1,bilog,1,1
ILOILO,SAN RAFAEL,"ice cream, sorbet, edible ice (eg., ice-lolli, halo-halo)",cone,1,cone,1,1
ILOILO,SAN RAFAEL,"ice cream, sorbet, edible ice (eg., ice-lolli, halo-halo)",putos,1,putos,1,1
ILOILO,SAN RAFAEL,"ice cream, sorbet, edible ice (eg., ice-lolli, halo-halo)",small cup,1,gamay nga cup,1,1
ILOILO,SAN RAFAEL,loaf bread,medium packs,1,medium,1,1
ILOILO,SAN RAFAEL,loaf bread,tama-tama nga putos,1,tama-tama nga putos,1,1
ILOILO,SAN RAFAEL,"prawns, lobster, shrimp",tumpok,1,tumpok,1,1
ILOILO,SAN RAFAEL,"preserved or processed meat (tocino, tapa, longaniza, etc)",bilog,1,bilog,1,1
ILOILO,SANTA BARBARA,cabbage,pieces or units,1,bilog,1,1
ILOILO,SANTA BARBARA,camote,bilog,1,bilog,1,1
ILOILO,SANTA BARBARA,camote tops,bugkos,1,bugkos,1,1
ILOILO,SANTA BARBARA,carrot,pieces or units,1,bilog,1,1
ILOILO,SANTA BARBARA,chicken,bilog,1,bilog,1,1
ILOILO,SANTA BARBARA,"ice cream, sorbet, edible ice (eg., ice-lolli, halo-halo)",pieces or units,1,bilog,1,1
ILOILO,SANTA BARBARA,"ice cream, sorbet, edible ice (eg., ice-lolli, halo-halo)",putos,1,putos,1,1
ILOILO,SANTA BARBARA,"liquor (e.g, whisky, coconut wine)",long-neck,1,long-neck,1,1
ILOILO,SANTA BARBARA,loaf bread,large packs,1,large,1,1
ILOILO,SANTA BARBARA,loaf bread,medium packs,1,medium,1,1
ILOILO,SANTA BARBARA,mango,pieces or units,1,bilog,1,1
ILOILO,SARA,camote,bilog,1,bilog,1,1
ILOILO,SARA,camote tops,bugkos,1,bugkos,1,1
ILOILO,SARA,camote tops,bundle,1,bundle,1,1
ILOILO,SARA,carrot,pieces or units,1,bilog,1,1
ILOILO,SARA,"liquor (e.g, whisky, coconut wine)",long-neck,1,long-neck,1,1
ILOILO,SARA,loaf bread,tama-tama nga putos,1,tama-tama nga putos,1,1
ILOILO,SARA,mango,pieces or units,1,bilog,1,1
ILOILO,SARA,"prawns, lobster, shrimp",tumpok,1,tumpok,1,1
ILOILO,SARA,"preserved or processed meat (tocino, tapa, longaniza, etc)",bilog,1,bilog,1,1
ILOILO,SARA,rice,gantang,1,ganta,1,1
ILOILO,TIGBAUAN,cabbage,putos (mix vegetable),1,putos,1,1
ILOILO,TIGBAUAN,camote,bilog,1,bilog,1,1
ILOILO,TIGBAUAN,camote,small packs,1,packs in cellophane,1,1
ILOILO,TIGBAUAN,camote tops,bugkos,1,bugkos,1,1
ILOILO,TIGBAUAN,camote tops,bundle,1,bundle,1,1
ILOILO,TIGBAUAN,carrot,putos (mix vegetable),1,putos,1,1
ILOILO,TIGBAUAN,carrot,slice,1,slice,1,1
ILOILO,TIGBAUAN,chicken,pieces or units,1,pieces or units,1,1
ILOILO,TIGBAUAN,chicken,slice,1,slice,1,1
ILOILO,TIGBAUAN,"crackers, cookies, buiscuits, chips/curls",pack,1,packs,1,1
ILOILO,TIGBAUAN,"drinks at restaurant, hotel, cafe, or kiosk",pieces,1,pieces,1,1
ILOILO,TIGBAUAN,"ice cream, sorbet, edible ice (eg., ice-lolli, halo-halo)",gallons,1,gallon,1,1
ILOILO,TIGBAUAN,"ice cream, sorbet, edible ice (eg., ice-lolli, halo-halo)",plastic cup,1,plastic cup,1,1
ILOILO,TUBUNGAN,cabbage,pack,1,pack,1,1
ILOILO,TUBUNGAN,camote tops,bugkos,1,bugkos,1,1
ILOILO,TUBUNGAN,camote tops,bundle,1,bundle,1,1
ILOILO,TUBUNGAN,carrot,pack,1,pack,1,1
ILOILO,TUBUNGAN,"ice cream, sorbet, edible ice (eg., ice-lolli, halo-halo)",gallons,1,gallon,1,1
ILOILO,TUBUNGAN,"ice cream, sorbet, edible ice (eg., ice-lolli, halo-halo)",putos,1,putos,1,1
ILOILO,TUBUNGAN,"preserved or processed meat (tocino, tapa, longaniza, etc)",bilog,1,bilog,1,1
ILOILO,ZARRAGA,cabbage,pack,1,putos,1,1
ILOILO,ZARRAGA,cabbage,pieces or units,1,bilog,1,1
ILOILO,ZARRAGA,camote tops,bugkos,1,bugkos,1,1
ILOILO,ZARRAGA,carrot,pieces or units,1,bilog,1,1
ILOILO,ZARRAGA,chicken,pieces of fried chicken,1,pieces of fried chicken,1,1
ILOILO,ZARRAGA,fresh fish,pieces or units,1,bilog,1,1
ILOILO,ZARRAGA,"ice cream, sorbet, edible ice (eg., ice-lolli, halo-halo)",small cup,1,gamay nga cup,1,1
ILOILO,ZARRAGA,loaf bread,medium packs,1,medium,1,1
ILOILO,ZARRAGA,loaf bread,small packs,1,small,1,1
ILOILO,ZARRAGA,mango,pieces or units,1,bilog,1,1
ILOILO,ZARRAGA,"preserved or processed meat (tocino, tapa, longaniza, etc)",bilog,1,bilog,1,1
ILOILO,ZARRAGA,rice,salmon,1,salmon,1,1
NEGROS OCCIDENTAL,BINALBAGAN,cabbage,pieces or units,1,bilog,1,1
NEGROS OCCIDENTAL,BINALBAGAN,camote tops,bugkos,1,bugkos,1,1
NEGROS OCCIDENTAL,BINALBAGAN,camote tops,bundle,1,bundle,1,1
NEGROS OCCIDENTAL,BINALBAGAN,chicken,bilog,1,bilog,1,1
NEGROS OCCIDENTAL,BINALBAGAN,chicken,whole (chicken),1,whole (chicken),1,1
NEGROS OCCIDENTAL,BINALBAGAN,"ice cream, sorbet, edible ice (eg., ice-lolli, halo-halo)",pieces or units,1,bilog,1,1
NEGROS OCCIDENTAL,BINALBAGAN,"ice cream, sorbet, edible ice (eg., ice-lolli, halo-halo)",small cup,1,gamay nga cup,1,1
NEGROS OCCIDENTAL,BINALBAGAN,"liquor (e.g, whisky, coconut wine)",lipid/lapad,1,lipid / lapad,1,1
NEGROS OCCIDENTAL,BINALBAGAN,loaf bread,large packs,1,large,1,1
NEGROS OCCIDENTAL,BINALBAGAN,loaf bread,medium packs,1,medium,1,1
NEGROS OCCIDENTAL,BINALBAGAN,"preserved or processed meat (tocino, tapa, longaniza, etc)",putos,1,putos,1,1
NEGROS OCCIDENTAL,CALATRAVA,cabbage,pieces or units,1,bilog,1,1
NEGROS OCCIDENTAL,CALATRAVA,camote tops,bugkos,1,bugkos,1,1
NEGROS OCCIDENTAL,CALATRAVA,camote tops,bundle,1,bundle,1,1
NEGROS OCCIDENTAL,CALATRAVA,carrot,pieces or units,1,bilog,1,1
NEGROS OCCIDENTAL,CALATRAVA,"drinks at restaurant, hotel, cafe, or kiosk",pieces,1,pieces,1,1
NEGROS OCCIDENTAL,CALATRAVA,fresh fish,cup,1,cup,1,1
NEGROS OCCIDENTAL,CALATRAVA,"liquor (e.g, whisky, coconut wine)",cup,1,cup,1,1
NEGROS OCCIDENTAL,CALATRAVA,"liquor (e.g, whisky, coconut wine)",long-neck,1,long-neck,1,1
NEGROS OCCIDENTAL,CALATRAVA,loaf bread,large packs,1,large,1,1
NEGROS OCCIDENTAL,CALATRAVA,loaf bread,small packs,1,small,1,1
NEGROS OCCIDENTAL,CALATRAVA,mango,pieces or units,1,bilog,1,1
NEGROS OCCIDENTAL,CALATRAVA,"prawns, lobster, shrimp",tumpok,1,tumpok,1,1
NEGROS OCCIDENTAL,CALATRAVA,"preserved or processed meat (tocino, tapa, longaniza, etc)",bilog,1,bilog,1,1
NEGROS OCCIDENTAL,CALATRAVA,"preserved or processed meat (tocino, tapa, longaniza, etc)",pack,1,pakete,1,1
NEGROS OCCIDENTAL,CANDONI,cabbage,pieces or units,1,bilog,1,1
NEGROS OCCIDENTAL,CANDONI,camote tops,bugkos,1,bugkos,1,1
NEGROS OCCIDENTAL,CANDONI,carrot,pieces or units,1,bilog,1,1
NEGROS OCCIDENTAL,CANDONI,fresh fish,pieces or units,1,bilog,1,1
NEGROS OCCIDENTAL,CANDONI,"ice cream, sorbet, edible ice (eg., ice-lolli, halo-halo)",cone,1,cone,1,1
NEGROS OCCIDENTAL,CANDONI,"ice cream, sorbet, edible ice (eg., ice-lolli, halo-halo)",small cup,1,gamay nga cup,1,1
NEGROS OCCIDENTAL,CANDONI,"liquor (e.g, whisky, coconut wine)",long-neck,1,long-neck,1,1
NEGROS OCCIDENTAL,CANDONI,loaf bread,medium packs,1,medium,1,1
NEGROS OCCIDENTAL,CANDONI,loaf bread,small packs,1,small,1,1
NEGROS OCCIDENTAL,CANDONI,"prawns, lobster, shrimp",tumpok,1,tumpok,1,1
NEGROS OCCIDENTAL,CAUAYAN,cabbage,pieces or units,1,bilog,1,1
NEGROS OCCIDENTAL,CAUAYAN,camote,bilog,1,bilog,1,1
NEGROS OCCIDENTAL,CAUAYAN,camote tops,bugkos,1,bugkos,1,1
NEGROS OCCIDENTAL,CAUAYAN,camote tops,tumpok,1,tumpok,1,1
NEGROS OCCIDENTAL,CAUAYAN,carrot,pieces or units,1,bilog,1,1
NEGROS OCCIDENTAL,CAUAYAN,chicken,pieces or units,1,binilog,1,1
NEGROS OCCIDENTAL,CAUAYAN,"drinks at restaurant, hotel, cafe, or kiosk",pieces,1,pieces,1,1
NEGROS OCCIDENTAL,CAUAYAN,fresh fish,pieces or units,1,bilog,1,1
NEGROS OCCIDENTAL,CAUAYAN,fresh fish,tumpok,1,tumpok,1,1
NEGROS OCCIDENTAL,CAUAYAN,"ice cream, sorbet, edible ice (eg., ice-lolli, halo-halo)",pieces or units,1,bilog,1,1
NEGROS OCCIDENTAL,CAUAYAN,"ice cream, sorbet, edible ice (eg., ice-lolli, halo-halo)",small cup,1,gamay nga cup,1,1
NEGROS OCCIDENTAL,CAUAYAN,loaf bread,medium packs,1,medium,1,1
NEGROS OCCIDENTAL,CAUAYAN,loaf bread,small packs,1,small,1,1
NEGROS OCCIDENTAL,CAUAYAN,"prawns, lobster, shrimp",tumpok,1,tumpok,1,1
NEGROS OCCIDENTAL,ENRIQUE B. MAGALONA (SARAVIA),cabbage,pieces or units,1,bilog,1,1
NEGROS OCCIDENTAL,ENRIQUE B. MAGALONA (SARAVIA),camote,bilog,1,bilog,1,1
NEGROS OCCIDENTAL,ENRIQUE B. MAGALONA (SARAVIA),camote tops,bugkos,1,bugkos,1,1
NEGROS OCCIDENTAL,ENRIQUE B. MAGALONA (SARAVIA),carrot,pieces or units,1,bilog,1,1
NEGROS OCCIDENTAL,ENRIQUE B. MAGALONA (SARAVIA),fresh fish,pieces or units,1,bilog,1,1
NEGROS OCCIDENTAL,ENRIQUE B. MAGALONA (SARAVIA),"ice cream, sorbet, edible ice (eg., ice-lolli, halo-halo)",pieces or units,1,bilog,1,1
NEGROS OCCIDENTAL,ENRIQUE B. MAGALONA (SARAVIA),"ice cream, sorbet, edible ice (eg., ice-lolli, halo-halo)",putos,1,putos,1,1
NEGROS OCCIDENTAL,ENRIQUE B. MAGALONA (SARAVIA),"ice cream, sorbet, edible ice (eg., ice-lolli, halo-halo)",small cup,1,gamay nga cup,1,1
NEGROS OCCIDENTAL,ENRIQUE B. MAGALONA (SARAVIA),loaf bread,large packs,1,large,1,1
NEGROS OCCIDENTAL,ENRIQUE B. MAGALONA (SARAVIA),loaf bread,medium packs,1,medium,1,1
NEGROS OCCIDENTAL,ENRIQUE B. MAGALONA (SARAVIA),loaf bread,small packs,1,small,1,1
NEGROS OCCIDENTAL,ENRIQUE B. MAGALONA (SARAVIA),"preserved or processed meat (tocino, tapa, longaniza, etc)",cans,1,lata,1,1
NEGROS OCCIDENTAL,HINIGARAN,cabbage,pieces or units,1,bilog,1,1
NEGROS OCCIDENTAL,HINIGARAN,camote,bilog,1,bilog,1,1
NEGROS OCCIDENTAL,HINIGARAN,camote tops,bugkos,1,bugkos,1,1
NEGROS OCCIDENTAL,HINIGARAN,"drinks at restaurant, hotel, cafe, or kiosk",pieces,1,pieces,1,1
NEGROS OCCIDENTAL,HINIGARAN,"ice cream, sorbet, edible ice (eg., ice-lolli, halo-halo)",tupperware,1,supper ware,1,1
NEGROS OCCIDENTAL,HINIGARAN,loaf bread,large packs,1,large,1,1
NEGROS OCCIDENTAL,HINIGARAN,loaf bread,medium packs,1,medium,1,1
NEGROS OCCIDENTAL,HINIGARAN,loaf bread,small packs,1,small,1,1
NEGROS OCCIDENTAL,HINIGARAN,mango,pieces or units,1,bilog,1,1
NEGROS OCCIDENTAL,HINIGARAN,"prawns, lobster, shrimp",tumpok,1,tumpok,1,1
NEGROS OCCIDENTAL,HINIGARAN,rice,salmon,1,salmon,1,1
NEGROS OCCIDENTAL,HINOBA-AN (ASIA),cabbage,pack,1,packs,1,1
NEGROS OCCIDENTAL,HINOBA-AN (ASIA),camote tops,bugkos,1,bugkos,1,1
NEGROS OCCIDENTAL,HINOBA-AN (ASIA),camote tops,bundle,1,bundle,1,1
NEGROS OCCIDENTAL,HINOBA-AN (ASIA),carrot,pieces or units,1,bilog,1,1
NEGROS OCCIDENTAL,HINOBA-AN (ASIA),"drinks at restaurant, hotel, cafe, or kiosk",pieces,1,pieces,1,1
NEGROS OCCIDENTAL,HINOBA-AN (ASIA),"ice cream, sorbet, edible ice (eg., ice-lolli, halo-halo)",pieces or units,1,bilog,1,1
NEGROS OCCIDENTAL,HINOBA-AN (ASIA),"ice cream, sorbet, edible ice (eg., ice-lolli, halo-halo)",putos,1,putos,1,1
NEGROS OCCIDENTAL,HINOBA-AN (ASIA),"ice cream, sorbet, edible ice (eg., ice-lolli, halo-halo)",small cup,1,gamay nga cup,1,1
NEGROS OCCIDENTAL,HINOBA-AN (ASIA),"liquor (e.g, whisky, coconut wine)",lipid/lapad,1,lipid / lapad,1,1
NEGROS OCCIDENTAL,HINOBA-AN (ASIA),"liquor (e.g, whisky, coconut wine)",long-neck,1,long-neck,1,1
NEGROS OCCIDENTAL,HINOBA-AN (ASIA),loaf bread,small packs,1,small,1,1
NEGROS OCCIDENTAL,HINOBA-AN (ASIA),"preserved or processed meat (tocino, tapa, longaniza, etc)",bilog,1,bilog,1,1
NEGROS OCCIDENTAL,HINOBA-AN (ASIA),"preserved or processed meat (tocino, tapa, longaniza, etc)",pack,1,pakete,1,1
NEGROS OCCIDENTAL,ILOG,cabbage,pieces or units,1,bilog,1,1
NEGROS OCCIDENTAL,ILOG,camote tops,bugkos,1,bugkos,1,1
NEGROS OCCIDENTAL,ILOG,camote tops,bundle,1,bundle,1,1
NEGROS OCCIDENTAL,ILOG,carrot,pieces or units,1,bilog,1,1
NEGROS OCCIDENTAL,ILOG,"ice cream, sorbet, edible ice (eg., ice-lolli, halo-halo)",pieces or units,1,bilog,1,1
NEGROS OCCIDENTAL,ILOG,"ice cream, sorbet, edible ice (eg., ice-lolli, halo-halo)",putos,1,putos,1,1
NEGROS OCCIDENTAL,ILOG,"liquor (e.g, whisky, coconut wine)",lipid/lapad,1,lipid / lapad,1,1
NEGROS OCCIDENTAL,ILOG,loaf bread,large packs,1,large,1,1
NEGROS OCCIDENTAL,ILOG,loaf bread,medium packs,1,medium,1,1
NEGROS OCCIDENTAL,ILOG,loaf bread,small packs,1,small,1,1
NEGROS OCCIDENTAL,ILOG,"preserved or processed meat (tocino, tapa, longaniza, etc)",bilog,1,bilog,1,1
NEGROS OCCIDENTAL,ILOG,"preserved or processed meat (tocino, tapa, longaniza, etc)",putos,1,putos,1,1
NEGROS OCCIDENTAL,ISABELA,cabbage,pieces or units,1,bilog,1,1
NEGROS OCCIDENTAL,ISABELA,camote,bilog,1,bilog,1,1
NEGROS OCCIDENTAL,ISABELA,camote tops,bugkos,1,bugkos,1,1
NEGROS OCCIDENTAL,ISABELA,carrot,pieces or units,1,bilog,1,1
NEGROS OCCIDENTAL,ISABELA,fresh fish,pieces or units,1,bilog,1,1
NEGROS OCCIDENTAL,ISABELA,"ice cream, sorbet, edible ice (eg., ice-lolli, halo-halo)",cup,1,cup,1,1
NEGROS OCCIDENTAL,ISABELA,"ice cream, sorbet, edible ice (eg., ice-lolli, halo-halo)",pieces or units,1,bilog,1,1
NEGROS OCCIDENTAL,ISABELA,"ice cream, sorbet, edible ice (eg., ice-lolli, halo-halo)",putos,1,putos,1,1
NEGROS OCCIDENTAL,ISABELA,"ice cream, sorbet, edible ice (eg., ice-lolli, halo-halo)",small cup,1,gamay nga cup,1,1
NEGROS OCCIDENTAL,ISABELA,"liquor (e.g, whisky, coconut wine)",long-neck,1,long-neck,1,1
NEGROS OCCIDENTAL,ISABELA,loaf bread,large packs,1,large,1,1
NEGROS OCCIDENTAL,ISABELA,loaf bread,medium packs,1,medium,1,1
NEGROS OCCIDENTAL,ISABELA,mango,pieces or units,1,bilog,1,1
NEGROS OCCIDENTAL,ISABELA,"preserved or processed meat (tocino, tapa, longaniza, etc)",bilog,1,bilog,1,1
NEGROS OCCIDENTAL,LA CASTELLANA,cabbage,pieces or units,1,bilog,1,1
NEGROS OCCIDENTAL,LA CASTELLANA,camote,bilog,1,bilog,1,1
NEGROS OCCIDENTAL,LA CASTELLANA,camote tops,bugkos,1,bugkos,1,1
NEGROS OCCIDENTAL,LA CASTELLANA,carrot,pieces or units,1,bilog,1,1
NEGROS OCCIDENTAL,LA CASTELLANA,"drinks at restaurant, hotel, cafe, or kiosk",pieces,1,pieces,1,1
NEGROS OCCIDENTAL,LA CASTELLANA,"ice cream, sorbet, edible ice (eg., ice-lolli, halo-halo)",pieces or units,1,bilog,1,1
NEGROS OCCIDENTAL,LA CASTELLANA,"ice cream, sorbet, edible ice (eg., ice-lolli, halo-halo)",small cup,1,gamay nga cup,1,1
NEGROS OCCIDENTAL,LA CASTELLANA,"liquor (e.g, whisky, coconut wine)",long-neck,1,long-neck,1,1
NEGROS OCCIDENTAL,LA CASTELLANA,loaf bread,large packs,1,large,1,1
NEGROS OCCIDENTAL,LA CASTELLANA,"preserved or processed meat (tocino, tapa, longaniza, etc)",bilog,1,bilog,1,1
NEGROS OCCIDENTAL,LA CASTELLANA,rice,letse,1,letse,1,1
NEGROS OCCIDENTAL,MANAPLA,cabbage,pieces or units,1,bilog,1,1
NEGROS OCCIDENTAL,MANAPLA,camote tops,bugkos,1,bugkos,1,1
NEGROS OCCIDENTAL,MANAPLA,carrot,pieces or units,1,bilog,1,1
NEGROS OCCIDENTAL,MANAPLA,chicken,bilog,1,bilog,1,1
NEGROS OCCIDENTAL,MANAPLA,chicken,whole (chicken),1,whole (chicken),1,1
NEGROS OCCIDENTAL,MANAPLA,"drinks at restaurant, hotel, cafe, or kiosk",pieces,1,pieces,1,1
NEGROS OCCIDENTAL,MANAPLA,fresh fish,pieces or units,1,bilog,1,1
NEGROS OCCIDENTAL,MANAPLA,"ice cream, sorbet, edible ice (eg., ice-lolli, halo-halo)",pieces or units,1,bilog,1,1
NEGROS OCCIDENTAL,MANAPLA,"ice cream, sorbet, edible ice (eg., ice-lolli, halo-halo)",putos,1,putos,1,1
NEGROS OCCIDENTAL,MANAPLA,"liquor (e.g, whisky, coconut wine)",lipid/lapad,1,lipid / lapad,1,1
NEGROS OCCIDENTAL,MANAPLA,loaf bread,large packs,1,large,1,1
NEGROS OCCIDENTAL,MANAPLA,loaf bread,small packs,1,small,1,1
NEGROS OCCIDENTAL,MANAPLA,"preserved or processed meat (tocino, tapa, longaniza, etc)",bilog,1,bilog,1,1
NEGROS OCCIDENTAL,MANAPLA,"preserved or processed meat (tocino, tapa, longaniza, etc)",pack,1,packs,1,1
NEGROS OCCIDENTAL,MOISES PADILLA (MAGALLON),cabbage,pieces or units,1,bilog,1,1
NEGROS OCCIDENTAL,MOISES PADILLA (MAGALLON),camote,bilog,1,bilog,1,1
NEGROS OCCIDENTAL,MOISES PADILLA (MAGALLON),camote tops,bugkos,1,bugkos,1,1
NEGROS OCCIDENTAL,MOISES PADILLA (MAGALLON),carrot,pieces or units,1,bilog,1,1
NEGROS OCCIDENTAL,MOISES PADILLA (MAGALLON),"drinks at restaurant, hotel, cafe, or kiosk",pieces,1,pieces,1,1
NEGROS OCCIDENTAL,MOISES PADILLA (MAGALLON),"ice cream, sorbet, edible ice (eg., ice-lolli, halo-halo)",putos,1,putos,1,1
NEGROS OCCIDENTAL,MOISES PADILLA (MAGALLON),"liquor (e.g, whisky, coconut wine)",long-neck,1,long-neck,1,1
NEGROS OCCIDENTAL,MOISES PADILLA (MAGALLON),loaf bread,medium packs,1,medium,1,1
NEGROS OCCIDENTAL,MOISES PADILLA (MAGALLON),loaf bread,small packs,1,small,1,1
NEGROS OCCIDENTAL,MOISES PADILLA (MAGALLON),mango,pieces or units,1,bilog,1,1
NEGROS OCCIDENTAL,MOISES PADILLA (MAGALLON),rice,salmon,1,salmon,1,1
NEGROS OCCIDENTAL,MURCIA,cabbage,pieces or units,1,bilog,1,1
NEGROS OCCIDENTAL,MURCIA,camote tops,bugkos,1,bugkos,1,1
NEGROS OCCIDENTAL,MURCIA,carrot,pieces or units,1,bilog,1,1
NEGROS OCCIDENTAL,MURCIA,chicken,bilog,1,bilog,1,1
NEGROS OCCIDENTAL,MURCIA,"ice cream, sorbet, edible ice (eg., ice-lolli, halo-halo)",pieces or units,1,bilog,1,1
NEGROS OCCIDENTAL,MURCIA,"ice cream, sorbet, edible ice (eg., ice-lolli, halo-halo)",putos,1,putos,1,1
NEGROS OCCIDENTAL,MURCIA,loaf bread,large packs,1,large,1,1
NEGROS OCCIDENTAL,MURCIA,loaf bread,medium packs,1,medium,1,1
NEGROS OCCIDENTAL,MURCIA,"prawns, lobster, shrimp",tumpok,1,tumpok,1,1
NEGROS OCCIDENTAL,MURCIA,"preserved or processed meat (tocino, tapa, longaniza, etc)",bilog,1,bilog,1,1
NEGROS OCCIDENTAL,PONTEVEDRA,camote,bilog,1,bilog,1,1
NEGROS OCCIDENTAL,PONTEVEDRA,camote,tumpok,1,tumpok(pile),1,1
NEGROS OCCIDENTAL,PONTEVEDRA,camote tops,bugkos,1,bugkos,1,1
NEGROS OCCIDENTAL,PONTEVEDRA,carrot,pieces or units,1,bilog,1,1
NEGROS OCCIDENTAL,PONTEVEDRA,"drinks at restaurant, hotel, cafe, or kiosk",pieces,1,pieces,1,1
NEGROS OCCIDENTAL,PONTEVEDRA,"ice cream, sorbet, edible ice (eg., ice-lolli, halo-halo)",putos,1,putos,1,1
NEGROS OCCIDENTAL,PONTEVEDRA,"ice cream, sorbet, edible ice (eg., ice-lolli, halo-halo)",small cup,1,gamay nga cup,1,1
NEGROS OCCIDENTAL,PONTEVEDRA,"liquor (e.g, whisky, coconut wine)",long-neck,1,long-neck,1,1
NEGROS OCCIDENTAL,PONTEVEDRA,loaf bread,large packs,1,large,1,1
NEGROS OCCIDENTAL,PONTEVEDRA,loaf bread,medium packs,1,medium,1,1
NEGROS OCCIDENTAL,PONTEVEDRA,mango,pieces or units,1,bilog,1,1
NEGROS OCCIDENTAL,PONTEVEDRA,"preserved or processed meat (tocino, tapa, longaniza, etc)",bilog,1,bilog,1,1
NEGROS OCCIDENTAL,PULUPANDAN,camote,bilog,1,bilog,1,1
NEGROS OCCIDENTAL,PULUPANDAN,camote tops,bugkos,1,bugkos,1,1
NEGROS OCCIDENTAL,PULUPANDAN,carrot,pieces or units,1,bilog,1,1
NEGROS OCCIDENTAL,PULUPANDAN,chicken,bilog,1,bilog,1,1
NEGROS OCCIDENTAL,PULUPANDAN,chicken,whole (chicken),1,whole (chicken),1,1
NEGROS OCCIDENTAL,PULUPANDAN,"drinks at restaurant, hotel, cafe, or kiosk",pieces,1,pieces,1,1
NEGROS OCCIDENTAL,PULUPANDAN,fresh fish,pieces or units,1,bilog,1,1
NEGROS OCCIDENTAL,PULUPANDAN,"ice cream, sorbet, edible ice (eg., ice-lolli, halo-halo)",pieces or units,1,bilog,1,1
NEGROS OCCIDENTAL,PULUPANDAN,"liquor (e.g, whisky, coconut wine)",long-neck,1,long-neck,1,1
NEGROS OCCIDENTAL,PULUPANDAN,loaf bread,large packs,1,large,1,1
NEGROS OCCIDENTAL,PULUPANDAN,loaf bread,medium packs,1,medium,1,1
NEGROS OCCIDENTAL,PULUPANDAN,loaf bread,small packs,1,small,1,1
NEGROS OCCIDENTAL,PULUPANDAN,"prawns, lobster, shrimp",tumpok,1,tumpok,1,1
NEGROS OCCIDENTAL,PULUPANDAN,"preserved or processed meat (tocino, tapa, longaniza, etc)",bilog,1,bilog,1,1
NEGROS OCCIDENTAL,SALVADOR BENEDICTO,cabbage,pieces or units,1,bilog,1,1
NEGROS OCCIDENTAL,SALVADOR BENEDICTO,camote tops,bugkos,1,bugkos,1,1
NEGROS OCCIDENTAL,SALVADOR BENEDICTO,camote tops,bundle,1,bundle,1,1
NEGROS OCCIDENTAL,SALVADOR BENEDICTO,carrot,pieces or units,1,bilog,1,1
NEGROS OCCIDENTAL,SALVADOR BENEDICTO,"ice cream, sorbet, edible ice (eg., ice-lolli, halo-halo)",small cup,1,gamay nga cup,1,1
NEGROS OCCIDENTAL,SALVADOR BENEDICTO,"liquor (e.g, whisky, coconut wine)",lipid/lapad,1,lipid / lapad,1,1
NEGROS OCCIDENTAL,SALVADOR BENEDICTO,loaf bread,medium packs,1,medium,1,1
NEGROS OCCIDENTAL,SALVADOR BENEDICTO,loaf bread,small packs,1,small,1,1
NEGROS OCCIDENTAL,SALVADOR BENEDICTO,"preserved or processed meat (tocino, tapa, longaniza, etc)",bilog,1,bilog,1,1
NEGROS OCCIDENTAL,SALVADOR BENEDICTO,"preserved or processed meat (tocino, tapa, longaniza, etc)",cans,1,lata,1,1
NEGROS OCCIDENTAL,SAN ENRIQUE,cabbage,pieces or units,1,bilog,1,1
NEGROS OCCIDENTAL,SAN ENRIQUE,camote,bilog,1,bilog,1,1
NEGROS OCCIDENTAL,SAN ENRIQUE,camote tops,bugkos,1,bugkos,1,1
NEGROS OCCIDENTAL,SAN ENRIQUE,carrot,pieces or units,1,bilog,1,1
NEGROS OCCIDENTAL,SAN ENRIQUE,fresh fish,pieces or units,1,bilog,1,1
NEGROS OCCIDENTAL,SAN ENRIQUE,"liquor (e.g, whisky, coconut wine)",long-neck,1,long-neck,1,1
NEGROS OCCIDENTAL,SAN ENRIQUE,loaf bread,large packs,1,large,1,1
NEGROS OCCIDENTAL,SAN ENRIQUE,loaf bread,medium packs,1,medium,1,1
NEGROS OCCIDENTAL,SAN ENRIQUE,loaf bread,small packs,1,small,1,1
NEGROS OCCIDENTAL,SAN ENRIQUE,"prawns, lobster, shrimp",tumpok,1,tumpok,1,1
NEGROS OCCIDENTAL,TOBOSO,camote tops,bugkos,1,bugkos,1,1
NEGROS OCCIDENTAL,TOBOSO,camote tops,bundle,1,bundle,1,1
NEGROS OCCIDENTAL,TOBOSO,carrot,pieces or units,1,bilog,1,1
NEGROS OCCIDENTAL,TOBOSO,chicken,whole (chicken),1,whole (chicken),1,1
NEGROS OCCIDENTAL,TOBOSO,"drinks at restaurant, hotel, cafe, or kiosk",pieces,1,pieces,1,1
NEGROS OCCIDENTAL,TOBOSO,"ice cream, sorbet, edible ice (eg., ice-lolli, halo-halo)",putos,1,putos,1,1
NEGROS OCCIDENTAL,TOBOSO,"ice cream, sorbet, edible ice (eg., ice-lolli, halo-halo)",small cup,1,gamay nga cup,1,1
NEGROS OCCIDENTAL,TOBOSO,"liquor (e.g, whisky, coconut wine)",lipid/lapad,1,lipid / lapad,1,1
NEGROS OCCIDENTAL,TOBOSO,"liquor (e.g, whisky, coconut wine)",long-neck,1,long-neck,1,1
NEGROS OCCIDENTAL,TOBOSO,loaf bread,large packs,1,large,1,1
NEGROS OCCIDENTAL,TOBOSO,"preserved or processed meat (tocino, tapa, longaniza, etc)",bilog,1,bilog,1,1
NEGROS OCCIDENTAL,TOBOSO,"preserved or processed meat (tocino, tapa, longaniza, etc)",pack,1,pakete,1,1
NEGROS OCCIDENTAL,VALLADOLID,camote,bilog,1,bilog,1,1
NEGROS OCCIDENTAL,VALLADOLID,camote tops,bugkos,1,bugkos,1,1
NEGROS OCCIDENTAL,VALLADOLID,chicken,whole (chicken),1,whole (chicken),1,1
NEGROS OCCIDENTAL,VALLADOLID,"ice cream, sorbet, edible ice (eg., ice-lolli, halo-halo)",pieces or units,1,bilog,1,1
NEGROS OCCIDENTAL,VALLADOLID,"ice cream, sorbet, edible ice (eg., ice-lolli, halo-halo)",small cup,1,gamay nga cup,1,1
NEGROS OCCIDENTAL,VALLADOLID,"liquor (e.g, whisky, coconut wine)",long-neck,1,long-neck,1,1
NEGROS OCCIDENTAL,VALLADOLID,loaf bread,large packs,1,large,1,1
NEGROS OCCIDENTAL,VALLADOLID,loaf bread,medium packs,1,medium,1,1
NEGROS OCCIDENTAL,VALLADOLID,loaf bread,small packs,1,small,1,1
NEGROS OCCIDENTAL,VALLADOLID,mango,pieces or units,1,bilog,1,1
NEGROS OCCIDENTAL,VALLADOLID,"prawns, lobster, shrimp",tumpok,1,tumpok,1,1
