bucket,prov,mun,item,harm,n_psps_obs
convertible from its own cell,CAPIZ,SIGMA,camote tops,bugkos,305
convertible from its own cell,CAPIZ,MA-AYON,camote tops,bugkos,215
convertible from its own cell,CAPIZ,DUMARAO,camote tops,bugkos,214
province fallback available,ILOILO,LEMERY,camote tops,bugkos,210
province fallback available,AKLAN,IBAJAY,camote tops,bundle,204
convertible from its own cell,ANTIQUE,SAN REMIGIO,camote tops,bugkos,195
convertible from its own cell,ILOILO,DUEAS,camote tops,bugkos,194
convertible from its own cell,ANTIQUE,SIBALOM,camote tops,bugkos,187
convertible from its own cell,ILOILO,AJUY,camote tops,bugkos,170
convertible from its own cell,AKLAN,ALTAVAS,camote tops,bundle,168
convertible from its own cell,ILOILO,DINGLE,camote tops,bugkos,167
convertible from its own cell,ILOILO,SAN DIONISIO,camote tops,bugkos,164
convertible from its own cell,ILOILO,CABATUAN,camote tops,bugkos,159
convertible from its own cell,ILOILO,MAASIN,camote tops,bugkos,158
convertible from its own cell,ILOILO,BAROTAC VIEJO,camote tops,bugkos,155
convertible from its own cell,ILOILO,LAMBUNAO,camote tops,bugkos,153
convertible from its own cell,ILOILO,CALINOG,camote tops,bugkos,153
convertible from its own cell,ANTIQUE,PATNONGON,camote tops,bugkos,153
convertible from its own cell,CAPIZ,PANAY,camote tops,bugkos,152
convertible from its own cell,CAPIZ,TAPAZ,camote tops,bugkos,152
convertible from its own cell,ILOILO,IGBARAS,camote tops,bugkos,152
convertible from its own cell,ILOILO,BADIANGAN,camote tops,bugkos,148
convertible from its own cell,ILOILO,SAN JOAQUIN,camote tops,bugkos,142
convertible from its own cell,CAPIZ,PANITAN,camote tops,bugkos,136
convertible from its own cell,ILOILO,JANIUAY,camote tops,bugkos,134
convertible from its own cell,CAPIZ,PILAR,camote tops,bugkos,134
convertible from its own cell,CAPIZ,CUARTERO,camote tops,bugkos,128
convertible from its own cell,NEGROS OCCIDENTAL,CAUAYAN,camote tops,bugkos,127
convertible from its own cell,ILOILO,ALIMODIAN,camote tops,bugkos,125
convertible from its own cell,ILOILO,SARA,camote tops,bugkos,123
convertible from its own cell,ILOILO,LEMERY,"liquor (e.g, whisky, coconut wine)",lipid/lapad,121
convertible from its own cell,AKLAN,MALINAO,camote tops,bundle,119
convertible from its own cell,ANTIQUE,TOBIAS FORNIER,camote tops,bugkos,118
convertible from its own cell,ILOILO,POTOTAN,camote tops,bugkos,116
convertible from its own cell,ILOILO,TUBUNGAN,camote tops,bugkos,116
convertible from its own cell,NEGROS OCCIDENTAL,ISABELA,camote tops,bugkos,115
convertible from its own cell,CAPIZ,DAO,camote tops,bugkos,115
province fallback available,AKLAN,BATAN,camote tops,bundle,114
convertible from its own cell,ILOILO,BAROTAC VIEJO,"liquor (e.g, whisky, coconut wine)",lipid/lapad,113
convertible from its own cell,CAPIZ,JAMINDAN,camote tops,bugkos,111
convertible from its own cell,ILOILO,SAN ENRIQUE,camote tops,bugkos,111
convertible from its own cell,ILOILO,MIAGAO,camote tops,bugkos,110
convertible from its own cell,ILOILO,MINA,camote tops,bugkos,110
convertible from its own cell,NEGROS OCCIDENTAL,CANDONI,camote tops,bugkos,109
province fallback available,ILOILO,LEMERY,"preserved or processed meat (tocino, tapa, longaniza, etc)",putos,108
convertible from its own cell,ANTIQUE,VALDERRAMA,camote tops,bugkos,108
convertible from its own cell,CAPIZ,SIGMA,"preserved or processed meat (tocino, tapa, longaniza, etc)",putos,105
convertible from its own cell,ILOILO,BADIANGAN,"preserved or processed meat (tocino, tapa, longaniza, etc)",putos,103
convertible from its own cell,CAPIZ,MAMBUSAO,camote tops,bugkos,100
convertible from its own cell,ILOILO,IGBARAS,"preserved or processed meat (tocino, tapa, longaniza, etc)",putos,99
convertible from its own cell,ILOILO,BALASAN,camote tops,bugkos,98
convertible from its own cell,AKLAN,LIBACAO,camote tops,bundle,94
convertible from its own cell,ILOILO,DUEAS,"preserved or processed meat (tocino, tapa, longaniza, etc)",putos,91
convertible from its own cell,CAPIZ,DUMARAO,"liquor (e.g, whisky, coconut wine)",lipid/lapad,90
convertible from its own cell,ILOILO,LEON,camote tops,bugkos,88
convertible from its own cell,CAPIZ,MA-AYON,"liquor (e.g, whisky, coconut wine)",lipid/lapad,88
province fallback available,ILOILO,BAROTAC VIEJO,"preserved or processed meat (tocino, tapa, longaniza, etc)",putos,86
province fallback available,AKLAN,MADALAG,camote tops,bundle,86
convertible from its own cell,ILOILO,AJUY,"liquor (e.g, whisky, coconut wine)",lipid/lapad,85
province fallback available,ILOILO,DINGLE,"preserved or processed meat (tocino, tapa, longaniza, etc)",putos,85
province fallback available,CAPIZ,IVISAN,camote tops,bugkos,84
convertible from its own cell,ILOILO,TIGBAUAN,camote tops,bugkos,84
convertible from its own cell,ILOILO,BADIANGAN,"liquor (e.g, whisky, coconut wine)",lipid/lapad,83
convertible from its own cell,ILOILO,SAN RAFAEL,camote tops,bugkos,82
convertible from its own cell,ANTIQUE,SIBALOM,"preserved or processed meat (tocino, tapa, longaniza, etc)",putos,82
convertible from its own cell,ANTIQUE,HAMTIC,camote tops,bugkos,82
convertible from its own cell,ILOILO,MAASIN,"preserved or processed meat (tocino, tapa, longaniza, etc)",putos,81
convertible from its own cell,ILOILO,CALINOG,"liquor (e.g, whisky, coconut wine)",lipid/lapad,81
province fallback available,ILOILO,SAN JOAQUIN,"preserved or processed meat (tocino, tapa, longaniza, etc)",putos,81
province fallback available,CAPIZ,SAPI-AN,camote tops,bugkos,81
convertible from its own cell,ILOILO,BAROTAC NUEVO,camote tops,bugkos,80
convertible from its own cell,ANTIQUE,SIBALOM,"liquor (e.g, whisky, coconut wine)",lipid/lapad,79
convertible from its own cell,CAPIZ,SIGMA,"liquor (e.g, whisky, coconut wine)",lipid/lapad,78
convertible from its own cell,ILOILO,DUMANGAS,camote tops,bugkos,78
convertible from its own cell,ANTIQUE,LAUA-AN,camote tops,bundle,77
convertible from its own cell,ILOILO,DUEAS,"liquor (e.g, whisky, coconut wine)",lipid/lapad,77
convertible from its own cell,NEGROS OCCIDENTAL,SAN ENRIQUE,camote tops,bugkos,76
convertible from its own cell,ILOILO,MAASIN,"liquor (e.g, whisky, coconut wine)",lipid/lapad,76
convertible from its own cell,ANTIQUE,TOBIAS FORNIER,camote tops,bundle,75
convertible from its own cell,NEGROS OCCIDENTAL,HINIGARAN,camote tops,bugkos,75
convertible from its own cell,ILOILO,AJUY,"preserved or processed meat (tocino, tapa, longaniza, etc)",putos,74
convertible from its own cell,ILOILO,TIGBAUAN,"preserved or processed meat (tocino, tapa, longaniza, etc)",putos,74
convertible from its own cell,CAPIZ,MA-AYON,"preserved or processed meat (tocino, tapa, longaniza, etc)",putos,73
convertible from its own cell,ANTIQUE,BUGASONG,camote tops,bugkos,72
convertible from its own cell,CAPIZ,PANAY,"preserved or processed meat (tocino, tapa, longaniza, etc)",putos,72
convertible from its own cell,CAPIZ,PANITAN,"preserved or processed meat (tocino, tapa, longaniza, etc)",putos,70
province fallback available,ILOILO,CALINOG,"preserved or processed meat (tocino, tapa, longaniza, etc)",putos,70
convertible from its own cell,NEGROS OCCIDENTAL,PONTEVEDRA,camote tops,bugkos,69
convertible from its own cell,ANTIQUE,PATNONGON,"preserved or processed meat (tocino, tapa, longaniza, etc)",putos,68
convertible from its own cell,ILOILO,SAN DIONISIO,"preserved or processed meat (tocino, tapa, longaniza, etc)",putos,68
convertible from its own cell,ILOILO,SAN DIONISIO,"liquor (e.g, whisky, coconut wine)",lipid/lapad,67
convertible from its own cell,AKLAN,BANGA,camote tops,bundle,64
province fallback available,ILOILO,CABATUAN,"preserved or processed meat (tocino, tapa, longaniza, etc)",putos,64
convertible from its own cell,ILOILO,SAN JOAQUIN,"liquor (e.g, whisky, coconut wine)",lipid/lapad,63
convertible from its own cell,ILOILO,ALIMODIAN,"preserved or processed meat (tocino, tapa, longaniza, etc)",putos,63
convertible from its own cell,ILOILO,CARLES,camote tops,bugkos,63
province fallback available,AKLAN,ALTAVAS,"ice cream, sorbet, edible ice (eg., ice-lolli, halo-halo)",pieces or units,63
convertible from its own cell,ILOILO,DINGLE,"liquor (e.g, whisky, coconut wine)",lipid/lapad,61
convertible from its own cell,CAPIZ,CUARTERO,"preserved or processed meat (tocino, tapa, longaniza, etc)",putos,61
convertible from its own cell,ANTIQUE,SAN REMIGIO,"liquor (e.g, whisky, coconut wine)",lipid/lapad,60
province fallback available,AKLAN,MALAY,camote tops,bundle,60
convertible from its own cell,ILOILO,LAMBUNAO,"preserved or processed meat (tocino, tapa, longaniza, etc)",putos,60
province fallback available,NEGROS OCCIDENTAL,TOBOSO,camote tops,bugkos,60
convertible from its own cell,CAPIZ,DUMARAO,"preserved or processed meat (tocino, tapa, longaniza, etc)",putos,60
convertible from its own cell,ILOILO,BADIANGAN,"crackers, cookies, buiscuits, chips/curls",putos,60
convertible from its own cell,ILOILO,JANIUAY,"liquor (e.g, whisky, coconut wine)",lipid/lapad,59
convertible from its own cell,CAPIZ,PANITAN,"liquor (e.g, whisky, coconut wine)",lipid/lapad,59
convertible from its own cell,ILOILO,CONCEPCION,camote tops,bugkos,59
province fallback available,ANTIQUE,BUGASONG,camote tops,bundle,59
convertible from its own cell,ILOILO,SAN ENRIQUE,"liquor (e.g, whisky, coconut wine)",lipid/lapad,59
convertible from its own cell,CAPIZ,CUARTERO,"liquor (e.g, whisky, coconut wine)",lipid/lapad,58
convertible from its own cell,ILOILO,IGBARAS,chicken,bilog,58
province fallback available,ANTIQUE,SIBALOM,camote tops,bundle,57
convertible from its own cell,AKLAN,IBAJAY,"preserved or processed meat (tocino, tapa, longaniza, etc)",putos,57
province fallback available,ILOILO,BADIANGAN,loaf bread,small packs,57
convertible from its own cell,ILOILO,SARA,"liquor (e.g, whisky, coconut wine)",lipid/lapad,57
convertible from its own cell,ILOILO,IGBARAS,"liquor (e.g, whisky, coconut wine)",lipid/lapad,57
convertible from its own cell,CAPIZ,TAPAZ,"liquor (e.g, whisky, coconut wine)",lipid/lapad,56
convertible from its own cell,AKLAN,ALTAVAS,"preserved or processed meat (tocino, tapa, longaniza, etc)",putos,56
convertible from its own cell,CAPIZ,PONTEVEDRA,camote tops,bugkos,55
convertible from its own cell,ANTIQUE,TOBIAS FORNIER,"preserved or processed meat (tocino, tapa, longaniza, etc)",putos,55
convertible from its own cell,ANTIQUE,SEBASTE,camote tops,bugkos,54
convertible from its own cell,ANTIQUE,CULASI,camote tops,bugkos,54
convertible from its own cell,AKLAN,MAKATO,camote tops,bundle,54
convertible from its own cell,ILOILO,LAMBUNAO,"liquor (e.g, whisky, coconut wine)",lipid/lapad,54
convertible from its own cell,NEGROS OCCIDENTAL,HINOBA-AN (ASIA),camote tops,bugkos,53
convertible from its own cell,CAPIZ,PILAR,"preserved or processed meat (tocino, tapa, longaniza, etc)",putos,53
convertible from its own cell,ILOILO,OTON,"crackers, cookies, buiscuits, chips/curls",putos,53
convertible from its own cell,ILOILO,CABATUAN,"liquor (e.g, whisky, coconut wine)",lipid/lapad,52
convertible from its own cell,ILOILO,ALIMODIAN,"liquor (e.g, whisky, coconut wine)",lipid/lapad,52
convertible from its own cell,ILOILO,AJUY,"crackers, cookies, buiscuits, chips/curls",pieces or units,52
convertible from its own cell,CAPIZ,PRESIDENT ROXAS,camote tops,bugkos,52
convertible from its own cell,CAPIZ,DUMALAG,camote tops,bugkos,52
convertible from its own cell,CAPIZ,MA-AYON,"crackers, cookies, buiscuits, chips/curls",putos,52
convertible from its own cell,AKLAN,IBAJAY,"ice cream, sorbet, edible ice (eg., ice-lolli, halo-halo)",pieces or units,52
convertible from its own cell,ILOILO,BADIANGAN,camote tops,bundle,51
convertible from its own cell,ILOILO,MINA,"liquor (e.g, whisky, coconut wine)",lipid/lapad,51
convertible from its own cell,CAPIZ,SIGMA,"crackers, cookies, buiscuits, chips/curls",putos,51
convertible from its own cell,ILOILO,ESTANCIA,camote tops,bugkos,51
convertible from its own cell,ILOILO,JANIUAY,"preserved or processed meat (tocino, tapa, longaniza, etc)",putos,51
convertible from its own cell,ILOILO,BALASAN,"preserved or processed meat (tocino, tapa, longaniza, etc)",putos,50
convertible from its own cell,ILOILO,BALASAN,"liquor (e.g, whisky, coconut wine)",lipid/lapad,50
convertible from its own cell,ILOILO,AJUY,"crackers, cookies, buiscuits, chips/curls",putos,50
convertible from its own cell,ILOILO,OTON,camote tops,bugkos,50
convertible from its own cell,NEGROS OCCIDENTAL,SALVADOR BENEDICTO,camote tops,bugkos,50
convertible from its own cell,ILOILO,SAN ENRIQUE,"preserved or processed meat (tocino, tapa, longaniza, etc)",putos,50
convertible from its own cell,CAPIZ,IVISAN,loaf bread,small packs,50
convertible from its own cell,ILOILO,GUIMBAL,camote tops,bugkos,50
province fallback available,ANTIQUE,SEBASTE,camote tops,bundle,49
convertible from its own cell,AKLAN,MALINAO,"crackers, cookies, buiscuits, chips/curls",putos,49
convertible from its own cell,CAPIZ,TAPAZ,"preserved or processed meat (tocino, tapa, longaniza, etc)",putos,49
province fallback available,ILOILO,AJUY,"ice cream, sorbet, edible ice (eg., ice-lolli, halo-halo)",pieces or units,48
convertible from its own cell,ANTIQUE,TIBIAO,camote tops,bugkos,48
convertible from its own cell,ILOILO,TIGBAUAN,"liquor (e.g, whisky, coconut wine)",lipid/lapad,48
convertible from its own cell,ANTIQUE,LAUA-AN,camote tops,bugkos,48
province fallback available,ANTIQUE,HAMTIC,"preserved or processed meat (tocino, tapa, longaniza, etc)",putos,48
convertible from its own cell,ILOILO,LEMERY,chicken,whole (chicken),48
province fallback available,ILOILO,MAASIN,loaf bread,small packs,48
convertible from its own cell,ANTIQUE,BELISON,camote tops,bugkos,47
province fallback available,CAPIZ,IVISAN,"preserved or processed meat (tocino, tapa, longaniza, etc)",putos,47
convertible from its own cell,ILOILO,DUMANGAS,"preserved or processed meat (tocino, tapa, longaniza, etc)",putos,47
convertible from its own cell,CAPIZ,PILAR,"liquor (e.g, whisky, coconut wine)",lipid/lapad,47
convertible from its own cell,ILOILO,BADIANGAN,"crackers, cookies, buiscuits, chips/curls",pieces or units,47
convertible from its own cell,ILOILO,BADIANGAN,loaf bread,large packs,47
convertible from its own cell,CAPIZ,SIGMA,carrot,pieces or units,46
convertible from its own cell,ILOILO,BAROTAC NUEVO,"preserved or processed meat (tocino, tapa, longaniza, etc)",putos,46
province fallback available,ILOILO,LEMERY,"ice cream, sorbet, edible ice (eg., ice-lolli, halo-halo)",pieces or units,46
convertible from its own cell,ILOILO,POTOTAN,"liquor (e.g, whisky, coconut wine)",lipid/lapad,46
convertible from its own cell,CAPIZ,DAO,"liquor (e.g, whisky, coconut wine)",lipid/lapad,46
convertible from its own cell,ANTIQUE,PANDAN,camote tops,bugkos,46
convertible from its own cell,NEGROS OCCIDENTAL,HINIGARAN,"preserved or processed meat (tocino, tapa, longaniza, etc)",putos,46
convertible from its own cell,ILOILO,OTON,"preserved or processed meat (tocino, tapa, longaniza, etc)",putos,46
convertible from its own cell,CAPIZ,PANAY,"liquor (e.g, whisky, coconut wine)",lipid/lapad,46
convertible from its own cell,AKLAN,ALTAVAS,"liquor (e.g, whisky, coconut wine)",lipid/lapad,45
province fallback available,ILOILO,MINA,"preserved or processed meat (tocino, tapa, longaniza, etc)",putos,45
convertible from its own cell,ILOILO,BADIANGAN,chicken,whole (chicken),45
convertible from its own cell,CAPIZ,MAMBUSAO,"preserved or processed meat (tocino, tapa, longaniza, etc)",putos,45
convertible from its own cell,CAPIZ,DAO,"preserved or processed meat (tocino, tapa, longaniza, etc)",putos,45
province fallback available,ANTIQUE,PATNONGON,camote tops,bundle,45
convertible from its own cell,ILOILO,SANTA BARBARA,camote tops,bugkos,44
convertible from its own cell,ILOILO,BADIANGAN,carrot,pieces or units,44
convertible from its own cell,ILOILO,BAROTAC VIEJO,"ice cream, sorbet, edible ice (eg., ice-lolli, halo-halo)",pieces or units,44
convertible from its own cell,ILOILO,POTOTAN,"preserved or processed meat (tocino, tapa, longaniza, etc)",putos,44
convertible from its own cell,CAPIZ,SIGMA,"crackers, cookies, buiscuits, chips/curls",pieces or units,44
convertible from its own cell,NEGROS OCCIDENTAL,VALLADOLID,camote tops,bugkos,44
convertible from its own cell,ANTIQUE,SAN REMIGIO,"preserved or processed meat (tocino, tapa, longaniza, etc)",putos,44
province fallback available,CAPIZ,SIGMA,loaf bread,small packs,44
convertible from its own cell,ANTIQUE,TOBIAS FORNIER,"liquor (e.g, whisky, coconut wine)",lipid/lapad,44
convertible from its own cell,ANTIQUE,VALDERRAMA,"liquor (e.g, whisky, coconut wine)",lipid/lapad,43
convertible from its own cell,NEGROS OCCIDENTAL,ENRIQUE B. MAGALONA (SARAVIA),camote tops,bugkos,43
province fallback available,ILOILO,CARLES,"preserved or processed meat (tocino, tapa, longaniza, etc)",putos,43
convertible from its own cell,AKLAN,MALINAO,"crackers, cookies, buiscuits, chips/curls",pieces or units,42
convertible from its own cell,ILOILO,MAASIN,carrot,pieces or units,42
convertible from its own cell,ILOILO,LEMERY,loaf bread,small packs,42
convertible from its own cell,ILOILO,BANATE,camote tops,bugkos,42
convertible from its own cell,NEGROS OCCIDENTAL,CANDONI,"liquor (e.g, whisky, coconut wine)",lipid/lapad,42
province fallback available,ILOILO,BADIANGAN,chicken,bilog,42
convertible from its own cell,ILOILO,LEMERY,"crackers, cookies, buiscuits, chips/curls",putos,42
convertible from its own cell,CAPIZ,PANAY,"crackers, cookies, buiscuits, chips/curls",putos,41
convertible from its own cell,NEGROS OCCIDENTAL,MOISES PADILLA (MAGALLON),camote tops,bugkos,41
convertible from its own cell,ILOILO,BAROTAC VIEJO,loaf bread,small packs,41
convertible from its own cell,ILOILO,BINGAWAN,camote tops,bugkos,41
convertible from its own cell,ILOILO,AJUY,loaf bread,small packs,41
convertible from its own cell,AKLAN,IBAJAY,carrot,pieces or units,41
convertible from its own cell,ANTIQUE,PATNONGON,"liquor (e.g, whisky, coconut wine)",lipid/lapad,40
convertible from its own cell,ANTIQUE,BUGASONG,"liquor (e.g, whisky, coconut wine)",lipid/lapad,40
convertible from its own cell,CAPIZ,PANAY,"crackers, cookies, buiscuits, chips/curls",pieces or units,40
convertible from its own cell,ANTIQUE,LIBERTAD,camote tops,bugkos,40
convertible from its own cell,ILOILO,DUEAS,"crackers, cookies, buiscuits, chips/curls",putos,39
convertible from its own cell,ANTIQUE,TOBIAS FORNIER,chicken,whole (chicken),39
province fallback available,ILOILO,MIAGAO,"preserved or processed meat (tocino, tapa, longaniza, etc)",putos,39
convertible from its own cell,ILOILO,TIGBAUAN,"crackers, cookies, buiscuits, chips/curls",putos,39
province fallback available,ILOILO,BAROTAC VIEJO,camote tops,bundle,38
convertible from its own cell,ILOILO,LEON,"preserved or processed meat (tocino, tapa, longaniza, etc)",putos,38
convertible from its own cell,ANTIQUE,LAUA-AN,"preserved or processed meat (tocino, tapa, longaniza, etc)",putos,38
convertible from its own cell,ILOILO,CARLES,"liquor (e.g, whisky, coconut wine)",lipid/lapad,37
convertible from its own cell,AKLAN,MALINAO,loaf bread,large packs,37
convertible from its own cell,ANTIQUE,BUGASONG,"preserved or processed meat (tocino, tapa, longaniza, etc)",putos,37
convertible from its own cell,NEGROS OCCIDENTAL,ISABELA,"preserved or processed meat (tocino, tapa, longaniza, etc)",putos,37
convertible from its own cell,CAPIZ,DUMALAG,"liquor (e.g, whisky, coconut wine)",lipid/lapad,37
convertible from its own cell,ILOILO,TIGBAUAN,loaf bread,small packs,37
convertible from its own cell,CAPIZ,TAPAZ,chicken,whole (chicken),37
convertible from its own cell,ILOILO,AJUY,loaf bread,large packs,37
convertible from its own cell,ILOILO,MIAGAO,"liquor (e.g, whisky, coconut wine)",lipid/lapad,37
convertible from its own cell,ILOILO,BADIANGAN,cabbage,pieces or units,37
convertible from its own cell,ILOILO,MAASIN,cabbage,pieces or units,37
convertible from its own cell,ILOILO,CONCEPCION,"liquor (e.g, whisky, coconut wine)",lipid/lapad,37
convertible from its own cell,ILOILO,IGBARAS,loaf bread,large packs,37
convertible from its own cell,ILOILO,BATAD,camote tops,bugkos,36
province fallback available,ILOILO,BAROTAC VIEJO,chicken,whole (chicken),36
convertible from its own cell,CAPIZ,DUMALAG,"preserved or processed meat (tocino, tapa, longaniza, etc)",putos,36
province fallback available,ILOILO,MAASIN,"crackers, cookies, buiscuits, chips/curls",putos,36
province fallback available,CAPIZ,MA-AYON,chicken,bilog,36
province fallback available,CAPIZ,DUMARAO,chicken,whole (chicken),36
convertible from its own cell,ILOILO,ALIMODIAN,"ice cream, sorbet, edible ice (eg., ice-lolli, halo-halo)",pieces or units,35
convertible from its own cell,ILOILO,MAASIN,chicken,whole (chicken),35
province fallback available,ILOILO,MAASIN,chicken,bilog,35
convertible from its own cell,ILOILO,CABATUAN,carrot,pieces or units,35
convertible from its own cell,AKLAN,ALTAVAS,loaf bread,medium packs,35
convertible from its own cell,ILOILO,NEW LUCENA,"crackers, cookies, buiscuits, chips/curls",putos,35
convertible from its own cell,CAPIZ,SIGMA,chicken,whole (chicken),35
convertible from its own cell,ILOILO,SARA,"preserved or processed meat (tocino, tapa, longaniza, etc)",putos,35
convertible from its own cell,CAPIZ,JAMINDAN,"liquor (e.g, whisky, coconut wine)",lipid/lapad,35
province fallback available,ILOILO,CABATUAN,chicken,bilog,35
convertible from its own cell,ILOILO,ZARRAGA,camote tops,bugkos,35
convertible from its own cell,NEGROS OCCIDENTAL,LA CASTELLANA,camote tops,bugkos,35
convertible from its own cell,NEGROS OCCIDENTAL,ISABELA,"liquor (e.g, whisky, coconut wine)",lipid/lapad,35
convertible from its own cell,ILOILO,DUEAS,"ice cream, sorbet, edible ice (eg., ice-lolli, halo-halo)",pieces or units,35
province fallback available,ILOILO,SAN DIONISIO,loaf bread,small packs,34
convertible from its own cell,ILOILO,LEON,"liquor (e.g, whisky, coconut wine)",lipid/lapad,34
convertible from its own cell,CAPIZ,IVISAN,"crackers, cookies, buiscuits, chips/curls",putos,34
convertible from its own cell,ILOILO,DUEAS,chicken,whole (chicken),34
convertible from its own cell,CAPIZ,MA-AYON,"crackers, cookies, buiscuits, chips/curls",pieces or units,34
convertible from its own cell,ILOILO,TUBUNGAN,"preserved or processed meat (tocino, tapa, longaniza, etc)",putos,34
convertible from its own cell,CAPIZ,SIGMA,"ice cream, sorbet, edible ice (eg., ice-lolli, halo-halo)",small cup,34
convertible from its own cell,ILOILO,CARLES,"crackers, cookies, buiscuits, chips/curls",putos,34
convertible from its own cell,CAPIZ,JAMINDAN,"preserved or processed meat (tocino, tapa, longaniza, etc)",putos,33
convertible from its own cell,ILOILO,SAN RAFAEL,"liquor (e.g, whisky, coconut wine)",lipid/lapad,33
province fallback available,ILOILO,LEON,chicken,bilog,33
convertible from its own cell,ANTIQUE,HAMTIC,"liquor (e.g, whisky, coconut wine)",lipid/lapad,33
province fallback available,ANTIQUE,LAUA-AN,"crackers, cookies, buiscuits, chips/curls",putos,33
convertible from its own cell,CAPIZ,PANAY,carrot,pieces or units,33
convertible from its own cell,ILOILO,DINGLE,chicken,bilog,33
convertible from its own cell,NEGROS OCCIDENTAL,CAUAYAN,"liquor (e.g, whisky, coconut wine)",lipid/lapad,33
convertible from its own cell,ILOILO,ALIMODIAN,chicken,bilog,33
convertible from its own cell,AKLAN,IBAJAY,"preserved or processed meat (tocino, tapa, longaniza, etc)",pieces or units,33
convertible from its own cell,ILOILO,TUBUNGAN,"liquor (e.g, whisky, coconut wine)",lipid/lapad,33
convertible from its own cell,NEGROS OCCIDENTAL,SAN ENRIQUE,"preserved or processed meat (tocino, tapa, longaniza, etc)",putos,33
province fallback available,ILOILO,CALINOG,rice,salmon,32
convertible from its own cell,ILOILO,IGBARAS,"ice cream, sorbet, edible ice (eg., ice-lolli, halo-halo)",small cup,32
convertible from its own cell,ILOILO,CABATUAN,"crackers, cookies, buiscuits, chips/curls",putos,32
convertible from its own cell,CAPIZ,IVISAN,"liquor (e.g, whisky, coconut wine)",lipid/lapad,32
convertible from its own cell,CAPIZ,IVISAN,"crackers, cookies, buiscuits, chips/curls",pieces or units,32
province fallback available,ILOILO,DUEAS,chicken,bilog,32
convertible from its own cell,CAPIZ,TAPAZ,"crackers, cookies, buiscuits, chips/curls",putos,32
convertible from its own cell,ANTIQUE,BARBAZA,camote tops,bundle,32
convertible from its own cell,NEGROS OCCIDENTAL,SAN ENRIQUE,cabbage,pieces or units,31
province fallback available,ILOILO,CALINOG,chicken,bilog,31
province fallback available,ILOILO,SAN RAFAEL,"preserved or processed meat (tocino, tapa, longaniza, etc)",putos,31
convertible from its own cell,CAPIZ,PANAY,cabbage,pieces or units,31
province fallback available,ILOILO,IGBARAS,rice,salmon,31
convertible from its own cell,ILOILO,IGBARAS,loaf bread,medium packs,31
convertible from its own cell,NEGROS OCCIDENTAL,SAN ENRIQUE,"liquor (e.g, whisky, coconut wine)",lipid/lapad,31
convertible from its own cell,CAPIZ,SAPI-AN,"preserved or processed meat (tocino, tapa, longaniza, etc)",putos,31
convertible from its own cell,ILOILO,DUEAS,carrot,pieces or units,31
province fallback available,ILOILO,SAN ENRIQUE,chicken,bilog,30
province fallback available,ANTIQUE,SIBALOM,chicken,whole (chicken),30
convertible from its own cell,AKLAN,IBAJAY,"crackers, cookies, buiscuits, chips/curls",pieces or units,30
convertible from its own cell,NEGROS OCCIDENTAL,HINIGARAN,"liquor (e.g, whisky, coconut wine)",lipid/lapad,30
province fallback available,CAPIZ,TAPAZ,camote tops,bundle,30
convertible from its own cell,ILOILO,DINGLE,loaf bread,medium packs,30
convertible from its own cell,ILOILO,BAROTAC VIEJO,"ice cream, sorbet, edible ice (eg., ice-lolli, halo-halo)",small cup,30
convertible from its own cell,ILOILO,LEMERY,carrot,pieces or units,30
convertible from its own cell,CAPIZ,SIGMA,"ice cream, sorbet, edible ice (eg., ice-lolli, halo-halo)",pieces or units,30
convertible from its own cell,AKLAN,IBAJAY,loaf bread,medium packs,30
convertible from its own cell,NEGROS OCCIDENTAL,ILOG,camote tops,bugkos,30
convertible from its own cell,AKLAN,IBAJAY,loaf bread,large packs,30
province fallback available,ILOILO,MINA,chicken,bilog,30
convertible from its own cell,NEGROS OCCIDENTAL,ENRIQUE B. MAGALONA (SARAVIA),"preserved or processed meat (tocino, tapa, longaniza, etc)",putos,29
convertible from its own cell,AKLAN,IBAJAY,cabbage,pieces or units,29
convertible from its own cell,ILOILO,DUMANGAS,"liquor (e.g, whisky, coconut wine)",lipid/lapad,29
province fallback available,ANTIQUE,PATNONGON,"ice cream, sorbet, edible ice (eg., ice-lolli, halo-halo)",pieces or units,29
convertible from its own cell,ANTIQUE,SEBASTE,"preserved or processed meat (tocino, tapa, longaniza, etc)",putos,29
convertible from its own cell,ILOILO,SAN DIONISIO,"crackers, cookies, buiscuits, chips/curls",pieces or units,29
convertible from its own cell,ILOILO,JANIUAY,loaf bread,large packs,29
convertible from its own cell,ILOILO,JANIUAY,carrot,pieces or units,29
convertible from its own cell,ILOILO,BAROTAC NUEVO,"liquor (e.g, whisky, coconut wine)",lipid/lapad,29
convertible from its own cell,ILOILO,BADIANGAN,"ice cream, sorbet, edible ice (eg., ice-lolli, halo-halo)",pieces or units,29
convertible from its own cell,ILOILO,LEMERY,cabbage,pieces or units,29
convertible from its own cell,ANTIQUE,LAUA-AN,"crackers, cookies, buiscuits, chips/curls",pieces or units,29
convertible from its own cell,CAPIZ,PILAR,chicken,whole (chicken),28
convertible from its own cell,ANTIQUE,VALDERRAMA,camote tops,bundle,28
convertible from its own cell,AKLAN,BATAN,"ice cream, sorbet, edible ice (eg., ice-lolli, halo-halo)",pieces or units,28
convertible from its own cell,ILOILO,CABATUAN,loaf bread,small packs,28
province fallback available,CAPIZ,MA-AYON,"ice cream, sorbet, edible ice (eg., ice-lolli, halo-halo)",pieces or units,28
convertible from its own cell,CAPIZ,MAMBUSAO,"liquor (e.g, whisky, coconut wine)",lipid/lapad,28
convertible from its own cell,ILOILO,JANIUAY,cabbage,pieces or units,28
convertible from its own cell,ILOILO,LEMERY,fresh fish,pack,28
convertible from its own cell,CAPIZ,JAMINDAN,loaf bread,small packs,28
province fallback available,NEGROS OCCIDENTAL,CALATRAVA,camote tops,bugkos,28
convertible from its own cell,ILOILO,SANTA BARBARA,"liquor (e.g, whisky, coconut wine)",lipid/lapad,27
convertible from its own cell,AKLAN,IBAJAY,"crackers, cookies, buiscuits, chips/curls",putos,27
province fallback available,ILOILO,CONCEPCION,"preserved or processed meat (tocino, tapa, longaniza, etc)",putos,27
convertible from its own cell,NEGROS OCCIDENTAL,CAUAYAN,chicken,whole (chicken),27
convertible from its own cell,CAPIZ,MA-AYON,chicken,whole (chicken),27
convertible from its own cell,ILOILO,AJUY,fresh fish,pieces or units,27
convertible from its own cell,CAPIZ,JAMINDAN,"crackers, cookies, buiscuits, chips/curls",putos,27
convertible from its own cell,ILOILO,LEGANES,"crackers, cookies, buiscuits, chips/curls",putos,27
convertible from its own cell,ILOILO,JANIUAY,chicken,whole (chicken),27
province fallback available,ILOILO,MAASIN,"ice cream, sorbet, edible ice (eg., ice-lolli, halo-halo)",pieces or units,27
province fallback available,AKLAN,LIBACAO,"ice cream, sorbet, edible ice (eg., ice-lolli, halo-halo)",pieces or units,27
province fallback available,ILOILO,IGBARAS,chicken,whole (chicken),27
convertible from its own cell,NEGROS OCCIDENTAL,ENRIQUE B. MAGALONA (SARAVIA),"liquor (e.g, whisky, coconut wine)",lipid/lapad,27
convertible from its own cell,ILOILO,BALASAN,camote tops,bundle,27
convertible from its own cell,ILOILO,SANTA BARBARA,"preserved or processed meat (tocino, tapa, longaniza, etc)",putos,27
convertible from its own cell,ILOILO,LEMERY,"crackers, cookies, buiscuits, chips/curls",pieces or units,27
convertible from its own cell,ILOILO,BALASAN,"crackers, cookies, buiscuits, chips/curls",putos,27
convertible from its own cell,AKLAN,IBAJAY,chicken,whole (chicken),27
convertible from its own cell,ANTIQUE,PATNONGON,loaf bread,small packs,27
convertible from its own cell,ANTIQUE,LAUA-AN,"liquor (e.g, whisky, coconut wine)",lipid/lapad,27
convertible from its own cell,ILOILO,IGBARAS,"ice cream, sorbet, edible ice (eg., ice-lolli, halo-halo)",pieces or units,27
convertible from its own cell,ANTIQUE,SAN REMIGIO,"ice cream, sorbet, edible ice (eg., ice-lolli, halo-halo)",pieces or units,27
convertible from its own cell,AKLAN,MADALAG,"ice cream, sorbet, edible ice (eg., ice-lolli, halo-halo)",pieces or units,27
convertible from its own cell,ILOILO,BALASAN,loaf bread,small packs,27
convertible from its own cell,ILOILO,MAASIN,loaf bread,large packs,27
convertible from its own cell,NEGROS OCCIDENTAL,PULUPANDAN,camote tops,bugkos,27
convertible from its own cell,NEGROS OCCIDENTAL,PONTEVEDRA,"preserved or processed meat (tocino, tapa, longaniza, etc)",putos,26
convertible from its own cell,ILOILO,MINA,carrot,pieces or units,26
convertible from its own cell,AKLAN,LIBACAO,"liquor (e.g, whisky, coconut wine)",lipid/lapad,26
convertible from its own cell,NEGROS OCCIDENTAL,MURCIA,camote tops,bugkos,26
convertible from its own cell,ILOILO,BALASAN,"ice cream, sorbet, edible ice (eg., ice-lolli, halo-halo)",small cup,26
convertible from its own cell,ILOILO,IGBARAS,loaf bread,small packs,26
convertible from its own cell,ILOILO,AJUY,carrot,pieces or units,26
province fallback available,ANTIQUE,LIBERTAD,camote tops,bundle,26
convertible from its own cell,ILOILO,LAMBUNAO,chicken,whole (chicken),26
province fallback available,ILOILO,BALASAN,"ice cream, sorbet, edible ice (eg., ice-lolli, halo-halo)",pieces or units,26
convertible from its own cell,ILOILO,MAASIN,loaf bread,medium packs,26
convertible from its own cell,AKLAN,BATAN,"crackers, cookies, buiscuits, chips/curls",putos,26
convertible from its own cell,ILOILO,OTON,"liquor (e.g, whisky, coconut wine)",lipid/lapad,26
province fallback available,AKLAN,ALTAVAS,"ice cream, sorbet, edible ice (eg., ice-lolli, halo-halo)",small cup,26
convertible from its own cell,ILOILO,MINA,cabbage,pieces or units,26
province fallback available,ANTIQUE,TOBIAS FORNIER,"ice cream, sorbet, edible ice (eg., ice-lolli, halo-halo)",pieces or units,25
province fallback available,ILOILO,SAN DIONISIO,"ice cream, sorbet, edible ice (eg., ice-lolli, halo-halo)",small cup,25
convertible from its own cell,ILOILO,DUEAS,cabbage,pieces or units,25
convertible from its own cell,ILOILO,SAN DIONISIO,"ice cream, sorbet, edible ice (eg., ice-lolli, halo-halo)",pieces or units,25
convertible from its own cell,AKLAN,IBAJAY,loaf bread,small packs,25
convertible from its own cell,ANTIQUE,SIBALOM,"crackers, cookies, buiscuits, chips/curls",putos,25
convertible from its own cell,ILOILO,DINGLE,loaf bread,small packs,25
convertible from its own cell,ILOILO,SARA,"crackers, cookies, buiscuits, chips/curls",pieces or units,25
convertible from its own cell,ILOILO,CABATUAN,cabbage,pieces or units,25
convertible from its own cell,ILOILO,LEGANES,"preserved or processed meat (tocino, tapa, longaniza, etc)",putos,25
convertible from its own cell,CAPIZ,PRESIDENT ROXAS,"preserved or processed meat (tocino, tapa, longaniza, etc)",putos,25
convertible from its own cell,ILOILO,DINGLE,carrot,pieces or units,25
convertible from its own cell,ILOILO,LAMBUNAO,loaf bread,large packs,25
convertible from its own cell,NEGROS OCCIDENTAL,TOBOSO,chicken,bilog,25
province fallback available,ILOILO,BADIANGAN,rice,salmon,24
province fallback available,ANTIQUE,SAN REMIGIO,camote tops,bundle,24
convertible from its own cell,ANTIQUE,SIBALOM,carrot,pieces or units,24
province fallback available,AKLAN,NABAS,camote tops,bundle,24
convertible from its own cell,ILOILO,BATAD,loaf bread,small packs,24
convertible from its own cell,ILOILO,OTON,loaf bread,small packs,24
convertible from its own cell,AKLAN,BATAN,"liquor (e.g, whisky, coconut wine)",lipid/lapad,24
convertible from its own cell,CAPIZ,MAMBUSAO,carrot,pieces or units,24
convertible from its own cell,ANTIQUE,SIBALOM,"crackers, cookies, buiscuits, chips/curls",pieces or units,24
convertible from its own cell,NEGROS OCCIDENTAL,SAN ENRIQUE,carrot,pieces or units,24
province fallback available,ANTIQUE,CULASI,camote tops,bundle,24
province fallback available,ANTIQUE,LIBERTAD,"crackers, cookies, buiscuits, chips/curls",putos,24
convertible from its own cell,ILOILO,CABATUAN,chicken,whole (chicken),24
convertible from its own cell,ILOILO,CABATUAN,"crackers, cookies, buiscuits, chips/curls",pieces or units,24
convertible from its own cell,ANTIQUE,PATNONGON,chicken,whole (chicken),24
convertible from its own cell,ILOILO,MINA,"ice cream, sorbet, edible ice (eg., ice-lolli, halo-halo)",pieces or units,24
convertible from its own cell,ILOILO,BAROTAC VIEJO,carrot,pieces or units,24
convertible from its own cell,ILOILO,BANATE,"liquor (e.g, whisky, coconut wine)",lipid/lapad,24
convertible from its own cell,AKLAN,ALTAVAS,"preserved or processed meat (tocino, tapa, longaniza, etc)",pieces or units,24
convertible from its own cell,CAPIZ,DUMARAO,"ice cream, sorbet, edible ice (eg., ice-lolli, halo-halo)",pieces or units,24
convertible from its own cell,ILOILO,TIGBAUAN,"crackers, cookies, buiscuits, chips/curls",pieces or units,24
convertible from its own cell,ILOILO,TIGBAUAN,chicken,whole (chicken),24
convertible from its own cell,AKLAN,MADALAG,"crackers, cookies, buiscuits, chips/curls",putos,23
convertible from its own cell,ILOILO,DINGLE,cabbage,pieces or units,23
convertible from its own cell,CAPIZ,PANITAN,carrot,pieces or units,23
convertible from its own cell,ILOILO,TIGBAUAN,camote tops,bundle,23
convertible from its own cell,ILOILO,TIGBAUAN,chicken,bilog,23
convertible from its own cell,AKLAN,MADALAG,"liquor (e.g, whisky, coconut wine)",lipid/lapad,23
convertible from its own cell,ILOILO,LEMERY,loaf bread,large packs,23
province fallback available,ILOILO,JANIUAY,"ice cream, sorbet, edible ice (eg., ice-lolli, halo-halo)",pieces or units,23
convertible from its own cell,ANTIQUE,LIBERTAD,"preserved or processed meat (tocino, tapa, longaniza, etc)",putos,23
convertible from its own cell,ILOILO,MINA,chicken,whole (chicken),23
convertible from its own cell,CAPIZ,MAMBUSAO,loaf bread,small packs,23
convertible from its own cell,ILOILO,SAN RAFAEL,"ice cream, sorbet, edible ice (eg., ice-lolli, halo-halo)",pieces or units,23
convertible from its own cell,AKLAN,MALAY,"preserved or processed meat (tocino, tapa, longaniza, etc)",putos,23
province fallback available,ILOILO,AJUY,loaf bread,tama-tama nga putos,23
convertible from its own cell,ILOILO,NEW LUCENA,"preserved or processed meat (tocino, tapa, longaniza, etc)",putos,23
convertible from its own cell,ILOILO,OTON,loaf bread,large packs,23
convertible from its own cell,ANTIQUE,SIBALOM,"ice cream, sorbet, edible ice (eg., ice-lolli, halo-halo)",small cup,23
convertible from its own cell,ILOILO,BATAD,"liquor (e.g, whisky, coconut wine)",lipid/lapad,23
any-province fallback only,CAPIZ,PANAY,loaf bread,tama-tama nga putos,23
convertible from its own cell,CAPIZ,DAO,"ice cream, sorbet, edible ice (eg., ice-lolli, halo-halo)",small cup,23
convertible from its own cell,ILOILO,NEW LUCENA,camote tops,bugkos,23
convertible from its own cell,ILOILO,IGBARAS,cabbage,pieces or units,23
convertible from its own cell,AKLAN,BATAN,"preserved or processed meat (tocino, tapa, longaniza, etc)",putos,23
convertible from its own cell,ANTIQUE,TOBIAS FORNIER,carrot,pieces or units,23
convertible from its own cell,CAPIZ,PRESIDENT ROXAS,"liquor (e.g, whisky, coconut wine)",lipid/lapad,23
convertible from its own cell,ILOILO,SARA,"ice cream, sorbet, edible ice (eg., ice-lolli, halo-halo)",pieces or units,23
convertible from its own cell,ILOILO,SARA,"ice cream, sorbet, edible ice (eg., ice-lolli, halo-halo)",small cup,23
convertible from its own cell,ILOILO,SAN JOAQUIN,carrot,pieces or units,23
province fallback available,ILOILO,BADIANGAN,loaf bread,tama-tama nga putos,23
convertible from its own cell,ILOILO,BAROTAC VIEJO,cabbage,pieces or units,22
convertible from its own cell,ANTIQUE,LAUA-AN,cabbage,pieces or units,22
convertible from its own cell,AKLAN,MALINAO,carrot,pieces or units,22
convertible from its own cell,ANTIQUE,PANDAN,"preserved or processed meat (tocino, tapa, longaniza, etc)",putos,22
province fallback available,ILOILO,BATAD,camote tops,bundle,22
convertible from its own cell,ILOILO,SAN JOAQUIN,loaf bread,medium packs,22
convertible from its own cell,ILOILO,CABATUAN,loaf bread,large packs,22
convertible from its own cell,AKLAN,ALTAVAS,carrot,pieces or units,22
convertible from its own cell,ILOILO,IGBARAS,carrot,pieces or units,22
convertible from its own cell,NEGROS OCCIDENTAL,CANDONI,"preserved or processed meat (tocino, tapa, longaniza, etc)",putos,22
convertible from its own cell,CAPIZ,TAPAZ,"ice cream, sorbet, edible ice (eg., ice-lolli, halo-halo)",pieces or units,22
convertible from its own cell,ANTIQUE,SEBASTE,"crackers, cookies, buiscuits, chips/curls",putos,22
convertible from its own cell,AKLAN,BANGA,"crackers, cookies, buiscuits, chips/curls",putos,22
province fallback available,ILOILO,DUEAS,"crackers, cookies, buiscuits, chips/curls",pieces or units,22
convertible from its own cell,ILOILO,OTON,carrot,pieces or units,22
province fallback available,CAPIZ,TAPAZ,loaf bread,small packs,22
convertible from its own cell,ANTIQUE,TOBIAS FORNIER,"crackers, cookies, buiscuits, chips/curls",putos,22
convertible from its own cell,ANTIQUE,TOBIAS FORNIER,cabbage,pieces or units,22
convertible from its own cell,ILOILO,ESTANCIA,"preserved or processed meat (tocino, tapa, longaniza, etc)",putos,22
convertible from its own cell,CAPIZ,PANITAN,loaf bread,small packs,22
province fallback available,ANTIQUE,HAMTIC,camote tops,bundle,22
convertible from its own cell,AKLAN,BURUANGA,camote tops,bundle,22
province fallback available,ANTIQUE,SAN REMIGIO,chicken,whole (chicken),22
province fallback available,ILOILO,JANIUAY,"crackers, cookies, buiscuits, chips/curls",pieces or units,21
convertible from its own cell,ANTIQUE,VALDERRAMA,"preserved or processed meat (tocino, tapa, longaniza, etc)",putos,21
convertible from its own cell,ILOILO,MINA,loaf bread,large packs,21
province fallback available,ILOILO,LAMBUNAO,chicken,bilog,21
convertible from its own cell,NEGROS OCCIDENTAL,LA CASTELLANA,"preserved or processed meat (tocino, tapa, longaniza, etc)",putos,21
convertible from its own cell,NEGROS OCCIDENTAL,CALATRAVA,camote tops,bundle,21
province fallback available,ILOILO,OTON,loaf bread,tama-tama nga putos,21
convertible from its own cell,CAPIZ,DUMARAO,carrot,pieces or units,21
convertible from its own cell,ILOILO,TIGBAUAN,"ice cream, sorbet, edible ice (eg., ice-lolli, halo-halo)",pieces or units,21
convertible from its own cell,ILOILO,CALINOG,chicken,whole (chicken),21
convertible from its own cell,ILOILO,POTOTAN,loaf bread,medium packs,21
convertible from its own cell,ILOILO,POTOTAN,"crackers, cookies, buiscuits, chips/curls",pieces or units,21
convertible from its own cell,AKLAN,NEW WASHINGTON,camote tops,bundle,21
convertible from its own cell,NEGROS OCCIDENTAL,CAUAYAN,"preserved or processed meat (tocino, tapa, longaniza, etc)",putos,21
convertible from its own cell,ILOILO,BAROTAC VIEJO,"crackers, cookies, buiscuits, chips/curls",pieces or units,21
convertible from its own cell,CAPIZ,DAO,chicken,whole (chicken),21
convertible from its own cell,CAPIZ,CUARTERO,chicken,whole (chicken),21
convertible from its own cell,CAPIZ,SAPI-AN,"liquor (e.g, whisky, coconut wine)",lipid/lapad,21
province fallback available,ILOILO,NEW LUCENA,camote tops,bundle,21
convertible from its own cell,CAPIZ,SIGMA,loaf bread,large packs,21
convertible from its own cell,ILOILO,AJUY,chicken,whole (chicken),21
province fallback available,ILOILO,MIAGAO,chicken,bilog,21
province fallback available,ILOILO,ALIMODIAN,chicken,whole (chicken),21
convertible from its own cell,AKLAN,MALINAO,"preserved or processed meat (tocino, tapa, longaniza, etc)",putos,21
convertible from its own cell,NEGROS OCCIDENTAL,TOBOSO,"preserved or processed meat (tocino, tapa, longaniza, etc)",putos,21
convertible from its own cell,CAPIZ,DUMARAO,chicken,bilog,21
convertible from its own cell,ILOILO,CARLES,camote tops,bundle,21
convertible from its own cell,ILOILO,TIGBAUAN,carrot,pieces or units,20
convertible from its own cell,ILOILO,MIAGAO,cabbage,pieces or units,20
convertible from its own cell,CAPIZ,IVISAN,camote tops,bundle,20
convertible from its own cell,AKLAN,BATAN,"preserved or processed meat (tocino, tapa, longaniza, etc)",pieces or units,20
convertible from its own cell,ANTIQUE,LIBERTAD,"crackers, cookies, buiscuits, chips/curls",pieces or units,20
convertible from its own cell,ILOILO,LEMERY,"ice cream, sorbet, edible ice (eg., ice-lolli, halo-halo)",small cup,20
province fallback available,CAPIZ,DUMALAG,camote tops,bundle,20
convertible from its own cell,ILOILO,CARLES,"prawns, lobster, shrimp",tumpok,20
convertible from its own cell,ANTIQUE,TOBIAS FORNIER,loaf bread,large packs,20
convertible from its own cell,ILOILO,CARLES,"ice cream, sorbet, edible ice (eg., ice-lolli, halo-halo)",pieces or units,20
convertible from its own cell,ILOILO,POTOTAN,loaf bread,small packs,20
convertible from its own cell,ILOILO,POTOTAN,"crackers, cookies, buiscuits, chips/curls",putos,20
convertible from its own cell,ILOILO,BAROTAC VIEJO,loaf bread,large packs,20
convertible from its own cell,ILOILO,AJUY,cabbage,pieces or units,20
convertible from its own cell,ILOILO,LEGANES,"crackers, cookies, buiscuits, chips/curls",pieces or units,20
province fallback available,CAPIZ,PANAY,loaf bread,large packs,20
convertible from its own cell,ILOILO,BINGAWAN,"liquor (e.g, whisky, coconut wine)",lipid/lapad,20
convertible from its own cell,ILOILO,JANIUAY,"crackers, cookies, buiscuits, chips/curls",putos,20
convertible from its own cell,ILOILO,TUBUNGAN,loaf bread,medium packs,20
convertible from its own cell,ILOILO,MINA,loaf bread,small packs,20
convertible from its own cell,AKLAN,BATAN,loaf bread,large packs,20
convertible from its own cell,ILOILO,MIAGAO,carrot,pieces or units,20
convertible from its own cell,ILOILO,LEMERY,loaf bread,medium packs,20
province fallback available,ILOILO,OTON,chicken,whole (chicken),20
convertible from its own cell,NEGROS OCCIDENTAL,CALATRAVA,"liquor (e.g, whisky, coconut wine)",lipid/lapad,20
convertible from its own cell,ILOILO,BAROTAC VIEJO,chicken,bilog,20
convertible from its own cell,AKLAN,ALTAVAS,loaf bread,large packs,19
convertible from its own cell,CAPIZ,DUMARAO,loaf bread,large packs,19
convertible from its own cell,ILOILO,TIGBAUAN,loaf bread,large packs,19
convertible from its own cell,ILOILO,DUEAS,loaf bread,medium packs,19
convertible from its own cell,ANTIQUE,SIBALOM,cabbage,pieces or units,19
convertible from its own cell,ILOILO,GUIMBAL,"preserved or processed meat (tocino, tapa, longaniza, etc)",putos,19
convertible from its own cell,ILOILO,SAN DIONISIO,carrot,pieces or units,19
convertible from its own cell,NEGROS OCCIDENTAL,PONTEVEDRA,"liquor (e.g, whisky, coconut wine)",lipid/lapad,19
convertible from its own cell,CAPIZ,DUMARAO,cabbage,pieces or units,19
convertible from its own cell,CAPIZ,PONTEVEDRA,"liquor (e.g, whisky, coconut wine)",lipid/lapad,19
convertible from its own cell,CAPIZ,CUARTERO,carrot,pieces or units,19
convertible from its own cell,ILOILO,SAN ENRIQUE,"crackers, cookies, buiscuits, chips/curls",putos,19
convertible from its own cell,ANTIQUE,SIBALOM,"ice cream, sorbet, edible ice (eg., ice-lolli, halo-halo)",pieces or units,19
convertible from its own cell,AKLAN,IBAJAY,"liquor (e.g, whisky, coconut wine)",lipid/lapad,19
convertible from its own cell,AKLAN,MALAY,carrot,pieces or units,19
convertible from its own cell,CAPIZ,DAO,loaf bread,medium packs,19
convertible from its own cell,AKLAN,MALINAO,loaf bread,small packs,19
convertible from its own cell,ILOILO,JANIUAY,loaf bread,small packs,19
convertible from its own cell,AKLAN,MALINAO,loaf bread,medium packs,19
any-province fallback only,ANTIQUE,PATNONGON,rice,letse,19
convertible from its own cell,NEGROS OCCIDENTAL,MANAPLA,camote tops,bugkos,19
convertible from its own cell,CAPIZ,DUMALAG,"crackers, cookies, buiscuits, chips/curls",putos,19
convertible from its own cell,AKLAN,MADALAG,loaf bread,small packs,19
convertible from its own cell,AKLAN,BANGA,"ice cream, sorbet, edible ice (eg., ice-lolli, halo-halo)",pieces or units,19
convertible from its own cell,NEGROS OCCIDENTAL,ISABELA,chicken,whole (chicken),19
convertible from its own cell,ANTIQUE,HAMTIC,carrot,pieces or units,19
convertible from its own cell,CAPIZ,DUMARAO,"ice cream, sorbet, edible ice (eg., ice-lolli, halo-halo)",small cup,19
convertible from its own cell,CAPIZ,PANITAN,cabbage,pieces or units,19
convertible from its own cell,CAPIZ,SIGMA,"prawns, lobster, shrimp",tumpok,19
convertible from its own cell,ILOILO,LEGANES,camote tops,bugkos,19
convertible from its own cell,ILOILO,POTOTAN,cabbage,pieces or units,19
convertible from its own cell,AKLAN,MALAY,"ice cream, sorbet, edible ice (eg., ice-lolli, halo-halo)",pieces or units,19
convertible from its own cell,ANTIQUE,SEBASTE,"liquor (e.g, whisky, coconut wine)",lipid/lapad,19
province fallback available,CAPIZ,PILAR,loaf bread,small packs,19
province fallback available,CAPIZ,TAPAZ,chicken,bilog,18
convertible from its own cell,CAPIZ,PONTEVEDRA,"preserved or processed meat (tocino, tapa, longaniza, etc)",putos,18
convertible from its own cell,NEGROS OCCIDENTAL,CANDONI,chicken,whole (chicken),18
any-province fallback only,CAPIZ,IVISAN,loaf bread,tama-tama nga putos,18
convertible from its own cell,CAPIZ,MA-AYON,carrot,pieces or units,18
convertible from its own cell,ILOILO,DUEAS,loaf bread,large packs,18
province fallback available,ILOILO,JANIUAY,chicken,bilog,18
convertible from its own cell,AKLAN,BANGA,"preserved or processed meat (tocino, tapa, longaniza, etc)",putos,18
convertible from its own cell,ANTIQUE,HAMTIC,loaf bread,large packs,18
convertible from its own cell,AKLAN,ALTAVAS,"prawns, lobster, shrimp",tumpok,18
province fallback available,ILOILO,BAROTAC VIEJO,"crackers, cookies, buiscuits, chips/curls",putos,18
convertible from its own cell,ILOILO,DUMANGAS,carrot,pieces or units,18
convertible from its own cell,ANTIQUE,PANDAN,"crackers, cookies, buiscuits, chips/curls",pieces or units,18
convertible from its own cell,CAPIZ,MA-AYON,"prawns, lobster, shrimp",tumpok,18
convertible from its own cell,CAPIZ,PANAY,"prawns, lobster, shrimp",tumpok,18
convertible from its own cell,ANTIQUE,LAUA-AN,"ice cream, sorbet, edible ice (eg., ice-lolli, halo-halo)",small cup,18
convertible from its own cell,CAPIZ,DUMARAO,loaf bread,medium packs,18
convertible from its own cell,ILOILO,OTON,rice,salmon,18
convertible from its own cell,ANTIQUE,HAMTIC,loaf bread,small packs,18
convertible from its own cell,NEGROS OCCIDENTAL,VALLADOLID,"preserved or processed meat (tocino, tapa, longaniza, etc)",putos,18
convertible from its own cell,ANTIQUE,BUGASONG,"crackers, cookies, buiscuits, chips/curls",putos,18
convertible from its own cell,ANTIQUE,CULASI,"liquor (e.g, whisky, coconut wine)",lipid/lapad,18
convertible from its own cell,AKLAN,ALTAVAS,"crackers, cookies, buiscuits, chips/curls",pieces or units,18
convertible from its own cell,NEGROS OCCIDENTAL,VALLADOLID,"liquor (e.g, whisky, coconut wine)",lipid/lapad,18
convertible from its own cell,AKLAN,BATAN,"liquor (e.g, whisky, coconut wine)",long-neck,18
convertible from its own cell,CAPIZ,MAMBUSAO,cabbage,pieces or units,18
convertible from its own cell,CAPIZ,SIGMA,cabbage,pieces or units,18
convertible from its own cell,AKLAN,IBAJAY,"ice cream, sorbet, edible ice (eg., ice-lolli, halo-halo)",small cup,18
convertible from its own cell,ILOILO,OTON,chicken,bilog,18
convertible from its own cell,ANTIQUE,PATNONGON,"crackers, cookies, buiscuits, chips/curls",putos,17
convertible from its own cell,ANTIQUE,LAUA-AN,carrot,pieces or units,17
convertible from its own cell,NEGROS OCCIDENTAL,ISABELA,cabbage,pieces or units,17
convertible from its own cell,ANTIQUE,SAN REMIGIO,cabbage,pieces or units,17
convertible from its own cell,CAPIZ,MA-AYON,loaf bread,small packs,17
province fallback available,CAPIZ,SIGMA,loaf bread,medium packs,17
convertible from its own cell,ILOILO,SARA,loaf bread,small packs,17
province fallback available,CAPIZ,MAMBUSAO,"ice cream, sorbet, edible ice (eg., ice-lolli, halo-halo)",small cup,17
province fallback available,ILOILO,BATAD,"crackers, cookies, buiscuits, chips/curls",putos,17
convertible from its own cell,AKLAN,BANGA,loaf bread,small packs,17
province fallback available,ILOILO,BATAD,"preserved or processed meat (tocino, tapa, longaniza, etc)",putos,17
province fallback available,ILOILO,SAN DIONISIO,loaf bread,large packs,17
convertible from its own cell,CAPIZ,JAMINDAN,"ice cream, sorbet, edible ice (eg., ice-lolli, halo-halo)",small cup,17
convertible from its own cell,ANTIQUE,CULASI,"preserved or processed meat (tocino, tapa, longaniza, etc)",putos,17
convertible from its own cell,NEGROS OCCIDENTAL,TOBOSO,"liquor (e.g, whisky, coconut wine)",lipid/lapad,17
province fallback available,ILOILO,DUEAS,rice,salmon,17
province fallback available,ILOILO,NEW LUCENA,rice,salmon,17
convertible from its own cell,AKLAN,BATAN,carrot,pieces or units,17
convertible from its own cell,AKLAN,BATAN,loaf bread,medium packs,17
convertible from its own cell,ILOILO,SAN MIGUEL,"preserved or processed meat (tocino, tapa, longaniza, etc)",putos,17
province fallback available,CAPIZ,SAPI-AN,"crackers, cookies, buiscuits, chips/curls",putos,17
convertible from its own cell,ILOILO,SAN ENRIQUE,chicken,whole (chicken),17
convertible from its own cell,CAPIZ,PILAR,"ice cream, sorbet, edible ice (eg., ice-lolli, halo-halo)",pieces or units,17
convertible from its own cell,ILOILO,POTOTAN,loaf bread,large packs,17
convertible from its own cell,CAPIZ,PILAR,carrot,pieces or units,17
province fallback available,ILOILO,CABATUAN,rice,salmon,17
convertible from its own cell,ILOILO,SAN ENRIQUE,loaf bread,large packs,17
province fallback available,CAPIZ,CUARTERO,"ice cream, sorbet, edible ice (eg., ice-lolli, halo-halo)",small cup,17
convertible from its own cell,ILOILO,CALINOG,cabbage,pieces or units,17
convertible from its own cell,AKLAN,LIBACAO,"crackers, cookies, buiscuits, chips/curls",putos,16
province fallback available,ILOILO,CABATUAN,loaf bread,tama-tama nga putos,16
convertible from its own cell,NEGROS OCCIDENTAL,CANDONI,loaf bread,large packs,16
convertible from its own cell,ILOILO,SAN JOAQUIN,cabbage,pieces or units,16
convertible from its own cell,AKLAN,ALTAVAS,chicken,whole (chicken),16
convertible from its own cell,ILOILO,BAROTAC NUEVO,chicken,bilog,16
convertible from its own cell,AKLAN,MALINAO,chicken,whole (chicken),16
convertible from its own cell,ILOILO,SAN RAFAEL,chicken,whole (chicken),16
convertible from its own cell,ILOILO,LEGANES,loaf bread,large packs,16
convertible from its own cell,ILOILO,LEGANES,"liquor (e.g, whisky, coconut wine)",lipid/lapad,16
province fallback available,ILOILO,LAMBUNAO,"ice cream, sorbet, edible ice (eg., ice-lolli, halo-halo)",pieces or units,16
convertible from its own cell,ILOILO,ALIMODIAN,rice,salmon,16
convertible from its own cell,ILOILO,NEW LUCENA,"liquor (e.g, whisky, coconut wine)",lipid/lapad,16
convertible from its own cell,ILOILO,MIAGAO,loaf bread,medium packs,16
province fallback available,ILOILO,DINGLE,"ice cream, sorbet, edible ice (eg., ice-lolli, halo-halo)",pieces or units,16
convertible from its own cell,CAPIZ,PANITAN,"prawns, lobster, shrimp",tumpok,16
convertible from its own cell,ILOILO,IGBARAS,"crackers, cookies, buiscuits, chips/curls",putos,16
convertible from its own cell,ILOILO,BINGAWAN,loaf bread,small packs,16
convertible from its own cell,ANTIQUE,BUGASONG,chicken,whole (chicken),16
province fallback available,AKLAN,LIBACAO,loaf bread,small packs,16
province fallback available,NEGROS OCCIDENTAL,CAUAYAN,chicken,bilog,16
convertible from its own cell,ILOILO,DINGLE,fresh fish,pieces or units,16
convertible from its own cell,ILOILO,CARLES,loaf bread,small packs,16
convertible from its own cell,ILOILO,CONCEPCION,"ice cream, sorbet, edible ice (eg., ice-lolli, halo-halo)",pieces or units,16
convertible from its own cell,NEGROS OCCIDENTAL,VALLADOLID,cabbage,pieces or units,16
convertible from its own cell,ILOILO,LAMBUNAO,cabbage,pieces or units,16
convertible from its own cell,ILOILO,LAMBUNAO,carrot,pieces or units,16
province fallback available,CAPIZ,PANITAN,loaf bread,medium packs,16
convertible from its own cell,AKLAN,MADALAG,"preserved or processed meat (tocino, tapa, longaniza, etc)",putos,16
convertible from its own cell,ANTIQUE,SAN REMIGIO,chicken,pieces or units,16
convertible from its own cell,AKLAN,BANGA,"liquor (e.g, whisky, coconut wine)",lipid/lapad,16
convertible from its own cell,ILOILO,BAROTAC VIEJO,loaf bread,medium packs,16
convertible from its own cell,ILOILO,LAMBUNAO,"crackers, cookies, buiscuits, chips/curls",pieces or units,16
convertible from its own cell,CAPIZ,DUMALAG,carrot,pieces or units,16
convertible from its own cell,ILOILO,SAN MIGUEL,camote tops,bugkos,15
province fallback available,ILOILO,CARLES,loaf bread,tama-tama nga putos,15
convertible from its own cell,CAPIZ,PILAR,cabbage,pieces or units,15
convertible from its own cell,AKLAN,IBAJAY,camote tops,bugkos,15
province fallback available,NEGROS OCCIDENTAL,SALVADOR BENEDICTO,chicken,whole (chicken),15
convertible from its own cell,ILOILO,DUMANGAS,cabbage,pieces or units,15
any-province fallback only,ANTIQUE,TOBIAS FORNIER,rice,letse,15
convertible from its own cell,ILOILO,DUEAS,fresh fish,pieces or units,15
province fallback available,NEGROS OCCIDENTAL,ISABELA,chicken,bilog,15
convertible from its own cell,AKLAN,LIBACAO,"preserved or processed meat (tocino, tapa, longaniza, etc)",putos,15
convertible from its own cell,ILOILO,SAN JOAQUIN,chicken,bilog,15
convertible from its own cell,CAPIZ,PANAY,loaf bread,small packs,15
convertible from its own cell,ANTIQUE,SAN REMIGIO,carrot,pieces or units,15
convertible from its own cell,ILOILO,NEW LUCENA,loaf bread,large packs,15
convertible from its own cell,NEGROS OCCIDENTAL,PULUPANDAN,"preserved or processed meat (tocino, tapa, longaniza, etc)",putos,15
province fallback available,CAPIZ,SIGMA,"liquor (e.g, whisky, coconut wine)",long-neck,15
convertible from its own cell,ILOILO,MAASIN,camote tops,bundle,15
convertible from its own cell,CAPIZ,MA-AYON,"ice cream, sorbet, edible ice (eg., ice-lolli, halo-halo)",small cup,15
convertible from its own cell,AKLAN,ALTAVAS,"liquor (e.g, whisky, coconut wine)",long-neck,15
convertible from its own cell,ANTIQUE,LIBERTAD,loaf bread,small packs,15
convertible from its own cell,NEGROS OCCIDENTAL,ENRIQUE B. MAGALONA (SARAVIA),cabbage,pieces or units,15
convertible from its own cell,NEGROS OCCIDENTAL,ENRIQUE B. MAGALONA (SARAVIA),chicken,whole (chicken),15
convertible from its own cell,CAPIZ,MAMBUSAO,"crackers, cookies, buiscuits, chips/curls",putos,15
convertible from its own cell,AKLAN,IBAJAY,"liquor (e.g, whisky, coconut wine)",long-neck,15
convertible from its own cell,NEGROS OCCIDENTAL,HINOBA-AN (ASIA),"preserved or processed meat (tocino, tapa, longaniza, etc)",putos,15
convertible from its own cell,ANTIQUE,SAN REMIGIO,"crackers, cookies, buiscuits, chips/curls",putos,15
convertible from its own cell,AKLAN,BANGA,"crackers, cookies, buiscuits, chips/curls",pieces or units,15
convertible from its own cell,ANTIQUE,SAN REMIGIO,"ice cream, sorbet, edible ice (eg., ice-lolli, halo-halo)",small cup,15
convertible from its own cell,NEGROS OCCIDENTAL,ISABELA,carrot,pieces or units,15
convertible from its own cell,ILOILO,LAMBUNAO,"crackers, cookies, buiscuits, chips/curls",putos,15
province fallback available,ILOILO,NEW LUCENA,chicken,bilog,15
province fallback available,CAPIZ,PANAY,"ice cream, sorbet, edible ice (eg., ice-lolli, halo-halo)",pieces or units,15
convertible from its own cell,ANTIQUE,BUGASONG,"ice cream, sorbet, edible ice (eg., ice-lolli, halo-halo)",pieces or units,15
convertible from its own cell,ANTIQUE,BUGASONG,"ice cream, sorbet, edible ice (eg., ice-lolli, halo-halo)",small cup,15
convertible from its own cell,ILOILO,LEGANES,cabbage,pieces or units,15
convertible from its own cell,NEGROS OCCIDENTAL,SALVADOR BENEDICTO,"preserved or processed meat (tocino, tapa, longaniza, etc)",putos,15
convertible from its own cell,ILOILO,TUBUNGAN,carrot,pieces or units,15
convertible from its own cell,ILOILO,TUBUNGAN,chicken,bilog,15
convertible from its own cell,ILOILO,CALINOG,loaf bread,large packs,15
province fallback available,ANTIQUE,PATNONGON,chicken,bilog,15
convertible from its own cell,ILOILO,BINGAWAN,"preserved or processed meat (tocino, tapa, longaniza, etc)",putos,15
province fallback available,CAPIZ,SAPI-AN,loaf bread,small packs,15
province fallback available,ILOILO,SAN RAFAEL,camote tops,bundle,15
any-province fallback only,ANTIQUE,LAUA-AN,rice,salmon,15
any-province fallback only,ANTIQUE,SIBALOM,rice,letse,15
province fallback available,ILOILO,SARA,loaf bread,tama-tama nga putos,15
province fallback available,NEGROS OCCIDENTAL,CANDONI,"ice cream, sorbet, edible ice (eg., ice-lolli, halo-halo)",pieces or units,14
convertible from its own cell,ILOILO,SARA,"crackers, cookies, buiscuits, chips/curls",putos,14
convertible from its own cell,ILOILO,TIGBAUAN,cabbage,pieces or units,14
convertible from its own cell,CAPIZ,IVISAN,carrot,pieces or units,14
convertible from its own cell,AKLAN,ALTAVAS,loaf bread,small packs,14
convertible from its own cell,ILOILO,BADIANGAN,"ice cream, sorbet, edible ice (eg., ice-lolli, halo-halo)",small cup,14
province fallback available,ANTIQUE,PANDAN,camote tops,bundle,14
province fallback available,ANTIQUE,HAMTIC,"crackers, cookies, buiscuits, chips/curls",putos,14
convertible from its own cell,ILOILO,SANTA BARBARA,chicken,whole (chicken),14
convertible from its own cell,NEGROS OCCIDENTAL,MOISES PADILLA (MAGALLON),"liquor (e.g, whisky, coconut wine)",lipid/lapad,14
convertible from its own cell,ILOILO,BAROTAC NUEVO,"crackers, cookies, buiscuits, chips/curls",putos,14
province fallback available,CAPIZ,SIGMA,"preserved or processed meat (tocino, tapa, longaniza, etc)",bilog,14
convertible from its own cell,ILOILO,BAROTAC NUEVO,carrot,pieces or units,14
convertible from its own cell,NEGROS OCCIDENTAL,PONTEVEDRA,carrot,pieces or units,14
convertible from its own cell,ANTIQUE,LIBERTAD,"liquor (e.g, whisky, coconut wine)",lipid/lapad,14
convertible from its own cell,ILOILO,BAROTAC NUEVO,loaf bread,small packs,14
convertible from its own cell,ILOILO,BAROTAC NUEVO,loaf bread,large packs,14
convertible from its own cell,NEGROS OCCIDENTAL,PULUPANDAN,"liquor (e.g, whisky, coconut wine)",lipid/lapad,14
convertible from its own cell,ILOILO,MINA,loaf bread,medium packs,14
convertible from its own cell,ILOILO,ALIMODIAN,cabbage,pieces or units,14
convertible from its own cell,ILOILO,SAN MIGUEL,"liquor (e.g, whisky, coconut wine)",lipid/lapad,14
convertible from its own cell,ANTIQUE,PATNONGON,loaf bread,medium packs,14
convertible from its own cell,ILOILO,DINGLE,loaf bread,large packs,14
any-province fallback only,ANTIQUE,TOBIAS FORNIER,rice,salmon,14
convertible from its own cell,ILOILO,DUMANGAS,loaf bread,medium packs,14
convertible from its own cell,CAPIZ,CUARTERO,"ice cream, sorbet, edible ice (eg., ice-lolli, halo-halo)",pieces or units,14
convertible from its own cell,ANTIQUE,TOBIAS FORNIER,loaf bread,medium packs,14
convertible from its own cell,ILOILO,SAN JOAQUIN,"ice cream, sorbet, edible ice (eg., ice-lolli, halo-halo)",pieces or units,14
convertible from its own cell,ILOILO,SAN JOAQUIN,loaf bread,large packs,14
convertible from its own cell,ILOILO,POTOTAN,carrot,pieces or units,14
convertible from its own cell,ILOILO,POTOTAN,rice,salmon,14
convertible from its own cell,CAPIZ,CUARTERO,loaf bread,large packs,14
convertible from its own cell,AKLAN,MALINAO,"liquor (e.g, whisky, coconut wine)",lipid/lapad,14
convertible from its own cell,ILOILO,BATAD,fresh fish,pieces or units,14
convertible from its own cell,ANTIQUE,TOBIAS FORNIER,"ice cream, sorbet, edible ice (eg., ice-lolli, halo-halo)",small cup,14
convertible from its own cell,ANTIQUE,HAMTIC,cabbage,pieces or units,14
convertible from its own cell,ILOILO,LAMBUNAO,"ice cream, sorbet, edible ice (eg., ice-lolli, halo-halo)",small cup,14
convertible from its own cell,CAPIZ,TAPAZ,loaf bread,large packs,14
convertible from its own cell,CAPIZ,DAO,carrot,pieces or units,14
convertible from its own cell,ILOILO,CALINOG,carrot,pieces or units,14
province fallback available,ILOILO,CALINOG,"ice cream, sorbet, edible ice (eg., ice-lolli, halo-halo)",pieces or units,14
convertible from its own cell,ANTIQUE,HAMTIC,loaf bread,medium packs,14
convertible from its own cell,ANTIQUE,SIBALOM,loaf bread,medium packs,14
convertible from its own cell,AKLAN,MALAY,"crackers, cookies, buiscuits, chips/curls",putos,14
province fallback available,ILOILO,LEMERY,loaf bread,tama-tama nga putos,14
province fallback available,NEGROS OCCIDENTAL,CALATRAVA,chicken,bilog,14
convertible from its own cell,AKLAN,MADALAG,loaf bread,medium packs,13
convertible from its own cell,ILOILO,MINA,"ice cream, sorbet, edible ice (eg., ice-lolli, halo-halo)",small cup,13
convertible from its own cell,NEGROS OCCIDENTAL,ISABELA,loaf bread,large packs,13
convertible from its own cell,AKLAN,MALAY,loaf bread,large packs,13
province fallback available,CAPIZ,SIGMA,chicken,bilog,13
convertible from its own cell,ILOILO,LEON,cabbage,pieces or units,13
convertible from its own cell,NEGROS OCCIDENTAL,LA CASTELLANA,chicken,bilog,13
convertible from its own cell,AKLAN,MALINAO,"ice cream, sorbet, edible ice (eg., ice-lolli, halo-halo)",pieces or units,13
province fallback available,ILOILO,LEMERY,chicken,bilog,13
convertible from its own cell,ILOILO,LEON,chicken,whole (chicken),13
convertible from its own cell,AKLAN,MALINAO,cabbage,pieces or units,13
convertible from its own cell,NEGROS OCCIDENTAL,MANAPLA,"preserved or processed meat (tocino, tapa, longaniza, etc)",putos,13
convertible from its own cell,ILOILO,MIAGAO,chicken,whole (chicken),13
convertible from its own cell,ILOILO,SAN RAFAEL,carrot,pieces or units,13
convertible from its own cell,ILOILO,SAN RAFAEL,cabbage,pieces or units,13
convertible from its own cell,ANTIQUE,PANDAN,"crackers, cookies, buiscuits, chips/curls",putos,13
province fallback available,ILOILO,SARA,chicken,bilog,13
province fallback available,ILOILO,SAN JOAQUIN,chicken,whole (chicken),13
province fallback available,ILOILO,SAN RAFAEL,fresh fish,pack,13
convertible from its own cell,ILOILO,MAASIN,"ice cream, sorbet, edible ice (eg., ice-lolli, halo-halo)",small cup,13
convertible from its own cell,ILOILO,SARA,chicken,whole (chicken),13
convertible from its own cell,ILOILO,BALASAN,carrot,pieces or units,13
convertible from its own cell,ILOILO,BALASAN,cabbage,pieces or units,13
convertible from its own cell,ILOILO,CALINOG,loaf bread,medium packs,13
convertible from its own cell,CAPIZ,DAO,cabbage,pieces or units,13
convertible from its own cell,ILOILO,OTON,"crackers, cookies, buiscuits, chips/curls",pieces or units,13
convertible from its own cell,CAPIZ,TAPAZ,"crackers, cookies, buiscuits, chips/curls",pieces or units,13
convertible from its own cell,ANTIQUE,SIBALOM,loaf bread,large packs,13
convertible from its own cell,ILOILO,TIGBAUAN,loaf bread,medium packs,13
convertible from its own cell,ANTIQUE,LAUA-AN,chicken,whole (chicken),13
convertible from its own cell,AKLAN,ALTAVAS,cabbage,pieces or units,13
convertible from its own cell,ILOILO,JANIUAY,loaf bread,medium packs,13
convertible from its own cell,NEGROS OCCIDENTAL,HINIGARAN,cabbage,pieces or units,13
convertible from its own cell,ANTIQUE,VALDERRAMA,"ice cream, sorbet, edible ice (eg., ice-lolli, halo-halo)",pieces or units,13
province fallback available,CAPIZ,PANITAN,loaf bread,large packs,13
convertible from its own cell,CAPIZ,PANITAN,chicken,whole (chicken),13
convertible from its own cell,ANTIQUE,SEBASTE,carrot,pieces or units,13
convertible from its own cell,ILOILO,LEGANES,carrot,pieces or units,13
convertible from its own cell,ILOILO,BATAD,"ice cream, sorbet, edible ice (eg., ice-lolli, halo-halo)",pieces or units,13
convertible from its own cell,CAPIZ,TAPAZ,carrot,pieces or units,13
convertible from its own cell,ANTIQUE,SEBASTE,"ice cream, sorbet, edible ice (eg., ice-lolli, halo-halo)",small cup,13
convertible from its own cell,ILOILO,ESTANCIA,"liquor (e.g, whisky, coconut wine)",lipid/lapad,13
convertible from its own cell,ANTIQUE,SEBASTE,"crackers, cookies, buiscuits, chips/curls",pieces or units,13
convertible from its own cell,ANTIQUE,CULASI,"crackers, cookies, buiscuits, chips/curls",pieces or units,13
convertible from its own cell,CAPIZ,SAPI-AN,carrot,pieces or units,13
province fallback available,ILOILO,BALASAN,"crackers, cookies, buiscuits, chips/curls",pieces or units,13
convertible from its own cell,ILOILO,SAN DIONISIO,cabbage,pieces or units,13
convertible from its own cell,CAPIZ,PILAR,"crackers, cookies, buiscuits, chips/curls",pieces or units,13
convertible from its own cell,CAPIZ,CUARTERO,loaf bread,medium packs,13
province fallback available,ILOILO,OTON,camote tops,bundle,13
province fallback available,ILOILO,MIAGAO,"ice cream, sorbet, edible ice (eg., ice-lolli, halo-halo)",pieces or units,13
convertible from its own cell,NEGROS OCCIDENTAL,VALLADOLID,carrot,pieces or units,13
convertible from its own cell,ILOILO,SAN ENRIQUE,carrot,pieces or units,13
convertible from its own cell,ILOILO,SAN DIONISIO,loaf bread,medium packs,13
convertible from its own cell,ANTIQUE,TOBIAS FORNIER,"liquor (e.g, whisky, coconut wine)",long-neck,13
province fallback available,NEGROS OCCIDENTAL,ISABELA,"ice cream, sorbet, edible ice (eg., ice-lolli, halo-halo)",pieces or units,13
convertible from its own cell,CAPIZ,PANITAN,"ice cream, sorbet, edible ice (eg., ice-lolli, halo-halo)",pieces or units,13
convertible from its own cell,CAPIZ,PANITAN,"ice cream, sorbet, edible ice (eg., ice-lolli, halo-halo)",small cup,13
province fallback available,ILOILO,TUBUNGAN,chicken,whole (chicken),13
convertible from its own cell,ILOILO,DUMANGAS,mango,pieces or units,13
province fallback available,ANTIQUE,TIBIAO,camote tops,bundle,13
convertible from its own cell,ILOILO,DUMANGAS,"ice cream, sorbet, edible ice (eg., ice-lolli, halo-halo)",pieces or units,13
any-province fallback only,CAPIZ,MA-AYON,loaf bread,tama-tama nga putos,13
convertible from its own cell,ILOILO,CONCEPCION,"crackers, cookies, buiscuits, chips/curls",putos,12
province fallback available,CAPIZ,IVISAN,"ice cream, sorbet, edible ice (eg., ice-lolli, halo-halo)",pieces or units,12
convertible from its own cell,ILOILO,CONCEPCION,"crackers, cookies, buiscuits, chips/curls",pieces or units,12
convertible from its own cell,NEGROS OCCIDENTAL,CANDONI,loaf bread,medium packs,12
convertible from its own cell,ILOILO,SAN ENRIQUE,fresh fish,pieces or units,12
convertible from its own cell,ILOILO,SAN JOAQUIN,"ice cream, sorbet, edible ice (eg., ice-lolli, halo-halo)",small cup,12
convertible from its own cell,CAPIZ,CUARTERO,cabbage,pieces or units,12
convertible from its own cell,ILOILO,DINGLE,"crackers, cookies, buiscuits, chips/curls",pieces or units,12
convertible from its own cell,ANTIQUE,TOBIAS FORNIER,loaf bread,small packs,12
convertible from its own cell,CAPIZ,PANAY,"preserved or processed meat (tocino, tapa, longaniza, etc)",bilog,12
convertible from its own cell,ILOILO,SAN DIONISIO,fresh fish,pieces or units,12
any-province fallback only,CAPIZ,PILAR,loaf bread,tama-tama nga putos,12
convertible from its own cell,ANTIQUE,TIBIAO,"liquor (e.g, whisky, coconut wine)",lipid/lapad,12
convertible from its own cell,ILOILO,IGBARAS,mango,pieces or units,12
convertible from its own cell,NEGROS OCCIDENTAL,CANDONI,cabbage,pieces or units,12
convertible from its own cell,NEGROS OCCIDENTAL,HINIGARAN,carrot,pieces or units,12
convertible from its own cell,NEGROS OCCIDENTAL,CAUAYAN,loaf bread,small packs,12
convertible from its own cell,AKLAN,MAKATO,"ice cream, sorbet, edible ice (eg., ice-lolli, halo-halo)",pieces or units,12
convertible from its own cell,AKLAN,MALINAO,"liquor (e.g, whisky, coconut wine)",long-neck,12
convertible from its own cell,ANTIQUE,TOBIAS FORNIER,chicken,pieces or units,12
convertible from its own cell,AKLAN,MAKATO,loaf bread,medium packs,12
convertible from its own cell,AKLAN,MALAY,cabbage,pieces or units,12
province fallback available,CAPIZ,PILAR,"ice cream, sorbet, edible ice (eg., ice-lolli, halo-halo)",small cup,12
province fallback available,ILOILO,SAN ENRIQUE,rice,salmon,12
convertible from its own cell,NEGROS OCCIDENTAL,PONTEVEDRA,cabbage,pieces or units,12
convertible from its own cell,ANTIQUE,PATNONGON,carrot,pieces or units,12
convertible from its own cell,ILOILO,ALIMODIAN,"crackers, cookies, buiscuits, chips/curls",pieces or units,12
convertible from its own cell,NEGROS OCCIDENTAL,LA CASTELLANA,"liquor (e.g, whisky, coconut wine)",lipid/lapad,12
convertible from its own cell,AKLAN,BANGA,loaf bread,large packs,12
convertible from its own cell,ILOILO,SAN RAFAEL,loaf bread,medium packs,12
convertible from its own cell,ILOILO,LEMERY,"ice cream, sorbet, edible ice (eg., ice-lolli, halo-halo)",putos,12
convertible from its own cell,ANTIQUE,LAUA-AN,loaf bread,large packs,12
convertible from its own cell,ANTIQUE,BARBAZA,"crackers, cookies, buiscuits, chips/curls",pieces or units,12
convertible from its own cell,AKLAN,MADALAG,"crackers, cookies, buiscuits, chips/curls",pieces or units,12
convertible from its own cell,AKLAN,BATAN,"ice cream, sorbet, edible ice (eg., ice-lolli, halo-halo)",small cup,12
province fallback available,ILOILO,BANATE,"preserved or processed meat (tocino, tapa, longaniza, etc)",putos,12
province fallback available,ILOILO,LEON,rice,salmon,12
any-province fallback only,CAPIZ,TAPAZ,loaf bread,tama-tama nga putos,12
convertible from its own cell,ILOILO,OTON,cabbage,pieces or units,12
convertible from its own cell,CAPIZ,DAO,loaf bread,large packs,12
convertible from its own cell,ANTIQUE,SEBASTE,chicken,whole (chicken),12
convertible from its own cell,CAPIZ,TAPAZ,cabbage,pieces or units,12
convertible from its own cell,NEGROS OCCIDENTAL,MURCIA,"preserved or processed meat (tocino, tapa, longaniza, etc)",putos,12
convertible from its own cell,NEGROS OCCIDENTAL,HINIGARAN,"ice cream, sorbet, edible ice (eg., ice-lolli, halo-halo)",pieces or units,11
convertible from its own cell,NEGROS OCCIDENTAL,HINIGARAN,loaf bread,medium packs,11
convertible from its own cell,ILOILO,CABATUAN,fresh fish,pieces or units,11
convertible from its own cell,NEGROS OCCIDENTAL,HINIGARAN,"ice cream, sorbet, edible ice (eg., ice-lolli, halo-halo)",small cup,11
province fallback available,AKLAN,MALINAO,"preserved or processed meat (tocino, tapa, longaniza, etc)",pieces or units,11
convertible from its own cell,ANTIQUE,BARBAZA,"preserved or processed meat (tocino, tapa, longaniza, etc)",putos,11
convertible from its own cell,ILOILO,ZARRAGA,"preserved or processed meat (tocino, tapa, longaniza, etc)",putos,11
convertible from its own cell,CAPIZ,PILAR,"prawns, lobster, shrimp",tumpok,11
convertible from its own cell,ILOILO,MINA,"crackers, cookies, buiscuits, chips/curls",pieces or units,11
convertible from its own cell,AKLAN,MALAY,loaf bread,medium packs,11
convertible from its own cell,ILOILO,ALIMODIAN,carrot,pieces or units,11
convertible from its own cell,ILOILO,SAN ENRIQUE,camote tops,bundle,11
convertible from its own cell,ILOILO,OTON,"ice cream, sorbet, edible ice (eg., ice-lolli, halo-halo)",pieces or units,11
convertible from its own cell,ILOILO,LAMBUNAO,loaf bread,small packs,11
convertible from its own cell,ILOILO,ZARRAGA,"liquor (e.g, whisky, coconut wine)",lipid/lapad,11
convertible from its own cell,ILOILO,MAASIN,"crackers, cookies, buiscuits, chips/curls",pieces or units,11
convertible from its own cell,CAPIZ,IVISAN,"prawns, lobster, shrimp",tumpok,11
convertible from its own cell,CAPIZ,JAMINDAN,carrot,pieces or units,11
convertible from its own cell,CAPIZ,IVISAN,"preserved or processed meat (tocino, tapa, longaniza, etc)",bilog,11
convertible from its own cell,ANTIQUE,PANDAN,cabbage,pieces or units,11
province fallback available,ILOILO,LEGANES,loaf bread,small packs,11
convertible from its own cell,CAPIZ,MA-AYON,cabbage,pieces or units,11
convertible from its own cell,ILOILO,LEON,loaf bread,medium packs,11
convertible from its own cell,ANTIQUE,BARBAZA,loaf bread,small packs,11
convertible from its own cell,NEGROS OCCIDENTAL,MOISES PADILLA (MAGALLON),chicken,whole (chicken),11
convertible from its own cell,ILOILO,SARA,carrot,pieces or units,11
convertible from its own cell,CAPIZ,DUMALAG,cabbage,pieces or units,11
convertible from its own cell,ILOILO,LEON,carrot,pieces or units,11
convertible from its own cell,NEGROS OCCIDENTAL,MANAPLA,"liquor (e.g, whisky, coconut wine)",lipid/lapad,11
convertible from its own cell,ILOILO,CARLES,"crackers, cookies, buiscuits, chips/curls",pieces or units,11
convertible from its own cell,ILOILO,LEMERY,fresh fish,pieces or units,11
convertible from its own cell,ILOILO,LAMBUNAO,loaf bread,medium packs,11
convertible from its own cell,NEGROS OCCIDENTAL,HINIGARAN,loaf bread,small packs,11
convertible from its own cell,ILOILO,TUBUNGAN,loaf bread,large packs,11
convertible from its own cell,ILOILO,GUIMBAL,carrot,pieces or units,11
convertible from its own cell,ILOILO,SAN MIGUEL,"crackers, cookies, buiscuits, chips/curls",pieces or units,11
convertible from its own cell,ILOILO,SAN MIGUEL,"crackers, cookies, buiscuits, chips/curls",putos,11
convertible from its own cell,ILOILO,TIGBAUAN,rice,salmon,11
convertible from its own cell,ANTIQUE,SAN REMIGIO,loaf bread,medium packs,11
convertible from its own cell,CAPIZ,MAMBUSAO,chicken,whole (chicken),11
convertible from its own cell,ILOILO,DUEAS,loaf bread,tama-tama nga putos,11
convertible from its own cell,AKLAN,TANGALAN,camote tops,bundle,11
province fallback available,AKLAN,LIBACAO,loaf bread,medium packs,11
convertible from its own cell,ILOILO,IGBARAS,"liquor (e.g, whisky, coconut wine)",long-neck,11
province fallback available,ILOILO,CONCEPCION,chicken,whole (chicken),11
convertible from its own cell,NEGROS OCCIDENTAL,TOBOSO,loaf bread,medium packs,11
province fallback available,CAPIZ,PANITAN,chicken,bilog,11
province fallback available,ILOILO,MINA,"crackers, cookies, buiscuits, chips/curls",putos,11
convertible from its own cell,NEGROS OCCIDENTAL,CANDONI,chicken,bilog,11
convertible from its own cell,ILOILO,SAN ENRIQUE,"ice cream, sorbet, edible ice (eg., ice-lolli, halo-halo)",pieces or units,11
convertible from its own cell,ILOILO,SAN ENRIQUE,loaf bread,medium packs,11
any-province fallback only,CAPIZ,JAMINDAN,loaf bread,tama-tama nga putos,11
convertible from its own cell,ILOILO,SARA,cabbage,pieces or units,11
convertible from its own cell,AKLAN,NEW WASHINGTON,"crackers, cookies, buiscuits, chips/curls",putos,11
province fallback available,ILOILO,SAN DIONISIO,chicken,whole (chicken),11
convertible from its own cell,ILOILO,DUEAS,loaf bread,small packs,11
province fallback available,AKLAN,LIBACAO,loaf bread,large packs,11
convertible from its own cell,ILOILO,DUMANGAS,loaf bread,large packs,11
province fallback available,CAPIZ,IVISAN,chicken,bilog,11
province fallback available,ILOILO,ESTANCIA,fresh fish,pack,10
convertible from its own cell,ANTIQUE,BELISON,"preserved or processed meat (tocino, tapa, longaniza, etc)",putos,10
province fallback available,ANTIQUE,BUGASONG,loaf bread,small packs,10
convertible from its own cell,NEGROS OCCIDENTAL,SAN ENRIQUE,loaf bread,large packs,10
convertible from its own cell,ANTIQUE,PANDAN,carrot,pieces or units,10
any-province fallback only,ANTIQUE,SIBALOM,rice,salmon,10
convertible from its own cell,CAPIZ,DUMALAG,chicken,whole (chicken),10
convertible from its own cell,CAPIZ,JAMINDAN,"crackers, cookies, buiscuits, chips/curls",pieces or units,10
convertible from its own cell,ILOILO,BALASAN,loaf bread,large packs,10
convertible from its own cell,AKLAN,LIBACAO,"crackers, cookies, buiscuits, chips/curls",pieces or units,10
convertible from its own cell,AKLAN,ALTAVAS,"crackers, cookies, buiscuits, chips/curls",putos,10
convertible from its own cell,ILOILO,LEON,loaf bread,small packs,10
convertible from its own cell,NEGROS OCCIDENTAL,MURCIA,"liquor (e.g, whisky, coconut wine)",lipid/lapad,10
convertible from its own cell,ILOILO,SARA,fresh fish,pack,10
convertible from its own cell,ILOILO,BADIANGAN,loaf bread,medium packs,10
convertible from its own cell,ILOILO,ANILAO,"preserved or processed meat (tocino, tapa, longaniza, etc)",putos,10
convertible from its own cell,ILOILO,ESTANCIA,carrot,pieces or units,10
convertible from its own cell,ILOILO,CARLES,loaf bread,large packs,10
convertible from its own cell,ILOILO,CARLES,carrot,pieces or units,10
convertible from its own cell,ILOILO,SAN RAFAEL,"crackers, cookies, buiscuits, chips/curls",putos,10
province fallback available,ILOILO,LEGANES,chicken,whole (chicken),10
convertible from its own cell,ANTIQUE,PANDAN,"liquor (e.g, whisky, coconut wine)",lipid/lapad,10
province fallback available,ANTIQUE,HAMTIC,chicken,bilog,10
convertible from its own cell,CAPIZ,TAPAZ,"ice cream, sorbet, edible ice (eg., ice-lolli, halo-halo)",small cup,10
convertible from its own cell,ILOILO,CALINOG,"ice cream, sorbet, edible ice (eg., ice-lolli, halo-halo)",small cup,10
convertible from its own cell,ANTIQUE,SEBASTE,loaf bread,small packs,10
province fallback available,ILOILO,DINGLE,rice,salmon,10
convertible from its own cell,CAPIZ,MAMBUSAO,loaf bread,large packs,10
convertible from its own cell,AKLAN,MALAY,"liquor (e.g, whisky, coconut wine)",lipid/lapad,10
convertible from its own cell,ANTIQUE,LIBERTAD,"ice cream, sorbet, edible ice (eg., ice-lolli, halo-halo)",pieces or units,10
convertible from its own cell,ILOILO,BAROTAC NUEVO,cabbage,pieces or units,10
province fallback available,ILOILO,AJUY,chicken,bilog,10
convertible from its own cell,ILOILO,POTOTAN,chicken,whole (chicken),10
convertible from its own cell,CAPIZ,SAPI-AN,"crackers, cookies, buiscuits, chips/curls",pieces or units,10
convertible from its own cell,ILOILO,SAN ENRIQUE,"crackers, cookies, buiscuits, chips/curls",pieces or units,10
convertible from its own cell,ANTIQUE,CULASI,carrot,pieces or units,10
convertible from its own cell,NEGROS OCCIDENTAL,BINALBAGAN,camote tops,bugkos,10
province fallback available,ILOILO,MAASIN,loaf bread,tama-tama nga putos,10
convertible from its own cell,NEGROS OCCIDENTAL,CANDONI,"ice cream, sorbet, edible ice (eg., ice-lolli, halo-halo)",small cup,10
province fallback available,ILOILO,DINGLE,chicken,whole (chicken),10
province fallback available,ILOILO,BALASAN,chicken,whole (chicken),10
convertible from its own cell,CAPIZ,SAPI-AN,chicken,whole (chicken),10
convertible from its own cell,ILOILO,SAN DIONISIO,"crackers, cookies, buiscuits, chips/curls",putos,10
convertible from its own cell,ILOILO,POTOTAN,mango,pieces or units,10
convertible from its own cell,ANTIQUE,TIBIAO,"preserved or processed meat (tocino, tapa, longaniza, etc)",putos,10
convertible from its own cell,ANTIQUE,SIBALOM,chicken,pieces or units,10
province fallback available,ILOILO,DUMANGAS,fresh fish,pieces or units,10
convertible from its own cell,ILOILO,DINGLE,"ice cream, sorbet, edible ice (eg., ice-lolli, halo-halo)",small cup,10
convertible from its own cell,CAPIZ,PANAY,"ice cream, sorbet, edible ice (eg., ice-lolli, halo-halo)",small cup,10
convertible from its own cell,ILOILO,ESTANCIA,cabbage,pieces or units,10
province fallback available,CAPIZ,MAMBUSAO,"ice cream, sorbet, edible ice (eg., ice-lolli, halo-halo)",pieces or units,10
convertible from its own cell,NEGROS OCCIDENTAL,CALATRAVA,cabbage,pieces or units,10
province fallback available,ANTIQUE,TOBIAS FORNIER,chicken,bilog,10
convertible from its own cell,CAPIZ,PILAR,"crackers, cookies, buiscuits, chips/curls",putos,10
convertible from its own cell,ANTIQUE,BUGASONG,carrot,pieces or units,10
convertible from its own cell,ILOILO,AJUY,"ice cream, sorbet, edible ice (eg., ice-lolli, halo-halo)",small cup,10
convertible from its own cell,NEGROS OCCIDENTAL,SALVADOR BENEDICTO,"liquor (e.g, whisky, coconut wine)",lipid/lapad,10
convertible from its own cell,ILOILO,BAROTAC NUEVO,loaf bread,medium packs,10
convertible from its own cell,ILOILO,NEW LUCENA,carrot,pieces or units,10
convertible from its own cell,ILOILO,CALINOG,"ice cream, sorbet, edible ice (eg., ice-lolli, halo-halo)",putos,10
convertible from its own cell,ANTIQUE,HAMTIC,chicken,whole (chicken),10
convertible from its own cell,AKLAN,ALTAVAS,chicken,pieces or units,10
convertible from its own cell,CAPIZ,DAO,"ice cream, sorbet, edible ice (eg., ice-lolli, halo-halo)",pieces or units,10
convertible from its own cell,CAPIZ,PANITAN,"crackers, cookies, buiscuits, chips/curls",putos,9
convertible from its own cell,NEGROS OCCIDENTAL,CANDONI,carrot,pieces or units,9
convertible from its own cell,CAPIZ,CUARTERO,chicken,bilog,9
convertible from its own cell,CAPIZ,PANITAN,"preserved or processed meat (tocino, tapa, longaniza, etc)",bilog,9
convertible from its own cell,AKLAN,NEW WASHINGTON,"preserved or processed meat (tocino, tapa, longaniza, etc)",putos,9
convertible from its own cell,NEGROS OCCIDENTAL,CALATRAVA,"preserved or processed meat (tocino, tapa, longaniza, etc)",putos,9
province fallback available,AKLAN,BURUANGA,"crackers, cookies, buiscuits, chips/curls",pieces or units,9
province fallback available,AKLAN,BANGA,"preserved or processed meat (tocino, tapa, longaniza, etc)",pieces or units,9
convertible from its own cell,ANTIQUE,CULASI,loaf bread,small packs,9
convertible from its own cell,ANTIQUE,CULASI,"crackers, cookies, buiscuits, chips/curls",putos,9
any-province fallback only,CAPIZ,SIGMA,loaf bread,tama-tama nga putos,9
province fallback available,ILOILO,GUIMBAL,"liquor (e.g, whisky, coconut wine)",lipid/lapad,9
convertible from its own cell,NEGROS OCCIDENTAL,HINIGARAN,loaf bread,large packs,9
convertible from its own cell,NEGROS OCCIDENTAL,SAN ENRIQUE,"preserved or processed meat (tocino, tapa, longaniza, etc)",bilog,9
convertible from its own cell,NEGROS OCCIDENTAL,ENRIQUE B. MAGALONA (SARAVIA),carrot,pieces or units,9
convertible from its own cell,AKLAN,MAKATO,"preserved or processed meat (tocino, tapa, longaniza, etc)",pieces or units,9
convertible from its own cell,AKLAN,MAKATO,"preserved or processed meat (tocino, tapa, longaniza, etc)",putos,9
convertible from its own cell,AKLAN,MAKATO,"crackers, cookies, buiscuits, chips/curls",putos,9
convertible from its own cell,NEGROS OCCIDENTAL,CAUAYAN,carrot,pieces or units,9
convertible from its own cell,ILOILO,POTOTAN,"preserved or processed meat (tocino, tapa, longaniza, etc)",bilog,9
convertible from its own cell,ILOILO,POTOTAN,"ice cream, sorbet, edible ice (eg., ice-lolli, halo-halo)",pieces or units,9
convertible from its own cell,AKLAN,LIBACAO,carrot,pieces or units,9
convertible from its own cell,CAPIZ,CUARTERO,loaf bread,small packs,9
convertible from its own cell,ILOILO,DINGLE,"crackers, cookies, buiscuits, chips/curls",putos,9
convertible from its own cell,AKLAN,BURUANGA,loaf bread,small packs,9
convertible from its own cell,ILOILO,CONCEPCION,cabbage,pieces or units,9
province fallback available,ILOILO,SAN ENRIQUE,loaf bread,tama-tama nga putos,9
province fallback available,ANTIQUE,TOBIAS FORNIER,"crackers, cookies, buiscuits, chips/curls",pieces or units,9
convertible from its own cell,ILOILO,CALINOG,fresh fish,pieces or units,9
convertible from its own cell,CAPIZ,DAO,chicken,bilog,9
convertible from its own cell,ILOILO,BATAD,carrot,pieces or units,9
convertible from its own cell,ANTIQUE,SEBASTE,"ice cream, sorbet, edible ice (eg., ice-lolli, halo-halo)",pieces or units,9
convertible from its own cell,NEGROS OCCIDENTAL,PONTEVEDRA,"ice cream, sorbet, edible ice (eg., ice-lolli, halo-halo)",putos,9
province fallback available,CAPIZ,TAPAZ,"liquor (e.g, whisky, coconut wine)",long-neck,9
convertible from its own cell,ILOILO,NEW LUCENA,loaf bread,tama-tama nga putos,9
convertible from its own cell,AKLAN,MALAY,chicken,whole (chicken),9
province fallback available,ILOILO,AJUY,rice,letse,9
convertible from its own cell,AKLAN,MALAY,loaf bread,small packs,9
convertible from its own cell,ILOILO,NEW LUCENA,cabbage,pieces or units,9
convertible from its own cell,ILOILO,AJUY,"preserved or processed meat (tocino, tapa, longaniza, etc)",bilog,9
convertible from its own cell,ILOILO,BAROTAC VIEJO,"prawns, lobster, shrimp",tumpok,9
convertible from its own cell,ANTIQUE,LAUA-AN,"liquor (e.g, whisky, coconut wine)",long-neck,9
convertible from its own cell,ILOILO,TUBUNGAN,"ice cream, sorbet, edible ice (eg., ice-lolli, halo-halo)",pieces or units,9
convertible from its own cell,ILOILO,SAN MIGUEL,loaf bread,small packs,9
convertible from its own cell,CAPIZ,MAMBUSAO,"crackers, cookies, buiscuits, chips/curls",pieces or units,9
convertible from its own cell,ILOILO,TIGBAUAN,"ice cream, sorbet, edible ice (eg., ice-lolli, halo-halo)",small cup,9
convertible from its own cell,AKLAN,BATAN,"crackers, cookies, buiscuits, chips/curls",pieces or units,9
convertible from its own cell,AKLAN,BATAN,chicken,whole (chicken),9
convertible from its own cell,ILOILO,CONCEPCION,loaf bread,large packs,9
convertible from its own cell,ILOILO,CARLES,"ice cream, sorbet, edible ice (eg., ice-lolli, halo-halo)",small cup,9
convertible from its own cell,ILOILO,CONCEPCION,"ice cream, sorbet, edible ice (eg., ice-lolli, halo-halo)",small cup,9
convertible from its own cell,ILOILO,ALIMODIAN,"crackers, cookies, buiscuits, chips/curls",putos,9
convertible from its own cell,ILOILO,ANILAO,camote tops,bugkos,9
convertible from its own cell,ILOILO,BALASAN,chicken,bilog,9
convertible from its own cell,ILOILO,BALASAN,"prawns, lobster, shrimp",tumpok,9
convertible from its own cell,AKLAN,BATAN,cabbage,pieces or units,9
convertible from its own cell,ILOILO,BAROTAC NUEVO,fresh fish,pieces or units,9
convertible from its own cell,ILOILO,ALIMODIAN,loaf bread,medium packs,9
convertible from its own cell,ILOILO,SAN RAFAEL,loaf bread,large packs,9
convertible from its own cell,AKLAN,BANGA,loaf bread,medium packs,9
convertible from its own cell,ILOILO,SAN RAFAEL,chicken,bilog,9
convertible from its own cell,ILOILO,ANILAO,loaf bread,small packs,9
province fallback available,ILOILO,BINGAWAN,chicken,bilog,9
convertible from its own cell,CAPIZ,IVISAN,cabbage,pieces or units,9
convertible from its own cell,NEGROS OCCIDENTAL,MANAPLA,cabbage,pieces or units,9
convertible from its own cell,ANTIQUE,LIBERTAD,loaf bread,large packs,9
convertible from its own cell,ANTIQUE,PATNONGON,"crackers, cookies, buiscuits, chips/curls",pieces or units,9
convertible from its own cell,ANTIQUE,LIBERTAD,carrot,pieces or units,9
province fallback available,ILOILO,TUBUNGAN,chicken,pieces or units,9
convertible from its own cell,AKLAN,NEW WASHINGTON,"crackers, cookies, buiscuits, chips/curls",pieces or units,8
convertible from its own cell,ILOILO,DUEAS,mango,pieces or units,8
province fallback available,CAPIZ,MAMBUSAO,loaf bread,medium packs,8
province fallback available,ILOILO,LEGANES,loaf bread,tama-tama nga putos,8
province fallback available,CAPIZ,PANAY,chicken,whole (chicken),8
province fallback available,CAPIZ,DUMALAG,chicken,bilog,8
convertible from its own cell,ANTIQUE,PANDAN,chicken,whole (chicken),8
province fallback available,ILOILO,POTOTAN,chicken,bilog,8
convertible from its own cell,NEGROS OCCIDENTAL,PULUPANDAN,"ice cream, sorbet, edible ice (eg., ice-lolli, halo-halo)",pieces or units,8
convertible from its own cell,CAPIZ,TAPAZ,"preserved or processed meat (tocino, tapa, longaniza, etc)",bilog,8
convertible from its own cell,AKLAN,MALAY,"ice cream, sorbet, edible ice (eg., ice-lolli, halo-halo)",small cup,8
convertible from its own cell,NEGROS OCCIDENTAL,PONTEVEDRA,chicken,whole (chicken),8
convertible from its own cell,ILOILO,AJUY,loaf bread,medium packs,8
convertible from its own cell,ILOILO,AJUY,"prawns, lobster, shrimp",tumpok,8
convertible from its own cell,ILOILO,NEW LUCENA,"crackers, cookies, buiscuits, chips/curls",pieces or units,8
convertible from its own cell,AKLAN,BATAN,camote tops,bugkos,8
convertible from its own cell,NEGROS OCCIDENTAL,MOISES PADILLA (MAGALLON),chicken,bilog,8
convertible from its own cell,ILOILO,LEON,loaf bread,large packs,8
convertible from its own cell,AKLAN,BANGA,carrot,pieces or units,8
convertible from its own cell,CAPIZ,PANAY,fresh fish,pieces or units,8
convertible from its own cell,ILOILO,SAN JOAQUIN,"crackers, cookies, buiscuits, chips/curls",putos,8
convertible from its own cell,NEGROS OCCIDENTAL,CALATRAVA,loaf bread,medium packs,8
convertible from its own cell,NEGROS OCCIDENTAL,SAN ENRIQUE,loaf bread,small packs,8
convertible from its own cell,CAPIZ,PRESIDENT ROXAS,loaf bread,medium packs,8
convertible from its own cell,ANTIQUE,BUGASONG,cabbage,pieces or units,8
convertible from its own cell,ILOILO,JANIUAY,fresh fish,pieces or units,8
convertible from its own cell,ILOILO,SAN ENRIQUE,loaf bread,small packs,8
convertible from its own cell,CAPIZ,PONTEVEDRA,"prawns, lobster, shrimp",tumpok,8
convertible from its own cell,CAPIZ,PRESIDENT ROXAS,carrot,pieces or units,8
convertible from its own cell,ILOILO,SAN ENRIQUE,cabbage,pieces or units,8
convertible from its own cell,AKLAN,BURUANGA,chicken,whole (chicken),8
convertible from its own cell,CAPIZ,SAPI-AN,cabbage,pieces or units,8
convertible from its own cell,NEGROS OCCIDENTAL,CAUAYAN,loaf bread,medium packs,8
convertible from its own cell,CAPIZ,PRESIDENT ROXAS,"ice cream, sorbet, edible ice (eg., ice-lolli, halo-halo)",small cup,8
convertible from its own cell,NEGROS OCCIDENTAL,SALVADOR BENEDICTO,"ice cream, sorbet, edible ice (eg., ice-lolli, halo-halo)",pieces or units,8
convertible from its own cell,NEGROS OCCIDENTAL,SALVADOR BENEDICTO,cabbage,pieces or units,8
convertible from its own cell,NEGROS OCCIDENTAL,TOBOSO,"ice cream, sorbet, edible ice (eg., ice-lolli, halo-halo)",small cup,8
convertible from its own cell,NEGROS OCCIDENTAL,TOBOSO,cabbage,pieces or units,8
province fallback available,ILOILO,DUMANGAS,chicken,bilog,8
convertible from its own cell,NEGROS OCCIDENTAL,ENRIQUE B. MAGALONA (SARAVIA),loaf bread,medium packs,8
convertible from its own cell,NEGROS OCCIDENTAL,HINIGARAN,chicken,whole (chicken),8
convertible from its own cell,ANTIQUE,SIBALOM,chicken,bilog,8
convertible from its own cell,NEGROS OCCIDENTAL,TOBOSO,carrot,pieces or units,8
convertible from its own cell,ANTIQUE,SEBASTE,"preserved or processed meat (tocino, tapa, longaniza, etc)",cans,8
convertible from its own cell,ANTIQUE,SEBASTE,loaf bread,medium packs,8
convertible from its own cell,AKLAN,ALTAVAS,camote tops,bugkos,8
convertible from its own cell,NEGROS OCCIDENTAL,ILOG,"liquor (e.g, whisky, coconut wine)",lipid/lapad,8
convertible from its own cell,ANTIQUE,SAN REMIGIO,loaf bread,large packs,8
convertible from its own cell,NEGROS OCCIDENTAL,ILOG,"preserved or processed meat (tocino, tapa, longaniza, etc)",putos,8
convertible from its own cell,AKLAN,BURUANGA,"crackers, cookies, buiscuits, chips/curls",putos,8
convertible from its own cell,ILOILO,SAN MIGUEL,chicken,whole (chicken),8
convertible from its own cell,ILOILO,GUIMBAL,chicken,bilog,8
convertible from its own cell,ILOILO,ESTANCIA,"prawns, lobster, shrimp",tumpok,8
convertible from its own cell,CAPIZ,JAMINDAN,chicken,bilog,8
convertible from its own cell,ILOILO,SAN RAFAEL,"crackers, cookies, buiscuits, chips/curls",pieces or units,8
convertible from its own cell,ILOILO,ESTANCIA,"ice cream, sorbet, edible ice (eg., ice-lolli, halo-halo)",small cup,8
province fallback available,ANTIQUE,LAUA-AN,chicken,bilog,8
convertible from its own cell,ILOILO,ESTANCIA,chicken,whole (chicken),8
province fallback available,NEGROS OCCIDENTAL,CALATRAVA,"preserved or processed meat (tocino, tapa, longaniza, etc)",pack,8
convertible from its own cell,ILOILO,SARA,loaf bread,large packs,8
convertible from its own cell,CAPIZ,JAMINDAN,cabbage,pieces or units,8
convertible from its own cell,ILOILO,SANTA BARBARA,loaf bread,medium packs,8
convertible from its own cell,CAPIZ,DUMARAO,loaf bread,small packs,8
convertible from its own cell,CAPIZ,JAMINDAN,chicken,whole (chicken),8
convertible from its own cell,CAPIZ,DUMARAO,mango,pieces or units,8
province fallback available,ILOILO,BALASAN,loaf bread,tama-tama nga putos,8
convertible from its own cell,ANTIQUE,BELISON,"ice cream, sorbet, edible ice (eg., ice-lolli, halo-halo)",pieces or units,8
convertible from its own cell,ANTIQUE,BELISON,carrot,pieces or units,8
province fallback available,AKLAN,MALAY,"preserved or processed meat (tocino, tapa, longaniza, etc)",pieces or units,8
convertible from its own cell,ILOILO,CARLES,cabbage,pieces or units,8
convertible from its own cell,ANTIQUE,BARBAZA,"crackers, cookies, buiscuits, chips/curls",putos,8
convertible from its own cell,CAPIZ,MA-AYON,fresh fish,pieces or units,8
convertible from its own cell,CAPIZ,DUMALAG,"ice cream, sorbet, edible ice (eg., ice-lolli, halo-halo)",small cup,8
convertible from its own cell,AKLAN,LIBACAO,camote tops,bugkos,8
convertible from its own cell,NEGROS OCCIDENTAL,CALATRAVA,carrot,pieces or units,8
convertible from its own cell,CAPIZ,PANAY,loaf bread,medium packs,8
convertible from its own cell,ILOILO,SARA,loaf bread,medium packs,7
province fallback available,NEGROS OCCIDENTAL,MURCIA,chicken,whole (chicken),7
convertible from its own cell,NEGROS OCCIDENTAL,MOISES PADILLA (MAGALLON),"preserved or processed meat (tocino, tapa, longaniza, etc)",putos,7
convertible from its own cell,ANTIQUE,PANDAN,loaf bread,small packs,7
convertible from its own cell,NEGROS OCCIDENTAL,MANAPLA,carrot,pieces or units,7
province fallback available,ILOILO,SAN DIONISIO,rice,letse,7
convertible from its own cell,AKLAN,BATAN,"prawns, lobster, shrimp",tumpok,7
convertible from its own cell,AKLAN,BANGA,chicken,whole (chicken),7
convertible from its own cell,ILOILO,LEGANES,"preserved or processed meat (tocino, tapa, longaniza, etc)",bilog,7
convertible from its own cell,NEGROS OCCIDENTAL,PONTEVEDRA,chicken,bilog,7
convertible from its own cell,NEGROS OCCIDENTAL,ILOG,"ice cream, sorbet, edible ice (eg., ice-lolli, halo-halo)",pieces or units,7
convertible from its own cell,ILOILO,MIAGAO,loaf bread,small packs,7
convertible from its own cell,NEGROS OCCIDENTAL,ISABELA,"ice cream, sorbet, edible ice (eg., ice-lolli, halo-halo)",small cup,7
province fallback available,CAPIZ,SIGMA,"ice cream, sorbet, edible ice (eg., ice-lolli, halo-halo)",putos,7
province fallback available,ILOILO,LAMBUNAO,rice,salmon,7
convertible from its own cell,ILOILO,MIAGAO,"ice cream, sorbet, edible ice (eg., ice-lolli, halo-halo)",small cup,7
province fallback available,ILOILO,JANIUAY,fresh fish,pack,7
province fallback available,ILOILO,JANIUAY,rice,salmon,7
convertible from its own cell,NEGROS OCCIDENTAL,MANAPLA,"ice cream, sorbet, edible ice (eg., ice-lolli, halo-halo)",small cup,7
convertible from its own cell,NEGROS OCCIDENTAL,ISABELA,loaf bread,medium packs,7
convertible from its own cell,ANTIQUE,PATNONGON,loaf bread,large packs,7
convertible from its own cell,ANTIQUE,PATNONGON,"ice cream, sorbet, edible ice (eg., ice-lolli, halo-halo)",small cup,7
convertible from its own cell,ILOILO,BANATE,chicken,bilog,7
convertible from its own cell,ANTIQUE,LIBERTAD,chicken,whole (chicken),7
convertible from its own cell,ILOILO,BAROTAC NUEVO,"ice cream, sorbet, edible ice (eg., ice-lolli, halo-halo)",pieces or units,7
convertible from its own cell,ILOILO,LEMERY,"prawns, lobster, shrimp",tumpok,7
convertible from its own cell,ILOILO,BALASAN,fresh fish,pieces or units,7
province fallback available,ILOILO,POTOTAN,loaf bread,tama-tama nga putos,7
convertible from its own cell,ILOILO,CONCEPCION,loaf bread,small packs,7
convertible from its own cell,ILOILO,CONCEPCION,loaf bread,tama-tama nga putos,7
province fallback available,NEGROS OCCIDENTAL,LA CASTELLANA,chicken,whole (chicken),7
province fallback available,ILOILO,DUMANGAS,chicken,whole (chicken),7
convertible from its own cell,NEGROS OCCIDENTAL,SALVADOR BENEDICTO,chicken,bilog,7
convertible from its own cell,ANTIQUE,SIBALOM,loaf bread,small packs,7
convertible from its own cell,ANTIQUE,SEBASTE,"liquor (e.g, whisky, coconut wine)",long-neck,7
convertible from its own cell,AKLAN,MALAY,camote tops,bugkos,7
convertible from its own cell,NEGROS OCCIDENTAL,SAN ENRIQUE,"ice cream, sorbet, edible ice (eg., ice-lolli, halo-halo)",pieces or units,7
convertible from its own cell,ANTIQUE,SIBALOM,"liquor (e.g, whisky, coconut wine)",long-neck,7
convertible from its own cell,ANTIQUE,VALDERRAMA,chicken,whole (chicken),7
convertible from its own cell,CAPIZ,CUARTERO,"crackers, cookies, buiscuits, chips/curls",pieces or units,7
convertible from its own cell,AKLAN,BURUANGA,"preserved or processed meat (tocino, tapa, longaniza, etc)",putos,7
province fallback available,ILOILO,MIAGAO,"crackers, cookies, buiscuits, chips/curls",putos,7
convertible from its own cell,NEGROS OCCIDENTAL,TOBOSO,loaf bread,small packs,7
province fallback available,ILOILO,MINA,rice,salmon,7
convertible from its own cell,NEGROS OCCIDENTAL,VALLADOLID,"ice cream, sorbet, edible ice (eg., ice-lolli, halo-halo)",pieces or units,7
convertible from its own cell,ANTIQUE,BELISON,loaf bread,medium packs,7
convertible from its own cell,CAPIZ,PONTEVEDRA,carrot,pieces or units,7
convertible from its own cell,AKLAN,MAKATO,loaf bread,small packs,7
convertible from its own cell,CAPIZ,PILAR,loaf bread,large packs,7
convertible from its own cell,ILOILO,SAN DIONISIO,loaf bread,tama-tama nga putos,7
convertible from its own cell,ILOILO,OTON,mango,pieces or units,7
convertible from its own cell,NEGROS OCCIDENTAL,CAUAYAN,"ice cream, sorbet, edible ice (eg., ice-lolli, halo-halo)",small cup,7
convertible from its own cell,AKLAN,MAKATO,loaf bread,large packs,7
convertible from its own cell,NEGROS OCCIDENTAL,CAUAYAN,cabbage,pieces or units,7
convertible from its own cell,ILOILO,BINGAWAN,"crackers, cookies, buiscuits, chips/curls",putos,7
convertible from its own cell,ILOILO,BINGAWAN,loaf bread,large packs,7
convertible from its own cell,NEGROS OCCIDENTAL,SAN ENRIQUE,loaf bread,medium packs,7
convertible from its own cell,ANTIQUE,BUGASONG,chicken,pieces or units,7
convertible from its own cell,NEGROS OCCIDENTAL,SAN ENRIQUE,"ice cream, sorbet, edible ice (eg., ice-lolli, halo-halo)",small cup,7
convertible from its own cell,ILOILO,LEGANES,"ice cream, sorbet, edible ice (eg., ice-lolli, halo-halo)",pieces or units,7
convertible from its own cell,NEGROS OCCIDENTAL,ILOG,"ice cream, sorbet, edible ice (eg., ice-lolli, halo-halo)",small cup,7
province fallback available,ILOILO,LEON,"ice cream, sorbet, edible ice (eg., ice-lolli, halo-halo)",pieces or units,7
convertible from its own cell,ANTIQUE,SEBASTE,cabbage,pieces or units,7
convertible from its own cell,ILOILO,BATAD,"crackers, cookies, buiscuits, chips/curls",pieces or units,7
convertible from its own cell,CAPIZ,SIGMA,fresh fish,pieces or units,7
convertible from its own cell,NEGROS OCCIDENTAL,HINOBA-AN (ASIA),"ice cream, sorbet, edible ice (eg., ice-lolli, halo-halo)",small cup,7
convertible from its own cell,CAPIZ,SIGMA,mango,pieces or units,7
convertible from its own cell,ILOILO,TUBUNGAN,loaf bread,small packs,7
convertible from its own cell,CAPIZ,DAO,loaf bread,small packs,7
convertible from its own cell,ILOILO,ZARRAGA,chicken,bilog,7
convertible from its own cell,ILOILO,TUBUNGAN,cabbage,pieces or units,7
convertible from its own cell,CAPIZ,DUMALAG,"ice cream, sorbet, edible ice (eg., ice-lolli, halo-halo)",pieces or units,7
convertible from its own cell,AKLAN,MADALAG,"preserved or processed meat (tocino, tapa, longaniza, etc)",pieces or units,7
province fallback available,ILOILO,BANATE,loaf bread,small packs,7
convertible from its own cell,AKLAN,MAKATO,carrot,pieces or units,7
convertible from its own cell,AKLAN,LIBACAO,cabbage,pieces or units,7
convertible from its own cell,ILOILO,GUIMBAL,loaf bread,medium packs,7
convertible from its own cell,ILOILO,GUIMBAL,cabbage,pieces or units,7
convertible from its own cell,ILOILO,CABATUAN,"ice cream, sorbet, edible ice (eg., ice-lolli, halo-halo)",pieces or units,7
convertible from its own cell,ANTIQUE,BELISON,"liquor (e.g, whisky, coconut wine)",lipid/lapad,7
convertible from its own cell,CAPIZ,PANAY,chicken,bilog,7
convertible from its own cell,CAPIZ,PANITAN,"crackers, cookies, buiscuits, chips/curls",pieces or units,7
province fallback available,ANTIQUE,LIBERTAD,loaf bread,tama-tama nga putos,7
province fallback available,ANTIQUE,LAUA-AN,"ice cream, sorbet, edible ice (eg., ice-lolli, halo-halo)",pieces or units,7
convertible from its own cell,CAPIZ,MA-AYON,loaf bread,medium packs,7
convertible from its own cell,CAPIZ,MA-AYON,loaf bread,large packs,7
convertible from its own cell,CAPIZ,JAMINDAN,camote tops,bundle,7
convertible from its own cell,ILOILO,CARLES,chicken,whole (chicken),7
convertible from its own cell,ILOILO,CARLES,fresh fish,pieces or units,7
convertible from its own cell,ILOILO,SANTA BARBARA,cabbage,pieces or units,7
convertible from its own cell,ILOILO,SANTA BARBARA,loaf bread,large packs,7
convertible from its own cell,CAPIZ,IVISAN,"ice cream, sorbet, edible ice (eg., ice-lolli, halo-halo)",small cup,7
convertible from its own cell,CAPIZ,IVISAN,chicken,whole (chicken),7
convertible from its own cell,CAPIZ,JAMINDAN,rice,letse,7
convertible from its own cell,AKLAN,LIBACAO,"ice cream, sorbet, edible ice (eg., ice-lolli, halo-halo)",small cup,7
province fallback available,ILOILO,BATAD,chicken,bilog,7
convertible from its own cell,ILOILO,CONCEPCION,carrot,pieces or units,7
province fallback available,ILOILO,BAROTAC VIEJO,fresh fish,pack,7
convertible from its own cell,ILOILO,DUMANGAS,loaf bread,small packs,7
province fallback available,ILOILO,SANTA BARBARA,chicken,bilog,7
convertible from its own cell,ILOILO,DINGLE,"ice cream, sorbet, edible ice (eg., ice-lolli, halo-halo)",putos,7
any-province fallback only,ANTIQUE,LAUA-AN,rice,letse,7
convertible from its own cell,ANTIQUE,VALDERRAMA,"ice cream, sorbet, edible ice (eg., ice-lolli, halo-halo)",small cup,6
convertible from its own cell,ILOILO,ZARRAGA,loaf bread,medium packs,6
province fallback available,ILOILO,MAASIN,rice,salmon,6
province fallback available,ILOILO,IGBARAS,cabbage,pack,6
convertible from its own cell,NEGROS OCCIDENTAL,VALLADOLID,"ice cream, sorbet, edible ice (eg., ice-lolli, halo-halo)",small cup,6
convertible from its own cell,ILOILO,DINGLE,"preserved or processed meat (tocino, tapa, longaniza, etc)",bilog,6
any-province fallback only,CAPIZ,SAPI-AN,loaf bread,tama-tama nga putos,6
province fallback available,NEGROS OCCIDENTAL,TOBOSO,camote tops,bundle,6
province fallback available,ILOILO,SAN DIONISIO,"preserved or processed meat (tocino, tapa, longaniza, etc)",bilog,6
convertible from its own cell,AKLAN,BANGA,cabbage,pieces or units,6
convertible from its own cell,ANTIQUE,TIBIAO,"crackers, cookies, buiscuits, chips/curls",putos,6
convertible from its own cell,ANTIQUE,CULASI,loaf bread,large packs,6
convertible from its own cell,CAPIZ,PONTEVEDRA,"ice cream, sorbet, edible ice (eg., ice-lolli, halo-halo)",small cup,6
convertible from its own cell,NEGROS OCCIDENTAL,ENRIQUE B. MAGALONA (SARAVIA),loaf bread,small packs,6
convertible from its own cell,ILOILO,CABATUAN,"ice cream, sorbet, edible ice (eg., ice-lolli, halo-halo)",small cup,6
convertible from its own cell,ILOILO,IGBARAS,fresh fish,pieces or units,6
convertible from its own cell,ILOILO,CABATUAN,loaf bread,medium packs,6
convertible from its own cell,NEGROS OCCIDENTAL,SAN ENRIQUE,"prawns, lobster, shrimp",tumpok,6
convertible from its own cell,ANTIQUE,CULASI,"ice cream, sorbet, edible ice (eg., ice-lolli, halo-halo)",small cup,6
convertible from its own cell,ANTIQUE,HAMTIC,"ice cream, sorbet, edible ice (eg., ice-lolli, halo-halo)",pieces or units,6
convertible from its own cell,AKLAN,IBAJAY,"prawns, lobster, shrimp",tumpok,6
convertible from its own cell,ILOILO,IGBARAS,"preserved or processed meat (tocino, tapa, longaniza, etc)",cans,6
province fallback available,ILOILO,CALINOG,loaf bread,small packs,6
convertible from its own cell,AKLAN,LIBACAO,"preserved or processed meat (tocino, tapa, longaniza, etc)",pieces or units,6
convertible from its own cell,NEGROS OCCIDENTAL,VALLADOLID,"preserved or processed meat (tocino, tapa, longaniza, etc)",bilog,6
convertible from its own cell,ILOILO,OTON,"preserved or processed meat (tocino, tapa, longaniza, etc)",bilog,6
convertible from its own cell,CAPIZ,SAPI-AN,"ice cream, sorbet, edible ice (eg., ice-lolli, halo-halo)",small cup,6
convertible from its own cell,ILOILO,SAN ENRIQUE,fresh fish,pack,6
convertible from its own cell,AKLAN,MADALAG,camote tops,bugkos,6
convertible from its own cell,AKLAN,ALTAVAS,fresh fish,pieces or units,6
province fallback available,ILOILO,BINGAWAN,rice,salmon,6
convertible from its own cell,ILOILO,IGBARAS,camote,bilog,6
convertible from its own cell,NEGROS OCCIDENTAL,ENRIQUE B. MAGALONA (SARAVIA),loaf bread,large packs,6
convertible from its own cell,NEGROS OCCIDENTAL,ENRIQUE B. MAGALONA (SARAVIA),"ice cream, sorbet, edible ice (eg., ice-lolli, halo-halo)",pieces or units,6
convertible from its own cell,NEGROS OCCIDENTAL,ENRIQUE B. MAGALONA (SARAVIA),chicken,bilog,6
convertible from its own cell,ILOILO,SAN ENRIQUE,"ice cream, sorbet, edible ice (eg., ice-lolli, halo-halo)",small cup,6
convertible from its own cell,ANTIQUE,HAMTIC,"ice cream, sorbet, edible ice (eg., ice-lolli, halo-halo)",small cup,6
convertible from its own cell,CAPIZ,PONTEVEDRA,"ice cream, sorbet, edible ice (eg., ice-lolli, halo-halo)",pieces or units,6
convertible from its own cell,NEGROS OCCIDENTAL,CALATRAVA,"ice cream, sorbet, edible ice (eg., ice-lolli, halo-halo)",pieces or units,6
convertible from its own cell,NEGROS OCCIDENTAL,CAUAYAN,"liquor (e.g, whisky, coconut wine)",long-neck,6
convertible from its own cell,NEGROS OCCIDENTAL,CAUAYAN,"ice cream, sorbet, edible ice (eg., ice-lolli, halo-halo)",pieces or units,6
convertible from its own cell,AKLAN,BATAN,loaf bread,small packs,6
convertible from its own cell,AKLAN,BANGA,"liquor (e.g, whisky, coconut wine)",long-neck,6
convertible from its own cell,ILOILO,MIAGAO,loaf bread,large packs,6
convertible from its own cell,ILOILO,ANILAO,"crackers, cookies, buiscuits, chips/curls",pieces or units,6
convertible from its own cell,AKLAN,BANGA,chicken,pieces or units,6
convertible from its own cell,ILOILO,NEW LUCENA,chicken,whole (chicken),6
convertible from its own cell,ANTIQUE,BARBAZA,"liquor (e.g, whisky, coconut wine)",lipid/lapad,6
convertible from its own cell,ANTIQUE,PANDAN,"ice cream, sorbet, edible ice (eg., ice-lolli, halo-halo)",pieces or units,6
convertible from its own cell,ILOILO,SANTA BARBARA,carrot,pieces or units,6
province fallback available,CAPIZ,PILAR,chicken,bilog,6
convertible from its own cell,NEGROS OCCIDENTAL,PULUPANDAN,"ice cream, sorbet, edible ice (eg., ice-lolli, halo-halo)",small cup,6
convertible from its own cell,NEGROS OCCIDENTAL,PULUPANDAN,loaf bread,large packs,6
convertible from its own cell,NEGROS OCCIDENTAL,PULUPANDAN,loaf bread,medium packs,6
convertible from its own cell,ILOILO,SAN JOAQUIN,"crackers, cookies, buiscuits, chips/curls",pieces or units,6
convertible from its own cell,NEGROS OCCIDENTAL,SALVADOR BENEDICTO,carrot,pieces or units,6
convertible from its own cell,NEGROS OCCIDENTAL,ILOG,chicken,whole (chicken),6
convertible from its own cell,ILOILO,BANATE,cabbage,pieces or units,6
convertible from its own cell,ILOILO,BANATE,carrot,pieces or units,6
convertible from its own cell,ILOILO,BALASAN,loaf bread,medium packs,6
convertible from its own cell,NEGROS OCCIDENTAL,HINOBA-AN (ASIA),"liquor (e.g, whisky, coconut wine)",lipid/lapad,6
convertible from its own cell,ILOILO,MAASIN,fresh fish,pieces or units,6
convertible from its own cell,AKLAN,NABAS,"preserved or processed meat (tocino, tapa, longaniza, etc)",pieces or units,6
convertible from its own cell,ILOILO,BANATE,"crackers, cookies, buiscuits, chips/curls",putos,6
convertible from its own cell,AKLAN,NABAS,"ice cream, sorbet, edible ice (eg., ice-lolli, halo-halo)",pieces or units,6
convertible from its own cell,ILOILO,LAMBUNAO,"liquor (e.g, whisky, coconut wine)",long-neck,6
convertible from its own cell,ILOILO,BAROTAC VIEJO,"ice cream, sorbet, edible ice (eg., ice-lolli, halo-halo)",putos,6
convertible from its own cell,AKLAN,MAKATO,chicken,whole (chicken),6
convertible from its own cell,ILOILO,BATAD,cabbage,pieces or units,6
convertible from its own cell,ILOILO,TIGBAUAN,fresh fish,pieces or units,6
convertible from its own cell,CAPIZ,DUMALAG,loaf bread,medium packs,6
province fallback available,CAPIZ,PRESIDENT ROXAS,chicken,whole (chicken),6
convertible from its own cell,ILOILO,BATAD,"preserved or processed meat (tocino, tapa, longaniza, etc)",bilog,6
province fallback available,CAPIZ,TAPAZ,loaf bread,medium packs,6
convertible from its own cell,AKLAN,MALINAO,"ice cream, sorbet, edible ice (eg., ice-lolli, halo-halo)",small cup,6
convertible from its own cell,ILOILO,LEGANES,fresh fish,pieces or units,6
convertible from its own cell,ILOILO,LEGANES,chicken,bilog,6
convertible from its own cell,AKLAN,MADALAG,loaf bread,large packs,6
convertible from its own cell,NEGROS OCCIDENTAL,PONTEVEDRA,loaf bread,large packs,6
convertible from its own cell,ANTIQUE,BELISON,loaf bread,large packs,6
convertible from its own cell,CAPIZ,SAPI-AN,camote tops,bundle,6
convertible from its own cell,ILOILO,POTOTAN,"ice cream, sorbet, edible ice (eg., ice-lolli, halo-halo)",small cup,6
convertible from its own cell,ILOILO,POTOTAN,fresh fish,pieces or units,6
convertible from its own cell,NEGROS OCCIDENTAL,CAUAYAN,loaf bread,large packs,6
convertible from its own cell,CAPIZ,PRESIDENT ROXAS,fresh fish,pieces or units,6
province fallback available,ANTIQUE,CULASI,chicken,bilog,6
convertible from its own cell,ILOILO,SAN RAFAEL,fresh fish,pieces or units,6
convertible from its own cell,AKLAN,NEW WASHINGTON,"liquor (e.g, whisky, coconut wine)",lipid/lapad,6
convertible from its own cell,CAPIZ,MAMBUSAO,"liquor (e.g, whisky, coconut wine)",long-neck,6
convertible from its own cell,NEGROS OCCIDENTAL,MOISES PADILLA (MAGALLON),loaf bread,large packs,6
province fallback available,ANTIQUE,BUGASONG,loaf bread,tama-tama nga putos,6
convertible from its own cell,NEGROS OCCIDENTAL,ISABELA,loaf bread,small packs,6
convertible from its own cell,AKLAN,NABAS,loaf bread,large packs,6
convertible from its own cell,ANTIQUE,SAN REMIGIO,"liquor (e.g, whisky, coconut wine)",long-neck,6
convertible from its own cell,ILOILO,SARA,fresh fish,pieces or units,6
convertible from its own cell,ANTIQUE,PATNONGON,cabbage,pieces or units,6
convertible from its own cell,CAPIZ,CUARTERO,"crackers, cookies, buiscuits, chips/curls",putos,6
province fallback available,ILOILO,TIGBAUAN,loaf bread,tama-tama nga putos,6
province fallback available,ILOILO,LAMBUNAO,chicken,pieces or units,6
convertible from its own cell,NEGROS OCCIDENTAL,CANDONI,"preserved or processed meat (tocino, tapa, longaniza, etc)",bilog,6
convertible from its own cell,NEGROS OCCIDENTAL,MURCIA,"ice cream, sorbet, edible ice (eg., ice-lolli, halo-halo)",pieces or units,6
province fallback available,ANTIQUE,PANDAN,loaf bread,tama-tama nga putos,6
convertible from its own cell,ILOILO,OTON,"ice cream, sorbet, edible ice (eg., ice-lolli, halo-halo)",small cup,6
province fallback available,ILOILO,BANATE,"ice cream, sorbet, edible ice (eg., ice-lolli, halo-halo)",pieces or units,5
convertible from its own cell,ILOILO,JANIUAY,"ice cream, sorbet, edible ice (eg., ice-lolli, halo-halo)",small cup,5
province fallback available,ILOILO,BANATE,loaf bread,tama-tama nga putos,5
province fallback available,ILOILO,CARLES,"ice cream, sorbet, edible ice (eg., ice-lolli, halo-halo)",putos,5
convertible from its own cell,ILOILO,BINGAWAN,chicken,whole (chicken),5
convertible from its own cell,ILOILO,BINGAWAN,fresh fish,pieces or units,5
province fallback available,ILOILO,BATAD,loaf bread,tama-tama nga putos,5
convertible from its own cell,ILOILO,JANIUAY,"preserved or processed meat (tocino, tapa, longaniza, etc)",bilog,5
convertible from its own cell,CAPIZ,PANITAN,"liquor (e.g, whisky, coconut wine)",long-neck,5
convertible from its own cell,ILOILO,TIGBAUAN,"preserved or processed meat (tocino, tapa, longaniza, etc)",pack,5
convertible from its own cell,NEGROS OCCIDENTAL,HINIGARAN,"preserved or processed meat (tocino, tapa, longaniza, etc)",bilog,5
convertible from its own cell,NEGROS OCCIDENTAL,HINOBA-AN (ASIA),camote tops,bundle,5
convertible from its own cell,NEGROS OCCIDENTAL,SAN ENRIQUE,chicken,whole (chicken),5
convertible from its own cell,ILOILO,ZARRAGA,cabbage,pieces or units,5
convertible from its own cell,ANTIQUE,CULASI,"ice cream, sorbet, edible ice (eg., ice-lolli, halo-halo)",pieces or units,5
convertible from its own cell,ILOILO,CABATUAN,"preserved or processed meat (tocino, tapa, longaniza, etc)",bilog,5
convertible from its own cell,NEGROS OCCIDENTAL,SALVADOR BENEDICTO,loaf bread,small packs,5
convertible from its own cell,NEGROS OCCIDENTAL,SAN ENRIQUE,camote,bilog,5
province fallback available,ILOILO,DUMANGAS,"prawns, lobster, shrimp",tumpok,5
province fallback available,ILOILO,LEGANES,rice,salmon,5
convertible from its own cell,ILOILO,DUEAS,"preserved or processed meat (tocino, tapa, longaniza, etc)",bilog,5
any-province fallback only,CAPIZ,TAPAZ,rice,salmon,5
province fallback available,ILOILO,MIAGAO,rice,salmon,5
convertible from its own cell,ANTIQUE,CULASI,cabbage,pieces or units,5
province fallback available,ILOILO,IGBARAS,carrot,pack,5
convertible from its own cell,NEGROS OCCIDENTAL,VALLADOLID,loaf bread,small packs,5
convertible from its own cell,CAPIZ,SAPI-AN,"prawns, lobster, shrimp",tumpok,5
province fallback available,ILOILO,BAROTAC VIEJO,rice,salmon,5
convertible from its own cell,CAPIZ,PILAR,"preserved or processed meat (tocino, tapa, longaniza, etc)",bilog,5
convertible from its own cell,ANTIQUE,CULASI,loaf bread,medium packs,5
convertible from its own cell,AKLAN,BURUANGA,"liquor (e.g, whisky, coconut wine)",lipid/lapad,5
convertible from its own cell,ILOILO,TUBUNGAN,rice,salmon,5
convertible from its own cell,ILOILO,ZARRAGA,carrot,pieces or units,5
convertible from its own cell,ILOILO,ESTANCIA,loaf bread,medium packs,5
convertible from its own cell,AKLAN,IBAJAY,chicken,pieces or units,5
province fallback available,ILOILO,DUMANGAS,cabbage,pack,5
convertible from its own cell,AKLAN,ALTAVAS,"ice cream, sorbet, edible ice (eg., ice-lolli, halo-halo)",putos,5
province fallback available,ILOILO,LAMBUNAO,loaf bread,tama-tama nga putos,5
convertible from its own cell,ILOILO,ESTANCIA,"ice cream, sorbet, edible ice (eg., ice-lolli, halo-halo)",pieces or units,5
convertible from its own cell,CAPIZ,DAO,"preserved or processed meat (tocino, tapa, longaniza, etc)",bilog,5
convertible from its own cell,NEGROS OCCIDENTAL,HINIGARAN,chicken,bilog,5
convertible from its own cell,ANTIQUE,TIBIAO,"crackers, cookies, buiscuits, chips/curls",pieces or units,5
convertible from its own cell,AKLAN,MADALAG,carrot,pieces or units,5
convertible from its own cell,ILOILO,ZARRAGA,"ice cream, sorbet, edible ice (eg., ice-lolli, halo-halo)",small cup,5
convertible from its own cell,AKLAN,LIBACAO,chicken,whole (chicken),5
convertible from its own cell,NEGROS OCCIDENTAL,ILOG,cabbage,pieces or units,5
convertible from its own cell,CAPIZ,IVISAN,loaf bread,medium packs,5
convertible from its own cell,CAPIZ,IVISAN,loaf bread,large packs,5
convertible from its own cell,ILOILO,MAASIN,"ice cream, sorbet, edible ice (eg., ice-lolli, halo-halo)",putos,5
convertible from its own cell,CAPIZ,IVISAN,fresh fish,pieces or units,5
convertible from its own cell,NEGROS OCCIDENTAL,LA CASTELLANA,cabbage,pieces or units,5
convertible from its own cell,AKLAN,MAKATO,"liquor (e.g, whisky, coconut wine)",lipid/lapad,5
convertible from its own cell,ILOILO,LEGANES,"ice cream, sorbet, edible ice (eg., ice-lolli, halo-halo)",small cup,5
convertible from its own cell,ILOILO,SAN JOAQUIN,mango,pieces or units,5
convertible from its own cell,NEGROS OCCIDENTAL,VALLADOLID,loaf bread,medium packs,5
province fallback available,ANTIQUE,HAMTIC,"crackers, cookies, buiscuits, chips/curls",pieces or units,5
convertible from its own cell,ILOILO,AJUY,cabbage,pack,5
province fallback available,ANTIQUE,HAMTIC,loaf bread,tama-tama nga putos,5
convertible from its own cell,ILOILO,NEW LUCENA,loaf bread,small packs,5
convertible from its own cell,ILOILO,AJUY,fresh fish,pack,5
convertible from its own cell,ILOILO,SAN JOAQUIN,loaf bread,small packs,5
convertible from its own cell,NEGROS OCCIDENTAL,PULUPANDAN,"preserved or processed meat (tocino, tapa, longaniza, etc)",bilog,5
province fallback available,ILOILO,BADIANGAN,"preserved or processed meat (tocino, tapa, longaniza, etc)",bilog,5
convertible from its own cell,NEGROS OCCIDENTAL,PULUPANDAN,carrot,pieces or units,5
convertible from its own cell,ANTIQUE,BELISON,chicken,whole (chicken),5
convertible from its own cell,NEGROS OCCIDENTAL,TOBOSO,loaf bread,large packs,5
convertible from its own cell,CAPIZ,PRESIDENT ROXAS,loaf bread,large packs,5
convertible from its own cell,ANTIQUE,BELISON,chicken,pieces or units,5
convertible from its own cell,ANTIQUE,BUGASONG,"crackers, cookies, buiscuits, chips/curls",pieces or units,5
convertible from its own cell,ANTIQUE,BUGASONG,loaf bread,large packs,5
convertible from its own cell,NEGROS OCCIDENTAL,PULUPANDAN,cabbage,pieces or units,5
convertible from its own cell,NEGROS OCCIDENTAL,PONTEVEDRA,loaf bread,medium packs,5
convertible from its own cell,CAPIZ,DUMALAG,loaf bread,small packs,5
convertible from its own cell,CAPIZ,DUMALAG,loaf bread,large packs,5
convertible from its own cell,CAPIZ,DUMARAO,"preserved or processed meat (tocino, tapa, longaniza, etc)",bilog,5
convertible from its own cell,ILOILO,BAROTAC NUEVO,"ice cream, sorbet, edible ice (eg., ice-lolli, halo-halo)",small cup,5
province fallback available,ANTIQUE,PANDAN,chicken,bilog,5
province fallback available,ANTIQUE,SEBASTE,loaf bread,tama-tama nga putos,5
province fallback available,ANTIQUE,SEBASTE,chicken,pieces or units,5
convertible from its own cell,ILOILO,ALIMODIAN,loaf bread,large packs,5
convertible from its own cell,ILOILO,BADIANGAN,camote,bilog,5
convertible from its own cell,ILOILO,SAN MIGUEL,loaf bread,tama-tama nga putos,5
convertible from its own cell,CAPIZ,PANAY,"liquor (e.g, whisky, coconut wine)",long-neck,5
convertible from its own cell,NEGROS OCCIDENTAL,MANAPLA,loaf bread,medium packs,5
convertible from its own cell,ANTIQUE,LIBERTAD,cabbage,pieces or units,5
convertible from its own cell,NEGROS OCCIDENTAL,MURCIA,chicken,bilog,5
convertible from its own cell,ILOILO,OTON,"prawns, lobster, shrimp",tumpok,5
province fallback available,ANTIQUE,PANDAN,loaf bread,large packs,5
convertible from its own cell,ANTIQUE,PATNONGON,chicken,pieces or units,5
convertible from its own cell,NEGROS OCCIDENTAL,ISABELA,"liquor (e.g, whisky, coconut wine)",long-neck,5
convertible from its own cell,CAPIZ,JAMINDAN,"ice cream, sorbet, edible ice (eg., ice-lolli, halo-halo)",pieces or units,5
convertible from its own cell,CAPIZ,JAMINDAN,"ice cream, sorbet, edible ice (eg., ice-lolli, halo-halo)",putos,5
province fallback available,AKLAN,BANGA,"ice cream, sorbet, edible ice (eg., ice-lolli, halo-halo)",small cup,5
convertible from its own cell,ANTIQUE,LAUA-AN,loaf bread,small packs,5
convertible from its own cell,ILOILO,ALIMODIAN,chicken,pieces or units,5
convertible from its own cell,ILOILO,ZARRAGA,mango,pieces or units,5
convertible from its own cell,ILOILO,MINA,mango,pieces or units,5
convertible from its own cell,ILOILO,SANTA BARBARA,fresh fish,pieces or units,5
province fallback available,ANTIQUE,SAN REMIGIO,loaf bread,tama-tama nga putos,5
convertible from its own cell,ANTIQUE,BARBAZA,"ice cream, sorbet, edible ice (eg., ice-lolli, halo-halo)",small cup,5
province fallback available,ILOILO,MINA,fresh fish,pieces or units,5
convertible from its own cell,CAPIZ,PONTEVEDRA,loaf bread,large packs,5
convertible from its own cell,ANTIQUE,VALDERRAMA,"crackers, cookies, buiscuits, chips/curls",putos,5
convertible from its own cell,ILOILO,CONCEPCION,fresh fish,pieces or units,5
convertible from its own cell,CAPIZ,PONTEVEDRA,loaf bread,medium packs,5
convertible from its own cell,CAPIZ,PRESIDENT ROXAS,cabbage,pieces or units,5
any-province fallback only,ANTIQUE,PATNONGON,rice,salmon,5
convertible from its own cell,ANTIQUE,VALDERRAMA,chicken,pieces or units,5
convertible from its own cell,ANTIQUE,VALDERRAMA,cabbage,pieces or units,4
convertible from its own cell,ANTIQUE,VALDERRAMA,carrot,pieces or units,4
any-province fallback only,ANTIQUE,BARBAZA,rice,salmon,4
convertible from its own cell,NEGROS OCCIDENTAL,TOBOSO,"liquor (e.g, whisky, coconut wine)",long-neck,4
convertible from its own cell,NEGROS OCCIDENTAL,TOBOSO,"ice cream, sorbet, edible ice (eg., ice-lolli, halo-halo)",pieces or units,4
convertible from its own cell,ILOILO,SAN DIONISIO,"prawns, lobster, shrimp",tumpok,4
convertible from its own cell,CAPIZ,CUARTERO,"preserved or processed meat (tocino, tapa, longaniza, etc)",bilog,4
province fallback available,ILOILO,SARA,rice,letse,4
any-province fallback only,ANTIQUE,SAN REMIGIO,rice,letse,4
convertible from its own cell,ILOILO,CONCEPCION,loaf bread,medium packs,4
province fallback available,ILOILO,NEW LUCENA,"ice cream, sorbet, edible ice (eg., ice-lolli, halo-halo)",pieces or units,4
province fallback available,ANTIQUE,PATNONGON,"preserved or processed meat (tocino, tapa, longaniza, etc)",bilog,4
convertible from its own cell,AKLAN,NABAS,loaf bread,medium packs,4
convertible from its own cell,AKLAN,TANGALAN,loaf bread,small packs,4
convertible from its own cell,ILOILO,MINA,camote,bilog,4
convertible from its own cell,ILOILO,NEW LUCENA,fresh fish,pieces or units,4
convertible from its own cell,ILOILO,AJUY,mango,pieces or units,4
convertible from its own cell,ILOILO,AJUY,"liquor (e.g, whisky, coconut wine)",long-neck,4
convertible from its own cell,ANTIQUE,BARBAZA,carrot,pieces or units,4
convertible from its own cell,CAPIZ,JAMINDAN,loaf bread,large packs,4
convertible from its own cell,ILOILO,SANTA BARBARA,"ice cream, sorbet, edible ice (eg., ice-lolli, halo-halo)",putos,4
convertible from its own cell,AKLAN,NEW WASHINGTON,loaf bread,large packs,4
convertible from its own cell,AKLAN,NEW WASHINGTON,"preserved or processed meat (tocino, tapa, longaniza, etc)",pieces or units,4
convertible from its own cell,ILOILO,ALIMODIAN,mango,pieces or units,4
convertible from its own cell,ILOILO,ANILAO,"liquor (e.g, whisky, coconut wine)",lipid/lapad,4
convertible from its own cell,NEGROS OCCIDENTAL,MOISES PADILLA (MAGALLON),"ice cream, sorbet, edible ice (eg., ice-lolli, halo-halo)",pieces or units,4
convertible from its own cell,ILOILO,SAN RAFAEL,camote,bilog,4
convertible from its own cell,CAPIZ,MA-AYON,mango,pieces or units,4
convertible from its own cell,CAPIZ,MA-AYON,"ice cream, sorbet, edible ice (eg., ice-lolli, halo-halo)",putos,4
province fallback available,ANTIQUE,HAMTIC,chicken,pieces or units,4
convertible from its own cell,NEGROS OCCIDENTAL,PONTEVEDRA,"ice cream, sorbet, edible ice (eg., ice-lolli, halo-halo)",pieces or units,4
convertible from its own cell,ANTIQUE,LIBERTAD,"liquor (e.g, whisky, coconut wine)",long-neck,4
convertible from its own cell,ILOILO,SAN JOAQUIN,rice,salmon,4
convertible from its own cell,ILOILO,MIAGAO,"liquor (e.g, whisky, coconut wine)",long-neck,4
convertible from its own cell,ILOILO,MIAGAO,fresh fish,pieces or units,4
convertible from its own cell,AKLAN,TANGALAN,"ice cream, sorbet, edible ice (eg., ice-lolli, halo-halo)",pieces or units,4
convertible from its own cell,CAPIZ,MAMBUSAO,chicken,bilog,4
convertible from its own cell,NEGROS OCCIDENTAL,LA CASTELLANA,loaf bread,medium packs,4
convertible from its own cell,ANTIQUE,PATNONGON,fresh fish,pieces or units,4
convertible from its own cell,ANTIQUE,PANDAN,"liquor (e.g, whisky, coconut wine)",long-neck,4
convertible from its own cell,NEGROS OCCIDENTAL,MURCIA,cabbage,pieces or units,4
province fallback available,ANTIQUE,PATNONGON,loaf bread,tama-tama nga putos,4
province fallback available,AKLAN,MADALAG,"ice cream, sorbet, edible ice (eg., ice-lolli, halo-halo)",small cup,4
convertible from its own cell,CAPIZ,SIGMA,fresh fish,pack,4
province fallback available,AKLAN,BURUANGA,"ice cream, sorbet, edible ice (eg., ice-lolli, halo-halo)",pieces or units,4
province fallback available,ANTIQUE,LIBERTAD,"preserved or processed meat (tocino, tapa, longaniza, etc)",bilog,4
province fallback available,ANTIQUE,LAUA-AN,loaf bread,tama-tama nga putos,4
convertible from its own cell,NEGROS OCCIDENTAL,HINOBA-AN (ASIA),loaf bread,medium packs,4
convertible from its own cell,ANTIQUE,SEBASTE,loaf bread,large packs,4
convertible from its own cell,AKLAN,NEW WASHINGTON,"ice cream, sorbet, edible ice (eg., ice-lolli, halo-halo)",pieces or units,4
convertible from its own cell,ILOILO,BADIANGAN,"liquor (e.g, whisky, coconut wine)",long-neck,4
convertible from its own cell,ILOILO,BADIANGAN,"ice cream, sorbet, edible ice (eg., ice-lolli, halo-halo)",putos,4
convertible from its own cell,AKLAN,NABAS,"preserved or processed meat (tocino, tapa, longaniza, etc)",putos,4
province fallback available,ILOILO,BANATE,chicken,whole (chicken),4
convertible from its own cell,AKLAN,MAKATO,"liquor (e.g, whisky, coconut wine)",long-neck,4
convertible from its own cell,AKLAN,MAKATO,"ice cream, sorbet, edible ice (eg., ice-lolli, halo-halo)",small cup,4
convertible from its own cell,ILOILO,LEMERY,camote,bilog,4
convertible from its own cell,ILOILO,BAROTAC NUEVO,loaf bread,tama-tama nga putos,4
convertible from its own cell,AKLAN,NABAS,carrot,pieces or units,4
convertible from its own cell,ILOILO,LEON,mango,pieces or units,4
convertible from its own cell,ILOILO,LEON,"ice cream, sorbet, edible ice (eg., ice-lolli, halo-halo)",small cup,4
convertible from its own cell,ILOILO,BANATE,loaf bread,large packs,4
convertible from its own cell,ILOILO,OTON,fresh fish,pieces or units,4
convertible from its own cell,ILOILO,NEW LUCENA,"preserved or processed meat (tocino, tapa, longaniza, etc)",bilog,4
convertible from its own cell,AKLAN,MADALAG,fresh fish,pieces or units,4
convertible from its own cell,ILOILO,BAROTAC VIEJO,fresh fish,pieces or units,4
convertible from its own cell,AKLAN,MALAY,"liquor (e.g, whisky, coconut wine)",long-neck,4
convertible from its own cell,AKLAN,MALINAO,chicken,pieces or units,4
convertible from its own cell,ILOILO,BALASAN,"preserved or processed meat (tocino, tapa, longaniza, etc)",bilog,4
convertible from its own cell,ILOILO,BAROTAC NUEVO,"crackers, cookies, buiscuits, chips/curls",pieces or units,4
convertible from its own cell,ILOILO,LEMERY,camote tops,bundle,4
convertible from its own cell,ILOILO,TIGBAUAN,"ice cream, sorbet, edible ice (eg., ice-lolli, halo-halo)",putos,4
convertible from its own cell,ILOILO,TIGBAUAN,"crackers, cookies, buiscuits, chips/curls",pack,4
convertible from its own cell,AKLAN,MAKATO,"crackers, cookies, buiscuits, chips/curls",pieces or units,4
province fallback available,ILOILO,ALIMODIAN,loaf bread,tama-tama nga putos,4
convertible from its own cell,AKLAN,MALAY,"prawns, lobster, shrimp",tumpok,4
convertible from its own cell,AKLAN,MALAY,mango,pieces or units,4
convertible from its own cell,AKLAN,MADALAG,"liquor (e.g, whisky, coconut wine)",long-neck,4
convertible from its own cell,CAPIZ,PRESIDENT ROXAS,loaf bread,small packs,4
convertible from its own cell,CAPIZ,PRESIDENT ROXAS,"ice cream, sorbet, edible ice (eg., ice-lolli, halo-halo)",putos,4
convertible from its own cell,ILOILO,BINGAWAN,cabbage,pieces or units,4
convertible from its own cell,ILOILO,BATAD,loaf bread,large packs,4
convertible from its own cell,ILOILO,BATAD,"ice cream, sorbet, edible ice (eg., ice-lolli, halo-halo)",small cup,4
province fallback available,ILOILO,BANATE,loaf bread,medium packs,4
convertible from its own cell,NEGROS OCCIDENTAL,HINOBA-AN (ASIA),chicken,bilog,4
convertible from its own cell,ANTIQUE,SIBALOM,"ice cream, sorbet, edible ice (eg., ice-lolli, halo-halo)",putos,4
convertible from its own cell,CAPIZ,DAO,"prawns, lobster, shrimp",tumpok,4
convertible from its own cell,ILOILO,TIGBAUAN,mango,pieces or units,4
convertible from its own cell,CAPIZ,DUMALAG,"preserved or processed meat (tocino, tapa, longaniza, etc)",bilog,4
convertible from its own cell,CAPIZ,DUMALAG,"prawns, lobster, shrimp",tumpok,4
convertible from its own cell,NEGROS OCCIDENTAL,ENRIQUE B. MAGALONA (SARAVIA),"preserved or processed meat (tocino, tapa, longaniza, etc)",bilog,4
convertible from its own cell,ILOILO,CALINOG,"liquor (e.g, whisky, coconut wine)",long-neck,4
convertible from its own cell,CAPIZ,DUMARAO,"ice cream, sorbet, edible ice (eg., ice-lolli, halo-halo)",putos,4
convertible from its own cell,AKLAN,MADALAG,cabbage,pieces or units,4
convertible from its own cell,ILOILO,BINGAWAN,"crackers, cookies, buiscuits, chips/curls",pieces or units,4
convertible from its own cell,CAPIZ,SAPI-AN,loaf bread,medium packs,4
convertible from its own cell,NEGROS OCCIDENTAL,VALLADOLID,"prawns, lobster, shrimp",tumpok,4
convertible from its own cell,ANTIQUE,HAMTIC,"liquor (e.g, whisky, coconut wine)",long-neck,4
convertible from its own cell,CAPIZ,PANITAN,fresh fish,pieces or units,4
convertible from its own cell,ANTIQUE,TIBIAO,loaf bread,small packs,4
convertible from its own cell,ANTIQUE,TIBIAO,loaf bread,medium packs,4
convertible from its own cell,ILOILO,ZARRAGA,"ice cream, sorbet, edible ice (eg., ice-lolli, halo-halo)",pieces or units,4
convertible from its own cell,AKLAN,MADALAG,chicken,whole (chicken),4
convertible from its own cell,AKLAN,MADALAG,chicken,pieces or units,4
convertible from its own cell,ILOILO,GUIMBAL,"ice cream, sorbet, edible ice (eg., ice-lolli, halo-halo)",small cup,4
convertible from its own cell,ILOILO,IGBARAS,"crackers, cookies, buiscuits, chips/curls",pieces or units,4
province fallback available,ILOILO,CONCEPCION,rice,letse,4
convertible from its own cell,ILOILO,TUBUNGAN,mango,pieces or units,4
convertible from its own cell,AKLAN,BURUANGA,carrot,pieces or units,4
convertible from its own cell,NEGROS OCCIDENTAL,SALVADOR BENEDICTO,"preserved or processed meat (tocino, tapa, longaniza, etc)",bilog,4
convertible from its own cell,NEGROS OCCIDENTAL,SALVADOR BENEDICTO,loaf bread,medium packs,4
convertible from its own cell,NEGROS OCCIDENTAL,VALLADOLID,loaf bread,large packs,4
convertible from its own cell,ILOILO,DUEAS,"ice cream, sorbet, edible ice (eg., ice-lolli, halo-halo)",putos,4
convertible from its own cell,ILOILO,DINGLE,"liquor (e.g, whisky, coconut wine)",long-neck,4
any-province fallback only,CAPIZ,MAMBUSAO,loaf bread,tama-tama nga putos,4
convertible from its own cell,ILOILO,ZARRAGA,loaf bread,large packs,4
convertible from its own cell,ILOILO,CONCEPCION,chicken,bilog,4
convertible from its own cell,ILOILO,DUMANGAS,"ice cream, sorbet, edible ice (eg., ice-lolli, halo-halo)",small cup,4
convertible from its own cell,ILOILO,CONCEPCION,"preserved or processed meat (tocino, tapa, longaniza, etc)",bilog,4
convertible from its own cell,CAPIZ,DAO,fresh fish,pieces or units,4
convertible from its own cell,NEGROS OCCIDENTAL,CANDONI,"ice cream, sorbet, edible ice (eg., ice-lolli, halo-halo)",putos,4
any-province fallback only,CAPIZ,DUMALAG,loaf bread,tama-tama nga putos,4
province fallback available,NEGROS OCCIDENTAL,CALATRAVA,loaf bread,small packs,3
any-province fallback only,AKLAN,ALTAVAS,chicken,bilog,3
any-province fallback only,ANTIQUE,HAMTIC,rice,letse,3
province fallback available,ILOILO,SAN RAFAEL,rice,salmon,3
province fallback available,ILOILO,SAN RAFAEL,loaf bread,tama-tama nga putos,3
convertible from its own cell,ILOILO,DUEAS,"ice cream, sorbet, edible ice (eg., ice-lolli, halo-halo)",small cup,3
convertible from its own cell,ILOILO,DUEAS,camote,bilog,3
any-province fallback only,CAPIZ,PANITAN,loaf bread,tama-tama nga putos,3
convertible from its own cell,ANTIQUE,VALDERRAMA,"crackers, cookies, buiscuits, chips/curls",pieces or units,3
convertible from its own cell,NEGROS OCCIDENTAL,CALATRAVA,"preserved or processed meat (tocino, tapa, longaniza, etc)",bilog,3
convertible from its own cell,NEGROS OCCIDENTAL,BINALBAGAN,"preserved or processed meat (tocino, tapa, longaniza, etc)",putos,3
convertible from its own cell,CAPIZ,CUARTERO,"prawns, lobster, shrimp",tumpok,3
convertible from its own cell,CAPIZ,CUARTERO,"ice cream, sorbet, edible ice (eg., ice-lolli, halo-halo)",putos,3
province fallback available,ILOILO,SARA,camote tops,bundle,3
convertible from its own cell,ANTIQUE,HAMTIC,camote,bilog,3
convertible from its own cell,ANTIQUE,CULASI,"preserved or processed meat (tocino, tapa, longaniza, etc)",bilog,3
convertible from its own cell,CAPIZ,PRESIDENT ROXAS,"ice cream, sorbet, edible ice (eg., ice-lolli, halo-halo)",pieces or units,3
convertible from its own cell,CAPIZ,PONTEVEDRA,"preserved or processed meat (tocino, tapa, longaniza, etc)",bilog,3
convertible from its own cell,ILOILO,SAN ENRIQUE,"ice cream, sorbet, edible ice (eg., ice-lolli, halo-halo)",putos,3
convertible from its own cell,ANTIQUE,CULASI,chicken,whole (chicken),3
convertible from its own cell,ANTIQUE,BUGASONG,"preserved or processed meat (tocino, tapa, longaniza, etc)",cans,3
convertible from its own cell,ILOILO,SAN DIONISIO,chicken,bilog,3
convertible from its own cell,ANTIQUE,BUGASONG,loaf bread,medium packs,3
convertible from its own cell,ANTIQUE,BUGASONG,"liquor (e.g, whisky, coconut wine)",long-neck,3
convertible from its own cell,NEGROS OCCIDENTAL,TOBOSO,"preserved or processed meat (tocino, tapa, longaniza, etc)",pack,3
province fallback available,AKLAN,ALTAVAS,"preserved or processed meat (tocino, tapa, longaniza, etc)",bilog,3
province fallback available,AKLAN,ALTAVAS,mango,pieces or units,3
convertible from its own cell,ANTIQUE,BELISON,"preserved or processed meat (tocino, tapa, longaniza, etc)",cans,3
convertible from its own cell,CAPIZ,SAPI-AN,"preserved or processed meat (tocino, tapa, longaniza, etc)",bilog,3
convertible from its own cell,CAPIZ,SAPI-AN,loaf bread,large packs,3
convertible from its own cell,CAPIZ,SAPI-AN,fresh fish,pieces or units,3
convertible from its own cell,NEGROS OCCIDENTAL,SALVADOR BENEDICTO,loaf bread,large packs,3
convertible from its own cell,ILOILO,SAN JOAQUIN,chicken,pieces or units,3
convertible from its own cell,NEGROS OCCIDENTAL,PONTEVEDRA,loaf bread,small packs,3
convertible from its own cell,NEGROS OCCIDENTAL,PONTEVEDRA,"ice cream, sorbet, edible ice (eg., ice-lolli, halo-halo)",small cup,3
convertible from its own cell,ANTIQUE,BELISON,cabbage,pieces or units,3
province fallback available,AKLAN,NABAS,"ice cream, sorbet, edible ice (eg., ice-lolli, halo-halo)",small cup,3
province fallback available,AKLAN,LIBACAO,"prawns, lobster, shrimp",tumpok,3
convertible from its own cell,ILOILO,OTON,loaf bread,medium packs,3
convertible from its own cell,ILOILO,OTON,"ice cream, sorbet, edible ice (eg., ice-lolli, halo-halo)",putos,3
convertible from its own cell,CAPIZ,TAPAZ,mango,pieces or units,3
province fallback available,AKLAN,BATAN,"preserved or processed meat (tocino, tapa, longaniza, etc)",bilog,3
province fallback available,ANTIQUE,LIBERTAD,rice,gantang,3
province fallback available,ANTIQUE,LIBERTAD,chicken,bilog,3
convertible from its own cell,ILOILO,NEW LUCENA,mango,pieces or units,3
convertible from its own cell,NEGROS OCCIDENTAL,PONTEVEDRA,fresh fish,pieces or units,3
convertible from its own cell,ANTIQUE,LIBERTAD,fresh fish,pieces or units,3
convertible from its own cell,ILOILO,SAN MIGUEL,loaf bread,large packs,3
convertible from its own cell,ILOILO,SAN MIGUEL,"ice cream, sorbet, edible ice (eg., ice-lolli, halo-halo)",pieces or units,3
convertible from its own cell,NEGROS OCCIDENTAL,MURCIA,loaf bread,medium packs,3
convertible from its own cell,ANTIQUE,PANDAN,"ice cream, sorbet, edible ice (eg., ice-lolli, halo-halo)",small cup,3
convertible from its own cell,ANTIQUE,BARBAZA,loaf bread,tama-tama nga putos,3
convertible from its own cell,ILOILO,AJUY,"ice cream, sorbet, edible ice (eg., ice-lolli, halo-halo)",putos,3
convertible from its own cell,ANTIQUE,BARBAZA,chicken,whole (chicken),3
convertible from its own cell,ANTIQUE,BARBAZA,cabbage,pieces or units,3
convertible from its own cell,AKLAN,TANGALAN,"preserved or processed meat (tocino, tapa, longaniza, etc)",putos,3
convertible from its own cell,NEGROS OCCIDENTAL,MOISES PADILLA (MAGALLON),cabbage,pieces or units,3
convertible from its own cell,NEGROS OCCIDENTAL,MANAPLA,"prawns, lobster, shrimp",tumpok,3
convertible from its own cell,NEGROS OCCIDENTAL,MANAPLA,loaf bread,small packs,3
convertible from its own cell,CAPIZ,MA-AYON,"preserved or processed meat (tocino, tapa, longaniza, etc)",bilog,3
convertible from its own cell,CAPIZ,MA-AYON,"liquor (e.g, whisky, coconut wine)",long-neck,3
convertible from its own cell,CAPIZ,MAMBUSAO,"preserved or processed meat (tocino, tapa, longaniza, etc)",bilog,3
convertible from its own cell,CAPIZ,MAMBUSAO,fresh fish,pieces or units,3
province fallback available,ANTIQUE,SIBALOM,loaf bread,tama-tama nga putos,3
province fallback available,ANTIQUE,SEBASTE,"preserved or processed meat (tocino, tapa, longaniza, etc)",pieces or units,3
convertible from its own cell,ILOILO,ALIMODIAN,"preserved or processed meat (tocino, tapa, longaniza, etc)",bilog,3
convertible from its own cell,ILOILO,ALIMODIAN,"ice cream, sorbet, edible ice (eg., ice-lolli, halo-halo)",small cup,3
province fallback available,ANTIQUE,SAN REMIGIO,"preserved or processed meat (tocino, tapa, longaniza, etc)",pieces or units,3
province fallback available,ANTIQUE,PATNONGON,"preserved or processed meat (tocino, tapa, longaniza, etc)",pieces or units,3
province fallback available,ANTIQUE,TOBIAS FORNIER,loaf bread,tama-tama nga putos,3
convertible from its own cell,AKLAN,TANGALAN,loaf bread,medium packs,3
convertible from its own cell,ILOILO,ANILAO,"ice cream, sorbet, edible ice (eg., ice-lolli, halo-halo)",pieces or units,3
convertible from its own cell,ILOILO,MIAGAO,"preserved or processed meat (tocino, tapa, longaniza, etc)",bilog,3
convertible from its own cell,ILOILO,MIAGAO,"ice cream, sorbet, edible ice (eg., ice-lolli, halo-halo)",putos,3
convertible from its own cell,ILOILO,MIAGAO,"crackers, cookies, buiscuits, chips/curls",pieces or units,3
convertible from its own cell,AKLAN,TANGALAN,"crackers, cookies, buiscuits, chips/curls",putos,3
convertible from its own cell,AKLAN,TANGALAN,"crackers, cookies, buiscuits, chips/curls",pieces or units,3
convertible from its own cell,NEGROS OCCIDENTAL,MANAPLA,"ice cream, sorbet, edible ice (eg., ice-lolli, halo-halo)",putos,3
convertible from its own cell,NEGROS OCCIDENTAL,LA CASTELLANA,loaf bread,small packs,3
convertible from its own cell,ANTIQUE,PATNONGON,camote,tumpok,3
convertible from its own cell,ANTIQUE,PATNONGON,camote,bilog,3
convertible from its own cell,NEGROS OCCIDENTAL,LA CASTELLANA,loaf bread,large packs,3
convertible from its own cell,CAPIZ,JAMINDAN,mango,pieces or units,3
convertible from its own cell,AKLAN,NABAS,cabbage,pieces or units,3
province fallback available,CAPIZ,PANITAN,"ice cream, sorbet, edible ice (eg., ice-lolli, halo-halo)",putos,3
convertible from its own cell,AKLAN,NEW WASHINGTON,loaf bread,medium packs,3
convertible from its own cell,ILOILO,MAASIN,"liquor (e.g, whisky, coconut wine)",long-neck,3
convertible from its own cell,AKLAN,NEW WASHINGTON,chicken,whole (chicken),3
convertible from its own cell,ILOILO,SAN RAFAEL,"preserved or processed meat (tocino, tapa, longaniza, etc)",bilog,3
convertible from its own cell,ILOILO,SAN RAFAEL,loaf bread,small packs,3
convertible from its own cell,NEGROS OCCIDENTAL,LA CASTELLANA,"ice cream, sorbet, edible ice (eg., ice-lolli, halo-halo)",pieces or units,3
convertible from its own cell,ANTIQUE,PATNONGON,"liquor (e.g, whisky, coconut wine)",long-neck,3
convertible from its own cell,ANTIQUE,PATNONGON,"ice cream, sorbet, edible ice (eg., ice-lolli, halo-halo)",putos,3
convertible from its own cell,CAPIZ,JAMINDAN,fresh fish,pieces or units,3
convertible from its own cell,CAPIZ,MA-AYON,cabbage,pack,3
convertible from its own cell,ANTIQUE,SAN REMIGIO,loaf bread,small packs,3
convertible from its own cell,ANTIQUE,SAN REMIGIO,"crackers, cookies, buiscuits, chips/curls",pieces or units,3
province fallback available,CAPIZ,PILAR,loaf bread,medium packs,3
convertible from its own cell,AKLAN,NABAS,"liquor (e.g, whisky, coconut wine)",long-neck,3
convertible from its own cell,ILOILO,LEON,"preserved or processed meat (tocino, tapa, longaniza, etc)",bilog,3
convertible from its own cell,ILOILO,LEON,"ice cream, sorbet, edible ice (eg., ice-lolli, halo-halo)",cone,3
convertible from its own cell,ILOILO,BANATE,"ice cream, sorbet, edible ice (eg., ice-lolli, halo-halo)",putos,3
convertible from its own cell,ILOILO,BANATE,fresh fish,pack,3
convertible from its own cell,ILOILO,BANATE,"crackers, cookies, buiscuits, chips/curls",pieces or units,3
convertible from its own cell,NEGROS OCCIDENTAL,ILOG,chicken,bilog,3
convertible from its own cell,NEGROS OCCIDENTAL,ILOG,carrot,pieces or units,3
convertible from its own cell,NEGROS OCCIDENTAL,HINOBA-AN (ASIA),loaf bread,large packs,3
convertible from its own cell,ANTIQUE,SEBASTE,"preserved or processed meat (tocino, tapa, longaniza, etc)",bilog,3
convertible from its own cell,ILOILO,SARA,"preserved or processed meat (tocino, tapa, longaniza, etc)",bilog,3
convertible from its own cell,ILOILO,SARA,mango,pieces or units,3
convertible from its own cell,CAPIZ,IVISAN,"liquor (e.g, whisky, coconut wine)",long-neck,3
convertible from its own cell,NEGROS OCCIDENTAL,HINOBA-AN (ASIA),"ice cream, sorbet, edible ice (eg., ice-lolli, halo-halo)",putos,3
convertible from its own cell,AKLAN,MALAY,"crackers, cookies, buiscuits, chips/curls",pieces or units,3
convertible from its own cell,AKLAN,MALINAO,"ice cream, sorbet, edible ice (eg., ice-lolli, halo-halo)",putos,3
province fallback available,CAPIZ,SIGMA,camote,bilog,3
convertible from its own cell,ILOILO,BALASAN,mango,pieces or units,3
convertible from its own cell,ILOILO,LEMERY,"preserved or processed meat (tocino, tapa, longaniza, etc)",bilog,3
province fallback available,CAPIZ,PONTEVEDRA,chicken,whole (chicken),3
province fallback available,CAPIZ,PILAR,rice,letse,3
province fallback available,ILOILO,BALASAN,rice,letse,3
province fallback available,ILOILO,BADIANGAN,fresh fish,pieces or units,3
province fallback available,ILOILO,BANATE,rice,salmon,3
convertible from its own cell,ILOILO,BATAD,"prawns, lobster, shrimp",tumpok,3
convertible from its own cell,NEGROS OCCIDENTAL,HINIGARAN,"liquor (e.g, whisky, coconut wine)",long-neck,3
convertible from its own cell,CAPIZ,DUMALAG,mango,pieces or units,3
convertible from its own cell,CAPIZ,DUMALAG,"liquor (e.g, whisky, coconut wine)",long-neck,3
convertible from its own cell,ILOILO,TIGBAUAN,"liquor (e.g, whisky, coconut wine)",long-neck,3
convertible from its own cell,AKLAN,LIBACAO,"liquor (e.g, whisky, coconut wine)",long-neck,3
convertible from its own cell,ILOILO,BATAD,chicken,whole (chicken),3
convertible from its own cell,ILOILO,BINGAWAN,"ice cream, sorbet, edible ice (eg., ice-lolli, halo-halo)",putos,3
convertible from its own cell,ILOILO,BINGAWAN,"ice cream, sorbet, edible ice (eg., ice-lolli, halo-halo)",pieces or units,3
convertible from its own cell,ILOILO,BINGAWAN,carrot,pieces or units,3
province fallback available,ILOILO,BAROTAC NUEVO,rice,salmon,3
convertible from its own cell,AKLAN,MAKATO,cabbage,pieces or units,3
convertible from its own cell,AKLAN,MADALAG,mango,pieces or units,3
convertible from its own cell,AKLAN,LIBACAO,chicken,pieces or units,3
convertible from its own cell,AKLAN,IBAJAY,mango,pieces or units,3
convertible from its own cell,ILOILO,BATAD,rice,letse,3
convertible from its own cell,ILOILO,JANIUAY,camote,bilog,3
convertible from its own cell,NEGROS OCCIDENTAL,HINIGARAN,camote,bilog,3
convertible from its own cell,ANTIQUE,SIBALOM,"preserved or processed meat (tocino, tapa, longaniza, etc)",bilog,3
convertible from its own cell,CAPIZ,DAO,mango,pieces or units,3
convertible from its own cell,ILOILO,TUBUNGAN,"liquor (e.g, whisky, coconut wine)",long-neck,3
convertible from its own cell,ILOILO,TUBUNGAN,fresh fish,pieces or units,3
convertible from its own cell,ILOILO,TIGBAUAN,"preserved or processed meat (tocino, tapa, longaniza, etc)",bilog,3
convertible from its own cell,ILOILO,CALINOG,mango,pieces or units,3
province fallback available,ILOILO,DUEAS,fresh fish,pack,3
convertible from its own cell,AKLAN,IBAJAY,"ice cream, sorbet, edible ice (eg., ice-lolli, halo-halo)",putos,3
convertible from its own cell,ILOILO,IGBARAS,"ice cream, sorbet, edible ice (eg., ice-lolli, halo-halo)",putos,3
convertible from its own cell,ILOILO,CALINOG,camote tops,bundle,3
province fallback available,ILOILO,DINGLE,fresh fish,pack,3
province fallback available,ILOILO,DINGLE,carrot,pack,3
convertible from its own cell,ANTIQUE,TIBIAO,loaf bread,large packs,3
convertible from its own cell,ILOILO,ZARRAGA,fresh fish,pieces or units,3
convertible from its own cell,ILOILO,TUBUNGAN,"preserved or processed meat (tocino, tapa, longaniza, etc)",bilog,3
convertible from its own cell,CAPIZ,DUMALAG,fresh fish,pieces or units,3
convertible from its own cell,AKLAN,BURUANGA,"ice cream, sorbet, edible ice (eg., ice-lolli, halo-halo)",small cup,3
province fallback available,ILOILO,GUIMBAL,chicken,pieces or units,3
province fallback available,ILOILO,DUMANGAS,rice,letse,3
convertible from its own cell,ILOILO,CABATUAN,"ice cream, sorbet, edible ice (eg., ice-lolli, halo-halo)",putos,3
convertible from its own cell,ILOILO,GUIMBAL,loaf bread,small packs,3
convertible from its own cell,ILOILO,GUIMBAL,loaf bread,large packs,3
convertible from its own cell,ILOILO,GUIMBAL,chicken,whole (chicken),3
convertible from its own cell,ILOILO,CALINOG,"preserved or processed meat (tocino, tapa, longaniza, etc)",pack,3
convertible from its own cell,ILOILO,CALINOG,"preserved or processed meat (tocino, tapa, longaniza, etc)",bilog,3
convertible from its own cell,ILOILO,ESTANCIA,"preserved or processed meat (tocino, tapa, longaniza, etc)",bilog,3
convertible from its own cell,ILOILO,ESTANCIA,loaf bread,large packs,3
convertible from its own cell,ILOILO,CARLES,loaf bread,medium packs,3
convertible from its own cell,AKLAN,BATAN,mango,pieces or units,3
convertible from its own cell,AKLAN,BURUANGA,"liquor (e.g, whisky, coconut wine)",long-neck,3
province fallback available,ILOILO,MIAGAO,loaf bread,tama-tama nga putos,3
province fallback available,ILOILO,MAASIN,"preserved or processed meat (tocino, tapa, longaniza, etc)",cans,3
convertible from its own cell,ILOILO,DINGLE,cabbage,pack,3
convertible from its own cell,ILOILO,CONCEPCION,"prawns, lobster, shrimp",tumpok,3
province fallback available,ILOILO,LEMERY,rice,salmon,3
convertible from its own cell,CAPIZ,DAO,"liquor (e.g, whisky, coconut wine)",long-neck,3
convertible from its own cell,ANTIQUE,VALDERRAMA,"preserved or processed meat (tocino, tapa, longaniza, etc)",cans,3
convertible from its own cell,ANTIQUE,VALDERRAMA,loaf bread,tama-tama nga putos,3
convertible from its own cell,ANTIQUE,VALDERRAMA,loaf bread,medium packs,3
any-province fallback only,AKLAN,MALAY,chicken,bilog,3
convertible from its own cell,NEGROS OCCIDENTAL,MURCIA,"ice cream, sorbet, edible ice (eg., ice-lolli, halo-halo)",putos,2
convertible from its own cell,NEGROS OCCIDENTAL,HINIGARAN,fresh fish,pieces or units,2
convertible from its own cell,CAPIZ,DUMARAO,"prawns, lobster, shrimp",tumpok,2
convertible from its own cell,NEGROS OCCIDENTAL,ISABELA,"preserved or processed meat (tocino, tapa, longaniza, etc)",bilog,2
any-province fallback only,AKLAN,IBAJAY,"preserved or processed meat (tocino, tapa, longaniza, etc)",pack,2
convertible from its own cell,NEGROS OCCIDENTAL,SALVADOR BENEDICTO,"liquor (e.g, whisky, coconut wine)",long-neck,2
any-province fallback only,CAPIZ,DUMARAO,rice,salmon,2
any-province fallback only,CAPIZ,JAMINDAN,rice,salmon,2
any-province fallback only,CAPIZ,MA-AYON,carrot,pack,2
convertible from its own cell,NEGROS OCCIDENTAL,LA CASTELLANA,carrot,pieces or units,2
province fallback available,ILOILO,SAN JOAQUIN,camote tops,bundle,2
convertible from its own cell,NEGROS OCCIDENTAL,LA CASTELLANA,"ice cream, sorbet, edible ice (eg., ice-lolli, halo-halo)",putos,2
province fallback available,ILOILO,SAN JOAQUIN,loaf bread,tama-tama nga putos,2
province fallback available,ILOILO,SAN MIGUEL,chicken,bilog,2
province fallback available,ILOILO,SAN RAFAEL,carrot,pack,2
convertible from its own cell,NEGROS OCCIDENTAL,HINIGARAN,"ice cream, sorbet, edible ice (eg., ice-lolli, halo-halo)",putos,2
convertible from its own cell,NEGROS OCCIDENTAL,MURCIA,loaf bread,large packs,2
convertible from its own cell,ANTIQUE,SIBALOM,camote,tumpok,2
convertible from its own cell,ANTIQUE,LAUA-AN,"ice cream, sorbet, edible ice (eg., ice-lolli, halo-halo)",putos,2
convertible from its own cell,ILOILO,SAN ENRIQUE,camote,bilog,2
any-province fallback only,ANTIQUE,TIBIAO,rice,letse,2
province fallback available,ILOILO,SANTA BARBARA,rice,salmon,2
province fallback available,ILOILO,SARA,rice,salmon,2
convertible from its own cell,NEGROS OCCIDENTAL,PULUPANDAN,camote,bilog,2
convertible from its own cell,ILOILO,POTOTAN,"liquor (e.g, whisky, coconut wine)",long-neck,2
convertible from its own cell,NEGROS OCCIDENTAL,VALLADOLID,"liquor (e.g, whisky, coconut wine)",long-neck,2
convertible from its own cell,CAPIZ,CUARTERO,fresh fish,pieces or units,2
convertible from its own cell,NEGROS OCCIDENTAL,HINOBA-AN (ASIA),chicken,whole (chicken),2
convertible from its own cell,NEGROS OCCIDENTAL,HINOBA-AN (ASIA),"ice cream, sorbet, edible ice (eg., ice-lolli, halo-halo)",pieces or units,2
convertible from its own cell,CAPIZ,IVISAN,"ice cream, sorbet, edible ice (eg., ice-lolli, halo-halo)",putos,2
convertible from its own cell,CAPIZ,IVISAN,mango,pieces or units,2
convertible from its own cell,NEGROS OCCIDENTAL,BINALBAGAN,loaf bread,medium packs,2
convertible from its own cell,NEGROS OCCIDENTAL,CALATRAVA,chicken,whole (chicken),2
convertible from its own cell,CAPIZ,IVISAN,"preserved or processed meat (tocino, tapa, longaniza, etc)",pack,2
convertible from its own cell,ILOILO,SANTA BARBARA,"ice cream, sorbet, edible ice (eg., ice-lolli, halo-halo)",pieces or units,2
dropped label (not an NSU),ILOILO,TUBUNGAN,"mineral or spring water, all drinking water sold in containers",,2
convertible from its own cell,ANTIQUE,VALDERRAMA,"liquor (e.g, whisky, coconut wine)",long-neck,2
convertible from its own cell,ANTIQUE,VALDERRAMA,loaf bread,small packs,2
convertible from its own cell,ILOILO,SANTA BARBARA,loaf bread,small packs,2
convertible from its own cell,ILOILO,TIGBAUAN,camote,bilog,2
convertible from its own cell,CAPIZ,JAMINDAN,loaf bread,medium packs,2
convertible from its own cell,NEGROS OCCIDENTAL,CANDONI,"liquor (e.g, whisky, coconut wine)",long-neck,2
convertible from its own cell,NEGROS OCCIDENTAL,CANDONI,loaf bread,small packs,2
convertible from its own cell,ILOILO,TIGBAUAN,chicken,pieces or units,2
convertible from its own cell,CAPIZ,PRESIDENT ROXAS,"prawns, lobster, shrimp",tumpok,2
convertible from its own cell,NEGROS OCCIDENTAL,HINOBA-AN (ASIA),"liquor (e.g, whisky, coconut wine)",long-neck,2
convertible from its own cell,ILOILO,ZARRAGA,"preserved or processed meat (tocino, tapa, longaniza, etc)",bilog,2
convertible from its own cell,CAPIZ,PILAR,fresh fish,pieces or units,2
convertible from its own cell,ANTIQUE,SEBASTE,"ice cream, sorbet, edible ice (eg., ice-lolli, halo-halo)",putos,2
convertible from its own cell,NEGROS OCCIDENTAL,HINOBA-AN (ASIA),loaf bread,small packs,2
convertible from its own cell,NEGROS OCCIDENTAL,BINALBAGAN,chicken,bilog,2
convertible from its own cell,ILOILO,SAN JOAQUIN,camote,bilog,2
convertible from its own cell,NEGROS OCCIDENTAL,BINALBAGAN,"ice cream, sorbet, edible ice (eg., ice-lolli, halo-halo)",pieces or units,2
convertible from its own cell,CAPIZ,PANAY,"ice cream, sorbet, edible ice (eg., ice-lolli, halo-halo)",putos,2
convertible from its own cell,CAPIZ,PANAY,mango,pieces or units,2
convertible from its own cell,NEGROS OCCIDENTAL,MANAPLA,fresh fish,pieces or units,2
convertible from its own cell,NEGROS OCCIDENTAL,MANAPLA,loaf bread,large packs,2
convertible from its own cell,ANTIQUE,TOBIAS FORNIER,"preserved or processed meat (tocino, tapa, longaniza, etc)",pack,2
convertible from its own cell,ANTIQUE,SAN REMIGIO,"ice cream, sorbet, edible ice (eg., ice-lolli, halo-halo)",putos,2
convertible from its own cell,ANTIQUE,SAN REMIGIO,mango,pieces or units,2
convertible from its own cell,ANTIQUE,CULASI,"liquor (e.g, whisky, coconut wine)",long-neck,2
convertible from its own cell,CAPIZ,PONTEVEDRA,"ice cream, sorbet, edible ice (eg., ice-lolli, halo-halo)",putos,2
convertible from its own cell,CAPIZ,PONTEVEDRA,loaf bread,small packs,2
convertible from its own cell,ANTIQUE,LAUA-AN,mango,pieces or units,2
convertible from its own cell,ANTIQUE,BUGASONG,"preserved or processed meat (tocino, tapa, longaniza, etc)",bilog,2
convertible from its own cell,ILOILO,SAN RAFAEL,cabbage,pack,2
convertible from its own cell,CAPIZ,DUMALAG,"ice cream, sorbet, edible ice (eg., ice-lolli, halo-halo)",putos,2
convertible from its own cell,NEGROS OCCIDENTAL,MANAPLA,"preserved or processed meat (tocino, tapa, longaniza, etc)",bilog,2
convertible from its own cell,NEGROS OCCIDENTAL,ISABELA,"ice cream, sorbet, edible ice (eg., ice-lolli, halo-halo)",putos,2
convertible from its own cell,CAPIZ,DAO,cabbage,putos (mix vegetable),2
convertible from its own cell,ANTIQUE,TIBIAO,"liquor (e.g, whisky, coconut wine)",long-neck,2
convertible from its own cell,CAPIZ,JAMINDAN,"preserved or processed meat (tocino, tapa, longaniza, etc)",bilog,2
convertible from its own cell,CAPIZ,PANITAN,camote,bilog,2
convertible from its own cell,CAPIZ,PONTEVEDRA,chicken,bilog,2
convertible from its own cell,ANTIQUE,LIBERTAD,"ice cream, sorbet, edible ice (eg., ice-lolli, halo-halo)",small cup,2
no weight anywhere,ILOILO,MAASIN,loaf bread,pieces,2
convertible from its own cell,NEGROS OCCIDENTAL,ENRIQUE B. MAGALONA (SARAVIA),"ice cream, sorbet, edible ice (eg., ice-lolli, halo-halo)",putos,2
convertible from its own cell,ILOILO,SAN DIONISIO,mango,pieces or units,2
convertible from its own cell,NEGROS OCCIDENTAL,MOISES PADILLA (MAGALLON),loaf bread,medium packs,2
convertible from its own cell,CAPIZ,DUMARAO,cabbage,pack,2
convertible from its own cell,NEGROS OCCIDENTAL,MOISES PADILLA (MAGALLON),loaf bread,small packs,2
convertible from its own cell,NEGROS OCCIDENTAL,PONTEVEDRA,"preserved or processed meat (tocino, tapa, longaniza, etc)",bilog,2
convertible from its own cell,ANTIQUE,LIBERTAD,"preserved or processed meat (tocino, tapa, longaniza, etc)",pieces or units,2
convertible from its own cell,NEGROS OCCIDENTAL,PULUPANDAN,loaf bread,small packs,2
convertible from its own cell,ANTIQUE,PATNONGON,fresh fish,tumpok,2
convertible from its own cell,ANTIQUE,SIBALOM,mango,pieces or units,2
convertible from its own cell,ANTIQUE,SIBALOM,"prawns, lobster, shrimp",tumpok,2
convertible from its own cell,NEGROS OCCIDENTAL,VALLADOLID,chicken,bilog,2
no weight anywhere,CAPIZ,MAMBUSAO,loaf bread,pieces,2
convertible from its own cell,ANTIQUE,SAN REMIGIO,chicken,bilog,2
convertible from its own cell,NEGROS OCCIDENTAL,MURCIA,carrot,pieces or units,2
convertible from its own cell,ANTIQUE,TIBIAO,chicken,whole (chicken),2
convertible from its own cell,ANTIQUE,TIBIAO,"ice cream, sorbet, edible ice (eg., ice-lolli, halo-halo)",pieces or units,2
convertible from its own cell,ANTIQUE,TIBIAO,"ice cream, sorbet, edible ice (eg., ice-lolli, halo-halo)",small cup,2
convertible from its own cell,CAPIZ,SAPI-AN,"liquor (e.g, whisky, coconut wine)",long-neck,2
convertible from its own cell,CAPIZ,SAPI-AN,rice,gantang,2
convertible from its own cell,ANTIQUE,BELISON,mango,pieces or units,2
convertible from its own cell,ANTIQUE,BUGASONG,fresh fish,pieces or units,2
convertible from its own cell,CAPIZ,TAPAZ,camote,bilog,2
convertible from its own cell,CAPIZ,TAPAZ,fresh fish,pieces or units,2
convertible from its own cell,CAPIZ,TAPAZ,"ice cream, sorbet, edible ice (eg., ice-lolli, halo-halo)",cone,2
province fallback available,AKLAN,MALINAO,"prawns, lobster, shrimp",tumpok,2
province fallback available,ANTIQUE,BARBAZA,chicken,bilog,2
province fallback available,ANTIQUE,BUGASONG,chicken,bilog,2
convertible from its own cell,ANTIQUE,BELISON,"ice cream, sorbet, edible ice (eg., ice-lolli, halo-halo)",small cup,2
province fallback available,ANTIQUE,CULASI,rice,gantang,2
convertible from its own cell,ILOILO,AJUY,camote,bilog,2
convertible from its own cell,ILOILO,AJUY,carrot,pack,2
province fallback available,ANTIQUE,LAUA-AN,"preserved or processed meat (tocino, tapa, longaniza, etc)",bilog,2
province fallback available,ANTIQUE,LIBERTAD,cabbage,pack,2
convertible from its own cell,ANTIQUE,BARBAZA,fresh fish,pieces or units,2
convertible from its own cell,ANTIQUE,BARBAZA,"ice cream, sorbet, edible ice (eg., ice-lolli, halo-halo)",pieces or units,2
convertible from its own cell,ILOILO,MINA,"preserved or processed meat (tocino, tapa, longaniza, etc)",bilog,2
convertible from its own cell,ILOILO,ALIMODIAN,cabbage,putos (mix vegetable),2
convertible from its own cell,ILOILO,ALIMODIAN,camote,bilog,2
convertible from its own cell,ILOILO,NEW LUCENA,camote,bilog,2
convertible from its own cell,ANTIQUE,BARBAZA,loaf bread,large packs,2
province fallback available,ANTIQUE,SEBASTE,chicken,bilog,2
convertible from its own cell,ILOILO,ALIMODIAN,fresh fish,pieces or units,2
convertible from its own cell,ILOILO,ALIMODIAN,"ice cream, sorbet, edible ice (eg., ice-lolli, halo-halo)",putos,2
convertible from its own cell,ILOILO,ALIMODIAN,loaf bread,small packs,2
province fallback available,ANTIQUE,SIBALOM,"preserved or processed meat (tocino, tapa, longaniza, etc)",pieces or units,2
province fallback available,ANTIQUE,TIBIAO,chicken,bilog,2
convertible from its own cell,ILOILO,ANILAO,chicken,bilog,2
convertible from its own cell,ILOILO,ANILAO,fresh fish,pieces or units,2
convertible from its own cell,AKLAN,TANGALAN,loaf bread,large packs,2
province fallback available,ANTIQUE,VALDERRAMA,chicken,bilog,2
province fallback available,ANTIQUE,VALDERRAMA,"preserved or processed meat (tocino, tapa, longaniza, etc)",pieces or units,2
province fallback available,CAPIZ,DUMALAG,fresh fish,pack,2
province fallback available,CAPIZ,MA-AYON,camote tops,bundle,2
province fallback available,CAPIZ,MAMBUSAO,"ice cream, sorbet, edible ice (eg., ice-lolli, halo-halo)",putos,2
province fallback available,CAPIZ,MAMBUSAO,mango,pieces or units,2
province fallback available,CAPIZ,MAMBUSAO,rice,letse,2
province fallback available,CAPIZ,PILAR,fresh fish,pack,2
province fallback available,CAPIZ,PILAR,"ice cream, sorbet, edible ice (eg., ice-lolli, halo-halo)",cone,2
province fallback available,CAPIZ,PILAR,"liquor (e.g, whisky, coconut wine)",long-neck,2
convertible from its own cell,AKLAN,NABAS,chicken,pieces or units,2
convertible from its own cell,AKLAN,NABAS,"ice cream, sorbet, edible ice (eg., ice-lolli, halo-halo)",putos,2
convertible from its own cell,AKLAN,NABAS,"liquor (e.g, whisky, coconut wine)",lipid/lapad,2
province fallback available,CAPIZ,SAPI-AN,"ice cream, sorbet, edible ice (eg., ice-lolli, halo-halo)",pieces or units,2
convertible from its own cell,ILOILO,BAROTAC NUEVO,cabbage,pack,2
convertible from its own cell,ILOILO,BAROTAC NUEVO,camote,bilog,2
convertible from its own cell,ILOILO,BAROTAC NUEVO,chicken,whole (chicken),2
convertible from its own cell,ILOILO,BAROTAC NUEVO,"ice cream, sorbet, edible ice (eg., ice-lolli, halo-halo)",putos,2
convertible from its own cell,ILOILO,LEON,fresh fish,pieces or units,2
province fallback available,CAPIZ,SIGMA,"ice cream, sorbet, edible ice (eg., ice-lolli, halo-halo)",cone,2
convertible from its own cell,AKLAN,MALINAO,camote tops,2bond,2
province fallback available,CAPIZ,TAPAZ,"ice cream, sorbet, edible ice (eg., ice-lolli, halo-halo)",putos,2
province fallback available,CAPIZ,TAPAZ,"prawns, lobster, shrimp",tumpok,2
province fallback available,ILOILO,ALIMODIAN,carrot,putos (mix vegetable),2
province fallback available,ILOILO,BADIANGAN,mango,pieces or units,2
convertible from its own cell,ILOILO,BAROTAC VIEJO,"preserved or processed meat (tocino, tapa, longaniza, etc)",bilog,2
convertible from its own cell,ILOILO,BAROTAC NUEVO,"liquor (e.g, whisky, coconut wine)",long-neck,2
convertible from its own cell,ILOILO,BAROTAC NUEVO,mango,pieces or units,2
convertible from its own cell,ILOILO,BAROTAC NUEVO,"prawns, lobster, shrimp",tumpok,2
convertible from its own cell,ILOILO,BAROTAC NUEVO,rice,letse,2
convertible from its own cell,ILOILO,BAROTAC VIEJO,cabbage,pack,2
convertible from its own cell,ILOILO,LEGANES,"prawns, lobster, shrimp",tumpok,2
convertible from its own cell,AKLAN,MAKATO,"prawns, lobster, shrimp",tumpok,2
convertible from its own cell,ILOILO,LEGANES,camote,bilog,2
convertible from its own cell,ILOILO,BAROTAC VIEJO,fresh fish,tumpok,2
province fallback available,ILOILO,BAROTAC NUEVO,"preserved or processed meat (tocino, tapa, longaniza, etc)",bilog,2
convertible from its own cell,AKLAN,MADALAG,"ice cream, sorbet, edible ice (eg., ice-lolli, halo-halo)",putos,2
convertible from its own cell,AKLAN,LIBACAO,fresh fish,pieces or units,2
convertible from its own cell,ILOILO,BINGAWAN,"liquor (e.g, whisky, coconut wine)",long-neck,2
convertible from its own cell,ILOILO,JANIUAY,mango,pieces or units,2
convertible from its own cell,ILOILO,LAMBUNAO,camote,bilog,2
convertible from its own cell,ILOILO,LAMBUNAO,"ice cream, sorbet, edible ice (eg., ice-lolli, halo-halo)",putos,2
convertible from its own cell,ILOILO,CABATUAN,camote,bilog,2
convertible from its own cell,ILOILO,IGBARAS,"prawns, lobster, shrimp",tumpok,2
convertible from its own cell,ILOILO,JANIUAY,"ice cream, sorbet, edible ice (eg., ice-lolli, halo-halo)",putos,2
convertible from its own cell,ILOILO,JANIUAY,"liquor (e.g, whisky, coconut wine)",long-neck,2
province fallback available,ILOILO,DINGLE,loaf bread,tama-tama nga putos,2
convertible from its own cell,AKLAN,BURUANGA,loaf bread,medium packs,2
convertible from its own cell,ILOILO,CABATUAN,"liquor (e.g, whisky, coconut wine)",long-neck,2
convertible from its own cell,ILOILO,CABATUAN,mango,pieces or units,2
convertible from its own cell,ILOILO,CALINOG,camote,bilog,2
convertible from its own cell,ILOILO,BINGAWAN,loaf bread,medium packs,2
convertible from its own cell,ILOILO,BINGAWAN,"preserved or processed meat (tocino, tapa, longaniza, etc)",bilog,2
convertible from its own cell,AKLAN,BURUANGA,"preserved or processed meat (tocino, tapa, longaniza, etc)",pieces or units,2
province fallback available,ILOILO,DUEAS,cabbage,pack,2
convertible from its own cell,ILOILO,GUIMBAL,"ice cream, sorbet, edible ice (eg., ice-lolli, halo-halo)",pieces or units,2
convertible from its own cell,AKLAN,BURUANGA,cabbage,pieces or units,2
convertible from its own cell,AKLAN,BURUANGA,"crackers, cookies, buiscuits, chips/curls",pack,2
convertible from its own cell,AKLAN,BATAN,fresh fish,pieces or units,2
convertible from its own cell,ILOILO,CONCEPCION,"ice cream, sorbet, edible ice (eg., ice-lolli, halo-halo)",putos,2
convertible from its own cell,ILOILO,CARLES,fresh fish,pack,2
convertible from its own cell,ILOILO,ESTANCIA,fresh fish,pieces or units,2
province fallback available,ILOILO,LAMBUNAO,"preserved or processed meat (tocino, tapa, longaniza, etc)",bilog,2
province fallback available,ILOILO,LEMERY,"crackers, cookies, buiscuits, chips/curls",pack,2
province fallback available,ILOILO,LEMERY,rice,letse,2
convertible from its own cell,ILOILO,DINGLE,camote,bilog,2
any-province fallback only,NEGROS OCCIDENTAL,CAUAYAN,fresh fish,tumpok,2
any-province fallback only,NEGROS OCCIDENTAL,CAUAYAN,rice,salmon,2
province fallback available,ILOILO,MINA,loaf bread,tama-tama nga putos,2
any-province fallback only,CAPIZ,SAPI-AN,"preserved or processed meat (tocino, tapa, longaniza, etc)",pieces or units,2
province fallback available,ILOILO,SAN ENRIQUE,"preserved or processed meat (tocino, tapa, longaniza, etc)",bilog,2
any-province fallback only,AKLAN,LIBACAO,rice,salmon,2
province fallback available,NEGROS OCCIDENTAL,MANAPLA,"ice cream, sorbet, edible ice (eg., ice-lolli, halo-halo)",pieces or units,2
any-province fallback only,ANTIQUE,HAMTIC,rice,salmon,2
any-province fallback only,ANTIQUE,LIBERTAD,carrot,pack,2
any-province fallback only,ANTIQUE,PANDAN,rice,letse,2
any-province fallback only,ANTIQUE,SEBASTE,rice,letse,2
convertible from its own cell,ILOILO,DUEAS,"prawns, lobster, shrimp",tumpok,2
province fallback available,NEGROS OCCIDENTAL,SAN ENRIQUE,chicken,bilog,2
convertible from its own cell,ANTIQUE,PATNONGON,cabbage,putos (mix vegetable),1
convertible from its own cell,ANTIQUE,PATNONGON,carrot,putos (mix vegetable),1
convertible from its own cell,NEGROS OCCIDENTAL,LA CASTELLANA,"preserved or processed meat (tocino, tapa, longaniza, etc)",bilog,1
convertible from its own cell,NEGROS OCCIDENTAL,MANAPLA,chicken,whole (chicken),1
convertible from its own cell,ILOILO,SAN MIGUEL,"preserved or processed meat (tocino, tapa, longaniza, etc)",bilog,1
convertible from its own cell,CAPIZ,MAMBUSAO,"crackers, cookies, buiscuits, chips/curls",balde,1
convertible from its own cell,CAPIZ,MAMBUSAO,"ice cream, sorbet, edible ice (eg., ice-lolli, halo-halo)",bowl,1
convertible from its own cell,CAPIZ,MA-AYON,"crackers, cookies, buiscuits, chips/curls",big can,1
convertible from its own cell,CAPIZ,MA-AYON,pork,1 order,1
convertible from its own cell,NEGROS OCCIDENTAL,MANAPLA,"preserved or processed meat (tocino, tapa, longaniza, etc)",pack,1
convertible from its own cell,NEGROS OCCIDENTAL,MOISES PADILLA (MAGALLON),camote,bilog,1
convertible from its own cell,NEGROS OCCIDENTAL,MOISES PADILLA (MAGALLON),carrot,pieces or units,1
convertible from its own cell,NEGROS OCCIDENTAL,MOISES PADILLA (MAGALLON),"ice cream, sorbet, edible ice (eg., ice-lolli, halo-halo)",putos,1
convertible from its own cell,NEGROS OCCIDENTAL,MOISES PADILLA (MAGALLON),"liquor (e.g, whisky, coconut wine)",long-neck,1
convertible from its own cell,ANTIQUE,LIBERTAD,loaf bread,medium packs,1
convertible from its own cell,ANTIQUE,PANDAN,cabbage,pack,1
convertible from its own cell,ANTIQUE,PANDAN,"ice cream, sorbet, edible ice (eg., ice-lolli, halo-halo)",putos,1
convertible from its own cell,ANTIQUE,PANDAN,"liquor (e.g, whisky, coconut wine)",baso,1
convertible from its own cell,ILOILO,TIGBAUAN,"ice cream, sorbet, edible ice (eg., ice-lolli, halo-halo)",gallons,1
convertible from its own cell,NEGROS OCCIDENTAL,MURCIA,"prawns, lobster, shrimp",tumpok,1
convertible from its own cell,NEGROS OCCIDENTAL,MURCIA,"preserved or processed meat (tocino, tapa, longaniza, etc)",bilog,1
convertible from its own cell,NEGROS OCCIDENTAL,PONTEVEDRA,camote,bilog,1
convertible from its own cell,ILOILO,SAN JOAQUIN,"preserved or processed meat (tocino, tapa, longaniza, etc)",pack,1
convertible from its own cell,ILOILO,SAN JOAQUIN,"preserved or processed meat (tocino, tapa, longaniza, etc)",pieces or units,1
convertible from its own cell,CAPIZ,PANAY,beer,case,1
convertible from its own cell,CAPIZ,PANAY,cabbage,putos (mix vegetable),1
convertible from its own cell,CAPIZ,PANAY,camote,bilog,1
convertible from its own cell,CAPIZ,PANAY,chicken,slice,1
convertible from its own cell,ILOILO,SAN MIGUEL,cabbage,pieces or units,1
convertible from its own cell,ILOILO,SAN MIGUEL,carrot,pieces or units,1
convertible from its own cell,ILOILO,SAN MIGUEL,fresh fish,pieces or units,1
convertible from its own cell,ILOILO,SAN MIGUEL,"ice cream, sorbet, edible ice (eg., ice-lolli, halo-halo)",1.3 gallon,1
convertible from its own cell,ANTIQUE,LIBERTAD,camote,bilog,1
convertible from its own cell,ANTIQUE,LIBERTAD,chicken,pieces or units,1
convertible from its own cell,ANTIQUE,LIBERTAD,"crackers, cookies, buiscuits, chips/curls",pack,1
convertible from its own cell,NEGROS OCCIDENTAL,PONTEVEDRA,"liquor (e.g, whisky, coconut wine)",long-neck,1
convertible from its own cell,NEGROS OCCIDENTAL,PONTEVEDRA,mango,pieces or units,1
convertible from its own cell,ANTIQUE,HAMTIC,"preserved or processed meat (tocino, tapa, longaniza, etc)",pack,1
convertible from its own cell,ANTIQUE,HAMTIC,rice,gantang,1
convertible from its own cell,ANTIQUE,LAUA-AN,"crackers, cookies, buiscuits, chips/curls",pack,1
convertible from its own cell,ANTIQUE,LAUA-AN,fresh fish,pieces or units,1
convertible from its own cell,ANTIQUE,LAUA-AN,loaf bread,medium packs,1
convertible from its own cell,NEGROS OCCIDENTAL,PULUPANDAN,chicken,bilog,1
convertible from its own cell,NEGROS OCCIDENTAL,PULUPANDAN,fresh fish,pieces or units,1
convertible from its own cell,NEGROS OCCIDENTAL,PULUPANDAN,"liquor (e.g, whisky, coconut wine)",long-neck,1
convertible from its own cell,ILOILO,SAN ENRIQUE,"prawns, lobster, shrimp",pieces or units,1
convertible from its own cell,ILOILO,SAN JOAQUIN,cabbage,pack,1
convertible from its own cell,CAPIZ,PANAY,"prawns, lobster, shrimp",cup,1
convertible from its own cell,CAPIZ,PANAY,"preserved or processed meat (tocino, tapa, longaniza, etc)",role,1
convertible from its own cell,CAPIZ,PANITAN,cabbage,half,1
convertible from its own cell,CAPIZ,PANITAN,cabbage,putos (mix vegetable),1
convertible from its own cell,ILOILO,SAN JOAQUIN,fresh fish,pieces or units,1
convertible from its own cell,ILOILO,SAN JOAQUIN,"ice cream, sorbet, edible ice (eg., ice-lolli, halo-halo)",putos,1
convertible from its own cell,ILOILO,SAN JOAQUIN,"liquor (e.g, whisky, coconut wine)",long-neck,1
convertible from its own cell,NEGROS OCCIDENTAL,PULUPANDAN,"prawns, lobster, shrimp",tumpok,1
convertible from its own cell,NEGROS OCCIDENTAL,SALVADOR BENEDICTO,"ice cream, sorbet, edible ice (eg., ice-lolli, halo-halo)",small cup,1
convertible from its own cell,NEGROS OCCIDENTAL,SALVADOR BENEDICTO,"preserved or processed meat (tocino, tapa, longaniza, etc)",cans,1
convertible from its own cell,ANTIQUE,HAMTIC,"crackers, cookies, buiscuits, chips/curls",balde,1
convertible from its own cell,ANTIQUE,HAMTIC,"crackers, cookies, buiscuits, chips/curls",pack,1
convertible from its own cell,ANTIQUE,HAMTIC,fresh fish,pieces or units,1
convertible from its own cell,ANTIQUE,HAMTIC,"ice cream, sorbet, edible ice (eg., ice-lolli, halo-halo)",cone,1
convertible from its own cell,CAPIZ,PILAR,fresh fish,pinutos / plastic,1
convertible from its own cell,CAPIZ,PILAR,mango,"papaya, mango, banana",1
convertible from its own cell,CAPIZ,PONTEVEDRA,cabbage,pieces or units,1
convertible from its own cell,CAPIZ,PONTEVEDRA,camote,bilog,1
convertible from its own cell,CAPIZ,PONTEVEDRA,fresh fish,pieces or units,1
convertible from its own cell,CAPIZ,PILAR,camote,bilog,1
convertible from its own cell,ILOILO,SAN ENRIQUE,"liquor (e.g, whisky, coconut wine)",long-neck,1
convertible from its own cell,ANTIQUE,HAMTIC,"ice cream, sorbet, edible ice (eg., ice-lolli, halo-halo)",putos,1
convertible from its own cell,ANTIQUE,HAMTIC,"prawns, lobster, shrimp",tumpok,1
convertible from its own cell,ANTIQUE,HAMTIC,"preserved or processed meat (tocino, tapa, longaniza, etc)",bilog,1
convertible from its own cell,NEGROS OCCIDENTAL,SAN ENRIQUE,fresh fish,pieces or units,1
convertible from its own cell,NEGROS OCCIDENTAL,SAN ENRIQUE,"liquor (e.g, whisky, coconut wine)",long-neck,1
convertible from its own cell,ANTIQUE,CULASI,fresh fish,pieces or units,1
convertible from its own cell,CAPIZ,PRESIDENT ROXAS,cabbage,putos (mix vegetable),1
convertible from its own cell,CAPIZ,PRESIDENT ROXAS,chicken,bilog,1
convertible from its own cell,ILOILO,SAN DIONISIO,"preserved or processed meat (tocino, tapa, longaniza, etc)",cans,1
convertible from its own cell,ILOILO,SAN ENRIQUE,cabbage,small packs,1
convertible from its own cell,ANTIQUE,CULASI,mango,pieces or units,1
convertible from its own cell,ANTIQUE,CULASI,"prawns, lobster, shrimp",tumpok,1
convertible from its own cell,NEGROS OCCIDENTAL,TOBOSO,chicken,whole (chicken),1
convertible from its own cell,NEGROS OCCIDENTAL,TOBOSO,"ice cream, sorbet, edible ice (eg., ice-lolli, halo-halo)",putos,1
convertible from its own cell,NEGROS OCCIDENTAL,TOBOSO,"preserved or processed meat (tocino, tapa, longaniza, etc)",bilog,1
convertible from its own cell,NEGROS OCCIDENTAL,VALLADOLID,camote,bilog,1
convertible from its own cell,ANTIQUE,BUGASONG,"ice cream, sorbet, edible ice (eg., ice-lolli, halo-halo)",putos,1
convertible from its own cell,ILOILO,POTOTAN,"ice cream, sorbet, edible ice (eg., ice-lolli, halo-halo)",cone,1
convertible from its own cell,CAPIZ,PRESIDENT ROXAS,mango,pieces or units,1
convertible from its own cell,CAPIZ,PRESIDENT ROXAS,pork,2 slice,1
convertible from its own cell,CAPIZ,PRESIDENT ROXAS,"preserved or processed meat (tocino, tapa, longaniza, etc)",bilog,1
convertible from its own cell,CAPIZ,SAPI-AN,cabbage,putos (mix vegetable),1
convertible from its own cell,ILOILO,POTOTAN,pork,pieces or units,1
convertible from its own cell,ILOILO,SAN DIONISIO,cabbage,sliced,1
convertible from its own cell,ILOILO,SAN DIONISIO,camote,bilog,1
convertible from its own cell,ANTIQUE,BUGASONG,mango,pieces or units,1
convertible from its own cell,ANTIQUE,CULASI,camote,bilog,1
convertible from its own cell,NEGROS OCCIDENTAL,VALLADOLID,chicken,whole (chicken),1
convertible from its own cell,NEGROS OCCIDENTAL,VALLADOLID,mango,pieces or units,1
dropped label (not an NSU),AKLAN,ALTAVAS,fresh fish,,1
dropped label (not an NSU),AKLAN,BURUANGA,beer,,1
dropped label (not an NSU),ANTIQUE,HAMTIC,"mineral or spring water, all drinking water sold in containers",,1
dropped label (not an NSU),ANTIQUE,PATNONGON,"crackers, cookies, buiscuits, chips/curls",,1
dropped label (not an NSU),ANTIQUE,PATNONGON,"liquor (e.g, whisky, coconut wine)",,1
dropped label (not an NSU),ANTIQUE,TIBIAO,"mineral or spring water, all drinking water sold in containers",,1
dropped label (not an NSU),CAPIZ,IVISAN,carrot,,1
dropped label (not an NSU),CAPIZ,PILAR,mango,,1
dropped label (not an NSU),CAPIZ,SIGMA,"ice cream, sorbet, edible ice (eg., ice-lolli, halo-halo)",,1
dropped label (not an NSU),CAPIZ,SIGMA,"liquor (e.g, whisky, coconut wine)",,1
dropped label (not an NSU),ILOILO,DUMANGAS,rice,,1
dropped label (not an NSU),ILOILO,IGBARAS,"ice cream, sorbet, edible ice (eg., ice-lolli, halo-halo)",,1
dropped label (not an NSU),ILOILO,MINA,rice,,1
dropped label (not an NSU),ILOILO,OTON,"ice cream, sorbet, edible ice (eg., ice-lolli, halo-halo)",,1
dropped label (not an NSU),NEGROS OCCIDENTAL,CAUAYAN,pork,,1
no weight anywhere,AKLAN,MALINAO,loaf bread,100pcs of pandesal,1
no weight anywhere,ANTIQUE,BELISON,"liquor (e.g, whisky, coconut wine)",bul,1
no weight anywhere,ANTIQUE,BELISON,"liquor (e.g, whisky, coconut wine)",jr,1
no weight anywhere,ANTIQUE,HAMTIC,"ice cream, sorbet, edible ice (eg., ice-lolli, halo-halo)",cone ( dirty ice cream ) 10 pesos per cone,1
no weight anywhere,ANTIQUE,HAMTIC,"mineral or spring water, all drinking water sold in containers",tab,1
no weight anywhere,ANTIQUE,PANDAN,beef,patupa,1
no weight anywhere,ANTIQUE,PANDAN,pork,pieces barbeque,1
no weight anywhere,ANTIQUE,SAN REMIGIO,"liquor (e.g, whisky, coconut wine)",ball (tuba),1
no weight anywhere,ANTIQUE,SAN REMIGIO,"liquor (e.g, whisky, coconut wine)",glass,1
no weight anywhere,ANTIQUE,SIBALOM,carrot,tumpok,1
no weight anywhere,ANTIQUE,SIBALOM,"ice cream, sorbet, edible ice (eg., ice-lolli, halo-halo)",apa,1
no weight anywhere,ANTIQUE,SIBALOM,"liquor (e.g, whisky, coconut wine)",14 tasa,1
no weight anywhere,ANTIQUE,SIBALOM,"liquor (e.g, whisky, coconut wine)",7 ball,1
no weight anywhere,ANTIQUE,SIBALOM,"liquor (e.g, whisky, coconut wine)",boll,1
no weight anywhere,ANTIQUE,SIBALOM,"liquor (e.g, whisky, coconut wine)",coconut wine,1
no weight anywhere,ANTIQUE,SIBALOM,"liquor (e.g, whisky, coconut wine)",takal ng tuba,1
no weight anywhere,ANTIQUE,VALDERRAMA,"prawns, lobster, shrimp",plastic,1
no weight anywhere,CAPIZ,IVISAN,"crackers, cookies, buiscuits, chips/curls",large packs,1
no weight anywhere,CAPIZ,IVISAN,"prawns, lobster, shrimp",1 pc. prawn,1
no weight anywhere,CAPIZ,JAMINDAN,camote tops,cassava leaves,1
no weight anywhere,CAPIZ,JAMINDAN,loaf bread,pieces,1
no weight anywhere,CAPIZ,MA-AYON,camote,small size plastic,1
no weight anywhere,CAPIZ,MA-AYON,chicken,1order,1
no weight anywhere,CAPIZ,MA-AYON,chicken,tingi tingi,1
no weight anywhere,CAPIZ,PANAY,cabbage,tumpok,1
no weight anywhere,CAPIZ,PANAY,camote tops,"cassava & malunggay leaves, paco or fern, squash leaves",1
no weight anywhere,CAPIZ,PANAY,carrot,tumpok,1
no weight anywhere,CAPIZ,PANAY,loaf bread,per piece,1
no weight anywhere,CAPIZ,PANAY,loaf bread,piece,1
no weight anywhere,CAPIZ,PANAY,"mineral or spring water, all drinking water sold in containers",distilled water,1
no weight anywhere,CAPIZ,PANAY,pork,pack,1
no weight anywhere,CAPIZ,PANAY,"prawns, lobster, shrimp",caltex,1
no weight anywhere,CAPIZ,PILAR,cabbage,mix vegetables (per tumbok),1
no weight anywhere,CAPIZ,PILAR,carrot,mix vegetables (per tumpok),1
no weight anywhere,CAPIZ,PILAR,fresh fish,puts or plastic,1
no weight anywhere,CAPIZ,PILAR,"ice cream, sorbet, edible ice (eg., ice-lolli, halo-halo)",ice cream stick,1
no weight anywhere,CAPIZ,PILAR,loaf bread,piece,1
no weight anywhere,CAPIZ,PONTEVEDRA,"prawns, lobster, shrimp",1 k caltex(kabo),1
no weight anywhere,CAPIZ,SIGMA,carrot,mix slice of carrot,1
no weight anywhere,CAPIZ,TAPAZ,"mineral or spring water, all drinking water sold in containers",5-gallon blue container,1
no weight anywhere,ILOILO,AJUY,"crackers, cookies, buiscuits, chips/curls",cans,1
no weight anywhere,ILOILO,ALIMODIAN,chicken,patupong,1
no weight anywhere,ILOILO,ALIMODIAN,"crackers, cookies, buiscuits, chips/curls",tupper ware,1
no weight anywhere,ILOILO,ALIMODIAN,"liquor (e.g, whisky, coconut wine)",4 later galon,1
no weight anywhere,ILOILO,BADIANGAN,"crackers, cookies, buiscuits, chips/curls",tupperware,1
no weight anywhere,ILOILO,BADIANGAN,loaf bread,plastic bag,1
no weight anywhere,ILOILO,BAROTAC VIEJO,cabbage,1 chop,1
no weight anywhere,ILOILO,BAROTAC VIEJO,carrot,pack of slices,1
no weight anywhere,ILOILO,BAROTAC VIEJO,chicken,half,1
no weight anywhere,ILOILO,CABATUAN,"crackers, cookies, buiscuits, chips/curls",can o lata,1
no weight anywhere,ILOILO,CABATUAN,pork,pcs,1
no weight anywhere,ILOILO,CALINOG,"mineral or spring water, all drinking water sold in containers",black gallon,1
no weight anywhere,ILOILO,DINGLE,carrot,slice,1
no weight anywhere,ILOILO,DUEAS,camote,bundle,1
no weight anywhere,ILOILO,DUEAS,chicken,patopung,1
no weight anywhere,ILOILO,DUMANGAS,chicken,putos,1
no weight anywhere,ILOILO,ESTANCIA,"prawns, lobster, shrimp",putos,1
no weight anywhere,ILOILO,IGBARAS,carrot,putos or pack,1
no weight anywhere,ILOILO,IGBARAS,"liquor (e.g, whisky, coconut wine)",cup,1
no weight anywhere,ILOILO,IGBARAS,"liquor (e.g, whisky, coconut wine)",glass/shots,1
no weight anywhere,ILOILO,JANIUAY,fresh fish,patupa,1
no weight anywhere,ILOILO,LEMERY,cabbage,buskos,1
no weight anywhere,ILOILO,MAASIN,camote tops,pieces or units,1
no weight anywhere,ILOILO,MINA,camote,putos,1
no weight anywhere,ILOILO,MINA,pork,portion,1
no weight anywhere,ILOILO,OTON,"crackers, cookies, buiscuits, chips/curls",small box,1
no weight anywhere,ILOILO,OTON,"ice cream, sorbet, edible ice (eg., ice-lolli, halo-halo)",pitcher,1
no weight anywhere,ILOILO,OTON,rice,rice cooker cup (small),1
no weight anywhere,ILOILO,OTON,rice,"rice cooker cup, small",1
no weight anywhere,ILOILO,OTON,rice,small rice cooker cup,1
no weight anywhere,ILOILO,POTOTAN,pork,1 bowl cooked,1
no weight anywhere,ILOILO,SAN DIONISIO,carrot,sliced,1
no weight anywhere,ILOILO,SAN ENRIQUE,carrot,small packs,1
no weight anywhere,ILOILO,TIGBAUAN,carrot,slice,1
no weight anywhere,NEGROS OCCIDENTAL,CALATRAVA,fresh fish,cup,1
no weight anywhere,NEGROS OCCIDENTAL,CALATRAVA,"liquor (e.g, whisky, coconut wine)",cup,1
no weight anywhere,NEGROS OCCIDENTAL,CAUAYAN,camote tops,tumpok,1
no weight anywhere,NEGROS OCCIDENTAL,ISABELA,"ice cream, sorbet, edible ice (eg., ice-lolli, halo-halo)",cup,1
convertible from its own cell,CAPIZ,SAPI-AN,"crackers, cookies, buiscuits, chips/curls",pack,1
convertible from its own cell,CAPIZ,SAPI-AN,"ice cream, sorbet, edible ice (eg., ice-lolli, halo-halo)",putos,1
any-province fallback only,AKLAN,BATAN,rice,gantang,1
convertible from its own cell,CAPIZ,SAPI-AN,mango,pieces or units,1
convertible from its own cell,CAPIZ,SAPI-AN,"mineral or spring water, all drinking water sold in containers",refilled,1
any-province fallback only,AKLAN,BURUANGA,loaf bread,tama-tama nga putos,1
convertible from its own cell,CAPIZ,SIGMA,cabbage,half,1
convertible from its own cell,ILOILO,POTOTAN,cabbage,half,1
province fallback available,AKLAN,ALTAVAS,camote,binilog,1
any-province fallback only,AKLAN,BURUANGA,rice,letse,1
convertible from its own cell,ANTIQUE,BELISON,"prawns, lobster, shrimp",tumpok,1
convertible from its own cell,ANTIQUE,BELISON,"preserved or processed meat (tocino, tapa, longaniza, etc)",bilog,1
convertible from its own cell,ANTIQUE,BUGASONG,camote,bilog,1
any-province fallback only,CAPIZ,DUMARAO,carrot,pack,1
province fallback available,AKLAN,ALTAVAS,"preserved or processed meat (tocino, tapa, longaniza, etc)",cans,1
province fallback available,AKLAN,BATAN,"crackers, cookies, buiscuits, chips/curls",pack,1
province fallback available,AKLAN,BURUANGA,"prawns, lobster, shrimp",tumpok,1
convertible from its own cell,CAPIZ,TAPAZ,cabbage,pack,1
province fallback available,ILOILO,SAN ENRIQUE,rice,letse,1
province fallback available,ILOILO,SAN JOAQUIN,carrot,pack,1
province fallback available,ILOILO,SAN RAFAEL,"prawns, lobster, shrimp",tumpok,1
convertible from its own cell,CAPIZ,SIGMA,cabbage,putos (mix vegetable),1
convertible from its own cell,CAPIZ,SIGMA,"ice cream, sorbet, edible ice (eg., ice-lolli, halo-halo)",tub,1
convertible from its own cell,ILOILO,OTON,"liquor (e.g, whisky, coconut wine)",long-neck,1
convertible from its own cell,ILOILO,OTON,pork,1 serve,1
convertible from its own cell,ILOILO,OTON,pork,stick,1
convertible from its own cell,ILOILO,OTON,"prawns, lobster, shrimp",pieces or units,1
province fallback available,AKLAN,LIBACAO,"preserved or processed meat (tocino, tapa, longaniza, etc)",bilog,1
province fallback available,AKLAN,MADALAG,"prawns, lobster, shrimp",tumpok,1
province fallback available,AKLAN,MALINAO,"crackers, cookies, buiscuits, chips/curls",pack,1
any-province fallback only,ANTIQUE,CULASI,rice,letse,1
province fallback available,AKLAN,TANGALAN,"prawns, lobster, shrimp",tumpok,1
province fallback available,ILOILO,TUBUNGAN,carrot,pack,1
any-province fallback only,AKLAN,ALTAVAS,rice,gantang,1
convertible from its own cell,ANTIQUE,BARBAZA,mango,pieces or units,1
convertible from its own cell,ANTIQUE,BARBAZA,"preserved or processed meat (tocino, tapa, longaniza, etc)",bilog,1
convertible from its own cell,ANTIQUE,BELISON,camote,binilog,1
convertible from its own cell,ANTIQUE,BELISON,"ice cream, sorbet, edible ice (eg., ice-lolli, halo-halo)",putos,1
any-province fallback only,ANTIQUE,TIBIAO,beer,case,1
convertible from its own cell,ANTIQUE,BELISON,"liquor (e.g, whisky, coconut wine)",gin,1
convertible from its own cell,ANTIQUE,BELISON,"liquor (e.g, whisky, coconut wine)",long-neck,1
province fallback available,ANTIQUE,BUGASONG,"prawns, lobster, shrimp",tumpok,1
province fallback available,ANTIQUE,CULASI,loaf bread,tama-tama nga putos,1
province fallback available,ANTIQUE,CULASI,"preserved or processed meat (tocino, tapa, longaniza, etc)",pieces or units,1
province fallback available,ILOILO,TIGBAUAN,carrot,pack,1
province fallback available,ANTIQUE,HAMTIC,camote,tumpok,1
province fallback available,ANTIQUE,LAUA-AN,chicken,pieces or units,1
convertible from its own cell,ILOILO,NEW LUCENA,"liquor (e.g, whisky, coconut wine)",long-neck,1
province fallback available,ILOILO,TUBUNGAN,camote tops,bundle,1
convertible from its own cell,NEGROS OCCIDENTAL,BINALBAGAN,"liquor (e.g, whisky, coconut wine)",lipid/lapad,1
convertible from its own cell,ILOILO,AJUY,fresh fish,tumpok,1
convertible from its own cell,ILOILO,AJUY,"ice cream, sorbet, edible ice (eg., ice-lolli, halo-halo)",bowl,1
convertible from its own cell,ILOILO,AJUY,"ice cream, sorbet, edible ice (eg., ice-lolli, halo-halo)",cone,1
convertible from its own cell,ILOILO,NEW LUCENA,"prawns, lobster, shrimp",tumpok,1
convertible from its own cell,ILOILO,OTON,beef,pieces or units,1
convertible from its own cell,ILOILO,OTON,cabbage,putos (mix vegetable),1
convertible from its own cell,ILOILO,OTON,camote,bilog,1
convertible from its own cell,CAPIZ,CUARTERO,"ice cream, sorbet, edible ice (eg., ice-lolli, halo-halo)",cone,1
province fallback available,ANTIQUE,LAUA-AN,"preserved or processed meat (tocino, tapa, longaniza, etc)",pieces or units,1
convertible from its own cell,CAPIZ,CUARTERO,"ice cream, sorbet, edible ice (eg., ice-lolli, halo-halo)",tupperware,1
convertible from its own cell,ANTIQUE,BARBAZA,camote,bilog,1
convertible from its own cell,CAPIZ,CUARTERO,mango,pieces or units,1
convertible from its own cell,NEGROS OCCIDENTAL,BINALBAGAN,loaf bread,large packs,1
convertible from its own cell,ILOILO,MINA,"liquor (e.g, whisky, coconut wine)",long-neck,1
convertible from its own cell,NEGROS OCCIDENTAL,CALATRAVA,"liquor (e.g, whisky, coconut wine)",long-neck,1
convertible from its own cell,NEGROS OCCIDENTAL,CALATRAVA,loaf bread,large packs,1
convertible from its own cell,NEGROS OCCIDENTAL,CALATRAVA,mango,pieces or units,1
convertible from its own cell,ILOILO,MINA,"preserved or processed meat (tocino, tapa, longaniza, etc)",pack,1
convertible from its own cell,ILOILO,MINA,rice,gantang,1
convertible from its own cell,ILOILO,NEW LUCENA,cabbage,pack,1
convertible from its own cell,CAPIZ,CUARTERO,chicken,pieces or units,1
convertible from its own cell,ILOILO,NEW LUCENA,"ice cream, sorbet, edible ice (eg., ice-lolli, halo-halo)",putos,1
convertible from its own cell,ILOILO,NEW LUCENA,"ice cream, sorbet, edible ice (eg., ice-lolli, halo-halo)",small cup,1
convertible from its own cell,ANTIQUE,BARBAZA,"liquor (e.g, whisky, coconut wine)",long-neck,1
convertible from its own cell,NEGROS OCCIDENTAL,CANDONI,fresh fish,pieces or units,1
province fallback available,ANTIQUE,PANDAN,loaf bread,medium packs,1
province fallback available,ANTIQUE,PANDAN,"preserved or processed meat (tocino, tapa, longaniza, etc)",bilog,1
province fallback available,ANTIQUE,PANDAN,"preserved or processed meat (tocino, tapa, longaniza, etc)",pieces or units,1
province fallback available,ANTIQUE,SAN REMIGIO,"prawns, lobster, shrimp",tumpok,1
convertible from its own cell,NEGROS OCCIDENTAL,CANDONI,"ice cream, sorbet, edible ice (eg., ice-lolli, halo-halo)",cone,1
convertible from its own cell,ILOILO,ANILAO,"ice cream, sorbet, edible ice (eg., ice-lolli, halo-halo)",small cup,1
convertible from its own cell,ILOILO,BADIANGAN,cabbage,half,1
convertible from its own cell,CAPIZ,DAO,camote,bilog,1
convertible from its own cell,CAPIZ,DAO,"ice cream, sorbet, edible ice (eg., ice-lolli, halo-halo)",putos,1
convertible from its own cell,ILOILO,ALIMODIAN,"liquor (e.g, whisky, coconut wine)",long-neck,1
convertible from its own cell,ILOILO,ZARRAGA,loaf bread,small packs,1
convertible from its own cell,ILOILO,MINA,"crackers, cookies, buiscuits, chips/curls",pack,1
convertible from its own cell,ILOILO,MINA,"ice cream, sorbet, edible ice (eg., ice-lolli, halo-halo)",container,1
convertible from its own cell,ILOILO,MINA,"ice cream, sorbet, edible ice (eg., ice-lolli, halo-halo)",pack,1
convertible from its own cell,ILOILO,ZARRAGA,rice,salmon,1
province fallback available,ANTIQUE,SIBALOM,rice,gantang,1
convertible from its own cell,NEGROS OCCIDENTAL,BINALBAGAN,cabbage,pieces or units,1
province fallback available,ANTIQUE,TIBIAO,loaf bread,tama-tama nga putos,1
convertible from its own cell,AKLAN,NEW WASHINGTON,"prawns, lobster, shrimp",tumpok,1
convertible from its own cell,AKLAN,TANGALAN,cabbage,pieces or units,1
convertible from its own cell,AKLAN,TANGALAN,carrot,pieces or units,1
convertible from its own cell,AKLAN,TANGALAN,chicken,whole (chicken),1
convertible from its own cell,ILOILO,MIAGAO,mango,pieces or units,1
convertible from its own cell,ILOILO,MINA,beef,pieces or units,1
convertible from its own cell,ILOILO,ANILAO,cabbage,pack 25 per pack in the market,1
convertible from its own cell,ILOILO,ANILAO,carrot,pieces or units,1
convertible from its own cell,NEGROS OCCIDENTAL,BINALBAGAN,camote tops,bundle,1
convertible from its own cell,ILOILO,ANILAO,fresh fish,pack,1
convertible from its own cell,NEGROS OCCIDENTAL,BINALBAGAN,chicken,whole (chicken),1
convertible from its own cell,AKLAN,TANGALAN,"liquor (e.g, whisky, coconut wine)",lipid/lapad,1
convertible from its own cell,AKLAN,TANGALAN,"liquor (e.g, whisky, coconut wine)",long-neck,1
convertible from its own cell,NEGROS OCCIDENTAL,BINALBAGAN,"ice cream, sorbet, edible ice (eg., ice-lolli, halo-halo)",small cup,1
convertible from its own cell,AKLAN,TANGALAN,"preserved or processed meat (tocino, tapa, longaniza, etc)",pieces or units,1
province fallback available,ANTIQUE,TOBIAS FORNIER,"preserved or processed meat (tocino, tapa, longaniza, etc)",bilog,1
province fallback available,ANTIQUE,TOBIAS FORNIER,"preserved or processed meat (tocino, tapa, longaniza, etc)",pieces or units,1
convertible from its own cell,NEGROS OCCIDENTAL,CANDONI,"prawns, lobster, shrimp",tumpok,1
convertible from its own cell,ANTIQUE,TOBIAS FORNIER,mango,pieces or units,1
convertible from its own cell,ANTIQUE,TOBIAS FORNIER,"preserved or processed meat (tocino, tapa, longaniza, etc)",cans,1
province fallback available,CAPIZ,DUMALAG,rice,letse,1
province fallback available,CAPIZ,DUMARAO,camote tops,bundle,1
province fallback available,CAPIZ,DUMARAO,rice,letse,1
province fallback available,CAPIZ,IVISAN,"crackers, cookies, buiscuits, chips/curls",pack,1
province fallback available,CAPIZ,JAMINDAN,chicken,pieces or units,1
convertible from its own cell,ANTIQUE,TOBIAS FORNIER,rice,gantang,1
province fallback available,CAPIZ,MA-AYON,chicken,slice,1
province fallback available,CAPIZ,MA-AYON,fresh fish,pack,1
province fallback available,CAPIZ,MAMBUSAO,beer,case,1
province fallback available,CAPIZ,MAMBUSAO,camote tops,bundle,1
province fallback available,CAPIZ,MAMBUSAO,"ice cream, sorbet, edible ice (eg., ice-lolli, halo-halo)",cone,1
convertible from its own cell,NEGROS OCCIDENTAL,CAUAYAN,camote,bilog,1
convertible from its own cell,NEGROS OCCIDENTAL,CAUAYAN,chicken,pieces or units,1
convertible from its own cell,AKLAN,NEW WASHINGTON,cabbage,pieces or units,1
convertible from its own cell,AKLAN,NEW WASHINGTON,camote tops,bugkos,1
convertible from its own cell,AKLAN,NEW WASHINGTON,carrot,pieces or units,1
convertible from its own cell,ILOILO,BALASAN,camote,bilog,1
convertible from its own cell,ILOILO,BALASAN,"crackers, cookies, buiscuits, chips/curls",pack,1
convertible from its own cell,ILOILO,BALASAN,"ice cream, sorbet, edible ice (eg., ice-lolli, halo-halo)",putos,1
convertible from its own cell,ILOILO,BADIANGAN,"liquor (e.g, whisky, coconut wine)",6 bottles of redhorse,1
convertible from its own cell,ILOILO,BADIANGAN,"liquor (e.g, whisky, coconut wine)",junior lapad,1
convertible from its own cell,ILOILO,BADIANGAN,pork,slice,1
convertible from its own cell,ILOILO,MAASIN,"crackers, cookies, buiscuits, chips/curls",pack,1
convertible from its own cell,ILOILO,MAASIN,pork,pieces or units,1
convertible from its own cell,ILOILO,MAASIN,"preserved or processed meat (tocino, tapa, longaniza, etc)",pack,1
convertible from its own cell,ILOILO,MAASIN,rice,sack of rice,1
convertible from its own cell,AKLAN,NEW WASHINGTON,"liquor (e.g, whisky, coconut wine)",long-neck,1
convertible from its own cell,AKLAN,NEW WASHINGTON,loaf bread,small packs,1
convertible from its own cell,NEGROS OCCIDENTAL,CAUAYAN,fresh fish,pieces or units,1
province fallback available,CAPIZ,PANAY,rice,letse,1
province fallback available,CAPIZ,PANITAN,cabbage,pack,1
convertible from its own cell,NEGROS OCCIDENTAL,CAUAYAN,"prawns, lobster, shrimp",tumpok,1
convertible from its own cell,CAPIZ,DUMALAG,cabbage,pack,1
province fallback available,CAPIZ,PILAR,"ice cream, sorbet, edible ice (eg., ice-lolli, halo-halo)",putos,1
convertible from its own cell,CAPIZ,DUMALAG,camote,bilog,1
convertible from its own cell,ILOILO,BALASAN,rice,gantang,1
convertible from its own cell,ILOILO,BANATE,"prawns, lobster, shrimp",tumpok,1
convertible from its own cell,ILOILO,LEON,"ice cream, sorbet, edible ice (eg., ice-lolli, halo-halo)",putos,1
convertible from its own cell,ILOILO,LEON,"liquor (e.g, whisky, coconut wine)",long-neck,1
convertible from its own cell,ILOILO,MAASIN,camote,bilog,1
convertible from its own cell,AKLAN,NABAS,camote tops,bugkos,1
convertible from its own cell,CAPIZ,DUMALAG,"crackers, cookies, buiscuits, chips/curls",pieces or units,1
convertible from its own cell,AKLAN,NABAS,chicken,whole (chicken),1
convertible from its own cell,ILOILO,ZARRAGA,cabbage,pack,1
convertible from its own cell,ILOILO,ZARRAGA,chicken,pieces of fried chicken,1
convertible from its own cell,ANTIQUE,TOBIAS FORNIER,camote,bilog,1
province fallback available,CAPIZ,SAPI-AN,rice,letse,1
province fallback available,CAPIZ,SIGMA,cabbage,pack,1
convertible from its own cell,ILOILO,LEMERY,"crackers, cookies, buiscuits, chips/curls",bucket,1
convertible from its own cell,ILOILO,BANATE,"preserved or processed meat (tocino, tapa, longaniza, etc)",pack,1
convertible from its own cell,ANTIQUE,TOBIAS FORNIER,fresh fish,pieces or units,1
convertible from its own cell,ANTIQUE,TOBIAS FORNIER,"ice cream, sorbet, edible ice (eg., ice-lolli, halo-halo)",putos,1
convertible from its own cell,NEGROS OCCIDENTAL,ENRIQUE B. MAGALONA (SARAVIA),camote,bilog,1
convertible from its own cell,ILOILO,BAROTAC NUEVO,fresh fish,pack,1
convertible from its own cell,NEGROS OCCIDENTAL,ENRIQUE B. MAGALONA (SARAVIA),fresh fish,pieces or units,1
convertible from its own cell,ILOILO,LEMERY,"liquor (e.g, whisky, coconut wine)",long-neck,1
convertible from its own cell,ILOILO,LEMERY,"preserved or processed meat (tocino, tapa, longaniza, etc)",pack,1
convertible from its own cell,NEGROS OCCIDENTAL,ENRIQUE B. MAGALONA (SARAVIA),"ice cream, sorbet, edible ice (eg., ice-lolli, halo-halo)",small cup,1
province fallback available,CAPIZ,SIGMA,camote tops,bundle,1
convertible from its own cell,CAPIZ,DUMALAG,"mineral or spring water, all drinking water sold in containers",container,1
convertible from its own cell,AKLAN,MALAY,"preserved or processed meat (tocino, tapa, longaniza, etc)",bilog,1
convertible from its own cell,CAPIZ,DUMARAO,fresh fish,pack,1
convertible from its own cell,AKLAN,MALINAO,camote tops,3bugkos,1
convertible from its own cell,AKLAN,MALINAO,camote tops,bugkos,1
convertible from its own cell,AKLAN,MALINAO,fresh fish,pieces or units,1
convertible from its own cell,ILOILO,TUBUNGAN,cabbage,pack,1
convertible from its own cell,ILOILO,TUBUNGAN,"ice cream, sorbet, edible ice (eg., ice-lolli, halo-halo)",gallons,1
province fallback available,ILOILO,AJUY,"prawns, lobster, shrimp",pack,1
convertible from its own cell,AKLAN,MALAY,camote,binilog,1
convertible from its own cell,AKLAN,MALAY,"ice cream, sorbet, edible ice (eg., ice-lolli, halo-halo)",putos,1
convertible from its own cell,ILOILO,TUBUNGAN,"ice cream, sorbet, edible ice (eg., ice-lolli, halo-halo)",putos,1
province fallback available,ILOILO,ALIMODIAN,"ice cream, sorbet, edible ice (eg., ice-lolli, halo-halo)",plastic cup,1
province fallback available,ILOILO,ANILAO,chicken,whole (chicken),1
convertible from its own cell,NEGROS OCCIDENTAL,ENRIQUE B. MAGALONA (SARAVIA),"preserved or processed meat (tocino, tapa, longaniza, etc)",cans,1
province fallback available,ILOILO,BADIANGAN,rice,letse,1
province fallback available,ILOILO,BALASAN,fresh fish,pack,1
convertible from its own cell,ILOILO,BAROTAC VIEJO,mango,pieces or units,1
convertible from its own cell,ANTIQUE,TIBIAO,cabbage,pieces or units,1
convertible from its own cell,ILOILO,BAROTAC VIEJO,"preserved or processed meat (tocino, tapa, longaniza, etc)",cans,1
convertible from its own cell,ANTIQUE,TIBIAO,camote,bilog,1
convertible from its own cell,ANTIQUE,TIBIAO,carrot,pieces or units,1
convertible from its own cell,ANTIQUE,TIBIAO,chicken,pieces or units,1
convertible from its own cell,CAPIZ,IVISAN,camote,bilog,1
convertible from its own cell,ILOILO,BAROTAC VIEJO,beef,half,1
convertible from its own cell,ILOILO,TIGBAUAN,chicken,slice,1
convertible from its own cell,ILOILO,BAROTAC VIEJO,camote,bilog,1
convertible from its own cell,ILOILO,LEGANES,"ice cream, sorbet, edible ice (eg., ice-lolli, halo-halo)",tupperware,1
any-province fallback only,AKLAN,ALTAVAS,rice,letse,1
convertible from its own cell,AKLAN,MAKATO,fresh fish,pieces or units,1
convertible from its own cell,AKLAN,MAKATO,mango,pieces or units,1
convertible from its own cell,ILOILO,TIGBAUAN,"ice cream, sorbet, edible ice (eg., ice-lolli, halo-halo)",plastic cup,1
province fallback available,ILOILO,BALASAN,"preserved or processed meat (tocino, tapa, longaniza, etc)",pack,1
province fallback available,ILOILO,BALASAN,rice,salmon,1
province fallback available,ILOILO,BANATE,camote tops,bundle,1
province fallback available,ILOILO,BANATE,"ice cream, sorbet, edible ice (eg., ice-lolli, halo-halo)",small cup,1
province fallback available,ILOILO,BANATE,rice,letse,1
convertible from its own cell,ILOILO,BATAD,loaf bread,medium packs,1
convertible from its own cell,ILOILO,BATAD,mango,pieces or units,1
convertible from its own cell,ILOILO,LAMBUNAO,mango,pieces or units,1
convertible from its own cell,ILOILO,LEGANES,cabbage,pack,1
convertible from its own cell,NEGROS OCCIDENTAL,HINIGARAN,"ice cream, sorbet, edible ice (eg., ice-lolli, halo-halo)",tupperware,1
convertible from its own cell,ANTIQUE,SIBALOM,fresh fish,pieces or units,1
convertible from its own cell,ILOILO,BAROTAC VIEJO,"liquor (e.g, whisky, coconut wine)",long-neck,1
convertible from its own cell,NEGROS OCCIDENTAL,HINIGARAN,mango,pieces or units,1
convertible from its own cell,NEGROS OCCIDENTAL,HINIGARAN,"prawns, lobster, shrimp",tumpok,1
province fallback available,ILOILO,BAROTAC VIEJO,chicken,pieces or units,1
province fallback available,ILOILO,BAROTAC VIEJO,loaf bread,tama-tama nga putos,1
province fallback available,ILOILO,BAROTAC VIEJO,"preserved or processed meat (tocino, tapa, longaniza, etc)",pack,1
province fallback available,ILOILO,BAROTAC VIEJO,rice,letse,1
convertible from its own cell,NEGROS OCCIDENTAL,HINOBA-AN (ASIA),cabbage,pack,1
convertible from its own cell,ILOILO,BINGAWAN,"ice cream, sorbet, edible ice (eg., ice-lolli, halo-halo)",small cup,1
convertible from its own cell,NEGROS OCCIDENTAL,HINOBA-AN (ASIA),carrot,pieces or units,1
convertible from its own cell,ILOILO,SARA,"prawns, lobster, shrimp",tumpok,1
convertible from its own cell,ILOILO,JANIUAY,"prawns, lobster, shrimp",pack,1
convertible from its own cell,ILOILO,SARA,rice,gantang,1
convertible from its own cell,ILOILO,TIGBAUAN,cabbage,pack,1
convertible from its own cell,ILOILO,BATAD,camote,bilog,1
convertible from its own cell,ILOILO,BATAD,"crackers, cookies, buiscuits, chips/curls",pack,1
convertible from its own cell,AKLAN,LIBACAO,"ice cream, sorbet, edible ice (eg., ice-lolli, halo-halo)",putos,1
convertible from its own cell,AKLAN,LIBACAO,mango,pieces or units,1
convertible from its own cell,AKLAN,MADALAG,camote,binilog,1
province fallback available,ILOILO,CABATUAN,cabbage,pack,1
province fallback available,ILOILO,CABATUAN,carrot,pack,1
province fallback available,ILOILO,CARLES,chicken,bilog,1
convertible from its own cell,ILOILO,CABATUAN,cabbage,putos (mix vegetable),1
convertible from its own cell,ILOILO,TIGBAUAN,camote,small packs,1
convertible from its own cell,ILOILO,CABATUAN,camote tops,bundle,1
convertible from its own cell,ILOILO,CABATUAN,carrot,putos (mix vegetable),1
convertible from its own cell,ILOILO,CABATUAN,"crackers, cookies, buiscuits, chips/curls",pack,1
convertible from its own cell,CAPIZ,DUMARAO,fresh fish,pieces or units,1
convertible from its own cell,ILOILO,JANIUAY,chicken,patupa,1
convertible from its own cell,ANTIQUE,SEBASTE,fresh fish,pieces or units,1
convertible from its own cell,NEGROS OCCIDENTAL,HINOBA-AN (ASIA),"preserved or processed meat (tocino, tapa, longaniza, etc)",bilog,1
convertible from its own cell,ILOILO,BATAD,"preserved or processed meat (tocino, tapa, longaniza, etc)",pack,1
convertible from its own cell,ILOILO,BINGAWAN,camote,bilog,1
province fallback available,ILOILO,CARLES,"preserved or processed meat (tocino, tapa, longaniza, etc)",pack,1
province fallback available,ILOILO,CARLES,rice,letse,1
province fallback available,ILOILO,CARLES,rice,salmon,1
province fallback available,ILOILO,CONCEPCION,camote tops,bundle,1
province fallback available,ILOILO,DINGLE,cabbage,sliced,1
province fallback available,ILOILO,DINGLE,camote tops,bundle,1
convertible from its own cell,NEGROS OCCIDENTAL,HINOBA-AN (ASIA),"preserved or processed meat (tocino, tapa, longaniza, etc)",pack,1
convertible from its own cell,AKLAN,BURUANGA,loaf bread,large packs,1
convertible from its own cell,NEGROS OCCIDENTAL,ILOG,camote tops,bundle,1
convertible from its own cell,NEGROS OCCIDENTAL,ILOG,"ice cream, sorbet, edible ice (eg., ice-lolli, halo-halo)",putos,1
convertible from its own cell,ANTIQUE,SAN REMIGIO,fresh fish,pieces or units,1
convertible from its own cell,ILOILO,CABATUAN,pork,pieces or units,1
convertible from its own cell,ILOILO,CABATUAN,"preserved or processed meat (tocino, tapa, longaniza, etc)",pack,1
convertible from its own cell,ANTIQUE,SAN REMIGIO,"preserved or processed meat (tocino, tapa, longaniza, etc)",bilog,1
convertible from its own cell,ILOILO,IGBARAS,carrot,putos (mix vegetable),1
convertible from its own cell,ILOILO,IGBARAS,"liquor (e.g, whisky, coconut wine)",junior lapad,1
convertible from its own cell,NEGROS OCCIDENTAL,ILOG,loaf bread,large packs,1
convertible from its own cell,NEGROS OCCIDENTAL,ILOG,loaf bread,medium packs,1
convertible from its own cell,NEGROS OCCIDENTAL,ILOG,loaf bread,small packs,1
convertible from its own cell,AKLAN,IBAJAY,camote,binilog,1
convertible from its own cell,AKLAN,IBAJAY,fresh fish,pieces or units,1
province fallback available,ILOILO,DINGLE,rice,letse,1
convertible from its own cell,NEGROS OCCIDENTAL,ILOG,"preserved or processed meat (tocino, tapa, longaniza, etc)",bilog,1
province fallback available,ILOILO,DUEAS,camote tops,bundle,1
province fallback available,ILOILO,DUEAS,carrot,pack,1
province fallback available,ILOILO,DUEAS,"preserved or processed meat (tocino, tapa, longaniza, etc)",pack,1
province fallback available,ILOILO,DUMANGAS,camote tops,bundle,1
province fallback available,ILOILO,DUMANGAS,carrot,pack,1
province fallback available,ILOILO,DUMANGAS,fresh fish,pack,1
province fallback available,ILOILO,DUMANGAS,"ice cream, sorbet, edible ice (eg., ice-lolli, halo-halo)",bowl,1
convertible from its own cell,ILOILO,CALINOG,"ice cream, sorbet, edible ice (eg., ice-lolli, halo-halo)",pack,1
convertible from its own cell,ILOILO,CARLES,camote,bilog,1
convertible from its own cell,ILOILO,GUIMBAL,fresh fish,pieces or units,1
convertible from its own cell,NEGROS OCCIDENTAL,ISABELA,camote,bilog,1
convertible from its own cell,ILOILO,GUIMBAL,rice,salmon,1
convertible from its own cell,ILOILO,IGBARAS,beef,intestine,1
province fallback available,ILOILO,DUMANGAS,"prawns, lobster, shrimp",pack,1
province fallback available,ILOILO,DUMANGAS,rice,sack of rice,1
province fallback available,ILOILO,DUMANGAS,rice,salmon,1
province fallback available,ILOILO,IGBARAS,loaf bread,tama-tama nga putos,1
convertible from its own cell,AKLAN,BATAN,"preserved or processed meat (tocino, tapa, longaniza, etc)",cans,1
convertible from its own cell,NEGROS OCCIDENTAL,ISABELA,fresh fish,pieces or units,1
convertible from its own cell,AKLAN,BURUANGA,cabbage,small packs,1
convertible from its own cell,AKLAN,BURUANGA,camote,binilog,1
convertible from its own cell,AKLAN,BURUANGA,chicken,pieces or units,1
convertible from its own cell,CAPIZ,MA-AYON,camote,bilog,1
convertible from its own cell,AKLAN,BURUANGA,"ice cream, sorbet, edible ice (eg., ice-lolli, halo-halo)",pack,1
convertible from its own cell,AKLAN,BATAN,chicken,pieces or units,1
convertible from its own cell,CAPIZ,MA-AYON,carrot,10,1
convertible from its own cell,AKLAN,BATAN,"ice cream, sorbet, edible ice (eg., ice-lolli, halo-halo)",putos,1
convertible from its own cell,AKLAN,BANGA,"ice cream, sorbet, edible ice (eg., ice-lolli, halo-halo)",putos,1
convertible from its own cell,AKLAN,BANGA,mango,pieces or units,1
province fallback available,ILOILO,JANIUAY,chicken,pieces or units,1
province fallback available,ILOILO,JANIUAY,loaf bread,tama-tama nga putos,1
convertible from its own cell,ILOILO,CONCEPCION,fresh fish,tumpok,1
convertible from its own cell,CAPIZ,MA-AYON,chicken,pack,1
convertible from its own cell,ILOILO,CARLES,"crackers, cookies, buiscuits, chips/curls",pack,1
convertible from its own cell,CAPIZ,JAMINDAN,chicken,chicken wings,1
convertible from its own cell,ILOILO,CARLES,"liquor (e.g, whisky, coconut wine)",long-neck,1
convertible from its own cell,CAPIZ,JAMINDAN,"ice cream, sorbet, edible ice (eg., ice-lolli, halo-halo)",tub,1
convertible from its own cell,ILOILO,ESTANCIA,"ice cream, sorbet, edible ice (eg., ice-lolli, halo-halo)",cone,1
convertible from its own cell,ILOILO,ESTANCIA,loaf bread,small packs,1
convertible from its own cell,ILOILO,ESTANCIA,mango,pieces or units,1
convertible from its own cell,CAPIZ,JAMINDAN,"liquor (e.g, whisky, coconut wine)",long-neck,1
province fallback available,ILOILO,LEGANES,carrot,pack,1
convertible from its own cell,AKLAN,ALTAVAS,pork,slice,1
convertible from its own cell,CAPIZ,JAMINDAN,loaf bread,individual,1
convertible from its own cell,ILOILO,SANTA BARBARA,mango,pieces or units,1
province fallback available,ILOILO,LEON,"preserved or processed meat (tocino, tapa, longaniza, etc)",pieces or units,1
any-province fallback only,CAPIZ,SIGMA,rice,salmon,1
any-province fallback only,ILOILO,LAMBUNAO,"liquor (e.g, whisky, coconut wine)",baso,1
any-province fallback only,ILOILO,LEGANES,camote,tumpok,1
convertible from its own cell,ILOILO,DUEAS,rice,gantang,1
convertible from its own cell,ILOILO,SARA,camote,bilog,1
convertible from its own cell,ILOILO,DINGLE,"ice cream, sorbet, edible ice (eg., ice-lolli, halo-halo)",cone,1
convertible from its own cell,ILOILO,DUMANGAS,"ice cream, sorbet, edible ice (eg., ice-lolli, halo-halo)",cone,1
convertible from its own cell,ILOILO,DUMANGAS,"liquor (e.g, whisky, coconut wine)",long-neck,1
convertible from its own cell,ILOILO,DUMANGAS,"preserved or processed meat (tocino, tapa, longaniza, etc)",bilog,1
convertible from its own cell,ILOILO,DUMANGAS,"preserved or processed meat (tocino, tapa, longaniza, etc)",pack,1
convertible from its own cell,ILOILO,ESTANCIA,cabbage,pack,1
convertible from its own cell,ILOILO,CARLES,"preserved or processed meat (tocino, tapa, longaniza, etc)",bilog,1
convertible from its own cell,ILOILO,CONCEPCION,camote,bilog,1
convertible from its own cell,ILOILO,SARA,"liquor (e.g, whisky, coconut wine)",long-neck,1
convertible from its own cell,ANTIQUE,SAN REMIGIO,camote,bilog,1
any-province fallback only,NEGROS OCCIDENTAL,HINIGARAN,rice,salmon,1
any-province fallback only,NEGROS OCCIDENTAL,LA CASTELLANA,rice,letse,1
any-province fallback only,NEGROS OCCIDENTAL,MOISES PADILLA (MAGALLON),rice,salmon,1
any-province fallback only,NEGROS OCCIDENTAL,PONTEVEDRA,camote,tumpok,1
province fallback available,ILOILO,MAASIN,"preserved or processed meat (tocino, tapa, longaniza, etc)",bilog,1
province fallback available,ILOILO,MIAGAO,cabbage,pack,1
province fallback available,ILOILO,MIAGAO,chicken,pieces or units,1
province fallback available,ILOILO,MIAGAO,"preserved or processed meat (tocino, tapa, longaniza, etc)",pieces or units,1
province fallback available,ILOILO,MINA,camote tops,bundle,1
province fallback available,ILOILO,MINA,chicken,pieces or units,1
province fallback available,ILOILO,MINA,fresh fish,pack,1
province fallback available,ILOILO,MINA,"ice cream, sorbet, edible ice (eg., ice-lolli, halo-halo)",putos,1
convertible from its own cell,ANTIQUE,SAN REMIGIO,camote,tumpok,1
province fallback available,ILOILO,MINA,"prawns, lobster, shrimp",tumpok,1
province fallback available,ILOILO,NEW LUCENA,carrot,pack,1
province fallback available,ILOILO,OTON,cabbage,pack,1
any-province fallback only,CAPIZ,MA-AYON,"preserved or processed meat (tocino, tapa, longaniza, etc)",cans,1
any-province fallback only,CAPIZ,MA-AYON,rice,salmon,1
any-province fallback only,CAPIZ,PANAY,carrot,putos (mix vegetable),1
any-province fallback only,CAPIZ,PANITAN,carrot,putos (mix vegetable),1
any-province fallback only,CAPIZ,PONTEVEDRA,"ice cream, sorbet, edible ice (eg., ice-lolli, halo-halo)",plastic cup,1
any-province fallback only,CAPIZ,PRESIDENT ROXAS,carrot,putos (mix vegetable),1
any-province fallback only,CAPIZ,SAPI-AN,carrot,putos (mix vegetable),1
convertible from its own cell,NEGROS OCCIDENTAL,ISABELA,mango,pieces or units,1
any-province fallback only,CAPIZ,SIGMA,camote,tumpok,1
any-province fallback only,CAPIZ,SIGMA,"preserved or processed meat (tocino, tapa, longaniza, etc)",cans,1
province fallback available,ILOILO,OTON,carrot,putos (mix vegetable),1
province fallback available,ILOILO,SAN DIONISIO,cabbage,pack,1
province fallback available,ILOILO,SAN DIONISIO,rice,salmon,1
convertible from its own cell,NEGROS OCCIDENTAL,LA CASTELLANA,camote,bilog,1
any-province fallback only,AKLAN,LIBACAO,chicken,bilog,1
convertible from its own cell,NEGROS OCCIDENTAL,LA CASTELLANA,"ice cream, sorbet, edible ice (eg., ice-lolli, halo-halo)",small cup,1
any-province fallback only,AKLAN,MALAY,rice,gantang,1
any-province fallback only,AKLAN,MALINAO,rice,gantang,1
any-province fallback only,ANTIQUE,BARBAZA,rice,letse,1
any-province fallback only,ANTIQUE,BUGASONG,rice,letse,1
any-province fallback only,ANTIQUE,BUGASONG,rice,salmon,1
province fallback available,NEGROS OCCIDENTAL,MANAPLA,chicken,bilog,1
convertible from its own cell,NEGROS OCCIDENTAL,LA CASTELLANA,"liquor (e.g, whisky, coconut wine)",long-neck,1
convertible from its own cell,ILOILO,SAN RAFAEL,"ice cream, sorbet, edible ice (eg., ice-lolli, halo-halo)",cone,1
convertible from its own cell,ILOILO,SAN RAFAEL,"ice cream, sorbet, edible ice (eg., ice-lolli, halo-halo)",putos,1
any-province fallback only,ANTIQUE,PANDAN,carrot,pack,1
convertible from its own cell,ILOILO,SAN RAFAEL,"ice cream, sorbet, edible ice (eg., ice-lolli, halo-halo)",small cup,1
convertible from its own cell,ILOILO,SANTA BARBARA,camote,bilog,1
convertible from its own cell,ILOILO,DUEAS,"liquor (e.g, whisky, coconut wine)",long-neck,1
convertible from its own cell,ILOILO,SANTA BARBARA,"liquor (e.g, whisky, coconut wine)",long-neck,1
any-province fallback only,ANTIQUE,TIBIAO,rice,salmon,1
any-province fallback only,ANTIQUE,VALDERRAMA,rice,salmon,1
any-province fallback only,CAPIZ,CUARTERO,rice,salmon,1
any-province fallback only,CAPIZ,DAO,cabbage,small packs,1
any-province fallback only,CAPIZ,DAO,carrot,putos (mix vegetable),1
any-province fallback only,CAPIZ,DAO,"preserved or processed meat (tocino, tapa, longaniza, etc)",cans,1
province fallback available,NEGROS OCCIDENTAL,MOISES PADILLA (MAGALLON),mango,pieces or units,1
province fallback available,NEGROS OCCIDENTAL,PULUPANDAN,chicken,whole (chicken),1
province fallback available,NEGROS OCCIDENTAL,SALVADOR BENEDICTO,camote tops,bundle,1
convertible from its own cell,CAPIZ,JAMINDAN,"prawns, lobster, shrimp",tumpok,1
convertible from its own cell,ILOILO,DINGLE,"preserved or processed meat (tocino, tapa, longaniza, etc)",pack,1
convertible from its own cell,ILOILO,DUEAS,cabbage,2 kapinutos nga cabbage/20pesos,1
convertible from its own cell,ILOILO,DUEAS,cabbage,3 for 25 pesos (putos),1
convertible from its own cell,ILOILO,DUEAS,"crackers, cookies, buiscuits, chips/curls",balde,1
province fallback available,NEGROS OCCIDENTAL,CALATRAVA,"prawns, lobster, shrimp",tumpok,1
