id,image_code,filename,photo_g,photo_unit,photo_src,from_human,has_reading,evidence_is_label,ml_rule_applied,pkg_text,pkg_qty,pkg_unit,has_pkg_qty,mL_rule_pending,pkg_seen,raw_tick,raw_weight,corrected_weight,pub_unit,pub_rule,pull_item,harmonized_nsu_unit,pull_province,pull_municipal_city,market_name,store_stall_name,vendor_id,v_hum,raw_hum,reading_source,h_glare_flag,h_notes,v_hir,v_son,v_swp,v_rsc,v_hai,g_hum,g_hir,g_son,g_swp,g_rsc,g_hai,type_son,type_hir,type_swp,type_rsc,type_hai,leg_son,leg_hir,leg_swp,leg_rsc,leg_hai,pkg_son,pkg_hir,pkg_swp,pkg_rsc,pkg_hai,item_nsu_hetero_type
1,1778295171180,1778295171180.jpg,580,g,sonnet sweep,0,1,0,0,,,,0,0,0,grams (g),.57999998,580,g,log10 median,cabbage,pieces or units,AKLAN,ALTAVAS,Altavas Public Market,Anadhel Vegetable Stall,EG43T67F,,,,,,,,.58,,,,,,580,,,,,scale_with_item,,,,,clear,,,,,,,,medium_size
5,1778292890840,1778292890840.jpg,755,g,sonnet sweep,0,1,0,0,,,,0,0,0,grams (g),.755,755,g,log10 median,cabbage,pieces or units,AKLAN,ALTAVAS,Altavas Public Market,Jocelyn Sari Sari Store,NOB23TYG,,,,,,,,.755,,,,,,755,,,,,scale_with_item,,,,,clear,,,,,,,,medium_size
6,1778295456945,1778295456945.jpg,145,g,sonnet sweep,0,1,0,0,,,,0,0,0,grams (g),.145,145,g,log10 median,camote tops,bugkos,AKLAN,ALTAVAS,Altavas Public Market,Vic Vegetable Stall,C0CWNE7M,,,,,,,,.145,,,,,,145,,,,,scale_with_item,,,,,clear,,,,,,,,conventional_nsu
7,1778294938685,1778294938685.jpg,130,g,sonnet sweep,0,1,0,0,,,,0,0,0,grams (g),.13,130,g,log10 median,camote tops,bugkos,AKLAN,ALTAVAS,Altavas Public Market,Anadhel Vegetable Stall,SEXJT1G0,,,,,,,,.13,,,,,,130,,,,,scale_with_item,,,,,clear,,,,,,,,conventional_nsu
8,1778293018458,1778293018458.jpg,125,g,sonnet sweep,0,1,0,0,,,,0,0,0,grams (g),.125,125,g,log10 median,camote tops,bugkos,AKLAN,ALTAVAS,Altavas Public Market,Jocelyn Sari Sari Store,T26P9WHR,,,,,,,,.125,,,,,,125,,,,,scale_with_item,,,,,clear,,,,,,,,conventional_nsu
9,1778295521311,1778295521311.jpg,810,g,sonnet sweep,0,1,0,0,,,,0,0,0,grams (g),.81,810,g,log10 median,camote tops,bundle,AKLAN,ALTAVAS,Altavas Public Market,Vic Vegetable Stall,0T9KHHCA,,,,,,,,.8100000000000001,,,,,,810,,,,,scale_with_item,,,,,probable,,,,,,,,medium_size
11,1778293065183,1778293065183.jpg,590,g,sonnet sweep,0,1,0,0,,,,0,0,0,grams (g),.58999997,590,g,log10 median,camote tops,bundle,AKLAN,ALTAVAS,Altavas Public Market,Jocelyn Sari Sari Store,OXIX1GOX,,,,,,,,.59,,,,,,590,,,,,scale_with_item,,,,,clear,,,,,,,,medium_size
12,1778292951682,1778292951682.jpg,90,g,sonnet sweep,0,1,0,0,,,,0,0,0,grams (g),.090000004,90,g,log10 median,carrot,pieces or units,AKLAN,ALTAVAS,Altavas Public Market,Jocelyn Sari Sari Store,2W62R7ZS,,,,,,,,.09,,,,,,90,,,,,scale_with_item,,,,,clear,,,,,,,,small_size
13,1778292969948,1778292969948.jpg,180,g,sonnet sweep,0,1,0,0,,,,0,0,0,grams (g),.18000001,180,g,log10 median,carrot,pieces or units,AKLAN,ALTAVAS,Altavas Public Market,Jocelyn Sari Sari Store,2W62R7ZS,,,,,,,,.18,,,,,,180,,,,,scale_with_item,,,,,clear,,,,,,,,medium_size
14,1778292531547,1778292531547.jpg,90,g,sonnet sweep,0,1,0,0,,,,0,0,0,grams (g),.090000004,90,g,log10 median,carrot,pieces or units,AKLAN,ALTAVAS,Altavas Public Market,Arnel Store,2ZFVEU39,,,,,,,,.09,,,,,,90,,,,,scale_with_item,,,,,clear,,,,,,,,small_size
15,1778292547469,1778292547469.jpg,230,g,sonnet sweep,0,1,0,0,,,,0,0,0,grams (g),.23,230,g,log10 median,carrot,pieces or units,AKLAN,ALTAVAS,Altavas Public Market,Arnel Store,2ZFVEU39,,,,,,,,.23,,,,,,230,,,,,scale_with_item,,,,,clear,,,,,,,,medium_size
16,1778292568459,1778292568459.jpg,630,g,sonnet sweep,0,1,0,0,,,,0,0,0,grams (g),.63,630,g,log10 median,carrot,pieces or units,AKLAN,ALTAVAS,Altavas Public Market,Arnel Store,2ZFVEU39,,,,,,,,.63,,,,,,630,,,,,scale_with_item,,,,,clear,,,,,,,,large_size
17,1778295212989,1778295212989.jpg,125,g,sonnet sweep,0,1,0,0,,,,0,0,0,grams (g),.125,125,g,log10 median,carrot,pieces or units,AKLAN,ALTAVAS,Altavas Public Market,Anadhel Vegetable Stall,VA7YBFU9,,,,,,,,.125,,,,,,125,,,,,scale_with_item,,,,,clear,,,,,,,,small_size
18,1778297854249,1778297854249.jpg,390,g,sonnet sweep,0,1,0,0,,,,0,0,0,grams (g),.38999999,390,g,log10 median,chicken,pieces or units,AKLAN,ALTAVAS,Altavas Public Market,Jindel Delantar Chicken Stall,7SKCJL2Y,,,,,,,,.39,,,,,,390,,,,,scale_with_item,,,,,clear,,,,,,,,small_size
19,1778297424496,1778297424496.jpg,500,g,sonnet sweep,0,1,0,0,,,,0,0,0,grams (g),.5,500,g,log10 median,chicken,pieces or units,AKLAN,ALTAVAS,Altavas Public Market,Jonard Processed Meat Stand,VN693IUL,,,,,,,,.5,,,,,,500,,,,,scale_with_item,,,,,clear,,,,,,,,medium_size
35,1778297064811,1778297064811.jpg,95,g,sonnet sweep,0,1,0,0,,,,0,0,0,grams (g),.094999999,95,g,log10 median,fresh fish,pieces or units,AKLAN,ALTAVAS,Altavas Public Market,Efren Fish Stand,50AQAGHS,,,,,,,,.095,,,,,,95,,,,,scale_with_item,,,,,clear,,,,,,,,small_size
36,1778298930683,1778298930683.jpg,240,g,sonnet sweep,0,1,0,0,,,,0,0,0,grams (g),.23999999,240,g,log10 median,fresh fish,pieces or units,AKLAN,ALTAVAS,Altavas Public Market,Mercedes Fish Stall,LR8M2IQQ,,,,,,,,.24,,,,,,240,,,,,scale_with_item,,,,,clear,,,,,,,,small_size
37,1778296827222,1778296827222.jpg,95,g,sonnet sweep,0,1,0,0,,,,0,0,0,grams (g),.094999999,95,g,log10 median,fresh fish,pieces or units,AKLAN,ALTAVAS,Altavas Public Market,Maribeth Fish Stand,Y5WFBW91,,,,,,,,.095,,,,,,95,,,,,scale_with_item,,,,,clear,,,,,,,,small_size
40,1778471382101,1778471382101.jpg,375,mL,package label (mL),0,1,1,1,375 mL,375,mL,1,0,1,grams (g),375,375,mL,log10 median,"liquor (e.g, whisky, coconut wine)",lipid/lapad,AKLAN,ALTAVAS,Poblacion Altavas Talipapa,Murayan Corner,6VIPFDEN,,,,,,,,,,,,,,,,,,,item_no_scale,,,,,not_visible,,,,,375 mL,,,medium_size
41,1778469570765,1778469570765.jpg,375,mL,package label (mL),0,1,1,1,375 mL,375,mL,1,0,1,grams (g),375,375,mL,log10 median,"liquor (e.g, whisky, coconut wine)",lipid/lapad,AKLAN,ALTAVAS,Gen.St.Poblacion Altavas Roadside,Czen Gaming and Cafe,VT42IAOO,,,,,,,,,,,,,,,,,,,item_no_scale,,,,,not_visible,,,,,375 mL,,,medium_size
42,1778472655168,1778472655168.jpg,375,mL,package label (mL),0,1,1,1,375 mL,375,mL,1,0,1,grams (g),375,375,mL,log10 median,"liquor (e.g, whisky, coconut wine)",lipid/lapad,AKLAN,ALTAVAS,Altavas Public Market,MJ Store,XD7YOLJL,,,,,,,,,,,,,,,,,,,item_no_scale,,,,,not_visible,,,,,375 mL,,,medium_size
44,1778470575472,1778470575472.jpg,750,mL,package label (mL),0,1,1,1,750 mL,750,mL,1,0,1,grams (g),750,750,mL,log10 median,"liquor (e.g, whisky, coconut wine)",long-neck,AKLAN,ALTAVAS,Poblacion Altavas Roadside,Gonzales Store,DOBJS7LZ,,,,,,,,,,,,,,,,,,,item_no_scale,,,,,not_visible,,,,,750 mL,,,municipality_median
45,1778471435461,1778471435461.jpg,750,mL,package label (mL),0,1,1,1,750 mL,750,mL,1,0,1,grams (g),750,750,mL,log10 median,"liquor (e.g, whisky, coconut wine)",long-neck,AKLAN,ALTAVAS,Poblacion Altavas Talipapa,Murayan Corner,G3JEYN17,,,,,,,,,,,,,,,,,,,item_no_scale,,,,,not_visible,,,,,750 mL,,,municipality_median
46,1778472603675,1778472603675.jpg,750,mL,package label (mL),0,1,1,1,750 mL,750,mL,1,0,1,grams (g),750,750,mL,log10 median,"liquor (e.g, whisky, coconut wine)",long-neck,AKLAN,ALTAVAS,Altavas Public Market,MJ Store,GHU5XB4P,,,,,,,,,,,,,,,,,,,label_closeup,,,,,not_visible,,,,,750 mL,,,municipality_median
58,1778470011633,1778470011633.jpg,160,g,sonnet sweep,0,1,0,0,,,,0,0,0,grams (g),.16,160,g,block governs,pork,slice,AKLAN,ALTAVAS,Gen.Luna St.Poblacion Altavas Talipapa,Zonio Meat Shop,D52LQX3N,,,,,,,,.16,,,,,,160,,,,,scale_with_item,,,,,clear,,,,,,,,small_size
59,1778298981027,1778298981027.jpg,180,g,sonnet sweep,0,1,0,0,,,,0,0,0,grams (g),.18000001,180,g,log10 median,"prawns, lobster, shrimp",tumpok,AKLAN,ALTAVAS,Altavas Public Market,Mercedes Fish Stall,3Q0DDF1E,,,,,,,,.18,,,,,,180,,,,,scale_with_item,,,,,clear,,,,,,,,conventional_nsu
60,1778296610754,1778296610754.jpg,130,g,sonnet sweep,0,1,0,0,,,,0,0,0,grams (g),.13,130,g,log10 median,"prawns, lobster, shrimp",tumpok,AKLAN,ALTAVAS,Altavas Public Market,Gina Fish Stand,N7Q4YMPG,,,,,,,,.13,,,,,,130,,,,,scale_with_item,,,,,clear,,,,,,,,conventional_nsu
61,1778296878188,1778296878188.jpg,135,g,sonnet sweep,0,1,0,0,,,,0,0,0,grams (g),.13500001,135,g,log10 median,"prawns, lobster, shrimp",tumpok,AKLAN,ALTAVAS,Altavas Public Market,Maribeth Fish Stand,QLZJDC75,,,,,,,,.135,,,,,,135,,,,,scale_with_item,,,,,clear,,,,,,,,conventional_nsu
62,1778296289481,1778296289481.jpg,65,g,sonnet sweep,0,1,0,0,,,,0,0,0,grams (g),.064999998,65,g,log10 median,"preserved or processed meat (tocino, tapa, longaniza, etc)",pieces or units,AKLAN,ALTAVAS,Altavas Public Market,TOCZ Store,H3945VYR,,,,,,,,.065,,,,,,65,,,,,scale_with_item,,,,,clear,,,,,,,,municipality_median
63,1778297547324,1778297547324.jpg,70,g,sonnet sweep,0,1,0,0,,,,0,0,0,grams (g),.07,70,g,log10 median,"preserved or processed meat (tocino, tapa, longaniza, etc)",pieces or units,AKLAN,ALTAVAS,Altavas Public Market,Jonard Processed Meat Stand,KZEV32OO,,,,,,,,.07,,,,,,70,,,,,scale_with_item,,,,,clear,,,,,,,,municipality_median
64,1778297934439,1778297934439.jpg,,,,0,0,0,0,,,,0,0,0,grams (g),.07,70,g,log10 median,"preserved or processed meat (tocino, tapa, longaniza, etc)",pieces or units,AKLAN,ALTAVAS,Altavas Public Market,Jindel Delantar Chicken Stall,VMA9Y4L3,,,,,,,,,,,,,,,,,,,scale_with_item,,,,,ambiguous,,,,,,,,municipality_median
71,1778207894293,1778207894293.jpg,500,g,human,1,1,0,0,,,,0,0,0,grams (g),.5,500,g,log10 median,cabbage,pieces or units,AKLAN,BANGA,Libas Banga Talipapa,Dante Store,9A4Q1VUI,.5,0.5,scale,1,,,,,,,500,,,,,,scale_with_item,,,,scale_with_item,not_visible,,,,not_visible,,,,,,small_size
72,1778207913516,1778207913516.jpg,708,g,sonnet sweep,0,1,0,0,,,,0,0,0,grams (g),.70999998,710,g,log10 median,cabbage,pieces or units,AKLAN,BANGA,Libas Banga Talipapa,Dante Store,9A4Q1VUI,,,,,,,,.708,,,,,,708,,,,,scale_with_item,,,,,probable,,,,,,,,medium_size
76,1778121004546,1778121004546.jpg,360,g,sonnet sweep,0,1,0,0,,,,0,0,0,grams (g),.36000001,360,g,log10 median,cabbage,pieces or units,AKLAN,BANGA,Bacan Banga Talipapa,Ashlei Meat and Vegetable Trading,GX2FFSQG,,,,,,,,.36,,,,,,360,,,,,scale_with_item,,,,,clear,,,,,,,,small_size
77,1778121024706,1778121024706.jpg,760,g,sonnet sweep,0,1,0,0,,,,0,0,0,grams (g),.75999999,760,g,log10 median,cabbage,pieces or units,AKLAN,BANGA,Bacan Banga Talipapa,Ashlei Meat and Vegetable Trading,GX2FFSQG,,,,,,,,.76,,,,,,760,,,,,scale_with_item,,,,,clear,,,,,,,,medium_size
78,1778117431003,1778117431003.jpg,275,g,sonnet sweep,0,1,0,0,,,,0,0,0,grams (g),.27500001,275,g,log10 median,cabbage,pieces or units,AKLAN,BANGA,Banga Public Market,Rona Vegetable Store,MVTFUO0O,,,,,,,,.275,,,,,,275,,,,,scale_with_item,,,,,clear,,,,,,,,small_size
79,1778117455605,1778117455605.jpg,795,g,sonnet sweep,0,1,0,0,,,,0,0,0,grams (g),.79500002,795,g,log10 median,cabbage,pieces or units,AKLAN,BANGA,Banga Public Market,Rona Vegetable Store,MVTFUO0O,,,,,,,,.795,,,,,,795,,,,,scale_with_item,,,,,clear,,,,,,,,medium_size
82,1778206201155,1778206201155.jpg,390,g,sonnet sweep,0,1,0,0,,,,0,0,0,grams (g),.33000001,330,g,log10 median,cabbage,pieces or units,AKLAN,BANGA,Brgy.Tabayon Banga Roadside,Dionesio Store,T3MJNM8T,,,,,,,,.39,,,,,,390,,,,,scale_with_item,,,,,clear,,,,,,,,small_size
83,1778206241900,1778206241900.jpg,,,,0,0,0,0,,,,0,0,0,grams (g),.85500002,855,g,log10 median,cabbage,pieces or units,AKLAN,BANGA,Brgy.Tabayon Banga Roadside,Dionesio Store,T3MJNM8T,,,,,,,,,,,,,,,,,,,scale_with_item,,,,,ambiguous,,,,,,,,medium_size
84,1778121779159,1778121779159.jpg,475,g,sonnet sweep,0,1,0,0,,,,0,0,0,grams (g),.47499999,475,g,log10 median,cabbage,pieces or units,AKLAN,BANGA,Libas Banga Talipapa,Kim Fruit and Vegetable Store,WE4LTI5N,,,,,,,,.475,,,,,,475,,,,,scale_with_item,,,,,clear,,,,,,,,small_size
90,1778204839924,1778204839924.jpg,335,g,sonnet sweep,0,1,0,0,,,,0,0,0,grams (g),.33500001,335,g,log10 median,camote tops,bundle,AKLAN,BANGA,Libas Banga Roadside,Richard Store,BO1MDJW3,,,,,,,,.335,,,,,,335,,,,,scale_with_item,,,,,clear,,,,,,,,conventional_nsu
91,1778122431459,1778122431459.jpg,,,,0,0,0,0,,,,0,0,0,grams (g),.79000002,790,g,log10 median,camote tops,bundle,AKLAN,BANGA,Libas Banga Talipapa,Lyre Variety Store,NOC31PB8,,,,,,,,,,,,,,,,,,,scale_with_item,,,,,ambiguous,,,,,,,,conventional_nsu
96,1778122218230,1778122218230.jpg,910,g,sonnet sweep,0,1,0,0,,,,0,0,0,grams (g),.91000003,910,g,block governs,carrot,pieces or units,AKLAN,BANGA,Bacan Banga Talipapa,Lyre Variety Store,2J9XWORY,,,,,,,,.91,,,,,,910,,,,,scale_with_item,,,,,clear,,,,,,,,medium_size
97,1778122283095,1778122283095.jpg,,,,0,0,0,0,,,,0,0,0,grams (g),.18000001,180,g,log10 median,carrot,pieces or units,AKLAN,BANGA,Libas Banga Talipapa,Lyre Variety Store,8647D7PJ,,,,,,,,,,,,,,,,,,,scale_with_item,,,,,not_visible,,,,,,,,small_size
98,1778121094914,1778121094914.jpg,85,g,sonnet sweep,0,1,0,0,,,,0,0,0,grams (g),.085000001,85,g,log10 median,carrot,pieces or units,AKLAN,BANGA,Libas Banga Talipapa,Ashlei Meat and Vegetable Trading,B4X1QL09,,,,,,,,.085,,,,,,85,,,,,scale_with_item,,,,,clear,,,,,,,,small_size
99,1778121112306,1778121112306.jpg,130,g,sonnet sweep,0,1,0,0,,,,0,0,0,grams (g),.13,130,g,log10 median,carrot,pieces or units,AKLAN,BANGA,Libas Banga Talipapa,Ashlei Meat and Vegetable Trading,B4X1QL09,,,,,,,,.13,,,,,,130,,,,,scale_with_item,,,,,clear,,,,,,,,medium_size
100,1778206320808,1778206320808.jpg,135,g,sonnet sweep,0,1,0,0,,,,0,0,0,grams (g),.13500001,135,g,log10 median,carrot,pieces or units,AKLAN,BANGA,Libas Banga Roadside,Dionesio Store,GFFE25K0,,,,,,,,.135,,,,,,135,,,,,scale_with_item,,,,,clear,,,,,,,,small_size
101,1778206343210,1778206343210.jpg,206,g,sonnet sweep,0,1,0,0,,,,0,0,0,grams (g),.205,205,g,log10 median,carrot,pieces or units,AKLAN,BANGA,Libas Banga Roadside,Dionesio Store,GFFE25K0,,,,,,,,.206,,,,,,206,,,,,scale_with_item,,,,,clear,,,,,,,,medium_size
102,1778118972103,1778118972103.jpg,105,g,sonnet sweep,0,1,0,0,,,,0,0,0,grams (g),.105,105,g,log10 median,carrot,pieces or units,AKLAN,BANGA,Banga Public Market,Geniefe redecio store,O0RU4CRR,,,,,,,,.105,,,,,,105,,,,,scale_with_item,,,,,clear,,,,,,,,small_size
103,1778118987054,1778118987054.jpg,220,g,sonnet sweep,0,1,0,0,,,,0,0,0,grams (g),.22,220,g,log10 median,carrot,pieces or units,AKLAN,BANGA,Banga Public Market,Geniefe redecio store,O0RU4CRR,,,,,,,,.22,,,,,,220,,,,,scale_with_item,,,,,clear,,,,,,,,medium_size
104,1778204764576,1778204764576.jpg,155,g,sonnet sweep,0,1,0,0,,,,0,0,0,grams (g),.155,155,g,log10 median,carrot,pieces or units,AKLAN,BANGA,Libas Banga Roadside,Richard Store,PPFED4ZH,,,,,,,,.155,,,,,,155,,,,,scale_with_item,,,,,clear,,,,,,,,small_size
105,1778204787227,1778204787227.jpg,215,g,sonnet sweep,0,1,0,0,,,,0,0,0,grams (g),.27500001,275,g,log10 median,carrot,pieces or units,AKLAN,BANGA,Libas Banga Roadside,Richard Store,PPFED4ZH,,,,,,,,.215,,,,,,215,,,,,scale_with_item,,,,,clear,,,,,,,,medium_size
106,1778118596815,1778118596815.jpg,85,g,sonnet sweep,0,1,0,0,,,,0,0,0,grams (g),.085000001,85,g,log10 median,carrot,pieces or units,AKLAN,BANGA,Banga Public Market,Androdel Vegetable Stand,Q7NJK7D0,,,,,,,,.085,,,,,,85,,,,,scale_with_item,,,,,clear,,,,,,,,small_size
107,1778118609675,1778118609675.jpg,145,g,sonnet sweep,0,1,0,0,,,,0,0,0,grams (g),.145,145,g,log10 median,carrot,pieces or units,AKLAN,BANGA,Banga Public Market,Androdel Vegetable Stand,Q7NJK7D0,,,,,,,,.145,,,,,,145,,,,,scale_with_item,,,,,clear,,,,,,,,medium_size
108,1778118622131,1778118622131.jpg,200,g,sonnet sweep,0,1,0,0,,,,0,0,0,grams (g),.2,200,g,log10 median,carrot,pieces or units,AKLAN,BANGA,Banga Public Market,Androdel Vegetable Stand,Q7NJK7D0,,,,,,,,.2,,,,,,200,,,,,scale_with_item,,,,,clear,,,,,,,,large_size
109,1778117223598,1778117223598.jpg,120,g,sonnet sweep,0,1,0,0,,,,0,0,0,grams (g),.12,120,g,log10 median,carrot,pieces or units,AKLAN,BANGA,Banga Public Market,Ruth Vegetable Store,UN0V18XQ,,,,,,,,.12,,,,,,120,,,,,scale_with_item,,,,,clear,,,,,,,,small_size
110,1778117239723,1778117239723.jpg,205,g,human,1,1,0,0,,,,0,0,0,grams (g),.205,205,g,log10 median,carrot,pieces or units,AKLAN,BANGA,Banga Public Market,Ruth Vegetable Store,UN0V18XQ,.205,0.205,scale,0,,.205,.205,,,.205,205,205,205,,,205,scale_with_item,scale_with_item,,,scale_with_item,clear,clear,,,clear,,,,,,medium_size
111,1778121830667,1778121830667.jpg,125,g,sonnet sweep,0,1,0,0,,,,0,0,0,grams (g),.125,125,g,log10 median,carrot,pieces or units,AKLAN,BANGA,Libas Banga Talipapa,Kim Fruit and Vegetable Store,YG9LDYV5,,,,,,,,.125,,,,,,125,,,,,scale_with_item,,,,,clear,,,,,,,,small_size
112,1778118221302,1778118221302.jpg,685,g,sonnet sweep,0,1,0,0,,,,0,0,0,grams (g),.685,685,g,log10 median,chicken,pieces or units,AKLAN,BANGA,Banga Public Market,Jenny Meat Stand,685SLXF0,,,,,,,,.6850000000000001,,,,,,685,,,,,scale_with_item,,,,,clear,,,,,,,,medium_size
113,1778116935725,1778116935725.jpg,560,g,sonnet sweep,0,1,0,0,,,,0,0,0,grams (g),.56,560,g,log10 median,chicken,pieces or units,AKLAN,BANGA,Banga Public Market,Marian Dressed Chicken,8O5DNTHH,,,,,,,,.5600000000000001,,,,,,560,,,,,scale_with_item,,,,,clear,,,,,,,,medium_size
114,1778211382116,1778211382116.jpg,385,g,sonnet sweep,0,1,0,0,,,,0,0,0,grams (g),.38499999,385,g,log10 median,chicken,pieces or units,AKLAN,BANGA,Libas Banga Roadside,Meryl's Meat Shop,P8JF9S5U,,,,,,,,.385,,,,,,385,,,,,scale_with_item,,,,,clear,,,,,,,,small_size
115,1778125057244,1778125057244.jpg,95,g,sonnet sweep,0,1,0,0,,,,0,0,0,grams (g),.094999999,95,g,log10 median,chicken,pieces or units,AKLAN,BANGA,Jumarap Banga Roadside,Nervar Store,T535IY7Q,,,,,,,,.095,,,,,,95,,,,,scale_with_item,,,,,clear,,,,,,,,small_size
116,1778117943738,1778117943738.jpg,215,g,sonnet sweep,0,1,0,0,,,,0,0,0,grams (g),.215,215,g,log10 median,chicken,pieces or units,AKLAN,BANGA,Banga Public Market,Rhea Meat Shop,WANAF9LO,,,,,,,,.215,,,,,,215,,,,,scale_with_item,,,,,clear,,,,,,,,small_size
117,1778124728402,1778124728402.jpg,160,g,sonnet sweep,0,1,0,0,,,,0,0,0,grams (g),.16,160,g,log10 median,chicken,pieces or units,AKLAN,BANGA,Libas Banga Talipapa,Jofel Fish Stand,WKICAXTH,,,,,,,,.16,,,,,,160,,,,,scale_with_item,,,,,clear,,,,,,,,small_size
118,1778210891441,1778210891441.jpg,200,g,sonnet sweep,0,1,0,0,,,,0,0,0,grams (g),.27000001,270,g,log10 median,chicken,pieces or units,AKLAN,BANGA,Libas Banga Roadside,Len Meat Stand,YO4X20Z5,,,,,,,,.2,,,,,,200,,,,,scale_with_item,,,,,probable,,,,,,,,small_size
121,1778116807242,1778116807242.jpg,1420,g,sonnet sweep,0,1,0,0,,,,0,0,0,grams (g),1.42,1420,g,log10 median,chicken,whole (chicken),AKLAN,BANGA,Banga Public Market,Marian Dressed Chicken,34CF3XCB,,,,,,,,1.42,,,,,,1420,,,,,scale_with_item,,,,,clear,,,,,,,,large_size
139,1778205119842,1778205119842.jpg,85,g,sonnet sweep,0,1,0,0,,,,0,0,0,grams (g),.085000001,85,g,log10 median,"ice cream, sorbet, edible ice (eg., ice-lolli, halo-halo)",pieces or units,AKLAN,BANGA,Libas Banga Roadside,Richard Store,U00T5K8V,,,,,,,,.085,,,,,,85,,,,,scale_with_item,,,,,clear,,,,,,,,small_size
141,1778201901035,1778201901035.jpg,375,mL,package label (mL),0,1,1,1,375 mL,375,mL,1,0,1,grams (g),375,375,mL,log10 median,"liquor (e.g, whisky, coconut wine)",lipid/lapad,AKLAN,BANGA,Banga Public Market,Remelyn's Store,BV16TOKK,,,,,,,,,,,,,,,,,,,item_no_scale,,,,,not_visible,,,,,375 mL,,,medium_size
142,1778125537873,1778125537873.jpg,375,mL,package label (mL),0,1,1,1,375 mL,375,mL,1,0,1,grams (g),375,375,mL,log10 median,"liquor (e.g, whisky, coconut wine)",lipid/lapad,AKLAN,BANGA,Libas Banga Roadside,I and L Sari Sari Store,FERBYJB2,,,,,,,,,,,,,,,,,,,label_closeup,,,,,not_visible,,,,,375 mL,,,medium_size
143,1778207690143,1778207690143.jpg,375,mL,package label (mL),0,1,1,1,375 mL,375,mL,1,0,1,grams (g),375,375,mL,log10 median,"liquor (e.g, whisky, coconut wine)",lipid/lapad,AKLAN,BANGA,Libas Banga Roadside,PJ Store,IVNW1BC2,,,,,,,,,,,,,,,,,,,item_no_scale,,,,,not_visible,,,,,375 mL,,,medium_size
144,1778206713992,1778206713992.jpg,375,mL,package label (mL),0,1,1,1,375 ml,375,mL,1,0,1,grams (g),375,375,mL,log10 median,"liquor (e.g, whisky, coconut wine)",lipid/lapad,AKLAN,BANGA,Libas Banga Roadside,Dionesio Store,W9GF3B39,,,,,,,,,,,,,,,,,,,item_no_scale,,,,,not_visible,,,,,375 ml,,,medium_size
145,1778208055011,1778208055011.jpg,375,mL,package label (mL),0,1,1,1,375 mL,375,mL,1,0,1,grams (g),375,375,mL,log10 median,"liquor (e.g, whisky, coconut wine)",lipid/lapad,AKLAN,BANGA,Libas Banga Talipapa,Dante Store,XAJZ6LW2,,,,,,,,,,,,,,,,,,,item_no_scale,,,,,not_visible,,,,,375 mL,,,medium_size
146,1778126959908,1778126959908.jpg,375,mL,package label (mL),0,1,1,1,375 mL,375,mL,1,0,1,grams (g),375,375,mL,log10 median,"liquor (e.g, whisky, coconut wine)",lipid/lapad,AKLAN,BANGA,Banga Public Market,Daki Store,ZTRR8X8N,,,,,,,,,,,,,,,,,,,item_no_scale,,,,,not_visible,,,,,375 mL,,,medium_size
147,1778201828553,1778201828553.jpg,750,mL,package label (mL),0,1,1,1,750 mL,750,mL,1,0,1,grams (g),750,750,mL,log10 median,"liquor (e.g, whisky, coconut wine)",long-neck,AKLAN,BANGA,Banga Public Market,Remelyn's Store,2MW0IK32,,,,,,,,,,,,,,,,,,,item_no_scale,,,,,not_visible,,,,,750 mL,,,large_size
148,1778125483806,1778125483806.jpg,,,,0,0,0,0,,,,0,0,0,grams (g),750,750,mL,log10 median,"liquor (e.g, whisky, coconut wine)",long-neck,AKLAN,BANGA,Brgy.Mambog Banga Roadside,I and L Sari Sari Store,3G9A47TL,,,,,,,,,,,,,,,,,,,item_no_scale,,,,,not_visible,,,,,,,,large_size
149,1778206671843,1778206671843.jpg,750,mL,package label (mL),0,1,1,1,750 mL,750,mL,1,0,1,grams (g),750,750,mL,log10 median,"liquor (e.g, whisky, coconut wine)",long-neck,AKLAN,BANGA,Libas Banga Roadside,Dionesio Store,944SN9D9,,,,,,,,,,,,,,,,,,,item_no_scale,,,,,not_visible,,,,,750 mL,,,large_size
150,1778119593570,1778119593570.jpg,750,mL,package label (mL),0,1,1,1,750 mL,750,mL,1,0,1,grams (g),750,750,mL,log10 median,"liquor (e.g, whisky, coconut wine)",long-neck,AKLAN,BANGA,Banga Public Market,Abayon Grocery Commercial,F1POFNIB,,,,,,,,,,,,,,,,,,,label_closeup,,,,,not_visible,,,,,750 mL,,,large_size
151,1778126894676,1778126894676.jpg,,,,0,0,0,0,,,,0,0,0,grams (g),750,750,mL,log10 median,"liquor (e.g, whisky, coconut wine)",long-neck,AKLAN,BANGA,Banga Public Market,Daki Store,JI6145KK,,,,,,,,,,,,,,,,,,,item_no_scale,,,,,not_visible,,,,,,,,large_size
152,1778207997203,1778207997203.jpg,750,mL,package label (mL),0,1,1,1,750 mL,750,mL,1,0,1,grams (g),750,750,mL,log10 median,"liquor (e.g, whisky, coconut wine)",long-neck,AKLAN,BANGA,Libas Banga Talipapa,Dante Store,M240JV0I,,,,,,,,,,,,,,,,,,,item_no_scale,,,,,not_visible,,,,,750 mL,,,large_size
153,1778207630817,1778207630817.jpg,750,mL,package label (mL),0,1,1,1,750 mL,750,mL,1,0,1,grams (g),750,750,mL,log10 median,"liquor (e.g, whisky, coconut wine)",long-neck,AKLAN,BANGA,Libas Banga Roadside,PJ Store,M6462FRM,,,,,,,,,,,,,,,,,,,item_no_scale,,,,,not_visible,,,,,750 mL,,,large_size
156,1778122346276,1778122346276.jpg,,,,0,0,0,0,,,,0,0,0,grams (g),.48500001,485,g,log10 median,loaf bread,medium packs,AKLAN,BANGA,Libas Banga Talipapa,Lyre Variety Store,AP5TSKIL,,,,,,,,,,,,,,,,,,,scale_with_item,,,,,not_visible,,,,,,,,medium_size
165,1778127401460,1778127401460.jpg,260,g,sonnet sweep,0,1,0,0,,,,0,0,0,grams (g),.25999999,260,g,log10 median,mango,pieces or units,AKLAN,BANGA,Banga Public Market,Jecella Fruit Stand,1Q0G9KCM,,,,,,,,.26,,,,,,260,,,,,scale_with_item,,,,,clear,,,,,,,,medium_size
166,1778127561352,1778127561352.jpg,350,g,sonnet sweep,0,1,0,0,,,,0,0,0,grams (g),.34999999,350,g,log10 median,mango,pieces or units,AKLAN,BANGA,Banga Public Market,Glen Fruit Stand,DBAY2LRB,,,,,,,,.35,,,,,,350,,,,,scale_with_item,,,,,probable,,,,,,,,medium_size
167,1778205746623,1778205746623.jpg,155,g,sonnet sweep,0,1,0,0,,,,0,0,0,grams (g),.155,155,g,log10 median,mango,pieces or units,AKLAN,BANGA,Libas Banga Talipapa,Jaw Prutasan,WUV93W58,,,,,,,,.155,,,,,,155,,,,,scale_with_item,,,,,clear,,,,,,,,small_size
168,1778205789361,1778205789361.jpg,,,,0,0,0,0,,,,0,0,0,grams (g),.215,215,g,log10 median,mango,pieces or units,AKLAN,BANGA,Libas Banga Talipapa,Jaw Prutasan,WUV93W58,,,,,,,,,,,,,,,,,,,scale_with_item,,,,,ambiguous,,,,,,,,medium_size
169,1778205819178,1778205819178.jpg,340,g,sonnet sweep,0,1,0,0,,,,0,0,0,grams (g),.34,340,g,log10 median,mango,pieces or units,AKLAN,BANGA,Libas Banga Talipapa,Jaw Prutasan,WUV93W58,,,,,,,,.34,,,,,,340,,,,,scale_with_item,,,,,clear,,,,,,,,large_size
316,1777261605829,1777261605829.jpg,375,g,sonnet sweep,0,1,0,0,,,,0,0,0,grams (g),.375,375,g,log10 median,cabbage,pieces or units,AKLAN,BURUANGA,Buruanga Public Market,Judy Ann Vegetable and Fruit Stand,KYVM5EY9,,,,,,,,.375,,,,,,375,,,,,scale_with_item,,,,,clear,,,,,,,,small_size
317,1777261628116,1777261628116.jpg,625,g,sonnet sweep,0,1,0,0,,,,0,0,0,grams (g),.625,625,g,log10 median,cabbage,pieces or units,AKLAN,BURUANGA,Buruanga Public Market,Judy Ann Vegetable and Fruit Stand,KYVM5EY9,,,,,,,,.625,,,,,,625,,,,,scale_with_item,,,,,clear,,,,,,,,medium_size
318,1777261647519,1777261647519.jpg,860,g,sonnet sweep,0,1,0,0,,,,0,0,0,grams (g),.86000001,860,g,log10 median,cabbage,pieces or units,AKLAN,BURUANGA,Buruanga Public Market,Judy Ann Vegetable and Fruit Stand,KYVM5EY9,,,,,,,,.86,,,,,,860,,,,,scale_with_item,,,,,clear,,,,,,,,large_size
319,1777951176678,1777951176678.jpg,385,g,sonnet sweep,0,1,0,0,,,,0,0,0,grams (g),.38499999,385,g,log10 median,cabbage,pieces or units,AKLAN,BURUANGA,Alegria Buruanga Talipapa,NOVO's Sari Sari  Store,N3LTQJV6,,,,,,,,.385,,,,,,385,,,,,scale_with_item,,,,,clear,,,,,,,,small_size
320,1777951196406,1777951196406.jpg,790,g,sonnet sweep,0,1,0,0,,,,0,0,0,grams (g),.79000002,790,g,log10 median,cabbage,pieces or units,AKLAN,BURUANGA,Alegria Buruanga Talipapa,NOVO's Sari Sari  Store,N3LTQJV6,,,,,,,,.79,,,,,,790,,,,,scale_with_item,,,,,probable,,,,,,,,medium_size
321,1777262622909,1777262622909.jpg,535,g,sonnet sweep,0,1,0,0,,,,0,0,0,grams (g),.53500003,535,g,log10 median,cabbage,pieces or units,AKLAN,BURUANGA,Buruanga Public Market,Sonny Vegetable Stand,PG4ETB2C,,,,,,,,.535,,,,,,535,,,,,scale_with_item,,,,,clear,,,,,,,,small_size
322,1777262649463,1777262649463.jpg,940,g,sonnet sweep,0,1,0,0,,,,0,0,0,grams (g),.94,940,g,log10 median,cabbage,pieces or units,AKLAN,BURUANGA,Buruanga Public Market,Sonny Vegetable Stand,PG4ETB2C,,,,,,,,.9399999999999999,,,,,,940,,,,,scale_with_item,,,,,clear,,,,,,,,medium_size
323,1777948595873,1777948595873.jpg,395,g,sonnet sweep,0,1,0,0,,,,0,0,0,grams (g),.35499999,355,g,log10 median,cabbage,pieces or units,AKLAN,BURUANGA,Brgy.Tigum Buruanga Talipapa,JUNVI Variety Store,TJYM76GP,,,,,,,,.395,,,,,,395,,,,,scale_with_item,,,,,clear,,,,,,,,small_size
324,1777261959607,1777261959607.jpg,260,g,sonnet sweep,0,1,0,0,,,,0,0,0,grams (g),.25999999,260,g,log10 median,cabbage,small packs,AKLAN,BURUANGA,Buruanga Public Market,Judy Ann Vegetable and Fruit Stand,5RW3WA03,,,,,,,,.26,,,,,,260,,,,,scale_with_item,,,,,clear,,,,,,,,small_size
325,1777262390398,1777262390398.jpg,235,g,sonnet sweep,0,1,0,0,,,,0,0,0,grams (g),.235,235,g,log10 median,cabbage,small packs,AKLAN,BURUANGA,Buruanga Public Market,Ma.Cristina Vegetable Stand,MBMDRBYX,,,,,,,,.235,,,,,,235,,,,,scale_with_item,,,,,clear,,,,,,,,small_size
326,1777262784802,1777262784802.jpg,190,g,sonnet sweep,0,1,0,0,,,,0,0,0,grams (g),.19,190,g,log10 median,cabbage,small packs,AKLAN,BURUANGA,Buruanga Public Market,Sonny Vegetable Stand,Z6AQJHWS,,,,,,,,.19,,,,,,190,,,,,scale_with_item,,,,,clear,,,,,,,,small_size
328,1777950318584,1777950318584.jpg,700,g,sonnet sweep,0,1,0,0,,,,0,0,0,grams (g),.69999999,700,g,log10 median,camote tops,bundle,AKLAN,BURUANGA,Pasadero St.Poblacion Roadside,Maria's Variety Store,UTAM8ECP,,,,,,,,.7,,,,,,700,,,,,scale_with_item,,,,,clear,,,,,,,,conventional_nsu
329,1777948789987,1777948789987.jpg,,,,0,0,0,0,,,,0,0,0,grams (g),.1,100,g,log10 median,camote,binilog,AKLAN,BURUANGA,Brgy.Tigum Buruanga Talipapa,JUNVI Variety Store,11ZU5GXO,,,,,,,,,,,,,,,,,,,scale_with_item,,,,,ambiguous,,,,,,,,small_size
330,1777262323715,1777262323715.jpg,60,g,sonnet sweep,0,1,0,0,,,,0,0,0,grams (g),.059999999,60,g,log10 median,camote,binilog,AKLAN,BURUANGA,Buruanga Public Market,Ma.Cristina Vegetable Stand,45SYAIT7,,,,,,,,.06,,,,,,60,,,,,scale_with_item,,,,,clear,,,,,,,,small_size
331,1777262842979,1777262842979.jpg,100,g,sonnet sweep,0,1,0,0,,,,0,0,0,grams (g),.1,100,g,log10 median,camote,binilog,AKLAN,BURUANGA,Buruanga Public Market,Sonny Vegetable Stand,8EYYOCHC,,,,,,,,.1,,,,,,100,,,,,scale_with_item,,,,,clear,,,,,,,,small_size
332,1777950920797,1777950920797.jpg,,,,0,0,0,0,,,,0,0,0,grams (g),.085000001,85,g,log10 median,camote,binilog,AKLAN,BURUANGA,Pasadero St.Poblacion Roadside,Maria's Variety Store,E0TNWNHG,,,,,,,,,,,,,,,,,,,scale_with_item,,,,,not_visible,,,,,,,,small_size
333,1777950951453,1777950951453.jpg,,,,0,0,0,0,,,,0,0,0,grams (g),.18000001,180,g,log10 median,camote,binilog,AKLAN,BURUANGA,Pasadero St.Poblacion Roadside,Maria's Variety Store,E0TNWNHG,,,,,,,,,,,,,,,,,,,scale_with_item,,,,,not_visible,,,,,,,,medium_size
334,1777951342485,1777951342485.jpg,50,g,sonnet sweep,0,1,0,0,,,,0,0,0,grams (g),.050000001,50,g,log10 median,camote,binilog,AKLAN,BURUANGA,Brgy.Tigum Buruanga Talipapa,NOVO's Sari Sari  Store,OIHJ9COL,,,,,,,,.05,,,,,,50,,,,,scale_with_item,,,,,clear,,,,,,,,small_size
335,1777951388200,1777951388200.jpg,130,g,sonnet sweep,0,1,0,0,,,,0,0,0,grams (g),.13,130,g,log10 median,camote,binilog,AKLAN,BURUANGA,Brgy.Tigum Buruanga Talipapa,NOVO's Sari Sari  Store,OIHJ9COL,,,,,,,,.13,,,,,,130,,,,,scale_with_item,,,,,clear,,,,,,,,medium_size
336,1777261886207,1777261886207.jpg,115,g,sonnet sweep,0,1,0,0,,,,0,0,0,grams (g),.115,115,g,log10 median,camote,binilog,AKLAN,BURUANGA,Buruanga Public Market,Judy Ann Vegetable and Fruit Stand,UW8VWY7M,,,,,,,,.115,,,,,,115,,,,,scale_with_item,,,,,clear,,,,,,,,small_size
337,1777948736601,1777948736601.jpg,,,,0,0,0,0,,,,0,0,0,grams (g),.085000001,85,g,log10 median,carrot,pieces or units,AKLAN,BURUANGA,Brgy.Tigum Buruanga Talipapa,JUNVI Variety Store,93P0LO7W,,,,,,,,,,,,,,,,,,,scale_with_item,,,,,not_visible,,,,,,,,small_size
338,1777950036288,1777950036288.jpg,85,g,sonnet sweep,0,1,0,0,,,,0,0,0,grams (g),.085000001,85,g,log10 median,carrot,pieces or units,AKLAN,BURUANGA,Pasadero St.Poblacion Roadside,Maria's Variety Store,C5WQXS2D,,,,,,,,.085,,,,,,85,,,,,scale_with_item,,,,,probable,,,,,,,,small_size
339,1777950080968,1777950080968.jpg,,,,0,0,0,0,,,,0,0,0,grams (g),.13,130,g,log10 median,carrot,pieces or units,AKLAN,BURUANGA,Pasadero St.Poblacion Roadside,Maria's Variety Store,C5WQXS2D,,,,,,,,,,,,,,,,,,,scale_with_item,,,,,not_visible,,,,,,,,medium_size
340,1777950101519,1777950101519.jpg,,,,0,0,0,0,,,,0,0,0,grams (g),.23999999,240,g,log10 median,carrot,pieces or units,AKLAN,BURUANGA,Pasadero St.Poblacion Roadside,Maria's Variety Store,C5WQXS2D,,,,,,,,,,,,,,,,,,,scale_with_item,,,,,not_visible,,,,,,,,large_size
341,1777261769223,1777261769223.jpg,85,g,sonnet sweep,0,1,0,0,,,,0,0,0,grams (g),.085000001,85,g,log10 median,carrot,pieces or units,AKLAN,BURUANGA,Buruanga Public Market,Judy Ann Vegetable and Fruit Stand,GUOW1YPL,,,,,,,,.085,,,,,,85,,,,,scale_with_item,,,,,clear,,,,,,,,small_size
342,1777261793441,1777261793441.jpg,120,g,sonnet sweep,0,1,0,0,,,,0,0,0,grams (g),.12,120,g,log10 median,carrot,pieces or units,AKLAN,BURUANGA,Buruanga Public Market,Judy Ann Vegetable and Fruit Stand,GUOW1YPL,,,,,,,,.12,,,,,,120,,,,,scale_with_item,,,,,clear,,,,,,,,medium_size
343,1777261811460,1777261811460.jpg,205,g,sonnet sweep,0,1,0,0,,,,0,0,0,grams (g),.205,205,g,log10 median,carrot,pieces or units,AKLAN,BURUANGA,Buruanga Public Market,Judy Ann Vegetable and Fruit Stand,GUOW1YPL,,,,,,,,.205,,,,,,205,,,,,scale_with_item,,,,,clear,,,,,,,,large_size
344,1777262722627,1777262722627.jpg,90,g,sonnet sweep,0,1,0,0,,,,0,0,0,grams (g),.090000004,90,g,log10 median,carrot,pieces or units,AKLAN,BURUANGA,Buruanga Public Market,Sonny Vegetable Stand,HDMT4CJF,,,,,,,,.09,,,,,,90,,,,,scale_with_item,,,,,clear,,,,,,,,small_size
345,1777262739143,1777262739143.jpg,235,g,sonnet sweep,0,1,0,0,,,,0,0,0,grams (g),.235,235,g,log10 median,carrot,pieces or units,AKLAN,BURUANGA,Buruanga Public Market,Sonny Vegetable Stand,HDMT4CJF,,,,,,,,.235,,,,,,235,,,,,scale_with_item,,,,,clear,,,,,,,,medium_size
346,1777262235992,1777262235992.jpg,105,g,sonnet sweep,0,1,0,0,,,,0,0,0,grams (g),.105,105,g,log10 median,carrot,pieces or units,AKLAN,BURUANGA,Buruanga Public Market,Ma.Cristina Vegetable Stand,N39JM9AM,,,,,,,,.105,,,,,,105,,,,,scale_with_item,,,,,clear,,,,,,,,small_size
347,1777262250699,1777262250699.jpg,155,g,sonnet sweep,0,1,0,0,,,,0,0,0,grams (g),.155,155,g,log10 median,carrot,pieces or units,AKLAN,BURUANGA,Buruanga Public Market,Ma.Cristina Vegetable Stand,N39JM9AM,,,,,,,,.155,,,,,,155,,,,,scale_with_item,,,,,clear,,,,,,,,medium_size
348,1777262272961,1777262272961.jpg,320,g,sonnet sweep,0,1,0,0,,,,0,0,0,grams (g),.31999999,320,g,log10 median,carrot,pieces or units,AKLAN,BURUANGA,Buruanga Public Market,Ma.Cristina Vegetable Stand,N39JM9AM,,,,,,,,.32,,,,,,320,,,,,scale_with_item,,,,,clear,,,,,,,,large_size
349,1777951281719,1777951281719.jpg,145,g,sonnet sweep,0,1,0,0,,,,0,0,0,grams (g),.145,145,g,log10 median,carrot,pieces or units,AKLAN,BURUANGA,Brgy.Tigum Buruanga Talipapa,NOVO's Sari Sari  Store,OAZR615V,,,,,,,,.145,,,,,,145,,,,,scale_with_item,,,,,clear,,,,,,,,medium_size
350,1777264566880,1777264566880.jpg,605,g,sonnet sweep,0,1,0,0,,,,0,0,0,grams (g),.60000002,600,g,log10 median,chicken,pieces or units,AKLAN,BURUANGA,Buruanga Public Market,Samantha Mae Store,B13DEFPS,,,,,,,,.605,,,,,,605,,,,,scale_with_item,,,,,clear,,,,,,,,medium_size
351,1777950244310,1777950244310.jpg,,,,0,0,0,0,,,,0,0,0,grams (g),.625,625,g,log10 median,chicken,pieces or units,AKLAN,BURUANGA,Pasadero St.Poblacion Roadside,Maria's Variety Store,G5VV2V0E,,,,,,,,,,,,,,,,,,,scale_with_item,,,,,not_visible,,,,,,,,medium_size
352,1777346517743,1777346517743.jpg,,,,0,0,0,0,,,,0,0,0,grams (g),.565,565,g,log10 median,chicken,pieces or units,AKLAN,BURUANGA,Pasadero St.Poblacion Roadside,Abby Variety Store,RXFA96SY,,,,,,,,,,,,,,,,,,,scale_with_item,,,,,not_visible,,,,,,,,medium_size
358,1777265961539,1777265961539.jpg,,,,0,0,0,0,,,,0,0,0,grams (g),.94499999,945,g,log10 median,chicken,whole (chicken),AKLAN,BURUANGA,Buruanga Public Market,Abby Variety Store,TYX7AYBV,,,,,,,,,,,,,,,,,,,scale_with_item,,,,,not_visible,,,,,,,,medium_size
370,1777353538719,1777353538719.jpg,30,g,package label (g),0,1,1,0,NET WT. 30g,30,g,1,0,1,grams (g),30,30,g,block governs,"crackers, cookies, buiscuits, chips/curls",putos,AKLAN,BURUANGA,Pasadero St.Poblacion Roadside,Japis Store,6UL1PUWX,,,,,,,,,,,,,,,,,item_no_scale,,,,label_closeup,not_visible,,,,not_visible,NET WT. 30g,,,,NET WT. 50g,mp25_price
373,1777263980383,1777263980383.jpg,22.6,g,package label (g),0,1,1,0,NET WEIGHT 22.6g,22.6,g,1,0,1,grams (g),22.799999,23,g,block governs,"crackers, cookies, buiscuits, chips/curls",putos,AKLAN,BURUANGA,Buruanga Public Market,Samantha Mae Store,9HQHDRIJ,,,,,,,,,,,,,,,,,,,item_no_scale,,,,,not_visible,,,,,NET WEIGHT 22.6g,,,mp25_price
375,1777264173054,1777264173054.jpg,295.2,g,package label (g),0,1,1,0,Net Weight: 295.2g (12 x 24.6g),295.2,g,1,0,1,Litres (L),295.20001,295,g,log10 median,"crackers, cookies, buiscuits, chips/curls",putos,AKLAN,BURUANGA,Buruanga Public Market,Samantha Mae Store,9HQHDRIJ,,,,,,,,,,,,,,,,,item_no_scale,,,,label_closeup,not_visible,,,,not_visible,Net Weight: 295.2g (12 x 24.6g),,,,,mp75_price
377,1777349119131,1777349119131.jpg,90,g,package label (g),0,1,1,0,NET WT. 3.17 oz (90g),90,g,1,0,1,grams (g),90,90,g,log10 median,"crackers, cookies, buiscuits, chips/curls",putos,AKLAN,BURUANGA,Pasadero St.Poblacion Roadside,Aileen's Sari-Sari Store,HIACVBA1,,,,,,,,,,,,,,,,,item_no_scale,,,,item_no_scale,not_visible,,,,not_visible,NET WT. 3.17 oz (90g),,,,NET WT. 3.17 oz (90g),mp50_price
380,1777345381826,1777345381826.jpg,85,g,package label (g),0,1,1,0,NET WT. 3.0 oz (85g),85,g,1,0,1,Litres (L),85,85,g,log10 median,"crackers, cookies, buiscuits, chips/curls",putos,AKLAN,BURUANGA,Alegria Buruanga Roadside,Chloe Cleo Store,MADQCOGZ,,,,,,,,,,,,,,,,,item_no_scale,,,,item_no_scale,not_visible,,,,not_visible,NET WT. 3.0 oz (85g),,,,Piatto's cheese flavored potato crisps,mp50_price
390,1777268272993,1777268272993.jpg,375,mL,package label (mL),0,1,1,1,375 mL,375,mL,1,0,1,grams (g),375,375,mL,log10 median,"liquor (e.g, whisky, coconut wine)",lipid/lapad,AKLAN,BURUANGA,Pasadero St.Poblacion Roadside,Alex Store,2HOE0HBX,,,,,,,,,,,,,,,,,,,label_closeup,,,,,not_visible,,,,,375 mL,,,medium_size
391,1777345467427,1777345467427.jpg,375,mL,package label (mL),0,1,1,1,375 mL,375,mL,1,0,1,grams (g),375,375,mL,log10 median,"liquor (e.g, whisky, coconut wine)",lipid/lapad,AKLAN,BURUANGA,Pasadero St.Poblacion Roadside,Chloe Cleo Store,6495FTWN,,,,,,,,,,,,,,,,,,,item_no_scale,,,,,not_visible,,,,,375 mL,,,medium_size
392,1777347263067,1777347263067.jpg,375,mL,package label (mL),0,1,1,1,375 mL,375,mL,1,0,1,grams (g),375,375,mL,log10 median,"liquor (e.g, whisky, coconut wine)",lipid/lapad,AKLAN,BURUANGA,Brgy.Tigum Buruanga Talipapa,Quecon Convenient Store,AN4GNO8Y,,,,,,,,,,,,,,,,,,,item_no_scale,,,,,not_visible,,,,,375 mL,,,medium_size
393,1777346083586,1777346083586.jpg,375,mL,package label (mL),0,1,1,1,375 mL,375,mL,1,0,1,grams (g),375,375,mL,log10 median,"liquor (e.g, whisky, coconut wine)",lipid/lapad,AKLAN,BURUANGA,Pasadero St.Poblacion Roadside,Abby Variety Store,CRB6CP4C,,,,,,,,,,,,,,,,,,,item_no_scale,,,,,not_visible,,,,,375 mL,,,medium_size
394,1777351913450,1777351913450.jpg,250,mL,package label (mL),0,1,1,1,250 mL,250,mL,1,0,1,grams (g),250,250,mL,log10 median,"liquor (e.g, whisky, coconut wine)",lipid/lapad,AKLAN,BURUANGA,Brgy.Tigum Buruanga Talipapa,Dak Dak Mini Store,DE4JC3JZ,,,,,,,,,,,,,,,,,,,item_no_scale,,,,,not_visible,,,,,250 mL,,,small_size
395,1777265414022,1777265414022.jpg,375,mL,package label (mL),0,1,1,1,375 mL,375,mL,1,0,1,grams (g),375,375,mL,log10 median,"liquor (e.g, whisky, coconut wine)",lipid/lapad,AKLAN,BURUANGA,Buruanga Public Market,Abby Variety Store,MUYLJDTD,,,,,,,,,,,,,,,,,,,label_closeup,,,,,not_visible,,,,,375 mL,,,medium_size
396,1777348954310,1777348954310.jpg,375,mL,package label (mL),0,1,1,1,375 mL,375,mL,1,0,1,grams (g),375,375,mL,log10 median,"liquor (e.g, whisky, coconut wine)",lipid/lapad,AKLAN,BURUANGA,Pasadero St.Poblacion Roadside,Aileen's Sari-Sari Store,R5H9HC1G,,,,,,,,,,,,,,,,,,,item_no_scale,,,,,not_visible,,,,,375 mL,,,medium_size
397,1777263761511,1777263761511.jpg,375,mL,package label (mL),0,1,1,1,375 mL,375,mL,1,0,1,grams (g),375,375,mL,log10 median,"liquor (e.g, whisky, coconut wine)",lipid/lapad,AKLAN,BURUANGA,Buruanga Public Market,Samantha Mae Store,UPL1PJ23,,,,,,,,,,,,,,,,,,,item_no_scale,,,,,not_visible,,,,,375 mL,,,medium_size
398,1777347785934,1777347785934.jpg,375,mL,package label (mL),0,1,1,1,375 mL,375,mL,1,0,1,grams (g),375,375,mL,log10 median,"liquor (e.g, whisky, coconut wine)",lipid/lapad,AKLAN,BURUANGA,Alegria Buruanga Talipapa,Pamana Association Variety Store,YFUGLZYQ,,,,,,,,,,,,,,,,,,,label_closeup,,,,,not_visible,,,,,375 mL,,,medium_size
399,1777263705919,1777263705919.jpg,750,mL,package label (mL),0,1,1,1,750 mL,750,mL,1,0,1,grams (g),750,750,mL,log10 median,"liquor (e.g, whisky, coconut wine)",long-neck,AKLAN,BURUANGA,Buruanga Public Market,Samantha Mae Store,7J9LEHWZ,,,,,,,,,,,,,,,,,,,item_no_scale,,,,,not_visible,,,,,750 mL,,,large_size
400,1777346037443,1777346037443.jpg,750,mL,package label (mL),0,1,1,1,750 mL,750,mL,1,0,1,grams (g),750,750,mL,log10 median,"liquor (e.g, whisky, coconut wine)",long-neck,AKLAN,BURUANGA,Pasadero St.Poblacion Roadside,Abby Variety Store,D4VTFEES,,,,,,,,,,,,,,,,,,,item_no_scale,,,,,not_visible,,,,,750 mL,,,large_size
401,1777352908762,1777352908762.jpg,750,mL,package label (mL),0,1,1,1,750 mL,750,mL,1,0,1,grams (g),750,750,mL,log10 median,"liquor (e.g, whisky, coconut wine)",long-neck,AKLAN,BURUANGA,Pasadero St.Poblacion Roadside,Japis Store,GI804AC1,,,,,,,,,,,,,,,,,,,item_no_scale,,,,,not_visible,,,,,750 mL,,,large_size
402,1777351827659,1777351827659.jpg,750,mL,package label (mL),0,1,1,1,750 ml,750,mL,1,0,1,grams (g),750,750,mL,log10 median,"liquor (e.g, whisky, coconut wine)",long-neck,AKLAN,BURUANGA,Alegria Buruanga Talipapa,Dak Dak Mini Store,J1LTAASE,,,,,,,,,,,,,,,,,,,item_no_scale,,,,,not_visible,,,,,750 ml,,,large_size
403,1777265375758,1777265375758.jpg,750,mL,package label (mL),0,1,1,1,750 mL,750,mL,1,0,1,grams (g),750,750,mL,log10 median,"liquor (e.g, whisky, coconut wine)",long-neck,AKLAN,BURUANGA,Buruanga Public Market,Abby Variety Store,JNR4FJQU,,,,,,,,,,,,,,,,,,,item_no_scale,,,,,not_visible,,,,,750 mL,,,large_size
404,1777348887027,1777348887027.jpg,750,mL,package label (mL),0,1,1,1,750 mL,750,mL,1,0,1,grams (g),750,750,mL,log10 median,"liquor (e.g, whisky, coconut wine)",long-neck,AKLAN,BURUANGA,Alegria Buruanga Roadside,Aileen's Sari-Sari Store,KE7VT61P,,,,,,,,,,,,,,,,,,,item_no_scale,,,,,not_visible,,,,,750 mL,,,large_size
405,1777268226058,1777268226058.jpg,750,mL,package label (mL),0,1,1,1,750 mL,750,mL,1,0,1,grams (g),750,750,mL,log10 median,"liquor (e.g, whisky, coconut wine)",long-neck,AKLAN,BURUANGA,Pasadero St.Poblacion Roadside,Alex Store,LZK1VG7K,,,,,,,,,,,,,,,,,,,item_no_scale,,,,,not_visible,,,,,750 mL,,,large_size
406,1777347876752,1777347876752.jpg,750,mL,package label (mL),0,1,1,1,750 mL,750,mL,1,0,1,grams (g),750,750,mL,log10 median,"liquor (e.g, whisky, coconut wine)",long-neck,AKLAN,BURUANGA,Brgy.Tigum Buruanga Talipapa,Pamana Association Variety Store,VH2FR6CZ,,,,,,,,,,,,,,,,,item_no_scale,,,,item_no_scale,not_visible,,,,not_visible,750 mL,,,,,large_size
407,1777347222288,1777347222288.jpg,750,mL,package label (mL),0,1,1,1,750 mL,750,mL,1,0,1,grams (g),750,750,mL,log10 median,"liquor (e.g, whisky, coconut wine)",long-neck,AKLAN,BURUANGA,Brgy.Tigum Buruanga Talipapa,Quecon Convenient Store,WW80S68I,,,,,,,,,,,,,,,,,,,item_no_scale,,,,,not_visible,,,,,750 mL,,,large_size
411,1777349410036,1777349410036.jpg,555,g,sonnet sweep,0,1,0,0,,,,0,0,0,grams (g),.55500001,555,g,log10 median,loaf bread,medium packs,AKLAN,BURUANGA,Pasadero St.Poblacion Roadside,Aileen's Sari-Sari Store,092ZG9DF,,,,,,,,.555,,,,,,555,,,,,scale_with_item,,,,,clear,,,,,,,,medium_size
413,1777268758159,1777268758159.jpg,430,g,sonnet sweep,0,1,0,0,,,,0,0,0,grams (g),.43000001,430,g,log10 median,loaf bread,medium packs,AKLAN,BURUANGA,Pasadero St.Poblacion Roadside,Alex Store,1JM1AHCL,,,,,,,,.43,,,,,,430,,,,,scale_with_item,,,,,clear,,,,,,,,medium_size
417,1777268705057,1777268705057.jpg,215,g,sonnet sweep,0,1,0,0,,,,0,0,0,grams (g),.215,215,g,log10 median,loaf bread,small packs,AKLAN,BURUANGA,Pasadero St.Poblacion Roadside,Alex Store,I054P35B,,,,,,,,.215,,,,,,215,,,,,scale_with_item,,,,,clear,,,,,,,,small_size
422,1777950782257,1777950782257.jpg,50,g,sonnet sweep,0,1,0,0,,,,0,0,0,grams (g),.050000001,50,g,log10 median,"preserved or processed meat (tocino, tapa, longaniza, etc)",pieces or units,AKLAN,BURUANGA,Pasadero St.Poblacion Roadside,Maria's Variety Store,OWG40X9F,,,,,,,,.05,,,,,,50,,,,,scale_with_item,,,,,clear,,,,,,,,small_size
528,1777507478559,1777507478559.jpg,375,mL,package label (mL),0,1,1,1,375 mL,375,mL,1,0,1,grams (g),.375,375,mL,log10 median,"liquor (e.g, whisky, coconut wine)",lipid/lapad,AKLAN,IBAJAY,"Purok 1 , Ibajay",Swerteanity store,6EYPDVJ2,,,,,,,,,,,,,,,,,,,item_no_scale,,,,,not_visible,,,,,375 mL,,,medium_size
577,1777867854599,1777867854599.jpg,810,g,sonnet sweep,0,1,0,0,,,,0,0,0,grams (g),.81,810,g,log10 median,cabbage,pieces or units,AKLAN,LIBACAO,Sitio Cabanbana Julita Libacao Roadside,Zabala Store,1B30GDWA,,,,,,,,.8100000000000001,,,,,,810,,,,,scale_with_item,,,,,clear,,,,,,,,medium_size
584,1777865609186,1777865609186.jpg,365,g,sonnet sweep,0,1,0,0,,,,0,0,0,grams (g),.36500001,365,g,log10 median,cabbage,pieces or units,AKLAN,LIBACAO,Guadalupe Sitio Highway Libacao Talipapa,Zaulda Vegetable and Fruit Stand,C37IZG0U,,,,,,,,.365,,,,,,365,,,,,scale_with_item,,,,,clear,,,,,,,,small_size
585,1777865636254,1777865636254.jpg,895,g,sonnet sweep,0,1,0,0,,,,0,0,0,grams (g),.89499998,895,g,log10 median,cabbage,pieces or units,AKLAN,LIBACAO,Guadalupe Sitio Highway Libacao Talipapa,Zaulda Vegetable and Fruit Stand,C37IZG0U,,,,,,,,.895,,,,,,895,,,,,scale_with_item,,,,,probable,,,,,,,,medium_size
586,1777597815220,1777597815220.jpg,320,g,sonnet sweep,0,1,0,0,,,,0,0,0,grams (g),.31999999,320,g,log10 median,cabbage,pieces or units,AKLAN,LIBACAO,Libacao Public Market,Hazel Store,FRQGIRQE,,,,,,,,.32,,,,,,320,,,,,scale_with_item,,,,,clear,,,,,,,,small_size
587,1777597836741,1777597836741.jpg,655,g,sonnet sweep,0,1,0,0,,,,0,0,0,grams (g),.65499997,655,g,log10 median,cabbage,pieces or units,AKLAN,LIBACAO,Libacao Public Market,Hazel Store,FRQGIRQE,,,,,,,,.655,,,,,,655,,,,,scale_with_item,,,,,clear,,,,,,,,medium_size
588,1777597858497,1777597858497.jpg,1080,g,sonnet sweep,0,1,0,0,,,,0,0,0,grams (g),1.08,1080,g,log10 median,cabbage,pieces or units,AKLAN,LIBACAO,Libacao Public Market,Hazel Store,FRQGIRQE,,,,,,,,1.08,,,,,,1080,,,,,scale_with_item,,,,,clear,,,,,,,,large_size
589,1777866753074,1777866753074.jpg,350,g,sonnet sweep,0,1,0,0,,,,0,0,0,grams (g),.35499999,355,g,log10 median,cabbage,pieces or units,AKLAN,LIBACAO,Proper II Julita Libacao Roadside,Papa Jums Store,HNL78W19,,,,,,,,.35,,,,,,350,,,,,scale_with_item,,,,,probable,,,,,,,,small_size
590,1777866780154,1777866780154.jpg,,,,0,0,0,0,,,,0,0,0,grams (g),.91500002,915,g,log10 median,cabbage,pieces or units,AKLAN,LIBACAO,Proper II Julita Libacao Roadside,Papa Jums Store,HNL78W19,,,,,,,,,,,,,,,,,,,scale_with_item,,,,,ambiguous,,,,,,,,medium_size
594,1777597399572,1777597399572.jpg,405,g,sonnet sweep,0,1,0,0,,,,0,0,0,grams (g),.405,405,g,log10 median,cabbage,pieces or units,AKLAN,LIBACAO,Libacao Public Market,Beth Store,TZDWR5MY,,,,,,,,.405,,,,,,405,,,,,scale_with_item,,,,,clear,,,,,,,,small_size
595,1777597421143,1777597421143.jpg,670,g,sonnet sweep,0,1,0,0,,,,0,0,0,grams (g),.67000002,670,g,log10 median,cabbage,pieces or units,AKLAN,LIBACAO,Libacao Public Market,Beth Store,TZDWR5MY,,,,,,,,.67,,,,,,670,,,,,scale_with_item,,,,,clear,,,,,,,,medium_size
596,1777597441362,1777597441362.jpg,990,g,sonnet sweep,0,1,0,0,,,,0,0,0,grams (g),.99000001,990,g,log10 median,cabbage,pieces or units,AKLAN,LIBACAO,Libacao Public Market,Beth Store,TZDWR5MY,,,,,,,,.99,,,,,,990,,,,,scale_with_item,,,,,clear,,,,,,,,large_size
597,1777694109016,1777694109016.jpg,790,g,sonnet sweep,0,1,0,0,,,,0,0,0,grams (g),.79000002,790,g,log10 median,cabbage,pieces or units,AKLAN,LIBACAO,Julita Libacao Talipapa,Escalona Meat Shop,U0LQ9X38,,,,,,,,.79,,,,,,790,,,,,scale_with_item,,,,,clear,,,,,,,,medium_size
598,1777694188731,1777694188731.jpg,,,,0,0,0,0,,,,0,0,0,grams (g),1.41,1410,g,log10 median,cabbage,pieces or units,AKLAN,LIBACAO,Julita Libacao Talipapa,Escalona Meat Shop,U0LQ9X38,,,,,,,,,,,,,,,,,,,scale_with_item,,,,,not_visible,,,,,,,,large_size
599,1777597502681,1777597502681.jpg,225,g,sonnet sweep,0,1,0,0,,,,0,0,0,grams (g),.22499999,225,g,log10 median,camote tops,bugkos,AKLAN,LIBACAO,Libacao Public Market,Beth Store,3093HQBU,,,,,,,,.225,,,,,,225,,,,,scale_with_item,,,,,clear,,,,,,,,conventional_nsu
600,1777597975699,1777597975699.jpg,110,g,sonnet sweep,0,1,0,0,,,,0,0,0,grams (g),.11,110,g,log10 median,camote tops,bugkos,AKLAN,LIBACAO,Libacao Public Market,Hazel Store,E33EN07M,,,,,,,,.11,,,,,,110,,,,,scale_with_item,,,,,clear,,,,,,,,conventional_nsu
601,1777598389404,1777598389404.jpg,,,,0,0,0,0,,,,0,0,0,grams (g),.17,170,g,log10 median,camote tops,bugkos,AKLAN,LIBACAO,Libacao Public Market,Zata Store,Z15Y4QUC,,,,,,,,,,,,,,,,,scale_with_item,,,,scale_with_item,ambiguous,,,,not_visible,,,,,,conventional_nsu
602,1777598439844,1777598439844.jpg,635,g,sonnet sweep,0,1,0,0,,,,0,0,0,grams (g),.63499999,635,g,log10 median,camote tops,bundle,AKLAN,LIBACAO,Libacao Public Market,Zata Store,BN34DY7Y,,,,,,,,.635,,,,,,635,,,,,scale_with_item,,,,,clear,,,,,,,,conventional_nsu
603,1777598588927,1777598588927.jpg,865,g,sonnet sweep,0,1,0,0,,,,0,0,0,grams (g),.66500002,665,g,log10 median,camote tops,bundle,AKLAN,LIBACAO,Libacao Public Market,Paren̈o Store,XXW6VVGN,,,,,,,,.865,,,,,,865,,,,,scale_with_item,,,,,probable,,,,,,,,conventional_nsu
604,1777597551499,1777597551499.jpg,945,g,sonnet sweep,0,1,0,0,,,,0,0,0,grams (g),.94499999,945,g,log10 median,camote tops,bundle,AKLAN,LIBACAO,Libacao Public Market,Beth Store,Z1AMLDKU,,,,,,,,.945,,,,,,945,,,,,scale_with_item,,,,,clear,,,,,,,,conventional_nsu
605,1777865693797,1777865693797.jpg,100,g,sonnet sweep,0,1,0,0,,,,0,0,0,grams (g),.1,100,g,log10 median,carrot,pieces or units,AKLAN,LIBACAO,Paghari-on St.Poblacion Libacao Talipapa,Zaulda Vegetable and Fruit Stand,89O1V7D4,,,,,,,,.1,,,,,,100,,,,,scale_with_item,,,,,clear,,,,,,,,small_size
606,1777864603074,1777864603074.jpg,120,g,sonnet sweep,0,1,0,0,,,,0,0,0,grams (g),.12,120,g,log10 median,carrot,pieces or units,AKLAN,LIBACAO,Paghari-on St.Poblacion Libacao Talipapa,Andrei Store,CAY15BCO,,,,,,,,.12,,,,,,120,,,,,scale_with_item,,,,,clear,,,,,,,,small_size
607,1777864620792,1777864620792.jpg,165,g,sonnet sweep,0,1,0,0,,,,0,0,0,grams (g),.16500001,165,g,log10 median,carrot,pieces or units,AKLAN,LIBACAO,Paghari-on St.Poblacion Libacao Talipapa,Andrei Store,CAY15BCO,,,,,,,,.165,,,,,,165,,,,,scale_with_item,,,,,clear,,,,,,,,medium_size
608,1777864635981,1777864635981.jpg,225,g,sonnet sweep,0,1,0,0,,,,0,0,0,grams (g),.22499999,225,g,log10 median,carrot,pieces or units,AKLAN,LIBACAO,Paghari-on St.Poblacion Libacao Talipapa,Andrei Store,CAY15BCO,,,,,,,,.225,,,,,,225,,,,,scale_with_item,,,,,clear,,,,,,,,large_size
609,1777694385419,1777694385419.jpg,105,g,sonnet sweep,0,1,0,0,,,,0,0,0,grams (g),.105,105,g,log10 median,carrot,pieces or units,AKLAN,LIBACAO,Paghari-on St.Poblacion Libacao Talipapa,Escalona Meat Shop,CR47ZGTW,,,,,,,,.105,,,,,,105,,,,,scale_with_item,,,,,clear,,,,,,,,small_size
610,1777598320119,1777598320119.jpg,,,,0,0,0,0,,,,0,0,0,grams (g),.075000003,75,g,log10 median,carrot,pieces or units,AKLAN,LIBACAO,Libacao Public Market,Zata Store,GUL1RXTA,,,,,,,,,,,,,,,,,,,scale_with_item,,,,,ambiguous,,,,,,,,small_size
611,1777598342942,1777598342942.jpg,,,,0,0,0,0,,,,0,0,0,grams (g),.13500001,135,g,log10 median,carrot,pieces or units,AKLAN,LIBACAO,Libacao Public Market,Zata Store,GUL1RXTA,,,,,,,,,,,,,,,,,,,scale_with_item,,,,,not_visible,,,,,,,,medium_size
612,1777597921232,1777597921232.jpg,105,g,sonnet sweep,0,1,0,0,,,,0,0,0,grams (g),.105,105,g,log10 median,carrot,pieces or units,AKLAN,LIBACAO,Libacao Public Market,Hazel Store,MO5GAOHU,,,,,,,,.105,,,,,,105,,,,,scale_with_item,,,,,clear,,,,,,,,small_size
613,1777867916089,1777867916089.jpg,85,g,sonnet sweep,0,1,0,0,,,,0,0,0,grams (g),.064999998,65,g,log10 median,carrot,pieces or units,AKLAN,LIBACAO,Sitio Cabanbana Julita Libacao Roadside,Zabala Store,OVNPSNCB,,,,,,,,.085,,,,,,85,,,,,scale_with_item,,,,,clear,,,,,,,,small_size
614,1777867937480,1777867937480.jpg,,,,0,0,0,0,,,,0,0,0,grams (g),.125,125,g,log10 median,carrot,pieces or units,AKLAN,LIBACAO,Sitio Cabanbana Julita Libacao Roadside,Zabala Store,OVNPSNCB,,,,,,,,,,,,,,,,,,,scale_with_item,,,,,not_visible,,,,,,,,medium_size
615,1777597621080,1777597621080.jpg,70,g,sonnet sweep,0,1,0,0,,,,0,0,0,grams (g),.07,70,g,log10 median,carrot,pieces or units,AKLAN,LIBACAO,Libacao Public Market,Beth Store,W5P8T5SQ,,,,,,,,.07,,,,,,70,,,,,scale_with_item,,,,,clear,,,,,,,,small_size
616,1777688661086,1777688661086.jpg,360,g,sonnet sweep,0,1,0,0,,,,0,0,0,grams (g),.36000001,360,g,log10 median,chicken,pieces or units,AKLAN,LIBACAO,Sitio Cabanbana Julita Libacao Roadside,Nacuray Meat Shop,4H2EDCRD,,,,,,,,.36,,,,,,360,,,,,scale_with_item,,,,,clear,,,,,,,,small_size
617,1777598963099,1777598963099.jpg,720,g,sonnet sweep,0,1,0,0,,,,0,0,0,grams (g),.72000003,720,g,log10 median,chicken,pieces or units,AKLAN,LIBACAO,Libacao Public Market,Naig Meat Shop,JFDU3LUP,,,,,,,,.72,,,,,,720,,,,,scale_with_item,,,,,clear,,,,,,,,medium_size
618,1777600049040,1777600049040.jpg,530,g,sonnet sweep,0,1,0,0,,,,0,0,0,grams (g),.52999997,530,g,log10 median,chicken,pieces or units,AKLAN,LIBACAO,Libacao Public Market,A'V Dressed  Chicken,WSXY2WJ5,,,,,,,,.53,,,,,,530,,,,,scale_with_item,,,,,clear,,,,,,,,medium_size
623,1777688551093,1777688551093.jpg,1430,g,sonnet sweep,0,1,0,0,,,,0,0,0,grams (g),1.4299999,1430,g,log10 median,chicken,whole (chicken),AKLAN,LIBACAO,Malinga St.Pob.Libacao Roadside,Nacuray Meat Shop,KG8CYID4,,,,,,,,1.43,,,,,,1430,,,,,scale_with_item,,,,,clear,,,,,,,,large_size
643,1777599787929,1777599787929.jpg,275,g,sonnet sweep,0,1,0,0,,,,0,0,0,grams (g),.27500001,275,g,log10 median,fresh fish,pieces or units,AKLAN,LIBACAO,Libacao Public Market,Perla Fish Stand,N2PJML5Z,,,,,,,,.275,,,,,,275,,,,,scale_with_item,,,,,clear,,,,,,,,small_size
644,1777599817263,1777599817263.jpg,660,g,sonnet sweep,0,1,0,0,,,,0,0,0,grams (g),.66000003,660,g,log10 median,fresh fish,pieces or units,AKLAN,LIBACAO,Libacao Public Market,Perla Fish Stand,N2PJML5Z,,,,,,,,.66,,,,,,660,,,,,scale_with_item,,,,,clear,,,,,,,,medium_size
648,1777599317630,1777599317630.jpg,465,g,sonnet sweep,0,1,0,0,,,,0,0,0,grams (g),.465,465,g,log10 median,fresh fish,pieces or units,AKLAN,LIBACAO,Libacao Public Market,Navarete Fish Stand,UERMJ4YG,,,,,,,,.465,,,,,,465,,,,,scale_with_item,,,,,clear,,,,,,,,medium_size
650,1777690732490,1777690732490.jpg,495,g,sonnet sweep,0,1,0,0,,,,0,0,0,grams (g),.495,495,g,block governs,"ice cream, sorbet, edible ice (eg., ice-lolli, halo-halo)",small cup,AKLAN,LIBACAO,Paghari-on St.Poblacion Libacao Talipapa,Zaquita Carinderia,L9MM11TJ,,,,,,,,.495,,,,,,495,,,,,scale_with_item,,,,,clear,,,,,,,,medium_size
656,1777601949991,1777601949991.jpg,375,mL,package label (mL),0,1,1,1,375 mL,375,mL,1,0,1,grams (g),375,375,mL,log10 median,"liquor (e.g, whisky, coconut wine)",lipid/lapad,AKLAN,LIBACAO,Libacao Public Market,Mary Vianney Sari-Sari Store,6B79EB2P,,,,,,,,,,,,,,,,,,,item_no_scale,,,,,not_visible,,,,,375 mL,,,medium_size
657,1777687835638,1777687835638.jpg,375,mL,package label (mL),0,1,1,1,375 ml,375,mL,1,0,1,grams (g),375,375,mL,log10 median,"liquor (e.g, whisky, coconut wine)",lipid/lapad,AKLAN,LIBACAO,Sitio Cabanbana Julita Libacao Roadside,B.N.Nacuray Store,HWJ7T4GC,,,,,,,,,,,,,,,,,,,label_closeup,,,,,not_visible,,,,,375 ml,,,medium_size
658,1777693017805,1777693017805.jpg,375,mL,package label (mL),0,1,1,1,375 mL,375,mL,1,0,1,grams (g),375,375,mL,log10 median,"liquor (e.g, whisky, coconut wine)",lipid/lapad,AKLAN,LIBACAO,Sitio Cabanbana Julita Libacao Roadside,Messiah Store,QR1FWH6E,,,,,,,,,,,,,,,,,,,item_no_scale,,,,,not_visible,,,,,375 mL,,,medium_size
659,1777601522724,1777601522724.jpg,375,mL,package label (mL),0,1,1,1,375 mL,375,mL,1,0,1,grams (g),375,375,mL,log10 median,"liquor (e.g, whisky, coconut wine)",lipid/lapad,AKLAN,LIBACAO,Libacao Public Market,Honeybee Buzz Grocery,YH5ZRSEX,,,,,,,,,,,,,,,,,,,label_closeup,,,,,not_visible,,,,,375 mL,,,medium_size
660,1777867263767,1777867263767.jpg,375,mL,package label (mL),0,1,1,1,375 mL,375,mL,1,0,1,grams (g),375,375,mL,log10 median,"liquor (e.g, whisky, coconut wine)",lipid/lapad,AKLAN,LIBACAO,Sitio Cabanbana Julita Libacao Roadside,Papa Jums Store,Z19H7OYJ,,,,,,,,,,,,,,,,,,,label_closeup,,,,,not_visible,,,,,375 mL,,,medium_size
661,1777692974524,1777692974524.jpg,750,mL,package label (mL),0,1,1,1,750 mL,750,mL,1,0,1,grams (g),750,750,mL,log10 median,"liquor (e.g, whisky, coconut wine)",long-neck,AKLAN,LIBACAO,Sitio Cabanbana Julita Libacao Roadside,Messiah Store,0XLSUYVQ,,,,,,,,,,,,,,,,,,,item_no_scale,,,,,not_visible,,,,,750 mL,,,large_size
662,1777865984899,1777865984899.jpg,,,,0,0,0,0,,,,0,0,0,grams (g),750,750,mL,log10 median,"liquor (e.g, whisky, coconut wine)",long-neck,AKLAN,LIBACAO,Paghari-on St.Poblacion Libacao Talipapa,Zaulda Vegetable and Fruit Stand,5GNT5X0H,,,,,,,,,,,,,,,,,,,item_no_scale,,,,,not_visible,,,,,,,,large_size
663,1777867220626,1777867220626.jpg,750,mL,package label (mL),0,1,1,1,750 mL,750,mL,1,0,1,grams (g),750,750,mL,log10 median,"liquor (e.g, whisky, coconut wine)",long-neck,AKLAN,LIBACAO,Sitio Cabanbana Julita Libacao Roadside,Papa Jums Store,5NZX3NFH,,,,,,,,,,,,,,,,,,,item_no_scale,,,,,not_visible,,,,,750 mL,,,large_size
664,1777601900153,1777601900153.jpg,750,mL,package label (mL),0,1,1,1,750 mL,750,mL,1,0,1,grams (g),750,750,mL,log10 median,"liquor (e.g, whisky, coconut wine)",long-neck,AKLAN,LIBACAO,Libacao Public Market,Mary Vianney Sari-Sari Store,BVPONAPE,,,,,,,,,,,,,,,,,,,item_no_scale,,,,,not_visible,,,,,750 mL,,,large_size
665,1777601470609,1777601470609.jpg,750,mL,package label (mL),0,1,1,1,750 mL,750,mL,1,0,1,grams (g),750,750,mL,log10 median,"liquor (e.g, whisky, coconut wine)",long-neck,AKLAN,LIBACAO,Libacao Public Market,Honeybee Buzz Grocery,CHUF9P91,,,,,,,,,,,,,,,,,,,item_no_scale,,,,,not_visible,,,,,750 mL,,,large_size
666,1777687783179,1777687783179.jpg,750,mL,package label (mL),0,1,1,1,750 mL,750,mL,1,0,1,grams (g),750,750,mL,log10 median,"liquor (e.g, whisky, coconut wine)",long-neck,AKLAN,LIBACAO,Libacao Public Market,B.N.Nacuray Store,M9RXAIH0,,,,,,,,,,,,,,,,,,,item_no_scale,,,,,not_visible,,,,,750 mL,,,large_size
667,1777694460887,1777694460887.jpg,750,mL,package label (mL),0,1,1,1,750 mL,750,mL,1,0,1,grams (g),750,750,mL,log10 median,"liquor (e.g, whisky, coconut wine)",long-neck,AKLAN,LIBACAO,Paghari-on St.Poblacion Libacao Talipapa,Escalona Meat Shop,ZAKP1YVE,,,,,,,,,,,,,,,,,,,label_closeup,,,,,not_visible,,,,,750 mL,,,large_size
668,1777687162314,1777687162314.jpg,220,g,sonnet sweep,0,1,0,0,,,,0,0,0,grams (g),.22,220,g,log10 median,mango,pieces or units,AKLAN,LIBACAO,Libacao Public Market,Hazel Fruit and Vegetable Stall,0JUAJOTT,,,,,,,,.22,,,,,,220,,,,,scale_with_item,,,,,clear,,,,,,,,small_size
669,1777687181752,1777687181752.jpg,285,g,sonnet sweep,0,1,0,0,,,,0,0,0,grams (g),.285,285,g,log10 median,mango,pieces or units,AKLAN,LIBACAO,Libacao Public Market,Hazel Fruit and Vegetable Stall,0JUAJOTT,,,,,,,,.285,,,,,,285,,,,,scale_with_item,,,,,clear,,,,,,,,medium_size
670,1777687199972,1777687199972.jpg,955,g,sonnet sweep,0,1,0,0,,,,0,0,0,grams (g),.35499999,355,g,log10 median,mango,pieces or units,AKLAN,LIBACAO,Libacao Public Market,Hazel Fruit and Vegetable Stall,0JUAJOTT,,,,,,,,.955,,,,,,955,,,,,scale_with_item,,,,,probable,,,,,,,,large_size
671,1777687409747,1777687409747.jpg,190,g,sonnet sweep,0,1,0,0,,,,0,0,0,grams (g),.19,190,g,log10 median,mango,pieces or units,AKLAN,LIBACAO,Libacao Public Market,Nhets  Nagamos Fruit Stand,HT5F1MFW,,,,,,,,.19,,,,,,190,,,,,scale_with_item,,,,,clear,,,,,,,,small_size
672,1777687428337,1777687428337.jpg,215,g,sonnet sweep,0,1,0,0,,,,0,0,0,grams (g),.215,215,g,log10 median,mango,pieces or units,AKLAN,LIBACAO,Libacao Public Market,Nhets  Nagamos Fruit Stand,HT5F1MFW,,,,,,,,.215,,,,,,215,,,,,scale_with_item,,,,,clear,,,,,,,,medium_size
673,1777687445173,1777687445173.jpg,285,g,sonnet sweep,0,1,0,0,,,,0,0,0,grams (g),.285,285,g,log10 median,mango,pieces or units,AKLAN,LIBACAO,Libacao Public Market,Nhets  Nagamos Fruit Stand,HT5F1MFW,,,,,,,,.285,,,,,,285,,,,,scale_with_item,,,,,clear,,,,,,,,large_size
674,1777686916618,1777686916618.jpg,175,g,sonnet sweep,0,1,0,0,,,,0,0,0,grams (g),.175,175,g,log10 median,mango,pieces or units,AKLAN,LIBACAO,Libacao Public Market,Inday Fruit Stand,OFNHLNL5,,,,,,,,.175,,,,,,175,,,,,scale_with_item,,,,,clear,,,,,,,,small_size
675,1777686950700,1777686950700.jpg,230,g,sonnet sweep,0,1,0,0,,,,0,0,0,grams (g),.23,230,g,log10 median,mango,pieces or units,AKLAN,LIBACAO,Libacao Public Market,Inday Fruit Stand,OFNHLNL5,,,,,,,,.23,,,,,,230,,,,,scale_with_item,,,,,clear,,,,,,,,medium_size
676,1777686988012,1777686988012.jpg,265,g,sonnet sweep,0,1,0,0,,,,0,0,0,grams (g),.26499999,265,g,log10 median,mango,pieces or units,AKLAN,LIBACAO,Libacao Public Market,Inday Fruit Stand,OFNHLNL5,,,,,,,,.265,,,,,,265,,,,,scale_with_item,,,,,clear,,,,,,,,large_size
677,1777864743716,1777864743716.jpg,155,g,sonnet sweep,0,1,0,0,,,,0,0,0,grams (g),.155,155,g,log10 median,mango,pieces or units,AKLAN,LIBACAO,Paghari-on St.Poblacion Libacao Talipapa,Andrei Store,VDMONEJU,,,,,,,,.155,,,,,,155,,,,,scale_with_item,,,,,clear,,,,,,,,small_size
678,1777864764077,1777864764077.jpg,210,g,sonnet sweep,0,1,0,0,,,,0,0,0,grams (g),.20999999,210,g,log10 median,mango,pieces or units,AKLAN,LIBACAO,Paghari-on St.Poblacion Libacao Talipapa,Andrei Store,VDMONEJU,,,,,,,,.21,,,,,,210,,,,,scale_with_item,,,,,clear,,,,,,,,medium_size
679,1777866972316,1777866972316.jpg,65,g,sonnet sweep,0,1,0,0,,,,0,0,0,grams (g),.064999998,65,g,log10 median,"preserved or processed meat (tocino, tapa, longaniza, etc)",pieces or units,AKLAN,LIBACAO,Sitio Cabanbana Julita Libacao Roadside,Papa Jums Store,GQV405S5,,,,,,,,.065,,,,,,65,,,,,scale_with_item,,,,,clear,,,,,,,,province_median
680,1777600231599,1777600231599.jpg,185,g,sonnet sweep,0,1,0,0,,,,0,0,0,grams (g),.185,185,g,log10 median,"preserved or processed meat (tocino, tapa, longaniza, etc)",pieces or units,AKLAN,LIBACAO,Libacao Public Market,A'V Dressed  Chicken,SMK7RRQB,,,,,,,,.185,,,,,,185,,,,,scale_with_item,,,,,clear,,,,,,,,province_median
681,1777868013664,1777868013664.jpg,305,g,sonnet sweep,0,1,0,0,,,,0,0,0,grams (g),.30500001,305,g,log10 median,"preserved or processed meat (tocino, tapa, longaniza, etc)",putos,AKLAN,LIBACAO,Sitio Cabanbana Julita Libacao Roadside,Zabala Store,049CVN9W,,,,,,,,.305,,,,,,305,,,,,scale_with_item,,,,,clear,,,,,,,,municipality_median
683,1777694696097,1777694696097.jpg,,,,0,0,0,0,,,,0,0,0,grams (g),.025,25,g,block governs,"preserved or processed meat (tocino, tapa, longaniza, etc)",putos,AKLAN,LIBACAO,Paghari-on St.Poblacion Libacao Talipapa,Escalona Meat Shop,74IAXEAJ,,,,,,,,,,,,,,,,,scale_with_item,,,,scale_with_item,not_visible,,,,not_visible,,,,,,municipality_median
684,1777867038368,1777867038368.jpg,305,g,sonnet sweep,0,1,0,0,,,,0,0,0,grams (g),.30500001,305,g,log10 median,"preserved or processed meat (tocino, tapa, longaniza, etc)",putos,AKLAN,LIBACAO,Sitio Cabanbana Julita Libacao Roadside,Papa Jums Store,9QAC279H,,,,,,,,.305,,,,,,305,,,,,scale_with_item,,,,,clear,,,,,,,,municipality_median
689,1777859833125,1777859833125.jpg,1310,g,sonnet sweep,0,1,0,0,,,,0,0,0,Kilograms (Kgs),1310,1310,g,log10 median,cabbage,pieces or units,AKLAN,MADALAG,Brgy.napnot madalag talipapa,Bebot store,2R6P97LC,,,,,,,,1.31,,,,,,1310,,,,,scale_with_item,,,,,clear,,,,,,,,large_size
704,1777596770182,1777596770182.jpg,1525,g,sonnet sweep,0,1,0,0,,,,0,0,0,Kilograms (Kgs),1525,1525,g,log10 median,cabbage,pieces or units,AKLAN,MADALAG,Madalag public market,Bernabe store,PK4E7RFC,,,,,,,,1.525,,,,,,1525,,,,,scale_with_item,,,,,clear,,,,,,,,large_size
726,1777595766266,1777595766266.jpg,1515,g,sonnet sweep,0,1,0,0,,,,0,0,0,Kilograms (Kgs),1515,1515,g,log10 median,chicken,whole (chicken),AKLAN,MADALAG,Madalag public market,Namayan dressed chicken,7FE16LK5,,,,,,,,1.515,,,,,,1515,,,,,scale_with_item,,,,,clear,,,,,,,,large_size
728,1777601766799,1777601766799.jpg,1805,g,sonnet sweep,0,1,0,0,,,,0,0,0,Kilograms (Kgs),1805,1805,g,log10 median,chicken,whole (chicken),AKLAN,MADALAG,Madalag roadside,Cyans meat shop,EMIW7O2K,,,,,,,,1.805,,,,,,1805,,,,,scale_with_item,,,,,clear,,,,,,,,large_size
748,1777595503592,1777595503592.jpg,1035,g,sonnet sweep,0,1,0,0,,,,0,0,0,Kilograms (Kgs),1035,1035,g,log10 median,fresh fish,pieces or units,AKLAN,MADALAG,Madalag public market,Paypay sa pangarap fish stall,AOGZ8MOS,,,,,,,,1.035,,,,,,1035,,,,,scale_with_item,,,,,clear,,,,,,,,large_size
751,1777688108975,1777688108975.jpg,1105,g,sonnet sweep,0,1,0,0,,,,0,0,0,Kilograms (Kgs),1105,1105,g,log10 median,fresh fish,pieces or units,AKLAN,MADALAG,Madalag roadside,Sotto fish stall,DH9J33I9,,,,,,,,1.105,,,,,,1105,,,,,scale_with_item,,,,,clear,,,,,,,,large_size
754,1777595166575,1777595166575.jpg,1220,g,sonnet sweep,0,1,0,0,,,,0,0,0,Kilograms (Kgs),1220,1220,g,block governs,fresh fish,pieces or units,AKLAN,MADALAG,Madalag public market,Lucito fish stall,ECY661PV,,,,,,,,1.22,,,,,,1220,,,,,scale_with_item,,,,,clear,,,,,,,,large_size
756,1777604530752,1777604530752.jpg,45,g,sonnet sweep,0,1,0,0,,,,0,0,0,grams (g),45,45,mL,log10 median,"ice cream, sorbet, edible ice (eg., ice-lolli, halo-halo)",pieces or units,AKLAN,MADALAG,Madalag roadside,Sissums convenient store,9HRQAGAW,,,,,,,,.045,,,,,,45,,,,,scale_with_item,,,,,clear,,,,,,,,small_size
759,1777600076702,1777600076702.jpg,60,mL,package label (mL),0,1,1,1,60mL,60,mL,1,0,1,Litres (L),60,60,mL,log10 median,"ice cream, sorbet, edible ice (eg., ice-lolli, halo-halo)",putos,AKLAN,MADALAG,Madalag roadside,Bread and butter,5SKBOJ6M,,,,,,,,,,,,,,,,,,,label_closeup,,,,,not_visible,,,,,60mL,,,province_median
760,1777604112930,1777604112930.jpg,70,mL,package label (mL),0,1,1,1,70ml,70,mL,1,0,1,Litres (L),70,70,mL,log10 median,"ice cream, sorbet, edible ice (eg., ice-lolli, halo-halo)",putos,AKLAN,MADALAG,Madalag roadside,Bravo store,81TI3SYG,,,,,,,,,,,,,,,,,,,item_no_scale,,,,,not_visible,,,,,70ml,,,province_median
761,1777600638958,1777600638958.jpg,48,mL,package label (mL),0,1,1,1,48mL,48,mL,1,0,1,Litres (L),48,48,mL,log10 median,"ice cream, sorbet, edible ice (eg., ice-lolli, halo-halo)",putos,AKLAN,MADALAG,Madalag roadside,Joachis grocery,FNHV3IQF,,,,,,,,,,,,,,,,,,,label_closeup,,,,,not_visible,,,,,48mL,,,province_median
762,1777598377174,1777598377174.jpg,,,,0,0,0,0,,,,0,0,0,Litres (L),35,35,mL,log10 median,"ice cream, sorbet, edible ice (eg., ice-lolli, halo-halo)",putos,AKLAN,MADALAG,Madalag public market,Marshas variety store,LPIC0XJP,,,,,,,,,,,,,,,,,,,item_no_scale,,,,,not_visible,,,,,,,,province_median
763,1777598645411,1777598645411.jpg,375,mL,package label (mL),0,1,1,1,375 mL,375,mL,1,0,1,Litres (L),.375,375,mL,log10 median,"liquor (e.g, whisky, coconut wine)",lipid/lapad,AKLAN,MADALAG,Madalag public market,Marshas variety store,5BZEGX8P,,,,,,,,,,,,,,,,,item_no_scale,,,,item_no_scale,not_visible,,,,not_visible,375 mL,,,,375 mL,medium_size
769,1777601249544,1777601249544.jpg,,,,0,0,0,0,,,,0,0,0,Litres (L),.75,750,mL,log10 median,"liquor (e.g, whisky, coconut wine)",long-neck,AKLAN,MADALAG,Madalag roadside,Jdy store,7WMRBLQM,,,,,,,,,,,,,,,,,item_no_scale,,,,other,not_visible,,,,not_visible,,,,,,large_size
794,1777424929442,1777424929442.jpg,795,g,sonnet sweep,0,1,0,0,,,,0,0,0,grams (g),.79500002,795,g,log10 median,cabbage,pieces or units,AKLAN,MAKATO,Makato Public Makato,Rita Vegetable Stand,6JAGJAKY,,,,,,,,.795,,,,,,795,,,,,scale_with_item,,,,,clear,,,,,,,,medium_size
795,1777424957169,1777424957169.jpg,1260,g,sonnet sweep,0,1,0,0,,,,0,0,0,grams (g),1.26,1260,g,log10 median,cabbage,pieces or units,AKLAN,MAKATO,Makato Public Makato,Rita Vegetable Stand,6JAGJAKY,,,,,,,,1.26,,,,,,1260,,,,,scale_with_item,,,,,clear,,,,,,,,large_size
796,1777447746664,1777447746664.jpg,445,g,sonnet sweep,0,1,0,0,,,,0,0,0,grams (g),.44499999,445,g,log10 median,cabbage,pieces or units,AKLAN,MAKATO,Dumga Makato Talipapa,Maricel Gulayan,9UH3HSYQ,,,,,,,,.445,,,,,,445,,,,,scale_with_item,,,,,clear,,,,,,,,small_size
797,1777447762886,1777447762886.jpg,845,g,sonnet sweep,0,1,0,0,,,,0,0,0,grams (g),.64499998,645,g,log10 median,cabbage,pieces or units,AKLAN,MAKATO,Dumga Makato Talipapa,Maricel Gulayan,9UH3HSYQ,,,,,,,,.845,,,,,,845,,,,,scale_with_item,,,,,clear,,,,,,,,medium_size
798,1778031612764,1778031612764.jpg,,,,0,0,0,0,,,,0,0,0,grams (g),.47499999,475,g,log10 median,cabbage,pieces or units,AKLAN,MAKATO,Cayangwan Makato Roadside,Liz Store,E21NIG5X,,,,,,,,,,,,,,,,,,,scale_with_item,,,,,not_visible,,,,,,,,small_size
799,1778031853945,1778031853945.jpg,,,,0,0,0,0,,,,0,0,0,grams (g),.77999997,780,g,log10 median,cabbage,pieces or units,AKLAN,MAKATO,Cayangwan Makato Roadside,Liz Store,E21NIG5X,,,,,,,,,,,,,,,,,,,scale_with_item,,,,,not_visible,,,,,,,,medium_size
800,1777511056522,1777511056522.jpg,850,g,sonnet sweep,0,1,0,0,,,,0,0,0,grams (g),.85000002,850,g,log10 median,cabbage,pieces or units,AKLAN,MAKATO,Poblacion Makato Talipapa,Naya's Chicken and Meat Trading,JLQQF9FW,,,,,,,,.85,,,,,,850,,,,,scale_with_item,,,,,clear,,,,,,,,medium_size
801,1777448168057,1777448168057.jpg,680,g,sonnet sweep,0,1,0,0,,,,0,0,0,grams (g),.64999998,650,g,log10 median,cabbage,pieces or units,AKLAN,MAKATO,Dumga Makato Talipapa,Romel Joy Gulayan,P1XJ9KZF,,,,,,,,.68,,,,,,680,,,,,scale_with_item,,,,,clear,,,,,,,,medium_size
802,1777421828612,1777421828612.jpg,1420,g,sonnet sweep,0,1,0,0,,,,0,0,0,grams (g),1.42,1420,g,log10 median,cabbage,pieces or units,AKLAN,MAKATO,Makato Public Market,Odoy Vegetable Store,QGCU4JNR,,,,,,,,1.42,,,,,,1420,,,,,scale_with_item,,,,,clear,,,,,,,,large_size
803,1777424230746,1777424230746.jpg,365,g,sonnet sweep,0,1,0,0,,,,0,0,0,grams (g),.36500001,365,g,log10 median,cabbage,pieces or units,AKLAN,MAKATO,Makato Public Market,Puod Vegetable Stand,TDF0BVZ8,,,,,,,,.365,,,,,,365,,,,,scale_with_item,,,,,clear,,,,,,,,small_size
804,1777424248156,1777424248156.jpg,885,g,sonnet sweep,0,1,0,0,,,,0,0,0,grams (g),.88499999,885,g,log10 median,cabbage,pieces or units,AKLAN,MAKATO,Makato Public Market,Puod Vegetable Stand,TDF0BVZ8,,,,,,,,.885,,,,,,885,,,,,scale_with_item,,,,,clear,,,,,,,,medium_size
805,1777424277714,1777424277714.jpg,980,g,sonnet sweep,0,1,0,0,,,,0,0,0,grams (g),.98000002,980,g,log10 median,cabbage,pieces or units,AKLAN,MAKATO,Makato Public Market,Puod Vegetable Stand,TDF0BVZ8,,,,,,,,.98,,,,,,980,,,,,scale_with_item,,,,,clear,,,,,,,,large_size
806,1777447910367,1777447910367.jpg,,,,0,0,0,0,,,,0,0,0,grams (g),.375,375,g,log10 median,camote tops,bundle,AKLAN,MAKATO,Poblacion Makato Talipapa,Maricel Gulayan,A78GIV5G,,,,,,,,,,,,,,,,,,,scale_with_item,,,,,ambiguous,,,,,,,,conventional_nsu
807,1778028681250,1778028681250.jpg,755,g,sonnet sweep,0,1,0,0,,,,0,0,0,grams (g),.755,755,g,log10 median,camote tops,bundle,AKLAN,MAKATO,Libang Makato Talipapa,Kim Store,IED07J9D,,,,,,,,.755,,,,,,755,,,,,scale_with_item,,,,,probable,,,,,,,,conventional_nsu
808,1778033687074,1778033687074.jpg,835,g,sonnet sweep,0,1,0,0,,,,0,0,0,grams (g),.83499998,835,g,log10 median,camote tops,bundle,AKLAN,MAKATO,Poblacion Makato Talipapa,Capispisan Sari-Sari Store,JZXXTWHJ,,,,,,,,.835,,,,,,835,,,,,scale_with_item,,,,,probable,,,,,,,,conventional_nsu
809,1777425140580,1777425140580.jpg,795,g,sonnet sweep,0,1,0,0,,,,0,0,0,grams (g),.79500002,795,g,log10 median,camote tops,bundle,AKLAN,MAKATO,Makato Public Market,Rita Vegetable Stand,L19CKITR,,,,,,,,.795,,,,,,795,,,,,scale_with_item,,,,,clear,,,,,,,,conventional_nsu
811,1777425390878,1777425390878.jpg,675,g,sonnet sweep,0,1,0,0,,,,0,0,0,grams (g),.67500001,675,g,log10 median,camote tops,bundle,AKLAN,MAKATO,Makato Public Market,Shiela Dried Fish Stall,PYFF5XQC,,,,,,,,.675,,,,,,675,,,,,scale_with_item,,,,,clear,,,,,,,,conventional_nsu
812,1777424411909,1777424411909.jpg,125,g,sonnet sweep,0,1,0,0,,,,0,0,0,grams (g),.125,125,g,log10 median,carrot,pieces or units,AKLAN,MAKATO,Makato Public Market,Puod Vegetable Stand,2XD3CIS7,,,,,,,,.125,,,,,,125,,,,,scale_with_item,,,,,clear,,,,,,,,small_size
813,1777424431544,1777424431544.jpg,165,g,sonnet sweep,0,1,0,0,,,,0,0,0,grams (g),.16500001,165,g,log10 median,carrot,pieces or units,AKLAN,MAKATO,Makato Public Market,Puod Vegetable Stand,2XD3CIS7,,,,,,,,.165,,,,,,165,,,,,scale_with_item,,,,,clear,,,,,,,,medium_size
814,1777447826549,1777447826549.jpg,85,g,sonnet sweep,0,1,0,0,,,,0,0,0,grams (g),.085000001,85,g,log10 median,carrot,pieces or units,AKLAN,MAKATO,Poblacion Makato Talipapa,Maricel Gulayan,6ATOD2A8,,,,,,,,.085,,,,,,85,,,,,scale_with_item,,,,,clear,,,,,,,,small_size
815,1777447845765,1777447845765.jpg,,,,0,0,0,0,,,,0,0,0,grams (g),.11,110,g,log10 median,carrot,pieces or units,AKLAN,MAKATO,Poblacion Makato Talipapa,Maricel Gulayan,6ATOD2A8,,,,,,,,,,,,,,,,,,,scale_with_item,,,,,not_visible,,,,,,,,medium_size
816,1777421983412,1777421983412.jpg,100,g,sonnet sweep,0,1,0,0,,,,0,0,0,grams (g),.1,100,g,log10 median,carrot,pieces or units,AKLAN,MAKATO,Makato Public Market,Odoy Vegetable Store,FZ0LTYMD,,,,,,,,.1,,,,,,100,,,,,scale_with_item,,,,,clear,,,,,,,,small_size
817,1777422002083,1777422002083.jpg,170,g,sonnet sweep,0,1,0,0,,,,0,0,0,grams (g),.17,170,g,log10 median,carrot,pieces or units,AKLAN,MAKATO,Makato Public Market,Odoy Vegetable Store,FZ0LTYMD,,,,,,,,.17,,,,,,170,,,,,scale_with_item,,,,,clear,,,,,,,,medium_size
818,1778031940393,1778031940393.jpg,,,,0,0,0,0,,,,0,0,0,grams (g),.055,55,g,log10 median,carrot,pieces or units,AKLAN,MAKATO,Tugas Makato Roadside,Liz Store,GF7EJ0LO,,,,,,,,,,,,,,,,,,,scale_with_item,,,,,not_visible,,,,,,,,small_size
819,1778031957854,1778031957854.jpg,150,g,sonnet sweep,0,1,0,0,,,,0,0,0,grams (g),.15000001,150,g,log10 median,carrot,pieces or units,AKLAN,MAKATO,Tugas Makato Roadside,Liz Store,GF7EJ0LO,,,,,,,,.15,,,,,,150,,,,,scale_with_item,,,,,probable,,,,,,,,medium_size
820,1777425023187,1777425023187.jpg,80,g,sonnet sweep,0,1,0,0,,,,0,0,0,grams (g),.079999998,80,g,log10 median,carrot,pieces or units,AKLAN,MAKATO,Makato Public Market,Rita Vegetable Stand,SSRI6LSE,,,,,,,,.08,,,,,,80,,,,,scale_with_item,,,,,clear,,,,,,,,small_size
821,1777425039905,1777425039905.jpg,145,g,sonnet sweep,0,1,0,0,,,,0,0,0,grams (g),.145,145,g,log10 median,carrot,pieces or units,AKLAN,MAKATO,Makato Public Market,Rita Vegetable Stand,SSRI6LSE,,,,,,,,.145,,,,,,145,,,,,scale_with_item,,,,,clear,,,,,,,,medium_size
822,1777425061394,1777425061394.jpg,285,g,sonnet sweep,0,1,0,0,,,,0,0,0,grams (g),.285,285,g,log10 median,carrot,pieces or units,AKLAN,MAKATO,Makato Public Market,Rita Vegetable Stand,SSRI6LSE,,,,,,,,.285,,,,,,285,,,,,scale_with_item,,,,,clear,,,,,,,,large_size
823,1777511126692,1777511126692.jpg,90,g,sonnet sweep,0,1,0,0,,,,0,0,0,grams (g),.090000004,90,g,log10 median,carrot,pieces or units,AKLAN,MAKATO,Poblacion Makato Talipapa,Naya's Chicken and Meat Trading,Y6BGU5ST,,,,,,,,.09,,,,,,90,,,,,scale_with_item,,,,,clear,,,,,,,,small_size
824,1778028816971,1778028816971.jpg,108,g,sonnet sweep,0,1,0,0,,,,0,0,0,grams (g),.1,100,g,log10 median,carrot,pieces or units,AKLAN,MAKATO,Poblacion Makato Talipapa,Kim Store,ZB89DJC4,,,,,,,,.108,,,,,,108,,,,,scale_with_item,,,,,probable,,,,,,,,small_size
825,1778028846984,1778028846984.jpg,,,,0,0,0,0,,,,0,0,0,grams (g),.2,200,g,log10 median,carrot,pieces or units,AKLAN,MAKATO,Poblacion Makato Talipapa,Kim Store,ZB89DJC4,,,,,,,,,,,,,,,,,,,scale_with_item,,,,,ambiguous,,,,,,,,medium_size
826,1778030655105,1778030655105.jpg,,,,0,0,0,0,,,,0,0,0,grams (g),.07,70,g,log10 median,carrot,pieces or units,AKLAN,MAKATO,Laguna Cayangwan Talipapa,Dave and Shania Store,ZLCLFPXZ,,,,,,,,,,,,,,,,,,,scale_with_item,,,,,not_visible,,,,,,,,small_size
827,1778030672629,1778030672629.jpg,190,g,sonnet sweep,0,1,0,0,,,,0,0,0,grams (g),.14,140,g,log10 median,carrot,pieces or units,AKLAN,MAKATO,Laguna Cayangwan Talipapa,Dave and Shania Store,ZLCLFPXZ,,,,,,,,.19,,,,,,190,,,,,scale_with_item,,,,,probable,,,,,,,,medium_size
833,1777426009770,1777426009770.jpg,1115,g,sonnet sweep,0,1,0,0,,,,0,0,0,grams (g),1.115,1115,g,log10 median,chicken,whole (chicken),AKLAN,MAKATO,Makato Public Market,Tejada-Ramos Dressed Chicken and Meat Shop,PQ94GZJX,,,,,,,,1.115,,,,,,1115,,,,,scale_with_item,,,,,clear,,,,,,,,large_size
851,1777535384267,1777535384267.jpg,675,g,sonnet sweep,0,1,0,0,,,,0,0,0,grams (g),.67500001,675,g,log10 median,fresh fish,pieces or units,AKLAN,MAKATO,Sitio Hagachac Baybay Makato Roadside,Lucing Fish Stand,0E2GRZZG,,,,,,,,.675,,,,,,675,,,,,scale_with_item,,,,,clear,,,,,,,,medium_size
852,1777423520722,1777423520722.jpg,55,g,sonnet sweep,0,1,0,0,,,,0,0,0,grams (g),.055,55,g,block governs,fresh fish,pieces or units,AKLAN,MAKATO,Makato Public Market,Rosefel Fish Stand,21BF54RM,,,,,,,,.055,,,,,,55,,,,,scale_with_item,,,,,clear,,,,,,,,small_size
853,1777423017607,1777423017607.jpg,570,g,sonnet sweep,0,1,0,0,,,,0,0,0,grams (g),.56999999,570,g,log10 median,fresh fish,pieces or units,AKLAN,MAKATO,Makato Public Market,Ginalyn Fish Stand,F6TV083M,,,,,,,,.57,,,,,,570,,,,,scale_with_item,,,,,clear,,,,,,,,medium_size
854,1777448667164,1777448667164.jpg,280,g,sonnet sweep,0,1,0,0,,,,0,0,0,grams (g),.28999999,290,g,log10 median,fresh fish,pieces or units,AKLAN,MAKATO,Dumga Makato Talipapa,John Fish Stall,FB1MN083,,,,,,,,.28,,,,,,280,,,,,scale_with_item,,,,,clear,,,,,,,,small_size
855,1777448700919,1777448700919.jpg,95,g,sonnet sweep,0,1,0,0,,,,0,0,0,grams (g),.39500001,395,g,log10 median,fresh fish,pieces or units,AKLAN,MAKATO,Dumga Makato Talipapa,John Fish Stall,FB1MN083,,,,,,,,.095,,,,,,95,,,,,scale_with_item,,,,,clear,,,,,,,,medium_size
856,1777448734418,1777448734418.jpg,865,g,sonnet sweep,0,1,0,0,,,,0,0,0,grams (g),.86000001,860,g,log10 median,fresh fish,pieces or units,AKLAN,MAKATO,Dumga Makato Talipapa,John Fish Stall,FB1MN083,,,,,,,,.865,,,,,,865,,,,,scale_with_item,,,,,clear,,,,,,,,large_size
857,1777535109524,1777535109524.jpg,385,g,sonnet sweep,0,1,0,0,,,,0,0,0,grams (g),.38499999,385,g,log10 median,fresh fish,pieces or units,AKLAN,MAKATO,Sitio Hagachac Baybay Roadside,Gigi Fish Stall,FL1YCREC,,,,,,,,.385,,,,,,385,,,,,scale_with_item,,,,,clear,,,,,,,,small_size
858,1777535167804,1777535167804.jpg,610,g,sonnet sweep,0,1,0,0,,,,0,0,0,grams (g),.61000001,610,g,log10 median,fresh fish,pieces or units,AKLAN,MAKATO,Sitio Hagachac Baybay Roadside,Gigi Fish Stall,FL1YCREC,,,,,,,,.61,,,,,,610,,,,,scale_with_item,,,,,clear,,,,,,,,medium_size
859,1778033569965,1778033569965.jpg,,,,0,0,0,0,,,,0,0,0,grams (g),.33500001,335,g,log10 median,fresh fish,pieces or units,AKLAN,MAKATO,Libuton Makato Roadside,Capispisan Sari-Sari Store,LV0PS3KE,,,,,,,,,,,,,,,,,,,scale_with_item,,,,,not_visible,,,,,,,,small_size
860,1778033609607,1778033609607.jpg,785,g,sonnet sweep,0,1,0,0,,,,0,0,0,grams (g),.78500003,785,g,log10 median,fresh fish,pieces or units,AKLAN,MAKATO,Libuton Makato Roadside,Capispisan Sari-Sari Store,LV0PS3KE,,,,,,,,.785,,,,,,785,,,,,scale_with_item,,,,,clear,,,,,,,,medium_size
861,1778051678635,1778051678635.jpg,505,g,sonnet sweep,0,1,0,0,,,,0,0,0,grams (g),.505,505,g,log10 median,fresh fish,pieces or units,AKLAN,MAKATO,Tugas Makato Roadside,Bhebe Shan Processed Meat Shop,SO58ETQZ,,,,,,,,.505,,,,,,505,,,,,scale_with_item,,,,,clear,,,,,,,,medium_size
862,1777423282182,1777423282182.jpg,605,g,sonnet sweep,0,1,0,0,,,,0,0,0,grams (g),.405,405,g,log10 median,fresh fish,pieces or units,AKLAN,MAKATO,Makato Public Market,Teofista Fish Stall,UC0ON211,,,,,,,,.605,,,,,,605,,,,,scale_with_item,,,,,clear,,,,,,,,medium_size
863,1778028947163,1778028947163.jpg,685,g,sonnet sweep,0,1,0,0,,,,0,0,0,grams (g),.085000001,85,g,log10 median,"ice cream, sorbet, edible ice (eg., ice-lolli, halo-halo)",pieces or units,AKLAN,MAKATO,Poblacion Makato Talipapa,Kim Store,8TCG1317,,,,,,,,.6850000000000001,,,,,,685,,,,,scale_with_item,,,,,clear,,,,,,,,small_size
864,1778056525267,1778056525267.jpg,50,g,sonnet hi-res,0,1,0,0,,,,0,0,0,grams (g),.050000001,50,g,log10 median,"ice cream, sorbet, edible ice (eg., ice-lolli, halo-halo)",pieces or units,AKLAN,MAKATO,Riverside Brgy.Calangcang Roadside,Felix Palamig,CURBYCGD,,,,,,.05,.05,,,.05,,50,50,,,50,scale_with_item,scale_with_item,,,scale_with_item,clear,clear,,,clear,,,,,,small_size
865,1778032137756,1778032137756.jpg,75,g,sonnet sweep,0,1,0,0,,,,0,0,0,grams (g),.075000003,75,g,log10 median,"ice cream, sorbet, edible ice (eg., ice-lolli, halo-halo)",pieces or units,AKLAN,MAKATO,Tugas Makato Roadside,Liz Store,JE28RX8B,,,,,,,,.075,,,,,,75,,,,,scale_with_item,,,,,clear,,,,,,,,small_size
871,1777515132487,1777515132487.jpg,375,mL,package label (mL),0,1,1,1,375 mL,375,mL,1,0,1,grams (g),375,375,mL,log10 median,"liquor (e.g, whisky, coconut wine)",lipid/lapad,AKLAN,MAKATO,Makato Public Market,Tipan Store,26INS5PK,,,,,,,,,,,,,,,,,,,label_closeup,,,,,not_visible,,,,,375 mL,,,medium_size
872,1777514686654,1777514686654.jpg,375,mL,package label (mL),0,1,1,1,375 mL,375,mL,1,0,1,grams (g),375,375,mL,log10 median,"liquor (e.g, whisky, coconut wine)",lipid/lapad,AKLAN,MAKATO,Makato Public Market,Tipan Store,3XQMM8HQ,,,,,,,,,,,,,,,,,,,item_no_scale,,,,,not_visible,,,,,375 mL,,,medium_size
873,1777433756716,1777433756716.jpg,375,mL,package label (mL),0,1,1,1,375 ml,375,mL,1,0,1,grams (g),375,375,mL,log10 median,"liquor (e.g, whisky, coconut wine)",lipid/lapad,AKLAN,MAKATO,Poblacion Makato Talipapa,Jomel Store,5VYJ47VD,,,,,,,,,,,,,,,,,,,item_no_scale,,,,,not_visible,,,,,375 ml,,,medium_size
874,1777514126057,1777514126057.jpg,375,mL,package label (mL),0,1,1,1,375 mL,375,mL,1,0,1,grams (g),375,375,mL,log10 median,"liquor (e.g, whisky, coconut wine)",lipid/lapad,AKLAN,MAKATO,Makato Public Market,Ram's Variety Store,8HIO7IDC,,,,,,,,,,,,,,,,,,,label_closeup,,,,,not_visible,,,,,375 mL,,,medium_size
875,1777512618804,1777512618804.jpg,375,mL,package label (mL),0,1,1,1,375 mL,375,mL,1,0,1,grams (g),375,375,mL,log10 median,"liquor (e.g, whisky, coconut wine)",lipid/lapad,AKLAN,MAKATO,Tugas Makato Roadside,Torrefiel Store,BB404OS7,,,,,,,,,,,,,,,,,,,item_no_scale,,,,,not_visible,,,,,375 mL,,,medium_size
876,1777511588433,1777511588433.jpg,375,mL,package label (mL),0,1,1,1,375 mL,375,mL,1,0,1,grams (g),375,375,mL,log10 median,"liquor (e.g, whisky, coconut wine)",lipid/lapad,AKLAN,MAKATO,Poblacion Makato Talipapa,Paunn Mini Store,BKGUW9AD,,,,,,,,,,,,,,,,,,,item_no_scale,,,,,not_visible,,,,,375 mL,,,medium_size
877,1777539324834,1777539324834.jpg,375,mL,package label (mL),0,1,1,1,375 mL,375,mL,1,0,1,grams (g),375,375,mL,log10 median,"liquor (e.g, whisky, coconut wine)",lipid/lapad,AKLAN,MAKATO,Tugas Makato Roadside,DMR Variety Store,D0YFG8TG,,,,,,,,,,,,,,,,,,,item_no_scale,,,,,not_visible,,,,,375 mL,,,medium_size
878,1777449295080,1777449295080.jpg,375,mL,package label (mL),0,1,1,1,375 mL,375,mL,1,0,1,grams (g),375,375,mL,log10 median,"liquor (e.g, whisky, coconut wine)",lipid/lapad,AKLAN,MAKATO,Poblacion Makato Talipapa,DJIV Convenience Store,SJFIFTET,,,,,,,,,,,,,,,,,,,item_no_scale,,,,,not_visible,,,,,375 mL,,,medium_size
879,1777432377708,1777432377708.jpg,375,mL,package label (mL),0,1,1,1,375 mL,375,mL,1,0,1,grams (g),375,375,mL,log10 median,"liquor (e.g, whisky, coconut wine)",lipid/lapad,AKLAN,MAKATO,Tugas Makato Roadside,GL Centro Point,UMZFXD96,,,,,,,,,,,,,,,,,,,item_no_scale,,,,,not_visible,,,,,375 mL,,,medium_size
880,1777511528694,1777511528694.jpg,750,mL,package label (mL),0,1,1,1,750 mL,750,mL,1,0,1,grams (g),750,750,mL,log10 median,"liquor (e.g, whisky, coconut wine)",long-neck,AKLAN,MAKATO,Poblacion Makato Talipapa,Paunn Mini Store,0BEXJ2VO,,,,,,,,,,,,,,,,,,,label_closeup,,,,,not_visible,,,,,750 mL,,,large_size
881,1777539239173,1777539239173.jpg,750,mL,package label (mL),0,1,1,1,750 mL,750,mL,1,0,1,grams (g),750,750,mL,log10 median,"liquor (e.g, whisky, coconut wine)",long-neck,AKLAN,MAKATO,Tugas Makato Roadside,DMR Variety Store,3TUJCOHU,,,,,,,,,,,,,,,,,,,item_no_scale,,,,,not_visible,,,,,750 mL,,,large_size
882,1777433680119,1777433680119.jpg,750,mL,package label (mL),0,1,1,1,750 mL,750,mL,1,0,1,grams (g),750,750,mL,log10 median,"liquor (e.g, whisky, coconut wine)",long-neck,AKLAN,MAKATO,La Loma Makato Talipapa,Jomel Store,4KVRKJ5A,,,,,,,,,,,,,,,,,item_no_scale,,,,item_no_scale,not_visible,,,,not_visible,750 mL,,,,,large_size
883,1777515206582,1777515206582.jpg,750,mL,package label (mL),0,1,1,1,750 mL,750,mL,1,0,1,grams (g),750,750,mL,log10 median,"liquor (e.g, whisky, coconut wine)",long-neck,AKLAN,MAKATO,Makato Public Market,RR Store,65IXZK15,,,,,,,,,,,,,,,,,,,item_no_scale,,,,,not_visible,,,,,750 mL,,,large_size
884,1777514051755,1777514051755.jpg,,,,0,0,0,0,,,,0,0,0,grams (g),750,750,mL,log10 median,"liquor (e.g, whisky, coconut wine)",long-neck,AKLAN,MAKATO,Makato Public Market,Ram's Variety Store,67JNLKHQ,,,,,,,,,,,,,,,,,,,item_no_scale,,,,,not_visible,,,,,,,,large_size
885,1777514476584,1777514476584.jpg,700,mL,package label (mL),0,1,1,1,700 mL,700,mL,1,0,1,grams (g),700,700,mL,log10 median,"liquor (e.g, whisky, coconut wine)",long-neck,AKLAN,MAKATO,Makato Public Market,Tipan Store,8CWDTS40,,,,,,,,,,,,,,,,,item_no_scale,,,,item_no_scale,not_visible,,,,not_visible,700 mL,,,,700 mL,large_size
886,1777449250045,1777449250045.jpg,750,mL,package label (mL),0,1,1,1,750 mL,750,mL,1,0,1,grams (g),750,750,mL,log10 median,"liquor (e.g, whisky, coconut wine)",long-neck,AKLAN,MAKATO,Poblacion Makato Talipapa,DJIV Convenience Store,BYFKSO5H,,,,,,,,,,,,,,,,,,,item_no_scale,,,,,not_visible,,,,,750 mL,,,large_size
887,1777512533356,1777512533356.jpg,750,mL,package label (mL),0,1,1,1,750 mL,750,mL,1,0,1,grams (g),750,750,mL,log10 median,"liquor (e.g, whisky, coconut wine)",long-neck,AKLAN,MAKATO,Poblacion Makato Roadside,Torrefiel Store,LQQ5RJCK,,,,,,,,,,,,,,,,,,,item_no_scale,,,,,not_visible,,,,,750 mL,,,large_size
888,1777432308310,1777432308310.jpg,750,mL,package label (mL),0,1,1,1,750 mL,750,mL,1,0,1,grams (g),750,750,mL,log10 median,"liquor (e.g, whisky, coconut wine)",long-neck,AKLAN,MAKATO,Tugas Makato Roadside,GL Centro Point,SVZWF460,,,,,,,,,,,,,,,,,,,label_closeup,,,,,not_visible,,,,,750 mL,,,large_size
889,1778029022232,1778029022232.jpg,515,g,sonnet sweep,0,1,0,0,,,,0,0,0,grams (g),.51499999,515,g,log10 median,loaf bread,medium packs,AKLAN,MAKATO,Poblacion Makato Talipapa,Kim Store,0W595DEM,,,,,,,,.515,,,,,,515,,,,,scale_with_item,,,,,probable,,,,,,,,medium_size
897,1777517342208,1777517342208.jpg,710,g,sonnet sweep,0,1,0,0,,,,0,0,0,grams (g),.70999998,710,g,log10 median,loaf bread,large packs,AKLAN,MAKATO,Burgos St.Poblacion Makato Roadside,Three Kates,3PPBJL61,,,,,,,,.71,,,,,,710,,,,,scale_with_item,,,,,clear,,,,,,,,large_size
904,1778030154190,1778030154190.jpg,235,g,sonnet sweep,0,1,0,0,,,,0,0,0,grams (g),.235,235,g,log10 median,loaf bread,small packs,AKLAN,MAKATO,Laguna Cayangwan Roadside,Janice Store,H0RQGGXD,,,,,,,,.235,,,,,,235,,,,,scale_with_item,,,,,clear,,,,,,,,small_size
906,1778034178247,1778034178247.jpg,160,g,sonnet sweep,0,1,0,0,,,,0,0,0,grams (g),.16,160,g,log10 median,mango,pieces or units,AKLAN,MAKATO,Rizal St.Poblacion Makato Roadside,Jennifer Fruit Stand,5OZE0UHB,,,,,,,,.16,,,,,,160,,,,,scale_with_item,,,,,probable,,,,,,,,small_size
907,1778034192150,1778034192150.jpg,220,g,sonnet sweep,0,1,0,0,,,,0,0,0,grams (g),.22,220,g,log10 median,mango,pieces or units,AKLAN,MAKATO,Rizal St.Poblacion Makato Roadside,Jennifer Fruit Stand,5OZE0UHB,,,,,,,,.22,,,,,,220,,,,,scale_with_item,,,,,clear,,,,,,,,medium_size
908,1778051558507,1778051558507.jpg,130,g,sonnet sweep,0,1,0,0,,,,0,0,0,grams (g),.125,125,g,log10 median,mango,pieces or units,AKLAN,MAKATO,Brgy.Tugas Makato Roadside,Bhebe Shan Processed Meat Shop,AO6HQD70,,,,,,,,.13,,,,,,130,,,,,scale_with_item,,,,,clear,,,,,,,,small_size
909,1778051582975,1778051582975.jpg,170,g,sonnet sweep,0,1,0,0,,,,0,0,0,grams (g),.17,170,g,log10 median,mango,pieces or units,AKLAN,MAKATO,Brgy.Tugas Makato Roadside,Bhebe Shan Processed Meat Shop,AO6HQD70,,,,,,,,.17,,,,,,170,,,,,scale_with_item,,,,,clear,,,,,,,,medium_size
910,1777428159499,1777428159499.jpg,195,g,sonnet sweep,0,1,0,0,,,,0,0,0,grams (g),.19499999,195,g,log10 median,mango,pieces or units,AKLAN,MAKATO,Makato Public Market,Rashel Fruit Stand,FUDEWOAC,,,,,,,,.195,,,,,,195,,,,,scale_with_item,,,,,clear,,,,,,,,small_size
911,1777428179809,1777428179809.jpg,265,g,sonnet sweep,0,1,0,0,,,,0,0,0,grams (g),.26499999,265,g,log10 median,mango,pieces or units,AKLAN,MAKATO,Makato Public Market,Rashel Fruit Stand,FUDEWOAC,,,,,,,,.265,,,,,,265,,,,,scale_with_item,,,,,clear,,,,,,,,medium_size
912,1777428200235,1777428200235.jpg,365,g,sonnet sweep,0,1,0,0,,,,0,0,0,grams (g),.36500001,365,g,log10 median,mango,pieces or units,AKLAN,MAKATO,Makato Public Market,Rashel Fruit Stand,FUDEWOAC,,,,,,,,.365,,,,,,365,,,,,scale_with_item,,,,,clear,,,,,,,,large_size
913,1777513531890,1777513531890.jpg,140,g,sonnet sweep,0,1,0,0,,,,0,0,0,grams (g),.14,140,g,log10 median,mango,pieces or units,AKLAN,MAKATO,Makato Public Market,Trayco Fruit Stand,JAFNIY2B,,,,,,,,.14,,,,,,140,,,,,scale_with_item,,,,,clear,,,,,,,,small_size
914,1777513546558,1777513546558.jpg,185,g,sonnet sweep,0,1,0,0,,,,0,0,0,grams (g),.185,185,g,log10 median,mango,pieces or units,AKLAN,MAKATO,Makato Public Market,Trayco Fruit Stand,JAFNIY2B,,,,,,,,.185,,,,,,185,,,,,scale_with_item,,,,,clear,,,,,,,,medium_size
915,1777513559805,1777513559805.jpg,255,g,sonnet sweep,0,1,0,0,,,,0,0,0,grams (g),.255,255,g,log10 median,mango,pieces or units,AKLAN,MAKATO,Makato Public Market,Trayco Fruit Stand,JAFNIY2B,,,,,,,,.255,,,,,,255,,,,,scale_with_item,,,,,clear,,,,,,,,large_size
916,1777516923819,1777516923819.jpg,230,g,sonnet sweep,0,1,0,0,,,,0,0,0,grams (g),.23,230,g,log10 median,mango,pieces or units,AKLAN,MAKATO,Makato Public Market,Jodel Store,SJZX87C5,,,,,,,,.23,,,,,,230,,,,,scale_with_item,,,,,clear,,,,,,,,medium_size
917,1778034809067,1778034809067.jpg,195,g,rescue read,0,1,0,0,,,,0,0,0,grams (g),.145,145,g,log10 median,mango,pieces or units,AKLAN,MAKATO,Poblacion Makato Talipapa,Leo Fruit Stand,YP6Z1MXH,,,,,,,,,.195,,,,,,195,,,,,scale_with_item,,,,,probable,,,,,,,small_size
918,1777422762958,1777422762958.jpg,220,g,sonnet sweep,0,1,0,0,,,,0,0,0,grams (g),.22,220,g,log10 median,"prawns, lobster, shrimp",tumpok,AKLAN,MAKATO,Makato Public Market,Marife Fish Vendor,7BU9EA4E,,,,,,,,.22,,,,,,220,,,,,scale_with_item,,,,,clear,,,,,,,,medium_size
919,1777509264770,1777509264770.jpg,505,g,sonnet sweep,0,1,0,0,,,,0,0,0,grams (g),.505,505,g,log10 median,"prawns, lobster, shrimp",tumpok,AKLAN,MAKATO,Poblacion Makato Roadside,Lanie Seafood Trading,D5LGQ66V,,,,,,,,.505,,,,,,505,,,,,scale_with_item,,,,,probable,,,,,,,,large_size
920,1777423796484,1777423796484.jpg,525,g,sonnet sweep,0,1,0,0,,,,0,0,0,grams (g),.52499998,525,g,log10 median,"prawns, lobster, shrimp",tumpok,AKLAN,MAKATO,Makato Public Market,Josie Fish Stand,L1Q2X55I,,,,,,,,.525,,,,,,525,,,,,scale_with_item,,,,,clear,,,,,,,,large_size
921,1777517887594,1777517887594.jpg,300,g,sonnet sweep,0,1,0,0,,,,0,0,0,grams (g),.30000001,300,g,log10 median,"prawns, lobster, shrimp",tumpok,AKLAN,MAKATO,Burgos St.Poblacion Makato Talipapa,Akquarius Seafood Trading,M8ADUXKT,,,,,,,,.3,,,,,,300,,,,,scale_with_item,,,,,clear,,,,,,,,medium_size
922,1777517927297,1777517927297.jpg,390,g,sonnet sweep,0,1,0,0,,,,0,0,0,grams (g),.38999999,390,g,log10 median,"prawns, lobster, shrimp",tumpok,AKLAN,MAKATO,Burgos St.Poblacion Makato Talipapa,Akquarius Seafood Trading,M8ADUXKT,,,,,,,,.39,,,,,,390,,,,,scale_with_item,,,,,clear,,,,,,,,large_size
923,1777422505978,1777422505978.jpg,260,g,sonnet sweep,0,1,0,0,,,,0,0,0,grams (g),.25999999,260,g,log10 median,"prawns, lobster, shrimp",tumpok,AKLAN,MAKATO,Makato Public Market,Tagala Fish Stand,VFJBFS8D,,,,,,,,.26,,,,,,260,,,,,scale_with_item,,,,,clear,,,,,,,,medium_size
924,1777427847332,1777427847332.jpg,65,g,human,1,1,0,0,,,,0,0,0,grams (g),.064999998,65,g,log10 median,"preserved or processed meat (tocino, tapa, longaniza, etc)",pieces or units,AKLAN,MAKATO,Makato Public Market,JV Sari Sari Store,NUHW1W1Q,.065,0.065,scale,0,,,.065,,,,65,,65,,,,scale_with_item,,,,scale_no_item,clear,,,,not_visible,,,,,,municipality_median
925,1778051857216,1778051857216.jpg,40,g,sonnet sweep,0,1,0,0,,,,0,0,0,grams (g),.039999999,40,g,log10 median,"preserved or processed meat (tocino, tapa, longaniza, etc)",pieces or units,AKLAN,MAKATO,Tugas Makato Roadside,Bhebe Shan Processed Meat Shop,OONVNV69,,,,,,,,.04,,,,,,40,,,,,scale_with_item,,,,,clear,,,,,,,,municipality_median
926,1777426854806,1777426854806.jpg,65,g,sonnet sweep,0,1,0,0,,,,0,0,0,grams (g),.064999998,65,g,log10 median,"preserved or processed meat (tocino, tapa, longaniza, etc)",pieces or units,AKLAN,MAKATO,Makato Public Market,Celina Meat Stand,OYVKS6IV,,,,,,,,.065,,,,,,65,,,,,scale_with_item,,,,,clear,,,,,,,,municipality_median
928,1777512253587,1777512253587.jpg,65,g,sonnet sweep,0,1,0,0,,,,0,0,0,grams (g),.064999998,65,g,log10 median,"preserved or processed meat (tocino, tapa, longaniza, etc)",pieces or units,AKLAN,MAKATO,Poblacion Makato Talipapa,Paunn Mini Store,YHUTTB4P,,,,,,,,.065,,,,,,65,,,,,scale_with_item,,,,,clear,,,,,,,,municipality_median
931,1778051763593,1778051763593.jpg,325,g,sonnet sweep,0,1,0,0,,,,0,0,0,grams (g),.32499999,325,g,log10 median,"preserved or processed meat (tocino, tapa, longaniza, etc)",putos,AKLAN,MAKATO,Tugas Makato Roadside,Bhebe Shan Processed Meat Shop,79HF703K,,,,,,,,.325,,,,,,325,,,,,scale_with_item,,,,,clear,,,,,,,,municipality_median
932,1777539467046,1777539467046.jpg,290,g,sonnet sweep,0,1,0,0,,,,0,0,0,grams (g),.28999999,290,g,log10 median,"preserved or processed meat (tocino, tapa, longaniza, etc)",putos,AKLAN,MAKATO,Tugas Makato Roadside,DMR Variety Store,DF4M51BH,,,,,,,,.29,,,,,,290,,,,,scale_with_item,,,,,clear,,,,,,,,municipality_median
933,1777426793732,1777426793732.jpg,350,g,sonnet sweep,0,1,0,0,,,,0,0,0,grams (g),.34999999,350,g,log10 median,"preserved or processed meat (tocino, tapa, longaniza, etc)",putos,AKLAN,MAKATO,Makato Public Market,Celina Meat Stand,G47MBVXI,,,,,,,,.35,,,,,,350,,,,,scale_with_item,,,,,clear,,,,,,,,municipality_median
939,1777254711693,1777254711693.jpg,1055,g,sonnet sweep,0,1,0,0,,,,0,0,0,Kilograms (Kgs),1355,1355,g,log10 median,cabbage,pieces or units,AKLAN,MALAY,Caticlan public market,Ronans vegetables stall,091PVZDJ,,,,,,,,1.055,,,,,,1055,,,,,scale_with_item,,,,,probable,,,,,,,,large_size
944,1777343470499,1777343470499.jpg,1105,g,sonnet sweep,0,1,0,0,,,,0,0,0,Kilograms (Kgs),1115,1115,g,log10 median,cabbage,pieces or units,AKLAN,MALAY,Brgy.Sambiray talipapa,Hyshan store,CZ6XNJ00,,,,,,,,1.105,,,,,,1105,,,,,scale_with_item,,,,,clear,,,,,,,,medium_size
945,1777343502081,1777343502081.jpg,1555,g,sonnet sweep,0,1,0,0,,,,0,0,0,Kilograms (Kgs),1555,1555,g,log10 median,cabbage,pieces or units,AKLAN,MALAY,Brgy.Sambiray talipapa,Hyshan store,CZ6XNJ00,,,,,,,,1.555,,,,,,1555,,,,,scale_with_item,,,,,clear,,,,,,,,large_size
948,1777254122696,1777254122696.jpg,1240,g,sonnet sweep,0,1,0,0,,,,0,0,0,Kilograms (Kgs),1240,1240,g,log10 median,cabbage,pieces or units,AKLAN,MALAY,Caticlan public market,Rjc vegetables stall,HLQRW0RO,,,,,,,,1.24,,,,,,1240,,,,,scale_with_item,,,,,clear,,,,,,,,large_size
959,1777253278975,1777253278975.jpg,1020,g,sonnet sweep,0,1,0,0,,,,0,0,0,Kilograms (Kgs),1025,1025,g,log10 median,cabbage,pieces or units,AKLAN,MALAY,Caticlan public market,Daisy vegetables stall,URUHWS47,,,,,,,,1.02,,,,,,1020,,,,,scale_with_item,,,,,clear,,,,,,,,large_size
1010,1777269860534,1777269860534.jpg,1280,g,sonnet sweep,0,1,0,0,,,,0,0,0,Kilograms (Kgs),1280,1280,g,log10 median,chicken,whole (chicken),AKLAN,MALAY,Caticlan roadside,Navarra food product,3AX0PS2I,,,,,,,,1.28,,,,,,1280,,,,,scale_with_item,,,,,probable,,,,,,,,medium_size
1012,1777346455424,1777346455424.jpg,1230,g,sonnet sweep,0,1,0,0,,,,0,0,0,Kilograms (Kgs),1230,1230,g,log10 median,chicken,whole (chicken),AKLAN,MALAY,Brgy.Sambiray talipapa,Sadifa store,97SAG2JH,,,,,,,,1.23,,,,,,1230,,,,,scale_with_item,,,,,clear,,,,,,,,medium_size
1013,1777944747570,1777944747570.jpg,1285,g,sonnet sweep,0,1,0,0,,,,0,0,0,Kilograms (Kgs),1235,1235,g,log10 median,chicken,whole (chicken),AKLAN,MALAY,Caticlan public market,Michael frozen foods,IKP3Q58N,,,,,,,,1285,,,,,,1285,,,,,scale_with_item,,,,,probable,,,,,,,,medium_size
1014,1777945396910,1777945396910.jpg,,,,0,0,0,0,,,,0,0,0,Kilograms (Kgs),1195,1195,g,log10 median,chicken,whole (chicken),AKLAN,MALAY,Caticlan roadside,Nin̈a dressed chicken,KJVYD6UZ,,,,,,,,,,,,,,,,,,,scale_with_item,,,,,ambiguous,,,,,,,,medium_size
1017,1777346074747,1777346074747.jpg,,,,0,0,0,0,,,,0,0,0,Kilograms (Kgs),1080,1080,g,log10 median,chicken,whole (chicken),AKLAN,MALAY,Brgy.union caticlan talipapa,Fredelyn variety store,W4B6IFSQ,,,,,,,,,,,,,,,,,,,scale_with_item,,,,,not_visible,,,,,,,,medium_size
1024,1777262694706,1777262694706.jpg,359.7,g,package label (g),0,1,1,0,Net Wt. 359.70g,359.7,g,1,0,1,grams (g),359.70001,360,g,log10 median,"crackers, cookies, buiscuits, chips/curls",putos,AKLAN,MALAY,Caticlan roadside,James sari sari store,48HPO4Q1,,,,,,,,,,,,,,,,,,,label_closeup,,,,,not_visible,,,,,Net Wt. 359.70g,,,municipality_median
1151,1778033861440,1778033861440.jpg,,,,0,0,0,0,,,,0,0,0,grams (g),24.6,25,g,log10 median,"crackers, cookies, buiscuits, chips/curls",pieces or units,AKLAN,MALINAO,"Malinao,Public Market",Lynds Store,KG3QNZMP,,,,,,,,,,,,,,,,,,,item_no_scale,,,,,not_visible,,,,,,,,province_median
1184,1778034821033,1778034821033.jpg,1000,mL,package label (mL),0,1,1,1,1 Liter,1000,mL,1,0,1,Litres (L),1,1000,mL,log10 median,"liquor (e.g, whisky, coconut wine)",long-neck,AKLAN,MALINAO,"Malinao,Public Market",Yvana plastic ware and groceries Store,3A71MQHU,,,,,,,,,,,,,,,,,item_no_scale,,,,item_no_scale,not_visible,,,,not_visible,1 Liter,,,,1 Liter,large_size
1186,1778118893591,1778118893591.jpg,750,mL,package label (mL),0,1,1,1,750 mL,750,mL,1,0,1,grams (g),750,750,mL,log10 median,"liquor (e.g, whisky, coconut wine)",long-neck,AKLAN,MALINAO,"Malinao, Poblacion",Princess and Irone Store,5N7MEE3D,,,,,,,,,,,,,,,,,item_no_scale,,,,item_no_scale,not_visible,,,,not_visible,750 mL,,,,,medium_size
1195,1778120008596,1778120008596.jpg,1000,mL,package label (mL),0,1,1,1,1 Liter,1000,mL,1,0,1,Litres (L),1,1000,mL,log10 median,"liquor (e.g, whisky, coconut wine)",long-neck,AKLAN,MALINAO,"Malinao, Poblacion",Alexandria Store,SRBU2IR6,,,,,,,,,,,,,,,,,item_no_scale,,,,item_no_scale,not_visible,,,,not_visible,1 Liter,,,,,large_size
1433,1777425248304,1777425248304.jpg,1045,g,sonnet sweep,0,1,0,0,,,,0,0,0,Kilograms (Kgs),1045,1045,g,log10 median,cabbage,pieces or units,AKLAN,TANGALAN,Tangalan public market,Taladtad vegetables,8EJHJ19Z,,,,,,,,1.045,,,,,,1045,,,,,scale_with_item,,,,,clear,,,,,,,,large_size
1436,1777511884384,1777511884384.jpg,1245,g,sonnet sweep,0,1,0,0,,,,0,0,0,Kilograms (Kgs),1245,1245,g,log10 median,cabbage,pieces or units,AKLAN,TANGALAN,Brgy.panayakan tangalan talipapa,Necie sari sari store,DOTD30JG,,,,,,,,1.245,,,,,,1245,,,,,scale_with_item,,,,,clear,,,,,,,,large_size
1441,1777450579850,1777450579850.jpg,1295,g,sonnet sweep,0,1,0,0,,,,0,0,0,Kilograms (Kgs),1295,1295,g,log10 median,cabbage,pieces or units,AKLAN,TANGALAN,Tangalan roadside,Chysea meatshop,POXFI143,,,,,,,,1.295,,,,,,1295,,,,,scale_with_item,,,,,probable,,,,,,,,large_size
1448,1777424652242,1777424652242.jpg,1120,g,sonnet sweep,0,1,0,0,,,,0,0,0,Kilograms (Kgs),1120,1120,g,log10 median,cabbage,pieces or units,AKLAN,TANGALAN,Tangalan public market,Mila fruid and vegetable store,WN2161J9,,,,,,,,1.12,,,,,,1120,,,,,scale_with_item,,,,,clear,,,,,,,,large_size
1468,1777511994600,1777511994600.jpg,,,,0,0,0,0,,,,0,0,0,Kilograms (Kgs),1050,1050,g,log10 median,chicken,whole (chicken),AKLAN,TANGALAN,Brgy.panayakan tangalan talipapa,Necie sari sari store,5PHI3CLZ,,,,,,,,,,,,,,,,,,,scale_with_item,,,,,ambiguous,,,,,,,,medium_size
1470,1777426137237,1777426137237.jpg,1270,g,sonnet sweep,0,1,0,0,,,,0,0,0,Kilograms (Kgs),1270,1270,g,log10 median,chicken,whole (chicken),AKLAN,TANGALAN,Tangalan public market,Andrew meat stall,K5HOCLVB,,,,,,,,1.27,,,,,,1270,,,,,scale_with_item,,,,,clear,,,,,,,,medium_size
1471,1777426173472,1777426173472.jpg,1395,g,sonnet sweep,0,1,0,0,,,,0,0,0,Kilograms (Kgs),1395,1395,g,log10 median,chicken,whole (chicken),AKLAN,TANGALAN,Tangalan public market,Andrew meat stall,K5HOCLVB,,,,,,,,1.395,,,,,,1395,,,,,scale_with_item,,,,,clear,,,,,,,,large_size
1472,1777425893440,1777425893440.jpg,1735,g,sonnet sweep,0,1,0,0,,,,0,0,0,Kilograms (Kgs),1735,1735,g,log10 median,chicken,whole (chicken),AKLAN,TANGALAN,Tangalan public market,Joy joy meat stall,KKK06B2X,,,,,,,,1.735,,,,,,1735,,,,,scale_with_item,,,,,clear,,,,,,,,large_size
1473,1777426324259,1777426324259.jpg,1030,g,sonnet sweep,0,1,0,0,,,,0,0,0,Kilograms (Kgs),1130,1130,g,log10 median,chicken,whole (chicken),AKLAN,TANGALAN,Tangalan public market,Tampos meat stall,MS4D85K2,,,,,,,,1.03,,,,,,1030,,,,,scale_with_item,,,,,clear,,,,,,,,medium_size
1474,1777426342424,1777426342424.jpg,1205,g,sonnet sweep,0,1,0,0,,,,0,0,0,Kilograms (Kgs),1205,1205,g,log10 median,chicken,whole (chicken),AKLAN,TANGALAN,Tangalan public market,Tampos meat stall,MS4D85K2,,,,,,,,1.205,,,,,,1205,,,,,scale_with_item,,,,,clear,,,,,,,,large_size
1475,1777450707934,1777450707934.jpg,1085,g,sonnet sweep,0,1,0,0,,,,0,0,0,Kilograms (Kgs),1085,1085,g,log10 median,chicken,whole (chicken),AKLAN,TANGALAN,Tangalan roadside,Chysea meatshop,S1L7KWEM,,,,,,,,1.085,,,,,,1085,,,,,scale_with_item,,,,,clear,,,,,,,,medium_size
1476,1777450727681,1777450727681.jpg,1235,g,sonnet sweep,0,1,0,0,,,,0,0,0,Kilograms (Kgs),1235,1235,g,log10 median,chicken,whole (chicken),AKLAN,TANGALAN,Tangalan roadside,Chysea meatshop,S1L7KWEM,,,,,,,,1.235,,,,,,1235,,,,,scale_with_item,,,,,clear,,,,,,,,large_size
1477,1778030752424,1778030752424.jpg,1045,g,sonnet sweep,0,1,0,0,,,,0,0,0,Kilograms (Kgs),1045,1045,g,log10 median,chicken,whole (chicken),AKLAN,TANGALAN,Brgy.panayakan tangalan talipapa,Cecil sari sari store,THOXOUPN,,,,,,,,1.045,,,,,,1045,,,,,scale_with_item,,,,,clear,,,,,,,,medium_size
1514,1777429289375,1777429289375.jpg,375,mL,package label (mL),0,1,1,1,375 mL,375,mL,1,0,1,grams (g),375,375,mL,log10 median,"liquor (e.g, whisky, coconut wine)",lipid/lapad,AKLAN,TANGALAN,Tangalan public market,Mujer general merchandise,4U8DNZOB,,,,,,,,,,,,,,,,,,,item_no_scale,,,,,not_visible,,,,,375 mL,,,medium_size
1532,1777427570284,1777427570284.jpg,,,,0,0,0,0,,,,0,0,0,Kilograms (Kgs),1,1000,mL,log10 median,"liquor (e.g, whisky, coconut wine)",long-neck,AKLAN,TANGALAN,Tangalan public market,Reaven beverage company,SGXF2VWJ,,,,,,,,,,,,,,,,,,,item_no_scale,,,,,not_visible,,,,,,,,large_size
1570,1777005487683,1777005487683.jpg,1075,g,sonnet sweep,0,1,0,0,,,,0,0,0,Kilograms (Kgs),1075,1075,g,log10 median,cabbage,pieces or units,ANTIQUE,BARBAZA,Barbaza roadside,Mels meatshop,M51S0RMR,,,,,,,,1.075,,,,,,1075,,,,,scale_with_item,,,,,clear,,,,,,,,municipality_median
1604,1777005819149,1777005819149.jpg,1305,g,sonnet sweep,0,1,0,0,,,,0,0,0,Kilograms (Kgs),1305,1305,g,log10 median,chicken,whole (chicken),ANTIQUE,BARBAZA,Brgy.palma barbaza roadside,Mels meatshop,12KE8TZK,,,,,,,,1.305,,,,,,1305,,,,,scale_with_item,,,,,clear,,,,,,,,medium_size
1605,1777080520246,1777080520246.jpg,1050,g,sonnet sweep,0,1,0,0,,,,0,0,0,Kilograms (Kgs),1050,1050,g,log10 median,chicken,whole (chicken),ANTIQUE,BARBAZA,Brgy.binangbang barbaza,L & A store,5U6RZ97F,,,,,,,,1.05,,,,,,1050,,,,,scale_with_item,,,,,clear,,,,,,,,medium_size
1606,1777082752314,1777082752314.jpg,1875,g,sonnet sweep,0,1,0,0,,,,0,0,0,Kilograms (Kgs),1375,1375,g,log10 median,chicken,whole (chicken),ANTIQUE,BARBAZA,Brgy.cubay barbaza talipapa,Hannas store,O7D6GH59,,,,,,,,1.875,,,,,,1875,,,,,scale_with_item,,,,,clear,,,,,,,,medium_size
1607,1777000420609,1777000420609.jpg,,,,0,0,0,0,,,,0,0,0,grams (g),26.25,26,g,log10 median,"crackers, cookies, buiscuits, chips/curls",pieces or units,ANTIQUE,BARBAZA,Brgy.palma barbaza roadside,"Al,en store",0H9GIK00,,,,,,,,,,,,,,,,,,,item_no_scale,,,,,not_visible,,,,,,,,small_size
1630,1779066169140,1779066169140.jpg,1700,g,sonnet sweep,0,1,0,0,,,,0,0,0,Kilograms (Kgs),1700,1700,g,log10 median,fresh fish,pieces or units,ANTIQUE,BARBAZA,Brgy.palma barbaza public market,Junjun fish stall,3O82UD3N,,,,,,,,1.7,,,,,,1700,,,,,scale_with_item,,,,,clear,,,,,,,,large_size
1633,1779068538623,1779068538623.jpg,2065,g,sonnet sweep,0,1,0,0,,,,0,0,0,Kilograms (Kgs),2055,2055,g,log10 median,fresh fish,pieces or units,ANTIQUE,BARBAZA,Brgy.cubay barbaza,Junior fish stall,GE6BMREP,,,,,,,,2.065,,,,,,2065,,,,,scale_with_item,,,,,probable,,,,,,,,large_size
1634,1776999946397,1776999946397.jpg,,,,0,0,0,0,,,,0,0,0,Litres (L),140,140,mL,log10 median,"ice cream, sorbet, edible ice (eg., ice-lolli, halo-halo)",pieces or units,ANTIQUE,BARBAZA,Brgy.palma barbaza roadside,J2 dry goods,3WY5HU11,,,,,,,,,,,,,,,,,,,item_no_scale,,,,,not_visible,,,,,,,,province_median
1635,1777006799769,1777006799769.jpg,,,,0,0,0,0,,,,0,0,0,grams (g),90,90,mL,log10 median,"ice cream, sorbet, edible ice (eg., ice-lolli, halo-halo)",pieces or units,ANTIQUE,BARBAZA,Brgy.palma barbaza roadside,Ports poultry grocery,JWZCA9GN,,,,,,,,,,,,,,,,,,,scale_with_item,,,,,ambiguous,,,,,,,,province_median
1636,1777080111886,1777080111886.jpg,,,,0,0,0,0,,,,0,0,0,Litres (L),110,110,mL,log10 median,"ice cream, sorbet, edible ice (eg., ice-lolli, halo-halo)",pieces or units,ANTIQUE,BARBAZA,Brgy.cubay barbaza talipapa,Rl store,PAEHU9TI,,,,,,,,,,,,,,,,,,,item_no_scale,,,,,not_visible,,,,,,,,province_median
1637,1779068949278,1779068949278.jpg,,,,0,0,0,0,,,,0,0,0,Litres (L),110,110,mL,log10 median,"ice cream, sorbet, edible ice (eg., ice-lolli, halo-halo)",pieces or units,ANTIQUE,BARBAZA,Brgy.cubay barbaza talipapa,Maggys happiness sari sari store,RJ16EYIN,,,,,,,,,,,,,,,,,,,item_no_scale,,,,,not_visible,,,,,,,,province_median
1638,1777000749284,1777000749284.jpg,,,,0,0,0,0,,,,0,0,0,Litres (L),110,110,mL,log10 median,"ice cream, sorbet, edible ice (eg., ice-lolli, halo-halo)",pieces or units,ANTIQUE,BARBAZA,Brgy.palma barbaza roadside,"Al,en store",U1YC7L18,,,,,,,,,,,,,,,,,,,item_no_scale,,,,,not_visible,,,,,,,,province_median
1648,1777083385295,1777083385295.jpg,750,mL,package label (mL),0,1,1,1,750 mL,750,mL,1,0,1,Litres (L),750,750,mL,log10 median,"liquor (e.g, whisky, coconut wine)",long-neck,ANTIQUE,BARBAZA,Brgy.cubay barbaza talipapa,Fgb enterprises,0DBY5SF1,,,,,,,,,,,,,,,,,,,item_no_scale,,,,,not_visible,,,,,750 mL,,,province_median
1649,1776999369204,1776999369204.jpg,750,mL,package label (mL),0,1,1,1,750 mL,750,mL,1,0,1,Litres (L),750,750,mL,log10 median,"liquor (e.g, whisky, coconut wine)",long-neck,ANTIQUE,BARBAZA,Brgy.palma barbaza public market,Kisses general merchandising,7BZODVD5,,,,,,,,,,,,,,,,,,,item_no_scale,,,,,not_visible,,,,,750 mL,,,province_median
1650,1777010291768,1777010291768.jpg,,,,0,0,0,0,,,,0,0,0,Litres (L),700,700,mL,log10 median,"liquor (e.g, whisky, coconut wine)",long-neck,ANTIQUE,BARBAZA,Brgy.palma barbaza roadside,7eleven,88LPH9E8,,,,,,,,,,,,,,,,,,,item_no_scale,,,,,not_visible,,,,,,,,province_median
1651,1777082401481,1777082401481.jpg,750,mL,package label (mL),0,1,1,1,750 mL,750,mL,1,0,1,Litres (L),750,750,mL,log10 median,"liquor (e.g, whisky, coconut wine)",long-neck,ANTIQUE,BARBAZA,Brgy.cubay barbaza talipapa,Hannas store,BK0FEZBS,,,,,,,,,,,,,,,,,,,item_no_scale,,,,,not_visible,,,,,750 mL,,,province_median
1652,1777080054228,1777080054228.jpg,,,,0,0,0,0,,,,0,0,0,Litres (L),700,700,mL,log10 median,"liquor (e.g, whisky, coconut wine)",long-neck,ANTIQUE,BARBAZA,Brgy.cubay barbaza talipapa,Rl store,EUMX300N,,,,,,,,,,,,,,,,,,,item_no_scale,,,,,not_visible,,,,,,,,province_median
1653,1777000665803,1777000665803.jpg,750,mL,package label (mL),0,1,1,1,750 mL,750,mL,1,0,1,Litres (L),750,750,mL,log10 median,"liquor (e.g, whisky, coconut wine)",long-neck,ANTIQUE,BARBAZA,Brgy.palma barbaza roadside,"Al,en store",GCSNJ99B,,,,,,,,,,,,,,,,,,,item_no_scale,,,,,not_visible,,,,,750 mL,,,province_median
1654,1779069119859,1779069119859.jpg,,,,0,0,0,0,,,,0,0,0,Litres (L),750,750,mL,log10 median,"liquor (e.g, whisky, coconut wine)",long-neck,ANTIQUE,BARBAZA,Brgy.cubay barbaza talipapa,Maggys happiness sari sari store,WMV4H3CX,,,,,,,,,,,,,,,,,,,item_no_scale,,,,,not_visible,,,,,,,,province_median
1700,1776648968812,1776648968812.jpg,505,g,sonnet sweep,0,1,0,0,,,,0,0,0,grams (g),.505,505,g,log10 median,cabbage,pieces or units,ANTIQUE,BELISON,Belison Public Market,Joanna Spices and Vegetables store,S82ILA02,,,,,,,,.505,,,,,,505,,,,,scale_with_item,,,,,clear,,,,,,,,small_size
1701,1776648984264,1776648984264.jpg,550,g,sonnet sweep,0,1,0,0,,,,0,0,0,grams (g),.55000001,550,g,log10 median,cabbage,pieces or units,ANTIQUE,BELISON,Belison Public Market,Joanna Spices and Vegetables store,S82ILA02,,,,,,,,.55,,,,,,550,,,,,scale_with_item,,,,,clear,,,,,,,,medium_size
1702,1776649000700,1776649000700.jpg,670,g,sonnet sweep,0,1,0,0,,,,0,0,0,grams (g),.67000002,670,g,log10 median,cabbage,pieces or units,ANTIQUE,BELISON,Belison Public Market,Joanna Spices and Vegetables store,S82ILA02,,,,,,,,.67,,,,,,670,,,,,scale_with_item,,,,,clear,,,,,,,,large_size
1703,1776649509312,1776649509312.jpg,645,g,sonnet sweep,0,1,0,0,,,,0,0,0,grams (g),.64499998,645,g,log10 median,cabbage,pieces or units,ANTIQUE,BELISON,Belison Public Market,Ann May store,WTV7J2H7,,,,,,,,.645,,,,,,645,,,,,scale_with_item,,,,,clear,,,,,,,,small_size
1704,1776649533461,1776649533461.jpg,760,g,sonnet sweep,0,1,0,0,,,,0,0,0,grams (g),.75999999,760,g,log10 median,cabbage,pieces or units,ANTIQUE,BELISON,Belison Public Market,Ann May store,WTV7J2H7,,,,,,,,.76,,,,,,760,,,,,scale_with_item,,,,,clear,,,,,,,,medium_size
1705,1776649547352,1776649547352.jpg,770,g,sonnet sweep,0,1,0,0,,,,0,0,0,grams (g),.76999998,770,g,log10 median,cabbage,pieces or units,ANTIQUE,BELISON,Belison Public Market,Ann May store,WTV7J2H7,,,,,,,,.77,,,,,,770,,,,,scale_with_item,,,,,clear,,,,,,,,large_size
1706,1776646249365,1776646249365.jpg,495,g,sonnet sweep,0,1,0,0,,,,0,0,0,grams (g),.495,495,g,log10 median,cabbage,pieces or units,ANTIQUE,BELISON,Belison Public Market,Cecile stall,WY345GNA,,,,,,,,.495,,,,,,495,,,,,scale_with_item,,,,,clear,,,,,,,,small_size
1707,1776646277631,1776646277631.jpg,625,g,sonnet sweep,0,1,0,0,,,,0,0,0,grams (g),.625,625,g,log10 median,cabbage,pieces or units,ANTIQUE,BELISON,Belison Public Market,Cecile stall,WY345GNA,,,,,,,,.625,,,,,,625,,,,,scale_with_item,,,,,clear,,,,,,,,medium_size
1708,1776649977682,1776649977682.jpg,325,g,sonnet sweep,0,1,0,0,,,,0,0,0,grams (g),.32499999,325,g,log10 median,camote tops,bugkos,ANTIQUE,BELISON,Belison public market,Silva Store,6AHAV0T7,,,,,,,,.325,,,,,,325,,,,,scale_with_item,,,,,probable,,,,,,,,small_size
1712,1776649232786,1776649232786.jpg,285,g,sonnet sweep,0,1,0,0,,,,0,0,0,grams (g),.285,285,g,log10 median,camote tops,bugkos,ANTIQUE,BELISON,Belison public market,Joanna Spices and Vegetables store,N1XRNYUK,,,,,,,,.285,,,,,,285,,,,,scale_with_item,,,,,clear,,,,,,,,small_size
1713,1776646369279,1776646369279.jpg,,,,0,0,0,0,,,,0,0,0,grams (g),.22499999,225,g,log10 median,camote tops,bugkos,ANTIQUE,BELISON,Belison public market,Cecile stall,SUPZIXFR,,,,,,,,,,,,,,,,,,,scale_with_item,,,,,ambiguous,,,,,,,,small_size
1714,1776649893182,1776649893182.jpg,75,g,sonnet sweep,0,1,0,0,,,,0,0,0,grams (g),.075000003,75,g,log10 median,camote,binilog,ANTIQUE,BELISON,Belison Public Market,Silva Store,37IE4DH9,,,,,,,,.075,,,,,,75,,,,,scale_with_item,,,,,clear,,,,,,,,small_size
1715,1776649905283,1776649905283.jpg,100,g,sonnet sweep,0,1,0,0,,,,0,0,0,grams (g),.1,100,g,log10 median,camote,binilog,ANTIQUE,BELISON,Belison Public Market,Silva Store,37IE4DH9,,,,,,,,.1,,,,,,100,,,,,scale_with_item,,,,,clear,,,,,,,,medium_size
1716,1776649918642,1776649918642.jpg,140,g,sonnet sweep,0,1,0,0,,,,0,0,0,grams (g),.14,140,g,log10 median,camote,binilog,ANTIQUE,BELISON,Belison Public Market,Silva Store,37IE4DH9,,,,,,,,.14,,,,,,140,,,,,scale_with_item,,,,,clear,,,,,,,,large_size
1722,1776646473702,1776646473702.jpg,65,g,sonnet sweep,0,1,0,0,,,,0,0,0,grams (g),.064999998,65,g,log10 median,camote,binilog,ANTIQUE,BELISON,Belison public market,Cecile stall,DTQ8BHD0,,,,,,,,.065,,,,,,65,,,,,scale_with_item,,,,,clear,,,,,,,,small_size
1723,1776646495548,1776646495548.jpg,90,g,sonnet sweep,0,1,0,0,,,,0,0,0,grams (g),.090000004,90,g,log10 median,camote,binilog,ANTIQUE,BELISON,Belison public market,Cecile stall,DTQ8BHD0,,,,,,,,.09,,,,,,90,,,,,scale_with_item,,,,,clear,,,,,,,,medium_size
1724,1776646512306,1776646512306.jpg,140,g,sonnet sweep,0,1,0,0,,,,0,0,0,grams (g),.14,140,g,log10 median,camote,binilog,ANTIQUE,BELISON,Belison public market,Cecile stall,DTQ8BHD0,,,,,,,,.14,,,,,,140,,,,,scale_with_item,,,,,clear,,,,,,,,large_size
1725,1776649693699,1776649693699.jpg,95,g,sonnet sweep,0,1,0,0,,,,0,0,0,grams (g),.094999999,95,g,log10 median,camote,binilog,ANTIQUE,BELISON,Belison public market,Ann May store,FP18Y91P,,,,,,,,.095,,,,,,95,,,,,scale_with_item,,,,,clear,,,,,,,,small_size
1726,1776649709554,1776649709554.jpg,145,g,sonnet sweep,0,1,0,0,,,,0,0,0,grams (g),.145,145,g,log10 median,camote,binilog,ANTIQUE,BELISON,Belison public market,Ann May store,FP18Y91P,,,,,,,,.145,,,,,,145,,,,,scale_with_item,,,,,clear,,,,,,,,medium_size
1727,1776649758366,1776649758366.jpg,165,g,sonnet sweep,0,1,0,0,,,,0,0,0,grams (g),.155,155,g,log10 median,camote,binilog,ANTIQUE,BELISON,Belison public market,Ann May store,FP18Y91P,,,,,,,,.165,,,,,,165,,,,,scale_with_item,,,,,clear,,,,,,,,large_size
1731,1776649603315,1776649603315.jpg,80,g,sonnet sweep,0,1,0,0,,,,0,0,0,grams (g),.079999998,80,g,log10 median,carrot,pieces or units,ANTIQUE,BELISON,Belison public market,Ann May store,32HRNFLG,,,,,,,,.08,,,,,,80,,,,,scale_with_item,,,,,clear,,,,,,,,small_size
1732,1776649617036,1776649617036.jpg,95,g,sonnet sweep,0,1,0,0,,,,0,0,0,grams (g),.094999999,95,g,log10 median,carrot,pieces or units,ANTIQUE,BELISON,Belison public market,Ann May store,32HRNFLG,,,,,,,,.095,,,,,,95,,,,,scale_with_item,,,,,clear,,,,,,,,medium_size
1733,1776649632742,1776649632742.jpg,115,g,sonnet sweep,0,1,0,0,,,,0,0,0,grams (g),.115,115,g,log10 median,carrot,pieces or units,ANTIQUE,BELISON,Belison public market,Ann May store,32HRNFLG,,,,,,,,.115,,,,,,115,,,,,scale_with_item,,,,,clear,,,,,,,,large_size
1736,1776646622099,1776646622099.jpg,95,g,sonnet sweep,0,1,0,0,,,,0,0,0,grams (g),.094999999,95,g,log10 median,carrot,pieces or units,ANTIQUE,BELISON,Belison public market,Cecile stall,8K7K6LZ6,,,,,,,,.095,,,,,,95,,,,,scale_with_item,,,,,clear,,,,,,,,small_size
1737,1776646645577,1776646645577.jpg,120,g,sonnet sweep,0,1,0,0,,,,0,0,0,grams (g),.12,120,g,log10 median,carrot,pieces or units,ANTIQUE,BELISON,Belison public market,Cecile stall,8K7K6LZ6,,,,,,,,.12,,,,,,120,,,,,scale_with_item,,,,,clear,,,,,,,,medium_size
1738,1776646665531,1776646665531.jpg,215,g,sonnet sweep,0,1,0,0,,,,0,0,0,grams (g),.215,215,g,log10 median,carrot,pieces or units,ANTIQUE,BELISON,Belison public market,Cecile stall,8K7K6LZ6,,,,,,,,.215,,,,,,215,,,,,scale_with_item,,,,,clear,,,,,,,,large_size
1743,1776649056016,1776649056016.jpg,125,g,sonnet sweep,0,1,0,0,,,,0,0,0,grams (g),.125,125,g,log10 median,carrot,pieces or units,ANTIQUE,BELISON,Belison public market,Joanna Spices and Vegetables store,YPT8B8FI,,,,,,,,.125,,,,,,125,,,,,scale_with_item,,,,,clear,,,,,,,,small_size
1744,1776649072227,1776649072227.jpg,155,g,sonnet sweep,0,1,0,0,,,,0,0,0,grams (g),.155,155,g,log10 median,carrot,pieces or units,ANTIQUE,BELISON,Belison public market,Joanna Spices and Vegetables store,YPT8B8FI,,,,,,,,.155,,,,,,155,,,,,scale_with_item,,,,,clear,,,,,,,,medium_size
1745,1776649090270,1776649090270.jpg,185,g,sonnet sweep,0,1,0,0,,,,0,0,0,grams (g),.185,185,g,log10 median,carrot,pieces or units,ANTIQUE,BELISON,Belison public market,Joanna Spices and Vegetables store,YPT8B8FI,,,,,,,,.185,,,,,,185,,,,,scale_with_item,,,,,clear,,,,,,,,large_size
1747,1779239348245,1779239348245.jpg,1185,g,sonnet sweep,0,1,0,0,,,,0,0,0,Kilograms (Kgs),1185,1185,g,log10 median,chicken,whole (chicken),ANTIQUE,BELISON,Brgy.rombang belison,Emz sari sari store,NLVL6H7G,,,,,,,,1.185,,,,,,1185,,,,,scale_with_item,,,,,clear,,,,,,,,medium_size
1749,1776741195448,1776741195448.jpg,1350,g,sonnet sweep,0,1,0,0,,,,0,0,0,Kilograms (Kgs),1350,1350,g,log10 median,chicken,whole (chicken),ANTIQUE,BELISON,Belison roadside,Jess meat and vegetable store,O94EHLDI,,,,,,,,1.35,,,,,,1350,,,,,scale_with_item,,,,,clear,,,,,,,,medium_size
1752,1776648500898,1776648500898.jpg,316,g,sonnet sweep,0,1,0,0,,,,0,0,0,grams (g),.315,315,g,log10 median,chicken,pieces or units,ANTIQUE,BELISON,Belison public market,M and G meat store,1LPE4RUV,,,,,,,,.316,,,,,,316,,,,,scale_with_item,,,,,clear,,,,,,,,medium_size
1753,1776647956424,1776647956424.jpg,,,,0,0,0,0,,,,0,0,0,grams (g),.33000001,330,g,log10 median,chicken,pieces or units,ANTIQUE,BELISON,Belison public market,Ella sari sari store,H5KPYKFP,,,,,,,,,,,,,,,,,,,scale_with_item,,,,,not_visible,,,,,,,,medium_size
1765,1779239080323,1779239080323.jpg,70,mL,package label (mL),0,1,1,1,Net Weight: 70ml,70,mL,1,0,1,Litres (L),.07,70,g,log10 median,"ice cream, sorbet, edible ice (eg., ice-lolli, halo-halo)",putos,ANTIQUE,BELISON,Brgy. Concepcion belison,Emz sari sari store,GFAR7P7C,,,,,,,,,,,,,,,,,,,item_no_scale,,,,,not_visible,,,,,Net Weight: 70ml,,,small_size
1766,1776650704998,1776650704998.jpg,70,mL,package label (mL),0,1,1,1,Net Content: 70 mL,70,mL,1,0,1,Litres (L),.69999999,700,g,block governs,"ice cream, sorbet, edible ice (eg., ice-lolli, halo-halo)",putos,ANTIQUE,BELISON,Belison public market,Haus Corner Variety Store,S86XLQGO,,,,,,,,,,,,,,,,,,,label_closeup,,,,,not_visible,,,,,Net Content: 70 mL,,,small_size
1768,1776737842836,1776737842836.jpg,,,,0,0,0,0,,,,0,0,0,Litres (L),350,350,mL,log10 median,"liquor (e.g, whisky, coconut wine)",gin,ANTIQUE,BELISON,Brgy.concepcion belison roadside,7eleven,2ZBK0K8X,,,,,,,,,,,,,,,,,,,item_no_scale,,,,,not_visible,,,,,,,,province_median
1769,1779239692253,1779239692253.jpg,350,mL,package label (mL),0,1,1,1,350 mL,350,mL,1,0,1,Litres (L),350,350,mL,log10 median,"liquor (e.g, whisky, coconut wine)",gin,ANTIQUE,BELISON,Brgy.rombang belison,Emz sari sari store,UYWWOL87,,,,,,,,,,,,,,,,,,,item_no_scale,,,,,not_visible,,,,,350 mL,,,province_median
1770,1779240256696,1779240256696.jpg,335,mL,package label (mL),0,1,1,1,335 ml,335,mL,1,0,1,Litres (L),335,335,mL,log10 median,"liquor (e.g, whisky, coconut wine)",gin,ANTIQUE,BELISON,Brgy.concepcion belison roadside,3as store,VL32IPE1,,,,,,,,,,,,,,,,,,,item_no_scale,,,,,not_visible,,,,,335 ml,,,province_median
1771,1776736314461,1776736314461.jpg,375,mL,package label (mL),0,1,1,1,375 mL,375,mL,1,0,1,Litres (L),375,375,mL,log10 median,"liquor (e.g, whisky, coconut wine)",lipid/lapad,ANTIQUE,BELISON,Brgy.rombang belison,Giging store,APS6YMX2,,,,,,,,,,,,,,,,,,,label_closeup,,,,,not_visible,,,,,375 mL,,,municipality_median
1772,1776740518076,1776740518076.jpg,,,,0,0,0,0,,,,0,0,0,Litres (L),375,375,mL,log10 median,"liquor (e.g, whisky, coconut wine)",lipid/lapad,ANTIQUE,BELISON,Belison roadside,Ching variety store,C51LTUPO,,,,,,,,,,,,,,,,,,,label_closeup,,,,,not_visible,,,,,,,,municipality_median
1775,1776737754411,1776737754411.jpg,375,mL,package label (mL),0,1,1,1,375 mL,375,mL,1,0,1,Litres (L),375,375,mL,log10 median,"liquor (e.g, whisky, coconut wine)",lipid/lapad,ANTIQUE,BELISON,Brgy.concepcion belison roadside,7eleven,SJMSUIIH,,,,,,,,,,,,,,,,,,,label_closeup,,,,,not_visible,,,,,375 mL,,,municipality_median
1776,1779239773069,1779239773069.jpg,375,mL,package label (mL),0,1,1,1,375 mL,375,mL,1,0,1,Litres (L),375,375,mL,log10 median,"liquor (e.g, whisky, coconut wine)",lipid/lapad,ANTIQUE,BELISON,Brgy.rombang belison,Emz sari sari store,T7OXZAF2,,,,,,,,,,,,,,,,,,,item_no_scale,,,,,not_visible,,,,,375 mL,,,municipality_median
1778,1776737789107,1776737789107.jpg,750,mL,package label (mL),0,1,1,1,750 mL,750,mL,1,0,1,Litres (L),750,750,mL,log10 median,"liquor (e.g, whisky, coconut wine)",long-neck,ANTIQUE,BELISON,Brgy.concepcion belison roadside,7eleven,CSKF4SGF,,,,,,,,,,,,,,,,,,,item_no_scale,,,,,not_visible,,,,,750 mL,,,province_median
1780,1776740577575,1776740577575.jpg,750,mL,package label (mL),0,1,1,1,750 mL,750,mL,1,0,1,Litres (L),750,750,mL,log10 median,"liquor (e.g, whisky, coconut wine)",long-neck,ANTIQUE,BELISON,Brgy.concepcion belison roadside,Ching variety store,I3NHPYUJ,,,,,,,,,,,,,,,,,,,item_no_scale,,,,,not_visible,,,,,750 mL,,,province_median
1782,1779239822529,1779239822529.jpg,750,mL,package label (mL),0,1,1,1,750 mL,750,mL,1,0,1,Litres (L),750,750,mL,log10 median,"liquor (e.g, whisky, coconut wine)",long-neck,ANTIQUE,BELISON,Brgy.rombang belison,Emz sari sari store,OTBHBL04,,,,,,,,,,,,,,,,,,,item_no_scale,,,,,not_visible,,,,,750 mL,,,province_median
1784,1776736392936,1776736392936.jpg,750,mL,package label (mL),0,1,1,1,750 mL,750,mL,1,0,1,Litres (L),750,750,mL,log10 median,"liquor (e.g, whisky, coconut wine)",long-neck,ANTIQUE,BELISON,Brgy.rombang belison,Giging store,RLGAXVQN,,,,,,,,,,,,,,,,,,,item_no_scale,,,,,not_visible,,,,,750 mL,,,province_median
1785,1779240183295,1779240183295.jpg,,,,0,0,0,0,,,,0,0,0,Litres (L),500,500,mL,log10 median,"liquor (e.g, whisky, coconut wine)",long-neck,ANTIQUE,BELISON,Brgy.concepcion belison roadside,3as store,ZWXQEP5D,,,,,,,,,,,,,,,,,,,item_no_scale,,,,,not_visible,,,,,,,,province_median
1787,1776737620980,1776737620980.jpg,640,g,package label (g),0,1,1,0,Net Wt. 640 g,640,g,1,0,1,Litres (L),.63999999,640,g,log10 median,loaf bread,large packs,ANTIQUE,BELISON,Belison roadside,7eleven,MD0OO9RB,,,,,,,,,,,,,,,,,item_no_scale,,,,item_no_scale,not_visible,,,,not_visible,Net Wt. 640 g,,,,Net Wt. 640 g,large_size
1795,1776645496113,1776645496113.jpg,175,g,sonnet sweep,0,1,0,0,,,,0,0,0,grams (g),.175,175,g,log10 median,mango,pieces or units,ANTIQUE,BELISON,Belison Public Market,Rasel Fruit store,77I79UQV,,,,,,,,.175,,,,,,175,,,,,scale_with_item,,,,,clear,,,,,,,,small_size
1796,1776645525791,1776645525791.jpg,285,g,sonnet sweep,0,1,0,0,,,,0,0,0,grams (g),.285,285,g,log10 median,mango,pieces or units,ANTIQUE,BELISON,Belison Public Market,Rasel Fruit store,77I79UQV,,,,,,,,.285,,,,,,285,,,,,scale_with_item,,,,,clear,,,,,,,,medium_size
1797,1776645556683,1776645556683.jpg,295,g,sonnet sweep,0,1,0,0,,,,0,0,0,grams (g),.29499999,295,g,log10 median,mango,pieces or units,ANTIQUE,BELISON,Belison Public Market,Rasel Fruit store,77I79UQV,,,,,,,,.295,,,,,,295,,,,,scale_with_item,,,,,clear,,,,,,,,large_size
1798,1776644880904,1776644880904.jpg,195,g,sonnet sweep,0,1,0,0,,,,0,0,0,grams (g),.19499999,195,g,log10 median,mango,pieces or units,ANTIQUE,BELISON,Belison Public Market,Maestro Amo Fruits store,96YKDCPO,,,,,,,,.195,,,,,,195,,,,,scale_with_item,,,,,clear,,,,,,,,small_size
1799,1776644907128,1776644907128.jpg,260,g,sonnet sweep,0,1,0,0,,,,0,0,0,grams (g),.25999999,260,g,log10 median,mango,pieces or units,ANTIQUE,BELISON,Belison Public Market,Maestro Amo Fruits store,96YKDCPO,,,,,,,,.26,,,,,,260,,,,,scale_with_item,,,,,clear,,,,,,,,medium_size
1800,1776644930412,1776644930412.jpg,325,g,sonnet sweep,0,1,0,0,,,,0,0,0,grams (g),.32499999,325,g,log10 median,mango,pieces or units,ANTIQUE,BELISON,Belison Public Market,Maestro Amo Fruits store,96YKDCPO,,,,,,,,.325,,,,,,325,,,,,scale_with_item,,,,,clear,,,,,,,,large_size
1806,1776647560376,1776647560376.jpg,210,g,sonnet sweep,0,1,0,0,,,,0,0,0,grams (g),.20999999,210,g,log10 median,"prawns, lobster, shrimp",tumpok,ANTIQUE,BELISON,Belison Public Market,Ev's Fish Stall,H66STADF,,,,,,,,.21,,,,,,210,,,,,scale_with_item,,,,,probable,,,,,,,,small_size
1877,1777078421551,1777078421551.jpg,,,,0,0,0,0,,,,0,0,0,grams (g),20.4,20,g,log10 median,"crackers, cookies, buiscuits, chips/curls",pieces or units,ANTIQUE,BUGASONG,"I laurente, Bugasong",7- Eleven,C2QLQAU8,,,,,,,,,,,,,,,,,,,item_no_scale,,,,,not_visible,,,,,,,,conventional_nsu
1896,1777076119635,1777076119635.jpg,1500,mL,package label (mL),0,1,1,1,1.5L,1500,mL,1,0,1,Litres (L),.0015,1500,mL,log10 median,"drinks at restaurant, hotel, cafe, or kiosk",pieces or units,ANTIQUE,BUGASONG,"I laurente, Bugasong",Bread and butter,25INHPF8,,,,,,,,,,,,,,,,,,,item_no_scale,,,,,not_visible,,,,,1.5L,,,large_size
1904,1776991891562,1776991891562.jpg,1500,mL,package label (mL),0,1,1,1,1.5 L,1500,mL,1,0,1,Litres (L),.0015,1500,mL,block governs,"drinks at restaurant, hotel, cafe, or kiosk",pieces or units,ANTIQUE,BUGASONG,Bugasong Public market,Jen Mark Variety Store,R5N7HDMX,,,,,,,,,,,,,,,,,,,label_closeup,,,,,not_visible,,,,,1.5 L,,,medium_size
1905,1776991910605,1776991910605.jpg,1750,mL,package label (mL),0,1,1,1,1.75 L,1750,mL,1,0,1,Litres (L),.0017500001,1750,mL,log10 median,"drinks at restaurant, hotel, cafe, or kiosk",pieces or units,ANTIQUE,BUGASONG,Bugasong Public market,Jen Mark Variety Store,R5N7HDMX,,,,,,,,,,,,,,,,,,,item_no_scale,,,,,not_visible,,,,,1.75 L,,,large_size
1914,1777078148145,1777078148145.jpg,64,mL,package label (mL),0,1,1,1,Net Content: 64ml (56g),64,mL,1,0,1,grams (g),56,56,mL,log10 median,"ice cream, sorbet, edible ice (eg., ice-lolli, halo-halo)",putos,ANTIQUE,BUGASONG,"I laurente, Bugasong",7- Eleven,N5KAICOW,,,,,,,,,,,,,,,,,,,item_no_scale,,,,,not_visible,,,,,Net Content: 64ml (56g),,,small_size
1986,1776910200657,1776910200657.jpg,1205,g,sonnet sweep,0,1,0,0,,,,0,0,0,Kilograms (Kgs),1205,1205,g,log10 median,cabbage,pieces or units,ANTIQUE,CULASI,Brgy.fe culasi,Aya and adie,CZVU0XBX,,,,,,,,1.205,,,,,,1205,,,,,scale_with_item,,,,,probable,,,,,,,,large_size
1989,1776911870625,1776911870625.jpg,1165,g,sonnet sweep,0,1,0,0,,,,0,0,0,Kilograms (Kgs),1165,1165,g,log10 median,cabbage,pieces or units,ANTIQUE,CULASI,Brgy.fe culasi,Dj store,MZY28VBN,,,,,,,,1.165,,,,,,1165,,,,,scale_with_item,,,,,clear,,,,,,,,large_size
2037,1779091424811,1779091424811.jpg,1375,g,sonnet sweep,0,1,0,0,,,,0,0,0,Kilograms (Kgs),1375,1375,g,log10 median,chicken,whole (chicken),ANTIQUE,CULASI,culasi roadside,Dcs dressed chicken store,88CP5HDT,,,,,,,,1.375,,,,,,1375,,,,,scale_with_item,,,,,clear,,,,,,,,medium_size
2038,1776822548553,1776822548553.jpg,1105,g,sonnet sweep,0,1,0,0,,,,0,0,0,Kilograms (Kgs),1105,1105,g,log10 median,chicken,whole (chicken),ANTIQUE,CULASI,Public market,Pechon frozen foods,AG7DHTTY,,,,,,,,1.105,,,,,,1105,,,,,scale_with_item,,,,,clear,,,,,,,,medium_size
2041,1776822109517,1776822109517.jpg,1090,g,sonnet sweep,0,1,0,0,,,,0,0,0,Kilograms (Kgs),1090,1090,g,log10 median,chicken,whole (chicken),ANTIQUE,CULASI,Culasi public market,Zwing lifrozen foods,JOPY4UMZ,,,,,,,,1.09,,,,,,1090,,,,,scale_with_item,,,,,clear,,,,,,,,medium_size
2048,1776833924749,1776833924749.jpg,100,mL,package label (mL),0,1,1,1,100ML ICE CREAM,100,mL,1,0,1,Litres (L),.1,100,g,block governs,"crackers, cookies, buiscuits, chips/curls",pieces or units,ANTIQUE,CULASI,Culasi public market,Salazar sari sari store,SL93L3AL,,,,,,,,,,,,,,,,,item_no_scale,,,,item_no_scale,not_visible,,,,not_visible,100ML ICE CREAM,,,,,small_size
2050,1776910664430,1776910664430.jpg,25,g,package label (g),0,1,1,0,Each 25g serving contains... Calories 130,25,g,1,0,1,grams (g),25,25,g,log10 median,"crackers, cookies, buiscuits, chips/curls",pieces or units,ANTIQUE,CULASI,Brgy.fe culasi,Aya and adie,YLB1ILIH,,,,,,,,,,,,,,,,,item_no_scale,,,,label_closeup,not_visible,,,,not_visible,Each 25g serving contains... Calories 130,,,,Net Wt. 130g,small_size
2051,1776912496006,1776912496006.jpg,48,g,package label (g),0,1,1,0,Net Weight: 48g / Khoi luong tinh: 48 g,48,g,1,0,1,grams (g),48,48,g,log10 median,"crackers, cookies, buiscuits, chips/curls",pieces or units,ANTIQUE,CULASI,Brgy.fe culasi,Bebeth store,YU4UKHKN,,,,,,,,,,,,,,,,,item_no_scale,,,,item_no_scale,not_visible,,,,not_visible,Net Weight: 48g / Khoi luong tinh: 48 g,,,,Cheese wafer,small_size
2066,1776820508356,1776820508356.jpg,1625,g,sonnet sweep,0,1,0,0,,,,0,0,0,Kilograms (Kgs),1625,1625,g,log10 median,fresh fish,pieces or units,ANTIQUE,CULASI,Culasi public market,Johnny fish stall,6LRRBHYT,,,,,,,,1.625,,,,,,1625,,,,,scale_with_item,,,,,clear,,,,,,,,large_size
2068,1776821413646,1776821413646.jpg,1800,g,sonnet sweep,0,1,0,0,,,,0,0,0,Kilograms (Kgs),1800,1800,g,log10 median,fresh fish,pieces or units,ANTIQUE,CULASI,Culasi public market,Masula fish stand,D65ZAL4C,,,,,,,,1.8,,,,,,1800,,,,,scale_with_item,,,,,clear,,,,,,,,large_size
2071,1776913164415,1776913164415.jpg,1865,g,sonnet sweep,0,1,0,0,,,,0,0,0,Kilograms (Kgs),1665,1665,g,log10 median,fresh fish,pieces or units,ANTIQUE,CULASI,Brgy.fe culasi,Charity fish stall,L79O2M2P,,,,,,,,1.865,,,,,,1865,,,,,scale_with_item,,,,,probable,,,,,,,,large_size
2075,1776918401916,1776918401916.jpg,1000,g,sonnet sweep,0,1,0,0,,,,0,0,0,Kilograms (Kgs),1080,1080,g,log10 median,fresh fish,pieces or units,ANTIQUE,CULASI,culasi roadside,Allan fish stall,P483MHAD,,,,,,,,1,,,,,,1000,,,,,scale_with_item,,,,,clear,,,,,,,,medium_size
2076,1776918469660,1776918469660.jpg,,,,0,0,0,0,,,,0,0,0,Kilograms (Kgs),1695,1695,g,log10 median,fresh fish,pieces or units,ANTIQUE,CULASI,culasi roadside,Allan fish stall,P483MHAD,,,,,,,,,,,,,,,,,,,scale_with_item,,,,,ambiguous,,,,,,,,large_size
2090,1776910783168,1776910783168.jpg,375,mL,package label (mL),0,1,1,1,375 mL,375,mL,1,0,1,grams (g),375,375,mL,log10 median,"liquor (e.g, whisky, coconut wine)",lipid/lapad,ANTIQUE,CULASI,Brgy.fe culasi,Aya and adie,EZB7OF6P,,,,,,,,,,,,,,,,,,,item_no_scale,,,,,not_visible,,,,,375 mL,,,medium_size
2254,1776395923046,1776395923046.jpg,1500,mL,package label (mL),0,1,1,1,1.5 L,1500,mL,1,0,1,Litres (L),.0015,1500,mL,log10 median,"drinks at restaurant, hotel, cafe, or kiosk",pieces or units,ANTIQUE,HAMTIC,Poblacion 2 hamtic Antique,Marfil Sari-sari store,654159WI,,,,,,,,,,,,,,,,,,,item_no_scale,,,,,not_visible,,,,,1.5 L,,,large_size
2258,1776389980012,1776389980012.jpg,1750,mL,package label (mL),0,1,1,1,1.75L,1750,mL,1,0,1,Litres (L),.0017500001,1750,mL,log10 median,"drinks at restaurant, hotel, cafe, or kiosk",pieces or units,ANTIQUE,HAMTIC,Hamtic Public Market,Soria Sari-sari store,94912H2L,,,,,,,,,,,,,,,,,,,item_no_scale,,,,,not_visible,,,,,1.75L,,,large_size
2260,1776390727297,1776390727297.jpg,1500,mL,package label (mL),0,1,1,1,1.5 Litres,1500,mL,1,0,1,Litres (L),.0015,1500,mL,log10 median,"drinks at restaurant, hotel, cafe, or kiosk",pieces or units,ANTIQUE,HAMTIC,Hamtic Public Market,Pagunsan Variety Store,CSLKA4MO,,,,,,,,,,,,,,,,,,,item_no_scale,,,,,not_visible,,,,,1.5 Litres,,,large_size
2262,1779160082927,1779160082927.jpg,500,mL,package label (mL),0,1,1,1,500 mL,500,mL,1,0,1,grams (g),500,500,mL,log10 median,"drinks at restaurant, hotel, cafe, or kiosk",pieces or units,ANTIQUE,HAMTIC,Malandog community Talipapa,JK Sari-sari store,DG14AON7,,,,,,,,,,,,,,,,,,,item_no_scale,,,,,not_visible,,,,,500 mL,,,medium_size
2263,1779160106856,1779160106856.jpg,2000,mL,package label (mL),0,1,1,1,2000 mL,2000,mL,1,0,1,Litres (L),.0020000001,2000,mL,log10 median,"drinks at restaurant, hotel, cafe, or kiosk",pieces or units,ANTIQUE,HAMTIC,Malandog community Talipapa,JK Sari-sari store,DG14AON7,,,,,,,,,,,,,,,,,,,item_no_scale,,,,,not_visible,,,,,2000 mL,,,large_size
2265,1776395072760,1776395072760.jpg,1500,mL,package label (mL),0,1,1,1,1.5 L,1500,mL,1,0,1,Litres (L),.0015,1500,mL,log10 median,"drinks at restaurant, hotel, cafe, or kiosk",pieces or units,ANTIQUE,HAMTIC,Poblacion 2 hamtic Antique,Julie's bakeshop,O55LYF7D,,,,,,,,,,,,,,,,,,,label_closeup,,,,,not_visible,,,,,1.5 L,,,large_size
2266,1776391488326,1776391488326.jpg,190,mL,package label (mL),0,1,1,1,190 mL,190,mL,1,0,1,Litres (L),.19,190,mL,log10 median,"drinks at restaurant, hotel, cafe, or kiosk",pieces or units,ANTIQUE,HAMTIC,Hamtic Public Market,AJS Variety Store,Z8XSU4RY,,,,,,,,,,,,,,,,,item_no_scale,,,,item_no_scale,not_visible,,,,not_visible,190 mL,,,,190 mL,small_size
2268,1776391531652,1776391531652.jpg,1500,mL,package label (mL),0,1,1,1,1.5 L,1500,mL,1,0,1,Litres (L),.0015,1500,mL,log10 median,"drinks at restaurant, hotel, cafe, or kiosk",pieces or units,ANTIQUE,HAMTIC,Hamtic Public Market,AJS Variety Store,Z8XSU4RY,,,,,,,,,,,,,,,,,,,item_no_scale,,,,,not_visible,,,,,1.5 L,,,large_size
2283,1779160352724,1779160352724.jpg,115,mL,package label (mL),0,1,1,1,115ML ICE CREAM,115,mL,1,0,1,Litres (L),.115,115,g,log10 median,"ice cream, sorbet, edible ice (eg., ice-lolli, halo-halo)",pieces or units,ANTIQUE,HAMTIC,Malandog community Talipapa,JK Sari-sari store,KU7BER1Y,,,,,,,,,,,,,,,,,,,label_closeup,,,,,not_visible,,,,,115ML ICE CREAM,,,small_size
2352,1776387108049,1776387108049.jpg,560,g,sonnet sweep,0,1,0,0,,,,0,0,0,grams (g),.56,560,g,log10 median,cabbage,pieces or units,ANTIQUE,LAUA-AN,Laua-an Public Market,EBS Sari-Sari Store,BU959QVU,,,,,,,,.5600000000000001,,,,,,560,,,,,scale_with_item,,,,,clear,,,,,,,,small_size
2353,1776387122738,1776387122738.jpg,950,g,sonnet sweep,0,1,0,0,,,,0,0,0,grams (g),.94999999,950,g,log10 median,cabbage,pieces or units,ANTIQUE,LAUA-AN,Laua-an Public Market,EBS Sari-Sari Store,BU959QVU,,,,,,,,.95,,,,,,950,,,,,scale_with_item,,,,,clear,,,,,,,,medium_size
2354,1776389395684,1776389395684.jpg,755,g,sonnet sweep,0,1,0,0,,,,0,0,0,grams (g),.755,755,g,log10 median,cabbage,pieces or units,ANTIQUE,LAUA-AN,Guisijan Laua-an Talipapa,Kimberly Vegetable Stand,OXZOB1AH,,,,,,,,.755,,,,,,755,,,,,scale_with_item,,,,,clear,,,,,,,,medium_size
2355,1776396282051,1776396282051.jpg,875,g,sonnet sweep,0,1,0,0,,,,0,0,0,grams (g),.875,875,g,log10 median,cabbage,pieces or units,ANTIQUE,LAUA-AN,Sarmiento St.Laua-an Talipapa,Joebelle Vegetable Stand,WA4DWYST,,,,,,,,.875,,,,,,875,,,,,scale_with_item,,,,,clear,,,,,,,,medium_size
2356,1776396438455,1776396438455.jpg,380,g,sonnet sweep,0,1,0,0,,,,0,0,0,grams (g),.38,380,g,log10 median,cabbage,pieces or units,ANTIQUE,LAUA-AN,Laua-an Talipapa,Jenny Rose Store,XLHGEXPB,,,,,,,,.38,,,,,,380,,,,,scale_with_item,,,,,clear,,,,,,,,small_size
2357,1776396454734,1776396454734.jpg,945,g,sonnet sweep,0,1,0,0,,,,0,0,0,grams (g),.94499999,945,g,log10 median,cabbage,pieces or units,ANTIQUE,LAUA-AN,Laua-an Talipapa,Jenny Rose Store,XLHGEXPB,,,,,,,,.945,,,,,,945,,,,,scale_with_item,,,,,clear,,,,,,,,medium_size
2358,1776386023352,1776386023352.jpg,720,g,sonnet sweep,0,1,0,0,,,,0,0,0,grams (g),.72000003,720,g,log10 median,cabbage,pieces or units,ANTIQUE,LAUA-AN,Laua-an Public Market,Thelma Marcelo Store,ZVO1QA7N,,,,,,,,.72,,,,,,720,,,,,scale_with_item,,,,,clear,,,,,,,,medium_size
2359,1776387353825,1776387353825.jpg,315,g,sonnet sweep,0,1,0,0,,,,0,0,0,grams (g),.315,315,g,log10 median,camote tops,bugkos,ANTIQUE,LAUA-AN,Laua-an Public Market,EBS Sari-Sari Store,9F3FBEPV,,,,,,,,.315,,,,,,315,,,,,scale_with_item,,,,,clear,,,,,,,,conventional_nsu
2360,1776470598522,1776470598522.jpg,,,,0,0,0,0,,,,0,0,0,grams (g),.41499999,415,g,log10 median,camote tops,bugkos,ANTIQUE,LAUA-AN,Oloc Laua-an Roadside,Myrna Store,AWH430WI,,,,,,,,,,,,,,,,,,,scale_with_item,,,,,not_visible,,,,,,,,conventional_nsu
2361,1776385936187,1776385936187.jpg,315,g,sonnet sweep,0,1,0,0,,,,0,0,0,grams (g),.315,315,g,log10 median,camote tops,bugkos,ANTIQUE,LAUA-AN,Laua-an Public Market,Thelma Marcelo Store,DPZZ9P80,,,,,,,,.315,,,,,,315,,,,,scale_with_item,,,,,clear,,,,,,,,conventional_nsu
2362,1776385744817,1776385744817.jpg,320,g,sonnet sweep,0,1,0,0,,,,0,0,0,grams (g),.32499999,325,g,log10 median,camote tops,bugkos,ANTIQUE,LAUA-AN,Laua-an Public Market,Dalumpines Store,G3TA09BY,,,,,,,,.32,,,,,,320,,,,,scale_with_item,,,,,clear,,,,,,,,conventional_nsu
2363,1776396503628,1776396503628.jpg,180,g,sonnet sweep,0,1,0,0,,,,0,0,0,grams (g),.18000001,180,g,log10 median,camote tops,bugkos,ANTIQUE,LAUA-AN,Sarmiento St.Laua-an Talipapa,Jenny Rose Store,LP53MNE5,,,,,,,,.18,,,,,,180,,,,,scale_with_item,,,,,clear,,,,,,,,conventional_nsu
2364,1779255507531,1779255507531.jpg,,,,0,0,0,0,,,,0,0,0,grams (g),.25999999,260,g,log10 median,camote tops,bugkos,ANTIQUE,LAUA-AN,Sarmiento St.Laua-an Talipapa,Esperanza Vegetable Stand,MQY6Q83Z,,,,,,,,,,,,,,,,,,,scale_with_item,,,,,not_visible,,,,,,,,conventional_nsu
2365,1776395937656,1776395937656.jpg,170,g,sonnet sweep,0,1,0,0,,,,0,0,0,grams (g),.17,170,g,log10 median,camote tops,bugkos,ANTIQUE,LAUA-AN,Sarmiento St.Laua-an Talipapa,Joebelle Vegetable Stand,OM7ULJKF,,,,,,,,.17,,,,,,170,,,,,scale_with_item,,,,,clear,,,,,,,,conventional_nsu
2366,1776469127757,1776469127757.jpg,250,g,sonnet sweep,0,1,0,0,,,,0,0,0,grams (g),.25,250,g,log10 median,camote tops,bugkos,ANTIQUE,LAUA-AN,Poblacion Laua-an Roadside,Gagang Sari-Sari Store,UODU7D7J,,,,,,,,.25,,,,,,250,,,,,scale_with_item,,,,,clear,,,,,,,,conventional_nsu
2367,1779255413458,1779255413458.jpg,,,,0,0,0,0,,,,0,0,0,grams (g),.63,630,g,log10 median,camote tops,bundle,ANTIQUE,LAUA-AN,Sarmiento St.Laua-an Talipapa,Esperanza Vegetable Stand,OX2F6U31,,,,,,,,,,,,,,,,,,,scale_with_item,,,,,not_visible,,,,,,,,medium_size
2368,1776386082565,1776386082565.jpg,180,g,sonnet sweep,0,1,0,0,,,,0,0,0,grams (g),.18000001,180,g,log10 median,carrot,pieces or units,ANTIQUE,LAUA-AN,Laua-an Public Market,Thelma Marcelo Store,IRZSDKLF,,,,,,,,.18,,,,,,180,,,,,scale_with_item,,,,,clear,,,,,,,,small_size
2369,1776385171599,1776385171599.jpg,,,,0,0,0,0,,,,0,0,0,grams (g),.11,110,g,log10 median,carrot,pieces or units,ANTIQUE,LAUA-AN,Laua-an Public Market,Dalumpines Store,RZFY88PA,,,,,,,,,,,,,,,,,,,scale_with_item,,,,,not_visible,,,,,,,,small_size
2370,1776385198654,1776385198654.jpg,250,g,sonnet sweep,0,1,0,0,,,,0,0,0,grams (g),.25,250,g,log10 median,carrot,pieces or units,ANTIQUE,LAUA-AN,Laua-an Public Market,Dalumpines Store,RZFY88PA,,,,,,,,.25,,,,,,250,,,,,scale_with_item,,,,,clear,,,,,,,,medium_size
2371,1776387166744,1776387166744.jpg,110,g,sonnet sweep,0,1,0,0,,,,0,0,0,grams (g),.11,110,g,log10 median,carrot,pieces or units,ANTIQUE,LAUA-AN,Laua-an Public Market,EBS Sari-Sari Store,VD8DONFP,,,,,,,,.11,,,,,,110,,,,,scale_with_item,,,,,clear,,,,,,,,small_size
2372,1776387194857,1776387194857.jpg,185,g,sonnet sweep,0,1,0,0,,,,0,0,0,grams (g),.185,185,g,log10 median,carrot,pieces or units,ANTIQUE,LAUA-AN,Laua-an Public Market,EBS Sari-Sari Store,VD8DONFP,,,,,,,,.185,,,,,,185,,,,,scale_with_item,,,,,clear,,,,,,,,medium_size
2377,1776469186829,1776469186829.jpg,980,g,sonnet sweep,0,1,0,0,,,,0,0,0,grams (g),.98000002,980,g,log10 median,chicken,whole (chicken),ANTIQUE,LAUA-AN,Poblacion Laua-an Roadside,Gagang Sari-Sari Store,WLNF04WJ,,,,,,,,.98,,,,,,980,,,,,scale_with_item,,,,,clear,,,,,,,,medium_size
2392,1776391939743,1776391939743.jpg,425,g,sonnet sweep,0,1,0,0,,,,0,0,0,grams (g),.42500001,425,g,log10 median,fresh fish,pieces or units,ANTIQUE,LAUA-AN,Guisijian Laua-an Roadside,Rio Fish Stand,704SV4RU,,,,,,,,.425,,,,,,425,,,,,scale_with_item,,,,,clear,,,,,,,,small_size
2394,1776393346150,1776393346150.jpg,598,g,sonnet sweep,0,1,0,0,,,,0,0,0,grams (g),.58999997,590,g,log10 median,fresh fish,pieces or units,ANTIQUE,LAUA-AN,Look Laua-an Roadside,Omapas Fish Stand,97B2N6NE,,,,,,,,.598,,,,,,598,,,,,scale_with_item,,,,,clear,,,,,,,,medium_size
2396,1776469431533,1776469431533.jpg,855,g,sonnet sweep,0,1,0,0,,,,0,0,0,grams (g),.85500002,855,g,log10 median,fresh fish,pieces or units,ANTIQUE,LAUA-AN,Laua-an Public Market,Josephine Fish Stand,IL8KR3ZO,,,,,,,,.855,,,,,,855,,,,,scale_with_item,,,,,clear,,,,,,,,medium_size
2401,1779256979804,1779256979804.jpg,465,g,sonnet sweep,0,1,0,0,,,,0,0,0,grams (g),.465,47,g,block governs,"ice cream, sorbet, edible ice (eg., ice-lolli, halo-halo)",small cup,ANTIQUE,LAUA-AN,Poblacion Laua-an Roadside,Plato - Loral Restaurant,BLFJXF8M,,,,,,,,.465,,,,,,465,,,,,scale_with_item,,,,,clear,,,,,,,,municipality_median
2403,1776469815820,1776469815820.jpg,375,mL,package label (mL),0,1,1,1,375 mL,375,mL,1,0,1,grams (g),375,375,mL,log10 median,"liquor (e.g, whisky, coconut wine)",lipid/lapad,ANTIQUE,LAUA-AN,Poblacion Laua-an Roadside,Jes Store,1K5FF29H,,,,,,,,,,,,,,,,,item_no_scale,,,,item_no_scale,not_visible,,,,not_visible,375 mL,,,,,medium_size
2404,1776391434114,1776391434114.jpg,375,mL,package label (mL),0,1,1,1,375 mL,375,mL,1,0,1,grams (g),375,375,mL,log10 median,"liquor (e.g, whisky, coconut wine)",lipid/lapad,ANTIQUE,LAUA-AN,Poblacion Laua-an Roadside,DSV Store,1Y16XUHD,,,,,,,,,,,,,,,,,,,item_no_scale,,,,,not_visible,,,,,375 mL,,,medium_size
2405,1776395409390,1776395409390.jpg,375,mL,package label (mL),0,1,1,1,375 mL,375,mL,1,0,1,grams (g),375,375,mL,log10 median,"liquor (e.g, whisky, coconut wine)",lipid/lapad,ANTIQUE,LAUA-AN,Poblacion Laua-an Roadside,JED-K Pharmacy and Mini Mart,50A6FLRR,,,,,,,,,,,,,,,,,,,label_closeup,,,,,not_visible,,,,,375 mL,,,medium_size
2406,1776386731203,1776386731203.jpg,375,mL,package label (mL),0,1,1,1,375 mL,375,mL,1,0,1,grams (g),375,375,mL,log10 median,"liquor (e.g, whisky, coconut wine)",lipid/lapad,ANTIQUE,LAUA-AN,Laua-an Public Market,EBS Sari-Sari Store,9K498ZO7,,,,,,,,,,,,,,,,,,,item_no_scale,,,,,not_visible,,,,,375 mL,,,medium_size
2407,1776386572975,1776386572975.jpg,375,mL,package label (mL),0,1,1,1,375 mL,375,mL,1,0,1,grams (g),375,375,mL,log10 median,"liquor (e.g, whisky, coconut wine)",lipid/lapad,ANTIQUE,LAUA-AN,Laua-an Public Market,Dalumpines Store,EOXQVAJT,,,,,,,,,,,,,,,,,,,item_no_scale,,,,,not_visible,,,,,375 mL,,,medium_size
2408,1776470959786,1776470959786.jpg,375,mL,package label (mL),0,1,1,1,375 mL,375,mL,1,0,1,grams (g),375,375,mL,log10 median,"liquor (e.g, whisky, coconut wine)",lipid/lapad,ANTIQUE,LAUA-AN,Laua-an Public Market,RJV Store,IDNPXJ4B,,,,,,,,,,,,,,,,,,,label_closeup,,,,,not_visible,,,,,375 mL,,,medium_size
2409,1776471432783,1776471432783.jpg,375,mL,package label (mL),0,1,1,1,375 mL,375,mL,1,0,1,grams (g),375,375,mL,log10 median,"liquor (e.g, whisky, coconut wine)",lipid/lapad,ANTIQUE,LAUA-AN,Sarmiento St.Laua-an Talipapa,Gads Store,IN6WG8G6,,,,,,,,,,,,,,,,,,,item_no_scale,,,,,not_visible,,,,,375 mL,,,medium_size
2410,1776395359906,1776395359906.jpg,,,,0,0,0,0,,,,0,0,0,grams (g),750,750,mL,log10 median,"liquor (e.g, whisky, coconut wine)",long-neck,ANTIQUE,LAUA-AN,Laua-an Roadside,JED-K Pharmacy and Mini Mart,06ICZFK6,,,,,,,,,,,,,,,,,,,item_no_scale,,,,,not_visible,,,,,,,,large_size
2411,1776470916391,1776470916391.jpg,750,mL,package label (mL),0,1,1,1,750 mL,750,mL,1,0,1,grams (g),750,750,mL,log10 median,"liquor (e.g, whisky, coconut wine)",long-neck,ANTIQUE,LAUA-AN,Laua-an Public Market,RJV Store,41I0TX31,,,,,,,,,,,,,,,,,,,item_no_scale,,,,,not_visible,,,,,750 mL,,,large_size
2412,1776386530095,1776386530095.jpg,375,mL,package label (mL),0,1,1,1,375 mL,375,mL,1,0,1,grams (g),750,750,mL,log10 median,"liquor (e.g, whisky, coconut wine)",long-neck,ANTIQUE,LAUA-AN,Laua-an Public Market,Dalumpines Store,6I0HAZM5,,,,,,,,,,,,,,,,,,,item_no_scale,,,,,not_visible,,,,,375 mL,,,large_size
2413,1776469764962,1776469764962.jpg,750,mL,package label (mL),0,1,1,1,750 mL,750,mL,1,0,1,grams (g),750,750,mL,log10 median,"liquor (e.g, whisky, coconut wine)",long-neck,ANTIQUE,LAUA-AN,Laua-an Roadside,Jes Store,F9QPP8GY,,,,,,,,,,,,,,,,,,,item_no_scale,,,,,not_visible,,,,,750 mL,,,large_size
2414,1776471383140,1776471383140.jpg,750,mL,package label (mL),0,1,1,1,750 mL,750,mL,1,0,1,grams (g),750,750,mL,log10 median,"liquor (e.g, whisky, coconut wine)",long-neck,ANTIQUE,LAUA-AN,Sarmiento St.Laua-an Talipapa,Gads Store,O7XUMQ3I,,,,,,,,,,,,,,,,,,,label_closeup,,,,,not_visible,,,,,750 mL,,,large_size
2415,1776391365074,1776391365074.jpg,750,mL,package label (mL),0,1,1,1,750 mL,750,mL,1,0,1,grams (g),750,750,mL,log10 median,"liquor (e.g, whisky, coconut wine)",long-neck,ANTIQUE,LAUA-AN,Guisjian Laua-an Roadside,DSV Store,W2516IDY,,,,,,,,,,,,,,,,,,,item_no_scale,,,,,not_visible,,,,,750 mL,,,large_size
2416,1776386773975,1776386773975.jpg,750,mL,package label (mL),0,1,1,1,750 mL,750,mL,1,0,1,grams (g),750,750,mL,log10 median,"liquor (e.g, whisky, coconut wine)",long-neck,ANTIQUE,LAUA-AN,Laua-an Public Market,EBS Sari-Sari Store,WTMCESBL,,,,,,,,,,,,,,,,,,,item_no_scale,,,,,not_visible,,,,,750 mL,,,large_size
2424,1779255185060,1779255185060.jpg,205,g,sonnet sweep,0,1,0,0,,,,0,0,0,grams (g),.205,205,g,log10 median,mango,pieces or units,ANTIQUE,LAUA-AN,Poblacion Laua-an Talipapa,Esperanza Vegetable Stand,05ZJMS56,,,,,,,,.205,,,,,,205,,,,,scale_with_item,,,,,probable,,,,,,,,medium_size
2428,1777001165612,1777001165612.jpg,475,g,sonnet sweep,0,1,0,0,,,,0,0,0,grams (g),.47499999,475,g,log10 median,cabbage,pieces or units,ANTIQUE,LIBERTAD,Zaldivar St.Libertad Roadside,Faigao Mini Store,0YUJFYAG,,,,,,,,.475,,,,,,475,,,,,scale_with_item,,,,,clear,,,,,,,,small_size
2429,1776995729065,1776995729065.jpg,820,g,sonnet sweep,0,1,0,0,,,,0,0,0,grams (g),.81999999,820,g,log10 median,cabbage,pieces or units,ANTIQUE,LIBERTAD,Libertad Public Market,4J's Store,B2MGJFYX,,,,,,,,.82,,,,,,820,,,,,scale_with_item,,,,,clear,,,,,,,,medium_size
2430,1776994489572,1776994489572.jpg,750,g,sonnet sweep,0,1,0,0,,,,0,0,0,grams (g),.75,750,g,log10 median,cabbage,pieces or units,ANTIQUE,LIBERTAD,Libertad Public Market,Eddie Vegetable Stand,DCNVWCYY,,,,,,,,.75,,,,,,750,,,,,scale_with_item,,,,,clear,,,,,,,,small_size
2431,1776994511142,1776994511142.jpg,950,g,sonnet sweep,0,1,0,0,,,,0,0,0,grams (g),.94999999,950,g,log10 median,cabbage,pieces or units,ANTIQUE,LIBERTAD,Libertad Public Market,Eddie Vegetable Stand,DCNVWCYY,,,,,,,,.95,,,,,,950,,,,,scale_with_item,,,,,clear,,,,,,,,medium_size
2432,1776999873175,1776999873175.jpg,555,g,sonnet sweep,0,1,0,0,,,,0,0,0,grams (g),.55500001,555,g,log10 median,cabbage,pieces or units,ANTIQUE,LIBERTAD,Unilonggo Centro Este Libertad Roadside,Isabel Piodo Store,F10DXQXB,,,,,,,,.555,,,,,,555,,,,,scale_with_item,,,,,clear,,,,,,,,small_size
2433,1776999891955,1776999891955.jpg,770,g,sonnet sweep,0,1,0,0,,,,0,0,0,grams (g),.76999998,770,g,log10 median,cabbage,pieces or units,ANTIQUE,LIBERTAD,Unilonggo Centro Este Libertad Roadside,Isabel Piodo Store,F10DXQXB,,,,,,,,.77,,,,,,770,,,,,scale_with_item,,,,,clear,,,,,,,,medium_size
2434,1777082484744,1777082484744.jpg,475,g,sonnet sweep,0,1,0,0,,,,0,0,0,grams (g),.47499999,475,g,log10 median,cabbage,pieces or units,ANTIQUE,LIBERTAD,Union Libertad Talipapa,RAEIUEL'S Variety Store Fruits and Vegetable,FDAZCLW0,,,,,,,,.475,,,,,,475,,,,,scale_with_item,,,,,clear,,,,,,,,small_size
2435,1777082514393,1777082514393.jpg,765,g,sonnet sweep,0,1,0,0,,,,0,0,0,grams (g),.76499999,765,g,log10 median,cabbage,pieces or units,ANTIQUE,LIBERTAD,Union Libertad Talipapa,RAEIUEL'S Variety Store Fruits and Vegetable,FDAZCLW0,,,,,,,,.765,,,,,,765,,,,,scale_with_item,,,,,clear,,,,,,,,medium_size
2436,1777082550477,1777082550477.jpg,1005,g,sonnet sweep,0,1,0,0,,,,0,0,0,grams (g),1.005,1005,g,log10 median,cabbage,pieces or units,ANTIQUE,LIBERTAD,Union Libertad Talipapa,RAEIUEL'S Variety Store Fruits and Vegetable,FDAZCLW0,,,,,,,,1.005,,,,,,1005,,,,,scale_with_item,,,,,clear,,,,,,,,large_size
2437,1777083801259,1777083801259.jpg,515,g,sonnet sweep,0,1,0,0,,,,0,0,0,grams (g),.51499999,515,g,log10 median,cabbage,pieces or units,ANTIQUE,LIBERTAD,Union Nipa Libertad Roadside,Cahilig Store,IRVOIQXS,,,,,,,,.515,,,,,,515,,,,,scale_with_item,,,,,clear,,,,,,,,small_size
2438,1777083825386,1777083825386.jpg,800,g,sonnet sweep,0,1,0,0,,,,0,0,0,grams (g),.80000001,800,g,log10 median,cabbage,pieces or units,ANTIQUE,LIBERTAD,Union Nipa Libertad Roadside,Cahilig Store,IRVOIQXS,,,,,,,,.8,,,,,,800,,,,,scale_with_item,,,,,clear,,,,,,,,medium_size
2439,1776995220657,1776995220657.jpg,675,g,sonnet sweep,0,1,0,0,,,,0,0,0,grams (g),.67500001,675,g,log10 median,cabbage,pieces or units,ANTIQUE,LIBERTAD,Libertad Public Market,Casuncad Vegetable Stand,RD3OLG7X,,,,,,,,.675,,,,,,675,,,,,scale_with_item,,,,,clear,,,,,,,,small_size
2440,1776995240945,1776995240945.jpg,885,g,sonnet sweep,0,1,0,0,,,,0,0,0,grams (g),.88499999,885,g,log10 median,cabbage,pieces or units,ANTIQUE,LIBERTAD,Libertad Public Market,Casuncad Vegetable Stand,RD3OLG7X,,,,,,,,.885,,,,,,885,,,,,scale_with_item,,,,,clear,,,,,,,,medium_size
2441,1777086673267,1777086673267.jpg,,,,0,0,0,0,,,,0,0,0,grams (g),.34999999,350,g,log10 median,camote tops,bugkos,ANTIQUE,LIBERTAD,Zaldivar St.Libertad Roadside,Victoriano Variety Store,0BG5UMBW,,,,,,,,,,,,,,,,,,,scale_with_item,,,,,not_visible,,,,,,,,municipality_median
2442,1776999995962,1776999995962.jpg,120,g,rescue read,0,1,0,0,,,,0,0,0,grams (g),.12,120,g,log10 median,camote,bilog,ANTIQUE,LIBERTAD,Zaldivar St.Libertad Roadside,Isabel Piodo Store,6EGILQZQ,,,,,,,,,.12,,,,,,120,,,,,scale_with_item,,,,,clear,,,,,,,small_size
2443,1777000012991,1777000012991.jpg,185,g,sonnet sweep,0,1,0,0,,,,0,0,0,grams (g),.185,185,g,log10 median,camote,bilog,ANTIQUE,LIBERTAD,Zaldivar St.Libertad Roadside,Isabel Piodo Store,6EGILQZQ,,,,,,,,.185,,,,,,185,,,,,scale_with_item,,,,,clear,,,,,,,,medium_size
2444,1776994722490,1776994722490.jpg,105,g,sonnet sweep,0,1,0,0,,,,0,0,0,grams (g),.105,105,g,log10 median,camote,bilog,ANTIQUE,LIBERTAD,Libertad Public Market,Eddie Vegetable Stand,JX2NSLZT,,,,,,,,.105,,,,,,105,,,,,scale_with_item,,,,,clear,,,,,,,,small_size
2445,1776994738535,1776994738535.jpg,235,g,sonnet sweep,0,1,0,0,,,,0,0,0,grams (g),.235,235,g,log10 median,camote,bilog,ANTIQUE,LIBERTAD,Libertad Public Market,Eddie Vegetable Stand,JX2NSLZT,,,,,,,,.235,,,,,,235,,,,,scale_with_item,,,,,clear,,,,,,,,medium_size
2446,1777087660681,1777087660681.jpg,70,g,sonnet sweep,0,1,0,0,,,,0,0,0,grams (g),.07,70,g,log10 median,camote,bilog,ANTIQUE,LIBERTAD,Union Nipa Libertad Talipapa,Maribeth Store,NO7B21NL,,,,,,,,.07,,,,,,70,,,,,scale_with_item,,,,,clear,,,,,,,,small_size
2447,1777087686780,1777087686780.jpg,185,g,sonnet sweep,0,1,0,0,,,,0,0,0,grams (g),.185,185,g,log10 median,camote,bilog,ANTIQUE,LIBERTAD,Union Nipa Libertad Talipapa,Maribeth Store,NO7B21NL,,,,,,,,.185,,,,,,185,,,,,scale_with_item,,,,,clear,,,,,,,,medium_size
2448,1776995857843,1776995857843.jpg,210,g,sonnet sweep,0,1,0,0,,,,0,0,0,grams (g),.20999999,210,g,log10 median,camote,bilog,ANTIQUE,LIBERTAD,Libertad Public Market,4J's Store,V7J04XHT,,,,,,,,.21,,,,,,210,,,,,scale_with_item,,,,,clear,,,,,,,,medium_size
2449,1776995378158,1776995378158.jpg,210,g,sonnet hi-res,0,1,0,0,,,,0,0,0,grams (g),.20999999,210,g,log10 median,camote,bilog,ANTIQUE,LIBERTAD,Libertad Public Market,Casuncad Vegetable Stand,ZBM6R4BH,,,,,,.21,.21,,,.21,,210,210,,,210,scale_with_item,scale_with_item,,,scale_with_item,clear,clear,,,clear,,,,,,medium_size
2450,1776994624363,1776994624363.jpg,90,g,sonnet sweep,0,1,0,0,,,,0,0,0,grams (g),.090000004,90,g,log10 median,carrot,pieces or units,ANTIQUE,LIBERTAD,Libertad Public Market,Eddie Vegetable Stand,0V790D97,,,,,,,,.09,,,,,,90,,,,,scale_with_item,,,,,clear,,,,,,,,small_size
2451,1776994655930,1776994655930.jpg,180,g,sonnet sweep,0,1,0,0,,,,0,0,0,grams (g),.19,190,g,log10 median,carrot,pieces or units,ANTIQUE,LIBERTAD,Libertad Public Market,Eddie Vegetable Stand,0V790D97,,,,,,,,.18,,,,,,180,,,,,scale_with_item,,,,,clear,,,,,,,,medium_size
2452,1776994676139,1776994676139.jpg,390,g,sonnet sweep,0,1,0,0,,,,0,0,0,grams (g),.38999999,390,g,log10 median,carrot,pieces or units,ANTIQUE,LIBERTAD,Libertad Public Market,Eddie Vegetable Stand,0V790D97,,,,,,,,.39,,,,,,390,,,,,scale_with_item,,,,,clear,,,,,,,,large_size
2453,1776995806083,1776995806083.jpg,115,g,sonnet sweep,0,1,0,0,,,,0,0,0,grams (g),.115,115,g,log10 median,carrot,pieces or units,ANTIQUE,LIBERTAD,Libertad Public Market,4J's Store,FNTOTFTA,,,,,,,,.115,,,,,,115,,,,,scale_with_item,,,,,clear,,,,,,,,small_size
2454,1777083908163,1777083908163.jpg,130,g,sonnet sweep,0,1,0,0,,,,0,0,0,grams (g),.13,130,g,log10 median,carrot,pieces or units,ANTIQUE,LIBERTAD,Zaldivar St.Libertad Roadside,Cahilig Store,NN8SGME2,,,,,,,,.13,,,,,,130,,,,,scale_with_item,,,,,clear,,,,,,,,small_size
2455,1777083932017,1777083932017.jpg,190,g,sonnet sweep,0,1,0,0,,,,0,0,0,grams (g),.19,190,g,log10 median,carrot,pieces or units,ANTIQUE,LIBERTAD,Zaldivar St.Libertad Roadside,Cahilig Store,NN8SGME2,,,,,,,,.19,,,,,,190,,,,,scale_with_item,,,,,clear,,,,,,,,medium_size
2456,1776999947058,1776999947058.jpg,170,g,sonnet sweep,0,1,0,0,,,,0,0,0,grams (g),.17,170,g,log10 median,carrot,pieces or units,ANTIQUE,LIBERTAD,Zaldivar St.Libertad Roadside,Isabel Piodo Store,QN1P8PIR,,,,,,,,.17,,,,,,170,,,,,scale_with_item,,,,,clear,,,,,,,,medium_size
2457,1776995305854,1776995305854.jpg,130,g,sonnet sweep,0,1,0,0,,,,0,0,0,grams (g),.13,130,g,log10 median,carrot,pieces or units,ANTIQUE,LIBERTAD,Libertad Public Market,Casuncad Vegetable Stand,S93GUJ58,,,,,,,,.13,,,,,,130,,,,,scale_with_item,,,,,clear,,,,,,,,small_size
2458,1776995327834,1776995327834.jpg,180,g,sonnet sweep,0,1,0,0,,,,0,0,0,grams (g),.18000001,180,g,log10 median,carrot,pieces or units,ANTIQUE,LIBERTAD,Libertad Public Market,Casuncad Vegetable Stand,S93GUJ58,,,,,,,,.18,,,,,,180,,,,,scale_with_item,,,,,clear,,,,,,,,medium_size
2459,1777082673380,1777082673380.jpg,120,g,sonnet sweep,0,1,0,0,,,,0,0,0,grams (g),.12,120,g,log10 median,carrot,pieces or units,ANTIQUE,LIBERTAD,Union Nipa Libertad Talipapa,RAEIUEL'S Variety Store Fruits and Vegetable,VHJRWSBH,,,,,,,,.12,,,,,,120,,,,,scale_with_item,,,,,clear,,,,,,,,small_size
2460,1777082700414,1777082700414.jpg,215,g,human,1,1,0,0,,,,0,0,0,grams (g),.215,215,g,log10 median,carrot,pieces or units,ANTIQUE,LIBERTAD,Union Nipa Libertad Talipapa,RAEIUEL'S Variety Store Fruits and Vegetable,VHJRWSBH,.215,0.215,scale,0,,.215,.215,,,215,215,215,215,,,215,scale_with_item,scale_with_item,,,scale_with_item,clear,clear,,,clear,,,,,,medium_size
2461,1777001297766,1777001297766.jpg,50,g,sonnet sweep,0,1,0,0,,,,0,0,0,grams (g),.050000001,50,g,log10 median,carrot,pieces or units,ANTIQUE,LIBERTAD,Zaldivar St.Libertad Roadside,Faigao Mini Store,YUMDKOGP,,,,,,,,.05,,,,,,50,,,,,scale_with_item,,,,,clear,,,,,,,,small_size
2463,1777086859145,1777086859145.jpg,990,g,sonnet sweep,0,1,0,0,,,,0,0,0,grams (g),.99000001,990,g,log10 median,chicken,whole (chicken),ANTIQUE,LIBERTAD,Zaldivar St.Libertad Roadside,Victoriano Variety Store,3PK309KQ,,,,,,,,.99,,,,,,990,,,,,scale_with_item,,,,,clear,,,,,,,,medium_size
2470,1777000082105,1777000082105.jpg,935,g,sonnet sweep,0,1,0,0,,,,0,0,0,grams (g),.935,935,g,log10 median,chicken,whole (chicken),ANTIQUE,LIBERTAD,Zaldivar St.Libertad Roadside,Isabel Piodo Store,SQI6I87V,,,,,,,,.9350000000000001,,,,,,935,,,,,scale_with_item,,,,,clear,,,,,,,,medium_size
2471,1776997343731,1776997343731.jpg,375,g,sonnet sweep,0,1,0,0,,,,0,0,0,grams (g),.375,375,g,log10 median,chicken,pieces or units,ANTIQUE,LIBERTAD,Libertad Public Market,Sheen Meat Shop,3V3Z04GM,,,,,,,,.375,,,,,,375,,,,,scale_with_item,,,,,clear,,,,,,,,medium_size
2472,1776997872884,1776997872884.jpg,555,g,sonnet sweep,0,1,0,0,,,,0,0,0,grams (g),.55500001,555,g,log10 median,chicken,pieces or units,ANTIQUE,LIBERTAD,Libertad Public Market,Joey Meat Shop,507ZU9DX,,,,,,,,.555,,,,,,555,,,,,scale_with_item,,,,,clear,,,,,,,,medium_size
2473,1777000137476,1777000137476.jpg,490,g,sonnet sweep,0,1,0,0,,,,0,0,0,grams (g),.49000001,490,g,log10 median,chicken,pieces or units,ANTIQUE,LIBERTAD,Zaldivar St.Libertad Roadside,Isabel Piodo Store,5U3HJX95,,,,,,,,.49,,,,,,490,,,,,scale_with_item,,,,,clear,,,,,,,,medium_size
2474,1777084057296,1777084057296.jpg,535,g,sonnet sweep,0,1,0,0,,,,0,0,0,grams (g),.53500003,535,g,log10 median,chicken,pieces or units,ANTIQUE,LIBERTAD,Zaldivar St.Libertad Roadside,Cahilig Store,AQ0PTIKK,,,,,,,,.535,,,,,,535,,,,,scale_with_item,,,,,clear,,,,,,,,medium_size
2475,1776997566521,1776997566521.jpg,540,g,sonnet sweep,0,1,0,0,,,,0,0,0,grams (g),.54000002,540,g,log10 median,chicken,pieces or units,ANTIQUE,LIBERTAD,Libertad Public Market,Gabbys Meat and Frozen Product,C0400ZQD,,,,,,,,.54,,,,,,540,,,,,scale_with_item,,,,,clear,,,,,,,,medium_size
2476,1777083419074,1777083419074.jpg,905,g,sonnet sweep,0,1,0,0,,,,0,0,0,grams (g),.505,505,g,log10 median,chicken,pieces or units,ANTIQUE,LIBERTAD,Union Nipa Libertad Talipapa,Eda Fish Stand,IR0PL7VV,,,,,,,,.905,,,,,,905,,,,,scale_with_item,,,,,clear,,,,,,,,medium_size
2477,1777084903130,1777084903130.jpg,580,g,sonnet sweep,0,1,0,0,,,,0,0,0,grams (g),.56,560,g,log10 median,chicken,pieces or units,ANTIQUE,LIBERTAD,Union Nipa Libertad Talipapa,Faviano Store,ORA00HV4,,,,,,,,.58,,,,,,580,,,,,scale_with_item,,,,,probable,,,,,,,,medium_size
2478,1777082843963,1777082843963.jpg,865,g,sonnet sweep,0,1,0,0,,,,0,0,0,grams (g),.86500001,865,g,log10 median,chicken,pieces or units,ANTIQUE,LIBERTAD,Union Nipa Libertad Talipapa,RAEIUEL'S Variety Store Fruits and Vegetable,R61ORV3J,,,,,,,,.865,,,,,,865,,,,,scale_with_item,,,,,clear,,,,,,,,medium_size
2485,1776996284415,1776996284415.jpg,105,g,sonnet sweep,0,1,0,0,,,,0,0,0,grams (g),.105,105,g,log10 median,fresh fish,pieces or units,ANTIQUE,LIBERTAD,Libertad Public Market,Flor Fish Stand,5H7ULYNI,,,,,,,,.105,,,,,,105,,,,,scale_with_item,,,,,probable,,,,,,,,small_size
2486,1776996729892,1776996729892.jpg,905,g,sonnet sweep,0,1,0,0,,,,0,0,0,grams (g),.90499997,905,g,log10 median,fresh fish,pieces or units,ANTIQUE,LIBERTAD,Libertad Public Market,Wilson Fish Stand,B0FK7SAF,,,,,,,,.905,,,,,,905,,,,,scale_with_item,,,,,clear,,,,,,,,medium_size
2487,1777088850185,1777088850185.jpg,,,,0,0,0,0,,,,0,0,0,grams (g),.95499998,955,g,log10 median,fresh fish,pieces or units,ANTIQUE,LIBERTAD,Union Nipa Libertad Roadside,Cyron Fish Stand,BBB3RRCP,,,,,,,,,,,,,,,,,,,scale_with_item,,,,,ambiguous,,,,,,,,medium_size
2488,1777083266744,1777083266744.jpg,200,g,sonnet sweep,0,1,0,0,,,,0,0,0,grams (g),.2,200,g,log10 median,fresh fish,pieces or units,ANTIQUE,LIBERTAD,Union Libertad Talipapa,Eda Fish Stand,I2BDKOAB,,,,,,,,.2,,,,,,200,,,,,scale_with_item,,,,,clear,,,,,,,,small_size
2489,1777089157421,1777089157421.jpg,120,g,sonnet sweep,0,1,0,0,,,,0,0,0,grams (g),.12,120,g,log10 median,fresh fish,pieces or units,ANTIQUE,LIBERTAD,Union Nipa Roadside,Yi Jeong Stall,JIAU22LW,,,,,,,,.12,,,,,,120,,,,,scale_with_item,,,,,clear,,,,,,,,small_size
2491,1776996514803,1776996514803.jpg,615,g,sonnet sweep,0,1,0,0,,,,0,0,0,grams (g),.61500001,615,g,log10 median,fresh fish,pieces or units,ANTIQUE,LIBERTAD,Libertad Public Market,Edwin Fish Stand,Q6SP0504,,,,,,,,.615,,,,,,615,,,,,scale_with_item,,,,,probable,,,,,,,,medium_size
2492,1777001240809,1777001240809.jpg,80,g,sonnet sweep,0,1,0,0,,,,0,0,0,grams (g),.090000004,90,g,log10 median,"ice cream, sorbet, edible ice (eg., ice-lolli, halo-halo)",pieces or units,ANTIQUE,LIBERTAD,Zaldivar St.Libertad Roadside,Faigao Mini Store,YN80QMDL,,,,,,,,.08,,,,,,80,,,,,scale_with_item,,,,,clear,,,,,,,,small_size
2493,1776998861492,1776998861492.jpg,80,g,sonnet sweep,0,1,0,0,,,,0,0,0,grams (g),.079999998,80,g,log10 median,"ice cream, sorbet, edible ice (eg., ice-lolli, halo-halo)",pieces or units,ANTIQUE,LIBERTAD,Zaldivar St.Libertad Roadside,Sualog Store,Z96FVW07,,,,,,,,.08,,,,,,80,,,,,scale_with_item,,,,,clear,,,,,,,,small_size
2497,1777084352492,1777084352492.jpg,375,mL,package label (mL),0,1,1,1,375 mL,375,mL,1,0,1,grams (g),375,375,mL,log10 median,"liquor (e.g, whisky, coconut wine)",lipid/lapad,ANTIQUE,LIBERTAD,Zaldivar St.Libertad Roadside,Cahilig Store,5O6ORK3X,,,,,,,,,,,,,,,,,,,item_no_scale,,,,,not_visible,,,,,375 mL,,,medium_size
2498,1777085492873,1777085492873.jpg,375,mL,package label (mL),0,1,1,1,375 ml,375,mL,1,0,1,grams (g),375,375,mL,log10 median,"liquor (e.g, whisky, coconut wine)",lipid/lapad,ANTIQUE,LIBERTAD,Union Nipa Libertad Talipapa,Gensam Store,JVI6F9ZF,,,,,,,,,,,,,,,,,,,item_no_scale,,,,,not_visible,,,,,375 ml,,,medium_size
2499,1777087586690,1777087586690.jpg,375,mL,package label (mL),0,1,1,1,375 mL,375,mL,1,0,1,grams (g),375,375,mL,log10 median,"liquor (e.g, whisky, coconut wine)",lipid/lapad,ANTIQUE,LIBERTAD,Union Nipa Libertad Talipapa,Maribeth Store,QW2P4BI9,,,,,,,,,,,,,,,,,,,label_closeup,,,,,not_visible,,,,,375 mL,,,medium_size
2500,1776998427187,1776998427187.jpg,375,mL,package label (mL),0,1,1,1,375 mL,375,mL,1,0,1,grams (g),375,375,mL,log10 median,"liquor (e.g, whisky, coconut wine)",lipid/lapad,ANTIQUE,LIBERTAD,Dujali St.Libertad Roadside,Sualog Store,ZXRI24VS,,,,,,,,,,,,,,,,,,,item_no_scale,,,,,not_visible,,,,,375 mL,,,medium_size
2501,1776998488127,1776998488127.jpg,750,mL,package label (mL),0,1,1,1,750 mL,750,mL,1,0,1,grams (g),750,750,mL,log10 median,"liquor (e.g, whisky, coconut wine)",long-neck,ANTIQUE,LIBERTAD,Zaldivar St.Libertad Roadside,Sualog Store,0U75X82C,,,,,,,,,,,,,,,,,,,item_no_scale,,,,,not_visible,,,,,750 mL,,,large_size
2503,1777084303422,1777084303422.jpg,750,mL,package label (mL),0,1,1,1,750 mL,750,mL,1,0,1,grams (g),750,750,mL,log10 median,"liquor (e.g, whisky, coconut wine)",long-neck,ANTIQUE,LIBERTAD,Zaldivar St.Libertad Roadside,Cahilig Store,NZ3A0ZY7,,,,,,,,,,,,,,,,,,,item_no_scale,,,,,not_visible,,,,,750 mL,,,large_size
2504,1777087505635,1777087505635.jpg,750,mL,package label (mL),0,1,1,1,750 mL,750,mL,1,0,1,grams (g),750,750,mL,log10 median,"liquor (e.g, whisky, coconut wine)",long-neck,ANTIQUE,LIBERTAD,Union Nipa Libertad Talipapa,Maribeth Store,XGUR7TNW,,,,,,,,,,,,,,,,,,,label_closeup,,,,,not_visible,,,,,750 mL,,,large_size
2508,1779157255515,1779157255515.jpg,400,g,sonnet sweep,0,1,0,0,,,,0,0,0,grams (g),.41999999,420,g,log10 median,loaf bread,small packs,ANTIQUE,LIBERTAD,Centro Este Libertad Antique Roadside,YVO Bakeshop,X2NLVR6Z,,,,,,,,.4,,,,,,400,,,,,scale_with_item,,,,,clear,,,,,,,,conventional_nsu
2522,1776735805061,1776735805061.jpg,,,,0,0,0,0,,,,0,0,0,grams (g),.70999998,710,g,log10 median,cabbage,pieces or units,ANTIQUE,PANDAN,Sto.Rosario Pandan Talipapa,Gemma Vegetable Stall,89CMU84U,,,,,,,,,,,,,,,,,,,scale_with_item,,,,,not_visible,,,,,,,,medium_size
2523,1776735456775,1776735456775.jpg,,,,0,0,0,0,,,,0,0,0,grams (g),.29499999,295,g,log10 median,cabbage,pieces or units,ANTIQUE,PANDAN,Sto.Rosario Pandan Talipapa,Christopher Vegetable Stall,FB06FGJK,,,,,,,,,,,,,,,,,,,scale_with_item,,,,,not_visible,,,,,,,,small_size
2524,1776735502288,1776735502288.jpg,,,,0,0,0,0,,,,0,0,0,grams (g),.75,750,g,log10 median,cabbage,pieces or units,ANTIQUE,PANDAN,Sto.Rosario Pandan Talipapa,Christopher Vegetable Stall,FB06FGJK,,,,,,,,,,,,,,,,,,,scale_with_item,,,,,not_visible,,,,,,,,medium_size
2525,1776734991256,1776734991256.jpg,795,g,sonnet sweep,0,1,0,0,,,,0,0,0,grams (g),.79500002,795,g,log10 median,cabbage,pieces or units,ANTIQUE,PANDAN,Sto.Rosario Pandan Talipapa,Purita Vgetable Stall,J7XLYC4N,,,,,,,,.795,,,,,,795,,,,,scale_with_item,,,,,clear,,,,,,,,medium_size
2526,1776664038742,1776664038742.jpg,295,g,sonnet sweep,0,1,0,0,,,,0,0,0,grams (g),.255,255,g,log10 median,cabbage,pieces or units,ANTIQUE,PANDAN,Pandan Public Market,Antonita Vegetable Stand,M76EQOYM,,,,,,,,.295,,,,,,295,,,,,scale_with_item,,,,,clear,,,,,,,,small_size
2527,1776664067183,1776664067183.jpg,780,g,sonnet sweep,0,1,0,0,,,,0,0,0,grams (g),.77999997,780,g,log10 median,cabbage,pieces or units,ANTIQUE,PANDAN,Pandan Public Market,Antonita Vegetable Stand,M76EQOYM,,,,,,,,.78,,,,,,780,,,,,scale_with_item,,,,,clear,,,,,,,,medium_size
2529,1776664503327,1776664503327.jpg,425,g,sonnet sweep,0,1,0,0,,,,0,0,0,grams (g),.42500001,425,g,log10 median,cabbage,pieces or units,ANTIQUE,PANDAN,Pandan Public Market,Jonabhe Vegetable Store,S04NIPH2,,,,,,,,.425,,,,,,425,,,,,scale_with_item,,,,,clear,,,,,,,,small_size
2530,1776664531494,1776664531494.jpg,955,g,sonnet sweep,0,1,0,0,,,,0,0,0,grams (g),.95499998,955,g,log10 median,cabbage,pieces or units,ANTIQUE,PANDAN,Pandan Public Market,Jonabhe Vegetable Store,S04NIPH2,,,,,,,,.955,,,,,,955,,,,,scale_with_item,,,,,clear,,,,,,,,medium_size
2531,1776664550485,1776664550485.jpg,1185,g,sonnet sweep,0,1,0,0,,,,0,0,0,grams (g),1.1849999,1185,g,log10 median,cabbage,pieces or units,ANTIQUE,PANDAN,Pandan Public Market,Jonabhe Vegetable Store,S04NIPH2,,,,,,,,1.185,,,,,,1185,,,,,scale_with_item,,,,,clear,,,,,,,,large_size
2532,1776737899434,1776737899434.jpg,895,g,sonnet hi-res,0,1,0,0,,,,0,0,0,grams (g),.89499998,895,g,log10 median,cabbage,pieces or units,ANTIQUE,PANDAN,Lestoga Sta.Fe Pandan Roadside,Angelica Vegetable Store,TLKGVVFV,,,,,,.895,.895,,,.0895,,895,895,,,89.5,scale_with_item,scale_with_item,,,scale_with_item,clear,clear,,,clear,,,,,,medium_size
2534,1776664743490,1776664743490.jpg,185,g,sonnet sweep,0,1,0,0,,,,0,0,0,grams (g),.185,185,g,block governs,cabbage,pack,ANTIQUE,PANDAN,Pandan Public Market,Jonabhe Vegetable Store,CKIR151N,,,,,,,,.185,,,,,,185,,,,,scale_with_item,,,,,clear,,,,,,,,conventional_nsu
2535,1776665292134,1776665292134.jpg,270,g,human,1,1,0,0,,,,0,0,0,grams (g),.27000001,270,g,block governs,cabbage,pack,ANTIQUE,PANDAN,Pandan Public Market,Michael John Vegetable Stand,CU1DCRQQ,.27,0.27,scale,1,,,,,,.08,270,,,,,80,scale_with_item,,,,scale_with_item,ambiguous,,,,clear,,,,,,conventional_nsu
2536,1776664296089,1776664296089.jpg,,,,0,0,0,0,,,,0,0,0,grams (g),.36000001,360,g,block governs,cabbage,pack,ANTIQUE,PANDAN,Pandan Public Market,Antonita Vegetable Stand,DPHRX7L9,,,,,,,,,,,,,,,,,,,scale_with_item,,,,,not_visible,,,,,,,,conventional_nsu
2537,1776664198218,1776664198218.jpg,210,g,sonnet sweep,0,1,0,0,,,,0,0,0,grams (g),.20999999,210,g,log10 median,camote tops,bugkos,ANTIQUE,PANDAN,Pandan Public Market,Antonita Vegetable Stand,GY977E6I,,,,,,,,.21,,,,,,210,,,,,scale_with_item,,,,,clear,,,,,,,,municipality_median
2538,1776665589115,1776665589115.jpg,135,g,sonnet sweep,0,1,0,0,,,,0,0,0,grams (g),.13500001,135,g,log10 median,camote tops,bugkos,ANTIQUE,PANDAN,Pandan Public Market,Nena Vefetable Stand,N7VNJVXQ,,,,,,,,.135,,,,,,135,,,,,scale_with_item,,,,,clear,,,,,,,,municipality_median
2539,1776664685725,1776664685725.jpg,155,g,sonnet sweep,0,1,0,0,,,,0,0,0,grams (g),.155,155,g,log10 median,camote tops,bugkos,ANTIQUE,PANDAN,Pandan Public Market,Jonabhe Vegetable Store,P3PLDWJ5,,,,,,,,.155,,,,,,155,,,,,scale_with_item,,,,,clear,,,,,,,,municipality_median
2540,1776735866820,1776735866820.jpg,40,g,sonnet sweep,0,1,0,0,,,,0,0,0,grams (g),.039999999,40,g,log10 median,carrot,pieces or units,ANTIQUE,PANDAN,Sto.Rosario Pandan Talipapa,Gemma Vegetable Stall,43VI2813,,,,,,,,.04,,,,,,40,,,,,scale_with_item,,,,,clear,,,,,,,,small_size
2541,1776665156649,1776665156649.jpg,20,g,sonnet sweep,0,1,0,0,,,,0,0,0,grams (g),.12,120,g,log10 median,carrot,pieces or units,ANTIQUE,PANDAN,Pandan Public Market,Michael John Vegetable Stand,57WIS8JC,,,,,,,,.02,,,,,,20,,,,,scale_with_item,,,,,probable,,,,,,,,small_size
2542,1776665196688,1776665196688.jpg,210,g,sonnet sweep,0,1,0,0,,,,0,0,0,grams (g),.20999999,210,g,log10 median,carrot,pieces or units,ANTIQUE,PANDAN,Pandan Public Market,Michael John Vegetable Stand,57WIS8JC,,,,,,,,.21,,,,,,210,,,,,scale_with_item,,,,,clear,,,,,,,,medium_size
2543,1776665222257,1776665222257.jpg,,,,0,0,0,0,,,,0,0,0,grams (g),.34999999,350,g,log10 median,carrot,pieces or units,ANTIQUE,PANDAN,Pandan Public Market,Michael John Vegetable Stand,57WIS8JC,,,,,,,,,,,,,,,,,,,scale_with_item,,,,,not_visible,,,,,,,,large_size
2544,1776738049108,1776738049108.jpg,255,g,sonnet sweep,0,1,0,0,,,,0,0,0,grams (g),.255,255,g,log10 median,carrot,pieces or units,ANTIQUE,PANDAN,Nauring Pandan Roadside,Angelica Vegetable Store,E5PT0R2F,,,,,,,,.255,,,,,,255,,,,,scale_with_item,,,,,clear,,,,,,,,medium_size
2545,1776749961182,1776749961182.jpg,,,,0,0,0,0,,,,0,0,0,grams (g),.11,110,g,log10 median,carrot,pieces or units,ANTIQUE,PANDAN,Nauring Pandan Roadside,Lyn Store,GJFY5NGY,,,,,,,,,,,,,,,,,,,scale_with_item,,,,,not_visible,,,,,,,,small_size
2546,1776749986707,1776749986707.jpg,840,g,sonnet sweep,0,1,0,0,,,,0,0,0,grams (g),.23999999,240,g,log10 median,carrot,pieces or units,ANTIQUE,PANDAN,Nauring Pandan Roadside,Lyn Store,GJFY5NGY,,,,,,,,.84,,,,,,840,,,,,scale_with_item,,,,,probable,,,,,,,,medium_size
2547,1776664148616,1776664148616.jpg,,,,0,0,0,0,,,,0,0,0,grams (g),.155,155,g,log10 median,carrot,pieces or units,ANTIQUE,PANDAN,Pandan Public Market,Antonita Vegetable Stand,IG21ZOT6,,,,,,,,,,,,,,,,,,,scale_with_item,,,,,not_visible,,,,,,,,small_size
2548,1776735202324,1776735202324.jpg,60,g,human,1,1,0,0,,,,0,0,0,grams (g),.059999999,60,g,log10 median,carrot,pieces or units,ANTIQUE,PANDAN,Sto.Rosario Pandan Talipapa,Purita Vgetable Stall,J4MNIFEA,.06,0.06,scale,1,,,.06,,,,60,,60,,,,scale_with_item,,,,scale_no_item,clear,,,,not_visible,,,,,,small_size
2549,1776735370673,1776735370673.jpg,60,g,sonnet sweep,0,1,0,0,,,,0,0,0,grams (g),.059999999,60,g,log10 median,carrot,pieces or units,ANTIQUE,PANDAN,Sto. Rosario Pandan Talipapa,Christopher Vegetable Stall,M7SBKEK5,,,,,,,,.06,,,,,,60,,,,,scale_with_item,,,,,probable,,,,,,,,small_size
2550,1776664616335,1776664616335.jpg,125,g,sonnet sweep,0,1,0,0,,,,0,0,0,grams (g),.125,125,g,log10 median,carrot,pieces or units,ANTIQUE,PANDAN,Pandan Public Market,Jonabhe Vegetable Store,U9ZLI9OG,,,,,,,,.125,,,,,,125,,,,,scale_with_item,,,,,clear,,,,,,,,small_size
2551,1776664637228,1776664637228.jpg,205,g,sonnet sweep,0,1,0,0,,,,0,0,0,grams (g),.205,205,g,log10 median,carrot,pieces or units,ANTIQUE,PANDAN,Pandan Public Market,Jonabhe Vegetable Store,U9ZLI9OG,,,,,,,,.205,,,,,,205,,,,,scale_with_item,,,,,clear,,,,,,,,medium_size
2552,1776749502966,1776749502966.jpg,885,g,sonnet sweep,0,1,0,0,,,,0,0,0,grams (g),.255,255,g,log10 median,carrot,pieces or units,ANTIQUE,PANDAN,Nauring Pandan Roadside,Rendon Rolling Fruits and Vegetable,X8HKZRXL,,,,,,,,.885,,,,,,885,,,,,scale_with_item,,,,,probable,,,,,,,,medium_size
2554,1776667491674,1776667491674.jpg,975,g,sonnet sweep,0,1,0,0,,,,0,0,0,grams (g),.97500002,975,g,log10 median,chicken,whole (chicken),ANTIQUE,PANDAN,Pandan Public Market,jhayann consumer goods store,7LKGS34S,,,,,,,,.975,,,,,,975,,,,,scale_with_item,,,,,clear,,,,,,,,medium_size
2573,1776750741226,1776750741226.jpg,295.2,g,package label (g),0,1,1,0,Net Weight: 295.2g (12 x 24.6g),295.2,g,1,0,1,grams (g),295.20001,295,g,log10 median,"crackers, cookies, buiscuits, chips/curls",putos,ANTIQUE,PANDAN,Pandan Public Market,Mars Store,U54YQTIM,,,,,,,,,,,,,,,,,,,item_no_scale,,,,,not_visible,,,,,Net Weight: 295.2g (12 x 24.6g),,,small_size
2574,1776668390502,1776668390502.jpg,645,g,sonnet sweep,0,1,0,0,,,,0,0,0,grams (g),.64499998,645,g,block governs,"ice cream, sorbet, edible ice (eg., ice-lolli, halo-halo)",pieces or units,ANTIQUE,PANDAN,Pandan Public Market,Eclair Spot Cafe,8ZLVG80C,,,,,,,,.645,,,,,,645,,,,,scale_with_item,,,,,clear,,,,,,,,medium_size
2579,1776732959235,1776732959235.jpg,750,mL,package label (mL),0,1,1,1,750 mL,750,mL,1,0,1,grams (g),750,750,mL,block governs,"liquor (e.g, whisky, coconut wine)",glass,ANTIQUE,PANDAN,Nauring Pandan Roadside,Vann Stall,WI5NHDEK,,,,,,,,,,,,,,,,,,,item_no_scale,,,,,not_visible,,,,,750 mL,,,large_size
2580,1776750555322,1776750555322.jpg,375,mL,package label (mL),0,1,1,1,375 mL,375,mL,1,0,1,grams (g),375,375,mL,log10 median,"liquor (e.g, whisky, coconut wine)",lipid/lapad,ANTIQUE,PANDAN,Pandan Public  Market,Mars Store,0B1RCL6T,,,,,,,,,,,,,,,,,,,item_no_scale,,,,,not_visible,,,,,375 mL,,,medium_size
2581,1776736478849,1776736478849.jpg,375,mL,package label (mL),0,1,1,1,375 mL,375,mL,1,0,1,grams (g),375,375,mL,log10 median,"liquor (e.g, whisky, coconut wine)",lipid/lapad,ANTIQUE,PANDAN,Sto.Rosario Pandan Talipapa,Tesnado Store,5V9Y4KMJ,,,,,,,,,,,,,,,,,,,item_no_scale,,,,,not_visible,,,,,375 mL,,,medium_size
2582,1779161502198,1779161502198.jpg,375,mL,package label (mL),0,1,1,1,375 mL,375,mL,1,0,1,grams (g),375,375,mL,log10 median,"liquor (e.g, whisky, coconut wine)",lipid/lapad,ANTIQUE,PANDAN,Nauring Pandan Roadside,J - Lights Grocery,HAADP4CL,,,,,,,,,,,,,,,,,,,item_no_scale,,,,,not_visible,,,,,375 mL,,,medium_size
2583,1776667143474,1776667143474.jpg,375,mL,package label (mL),0,1,1,1,375 mL,375,mL,1,0,1,grams (g),375,375,mL,log10 median,"liquor (e.g, whisky, coconut wine)",lipid/lapad,ANTIQUE,PANDAN,Pandan Public Market,jhayann consumer goods store,HFCWN0X6,,,,,,,,,,,,,,,,,item_no_scale,,,,item_no_scale,not_visible,,,,not_visible,375 mL,,,,,medium_size
2584,1776733083472,1776733083472.jpg,375,mL,package label (mL),0,1,1,1,375 mL,375,mL,1,0,1,grams (g),375,375,mL,log10 median,"liquor (e.g, whisky, coconut wine)",lipid/lapad,ANTIQUE,PANDAN,Nauring Pandan Roadside,Vann Stall,RHBHRUX5,,,,,,,,,,,,,,,,,,,item_no_scale,,,,,not_visible,,,,,375 mL,,,medium_size
2585,1776733671691,1776733671691.jpg,375,mL,package label (mL),0,1,1,1,375 mL,375,mL,1,0,1,grams (g),375,375,mL,log10 median,"liquor (e.g, whisky, coconut wine)",lipid/lapad,ANTIQUE,PANDAN,Nauring Pandan Antique,Garzon Store,SXWGU318,,,,,,,,,,,,,,,,,,,label_closeup,,,,,not_visible,,,,,375 mL,,,medium_size
2587,1776733719692,1776733719692.jpg,,,,0,0,0,0,,,,0,0,0,grams (g),750,750,mL,log10 median,"liquor (e.g, whisky, coconut wine)",long-neck,ANTIQUE,PANDAN,Nauring Pandan Roadside,Garzon Store,6P16UJ5N,,,,,,,,,,,,,,,,,,,item_no_scale,,,,,not_visible,,,,,,,,large_size
2589,1776750613995,1776750613995.jpg,750,mL,package label (mL),0,1,1,1,750 mL,750,mL,1,0,1,grams (g),750,750,mL,log10 median,"liquor (e.g, whisky, coconut wine)",long-neck,ANTIQUE,PANDAN,Pandan Public Market,Mars Store,TXNURZT8,,,,,,,,,,,,,,,,,,,item_no_scale,,,,,not_visible,,,,,750 mL,,,large_size
2591,1776736435037,1776736435037.jpg,750,mL,package label (mL),0,1,1,1,750 mL,750,mL,1,0,1,grams (g),750,750,mL,log10 median,"liquor (e.g, whisky, coconut wine)",long-neck,ANTIQUE,PANDAN,Sto.Rosario Pandan Talipapa,Tesnado Store,ZP7IJJNY,,,,,,,,,,,,,,,,,,,item_no_scale,,,,,not_visible,,,,,750 mL,,,large_size
2598,1776301825184,1776301825184.jpg,575,g,sonnet sweep,0,1,0,0,,,,0,0,0,grams (g),.57499999,575,g,log10 median,cabbage,pieces or units,ANTIQUE,PATNONGON,Carit-an Patnungon Talipapa,Feliza Vegetable Stand,0CR6C1GS,,,,,,,,.575,,,,,,575,,,,,scale_with_item,,,,,clear,,,,,,,,small_size
2599,1776301846976,1776301846976.jpg,890,g,sonnet sweep,0,1,0,0,,,,0,0,0,grams (g),.88999999,890,g,log10 median,cabbage,pieces or units,ANTIQUE,PATNONGON,Carit-an Patnungon Talipapa,Feliza Vegetable Stand,0CR6C1GS,,,,,,,,.89,,,,,,890,,,,,scale_with_item,,,,,clear,,,,,,,,medium_size
2600,1776302692219,1776302692219.jpg,,,,0,0,0,0,,,,0,0,0,grams (g),.38999999,390,g,log10 median,cabbage,pieces or units,ANTIQUE,PATNONGON,Carit-an Public Market,Estares Consumer Good Store,1QK77YCB,,,,,,,,,,,,,,,,,,,scale_with_item,,,,,not_visible,,,,,,,,small_size
2601,1776216983984,1776216983984.jpg,530,g,sonnet sweep,0,1,0,0,,,,0,0,0,grams (g),.52999997,530,g,log10 median,cabbage,pieces or units,ANTIQUE,PATNONGON,Patnungon Public Market,Bhing Store,7IHQ52WH,,,,,,,,.53,,,,,,530,,,,,scale_with_item,,,,,clear,,,,,,,,small_size
2602,1776217013916,1776217013916.jpg,750,g,sonnet sweep,0,1,0,0,,,,0,0,0,grams (g),.75,750,g,log10 median,cabbage,pieces or units,ANTIQUE,PATNONGON,Patnungon Public Market,Bhing Store,7IHQ52WH,,,,,,,,.75,,,,,,750,,,,,scale_with_item,,,,,clear,,,,,,,,medium_size
2603,1776305771800,1776305771800.jpg,570,g,sonnet sweep,0,1,0,0,,,,0,0,0,grams (g),.56999999,570,g,log10 median,cabbage,pieces or units,ANTIQUE,PATNONGON,Poblacion Patnongon Roadside,ETCHEL Store,CQVSWTKH,,,,,,,,.57,,,,,,570,,,,,scale_with_item,,,,,clear,,,,,,,,medium_size
2604,1776304488094,1776304488094.jpg,950,g,sonnet sweep,0,1,0,0,,,,0,0,0,grams (g),.94999999,950,g,log10 median,cabbage,pieces or units,ANTIQUE,PATNONGON,Poblacion Patnongon Roadside,Luisa Store,H7WP1ZU4,,,,,,,,.95,,,,,,950,,,,,scale_with_item,,,,,probable,,,,,,,,medium_size
2606,1776304991360,1776304991360.jpg,725,g,sonnet sweep,0,1,0,0,,,,0,0,0,grams (g),.72500002,725,g,log10 median,cabbage,pieces or units,ANTIQUE,PATNONGON,Poblacion Patnongon Roadside,Chona Vegetable Stand,QBJ1JLOQ,,,,,,,,.725,,,,,,725,,,,,scale_with_item,,,,,clear,,,,,,,,medium_size
2607,1776302964412,1776302964412.jpg,780,g,sonnet sweep,0,1,0,0,,,,0,0,0,grams (g),.77999997,780,g,log10 median,cabbage,pieces or units,ANTIQUE,PATNONGON,Carit-an Patnungon Talipapa,Hylen Vegetable Stand,RE6TV6IP,,,,,,,,.78,,,,,,780,,,,,scale_with_item,,,,,clear,,,,,,,,medium_size
2611,1776217899263,1776217899263.jpg,175,g,sonnet sweep,0,1,0,0,,,,0,0,0,grams (g),.175,175,g,log10 median,cabbage,putos (mix vegetable),ANTIQUE,PATNONGON,Patnungon Public Market,Bhing Store,3HHKH3S9,,,,,,,,.175,,,,,,175,,,,,scale_with_item,,,,,clear,,,,,,,,conventional_nsu
2612,1776217949497,1776217949497.jpg,225,g,sonnet sweep,0,1,0,0,,,,0,0,0,grams (g),.22499999,225,g,log10 median,cabbage,putos (mix vegetable),ANTIQUE,PATNONGON,Patnungon Public Market,JB Sari Sari Store,M115IGM7,,,,,,,,.225,,,,,,225,,,,,scale_with_item,,,,,clear,,,,,,,,conventional_nsu
2613,1776216469178,1776216469178.jpg,230,g,sonnet sweep,0,1,0,0,,,,0,0,0,grams (g),.23,230,g,log10 median,cabbage,putos (mix vegetable),ANTIQUE,PATNONGON,Patnungon Public Market,Karen Canja Store,VUWB4948,,,,,,,,.23,,,,,,230,,,,,scale_with_item,,,,,clear,,,,,,,,conventional_nsu
2614,1776214963505,1776214963505.jpg,295,g,sonnet sweep,0,1,0,0,,,,0,0,0,grams (g),.29499999,295,g,log10 median,camote tops,bugkos,ANTIQUE,PATNONGON,Patnungon Public Market,Jessie Vegetable Stand,258UYBPN,,,,,,,,.295,,,,,,295,,,,,scale_with_item,,,,,clear,,,,,,,,conventional_nsu
2615,1776304554261,1776304554261.jpg,280,g,sonnet sweep,0,1,0,0,,,,0,0,0,grams (g),.28,280,g,log10 median,camote tops,bugkos,ANTIQUE,PATNONGON,Poblacion Patnongon Roadside,Luisa Store,25T3Y5V7,,,,,,,,.28,,,,,,280,,,,,scale_with_item,,,,,clear,,,,,,,,conventional_nsu
2616,1776302447685,1776302447685.jpg,160,g,sonnet sweep,0,1,0,0,,,,0,0,0,grams (g),.16,160,g,log10 median,camote tops,bugkos,ANTIQUE,PATNONGON,Carit-an Patnungon Talipapa,Estares Consumer Good Store,2B61ON26,,,,,,,,.16,,,,,,160,,,,,scale_with_item,,,,,clear,,,,,,,,conventional_nsu
2617,1776305701799,1776305701799.jpg,,,,0,0,0,0,,,,0,0,0,grams (g),.19499999,195,g,log10 median,camote tops,bugkos,ANTIQUE,PATNONGON,Poblacion Patnongon Roadside,ETCHEL Store,2IZGI97I,,,,,,,,,,,,,,,,,,,scale_with_item,,,,,ambiguous,,,,,,,,conventional_nsu
2618,1776302065663,1776302065663.jpg,300,g,sonnet sweep,0,1,0,0,,,,0,0,0,grams (g),.30000001,300,g,log10 median,camote tops,bugkos,ANTIQUE,PATNONGON,Carit-an Public Market,Feliza Vegetable Stand,9LASJJBE,,,,,,,,.3,,,,,,300,,,,,scale_with_item,,,,,clear,,,,,,,,conventional_nsu
2619,1776215955208,1776215955208.jpg,345,g,sonnet sweep,0,1,0,0,,,,0,0,0,grams (g),.345,345,g,log10 median,camote tops,bugkos,ANTIQUE,PATNONGON,Patnungon Public Market,Cynthia Vegetable Stall,FHXXJO9A,,,,,,,,.345,,,,,,345,,,,,scale_with_item,,,,,clear,,,,,,,,conventional_nsu
2620,1776215538254,1776215538254.jpg,365,g,rescue read,0,1,0,0,,,,0,0,0,grams (g),.36500001,365,g,log10 median,camote tops,bugkos,ANTIQUE,PATNONGON,Patnungon Public Market,Minda Vegetable Stand,IYZYNZLP,,,,,,,,,.365,,,,,,365,,,,,scale_with_item,,,,,clear,,,,,,,conventional_nsu
2621,1776304922237,1776304922237.jpg,245,g,sonnet sweep,0,1,0,0,,,,0,0,0,grams (g),.245,245,g,log10 median,camote tops,bugkos,ANTIQUE,PATNONGON,Carit-an Patnungon Roadside,Chona Vegetable Stand,J39FQ8AL,,,,,,,,.245,,,,,,245,,,,,scale_with_item,,,,,clear,,,,,,,,conventional_nsu
2622,1776303110616,1776303110616.jpg,290,g,sonnet sweep,0,1,0,0,,,,0,0,0,grams (g),.28999999,290,g,log10 median,camote tops,bugkos,ANTIQUE,PATNONGON,Carit-an Public Market,Hylen Vegetable Stand,N0E42JVG,,,,,,,,.29,,,,,,290,,,,,scale_with_item,,,,,clear,,,,,,,,conventional_nsu
2623,1776215406341,1776215406341.jpg,125,g,sonnet sweep,0,1,0,0,,,,0,0,0,grams (g),.125,125,g,log10 median,camote,bilog,ANTIQUE,PATNONGON,Patnungon Public Market,Minda Vegetable Stand,1YIBFBN6,,,,,,,,.125,,,,,,125,,,,,scale_with_item,,,,,clear,,,,,,,,small_size
2624,1776215419663,1776215419663.jpg,200,g,sonnet sweep,0,1,0,0,,,,0,0,0,grams (g),.2,200,g,log10 median,camote,bilog,ANTIQUE,PATNONGON,Patnungon Public Market,Minda Vegetable Stand,1YIBFBN6,,,,,,,,.2,,,,,,200,,,,,scale_with_item,,,,,clear,,,,,,,,medium_size
2625,1776305195768,1776305195768.jpg,535,g,sonnet sweep,0,1,0,0,,,,0,0,0,grams (g),.53500003,535,g,log10 median,camote,bilog,ANTIQUE,PATNONGON,Poblacion Patnongon Roadside,Luisa Store,2ME0XSB4,,,,,,,,.535,,,,,,535,,,,,scale_with_item,,,,,clear,,,,,,,,medium_size
2626,1776302518046,1776302518046.jpg,195,g,sonnet sweep,0,1,0,0,,,,0,0,0,grams (g),.145,145,g,log10 median,camote,bilog,ANTIQUE,PATNONGON,Carit-an Public Market,Estares Consumer Good Store,3U5RW7GV,,,,,,,,.195,,,,,,195,,,,,scale_with_item,,,,,clear,,,,,,,,small_size
2627,1776302543943,1776302543943.jpg,385,g,sonnet sweep,0,1,0,0,,,,0,0,0,grams (g),.32499999,325,g,log10 median,camote,bilog,ANTIQUE,PATNONGON,Carit-an Public Market,Estares Consumer Good Store,3U5RW7GV,,,,,,,,.385,,,,,,385,,,,,scale_with_item,,,,,ambiguous,,,,,,,,medium_size
2628,1776306819057,1776306819057.jpg,60,g,sonnet sweep,0,1,0,0,,,,0,0,0,grams (g),.059999999,60,g,log10 median,camote,bilog,ANTIQUE,PATNONGON,Carit-an Patnungon Talipapa,Ging-Ging Store,F07GHVYN,,,,,,,,.06,,,,,,60,,,,,scale_with_item,,,,,clear,,,,,,,,small_size
2629,1776215047549,1776215047549.jpg,85,g,sonnet sweep,0,1,0,0,,,,0,0,0,grams (g),.085000001,85,g,log10 median,camote,bilog,ANTIQUE,PATNONGON,Patnungon Public Market,Jessie Vegetable Stand,FNR2N4ZF,,,,,,,,.085,,,,,,85,,,,,scale_with_item,,,,,clear,,,,,,,,small_size
2630,1776215064142,1776215064142.jpg,205,g,sonnet sweep,0,1,0,0,,,,0,0,0,grams (g),.205,205,g,log10 median,camote,bilog,ANTIQUE,PATNONGON,Patnungon Public Market,Jessie Vegetable Stand,FNR2N4ZF,,,,,,,,.205,,,,,,205,,,,,scale_with_item,,,,,clear,,,,,,,,medium_size
2631,1776306205710,1776306205710.jpg,150,g,sonnet sweep,0,1,0,0,,,,0,0,0,grams (g),.15000001,150,g,log10 median,camote,bilog,ANTIQUE,PATNONGON,Carit-an Patnungon Talipapa,Jeeliza Store,L8T9YA7Z,,,,,,,,.15,,,,,,150,,,,,scale_with_item,,,,,clear,,,,,,,,small_size
2632,1776215797933,1776215797933.jpg,120,g,sonnet sweep,0,1,0,0,,,,0,0,0,grams (g),.12,120,g,log10 median,camote,bilog,ANTIQUE,PATNONGON,Patnungon Public Market,Cynthia Vegetable Stall,M0LJRD64,,,,,,,,.12,,,,,,120,,,,,scale_with_item,,,,,clear,,,,,,,,small_size
2633,1776215820117,1776215820117.jpg,200,g,sonnet sweep,0,1,0,0,,,,0,0,0,grams (g),.2,200,g,log10 median,camote,bilog,ANTIQUE,PATNONGON,Patnungon Public Market,Cynthia Vegetable Stall,M0LJRD64,,,,,,,,.2,,,,,,200,,,,,scale_with_item,,,,,clear,,,,,,,,medium_size
2634,1776215836829,1776215836829.jpg,360,g,sonnet sweep,0,1,0,0,,,,0,0,0,grams (g),.36000001,360,g,log10 median,camote,bilog,ANTIQUE,PATNONGON,Patnungon Public Market,Cynthia Vegetable Stall,M0LJRD64,,,,,,,,.36,,,,,,360,,,,,scale_with_item,,,,,clear,,,,,,,,large_size
2635,1776305121639,1776305121639.jpg,295,g,sonnet sweep,0,1,0,0,,,,0,0,0,grams (g),.29499999,295,g,log10 median,camote,bilog,ANTIQUE,PATNONGON,Poblacion Patnongon Roadside,Chona Vegetable Stand,RUEWFY2O,,,,,,,,.295,,,,,,295,,,,,scale_with_item,,,,,clear,,,,,,,,medium_size
2636,1776305582245,1776305582245.jpg,215,g,sonnet sweep,0,1,0,0,,,,0,0,0,grams (g),.215,215,g,log10 median,camote,bilog,ANTIQUE,PATNONGON,Brgy.Villa Cruz Patnungon Roadside,ETCHEL Store,VTKGURO2,,,,,,,,.215,,,,,,215,,,,,scale_with_item,,,,,clear,,,,,,,,medium_size
2637,1776215490364,1776215490364.jpg,1080,g,sonnet sweep,0,1,0,0,,,,0,0,0,grams (g),1.08,1080,g,log10 median,camote,tumpok,ANTIQUE,PATNONGON,Patnungon Public Market,Minda Vegetable Stand,B48CTKT7,,,,,,,,1.08,,,,,,1080,,,,,scale_with_item,,,,,clear,,,,,,,,conventional_nsu
2638,1776306903573,1776306903573.jpg,665,g,sonnet sweep,0,1,0,0,,,,0,0,0,grams (g),.66500002,665,g,log10 median,camote,tumpok,ANTIQUE,PATNONGON,Carit-an Public Market,Ging-Ging Store,C2XJB484,,,,,,,,.665,,,,,,665,,,,,scale_with_item,,,,,clear,,,,,,,,conventional_nsu
2639,1776306379838,1776306379838.jpg,975,g,sonnet sweep,0,1,0,0,,,,0,0,0,grams (g),.97500002,975,g,log10 median,camote,tumpok,ANTIQUE,PATNONGON,Carit-an Public Market,Jeeliza Store,FQ05ZEEN,,,,,,,,.975,,,,,,975,,,,,scale_with_item,,,,,clear,,,,,,,,conventional_nsu
2640,1776302600517,1776302600517.jpg,950,g,sonnet sweep,0,1,0,0,,,,0,0,0,grams (g),.94999999,950,g,log10 median,camote,tumpok,ANTIQUE,PATNONGON,Carit-an Public Market,Estares Consumer Good Store,FWG1DTSS,,,,,,,,.95,,,,,,950,,,,,scale_with_item,,,,,clear,,,,,,,,conventional_nsu
2641,1776215135968,1776215135968.jpg,965,g,sonnet sweep,0,1,0,0,,,,0,0,0,grams (g),.96499997,965,g,log10 median,camote,tumpok,ANTIQUE,PATNONGON,Patnungon Public Market,Jessie Vegetable Stand,GFFOI7X0,,,,,,,,.965,,,,,,965,,,,,scale_with_item,,,,,clear,,,,,,,,conventional_nsu
2646,1776302757653,1776302757653.jpg,205,g,sonnet sweep,0,1,0,0,,,,0,0,0,grams (g),.205,205,g,log10 median,carrot,pieces or units,ANTIQUE,PATNONGON,Carit-an Public Market,Estares Consumer Good Store,7971XQXM,,,,,,,,.205,,,,,,205,,,,,scale_with_item,,,,,clear,,,,,,,,medium_size
2647,1776216359687,1776216359687.jpg,70,g,sonnet sweep,0,1,0,0,,,,0,0,0,grams (g),.07,70,g,log10 median,carrot,pieces or units,ANTIQUE,PATNONGON,Patnungon Public Market,Karen Canja Store,BWPVG9V7,,,,,,,,.07,,,,,,70,,,,,scale_with_item,,,,,clear,,,,,,,,small_size
2648,1776216379732,1776216379732.jpg,155,g,sonnet sweep,0,1,0,0,,,,0,0,0,grams (g),.155,155,g,log10 median,carrot,pieces or units,ANTIQUE,PATNONGON,Patnungon Public Market,Karen Canja Store,BWPVG9V7,,,,,,,,.155,,,,,,155,,,,,scale_with_item,,,,,clear,,,,,,,,medium_size
2649,1776216396113,1776216396113.jpg,280,g,sonnet sweep,0,1,0,0,,,,0,0,0,grams (g),.28,280,g,log10 median,carrot,pieces or units,ANTIQUE,PATNONGON,Patnungon Public Market,Karen Canja Store,BWPVG9V7,,,,,,,,.28,,,,,,280,,,,,scale_with_item,,,,,clear,,,,,,,,large_size
2650,1776305817615,1776305817615.jpg,70,g,sonnet sweep,0,1,0,0,,,,0,0,0,grams (g),.07,70,g,log10 median,carrot,pieces or units,ANTIQUE,PATNONGON,Poblacion Patnongon Roadside,ETCHEL Store,C4RENI97,,,,,,,,.07,,,,,,70,,,,,scale_with_item,,,,,clear,,,,,,,,small_size
2651,1776304433627,1776304433627.jpg,55,g,sonnet sweep,0,1,0,0,,,,0,0,0,grams (g),.055,55,g,log10 median,carrot,pieces or units,ANTIQUE,PATNONGON,Carit-an Patnungon Roadside,Luisa Store,NP126BM5,,,,,,,,.055,,,,,,55,,,,,scale_with_item,,,,,clear,,,,,,,,small_size
2652,1776303056455,1776303056455.jpg,195,g,sonnet sweep,0,1,0,0,,,,0,0,0,grams (g),.19499999,195,g,log10 median,carrot,pieces or units,ANTIQUE,PATNONGON,Carit-an Public Market,Hylen Vegetable Stand,S94PH8VQ,,,,,,,,.195,,,,,,195,,,,,scale_with_item,,,,,clear,,,,,,,,medium_size
2653,1776217091902,1776217091902.jpg,70,g,sonnet sweep,0,1,0,0,,,,0,0,0,grams (g),.07,70,g,log10 median,carrot,pieces or units,ANTIQUE,PATNONGON,Patnungon Public Market,Bhing Store,SA82H4SG,,,,,,,,.07,,,,,,70,,,,,scale_with_item,,,,,clear,,,,,,,,small_size
2654,1776217112641,1776217112641.jpg,125,g,sonnet sweep,0,1,0,0,,,,0,0,0,grams (g),.125,125,g,log10 median,carrot,pieces or units,ANTIQUE,PATNONGON,Patnungon Public Market,Bhing Store,SA82H4SG,,,,,,,,.125,,,,,,125,,,,,scale_with_item,,,,,clear,,,,,,,,medium_size
2655,1776217135525,1776217135525.jpg,220,g,sonnet sweep,0,1,0,0,,,,0,0,0,grams (g),.22,220,g,log10 median,carrot,pieces or units,ANTIQUE,PATNONGON,Patnungon Public Market,Bhing Store,SA82H4SG,,,,,,,,.22,,,,,,220,,,,,scale_with_item,,,,,clear,,,,,,,,large_size
2656,1776217673447,1776217673447.jpg,95,g,sonnet sweep,0,1,0,0,,,,0,0,0,grams (g),.094999999,95,g,log10 median,carrot,pieces or units,ANTIQUE,PATNONGON,Patnungon Public Market,JB Sari Sari Store,V1E5G0YA,,,,,,,,.095,,,,,,95,,,,,scale_with_item,,,,,clear,,,,,,,,small_size
2657,1776217709047,1776217709047.jpg,185,g,sonnet sweep,0,1,0,0,,,,0,0,0,grams (g),.185,185,g,log10 median,carrot,pieces or units,ANTIQUE,PATNONGON,Patnungon Public Market,JB Sari Sari Store,V1E5G0YA,,,,,,,,.185,,,,,,185,,,,,scale_with_item,,,,,clear,,,,,,,,medium_size
2658,1776301914284,1776301914284.jpg,65,g,sonnet sweep,0,1,0,0,,,,0,0,0,grams (g),.064999998,65,g,log10 median,carrot,pieces or units,ANTIQUE,PATNONGON,Carit-an Public Market,Feliza Vegetable Stand,VEYFCILG,,,,,,,,.065,,,,,,65,,,,,scale_with_item,,,,,clear,,,,,,,,small_size
2659,1776301954568,1776301954568.jpg,110,g,sonnet sweep,0,1,0,0,,,,0,0,0,grams (g),.11,110,g,log10 median,carrot,pieces or units,ANTIQUE,PATNONGON,Carit-an Public Market,Feliza Vegetable Stand,VEYFCILG,,,,,,,,.11,,,,,,110,,,,,scale_with_item,,,,,clear,,,,,,,,medium_size
2660,1776305038857,1776305038857.jpg,80,g,sonnet sweep,0,1,0,0,,,,0,0,0,grams (g),.079999998,80,g,log10 median,carrot,pieces or units,ANTIQUE,PATNONGON,Poblacion Patnongon Roadside,Chona Vegetable Stand,XUTEYE17,,,,,,,,.08,,,,,,80,,,,,scale_with_item,,,,,clear,,,,,,,,small_size
2661,1776304662410,1776304662410.jpg,165,g,sonnet sweep,0,1,0,0,,,,0,0,0,grams (g),.16500001,165,g,log10 median,carrot,putos (mix vegetable),ANTIQUE,PATNONGON,Poblacion Patnongon Roadside,Luisa Store,06DBQRFZ,,,,,,,,.165,,,,,,165,,,,,scale_with_item,,,,,clear,,,,,,,,conventional_nsu
2662,1776216926030,1776216926030.jpg,205,g,sonnet sweep,0,1,0,0,,,,0,0,0,grams (g),.205,205,g,log10 median,carrot,putos (mix vegetable),ANTIQUE,PATNONGON,Patnungon Public Market,Bhing Store,6ENMWTMZ,,,,,,,,.205,,,,,,205,,,,,scale_with_item,,,,,clear,,,,,,,,conventional_nsu
2663,1776216548578,1776216548578.jpg,210,g,sonnet sweep,0,1,0,0,,,,0,0,0,grams (g),.20999999,210,g,log10 median,carrot,putos (mix vegetable),ANTIQUE,PATNONGON,Patnungon Public Market,Karen Canja Store,8ZRMJ9UR,,,,,,,,.21,,,,,,210,,,,,scale_with_item,,,,,clear,,,,,,,,conventional_nsu
2664,1776218026815,1776218026815.jpg,,,,0,0,0,0,,,,0,0,0,grams (g),.15000001,150,g,log10 median,carrot,putos (mix vegetable),ANTIQUE,PATNONGON,Patnungon Public Market,JB Sari Sari Store,G4SQREHK,,,,,,,,,,,,,,,,,,,item_no_scale,,,,,not_visible,,,,,,,,conventional_nsu
2665,1776307760923,1776307760923.jpg,530,g,sonnet sweep,0,1,0,0,,,,0,0,0,grams (g),.52999997,530,g,log10 median,chicken,pieces or units,ANTIQUE,PATNONGON,Carit-an Public Market,3 MARIAS Frozen Product,BXBM46V7,,,,,,,,.53,,,,,,530,,,,,scale_with_item,,,,,clear,,,,,,,,medium_size
2666,1776219055894,1776219055894.jpg,455,g,sonnet sweep,0,1,0,0,,,,0,0,0,grams (g),.45500001,455,g,log10 median,chicken,pieces or units,ANTIQUE,PATNONGON,Patnungon Public Market,Princess Frozen Food,N66NZ5OC,,,,,,,,.455,,,,,,455,,,,,scale_with_item,,,,,probable,,,,,,,,medium_size
2667,1776219429787,1776219429787.jpg,720,g,sonnet sweep,0,1,0,0,,,,0,0,0,grams (g),.72000003,720,g,log10 median,chicken,pieces or units,ANTIQUE,PATNONGON,Patnungon Public Market,Baterna Frozen Food,SL16LBC1,,,,,,,,.72,,,,,,720,,,,,scale_with_item,,,,,clear,,,,,,,,medium_size
2668,1776218516455,1776218516455.jpg,610,g,sonnet sweep,0,1,0,0,,,,0,0,0,grams (g),.61000001,610,g,log10 median,chicken,pieces or units,ANTIQUE,PATNONGON,Patnungon Public Market,Manabat Frozen Food Store,W95SEWFB,,,,,,,,.61,,,,,,610,,,,,scale_with_item,,,,,clear,,,,,,,,medium_size
2687,1776220116473,1776220116473.jpg,610,g,sonnet sweep,0,1,0,0,,,,0,0,0,grams (g),.61000001,610,g,log10 median,fresh fish,pieces or units,ANTIQUE,PATNONGON,Patnungon Public Market,Sally Seafood Store,DTYDKRK2,,,,,,,,.61,,,,,,610,,,,,scale_with_item,,,,,clear,,,,,,,,medium_size
2688,1776219799946,1776219799946.jpg,445,g,sonnet sweep,0,1,0,0,,,,0,0,0,grams (g),.44499999,445,g,log10 median,fresh fish,pieces or units,ANTIQUE,PATNONGON,Patnungon Public Market,NENENG Seafood Store,JJ04HH8Z,,,,,,,,.445,,,,,,445,,,,,scale_with_item,,,,,clear,,,,,,,,medium_size
2689,1776219825361,1776219825361.jpg,825,g,sonnet sweep,0,1,0,0,,,,0,0,0,grams (g),.82499999,825,g,log10 median,fresh fish,pieces or units,ANTIQUE,PATNONGON,Patnungon Public Market,NENENG Seafood Store,JJ04HH8Z,,,,,,,,.825,,,,,,825,,,,,scale_with_item,,,,,clear,,,,,,,,large_size
2690,1776303609415,1776303609415.jpg,100,g,sonnet sweep,0,1,0,0,,,,0,0,0,grams (g),.1,100,g,log10 median,fresh fish,pieces or units,ANTIQUE,PATNONGON,Carit-an Patnungon Talipapa,Maria Fish Stand,PC2L9YIO,,,,,,,,.1,,,,,,100,,,,,scale_with_item,,,,,clear,,,,,,,,small_size
2692,1776220345488,1776220345488.jpg,250,g,sonnet sweep,0,1,0,0,,,,0,0,0,grams (g),.245,245,g,log10 median,fresh fish,pieces or units,ANTIQUE,PATNONGON,Patnungon Public Market,Encinas Fish Stand,X9AG6Y0H,,,,,,,,.25,,,,,,250,,,,,scale_with_item,,,,,clear,,,,,,,,small_size
2694,1776303699104,1776303699104.jpg,525,g,sonnet sweep,0,1,0,0,,,,0,0,0,grams (g),.52499998,525,g,block governs,fresh fish,tumpok,ANTIQUE,PATNONGON,Carit-an Public Market,Maria Fish Stand,V3RAPXX7,,,,,,,,.525,,,,,,525,,,,,scale_with_item,,,,,clear,,,,,,,,conventional_nsu
2706,1776221209960,1776221209960.jpg,375,mL,package label (mL),0,1,1,1,375 mL,375,mL,1,0,1,grams (g),375,375,mL,log10 median,"liquor (e.g, whisky, coconut wine)",lipid/lapad,ANTIQUE,PATNONGON,Patnungon Public Market,EVE & JEN'Z Store,D2EQ7L7O,,,,,,,,,,,,,,,,,,,label_closeup,,,,,not_visible,,,,,375 mL,,,medium_size
2707,1779271240076,1779271240076.jpg,375,mL,package label (mL),0,1,1,1,375 mL,375,mL,1,0,1,grams (g),375,375,mL,log10 median,"liquor (e.g, whisky, coconut wine)",lipid/lapad,ANTIQUE,PATNONGON,Poblacion Patnongon Roadside,Daisy Store,DK37QRNV,,,,,,,,,,,,,,,,,,,label_closeup,,,,,not_visible,,,,,375 mL,,,medium_size
2708,1776223403869,1776223403869.jpg,375,mL,package label (mL),0,1,1,1,375 mL,375,mL,1,0,1,grams (g),375,375,mL,log10 median,"liquor (e.g, whisky, coconut wine)",lipid/lapad,ANTIQUE,PATNONGON,Patnungon Public Market,Fador Store,N6C9JF8N,,,,,,,,,,,,,,,,,,,item_no_scale,,,,,not_visible,,,,,375 mL,,,medium_size
2709,1776222301469,1776222301469.jpg,375,mL,package label (mL),0,1,1,1,375 mL,375,mL,1,0,1,grams (g),375,375,mL,log10 median,"liquor (e.g, whisky, coconut wine)",lipid/lapad,ANTIQUE,PATNONGON,Patnungon Public Market,Talidong Groceries Sari Sari Store,O8UCQK0P,,,,,,,,,,,,,,,,,item_no_scale,,,,item_no_scale,not_visible,,,,not_visible,375 mL,,,,,medium_size
2710,1776308480565,1776308480565.jpg,375,mL,package label (mL),0,1,1,1,375 mL,375,mL,1,0,1,grams (g),375,375,mL,log10 median,"liquor (e.g, whisky, coconut wine)",lipid/lapad,ANTIQUE,PATNONGON,Poblacion Patnongon Roadside,RRC Consumers Goods Trading,X6H00LR4,,,,,,,,,,,,,,,,,,,item_no_scale,,,,,not_visible,,,,,375 mL,,,medium_size
2711,1776307303241,1776307303241.jpg,375,mL,package label (mL),0,1,1,1,375 mL,375,mL,1,0,1,grams (g),375,375,mL,log10 median,"liquor (e.g, whisky, coconut wine)",lipid/lapad,ANTIQUE,PATNONGON,Carit-an Public Market,Carit-an Multi Purpose Cooperative,XR25TADN,,,,,,,,,,,,,,,,,,,item_no_scale,,,,,not_visible,,,,,375 mL,,,medium_size
2712,1776310607687,1776310607687.jpg,375,mL,package label (mL),0,1,1,1,375 mL,375,mL,1,0,1,grams (g),375,375,mL,log10 median,"liquor (e.g, whisky, coconut wine)",lipid/lapad,ANTIQUE,PATNONGON,Poblacion Patnongon Roadside,DenterCel Store,XXBJ7WF0,,,,,,,,,,,,,,,,,item_no_scale,,,,item_no_scale,not_visible,,,,not_visible,375 mL,,,,375 mL,medium_size
2713,1776222347007,1776222347007.jpg,750,mL,package label (mL),0,1,1,1,750 mL,750,mL,1,0,1,grams (g),750,750,mL,log10 median,"liquor (e.g, whisky, coconut wine)",long-neck,ANTIQUE,PATNONGON,Patnungon Public Market,Talidong Groceries Sari Sari Store,67MWS12Q,,,,,,,,,,,,,,,,,,,item_no_scale,,,,,not_visible,,,,,750 mL,,,large_size
2714,1776223458772,1776223458772.jpg,750,mL,package label (mL),0,1,1,1,750 mL,750,mL,1,0,1,grams (g),750,750,mL,log10 median,"liquor (e.g, whisky, coconut wine)",long-neck,ANTIQUE,PATNONGON,Patnungon Public Market,Fador Store,7CCIIRI0,,,,,,,,,,,,,,,,,,,item_no_scale,,,,,not_visible,,,,,750 mL,,,large_size
2715,1776221310281,1776221310281.jpg,750,mL,package label (mL),0,1,1,1,750 mL,750,mL,1,0,1,grams (g),750,750,mL,log10 median,"liquor (e.g, whisky, coconut wine)",long-neck,ANTIQUE,PATNONGON,Patnungon Public Market,EVE & JEN'Z Store,F4GCDJBG,,,,,,,,,,,,,,,,,item_no_scale,,,,item_no_scale,not_visible,,,,not_visible,750 mL,,,,375 mL,large_size
2716,1776308432112,1776308432112.jpg,,,,0,0,0,0,,,,0,0,0,grams (g),750,750,mL,log10 median,"liquor (e.g, whisky, coconut wine)",long-neck,ANTIQUE,PATNONGON,Carit-an Patnungon Roadside,RRC Consumers Goods Trading,J106HT3P,,,,,,,,,,,,,,,,,,,item_no_scale,,,,,not_visible,,,,,,,,large_size
2717,1776310505870,1776310505870.jpg,1000,mL,package label (mL),0,1,1,1,1 Liter,1000,mL,1,0,1,Kilograms (Kgs),1,1000,mL,log10 median,"liquor (e.g, whisky, coconut wine)",long-neck,ANTIQUE,PATNONGON,Carit-an Patnungon Talipapa,DenterCel Store,OHP2Z654,,,,,,,,,,,,,,,,,,,item_no_scale,,,,,not_visible,,,,,1 Liter,,,large_size
2718,1776307247220,1776307247220.jpg,750,mL,package label (mL),0,1,1,1,750 mL,750,mL,1,0,1,grams (g),750,750,mL,log10 median,"liquor (e.g, whisky, coconut wine)",long-neck,ANTIQUE,PATNONGON,Carit-an Patnungon Talipapa,Carit-an Multi Purpose Cooperative,SDHQADV1,,,,,,,,,,,,,,,,,,,item_no_scale,,,,,not_visible,,,,,750 mL,,,large_size
2719,1779271337095,1779271337095.jpg,750,mL,package label (mL),0,1,1,1,750 mL,750,mL,1,0,1,grams (g),750,750,mL,log10 median,"liquor (e.g, whisky, coconut wine)",long-neck,ANTIQUE,PATNONGON,Poblacion Patnongon Roadside,Daisy Store,WKSI3M2J,,,,,,,,,,,,,,,,,,,item_no_scale,,,,,not_visible,,,,,750 mL,,,large_size
2739,1776387107488,1776387107488.jpg,1080,g,sonnet sweep,0,1,0,0,,,,0,0,0,Kilograms (Kgs),1080,1080,g,log10 median,cabbage,pieces or units,ANTIQUE,SAN REMIGIO,San remegio public market,Junila stall,OJ5F35K0,,,,,,,,1.08,,,,,,1080,,,,,scale_with_item,,,,,clear,,,,,,,,large_size
2742,1776386555126,1776386555126.jpg,1085,g,sonnet sweep,0,1,0,0,,,,0,0,0,Kilograms (Kgs),1085,1085,g,log10 median,cabbage,pieces or units,ANTIQUE,SAN REMIGIO,San remegio public market,Mariano stall,T245TBTL,,,,,,,,1.085,,,,,,1085,,,,,scale_with_item,,,,,clear,,,,,,,,large_size
2762,1776472475505,1776472475505.jpg,1035,g,sonnet sweep,0,1,0,0,,,,0,0,0,Kilograms (Kgs),1035,1035,g,log10 median,camote,tumpok,ANTIQUE,SAN REMIGIO,San remegio brgy.barangbang,Tabaque store,6LJVV9EY,,,,,,,,1.035,,,,,,1035,,,,,scale_with_item,,,,,clear,,,,,,,,conventional_nsu
2764,1776388316020,1776388316020.jpg,1030,g,sonnet sweep,0,1,0,0,,,,0,0,0,Kilograms (Kgs),1030,1030,g,log10 median,camote,tumpok,ANTIQUE,SAN REMIGIO,San remeio public market,Junila stall,KYLDTFPV,,,,,,,,1.03,,,,,,1030,,,,,scale_with_item,,,,,clear,,,,,,,,conventional_nsu
2765,1776388248307,1776388248307.jpg,1070,g,sonnet sweep,0,1,0,0,,,,0,0,0,Kilograms (Kgs),1070,1070,g,log10 median,camote,tumpok,ANTIQUE,SAN REMIGIO,San remeio public market,Rafols stall,WD4T9W02,,,,,,,,1.07,,,,,,1070,,,,,scale_with_item,,,,,clear,,,,,,,,conventional_nsu
2778,1776385925454,1776385925454.jpg,1285,g,sonnet sweep,0,1,0,0,,,,0,0,0,Kilograms (Kgs),1285,1285,g,log10 median,chicken,bilog,ANTIQUE,SAN REMIGIO,San remeio public market,Neneng fish stall,VAPM37VS,,,,,,,,1.285,,,,,,1285,,,,,scale_with_item,,,,,clear,,,,,,,,large_size
2806,1776385528002,1776385528002.jpg,3670,g,sonnet sweep,0,1,0,0,,,,0,0,0,Kilograms (Kgs),3670,3670,g,block governs,fresh fish,pieces or units,ANTIQUE,SAN REMIGIO,San remegio public market,Benjie fish stall,PSVZRL1I,,,,,,,,3.67,,,,,,3670,,,,,scale_with_item,,,,,clear,,,,,,,,large_size
2809,1776385169633,1776385169633.jpg,1265,g,sonnet sweep,0,1,0,0,,,,0,0,0,Kilograms (Kgs),1265,1265,g,log10 median,fresh fish,pieces or units,ANTIQUE,SAN REMIGIO,San remegio public market,Bob fish stall,WXWRDD2X,,,,,,,,1.265,,,,,,1265,,,,,scale_with_item,,,,,clear,,,,,,,,large_size
2813,1776393667792,1776393667792.jpg,100,mL,package label (mL),0,1,1,1,100ML,100,mL,1,0,1,Litres (L),100,100,g,log10 median,"ice cream, sorbet, edible ice (eg., ice-lolli, halo-halo)",pieces or units,ANTIQUE,SAN REMIGIO,San remegio roadside,Trie variety store,LDTIF8QR,,,,,,,,,,,,,,,,,,,item_no_scale,,,,,not_visible,,,,,100ML,,,municipality_median
2814,1776393709699,1776393709699.jpg,60,mL,package label (mL),0,1,1,1,60mL,60,mL,1,0,1,Litres (L),60,60,mL,log10 median,"ice cream, sorbet, edible ice (eg., ice-lolli, halo-halo)",putos,ANTIQUE,SAN REMIGIO,San remegio roadside,Trie variety store,P8RDZZLU,,,,,,,,,,,,,,,,,,,label_closeup,,,,,not_visible,,,,,60mL,,,conventional_nsu
2860,1776653163110,1776653163110.jpg,1050,g,sonnet sweep,0,1,0,0,,,,0,0,0,Kilograms (Kgs),1050,1050,g,log10 median,cabbage,pieces or units,ANTIQUE,SEBASTE,Sebaste roadside,Glavior store,D5ZZCJRE,,,,,,,,1.05,,,,,,1050,,,,,scale_with_item,,,,,clear,,,,,,,,large_size
2866,1776649472419,1776649472419.jpg,1180,g,sonnet sweep,0,1,0,0,,,,0,0,0,Kilograms (Kgs),1180,1180,g,log10 median,cabbage,pieces or units,ANTIQUE,SEBASTE,Sebaste Public market,Two brother and three sister stall,M4FIM8KI,,,,,,,,1.18,,,,,,1180,,,,,scale_with_item,,,,,clear,,,,,,,,large_size
2870,1776649814052,1776649814052.jpg,1415,g,sonnet sweep,0,1,0,0,,,,0,0,0,Kilograms (Kgs),1415,1415,g,log10 median,cabbage,pieces or units,ANTIQUE,SEBASTE,Sebaste Public market,Nenita vegetable stall,PHDBMIRJ,,,,,,,,1.415,,,,,,1415,,,,,scale_with_item,,,,,clear,,,,,,,,large_size
2914,1776650589641,1776650589641.jpg,250,g,sonnet sweep,0,1,0,0,,,,0,0,0,grams (g),250,250,mL,log10 median,"drinks at restaurant, hotel, cafe, or kiosk",pieces or units,ANTIQUE,SEBASTE,Sebaste Public market,Elegant frozen foods,HCKX8OGE,,,,,,,,.25,,,,,,250,,,,,scale_with_item,,,,,clear,,,,,,,,small_size
2917,1776735813044,1776735813044.jpg,1500,mL,package label (mL),0,1,1,1,1.5 L,1500,mL,1,0,1,Litres (L),.0015,1500,mL,log10 median,"drinks at restaurant, hotel, cafe, or kiosk",pieces or units,ANTIQUE,SEBASTE,"Brgy Idio, Sebaste",Tisoy Store,MXMROWBL,,,,,,,,,,,,,,,,,,,item_no_scale,,,,,not_visible,,,,,1.5 L,,,large_size
2921,1776737593157,1776737593157.jpg,1750,mL,package label (mL),0,1,1,1,1.75 L,1750,mL,1,0,1,Litres (L),.0017500001,1750,mL,log10 median,"drinks at restaurant, hotel, cafe, or kiosk",pieces or units,ANTIQUE,SEBASTE,"Brgy Idio, Sebaste",Perucho Store,SMW9UFZO,,,,,,,,,,,,,,,,,item_no_scale,,,,item_no_scale,not_visible,,,,not_visible,1.75 L,,,,,large_size
2922,1776651901494,1776651901494.jpg,250,mL,package label (mL),0,1,1,1,250mL,250,mL,1,0,1,Litres (L),.25,250,mL,log10 median,"drinks at restaurant, hotel, cafe, or kiosk",pieces or units,ANTIQUE,SEBASTE,Sebaste roadside,Triple h,VWJNLCEO,,,,,,,,,,,,,,,,,item_no_scale,,,,item_no_scale,not_visible,,,,not_visible,250mL,,,,250mL,small_size
2926,1776652417185,1776652417185.jpg,100,mL,package label (mL),0,1,1,1,100ML ICE CREAM,100,mL,1,0,1,Litres (L),100,100,mL,log10 median,"ice cream, sorbet, edible ice (eg., ice-lolli, halo-halo)",pieces or units,ANTIQUE,SEBASTE,Sebaste roadside,Herman consumer goods trading,9MLPI7O7,,,,,,,,,,,,,,,,,,,label_closeup,,,,,not_visible,,,,,100ML ICE CREAM,,,municipality_median
2928,1776654206585,1776654206585.jpg,100,mL,package label (mL),0,1,1,1,100ML ICE CREAM,100,mL,1,0,1,Litres (L),100,100,mL,log10 median,"ice cream, sorbet, edible ice (eg., ice-lolli, halo-halo)",pieces or units,ANTIQUE,SEBASTE,Sebaste roadside,7eleven,QY1X7YR2,,,,,,,,,,,,,,,,,,,label_closeup,,,,,not_visible,,,,,100ML ICE CREAM,,,municipality_median
2929,1776653752200,1776653752200.jpg,110,mL,package label (mL),0,1,1,1,Net Content: 110mL,110,mL,1,0,1,Litres (L),110,110,mL,log10 median,"ice cream, sorbet, edible ice (eg., ice-lolli, halo-halo)",pieces or units,ANTIQUE,SEBASTE,Sebaste roadside,Glavior store,UNULDEH9,,,,,,,,,,,,,,,,,,,item_no_scale,,,,,not_visible,,,,,Net Content: 110mL,,,municipality_median
2930,1776653860483,1776653860483.jpg,60,mL,package label (mL),0,1,1,1,60mL,60,mL,1,0,1,Litres (L),60,60,mL,log10 median,"ice cream, sorbet, edible ice (eg., ice-lolli, halo-halo)",putos,ANTIQUE,SEBASTE,Sebaste roadside,Glavior store,5U9ZVOZO,,,,,,,,,,,,,,,,,,,label_closeup,,,,,not_visible,,,,,60mL,,,conventional_nsu
2931,1776654288235,1776654288235.jpg,,,,0,0,0,0,,,,0,0,0,Litres (L),60,60,mL,log10 median,"ice cream, sorbet, edible ice (eg., ice-lolli, halo-halo)",putos,ANTIQUE,SEBASTE,Sebaste roadside,7eleven,OJAGXL0F,,,,,,,,,,,,,,,,,,,label_closeup,,,,,not_visible,,,,,,,,conventional_nsu
2932,1776652488011,1776652488011.jpg,45,mL,package label (mL),0,1,1,1,45mL,45,mL,1,0,1,Litres (L),45,45,mL,log10 median,"ice cream, sorbet, edible ice (eg., ice-lolli, halo-halo)",putos,ANTIQUE,SEBASTE,Sebaste roadside,Herman consumer goods trading,TBJ49E7B,,,,,,,,,,,,,,,,,item_no_scale,,,,item_no_scale,not_visible,,,,not_visible,45mL,,,,,conventional_nsu
2944,1776651860825,1776651860825.jpg,750,mL,package label (mL),0,1,1,1,750 mL,750,mL,1,0,1,Litres (L),750,750,mL,log10 median,"liquor (e.g, whisky, coconut wine)",long-neck,ANTIQUE,SEBASTE,Sebaste roadside,Triple h,S67G3BBV,,,,,,,,,,,,,,,,,,,item_no_scale,,,,,not_visible,,,,,750 mL,,,municipality_median
2945,1776652900773,1776652900773.jpg,,,,0,0,0,0,,,,0,0,0,Litres (L),750,750,mL,log10 median,"liquor (e.g, whisky, coconut wine)",long-neck,ANTIQUE,SEBASTE,Sebaste roadside,Herman consumer goods trading,TFGVU9YN,,,,,,,,,,,,,,,,,,,item_no_scale,,,,,not_visible,,,,,,,,municipality_median
2946,1776653581193,1776653581193.jpg,750,mL,package label (mL),0,1,1,1,750 mL,750,mL,1,0,1,Litres (L),750,750,mL,log10 median,"liquor (e.g, whisky, coconut wine)",long-neck,ANTIQUE,SEBASTE,Sebaste roadside,Glavior store,W47BN3WH,,,,,,,,,,,,,,,,,,,label_closeup,,,,,not_visible,,,,,750 mL,,,municipality_median
2989,1776215310510,1776215310510.jpg,1095,g,sonnet sweep,0,1,0,0,,,,0,0,0,Kilograms (Kgs),1095,1095,g,log10 median,camote,tumpok,ANTIQUE,SIBALOM,Sibalom public market,Alira vegetables stall,CN4Y79CW,,,,,,,,1.095,,,,,,1095,,,,,scale_with_item,,,,,clear,,,,,,,,conventional_nsu
2990,1776300455732,1776300455732.jpg,1820,g,sonnet sweep,0,1,0,0,,,,0,0,0,Kilograms (Kgs),1020,1020,g,log10 median,camote,tumpok,ANTIQUE,SIBALOM,Sibalom talipapa,Kyle convenients store,ESRDNO72,,,,,,,,1.82,,,,,,1820,,,,,scale_with_item,,,,,probable,,,,,,,,conventional_nsu
2991,1776214632608,1776214632608.jpg,1050,g,sonnet sweep,0,1,0,0,,,,0,0,0,Kilograms (Kgs),1050,1050,g,log10 median,camote,tumpok,ANTIQUE,SIBALOM,Sibalom public market,Amirila vegetables stall,V9282TQY,,,,,,,,1.05,,,,,,1050,,,,,scale_with_item,,,,,clear,,,,,,,,conventional_nsu
3002,1779170377417,1779170377417.jpg,1280,g,sonnet sweep,0,1,0,0,,,,0,0,0,Kilograms (Kgs),1280,1280,g,log10 median,chicken,bilog,ANTIQUE,SIBALOM,Sibalom roadside,Keith agri trading,4684ZH8W,,,,,,,,1.28,,,,,,1280,,,,,scale_with_item,,,,,clear,,,,,,,,medium_size
3003,1779169900568,1779169900568.jpg,1240,g,sonnet sweep,0,1,0,0,,,,0,0,0,Kilograms (Kgs),1240,1240,g,log10 median,chicken,bilog,ANTIQUE,SIBALOM,Sibalom roadside,Winnie variety store,5FRNOTGQ,,,,,,,,1.24,,,,,,1240,,,,,scale_with_item,,,,,clear,,,,,,,,medium_size
3004,1779169921480,1779169921480.jpg,1425,g,sonnet sweep,0,1,0,0,,,,0,0,0,Kilograms (Kgs),1425,1425,g,log10 median,chicken,bilog,ANTIQUE,SIBALOM,Sibalom roadside,Winnie variety store,5FRNOTGQ,,,,,,,,1.425,,,,,,1425,,,,,scale_with_item,,,,,clear,,,,,,,,large_size
3007,1776215520716,1776215520716.jpg,1575,g,sonnet sweep,0,1,0,0,,,,0,0,0,Kilograms (Kgs),1575,1575,g,log10 median,chicken,bilog,ANTIQUE,SIBALOM,Sibalom public market,Renz frozen foods,A48EA0VX,,,,,,,,1.575,,,,,,1575,,,,,scale_with_item,,,,,clear,,,,,,,,large_size
3008,1776300544641,1776300544641.jpg,1265,g,sonnet sweep,0,1,0,0,,,,0,0,0,Kilograms (Kgs),1265,1265,g,log10 median,chicken,bilog,ANTIQUE,SIBALOM,Sibalom talipapa,Kyle convenients store,CR5BBZIH,,,,,,,,1.265,,,,,,1265,,,,,scale_with_item,,,,,clear,,,,,,,,large_size
3071,1779168892992,1779168892992.jpg,,,,0,0,0,0,,,,0,0,0,Litres (L),65,65,mL,log10 median,"ice cream, sorbet, edible ice (eg., ice-lolli, halo-halo)",putos,ANTIQUE,SIBALOM,Sibalom roadside,SJLE store,91OZNH3C,,,,,,,,,,,,,,,,,,,item_no_scale,,,,,not_visible,,,,,,,,conventional_nsu
3072,1776301050273,1776301050273.jpg,,,,0,0,0,0,,,,0,0,0,Litres (L),65,65,mL,log10 median,"ice cream, sorbet, edible ice (eg., ice-lolli, halo-halo)",putos,ANTIQUE,SIBALOM,Sibalom talipapa,Kyle convenients store,9U7MU7SY,,,,,,,,,,,,,,,,,,,label_closeup,,,,,not_visible,,,,,,,,conventional_nsu
3073,1776302577882,1776302577882.jpg,,,,0,0,0,0,,,,0,0,0,Litres (L),80,80,mL,log10 median,"ice cream, sorbet, edible ice (eg., ice-lolli, halo-halo)",putos,ANTIQUE,SIBALOM,Sibalom roadside,7eleven,IU9GXL6C,,,,,,,,,,,,,,,,,,,item_no_scale,,,,,not_visible,,,,,,,,conventional_nsu
3146,1776824863348,1776824863348.jpg,510,g,sonnet sweep,0,1,0,0,,,,0,0,0,grams (g),.50999999,510,g,log10 median,cabbage,pieces or units,ANTIQUE,TIBIAO,San Francisco Sur Tibiao Talipapa,Salvation Vegetable Stall,E9I8XT8O,,,,,,,,.51,,,,,,510,,,,,scale_with_item,,,,,clear,,,,,,,,small_size
3147,1776824898275,1776824898275.jpg,380,g,sonnet sweep,0,1,0,0,,,,0,0,0,grams (g),.72000003,720,g,log10 median,cabbage,pieces or units,ANTIQUE,TIBIAO,San Francisco Sur Tibiao Talipapa,Salvation Vegetable Stall,E9I8XT8O,,,,,,,,.38,,,,,,380,,,,,scale_with_item,,,,,probable,,,,,,,,medium_size
3148,1776825829644,1776825829644.jpg,,,,0,0,0,0,,,,0,0,0,grams (g),.60000002,600,g,log10 median,cabbage,pieces or units,ANTIQUE,TIBIAO,San Francisco Sur Tibiao Talipapa,Cristina Vegetable Stall,I6XMH16L,,,,,,,,,,,,,,,,,,,scale_with_item,,,,,not_visible,,,,,,,,medium_size
3149,1776825506889,1776825506889.jpg,500,g,sonnet sweep,0,1,0,0,,,,0,0,0,grams (g),.5,500,g,log10 median,cabbage,pieces or units,ANTIQUE,TIBIAO,San Francisco Sur Tibiao Talipapa,Ranz Vegetable Stall,NT34BIKQ,,,,,,,,.5,,,,,,500,,,,,scale_with_item,,,,,clear,,,,,,,,small_size
3150,1776825532809,1776825532809.jpg,1670,g,sonnet sweep,0,1,0,0,,,,0,0,0,grams (g),.67000002,670,g,log10 median,cabbage,pieces or units,ANTIQUE,TIBIAO,San Francisco Sur Tibiao Talipapa,Ranz Vegetable Stall,NT34BIKQ,,,,,,,,1.67,,,,,,1670,,,,,scale_with_item,,,,,clear,,,,,,,,medium_size
3154,1776819973041,1776819973041.jpg,855,g,sonnet sweep,0,1,0,0,,,,0,0,0,grams (g),.85500002,855,g,log10 median,cabbage,pieces or units,ANTIQUE,TIBIAO,Tibiao Public Market,Renz & Maise Vegetable Stall,U9WL1HSF,,,,,,,,.855,,,,,,855,,,,,scale_with_item,,,,,clear,,,,,,,,medium_size
3156,1776910295316,1776910295316.jpg,115,g,sonnet sweep,0,1,0,0,,,,0,0,0,grams (g),.115,115,g,log10 median,camote tops,bugkos,ANTIQUE,TIBIAO,Tibiao Public Market,Arlene Fruit and Vegetable Stall,02UYU1XM,,,,,,,,.115,,,,,,115,,,,,scale_with_item,,,,,clear,,,,,,,,conventional_nsu
3157,1776825052293,1776825052293.jpg,285,g,sonnet sweep,0,1,0,0,,,,0,0,0,grams (g),.22499999,225,g,log10 median,camote tops,bugkos,ANTIQUE,TIBIAO,San Francisco Sur Tibiao Talipapa,Salvation Vegetable Stall,EZ8RRG7Y,,,,,,,,.285,,,,,,285,,,,,scale_with_item,,,,,clear,,,,,,,,conventional_nsu
3158,1776825933886,1776825933886.jpg,140,g,sonnet sweep,0,1,0,0,,,,0,0,0,grams (g),.14,140,g,log10 median,camote tops,bugkos,ANTIQUE,TIBIAO,San Francisco Sur Tibiao Talipapa,Cristina Vegetable Stall,LT4IXPYW,,,,,,,,.14,,,,,,140,,,,,scale_with_item,,,,,clear,,,,,,,,conventional_nsu
3159,1776910649737,1776910649737.jpg,145,g,sonnet sweep,0,1,0,0,,,,0,0,0,grams (g),.145,145,g,log10 median,camote tops,bugkos,ANTIQUE,TIBIAO,Tibiao Public Market,Elisa Vegetable Stall,WGGD6TMN,,,,,,,,.145,,,,,,145,,,,,scale_with_item,,,,,clear,,,,,,,,conventional_nsu
3160,1776825440952,1776825440952.jpg,270,g,sonnet sweep,0,1,0,0,,,,0,0,0,grams (g),.27000001,270,g,log10 median,camote tops,bugkos,ANTIQUE,TIBIAO,San Francisco Sur Tibiao Talipapa,Ranz Vegetable Stall,YB0Z3YP8,,,,,,,,.27,,,,,,270,,,,,scale_with_item,,,,,clear,,,,,,,,conventional_nsu
3161,1776909770980,1776909770980.jpg,180,g,sonnet sweep,0,1,0,0,,,,0,0,0,grams (g),.14,140,g,log10 median,camote tops,bugkos,ANTIQUE,TIBIAO,Tibiao Public Market,Febie Vegetable Stand,Z4FL9OCK,,,,,,,,.18,,,,,,180,,,,,scale_with_item,,,,,probable,,,,,,,,conventional_nsu
3162,1776825980880,1776825980880.jpg,,,,0,0,0,0,,,,0,0,0,grams (g),.185,185,g,log10 median,camote,bilog,ANTIQUE,TIBIAO,San Francisco Sur Tibiao Talipapa,Cristina Vegetable Stall,0XMLZUNS,,,,,,,,,,,,,,,,,,,scale_with_item,,,,,not_visible,,,,,,,,medium_size
3163,1776827067355,1776827067355.jpg,65,g,sonnet sweep,0,1,0,0,,,,0,0,0,grams (g),.064999998,65,g,log10 median,camote,bilog,ANTIQUE,TIBIAO,San Francisco Sur Tibiao Roadside,Rheli Vegetable Stand,9HQBIEBR,,,,,,,,.065,,,,,,65,,,,,scale_with_item,,,,,clear,,,,,,,,small_size
3164,1776827091594,1776827091594.jpg,280,g,sonnet sweep,0,1,0,0,,,,0,0,0,grams (g),.22,220,g,log10 median,camote,bilog,ANTIQUE,TIBIAO,San Francisco Sur Tibiao Roadside,Rheli Vegetable Stand,9HQBIEBR,,,,,,,,.28,,,,,,280,,,,,scale_with_item,,,,,clear,,,,,,,,medium_size
3165,1776825104032,1776825104032.jpg,,,,0,0,0,0,,,,0,0,0,grams (g),.085000001,85,g,log10 median,camote,bilog,ANTIQUE,TIBIAO,San Francisco Sur Tibiao Talipapa,Salvation Vegetable Stall,AWLT5T0D,,,,,,,,,,,,,,,,,,,scale_with_item,,,,,ambiguous,,,,,,,,small_size
3166,1776825123299,1776825123299.jpg,186,g,sonnet sweep,0,1,0,0,,,,0,0,0,grams (g),.185,185,g,log10 median,camote,bilog,ANTIQUE,TIBIAO,San Francisco Sur Tibiao Talipapa,Salvation Vegetable Stall,AWLT5T0D,,,,,,,,.186,,,,,,186,,,,,scale_with_item,,,,,clear,,,,,,,,medium_size
3167,1776910350679,1776910350679.jpg,60,g,sonnet sweep,0,1,0,0,,,,0,0,0,grams (g),.059999999,60,g,log10 median,camote,bilog,ANTIQUE,TIBIAO,Tibiao Public Market,Arlene Fruit and Vegetable Stall,BWS50SY1,,,,,,,,.06,,,,,,60,,,,,scale_with_item,,,,,clear,,,,,,,,small_size
3168,1776820096158,1776820096158.jpg,85,g,sonnet sweep,0,1,0,0,,,,0,0,0,grams (g),.085000001,85,g,log10 median,camote,bilog,ANTIQUE,TIBIAO,Tibiao Public Market,Renz & Maise Vegetable Stall,GB8B0SS6,,,,,,,,.085,,,,,,85,,,,,scale_with_item,,,,,clear,,,,,,,,small_size
3169,1776825373179,1776825373179.jpg,85,g,sonnet sweep,0,1,0,0,,,,0,0,0,grams (g),.085000001,85,g,log10 median,camote,bilog,ANTIQUE,TIBIAO,San Francisco Sur Tibiao Talipapa,Ranz Vegetable Stall,R6AAK47G,,,,,,,,.085,,,,,,85,,,,,scale_with_item,,,,,clear,,,,,,,,small_size
3170,1776910077950,1776910077950.jpg,80,g,sonnet sweep,0,1,0,0,,,,0,0,0,grams (g),.079999998,80,g,log10 median,camote,bilog,ANTIQUE,TIBIAO,Tibiao Public Market,Febie Vegetable Stand,X9LPOKHU,,,,,,,,.08,,,,,,80,,,,,scale_with_item,,,,,clear,,,,,,,,small_size
3171,1776820034653,1776820034653.jpg,310,g,sonnet sweep,0,1,0,0,,,,0,0,0,grams (g),.31,310,g,log10 median,carrot,pieces or units,ANTIQUE,TIBIAO,Tibiao Public Market,Renz & Maise Vegetable Stall,143PHA33,,,,,,,,.31,,,,,,310,,,,,scale_with_item,,,,,clear,,,,,,,,medium_size
3172,1776825890563,1776825890563.jpg,,,,0,0,0,0,,,,0,0,0,grams (g),.19,190,g,log10 median,carrot,pieces or units,ANTIQUE,TIBIAO,San Francisco Sur Tibiao Talipapa,Cristina Vegetable Stall,2II2GRB1,,,,,,,,,,,,,,,,,,,scale_with_item,,,,,not_visible,,,,,,,,medium_size
3173,1776819652322,1776819652322.jpg,235,g,sonnet sweep,0,1,0,0,,,,0,0,0,grams (g),.235,235,g,log10 median,carrot,pieces or units,ANTIQUE,TIBIAO,Tibiao Public Market,Jovita Vegetable Stall,7JIXSXGE,,,,,,,,.235,,,,,,235,,,,,scale_with_item,,,,,clear,,,,,,,,medium_size
3174,1776821582466,1776821582466.jpg,140,g,sonnet sweep,0,1,0,0,,,,0,0,0,grams (g),.14,140,g,log10 median,carrot,pieces or units,ANTIQUE,TIBIAO,Tibiao Public Market,Vic Vic Variety Store,8DKZM7PS,,,,,,,,.14,,,,,,140,,,,,scale_with_item,,,,,clear,,,,,,,,small_size
3175,1776821596287,1776821596287.jpg,315,g,sonnet sweep,0,1,0,0,,,,0,0,0,grams (g),.315,315,g,log10 median,carrot,pieces or units,ANTIQUE,TIBIAO,Tibiao Public Market,Vic Vic Variety Store,8DKZM7PS,,,,,,,,.315,,,,,,315,,,,,scale_with_item,,,,,clear,,,,,,,,medium_size
3176,1776821613484,1776821613484.jpg,405,g,sonnet sweep,0,1,0,0,,,,0,0,0,grams (g),.405,405,g,log10 median,carrot,pieces or units,ANTIQUE,TIBIAO,Tibiao Public Market,Vic Vic Variety Store,8DKZM7PS,,,,,,,,.405,,,,,,405,,,,,scale_with_item,,,,,clear,,,,,,,,large_size
3177,1776827254483,1776827254483.jpg,180,g,sonnet sweep,0,1,0,0,,,,0,0,0,grams (g),.13,130,g,log10 median,carrot,pieces or units,ANTIQUE,TIBIAO,San Francisco Sur Tibiao Roadside,Rheli Vegetable Stand,ACKPFLW6,,,,,,,,.18,,,,,,180,,,,,scale_with_item,,,,,probable,,,,,,,,small_size
3178,1776827298452,1776827298452.jpg,,,,0,0,0,0,,,,0,0,0,grams (g),.19,190,g,log10 median,carrot,pieces or units,ANTIQUE,TIBIAO,San Francisco Sur Tibiao Roadside,Rheli Vegetable Stand,ACKPFLW6,,,,,,,,,,,,,,,,,,,scale_with_item,,,,,not_visible,,,,,,,,medium_size
3179,1776824958906,1776824958906.jpg,,,,0,0,0,0,,,,0,0,0,grams (g),.14,140,g,log10 median,carrot,pieces or units,ANTIQUE,TIBIAO,San Francisco Sur Tibiao Talipapa,Salvation Vegetable Stall,B4LDQB67,,,,,,,,,,,,,,,,,,,scale_with_item,,,,,not_visible,,,,,,,,medium_size
3180,1776825605267,1776825605267.jpg,105,g,sonnet sweep,0,1,0,0,,,,0,0,0,grams (g),.105,105,g,log10 median,carrot,pieces or units,ANTIQUE,TIBIAO,San Francisco Sur Tibiao Talipapa,Ranz Vegetable Stall,K4YBJZAP,,,,,,,,.105,,,,,,105,,,,,scale_with_item,,,,,probable,,,,,,,,small_size
3181,1776829224723,1776829224723.jpg,,,,0,0,0,0,,,,0,0,0,grams (g),.23,230,g,log10 median,carrot,pieces or units,ANTIQUE,TIBIAO,San Francisco Sur Tibiao Roadside,Lim Lab Store,P05S1RQN,,,,,,,,,,,,,,,,,,,scale_with_item,,,,,not_visible,,,,,,,,medium_size
3182,1776911604639,1776911604639.jpg,510,g,sonnet sweep,0,1,0,0,,,,0,0,0,grams (g),.50999999,510,g,log10 median,chicken,pieces or units,ANTIQUE,TIBIAO,Tibiao Public Market,Jaype Frozen Products,DACH22L4,,,,,,,,.51,,,,,,510,,,,,scale_with_item,,,,,clear,,,,,,,,medium_size
3183,1776911326061,1776911326061.jpg,585,g,sonnet sweep,0,1,0,0,,,,0,0,0,grams (g),.58499998,585,g,log10 median,chicken,pieces or units,ANTIQUE,TIBIAO,Tibiao Public Market,MJD Frozen Food,IM26XXJK,,,,,,,,.585,,,,,,585,,,,,scale_with_item,,,,,clear,,,,,,,,medium_size
3184,1776910979078,1776910979078.jpg,910,g,sonnet sweep,0,1,0,0,,,,0,0,0,grams (g),.91000003,910,g,log10 median,chicken,whole (chicken),ANTIQUE,TIBIAO,Tibiao Public Market,MJD Frozen Food,VE1DK0WZ,,,,,,,,.91,,,,,,910,,,,,scale_with_item,,,,,clear,,,,,,,,medium_size
3185,1776911545636,1776911545636.jpg,845,g,sonnet sweep,0,1,0,0,,,,0,0,0,grams (g),.84500003,845,g,log10 median,chicken,whole (chicken),ANTIQUE,TIBIAO,Tibiao Public Market,Jaype Frozen Products,YQE2ANY3,,,,,,,,.845,,,,,,845,,,,,scale_with_item,,,,,clear,,,,,,,,medium_size
3198,1776823200987,1776823200987.jpg,95,g,sonnet sweep,0,1,0,0,,,,0,0,0,grams (g),.094999999,95,g,log10 median,"ice cream, sorbet, edible ice (eg., ice-lolli, halo-halo)",pieces or units,ANTIQUE,TIBIAO,Tibiao Public Market,MED VALUE PHARMACY,B1WDZ8CU,,,,,,,,.095,,,,,,95,,,,,scale_with_item,,,,,probable,,,,,,,,small_size
3202,1776828577001,1776828577001.jpg,375,mL,package label (mL),0,1,1,1,375 mL,375,mL,1,0,1,grams (g),375,375,mL,log10 median,"liquor (e.g, whisky, coconut wine)",lipid/lapad,ANTIQUE,TIBIAO,San Francisco Sur Tibiao Roadside,Lim Lab Store,4ZXSVA6C,,,,,,,,,,,,,,,,,,,item_no_scale,,,,,not_visible,,,,,375 mL,,,medium_size
3203,1776820508925,1776820508925.jpg,375,mL,package label (mL),0,1,1,1,375 mL,375,mL,1,0,1,grams (g),375,375,mL,log10 median,"liquor (e.g, whisky, coconut wine)",lipid/lapad,ANTIQUE,TIBIAO,Tibiao Public Market,CPD Variety Store,6DYMN1UU,,,,,,,,,,,,,,,,,,,item_no_scale,,,,,not_visible,,,,,375 mL,,,medium_size
3204,1776821270331,1776821270331.jpg,375,mL,package label (mL),0,1,1,1,375 mL,375,mL,1,0,1,grams (g),375,375,mL,log10 median,"liquor (e.g, whisky, coconut wine)",lipid/lapad,ANTIQUE,TIBIAO,Tibiao Public Market,Angela Dela Cruz Variety Store,D6S5HONG,,,,,,,,,,,,,,,,,,,item_no_scale,,,,,not_visible,,,,,375 mL,,,medium_size
3205,1776829961765,1776829961765.jpg,375,mL,package label (mL),0,1,1,1,375 mL,375,mL,1,0,1,grams (g),375,375,mL,log10 median,"liquor (e.g, whisky, coconut wine)",lipid/lapad,ANTIQUE,TIBIAO,San Francisco Sur Tibiao Roadside,Peng Dry Goods Store,EINOEYXE,,,,,,,,,,,,,,,,,,,item_no_scale,,,,,not_visible,,,,,375 mL,,,medium_size
3206,1776827802827,1776827802827.jpg,375,mL,package label (mL),0,1,1,1,375 mL,375,mL,1,0,1,grams (g),375,375,mL,log10 median,"liquor (e.g, whisky, coconut wine)",lipid/lapad,ANTIQUE,TIBIAO,San Francisco Sur Tibiao Roadside,SGC Drug Store,IRX33X81,,,,,,,,,,,,,,,,,,,item_no_scale,,,,,not_visible,,,,,375 mL,,,medium_size
3207,1776821966687,1776821966687.jpg,375,mL,package label (mL),0,1,1,1,375 mL,375,mL,1,0,1,grams (g),375,375,mL,log10 median,"liquor (e.g, whisky, coconut wine)",lipid/lapad,ANTIQUE,TIBIAO,Tibiao Public Market,SFN Store,W371RD2C,,,,,,,,,,,,,,,,,item_no_scale,,,,item_no_scale,not_visible,,,,not_visible,375 mL,,,,,medium_size
3208,1776830018487,1776830018487.jpg,750,mL,package label (mL),0,1,1,1,750 mL,750,mL,1,0,1,grams (g),750,750,mL,log10 median,"liquor (e.g, whisky, coconut wine)",long-neck,ANTIQUE,TIBIAO,San Francisco Sur Tibiao Roadside,Peng Dry Goods Store,3T7DZLHC,,,,,,,,,,,,,,,,,,,item_no_scale,,,,,not_visible,,,,,750 mL,,,large_size
3210,1776820555124,1776820555124.jpg,750,mL,package label (mL),0,1,1,1,750 mL,750,mL,1,0,1,grams (g),750,750,mL,log10 median,"liquor (e.g, whisky, coconut wine)",long-neck,ANTIQUE,TIBIAO,Tibiao Public Market,CPD Variety Store,AD1BMK58,,,,,,,,,,,,,,,,,,,item_no_scale,,,,,not_visible,,,,,750 mL,,,large_size
3211,1776822012336,1776822012336.jpg,750,mL,package label (mL),0,1,1,1,750 mL,750,mL,1,0,1,grams (g),750,750,mL,log10 median,"liquor (e.g, whisky, coconut wine)",long-neck,ANTIQUE,TIBIAO,Tibiao Public Market,SFN Store,EM8FUGLM,,,,,,,,,,,,,,,,,,,item_no_scale,,,,,not_visible,,,,,750 mL,,,large_size
3212,1776828628040,1776828628040.jpg,750,mL,package label (mL),0,1,1,1,750 mL,750,mL,1,0,1,grams (g),750,750,mL,log10 median,"liquor (e.g, whisky, coconut wine)",long-neck,ANTIQUE,TIBIAO,San Francisco Sur Tibiao Roadside,Lim Lab Store,JR8KZGW7,,,,,,,,,,,,,,,,,,,item_no_scale,,,,,not_visible,,,,,750 mL,,,large_size
3213,1776827753021,1776827753021.jpg,750,mL,package label (mL),0,1,1,1,750 mL,750,mL,1,0,1,grams (g),750,750,mL,log10 median,"liquor (e.g, whisky, coconut wine)",long-neck,ANTIQUE,TIBIAO,San Francisco Sur Tibiao Roadside,SGC Drug Store,MRKAT44U,,,,,,,,,,,,,,,,,,,label_closeup,,,,,not_visible,,,,,750 mL,,,large_size
3341,1776223852044,1776223852044.jpg,1000,mL,package label (mL),0,1,1,1,1 Liter,1000,mL,1,0,1,Kilograms (Kgs),1,1000,mL,log10 median,"liquor (e.g, whisky, coconut wine)",long-neck,ANTIQUE,TOBIAS FORNIER,Dao Public market,Tykhee Store,1EYURXOZ,,,,,,,,,,,,,,,,,,,item_no_scale,,,,,not_visible,,,,,1 Liter,,,large_size
3457,1776826302416,1776826302416.jpg,2000,mL,package label (mL),0,1,1,1,2000 mL,2000,mL,1,0,1,Litres (L),.0020000001,2000,mL,log10 median,"drinks at restaurant, hotel, cafe, or kiosk",pieces or units,ANTIQUE,VALDERRAMA,"Wayang, Valderrama",7/11,C8U1PNUD,,,,,,,,,,,,,,,,,,,item_no_scale,,,,,not_visible,,,,,2000 mL,,,large_size
3462,1776827416780,1776827416780.jpg,1500,mL,package label (mL),0,1,1,1,1.5L,1500,mL,1,0,1,Litres (L),.0015,1500,mL,log10 median,"drinks at restaurant, hotel, cafe, or kiosk",pieces or units,ANTIQUE,VALDERRAMA,"Wayang, Valderrama",Bread and butter,MY6ODTWI,,,,,,,,,,,,,,,,,,,item_no_scale,,,,,not_visible,,,,,1.5L,,,large_size
3465,1776829009556,1776829009556.jpg,1500,mL,package label (mL),0,1,1,1,1.5 Litres,1500,mL,1,0,1,Litres (L),.0015,1500,mL,log10 median,"drinks at restaurant, hotel, cafe, or kiosk",pieces or units,ANTIQUE,VALDERRAMA,Valderrama Public market,Beng-Beng Store,NH0ZKK10,,,,,,,,,,,,,,,,,,,item_no_scale,,,,,not_visible,,,,,1.5 Litres,,,large_size
3479,1776910783435,1776910783435.jpg,375,mL,package label (mL),0,1,1,1,375 mL,375,mL,1,0,1,Litres (L),.375,375,mL,log10 median,"liquor (e.g, whisky, coconut wine)",lipid/lapad,ANTIQUE,VALDERRAMA,"Wayang Ubos, Valderrama",Sweet Rose stall,0M9ITHNV,,,,,,,,,,,,,,,,,item_no_scale,,,,item_no_scale,not_visible,,,,not_visible,375 mL,,,,,medium_size
3546,1778895004740,1778895004740.jpg,1366,g,sonnet sweep,0,1,0,0,,,,0,0,0,Kilograms (Kgs),1365,1365,g,log10 median,chicken,bilog,CAPIZ,CUARTERO,Cuartero public market,Carmela sanchez store,TJA0OZ61,,,,,,,,1.366,,,,,,1366,,,,,scale_with_item,,,,,probable,,,,,,,,large_size
3582,1775614173417,1775614173417.jpg,,,,0,0,0,0,,,,0,0,0,Litres (L),.11,110,g,block governs,"ice cream, sorbet, edible ice (eg., ice-lolli, halo-halo)",cone,CAPIZ,CUARTERO,Quartero Public market,Clynic Store,C0QD40SI,,,,,,,,,,,,,,,,,,,label_closeup,,,,,not_visible,,,,,,,,province_median
3587,1775614062948,1775614062948.jpg,,,,0,0,0,0,,,,0,0,0,Litres (L),1.25,1250,g,block governs,"ice cream, sorbet, edible ice (eg., ice-lolli, halo-halo)",tupperware,CAPIZ,CUARTERO,Quartero Public market,Clynic Store,0LK2B5V0,,,,,,,,,,,,,,,,,,,item_no_scale,,,,,not_visible,,,,,,,,province_median
3593,1778894594967,1778894594967.jpg,640,g,package label (g),0,1,1,0,Net Wt. 640 g,640,g,1,0,1,grams (g),640,640,g,log10 median,loaf bread,large packs,CAPIZ,CUARTERO,Cuartero roadside,Jiji store,4I86Z5P7,,,,,,,,,,,,,,,,,item_no_scale,,,,label_closeup,not_visible,,,,not_visible,Net Wt. 640 g,,,,,large_size
3696,1775613983708,1775613983708.jpg,,,,0,0,0,0,,,,0,0,0,Litres (L),.064999998,65,g,log10 median,"preserved or processed meat (tocino, tapa, longaniza, etc)",bilog,CAPIZ,DAO,Pontevedra,Nek,FZQST1FG,,,,,,,,,,,,,,,,,item_no_scale,,,,item_no_scale,not_visible,,,,not_visible,,,,,,conventional_nsu
3722,1775698430134,1775698430134.jpg,80,g,sonnet sweep,0,1,0,0,,,,0,0,0,grams (g),.079999998,80,g,log10 median,camote,bilog,CAPIZ,DUMALAG,Dumalag,Linda,ACEIPVDT,,,,,,,,.08,,,,,,80,,,,,scale_with_item,,,,,clear,,,,,,,,small_size
3723,1775697769874,1775697769874.jpg,90,g,sonnet sweep,0,1,0,0,,,,0,0,0,grams (g),.090000004,90,g,log10 median,camote,bilog,CAPIZ,DUMALAG,Dumalag,Myra,LYELPIRO,,,,,,,,.09,,,,,,90,,,,,scale_with_item,,,,,clear,,,,,,,,small_size
3727,1775696731461,1775696731461.jpg,75,g,sonnet sweep,0,1,0,0,,,,0,0,0,grams (g),.075000003,75,g,log10 median,carrot,pieces or units,CAPIZ,DUMALAG,Dumalag,Ramy,G2393524,,,,,,,,.075,,,,,,75,,,,,scale_with_item,,,,,clear,,,,,,,,small_size
3730,1775786366049,1775786366049.jpg,90,g,sonnet sweep,0,1,0,0,,,,0,0,0,grams (g),.090000004,90,g,log10 median,carrot,pieces or units,CAPIZ,DUMALAG,Dumalag,Dominic,UYIE5NYJ,,,,,,,,.09,,,,,,90,,,,,scale_with_item,,,,,clear,,,,,,,,small_size
3788,1775699754212,1775699754212.jpg,10000,mL,package label (mL),0,1,1,1,10 LITERS,10000,mL,1,0,1,Litres (L),.0099999998,1000,mL,block governs,"mineral or spring water, all drinking water sold in containers",container,CAPIZ,DUMALAG,Dumalag,Daboy,TACBVPC7,,,,,,,,,,,,,,,,,,,item_no_scale,,,,,not_visible,,,,,10 LITERS,,,medium_size
3887,1775787569138,1775787569138.jpg,45,g,human,1,1,0,0,,,,0,0,0,grams (g),.44999999,450,g,block governs,carrot,pieces or units,CAPIZ,IVISAN,Ivisan Roadside,Mae vegetable stand,MM9XKRDY,.045,0.045,scale,1,,,.045,,,,45,,45,,,,scale_with_item,,,,scale_with_item,clear,,,,ambiguous,,,,,,small_size
3888,1775787583393,1775787583393.jpg,,,,0,0,0,0,,,,0,0,0,grams (g),.69999999,700,g,block governs,carrot,pieces or units,CAPIZ,IVISAN,Ivisan Roadside,Mae vegetable stand,MM9XKRDY,,,,,,,,,,,,,,,,,,,scale_with_item,,,,,ambiguous,,,,,,,,medium_size
4005,1776045863466,1776045863466.jpg,1250,mL,package label (mL),0,1,1,1,1.25L,1250,mL,1,0,1,Litres (L),.00125,1250,mL,log10 median,"ice cream, sorbet, edible ice (eg., ice-lolli, halo-halo)",tub,CAPIZ,JAMINDAN,Roadside,Jojo,A8IC05YS,,,,,,,,,,,,,,,,,,,label_closeup,,,,,not_visible,,,,,1.25L,,,large_size
4078,1776389236305,1776389236305.jpg,,,,0,0,0,0,,,,0,0,0,Litres (L),.07,70,g,log10 median,"ice cream, sorbet, edible ice (eg., ice-lolli, halo-halo)",putos,CAPIZ,MA-AYON,Roadside,Joseph Store,MI64FLY0,,,,,,,,,,,,,,,,,,,label_closeup,,,,,not_visible,,,,,,,,medium_size
4079,1776310595239,1776310595239.jpg,375,mL,package label (mL),0,1,1,1,375 mL,375,mL,1,0,1,grams (g),.375,375,mL,log10 median,"liquor (e.g, whisky, coconut wine)",lipid/lapad,CAPIZ,MA-AYON,Maayon Public market,Pias Store,AYU1K92S,,,,,,,,,,,,,,,,,,,item_no_scale,,,,,not_visible,,,,,375 mL,,,medium_size
4084,1776388434309,1776388434309.jpg,,,,0,0,0,0,,,,0,0,0,grams (g),.375,375,mL,log10 median,"liquor (e.g, whisky, coconut wine)",lipid/lapad,CAPIZ,MA-AYON,Roadside,Toto Miel Store,TSP4HZ8M,,,,,,,,,,,,,,,,,,,item_no_scale,,,,,not_visible,,,,,,,,medium_size
4115,1775873396532,1775873396532.jpg,695,g,sonnet sweep,0,1,0,0,,,,0,0,0,grams (g),.69499999,695,g,log10 median,cabbage,pieces or units,CAPIZ,MAMBUSAO,Mambusao Public Market,Leah Dry Goods,2G42489Z,,,,,,,,.695,,,,,,695,,,,,scale_with_item,,,,,clear,,,,,,,,municipality_median
4116,1776048143582,1776048143582.jpg,400,g,sonnet sweep,0,1,0,0,,,,0,0,0,grams (g),.40000001,400,g,log10 median,cabbage,pieces or units,CAPIZ,MAMBUSAO,Roadside,Arwin Store,IE8DO5Y6,,,,,,,,.4,,,,,,400,,,,,scale_with_item,,,,,clear,,,,,,,,municipality_median
4117,1775873036640,1775873036640.jpg,715,g,sonnet sweep,0,1,0,0,,,,0,0,0,grams (g),.71499997,715,g,log10 median,cabbage,pieces or units,CAPIZ,MAMBUSAO,Mambusao Public Mafket,Mary Joy Store,L6LAKROO,,,,,,,,.715,,,,,,715,,,,,scale_with_item,,,,,clear,,,,,,,,municipality_median
4121,1775875067397,1775875067397.jpg,180,g,sonnet sweep,0,1,0,0,,,,0,0,0,grams (g),.18000001,180,g,log10 median,camote tops,bugkos,CAPIZ,MAMBUSAO,Mambusao Public Market,Junalyn Vegetable,NDQJGJVT,,,,,,,,.18,,,,,,180,,,,,scale_with_item,,,,,clear,,,,,,,,municipality_median
4126,1775873451225,1775873451225.jpg,85,g,sonnet sweep,0,1,0,0,,,,0,0,0,grams (g),.085000001,85,g,log10 median,carrot,pieces or units,CAPIZ,MAMBUSAO,Mambusao Public Market,Leah Dry Goods,CPY52ABD,,,,,,,,.085,,,,,,85,,,,,scale_with_item,,,,,clear,,,,,,,,small_size
4127,1775873471135,1775873471135.jpg,125,g,sonnet sweep,0,1,0,0,,,,0,0,0,grams (g),.125,125,g,log10 median,carrot,pieces or units,CAPIZ,MAMBUSAO,Mambusao Public Market,Leah Dry Goods,CPY52ABD,,,,,,,,.125,,,,,,125,,,,,scale_with_item,,,,,clear,,,,,,,,medium_size
4128,1775873488121,1775873488121.jpg,250,g,sonnet sweep,0,1,0,0,,,,0,0,0,grams (g),.25,250,g,log10 median,carrot,pieces or units,CAPIZ,MAMBUSAO,Mambusao Public Market,Leah Dry Goods,CPY52ABD,,,,,,,,.25,,,,,,250,,,,,scale_with_item,,,,,clear,,,,,,,,large_size
4132,1775873805462,1775873805462.jpg,90,g,sonnet sweep,0,1,0,0,,,,0,0,0,grams (g),.090000004,90,g,log10 median,carrot,pieces or units,CAPIZ,MAMBUSAO,Mambusao Public Market,Rose Dry Goods,TUQ0AWM5,,,,,,,,.09,,,,,,90,,,,,scale_with_item,,,,,clear,,,,,,,,small_size
4133,1775873823297,1775873823297.jpg,,,,0,0,0,0,,,,0,0,0,grams (g),.13,130,g,log10 median,carrot,pieces or units,CAPIZ,MAMBUSAO,Mambusao Public Market,Rose Dry Goods,TUQ0AWM5,,,,,,,,,,,,,,,,,,,scale_with_item,,,,,not_visible,,,,,,,,medium_size
4134,1775873843938,1775873843938.jpg,200,g,sonnet sweep,0,1,0,0,,,,0,0,0,grams (g),.2,200,g,log10 median,carrot,pieces or units,CAPIZ,MAMBUSAO,Mambusao Public Market,Rose Dry Goods,TUQ0AWM5,,,,,,,,.2,,,,,,200,,,,,scale_with_item,,,,,clear,,,,,,,,large_size
4135,1775872068181,1775872068181.jpg,1230,g,sonnet sweep,0,1,0,0,,,,0,0,0,grams (g),1.23,1230,g,log10 median,chicken,bilog,CAPIZ,MAMBUSAO,Mambusao Public Market,Dorothy Frozen Goods,82TJW0T3,,,,,,,,1.23,,,,,,1230,,,,,scale_with_item,,,,,clear,,,,,,,,mp25_price
4183,1776048791260,1776048791260.jpg,24.6,g,package label (g),0,1,1,0,Net Weight: 24.6 g,24.6,g,1,0,1,grams (g),295.01999,295,g,log10 median,"crackers, cookies, buiscuits, chips/curls",putos,CAPIZ,MAMBUSAO,roadside,Ginwin store,JM0ZWP76,,,,,,,,,,,,,,,,,,,label_closeup,,,,,not_visible,,,,,Net Weight: 24.6 g,,,medium_size
4196,1775875357769,1775875357769.jpg,560,g,human,1,1,0,0,,,,0,0,0,grams (g),.56,560,g,block governs,"ice cream, sorbet, edible ice (eg., ice-lolli, halo-halo)",bowl,CAPIZ,MAMBUSAO,Mambusao Public Market,Naty Store,25HXJF6R,.5600000000000001,0.56,scale,1,Not sure if tared (taring required weighing the empty container first I think),.5600000000000001,.5600000000000001,,,.5600000000000001,560,560,560,,,560,scale_with_item,scale_with_item,,,scale_with_item,clear,clear,,,clear,,,,,,small_size
4202,1775879095187,1775879095187.jpg,750,mL,package label (mL),0,1,1,1,750 mL,750,mL,1,0,1,grams (g),750,750,mL,log10 median,"liquor (e.g, whisky, coconut wine)",lipid/lapad,CAPIZ,MAMBUSAO,Mambusao Public Market,Seanniah Store,63UFOL03,,,,,,,,,,,,,,,,,,,item_no_scale,,,,,not_visible,,,,,750 mL,,,large_size
4221,1775871500887,1775871500887.jpg,70,g,sonnet sweep,0,1,0,0,,,,0,0,0,grams (g),.07,70,g,log10 median,"preserved or processed meat (tocino, tapa, longaniza, etc)",bilog,CAPIZ,MAMBUSAO,Mambusao Public Market,Delgado Frozen Store,9VD3I45R,,,,,,,,.07,,,,,,70,,,,,scale_with_item,,,,,clear,,,,,,,,province_median
4223,1775872179761,1775872179761.jpg,65,g,sonnet sweep,0,1,0,0,,,,0,0,0,grams (g),.064999998,65,g,log10 median,"preserved or processed meat (tocino, tapa, longaniza, etc)",bilog,CAPIZ,MAMBUSAO,Mambusao Public Market,Dorothy Frozen Goods,PROJXU61,,,,,,,,.065,,,,,,65,,,,,scale_with_item,,,,,clear,,,,,,,,province_median
4224,1776047829089,1776047829089.jpg,285,g,sonnet sweep,0,1,0,0,,,,0,0,0,grams (g),.285,285,g,log10 median,"preserved or processed meat (tocino, tapa, longaniza, etc)",putos,CAPIZ,MAMBUSAO,roadside,Leah Store,0KVRQKLP,,,,,,,,.285,,,,,,285,,,,,scale_with_item,,,,,clear,,,,,,,,small_size
4230,1775870885011,1775870885011.jpg,,,,0,0,0,0,,,,0,0,0,grams (g),.145,145,g,log10 median,"preserved or processed meat (tocino, tapa, longaniza, etc)",putos,CAPIZ,MAMBUSAO,Mambusao Public Market,Joy Frozen,P953YEHV,,,,,,,,,,,,,,,,,,,item_no_scale,,,,,not_visible,,,,,,,,small_size
4231,1775870917301,1775870917301.jpg,495,g,sonnet sweep,0,1,0,0,,,,0,0,0,grams (g),.495,495,g,log10 median,"preserved or processed meat (tocino, tapa, longaniza, etc)",putos,CAPIZ,MAMBUSAO,Mambusao Public Market,Joy Frozen,P953YEHV,,,,,,,,.495,,,,,,495,,,,,scale_with_item,,,,,clear,,,,,,,,medium_size
4232,1775870946406,1775870946406.jpg,950,g,sonnet sweep,0,1,0,0,,,,0,0,0,grams (g),.56,560,g,log10 median,"preserved or processed meat (tocino, tapa, longaniza, etc)",putos,CAPIZ,MAMBUSAO,Mambusao Public Market,Joy Frozen,P953YEHV,,,,,,,,.95,,,,,,950,,,,,scale_with_item,,,,,clear,,,,,,,,large_size
4233,1779166704428,1779166704428.jpg,,,,0,0,0,0,500,,,0,1,1,Litres (L),1200,1200,mL,block governs,beer,case,CAPIZ,PANAY,Panay,Mikmik,VXLSL3DM,,,,,,,,,,,,,,,,,item_no_scale,,,,other,not_visible,,,,not_visible,500,,,,,province_median
4234,1779166361997,1779166361997.jpg,,,,0,0,0,0,,,,0,0,0,Litres (L),7680,7680,mL,block governs,beer,case,CAPIZ,PANAY,Panay,Noel,YYG1NWSQ,,,,,,,,,,,,,,,,,item_no_scale,,,,other,not_visible,,,,not_visible,,,,,,province_median
4311,1776219058341,1776219058341.jpg,375,g,sonnet hi-res,0,1,0,0,,,,0,0,0,grams (g),375,375,g,log10 median,"drinks at restaurant, hotel, cafe, or kiosk",pieces or units,CAPIZ,PANAY,Huu,Yy,7N2G02QU,,,,,,.375,.375,,,.375,,375,375,,,375,scale_with_item,scale_with_item,,,scale_with_item,clear,clear,,,clear,,,,,,small_size
4312,1776219074931,1776219074931.jpg,440,g,human,1,1,0,0,,,,0,0,0,grams (g),440,440,g,log10 median,"drinks at restaurant, hotel, cafe, or kiosk",pieces or units,CAPIZ,PANAY,Huu,Yy,7N2G02QU,.44,0.44,scale,0,,.44,.44,,,.14,440,440,440,,,140,scale_with_item,scale_with_item,,,scale_with_item,clear,clear,,,clear,,,,,,medium_size
4372,1776212725360,1776212725360.jpg,655,g,sonnet sweep,0,1,0,0,,,,0,0,0,grams (g),.65499997,655,g,log10 median,cabbage,pieces or units,CAPIZ,PANITAN,Talipapa,Dapat Store,4W7AJYF0,,,,,,,,.655,,,,,,655,,,,,scale_with_item,,,,,clear,,,,,,,,medium_size
4379,1776126820272,1776126820272.jpg,405,g,sonnet sweep,0,1,0,0,,,,0,0,0,grams (g),.405,405,g,log10 median,cabbage,pieces or units,CAPIZ,PANITAN,Panitan Public Market,Angging Vegetable,IHT9OLUY,,,,,,,,.405,,,,,,405,,,,,scale_with_item,,,,,clear,,,,,,,,small_size
4382,1776216071948,1776216071948.jpg,480,g,sonnet sweep,0,1,0,0,,,,0,0,0,grams (g),.47999999,480,g,log10 median,cabbage,pieces or units,CAPIZ,PANITAN,Roadside,Dons Eatery,Q9GUBHZ4,,,,,,,,.48,,,,,,480,,,,,scale_with_item,,,,,clear,,,,,,,,small_size
4393,1776126914098,1776126914098.jpg,145,g,sonnet sweep,0,1,0,0,,,,0,0,0,grams (g),.145,145,g,log10 median,cabbage,putos (mix vegetable),CAPIZ,PANITAN,Panitan Public Market,Angging Vegetable,EW13G5RA,,,,,,,,.145,,,,,,145,,,,,scale_with_item,,,,,clear,,,,,,,,conventional_nsu
4395,1776132453575,1776132453575.jpg,210,g,sonnet sweep,0,1,0,0,,,,0,0,0,grams (g),.20999999,210,g,log10 median,camote tops,bugkos,CAPIZ,PANITAN,Panitan Public Market,Maricel Vegetable,TQ9EC32N,,,,,,,,.21,,,,,,210,,,,,scale_with_item,,,,,clear,,,,,,,,conventional_nsu
4396,1776132104402,1776132104402.jpg,220,g,sonnet sweep,0,1,0,0,,,,0,0,0,grams (g),.22,220,g,log10 median,camote tops,bugkos,CAPIZ,PANITAN,Panitan Public Market,Joseph Vegetable,TVS7WBVI,,,,,,,,.22,,,,,,220,,,,,scale_with_item,,,,,clear,,,,,,,,conventional_nsu
4397,1776132829587,1776132829587.jpg,,,,0,0,0,0,,,,0,0,0,grams (g),.22499999,225,g,log10 median,camote tops,bugkos,CAPIZ,PANITAN,Panitan Public Market,Arlyne Vegetable,YNJNJER0,,,,,,,,,,,,,,,,,,,scale_with_item,,,,,ambiguous,,,,,,,,conventional_nsu
4398,1776132189432,1776132189432.jpg,35,g,sonnet sweep,0,1,0,0,,,,0,0,0,grams (g),.035,35,g,log10 median,camote,bilog,CAPIZ,PANITAN,Panitan Public Market,Joseph Vegetable,3R3DL6FF,,,,,,,,.035,,,,,,35,,,,,scale_with_item,,,,,clear,,,,,,,,small_size
4399,1776132208357,1776132208357.jpg,115,g,sonnet sweep,0,1,0,0,,,,0,0,0,grams (g),.115,115,g,log10 median,camote,bilog,CAPIZ,PANITAN,Panitan Public Market,Joseph Vegetable,3R3DL6FF,,,,,,,,.115,,,,,,115,,,,,scale_with_item,,,,,clear,,,,,,,,medium_size
4400,1776132223189,1776132223189.jpg,140,g,sonnet sweep,0,1,0,0,,,,0,0,0,grams (g),.14,140,g,log10 median,camote,bilog,CAPIZ,PANITAN,Panitan Public Market,Joseph Vegetable,3R3DL6FF,,,,,,,,.14,,,,,,140,,,,,scale_with_item,,,,,clear,,,,,,,,large_size
4401,1776132886873,1776132886873.jpg,110,g,sonnet sweep,0,1,0,0,,,,0,0,0,grams (g),.11,110,g,log10 median,camote,bilog,CAPIZ,PANITAN,Panitan Public Market,Arlyne Vegetable,CULISST7,,,,,,,,.11,,,,,,110,,,,,scale_with_item,,,,,clear,,,,,,,,small_size
4402,1776132901630,1776132901630.jpg,150,g,sonnet sweep,0,1,0,0,,,,0,0,0,grams (g),.15000001,150,g,log10 median,camote,bilog,CAPIZ,PANITAN,Panitan Public Market,Arlyne Vegetable,CULISST7,,,,,,,,.15,,,,,,150,,,,,scale_with_item,,,,,clear,,,,,,,,medium_size
4403,1776132929403,1776132929403.jpg,275,g,sonnet sweep,0,1,0,0,,,,0,0,0,grams (g),.27500001,275,g,log10 median,camote,bilog,CAPIZ,PANITAN,Panitan Public Market,Arlyne Vegetable,CULISST7,,,,,,,,.275,,,,,,275,,,,,scale_with_item,,,,,clear,,,,,,,,large_size
4404,1776132518616,1776132518616.jpg,100,g,sonnet sweep,0,1,0,0,,,,0,0,0,grams (g),.1,100,g,log10 median,camote,bilog,CAPIZ,PANITAN,Panitan Public Market,Maricel Vegetable,PHAA6NMT,,,,,,,,.1,,,,,,100,,,,,scale_with_item,,,,,clear,,,,,,,,small_size
4405,1776132540423,1776132540423.jpg,130,g,sonnet sweep,0,1,0,0,,,,0,0,0,grams (g),.13,130,g,log10 median,camote,bilog,CAPIZ,PANITAN,Panitan Public Market,Maricel Vegetable,PHAA6NMT,,,,,,,,.13,,,,,,130,,,,,scale_with_item,,,,,clear,,,,,,,,medium_size
4406,1776132553959,1776132553959.jpg,265,g,sonnet sweep,0,1,0,0,,,,0,0,0,grams (g),.26499999,265,g,log10 median,camote,bilog,CAPIZ,PANITAN,Panitan Public Market,Maricel Vegetable,PHAA6NMT,,,,,,,,.265,,,,,,265,,,,,scale_with_item,,,,,clear,,,,,,,,large_size
4407,1776212798504,1776212798504.jpg,60,g,sonnet sweep,0,1,0,0,,,,0,0,0,grams (g),.059999999,60,g,log10 median,carrot,pieces or units,CAPIZ,PANITAN,Talipapa,Dapat Store,4PNDLDNW,,,,,,,,.06,,,,,,60,,,,,scale_with_item,,,,,clear,,,,,,,,small_size
4408,1776212830564,1776212830564.jpg,90,g,sonnet sweep,0,1,0,0,,,,0,0,0,grams (g),.090000004,90,g,log10 median,carrot,pieces or units,CAPIZ,PANITAN,Talipapa,Dapat Store,4PNDLDNW,,,,,,,,.09,,,,,,90,,,,,scale_with_item,,,,,clear,,,,,,,,medium_size
4409,1776212854683,1776212854683.jpg,95,g,sonnet sweep,0,1,0,0,,,,0,0,0,grams (g),.094999999,95,g,log10 median,carrot,pieces or units,CAPIZ,PANITAN,Talipapa,Dapat Store,4PNDLDNW,,,,,,,,.095,,,,,,95,,,,,scale_with_item,,,,,clear,,,,,,,,large_size
4416,1776213706032,1776213706032.jpg,80,g,sonnet sweep,0,1,0,0,,,,0,0,0,grams (g),.079999998,80,g,log10 median,carrot,pieces or units,CAPIZ,PANITAN,roadside,Jean Rose Store,N12DNVIC,,,,,,,,.08,,,,,,80,,,,,scale_with_item,,,,,clear,,,,,,,,small_size
4417,1776213731814,1776213731814.jpg,110,g,sonnet sweep,0,1,0,0,,,,0,0,0,grams (g),.11,110,g,log10 median,carrot,pieces or units,CAPIZ,PANITAN,roadside,Jean Rose Store,N12DNVIC,,,,,,,,.11,,,,,,110,,,,,scale_with_item,,,,,clear,,,,,,,,medium_size
4418,1776213749475,1776213749475.jpg,255,g,sonnet sweep,0,1,0,0,,,,0,0,0,grams (g),.255,255,g,log10 median,carrot,pieces or units,CAPIZ,PANITAN,roadside,Jean Rose Store,N12DNVIC,,,,,,,,.255,,,,,,255,,,,,scale_with_item,,,,,clear,,,,,,,,large_size
4422,1776127113573,1776127113573.jpg,80,g,sonnet sweep,0,1,0,0,,,,0,0,0,grams (g),.079999998,80,g,log10 median,carrot,pieces or units,CAPIZ,PANITAN,Panitan Public Market,Angging Vegetable,ZYEZ8LPF,,,,,,,,.08,,,,,,80,,,,,scale_with_item,,,,,clear,,,,,,,,small_size
4423,1776127130043,1776127130043.jpg,135,g,sonnet sweep,0,1,0,0,,,,0,0,0,grams (g),.13500001,135,g,log10 median,carrot,pieces or units,CAPIZ,PANITAN,Panitan Public Market,Angging Vegetable,ZYEZ8LPF,,,,,,,,.135,,,,,,135,,,,,scale_with_item,,,,,clear,,,,,,,,medium_size
4424,1776127149469,1776127149469.jpg,185,g,sonnet sweep,0,1,0,0,,,,0,0,0,grams (g),.185,185,g,log10 median,carrot,pieces or units,CAPIZ,PANITAN,Panitan Public Market,Angging Vegetable,ZYEZ8LPF,,,,,,,,.185,,,,,,185,,,,,scale_with_item,,,,,clear,,,,,,,,large_size
4431,1776130011785,1776130011785.jpg,1065,g,sonnet sweep,0,1,0,0,,,,0,0,0,grams (g),1.0650001,1065,g,log10 median,chicken,whole (chicken),CAPIZ,PANITAN,Panitan Public Market,Ojie and Katherine Dressed Chicken,GW4659TH,,,,,,,,1.065,,,,,,1065,,,,,scale_with_item,,,,,clear,,,,,,,,small_size
4432,1776130050587,1776130050587.jpg,1350,g,sonnet sweep,0,1,0,0,,,,0,0,0,grams (g),1.35,1350,g,log10 median,chicken,whole (chicken),CAPIZ,PANITAN,Panitan Public Market,Ojie and Katherine Dressed Chicken,GW4659TH,,,,,,,,1.35,,,,,,1350,,,,,scale_with_item,,,,,clear,,,,,,,,medium_size
4433,1776130083707,1776130083707.jpg,1440,g,sonnet sweep,0,1,0,0,,,,0,0,0,grams (g),1.4400001,1440,g,log10 median,chicken,whole (chicken),CAPIZ,PANITAN,Panitan Public Market,Ojie and Katherine Dressed Chicken,GW4659TH,,,,,,,,1.44,,,,,,1440,,,,,scale_with_item,,,,,clear,,,,,,,,large_size
4472,1776138627010,1776138627010.jpg,,,,0,0,0,0,,,,0,0,0,grams (g),49,49,mL,log10 median,"ice cream, sorbet, edible ice (eg., ice-lolli, halo-halo)",pieces or units,CAPIZ,PANITAN,Panitan Public Market,Badhay Store,42ZH3F43,,,,,,,,,,,,,,,,,,,label_closeup,,,,,not_visible,,,,,,,,medium_size
4475,1776137969380,1776137969380.jpg,,,,0,0,0,0,,,,0,0,0,Litres (L),.0015,150,mL,block governs,"ice cream, sorbet, edible ice (eg., ice-lolli, halo-halo)",pieces or units,CAPIZ,PANITAN,Panitan Public Market,MeD Drugmart,K18RNJTB,,,,,,,,,,,,,,,,,item_no_scale,,,,item_no_scale,not_visible,,,,not_visible,,,,,,large_size
4482,1776138286756,1776138286756.jpg,,,,0,0,0,0,,,,0,0,0,Litres (L),.090000004,90,g,log10 median,"ice cream, sorbet, edible ice (eg., ice-lolli, halo-halo)",small cup,CAPIZ,PANITAN,Panitan Public Market,MeD Drugmart,GGOJNVZ9,,,,,,,,,,,,,,,,,,,label_closeup,,,,,not_visible,,,,,,,,small_size
4483,1776138308713,1776138308713.jpg,,,,0,0,0,0,,,,0,0,0,Litres (L),.13500001,135,g,log10 median,"ice cream, sorbet, edible ice (eg., ice-lolli, halo-halo)",small cup,CAPIZ,PANITAN,Panitan Public Market,MeD Drugmart,GGOJNVZ9,,,,,,,,,,,,,,,,,,,item_no_scale,,,,,not_visible,,,,,,,,medium_size
4485,1776215350043,1776215350043.jpg,375,mL,package label (mL),0,1,1,1,375 mL,375,mL,1,0,1,grams (g),375,375,mL,log10 median,"liquor (e.g, whisky, coconut wine)",lipid/lapad,CAPIZ,PANITAN,roadside,DRL store,0HJU3SDS,,,,,,,,,,,,,,,,,,,label_closeup,,,,,not_visible,,,,,375 mL,,,medium_size
4490,1776212909720,1776212909720.jpg,250,mL,package label (mL),0,1,1,1,250 ml,250,mL,1,0,1,grams (g),250,250,mL,log10 median,"liquor (e.g, whisky, coconut wine)",lipid/lapad,CAPIZ,PANITAN,Talipapa,Dapat Store,FMC7HGZB,,,,,,,,,,,,,,,,,item_no_scale,,,,item_no_scale,not_visible,,,,not_visible,250 ml,,,,,small_size
4495,1776215627192,1776215627192.jpg,250,mL,package label (mL),0,1,1,1,250 ml,250,mL,1,0,1,Litres (L),.25,250,mL,log10 median,"liquor (e.g, whisky, coconut wine)",lipid/lapad,CAPIZ,PANITAN,Roadside,Tintin Store,SOLYJEX0,,,,,,,,,,,,,,,,,item_no_scale,,,,label_closeup,not_visible,,,,not_visible,250 ml,,,,,small_size
4520,1776129561725,1776129561725.jpg,225,g,sonnet sweep,0,1,0,0,,,,0,0,0,grams (g),.22499999,225,g,log10 median,"preserved or processed meat (tocino, tapa, longaniza, etc)",bilog,CAPIZ,PANITAN,Panitan Public Market,Aljean and Marian Dressed Chicken,QRJ1HT7D,,,,,,,,.225,,,,,,225,,,,,scale_with_item,,,,,clear,,,,,,,,small_size
4521,1776129579958,1776129579958.jpg,275,g,sonnet sweep,0,1,0,0,,,,0,0,0,grams (g),.27500001,275,g,log10 median,"preserved or processed meat (tocino, tapa, longaniza, etc)",bilog,CAPIZ,PANITAN,Panitan Public Market,Aljean and Marian Dressed Chicken,QRJ1HT7D,,,,,,,,.275,,,,,,275,,,,,scale_with_item,,,,,clear,,,,,,,,medium_size
4528,1776301845969,1776301845969.jpg,490,g,sonnet sweep,0,1,0,0,,,,0,0,0,grams (g),.49000001,490,g,log10 median,cabbage,pieces or units,CAPIZ,PILAR,PilarbPublic Market,Delmoro Frozen Foods,C0QXVBMA,,,,,,,,.49,,,,,,490,,,,,scale_with_item,,,,,clear,,,,,,,,small_size
4529,1776301860959,1776301860959.jpg,765,g,sonnet sweep,0,1,0,0,,,,0,0,0,grams (g),.76499999,765,g,log10 median,cabbage,pieces or units,CAPIZ,PILAR,PilarbPublic Market,Delmoro Frozen Foods,C0QXVBMA,,,,,,,,.765,,,,,,765,,,,,scale_with_item,,,,,clear,,,,,,,,medium_size
4530,1776301886936,1776301886936.jpg,980,g,sonnet sweep,0,1,0,0,,,,0,0,0,grams (g),.98000002,980,g,log10 median,cabbage,pieces or units,CAPIZ,PILAR,PilarbPublic Market,Delmoro Frozen Foods,C0QXVBMA,,,,,,,,.98,,,,,,980,,,,,scale_with_item,,,,,clear,,,,,,,,large_size
4543,1776299770654,1776299770654.jpg,70,g,sonnet sweep,0,1,0,0,,,,0,0,0,grams (g),.07,70,g,log10 median,carrot,pieces or units,CAPIZ,PILAR,PilarbPublic Market,Bedeos Frozen,35QC6WPZ,,,,,,,,.07,,,,,,70,,,,,scale_with_item,,,,,clear,,,,,,,,small_size
4544,1776299783553,1776299783553.jpg,125,g,sonnet sweep,0,1,0,0,,,,0,0,0,grams (g),.125,125,g,log10 median,carrot,pieces or units,CAPIZ,PILAR,PilarbPublic Market,Bedeos Frozen,35QC6WPZ,,,,,,,,.125,,,,,,125,,,,,scale_with_item,,,,,clear,,,,,,,,medium_size
4545,1776299802479,1776299802479.jpg,160,g,sonnet sweep,0,1,0,0,,,,0,0,0,grams (g),.16,160,g,log10 median,carrot,pieces or units,CAPIZ,PILAR,PilarbPublic Market,Bedeos Frozen,35QC6WPZ,,,,,,,,.16,,,,,,160,,,,,scale_with_item,,,,,clear,,,,,,,,large_size
4549,1776301926524,1776301926524.jpg,65,g,sonnet sweep,0,1,0,0,,,,0,0,0,grams (g),.064999998,65,g,log10 median,carrot,pieces or units,CAPIZ,PILAR,PilarbPublic Market,Delmoro Frozen Foods,7303FSOZ,,,,,,,,.065,,,,,,65,,,,,scale_with_item,,,,,clear,,,,,,,,small_size
4550,1776301943451,1776301943451.jpg,90,g,sonnet sweep,0,1,0,0,,,,0,0,0,grams (g),.090000004,90,g,log10 median,carrot,pieces or units,CAPIZ,PILAR,PilarbPublic Market,Delmoro Frozen Foods,7303FSOZ,,,,,,,,.09,,,,,,90,,,,,scale_with_item,,,,,clear,,,,,,,,medium_size
4551,1776301959556,1776301959556.jpg,145,g,sonnet sweep,0,1,0,0,,,,0,0,0,grams (g),.145,145,g,log10 median,carrot,pieces or units,CAPIZ,PILAR,PilarbPublic Market,Delmoro Frozen Foods,7303FSOZ,,,,,,,,.145,,,,,,145,,,,,scale_with_item,,,,,clear,,,,,,,,large_size
4588,1776297871627,1776297871627.jpg,230,g,sonnet sweep,0,1,0,0,,,,0,0,0,grams (g),.23,230,g,block governs,fresh fish,pinutos / plastic,CAPIZ,PILAR,Pilar Public Market,Juan Fish Stand,6G4OY02R,,,,,,,,.23,,,,,,230,,,,,scale_with_item,,,,,clear,,,,,,,,province_median
4590,1776298397192,1776298397192.jpg,475,g,sonnet sweep,0,1,0,0,,,,0,0,0,grams (g),.47499999,475,g,block governs,fresh fish,pinutos / plastic,CAPIZ,PILAR,Pilar Public Marjet,Josephine Fish Stand,Q3QK2C7X,,,,,,,,.475,,,,,,475,,,,,scale_with_item,,,,,clear,,,,,,,,province_median
4591,1776299049825,1776299049825.jpg,345,g,sonnet sweep,0,1,0,0,,,,0,0,0,grams (g),.345,345,g,block governs,fresh fish,pinutos / plastic,CAPIZ,PILAR,PilarbPublic Market,Rosario Fish Stand,ZJH5KLCG,,,,,,,,.345,,,,,,345,,,,,scale_with_item,,,,,clear,,,,,,,,province_median
4594,1776298893800,1776298893800.jpg,75,g,sonnet sweep,0,1,0,0,,,,0,0,0,grams (g),.075000003,75,g,block governs,fresh fish,pieces or units,CAPIZ,PILAR,PilarbPublic Market,Rosario Fish Stand,3LBJ8EWO,,,,,,,,.075,,,,,,75,,,,,scale_with_item,,,,,clear,,,,,,,,small_size
4595,1776298923766,1776298923766.jpg,115,g,sonnet sweep,0,1,0,0,,,,0,0,0,grams (g),.115,115,g,log10 median,fresh fish,pieces or units,CAPIZ,PILAR,PilarbPublic Market,Rosario Fish Stand,3LBJ8EWO,,,,,,,,.115,,,,,,115,,,,,scale_with_item,,,,,clear,,,,,,,,medium_size
4596,1776298949551,1776298949551.jpg,290,g,sonnet sweep,0,1,0,0,,,,0,0,0,grams (g),.28999999,290,g,log10 median,fresh fish,pieces or units,CAPIZ,PILAR,PilarbPublic Market,Rosario Fish Stand,3LBJ8EWO,,,,,,,,.29,,,,,,290,,,,,scale_with_item,,,,,clear,,,,,,,,large_size
4597,1776298459830,1776298459830.jpg,505,g,sonnet sweep,0,1,0,0,,,,0,0,0,grams (g),.505,505,g,log10 median,fresh fish,pieces or units,CAPIZ,PILAR,PilarbPublic Market,Josephine Fish Stand,9LSRPGWG,,,,,,,,.505,,,,,,505,,,,,scale_with_item,,,,,clear,,,,,,,,small_size
4598,1776298510903,1776298510903.jpg,680,g,sonnet sweep,0,1,0,0,,,,0,0,0,grams (g),.68000001,680,g,log10 median,fresh fish,pieces or units,CAPIZ,PILAR,PilarbPublic Market,Josephine Fish Stand,9LSRPGWG,,,,,,,,.68,,,,,,680,,,,,scale_with_item,,,,,clear,,,,,,,,medium_size
4599,1776298532411,1776298532411.jpg,720,g,sonnet sweep,0,1,0,0,,,,0,0,0,grams (g),.72000003,720,g,log10 median,fresh fish,pieces or units,CAPIZ,PILAR,PilarbPublic Market,Josephine Fish Stand,9LSRPGWG,,,,,,,,.72,,,,,,720,,,,,scale_with_item,,,,,clear,,,,,,,,large_size
4600,1776298033144,1776298033144.jpg,45,g,sonnet sweep,0,1,0,0,,,,0,0,0,grams (g),.045000002,45,g,block governs,fresh fish,pieces or units,CAPIZ,PILAR,PilarbPublic Market,Juan Fish Stand,AKZIQICK,,,,,,,,.045,,,,,,45,,,,,scale_with_item,,,,,clear,,,,,,,,small_size
4601,1776298052104,1776298052104.jpg,80,g,sonnet sweep,0,1,0,0,,,,0,0,0,grams (g),.079999998,80,g,block governs,fresh fish,pieces or units,CAPIZ,PILAR,PilarbPublic Market,Juan Fish Stand,AKZIQICK,,,,,,,,.08,,,,,,80,,,,,scale_with_item,,,,,clear,,,,,,,,medium_size
4602,1776298074478,1776298074478.jpg,130,g,sonnet sweep,0,1,0,0,,,,0,0,0,grams (g),.13,130,g,log10 median,fresh fish,pieces or units,CAPIZ,PILAR,PilarbPublic Market,Juan Fish Stand,AKZIQICK,,,,,,,,.13,,,,,,130,,,,,scale_with_item,,,,,clear,,,,,,,,large_size
4610,1776304644527,1776304644527.jpg,375,mL,package label (mL),0,1,1,1,375 mL,375,mL,1,0,1,Litres (L),.75,750,mL,log10 median,"liquor (e.g, whisky, coconut wine)",lipid/lapad,CAPIZ,PILAR,PilarbPublic Market,Bacay Store,A3UBT9N4,,,,,,,,,,,,,,,,,item_no_scale,,,,item_no_scale,not_visible,,,,not_visible,375 mL,,,,375 mL,large_size
4638,1776300436934,1776300436934.jpg,440,g,sonnet sweep,0,1,0,0,,,,0,0,0,grams (g),.44,440,g,log10 median,"prawns, lobster, shrimp",tumpok,CAPIZ,PILAR,Pilar Public Market,Mercy Fish Stand,8CU2W348,,,,,,,,.44,,,,,,440,,,,,scale_with_item,,,,,clear,,,,,,,,conventional_nsu
4639,1776300056061,1776300056061.jpg,265,g,sonnet sweep,0,1,0,0,,,,0,0,0,grams (g),.26499999,265,g,log10 median,"prawns, lobster, shrimp",tumpok,CAPIZ,PILAR,Pilar Public Market,Rhodora Fish Stall,A08QFVM3,,,,,,,,.265,,,,,,265,,,,,scale_with_item,,,,,clear,,,,,,,,conventional_nsu
4640,1776300542419,1776300542419.jpg,400,g,sonnet sweep,0,1,0,0,,,,0,0,0,grams (g),.40000001,400,g,log10 median,"prawns, lobster, shrimp",tumpok,CAPIZ,PILAR,Pilar Public Market,Myrna Fish Stand,NUMVIHXS,,,,,,,,.4,,,,,,400,,,,,scale_with_item,,,,,clear,,,,,,,,conventional_nsu
4641,1776301707096,1776301707096.jpg,70,g,sonnet sweep,0,1,0,0,,,,0,0,0,grams (g),.07,70,g,log10 median,"preserved or processed meat (tocino, tapa, longaniza, etc)",bilog,CAPIZ,PILAR,PilarbPublic Market,Delmoro Frozen Foods,ENZELUKH,,,,,,,,.07,,,,,,70,,,,,scale_with_item,,,,,clear,,,,,,,,large_size
4642,1776301266330,1776301266330.jpg,70,g,sonnet sweep,0,1,0,0,,,,0,0,0,grams (g),.07,70,g,log10 median,"preserved or processed meat (tocino, tapa, longaniza, etc)",bilog,CAPIZ,PILAR,PilarbPublic Market,Banter Dressed Chicken,RAR3VAGO,,,,,,,,.07,,,,,,70,,,,,scale_with_item,,,,,clear,,,,,,,,large_size
4643,1776299476067,1776299476067.jpg,75,g,sonnet sweep,0,1,0,0,,,,0,0,0,grams (g),.075000003,75,g,log10 median,"preserved or processed meat (tocino, tapa, longaniza, etc)",bilog,CAPIZ,PILAR,PilarbPublic Market,Bedeos Frozen,RTHPMQCQ,,,,,,,,.075,,,,,,75,,,,,scale_with_item,,,,,clear,,,,,,,,large_size
4646,1776301307789,1776301307789.jpg,165,g,sonnet sweep,0,1,0,0,,,,0,0,0,grams (g),.16500001,165,g,log10 median,"preserved or processed meat (tocino, tapa, longaniza, etc)",putos,CAPIZ,PILAR,PilarbPublic Market,Banter Dressed Chicken,C03HDBY5,,,,,,,,.165,,,,,,165,,,,,scale_with_item,,,,,clear,,,,,,,,small_size
4647,1776301326599,1776301326599.jpg,290,g,sonnet sweep,0,1,0,0,,,,0,0,0,grams (g),.28999999,290,g,log10 median,"preserved or processed meat (tocino, tapa, longaniza, etc)",putos,CAPIZ,PILAR,PilarbPublic Market,Banter Dressed Chicken,C03HDBY5,,,,,,,,.29,,,,,,290,,,,,scale_with_item,,,,,clear,,,,,,,,medium_size
4648,1776301747946,1776301747946.jpg,150,g,sonnet sweep,0,1,0,0,,,,0,0,0,grams (g),.15000001,150,g,log10 median,"preserved or processed meat (tocino, tapa, longaniza, etc)",putos,CAPIZ,PILAR,PilarbPublic Market,Delmoro Frozen Foods,OG4EZSLJ,,,,,,,,.15,,,,,,150,,,,,scale_with_item,,,,,clear,,,,,,,,small_size
4649,1776301772108,1776301772108.jpg,255,g,sonnet sweep,0,1,0,0,,,,0,0,0,grams (g),.255,255,g,log10 median,"preserved or processed meat (tocino, tapa, longaniza, etc)",putos,CAPIZ,PILAR,PilarbPublic Market,Delmoro Frozen Foods,OG4EZSLJ,,,,,,,,.255,,,,,,255,,,,,scale_with_item,,,,,clear,,,,,,,,medium_size
4736,1776217696528,1776217696528.jpg,1080,g,sonnet sweep,0,1,0,0,,,,0,0,0,grams (g),1,1000,g,block governs,"prawns, lobster, shrimp",tumpok,CAPIZ,PONTEVEDRA,Pontevedra,Panuy,PY1QXOXW,,,,,,,,1.08,,,,,,1080,,,,,scale_with_item,,,,,clear,,,,,,,,conventional_nsu
4797,1776305219475,1776305219475.jpg,90,g,sonnet sweep,0,1,0,0,,,,0,0,0,grams (g),.090000004,90,g,block governs,pork,2 slice,CAPIZ,PRESIDENT ROXAS,President roxas,Boknoy,HHTA9CG3,,,,,,,,.09,,,,,,90,,,,,scale_with_item,,,,,clear,,,,,,,,province_median
4843,1775879036042,1775879036042.jpg,485,g,sonnet tiled,0,1,0,0,,,,0,0,0,grams (g),435,435,g,log10 median,"drinks at restaurant, hotel, cafe, or kiosk",pieces or units,CAPIZ,SAPI-AN,SAPI-AN Roadside,Marlyn Halo Halo,HPHBGT2W,,,,,,,.485,,,.955,,,485,,,955,scale_with_item,scale_with_item,,,scale_with_item,clear,ambiguous,,,clear,,,,,,medium_size
4856,1776046601290,1776046601290.jpg,52,g,package label (g),0,1,1,0,Net Content: 52g,52,g,1,0,1,grams (g),52,52,mL,log10 median,"ice cream, sorbet, edible ice (eg., ice-lolli, halo-halo)",putos,CAPIZ,SAPI-AN,Sapi-an Public market,Arrow Store,9UDBK97T,,,,,,,,,,,,,,,,,,,label_closeup,,,,,not_visible,,,,,Net Content: 52g,,,province_median
4860,1776043350974,1776043350974.jpg,375,mL,package label (mL),0,1,1,1,375 mL,375,mL,1,0,1,grams (g),.375,375,mL,log10 median,"liquor (e.g, whisky, coconut wine)",lipid/lapad,CAPIZ,SAPI-AN,SAPI-AN Public Market,Marves Store,6KDI9Z1H,,,,,,,,,,,,,,,,,,,label_closeup,,,,,not_visible,,,,,375 mL,,,medium_size
4881,1776045945900,1776045945900.jpg,10000,mL,package label (mL),0,1,1,1,10 LITERS,10000,mL,1,0,1,Litres (L),.0099999998,1000,mL,log10 median,"mineral or spring water, all drinking water sold in containers",refilled,CAPIZ,SAPI-AN,Sapi-an Public market,Rp store,ERG35EHQ,,,,,,,,,,,,,,,,,item_no_scale,,,,item_no_scale,not_visible,,,,not_visible,10 LITERS,,,,1 Liter,medium_size
4882,1776049347564,1776049347564.jpg,10000,mL,package label (mL),0,1,1,1,10 LITERS,10000,mL,1,0,1,Litres (L),.0099999998,1000,mL,log10 median,"mineral or spring water, all drinking water sold in containers",refilled,CAPIZ,SAPI-AN,Sapi-an Roadside,Amy Store,EXMZ7FGJ,,,,,,,,,,,,,,,,,,,item_no_scale,,,,,not_visible,,,,,10 LITERS,,,medium_size
4883,1776046490364,1776046490364.jpg,10000,mL,package label (mL),0,1,1,1,10 LITERS,10000,mL,1,0,1,Litres (L),.0099999998,1000,mL,log10 median,"mineral or spring water, all drinking water sold in containers",refilled,CAPIZ,SAPI-AN,Sapi-an Public market,Arrow Store,KPWQMH2H,,,,,,,,,,,,,,,,,,,label_closeup,,,,,not_visible,,,,,10 LITERS,,,medium_size
4884,1776043770831,1776043770831.jpg,10000,mL,package label (mL),0,1,1,1,10 LITERS,10000,mL,1,0,1,Litres (L),.0099999998,1000,mL,block governs,"mineral or spring water, all drinking water sold in containers",refilled,CAPIZ,SAPI-AN,Sapi-an Public market,Marves Store,LPBWXFY0,,,,,,,,,,,,,,,,,,,item_no_scale,,,,,not_visible,,,,,10 LITERS,,,large_size
4891,1775872348440,1775872348440.jpg,250,g,package label (g),0,1,1,0,Net Wt.: 250g,250,g,1,0,1,Kilograms (Kgs),250,250,g,log10 median,"preserved or processed meat (tocino, tapa, longaniza, etc)",putos,CAPIZ,SAPI-AN,SAPI-AN Public Market,May Ann Frozen Foods,XRDJOXIG,,,,,,,,,,,,,,,,,,,item_no_scale,,,,,not_visible,,,,,Net Wt.: 250g,,,municipality_median
4895,1775524031164,1775524031164.jpg,505,g,sonnet sweep,0,1,0,0,,,,0,0,0,grams (g),.505,505,g,log10 median,cabbage,pieces or units,CAPIZ,SIGMA,Sigma Public Market,Ping Ping Store,473L28K8,,,,,,,,.505,,,,,,505,,,,,scale_with_item,,,,,clear,,,,,,,,small_size
4896,1775524054557,1775524054557.jpg,695,g,sonnet sweep,0,1,0,0,,,,0,0,0,grams (g),.69499999,695,g,log10 median,cabbage,pieces or units,CAPIZ,SIGMA,Sigma Public Market,Ping Ping Store,473L28K8,,,,,,,,.695,,,,,,695,,,,,scale_with_item,,,,,clear,,,,,,,,medium_size
4897,1775524082293,1775524082293.jpg,870,g,sonnet sweep,0,1,0,0,,,,0,0,0,grams (g),.87,870,g,log10 median,cabbage,pieces or units,CAPIZ,SIGMA,Sigma Public Market,Ping Ping Store,473L28K8,,,,,,,,.87,,,,,,870,,,,,scale_with_item,,,,,clear,,,,,,,,large_size
4905,1775524200586,1775524200586.jpg,440,g,sonnet sweep,0,1,0,0,,,,0,0,0,grams (g),.44,440,g,log10 median,cabbage,half,CAPIZ,SIGMA,roadside,Ping Ping Store,BTY1B5K3,,,,,,,,.44,,,,,,440,,,,,scale_with_item,,,,,clear,,,,,,,,medium_size
4909,1775524256419,1775524256419.jpg,165,g,sonnet sweep,0,1,0,0,,,,0,0,0,grams (g),.16500001,165,g,log10 median,cabbage,putos (mix vegetable),CAPIZ,SIGMA,roadside,Ping Ping Store,BD4M024Q,,,,,,,,.165,,,,,,165,,,,,scale_with_item,,,,,clear,,,,,,,,province_median
4912,1775530219467,1775530219467.jpg,200,g,sonnet sweep,0,1,0,0,,,,0,0,0,grams (g),.2,200,g,log10 median,camote tops,bugkos,CAPIZ,SIGMA,Sigma Public Market,Marissa Vegetable Stand,IVK6KH5Q,,,,,,,,.2,,,,,,200,,,,,scale_with_item,,,,,clear,,,,,,,,conventional_nsu
4913,1775524373493,1775524373493.jpg,105,g,sonnet sweep,0,1,0,0,,,,0,0,0,grams (g),.105,105,g,log10 median,carrot,pieces or units,CAPIZ,SIGMA,roadside,Ping Ping Store,13M7JANW,,,,,,,,.105,,,,,,105,,,,,scale_with_item,,,,,clear,,,,,,,,municipality_median
4924,1775526681860,1775526681860.jpg,105,g,sonnet sweep,0,1,0,0,,,,0,0,0,grams (g),.105,105,g,log10 median,fresh fish,pieces or units,CAPIZ,SIGMA,Sigma Public Market,Sylvia Fish Vendor,GTS5F8QY,,,,,,,,.105,,,,,,105,,,,,scale_with_item,,,,,clear,,,,,,,,small_size
4925,1775526710367,1775526710367.jpg,295,g,sonnet sweep,0,1,0,0,,,,0,0,0,grams (g),.29499999,295,g,log10 median,fresh fish,pieces or units,CAPIZ,SIGMA,Sigma Public Market,Sylvia Fish Vendor,GTS5F8QY,,,,,,,,.295,,,,,,295,,,,,scale_with_item,,,,,clear,,,,,,,,medium_size
4926,1775526732639,1775526732639.jpg,915,g,sonnet sweep,0,1,0,0,,,,0,0,0,grams (g),.91500002,915,g,log10 median,fresh fish,pieces or units,CAPIZ,SIGMA,Sigma Public Market,Sylvia Fish Vendor,GTS5F8QY,,,,,,,,.915,,,,,,915,,,,,scale_with_item,,,,,clear,,,,,,,,large_size
4934,1775526859874,1775526859874.jpg,885,g,sonnet sweep,0,1,0,0,,,,0,0,0,grams (g),.88499999,885,g,block governs,fresh fish,pack,CAPIZ,SIGMA,roadside,Sylvia Fish Vendor,5DYVG9ZE,,,,,,,,.885,,,,,,885,,,,,scale_with_item,,,,,clear,,,,,,,,province_median
4935,1775527493887,1775527493887.jpg,155,g,sonnet hi-res,0,1,0,0,,,,0,0,0,grams (g),.155,155,g,block governs,fresh fish,pack,CAPIZ,SIGMA,roadside,Roseland Fish retail,6V9L3BXH,,,,,,.155,.155,,,.155,,155,155,,,155,scale_with_item,scale_with_item,,,scale_with_item,clear,clear,,,clear,,,,,,province_median
4936,1775611968774,1775611968774.jpg,,,,0,0,0,0,,,,0,0,0,grams (g),.44999999,450,g,block governs,"ice cream, sorbet, edible ice (eg., ice-lolli, halo-halo)",pieces or units,CAPIZ,SIGMA,Roadside,Argentina Store,8DZUAX1M,,,,,,,,,,,,,,,,,item_no_scale,,,,label_closeup,not_visible,,,,not_visible,,,,,,municipality_median
4939,1775534417181,1775534417181.jpg,,,,0,0,0,0,,,,0,0,0,Litres (L),.035,35,g,log10 median,"ice cream, sorbet, edible ice (eg., ice-lolli, halo-halo)",pieces or units,CAPIZ,SIGMA,Sigma Public Market,Eatscape Food House,UKOFZ6N5,,,,,,,,,,,,,,,,,,,label_closeup,,,,,not_visible,,,,,,,,municipality_median
4940,1775610252743,1775610252743.jpg,,,,0,0,0,0,,,,0,0,0,Litres (L),.1,100,mL,log10 median,"ice cream, sorbet, edible ice (eg., ice-lolli, halo-halo)",small cup,CAPIZ,SIGMA,roadside,Berino Store,83LPC8QE,,,,,,,,,,,,,,,,,unreadable,,,,other,not_visible,,,,not_visible,,,,,,small_size
4941,1775612042151,1775612042151.jpg,,,,0,0,0,0,,,,0,0,0,grams (g),110,110,mL,log10 median,"ice cream, sorbet, edible ice (eg., ice-lolli, halo-halo)",small cup,CAPIZ,SIGMA,roadside,Argentina Store,LJI9T1H6,,,,,,,,,,,,,,,,,,,item_no_scale,,,,,not_visible,,,,,,,,small_size
4942,1775611159628,1775611159628.jpg,100,mL,package label (mL),0,1,1,1,100mL,100,mL,1,0,1,grams (g),100,100,mL,log10 median,"ice cream, sorbet, edible ice (eg., ice-lolli, halo-halo)",small cup,CAPIZ,SIGMA,roadside,Khoyz Store,SJ6OUY71,,,,,,,,,,,,,,,,,,,label_closeup,,,,,not_visible,,,,,100mL,,,small_size
4944,1775534776224,1775534776224.jpg,350,mL,package label (mL),0,1,1,1,Net Weight 350ml,350,mL,1,0,1,Litres (L),.34999999,35,mL,log10 median,"ice cream, sorbet, edible ice (eg., ice-lolli, halo-halo)",small cup,CAPIZ,SIGMA,roadside,Eatscape Food House,TZR47U4D,,,,,,,,,,,,,,,,,,,label_closeup,,,,,not_visible,,,,,Net Weight 350ml,,,medium_size
4945,1775610322449,1775610322449.jpg,1250,mL,package label (mL),0,1,1,1,1.25L,1250,mL,1,0,1,Litres (L),.00125,1250,mL,log10 median,"ice cream, sorbet, edible ice (eg., ice-lolli, halo-halo)",tub,CAPIZ,SIGMA,roadside,Berino Store,8J2RXTGY,,,,,,,,,,,,,,,,,,,label_closeup,,,,,not_visible,,,,,1.25L,,,large_size
4946,1775612108763,1775612108763.jpg,,,,0,0,0,0,,,,0,0,0,grams (g),700,700,mL,log10 median,"ice cream, sorbet, edible ice (eg., ice-lolli, halo-halo)",tub,CAPIZ,SIGMA,roadside,Argentina Store,F0VVP8AW,,,,,,,,,,,,,,,,,,,label_closeup,,,,,not_visible,,,,,,,,small_size
4947,1775612130542,1775612130542.jpg,1250,mL,package label (mL),0,1,1,1,1.25 L,1250,mL,1,0,1,Litres (L),.00125,1250,mL,log10 median,"ice cream, sorbet, edible ice (eg., ice-lolli, halo-halo)",tub,CAPIZ,SIGMA,roadside,Argentina Store,F0VVP8AW,,,,,,,,,,,,,,,,,,,label_closeup,,,,,not_visible,,,,,1.25 L,,,large_size
4950,1778900089135,1778900089135.jpg,1700,mL,package label (mL),0,1,1,1,1.7 Liters,1700,mL,1,0,1,Litres (L),.0017,1700,mL,log10 median,"ice cream, sorbet, edible ice (eg., ice-lolli, halo-halo)",tub,CAPIZ,SIGMA,roadside,Gab Store,FB9O04U2,,,,,,,,,,,,,,,,,,,label_closeup,,,,,not_visible,,,,,1.7 Liters,,,large_size
4953,1778900341660,1778900341660.jpg,375,mL,package label (mL),0,1,1,1,375 mL,375,mL,1,0,1,Litres (L),375,375,mL,log10 median,"liquor (e.g, whisky, coconut wine)",lipid/lapad,CAPIZ,SIGMA,roadside,Gab Store,8EY4GRLE,,,,,,,,,,,,,,,,,,,label_closeup,,,,,not_visible,,,,,375 mL,,,municipality_median
4970,1775527540797,1775527540797.jpg,280,g,sonnet sweep,0,1,0,0,,,,0,0,0,grams (g),.28,280,g,log10 median,"prawns, lobster, shrimp",tumpok,CAPIZ,SIGMA,roadside,Roseland Fish retail,72C9DIQU,,,,,,,,.28,,,,,,280,,,,,scale_with_item,,,,,clear,,,,,,,,conventional_nsu
4971,1775526918098,1775526918098.jpg,330,g,sonnet sweep,0,1,0,0,,,,0,0,0,grams (g),.33000001,330,g,log10 median,"prawns, lobster, shrimp",tumpok,CAPIZ,SIGMA,roadside,Sylvia Fish Vendor,YEIFOE7M,,,,,,,,.33,,,,,,330,,,,,scale_with_item,,,,,clear,,,,,,,,conventional_nsu
4972,1775528808367,1775528808367.jpg,270,g,sonnet sweep,0,1,0,0,,,,0,0,0,grams (g),.27000001,270,g,log10 median,"preserved or processed meat (tocino, tapa, longaniza, etc)",putos,CAPIZ,SIGMA,Sigma Public Market,Azarcon Dressed Chicken,H7M7SEV4,,,,,,,,.27,,,,,,270,,,,,scale_with_item,,,,,clear,,,,,,,,municipality_median
4976,1775703565165,1775703565165.jpg,460,g,sonnet hi-res,0,1,0,0,,,,0,0,0,grams (g),.46000001,460,g,log10 median,cabbage,pieces or units,CAPIZ,TAPAZ,Tapaz Public Market,Irene Vegetables,1OYD2A34,,,,,,.46,.46,,,.46,,460,460,,,460,scale_with_item,scale_with_item,,,scale_with_item,clear,clear,,,clear,,,,,,municipality_median
4977,1775701664633,1775701664633.jpg,545,g,sonnet sweep,0,1,0,0,,,,0,0,0,grams (g),.54500002,545,g,log10 median,cabbage,pieces or units,CAPIZ,TAPAZ,Tapaz Public Market,Muzo Wet and Dry Goods,FUD2XZAS,,,,,,,,.545,,,,,,545,,,,,scale_with_item,,,,,clear,,,,,,,,municipality_median
4979,1775701719010,1775701719010.jpg,160,g,sonnet sweep,0,1,0,0,,,,0,0,0,grams (g),.16,160,g,log10 median,cabbage,pack,CAPIZ,TAPAZ,Tapaz Public Market,Muzo Wet and Dry Goods,88QXIGG5,,,,,,,,.16,,,,,,160,,,,,scale_with_item,,,,,clear,,,,,,,,province_median
4981,1775703779931,1775703779931.jpg,140,g,sonnet sweep,0,1,0,0,,,,0,0,0,grams (g),.14,140,g,log10 median,cabbage,pack,CAPIZ,TAPAZ,Tapaz Public Market,Irene Vegetables,Z96LENEI,,,,,,,,.14,,,,,,140,,,,,scale_with_item,,,,,clear,,,,,,,,province_median
4983,1775703690524,1775703690524.jpg,165,g,sonnet sweep,0,1,0,0,,,,0,0,0,grams (g),.16500001,165,g,log10 median,camote tops,bugkos,CAPIZ,TAPAZ,Tapaz Public Market,Irene Vegetables,I7G2S4BJ,,,,,,,,.165,,,,,,165,,,,,scale_with_item,,,,,clear,,,,,,,,conventional_nsu
4984,1775701794160,1775701794160.jpg,290,g,sonnet sweep,0,1,0,0,,,,0,0,0,grams (g),.28999999,290,g,log10 median,camote tops,bugkos,CAPIZ,TAPAZ,Tapaz Public Market,Muzo Wet and Dry Goods,MB6HR869,,,,,,,,.29,,,,,,290,,,,,scale_with_item,,,,,clear,,,,,,,,conventional_nsu
4985,1775703820780,1775703820780.jpg,95,g,sonnet sweep,0,1,0,0,,,,0,0,0,grams (g),.094999999,95,g,log10 median,camote,bilog,CAPIZ,TAPAZ,Tapaz Public Market,Irene Vegetables,BK8G7MAL,,,,,,,,.095,,,,,,95,,,,,scale_with_item,,,,,clear,,,,,,,,province_median
4986,1775703864310,1775703864310.jpg,95,g,sonnet sweep,0,1,0,0,,,,0,0,0,grams (g),.094999999,95,g,log10 median,camote,bilog,CAPIZ,TAPAZ,Tapaz Public Market,Gemma Store,WWL7WL8E,,,,,,,,.095,,,,,,95,,,,,scale_with_item,,,,,clear,,,,,,,,province_median
4987,1775701888652,1775701888652.jpg,100,g,sonnet sweep,0,1,0,0,,,,0,0,0,grams (g),.1,100,g,log10 median,camote,bilog,CAPIZ,TAPAZ,Tapaz Public Market,Muzo Wet and Dry Goods,YYD9YO8B,,,,,,,,.1,,,,,,100,,,,,scale_with_item,,,,,clear,,,,,,,,province_median
4988,1775701977093,1775701977093.jpg,95,g,sonnet sweep,0,1,0,0,,,,0,0,0,grams (g),.094999999,95,g,log10 median,carrot,pieces or units,CAPIZ,TAPAZ,Tapaz Public Market,Muzo Wet and Dry Goods,1VGA5BWD,,,,,,,,.095,,,,,,95,,,,,scale_with_item,,,,,clear,,,,,,,,small_size
4989,1775701994694,1775701994694.jpg,170,g,sonnet sweep,0,1,0,0,,,,0,0,0,grams (g),.17,170,g,log10 median,carrot,pieces or units,CAPIZ,TAPAZ,Tapaz Public Market,Muzo Wet and Dry Goods,1VGA5BWD,,,,,,,,.17,,,,,,170,,,,,scale_with_item,,,,,clear,,,,,,,,medium_size
4990,1775702009983,1775702009983.jpg,240,g,sonnet sweep,0,1,0,0,,,,0,0,0,grams (g),.23999999,240,g,log10 median,carrot,pieces or units,CAPIZ,TAPAZ,Tapaz Public Market,Muzo Wet and Dry Goods,1VGA5BWD,,,,,,,,.24,,,,,,240,,,,,scale_with_item,,,,,clear,,,,,,,,large_size
4994,1775703622639,1775703622639.jpg,55,g,sonnet sweep,0,1,0,0,,,,0,0,0,grams (g),.055,55,g,log10 median,carrot,pieces or units,CAPIZ,TAPAZ,Tapaz Public Market,Irene Vegetables,W2UWCYV3,,,,,,,,.055,,,,,,55,,,,,scale_with_item,,,,,clear,,,,,,,,small_size
4995,1775703637185,1775703637185.jpg,100,g,sonnet sweep,0,1,0,0,,,,0,0,0,grams (g),.1,100,g,log10 median,carrot,pieces or units,CAPIZ,TAPAZ,Tapaz Public Market,Irene Vegetables,W2UWCYV3,,,,,,,,.1,,,,,,100,,,,,scale_with_item,,,,,clear,,,,,,,,medium_size
4996,1775703652194,1775703652194.jpg,130,g,human,1,1,0,0,,,,0,0,0,grams (g),.13,130,g,log10 median,carrot,pieces or units,CAPIZ,TAPAZ,Tapaz Public Market,Irene Vegetables,W2UWCYV3,.13,0.13,scale,1,,.13,.13,,,.13,130,130,130,,,130,scale_with_item,scale_with_item,,,scale_with_item,clear,clear,,,ambiguous,,,,,,large_size
5021,1775700922372,1775700922372.jpg,215,g,sonnet sweep,0,1,0,0,,,,0,0,0,grams (g),.215,215,g,log10 median,fresh fish,pieces or units,CAPIZ,TAPAZ,Tapaz Public Market,Jessica Fish Stand,JMVKQHKP,,,,,,,,.215,,,,,,215,,,,,scale_with_item,,,,,clear,,,,,,,,small_size
5022,1775700942770,1775700942770.jpg,230,g,sonnet sweep,0,1,0,0,,,,0,0,0,grams (g),.23,230,g,log10 median,fresh fish,pieces or units,CAPIZ,TAPAZ,Tapaz Public Market,Jessica Fish Stand,JMVKQHKP,,,,,,,,.23,,,,,,230,,,,,scale_with_item,,,,,clear,,,,,,,,medium_size
5023,1775701001223,1775701001223.jpg,255,g,sonnet sweep,0,1,0,0,,,,0,0,0,grams (g),.255,255,g,log10 median,fresh fish,pieces or units,CAPIZ,TAPAZ,Tapaz Public Market,Jessica Fish Stand,JMVKQHKP,,,,,,,,.255,,,,,,255,,,,,scale_with_item,,,,,clear,,,,,,,,large_size
5024,1775700458430,1775700458430.jpg,165,g,sonnet sweep,0,1,0,0,,,,0,0,0,grams (g),.16500001,165,g,log10 median,fresh fish,pieces or units,CAPIZ,TAPAZ,Tapaz Public Market,Rina Fish Stall,SVR5A502,,,,,,,,.165,,,,,,165,,,,,scale_with_item,,,,,clear,,,,,,,,small_size
5025,1775700508109,1775700508109.jpg,280,g,sonnet sweep,0,1,0,0,,,,0,0,0,grams (g),.28,280,g,log10 median,fresh fish,pieces or units,CAPIZ,TAPAZ,Tapaz Public Market,Rina Fish Stall,SVR5A502,,,,,,,,.28,,,,,,280,,,,,scale_with_item,,,,,clear,,,,,,,,medium_size
5026,1775700560104,1775700560104.jpg,340,g,sonnet sweep,0,1,0,0,,,,0,0,0,grams (g),.34,340,g,log10 median,fresh fish,pieces or units,CAPIZ,TAPAZ,Tapaz Public Market,Rina Fish Stall,SVR5A502,,,,,,,,.34,,,,,,340,,,,,scale_with_item,,,,,clear,,,,,,,,large_size
5029,1775787703757,1775787703757.jpg,70,mL,package label (mL),0,1,1,1,Net Content: 70 mL,70,mL,1,0,1,grams (g),70,,,,,,CAPIZ,TAPAZ,Roadside,Miles Store,TPB67YFW,,,,,,,,,,,,,,,,,item_no_scale,,,,label_closeup,not_visible,,,,not_visible,Net Content: 70 mL,,,,,
5030,1775709155441,1775709155441.jpg,,,,0,0,0,0,,,,0,0,0,Litres (L),60,60,g,log10 median,"ice cream, sorbet, edible ice (eg., ice-lolli, halo-halo)",pieces or units,CAPIZ,TAPAZ,Tapaz Public Market,Gahum Store,XWR0PFY3,,,,,,,,,,,,,,,,,,,label_closeup,,,,,not_visible,,,,,,,,municipality_median
5063,1775704276355,1775704276355.jpg,135,g,sonnet sweep,0,1,0,0,,,,0,0,0,grams (g),.13500001,135,g,log10 median,mango,pieces or units,CAPIZ,TAPAZ,Tapaz Public Market,Emma Fruit Stand,8ZF6JK9Y,,,,,,,,.135,,,,,,135,,,,,scale_with_item,,,,,clear,,,,,,,,municipality_median
5069,1775702524861,1775702524861.jpg,255,g,sonnet sweep,0,1,0,0,,,,0,0,0,grams (g),.255,255,g,log10 median,"preserved or processed meat (tocino, tapa, longaniza, etc)",putos,CAPIZ,TAPAZ,Tapaz Public Market,Muzo Wet and Dry Goods,XVPGSX66,,,,,,,,.255,,,,,,255,,,,,scale_with_item,,,,,clear,,,,,,,,municipality_median
5070,1773800189490,1773800189490.jpg,825,g,sonnet sweep,0,1,0,0,,,,0,0,0,grams (g),.82499999,825,g,log10 median,cabbage,pieces or units,ILOILO,AJUY,Ajuy roadside,Psyzee store,5DG9JFQZ,,,,,,,,.825,,,,,,825,,,,,scale_with_item,,,,,clear,,,,,,,,medium_size
5071,1773800235423,1773800235423.jpg,920,g,sonnet sweep,0,1,0,0,,,,0,0,0,grams (g),.92000002,920,g,log10 median,cabbage,pieces or units,ILOILO,AJUY,Ajuy roadside,Psyzee store,5DG9JFQZ,,,,,,,,.92,,,,,,920,,,,,scale_with_item,,,,,clear,,,,,,,,large_size
5076,1773719167310,1773719167310.jpg,135,g,sonnet sweep,0,1,0,0,,,,0,0,0,grams (g),.13500001,135,g,log10 median,cabbage,pack,ILOILO,AJUY,Ajuy public market,Jorzabel store,J7FTD7GP,,,,,,,,.135,,,,,,135,,,,,scale_with_item,,,,,clear,,,,,,,,province_median
5077,1773710954464,1773710954464.jpg,200,g,sonnet hi-res,0,1,0,0,,,,0,0,0,grams (g),.2,200,g,log10 median,camote tops,bugkos,ILOILO,AJUY,Ajuy public market,Valera store,6UV0NOUO,,,,,,.2,.2,,,.2,,200,200,,,200,scale_with_item,scale_with_item,,,scale_with_item,clear,clear,,,clear,,,,,,small_size
5078,1773710986019,1773710986019.jpg,325,g,sonnet sweep,0,1,0,0,,,,0,0,0,grams (g),.32499999,325,g,log10 median,camote tops,bugkos,ILOILO,AJUY,Ajuy public market,Valera store,6UV0NOUO,,,,,,,,.325,,,,,,325,,,,,scale_with_item,,,,,clear,,,,,,,,medium_size
5079,1773711016863,1773711016863.jpg,520,g,sonnet sweep,0,1,0,0,,,,0,0,0,grams (g),.51999998,520,g,log10 median,camote tops,bugkos,ILOILO,AJUY,Ajuy public market,Valera store,6UV0NOUO,,,,,,,,.52,,,,,,520,,,,,scale_with_item,,,,,clear,,,,,,,,large_size
5080,1773800048867,1773800048867.jpg,120,g,sonnet sweep,0,1,0,0,,,,0,0,0,grams (g),.12,120,g,log10 median,camote,bilog,ILOILO,AJUY,Ajuy roadside,Psyzee store,O7AONVKP,,,,,,,,.12,,,,,,120,,,,,scale_with_item,,,,,probable,,,,,,,,province_median
5081,1773710825223,1773710825223.jpg,160,g,sonnet sweep,0,1,0,0,,,,0,0,0,grams (g),.16,160,g,log10 median,camote,bilog,ILOILO,AJUY,Ajuy public market,Valera store,R6JUD5DP,,,,,,,,.16,,,,,,160,,,,,scale_with_item,,,,,clear,,,,,,,,province_median
5082,1773800535487,1773800535487.jpg,85,g,sonnet sweep,0,1,0,0,,,,0,0,0,grams (g),.085000001,85,g,log10 median,carrot,pieces or units,ILOILO,AJUY,Ajuy roadside,Psyzee store,18ZCDKRA,,,,,,,,.085,,,,,,85,,,,,scale_with_item,,,,,clear,,,,,,,,small_size
5083,1773708191456,1773708191456.jpg,115,g,sonnet sweep,0,1,0,0,,,,0,0,0,grams (g),.115,115,g,log10 median,carrot,pieces or units,ILOILO,AJUY,Ajuy public market,Jorzabel store,73HRQ23C,,,,,,,,.115,,,,,,115,,,,,scale_with_item,,,,,clear,,,,,,,,small_size
5084,1773708220998,1773708220998.jpg,140,g,sonnet sweep,0,1,0,0,,,,0,0,0,grams (g),.14,140,g,log10 median,carrot,pieces or units,ILOILO,AJUY,Ajuy public market,Jorzabel store,73HRQ23C,,,,,,,,.14,,,,,,140,,,,,scale_with_item,,,,,clear,,,,,,,,medium_size
5085,1773708244116,1773708244116.jpg,250,g,sonnet sweep,0,1,0,0,,,,0,0,0,grams (g),.25,250,g,log10 median,carrot,pieces or units,ILOILO,AJUY,Ajuy public market,Jorzabel store,73HRQ23C,,,,,,,,.25,,,,,,250,,,,,scale_with_item,,,,,clear,,,,,,,,large_size
5087,1773709379973,1773709379973.jpg,625,g,sonnet sweep,0,1,0,0,,,,0,0,0,grams (g),.625,625,g,log10 median,chicken,whole (chicken),ILOILO,AJUY,Ajuy public market,Ped's store,ITJS7SDP,,,,,,,,.625,,,,,,625,,,,,scale_with_item,,,,,clear,,,,,,,,small_size
5088,1773715080261,1773715080261.jpg,25,g,sonnet sweep,0,1,0,0,,,,0,0,0,grams (g),.025,25,g,log10 median,"crackers, cookies, buiscuits, chips/curls",pieces or units,ILOILO,AJUY,Ajuy public market,Aidan store,6Y64OG3A,,,,,,,,.025,,,,,,25,,,,,scale_with_item,,,,,clear,,,,,,,,small_size
5089,1773715106734,1773715106734.jpg,50,g,sonnet sweep,0,1,0,0,,,,0,0,0,grams (g),.050000001,50,g,log10 median,"crackers, cookies, buiscuits, chips/curls",pieces or units,ILOILO,AJUY,Ajuy public market,Aidan store,6Y64OG3A,,,,,,,,.05,,,,,,50,,,,,scale_with_item,,,,,clear,,,,,,,,medium_size
5090,1773715137816,1773715137816.jpg,95,g,sonnet sweep,0,1,0,0,,,,0,0,0,grams (g),.094999999,95,g,log10 median,"crackers, cookies, buiscuits, chips/curls",pieces or units,ILOILO,AJUY,Ajuy public market,Aidan store,6Y64OG3A,,,,,,,,.095,,,,,,95,,,,,scale_with_item,,,,,clear,,,,,,,,large_size
5091,1773715319615,1773715319615.jpg,270,g,sonnet sweep,0,1,0,0,,,,0,0,0,grams (g),.27000001,270,g,log10 median,"crackers, cookies, buiscuits, chips/curls",putos,ILOILO,AJUY,Ajuy public market,Aidan store,GA3MTPK3,,,,,,,,.27,,,,,,270,,,,,scale_with_item,,,,,clear,,,,,,,,small_size
5092,1773715357404,1773715357404.jpg,290,g,sonnet sweep,0,1,0,0,,,,0,0,0,grams (g),.28999999,290,g,log10 median,"crackers, cookies, buiscuits, chips/curls",putos,ILOILO,AJUY,Ajuy public market,Aidan store,GA3MTPK3,,,,,,,,.29,,,,,,290,,,,,scale_with_item,,,,,clear,,,,,,,,medium_size
5093,1773715380789,1773715380789.jpg,360,g,sonnet sweep,0,1,0,0,,,,0,0,0,grams (g),.36000001,360,g,log10 median,"crackers, cookies, buiscuits, chips/curls",putos,ILOILO,AJUY,Ajuy public market,Aidan store,GA3MTPK3,,,,,,,,.36,,,,,,360,,,,,scale_with_item,,,,,clear,,,,,,,,large_size
5094,1773797664120,1773797664120.jpg,,,,0,0,0,0,,,,0,0,0,grams (g),.34,340,g,log10 median,fresh fish,pieces or units,ILOILO,AJUY,Ajuy talipapa,Rey talipapa,J4Q68BCY,,,,,,,,,,,,,,,,,,,scale_with_item,,,,,ambiguous,,,,,,,,medium_size
5095,1773797794747,1773797794747.jpg,,,,0,0,0,0,,,,0,0,0,grams (g),.58499998,585,g,log10 median,fresh fish,pieces or units,ILOILO,AJUY,Ajuy talipapa,Rey talipapa,J4Q68BCY,,,,,,,,,,,,,,,,,,,scale_with_item,,,,,not_visible,,,,,,,,large_size
5096,1773712317488,1773712317488.jpg,395,g,sonnet sweep,0,1,0,0,,,,0,0,0,grams (g),.39500001,395,g,log10 median,fresh fish,pieces or units,ILOILO,AJUY,Ajuy public market,Alicia,TUNLA9YX,,,,,,,,.395,,,,,,395,,,,,scale_with_item,,,,,clear,,,,,,,,medium_size
5097,1773712378167,1773712378167.jpg,605,g,sonnet sweep,0,1,0,0,,,,0,0,0,grams (g),.60500002,605,g,log10 median,fresh fish,pieces or units,ILOILO,AJUY,Ajuy public market,Alicia,TUNLA9YX,,,,,,,,.605,,,,,,605,,,,,scale_with_item,,,,,clear,,,,,,,,large_size
5105,1773717693637,1773717693637.jpg,65,g,sonnet sweep,0,1,0,0,,,,0,0,0,grams (g),.064999998,65,g,log10 median,"ice cream, sorbet, edible ice (eg., ice-lolli, halo-halo)",cone,ILOILO,AJUY,Ajuy,3rb sari sari store,F6QRLI9L,,,,,,,,.065,,,,,,65,,,,,scale_with_item,,,,,clear,,,,,,,,medium_size
5106,1773717854700,1773717854700.jpg,60,g,sonnet sweep,0,1,0,0,,,,0,0,0,grams (g),.059999999,60,g,log10 median,"ice cream, sorbet, edible ice (eg., ice-lolli, halo-halo)",small cup,ILOILO,AJUY,Ajuy roadside,3rb sari sari store,WG92LXNF,,,,,,,,.06,,,,,,60,,,,,scale_with_item,,,,,clear,,,,,,,,small_size
5107,1773717891498,1773717891498.jpg,65,g,sonnet sweep,0,1,0,0,,,,0,0,0,grams (g),.064999998,65,g,log10 median,"ice cream, sorbet, edible ice (eg., ice-lolli, halo-halo)",small cup,ILOILO,AJUY,Ajuy roadside,3rb sari sari store,WG92LXNF,,,,,,,,.065,,,,,,65,,,,,scale_with_item,,,,,clear,,,,,,,,medium_size
5108,1773717926993,1773717926993.jpg,170,g,sonnet sweep,0,1,0,0,,,,0,0,0,grams (g),.17,170,g,log10 median,"ice cream, sorbet, edible ice (eg., ice-lolli, halo-halo)",small cup,ILOILO,AJUY,Ajuy roadside,3rb sari sari store,WG92LXNF,,,,,,,,.17,,,,,,170,,,,,scale_with_item,,,,,clear,,,,,,,,large_size
5109,1773718137623,1773718137623.jpg,65,g,sonnet sweep,0,1,0,0,,,,0,0,0,grams (g),.064999998,65,g,log10 median,"ice cream, sorbet, edible ice (eg., ice-lolli, halo-halo)",putos,ILOILO,AJUY,Ajuy roadside,3rb sari sari store,AYA0CFUG,,,,,,,,.065,,,,,,65,,,,,scale_with_item,,,,,clear,,,,,,,,medium_size
5110,1773719996651,1773719996651.jpg,720,g,sonnet sweep,0,1,0,0,,,,0,0,0,grams (g),.72000003,720,g,block governs,"ice cream, sorbet, edible ice (eg., ice-lolli, halo-halo)",bowl,ILOILO,AJUY,Ajuy public market,Zias halo halo,T00WW373,,,,,,,,.72,,,,,,720,,,,,scale_with_item,,,,,clear,,,,,,,,medium_size
5111,1773720034673,1773720034673.jpg,910,g,sonnet sweep,0,1,0,0,,,,0,0,0,grams (g),.91000003,910,g,block governs,"ice cream, sorbet, edible ice (eg., ice-lolli, halo-halo)",bowl,ILOILO,AJUY,Ajuy public market,Zias halo halo,T00WW373,,,,,,,,.91,,,,,,910,,,,,scale_with_item,,,,,clear,,,,,,,,large_size
5112,1773803103151,1773803103151.jpg,605,g,sonnet sweep,0,1,0,0,,,,0,0,0,grams (g),.67500001,675,mL,log10 median,"liquor (e.g, whisky, coconut wine)",lipid/lapad,ILOILO,AJUY,Ajuy road side,Antonio store,0F6SC6ZP,,,,,,,,.605,,,,,,605,,,,,scale_with_item,,,,,probable,,,,,,,,medium_size
5113,1773801822575,1773801822575.jpg,670,g,sonnet sweep,0,1,0,0,,,,0,0,0,grams (g),.67000002,670,mL,log10 median,"liquor (e.g, whisky, coconut wine)",lipid/lapad,ILOILO,AJUY,Ajuy public market,Aidans store,GKTOGOB8,,,,,,,,.67,,,,,,670,,,,,scale_with_item,,,,,clear,,,,,,,,medium_size
5114,1773714933886,1773714933886.jpg,675,g,sonnet sweep,0,1,0,0,,,,0,0,0,grams (g),675,675,mL,log10 median,"liquor (e.g, whisky, coconut wine)",long-neck,ILOILO,AJUY,Ajuy public market,Aidan store,8RC57OYA,,,,,,,,.675,,,,,,675,,,,,scale_with_item,,,,,clear,,,,,,,,medium_size
5115,1773714978189,1773714978189.jpg,1220,g,sonnet sweep,0,1,0,0,,,,0,0,0,Kilograms (Kgs),1.22,1220,mL,log10 median,"liquor (e.g, whisky, coconut wine)",long-neck,ILOILO,AJUY,Ajuy public market,Aidan store,8RC57OYA,,,,,,,,1.22,,,,,,1220,,,,,scale_with_item,,,,,clear,,,,,,,,large_size
5116,1773803206170,1773803206170.jpg,,,,0,0,0,0,,,,0,0,0,Kilograms (Kgs),1.2,1200,mL,log10 median,"liquor (e.g, whisky, coconut wine)",long-neck,ILOILO,AJUY,Ajuy roadside,Antonio store,MO4HSNWG,,,,,,,,,,,,,,,,,,,scale_with_item,,,,,ambiguous,,,,,,,,large_size
5117,1773713837286,1773713837286.jpg,595,g,sonnet sweep,0,1,0,0,,,,0,0,0,grams (g),.59500003,595,g,log10 median,loaf bread,large packs,ILOILO,AJUY,Ajuy public market,Nbn bakeshop,2KY6QCB1,,,,,,,,.595,,,,,,595,,,,,scale_with_item,,,,,clear,,,,,,,,large_size
5118,1773713918002,1773713918002.jpg,400,g,sonnet sweep,0,1,0,0,,,,0,0,0,grams (g),.40000001,400,g,log10 median,loaf bread,small packs,ILOILO,AJUY,Ajuy public market,Nbn bakeshop,24XIK54W,,,,,,,,.4,,,,,,400,,,,,scale_with_item,,,,,clear,,,,,,,,medium_size
5119,1773713740657,1773713740657.jpg,600,g,sonnet sweep,0,1,0,0,,,,0,0,0,grams (g),.60000002,600,g,log10 median,loaf bread,large packs,ILOILO,AJUY,Ajuy public market,Nbn bakeshop,XLWEJ9AZ,,,,,,,,.6,,,,,,600,,,,,scale_with_item,,,,,clear,,,,,,,,large_size
5120,1773713566210,1773713566210.jpg,400,g,sonnet sweep,0,1,0,0,,,,0,0,0,grams (g),.40000001,400,g,log10 median,loaf bread,medium packs,ILOILO,AJUY,Ajuy public market,Nbn bakeshop,H8ITIU1Q,,,,,,,,.4,,,,,,400,,,,,scale_with_item,,,,,clear,,,,,,,,medium_size
5121,1773713617921,1773713617921.jpg,595,g,sonnet sweep,0,1,0,0,,,,0,0,0,grams (g),.59500003,595,g,log10 median,loaf bread,medium packs,ILOILO,AJUY,Ajuy public market,Nbn bakeshop,H8ITIU1Q,,,,,,,,.595,,,,,,595,,,,,scale_with_item,,,,,clear,,,,,,,,large_size
5122,1773802376971,1773802376971.jpg,465,g,sonnet sweep,0,1,0,0,Net Wt.: 450 g,450,g,1,0,1,grams (g),.465,465,g,log10 median,loaf bread,medium packs,ILOILO,AJUY,Ajuy roadside,Azuelos fruit stand,J2DEVIAY,,,,,,,,.465,,,,,,465,,,,,scale_with_item,,,,,clear,,,,,Net Wt.: 450 g,,,medium_size
5123,1773802406489,1773802406489.jpg,670,g,sonnet sweep,0,1,0,0,,,,0,0,0,grams (g),.67000002,670,g,log10 median,loaf bread,medium packs,ILOILO,AJUY,Ajuy roadside,Azuelos fruit stand,J2DEVIAY,,,,,,,,.67,,,,,,670,,,,,scale_with_item,,,,,clear,,,,,,,,large_size
5124,1773718811362,1773718811362.jpg,250,g,sonnet sweep,0,1,0,0,,,,0,0,0,grams (g),.25,250,g,log10 median,mango,pieces or units,ILOILO,AJUY,Ajuy,Danica Shane fruit stand,9IHPAXEB,,,,,,,,.25,,,,,,250,,,,,scale_with_item,,,,,clear,,,,,,,,municipality_median
5125,1773711842619,1773711842619.jpg,230,g,sonnet sweep,0,1,0,0,,,,0,0,0,grams (g),.23,230,g,log10 median,"prawns, lobster, shrimp",tumpok,ILOILO,AJUY,Ajuy public market,Alicia,WTEUK4NO,,,,,,,,.23,,,,,,230,,,,,scale_with_item,,,,,clear,,,,,,,,small_size
5126,1773711907574,1773711907574.jpg,415,g,sonnet sweep,0,1,0,0,,,,0,0,0,grams (g),.41499999,415,g,log10 median,"prawns, lobster, shrimp",tumpok,ILOILO,AJUY,Ajuy public market,Alicia,WTEUK4NO,,,,,,,,.415,,,,,,415,,,,,scale_with_item,,,,,clear,,,,,,,,medium_size
5127,1773712045998,1773712045998.jpg,550,g,sonnet sweep,0,1,0,0,,,,0,0,0,grams (g),.55000001,550,g,log10 median,"prawns, lobster, shrimp",tumpok,ILOILO,AJUY,Ajuy public market,Alicia,WTEUK4NO,,,,,,,,.55,,,,,,550,,,,,scale_with_item,,,,,clear,,,,,,,,large_size
5128,1773710057903,1773710057903.jpg,75,g,sonnet sweep,0,1,0,0,,,,0,0,0,grams (g),.075000003,75,g,log10 median,"preserved or processed meat (tocino, tapa, longaniza, etc)",bilog,ILOILO,AJUY,Ajuy public market,Ped's store,VLL83ZRU,,,,,,,,.075,,,,,,75,,,,,scale_with_item,,,,,clear,,,,,,,,large_size
5129,1773708442153,1773708442153.jpg,155,g,sonnet sweep,0,1,0,0,,,,0,0,0,grams (g),.155,155,g,log10 median,"preserved or processed meat (tocino, tapa, longaniza, etc)",putos,ILOILO,AJUY,Ajuy public market,Jorzabel store,RNOJFR4T,,,,,,,,.155,,,,,,155,,,,,scale_with_item,,,,,clear,,,,,,,,small_size
5130,1773708485429,1773708485429.jpg,325,g,sonnet sweep,0,1,0,0,,,,0,0,0,grams (g),.32499999,325,g,log10 median,"preserved or processed meat (tocino, tapa, longaniza, etc)",putos,ILOILO,AJUY,Ajuy public market,Jorzabel store,RNOJFR4T,,,,,,,,.325,,,,,,325,,,,,scale_with_item,,,,,clear,,,,,,,,medium_size
5131,1773708514270,1773708514270.jpg,585,g,sonnet sweep,0,1,0,0,,,,0,0,0,grams (g),.58499998,585,g,log10 median,"preserved or processed meat (tocino, tapa, longaniza, etc)",putos,ILOILO,AJUY,Ajuy public market,Jorzabel store,RNOJFR4T,,,,,,,,.585,,,,,,585,,,,,scale_with_item,,,,,clear,,,,,,,,large_size
5132,1775867305248,1775867305248.jpg,405,g,sonnet sweep,0,1,0,0,,,,0,0,0,grams (g),.405,405,g,log10 median,cabbage,pieces or units,ILOILO,ALIMODIAN,Alimodian public market,Shine Store,1STV1FCY,,,,,,,,.405,,,,,,405,,,,,scale_with_item,,,,,clear,,,,,,,,small_size
5133,1775867329458,1775867329458.jpg,560,g,sonnet sweep,0,1,0,0,,,,0,0,0,grams (g),.56,560,g,log10 median,cabbage,pieces or units,ILOILO,ALIMODIAN,Alimodian public market,Shine Store,1STV1FCY,,,,,,,,.5600000000000001,,,,,,560,,,,,scale_with_item,,,,,clear,,,,,,,,medium_size
5134,1775867354282,1775867354282.jpg,955,g,sonnet sweep,0,1,0,0,,,,0,0,0,grams (g),.95499998,955,g,log10 median,cabbage,pieces or units,ILOILO,ALIMODIAN,Alimodian public market,Shine Store,1STV1FCY,,,,,,,,.955,,,,,,955,,,,,scale_with_item,,,,,clear,,,,,,,,large_size
5135,1775868609565,1775868609565.jpg,410,g,sonnet sweep,0,1,0,0,,,,0,0,0,grams (g),.41,410,g,log10 median,cabbage,pieces or units,ILOILO,ALIMODIAN,Alimodian public market,Enriquita store,8JVVFG50,,,,,,,,.41,,,,,,410,,,,,scale_with_item,,,,,clear,,,,,,,,small_size
5136,1775868626125,1775868626125.jpg,705,g,sonnet sweep,0,1,0,0,,,,0,0,0,grams (g),.70499998,705,g,log10 median,cabbage,pieces or units,ILOILO,ALIMODIAN,Alimodian public market,Enriquita store,8JVVFG50,,,,,,,,.705,,,,,,705,,,,,scale_with_item,,,,,clear,,,,,,,,medium_size
5137,1775868072963,1775868072963.jpg,630,g,sonnet sweep,0,1,0,0,,,,0,0,0,grams (g),.63,630,g,log10 median,cabbage,pieces or units,ILOILO,ALIMODIAN,Alimodian public market,Teresita stall,DRMANM8X,,,,,,,,.63,,,,,,630,,,,,scale_with_item,,,,,clear,,,,,,,,medium_size
5138,1775868086658,1775868086658.jpg,715,g,sonnet sweep,0,1,0,0,,,,0,0,0,grams (g),.71499997,715,g,log10 median,cabbage,pieces or units,ILOILO,ALIMODIAN,Alimodian public market,Teresita stall,DRMANM8X,,,,,,,,.715,,,,,,715,,,,,scale_with_item,,,,,clear,,,,,,,,large_size
5142,1776039140175,1776039140175.jpg,605,g,sonnet sweep,0,1,0,0,,,,0,0,0,grams (g),.60500002,605,g,log10 median,cabbage,pieces or units,ILOILO,ALIMODIAN,"Talipapa Brgy.Bagumbayan,Alimodian",3 Rd store,UTH9FLBO,,,,,,,,.605,,,,,,605,,,,,scale_with_item,,,,,probable,,,,,,,,medium_size
5143,1776036692916,1776036692916.jpg,505,g,sonnet sweep,0,1,0,0,,,,0,0,0,grams (g),.505,505,g,log10 median,cabbage,pieces or units,ILOILO,ALIMODIAN,"Talipapa Brgy.Bangcal,Alimodian",Hapit Anay Kalan-an,ZKKYHY5Q,,,,,,,,.505,,,,,,505,,,,,scale_with_item,,,,,clear,,,,,,,,small_size
5144,1775868295259,1775868295259.jpg,90,g,sonnet sweep,0,1,0,0,,,,0,0,0,grams (g),.090000004,90,g,log10 median,cabbage,putos (mix vegetable),ILOILO,ALIMODIAN,Alimodian public market,Teresita stall,14LWQX0P,,,,,,,,.09,,,,,,90,,,,,scale_with_item,,,,,clear,,,,,,,,province_median
5145,1775868838952,1775868838952.jpg,130,g,sonnet sweep,0,1,0,0,,,,0,0,0,grams (g),.13,130,g,log10 median,cabbage,putos (mix vegetable),ILOILO,ALIMODIAN,Alimodian public market,Enriquita store,N7JPUEL0,,,,,,,,.13,,,,,,130,,,,,scale_with_item,,,,,clear,,,,,,,,province_median
5146,1775867745173,1775867745173.jpg,1700,g,sonnet sweep,0,1,0,0,,,,0,0,0,grams (g),.17,170,g,log10 median,cabbage,putos (mix vegetable),ILOILO,ALIMODIAN,Alimodian public market,Shine Store,XJK096K2,,,,,,,,1.7,,,,,,1700,,,,,scale_with_item,,,,,probable,,,,,,,,province_median
5147,1775870457198,1775870457198.jpg,175,g,sonnet sweep,0,1,0,0,,,,0,0,0,grams (g),.175,175,g,log10 median,camote tops,bugkos,ILOILO,ALIMODIAN,Alimodian Public Market,Janesa Vegetable stand,54844VDK,,,,,,,,.175,,,,,,175,,,,,scale_with_item,,,,,clear,,,,,,,,small_size
5149,1775870622897,1775870622897.jpg,130,g,sonnet sweep,0,1,0,0,,,,0,0,0,grams (g),.13,130,g,log10 median,camote tops,bugkos,ILOILO,ALIMODIAN,Alimodian Public Market,Arlene stall,S03DER5V,,,,,,,,.13,,,,,,130,,,,,scale_with_item,,,,,clear,,,,,,,,small_size
5150,1776041662364,1776041662364.jpg,,,,0,0,0,0,,,,0,0,0,grams (g),.090000004,90,g,log10 median,camote,bilog,ILOILO,ALIMODIAN,Roadside Alimodian,7 cities roadside vegetable stall,BHG3JLXH,,,,,,,,,,,,,,,,,,,scale_with_item,,,,,ambiguous,,,,,,,,small_size
5151,1776041682678,1776041682678.jpg,185,g,sonnet sweep,0,1,0,0,,,,0,0,0,grams (g),.185,185,g,log10 median,camote,bilog,ILOILO,ALIMODIAN,Roadside Alimodian,7 cities roadside vegetable stall,BHG3JLXH,,,,,,,,.185,,,,,,185,,,,,scale_with_item,,,,,probable,,,,,,,,medium_size
5152,1776041702218,1776041702218.jpg,950,g,sonnet sweep,0,1,0,0,,,,0,0,0,grams (g),.34999999,350,g,log10 median,camote,bilog,ILOILO,ALIMODIAN,Roadside Alimodian,7 cities roadside vegetable stall,BHG3JLXH,,,,,,,,.95,,,,,,950,,,,,scale_with_item,,,,,clear,,,,,,,,large_size
5153,1775869714581,1775869714581.jpg,60,g,sonnet sweep,0,1,0,0,,,,0,0,0,grams (g),.059999999,60,g,log10 median,camote,bilog,ILOILO,ALIMODIAN,Alimodian Public market,Charity stall,HRKXV28E,,,,,,,,.06,,,,,,60,,,,,scale_with_item,,,,,clear,,,,,,,,small_size
5154,1775869744244,1775869744244.jpg,220,g,sonnet sweep,0,1,0,0,,,,0,0,0,grams (g),.22,220,g,log10 median,camote,bilog,ILOILO,ALIMODIAN,Alimodian Public market,Charity stall,HRKXV28E,,,,,,,,.22,,,,,,220,,,,,scale_with_item,,,,,clear,,,,,,,,large_size
5155,1775870120546,1775870120546.jpg,140,g,sonnet sweep,0,1,0,0,,,,0,0,0,grams (g),.14,140,g,log10 median,camote,bilog,ILOILO,ALIMODIAN,Alimodian  public market,Russel fruit stand,LSZI4ZGO,,,,,,,,.14,,,,,,140,,,,,scale_with_item,,,,,clear,,,,,,,,small_size
5156,1775870134690,1775870134690.jpg,290,g,sonnet sweep,0,1,0,0,,,,0,0,0,grams (g),.28999999,290,g,log10 median,camote,bilog,ILOILO,ALIMODIAN,Alimodian  public market,Russel fruit stand,LSZI4ZGO,,,,,,,,.29,,,,,,290,,,,,scale_with_item,,,,,clear,,,,,,,,medium_size
5157,1775870147518,1775870147518.jpg,400,g,sonnet sweep,0,1,0,0,,,,0,0,0,grams (g),.40000001,400,g,log10 median,camote,bilog,ILOILO,ALIMODIAN,Alimodian  public market,Russel fruit stand,LSZI4ZGO,,,,,,,,.4,,,,,,400,,,,,scale_with_item,,,,,clear,,,,,,,,large_size
5158,1775867857802,1775867857802.jpg,,,,0,0,0,0,,,,0,0,0,grams (g),.11,110,g,log10 median,camote,bilog,ILOILO,ALIMODIAN,Alimodian public market,Shine Store,SJDNAPLW,,,,,,,,,,,,,,,,,,,scale_with_item,,,,,not_visible,,,,,,,,small_size
5159,1775867871544,1775867871544.jpg,180,g,sonnet sweep,0,1,0,0,,,,0,0,0,grams (g),.18000001,180,g,log10 median,camote,bilog,ILOILO,ALIMODIAN,Alimodian public market,Shine Store,SJDNAPLW,,,,,,,,.18,,,,,,180,,,,,scale_with_item,,,,,clear,,,,,,,,medium_size
5160,1775867893492,1775867893492.jpg,390,g,sonnet sweep,0,1,0,0,,,,0,0,0,grams (g),.38999999,390,g,log10 median,camote,bilog,ILOILO,ALIMODIAN,Alimodian public market,Shine Store,SJDNAPLW,,,,,,,,.39,,,,,,390,,,,,scale_with_item,,,,,clear,,,,,,,,large_size
5161,1775868174809,1775868174809.jpg,175,g,sonnet sweep,0,1,0,0,,,,0,0,0,grams (g),.175,175,g,log10 median,carrot,pieces or units,ILOILO,ALIMODIAN,Alimodian public market,Teresita stall,AMYXGSBT,,,,,,,,.175,,,,,,175,,,,,scale_with_item,,,,,clear,,,,,,,,medium_size
5162,1775868742792,1775868742792.jpg,145,g,sonnet sweep,0,1,0,0,,,,0,0,0,grams (g),.145,145,g,log10 median,carrot,pieces or units,ILOILO,ALIMODIAN,Alimodian public market,Enriquita store,GWLFTIPJ,,,,,,,,.145,,,,,,145,,,,,scale_with_item,,,,,clear,,,,,,,,small_size
5163,1775868763381,1775868763381.jpg,240,g,sonnet sweep,0,1,0,0,,,,0,0,0,grams (g),.23999999,240,g,log10 median,carrot,pieces or units,ILOILO,ALIMODIAN,Alimodian public market,Enriquita store,GWLFTIPJ,,,,,,,,.24,,,,,,240,,,,,scale_with_item,,,,,clear,,,,,,,,medium_size
5164,1775868789555,1775868789555.jpg,350,g,sonnet sweep,0,1,0,0,,,,0,0,0,grams (g),.34999999,350,g,log10 median,carrot,pieces or units,ILOILO,ALIMODIAN,Alimodian public market,Enriquita store,GWLFTIPJ,,,,,,,,.35,,,,,,350,,,,,scale_with_item,,,,,clear,,,,,,,,large_size
5165,1775867427427,1775867427427.jpg,105,g,sonnet sweep,0,1,0,0,,,,0,0,0,grams (g),.105,105,g,log10 median,carrot,pieces or units,ILOILO,ALIMODIAN,Alimodian public market,Shine Store,KX8KWSWX,,,,,,,,.105,,,,,,105,,,,,scale_with_item,,,,,clear,,,,,,,,small_size
5166,1775867451445,1775867451445.jpg,216,g,sonnet sweep,0,1,0,0,,,,0,0,0,grams (g),.215,215,g,log10 median,carrot,pieces or units,ILOILO,ALIMODIAN,Alimodian public market,Shine Store,KX8KWSWX,,,,,,,,.216,,,,,,216,,,,,scale_with_item,,,,,clear,,,,,,,,medium_size
5167,1775867471296,1775867471296.jpg,235,g,sonnet sweep,0,1,0,0,,,,0,0,0,grams (g),.235,235,g,log10 median,carrot,pieces or units,ILOILO,ALIMODIAN,Alimodian public market,Shine Store,KX8KWSWX,,,,,,,,.235,,,,,,235,,,,,scale_with_item,,,,,clear,,,,,,,,large_size
5168,1776039269345,1776039269345.jpg,95,g,sonnet sweep,0,1,0,0,,,,0,0,0,grams (g),.094999999,95,g,log10 median,carrot,pieces or units,ILOILO,ALIMODIAN,"Talipapa Brgy.Bangcal,Alimodian",3 Rd store,RW1VVFID,,,,,,,,.095,,,,,,95,,,,,scale_with_item,,,,,clear,,,,,,,,small_size
5169,1775865097157,1775865097157.jpg,60,g,sonnet sweep,0,1,0,0,,,,0,0,0,grams (g),.059999999,60,g,log10 median,carrot,pieces or units,ILOILO,ALIMODIAN,Alimodian public market,Algallar dressed chicken and frozen products,93S99THH,,,,,,,,.06,,,,,,60,,,,,scale_with_item,,,,,clear,,,,,,,,small_size
5170,1775865120721,1775865120721.jpg,190,g,sonnet sweep,0,1,0,0,,,,0,0,0,grams (g),.19,190,g,log10 median,carrot,pieces or units,ILOILO,ALIMODIAN,Alimodian public market,Algallar dressed chicken and frozen products,93S99THH,,,,,,,,.19,,,,,,190,,,,,scale_with_item,,,,,clear,,,,,,,,medium_size
5171,1775865136941,1775865136941.jpg,,,,0,0,0,0,,,,0,0,0,grams (g),.57499999,575,g,log10 median,carrot,pieces or units,ILOILO,ALIMODIAN,Alimodian public market,Algallar dressed chicken and frozen products,93S99THH,,,,,,,,,,,,,,,,,,,scale_with_item,,,,,ambiguous,,,,,,,,large_size
5172,1776037943911,1776037943911.jpg,795,g,sonnet sweep,0,1,0,0,,,,0,0,0,grams (g),.79500002,795,g,log10 median,chicken,bilog,ILOILO,ALIMODIAN,"Talipapa Brgy.Bangcal,Alimodian",Noah Store,98XVA054,,,,,,,,.795,,,,,,795,,,,,scale_with_item,,,,,clear,,,,,,,,medium_size
5175,1776040289161,1776040289161.jpg,980,g,sonnet sweep,0,1,0,0,,,,0,0,0,grams (g),.95999998,960,g,log10 median,chicken,bilog,ILOILO,ALIMODIAN,"Talipapa Brgy.Bangcal,Alimodian",3 Rd store,MGCME2NB,,,,,,,,.98,,,,,,980,,,,,scale_with_item,,,,,probable,,,,,,,,small_size
5176,1778544885060,1778544885060.jpg,1160,g,sonnet sweep,0,1,0,0,,,,0,0,0,Kilograms (Kgs),1160,1160,g,log10 median,chicken,bilog,ILOILO,ALIMODIAN,Poblacion alimodian roadside,Umblas frozen foods,MSUSSSS4,,,,,,,,1.16,,,,,,1160,,,,,scale_with_item,,,,,clear,,,,,,,,small_size
5177,1775864373996,1775864373996.jpg,915,g,sonnet sweep,0,1,0,0,,,,0,0,0,grams (g),.91500002,915,g,log10 median,chicken,bilog,ILOILO,ALIMODIAN,Alimodian Public Market,Adie Frozen Foods,U5FGIWVF,,,,,,,,.915,,,,,,915,,,,,scale_with_item,,,,,clear,,,,,,,,medium_size
5179,1775864465103,1775864465103.jpg,290,g,sonnet sweep,0,1,0,0,,,,0,0,0,grams (g),.28999999,290,g,log10 median,chicken,pieces or units,ILOILO,ALIMODIAN,Alimodian public market,Adie Frozen Foods,LG0KGQ8B,,,,,,,,.29,,,,,,290,,,,,scale_with_item,,,,,clear,,,,,,,,medium_size
5181,1775866955885,1775866955885.jpg,60,g,sonnet tiled,0,1,0,0,,,,0,0,0,grams (g),.059999999,60,g,block governs,chicken,pieces or units,ILOILO,ALIMODIAN,Alimodian public market,Algallar dressed chicken and frozen products,S8IGRMKW,,,,,,,.06,,,,,,60,,,,scale_with_item,,,,scale_with_item,clear,,,,not_visible,,,,,,small_size
5182,1775866976773,1775866976773.jpg,265,g,sonnet sweep,0,1,0,0,,,,0,0,0,grams (g),.26499999,265,g,log10 median,chicken,pieces or units,ILOILO,ALIMODIAN,Alimodian public market,Algallar dressed chicken and frozen products,S8IGRMKW,,,,,,,,.265,,,,,,265,,,,,scale_with_item,,,,,clear,,,,,,,,medium_size
5183,1775866994637,1775866994637.jpg,400,g,sonnet sweep,0,1,0,0,,,,0,0,0,grams (g),.40000001,400,g,log10 median,chicken,pieces or units,ILOILO,ALIMODIAN,Alimodian public market,Algallar dressed chicken and frozen products,S8IGRMKW,,,,,,,,.4,,,,,,400,,,,,scale_with_item,,,,,clear,,,,,,,,large_size
5184,1775866549083,1775866549083.jpg,80,g,human,1,1,0,0,,,,0,0,0,grams (g),.079999998,80,g,log10 median,chicken,pieces or units,ILOILO,ALIMODIAN,Alimodian public market,Bonbon dressed chicken and frozen products,YC8TXXBC,.08,0.08,scale,0,,.08,.08,,,.05,80,80,80,,,50,scale_with_item,scale_with_item,,,scale_with_item,clear,clear,,,clear,,,,,,small_size
5185,1775866580610,1775866580610.jpg,230,g,sonnet sweep,0,1,0,0,,,,0,0,0,grams (g),.23,230,g,log10 median,chicken,pieces or units,ILOILO,ALIMODIAN,Alimodian public market,Bonbon dressed chicken and frozen products,YC8TXXBC,,,,,,,,.23,,,,,,230,,,,,scale_with_item,,,,,clear,,,,,,,,medium_size
5186,1775866616903,1775866616903.jpg,395,g,sonnet sweep,0,1,0,0,,,,0,0,0,grams (g),.39500001,395,g,log10 median,chicken,pieces or units,ILOILO,ALIMODIAN,Alimodian public market,Bonbon dressed chicken and frozen products,YC8TXXBC,,,,,,,,.395,,,,,,395,,,,,scale_with_item,,,,,clear,,,,,,,,large_size
5189,1775874611009,1775874611009.jpg,20.5,g,package label (g),0,1,1,0,Net Weight: 20.5g,20.5,g,1,0,1,grams (g),20.5,21,g,log10 median,"crackers, cookies, buiscuits, chips/curls",pieces or units,ILOILO,ALIMODIAN,Roadside Alimodian,7/11store,C26JTZJL,,,,,,,,,,,,,,,,,,,label_closeup,,,,,not_visible,,,,,Net Weight: 20.5g,,,small_size
5193,1776037077302,1776037077302.jpg,,,,0,0,0,0,,,,0,0,0,grams (g),26.25,26,g,log10 median,"crackers, cookies, buiscuits, chips/curls",pieces or units,ILOILO,ALIMODIAN,"Talipapa Brgy.Bagumbayan,Alimodian",Noah Store,KZY8G9NL,,,,,,,,,,,,,,,,,,,label_closeup,,,,,not_visible,,,,,,,,small_size
5220,1775863707869,1775863707869.jpg,85,g,sonnet sweep,0,1,0,0,,,,0,0,0,grams (g),.085000001,85,g,block governs,fresh fish,pieces or units,ILOILO,ALIMODIAN,Alimodian Public Market,Jonathan Fish stall,4F4QXNN8,,,,,,,,.085,,,,,,85,,,,,scale_with_item,,,,,clear,,,,,,,,small_size
5221,1775863731159,1775863731159.jpg,170,g,sonnet sweep,0,1,0,0,,,,0,0,0,grams (g),.17,170,g,log10 median,fresh fish,pieces or units,ILOILO,ALIMODIAN,Alimodian Public Market,Jonathan Fish stall,4F4QXNN8,,,,,,,,.17,,,,,,170,,,,,scale_with_item,,,,,clear,,,,,,,,medium_size
5222,1775863759196,1775863759196.jpg,585,g,sonnet sweep,0,1,0,0,,,,0,0,0,grams (g),.58499998,585,g,log10 median,fresh fish,pieces or units,ILOILO,ALIMODIAN,Alimodian Public Market,Jonathan Fish stall,4F4QXNN8,,,,,,,,.585,,,,,,585,,,,,scale_with_item,,,,,clear,,,,,,,,large_size
5226,1775863338162,1775863338162.jpg,65,g,sonnet sweep,0,1,0,0,,,,0,0,0,grams (g),.064999998,65,g,block governs,fresh fish,pieces or units,ILOILO,ALIMODIAN,Alimodian Public Market,Roger fish stall,MY7TCBNY,,,,,,,,.065,,,,,,65,,,,,scale_with_item,,,,,clear,,,,,,,,small_size
5227,1775863361591,1775863361591.jpg,95,g,sonnet sweep,0,1,0,0,,,,0,0,0,grams (g),.094999999,95,g,log10 median,fresh fish,pieces or units,ILOILO,ALIMODIAN,Alimodian Public Market,Roger fish stall,MY7TCBNY,,,,,,,,.095,,,,,,95,,,,,scale_with_item,,,,,clear,,,,,,,,medium_size
5228,1775863381129,1775863381129.jpg,720,g,sonnet sweep,0,1,0,0,,,,0,0,0,grams (g),.72000003,720,g,log10 median,fresh fish,pieces or units,ILOILO,ALIMODIAN,Alimodian Public Market,Roger fish stall,MY7TCBNY,,,,,,,,.72,,,,,,720,,,,,scale_with_item,,,,,clear,,,,,,,,large_size
5229,1775862932601,1775862932601.jpg,50,g,sonnet sweep,0,1,0,0,,,,0,0,0,grams (g),.050000001,50,g,block governs,fresh fish,pieces or units,ILOILO,ALIMODIAN,Alimodian Public market,Marites Fish Stall,NNG1RM0H,,,,,,,,.05,,,,,,50,,,,,scale_with_item,,,,,clear,,,,,,,,small_size
5230,1775862970116,1775862970116.jpg,190,g,sonnet sweep,0,1,0,0,,,,0,0,0,grams (g),.19,190,g,log10 median,fresh fish,pieces or units,ILOILO,ALIMODIAN,Alimodian Public market,Marites Fish Stall,NNG1RM0H,,,,,,,,.19,,,,,,190,,,,,scale_with_item,,,,,clear,,,,,,,,medium_size
5231,1775862993933,1775862993933.jpg,435,g,sonnet sweep,0,1,0,0,,,,0,0,0,grams (g),.435,435,g,log10 median,fresh fish,pieces or units,ILOILO,ALIMODIAN,Alimodian Public market,Marites Fish Stall,NNG1RM0H,,,,,,,,.435,,,,,,435,,,,,scale_with_item,,,,,clear,,,,,,,,large_size
5232,1776038087348,1776038087348.jpg,,,,0,0,0,0,,,,0,0,0,grams (g),.07,70,g,block governs,fresh fish,pieces or units,ILOILO,ALIMODIAN,"Talipapa Brgy.Bangcal,Alimodian",Noah Store,RJHT3ZVQ,,,,,,,,,,0,,,,,,0,scale_with_item,,,,scale_with_item,ambiguous,,,,ambiguous,,,,,,small_size
5233,1776043707559,1776043707559.jpg,95,mL,package label (mL),0,1,1,1,Net Content: 95mL (45g),95,mL,1,0,1,grams (g),45,45,mL,log10 median,"ice cream, sorbet, edible ice (eg., ice-lolli, halo-halo)",pieces or units,ILOILO,ALIMODIAN,Roadside Alimodian,Hapit anay store,2ZL049FW,,,,,,,,,,,,,,,,,,,label_closeup,,,,,not_visible,,,,,Net Content: 95mL (45g),,,small_size
5234,1775875451421,1775875451421.jpg,85,mL,package label (mL),0,1,1,1,85mL,85,mL,1,0,1,grams (g),85,85,mL,log10 median,"ice cream, sorbet, edible ice (eg., ice-lolli, halo-halo)",pieces or units,ILOILO,ALIMODIAN,Alimodian Public Market,Zwyt sari sari store,63STIOK5,,,,,,,,,,,,,,,,,,,item_no_scale,,,,,not_visible,,,,,85mL,,,medium_size
5239,1776039909802,1776039909802.jpg,,,,0,0,0,0,,,,0,0,0,grams (g),85,85,mL,log10 median,"ice cream, sorbet, edible ice (eg., ice-lolli, halo-halo)",pieces or units,ILOILO,ALIMODIAN,"Talipapa Brgy.Bangcal,Alimodian",3 Rd store,ZDDRWP0D,,,,,,,,,,,,,,,,,,,label_closeup,,,,,not_visible,,,,,,,,small_size
5242,1776037487188,1776037487188.jpg,100,mL,package label (mL),0,1,1,1,100ml,100,mL,1,0,1,grams (g),100,100,mL,log10 median,"ice cream, sorbet, edible ice (eg., ice-lolli, halo-halo)",small cup,ILOILO,ALIMODIAN,"Talipapa Brgy.Bangcal,Alimodian",Noah Store,JE761673,,,,,,,,,,,,,,,,,,,item_no_scale,,,,,not_visible,,,,,100ml,,,small_size
5243,1775875536664,1775875536664.jpg,110,mL,package label (mL),0,1,1,1,Net Weight : 110 ml,110,mL,1,0,1,grams (g),110,110,mL,log10 median,"ice cream, sorbet, edible ice (eg., ice-lolli, halo-halo)",small cup,ILOILO,ALIMODIAN,Alimodian public market,Zwyt sari sari store,JLPICLUH,,,,,,,,,,,,,,,,,,,item_no_scale,,,,,not_visible,,,,,Net Weight : 110 ml,,,small_size
5287,1775869920790,1775869920790.jpg,165,g,sonnet sweep,0,1,0,0,,,,0,0,0,grams (g),.16500001,165,g,log10 median,mango,pieces or units,ILOILO,ALIMODIAN,Alimodian Public market,Lyn lyn fruit stand,F0M9434U,,,,,,,,.165,,,,,,165,,,,,scale_with_item,,,,,clear,,,,,,,,small_size
5288,1775869937944,1775869937944.jpg,270,g,sonnet sweep,0,1,0,0,,,,0,0,0,grams (g),.27000001,270,g,log10 median,mango,pieces or units,ILOILO,ALIMODIAN,Alimodian Public market,Lyn lyn fruit stand,F0M9434U,,,,,,,,.27,,,,,,270,,,,,scale_with_item,,,,,clear,,,,,,,,medium_size
5289,1775869541175,1775869541175.jpg,180,g,sonnet sweep,0,1,0,0,,,,0,0,0,grams (g),.18000001,180,g,log10 median,mango,pieces or units,ILOILO,ALIMODIAN,Alimodian public market,Aya Fruit stand,LPPOUVBU,,,,,,,,.18,,,,,,180,,,,,scale_with_item,,,,,clear,,,,,,,,small_size
5290,1775869558061,1775869558061.jpg,305,g,sonnet sweep,0,1,0,0,,,,0,0,0,grams (g),.30500001,305,g,log10 median,mango,pieces or units,ILOILO,ALIMODIAN,Alimodian public market,Aya Fruit stand,LPPOUVBU,,,,,,,,.305,,,,,,305,,,,,scale_with_item,,,,,clear,,,,,,,,medium_size
5291,1776041541431,1776041541431.jpg,200,g,sonnet sweep,0,1,0,0,,,,0,0,0,grams (g),.2,200,g,log10 median,mango,pieces or units,ILOILO,ALIMODIAN,Roadside Alimodian,7 cities roadside vegetable stall,MU03DMCY,,,,,,,,.2,,,,,,200,,,,,scale_with_item,,,,,clear,,,,,,,,small_size
5292,1776041579948,1776041579948.jpg,300,g,sonnet sweep,0,1,0,0,,,,0,0,0,grams (g),.30000001,300,g,log10 median,mango,pieces or units,ILOILO,ALIMODIAN,Roadside Alimodian,7 cities roadside vegetable stall,MU03DMCY,,,,,,,,.3,,,,,,300,,,,,scale_with_item,,,,,probable,,,,,,,,medium_size
5295,1775870217783,1775870217783.jpg,175,g,sonnet sweep,0,1,0,0,,,,0,0,0,grams (g),.175,175,g,log10 median,mango,pieces or units,ILOILO,ALIMODIAN,Alimodian public market,Russel fruit stand,SSI0TR3N,,,,,,,,.175,,,,,,175,,,,,scale_with_item,,,,,clear,,,,,,,,small_size
5296,1775870232376,1775870232376.jpg,316,g,sonnet sweep,0,1,0,0,,,,0,0,0,grams (g),.315,315,g,log10 median,mango,pieces or units,ILOILO,ALIMODIAN,Alimodian public market,Russel fruit stand,SSI0TR3N,,,,,,,,.316,,,,,,316,,,,,scale_with_item,,,,,clear,,,,,,,,medium_size
5299,1775865219145,1775865219145.jpg,400,g,sonnet sweep,0,1,0,0,,,,0,0,0,grams (g),.40000001,400,g,log10 median,"preserved or processed meat (tocino, tapa, longaniza, etc)",bilog,ILOILO,ALIMODIAN,Alimodian public market,Algallar dressed chicken and frozen products,CALCUT3H,,,,,,,,.4,,,,,,400,,,,,scale_with_item,,,,,clear,,,,,,,,large_size
5305,1778545120418,1778545120418.jpg,250,g,package label (g),0,1,1,0,Net Wt.: 250g,250,g,1,0,1,grams (g),250,250,g,log10 median,"preserved or processed meat (tocino, tapa, longaniza, etc)",putos,ILOILO,ALIMODIAN,Roadside Alimodian,Umblas frozen foods,EFYPYE8L,,,,,,,,,,,,,,,,,item_no_scale,,,,label_closeup,not_visible,,,,not_visible,Net Wt.: 250g,,,,Net Wt. 250g,small_size
5315,1775867539235,1775867539235.jpg,8370,g,sonnet sweep,0,1,0,0,,,,0,0,0,grams (g),.37,370,g,log10 median,rice,salmon,ILOILO,ALIMODIAN,Alimodian public market,Shine Store,C9WL7WP3,,,,,,,,8.369999999999999,,,,,,8370,,,,,scale_with_item,,,,,clear,,,,,,,,conventional_nsu
5316,1775868937578,1775868937578.jpg,360,g,sonnet sweep,0,1,0,0,,,,0,0,0,grams (g),.36000001,360,g,log10 median,rice,salmon,ILOILO,ALIMODIAN,Alimodian public market,Enriquita store,MAHA0V2M,,,,,,,,.36,,,,,,360,,,,,scale_with_item,,,,,clear,,,,,,,,conventional_nsu
5322,1774577733824,1774577733824.jpg,105,g,sonnet sweep,0,1,0,0,,,,0,0,0,grams (g),.105,105,g,log10 median,camote tops,bugkos,ILOILO,ANILAO,anilao Public Market,Juliet Store,AD4PW2NP,,,,,,,,.105,,,,,,105,,,,,scale_with_item,,,,,clear,,,,,,,,small_size
5323,1774577568949,1774577568949.jpg,185,g,sonnet sweep,0,1,0,0,,,,0,0,0,grams (g),.185,185,g,log10 median,camote tops,bugkos,ILOILO,ANILAO,Anilao Public Market,Jane's store,FG0G8QK9,,,,,,,,.185,,,,,,185,,,,,scale_with_item,,,,,clear,,,,,,,,small_size
5324,1774577911807,1774577911807.jpg,205,g,sonnet sweep,0,1,0,0,,,,0,0,0,grams (g),.205,205,g,log10 median,camote tops,bugkos,ILOILO,ANILAO,Anilao Public Market,Divino Store,XAH1TWLR,,,,,,,,.205,,,,,,205,,,,,scale_with_item,,,,,clear,,,,,,,,small_size
5325,1774575668995,1774575668995.jpg,75,g,sonnet sweep,0,1,0,0,,,,0,0,0,grams (g),.075000003,75,g,log10 median,carrot,pieces or units,ILOILO,ANILAO,anilao Public Market,3'S Maria's Sari Sari Store,GK2ZY2I5,,,,,,,,.075,,,,,,75,,,,,scale_with_item,,,,,clear,,,,,,,,small_size
5326,1774575687995,1774575687995.jpg,150,g,sonnet sweep,0,1,0,0,,,,0,0,0,grams (g),.15000001,150,g,log10 median,carrot,pieces or units,ILOILO,ANILAO,anilao Public Market,3'S Maria's Sari Sari Store,GK2ZY2I5,,,,,,,,.15,,,,,,150,,,,,scale_with_item,,,,,clear,,,,,,,,medium_size
5327,1774575703525,1774575703525.jpg,200,g,sonnet sweep,0,1,0,0,,,,0,0,0,grams (g),.2,200,g,log10 median,carrot,pieces or units,ILOILO,ANILAO,anilao Public Market,3'S Maria's Sari Sari Store,GK2ZY2I5,,,,,,,,.2,,,,,,200,,,,,scale_with_item,,,,,clear,,,,,,,,large_size
5330,1774576412437,1774576412437.jpg,90,g,sonnet sweep,0,1,0,0,,,,0,0,0,grams (g),.090000004,90,g,log10 median,carrot,pieces or units,ILOILO,ANILAO,anilao Public Market,Lopez Sari Sari Store,S9SHD80B,,,,,,,,.09,,,,,,90,,,,,scale_with_item,,,,,clear,,,,,,,,small_size
5331,1774576427732,1774576427732.jpg,100,g,sonnet sweep,0,1,0,0,,,,0,0,0,grams (g),.1,100,g,log10 median,carrot,pieces or units,ILOILO,ANILAO,anilao Public Market,Lopez Sari Sari Store,S9SHD80B,,,,,,,,.1,,,,,,100,,,,,scale_with_item,,,,,clear,,,,,,,,medium_size
5332,1774576448143,1774576448143.jpg,115,g,sonnet sweep,0,1,0,0,,,,0,0,0,grams (g),.115,115,g,log10 median,carrot,pieces or units,ILOILO,ANILAO,anilao Public Market,Lopez Sari Sari Store,S9SHD80B,,,,,,,,.115,,,,,,115,,,,,scale_with_item,,,,,clear,,,,,,,,large_size
5333,1774574690666,1774574690666.jpg,155,g,sonnet sweep,0,1,0,0,,,,0,0,0,grams (g),.155,155,g,log10 median,carrot,pieces or units,ILOILO,ANILAO,anilao Public Market,Segura Store 2,SAK6CDWX,,,,,,,,.155,,,,,,155,,,,,scale_with_item,,,,,clear,,,,,,,,small_size
5334,1774574707316,1774574707316.jpg,240,g,sonnet sweep,0,1,0,0,,,,0,0,0,grams (g),.23999999,240,g,log10 median,carrot,pieces or units,ILOILO,ANILAO,anilao Public Market,Segura Store 2,SAK6CDWX,,,,,,,,.24,,,,,,240,,,,,scale_with_item,,,,,clear,,,,,,,,medium_size
5335,1774574723126,1774574723126.jpg,335,g,sonnet sweep,0,1,0,0,,,,0,0,0,grams (g),.33500001,335,g,log10 median,carrot,pieces or units,ILOILO,ANILAO,anilao Public Market,Segura Store 2,SAK6CDWX,,,,,,,,.335,,,,,,335,,,,,scale_with_item,,,,,clear,,,,,,,,large_size
5341,1774574908518,1774574908518.jpg,1100,g,sonnet sweep,0,1,0,0,,,,0,0,0,grams (g),1.1,1100,g,log10 median,chicken,bilog,ILOILO,ANILAO,anilao Public Market,Segura Store 2,IUX5GJ16,,,,,,,,1.1,,,,,,1100,,,,,scale_with_item,,,,,clear,,,,,,,,small_size
5342,1774574937826,1774574937826.jpg,1195,g,sonnet sweep,0,1,0,0,,,,0,0,0,grams (g),1.1950001,1195,g,log10 median,chicken,bilog,ILOILO,ANILAO,anilao Public Market,Segura Store 2,IUX5GJ16,,,,,,,,1.195,,,,,,1195,,,,,scale_with_item,,,,,clear,,,,,,,,medium_size
5343,1774574965824,1774574965824.jpg,1230,g,sonnet sweep,0,1,0,0,,,,0,0,0,grams (g),1.23,1230,g,log10 median,chicken,bilog,ILOILO,ANILAO,anilao Public Market,Segura Store 2,IUX5GJ16,,,,,,,,1.23,,,,,,1230,,,,,scale_with_item,,,,,probable,,,,,,,,large_size
5352,1774579704684,1774579704684.jpg,90,g,package label (g),0,1,1,0,Net Wt. 90g,90,g,1,0,1,grams (g),.89999998,90,g,block governs,"crackers, cookies, buiscuits, chips/curls",pieces or units,ILOILO,ANILAO,anilao Public Market,PENUELA store,MY58CNY9,,,,,,,,,,,,,,,,,,,label_closeup,,,,,not_visible,,,,,Net Wt. 90g,,,medium_size
5353,1774580053977,1774580053977.jpg,,,,0,0,0,0,,,,0,0,0,grams (g),.33000001,330,g,block governs,"crackers, cookies, buiscuits, chips/curls",pieces or units,ILOILO,ANILAO,anilao Public Market,Jia Store,Q7GWKGKZ,,,,,,,,,,,,,,,,,label_closeup,,,,label_closeup,not_visible,,,,not_visible,,,,,NET WT. 150g,small_size
5356,1774576606875,1774576606875.jpg,,,,0,0,0,0,,,,0,0,0,grams (g),.25,250,g,block governs,"crackers, cookies, buiscuits, chips/curls",pieces or units,ILOILO,ANILAO,anilao Public Market,Lopez Sari Sari Store,YQ9RGL41,,,,,,,,,,,,,,,,,,,label_closeup,,,,,not_visible,,,,,,,,small_size
5357,1774661305179,1774661305179.jpg,,,,0,0,0,0,,,,0,0,0,grams (g),.30000001,300,g,block governs,"crackers, cookies, buiscuits, chips/curls",pieces or units,ILOILO,ANILAO,Roadside,Irish Store,YW37VEL3,,,,,,,,,,,,,,,,,,,label_closeup,,,,,not_visible,,,,,,,,small_size
5358,1774578240019,1774578240019.jpg,340,g,sonnet sweep,0,1,0,0,,,,0,0,0,grams (g),.34,340,g,log10 median,fresh fish,pieces or units,ILOILO,ANILAO,Anilao Public Market,Segura Fish Stall,GJ15B08Q,,,,,,,,.34,,,,,,340,,,,,scale_with_item,,,,,clear,,,,,,,,small_size
5359,1774578259278,1774578259278.jpg,365,g,sonnet sweep,0,1,0,0,,,,0,0,0,grams (g),.36500001,365,g,log10 median,fresh fish,pieces or units,ILOILO,ANILAO,Anilao Public Market,Segura Fish Stall,GJ15B08Q,,,,,,,,.365,,,,,,365,,,,,scale_with_item,,,,,clear,,,,,,,,medium_size
5360,1774578277903,1774578277903.jpg,430,g,sonnet sweep,0,1,0,0,,,,0,0,0,grams (g),.43000001,430,g,log10 median,fresh fish,pieces or units,ILOILO,ANILAO,Anilao Public Market,Segura Fish Stall,GJ15B08Q,,,,,,,,.43,,,,,,430,,,,,scale_with_item,,,,,clear,,,,,,,,large_size
5361,1774578642381,1774578642381.jpg,435,g,sonnet sweep,0,1,0,0,,,,0,0,0,grams (g),.435,435,g,log10 median,fresh fish,pieces or units,ILOILO,ANILAO,anilao Public Market,Che Fish Stall,LCG01F1H,,,,,,,,.435,,,,,,435,,,,,scale_with_item,,,,,clear,,,,,,,,small_size
5362,1774578793446,1774578793446.jpg,265,g,sonnet sweep,0,1,0,0,,,,0,0,0,grams (g),.26499999,265,g,log10 median,fresh fish,pieces or units,ILOILO,ANILAO,Anilao Public Market,Marlyn Fish Stand,VL5S24UB,,,,,,,,.265,,,,,,265,,,,,scale_with_item,,,,,clear,,,,,,,,small_size
5363,1774578806623,1774578806623.jpg,275,g,sonnet sweep,0,1,0,0,,,,0,0,0,grams (g),.27500001,275,g,log10 median,fresh fish,pieces or units,ILOILO,ANILAO,Anilao Public Market,Marlyn Fish Stand,VL5S24UB,,,,,,,,.275,,,,,,275,,,,,scale_with_item,,,,,clear,,,,,,,,medium_size
5364,1774578841977,1774578841977.jpg,305,g,sonnet sweep,0,1,0,0,,,,0,0,0,grams (g),.30500001,305,g,log10 median,fresh fish,pieces or units,ILOILO,ANILAO,Anilao Public Market,Marlyn Fish Stand,VL5S24UB,,,,,,,,.305,,,,,,305,,,,,scale_with_item,,,,,clear,,,,,,,,large_size
5365,1774578544095,1774578544095.jpg,270,g,sonnet sweep,0,1,0,0,,,,0,0,0,grams (g),.27000001,270,g,block governs,fresh fish,pack,ILOILO,ANILAO,Anilao Public Market,Che Fish Stall,3ARJU194,,,,,,,,.27,,,,,,270,,,,,scale_with_item,,,,,clear,,,,,,,,small_size
5366,1774578559193,1774578559193.jpg,300,g,sonnet sweep,0,1,0,0,,,,0,0,0,grams (g),.30000001,300,g,block governs,fresh fish,pack,ILOILO,ANILAO,Anilao Public Market,Che Fish Stall,3ARJU194,,,,,,,,.3,,,,,,300,,,,,scale_with_item,,,,,clear,,,,,,,,medium_size
5367,1774578580051,1774578580051.jpg,635,g,sonnet sweep,0,1,0,0,,,,0,0,0,grams (g),.63499999,635,g,block governs,fresh fish,pack,ILOILO,ANILAO,Anilao Public Market,Che Fish Stall,3ARJU194,,,,,,,,.635,,,,,,635,,,,,scale_with_item,,,,,clear,,,,,,,,large_size
5368,1774578892575,1774578892575.jpg,485,g,sonnet sweep,0,1,0,0,,,,0,0,0,grams (g),.48500001,485,g,block governs,fresh fish,pack,ILOILO,ANILAO,anilao Public Market,Marlyn Fish Stand,JV9PNB1B,,,,,,,,.485,,,,,,485,,,,,scale_with_item,,,,,clear,,,,,,,,small_size
5369,1774578383952,1774578383952.jpg,430,g,sonnet sweep,0,1,0,0,,,,0,0,0,grams (g),.43000001,430,g,block governs,fresh fish,pack,ILOILO,ANILAO,anilao Public Market,Segura Fish Stall,SW8LWT3U,,,,,,,,.43,,,,,,430,,,,,scale_with_item,,,,,clear,,,,,,,,small_size
5370,1774580517059,1774580517059.jpg,,,,0,0,0,0,,,,0,0,0,Litres (L),.045000002,45,g,log10 median,"ice cream, sorbet, edible ice (eg., ice-lolli, halo-halo)",pieces or units,ILOILO,ANILAO,anilao Public Market,Segura Store,6D2MLCUQ,,,,,,,,,,,,,,,,,,,label_closeup,,,,,not_visible,,,,,,,,small_size
5373,1774577345600,1774577345600.jpg,40,g,package label (g),0,1,1,0,Net 40g,40,g,1,0,1,grams (g),.40000001,400,g,block governs,"ice cream, sorbet, edible ice (eg., ice-lolli, halo-halo)",pieces or units,ILOILO,ANILAO,anilao Public Market,Segura Store 2,HYQPUR4Z,,,,,,,,,,,,,,,,,,,label_closeup,,,,,not_visible,,,,,Net 40g,,,small_size
5374,1774576221544,1774576221544.jpg,,,,0,0,0,0,,,,0,0,0,Litres (L),.5,500,g,block governs,"ice cream, sorbet, edible ice (eg., ice-lolli, halo-halo)",pieces or units,ILOILO,ANILAO,Anilao Public Market,Lopez Sari Sari Store,OT3GSPGB,,,,,,,,,,,,,,,,,,,label_closeup,,,,,not_visible,,,,,,,,small_size
5375,1774576272386,1774576272386.jpg,800,mL,human (mL rule) + mL label,0,1,1,1,Net Weight 800 ml,800,mL,1,0,1,Litres (L),.80000001,800,mL,block governs,"ice cream, sorbet, edible ice (eg., ice-lolli, halo-halo)",small cup,ILOILO,ANILAO,anilao Public Market,Lopez Sari Sari Store,417BF4NP,800,800 mL,package,0,"scale present, but volume marked on pacakge (800 mL); prioritize the volume label",,,,,,800,,,,,,scale_with_item,,,,scale_with_item,not_visible,,,,not_visible,Net Weight 800 ml,,,,,medium_size
5376,1774661734763,1774661734763.jpg,,,,0,0,0,0,,,,0,0,0,grams (g),100,100,mL,log10 median,"ice cream, sorbet, edible ice (eg., ice-lolli, halo-halo)",small cup,ILOILO,ANILAO,Roadside,JBA sarisari store,BLIB7168,,,,,,,,,,,,,,,,,,,label_closeup,,,,,not_visible,,,,,,,,small_size
5380,1778283607010,1778283607010.jpg,,,,0,0,0,0,,,,0,0,0,grams (g),100,100,mL,log10 median,"ice cream, sorbet, edible ice (eg., ice-lolli, halo-halo)",small cup,ILOILO,ANILAO,Roadside,Rolando Store,VO04ZTYT,,,,,,,,,,,,,,,,,,,label_closeup,,,,,not_visible,,,,,,,,small_size
5381,1774577271150,1774577271150.jpg,,,,0,0,0,0,,,,0,0,0,grams (g),100,100,mL,log10 median,"ice cream, sorbet, edible ice (eg., ice-lolli, halo-halo)",small cup,ILOILO,ANILAO,anilao Public Market,Segura Store 2,WK86RQPH,,,,,,,,,,,,,,,,,,,item_no_scale,,,,,not_visible,,,,,,,,small_size
5399,1774575765116,1774575765116.jpg,,,,0,0,0,0,,,,0,0,0,grams (g),.38999999,390,g,log10 median,loaf bread,small packs,ILOILO,ANILAO,anilao Public Market,3'S Maria's Sari Sari Store,XL42X8C9,,,,,,,,,,,,,,,,,,,label_closeup,,,,,not_visible,,,,,,,,small_size
5403,1774576941045,1774576941045.jpg,250,g,sonnet sweep,0,1,0,0,,,,0,0,0,grams (g),.25,250,g,log10 median,"preserved or processed meat (tocino, tapa, longaniza, etc)",putos,ILOILO,ANILAO,anilao Public Market,Lopez Sari Sari Store,8RIWGR17,,,,,,,,.25,,,,,,250,,,,,scale_with_item,,,,,clear,,,,,,,,small_size
5404,1774576962862,1774576962862.jpg,545,g,sonnet sweep,0,1,0,0,,,,0,0,0,grams (g),.54500002,545,g,log10 median,"preserved or processed meat (tocino, tapa, longaniza, etc)",putos,ILOILO,ANILAO,anilao Public Market,Lopez Sari Sari Store,8RIWGR17,,,,,,,,.545,,,,,,545,,,,,scale_with_item,,,,,clear,,,,,,,,large_size
5405,1774575038502,1774575038502.jpg,160,g,sonnet sweep,0,1,0,0,,,,0,0,0,grams (g),.16,160,g,log10 median,"preserved or processed meat (tocino, tapa, longaniza, etc)",putos,ILOILO,ANILAO,anilao Public Market,Segura Store 2,DJIA79PS,,,,,,,,.16,,,,,,160,,,,,scale_with_item,,,,,clear,,,,,,,,small_size
5406,1774575064281,1774575064281.jpg,295,g,sonnet sweep,0,1,0,0,,,,0,0,0,grams (g),.285,285,g,log10 median,"preserved or processed meat (tocino, tapa, longaniza, etc)",putos,ILOILO,ANILAO,anilao Public Market,Segura Store 2,DJIA79PS,,,,,,,,.295,,,,,,295,,,,,scale_with_item,,,,,probable,,,,,,,,medium_size
5407,1774579198308,1774579198308.jpg,300,g,sonnet sweep,0,1,0,0,,,,0,0,0,grams (g),.30000001,300,g,log10 median,"preserved or processed meat (tocino, tapa, longaniza, etc)",putos,ILOILO,ANILAO,anilao Public Market,Bilay Frozen,FLUYW4D7,,,,,,,,.3,,,,,,300,,,,,scale_with_item,,,,,clear,,,,,,,,medium_size
5408,1774582398125,1774582398125.jpg,765,g,sonnet sweep,0,1,0,0,,,,0,0,0,grams (g),.76499999,765,g,log10 median,cabbage,pieces or units,ILOILO,BADIANGAN,Badiangan Roadside,Armada Sari Sari Store,7O9HJWTN,,,,,,,,.765,,,,,,765,,,,,scale_with_item,,,,,clear,,,,,,,,medium_size
5412,1774656306672,1774656306672.jpg,950,g,sonnet sweep,0,1,0,0,,,,0,0,0,grams (g),.94999999,950,g,log10 median,cabbage,pieces or units,ILOILO,BADIANGAN,Badiangan Public Market,Angel Vegetable Store,F9OY5QTP,,,,,,,,.95,,,,,,950,,,,,scale_with_item,,,,,clear,,,,,,,,medium_size
5413,1774581171578,1774581171578.jpg,,,,0,0,0,0,,,,0,0,0,grams (g),.64499998,645,g,log10 median,cabbage,pieces or units,ILOILO,BADIANGAN,Badiangan Talipapa,Inocencia Vegetable Stand,JB6TL4VQ,,,,,,,,,,,,,,,,,,,scale_with_item,,,,,not_visible,,,,,,,,medium_size
5414,1774654733759,1774654733759.jpg,600,g,sonnet sweep,0,1,0,0,,,,0,0,0,grams (g),.60000002,600,g,log10 median,cabbage,pieces or units,ILOILO,BADIANGAN,Linaywan Badiangan Talipapa,SLP Vegetable Stand,TQO2P7U0,,,,,,,,.6,,,,,,600,,,,,scale_with_item,,,,,clear,,,,,,,,medium_size
5415,1774580300536,1774580300536.jpg,585,g,sonnet sweep,0,1,0,0,,,,0,0,0,grams (g),.58499998,585,g,log10 median,cabbage,pieces or units,ILOILO,BADIANGAN,Badiangan Talipapa,Lerma Vegetable Stand,XKCX158B,,,,,,,,.585,,,,,,585,,,,,scale_with_item,,,,,clear,,,,,,,,medium_size
5416,1774656378224,1774656378224.jpg,200,g,sonnet sweep,0,1,0,0,,,,0,0,0,grams (g),.2,200,g,log10 median,cabbage,half,ILOILO,BADIANGAN,Badiangan Public Market,Angel Vegetable Store,0TWQSZ76,,,,,,,,.2,,,,,,200,,,,,scale_with_item,,,,,clear,,,,,,,,small_size
5417,1774580368257,1774580368257.jpg,350,g,sonnet sweep,0,1,0,0,,,,0,0,0,grams (g),.38999999,390,g,log10 median,cabbage,half,ILOILO,BADIANGAN,Linaywan Badiangan Talipapa,Lerma Vegetable Stand,9SLOPX5K,,,,,,,,.35,,,,,,350,,,,,scale_with_item,,,,,clear,,,,,,,,small_size
5418,1778810671864,1778810671864.jpg,280,g,sonnet sweep,0,1,0,0,,,,0,0,0,grams (g),.28,280,g,log10 median,cabbage,half,ILOILO,BADIANGAN,Iniligan Badiangan Roadside,Oko Vegetable Stand,Q1PRJ9PB,,,,,,,,.28,,,,,,280,,,,,scale_with_item,,,,,probable,,,,,,,,small_size
5419,1774654619417,1774654619417.jpg,270,g,sonnet sweep,0,1,0,0,,,,0,0,0,grams (g),.27000001,270,g,log10 median,cabbage,half,ILOILO,BADIANGAN,Badiangan Talipapa,SLP Vegetable Stand,UOG26BVB,,,,,,,,.27,,,,,,270,,,,,scale_with_item,,,,,clear,,,,,,,,small_size
5420,1774656579702,1774656579702.jpg,120,g,sonnet sweep,0,1,0,0,,,,0,0,0,grams (g),.12,120,g,log10 median,camote tops,bugkos,ILOILO,BADIANGAN,Badiangan Public Market,Angel Vegetable Store,0DSUBO2Y,,,,,,,,.12,,,,,,120,,,,,scale_with_item,,,,,clear,,,,,,,,small_size
5421,1774655104338,1774655104338.jpg,115,g,sonnet sweep,0,1,0,0,,,,0,0,0,grams (g),.115,115,g,log10 median,camote tops,bugkos,ILOILO,BADIANGAN,Linaywan Badiangan Talipapa,SLP Vegetable Stand,EGW7YU1B,,,,,,,,.115,,,,,,115,,,,,scale_with_item,,,,,clear,,,,,,,,small_size
5422,1774581367386,1774581367386.jpg,,,,0,0,0,0,,,,0,0,0,grams (g),.13,130,g,log10 median,camote tops,bugkos,ILOILO,BADIANGAN,Linaywan Badiangan Talipapa,Inocencia Vegetable Stand,NFMWB6JX,,,,,,,,,,,,,,,,,,,scale_with_item,,,,,ambiguous,,,,,,,,small_size
5423,1774580521250,1774580521250.jpg,115,g,sonnet sweep,0,1,0,0,,,,0,0,0,grams (g),.115,115,g,log10 median,camote tops,bugkos,ILOILO,BADIANGAN,Linaywan Badiangan Talipapa,Lerma Vegetable Stand,SYUFG1QY,,,,,,,,.115,,,,,,115,,,,,scale_with_item,,,,,clear,,,,,,,,small_size
5425,1774655020459,1774655020459.jpg,360,g,sonnet sweep,0,1,0,0,,,,0,0,0,grams (g),.36000001,360,g,log10 median,camote,bilog,ILOILO,BADIANGAN,Linaywan Badiangan Talipapa,SLP Vegetable Stand,56EPIPMI,,,,,,,,.36,,,,,,360,,,,,scale_with_item,,,,,clear,,,,,,,,large_size
5426,1774656512269,1774656512269.jpg,255,g,sonnet sweep,0,1,0,0,,,,0,0,0,grams (g),.255,255,g,log10 median,camote,bilog,ILOILO,BADIANGAN,Badiangan Public Market,Angel Vegetable Store,9L65GS4S,,,,,,,,.255,,,,,,255,,,,,scale_with_item,,,,,clear,,,,,,,,medium_size
5427,1774581441501,1774581441501.jpg,120,g,sonnet sweep,0,1,0,0,,,,0,0,0,grams (g),.12,120,g,log10 median,camote,bilog,ILOILO,BADIANGAN,Linaywan Badiangan Talipapa,Inocencia Vegetable Stand,FR1O5YOR,,,,,,,,.12,,,,,,120,,,,,scale_with_item,,,,,probable,,,,,,,,small_size
5428,1774581470817,1774581470817.jpg,,,,0,0,0,0,,,,0,0,0,grams (g),.205,205,g,log10 median,camote,bilog,ILOILO,BADIANGAN,Linaywan Badiangan Talipapa,Inocencia Vegetable Stand,FR1O5YOR,,,,,,,,,,,,,,,,,,,scale_with_item,,,,,not_visible,,,,,,,,medium_size
5429,1774581490985,1774581490985.jpg,406,g,sonnet sweep,0,1,0,0,,,,0,0,0,grams (g),.405,405,g,log10 median,camote,bilog,ILOILO,BADIANGAN,Linaywan Badiangan Talipapa,Inocencia Vegetable Stand,FR1O5YOR,,,,,,,,.406,,,,,,406,,,,,scale_with_item,,,,,clear,,,,,,,,large_size
5430,1774580600386,1774580600386.jpg,110,g,sonnet sweep,0,1,0,0,,,,0,0,0,grams (g),.11,110,g,log10 median,camote,bilog,ILOILO,BADIANGAN,Linaywan Badiangan Talipapa,Lerma Vegetable Stand,LD2FFIJH,,,,,,,,.11,,,,,,110,,,,,scale_with_item,,,,,clear,,,,,,,,small_size
5431,1774580625849,1774580625849.jpg,185,g,sonnet sweep,0,1,0,0,,,,0,0,0,grams (g),.185,185,g,log10 median,camote,bilog,ILOILO,BADIANGAN,Linaywan Badiangan Talipapa,Lerma Vegetable Stand,LD2FFIJH,,,,,,,,.185,,,,,,185,,,,,scale_with_item,,,,,clear,,,,,,,,medium_size
5432,1774580661885,1774580661885.jpg,255,g,sonnet sweep,0,1,0,0,,,,0,0,0,grams (g),.255,255,g,log10 median,camote,bilog,ILOILO,BADIANGAN,Linaywan Badiangan Talipapa,Lerma Vegetable Stand,LD2FFIJH,,,,,,,,.255,,,,,,255,,,,,scale_with_item,,,,,probable,,,,,,,,large_size
5433,1774581284416,1774581284416.jpg,180,g,sonnet sweep,0,1,0,0,,,,0,0,0,grams (g),.18000001,180,g,log10 median,carrot,pieces or units,ILOILO,BADIANGAN,Linaywan Badiangan Talipapa,Inocencia Vegetable Stand,D7AC8NYR,,,,,,,,.18,,,,,,180,,,,,scale_with_item,,,,,probable,,,,,,,,medium_size
5434,1774581306285,1774581306285.jpg,,,,0,0,0,0,,,,0,0,0,grams (g),.25,250,g,log10 median,carrot,pieces or units,ILOILO,BADIANGAN,Linaywan Badiangan Talipapa,Inocencia Vegetable Stand,D7AC8NYR,,,,,,,,,,,,,,,,,,,scale_with_item,,,,,ambiguous,,,,,,,,large_size
5436,1774654801004,1774654801004.jpg,140,g,sonnet sweep,0,1,0,0,,,,0,0,0,grams (g),.14,140,g,log10 median,carrot,pieces or units,ILOILO,BADIANGAN,Linaywan Badiangan Talipapa,SLP Vegetable Stand,QNNMFNNC,,,,,,,,.14,,,,,,140,,,,,scale_with_item,,,,,clear,,,,,,,,small_size
5437,1774654823727,1774654823727.jpg,165,g,sonnet sweep,0,1,0,0,,,,0,0,0,grams (g),.16500001,165,g,log10 median,carrot,pieces or units,ILOILO,BADIANGAN,Linaywan Badiangan Talipapa,SLP Vegetable Stand,QNNMFNNC,,,,,,,,.165,,,,,,165,,,,,scale_with_item,,,,,clear,,,,,,,,medium_size
5438,1778810728156,1778810728156.jpg,115,g,sonnet sweep,0,1,0,0,,,,0,0,0,grams (g),.115,115,g,log10 median,carrot,pieces or units,ILOILO,BADIANGAN,Iniligan Badiangan Roadside,Oko Vegetable Stand,RH36NXS4,,,,,,,,.115,,,,,,115,,,,,scale_with_item,,,,,clear,,,,,,,,small_size
5439,1778810757045,1778810757045.jpg,200,g,sonnet sweep,0,1,0,0,,,,0,0,0,grams (g),.2,200,g,log10 median,carrot,pieces or units,ILOILO,BADIANGAN,Iniligan Badiangan Roadside,Oko Vegetable Stand,RH36NXS4,,,,,,,,.2,,,,,,200,,,,,scale_with_item,,,,,clear,,,,,,,,medium_size
5440,1774582462487,1774582462487.jpg,110,g,sonnet sweep,0,1,0,0,,,,0,0,0,grams (g),.11,110,g,log10 median,carrot,pieces or units,ILOILO,BADIANGAN,Iniligan Badiangan Roadside,Armada Sari Sari Store,SKV8KH93,,,,,,,,.11,,,,,,110,,,,,scale_with_item,,,,,clear,,,,,,,,small_size
5441,1774580433023,1774580433023.jpg,100,g,sonnet sweep,0,1,0,0,,,,0,0,0,grams (g),.1,100,g,log10 median,carrot,pieces or units,ILOILO,BADIANGAN,Linaywan Badiangan Talipapa,Lerma Vegetable Stand,V9SX3OVV,,,,,,,,.1,,,,,,100,,,,,scale_with_item,,,,,clear,,,,,,,,small_size
5442,1774580459547,1774580459547.jpg,165,g,sonnet sweep,0,1,0,0,,,,0,0,0,grams (g),.16500001,165,g,log10 median,carrot,pieces or units,ILOILO,BADIANGAN,Linaywan Badiangan Talipapa,Lerma Vegetable Stand,V9SX3OVV,,,,,,,,.165,,,,,,165,,,,,scale_with_item,,,,,clear,,,,,,,,medium_size
5443,1774578054508,1774578054508.jpg,1175,g,human,1,1,0,0,,,,0,0,0,Litres (L),.001175,1175,g,log10 median,chicken,whole (chicken),ILOILO,BADIANGAN,Iniligan Badiangan Roadside,Kailis Tindahan,KVJHNNSG,1.175,1.175,scale,0,,1.175,1.175,,,.115,1175,1175,1175,,,115,scale_with_item,scale_with_item,,,scale_with_item,clear,clear,,,clear,,,,,,large_size
5444,1774575404980,1774575404980.jpg,980,g,sonnet sweep,0,1,0,0,,,,0,0,0,grams (g),.98000002,980,g,log10 median,chicken,whole (chicken),ILOILO,BADIANGAN,Badiangan Public Market,Emman Store Dressed Chicken and Meat Shop,RKNPUM5Q,,,,,,,,.98,,,,,,980,,,,,scale_with_item,,,,,clear,,,,,,,,medium_size
5445,1774583926960,1774583926960.jpg,785,g,sonnet sweep,0,1,0,0,,,,0,0,0,grams (g),.79500002,795,g,log10 median,chicken,whole (chicken),ILOILO,BADIANGAN,Iniligan Badiangan Roadside,Armada Sari Sari Store,UY39SLGZ,,,,,,,,.785,,,,,,785,,,,,scale_with_item,,,,,clear,,,,,,,,medium_size
5456,1774583760541,1774583760541.jpg,90,g,sonnet sweep,0,1,0,0,,,,0,0,0,grams (g),.89999998,90,g,block governs,"ice cream, sorbet, edible ice (eg., ice-lolli, halo-halo)",pieces or units,ILOILO,BADIANGAN,Iniligan Badiangan Roadside,Armada Sari Sari Store,2RVHZM4M,,,,,,,,.09,,,,,,90,,,,,scale_with_item,,,,,clear,,,,,,,,small_size
5465,1774582973934,1774582973934.jpg,250,mL,package label (mL),0,1,1,1,250 ml,250,mL,1,0,1,grams (g),250,250,mL,log10 median,"liquor (e.g, whisky, coconut wine)",junior lapad,ILOILO,BADIANGAN,Iniligan Badiangan Roadside,Armada Sari Sari Store,6ASW2YOV,,,,,,,,,,,,,,,,,,,item_no_scale,,,,,not_visible,,,,,250 ml,,,small_size
5466,1774576014115,1774576014115.jpg,250,mL,package label (mL),0,1,1,1,250 ml,250,mL,1,0,1,grams (g),250,250,mL,log10 median,"liquor (e.g, whisky, coconut wine)",junior lapad,ILOILO,BADIANGAN,Badiangan Public Market,Dawn Grace Store,6IYO83FG,,,,,,,,,,,,,,,,,,,item_no_scale,,,,,not_visible,,,,,250 ml,,,small_size
5467,1774577332057,1774577332057.jpg,250,mL,package label (mL),0,1,1,1,250 ml,250,mL,1,0,1,grams (g),250,250,mL,log10 median,"liquor (e.g, whisky, coconut wine)",junior lapad,ILOILO,BADIANGAN,Iniligan Badiangan Roadside,Kailis Tindahan,XB4XM06M,,,,,,,,,,,,,,,,,,,item_no_scale,,,,,not_visible,,,,,250 ml,,,small_size
5468,1774577281675,1774577281675.jpg,375,mL,package label (mL),0,1,1,1,375 mL,375,mL,1,0,1,grams (g),375,375,mL,log10 median,"liquor (e.g, whisky, coconut wine)",lipid/lapad,ILOILO,BADIANGAN,Iniligan Badiangan Roadside,Kailis Tindahan,KH9Y81C9,,,,,,,,,,,,,,,,,,,item_no_scale,,,,,not_visible,,,,,375 mL,,,medium_size
5469,1774573293699,1774573293699.jpg,375,mL,package label (mL),0,1,1,1,375 mL,375,mL,1,0,1,grams (g),375,375,mL,log10 median,"liquor (e.g, whisky, coconut wine)",lipid/lapad,ILOILO,BADIANGAN,Badiangan Public Market,Gorriceta Sari-Sar Store,PHZZMIM1,,,,,,,,,,,,,,,,,,,item_no_scale,,,,,not_visible,,,,,375 mL,,,medium_size
5470,1774576102499,1774576102499.jpg,375,mL,package label (mL),0,1,1,1,375 mL,375,mL,1,0,1,grams (g),375,375,mL,log10 median,"liquor (e.g, whisky, coconut wine)",lipid/lapad,ILOILO,BADIANGAN,Badiangan Public Market,Dawn Grace Store,ZZEM8CE9,,,,,,,,,,,,,,,,,,,other,,,,,not_visible,,,,,375 mL,,,medium_size
5471,1774573233557,1774573233557.jpg,,,,0,0,0,0,,,,0,0,0,grams (g),750,750,mL,log10 median,"liquor (e.g, whisky, coconut wine)",long-neck,ILOILO,BADIANGAN,Badiangan Public Market,Gorriceta Sari-Sar Store,76E79298,,,,,,,,,,,,,,,,,,,label_closeup,,,,,not_visible,,,,,,,,large_size
5473,1774577391374,1774577391374.jpg,750,mL,package label (mL),0,1,1,1,750 mL,750,mL,1,0,1,grams (g),750,750,mL,log10 median,"liquor (e.g, whisky, coconut wine)",long-neck,ILOILO,BADIANGAN,Iniligan Badiangan Roadside,Kailis Tindahan,D1PPIO7O,,,,,,,,,,,,,,,,,,,label_closeup,,,,,not_visible,,,,,750 mL,,,large_size
5474,1774582915282,1774582915282.jpg,750,mL,package label (mL),0,1,1,1,750 mL,750,mL,1,0,1,grams (g),750,750,mL,log10 median,"liquor (e.g, whisky, coconut wine)",long-neck,ILOILO,BADIANGAN,Iniligan Badiangan Roadside,Armada Sari Sari Store,VC68K2VA,,,,,,,,,,,,,,,,,,,item_no_scale,,,,,not_visible,,,,,750 mL,,,large_size
5484,1774581902994,1774581902994.jpg,908,g,sonnet sweep,0,1,0,0,,,,0,0,0,grams (g),.405,405,g,block governs,pork,slice,ILOILO,BADIANGAN,Badiangan Talipapa,Ron Liam Meat Shop,I1C4FA2H,,,,,,,,.908,,,,,,908,,,,,scale_with_item,,,,,probable,,,,,,,,province_median
5485,1778810173190,1778810173190.jpg,445,g,sonnet sweep,0,1,0,0,,,,0,0,0,grams (g),.44499999,445,g,block governs,pork,slice,ILOILO,BADIANGAN,Linaywan Badiangan Talipapa,Ron Liam Meat Stand,JVN60CF9,,,,,,,,.445,,,,,,445,,,,,scale_with_item,,,,,clear,,,,,,,,province_median
5486,1778811481915,1778811481915.jpg,680,g,sonnet sweep,0,1,0,0,,,,0,0,0,grams (g),.66000003,660,g,block governs,pork,slice,ILOILO,BADIANGAN,Brgy.Tiniglan Badiangan Talipapa,Rose and Zaldy Meat Stand,KE4QDTSL,,,,,,,,.68,,,,,,680,,,,,scale_with_item,,,,,clear,,,,,,,,province_median
5510,1774055120439,1774055120439.jpg,90,g,sonnet sweep,0,1,0,0,,,,0,0,0,grams (g),.090000004,90,g,log10 median,carrot,pieces or units,ILOILO,BALASAN,Balasan public market,C_jay store,NU5IYP96,,,,,,,,.09,,,,,,90,,,,,scale_with_item,,,,,clear,,,,,,,,small_size
5521,1774056980157,1774056980157.jpg,1165,g,sonnet sweep,0,1,0,0,,,,0,0,0,grams (g),1.165,1165,g,log10 median,chicken,bilog,ILOILO,BALASAN,Balasan public market,Jhonpaul store,DFQQB15F,,,,,,,,1.165,,,,,,1165,,,,,scale_with_item,,,,,clear,,,,,,,,large_size
5570,1774408092953,1774408092953.jpg,225,g,sonnet sweep,0,1,0,0,,,,0,0,0,grams (g),.22499999,225,g,log10 median,cabbage,pieces or units,ILOILO,BANATE,Banate Public Market,none,SLXYVENJ,,,,,,,,.225,,,,,,225,,,,,scale_with_item,,,,,clear,,,,,,,,small_size
5571,1774408125255,1774408125255.jpg,405,g,sonnet sweep,0,1,0,0,,,,0,0,0,grams (g),.405,405,g,log10 median,cabbage,pieces or units,ILOILO,BANATE,Banate Public Market,none,SLXYVENJ,,,,,,,,.405,,,,,,405,,,,,scale_with_item,,,,,clear,,,,,,,,medium_size
5572,1774408149177,1774408149177.jpg,900,g,sonnet sweep,0,1,0,0,,,,0,0,0,grams (g),.89999998,900,g,log10 median,cabbage,pieces or units,ILOILO,BANATE,Banate Public Market,none,SLXYVENJ,,,,,,,,.9,,,,,,900,,,,,scale_with_item,,,,,clear,,,,,,,,large_size
5576,1774409737188,1774409737188.jpg,110,g,sonnet sweep,0,1,0,0,,,,0,0,0,grams (g),.11,110,g,log10 median,camote tops,bugkos,ILOILO,BANATE,Banate Public Market,Ram Ram Vegetables,BVPXQC9D,,,,,,,,.11,,,,,,110,,,,,scale_with_item,,,,,clear,,,,,,,,small_size
5578,1774409963995,1774409963995.jpg,130,g,sonnet sweep,0,1,0,0,,,,0,0,0,grams (g),.13,130,g,log10 median,camote tops,bugkos,ILOILO,BANATE,Banate Public Market,Marilou Vegetable,UA8GHG68,,,,,,,,.13,,,,,,130,,,,,scale_with_item,,,,,clear,,,,,,,,small_size
5579,1774408758998,1774408758998.jpg,150,g,sonnet sweep,0,1,0,0,,,,0,0,0,grams (g),.15000001,150,g,log10 median,carrot,pieces or units,ILOILO,BANATE,banate Public Market,Benjie gulayan,3GPIE5AB,,,,,,,,.15,,,,,,150,,,,,scale_with_item,,,,,clear,,,,,,,,small_size
5580,1774408776528,1774408776528.jpg,210,g,sonnet sweep,0,1,0,0,,,,0,0,0,grams (g),.20999999,210,g,log10 median,carrot,pieces or units,ILOILO,BANATE,banate Public Market,Benjie gulayan,3GPIE5AB,,,,,,,,.21,,,,,,210,,,,,scale_with_item,,,,,clear,,,,,,,,medium_size
5581,1774408793521,1774408793521.jpg,320,g,sonnet sweep,0,1,0,0,,,,0,0,0,grams (g),.31999999,320,g,log10 median,carrot,pieces or units,ILOILO,BANATE,banate Public Market,Benjie gulayan,3GPIE5AB,,,,,,,,.32,,,,,,320,,,,,scale_with_item,,,,,clear,,,,,,,,large_size
5582,1774489606046,1774489606046.jpg,80,g,sonnet sweep,0,1,0,0,,,,0,0,0,grams (g),.079999998,80,g,log10 median,carrot,pieces or units,ILOILO,BANATE,roadside,RD Third Store,CI9I6G4N,,,,,,,,.08,,,,,,80,,,,,scale_with_item,,,,,clear,,,,,,,,small_size
5583,1774489619717,1774489619717.jpg,130,g,sonnet sweep,0,1,0,0,,,,0,0,0,grams (g),.13,130,g,log10 median,carrot,pieces or units,ILOILO,BANATE,roadside,RD Third Store,CI9I6G4N,,,,,,,,.13,,,,,,130,,,,,scale_with_item,,,,,clear,,,,,,,,medium_size
5584,1774489649019,1774489649019.jpg,170,g,sonnet sweep,0,1,0,0,,,,0,0,0,grams (g),.17,170,g,log10 median,carrot,pieces or units,ILOILO,BANATE,roadside,RD Third Store,CI9I6G4N,,,,,,,,.17,,,,,,170,,,,,scale_with_item,,,,,clear,,,,,,,,large_size
5588,1774408275669,1774408275669.jpg,210,g,sonnet sweep,0,1,0,0,,,,0,0,0,grams (g),.20999999,210,g,log10 median,carrot,pieces or units,ILOILO,BANATE,banate Public Market,none,FDPS6SAI,,,,,,,,.21,,,,,,210,,,,,scale_with_item,,,,,clear,,,,,,,,small_size
5589,1774408298285,1774408298285.jpg,365,g,sonnet sweep,0,1,0,0,,,,0,0,0,grams (g),.36500001,365,g,log10 median,carrot,pieces or units,ILOILO,BANATE,banate Public Market,none,FDPS6SAI,,,,,,,,.365,,,,,,365,,,,,scale_with_item,,,,,clear,,,,,,,,medium_size
5590,1774408319598,1774408319598.jpg,455,g,sonnet sweep,0,1,0,0,,,,0,0,0,grams (g),.45500001,455,g,log10 median,carrot,pieces or units,ILOILO,BANATE,banate Public Market,none,FDPS6SAI,,,,,,,,.455,,,,,,455,,,,,scale_with_item,,,,,clear,,,,,,,,large_size
5591,1774412644850,1774412644850.jpg,810,g,sonnet sweep,0,1,0,0,,,,0,0,0,grams (g),.81,810,g,log10 median,chicken,bilog,ILOILO,BANATE,Banate Public Market,Lita store,26DLSMSR,,,,,,,,.8100000000000001,,,,,,810,,,,,scale_with_item,,,,,clear,,,,,,,,small_size
5592,1774412675652,1774412675652.jpg,950,g,sonnet sweep,0,1,0,0,,,,0,0,0,grams (g),.94999999,950,g,log10 median,chicken,bilog,ILOILO,BANATE,Banate Public Market,Lita store,26DLSMSR,,,,,,,,.95,,,,,,950,,,,,scale_with_item,,,,,clear,,,,,,,,medium_size
5593,1774412720765,1774412720765.jpg,1120,g,sonnet sweep,0,1,0,0,,,,0,0,0,grams (g),1.12,1120,g,log10 median,chicken,bilog,ILOILO,BANATE,Banate Public Market,Lita store,26DLSMSR,,,,,,,,1.12,,,,,,1120,,,,,scale_with_item,,,,,probable,,,,,,,,large_size
5604,1774403539215,1774403539215.jpg,25,g,package label (g),0,1,1,0,NET WT. 25g,25,g,1,0,1,grams (g),.25,250,g,block governs,"crackers, cookies, buiscuits, chips/curls",pieces or units,ILOILO,BANATE,roadside,mam bekay store,60S2O7XB,,,,,,,,,,,,,,,,,,,label_closeup,,,,,not_visible,,,,,NET WT. 25g,,,small_size
5605,1774488084234,1774488084234.jpg,25,g,package label (g),0,1,1,0,NET WT: 25g,25,g,1,0,1,grams (g),.25,250,g,block governs,"crackers, cookies, buiscuits, chips/curls",pieces or units,ILOILO,BANATE,banate Public Market,New Banate Nonoy Store,7BGFJOEE,,,,,,,,,,,,,,,,,,,label_closeup,,,,,not_visible,,,,,NET WT: 25g,,,small_size
5617,1774403634472,1774403634472.jpg,,,,0,0,0,0,,,,0,0,0,Litres (L),.33000001,330,g,log10 median,"crackers, cookies, buiscuits, chips/curls",putos,ILOILO,BANATE,roadside,mam bekay store,ICZVCAOS,,,,,,,,,,,,,,,,,label_closeup,,,,label_closeup,not_visible,,,,not_visible,,,,,,small_size
5624,1774410843839,1774410843839.jpg,,,,0,0,0,0,,,,0,0,0,Litres (L),.0015,1500,mL,log10 median,"drinks at restaurant, hotel, cafe, or kiosk",pieces or units,ILOILO,BANATE,banate Public Market,Janine Store,6NC8A7AF,,,,,,,,,,,,,,,,,,,item_no_scale,,,,,not_visible,,,,,,,,large_size
5627,1774403746019,1774403746019.jpg,1500,mL,package label (mL),0,1,1,1,1.5 Litre,1500,mL,1,0,1,Litres (L),.0015,1500,mL,log10 median,"drinks at restaurant, hotel, cafe, or kiosk",pieces or units,ILOILO,BANATE,roadside,mam bekay store,6PSHNIML,,,,,,,,,,,,,,,,,,,item_no_scale,,,,,not_visible,,,,,1.5 Litre,,,large_size
5634,1774488849528,1774488849528.jpg,,,,0,0,0,0,,,,0,0,0,Litres (L),.0015,1500,mL,log10 median,"drinks at restaurant, hotel, cafe, or kiosk",pieces or units,ILOILO,BANATE,roadside,Ariana Store,N8BXLF4O,,,,,,,,,,,,,,,,,,,label_closeup,,,,,not_visible,,,,,,,,large_size
5637,1774487878957,1774487878957.jpg,,,,0,0,0,0,,,,0,0,0,Litres (L),.0015,1500,mL,log10 median,"drinks at restaurant, hotel, cafe, or kiosk",pieces or units,ILOILO,BANATE,Banate Public Market,New Banate Nonoy Store,RE85WKOR,,,,,,,,,,,,,,,,,,,item_no_scale,,,,,not_visible,,,,,,,,large_size
5638,1774413170060,1774413170060.jpg,455,g,sonnet sweep,0,1,0,0,,,,0,0,0,grams (g),.45500001,455,g,block governs,fresh fish,pack,ILOILO,BANATE,Banate Public Market,Jennifer Fish Stand,18H3JA6M,,,,,,,,.455,,,,,,455,,,,,scale_with_item,,,,,clear,,,,,,,,small_size
5643,1774490159556,1774490159556.jpg,,,,0,0,0,0,,,,0,0,0,Litres (L),.075000003,75,g,log10 median,"ice cream, sorbet, edible ice (eg., ice-lolli, halo-halo)",putos,ILOILO,BANATE,Banate Public Market,Kate store,0OSO8XH9,,,,,,,,,,,,,,,,,,,label_closeup,,,,,not_visible,,,,,,,,small_size
5644,1774490179224,1774490179224.jpg,,,,0,0,0,0,,,,0,0,0,Litres (L),.20999999,210,g,block governs,"ice cream, sorbet, edible ice (eg., ice-lolli, halo-halo)",putos,ILOILO,BANATE,Banate Public Market,Kate store,0OSO8XH9,,,,,,,,,,,,,,,,,,,item_no_scale,,,,,not_visible,,,,,,,,medium_size
5645,1774403436959,1774403436959.jpg,355,g,sonnet sweep,0,1,0,0,,,,0,0,0,grams (g),.35499999,355,g,block governs,"ice cream, sorbet, edible ice (eg., ice-lolli, halo-halo)",putos,ILOILO,BANATE,roadside,mam bekay store,TFZFOX7A,,,,,,,,.355,,,,,,355,,,,,scale_with_item,,,,,clear,,,,,,,,small_size
5646,1774414672976,1774414672976.jpg,,,,0,0,0,0,,,,0,0,0,grams (g),.375,375,g,block governs,"ice cream, sorbet, edible ice (eg., ice-lolli, halo-halo)",putos,ILOILO,BANATE,Banate Public Market,Binay halo halo,ZNRFLX49,,,,,,,,,,,,,,,,,,,scale_with_item,,,,,ambiguous,,,,,,,,small_size
5660,1774413964641,1774413964641.jpg,260,g,sonnet sweep,0,1,0,0,,,,0,0,0,grams (g),.25999999,260,g,log10 median,"prawns, lobster, shrimp",tumpok,ILOILO,BANATE,Banate Public Market,Joy Fish Stand,2HCFZ7W6,,,,,,,,.26,,,,,,260,,,,,scale_with_item,,,,,clear,,,,,,,,small_size
5662,1774413249999,1774413249999.jpg,260,g,sonnet sweep,0,1,0,0,,,,0,0,0,grams (g),.25999999,260,g,log10 median,"prawns, lobster, shrimp",tumpok,ILOILO,BANATE,banate Public Market,Jennifer Fish Stand,P9XLIEDD,,,,,,,,.26,,,,,,260,,,,,scale_with_item,,,,,clear,,,,,,,,small_size
5665,1774412785430,1774412785430.jpg,225,g,package label (g),0,1,1,0,NET WT. 225 g,225,g,1,0,1,grams (g),.22499999,225,g,log10 median,"preserved or processed meat (tocino, tapa, longaniza, etc)",pack,ILOILO,BANATE,banate Public Market,Lita store,86ABGZVV,,,,,,,,,,,,,,,,,,,label_closeup,,,,,not_visible,,,,,NET WT. 225 g,,,small_size
5667,1774489489373,1774489489373.jpg,185,g,sonnet sweep,0,1,0,0,,,,0,0,0,grams (g),.185,185,g,log10 median,"preserved or processed meat (tocino, tapa, longaniza, etc)",pack,ILOILO,BANATE,roadside,RD Third Store,U5ELUCU9,,,,,,,,.185,,,,,,185,,,,,scale_with_item,,,,,clear,,,,,,,,small_size
5668,1774489514501,1774489514501.jpg,285,g,sonnet sweep,0,1,0,0,,,,0,0,0,grams (g),.285,285,g,log10 median,"preserved or processed meat (tocino, tapa, longaniza, etc)",pack,ILOILO,BANATE,roadside,RD Third Store,U5ELUCU9,,,,,,,,.285,,,,,,285,,,,,scale_with_item,,,,,clear,,,,,,,,medium_size
5669,1774489531883,1774489531883.jpg,335,g,sonnet sweep,0,1,0,0,,,,0,0,0,grams (g),.33500001,335,g,log10 median,"preserved or processed meat (tocino, tapa, longaniza, etc)",pack,ILOILO,BANATE,roadside,RD Third Store,U5ELUCU9,,,,,,,,.335,,,,,,335,,,,,scale_with_item,,,,,clear,,,,,,,,large_size
5680,1778202162943,1778202162943.jpg,175,g,sonnet sweep,0,1,0,0,,,,0,0,0,grams (g),.175,175,g,log10 median,cabbage,pack,ILOILO,BAROTAC NUEVO,Barotac Nuevo Public Market,Analyn Store,ASNUIKNV,,,,,,,,.175,,,,,,175,,,,,scale_with_item,,,,,clear,,,,,,,,province_median
5688,1774573951113,1774573951113.jpg,90,g,sonnet sweep,0,1,0,0,,,,0,0,0,grams (g),.090000004,90,g,log10 median,carrot,pieces or units,ILOILO,BAROTAC NUEVO,Nuevo public market,Babes,O99I6CCZ,,,,,,,,.09,,,,,,90,,,,,scale_with_item,,,,,clear,,,,,,,,small_size
5694,1774574791282,1774574791282.jpg,85,g,sonnet sweep,0,1,0,0,,,,0,0,0,grams (g),.085000001,85,g,log10 median,carrot,pieces or units,ILOILO,BAROTAC NUEVO,Nuevo public market,Boyboy,ZE2T92GM,,,,,,,,.085,,,,,,85,,,,,scale_with_item,,,,,clear,,,,,,,,small_size
5730,1774578273239,1774578273239.jpg,,,,0,0,0,0,,,,0,0,0,Litres (L),.75,750,mL,log10 median,"liquor (e.g, whisky, coconut wine)",long-neck,ILOILO,BAROTAC NUEVO,Nuevo public market,Joybell,5FTOZT7Z,,,,,,,,,,,,,,,,,item_no_scale,,,,item_no_scale,not_visible,,,,not_visible,,,,,,large_size
5744,1774576416960,1774576416960.jpg,250,g,package label (g),0,1,1,0,NET WT. 250g,250,g,1,0,1,grams (g),250,250,g,log10 median,"preserved or processed meat (tocino, tapa, longaniza, etc)",putos,ILOILO,BAROTAC NUEVO,Nuevo public market,Bebing,98SYG2EM,,,,,,,,,,,,,,,,,item_no_scale,,,,label_closeup,not_visible,,,,not_visible,NET WT. 250g,,,,,small_size
5770,1774491941351,1774491941351.jpg,75,g,sonnet sweep,0,1,0,0,,,,0,0,0,grams (g),.075000003,75,g,log10 median,camote,bilog,ILOILO,BAROTAC VIEJO,Viejo road side,Rosie,ZOS6DAWB,,,,,,,,.075,,,,,,75,,,,,scale_with_item,,,,,clear,,,,,,,,small_size
5774,1774405854786,1774405854786.jpg,80,g,sonnet sweep,0,1,0,0,,,,0,0,0,grams (g),.079999998,80,g,log10 median,carrot,pieces or units,ILOILO,BAROTAC VIEJO,Vieko public market,Gelias store,378V182R,,,,,,,,.08,,,,,,80,,,,,scale_with_item,,,,,clear,,,,,,,,municipality_median
5800,1774408141490,1774408141490.jpg,,,,0,0,0,0,,,,0,0,0,grams (g),85,85,mL,log10 median,"ice cream, sorbet, edible ice (eg., ice-lolli, halo-halo)",pieces or units,ILOILO,BAROTAC VIEJO,Veijo public market,Ag store,39FBT230,,,,,,,,,,,,,,,,,,,item_no_scale,,,,,not_visible,,,,,,,,small_size
5817,1774408400798,1774408400798.jpg,640,g,package label (g),0,1,1,0,Net Wt. 640 g,640,g,1,0,1,grams (g),640,640,g,log10 median,loaf bread,large packs,ILOILO,BAROTAC VIEJO,Vieko public market,Ag store,02WOE21B,,,,,,,,,,,,,,,,,item_no_scale,,,,item_no_scale,not_visible,,,,not_visible,Net Wt. 640 g,,,,NET WT. 640g,large_size
5898,1774404658618,1774404658618.jpg,1135,g,sonnet sweep,0,1,0,0,,,,0,0,0,Kilograms (Kgs),1135,1135,g,log10 median,chicken,whole (chicken),ILOILO,BATAD,Batad market,Andrie store,OUSA70RG,,,,,,,,1.135,,,,,,1135,,,,,scale_with_item,,,,,clear,,,,,,,,medium_size
5918,1774492836874,1774492836874.jpg,300,g,human,1,1,0,0,,,,0,0,0,grams (g),300,300,g,log10 median,"drinks at restaurant, hotel, cafe, or kiosk",pieces or units,ILOILO,BATAD,Batad Public market,Cafe mer,76RIPJBS,.3,0.3,scale,1,,,1.3,,,,300,,1300,,,,scale_with_item,,,,scale_with_item,clear,,,,not_visible,,,,,,medium_size
5962,1774409852103,1774409852103.jpg,70,g,sonnet sweep,0,1,0,0,,,,0,0,0,grams (g),.07,70,g,log10 median,"preserved or processed meat (tocino, tapa, longaniza, etc)",bilog,ILOILO,BATAD,Batad market,3 kings store,7JVUKKG3,,,,,,,,.07,,,,,,70,,,,,scale_with_item,,,,,clear,,,,,,,,large_size
5963,1774404463927,1774404463927.jpg,70,g,sonnet sweep,0,1,0,0,,,,0,0,0,grams (g),.07,70,g,log10 median,"preserved or processed meat (tocino, tapa, longaniza, etc)",bilog,ILOILO,BATAD,Batad market,Andrie store,EU0S6H83,,,,,,,,.07,,,,,,70,,,,,scale_with_item,,,,,clear,,,,,,,,large_size
5966,1774491239222,1774491239222.jpg,1150,g,package label (g),0,1,1,0,NET WT. 1.15 KG,1150,g,1,0,1,Kilograms (Kgs),115,115,g,log10 median,"preserved or processed meat (tocino, tapa, longaniza, etc)",pack,ILOILO,BATAD,Batad talipapa,Shenat store,5OL74TNB,,,,,,,,,,,,,,,,,,,label_closeup,,,,,not_visible,,,,,NET WT. 1.15 KG,,,large_size
6097,1773799244319,1773799244319.jpg,865,g,sonnet sweep,0,1,0,0,,,,0,0,0,grams (g),.66500002,665,g,log10 median,cabbage,pieces or units,ILOILO,CABATUAN,Roadside,Sisa Store,58JTC8R1,,,,,,,,.865,,,,,,865,,,,,scale_with_item,,,,,clear,,,,,,,,medium_size
6098,1773799544259,1773799544259.jpg,,,,0,0,0,0,,,,0,0,0,grams (g),.88999999,890,g,log10 median,cabbage,pieces or units,ILOILO,CABATUAN,Roadside,Sisa Store,58JTC8R1,,,,,,,,,,,,,,,,,,,scale_with_item,,,,,ambiguous,,,,,,,,large_size
6099,1773798664281,1773798664281.jpg,115,g,sonnet sweep,0,1,0,0,,,,0,0,0,grams (g),.115,115,g,log10 median,cabbage,pieces or units,ILOILO,CABATUAN,Roadside,Princess Store,6PHKI57L,,,,,,,,.115,,,,,,115,,,,,scale_with_item,,,,,clear,,,,,,,,small_size
6100,1773798689344,1773798689344.jpg,180,g,sonnet sweep,0,1,0,0,,,,0,0,0,grams (g),.18000001,180,g,block governs,cabbage,pieces or units,ILOILO,CABATUAN,Roadside,Princess Store,6PHKI57L,,,,,,,,.18,,,,,,180,,,,,scale_with_item,,,,,clear,,,,,,,,medium_size
6101,1773798724393,1773798724393.jpg,285,g,sonnet sweep,0,1,0,0,,,,0,0,0,grams (g),.285,285,g,log10 median,cabbage,pieces or units,ILOILO,CABATUAN,Roadside,Princess Store,6PHKI57L,,,,,,,,.285,,,,,,285,,,,,scale_with_item,,,,,clear,,,,,,,,large_size
6102,1773798497274,1773798497274.jpg,235,g,sonnet sweep,0,1,0,0,,,,0,0,0,grams (g),.235,235,g,log10 median,cabbage,pieces or units,ILOILO,CABATUAN,Roadside,Princess Store,8MN6RPJ5,,,,,,,,.235,,,,,,235,,,,,scale_with_item,,,,,clear,,,,,,,,small_size
6103,1773798527361,1773798527361.jpg,535,g,sonnet sweep,0,1,0,0,,,,0,0,0,grams (g),.53500003,535,g,log10 median,cabbage,pieces or units,ILOILO,CABATUAN,Roadside,Princess Store,8MN6RPJ5,,,,,,,,.535,,,,,,535,,,,,scale_with_item,,,,,clear,,,,,,,,medium_size
6104,1773798610241,1773798610241.jpg,770,g,sonnet sweep,0,1,0,0,,,,0,0,0,grams (g),.76999998,770,g,log10 median,cabbage,pieces or units,ILOILO,CABATUAN,Roadside,Princess Store,8MN6RPJ5,,,,,,,,.77,,,,,,770,,,,,scale_with_item,,,,,clear,,,,,,,,large_size
6105,1773800293872,1773800293872.jpg,315,g,sonnet sweep,0,1,0,0,,,,0,0,0,grams (g),.315,315,g,log10 median,cabbage,pieces or units,ILOILO,CABATUAN,Roadside,Linero Store,CADN221G,,,,,,,,.315,,,,,,315,,,,,scale_with_item,,,,,clear,,,,,,,,small_size
6106,1773709169064,1773709169064.jpg,515,g,sonnet sweep,0,1,0,0,,,,0,0,0,grams (g),.51499999,515,g,log10 median,cabbage,pieces or units,ILOILO,CABATUAN,Cabatuan Public Market,Barrios Stall,GH0CG3XY,,,,,,,,.515,,,,,,515,,,,,scale_with_item,,,,,clear,,,,,,,,medium_size
6107,1773709194717,1773709194717.jpg,895,g,sonnet sweep,0,1,0,0,,,,0,0,0,grams (g),.89499998,895,g,log10 median,cabbage,pieces or units,ILOILO,CABATUAN,Cabatuan Public Market,Barrios Stall,GH0CG3XY,,,,,,,,.895,,,,,,895,,,,,scale_with_item,,,,,clear,,,,,,,,large_size
6108,1773708063594,1773708063594.jpg,320,g,sonnet sweep,0,1,0,0,,,,0,0,0,grams (g),.31999999,320,g,log10 median,cabbage,pieces or units,ILOILO,CABATUAN,Cabatuan Public Market,Sherwin Collantes,QQY7OXB0,,,,,,,,.32,,,,,,320,,,,,scale_with_item,,,,,clear,,,,,,,,small_size
6109,1773708100897,1773708100897.jpg,860,g,sonnet sweep,0,1,0,0,,,,0,0,0,grams (g),.86000001,860,g,log10 median,cabbage,pieces or units,ILOILO,CABATUAN,Cabatuan Public Market,Sherwin Collantes,QQY7OXB0,,,,,,,,.86,,,,,,860,,,,,scale_with_item,,,,,clear,,,,,,,,medium_size
6110,1773708130557,1773708130557.jpg,970,g,sonnet sweep,0,1,0,0,,,,0,0,0,grams (g),.97000003,970,g,log10 median,cabbage,pieces or units,ILOILO,CABATUAN,Cabatuan Public Market,Sherwin Collantes,QQY7OXB0,,,,,,,,.97,,,,,,970,,,,,scale_with_item,,,,,clear,,,,,,,,large_size
6111,1773725726935,1773725726935.jpg,270,g,sonnet sweep,0,1,0,0,,,,0,0,0,grams (g),.27000001,270,g,log10 median,cabbage,pieces or units,ILOILO,CABATUAN,Tabucan Talipapa,2 Angels Store,VTE03ILX,,,,,,,,.27,,,,,,270,,,,,scale_with_item,,,,,clear,,,,,,,,small_size
6112,1773725750413,1773725750413.jpg,685,g,sonnet sweep,0,1,0,0,,,,0,0,0,grams (g),.685,685,g,log10 median,cabbage,pieces or units,ILOILO,CABATUAN,Tabucan Talipapa,2 Angels Store,VTE03ILX,,,,,,,,.6850000000000001,,,,,,685,,,,,scale_with_item,,,,,clear,,,,,,,,medium_size
6113,1773725781491,1773725781491.jpg,840,g,sonnet sweep,0,1,0,0,,,,0,0,0,grams (g),.83999997,840,g,log10 median,cabbage,pieces or units,ILOILO,CABATUAN,Tabucan Talipapa,2 Angels Store,VTE03ILX,,,,,,,,.84,,,,,,840,,,,,scale_with_item,,,,,clear,,,,,,,,large_size
6114,1773727390688,1773727390688.jpg,470,g,sonnet sweep,0,1,0,0,,,,0,0,0,grams (g),.47,470,g,log10 median,cabbage,pieces or units,ILOILO,CABATUAN,Tabucan Talipapa,J-L Vegetable Stand,XTYUF7PC,,,,,,,,.47,,,,,,470,,,,,scale_with_item,,,,,clear,,,,,,,,small_size
6115,1773727456601,1773727456601.jpg,515,g,sonnet sweep,0,1,0,0,,,,0,0,0,grams (g),.51499999,515,g,log10 median,cabbage,pieces or units,ILOILO,CABATUAN,Tabucan Talipapa,J-L Vegetable Stand,XTYUF7PC,,,,,,,,.515,,,,,,515,,,,,scale_with_item,,,,,clear,,,,,,,,medium_size
6116,1773727501801,1773727501801.jpg,700,g,sonnet sweep,0,1,0,0,,,,0,0,0,grams (g),.69999999,700,g,log10 median,cabbage,pieces or units,ILOILO,CABATUAN,Tabucan Talipapa,J-L Vegetable Stand,XTYUF7PC,,,,,,,,.7,,,,,,700,,,,,scale_with_item,,,,,clear,,,,,,,,large_size
6117,1778895306551,1778895306551.jpg,0,g,sonnet sweep,0,1,0,0,,,,0,0,0,grams (g),.2,200,g,log10 median,cabbage,putos (mix vegetable),ILOILO,CABATUAN,Tabucan Talipapa,LRRJ VEGGIES and MORE,0ORASPCT,,,,,,,,0,,,,,,0,,,,,scale_with_item,,,,,clear,,,,,,,,small_size
6118,1773710372730,1773710372730.jpg,215,g,sonnet sweep,0,1,0,0,,,,0,0,0,grams (g),.215,215,g,log10 median,cabbage,putos (mix vegetable),ILOILO,CABATUAN,San Miguel Public Market,Bretan̈a Store,3O5V2A5L,,,,,,,,.215,,,,,,215,,,,,scale_with_item,,,,,clear,,,,,,,,small_size
6119,1773708410254,1773708410254.jpg,190,g,sonnet sweep,0,1,0,0,,,,0,0,0,grams (g),.19,190,g,log10 median,cabbage,putos (mix vegetable),ILOILO,CABATUAN,San Miguel Public Market,Sherwin Collantes,7ADJGMKT,,,,,,,,.19,,,,,,190,,,,,scale_with_item,,,,,clear,,,,,,,,small_size
6120,1773800517810,1773800517810.jpg,160,g,sonnet sweep,0,1,0,0,,,,0,0,0,grams (g),.16,160,g,log10 median,cabbage,putos (mix vegetable),ILOILO,CABATUAN,Roadside,Linero Store,GVG7673G,,,,,,,,.16,,,,,,160,,,,,scale_with_item,,,,,clear,,,,,,,,small_size
6121,1773726593878,1773726593878.jpg,170,g,sonnet sweep,0,1,0,0,,,,0,0,0,grams (g),.17,170,g,log10 median,cabbage,putos (mix vegetable),ILOILO,CABATUAN,Tabucan Talipapa,2 Angels Store,IJNOM8E9,,,,,,,,.17,,,,,,170,,,,,scale_with_item,,,,,clear,,,,,,,,small_size
6122,1773799922423,1773799922423.jpg,160,g,sonnet sweep,0,1,0,0,,,,0,0,0,grams (g),.16,160,g,log10 median,cabbage,putos (mix vegetable),ILOILO,CABATUAN,Roadside,Sisa Store,IQQUEOQU,,,,,,,,.16,,,,,,160,,,,,scale_with_item,,,,,clear,,,,,,,,small_size
6124,1773798791755,1773798791755.jpg,160,g,sonnet sweep,0,1,0,0,,,,0,0,0,grams (g),.16,160,g,log10 median,cabbage,putos (mix vegetable),ILOILO,CABATUAN,Roadside,Princess Store,V9ZV0TEF,,,,,,,,.16,,,,,,160,,,,,scale_with_item,,,,,clear,,,,,,,,small_size
6125,1773709435593,1773709435593.jpg,155,g,sonnet sweep,0,1,0,0,,,,0,0,0,grams (g),.155,155,g,log10 median,camote tops,bugkos,ILOILO,CABATUAN,San Miguel Public Market,Barrios Stall,3N17TB6E,,,,,,,,.155,,,,,,155,,,,,scale_with_item,,,,,clear,,,,,,,,small_size
6126,1778895177882,1778895177882.jpg,,,,0,0,0,0,,,,0,0,0,grams (g),.19499999,195,g,log10 median,camote tops,bugkos,ILOILO,CABATUAN,Brgy.Ayaman Maasin Talipapa,LRRJ VEGGIES and MORE,ESBKGRRM,,,,,,,,,,,,,,,,,,,scale_with_item,,,,,not_visible,,,,,,,,small_size
6127,1773708595920,1773708595920.jpg,205,g,sonnet sweep,0,1,0,0,,,,0,0,0,grams (g),.205,205,g,log10 median,camote tops,bugkos,ILOILO,CABATUAN,San Miguel Public Market,Sherwin Collantes,FLDLML65,,,,,,,,.205,,,,,,205,,,,,scale_with_item,,,,,clear,,,,,,,,small_size
6128,1773708620870,1773708620870.jpg,230,g,sonnet sweep,0,1,0,0,,,,0,0,0,grams (g),.23,230,g,log10 median,camote tops,bugkos,ILOILO,CABATUAN,San Miguel Public Market,Sherwin Collantes,FLDLML65,,,,,,,,.23,,,,,,230,,,,,scale_with_item,,,,,clear,,,,,,,,medium_size
6129,1773726373086,1773726373086.jpg,130,g,sonnet sweep,0,1,0,0,,,,0,0,0,grams (g),.13,130,g,log10 median,camote tops,bugkos,ILOILO,CABATUAN,Tabucan Talipapa,2 Angels Store,GU92TZR8,,,,,,,,.13,,,,,,130,,,,,scale_with_item,,,,,clear,,,,,,,,small_size
6130,1773799865655,1773799865655.jpg,270,g,sonnet sweep,0,1,0,0,,,,0,0,0,grams (g),.27000001,270,g,log10 median,camote tops,bugkos,ILOILO,CABATUAN,Roadside,Sisa Store,JXGLB5XC,,,,,,,,.27,,,,,,270,,,,,scale_with_item,,,,,clear,,,,,,,,small_size
6134,1778895236453,1778895236453.jpg,,,,0,0,0,0,,,,0,0,0,grams (g),.815,815,g,log10 median,camote tops,bundle,ILOILO,CABATUAN,Tabucan Talipapa,LRRJ VEGGIES and MORE,L6R9KU8I,,,,,,,,,,,,,,,,,,,scale_with_item,,,,,ambiguous,,,,,,,,medium_size
6136,1773714159551,1773714159551.jpg,735,g,sonnet sweep,0,1,0,0,,,,0,0,0,grams (g),.73500001,735,g,log10 median,camote tops,bundle,ILOILO,CABATUAN,Cabatuan Public Market,Maya Store,ZOBPY45O,,,,,,,,.735,,,,,,735,,,,,scale_with_item,,,,,clear,,,,,,,,medium_size
6137,1773798921921,1773798921921.jpg,385,g,sonnet sweep,0,1,0,0,,,,0,0,0,grams (g),.33500001,335,g,log10 median,camote,bilog,ILOILO,CABATUAN,Roadside,Princess Store,30GNY4C6,,,,,,,,.385,,,,,,385,,,,,scale_with_item,,,,,clear,,,,,,,,medium_size
6138,1773709358642,1773709358642.jpg,75,g,sonnet sweep,0,1,0,0,,,,0,0,0,grams (g),.075000003,75,g,log10 median,camote,bilog,ILOILO,CABATUAN,San Miguel Public Market,Barrios Stall,68YJDZJL,,,,,,,,.075,,,,,,75,,,,,scale_with_item,,,,,clear,,,,,,,,small_size
6139,1773709378840,1773709378840.jpg,155,g,sonnet sweep,0,1,0,0,,,,0,0,0,grams (g),.155,155,g,log10 median,camote,bilog,ILOILO,CABATUAN,San Miguel Public Market,Barrios Stall,68YJDZJL,,,,,,,,.155,,,,,,155,,,,,scale_with_item,,,,,clear,,,,,,,,medium_size
6143,1773708302284,1773708302284.jpg,100,g,sonnet sweep,0,1,0,0,,,,0,0,0,grams (g),.1,100,g,log10 median,camote,bilog,ILOILO,CABATUAN,San Miguel Public Market,Sherwin Collantes,MD3J987K,,,,,,,,.1,,,,,,100,,,,,scale_with_item,,,,,clear,,,,,,,,small_size
6144,1773708330265,1773708330265.jpg,225,g,sonnet sweep,0,1,0,0,,,,0,0,0,grams (g),.22499999,225,g,log10 median,camote,bilog,ILOILO,CABATUAN,San Miguel Public Market,Sherwin Collantes,MD3J987K,,,,,,,,.225,,,,,,225,,,,,scale_with_item,,,,,clear,,,,,,,,medium_size
6145,1773708349461,1773708349461.jpg,270,g,sonnet sweep,0,1,0,0,,,,0,0,0,grams (g),.27000001,270,g,log10 median,camote,bilog,ILOILO,CABATUAN,San Miguel Public Market,Sherwin Collantes,MD3J987K,,,,,,,,.27,,,,,,270,,,,,scale_with_item,,,,,clear,,,,,,,,large_size
6146,1773710159932,1773710159932.jpg,80,g,sonnet sweep,0,1,0,0,,,,0,0,0,grams (g),.079999998,80,g,log10 median,camote,bilog,ILOILO,CABATUAN,Cabatuan Public Market,Bretan̈a Store,VL556HYH,,,,,,,,.08,,,,,,80,,,,,scale_with_item,,,,,clear,,,,,,,,small_size
6147,1773710185455,1773710185455.jpg,125,g,sonnet sweep,0,1,0,0,,,,0,0,0,grams (g),.125,125,g,log10 median,camote,bilog,ILOILO,CABATUAN,Cabatuan Public Market,Bretan̈a Store,VL556HYH,,,,,,,,.125,,,,,,125,,,,,scale_with_item,,,,,clear,,,,,,,,medium_size
6148,1773710208725,1773710208725.jpg,215,g,sonnet sweep,0,1,0,0,,,,0,0,0,grams (g),.215,215,g,log10 median,camote,bilog,ILOILO,CABATUAN,Cabatuan Public Market,Bretan̈a Store,VL556HYH,,,,,,,,.215,,,,,,215,,,,,scale_with_item,,,,,clear,,,,,,,,large_size
6149,1773799726236,1773799726236.jpg,,,,0,0,0,0,,,,0,0,0,grams (g),.1,100,g,log10 median,camote,bilog,ILOILO,CABATUAN,Roadside,Sisa Store,XFMFP3OQ,,,,,,,,,,,,,,,,,,,scale_with_item,,,,,not_visible,,,,,,,,small_size
6150,1773799754040,1773799754040.jpg,245,g,sonnet sweep,0,1,0,0,,,,0,0,0,grams (g),.245,245,g,log10 median,camote,bilog,ILOILO,CABATUAN,Roadside,Sisa Store,XFMFP3OQ,,,,,,,,.245,,,,,,245,,,,,scale_with_item,,,,,clear,,,,,,,,medium_size
6151,1773799808080,1773799808080.jpg,446,g,sonnet sweep,0,1,0,0,,,,0,0,0,grams (g),.44499999,445,g,log10 median,camote,bilog,ILOILO,CABATUAN,Roadside,Sisa Store,XFMFP3OQ,,,,,,,,.446,,,,,,446,,,,,scale_with_item,,,,,clear,,,,,,,,large_size
6152,1773800416323,1773800416323.jpg,140,g,sonnet sweep,0,1,0,0,,,,0,0,0,grams (g),.14,140,g,log10 median,camote,bilog,ILOILO,CABATUAN,Roadside,Linero Store,ZST77B4K,,,,,,,,.14,,,,,,140,,,,,scale_with_item,,,,,clear,,,,,,,,small_size
6153,1773709262456,1773709262456.jpg,100,g,sonnet sweep,0,1,0,0,,,,0,0,0,grams (g),.1,100,g,log10 median,carrot,pieces or units,ILOILO,CABATUAN,San Miguel Public Market,Barrios Stall,3D8FZ904,,,,,,,,.1,,,,,,100,,,,,scale_with_item,,,,,clear,,,,,,,,small_size
6154,1773709282828,1773709282828.jpg,170,g,sonnet sweep,0,1,0,0,,,,0,0,0,grams (g),.17,170,g,log10 median,carrot,pieces or units,ILOILO,CABATUAN,San Miguel Public Market,Barrios Stall,3D8FZ904,,,,,,,,.17,,,,,,170,,,,,scale_with_item,,,,,clear,,,,,,,,medium_size
6155,1773727630807,1773727630807.jpg,100,g,sonnet sweep,0,1,0,0,,,,0,0,0,grams (g),.1,100,g,log10 median,carrot,pieces or units,ILOILO,CABATUAN,Tabucan Talipapa,J-L Vegetable Stand,7JD4NQEP,,,,,,,,.1,,,,,,100,,,,,scale_with_item,,,,,clear,,,,,,,,small_size
6156,1773727661735,1773727661735.jpg,130,g,sonnet sweep,0,1,0,0,,,,0,0,0,grams (g),.13,130,g,log10 median,carrot,pieces or units,ILOILO,CABATUAN,Tabucan Talipapa,J-L Vegetable Stand,7JD4NQEP,,,,,,,,.13,,,,,,130,,,,,scale_with_item,,,,,clear,,,,,,,,medium_size
6157,1773727684484,1773727684484.jpg,140,g,sonnet sweep,0,1,0,0,,,,0,0,0,grams (g),.14,140,g,log10 median,carrot,pieces or units,ILOILO,CABATUAN,Tabucan Talipapa,J-L Vegetable Stand,7JD4NQEP,,,,,,,,.14,,,,,,140,,,,,scale_with_item,,,,,clear,,,,,,,,large_size
6161,1773706616800,1773706616800.jpg,85,g,sonnet sweep,0,1,0,0,,,,0,0,0,grams (g),.085000001,85,g,log10 median,carrot,pieces or units,ILOILO,CABATUAN,San Miguel Public Market,Anica Sari Sari and Vegetable,BHRE2QQ5,,,,,,,,.085,,,,,,85,,,,,scale_with_item,,,,,clear,,,,,,,,small_size
6162,1773706650413,1773706650413.jpg,180,g,sonnet sweep,0,1,0,0,,,,0,0,0,grams (g),.18000001,180,g,log10 median,carrot,pieces or units,ILOILO,CABATUAN,San Miguel Public Market,Anica Sari Sari and Vegetable,BHRE2QQ5,,,,,,,,.18,,,,,,180,,,,,scale_with_item,,,,,clear,,,,,,,,medium_size
6163,1773706675174,1773706675174.jpg,305,g,sonnet sweep,0,1,0,0,,,,0,0,0,grams (g),.30500001,305,g,log10 median,carrot,pieces or units,ILOILO,CABATUAN,San Miguel Public Market,Anica Sari Sari and Vegetable,BHRE2QQ5,,,,,,,,.305,,,,,,305,,,,,scale_with_item,,,,,clear,,,,,,,,large_size
6164,1773799647559,1773799647559.jpg,110,g,sonnet sweep,0,1,0,0,,,,0,0,0,grams (g),.11,110,g,log10 median,carrot,pieces or units,ILOILO,CABATUAN,Roadside,Sisa Store,LUHGHVSD,,,,,,,,.11,,,,,,110,,,,,scale_with_item,,,,,probable,,,,,,,,small_size
6165,1773799670502,1773799670502.jpg,178,g,sonnet sweep,0,1,0,0,,,,0,0,0,grams (g),.17,170,g,log10 median,carrot,pieces or units,ILOILO,CABATUAN,Roadside,Sisa Store,LUHGHVSD,,,,,,,,.178,,,,,,178,,,,,scale_with_item,,,,,probable,,,,,,,,medium_size
6166,1773708204305,1773708204305.jpg,95,g,sonnet sweep,0,1,0,0,,,,0,0,0,grams (g),.094999999,95,g,log10 median,carrot,pieces or units,ILOILO,CABATUAN,San Miguel Public Market,Sherwin Collantes,MOZ2BMOF,,,,,,,,.095,,,,,,95,,,,,scale_with_item,,,,,clear,,,,,,,,small_size
6167,1773708224124,1773708224124.jpg,210,g,sonnet sweep,0,1,0,0,,,,0,0,0,grams (g),.20999999,210,g,log10 median,carrot,pieces or units,ILOILO,CABATUAN,San Miguel Public Market,Sherwin Collantes,MOZ2BMOF,,,,,,,,.21,,,,,,210,,,,,scale_with_item,,,,,clear,,,,,,,,medium_size
6168,1773708244006,1773708244006.jpg,400,g,sonnet sweep,0,1,0,0,,,,0,0,0,grams (g),.40000001,400,g,log10 median,carrot,pieces or units,ILOILO,CABATUAN,San Miguel Public Market,Sherwin Collantes,MOZ2BMOF,,,,,,,,.4,,,,,,400,,,,,scale_with_item,,,,,clear,,,,,,,,large_size
6169,1773800348557,1773800348557.jpg,150,g,sonnet sweep,0,1,0,0,,,,0,0,0,grams (g),.15000001,150,g,log10 median,carrot,pieces or units,ILOILO,CABATUAN,Roadside,Linero Store,OIPLZBBY,,,,,,,,.15,,,,,,150,,,,,scale_with_item,,,,,clear,,,,,,,,small_size
6170,1773800369197,1773800369197.jpg,180,g,sonnet sweep,0,1,0,0,,,,0,0,0,grams (g),.18000001,180,g,log10 median,carrot,pieces or units,ILOILO,CABATUAN,Roadside,Linero Store,OIPLZBBY,,,,,,,,.18,,,,,,180,,,,,scale_with_item,,,,,clear,,,,,,,,medium_size
6171,1778895373926,1778895373926.jpg,230,g,sonnet sweep,0,1,0,0,,,,0,0,0,grams (g),.23,230,g,log10 median,carrot,pieces or units,ILOILO,CABATUAN,Tabucan Talipapa,LRRJ VEGGIES and MORE,S91BIV8O,,,,,,,,.23,,,,,,230,,,,,scale_with_item,,,,,clear,,,,,,,,small_size
6172,1773812140109,1773812140109.jpg,,,,0,0,0,0,,,,0,0,0,grams (g),.19499999,195,g,log10 median,carrot,pieces or units,ILOILO,CABATUAN,Tabucan Talipapa,Montinola Store,SH9578FD,,,,,,,,,,,,,,,,,,,scale_with_item,,,,,ambiguous,,,,,,,,small_size
6173,1773812164406,1773812164406.jpg,250,g,sonnet sweep,0,1,0,0,,,,0,0,0,grams (g),.25,250,g,log10 median,carrot,pieces or units,ILOILO,CABATUAN,Tabucan Talipapa,Montinola Store,SH9578FD,,,,,,,,.25,,,,,,250,,,,,scale_with_item,,,,,clear,,,,,,,,medium_size
6174,1773798851157,1773798851157.jpg,,,,0,0,0,0,,,,0,0,0,grams (g),.13,130,g,log10 median,carrot,putos (mix vegetable),ILOILO,CABATUAN,Roadside,Princess Store,2I4EHHCQ,,,,,,,,,,,,,,,,,,,scale_with_item,,,,,ambiguous,,,,,,,,small_size
6175,1773800571177,1773800571177.jpg,160,g,sonnet sweep,0,1,0,0,,,,0,0,0,grams (g),.16,160,g,log10 median,carrot,putos (mix vegetable),ILOILO,CABATUAN,Roadside,Linero Store,44VV68BH,,,,,,,,.16,,,,,,160,,,,,scale_with_item,,,,,clear,,,,,,,,small_size
6176,1773710298188,1773710298188.jpg,200,g,sonnet sweep,0,1,0,0,,,,0,0,0,grams (g),.2,200,g,log10 median,carrot,putos (mix vegetable),ILOILO,CABATUAN,San Miguel Public Market,Bretan̈a Store,8UD1I8ZE,,,,,,,,.2,,,,,,200,,,,,scale_with_item,,,,,clear,,,,,,,,small_size
6177,1773708479965,1773708479965.jpg,170,g,sonnet sweep,0,1,0,0,,,,0,0,0,grams (g),.17,170,g,log10 median,carrot,putos (mix vegetable),ILOILO,CABATUAN,San Miguel Public Market,Sherwin Collantes,ALYD15TK,,,,,,,,.17,,,,,,170,,,,,scale_with_item,,,,,clear,,,,,,,,small_size
6178,1773799978535,1773799978535.jpg,130,g,sonnet sweep,0,1,0,0,,,,0,0,0,grams (g),.13,130,g,log10 median,carrot,putos (mix vegetable),ILOILO,CABATUAN,Roadside,Sisa Store,P31F0K79,,,,,,,,.13,,,,,,130,,,,,scale_with_item,,,,,clear,,,,,,,,small_size
6179,1773706870198,1773706870198.jpg,140,g,sonnet sweep,0,1,0,0,,,,0,0,0,grams (g),.14,140,g,log10 median,carrot,putos (mix vegetable),ILOILO,CABATUAN,San Miguel Public Market,Anica Sari Sari and Vegetable,R6H71I0C,,,,,,,,.14,,,,,,140,,,,,scale_with_item,,,,,clear,,,,,,,,small_size
6185,1773812805842,1773812805842.jpg,,,,0,0,0,0,,,,0,0,0,grams (g),.029999999,30,g,log10 median,"crackers, cookies, buiscuits, chips/curls",pieces or units,ILOILO,CABATUAN,Tabucan Talipapa,Montinola Store,1NDAQXH2,,,,,,,,,,,,,,,,,,,scale_with_item,,,,,not_visible,,,,,,,,small_size
6186,1773801973728,1773801973728.jpg,35,g,sonnet sweep,0,1,0,0,,,,0,0,0,grams (g),.035,35,g,log10 median,"crackers, cookies, buiscuits, chips/curls",pieces or units,ILOILO,CABATUAN,Roadside,Riza Gene Store,B2ZZZ8L1,,,,,,,,.035,,,,,,35,,,,,scale_with_item,,,,,clear,,,,,,,,small_size
6187,1773802465492,1773802465492.jpg,25,g,sonnet sweep,0,1,0,0,,,,0,0,0,grams (g),.025,25,g,log10 median,"crackers, cookies, buiscuits, chips/curls",pieces or units,ILOILO,CABATUAN,Roadside,Kusina Store,O0RD1798,,,,,,,,.025,,,,,,25,,,,,scale_with_item,,,,,clear,,,,,,,,small_size
6188,1773802488482,1773802488482.jpg,60,g,sonnet sweep,0,1,0,0,,,,0,0,0,grams (g),.059999999,60,g,log10 median,"crackers, cookies, buiscuits, chips/curls",pieces or units,ILOILO,CABATUAN,Roadside,Kusina Store,O0RD1798,,,,,,,,.06,,,,,,60,,,,,scale_with_item,,,,,clear,,,,,,,,medium_size
6189,1773802519770,1773802519770.jpg,100,g,sonnet sweep,0,1,0,0,,,,0,0,0,grams (g),.1,100,g,log10 median,"crackers, cookies, buiscuits, chips/curls",pieces or units,ILOILO,CABATUAN,Roadside,Kusina Store,O0RD1798,,,,,,,,.1,,,,,,100,,,,,scale_with_item,,,,,clear,,,,,,,,large_size
6190,1773809305663,1773809305663.jpg,305,g,sonnet sweep,0,1,0,0,,,,0,0,0,grams (g),.30500001,305,g,log10 median,"crackers, cookies, buiscuits, chips/curls",pack,ILOILO,CABATUAN,San Miguel Public Market,Grocers E Grocery Store,P30OZCDR,,,,,,,,.305,,,,,,305,,,,,scale_with_item,,,,,clear,,,,,,,,small_size
6191,1773809326316,1773809326316.jpg,335,g,sonnet sweep,0,1,0,0,,,,0,0,0,grams (g),.33500001,335,g,log10 median,"crackers, cookies, buiscuits, chips/curls",pack,ILOILO,CABATUAN,San Miguel Public Market,Grocers E Grocery Store,P30OZCDR,,,,,,,,.335,,,,,,335,,,,,scale_with_item,,,,,clear,,,,,,,,medium_size
6192,1773801717143,1773801717143.jpg,355,g,sonnet hi-res,0,1,0,0,,,,0,0,0,grams (g),.35499999,355,g,log10 median,"crackers, cookies, buiscuits, chips/curls",pack,ILOILO,CABATUAN,Roadside,Riza Gene Store,Y9LG1KVC,,,,,,.355,.355,,,.355,,355,355,,,355,scale_with_item,scale_with_item,,,scale_with_item,clear,clear,,,clear,,,,,,small_size
6193,1773812716719,1773812716719.jpg,,,,0,0,0,0,,,,0,0,0,grams (g),.26499999,265,g,log10 median,"crackers, cookies, buiscuits, chips/curls",putos,ILOILO,CABATUAN,Tabucan Talipapa,Montinola Store,GNX7B1XB,,,,,,,,,,,,,,,,,,,scale_with_item,,,,,not_visible,,,,,,,,small_size
6194,1773711409747,1773711409747.jpg,630,g,sonnet sweep,0,1,0,0,,,,0,0,0,grams (g),.63,630,g,log10 median,fresh fish,pieces or units,ILOILO,CABATUAN,Cabatuan Public Market,Genalyn Malaga Fish Retailer,1DBL2J1Y,,,,,,,,.63,,,,,,630,,,,,scale_with_item,,,,,clear,,,,,,,,large_size
6195,1773800623728,1773800623728.jpg,530,g,sonnet sweep,0,1,0,0,,,,0,0,0,grams (g),.52999997,530,g,log10 median,fresh fish,pieces or units,ILOILO,CABATUAN,Roadside,Linero Store,1N8DDHJM,,,,,,,,.53,,,,,,530,,,,,scale_with_item,,,,,clear,,,,,,,,medium_size
6196,1773712164338,1773712164338.jpg,495,g,sonnet sweep,0,1,0,0,,,,0,0,0,grams (g),.495,495,g,log10 median,fresh fish,pieces or units,ILOILO,CABATUAN,Cabatuan Public Market,Caspe Fish Stand,1SPWI4UL,,,,,,,,.495,,,,,,495,,,,,scale_with_item,,,,,clear,,,,,,,,medium_size
6197,1773712186913,1773712186913.jpg,590,g,sonnet sweep,0,1,0,0,,,,0,0,0,grams (g),.58999997,590,g,log10 median,fresh fish,pieces or units,ILOILO,CABATUAN,Cabatuan Public Market,Caspe Fish Stand,1SPWI4UL,,,,,,,,.59,,,,,,590,,,,,scale_with_item,,,,,clear,,,,,,,,large_size
6198,1773711879584,1773711879584.jpg,335,g,sonnet sweep,0,1,0,0,,,,0,0,0,grams (g),.33500001,335,g,log10 median,fresh fish,pieces or units,ILOILO,CABATUAN,Cabatuan Public Market,Karen Fish Stall,W0UZNB05,,,,,,,,.335,,,,,,335,,,,,scale_with_item,,,,,clear,,,,,,,,small_size
6199,1773711910401,1773711910401.jpg,350,g,sonnet sweep,0,1,0,0,,,,0,0,0,grams (g),.34999999,350,g,log10 median,fresh fish,pieces or units,ILOILO,CABATUAN,Cabatuan Public Market,Karen Fish Stall,W0UZNB05,,,,,,,,.35,,,,,,350,,,,,scale_with_item,,,,,clear,,,,,,,,medium_size
6200,1773711932716,1773711932716.jpg,680,g,sonnet sweep,0,1,0,0,,,,0,0,0,grams (g),.68000001,680,g,log10 median,fresh fish,pieces or units,ILOILO,CABATUAN,Cabatuan Public Market,Karen Fish Stall,W0UZNB05,,,,,,,,.68,,,,,,680,,,,,scale_with_item,,,,,clear,,,,,,,,large_size
6201,1773812900757,1773812900757.jpg,,,,0,0,0,0,,,,0,0,0,grams (g),.059999999,60,g,log10 median,"ice cream, sorbet, edible ice (eg., ice-lolli, halo-halo)",pieces or units,ILOILO,CABATUAN,Tabucan Talipapa,Montinola Store,LQLZX3ND,,,,,,,,,,,,,,,,,,,scale_with_item,,,,,not_visible,,,,,,,,small_size
6202,1773810007262,1773810007262.jpg,95,g,human,1,1,0,0,,,,0,0,0,grams (g),.94999999,950,g,block governs,"ice cream, sorbet, edible ice (eg., ice-lolli, halo-halo)",pieces or units,ILOILO,CABATUAN,Cabatuan Public Market,Loleng Ice Candy,Q8MK9FO9,.095,0.095,scale,0,,.095,.095,,,.005,95,95,95,,,5,scale_with_item,scale_with_item,,,scale_with_item,clear,clear,,,clear,,,,,,small_size
6203,1773806888949,1773806888949.jpg,380,g,sonnet sweep,0,1,0,0,,,,0,0,0,grams (g),.38,380,g,log10 median,"ice cream, sorbet, edible ice (eg., ice-lolli, halo-halo)",small cup,ILOILO,CABATUAN,San Miguel Public Market,Lolits Store,H1IO5U9P,,,,,,,,.38,,,,,,380,,,,,scale_with_item,,,,,clear,,,,,,,,medium_size
6206,1773806700581,1773806700581.jpg,200,g,sonnet sweep,0,1,0,0,,,,0,0,0,grams (g),.2,200,g,log10 median,"ice cream, sorbet, edible ice (eg., ice-lolli, halo-halo)",small cup,ILOILO,CABATUAN,Cabatuan Public Market,Lolits Store,YHJPZDSK,,,,,,,,.2,,,,,,200,,,,,scale_with_item,,,,,clear,,,,,,,,small_size
6208,1773804233190,1773804233190.jpg,550,g,sonnet sweep,0,1,0,0,,,,0,0,0,grams (g),.55000001,550,g,block governs,"ice cream, sorbet, edible ice (eg., ice-lolli, halo-halo)",putos,ILOILO,CABATUAN,Roadside,Marvels Pizza,OX8MW69Z,,,,,,,,.55,,,,,,550,,,,,scale_with_item,,,,,probable,,,,,,,,large_size
6209,1773809131999,1773809131999.jpg,495,g,sonnet sweep,0,1,0,0,,,,0,0,0,grams (g),.495,495,mL,log10 median,"liquor (e.g, whisky, coconut wine)",lipid/lapad,ILOILO,CABATUAN,San Miguel Public Market,Grocers E Grocery Store,41ZTGQLQ,,,,,,,,.495,,,,,,495,,,,,scale_with_item,,,,,clear,,,,,,,,small_size
6210,1773809154995,1773809154995.jpg,660,g,sonnet sweep,0,1,0,0,,,,0,0,0,grams (g),.66000003,660,mL,log10 median,"liquor (e.g, whisky, coconut wine)",lipid/lapad,ILOILO,CABATUAN,San Miguel Public Market,Grocers E Grocery Store,41ZTGQLQ,,,,,,,,.66,,,,,,660,,,,,scale_with_item,,,,,clear,,,,,,,,medium_size
6211,1773812272836,1773812272836.jpg,,,,0,0,0,0,,,,0,0,0,grams (g),.5,500,mL,log10 median,"liquor (e.g, whisky, coconut wine)",lipid/lapad,ILOILO,CABATUAN,Tabucan Talipapa,Montinola Store,4N0GTVNM,,,,,,,,,,,,,,,,,,,scale_with_item,,,,,ambiguous,,,,,,,,small_size
6212,1773802701911,1773802701911.jpg,500,g,sonnet sweep,0,1,0,0,,,,0,0,0,grams (g),.5,500,mL,log10 median,"liquor (e.g, whisky, coconut wine)",lipid/lapad,ILOILO,CABATUAN,Roadside,Kusina Store,TZFVULE6,,,,,,,,.5,,,,,,500,,,,,scale_with_item,,,,,clear,,,,,,,,small_size
6213,1773802729193,1773802729193.jpg,685,g,sonnet sweep,0,1,0,0,,,,0,0,0,grams (g),.685,685,mL,log10 median,"liquor (e.g, whisky, coconut wine)",lipid/lapad,ILOILO,CABATUAN,Roadside,Kusina Store,TZFVULE6,,,,,,,,.6850000000000001,,,,,,685,,,,,scale_with_item,,,,,clear,,,,,,,,medium_size
6214,1773812324218,1773812324218.jpg,,,,0,0,0,0,,,,0,0,0,grams (g),.67000002,670,mL,log10 median,"liquor (e.g, whisky, coconut wine)",lipid/lapad,ILOILO,CABATUAN,Tabucan Talipapa,Montinola Store,VN70PIJI,,,,,,,,,,,,,,,,,,,scale_with_item,,,,,ambiguous,,,,,,,,medium_size
6215,1773812421087,1773812421087.jpg,,,,0,0,0,0,,,,0,0,0,Litres (L),.0012150001,1215,mL,log10 median,"liquor (e.g, whisky, coconut wine)",long-neck,ILOILO,CABATUAN,Tabucan Talipapa,Montinola Store,3ZOAQIQA,,,,,,,,,,,,,,,,,,,scale_with_item,,,,,ambiguous,,,,,,,,large_size
6216,1773802824028,1773802824028.jpg,1245,g,sonnet sweep,0,1,0,0,,,,0,0,0,Kilograms (Kgs),1.245,1245,mL,log10 median,"liquor (e.g, whisky, coconut wine)",long-neck,ILOILO,CABATUAN,Roadside,Kusina Store,T44MX0QM,,,,,,,,1.245,,,,,,1245,,,,,scale_with_item,,,,,probable,,,,,,,,large_size
6217,1773727834863,1773727834863.jpg,700,g,sonnet sweep,0,1,0,0,,,,0,0,0,grams (g),.69999999,700,g,log10 median,loaf bread,large packs,ILOILO,CABATUAN,Tabucan Talipapa,J-L Vegetable Stand,ZRN88C33,,,,,,,,.7,,,,,,700,,,,,scale_with_item,,,,,clear,,,,,,,,large_size
6218,1773812556318,1773812556318.jpg,295,g,sonnet sweep,0,1,0,0,,,,0,0,0,grams (g),.29499999,295,g,log10 median,loaf bread,small packs,ILOILO,CABATUAN,Tabucan Talipapa,Montinola Store,9GTBMYVF,,,,,,,,.295,,,,,,295,,,,,scale_with_item,,,,,probable,,,,,,,,small_size
6219,1773727914271,1773727914271.jpg,450,g,sonnet sweep,0,1,0,0,,,,0,0,0,grams (g),.44999999,450,g,log10 median,loaf bread,small packs,ILOILO,CABATUAN,Tabucan Talipapa,J-L Vegetable Stand,MQHJ5TI5,,,,,,,,.45,,,,,,450,,,,,scale_with_item,,,,,clear,,,,,,,,small_size
6220,1773808941897,1773808941897.jpg,675,g,sonnet sweep,0,1,0,0,,,,0,0,0,grams (g),.67500001,675,g,log10 median,loaf bread,large packs,ILOILO,CABATUAN,San Miguel Public Market,Grocers E Grocery Store,8IAS2AC7,,,,,,,,.675,,,,,,675,,,,,scale_with_item,,,,,clear,,,,,,,,large_size
6221,1773801550035,1773801550035.jpg,670,g,sonnet sweep,0,1,0,0,,,,0,0,0,grams (g),.67000002,670,g,log10 median,loaf bread,large packs,ILOILO,CABATUAN,Roadside,Riza Gene Store,DYXVS7WY,,,,,,,,.67,,,,,,670,,,,,scale_with_item,,,,,clear,,,,,,,,large_size
6222,1773812504533,1773812504533.jpg,,,,0,0,0,0,,,,0,0,0,grams (g),.68000001,680,g,log10 median,loaf bread,large packs,ILOILO,CABATUAN,Tabucan Talipapa,Montinola Store,MZGJZQQB,,,,,,,,,,,,,,,,,,,scale_with_item,,,,,not_visible,,,,,,,,large_size
6223,1773802325114,1773802325114.jpg,665,g,sonnet sweep,0,1,0,0,,,,0,0,0,grams (g),.66500002,665,g,log10 median,loaf bread,large packs,ILOILO,CABATUAN,Roadside,Kusina Store,PC55I14R,,,,,,,,.665,,,,,,665,,,,,scale_with_item,,,,,clear,,,,,,,,large_size
6226,1773802260009,1773802260009.jpg,475,g,sonnet sweep,0,1,0,0,,,,0,0,0,grams (g),.47499999,475,g,log10 median,loaf bread,medium packs,ILOILO,CABATUAN,Roadside,Kusina Store,R91UVNTI,,,,,,,,.475,,,,,,475,,,,,scale_with_item,,,,,clear,,,,,,,,medium_size
6227,1773808882865,1773808882865.jpg,475,g,sonnet sweep,0,1,0,0,Net Wt. 640 g,640,g,1,0,1,grams (g),.47499999,475,g,log10 median,loaf bread,medium packs,ILOILO,CABATUAN,Cabatuan Public Market,Grocers E Grocery Store,35XF19AG,,,,,,,,.475,,,,,,475,,,,,scale_with_item,,,,,clear,,,,,Net Wt. 640 g,,,medium_size
6228,1773801489787,1773801489787.jpg,480,g,sonnet sweep,0,1,0,0,,,,0,0,0,grams (g),.47999999,480,g,log10 median,loaf bread,medium packs,ILOILO,CABATUAN,Roadside,Riza Gene Store,XE6FCT9W,,,,,,,,.48,,,,,,480,,,,,scale_with_item,,,,,clear,,,,,,,,medium_size
6229,1773801430653,1773801430653.jpg,380,g,sonnet sweep,0,1,0,0,Net Wt 350 g,350,g,1,0,1,grams (g),.38,380,g,log10 median,loaf bread,small packs,ILOILO,CABATUAN,Roadside,Riza Gene Store,4HAOVJ4V,,,,,,,,.38,,,,,,380,,,,,scale_with_item,,,,,clear,,,,,Net Wt 350 g,,,small_size
6230,1773802209837,1773802209837.jpg,385,g,sonnet sweep,0,1,0,0,,,,0,0,0,grams (g),.38499999,385,g,log10 median,loaf bread,small packs,ILOILO,CABATUAN,Roadside,Kusina Store,UM9JY9SB,,,,,,,,.385,,,,,,385,,,,,scale_with_item,,,,,clear,,,,,,,,small_size
6231,1773815281492,1773815281492.jpg,180,g,sonnet sweep,0,1,0,0,,,,0,0,0,grams (g),.18000001,180,g,log10 median,mango,pieces or units,ILOILO,CABATUAN,Tabucan Talipapa,Daniel Fruit Stand,74Z6D8B3,,,,,,,,.18,,,,,,180,,,,,scale_with_item,,,,,clear,,,,,,,,small_size
6232,1773815308308,1773815308308.jpg,255,g,sonnet sweep,0,1,0,0,,,,0,0,0,grams (g),.255,255,g,log10 median,mango,pieces or units,ILOILO,CABATUAN,Tabucan Talipapa,Daniel Fruit Stand,74Z6D8B3,,,,,,,,.255,,,,,,255,,,,,scale_with_item,,,,,probable,,,,,,,,medium_size
6233,1773815344186,1773815344186.jpg,,,,0,0,0,0,,,,0,0,0,grams (g),.345,345,g,log10 median,mango,pieces or units,ILOILO,CABATUAN,Tabucan Talipapa,Daniel Fruit Stand,74Z6D8B3,,,,,,,,,,,,,,,,,,,scale_with_item,,,,,not_visible,,,,,,,,large_size
6237,1773796250442,1773796250442.jpg,105,g,sonnet sweep,0,1,0,0,,,,0,0,0,grams (g),.105,105,g,log10 median,mango,pieces or units,ILOILO,CABATUAN,Cabatuan Public Market,Milag Store,E0SPJTQ0,,,,,,,,.105,,,,,,105,,,,,scale_with_item,,,,,clear,,,,,,,,small_size
6238,1773796269194,1773796269194.jpg,165,g,sonnet sweep,0,1,0,0,,,,0,0,0,grams (g),.16500001,165,g,log10 median,mango,pieces or units,ILOILO,CABATUAN,Cabatuan Public Market,Milag Store,E0SPJTQ0,,,,,,,,.165,,,,,,165,,,,,scale_with_item,,,,,clear,,,,,,,,medium_size
6239,1773796287155,1773796287155.jpg,240,g,sonnet sweep,0,1,0,0,,,,0,0,0,grams (g),.23999999,240,g,log10 median,mango,pieces or units,ILOILO,CABATUAN,Cabatuan Public Market,Milag Store,E0SPJTQ0,,,,,,,,.24,,,,,,240,,,,,scale_with_item,,,,,clear,,,,,,,,large_size
6240,1773793420165,1773793420165.jpg,155,g,sonnet sweep,0,1,0,0,,,,0,0,0,grams (g),.155,155,g,log10 median,mango,pieces or units,ILOILO,CABATUAN,Cabatuan Public Market,Gabjing Fruit Stand,OVC10D1D,,,,,,,,.155,,,,,,155,,,,,scale_with_item,,,,,clear,,,,,,,,small_size
6241,1773793442228,1773793442228.jpg,170,g,sonnet sweep,0,1,0,0,,,,0,0,0,grams (g),.17,170,g,log10 median,mango,pieces or units,ILOILO,CABATUAN,Cabatuan Public Market,Gabjing Fruit Stand,OVC10D1D,,,,,,,,.17,,,,,,170,,,,,scale_with_item,,,,,clear,,,,,,,,medium_size
6242,1773793463483,1773793463483.jpg,210,g,sonnet sweep,0,1,0,0,,,,0,0,0,grams (g),.20999999,210,g,log10 median,mango,pieces or units,ILOILO,CABATUAN,Cabatuan Public Market,Gabjing Fruit Stand,OVC10D1D,,,,,,,,.21,,,,,,210,,,,,scale_with_item,,,,,clear,,,,,,,,large_size
6243,1773801034616,1773801034616.jpg,200,g,sonnet sweep,0,1,0,0,,,,0,0,0,grams (g),.2,200,g,log10 median,mango,pieces or units,ILOILO,CABATUAN,Roadside,Percy Store,TXE6WOX7,,,,,,,,.2,,,,,,200,,,,,scale_with_item,,,,,clear,,,,,,,,small_size
6244,1778895541048,1778895541048.jpg,595,g,sonnet sweep,0,1,0,0,,,,0,0,0,grams (g),.59500003,595,g,log10 median,pork,pieces or units,ILOILO,CABATUAN,Tabucan Talipapa,LRRJ VEGGIES and MORE,8OHRHUP8,,,,,,,,.595,,,,,,595,,,,,scale_with_item,,,,,clear,,,,,,,,province_median
6245,1773713849455,1773713849455.jpg,270,g,sonnet sweep,0,1,0,0,,,,0,0,0,grams (g),.27000001,270,g,log10 median,pork,pieces or units,ILOILO,CABATUAN,Cabatuan Public Market,Topin Pork and Beef Stand,KZYYWQU1,,,,,,,,.27,,,,,,270,,,,,scale_with_item,,,,,clear,,,,,,,,province_median
6246,1773710910396,1773710910396.jpg,275,g,sonnet sweep,0,1,0,0,,,,0,0,0,grams (g),.27500001,275,g,log10 median,pork,pieces or units,ILOILO,CABATUAN,Cabatuan Public Market,Elna Meat Stand,MGEQ0UPV,,,,,,,,.275,,,,,,275,,,,,scale_with_item,,,,,clear,,,,,,,,province_median
6247,1773713429171,1773713429171.jpg,260,g,sonnet sweep,0,1,0,0,,,,0,0,0,grams (g),.25999999,260,g,log10 median,pork,pieces or units,ILOILO,CABATUAN,Cabatuan Public Market,Claveria Meat Stand,Y43PX87R,,,,,,,,.26,,,,,,260,,,,,scale_with_item,,,,,clear,,,,,,,,province_median
6248,1773712827294,1773712827294.jpg,65,g,sonnet sweep,0,1,0,0,,,,0,0,0,grams (g),.064999998,65,g,log10 median,"preserved or processed meat (tocino, tapa, longaniza, etc)",bilog,ILOILO,CABATUAN,San Miguel Public Market,Dana Chicken and Frozen Stall,VUHMR2CD,,,,,,,,.065,,,,,,65,,,,,scale_with_item,,,,,clear,,,,,,,,large_size
6249,1778895486631,1778895486631.jpg,905,g,sonnet sweep,0,1,0,0,,,,0,0,0,grams (g),.505,505,g,log10 median,"preserved or processed meat (tocino, tapa, longaniza, etc)",pack,ILOILO,CABATUAN,Tabucan Talipapa,LRRJ VEGGIES and MORE,2J8ZTFAW,,,,,,,,.905,,,,,,905,,,,,scale_with_item,,,,,clear,,,,,,,,medium_size
6345,1774401432433,1774401432433.jpg,45,mL,package label (mL),0,1,1,1,45mL,45,mL,1,0,1,grams (g),.44999999,450,mL,log10 median,"ice cream, sorbet, edible ice (eg., ice-lolli, halo-halo)",pack,ILOILO,CALINOG,Calinog Public Market,Carisma store,V0ITEBFX,,,,,,,,,,,,,,,,,item_no_scale,,,,item_no_scale,not_visible,,,,not_visible,45mL,,,,,small_size
6405,1774407522026,1774407522026.jpg,,,,0,0,0,0,,,,0,0,0,Litres (L),.85000002,850,g,block governs,"preserved or processed meat (tocino, tapa, longaniza, etc)",pack,ILOILO,CALINOG,Poblacion rizal ilaud,RNC Mini Groceries,AQGCSJWX,,,,,,,,,,,,,,,,,item_no_scale,,,,item_no_scale,not_visible,,,,not_visible,,,,,,small_size
6413,1774049112652,1774049112652.jpg,480,g,sonnet sweep,0,1,0,0,,,,0,0,0,grams (g),.47999999,480,g,log10 median,cabbage,pieces or units,ILOILO,CARLES,Carles Public Market,Mimi Store,D2CUZDXR,,,,,,,,.48,,,,,,480,,,,,scale_with_item,,,,,clear,,,,,,,,small_size
6414,1774049135143,1774049135143.jpg,735,g,sonnet sweep,0,1,0,0,,,,0,0,0,grams (g),.73500001,735,g,log10 median,cabbage,pieces or units,ILOILO,CARLES,Carles Public Market,Mimi Store,D2CUZDXR,,,,,,,,.735,,,,,,735,,,,,scale_with_item,,,,,clear,,,,,,,,medium_size
6415,1774049158376,1774049158376.jpg,840,g,sonnet sweep,0,1,0,0,,,,0,0,0,grams (g),.83999997,840,g,log10 median,cabbage,pieces or units,ILOILO,CARLES,Carles Public Market,Mimi Store,D2CUZDXR,,,,,,,,.84,,,,,,840,,,,,scale_with_item,,,,,clear,,,,,,,,large_size
6416,1774049784570,1774049784570.jpg,340,g,sonnet sweep,0,1,0,0,,,,0,0,0,grams (g),.34,340,g,log10 median,cabbage,pieces or units,ILOILO,CARLES,Carles Public Market,Mercedes Betita Vegetable Store,ZL2PJV0G,,,,,,,,.34,,,,,,340,,,,,scale_with_item,,,,,clear,,,,,,,,small_size
6417,1774049808858,1774049808858.jpg,735,g,sonnet sweep,0,1,0,0,,,,0,0,0,grams (g),.73500001,735,g,log10 median,cabbage,pieces or units,ILOILO,CARLES,Carles Public Market,Mercedes Betita Vegetable Store,ZL2PJV0G,,,,,,,,.735,,,,,,735,,,,,scale_with_item,,,,,clear,,,,,,,,medium_size
6418,1774049840862,1774049840862.jpg,780,g,sonnet sweep,0,1,0,0,,,,0,0,0,grams (g),.77999997,780,g,log10 median,cabbage,pieces or units,ILOILO,CARLES,Carles Public Market,Mercedes Betita Vegetable Store,ZL2PJV0G,,,,,,,,.78,,,,,,780,,,,,scale_with_item,,,,,clear,,,,,,,,large_size
6419,1774050786039,1774050786039.jpg,155,g,sonnet sweep,0,1,0,0,,,,0,0,0,grams (g),.155,155,g,log10 median,camote tops,bugkos,ILOILO,CARLES,Carles Public market,Francia Vegetable,4ROF4D8C,,,,,,,,.155,,,,,,155,,,,,scale_with_item,,,,,clear,,,,,,,,small_size
6420,1774053420741,1774053420741.jpg,170,g,sonnet sweep,0,1,0,0,,,,0,0,0,grams (g),.17,170,g,log10 median,camote tops,bugkos,ILOILO,CARLES,Carles Public Market,Gina vegetable,5BRAVG3K,,,,,,,,.17,,,,,,170,,,,,scale_with_item,,,,,clear,,,,,,,,small_size
6421,1774050109179,1774050109179.jpg,215,g,sonnet sweep,0,1,0,0,,,,0,0,0,grams (g),.215,215,g,log10 median,camote tops,bugkos,ILOILO,CARLES,Carles Public market,Mercedes Betita Vegetable Store,QGV89ESW,,,,,,,,.215,,,,,,215,,,,,scale_with_item,,,,,clear,,,,,,,,small_size
6422,1774323447372,1774323447372.jpg,125,g,sonnet sweep,0,1,0,0,,,,0,0,0,grams (g),.125,125,g,log10 median,camote tops,bundle,ILOILO,CARLES,Bancal Talipapa,Marlyn Store,8W7RG9VF,,,,,,,,.125,,,,,,125,,,,,scale_with_item,,,,,clear,,,,,,,,small_size
6423,1774323060792,1774323060792.jpg,160,g,sonnet sweep,0,1,0,0,,,,0,0,0,grams (g),.16,160,g,log10 median,camote tops,bundle,ILOILO,CARLES,Bancal Talipapa,Jhabbyron Store,OQGYG133,,,,,,,,.16,,,,,,160,,,,,scale_with_item,,,,,clear,,,,,,,,small_size
6424,1774323099484,1774323099484.jpg,665,g,sonnet sweep,0,1,0,0,,,,0,0,0,grams (g),.66500002,665,g,log10 median,camote tops,bundle,ILOILO,CARLES,Bancal Talipapa,Jhabbyron Store,OQGYG133,,,,,,,,.665,,,,,,665,,,,,scale_with_item,,,,,clear,,,,,,,,large_size
6425,1774050687435,1774050687435.jpg,75,g,sonnet sweep,0,1,0,0,,,,0,0,0,grams (g),.075000003,75,g,log10 median,camote,bilog,ILOILO,CARLES,Carles Public market,Francia Vegetable,AG826PCW,,,,,,,,.075,,,,,,75,,,,,scale_with_item,,,,,clear,,,,,,,,small_size
6426,1774050711770,1774050711770.jpg,115,g,sonnet sweep,0,1,0,0,,,,0,0,0,grams (g),.115,115,g,log10 median,camote,bilog,ILOILO,CARLES,Carles Public market,Francia Vegetable,AG826PCW,,,,,,,,.115,,,,,,115,,,,,scale_with_item,,,,,clear,,,,,,,,medium_size
6427,1774050731084,1774050731084.jpg,270,g,sonnet sweep,0,1,0,0,,,,0,0,0,grams (g),.27000001,270,g,log10 median,camote,bilog,ILOILO,CARLES,Carles Public market,Francia Vegetable,AG826PCW,,,,,,,,.27,,,,,,270,,,,,scale_with_item,,,,,clear,,,,,,,,large_size
6428,1774053484269,1774053484269.jpg,90,g,sonnet sweep,0,1,0,0,,,,0,0,0,grams (g),.090000004,90,g,log10 median,camote,bilog,ILOILO,CARLES,Carles Public market,Gina vegetable,F28WIO9U,,,,,,,,.09,,,,,,90,,,,,scale_with_item,,,,,clear,,,,,,,,small_size
6429,1774053509590,1774053509590.jpg,190,g,sonnet sweep,0,1,0,0,,,,0,0,0,grams (g),.19,190,g,log10 median,camote,bilog,ILOILO,CARLES,Carles Public market,Gina vegetable,F28WIO9U,,,,,,,,.19,,,,,,190,,,,,scale_with_item,,,,,clear,,,,,,,,medium_size
6430,1774053528900,1774053528900.jpg,245,g,sonnet sweep,0,1,0,0,,,,0,0,0,grams (g),.23999999,240,g,log10 median,camote,bilog,ILOILO,CARLES,Carles Public market,Gina vegetable,F28WIO9U,,,,,,,,.245,,,,,,245,,,,,scale_with_item,,,,,clear,,,,,,,,large_size
6431,1774050015928,1774050015928.jpg,90,g,sonnet sweep,0,1,0,0,,,,0,0,0,grams (g),.090000004,90,g,log10 median,camote,bilog,ILOILO,CARLES,Carles Public market,Mercedes Betita Vegetable Store,SPAKSW3Y,,,,,,,,.09,,,,,,90,,,,,scale_with_item,,,,,clear,,,,,,,,small_size
6432,1774050039441,1774050039441.jpg,190,g,sonnet sweep,0,1,0,0,,,,0,0,0,grams (g),.19,190,g,log10 median,camote,bilog,ILOILO,CARLES,Carles Public market,Mercedes Betita Vegetable Store,SPAKSW3Y,,,,,,,,.19,,,,,,190,,,,,scale_with_item,,,,,clear,,,,,,,,medium_size
6433,1774050058223,1774050058223.jpg,245,g,sonnet sweep,0,1,0,0,,,,0,0,0,grams (g),.245,245,g,log10 median,camote,bilog,ILOILO,CARLES,Carles Public market,Mercedes Betita Vegetable Store,SPAKSW3Y,,,,,,,,.245,,,,,,245,,,,,scale_with_item,,,,,clear,,,,,,,,large_size
6434,1774050604497,1774050604497.jpg,135,g,sonnet sweep,0,1,0,0,,,,0,0,0,grams (g),.13500001,135,g,log10 median,carrot,pieces or units,ILOILO,CARLES,Carles Public market,Francia Vegetable,8KN5QQ30,,,,,,,,.135,,,,,,135,,,,,scale_with_item,,,,,clear,,,,,,,,small_size
6435,1774050620834,1774050620834.jpg,165,g,sonnet sweep,0,1,0,0,,,,0,0,0,grams (g),.16500001,165,g,log10 median,carrot,pieces or units,ILOILO,CARLES,Carles Public market,Francia Vegetable,8KN5QQ30,,,,,,,,.165,,,,,,165,,,,,scale_with_item,,,,,clear,,,,,,,,medium_size
6436,1774050633777,1774050633777.jpg,275,g,sonnet sweep,0,1,0,0,,,,0,0,0,grams (g),.27500001,275,g,log10 median,carrot,pieces or units,ILOILO,CARLES,Carles Public market,Francia Vegetable,8KN5QQ30,,,,,,,,.275,,,,,,275,,,,,scale_with_item,,,,,clear,,,,,,,,large_size
6437,1774049231874,1774049231874.jpg,65,g,sonnet sweep,0,1,0,0,,,,0,0,0,grams (g),.064999998,65,g,log10 median,carrot,pieces or units,ILOILO,CARLES,Carles Public market,Mimi Store,Q7DA2ZFK,,,,,,,,.065,,,,,,65,,,,,scale_with_item,,,,,clear,,,,,,,,small_size
6438,1774049249659,1774049249659.jpg,130,g,sonnet sweep,0,1,0,0,,,,0,0,0,grams (g),.13,130,g,log10 median,carrot,pieces or units,ILOILO,CARLES,Carles Public market,Mimi Store,Q7DA2ZFK,,,,,,,,.13,,,,,,130,,,,,scale_with_item,,,,,clear,,,,,,,,medium_size
6439,1774049274050,1774049274050.jpg,175,g,sonnet sweep,0,1,0,0,,,,0,0,0,grams (g),.175,175,g,log10 median,carrot,pieces or units,ILOILO,CARLES,Carles Public market,Mimi Store,Q7DA2ZFK,,,,,,,,.175,,,,,,175,,,,,scale_with_item,,,,,clear,,,,,,,,large_size
6440,1774049898202,1774049898202.jpg,85,g,sonnet sweep,0,1,0,0,,,,0,0,0,grams (g),.085000001,85,g,log10 median,carrot,pieces or units,ILOILO,CARLES,Carles Public market,Mercedes Betita Vegetable Store,QQXZB3TQ,,,,,,,,.085,,,,,,85,,,,,scale_with_item,,,,,clear,,,,,,,,small_size
6441,1774049917490,1774049917490.jpg,120,g,sonnet sweep,0,1,0,0,,,,0,0,0,grams (g),.12,120,g,log10 median,carrot,pieces or units,ILOILO,CARLES,Carles Public market,Mercedes Betita Vegetable Store,QQXZB3TQ,,,,,,,,.12,,,,,,120,,,,,scale_with_item,,,,,clear,,,,,,,,medium_size
6442,1774049941007,1774049941007.jpg,180,g,sonnet sweep,0,1,0,0,,,,0,0,0,grams (g),.18000001,180,g,log10 median,carrot,pieces or units,ILOILO,CARLES,Carles Public market,Mercedes Betita Vegetable Store,QQXZB3TQ,,,,,,,,.18,,,,,,180,,,,,scale_with_item,,,,,clear,,,,,,,,large_size
6453,1774055350711,1774055350711.jpg,,,,0,0,0,0,,,,0,0,0,grams (g),.02,20,g,log10 median,"crackers, cookies, buiscuits, chips/curls",pieces or units,ILOILO,CARLES,Carles Public Market,RC Wholesale Retail,5W9NBQIL,,,,,,,,,,,,,,,,,,,label_closeup,,,,,not_visible,,,,,,,,small_size
6454,1774055371617,1774055371617.jpg,45,g,package label (g),0,1,1,0,45g,45,g,1,0,1,grams (g),.045000002,45,g,log10 median,"crackers, cookies, buiscuits, chips/curls",pieces or units,ILOILO,CARLES,Carles Public Market,RC Wholesale Retail,5W9NBQIL,,,,,,,,,,,,,,,,,,,label_closeup,,,,,not_visible,,,,,45g,,,medium_size
6455,1774055395924,1774055395924.jpg,,,,0,0,0,0,,,,0,0,0,grams (g),.60000002,600,g,block governs,"crackers, cookies, buiscuits, chips/curls",pieces or units,ILOILO,CARLES,Carles Public Market,RC Wholesale Retail,5W9NBQIL,,,,,,,,,,,,,,,,,,,label_closeup,,,,,not_visible,,,,,,,,large_size
6460,1774054535931,1774054535931.jpg,,,,0,0,0,0,,,,0,0,0,grams (g),.032000002,32,g,log10 median,"crackers, cookies, buiscuits, chips/curls",pieces or units,ILOILO,CARLES,Carles Public market,AJV Sari Sari Store,ODYDJA1D,,,,,,,,,,,,,,,,,,,label_closeup,,,,,not_visible,,,,,,,,small_size
6461,1774054558146,1774054558146.jpg,,,,0,0,0,0,,,,0,0,0,grams (g),.039999999,40,g,log10 median,"crackers, cookies, buiscuits, chips/curls",pieces or units,ILOILO,CARLES,Carles Public market,AJV Sari Sari Store,ODYDJA1D,,,,,,,,,,,,,,,,,,,label_closeup,,,,,not_visible,,,,,,,,medium_size
6462,1774054569246,1774054569246.jpg,,,,0,0,0,0,,,,0,0,0,grams (g),.090000004,90,g,log10 median,"crackers, cookies, buiscuits, chips/curls",pieces or units,ILOILO,CARLES,Carles Public market,AJV Sari Sari Store,ODYDJA1D,,,,,,,,,,,,,,,,,,,item_no_scale,,,,,not_visible,,,,,,,,large_size
6463,1774054625168,1774054625168.jpg,,,,0,0,0,0,,,,0,0,0,grams (g),.38,380,g,log10 median,"crackers, cookies, buiscuits, chips/curls",pack,ILOILO,CARLES,Carles Public market,AJV Sari Sari Store,D53OJ7CU,,,,,,,,,,,,,,,,,item_no_scale,,,,item_no_scale,not_visible,,,,not_visible,,,,,LAVA CAKE QUEZO CON UBE,small_size
6464,1774048647575,1774048647575.jpg,228,g,package label (g),0,1,1,0,Net Wt. 228g,228,g,1,0,1,grams (g),.28,280,g,log10 median,"crackers, cookies, buiscuits, chips/curls",pack,ILOILO,CARLES,Carles Public Market,Nonoy Eatery,EBN93DSL,,,,,,,,,,,,,,,,,,,label_closeup,,,,,not_visible,,,,,Net Wt. 228g,,,small_size
6472,1774326274980,1774326274980.jpg,280,g,sonnet sweep,0,1,0,0,,,,0,0,0,grams (g),.28,280,g,log10 median,"crackers, cookies, buiscuits, chips/curls",putos,ILOILO,CARLES,Carles roadside,Sta. Teresa Store,LRNGQZ0N,,,,,,,,.28,,,,,,280,,,,,scale_with_item,,,,,clear,,,,,,,,small_size
6475,1774325728049,1774325728049.jpg,,,,0,0,0,0,,,,0,0,0,grams (g),.31,310,g,log10 median,"crackers, cookies, buiscuits, chips/curls",putos,ILOILO,CARLES,Carles roadside,Capeda store,TSNH19KT,,,,,,,,,,,,,,,,,,,label_closeup,,,,,not_visible,,,,,,,,small_size
6476,1774051090174,1774051090174.jpg,65,g,sonnet hi-res,0,1,0,0,,,,0,0,0,grams (g),.064999998,65,g,block governs,fresh fish,pieces or units,ILOILO,CARLES,Carles Public Market,Elviro Fish Stall,8A8XKRAV,,,,,,.065,.065,,,.065,,65,65,,,65,scale_with_item,scale_with_item,,,scale_with_item,clear,clear,,,clear,,,,,,small_size
6477,1774051113734,1774051113734.jpg,85,g,sonnet sweep,0,1,0,0,,,,0,0,0,grams (g),.085000001,85,g,block governs,fresh fish,pieces or units,ILOILO,CARLES,Carles Public Market,Elviro Fish Stall,8A8XKRAV,,,,,,,,.085,,,,,,85,,,,,scale_with_item,,,,,clear,,,,,,,,medium_size
6478,1774051136663,1774051136663.jpg,145,g,sonnet sweep,0,1,0,0,,,,0,0,0,grams (g),.145,145,g,log10 median,fresh fish,pieces or units,ILOILO,CARLES,Carles Public Market,Elviro Fish Stall,8A8XKRAV,,,,,,,,.145,,,,,,145,,,,,scale_with_item,,,,,clear,,,,,,,,large_size
6479,1774051541070,1774051541070.jpg,355,g,sonnet sweep,0,1,0,0,,,,0,0,0,grams (g),.35499999,355,g,log10 median,fresh fish,pieces or units,ILOILO,CARLES,Carles Public Market,Kardo Fish Stall,P7TWJGF4,,,,,,,,.355,,,,,,355,,,,,scale_with_item,,,,,clear,,,,,,,,small_size
6480,1774051559980,1774051559980.jpg,435,g,sonnet sweep,0,1,0,0,,,,0,0,0,grams (g),.435,435,g,log10 median,fresh fish,pieces or units,ILOILO,CARLES,Carles Public Market,Kardo Fish Stall,P7TWJGF4,,,,,,,,.435,,,,,,435,,,,,scale_with_item,,,,,clear,,,,,,,,medium_size
6481,1774051585234,1774051585234.jpg,510,g,sonnet sweep,0,1,0,0,,,,0,0,0,grams (g),.50999999,510,g,log10 median,fresh fish,pieces or units,ILOILO,CARLES,Carles Public Market,Kardo Fish Stall,P7TWJGF4,,,,,,,,.51,,,,,,510,,,,,scale_with_item,,,,,clear,,,,,,,,large_size
6482,1774052202620,1774052202620.jpg,180,g,sonnet sweep,0,1,0,0,,,,0,0,0,grams (g),.18000001,180,g,log10 median,fresh fish,pieces or units,ILOILO,CARLES,Carles Public Market,Rex fish stall,RFQQU4X0,,,,,,,,.18,,,,,,180,,,,,scale_with_item,,,,,clear,,,,,,,,small_size
6483,1774052223072,1774052223072.jpg,415,g,sonnet sweep,0,1,0,0,,,,0,0,0,grams (g),.41499999,415,g,log10 median,fresh fish,pieces or units,ILOILO,CARLES,Carles Public Market,Rex fish stall,RFQQU4X0,,,,,,,,.415,,,,,,415,,,,,scale_with_item,,,,,clear,,,,,,,,medium_size
6484,1774052254116,1774052254116.jpg,835,g,sonnet sweep,0,1,0,0,,,,0,0,0,grams (g),.83499998,835,g,log10 median,fresh fish,pieces or units,ILOILO,CARLES,Carles Public Market,Rex fish stall,RFQQU4X0,,,,,,,,.835,,,,,,835,,,,,scale_with_item,,,,,clear,,,,,,,,large_size
6485,1774051254504,1774051254504.jpg,765,g,sonnet sweep,0,1,0,0,,,,0,0,0,grams (g),.76499999,765,g,block governs,fresh fish,pack,ILOILO,CARLES,Carles Public market,Elviro Fish Stall,HB8OQ9Z2,,,,,,,,.765,,,,,,765,,,,,scale_with_item,,,,,clear,,,,,,,,small_size
6487,1774052307423,1774052307423.jpg,775,g,sonnet sweep,0,1,0,0,,,,0,0,0,grams (g),.77499998,775,g,block governs,fresh fish,pack,ILOILO,CARLES,Carles Public market,Rex fish stall,YRYZ8QVZ,,,,,,,,.775,,,,,,775,,,,,scale_with_item,,,,,clear,,,,,,,,small_size
6489,1774048737269,1774048737269.jpg,,,,0,0,0,0,,,,0,0,0,grams (g),.029999999,30,g,log10 median,"ice cream, sorbet, edible ice (eg., ice-lolli, halo-halo)",pieces or units,ILOILO,CARLES,Carles Public market,Nonoy Eatery,GIG01HYG,,,,,,,,,,,,,,,,,,,label_closeup,,,,,not_visible,,,,,,,,small_size
6490,1774054677955,1774054677955.jpg,48,mL,package label (mL),0,1,1,1,48ml,48,mL,1,0,1,Litres (L),.47999999,480,g,block governs,"ice cream, sorbet, edible ice (eg., ice-lolli, halo-halo)",pieces or units,ILOILO,CARLES,Carles Public market,AJV Sari Sari Store,K5GD6IE6,,,,,,,,,,,,,,,,,,,item_no_scale,,,,,not_visible,,,,,48ml,,,small_size
6491,1774048796246,1774048796246.jpg,,,,0,0,0,0,,,,0,0,0,grams (g),.1,100,g,log10 median,"ice cream, sorbet, edible ice (eg., ice-lolli, halo-halo)",small cup,ILOILO,CARLES,Carles Public market,Nonoy Eatery,HKOJ0287,,,,,,,,,,,,,,,,,,,item_no_scale,,,,,not_visible,,,,,,,,small_size
6493,1774325627925,1774325627925.jpg,60,g,sonnet sweep,0,1,0,0,,,,0,0,0,grams (g),.059999999,60,g,log10 median,"ice cream, sorbet, edible ice (eg., ice-lolli, halo-halo)",small cup,ILOILO,CARLES,Carles Roadside,Capeda store,EYJIOJ9C,,,,,,,,.06,,,,,,60,,,,,scale_with_item,,,,,clear,,,,,,,,small_size
6494,1774325650212,1774325650212.jpg,265,g,sonnet sweep,0,1,0,0,,,,0,0,0,grams (g),.26499999,265,g,log10 median,"ice cream, sorbet, edible ice (eg., ice-lolli, halo-halo)",small cup,ILOILO,CARLES,Carles Roadside,Capeda store,EYJIOJ9C,,,,,,,,.265,,,,,,265,,,,,scale_with_item,,,,,clear,,,,,,,,medium_size
6495,1774325673944,1774325673944.jpg,495,g,sonnet sweep,0,1,0,0,,,,0,0,0,grams (g),.495,495,g,block governs,"ice cream, sorbet, edible ice (eg., ice-lolli, halo-halo)",small cup,ILOILO,CARLES,Carles Roadside,Capeda store,EYJIOJ9C,,,,,,,,.495,,,,,,495,,,,,scale_with_item,,,,,clear,,,,,,,,large_size
6496,1774321320859,1774321320859.jpg,40,g,sonnet sweep,0,1,0,0,,,,0,0,0,grams (g),.039999999,40,g,log10 median,"ice cream, sorbet, edible ice (eg., ice-lolli, halo-halo)",small cup,ILOILO,CARLES,Bancal Talipapa,PIPOY Store,POLWDLX1,,,,,,,,.04,,,,,,40,,,,,scale_with_item,,,,,clear,,,,,,,,small_size
6497,1774321339916,1774321339916.jpg,75,g,sonnet sweep,0,1,0,0,,,,0,0,0,grams (g),.075000003,75,g,log10 median,"ice cream, sorbet, edible ice (eg., ice-lolli, halo-halo)",small cup,ILOILO,CARLES,Bancal Talipapa,PIPOY Store,POLWDLX1,,,,,,,,.075,,,,,,75,,,,,scale_with_item,,,,,clear,,,,,,,,medium_size
6498,1774321355224,1774321355224.jpg,540,g,human,1,1,0,0,,,,0,0,0,grams (g),.54000002,540,g,block governs,"ice cream, sorbet, edible ice (eg., ice-lolli, halo-halo)",small cup,ILOILO,CARLES,Bancal Talipapa,PIPOY Store,POLWDLX1,.54,0.54,scale,0,"mL not legible from packaging, hence adopt the kg reading from the scale",.54,.54,,,.54,540,540,540,,,540,scale_with_item,scale_with_item,,,scale_with_item,clear,clear,,,clear,,,,,,large_size
6507,1774326910392,1774326910392.jpg,,,,0,0,0,0,,,,0,0,0,grams (g),.63,630,g,log10 median,loaf bread,large packs,ILOILO,CARLES,Carles roadside,Afb Variety Store,9YL2PS7B,,,,,,,,,,,,,,,,,,,scale_with_item,,,,,ambiguous,,,,,,,,large_size
6512,1774326845021,1774326845021.jpg,980,g,sonnet sweep,0,1,0,0,,,,0,0,0,grams (g),.56,560,g,log10 median,loaf bread,medium packs,ILOILO,CARLES,Carles Roadside,Afb Variety Store,FJE6QS01,,,,,,,,.98,,,,,,980,,,,,scale_with_item,,,,,clear,,,,,,,,municipality_median
6513,1774326119740,1774326119740.jpg,415,g,sonnet sweep,0,1,0,0,,,,0,0,0,grams (g),.41499999,415,g,log10 median,loaf bread,medium packs,ILOILO,CARLES,Carles Roadside,Sta. Teresa Store,UR0OI9C2,,,,,,,,.415,,,,,,415,,,,,scale_with_item,,,,,clear,,,,,,,,municipality_median
6514,1774326219766,1774326219766.jpg,,,,0,0,0,0,,,,0,0,0,grams (g),.41499999,415,g,log10 median,loaf bread,small packs,ILOILO,CARLES,Carles roadside,Sta. Teresa Store,VAZEMVCD,,,,,,,,,,,,,,,,,,,scale_with_item,,,,,ambiguous,,,,,,,,medium_size
6515,1774051816548,1774051816548.jpg,225,g,sonnet sweep,0,1,0,0,,,,0,0,0,grams (g),.22499999,225,g,log10 median,"prawns, lobster, shrimp",tumpok,ILOILO,CARLES,Carles Public market,Kardo Fish Stall,RTV65XCT,,,,,,,,.225,,,,,,225,,,,,scale_with_item,,,,,clear,,,,,,,,small_size
6516,1774322371575,1774322371575.jpg,175,g,sonnet sweep,0,1,0,0,,,,0,0,0,grams (g),.175,175,g,log10 median,"preserved or processed meat (tocino, tapa, longaniza, etc)",bilog,ILOILO,CARLES,Carles Talipapa,April Store,8EXV7UH1,,,,,,,,.175,,,,,,175,,,,,scale_with_item,,,,,clear,,,,,,,,small_size
6517,1774322394030,1774322394030.jpg,265,g,sonnet sweep,0,1,0,0,,,,0,0,0,grams (g),.26499999,265,g,log10 median,"preserved or processed meat (tocino, tapa, longaniza, etc)",bilog,ILOILO,CARLES,Carles Talipapa,April Store,8EXV7UH1,,,,,,,,.265,,,,,,265,,,,,scale_with_item,,,,,clear,,,,,,,,medium_size
6518,1774322421401,1774322421401.jpg,370,g,sonnet sweep,0,1,0,0,,,,0,0,0,grams (g),.37,370,g,log10 median,"preserved or processed meat (tocino, tapa, longaniza, etc)",bilog,ILOILO,CARLES,Carles Talipapa,April Store,8EXV7UH1,,,,,,,,.37,,,,,,370,,,,,scale_with_item,,,,,clear,,,,,,,,large_size
6519,1774321980544,1774321980544.jpg,270,g,sonnet sweep,0,1,0,0,,,,0,0,0,grams (g),.27000001,270,g,log10 median,"preserved or processed meat (tocino, tapa, longaniza, etc)",bilog,ILOILO,CARLES,Carles Talipapa,Jenjen Dry Goods,DUTQI4YO,,,,,,,,.27,,,,,,270,,,,,scale_with_item,,,,,clear,,,,,,,,small_size
6520,1774322707751,1774322707751.jpg,155,g,sonnet sweep,0,1,0,0,,,,0,0,0,grams (g),.155,155,g,log10 median,"preserved or processed meat (tocino, tapa, longaniza, etc)",bilog,ILOILO,CARLES,Carles Talipapa,Yassi frozen foods,O6YY8FAB,,,,,,,,.155,,,,,,155,,,,,scale_with_item,,,,,clear,,,,,,,,small_size
6521,1774322723322,1774322723322.jpg,355,g,sonnet sweep,0,1,0,0,,,,0,0,0,grams (g),.35499999,355,g,log10 median,"preserved or processed meat (tocino, tapa, longaniza, etc)",bilog,ILOILO,CARLES,Carles Talipapa,Yassi frozen foods,O6YY8FAB,,,,,,,,.355,,,,,,355,,,,,scale_with_item,,,,,clear,,,,,,,,large_size
6544,1773722601564,1773722601564.jpg,75,g,sonnet sweep,0,1,0,0,,,,0,0,0,grams (g),.75,750,g,block governs,camote,bilog,ILOILO,CONCEPCION,Nancy Store,Nancy,JQGTA9FC,,,,,,,,.075,,,,,,75,,,,,scale_with_item,,,,,clear,,,,,,,,small_size
6545,1773722622896,1773722622896.jpg,85,g,sonnet sweep,0,1,0,0,,,,0,0,0,grams (g),.85000002,850,g,block governs,camote,bilog,ILOILO,CONCEPCION,Nancy Store,Nancy,JQGTA9FC,,,,,,,,.085,,,,,,85,,,,,scale_with_item,,,,,clear,,,,,,,,medium_size
6547,1773799224074,1773799224074.jpg,75,g,sonnet sweep,0,1,0,0,,,,0,0,0,grams (g),.075000003,75,g,log10 median,camote,bilog,ILOILO,CONCEPCION,Concepcion public market,Rosario,QANFYJHI,,,,,,,,.075,,,,,,75,,,,,scale_with_item,,,,,clear,,,,,,,,small_size
6548,1773799243548,1773799243548.jpg,185,g,sonnet sweep,0,1,0,0,,,,0,0,0,grams (g),.13500001,135,g,log10 median,camote,bilog,ILOILO,CONCEPCION,Concepcion public market,Rosario,QANFYJHI,,,,,,,,.185,,,,,,185,,,,,scale_with_item,,,,,clear,,,,,,,,medium_size
6549,1773799262279,1773799262279.jpg,,,,0,0,0,0,,,,0,0,0,grams (g),.23,230,g,log10 median,camote,bilog,ILOILO,CONCEPCION,Concepcion public market,Rosario,QANFYJHI,,,,,,,,,,,,,,,,,,,scale_with_item,,,,,not_visible,,,,,,,,large_size
6556,1773808828295,1773808828295.jpg,80,g,sonnet sweep,0,1,0,0,,,,0,0,0,grams (g),.079999998,80,g,log10 median,carrot,pieces or units,ILOILO,CONCEPCION,Jamindan,Scarlet store,IZKS1ZAP,,,,,,,,.08,,,,,,80,,,,,scale_with_item,,,,,clear,,,,,,,,small_size
6580,1773795717766,1773795717766.jpg,90,g,sonnet sweep,0,1,0,0,Net wt. 90g,90,g,1,0,1,grams (g),.090000004,90,g,log10 median,"crackers, cookies, buiscuits, chips/curls",putos,ILOILO,CONCEPCION,Nancy Store,Zel ann,87JIS9HC,,,,,,,,.09,,,,,,90,,,,,scale_with_item,,,,,clear,,,,,Net wt. 90g,,,medium_size
6583,1773801455186,1773801455186.jpg,,,,0,0,0,0,,,,0,0,0,grams (g),.090000004,90,g,log10 median,"crackers, cookies, buiscuits, chips/curls",putos,ILOILO,CONCEPCION,Jamindan,David store,GW0YHGIE,,,,,,,,,,,,,,,,,,,scale_with_item,,,,,ambiguous,,,,,,,,medium_size
6585,1773800221515,1773800221515.jpg,30,g,sonnet sweep,0,1,0,0,,,,0,0,0,grams (g),.029999999,30,g,block governs,"crackers, cookies, buiscuits, chips/curls",putos,ILOILO,CONCEPCION,Jamindan,Madona,RZRH57XM,,,,,,,,.03,,,,,,30,,,,,scale_with_item,,,,,clear,,,,,,,,small_size
6586,1773800281542,1773800281542.jpg,290,g,sonnet sweep,0,1,0,0,,,,0,0,0,grams (g),.29499999,295,g,log10 median,"crackers, cookies, buiscuits, chips/curls",putos,ILOILO,CONCEPCION,Jamindan,Madona,RZRH57XM,,,,,,,,.29,,,,,,290,,,,,scale_with_item,,,,,clear,,,,,,,,large_size
6618,1773802035860,1773802035860.jpg,40,g,sonnet sweep,0,1,0,0,,,,0,0,0,grams (g),.039999999,40,mL,log10 median,"ice cream, sorbet, edible ice (eg., ice-lolli, halo-halo)",putos,ILOILO,CONCEPCION,Jamindan,Twinix store,DGQPTDYF,,,,,,,,.04,,,,,,40,,,,,scale_with_item,,,,,clear,,,,,,,,small_size
6619,1773802180757,1773802180757.jpg,,,,0,0,0,0,,,,0,0,0,grams (g),.055,55,mL,log10 median,"ice cream, sorbet, edible ice (eg., ice-lolli, halo-halo)",putos,ILOILO,CONCEPCION,Jamindan,Twinix store,DGQPTDYF,,,,,,,,,,,,,,,,,,,scale_with_item,,,,,ambiguous,,,,,,,,medium_size
6620,1773802199707,1773802199707.jpg,60,g,sonnet sweep,0,1,0,0,,,,0,0,0,grams (g),.059999999,60,mL,log10 median,"ice cream, sorbet, edible ice (eg., ice-lolli, halo-halo)",putos,ILOILO,CONCEPCION,Jamindan,Twinix store,DGQPTDYF,,,,,,,,.06,,,,,,60,,,,,scale_with_item,,,,,clear,,,,,,,,large_size
6671,1778216689008,1778216689008.jpg,1210,g,sonnet sweep,0,1,0,0,,,,0,0,0,Kilograms (Kgs),1210,1210,g,log10 median,cabbage,pieces or units,ILOILO,DINGLE,Brgy.pandan dingle roadside,Pido vegetable stall,LXYBG0JS,,,,,,,,1.21,,,,,,1210,,,,,scale_with_item,,,,,clear,,,,,,,,large_size
6689,1778213307039,1778213307039.jpg,1075,g,sonnet sweep,0,1,0,0,,,,0,0,0,Kilograms (Kgs),1075,1075,g,log10 median,chicken,bilog,ILOILO,DINGLE,Dingle roadside,Rv frozen foods,10WO8S8O,,,,,,,,1.075,,,,,,1075,,,,,scale_with_item,,,,,probable,,,,,,,,medium_size
6724,1775536447142,1775536447142.jpg,50,mL,package label (mL),0,1,1,1,50 mL,50,mL,1,0,1,grams (g),50,50,mL,log10 median,"ice cream, sorbet, edible ice (eg., ice-lolli, halo-halo)",putos,ILOILO,DINGLE,Public market,John and sam store,OGFCCMUC,,,,,,,,,,,,,,,,,,,item_no_scale,,,,,not_visible,,,,,50 mL,,,small_size
6725,1778212767551,1778212767551.jpg,,,,0,0,0,0,,,,0,0,0,Litres (L),.375,375,mL,log10 median,"liquor (e.g, whisky, coconut wine)",lipid/lapad,ILOILO,DINGLE,Dingle roadside,Myka sari sari store,1Z0ILS2K,,,,,,,,,,,,,,,,,item_no_scale,,,,item_no_scale,not_visible,,,,not_visible,,,,,,medium_size
6736,1775537032728,1775537032728.jpg,640,g,package label (g),0,1,1,0,Net Wt. 640 g,640,g,1,0,1,Litres (L),.63999999,640,g,log10 median,loaf bread,large packs,ILOILO,DINGLE,Dingle public market,Porras sari sari store,5X2ZTFKN,,,,,,,,,,,,,,,,,item_no_scale,,,,item_no_scale,not_visible,,,,not_visible,Net Wt. 640 g,,,,NET WT. 380 g,large_size
6868,1775533986021,1775533986021.jpg,35,mL,package label (mL),0,1,1,1,Net Volume 35 ml,35,mL,1,0,1,grams (g),.34999999,350,mL,block governs,"ice cream, sorbet, edible ice (eg., ice-lolli, halo-halo)",putos,ILOILO,DUEĂ‘AS,Duenas Public Market,Causing Store,51NJZTU3,,,,,,,,,,,,,,,,,,,label_closeup,,,,,not_visible,,,,,Net Volume 35 ml,,,small_size
6939,1775537447626,1775537447626.jpg,2250,g,sonnet sweep,0,1,0,0,,,,0,0,0,grams (g),2.25,2250,g,log10 median,rice,gantang,ILOILO,DUEĂ‘AS,Duenas Public Market,Capillo Agri supply,3LPY2VTX,,,,,,,,2.25,,,,,,2250,,,,,scale_with_item,,,,,clear,,,,,,,,conventional_nsu
6940,1775548537259,1775548537259.jpg,,,,0,0,0,0,,,,0,0,0,grams (g),2.27,2270,g,log10 median,rice,gantang,ILOILO,DUEĂ‘AS,Duenas Front of Public market,Lingaya agri products and supply,7G1JBE2G,,,,,,,,,,,,,,,,,,,scale_with_item,,,,,not_visible,,,,,,,,conventional_nsu
6941,1775537828924,1775537828924.jpg,,,,0,0,0,0,,,,0,0,0,grams (g),2.27,2270,g,log10 median,rice,gantang,ILOILO,DUEĂ‘AS,Duenas Public Market,E. Palmes grains,9EKU8HHW,,,,,,,,,,,,,,,,,,,scale_with_item,,,,,not_visible,,,,,,,,conventional_nsu
6943,1775545770318,1775545770318.jpg,2229,g,sonnet sweep,0,1,0,0,,,,0,0,0,grams (g),2.2249999,2225,g,log10 median,rice,gantang,ILOILO,DUEĂ‘AS,Duenas road,MIS store,FU26W67X,,,,,,,,2.229,,,,,,2229,,,,,scale_with_item,,,,,probable,,,,,,,,conventional_nsu
6945,1775546270810,1775546270810.jpg,2230,g,sonnet sweep,0,1,0,0,,,,0,0,0,grams (g),2.23,2230,g,log10 median,rice,gantang,ILOILO,DUEĂ‘AS,Duenas front of Public market,Daniella Paultry supply,PEHQZGP0,,,,,,,,2.23,,,,,,2230,,,,,scale_with_item,,,,,clear,,,,,,,,conventional_nsu
6946,1778110941059,1778110941059.jpg,460,g,sonnet sweep,0,1,0,0,,,,0,0,0,grams (g),.46000001,460,g,log10 median,cabbage,pieces or units,ILOILO,DUMANGAS,Dumangas Public Market,Julian Spices and Vegetable,AIZ5YMWR,,,,,,,,.46,,,,,,460,,,,,scale_with_item,,,,,clear,,,,,,,,small_size
6947,1778110965949,1778110965949.jpg,615,g,sonnet sweep,0,1,0,0,,,,0,0,0,grams (g),.61500001,615,g,log10 median,cabbage,pieces or units,ILOILO,DUMANGAS,Dumangas Public Market,Julian Spices and Vegetable,AIZ5YMWR,,,,,,,,.615,,,,,,615,,,,,scale_with_item,,,,,clear,,,,,,,,medium_size
6948,1778110992690,1778110992690.jpg,800,g,sonnet sweep,0,1,0,0,,,,0,0,0,grams (g),.80000001,800,g,log10 median,cabbage,pieces or units,ILOILO,DUMANGAS,Dumangas Public Market,Julian Spices and Vegetable,AIZ5YMWR,,,,,,,,.8,,,,,,800,,,,,scale_with_item,,,,,clear,,,,,,,,large_size
6949,1778111402193,1778111402193.jpg,650,g,sonnet sweep,0,1,0,0,,,,0,0,0,grams (g),.64999998,650,g,log10 median,cabbage,pieces or units,ILOILO,DUMANGAS,Dumangas Public Market,Janet Store,S8AK9BD4,,,,,,,,.65,,,,,,650,,,,,scale_with_item,,,,,clear,,,,,,,,small_size
6950,1778111429632,1778111429632.jpg,760,g,sonnet sweep,0,1,0,0,,,,0,0,0,grams (g),.75999999,760,g,log10 median,cabbage,pieces or units,ILOILO,DUMANGAS,Dumangas Public Market,Janet Store,S8AK9BD4,,,,,,,,.76,,,,,,760,,,,,scale_with_item,,,,,clear,,,,,,,,medium_size
6951,1778111462361,1778111462361.jpg,870,g,sonnet sweep,0,1,0,0,,,,0,0,0,grams (g),.87,870,g,log10 median,cabbage,pieces or units,ILOILO,DUMANGAS,Dumangas Public Market,Janet Store,S8AK9BD4,,,,,,,,.87,,,,,,870,,,,,scale_with_item,,,,,clear,,,,,,,,large_size
6952,1778111195907,1778111195907.jpg,140,g,sonnet sweep,0,1,0,0,,,,0,0,0,grams (g),.14,140,g,log10 median,camote tops,bugkos,ILOILO,DUMANGAS,roadside,Julian Spices and Vegetable,4ARYYOMW,,,,,,,,.14,,,,,,140,,,,,scale_with_item,,,,,clear,,,,,,,,small_size
6953,1778111633338,1778111633338.jpg,140,g,sonnet sweep,0,1,0,0,,,,0,0,0,grams (g),.14,140,g,log10 median,camote tops,bugkos,ILOILO,DUMANGAS,roadside,Janet Store,NX3HZMF8,,,,,,,,.14,,,,,,140,,,,,scale_with_item,,,,,clear,,,,,,,,small_size
6954,1778111509213,1778111509213.jpg,110,g,sonnet sweep,0,1,0,0,,,,0,0,0,grams (g),.11,110,g,log10 median,carrot,pieces or units,ILOILO,DUMANGAS,roadside,Janet Store,8P2ZK7L0,,,,,,,,.11,,,,,,110,,,,,scale_with_item,,,,,clear,,,,,,,,small_size
6955,1778111542124,1778111542124.jpg,140,g,sonnet sweep,0,1,0,0,,,,0,0,0,grams (g),.14,140,g,log10 median,carrot,pieces or units,ILOILO,DUMANGAS,roadside,Janet Store,8P2ZK7L0,,,,,,,,.14,,,,,,140,,,,,scale_with_item,,,,,clear,,,,,,,,medium_size
6956,1778111565659,1778111565659.jpg,230,g,sonnet sweep,0,1,0,0,,,,0,0,0,grams (g),.23,230,g,log10 median,carrot,pieces or units,ILOILO,DUMANGAS,roadside,Janet Store,8P2ZK7L0,,,,,,,,.23,,,,,,230,,,,,scale_with_item,,,,,clear,,,,,,,,large_size
6957,1778111061879,1778111061879.jpg,95,g,sonnet sweep,0,1,0,0,,,,0,0,0,grams (g),.094999999,95,g,log10 median,carrot,pieces or units,ILOILO,DUMANGAS,roadside,Julian Spices and Vegetable,DS930HHX,,,,,,,,.095,,,,,,95,,,,,scale_with_item,,,,,clear,,,,,,,,small_size
6958,1778111083699,1778111083699.jpg,150,g,sonnet sweep,0,1,0,0,,,,0,0,0,grams (g),.15000001,150,g,log10 median,carrot,pieces or units,ILOILO,DUMANGAS,roadside,Julian Spices and Vegetable,DS930HHX,,,,,,,,.15,,,,,,150,,,,,scale_with_item,,,,,clear,,,,,,,,medium_size
6959,1778111125261,1778111125261.jpg,240,g,sonnet sweep,0,1,0,0,,,,0,0,0,grams (g),.23999999,240,g,log10 median,carrot,pieces or units,ILOILO,DUMANGAS,roadside,Julian Spices and Vegetable,DS930HHX,,,,,,,,.24,,,,,,240,,,,,scale_with_item,,,,,clear,,,,,,,,large_size
6984,1778032299820,1778032299820.jpg,560,g,sonnet sweep,0,1,0,0,,,,0,0,0,grams (g),.56,560,g,log10 median,"preserved or processed meat (tocino, tapa, longaniza, etc)",putos,ILOILO,DUMANGAS,Roadside,R Yiels Store,NI180S80,,,,,,,,.5600000000000001,,,,,,560,,,,,scale_with_item,,,,,clear,,,,,,,,medium_size
6985,1778032315851,1778032315851.jpg,680,g,sonnet sweep,0,1,0,0,,,,0,0,0,grams (g),.68000001,680,g,log10 median,"preserved or processed meat (tocino, tapa, longaniza, etc)",putos,ILOILO,DUMANGAS,Roadside,R Yiels Store,NI180S80,,,,,,,,.68,,,,,,680,,,,,scale_with_item,,,,,clear,,,,,,,,large_size
6986,1778032368395,1778032368395.jpg,285,g,sonnet sweep,0,1,0,0,,,,0,0,0,grams (g),.285,285,g,log10 median,"preserved or processed meat (tocino, tapa, longaniza, etc)",pack,ILOILO,DUMANGAS,Roadside,R Yiels Store,78K2YMG7,,,,,,,,.285,,,,,,285,,,,,scale_with_item,,,,,clear,,,,,,,,small_size
7013,1774054271365,1774054271365.jpg,115,g,sonnet sweep,0,1,0,0,,,,0,0,0,grams (g),.115,115,g,log10 median,carrot,pieces or units,ILOILO,ESTANCIA,Estancia Wet Market,E. Villegas Store,70WPE811,,,,,,,,.115,,,,,,115,,,,,scale_with_item,,,,,clear,,,,,,,,small_size
7014,1774054303772,1774054303772.jpg,245,g,sonnet sweep,0,1,0,0,,,,0,0,0,grams (g),.245,245,g,log10 median,carrot,pieces or units,ILOILO,ESTANCIA,Estancia Wet Market,E. Villegas Store,70WPE811,,,,,,,,.245,,,,,,245,,,,,scale_with_item,,,,,clear,,,,,,,,medium_size
7015,1774054328122,1774054328122.jpg,300,g,sonnet sweep,0,1,0,0,,,,0,0,0,grams (g),.30000001,300,g,log10 median,carrot,pieces or units,ILOILO,ESTANCIA,Estancia Wet Market,E. Villegas Store,70WPE811,,,,,,,,.3,,,,,,300,,,,,scale_with_item,,,,,clear,,,,,,,,large_size
7019,1774335208664,1774335208664.jpg,40,g,sonnet sweep,0,1,0,0,,,,0,0,0,grams (g),.039999999,40,g,log10 median,carrot,pieces or units,ILOILO,ESTANCIA,Estancia Talipapa,Paning Store,Y88UEYVK,,,,,,,,.04,,,,,,40,,,,,scale_with_item,,,,,clear,,,,,,,,small_size
7020,1774335225645,1774335225645.jpg,85,g,sonnet sweep,0,1,0,0,,,,0,0,0,grams (g),.085000001,85,g,log10 median,carrot,pieces or units,ILOILO,ESTANCIA,Estancia Talipapa,Paning Store,Y88UEYVK,,,,,,,,.085,,,,,,85,,,,,scale_with_item,,,,,clear,,,,,,,,medium_size
7051,1774057127341,1774057127341.jpg,,,,0,0,0,0,,,,0,0,0,Litres (L),.1,100,mL,log10 median,"ice cream, sorbet, edible ice (eg., ice-lolli, halo-halo)",small cup,ILOILO,ESTANCIA,Estancia Wet Market,Pabi Store,HC6UQMIS,,,,,,,,,,,,,,,,,scale_with_item,,,,item_no_scale,not_visible,,,,not_visible,,,,,,small_size
7213,1773706365009,1773706365009.jpg,190,g,sonnet sweep,0,1,0,0,,,,0,0,0,Kilograms (Kgs),190,190,g,log10 median,"preserved or processed meat (tocino, tapa, longaniza, etc)",putos,ILOILO,GUIMBAL,Guimbal traiding center,Marlyn and Ryan Store,PWW0UIEN,,,,,,,,.19,,,,,,190,,,,,scale_with_item,,,,,probable,,,,,,,,small_size
7226,1778722214887,1778722214887.jpg,2095,g,human,1,1,0,0,,,,0,0,0,Kilograms (Kgs),2060,2060,g,block governs,beef,intestine,ILOILO,IGBARAS,Igbaras public market,Nene picto meat stand,PWB57C0V,2.095,2.095,scale,0,,2.095,2.095,,,2095,2095,2095,2095,,,2095,scale_with_item,scale_with_item,,,scale_with_item,clear,clear,,,ambiguous,,,,,,province_median
7285,1778718803645,1778718803645.jpg,1400,g,sonnet sweep,0,1,0,0,,,,0,0,0,Kilograms (Kgs),1400,1400,g,log10 median,fresh fish,pieces or units,ILOILO,IGBARAS,Brgy.1 poblacion igbaras,Elmer fish stall,AT552V0B,,,,,,,,1.4,,,,,,1400,,,,,scale_with_item,,,,,clear,,,,,,,,large_size
7317,1774588589912,1774588589912.jpg,375,mL,package label (mL),0,1,1,1,375 mL,375,mL,1,0,1,grams (g),375,375,mL,log10 median,"liquor (e.g, whisky, coconut wine)",lipid/lapad,ILOILO,IGBARAS,Igbaras public market,Deniamel consumer goods,L6ZNZP0B,,,,,,,,,,,,,,,,,,,item_no_scale,,,,,not_visible,,,,,375 mL,,,medium_size
7487,1774070796560,1774070796560.jpg,100,mL,package label (mL),0,1,1,1,100ml,100,mL,1,0,1,Litres (L),.1,100,mL,log10 median,"ice cream, sorbet, edible ice (eg., ice-lolli, halo-halo)",small cup,ILOILO,JANIUAY,Janiuay Public Market,RR store,91QT4R0W,,,,,,,,,,,,,,,,,item_no_scale,,,,item_no_scale,not_visible,,,,not_visible,100ml,,,,150ml,small_size
7562,1774488843732,1774488843732.jpg,675,g,sonnet sweep,0,1,0,0,,,,0,0,0,grams (g),.67500001,675,g,log10 median,cabbage,pieces or units,ILOILO,LAMBUNAO,Cubay Roadside,NILE Brothers Meat Stand,1YQFSJKY,,,,,,,,.675,,,,,,675,,,,,scale_with_item,,,,,clear,,,,,,,,medium_size
7563,1774484683137,1774484683137.jpg,505,g,sonnet sweep,0,1,0,0,,,,0,0,0,grams (g),.505,505,g,log10 median,cabbage,pieces or units,ILOILO,LAMBUNAO,Cubay Talipapa,K and A Vegetable Stand,4FAUXZW9,,,,,,,,.505,,,,,,505,,,,,scale_with_item,,,,,clear,,,,,,,,small_size
7564,1774484717823,1774484717823.jpg,685,g,sonnet sweep,0,1,0,0,,,,0,0,0,grams (g),.685,685,g,log10 median,cabbage,pieces or units,ILOILO,LAMBUNAO,Cubay Talipapa,K and A Vegetable Stand,4FAUXZW9,,,,,,,,.6850000000000001,,,,,,685,,,,,scale_with_item,,,,,clear,,,,,,,,medium_size
7565,1774491491872,1774491491872.jpg,195,g,sonnet sweep,0,1,0,0,,,,0,0,0,grams (g),.19499999,195,g,log10 median,cabbage,pieces or units,ILOILO,LAMBUNAO,Cubay Talipapa,Juliano Vegetable Stand,4LMQI30L,,,,,,,,.195,,,,,,195,,,,,scale_with_item,,,,,clear,,,,,,,,small_size
7566,1774491515371,1774491515371.jpg,,,,0,0,0,0,,,,0,0,0,grams (g),.53500003,535,g,log10 median,cabbage,pieces or units,ILOILO,LAMBUNAO,Cubay Talipapa,Juliano Vegetable Stand,4LMQI30L,,,,,,,,,,,,,,,,,,,scale_with_item,,,,,not_visible,,,,,,,,medium_size
7567,1774418784565,1774418784565.jpg,560,g,sonnet sweep,0,1,0,0,,,,0,0,0,grams (g),.56,560,g,log10 median,cabbage,pieces or units,ILOILO,LAMBUNAO,Lambunao Public Market,Sofia Vegetable Stand,L77HP0KK,,,,,,,,.5600000000000001,,,,,,560,,,,,scale_with_item,,,,,clear,,,,,,,,medium_size
7568,1774418819892,1774418819892.jpg,775,g,sonnet sweep,0,1,0,0,,,,0,0,0,grams (g),.77499998,775,g,log10 median,cabbage,pieces or units,ILOILO,LAMBUNAO,Lambunao Public Market,Sofia Vegetable Stand,L77HP0KK,,,,,,,,.775,,,,,,775,,,,,scale_with_item,,,,,clear,,,,,,,,large_size
7569,1774492602316,1774492602316.jpg,,,,0,0,0,0,,,,0,0,0,grams (g),.33000001,330,g,log10 median,cabbage,pieces or units,ILOILO,LAMBUNAO,Poblacion Lambunao Talipapa,Ricky Vegetable Stand,N29YIF5C,,,,,,,,,,,,,,,,,,,scale_with_item,,,,,not_visible,,,,,,,,small_size
7570,1774420258005,1774420258005.jpg,345,g,sonnet sweep,0,1,0,0,,,,0,0,0,grams (g),.345,345,g,log10 median,cabbage,pieces or units,ILOILO,LAMBUNAO,Lambunao Public Market,Lew Brian Store,Q2165RF2,,,,,,,,.345,,,,,,345,,,,,scale_with_item,,,,,clear,,,,,,,,small_size
7571,1774420292607,1774420292607.jpg,690,g,sonnet sweep,0,1,0,0,,,,0,0,0,grams (g),.69,690,g,log10 median,cabbage,pieces or units,ILOILO,LAMBUNAO,Lambunao Public Market,Lew Brian Store,Q2165RF2,,,,,,,,.6899999999999999,,,,,,690,,,,,scale_with_item,,,,,clear,,,,,,,,medium_size
7572,1774485356627,1774485356627.jpg,750,g,sonnet sweep,0,1,0,0,,,,0,0,0,grams (g),.75,750,g,log10 median,cabbage,pieces or units,ILOILO,LAMBUNAO,Cubay Roadside,Manny Store,S93SR21L,,,,,,,,.75,,,,,,750,,,,,scale_with_item,,,,,clear,,,,,,,,medium_size
7573,1774419506561,1774419506561.jpg,450,g,sonnet sweep,0,1,0,0,,,,0,0,0,grams (g),.44999999,450,g,log10 median,cabbage,pieces or units,ILOILO,LAMBUNAO,Lambunao Public Market,Gia Vegetable Stand,W70PTYSV,,,,,,,,.45,,,,,,450,,,,,scale_with_item,,,,,clear,,,,,,,,small_size
7574,1774419528910,1774419528910.jpg,750,g,sonnet sweep,0,1,0,0,,,,0,0,0,grams (g),.75,750,g,log10 median,cabbage,pieces or units,ILOILO,LAMBUNAO,Lambunao Public Market,Gia Vegetable Stand,W70PTYSV,,,,,,,,.75,,,,,,750,,,,,scale_with_item,,,,,clear,,,,,,,,medium_size
7575,1774419553656,1774419553656.jpg,990,g,sonnet sweep,0,1,0,0,,,,0,0,0,grams (g),.99000001,990,g,log10 median,cabbage,pieces or units,ILOILO,LAMBUNAO,Lambunao Public Market,Gia Vegetable Stand,W70PTYSV,,,,,,,,.99,,,,,,990,,,,,scale_with_item,,,,,probable,,,,,,,,large_size
7576,1774419159052,1774419159052.jpg,105,g,human,1,1,0,0,,,,0,0,0,grams (g),.105,105,g,block governs,cabbage,pieces or units,ILOILO,LAMBUNAO,Lambunao Public Market,Sofia Vegetable Stand,1GBVQWJ0,.105,0.105,scale,0,,.105,.105,,,.105,105,105,105,,,105,scale_with_item,scale_with_item,,,scale_with_item,clear,clear,,,clear,,,,,,small_size
7579,1774421108318,1774421108318.jpg,195,g,sonnet sweep,0,1,0,0,,,,0,0,0,grams (g),.19499999,195,g,log10 median,camote tops,bugkos,ILOILO,LAMBUNAO,Lambunao Public Market,Gener Vegetable Store,0263PNWS,,,,,,,,.195,,,,,,195,,,,,scale_with_item,,,,,clear,,,,,,,,small_size
7580,1774492070922,1774492070922.jpg,270,g,sonnet sweep,0,1,0,0,,,,0,0,0,grams (g),.27000001,270,g,log10 median,camote tops,bugkos,ILOILO,LAMBUNAO,Poblacion Lambunao Talipapa,K and A Vegetable Stand,1QSS8DO5,,,,,,,,.27,,,,,,270,,,,,scale_with_item,,,,,clear,,,,,,,,small_size
7581,1774484890280,1774484890280.jpg,185,g,sonnet sweep,0,1,0,0,,,,0,0,0,grams (g),.185,185,g,log10 median,camote tops,bugkos,ILOILO,LAMBUNAO,Poblacion Lambunao Talipapa,K and A Vegetable Stand,9G6X8GR4,,,,,,,,.185,,,,,,185,,,,,scale_with_item,,,,,clear,,,,,,,,small_size
7582,1774492827178,1774492827178.jpg,,,,0,0,0,0,,,,0,0,0,grams (g),.31999999,320,g,log10 median,camote tops,bugkos,ILOILO,LAMBUNAO,Poblacion Lambunao Talipapa,Ricky Vegetable Stand,9MC1XZP7,,,,,,,,,,,,,,,,,,,scale_with_item,,,,,not_visible,,,,,,,,small_size
7583,1774492004787,1774492004787.jpg,295,g,sonnet sweep,0,1,0,0,,,,0,0,0,grams (g),.29499999,295,g,log10 median,camote tops,bugkos,ILOILO,LAMBUNAO,Poblacion Lambunao Talipapa,Juliano Vegetable Stand,F0NHYJXY,,,,,,,,.295,,,,,,295,,,,,scale_with_item,,,,,clear,,,,,,,,small_size
7584,1774420801129,1774420801129.jpg,165,g,sonnet sweep,0,1,0,0,,,,0,0,0,grams (g),.16500001,165,g,log10 median,camote tops,bugkos,ILOILO,LAMBUNAO,Lambunao Public Market,Mary Jane Vegetable Store,I9G3T3TZ,,,,,,,,.165,,,,,,165,,,,,scale_with_item,,,,,clear,,,,,,,,small_size
7585,1774419090994,1774419090994.jpg,165,g,sonnet sweep,0,1,0,0,,,,0,0,0,grams (g),.16500001,165,g,log10 median,camote tops,bugkos,ILOILO,LAMBUNAO,Lambunao Public Market,Sofia Vegetable Stand,Z7KL80IQ,,,,,,,,.165,,,,,,165,,,,,scale_with_item,,,,,clear,,,,,,,,small_size
7586,1774418991961,1774418991961.jpg,135,g,sonnet sweep,0,1,0,0,,,,0,0,0,grams (g),.13500001,135,g,log10 median,camote,bilog,ILOILO,LAMBUNAO,Lambunao Public Market,Sofia Vegetable Stand,3SQZI5ID,,,,,,,,.135,,,,,,135,,,,,scale_with_item,,,,,clear,,,,,,,,small_size
7587,1774419012187,1774419012187.jpg,240,g,sonnet sweep,0,1,0,0,,,,0,0,0,grams (g),.23999999,240,g,log10 median,camote,bilog,ILOILO,LAMBUNAO,Lambunao Public Market,Sofia Vegetable Stand,3SQZI5ID,,,,,,,,.24,,,,,,240,,,,,scale_with_item,,,,,probable,,,,,,,,medium_size
7588,1774419032522,1774419032522.jpg,355,g,sonnet sweep,0,1,0,0,,,,0,0,0,grams (g),.35499999,355,g,log10 median,camote,bilog,ILOILO,LAMBUNAO,Lambunao Public Market,Sofia Vegetable Stand,3SQZI5ID,,,,,,,,.355,,,,,,355,,,,,scale_with_item,,,,,clear,,,,,,,,large_size
7589,1774491760949,1774491760949.jpg,50,g,sonnet sweep,0,1,0,0,,,,0,0,0,grams (g),.050000001,50,g,log10 median,camote,bilog,ILOILO,LAMBUNAO,Poblacion Lambunao Talipapa,Juliano Vegetable Stand,CKJ3H1BN,,,,,,,,.05,,,,,,50,,,,,scale_with_item,,,,,clear,,,,,,,,small_size
7590,1774491861326,1774491861326.jpg,185,g,sonnet sweep,0,1,0,0,,,,0,0,0,grams (g),.185,185,g,log10 median,camote,bilog,ILOILO,LAMBUNAO,Poblacion Lambunao Talipapa,Juliano Vegetable Stand,CKJ3H1BN,,,,,,,,.185,,,,,,185,,,,,scale_with_item,,,,,clear,,,,,,,,medium_size
7591,1774491872994,1774491872994.jpg,205,g,sonnet sweep,0,1,0,0,,,,0,0,0,grams (g),.205,205,g,log10 median,camote,bilog,ILOILO,LAMBUNAO,Poblacion Lambunao Talipapa,Juliano Vegetable Stand,CKJ3H1BN,,,,,,,,.205,,,,,,205,,,,,scale_with_item,,,,,clear,,,,,,,,large_size
7592,1774420449538,1774420449538.jpg,70,g,sonnet sweep,0,1,0,0,,,,0,0,0,grams (g),.07,70,g,log10 median,camote,bilog,ILOILO,LAMBUNAO,Lambunao Public Market,Lew Brian Store,F8YK1LD9,,,,,,,,.07,,,,,,70,,,,,scale_with_item,,,,,probable,,,,,,,,small_size
7593,1774420479511,1774420479511.jpg,135,g,sonnet sweep,0,1,0,0,,,,0,0,0,grams (g),.13500001,135,g,log10 median,camote,bilog,ILOILO,LAMBUNAO,Lambunao Public Market,Lew Brian Store,F8YK1LD9,,,,,,,,.135,,,,,,135,,,,,scale_with_item,,,,,clear,,,,,,,,medium_size
7594,1774420505865,1774420505865.jpg,,,,0,0,0,0,,,,0,0,0,grams (g),.245,245,g,log10 median,camote,bilog,ILOILO,LAMBUNAO,Lambunao Public Market,Lew Brian Store,F8YK1LD9,,,,,,,,,,,,,,,,,,,scale_with_item,,,,,ambiguous,,,,,,,,large_size
7595,1774419627778,1774419627778.jpg,90,g,sonnet sweep,0,1,0,0,,,,0,0,0,grams (g),.090000004,90,g,log10 median,camote,bilog,ILOILO,LAMBUNAO,Lambunao Public Market,Gia Vegetable Stand,IYXYWTVW,,,,,,,,.09,,,,,,90,,,,,scale_with_item,,,,,probable,,,,,,,,small_size
7596,1774419663518,1774419663518.jpg,175,g,sonnet sweep,0,1,0,0,,,,0,0,0,grams (g),.175,175,g,log10 median,camote,bilog,ILOILO,LAMBUNAO,Lambunao Public Market,Gia Vegetable Stand,IYXYWTVW,,,,,,,,.175,,,,,,175,,,,,scale_with_item,,,,,clear,,,,,,,,medium_size
7597,1774419693565,1774419693565.jpg,285,g,sonnet sweep,0,1,0,0,,,,0,0,0,grams (g),.285,285,g,log10 median,camote,bilog,ILOILO,LAMBUNAO,Lambunao Public Market,Gia Vegetable Stand,IYXYWTVW,,,,,,,,.285,,,,,,285,,,,,scale_with_item,,,,,clear,,,,,,,,large_size
7598,1774491923511,1774491923511.jpg,75,g,sonnet sweep,0,1,0,0,,,,0,0,0,grams (g),.075000003,75,g,log10 median,camote,bilog,ILOILO,LAMBUNAO,Poblacion Lambunao Talipapa,K and A Vegetable Stand,K1SRKDHO,,,,,,,,.075,,,,,,75,,,,,scale_with_item,,,,,clear,,,,,,,,small_size
7599,1774491939944,1774491939944.jpg,120,g,sonnet sweep,0,1,0,0,,,,0,0,0,grams (g),.12,120,g,log10 median,camote,bilog,ILOILO,LAMBUNAO,Poblacion Lambunao Talipapa,K and A Vegetable Stand,K1SRKDHO,,,,,,,,.12,,,,,,120,,,,,scale_with_item,,,,,clear,,,,,,,,medium_size
7600,1774491955960,1774491955960.jpg,180,g,sonnet sweep,0,1,0,0,,,,0,0,0,grams (g),.18000001,180,g,log10 median,camote,bilog,ILOILO,LAMBUNAO,Poblacion Lambunao Talipapa,K and A Vegetable Stand,K1SRKDHO,,,,,,,,.18,,,,,,180,,,,,scale_with_item,,,,,clear,,,,,,,,large_size
7601,1774492658536,1774492658536.jpg,,,,0,0,0,0,,,,0,0,0,grams (g),.090000004,90,g,log10 median,camote,bilog,ILOILO,LAMBUNAO,Poblacion Lambunao Talipapa,Ricky Vegetable Stand,O64N3XZ5,,,,,,,,,,,,,,,,,,,scale_with_item,,,,,not_visible,,,,,,,,small_size
7602,1774492676644,1774492676644.jpg,,,,0,0,0,0,,,,0,0,0,grams (g),.17,170,g,log10 median,camote,bilog,ILOILO,LAMBUNAO,Poblacion Lambunao Talipapa,Ricky Vegetable Stand,O64N3XZ5,,,,,,,,,,,,,,,,,,,scale_with_item,,,,,not_visible,,,,,,,,medium_size
7603,1774420357365,1774420357365.jpg,140,g,sonnet sweep,0,1,0,0,,,,0,0,0,grams (g),.14,140,g,log10 median,carrot,pieces or units,ILOILO,LAMBUNAO,Lambunao Public Market,Lew Brian Store,6FV7CAHR,,,,,,,,.14,,,,,,140,,,,,scale_with_item,,,,,clear,,,,,,,,medium_size
7604,1774420389297,1774420389297.jpg,235,g,sonnet sweep,0,1,0,0,,,,0,0,0,grams (g),.235,235,g,log10 median,carrot,pieces or units,ILOILO,LAMBUNAO,Lambunao Public Market,Lew Brian Store,6FV7CAHR,,,,,,,,.235,,,,,,235,,,,,scale_with_item,,,,,clear,,,,,,,,large_size
7605,1774488900031,1774488900031.jpg,,,,0,0,0,0,,,,0,0,0,grams (g),.07,70,g,log10 median,carrot,pieces or units,ILOILO,LAMBUNAO,Poblacion Lambunao Roadside,NILE Brothers Meat Stand,9SVZN12Y,,,,,,,,,,,,,,,,,,,scale_with_item,,,,,ambiguous,,,,,,,,small_size
7606,1774484790805,1774484790805.jpg,80,g,sonnet sweep,0,1,0,0,,,,0,0,0,grams (g),.079999998,80,g,log10 median,carrot,pieces or units,ILOILO,LAMBUNAO,Poblacion Lambunao Talipapa,K and A Vegetable Stand,HJ1GO2Y7,,,,,,,,.08,,,,,,80,,,,,scale_with_item,,,,,clear,,,,,,,,small_size
7607,1774484830148,1774484830148.jpg,135,g,sonnet sweep,0,1,0,0,,,,0,0,0,grams (g),.13500001,135,g,log10 median,carrot,pieces or units,ILOILO,LAMBUNAO,Poblacion Lambunao Talipapa,K and A Vegetable Stand,HJ1GO2Y7,,,,,,,,.135,,,,,,135,,,,,scale_with_item,,,,,clear,,,,,,,,medium_size
7608,1774485410047,1774485410047.jpg,95,g,sonnet sweep,0,1,0,0,,,,0,0,0,grams (g),.094999999,95,g,log10 median,carrot,pieces or units,ILOILO,LAMBUNAO,Poblacion Lambunao Roadside,Manny Store,KD39HGY6,,,,,,,,.095,,,,,,95,,,,,scale_with_item,,,,,clear,,,,,,,,small_size
7609,1774485429083,1774485429083.jpg,140,g,sonnet sweep,0,1,0,0,,,,0,0,0,grams (g),.14,140,g,log10 median,carrot,pieces or units,ILOILO,LAMBUNAO,Poblacion Lambunao Roadside,Manny Store,KD39HGY6,,,,,,,,.14,,,,,,140,,,,,scale_with_item,,,,,clear,,,,,,,,medium_size
7610,1774492495172,1774492495172.jpg,,,,0,0,0,0,,,,0,0,0,grams (g),.105,105,g,log10 median,carrot,pieces or units,ILOILO,LAMBUNAO,Maribong Talipapa,Ricky Vegetable Stand,OJYO7LLN,,,,,,,,,,,,,,,,,,,scale_with_item,,,,,not_visible,,,,,,,,small_size
7611,1774492523967,1774492523967.jpg,,,,0,0,0,0,,,,0,0,0,grams (g),.17,170,g,log10 median,carrot,pieces or units,ILOILO,LAMBUNAO,Maribong Talipapa,Ricky Vegetable Stand,OJYO7LLN,,,,,,,,,,,,,,,,,,,scale_with_item,,,,,not_visible,,,,,,,,medium_size
7612,1774418881679,1774418881679.jpg,115,g,sonnet sweep,0,1,0,0,,,,0,0,0,grams (g),.115,115,g,log10 median,carrot,pieces or units,ILOILO,LAMBUNAO,Lambunao Public Market,Sofia Vegetable Stand,STZ4GF7D,,,,,,,,.115,,,,,,115,,,,,scale_with_item,,,,,clear,,,,,,,,small_size
7613,1774418913039,1774418913039.jpg,140,g,sonnet sweep,0,1,0,0,,,,0,0,0,grams (g),.14,140,g,log10 median,carrot,pieces or units,ILOILO,LAMBUNAO,Lambunao Public Market,Sofia Vegetable Stand,STZ4GF7D,,,,,,,,.14,,,,,,140,,,,,scale_with_item,,,,,clear,,,,,,,,medium_size
7614,1774418934488,1774418934488.jpg,200,g,sonnet sweep,0,1,0,0,,,,0,0,0,grams (g),.2,200,g,log10 median,carrot,pieces or units,ILOILO,LAMBUNAO,Lambunao Public Market,Sofia Vegetable Stand,STZ4GF7D,,,,,,,,.2,,,,,,200,,,,,scale_with_item,,,,,clear,,,,,,,,large_size
7615,1774491617406,1774491617406.jpg,95,g,sonnet sweep,0,1,0,0,,,,0,0,0,grams (g),.094999999,95,g,log10 median,carrot,pieces or units,ILOILO,LAMBUNAO,Poblacion Lambunao Talipapa,Juliano Vegetable Stand,XC8ERWBE,,,,,,,,.095,,,,,,95,,,,,scale_with_item,,,,,clear,,,,,,,,small_size
7616,1774491643860,1774491643860.jpg,115,g,sonnet sweep,0,1,0,0,,,,0,0,0,grams (g),.115,115,g,log10 median,carrot,pieces or units,ILOILO,LAMBUNAO,Poblacion Lambunao Talipapa,Juliano Vegetable Stand,XC8ERWBE,,,,,,,,.115,,,,,,115,,,,,scale_with_item,,,,,clear,,,,,,,,medium_size
7617,1774491675133,1774491675133.jpg,205,g,sonnet sweep,0,1,0,0,,,,0,0,0,grams (g),.205,205,g,log10 median,carrot,pieces or units,ILOILO,LAMBUNAO,Poblacion Lambunao Talipapa,Juliano Vegetable Stand,XC8ERWBE,,,,,,,,.205,,,,,,205,,,,,scale_with_item,,,,,clear,,,,,,,,large_size
7618,1774419765194,1774419765194.jpg,85,g,sonnet sweep,0,1,0,0,,,,0,0,0,grams (g),.085000001,85,g,log10 median,carrot,pieces or units,ILOILO,LAMBUNAO,Lambunao Public Market,Gia Vegetable Stand,ZUGOH8AT,,,,,,,,.085,,,,,,85,,,,,scale_with_item,,,,,probable,,,,,,,,small_size
7619,1774419809442,1774419809442.jpg,130,g,sonnet sweep,0,1,0,0,,,,0,0,0,grams (g),.13,130,g,log10 median,carrot,pieces or units,ILOILO,LAMBUNAO,Lambunao Public Market,Gia Vegetable Stand,ZUGOH8AT,,,,,,,,.13,,,,,,130,,,,,scale_with_item,,,,,clear,,,,,,,,medium_size
7620,1774419222148,1774419222148.jpg,110,g,sonnet sweep,0,1,0,0,,,,0,0,0,grams (g),.11,110,g,log10 median,carrot,pieces or units,ILOILO,LAMBUNAO,Lambunao Public Market,Sofia Vegetable Stand,DVTF5HTA,,,,,,,,.11,,,,,,110,,,,,scale_with_item,,,,,clear,,,,,,,,small_size
7622,1774419935184,1774419935184.jpg,155,g,sonnet sweep,0,1,0,0,,,,0,0,0,grams (g),.155,155,g,log10 median,carrot,pieces or units,ILOILO,LAMBUNAO,Lambunao Public Market,Gia Vegetable Stand,IN97OCL4,,,,,,,,.155,,,,,,155,,,,,scale_with_item,,,,,clear,,,,,,,,small_size
7623,1774421459994,1774421459994.jpg,835,g,sonnet sweep,0,1,0,0,,,,0,0,0,grams (g),.83499998,835,g,log10 median,chicken,whole (chicken),ILOILO,LAMBUNAO,Lambunao Public Market,Ping-Ping Store,4YKTF2SM,,,,,,,,.835,,,,,,835,,,,,scale_with_item,,,,,clear,,,,,,,,medium_size
7624,1774421490236,1774421490236.jpg,910,g,sonnet sweep,0,1,0,0,,,,0,0,0,grams (g),.91000003,910,g,log10 median,chicken,whole (chicken),ILOILO,LAMBUNAO,Lambunao Public Market,Ping-Ping Store,4YKTF2SM,,,,,,,,.91,,,,,,910,,,,,scale_with_item,,,,,clear,,,,,,,,large_size
7625,1774422255907,1774422255907.jpg,950,g,human,1,1,0,0,,,,0,0,0,Litres (L),.94999999,950,g,log10 median,chicken,whole (chicken),ILOILO,LAMBUNAO,Lambunao Public Market,Armada 1 Store,5KCS2Y1P,.95,0.95,scale,0,scale turned sideways,.958,.95,,,.85,950,958,950,,,850,scale_with_item,scale_with_item,,,scale_with_item,clear,probable,,,clear,,,,,,medium_size
7639,1774487698787,1774487698787.jpg,240,g,human,1,1,0,0,,,,0,0,0,grams (g),.23999999,240,g,log10 median,"drinks at restaurant, hotel, cafe, or kiosk",pieces or units,ILOILO,LAMBUNAO,Cubay Roadside,Cesianlie Snacks Food House Store,VI1YV8YI,.24,0.24,scale,0,240 grams (0.24 kg),.24,.24,,,.007,240,240,240,,,7,scale_with_item,scale_with_item,,,scale_with_item,clear,clear,,,clear,,,,,,small_size
7660,1774489683855,1774489683855.jpg,375,mL,package label (mL),0,1,1,1,375 mL,375,mL,1,0,1,grams (g),375,375,mL,log10 median,"liquor (e.g, whisky, coconut wine)",lipid/lapad,ILOILO,LAMBUNAO,Poblacion Lambunao Roadside,Reymon Store,0UK41HXE,,,,,,,,,,,,,,,,,,,item_no_scale,,,,,not_visible,,,,,375 mL,,,medium_size
7661,1774426681127,1774426681127.jpg,375,mL,package label (mL),0,1,1,1,375 mL,375,mL,1,0,1,grams (g),375,375,mL,log10 median,"liquor (e.g, whisky, coconut wine)",lipid/lapad,ILOILO,LAMBUNAO,Lambunao Public Market,Ze Ze Store,6Q4O1YZ4,,,,,,,,,,,,,,,,,,,item_no_scale,,,,,not_visible,,,,,375 mL,,,medium_size
7662,1774485508198,1774485508198.jpg,375,mL,package label (mL),0,1,1,1,375 mL,375,mL,1,0,1,grams (g),375,375,mL,log10 median,"liquor (e.g, whisky, coconut wine)",lipid/lapad,ILOILO,LAMBUNAO,Poblacion Lambunao Roadside,Manny Store,FCPMBKWB,,,,,,,,,,,,,,,,,item_no_scale,,,,item_no_scale,not_visible,,,,not_visible,375 mL,,,,375 mL,medium_size
7663,1774490226443,1774490226443.jpg,375,mL,package label (mL),0,1,1,1,375 mL,375,mL,1,0,1,grams (g),375,375,mL,log10 median,"liquor (e.g, whisky, coconut wine)",lipid/lapad,ILOILO,LAMBUNAO,Cubay Roadside,Susan Store,H68PVA73,,,,,,,,,,,,,,,,,,,item_no_scale,,,,,not_visible,,,,,375 mL,,,medium_size
7664,1774423972985,1774423972985.jpg,375,mL,package label (mL),0,1,1,1,375 mL,375,mL,1,0,1,grams (g),375,375,mL,log10 median,"liquor (e.g, whisky, coconut wine)",lipid/lapad,ILOILO,LAMBUNAO,Lambunao Public Market,Kent Adrian Grocery Store,YFHERCIK,,,,,,,,,,,,,,,,,,,item_no_scale,,,,,not_visible,,,,,375 mL,,,medium_size
7665,1774424119388,1774424119388.jpg,750,mL,package label (mL),0,1,1,1,750 mL,750,mL,1,0,1,grams (g),750,750,mL,log10 median,"liquor (e.g, whisky, coconut wine)",long-neck,ILOILO,LAMBUNAO,Lambunao Public Market,Kent Adrian Grocery Store,BRN3N4E5,,,,,,,,,,,,,,,,,,,item_no_scale,,,,,not_visible,,,,,750 mL,,,large_size
7666,1774426749069,1774426749069.jpg,750,mL,package label (mL),0,1,1,1,750 mL,750,mL,1,0,1,grams (g),750,750,mL,log10 median,"liquor (e.g, whisky, coconut wine)",long-neck,ILOILO,LAMBUNAO,Lambunao Public Market,Ze Ze Store,IVBK9HST,,,,,,,,,,,,,,,,,,,item_no_scale,,,,,not_visible,,,,,750 mL,,,large_size
7667,1774485582179,1774485582179.jpg,750,mL,package label (mL),0,1,1,1,750 mL,750,mL,1,0,1,grams (g),750,750,mL,log10 median,"liquor (e.g, whisky, coconut wine)",long-neck,ILOILO,LAMBUNAO,Poblacion Lambunao Roadside,Manny Store,JIF2W33I,,,,,,,,,,.15,,,,,,150,item_no_scale,,,,scale_with_item,not_visible,,,,clear,750 mL,,,,,large_size
7668,1774489830838,1774489830838.jpg,750,mL,package label (mL),0,1,1,1,750 mL,750,mL,1,0,1,grams (g),750,750,mL,log10 median,"liquor (e.g, whisky, coconut wine)",long-neck,ILOILO,LAMBUNAO,Poblacion Lambunao Roadside,Reymon Store,OXKPZ5ZY,,,,,,,,,,,,,,,,,,,item_no_scale,,,,,not_visible,,,,,750 mL,,,large_size
7669,1774490339878,1774490339878.jpg,750,mL,package label (mL),0,1,1,1,750 mL,750,mL,1,0,1,grams (g),750,750,mL,log10 median,"liquor (e.g, whisky, coconut wine)",long-neck,ILOILO,LAMBUNAO,Poblacion Lambunao Roadside,Susan Store,S743TR83,,,,,,,,,,,,,,,,,item_no_scale,,,,item_no_scale,not_visible,,,,not_visible,750 mL,,,,,large_size
7683,1774424948535,1774424948535.jpg,155,g,sonnet sweep,0,1,0,0,,,,0,0,0,grams (g),.155,155,g,log10 median,mango,pieces or units,ILOILO,LAMBUNAO,Lambunao Public Market,Dessa Fruit Stand,1NJT6OLS,,,,,,,,.155,,,,,,155,,,,,scale_with_item,,,,,clear,,,,,,,,small_size
7684,1774424963842,1774424963842.jpg,200,g,sonnet sweep,0,1,0,0,,,,0,0,0,grams (g),.2,200,g,log10 median,mango,pieces or units,ILOILO,LAMBUNAO,Lambunao Public Market,Dessa Fruit Stand,1NJT6OLS,,,,,,,,.2,,,,,,200,,,,,scale_with_item,,,,,clear,,,,,,,,medium_size
7685,1774424680128,1774424680128.jpg,115,g,sonnet sweep,0,1,0,0,,,,0,0,0,grams (g),.115,115,g,log10 median,mango,pieces or units,ILOILO,LAMBUNAO,Lambunao Public Market,Tessie Fruit Stand,GBMBCU3K,,,,,,,,.115,,,,,,115,,,,,scale_with_item,,,,,clear,,,,,,,,small_size
7686,1774424700422,1774424700422.jpg,205,g,sonnet sweep,0,1,0,0,,,,0,0,0,grams (g),.2,200,g,log10 median,mango,pieces or units,ILOILO,LAMBUNAO,Lambunao Public Market,Tessie Fruit Stand,GBMBCU3K,,,,,,,,.205,,,,,,205,,,,,scale_with_item,,,,,clear,,,,,,,,medium_size
7687,1774424718426,1774424718426.jpg,270,g,sonnet sweep,0,1,0,0,,,,0,0,0,grams (g),.27000001,270,g,log10 median,mango,pieces or units,ILOILO,LAMBUNAO,Lambunao Public Market,Tessie Fruit Stand,GBMBCU3K,,,,,,,,.27,,,,,,270,,,,,scale_with_item,,,,,clear,,,,,,,,large_size
7688,1774425365045,1774425365045.jpg,170,g,sonnet sweep,0,1,0,0,,,,0,0,0,grams (g),.17,170,g,log10 median,mango,pieces or units,ILOILO,LAMBUNAO,Lambunao Public Market,Jemima Fruit Stand,KB12MYWK,,,,,,,,.17,,,,,,170,,,,,scale_with_item,,,,,clear,,,,,,,,small_size
7689,1774425382683,1774425382683.jpg,275,g,sonnet sweep,0,1,0,0,,,,0,0,0,grams (g),.27500001,275,g,log10 median,mango,pieces or units,ILOILO,LAMBUNAO,Lambunao Public Market,Jemima Fruit Stand,KB12MYWK,,,,,,,,.275,,,,,,275,,,,,scale_with_item,,,,,clear,,,,,,,,medium_size
7690,1774425399480,1774425399480.jpg,350,g,sonnet sweep,0,1,0,0,,,,0,0,0,grams (g),.34999999,350,g,log10 median,mango,pieces or units,ILOILO,LAMBUNAO,Lambunao Public Market,Jemima Fruit Stand,KB12MYWK,,,,,,,,.35,,,,,,350,,,,,scale_with_item,,,,,clear,,,,,,,,large_size
7693,1774422005477,1774422005477.jpg,565,g,sonnet sweep,0,1,0,0,,,,0,0,0,grams (g),.565,565,g,log10 median,"preserved or processed meat (tocino, tapa, longaniza, etc)",putos,ILOILO,LAMBUNAO,Lambunao Public Market,Edang Store,7X75K92C,,,,,,,,.5649999999999999,,,,,,565,,,,,scale_with_item,,,,,probable,,,,,,,,medium_size
7694,1774421610417,1774421610417.jpg,155,g,sonnet sweep,0,1,0,0,,,,0,0,0,grams (g),.16,160,g,log10 median,"preserved or processed meat (tocino, tapa, longaniza, etc)",putos,ILOILO,LAMBUNAO,Lambunao Public Market,Ping-Ping Store,D5EPOP0L,,,,,,,,.155,,,,,,155,,,,,scale_with_item,,,,,probable,,,,,,,,small_size
7695,1774421631171,1774421631171.jpg,305,g,sonnet sweep,0,1,0,0,,,,0,0,0,grams (g),.30500001,305,g,log10 median,"preserved or processed meat (tocino, tapa, longaniza, etc)",putos,ILOILO,LAMBUNAO,Lambunao Public Market,Ping-Ping Store,D5EPOP0L,,,,,,,,.305,,,,,,305,,,,,scale_with_item,,,,,clear,,,,,,,,medium_size
7696,1774421653595,1774421653595.jpg,600,g,sonnet sweep,0,1,0,0,,,,0,0,0,grams (g),.60000002,600,g,log10 median,"preserved or processed meat (tocino, tapa, longaniza, etc)",putos,ILOILO,LAMBUNAO,Lambunao Public Market,Ping-Ping Store,D5EPOP0L,,,,,,,,.6,,,,,,600,,,,,scale_with_item,,,,,clear,,,,,,,,large_size
7764,1776651813618,1776651813618.jpg,48,mL,package label (mL),0,1,1,1,Net Volume: 48ml,48,mL,1,0,1,grams (g),48,48,mL,log10 median,"ice cream, sorbet, edible ice (eg., ice-lolli, halo-halo)",pieces or units,ILOILO,LEGANES,roadside,Rene Store,D3IJY7AO,,,,,,,,,,,,,,,,,,,label_closeup,,,,,not_visible,,,,,Net Volume: 48ml,,,small_size
7768,1777942980843,1777942980843.jpg,,,,0,0,0,0,,,,0,0,0,Litres (L),.11,110,g,log10 median,"ice cream, sorbet, edible ice (eg., ice-lolli, halo-halo)",small cup,ILOILO,LEGANES,roadside,Wacky Store,67TVCB6Y,,,,,,,,,,,,,,,,,,,label_closeup,,,,,not_visible,,,,,,,,small_size
7794,1776476149668,1776476149668.jpg,65,g,sonnet sweep,0,1,0,0,,,,0,0,0,Kilograms (Kgs),65,65,g,log10 median,"preserved or processed meat (tocino, tapa, longaniza, etc)",bilog,ILOILO,LEGANES,leganes Public Market,Ej boy manokan,PGZT4T39,,,,,,,,.065,,,,,,65,,,,,scale_with_item,,,,,clear,,,,,,,,small_size
7804,1773971679900,1773971679900.jpg,530,g,sonnet sweep,0,1,0,0,,,,0,0,0,grams (g),.52999997,530,g,log10 median,cabbage,pieces or units,ILOILO,LEMERY,Lemery Roadside,Rea Store,2DAPQWFE,,,,,,,,.53,,,,,,530,,,,,scale_with_item,,,,,clear,,,,,,,,small_size
7805,1773971747486,1773971747486.jpg,660,g,sonnet sweep,0,1,0,0,,,,0,0,0,grams (g),.66000003,660,g,log10 median,cabbage,pieces or units,ILOILO,LEMERY,Lemery Roadside,Rea Store,2DAPQWFE,,,,,,,,.66,,,,,,660,,,,,scale_with_item,,,,,clear,,,,,,,,medium_size
7806,1773971770211,1773971770211.jpg,840,g,sonnet sweep,0,1,0,0,,,,0,0,0,grams (g),.83999997,840,g,log10 median,cabbage,pieces or units,ILOILO,LEMERY,Lemery Roadside,Rea Store,2DAPQWFE,,,,,,,,.84,,,,,,840,,,,,scale_with_item,,,,,clear,,,,,,,,large_size
7810,1773889647638,1773889647638.jpg,770,g,sonnet sweep,0,1,0,0,,,,0,0,0,grams (g),.76999998,770,g,log10 median,cabbage,pieces or units,ILOILO,LEMERY,Lemery Talipapa,Bebing Store,VJG69ORE,,,,,,,,.77,,,,,,770,,,,,scale_with_item,,,,,clear,,,,,,,,large_size
7811,1773889750172,1773889750172.jpg,160,g,sonnet sweep,0,1,0,0,,,,0,0,0,grams (g),.16,160,g,log10 median,camote tops,bundle,ILOILO,LEMERY,Lemery Talipapa,Bebing Store,EGUAXHSF,,,,,,,,.16,,,,,,160,,,,,scale_with_item,,,,,probable,,,,,,,,small_size
7812,1773889782015,1773889782015.jpg,310,g,sonnet sweep,0,1,0,0,,,,0,0,0,grams (g),.31,310,g,log10 median,camote tops,bundle,ILOILO,LEMERY,Lemery Talipapa,Bebing Store,EGUAXHSF,,,,,,,,.31,,,,,,310,,,,,scale_with_item,,,,,clear,,,,,,,,medium_size
7813,1773889810743,1773889810743.jpg,,,,0,0,0,0,,,,0,0,0,grams (g),.47,470,g,log10 median,camote tops,bundle,ILOILO,LEMERY,Lemery Talipapa,Bebing Store,EGUAXHSF,,,,,,,,,,,,,,,,,,,scale_with_item,,,,,ambiguous,,,,,,,,large_size
7814,1773882691087,1773882691087.jpg,240,g,sonnet sweep,0,1,0,0,,,,0,0,0,grams (g),.23999999,240,g,log10 median,camote tops,bundle,ILOILO,LEMERY,Lemery Public Market,Analyn Store,HDP2LVTL,,,,,,,,.24,,,,,,240,,,,,scale_with_item,,,,,clear,,,,,,,,small_size
7815,1773882713802,1773882713802.jpg,500,g,sonnet sweep,0,1,0,0,,,,0,0,0,grams (g),.5,500,g,log10 median,camote tops,bundle,ILOILO,LEMERY,Lemery Public Market,Analyn Store,HDP2LVTL,,,,,,,,.5,,,,,,500,,,,,scale_with_item,,,,,clear,,,,,,,,medium_size
7816,1773882737984,1773882737984.jpg,775,g,sonnet sweep,0,1,0,0,,,,0,0,0,grams (g),.77499998,775,g,log10 median,camote tops,bundle,ILOILO,LEMERY,Lemery Public Market,Analyn Store,HDP2LVTL,,,,,,,,.775,,,,,,775,,,,,scale_with_item,,,,,clear,,,,,,,,large_size
7817,1773881875667,1773881875667.jpg,110,g,sonnet sweep,0,1,0,0,,,,0,0,0,grams (g),.11,110,g,log10 median,camote,bilog,ILOILO,LEMERY,Lemery public market,Boy Dionson,74BG6974,,,,,,,,.11,,,,,,110,,,,,scale_with_item,,,,,clear,,,,,,,,small_size
7818,1773881905519,1773881905519.jpg,145,g,sonnet sweep,0,1,0,0,,,,0,0,0,grams (g),.145,145,g,log10 median,camote,bilog,ILOILO,LEMERY,Lemery public market,Boy Dionson,74BG6974,,,,,,,,.145,,,,,,145,,,,,scale_with_item,,,,,clear,,,,,,,,medium_size
7819,1773881937628,1773881937628.jpg,225,g,sonnet sweep,0,1,0,0,,,,0,0,0,grams (g),.22499999,225,g,log10 median,camote,bilog,ILOILO,LEMERY,Lemery public market,Boy Dionson,74BG6974,,,,,,,,.225,,,,,,225,,,,,scale_with_item,,,,,clear,,,,,,,,large_size
7820,1773890518371,1773890518371.jpg,20,g,sonnet sweep,0,1,0,0,,,,0,0,0,grams (g),.12,120,g,log10 median,camote,bilog,ILOILO,LEMERY,Lemery Talipapa,Aguilar Store,ZMR37P0V,,,,,,,,.02,,,,,,20,,,,,scale_with_item,,,,,probable,,,,,,,,small_size
7821,1773890538111,1773890538111.jpg,58,g,sonnet sweep,0,1,0,0,,,,0,0,0,grams (g),.15000001,150,g,log10 median,camote,bilog,ILOILO,LEMERY,Lemery Talipapa,Aguilar Store,ZMR37P0V,,,,,,,,.058,,,,,,58,,,,,scale_with_item,,,,,probable,,,,,,,,medium_size
7822,1773890584561,1773890584561.jpg,280,g,sonnet sweep,0,1,0,0,,,,0,0,0,grams (g),.28,280,g,log10 median,camote,bilog,ILOILO,LEMERY,Lemery Talipapa,Aguilar Store,ZMR37P0V,,,,,,,,.28,,,,,,280,,,,,scale_with_item,,,,,probable,,,,,,,,large_size
7823,1773890339912,1773890339912.jpg,125,g,sonnet sweep,0,1,0,0,,,,0,0,0,grams (g),.125,125,g,log10 median,carrot,pieces or units,ILOILO,LEMERY,Lemery Talipapa,Aguilar Store,5CIV75IK,,,,,,,,.125,,,,,,125,,,,,scale_with_item,,,,,probable,,,,,,,,small_size
7824,1773890407581,1773890407581.jpg,,,,0,0,0,0,,,,0,0,0,grams (g),.17,170,g,log10 median,carrot,pieces or units,ILOILO,LEMERY,Lemery Talipapa,Aguilar Store,5CIV75IK,,,,,,,,,,.08,,,,,,80,scale_with_item,,,,scale_with_item,not_visible,,,,clear,,,,,,medium_size
7825,1773890443902,1773890443902.jpg,186,g,sonnet sweep,0,1,0,0,,,,0,0,0,grams (g),.185,185,g,log10 median,carrot,pieces or units,ILOILO,LEMERY,Lemery Talipapa,Aguilar Store,5CIV75IK,,,,,,,,.186,,,,,,186,,,,,scale_with_item,,,,,probable,,,,,,,,large_size
7826,1773971869548,1773971869548.jpg,45,g,sonnet sweep,0,1,0,0,,,,0,0,0,grams (g),.045000002,45,g,log10 median,carrot,pieces or units,ILOILO,LEMERY,roadside,Rea Store,SILQUNXK,,,,,,,,.045,,,,,,45,,,,,scale_with_item,,,,,clear,,,,,,,,small_size
7827,1773971898428,1773971898428.jpg,160,g,sonnet sweep,0,1,0,0,,,,0,0,0,grams (g),.16,160,g,log10 median,carrot,pieces or units,ILOILO,LEMERY,roadside,Rea Store,SILQUNXK,,,,,,,,.16,,,,,,160,,,,,scale_with_item,,,,,clear,,,,,,,,medium_size
7828,1773971917352,1773971917352.jpg,215,g,sonnet sweep,0,1,0,0,,,,0,0,0,grams (g),.215,215,g,log10 median,carrot,pieces or units,ILOILO,LEMERY,roadside,Rea Store,SILQUNXK,,,,,,,,.215,,,,,,215,,,,,scale_with_item,,,,,clear,,,,,,,,large_size
7835,1773970295431,1773970295431.jpg,638,g,sonnet sweep,0,1,0,0,,,,0,0,0,grams (g),.63,630,g,block governs,"crackers, cookies, buiscuits, chips/curls",bucket,ILOILO,LEMERY,roadside,Diamante Store,7C6BEDLK,,,,,,,,.638,,,,,,638,,,,,scale_with_item,,,,,clear,,,,,,,,large_size
7837,1773970801786,1773970801786.jpg,90,g,sonnet sweep,0,1,0,0,Net wt. 90g,90,g,1,0,1,grams (g),.090000004,90,g,log10 median,"crackers, cookies, buiscuits, chips/curls",pieces or units,ILOILO,LEMERY,roadside,Diamante Store,6TXQAHZD,,,,,,,,.09,,,,,,90,,,,,scale_with_item,,,,,clear,,,,,Net wt. 90g,,,medium_size
7838,1773970030451,1773970030451.jpg,30,g,sonnet sweep,0,1,0,0,NET WT. 0.85 oz (24g),24,g,1,0,1,grams (g),.029999999,30,g,log10 median,"crackers, cookies, buiscuits, chips/curls",pieces or units,ILOILO,LEMERY,roadside,Diamante Store,P1XM2F2U,,,,,,,,.03,,,,,,30,,,,,scale_with_item,,,,,clear,,,,,NET WT. 0.85 oz (24g),,,small_size
7839,1773970055622,1773970055622.jpg,105,g,sonnet sweep,0,1,0,0,NET WT. 3.46 oz (98g),98,g,1,0,1,grams (g),.105,105,g,log10 median,"crackers, cookies, buiscuits, chips/curls",pieces or units,ILOILO,LEMERY,roadside,Diamante Store,P1XM2F2U,,,,,,,,.105,,,,,,105,,,,,scale_with_item,,,,,clear,,,,,NET WT. 3.46 oz (98g),,,medium_size
7840,1773970455808,1773970455808.jpg,290,g,sonnet sweep,0,1,0,0,,,,0,0,0,grams (g),.28999999,290,g,log10 median,"crackers, cookies, buiscuits, chips/curls",putos,ILOILO,LEMERY,roadside,Diamante Store,I72GUBP7,,,,,,,,.29,,,,,,290,,,,,scale_with_item,,,,,clear,,,,,,,,medium_size
7841,1773884279828,1773884279828.jpg,195,g,sonnet sweep,0,1,0,0,,,,0,0,0,grams (g),.19499999,195,g,log10 median,"crackers, cookies, buiscuits, chips/curls",putos,ILOILO,LEMERY,Lemery public market,Boy Dionson Store,WS4B03PV,,,,,,,,.195,,,,,,195,,,,,scale_with_item,,,,,clear,,,,,,,,small_size
7842,1773884316716,1773884316716.jpg,285,g,sonnet sweep,0,1,0,0,,,,0,0,0,grams (g),.285,285,g,log10 median,"crackers, cookies, buiscuits, chips/curls",putos,ILOILO,LEMERY,Lemery public market,Boy Dionson Store,WS4B03PV,,,,,,,,.285,,,,,,285,,,,,scale_with_item,,,,,clear,,,,,,,,medium_size
7843,1778834502177,1778834502177.jpg,440,g,human,1,1,0,0,,,,0,0,0,grams (g),.44,440,g,log10 median,"drinks at restaurant, hotel, cafe, or kiosk",pieces or units,ILOILO,LEMERY,roadside,tan tan street food,NJWCCCFH,.44,0.44,scale,0,,.44,.44,,,.44,440,440,440,,,440,scale_with_item,scale_with_item,,,scale_with_item,clear,clear,,,clear,,,,,,small_size
7844,1773973044005,1773973044005.jpg,,,,0,0,0,0,,,,0,0,0,grams (g),.22,220,g,log10 median,fresh fish,pieces or units,ILOILO,LEMERY,Lemery Roadside,Rico Store,HYLPJHDB,,,,,,,,,,,,,,,,,,,scale_with_item,,,,,not_visible,,,,,,,,small_size
7845,1773973130012,1773973130012.jpg,,,,0,0,0,0,,,,0,0,0,grams (g),.245,245,g,log10 median,fresh fish,pieces or units,ILOILO,LEMERY,Lemery Roadside,Rico Store,HYLPJHDB,,,,,,,,,,,,,,,,,,,scale_with_item,,,,,not_visible,,,,,,,,medium_size
7846,1773973151702,1773973151702.jpg,,,,0,0,0,0,,,,0,0,0,grams (g),.27000001,270,g,log10 median,fresh fish,pieces or units,ILOILO,LEMERY,Lemery Roadside,Rico Store,HYLPJHDB,,,,,,,,,,,,,,,,,,,scale_with_item,,,,,not_visible,,,,,,,,large_size
7847,1773883189773,1773883189773.jpg,90,g,sonnet sweep,0,1,0,0,,,,0,0,0,grams (g),.090000004,90,g,log10 median,fresh fish,pieces or units,ILOILO,LEMERY,Lemery Public Market,Matulac Fish Store,SY8WDJXA,,,,,,,,.09,,,,,,90,,,,,scale_with_item,,,,,clear,,,,,,,,small_size
7848,1773883233206,1773883233206.jpg,160,g,sonnet sweep,0,1,0,0,,,,0,0,0,grams (g),.16,160,g,log10 median,fresh fish,pieces or units,ILOILO,LEMERY,Lemery Public Market,Matulac Fish Store,SY8WDJXA,,,,,,,,.16,,,,,,160,,,,,scale_with_item,,,,,clear,,,,,,,,medium_size
7849,1773883264566,1773883264566.jpg,285,g,sonnet sweep,0,1,0,0,,,,0,0,0,grams (g),.285,285,g,log10 median,fresh fish,pieces or units,ILOILO,LEMERY,Lemery Public Market,Matulac Fish Store,SY8WDJXA,,,,,,,,.285,,,,,,285,,,,,scale_with_item,,,,,clear,,,,,,,,large_size
7850,1778832777637,1778832777637.jpg,466,g,sonnet sweep,0,1,0,0,,,,0,0,0,grams (g),.46599999,466,g,block governs,fresh fish,pack,ILOILO,LEMERY,Roadside,Stella Fish Stall,1BQPPYX6,,,,,,,,.466,,,,,,466,,,,,scale_with_item,,,,,clear,,,,,,,,small_size
7851,1773890829632,1773890829632.jpg,,,,0,0,0,0,,,,0,0,0,grams (g),.76999998,770,g,block governs,fresh fish,pack,ILOILO,LEMERY,Lemery Talipapa,Aguilar Store,ZJDJ0WPO,,,,,,,,,,,,,,,,,scale_with_item,,,,scale_with_item,not_visible,,,,not_visible,,,,,,medium_size
7852,1773884706627,1773884706627.jpg,55,g,sonnet sweep,0,1,0,0,,,,0,0,0,grams (g),.055,55,g,log10 median,"ice cream, sorbet, edible ice (eg., ice-lolli, halo-halo)",small cup,ILOILO,LEMERY,Lemery public market,Boy Dionson Store,57MMUDNC,,,,,,,,.055,,,,,,55,,,,,scale_with_item,,,,,clear,,,,,,,,small_size
7853,1773969444958,1773969444958.jpg,96,g,sonnet sweep,0,1,0,0,,,,0,0,0,grams (g),.055,55,g,log10 median,"ice cream, sorbet, edible ice (eg., ice-lolli, halo-halo)",small cup,ILOILO,LEMERY,Lemery Roadside,Diamante Store,WLCGAK00,,,,,,,,.096,,,,,,96,,,,,scale_with_item,,,,,probable,,,,,,,,small_size
7854,1773969483700,1773969483700.jpg,80,g,sonnet sweep,0,1,0,0,,,,0,0,0,grams (g),.059999999,60,g,log10 median,"ice cream, sorbet, edible ice (eg., ice-lolli, halo-halo)",small cup,ILOILO,LEMERY,Lemery Roadside,Diamante Store,WLCGAK00,,,,,,,,.08,,,,,,80,,,,,scale_with_item,,,,,clear,,,,,,,,medium_size
7855,1773969519839,1773969519839.jpg,220,g,sonnet sweep,0,1,0,0,,,,0,0,0,grams (g),.22,220,g,log10 median,"ice cream, sorbet, edible ice (eg., ice-lolli, halo-halo)",small cup,ILOILO,LEMERY,Lemery Roadside,Diamante Store,WLCGAK00,,,,,,,,.22,,,,,,220,,,,,scale_with_item,,,,,probable,,,,,,,,large_size
7856,1773884813993,1773884813993.jpg,,,,0,0,0,0,,,,0,0,0,grams (g),.059999999,60,g,log10 median,"ice cream, sorbet, edible ice (eg., ice-lolli, halo-halo)",putos,ILOILO,LEMERY,Lemery public market,Boy Dionson Store,9OXCP1Q4,,,,,,,,,,,,,,,,,,,scale_with_item,,,,,ambiguous,,,,,,,,small_size
7857,1773969628676,1773969628676.jpg,40,g,sonnet sweep,0,1,0,0,,,,0,0,0,grams (g),.039999999,40,g,log10 median,"ice cream, sorbet, edible ice (eg., ice-lolli, halo-halo)",putos,ILOILO,LEMERY,roadside,Diamante Store,MDAEXH2N,,,,,,,,.04,,,,,,40,,,,,scale_with_item,,,,,clear,,,,,,,,small_size
7862,1773884142105,1773884142105.jpg,675,g,sonnet sweep,0,1,0,0,,,,0,0,0,grams (g),.67500001,675,g,log10 median,loaf bread,large packs,ILOILO,LEMERY,Lemery public market,Boy Dionson Store,2E7JVZGK,,,,,,,,.675,,,,,,675,,,,,scale_with_item,,,,,clear,,,,,,,,large_size
7863,1773969879877,1773969879877.jpg,615,g,sonnet sweep,0,1,0,0,,,,0,0,0,grams (g),.61500001,615,g,log10 median,loaf bread,large packs,ILOILO,LEMERY,roadside,Diamante Store,TTJ0TOUZ,,,,,,,,.615,,,,,,615,,,,,scale_with_item,,,,,probable,,,,,,,,large_size
7864,1773884072152,1773884072152.jpg,480,g,sonnet sweep,0,1,0,0,,,,0,0,0,grams (g),.47999999,480,g,log10 median,loaf bread,medium packs,ILOILO,LEMERY,Lemery public market,Boy Dionson Store,CPATFRDC,,,,,,,,.48,,,,,,480,,,,,scale_with_item,,,,,clear,,,,,,,,medium_size
7866,1773973887575,1773973887575.jpg,125,g,sonnet sweep,0,1,0,0,,,,0,0,0,grams (g),.125,125,g,log10 median,"prawns, lobster, shrimp",tumpok,ILOILO,LEMERY,Lemery Public Market,RK Silva Store,VXSWEQ2C,,,,,,,,.125,,,,,,125,,,,,scale_with_item,,,,,clear,,,,,,,,small_size
7867,1773973930883,1773973930883.jpg,380,g,sonnet sweep,0,1,0,0,,,,0,0,0,grams (g),.38,380,g,log10 median,"prawns, lobster, shrimp",tumpok,ILOILO,LEMERY,Lemery Public Market,RK Silva Store,VXSWEQ2C,,,,,,,,.38,,,,,,380,,,,,scale_with_item,,,,,clear,,,,,,,,medium_size
7868,1773974049258,1773974049258.jpg,630,g,sonnet sweep,0,1,0,0,,,,0,0,0,grams (g),.63,630,g,log10 median,"prawns, lobster, shrimp",tumpok,ILOILO,LEMERY,Lemery Public Market,RK Silva Store,VXSWEQ2C,,,,,,,,.63,,,,,,630,,,,,scale_with_item,,,,,clear,,,,,,,,large_size
7869,1773885905160,1773885905160.jpg,70,g,sonnet sweep,0,1,0,0,,,,0,0,0,grams (g),.07,70,g,log10 median,"preserved or processed meat (tocino, tapa, longaniza, etc)",bilog,ILOILO,LEMERY,Lemery public market,Kurt and Carl Store,I3RZP5E2,,,,,,,,.07,,,,,,70,,,,,scale_with_item,,,,,clear,,,,,,,,large_size
7870,1773969738931,1773969738931.jpg,269,g,sonnet sweep,0,1,0,0,,,,0,0,0,grams (g),.26499999,265,g,log10 median,"preserved or processed meat (tocino, tapa, longaniza, etc)",pack,ILOILO,LEMERY,roadside,Diamante Store,K5VAPMUE,,,,,,,,.269,,,,,,269,,,,,scale_with_item,,,,,clear,,,,,,,,small_size
7963,1776043507652,1776043507652.jpg,375,mL,package label (mL),0,1,1,1,375 mL,375,mL,1,0,1,grams (g),.375,375,mL,log10 median,"liquor (e.g, whisky, coconut wine)",lipid/lapad,ILOILO,LEON,Leon Public Market,Bigbest consumer goods retailing,UIBQ8AHJ,,,,,,,,,,,,,,,,,,,label_closeup,,,,,not_visible,,,,,375 mL,,,medium_size
7965,1776046604513,1776046604513.jpg,375,mL,package label (mL),0,1,1,1,375 mL,375,mL,1,0,1,grams (g),.375,375,mL,log10 median,"liquor (e.g, whisky, coconut wine)",lipid/lapad,ILOILO,LEON,F Cabarles street Leon,3Q minimart,ZVMBGMFB,,,,,,,,,,,,,,,,,,,label_closeup,,,,,not_visible,,,,,375 mL,,,medium_size
8027,1775885893833,1775885893833.jpg,1000,g,package label (g),0,1,1,0,Net Wt. 1 KG,1000,g,1,0,1,Kilograms (Kgs),1,1000,g,log10 median,"preserved or processed meat (tocino, tapa, longaniza, etc)",putos,ILOILO,LEON,Leon Public Market,Happy pit Frozen foods,36RXPKOY,,,,,,,,,,,,,,,,,item_no_scale,,,,item_no_scale,not_visible,,,,not_visible,Net Wt. 1 KG,,,,Net Wt. 1 KG,large_size
8036,1775871444726,1775871444726.jpg,415,g,sonnet sweep,0,1,0,0,,,,0,0,0,grams (g),.41499999,415,g,log10 median,cabbage,pieces or units,ILOILO,MAASIN,Naslob Bucaw Roadside,Jenny and T-bong Store,3WO631VM,,,,,,,,.415,,,,,,415,,,,,scale_with_item,,,,,clear,,,,,,,,small_size
8037,1775871464973,1775871464973.jpg,755,g,sonnet sweep,0,1,0,0,,,,0,0,0,grams (g),.755,755,g,log10 median,cabbage,pieces or units,ILOILO,MAASIN,Naslob Bucaw Roadside,Jenny and T-bong Store,3WO631VM,,,,,,,,.755,,,,,,755,,,,,scale_with_item,,,,,clear,,,,,,,,medium_size
8038,1775871489048,1775871489048.jpg,1055,g,sonnet sweep,0,1,0,0,,,,0,0,0,grams (g),1.0549999,1055,g,log10 median,cabbage,pieces or units,ILOILO,MAASIN,Naslob Bucaw Roadside,Jenny and T-bong Store,3WO631VM,,,,,,,,1.055,,,,,,1055,,,,,scale_with_item,,,,,clear,,,,,,,,large_size
8039,1775880978355,1775880978355.jpg,,,,0,0,0,0,,,,0,0,0,grams (g),.685,685,g,log10 median,cabbage,pieces or units,ILOILO,MAASIN,Brgy.Kaigon Maasin Talipapa,Bedrock Variety Store,5BFKX8TO,,,,,,,,,,,,,,,,,,,scale_with_item,,,,,not_visible,,,,,,,,medium_size
8040,1776039561000,1776039561000.jpg,,,,0,0,0,0,,,,0,0,0,grams (g),.505,505,g,log10 median,cabbage,pieces or units,ILOILO,MAASIN,Cabatac Maasin Roadside,Jasper  Store,FECYISK2,,,,,,,,,,,,,,,,,,,scale_with_item,,,,,not_visible,,,,,,,,small_size
8041,1776039577380,1776039577380.jpg,,,,0,0,0,0,,,,0,0,0,grams (g),.90499997,905,g,log10 median,cabbage,pieces or units,ILOILO,MAASIN,Cabatac Maasin Roadside,Jasper  Store,FECYISK2,,,,,,,,,,,,,,,,,,,scale_with_item,,,,,not_visible,,,,,,,,medium_size
8042,1776039623609,1776039623609.jpg,1090,g,sonnet sweep,0,1,0,0,,,,0,0,0,grams (g),1.09,1090,g,log10 median,cabbage,pieces or units,ILOILO,MAASIN,Cabatac Maasin Roadside,Jasper  Store,FECYISK2,,,,,,,,1.09,,,,,,1090,,,,,scale_with_item,,,,,clear,,,,,,,,large_size
8043,1775875127782,1775875127782.jpg,245,g,sonnet sweep,0,1,0,0,,,,0,0,0,grams (g),.245,245,g,log10 median,cabbage,pieces or units,ILOILO,MAASIN,Tubang Maasin Roadside,June Ve-geil Store,JGMW58HL,,,,,,,,.245,,,,,,245,,,,,scale_with_item,,,,,clear,,,,,,,,small_size
8044,1775865773310,1775865773310.jpg,485,g,sonnet sweep,0,1,0,0,,,,0,0,0,grams (g),.48500001,485,g,log10 median,cabbage,pieces or units,ILOILO,MAASIN,Maasin Public Market,Lyn Vegetable Store,L2UY4SZH,,,,,,,,.485,,,,,,485,,,,,scale_with_item,,,,,clear,,,,,,,,small_size
8045,1775865811296,1775865811296.jpg,915,g,sonnet sweep,0,1,0,0,,,,0,0,0,grams (g),.91500002,915,g,log10 median,cabbage,pieces or units,ILOILO,MAASIN,Maasin Public Market,Lyn Vegetable Store,L2UY4SZH,,,,,,,,.915,,,,,,915,,,,,scale_with_item,,,,,clear,,,,,,,,medium_size
8046,1775881831214,1775881831214.jpg,995,g,sonnet sweep,0,1,0,0,,,,0,0,0,grams (g),.44499999,445,g,log10 median,cabbage,pieces or units,ILOILO,MAASIN,Brgy.Mandog Maasin Talipapa,Catherine Store,QA5BBTDQ,,,,,,,,.995,,,,,,995,,,,,scale_with_item,,,,,clear,,,,,,,,small_size
8047,1775866987799,1775866987799.jpg,390,g,sonnet sweep,0,1,0,0,,,,0,0,0,grams (g),.38999999,390,g,log10 median,cabbage,pieces or units,ILOILO,MAASIN,Maasin Public Market,Reyes Store,SATW7GZH,,,,,,,,.39,,,,,,390,,,,,scale_with_item,,,,,clear,,,,,,,,small_size
8048,1775867008489,1775867008489.jpg,630,g,sonnet sweep,0,1,0,0,,,,0,0,0,grams (g),.63,630,g,log10 median,cabbage,pieces or units,ILOILO,MAASIN,Maasin Public Market,Reyes Store,SATW7GZH,,,,,,,,.63,,,,,,630,,,,,scale_with_item,,,,,clear,,,,,,,,medium_size
8049,1775880603819,1775880603819.jpg,435,g,sonnet sweep,0,1,0,0,,,,0,0,0,grams (g),.435,435,g,log10 median,cabbage,pieces or units,ILOILO,MAASIN,Brgy.Mandog Maasin Talipapa,Analyn Store,WXYHB9NO,,,,,,,,.435,,,,,,435,,,,,scale_with_item,,,,,clear,,,,,,,,small_size
8050,1775866470721,1775866470721.jpg,275,g,sonnet sweep,0,1,0,0,,,,0,0,0,grams (g),.27500001,275,g,log10 median,cabbage,pieces or units,ILOILO,MAASIN,Maasin Public Market,Leo Lyn Store,XDJ2FJN1,,,,,,,,.275,,,,,,275,,,,,scale_with_item,,,,,clear,,,,,,,,small_size
8051,1775866485320,1775866485320.jpg,815,g,sonnet sweep,0,1,0,0,,,,0,0,0,grams (g),.815,815,g,log10 median,cabbage,pieces or units,ILOILO,MAASIN,Maasin Public Market,Leo Lyn Store,XDJ2FJN1,,,,,,,,.8149999999999999,,,,,,815,,,,,scale_with_item,,,,,clear,,,,,,,,medium_size
8053,1776044687142,1776044687142.jpg,305,g,sonnet sweep,0,1,0,0,,,,0,0,0,grams (g),.30500001,305,g,log10 median,camote tops,bugkos,ILOILO,MAASIN,Tubang Maasin Roadside,Ellen Store,3UICAT6D,,,,,,,,.305,,,,,,305,,,,,scale_with_item,,,,,clear,,,,,,,,small_size
8054,1775881966545,1775881966545.jpg,8170,g,sonnet sweep,0,1,0,0,,,,0,0,0,grams (g),.17,170,g,log10 median,camote tops,bugkos,ILOILO,MAASIN,Brgy.Mandog Maasin Talipapa,Catherine Store,3W98L0MG,,,,,,,,8.17,,,,,,8170,,,,,scale_with_item,,,,,probable,,,,,,,,small_size
8055,1775881103195,1775881103195.jpg,200,g,sonnet sweep,0,1,0,0,,,,0,0,0,grams (g),.2,200,g,log10 median,camote tops,bugkos,ILOILO,MAASIN,Brgy.Mandog Maasin Talipapa,Bedrock Variety Store,4X2HZG2P,,,,,,,,.2,,,,,,200,,,,,scale_with_item,,,,,clear,,,,,,,,small_size
8056,1775866366205,1775866366205.jpg,290,g,sonnet sweep,0,1,0,0,,,,0,0,0,grams (g),.28999999,290,g,log10 median,camote tops,bugkos,ILOILO,MAASIN,Maasin Public Market,Leo Lyn Store,F72JW85J,,,,,,,,.29,,,,,,290,,,,,scale_with_item,,,,,clear,,,,,,,,small_size
8057,1775876032423,1775876032423.jpg,145,g,sonnet sweep,0,1,0,0,,,,0,0,0,grams (g),.145,145,g,log10 median,camote tops,bugkos,ILOILO,MAASIN,Tubang Maasin Roadside,Jenny and T-bong Store,KF8UAQY7,,,,,,,,.145,,,,,,145,,,,,scale_with_item,,,,,clear,,,,,,,,small_size
8058,1775867223246,1775867223246.jpg,285,g,sonnet sweep,0,1,0,0,,,,0,0,0,grams (g),.285,285,g,log10 median,camote tops,bugkos,ILOILO,MAASIN,Maasin Public Market,Reyes Store,MUGIYW8F,,,,,,,,.285,,,,,,285,,,,,scale_with_item,,,,,clear,,,,,,,,small_size
8059,1775875968124,1775875968124.jpg,145,g,sonnet sweep,0,1,0,0,,,,0,0,0,grams (g),.145,145,g,log10 median,camote tops,bugkos,ILOILO,MAASIN,Tubang Maasin Roadside,June Ve-geil Store,Q9RZ0UGY,,,,,,,,.145,,,,,,145,,,,,scale_with_item,,,,,clear,,,,,,,,small_size
8062,1776039785410,1776039785410.jpg,,,,0,0,0,0,,,,0,0,0,grams (g),.55000001,550,g,block governs,camote,bilog,ILOILO,MAASIN,Tubang Maasin Roadside,Jasper  Store,0TDV6UZ5,,,,,,,,,,,,,,,,,,,scale_with_item,,,,,not_visible,,,,,,,,medium_size
8063,1776039808160,1776039808160.jpg,,,,0,0,0,0,,,,0,0,0,grams (g),.84500003,845,g,block governs,camote,bilog,ILOILO,MAASIN,Tubang Maasin Roadside,Jasper  Store,0TDV6UZ5,,,,,,,,,,,,,,,,,,,scale_with_item,,,,,ambiguous,,,,,,,,large_size
8064,1775867169562,1775867169562.jpg,430,g,sonnet sweep,0,1,0,0,,,,0,0,0,grams (g),.43000001,430,g,log10 median,camote,bilog,ILOILO,MAASIN,Maasin Public Market,Reyes Store,1SNBH2B6,,,,,,,,.43,,,,,,430,,,,,scale_with_item,,,,,clear,,,,,,,,large_size
8065,1775867282690,1775867282690.jpg,250,g,sonnet sweep,0,1,0,0,,,,0,0,0,grams (g),.25,250,g,log10 median,camote,bilog,ILOILO,MAASIN,Maasin Public Market,Leo Lyn Store,GA0GIGHD,,,,,,,,.25,,,,,,250,,,,,scale_with_item,,,,,clear,,,,,,,,medium_size
8066,1775875629529,1775875629529.jpg,75,g,sonnet sweep,0,1,0,0,,,,0,0,0,grams (g),.075000003,75,g,log10 median,camote,bilog,ILOILO,MAASIN,Tubang Maasin Roadside,June Ve-geil Store,LYJHTHC4,,,,,,,,.075,,,,,,75,,,,,scale_with_item,,,,,clear,,,,,,,,small_size
8067,1775866535129,1775866535129.jpg,245,g,sonnet sweep,0,1,0,0,,,,0,0,0,grams (g),.245,245,g,log10 median,carrot,pieces or units,ILOILO,MAASIN,Maasin Public Market,Leo Lyn Store,1JOD0OJF,,,,,,,,.245,,,,,,245,,,,,scale_with_item,,,,,clear,,,,,,,,medium_size
8068,1775880665265,1775880665265.jpg,95,g,sonnet sweep,0,1,0,0,,,,0,0,0,grams (g),.094999999,95,g,log10 median,carrot,pieces or units,ILOILO,MAASIN,Brgy.Mandog Maasin Talipapa,Analyn Store,6NHDAQL7,,,,,,,,.095,,,,,,95,,,,,scale_with_item,,,,,clear,,,,,,,,small_size
8069,1775881882251,1775881882251.jpg,90,g,sonnet sweep,0,1,0,0,,,,0,0,0,grams (g),.090000004,90,g,log10 median,carrot,pieces or units,ILOILO,MAASIN,Brgy.Mandog Maasin Talipapa,Catherine Store,ASSG8EWS,,,,,,,,.09,,,,,,90,,,,,scale_with_item,,,,,clear,,,,,,,,small_size
8070,1775881048882,1775881048882.jpg,140,g,sonnet sweep,0,1,0,0,,,,0,0,0,grams (g),.14,140,g,log10 median,carrot,pieces or units,ILOILO,MAASIN,Brgy.Mandog Maasin Talipapa,Bedrock Variety Store,CSA0C8J7,,,,,,,,.14,,,,,,140,,,,,scale_with_item,,,,,probable,,,,,,,,medium_size
8071,1775875188968,1775875188968.jpg,115,g,sonnet sweep,0,1,0,0,,,,0,0,0,grams (g),.115,115,g,log10 median,carrot,pieces or units,ILOILO,MAASIN,Tubang Maasin Roadside,June Ve-geil Store,EL6UW7X6,,,,,,,,.115,,,,,,115,,,,,scale_with_item,,,,,clear,,,,,,,,small_size
8072,1776039713461,1776039713461.jpg,165,g,sonnet sweep,0,1,0,0,,,,0,0,0,grams (g),.16500001,165,g,log10 median,carrot,pieces or units,ILOILO,MAASIN,Tubang Maasin Roadside,Jasper  Store,KRYCYQ3H,,,,,,,,.165,,,,,,165,,,,,scale_with_item,,,,,probable,,,,,,,,medium_size
8073,1775867084307,1775867084307.jpg,110,g,sonnet sweep,0,1,0,0,,,,0,0,0,grams (g),.11,110,g,log10 median,carrot,pieces or units,ILOILO,MAASIN,Maasin Public Market,Reyes Store,LNSXNVF3,,,,,,,,.11,,,,,,110,,,,,scale_with_item,,,,,clear,,,,,,,,small_size
8074,1775867109308,1775867109308.jpg,215,g,sonnet sweep,0,1,0,0,,,,0,0,0,grams (g),.215,215,g,log10 median,carrot,pieces or units,ILOILO,MAASIN,Maasin Public Market,Reyes Store,LNSXNVF3,,,,,,,,.215,,,,,,215,,,,,scale_with_item,,,,,clear,,,,,,,,medium_size
8075,1775865898239,1775865898239.jpg,355,g,sonnet sweep,0,1,0,0,,,,0,0,0,grams (g),.35499999,355,g,log10 median,carrot,pieces or units,ILOILO,MAASIN,Maasin Public Market,Lyn Vegetable Store,QW0GNHR0,,,,,,,,.355,,,,,,355,,,,,scale_with_item,,,,,clear,,,,,,,,medium_size
8076,1775871562182,1775871562182.jpg,80,g,sonnet sweep,0,1,0,0,,,,0,0,0,grams (g),.079999998,80,g,log10 median,carrot,pieces or units,ILOILO,MAASIN,Tubang Maasin Roadside,Jenny and T-bong Store,UUW5MW86,,,,,,,,.08,,,,,,80,,,,,scale_with_item,,,,,clear,,,,,,,,small_size
8077,1775871576746,1775871576746.jpg,145,g,sonnet sweep,0,1,0,0,,,,0,0,0,grams (g),.145,145,g,log10 median,carrot,pieces or units,ILOILO,MAASIN,Tubang Maasin Roadside,Jenny and T-bong Store,UUW5MW86,,,,,,,,.145,,,,,,145,,,,,scale_with_item,,,,,clear,,,,,,,,medium_size
8078,1775871596054,1775871596054.jpg,210,g,sonnet sweep,0,1,0,0,,,,0,0,0,grams (g),.20999999,210,g,log10 median,carrot,pieces or units,ILOILO,MAASIN,Tubang Maasin Roadside,Jenny and T-bong Store,UUW5MW86,,,,,,,,.21,,,,,,210,,,,,scale_with_item,,,,,clear,,,,,,,,large_size
8097,1778891140217,1778891140217.jpg,,,,0,0,0,0,,,,0,0,0,grams (g),.63999999,640,g,log10 median,fresh fish,pieces or units,ILOILO,MAASIN,Brgy.Caigon Maasin Talipapa,Michael Fish Stand,JPS2O5VV,,,,,,,,,,,,,,,,,,,scale_with_item,,,,,not_visible,,,,,,,,medium_size
8098,1776049910993,1776049910993.jpg,415,g,sonnet sweep,0,1,0,0,,,,0,0,0,grams (g),.41499999,415,g,log10 median,fresh fish,pieces or units,ILOILO,MAASIN,Maasin Public Market,Carmela Fish Stand,KWHW5CN8,,,,,,,,.415,,,,,,415,,,,,scale_with_item,,,,,clear,,,,,,,,medium_size
8099,1775871024505,1775871024505.jpg,570,g,sonnet sweep,0,1,0,0,,,,0,0,0,grams (g),.56999999,570,g,log10 median,fresh fish,pieces or units,ILOILO,MAASIN,Maasin Public Market,Mary Jean Fish Stand,NE1ST37E,,,,,,,,.57,,,,,,570,,,,,scale_with_item,,,,,clear,,,,,,,,medium_size
8100,1775870653680,1775870653680.jpg,300,g,sonnet sweep,0,1,0,0,,,,0,0,0,grams (g),.30000001,300,g,log10 median,fresh fish,pieces or units,ILOILO,MAASIN,Maasin Public Market,Delma Fish Vending,ONCWMRLT,,,,,,,,.3,,,,,,300,,,,,scale_with_item,,,,,clear,,,,,,,,small_size
8101,1778890771601,1778890771601.jpg,800,g,sonnet sweep,0,1,0,0,,,,0,0,0,grams (g),.80000001,800,g,log10 median,fresh fish,pieces or units,ILOILO,MAASIN,Brgy.Caigon Maasin Talipapa,Gerand Fish Stand,TQWA5CMN,,,,,,,,.8,,,,,,800,,,,,scale_with_item,,,,,clear,,,,,,,,medium_size
8103,1775879626402,1775879626402.jpg,295,g,sonnet sweep,0,1,0,0,,,,0,0,0,grams (g),.29499999,295,g,log10 median,"ice cream, sorbet, edible ice (eg., ice-lolli, halo-halo)",small cup,ILOILO,MAASIN,Brgy.Caigon Maasin Talipapa,Analyn Store,RW48CT01,,,,,,,,.295,,,,,,295,,,,,scale_with_item,,,,,probable,,,,,,,,medium_size
8109,1776047616984,1776047616984.jpg,375,mL,package label (mL),0,1,1,1,375 mL,375,mL,1,0,1,grams (g),375,375,mL,log10 median,"liquor (e.g, whisky, coconut wine)",lipid/lapad,ILOILO,MAASIN,Maasin Public Market,Nenita Store,2UADTT9O,,,,,,,,,,,,,,,,,,,item_no_scale,,,,,not_visible,,,,,375 mL,,,medium_size
8110,1775876256860,1775876256860.jpg,375,mL,package label (mL),0,1,1,1,375 mL,375,mL,1,0,1,grams (g),375,375,mL,log10 median,"liquor (e.g, whisky, coconut wine)",lipid/lapad,ILOILO,MAASIN,Tubang Maasin Roadside,June Ve-geil Store,50BVC86F,,,,,,,,,,,,,,,,,,,item_no_scale,,,,,not_visible,,,,,375 mL,,,medium_size
8111,1775876694927,1775876694927.jpg,375,mL,package label (mL),0,1,1,1,375 mL,375,mL,1,0,1,grams (g),375,375,mL,log10 median,"liquor (e.g, whisky, coconut wine)",lipid/lapad,ILOILO,MAASIN,Maasin Public Market,Piojo Sari  Sari Store,9I113G3Q,,,,,,,,,,,,,,,,,,,label_closeup,,,,,not_visible,,,,,375 mL,,,medium_size
8112,1776039967472,1776039967472.jpg,375,mL,package label (mL),0,1,1,1,375 mL,375,mL,1,0,1,grams (g),375,375,mL,log10 median,"liquor (e.g, whisky, coconut wine)",lipid/lapad,ILOILO,MAASIN,Tubang Maasin Roadside,Jasper  Store,DXZ141FM,,,,,,,,,,,,,,,,,,,label_closeup,,,,,not_visible,,,,,375 mL,,,medium_size
8113,1778889668450,1778889668450.jpg,375,mL,package label (mL),0,1,1,1,375 mL,375,mL,1,0,1,grams (g),375,375,mL,log10 median,"liquor (e.g, whisky, coconut wine)",lipid/lapad,ILOILO,MAASIN,Brgy.Mandog Maasin Talipapa,Magnetico Store,Y62J53R0,,,,,,,,,,,,,,,,,,,item_no_scale,,,,,not_visible,,,,,375 mL,,,medium_size
8114,1776042630368,1776042630368.jpg,375,mL,package label (mL),0,1,1,1,375 mL,375,mL,1,0,1,grams (g),375,375,mL,log10 median,"liquor (e.g, whisky, coconut wine)",lipid/lapad,ILOILO,MAASIN,Tubang Maasin Roadside,F n Z Store,ZJAS8QE7,,,,,,,,,,,,,,,,,,,item_no_scale,,,,,not_visible,,,,,375 mL,,,medium_size
8115,1778889626042,1778889626042.jpg,750,mL,package label (mL),0,1,1,1,750 mL,750,mL,1,0,1,grams (g),750,750,mL,log10 median,"liquor (e.g, whisky, coconut wine)",long-neck,ILOILO,MAASIN,Brgy.Mandog Maasin Talipapa,Magnetico Store,2EII52I1,,,,,,,,,,,,,,,,,,,item_no_scale,,,,,not_visible,,,,,750 mL,,,large_size
8116,1775877740968,1775877740968.jpg,375,mL,package label (mL),0,1,1,1,375 ml,375,mL,1,0,1,grams (g),375,375,mL,log10 median,"liquor (e.g, whisky, coconut wine)",long-neck,ILOILO,MAASIN,Maasin Public Market,Chanel Variety Store,966HOEFF,,,,,,,,,,,,,,,,,,,item_no_scale,,,,,not_visible,,,,,375 ml,,,medium_size
8117,1776047562978,1776047562978.jpg,,,,0,0,0,0,,,,0,0,0,grams (g),750,750,mL,log10 median,"liquor (e.g, whisky, coconut wine)",long-neck,ILOILO,MAASIN,Maasin Public Market,Nenita Store,DV7VNMPE,,,,,,,,,,,,,,,,,,,item_no_scale,,,,,not_visible,,,,,,,,large_size
8118,1775877799535,1775877799535.jpg,750,mL,package label (mL),0,1,1,1,750 mL,750,mL,1,0,1,grams (g),750,750,mL,log10 median,"liquor (e.g, whisky, coconut wine)",long-neck,ILOILO,MAASIN,Maasin Public Market,Chanel Variety Store,HQRRE4J2,,,,,,,,,,,,,,,,,,,item_no_scale,,,,,not_visible,,,,,750 mL,,,large_size
8119,1776042587488,1776042587488.jpg,750,mL,package label (mL),0,1,1,1,750 mL,750,mL,1,0,1,grams (g),750,750,mL,log10 median,"liquor (e.g, whisky, coconut wine)",long-neck,ILOILO,MAASIN,Tubang Maasin Roadside,F n Z Store,K2BB9V7W,,,,,,,,,,,,,,,,,,,item_no_scale,,,,,not_visible,,,,,750 mL,,,large_size
8120,1776039897386,1776039897386.jpg,750,mL,package label (mL),0,1,1,1,750 mL,750,mL,1,0,1,grams (g),750,750,mL,log10 median,"liquor (e.g, whisky, coconut wine)",long-neck,ILOILO,MAASIN,Tubang Maasin Roadside,Jasper  Store,ULY8QLYM,,,,,,,,,,,,,,,,,item_no_scale,,,,item_no_scale,not_visible,,,,not_visible,750 mL,,,,,large_size
8124,1775870054902,1775870054902.jpg,250,g,sonnet sweep,0,1,0,0,,,,0,0,0,grams (g),.25,250,g,log10 median,pork,pieces or units,ILOILO,MAASIN,Maasin Public Market,Jomarie Almaquer Meat Stand,2G00TG0S,,,,,,,,.25,,,,,,250,,,,,scale_with_item,,,,,clear,,,,,,,,province_median
8125,1775870344983,1775870344983.jpg,260,g,sonnet sweep,0,1,0,0,,,,0,0,0,grams (g),.25999999,260,g,log10 median,pork,pieces or units,ILOILO,MAASIN,Maasin Public Market,Himaya Meat Stand,DRSAK3BX,,,,,,,,.26,,,,,,260,,,,,scale_with_item,,,,,clear,,,,,,,,province_median
8127,1775869814076,1775869814076.jpg,265,g,sonnet sweep,0,1,0,0,,,,0,0,0,grams (g),.26499999,265,g,log10 median,pork,pieces or units,ILOILO,MAASIN,Maasin Public Market,Ramon Merlyn Malones Meat Stand,O9OHQLBH,,,,,,,,.265,,,,,,265,,,,,scale_with_item,,,,,clear,,,,,,,,province_median
8130,1775873546893,1775873546893.jpg,185,g,sonnet sweep,0,1,0,0,,,,0,0,0,grams (g),.13500001,135,g,log10 median,"preserved or processed meat (tocino, tapa, longaniza, etc)",pack,ILOILO,MAASIN,Maasin Public Market,Jessmart Frozen Food,8WK9CO83,,,,,,,,.185,,,,,,185,,,,,scale_with_item,,,,,clear,,,,,,,,small_size
8131,1775873562731,1775873562731.jpg,255,g,sonnet sweep,0,1,0,0,,,,0,0,0,grams (g),.255,255,g,log10 median,"preserved or processed meat (tocino, tapa, longaniza, etc)",pack,ILOILO,MAASIN,Maasin Public Market,Jessmart Frozen Food,8WK9CO83,,,,,,,,.255,,,,,,255,,,,,scale_with_item,,,,,clear,,,,,,,,medium_size
8208,1773971193417,1773971193417.jpg,,,,0,0,0,0,,,,0,0,0,grams (g),335,335,mL,log10 median,"drinks at restaurant, hotel, cafe, or kiosk",pieces or units,ILOILO,MIAGAO,Zulueta Street,JFA stall,R15WL494,,,,,,,,,,,,,,,,,,,item_no_scale,,,,,not_visible,,,,,,,,small_size
8229,1773971621224,1773971621224.jpg,750,mL,package label (mL),0,1,1,1,750 mL,750,mL,1,0,1,Litres (L),.75,750,mL,log10 median,"liquor (e.g, whisky, coconut wine)",long-neck,ILOILO,MIAGAO,Zulueta Street,Alex stall,E32WNO36,,,,,,,,,,,,,,,,,item_no_scale,,,,item_no_scale,not_visible,,,,not_visible,750 mL,,,,,medium_size
8281,1775704789893,1775704789893.jpg,1230,g,sonnet sweep,0,1,0,0,,,,0,0,0,Kilograms (Kgs),1230,1230,g,block governs,beef,pieces or units,ILOILO,MINA,Mina Public Market,Wil and Cel meat stand,Y0RLPF71,,,,,,,,1.23,,,,,,1230,,,,,scale_with_item,,,,,clear,,,,,,,,medium_size
8354,1775702195248,1775702195248.jpg,,,,0,0,0,0,,,,0,0,0,Litres (L),.80000001,800,mL,log10 median,"drinks at restaurant, hotel, cafe, or kiosk",pieces or units,ILOILO,MINA,Mina Public Market,Osaga Sari-sari store,9NIT0WSV,,,,,,,,,,,,,,,,,item_no_scale,,,,item_no_scale,not_visible,,,,not_visible,,,,,,small_size
8356,1778725481233,1778725481233.jpg,485,g,sonnet sweep,0,1,0,0,,,,0,0,0,grams (g),435,435,mL,log10 median,"drinks at restaurant, hotel, cafe, or kiosk",pieces or units,ILOILO,MINA,"Brgy. Cabalabaguan,  Mina",37 Deegres  Coffee,LCZWOZP2,,,,,,,,.485,,,,,,485,,,,,scale_with_item,,,,,probable,,,,,,,,small_size
8358,1775702721886,1775702721886.jpg,1500,mL,package label (mL),0,1,1,1,1.5 L,1500,mL,1,0,1,Litres (L),.0015,1500,mL,block governs,"drinks at restaurant, hotel, cafe, or kiosk",pieces or units,ILOILO,MINA,Mina Public Market,C& J variety Store,T6EUXD7M,,,,,,,,,,,,,,,,,,,item_no_scale,,,,,not_visible,,,,,1.5 L,,,medium_size
8359,1775702743590,1775702743590.jpg,1750,mL,package label (mL),0,1,1,1,1.75L,1750,mL,1,0,1,Litres (L),.0017500001,1750,mL,log10 median,"drinks at restaurant, hotel, cafe, or kiosk",pieces or units,ILOILO,MINA,Mina Public Market,C& J variety Store,T6EUXD7M,,,,,,,,,,,,,,,,,,,item_no_scale,,,,,not_visible,,,,,1.75L,,,large_size
8364,1775702946856,1775702946856.jpg,1250,mL,package label (mL),0,1,1,1,1.25 L,1250,mL,1,0,1,Litres (L),.00125,1250,mL,block governs,"ice cream, sorbet, edible ice (eg., ice-lolli, halo-halo)",container,ILOILO,MINA,Mina Public Market,C& J variety Store,XEHO59WU,,,,,,,,,,,,,,,,,item_no_scale,,,,label_closeup,not_visible,,,,not_visible,1.25 L,,,,,medium_size
8405,1775703101721,1775703101721.jpg,1200,g,package label (g),0,1,1,0,NET WT. 1.20 KG,1200,g,1,0,1,Litres (L),.0012000001,120,g,log10 median,"preserved or processed meat (tocino, tapa, longaniza, etc)",pack,ILOILO,MINA,Mina Public Market,C& J variety Store,04PES6H6,,,,,,,,,,,,,,,,,item_no_scale,,,,label_closeup,not_visible,,,,not_visible,NET WT. 1.20 KG,,,,NET WT. 1.20 KG,large_size
8417,1775696654048,1775696654048.jpg,630,g,sonnet sweep,0,1,0,0,,,,0,0,0,grams (g),.63,630,g,log10 median,cabbage,pieces or units,ILOILO,NEW LUCENA,New Lucena Public Market,Ruby and Melit Vegetable Stand,00JEYW9X,,,,,,,,.63,,,,,,630,,,,,scale_with_item,,,,,clear,,,,,,,,medium_size
8418,1775695100472,1775695100472.jpg,605,g,sonnet sweep,0,1,0,0,,,,0,0,0,grams (g),.60500002,605,g,log10 median,cabbage,pieces or units,ILOILO,NEW LUCENA,New Lucena Public Market,Nonoy and Ging Ging Fruits and Vegetable Section,76RFDSEX,,,,,,,,.605,,,,,,605,,,,,scale_with_item,,,,,clear,,,,,,,,small_size
8419,1775695123528,1775695123528.jpg,765,g,sonnet sweep,0,1,0,0,,,,0,0,0,grams (g),.76499999,765,g,log10 median,cabbage,pieces or units,ILOILO,NEW LUCENA,New Lucena Public Market,Nonoy and Ging Ging Fruits and Vegetable Section,76RFDSEX,,,,,,,,.765,,,,,,765,,,,,scale_with_item,,,,,clear,,,,,,,,medium_size
8420,1775784645043,1775784645043.jpg,305,g,sonnet sweep,0,1,0,0,,,,0,0,0,grams (g),.30500001,305,g,log10 median,cabbage,pieces or units,ILOILO,NEW LUCENA,Wari Wari New Lucena Talipapa,Jericho Store,9RJE32JP,,,,,,,,.305,,,,,,305,,,,,scale_with_item,,,,,clear,,,,,,,,small_size
8421,1775695855586,1775695855586.jpg,490,g,sonnet sweep,0,1,0,0,,,,0,0,0,grams (g),.49000001,490,g,log10 median,cabbage,pieces or units,ILOILO,NEW LUCENA,New Lucena Public Market,Melody Fruit and Vegetable Stand,DBKGCMIB,,,,,,,,.49,,,,,,490,,,,,scale_with_item,,,,,clear,,,,,,,,small_size
8422,1775695875846,1775695875846.jpg,580,g,sonnet sweep,0,1,0,0,,,,0,0,0,grams (g),.57999998,580,g,log10 median,cabbage,pieces or units,ILOILO,NEW LUCENA,New Lucena Public Market,Melody Fruit and Vegetable Stand,DBKGCMIB,,,,,,,,.58,,,,,,580,,,,,scale_with_item,,,,,clear,,,,,,,,medium_size
8423,1775695894830,1775695894830.jpg,880,g,sonnet sweep,0,1,0,0,,,,0,0,0,grams (g),.88,880,g,log10 median,cabbage,pieces or units,ILOILO,NEW LUCENA,New Lucena Public Market,Melody Fruit and Vegetable Stand,DBKGCMIB,,,,,,,,.88,,,,,,880,,,,,scale_with_item,,,,,clear,,,,,,,,large_size
8424,1775779307771,1775779307771.jpg,395,g,sonnet sweep,0,1,0,0,,,,0,0,0,grams (g),.39500001,395,g,log10 median,cabbage,pieces or units,ILOILO,NEW LUCENA,Wari Wari New Lucena Talipapa,Cecilia Store,ITXV9XSS,,,,,,,,.395,,,,,,395,,,,,scale_with_item,,,,,clear,,,,,,,,small_size
8426,1775788617126,1775788617126.jpg,745,g,sonnet sweep,0,1,0,0,,,,0,0,0,grams (g),.745,745,g,log10 median,cabbage,pieces or units,ILOILO,NEW LUCENA,Wari Wari New Lucena Talipapa,Chityl Sari Sari Store,SM3HJ631,,,,,,,,.745,,,,,,745,,,,,scale_with_item,,,,,clear,,,,,,,,medium_size
8427,1775696752752,1775696752752.jpg,180,g,sonnet sweep,0,1,0,0,,,,0,0,0,grams (g),.18000001,180,g,log10 median,cabbage,pack,ILOILO,NEW LUCENA,New Lucena Public Market,Ruby and Melit Vegetable Stand,8BWRVRKN,,,,,,,,.18,,,,,,180,,,,,scale_with_item,,,,,clear,,,,,,,,small_size
8428,1775697228248,1775697228248.jpg,195,g,sonnet sweep,0,1,0,0,,,,0,0,0,grams (g),.19499999,195,g,log10 median,cabbage,pack,ILOILO,NEW LUCENA,New Lucena Public Market,May Flor Igusquisa Vegetable Stand,B7OQGGZU,,,,,,,,.195,,,,,,195,,,,,scale_with_item,,,,,clear,,,,,,,,small_size
8429,1775695440569,1775695440569.jpg,215,g,sonnet sweep,0,1,0,0,,,,0,0,0,grams (g),.215,215,g,log10 median,cabbage,pack,ILOILO,NEW LUCENA,New Lucena Public Market,Nonoy and Ging Ging Fruits and Vegetable Section,LS928JVP,,,,,,,,.215,,,,,,215,,,,,scale_with_item,,,,,clear,,,,,,,,small_size
8430,1775697087288,1775697087288.jpg,220,g,sonnet sweep,0,1,0,0,,,,0,0,0,grams (g),.22,220,g,log10 median,camote tops,bugkos,ILOILO,NEW LUCENA,New Lucena Public Market,May Flor Igusquisa Vegetable Stand,2SOE600F,,,,,,,,.22,,,,,,220,,,,,scale_with_item,,,,,clear,,,,,,,,small_size
8432,1775696443378,1775696443378.jpg,150,g,sonnet sweep,0,1,0,0,,,,0,0,0,grams (g),.15000001,150,g,log10 median,camote tops,bugkos,ILOILO,NEW LUCENA,New Lucena Public Market,Ruby and Melit Vegetable Stand,W6YPSG3T,,,,,,,,.15,,,,,,150,,,,,scale_with_item,,,,,clear,,,,,,,,small_size
8433,1775695258667,1775695258667.jpg,175,g,sonnet sweep,0,1,0,0,,,,0,0,0,grams (g),.175,175,g,log10 median,camote,bilog,ILOILO,NEW LUCENA,New Lucena Public Market,Nonoy and Ging Ging Fruits and Vegetable Section,08I572Q1,,,,,,,,.175,,,,,,175,,,,,scale_with_item,,,,,clear,,,,,,,,small_size
8434,1775695280058,1775695280058.jpg,380,g,sonnet sweep,0,1,0,0,,,,0,0,0,grams (g),.38,380,g,log10 median,camote,bilog,ILOILO,NEW LUCENA,New Lucena Public Market,Nonoy and Ging Ging Fruits and Vegetable Section,08I572Q1,,,,,,,,.38,,,,,,380,,,,,scale_with_item,,,,,clear,,,,,,,,medium_size
8435,1775696058786,1775696058786.jpg,520,g,human,1,1,0,0,,,,0,0,0,grams (g),.51999998,520,g,block governs,camote,bilog,ILOILO,NEW LUCENA,New Lucena Public Market,Melody Fruit and Vegetable Stand,FR9JG48B,.52,0.52,scale,0,,.52,.52,,,.52,520,520,520,,,520,scale_with_item,scale_with_item,,,scale_with_item,clear,clear,,,clear,,,,,,medium_size
8436,1775780432065,1775780432065.jpg,100,g,sonnet sweep,0,1,0,0,,,,0,0,0,grams (g),.1,100,g,log10 median,camote,bilog,ILOILO,NEW LUCENA,Wari Wari New Lucena Talipapa,Delsa Store,MJ7ZI5S4,,,,,,,,.1,,,,,,100,,,,,scale_with_item,,,,,clear,,,,,,,,small_size
8437,1775780447064,1775780447064.jpg,240,g,sonnet sweep,0,1,0,0,,,,0,0,0,grams (g),.23999999,240,g,log10 median,camote,bilog,ILOILO,NEW LUCENA,Wari Wari New Lucena Talipapa,Delsa Store,MJ7ZI5S4,,,,,,,,.24,,,,,,240,,,,,scale_with_item,,,,,clear,,,,,,,,medium_size
8438,1775780775945,1775780775945.jpg,205,g,sonnet sweep,0,1,0,0,,,,0,0,0,grams (g),.205,205,g,log10 median,camote,bilog,ILOILO,NEW LUCENA,Wari Wari New Lucena Talipapa,Norma Store,OWSX6YA5,,,,,,,,.205,,,,,,205,,,,,scale_with_item,,,,,probable,,,,,,,,medium_size
8439,1775788789312,1775788789312.jpg,265,g,sonnet sweep,0,1,0,0,,,,0,0,0,grams (g),.26499999,265,g,log10 median,camote,bilog,ILOILO,NEW LUCENA,Wari Wari New Lucena Talipapa,Chityl Sari Sari Store,PHKE49XX,,,,,,,,.265,,,,,,265,,,,,scale_with_item,,,,,clear,,,,,,,,medium_size
8440,1775696548894,1775696548894.jpg,125,g,sonnet sweep,0,1,0,0,,,,0,0,0,grams (g),.125,125,g,log10 median,camote,bilog,ILOILO,NEW LUCENA,New Lucena Public Market,Ruby and Melit Vegetable Stand,TJT1C0K0,,,,,,,,.125,,,,,,125,,,,,scale_with_item,,,,,clear,,,,,,,,small_size
8441,1775781729547,1775781729547.jpg,135,g,sonnet sweep,0,1,0,0,,,,0,0,0,grams (g),.13500001,135,g,log10 median,camote,bilog,ILOILO,NEW LUCENA,Wari Wari New Lucena Roadside,Lyden Store,YHX4N93I,,,,,,,,.135,,,,,,135,,,,,scale_with_item,,,,,probable,,,,,,,,small_size
8442,1775695333825,1775695333825.jpg,40,g,sonnet sweep,0,1,0,0,,,,0,0,0,grams (g),.039999999,40,g,log10 median,carrot,pieces or units,ILOILO,NEW LUCENA,New Lucena Public Market,Nonoy and Ging Ging Fruits and Vegetable Section,0UK2V8SN,,,,,,,,.04,,,,,,40,,,,,scale_with_item,,,,,clear,,,,,,,,small_size
8443,1775695362397,1775695362397.jpg,95,g,sonnet sweep,0,1,0,0,,,,0,0,0,grams (g),.094999999,95,g,log10 median,carrot,pieces or units,ILOILO,NEW LUCENA,New Lucena Public Market,Nonoy and Ging Ging Fruits and Vegetable Section,0UK2V8SN,,,,,,,,.095,,,,,,95,,,,,scale_with_item,,,,,clear,,,,,,,,medium_size
8444,1775695381639,1775695381639.jpg,160,g,sonnet sweep,0,1,0,0,,,,0,0,0,grams (g),.16,160,g,log10 median,carrot,pieces or units,ILOILO,NEW LUCENA,New Lucena Public Market,Nonoy and Ging Ging Fruits and Vegetable Section,0UK2V8SN,,,,,,,,.16,,,,,,160,,,,,scale_with_item,,,,,clear,,,,,,,,large_size
8445,1775779401686,1775779401686.jpg,90,g,sonnet sweep,0,1,0,0,,,,0,0,0,grams (g),.090000004,90,g,log10 median,carrot,pieces or units,ILOILO,NEW LUCENA,Wari Wari New Lucena Talipapa,Cecilia Store,1K8MEQAJ,,,,,,,,.09,,,,,,90,,,,,scale_with_item,,,,,clear,,,,,,,,small_size
8446,1775788721817,1775788721817.jpg,140,g,sonnet sweep,0,1,0,0,,,,0,0,0,grams (g),.14,140,g,log10 median,carrot,pieces or units,ILOILO,NEW LUCENA,Wari Wari New Lucena Talipapa,Chityl Sari Sari Store,53DD2D4G,,,,,,,,.14,,,,,,140,,,,,scale_with_item,,,,,clear,,,,,,,,small_size
8447,1775695994810,1775695994810.jpg,95,g,sonnet sweep,0,1,0,0,,,,0,0,0,grams (g),.094999999,95,g,log10 median,carrot,pieces or units,ILOILO,NEW LUCENA,New Lucena Public Market,Melody Fruit and Vegetable Stand,JF1KN61W,,,,,,,,.095,,,,,,95,,,,,scale_with_item,,,,,clear,,,,,,,,small_size
8448,1775696009775,1775696009775.jpg,125,g,sonnet sweep,0,1,0,0,,,,0,0,0,grams (g),.125,125,g,log10 median,carrot,pieces or units,ILOILO,NEW LUCENA,New Lucena Public Market,Melody Fruit and Vegetable Stand,JF1KN61W,,,,,,,,.125,,,,,,125,,,,,scale_with_item,,,,,clear,,,,,,,,medium_size
8449,1775785322869,1775785322869.jpg,,,,0,0,0,0,,,,0,0,0,grams (g),.125,125,g,log10 median,carrot,pieces or units,ILOILO,NEW LUCENA,Wari Wari New Lucena Roadside,John Paul Store,LFE90YXZ,,,,,,,,,,,,,,,,,,,scale_with_item,,,,,not_visible,,,,,,,,small_size
8450,1775696701551,1775696701551.jpg,80,g,sonnet sweep,0,1,0,0,,,,0,0,0,grams (g),.079999998,80,g,log10 median,carrot,pieces or units,ILOILO,NEW LUCENA,New Lucena Public Market,Ruby and Melit Vegetable Stand,VB5V3NDJ,,,,,,,,.08,,,,,,80,,,,,scale_with_item,,,,,clear,,,,,,,,small_size
8451,1775704222199,1775704222199.jpg,840,g,sonnet sweep,0,1,0,0,,,,0,0,0,grams (g),.83999997,840,g,log10 median,chicken,whole (chicken),ILOILO,NEW LUCENA,New Lucena Public Market,Sucaldito Frozen Stand,0KMUDACV,,,,,,,,.84,,,,,,840,,,,,scale_with_item,,,,,clear,,,,,,,,medium_size
8452,1775704951374,1775704951374.jpg,845,g,sonnet sweep,0,1,0,0,,,,0,0,0,grams (g),.84500003,845,g,log10 median,chicken,whole (chicken),ILOILO,NEW LUCENA,New Lucena Public Market,J and E Frozen Food Stand,5I7RC4U8,,,,,,,,.845,,,,,,845,,,,,scale_with_item,,,,,clear,,,,,,,,medium_size
8453,1775785791442,1775785791442.jpg,960,g,sonnet sweep,0,1,0,0,,,,0,0,0,grams (g),.95999998,960,g,log10 median,chicken,whole (chicken),ILOILO,NEW LUCENA,Cabugao New Lucena Talipapa,Julia Store,IFZ0A5FE,,,,,,,,.96,,,,,,960,,,,,scale_with_item,,,,,clear,,,,,,,,medium_size
8454,1775704703978,1775704703978.jpg,760,g,sonnet sweep,0,1,0,0,,,,0,0,0,grams (g),.75999999,760,g,log10 median,chicken,whole (chicken),ILOILO,NEW LUCENA,New Lucena Public Market,Arrivas Frozen Food Stand,QJFQUSCH,,,,,,,,.76,,,,,,760,,,,,scale_with_item,,,,,clear,,,,,,,,medium_size
8455,1775787007953,1775787007953.jpg,915,g,sonnet sweep,0,1,0,0,,,,0,0,0,grams (g),.91500002,915,g,log10 median,chicken,whole (chicken),ILOILO,NEW LUCENA,Wari Wari New Lucena Roadside,S & N  Mini Store,ZLVXJ9P0,,,,,,,,.915,,,,,,915,,,,,scale_with_item,,,,,clear,,,,,,,,medium_size
8474,1775701177913,1775701177913.jpg,470,g,sonnet hi-res,0,1,0,0,NetContent:450g,450,g,1,0,1,grams (g),.47,470,g,log10 median,"drinks at restaurant, hotel, cafe, or kiosk",pieces or units,ILOILO,NEW LUCENA,New Lucena Roadside,Stephen Refreshment,OSDJX6F7,,,,,,.47,.47,,,.9399999999999999,,470,470,,,940,scale_with_item,scale_with_item,,,scale_with_item,clear,clear,,,clear,,NetContent:450g,,,,small_size
8475,1778718393454,1778718393454.jpg,,,,0,0,0,0,,,,0,0,0,grams (g),.28999999,290,g,log10 median,fresh fish,pieces or units,ILOILO,NEW LUCENA,Brgy.Dawis New Lucena Talipapa,Banate Fish Stand,6DZ4286V,,,,,,,,,,,,,,,,,,,scale_with_item,,,,,not_visible,,,,,,,,small_size
8476,1778718465329,1778718465329.jpg,,,,0,0,0,0,,,,0,0,0,grams (g),.48500001,485,g,log10 median,fresh fish,pieces or units,ILOILO,NEW LUCENA,Brgy.Dawis New Lucena Talipapa,Banate Fish Stand,6DZ4286V,,,,,,,,,,,,,,,,,,,scale_with_item,,,,,not_visible,,,,,,,,medium_size
8477,1775777658649,1775777658649.jpg,435,g,sonnet sweep,0,1,0,0,,,,0,0,0,grams (g),.435,435,g,log10 median,fresh fish,pieces or units,ILOILO,NEW LUCENA,New Lucena Public Market,Vivian Fish Stand,B5XI7Q8U,,,,,,,,.435,,,,,,435,,,,,scale_with_item,,,,,clear,,,,,,,,small_size
8478,1775703284677,1775703284677.jpg,75,g,sonnet sweep,0,1,0,0,,,,0,0,0,grams (g),.97500002,975,g,log10 median,fresh fish,pieces or units,ILOILO,NEW LUCENA,New Lucena Public Market,Nerio Fish Stand,BQAKW44P,,,,,,,,.075,,,,,,75,,,,,scale_with_item,,,,,clear,,,,,,,,medium_size
8479,1778719124896,1778719124896.jpg,,,,0,0,0,0,,,,0,0,0,grams (g),.285,285,g,log10 median,fresh fish,pieces or units,ILOILO,NEW LUCENA,Wari Wari New Lucena Roadside,Cherry Fish Stand,G4IW3BDQ,,,,,,,,,,,,,,,,,,,scale_with_item,,,,,not_visible,,,,,,,,small_size
8480,1775703750515,1775703750515.jpg,640,g,sonnet sweep,0,1,0,0,,,,0,0,0,grams (g),.63999999,640,g,log10 median,fresh fish,pieces or units,ILOILO,NEW LUCENA,New Lucena Public Market,Ma. Glenn Mana-ay Fish Stand,TJGFSMZE,,,,,,,,.64,,,,,,640,,,,,scale_with_item,,,,,clear,,,,,,,,medium_size
8481,1775703803989,1775703803989.jpg,875,g,sonnet sweep,0,1,0,0,,,,0,0,0,grams (g),.875,875,g,log10 median,fresh fish,pieces or units,ILOILO,NEW LUCENA,New Lucena Public Market,Ma. Glenn Mana-ay Fish Stand,TJGFSMZE,,,,,,,,.875,,,,,,875,,,,,scale_with_item,,,,,clear,,,,,,,,large_size
8482,1775782044618,1775782044618.jpg,,,,0,0,0,0,,,,0,0,0,grams (g),.33500001,335,g,log10 median,"ice cream, sorbet, edible ice (eg., ice-lolli, halo-halo)",small cup,ILOILO,NEW LUCENA,Wari Wari New Lucena Talipapa,Delsa Store,01DHTO7Z,,,,,,,,,,,,,,,,,,,scale_with_item,,,,,not_visible,,,,,,,,medium_size
8492,1775786507680,1775786507680.jpg,375,mL,package label (mL),0,1,1,1,375 mL,375,mL,1,0,1,grams (g),375,375,mL,log10 median,"liquor (e.g, whisky, coconut wine)",lipid/lapad,ILOILO,NEW LUCENA,Wari Wari New Lucena Roadside,S & N  Mini Store,35RVYI3F,,,,,,,,,,,,,,,,,,,item_no_scale,,,,,not_visible,,,,,375 mL,,,medium_size
8493,1775781366626,1775781366626.jpg,375,mL,package label (mL),0,1,1,1,375 mL,375,mL,1,0,1,grams (g),375,375,mL,log10 median,"liquor (e.g, whisky, coconut wine)",lipid/lapad,ILOILO,NEW LUCENA,Wari Wari New Lucena Roadside,Lyden Store,3Y6DO405,,,,,,,,,,,,,,,,,,,item_no_scale,,,,,not_visible,,,,,375 mL,,,medium_size
8494,1775698835856,1775698835856.jpg,375,mL,package label (mL),0,1,1,1,375 mL,375,mL,1,0,1,grams (g),375,375,mL,log10 median,"liquor (e.g, whisky, coconut wine)",lipid/lapad,ILOILO,NEW LUCENA,New Lucena Public Market,Enesa Grocery Store,9RZD8ILR,,,,,,,,,,,,,,,,,,,item_no_scale,,,,,not_visible,,,,,375 mL,,,medium_size
8495,1775780705271,1775780705271.jpg,375,mL,package label (mL),0,1,1,1,375 mL,375,mL,1,0,1,grams (g),375,375,mL,log10 median,"liquor (e.g, whisky, coconut wine)",lipid/lapad,ILOILO,NEW LUCENA,Wari Wari New Lucena Talipapa,Delsa Store,DZJOUJNB,,,,,,,,,,,,,,,,,,,label_closeup,,,,,not_visible,,,,,375 mL,,,small_size
8496,1775699593319,1775699593319.jpg,375,mL,package label (mL),0,1,1,1,375 mL,375,mL,1,0,1,grams (g),375,375,mL,log10 median,"liquor (e.g, whisky, coconut wine)",lipid/lapad,ILOILO,NEW LUCENA,New Lucena Public Market,C NGER  Sar Sari Store,FVKQNDT5,,,,,,,,,,,,,,,,,,,item_no_scale,,,,,not_visible,,,,,375 mL,,,medium_size
8497,1775779709298,1775779709298.jpg,375,mL,package label (mL),0,1,1,1,375 mL,375,mL,1,0,1,grams (g),375,375,mL,log10 median,"liquor (e.g, whisky, coconut wine)",lipid/lapad,ILOILO,NEW LUCENA,Wari Wari New Lucena Talipapa,Cecilia Store,N3VWXFYB,,,,,,,,,,,,,,,,,,,item_no_scale,,,,,not_visible,,,,,375 mL,,,medium_size
8498,1775700572874,1775700572874.jpg,375,mL,package label (mL),0,1,1,1,375 mL,375,mL,1,0,1,grams (g),375,375,mL,log10 median,"liquor (e.g, whisky, coconut wine)",lipid/lapad,ILOILO,NEW LUCENA,Wari Wari New Lucena Roadside,RJ Store,S5CNALXS,,,,,,,,,,,,,,,,,,,item_no_scale,,,,,not_visible,,,,,375 mL,,,medium_size
8499,1775698080902,1775698080902.jpg,375,mL,package label (mL),0,1,1,1,375 mL,375,mL,1,0,1,grams (g),375,375,mL,log10 median,"liquor (e.g, whisky, coconut wine)",lipid/lapad,ILOILO,NEW LUCENA,New Lucena Public Market,Mancil-Saul Mini Mart,TH0KSDQF,,,,,,,,,,,,,,,,,,,item_no_scale,,,,,not_visible,,,,,375 mL,,,medium_size
8500,1775779877128,1775779877128.jpg,375,mL,package label (mL),0,1,1,1,375 mL,375,mL,1,0,1,grams (g),375,375,mL,log10 median,"liquor (e.g, whisky, coconut wine)",lipid/lapad,ILOILO,NEW LUCENA,Wari Wari New Lucena Talipapa,Norma Store,VH7QTDIM,,,,,,,,,,,,,,,,,,,item_no_scale,,,,,not_visible,,,,,375 mL,,,medium_size
8501,1775779522548,1775779522548.jpg,,,,0,0,0,0,,,,0,0,0,grams (g),750,750,mL,log10 median,"liquor (e.g, whisky, coconut wine)",long-neck,ILOILO,NEW LUCENA,Wari Wari New Lucena Talipapa,Cecilia Store,086R6PDM,,,,,,,,,,,,,,,,,,,item_no_scale,,,,,not_visible,,,,,,,,large_size
8502,1775780654360,1775780654360.jpg,750,mL,package label (mL),0,1,1,1,750 mL,750,mL,1,0,1,grams (g),750,750,mL,log10 median,"liquor (e.g, whisky, coconut wine)",long-neck,ILOILO,NEW LUCENA,Wari Wari New Lucena Talipapa,Delsa Store,0M4HCUO5,,,,,,,,,,,,,,,,,,,label_closeup,,,,,not_visible,,,,,750 mL,,,large_size
8503,1775699544558,1775699544558.jpg,750,mL,package label (mL),0,1,1,1,750 mL,750,mL,1,0,1,grams (g),750,750,mL,log10 median,"liquor (e.g, whisky, coconut wine)",long-neck,ILOILO,NEW LUCENA,New Lucena Public Market,C NGER  Sar Sari Store,7V97LYSO,,,,,,,,,,,,,,,,,item_no_scale,,,,item_no_scale,not_visible,,,,not_visible,750 mL,,,,,large_size
8505,1775698135392,1775698135392.jpg,750,mL,package label (mL),0,1,1,1,750 mL,750,mL,1,0,1,grams (g),750,750,mL,log10 median,"liquor (e.g, whisky, coconut wine)",long-neck,ILOILO,NEW LUCENA,New Lucena Public Market,Mancil-Saul Mini Mart,ADHLMD9D,,,,,,,,,,,,,,,,,,,item_no_scale,,,,,not_visible,,,,,750 mL,,,large_size
8506,1775698880629,1775698880629.jpg,750,mL,package label (mL),0,1,1,1,750 mL,750,mL,1,0,1,grams (g),750,750,mL,log10 median,"liquor (e.g, whisky, coconut wine)",long-neck,ILOILO,NEW LUCENA,New Lucena Public Market,Enesa Grocery Store,EXGHB9Y1,,,,,,,,,,,,,,,,,,,item_no_scale,,,,,not_visible,,,,,750 mL,,,large_size
8507,1775779953634,1775779953634.jpg,750,mL,package label (mL),0,1,1,1,750 mL,750,mL,1,0,1,grams (g),750,750,mL,log10 median,"liquor (e.g, whisky, coconut wine)",long-neck,ILOILO,NEW LUCENA,Wari Wari New Lucena Talipapa,Norma Store,HGMY7VKG,,,,,,,,,,,,,,,,,,,item_no_scale,,,,,not_visible,,,,,750 mL,,,large_size
8508,1775700624753,1775700624753.jpg,750,mL,package label (mL),0,1,1,1,750 mL,750,mL,1,0,1,grams (g),750,750,mL,log10 median,"liquor (e.g, whisky, coconut wine)",long-neck,ILOILO,NEW LUCENA,Wari Wari New Lucena Roadside,RJ Store,JYC6EXZ6,,,,,,,,,,,,,,,,,,,item_no_scale,,,,,not_visible,,,,,750 mL,,,large_size
8509,1775781268847,1775781268847.jpg,750,mL,package label (mL),0,1,1,1,750 mL,750,mL,1,0,1,grams (g),750,750,mL,log10 median,"liquor (e.g, whisky, coconut wine)",long-neck,ILOILO,NEW LUCENA,Wari Wari New Lucena Roadside,Lyden Store,QPUSLL86,,,,,,,,,,,,,,,,,item_no_scale,,,,item_no_scale,not_visible,,,,not_visible,750 mL,,,,,large_size
8515,1775706189553,1775706189553.jpg,450,g,package label (g),0,1,1,0,Net Wt. 450 g,450,g,1,0,1,grams (g),450,450,g,log10 median,loaf bread,tama-tama nga putos,ILOILO,NEW LUCENA,New Lucena Public Market,Apostol Grocery Store,3EXZ6NLW,,,,,,,,,,,,,,,,,item_no_scale,,,,item_no_scale,not_visible,,,,not_visible,Net Wt. 450 g,,,,,medium_size
8519,1778719757016,1778719757016.jpg,225,g,sonnet sweep,0,1,0,0,,,,0,0,0,grams (g),.22499999,225,g,log10 median,mango,pieces or units,ILOILO,NEW LUCENA,New Lucena Talipapa,Wako Wako Fruit Stand,56XRF1HZ,,,,,,,,.225,,,,,,225,,,,,scale_with_item,,,,,clear,,,,,,,,small_size
8520,1778719778040,1778719778040.jpg,865,g,sonnet sweep,0,1,0,0,,,,0,0,0,grams (g),.26499999,265,g,log10 median,mango,pieces or units,ILOILO,NEW LUCENA,New Lucena Talipapa,Wako Wako Fruit Stand,56XRF1HZ,,,,,,,,.865,,,,,,865,,,,,scale_with_item,,,,,probable,,,,,,,,medium_size
8521,1778719797959,1778719797959.jpg,305,g,sonnet sweep,0,1,0,0,,,,0,0,0,grams (g),.30500001,305,g,log10 median,mango,pieces or units,ILOILO,NEW LUCENA,New Lucena Talipapa,Wako Wako Fruit Stand,56XRF1HZ,,,,,,,,.305,,,,,,305,,,,,scale_with_item,,,,,clear,,,,,,,,large_size
8522,1775696600196,1775696600196.jpg,260,g,sonnet sweep,0,1,0,0,,,,0,0,0,grams (g),.25999999,260,g,log10 median,mango,pieces or units,ILOILO,NEW LUCENA,New Lucena Public Market,Ruby and Melit Vegetable Stand,9S0Q5258,,,,,,,,.26,,,,,,260,,,,,scale_with_item,,,,,clear,,,,,,,,medium_size
8523,1775697311922,1775697311922.jpg,200,g,sonnet sweep,0,1,0,0,,,,0,0,0,grams (g),.2,200,g,log10 median,mango,pieces or units,ILOILO,NEW LUCENA,New Lucena Public Market,May Flor Igusquisa Vegetable Stand,KFVUFR95,,,,,,,,.2,,,,,,200,,,,,scale_with_item,,,,,clear,,,,,,,,small_size
8524,1775695491749,1775695491749.jpg,220,g,sonnet sweep,0,1,0,0,,,,0,0,0,grams (g),.22,220,g,log10 median,mango,pieces or units,ILOILO,NEW LUCENA,New Lucena Public Market,Nonoy and Ging Ging Fruits and Vegetable Section,PF07X5CB,,,,,,,,.22,,,,,,220,,,,,scale_with_item,,,,,clear,,,,,,,,small_size
8525,1775695516869,1775695516869.jpg,310,g,sonnet sweep,0,1,0,0,,,,0,0,0,grams (g),.31,310,g,log10 median,mango,pieces or units,ILOILO,NEW LUCENA,New Lucena Public Market,Nonoy and Ging Ging Fruits and Vegetable Section,PF07X5CB,,,,,,,,.31,,,,,,310,,,,,scale_with_item,,,,,clear,,,,,,,,medium_size
8526,1775784476725,1775784476725.jpg,340,g,sonnet sweep,0,1,0,0,,,,0,0,0,grams (g),.34,340,g,log10 median,mango,pieces or units,ILOILO,NEW LUCENA,Cabugao New Lucena Talipapa,Jericho Store,YBDTMN44,,,,,,,,.34,,,,,,340,,,,,scale_with_item,,,,,clear,,,,,,,,large_size
8527,1778718637090,1778718637090.jpg,,,,0,0,0,0,,,,0,0,0,grams (g),.38,380,g,log10 median,"prawns, lobster, shrimp",tumpok,ILOILO,NEW LUCENA,Wari Wari New Lucena Talipapa,Banate Fish Stand,1CMX4YDP,,,,,,,,,,,,,,,,,,,scale_with_item,,,,,not_visible,,,,,,,,medium_size
8528,1775703409637,1775703409637.jpg,115,g,sonnet sweep,0,1,0,0,,,,0,0,0,grams (g),.115,115,g,log10 median,"prawns, lobster, shrimp",tumpok,ILOILO,NEW LUCENA,New Lucena Public Market,Nerio Fish Stand,1S4S9QLX,,,,,,,,.115,,,,,,115,,,,,scale_with_item,,,,,clear,,,,,,,,medium_size
8529,1778719053327,1778719053327.jpg,610,g,sonnet sweep,0,1,0,0,,,,0,0,0,grams (g),.50999999,510,g,log10 median,"prawns, lobster, shrimp",tumpok,ILOILO,NEW LUCENA,Brgy.Dawis New Lucena Roadside,Cherry Fish Stand,9OXN8R4B,,,,,,,,.61,,,,,,610,,,,,scale_with_item,,,,,probable,,,,,,,,medium_size
8530,1775777731458,1775777731458.jpg,140,g,sonnet sweep,0,1,0,0,,,,0,0,0,grams (g),.14,140,g,log10 median,"prawns, lobster, shrimp",tumpok,ILOILO,NEW LUCENA,New Lucena Public Market,Vivian Fish Stand,A7PDQEHY,,,,,,,,.14,,,,,,140,,,,,scale_with_item,,,,,clear,,,,,,,,medium_size
8531,1775704622199,1775704622199.jpg,65,g,sonnet sweep,0,1,0,0,,,,0,0,0,grams (g),.064999998,65,g,log10 median,"preserved or processed meat (tocino, tapa, longaniza, etc)",bilog,ILOILO,NEW LUCENA,New Lucena Public Market,Arrivas Frozen Food Stand,19HOP479,,,,,,,,.065,,,,,,65,,,,,scale_with_item,,,,,clear,,,,,,,,medium_size
8532,1775704358152,1775704358152.jpg,165,g,sonnet sweep,0,1,0,0,,,,0,0,0,grams (g),.16500001,165,g,log10 median,"preserved or processed meat (tocino, tapa, longaniza, etc)",bilog,ILOILO,NEW LUCENA,New Lucena Public Market,Sucaldito Frozen Stand,2CM15AL3,,,,,,,,.165,,,,,,165,,,,,scale_with_item,,,,,clear,,,,,,,,medium_size
8561,1778628480601,1778628480601.jpg,1060,g,sonnet sweep,0,1,0,0,,,,0,0,0,Kilograms (Kgs),1060,1060,g,log10 median,camote tops,bugkos,ILOILO,OTON,Oton public market,Jenefer vegetable stall,QN362VEU,,,,,,,,1.06,,,,,,1060,,,,,scale_with_item,,,,,clear,,,,,,,,large_size
8622,1773901769126,1773901769126.jpg,450,g,sonnet sweep,0,1,0,0,,,,0,0,0,grams (g),450,450,mL,log10 median,"drinks at restaurant, hotel, cafe, or kiosk",pieces or units,ILOILO,OTON,Brgy.botong roadside,Marmies place,7X4PSGCZ,,,,,,,,.45,,,,,,450,,,,,scale_with_item,,,,,clear,,,,,,,,medium_size
8644,1778630639683,1778630639683.jpg,,,,0,0,0,0,,,,0,0,0,Litres (L),.1,100,g,log10 median,"ice cream, sorbet, edible ice (eg., ice-lolli, halo-halo)",pieces or units,ILOILO,OTON,Oton public market,Sl variety store,AP55JS34,,,,,,,,,,,,,,,,,,,item_no_scale,,,,,not_visible,,,,,,,,small_size
8653,1778630688636,1778630688636.jpg,100,mL,package label (mL),0,1,1,1,100mL,100,mL,1,0,1,Litres (L),.1,100,g,log10 median,"ice cream, sorbet, edible ice (eg., ice-lolli, halo-halo)",small cup,ILOILO,OTON,Oton public market,Sl variety store,IWP7C039,,,,,,,,,,,,,,,,,,,label_closeup,,,,,not_visible,,,,,100mL,,,small_size
8657,1773884341657,1773884341657.jpg,,,,0,0,0,0,,,,0,0,0,Litres (L),.375,375,mL,log10 median,"liquor (e.g, whisky, coconut wine)",lipid/lapad,ILOILO,OTON,San nicolas oton roadside,Enzo store,BCSS71JP,,,,,,,,,,,,,,,,,item_no_scale,,,,item_no_scale,not_visible,,,,not_visible,,,,,,small_size
8745,1775704992298,1775704992298.jpg,415,g,sonnet sweep,0,1,0,0,,,,0,0,0,grams (g),.41499999,415,g,log10 median,cabbage,pieces or units,ILOILO,POTOTAN,Potitan New Public Market,Jona stall,FTZIG8J4,,,,,,,,.415,,,,,,415,,,,,scale_with_item,,,,,clear,,,,,,,,small_size
8751,1775704630652,1775704630652.jpg,645,g,sonnet sweep,0,1,0,0,,,,0,0,0,grams (g),.64499998,645,g,log10 median,cabbage,pieces or units,ILOILO,POTOTAN,Pototan old market,Haydee store,OOSGX66U,,,,,,,,.645,,,,,,645,,,,,scale_with_item,,,,,clear,,,,,,,,medium_size
8752,1775704657550,1775704657550.jpg,895,g,sonnet sweep,0,1,0,0,,,,0,0,0,grams (g),.89499998,895,g,log10 median,cabbage,pieces or units,ILOILO,POTOTAN,Pototan old market,Haydee store,OOSGX66U,,,,,,,,.895,,,,,,895,,,,,scale_with_item,,,,,clear,,,,,,,,large_size
8754,1775705260427,1775705260427.jpg,115,g,sonnet sweep,0,1,0,0,,,,0,0,0,grams (g),.115,115,g,log10 median,camote tops,bugkos,ILOILO,POTOTAN,Potitan New Public Market,Maryjane,00GTUWGS,,,,,,,,.115,,,,,,115,,,,,scale_with_item,,,,,clear,,,,,,,,small_size
8756,1775705128583,1775705128583.jpg,125,g,sonnet sweep,0,1,0,0,,,,0,0,0,grams (g),.125,125,g,log10 median,camote tops,bugkos,ILOILO,POTOTAN,Pototan old market,Jona stall,1R94BPTU,,,,,,,,.125,,,,,,125,,,,,scale_with_item,,,,,clear,,,,,,,,small_size
8764,1775705671058,1775705671058.jpg,160,g,sonnet sweep,0,1,0,0,,,,0,0,0,grams (g),.16,160,g,log10 median,camote tops,bugkos,ILOILO,POTOTAN,Pototan New Public Market,Lorien Store,Q1W369LJ,,,,,,,,.16,,,,,,160,,,,,scale_with_item,,,,,clear,,,,,,,,small_size
8765,1775705078796,1775705078796.jpg,175,g,sonnet sweep,0,1,0,0,,,,0,0,0,grams (g),.175,175,g,log10 median,carrot,pieces or units,ILOILO,POTOTAN,Pototan old market,Jona stall,1R5JLRTQ,,,,,,,,.175,,,,,,175,,,,,scale_with_item,,,,,clear,,,,,,,,small_size
8766,1775704715596,1775704715596.jpg,260,g,sonnet sweep,0,1,0,0,,,,0,0,0,grams (g),.25999999,260,g,log10 median,carrot,pieces or units,ILOILO,POTOTAN,Pototan old market,Haydee store,I1BMJE6X,,,,,,,,.26,,,,,,260,,,,,scale_with_item,,,,,clear,,,,,,,,medium_size
8767,1775704731507,1775704731507.jpg,195,g,sonnet sweep,0,1,0,0,,,,0,0,0,grams (g),.45500001,455,g,log10 median,carrot,pieces or units,ILOILO,POTOTAN,Pototan old market,Haydee store,I1BMJE6X,,,,,,,,.195,,,,,,195,,,,,scale_with_item,,,,,probable,,,,,,,,large_size
8790,1778289863894,1778289863894.jpg,1015,g,sonnet sweep,0,1,0,0,,,,0,0,0,Kilograms (Kgs),1015,1015,g,log10 median,chicken,whole (chicken),ILOILO,POTOTAN,Katuogan talipapa,Gloria store,6VK1U3NH,,,,,,,,1.015,,,,,,1015,,,,,scale_with_item,,,,,clear,,,,,,,,small_size
8798,1775805322370,1775805322370.jpg,26.25,g,package label (g),0,1,1,0,Net Wt. 26.25g,26.25,g,1,0,1,grams (g),26.25,26,g,log10 median,"crackers, cookies, buiscuits, chips/curls",pieces or units,ILOILO,POTOTAN,Jamabalud talipapa,Castor store,94LKZLTW,,,,,,,,,,,,,,,,,,,label_closeup,,,,,not_visible,,,,,Net Wt. 26.25g,,,small_size
8808,1775711210556,1775711210556.jpg,,,,0,0,0,0,,,,0,0,0,grams (g),90,90,g,log10 median,"crackers, cookies, buiscuits, chips/curls",putos,ILOILO,POTOTAN,Pototan old market,Caloy store,270NDSGR,,,,,,,,,,,,,,,,,item_no_scale,,,,label_closeup,not_visible,,,,not_visible,,,,,,large_size
8837,1778290693824,1778290693824.jpg,85,mL,package label (mL),0,1,1,1,Net Weight 85ml,85,mL,1,0,1,Litres (L),.085000001,85,mL,log10 median,"ice cream, sorbet, edible ice (eg., ice-lolli, halo-halo)",pieces or units,ILOILO,POTOTAN,Katuogan talipapa,Nj variety store,DLILTRPT,,,,,,,,,,,,,,,,,item_no_scale,,,,label_closeup,not_visible,,,,not_visible,Net Weight 85ml,,,,655 mL,small_size
8838,1775711307612,1775711307612.jpg,60,mL,package label (mL),0,1,1,1,60mL,60,mL,1,0,1,grams (g),60,60,mL,log10 median,"ice cream, sorbet, edible ice (eg., ice-lolli, halo-halo)",pieces or units,ILOILO,POTOTAN,Pototan old market,Caloy store,UMFXM3NN,,,,,,,,,,,,,,,,,,,label_closeup,,,,,not_visible,,,,,60mL,,,small_size
8841,1775714751030,1775714751030.jpg,,,,0,0,0,0,,,,0,0,0,grams (g),90,90,mL,log10 median,"ice cream, sorbet, edible ice (eg., ice-lolli, halo-halo)",small cup,ILOILO,POTOTAN,Pototan old market,JJ gadget and acessories,LE78NX2V,,,,,,,,,,,,,,,,,,,item_no_scale,,,,,not_visible,,,,,,,,small_size
8848,1775711387650,1775711387650.jpg,100,mL,package label (mL),0,1,1,1,100 mL,100,mL,1,0,1,grams (g),100,100,mL,log10 median,"ice cream, sorbet, edible ice (eg., ice-lolli, halo-halo)",small cup,ILOILO,POTOTAN,Pototan old market,Caloy store,W9QAG9CA,,,,,,,,,,,,,,,,,,,item_no_scale,,,,,not_visible,,,,,100 mL,,,small_size
8850,1775714935332,1775714935332.jpg,110,mL,package label (mL),0,1,1,1,Net Content: 110mL,110,mL,1,0,1,grams (g),110,110,mL,log10 median,"ice cream, sorbet, edible ice (eg., ice-lolli, halo-halo)",cone,ILOILO,POTOTAN,Pototan old market,JJ gadget and acessories,213NYVMB,,,,,,,,,,,,,,,,,,,item_no_scale,,,,,not_visible,,,,,Net Content: 110mL,,,medium_size
8851,1775711529689,1775711529689.jpg,110,mL,package label (mL),0,1,1,1,110mL,110,mL,1,0,1,grams (g),110,110,mL,log10 median,"ice cream, sorbet, edible ice (eg., ice-lolli, halo-halo)",cone,ILOILO,POTOTAN,Pototan old market,Caloy store,2QAFPV0Z,,,,,,,,,,,,,,,,,,,label_closeup,,,,,not_visible,,,,,110mL,,,small_size
8882,1778288077794,1778288077794.jpg,400,g,human,1,1,0,0,,,,0,0,0,Litres (L),.40000001,400,g,log10 median,loaf bread,large packs,ILOILO,POTOTAN,Talipapa,Gebys bakeshop,RWJTBIK7,.4,0.4,scale,1,,,.4,,,,400,,400,,,,scale_with_item,,,,scale_with_item,clear,,,,ambiguous,,,,,,large_size
8899,1775710235745,1775710235745.jpg,175,g,sonnet sweep,0,1,0,0,,,,0,0,0,grams (g),.175,175,g,log10 median,mango,pieces or units,ILOILO,POTOTAN,Pototan New Public Market,Porang fruit stand,CRITAH38,,,,,,,,.175,,,,,,175,,,,,scale_with_item,,,,,clear,,,,,,,,small_size
8930,1775705493362,1775705493362.jpg,310,g,sonnet sweep,0,1,0,0,,,,0,0,0,grams (g),.31,310,g,log10 median,rice,salmon,ILOILO,POTOTAN,Pototan New Public Market,Justine store,8CRS5RK2,,,,,,,,.31,,,,,,310,,,,,scale_with_item,,,,,clear,,,,,,,,conventional_nsu
8935,1773889781299,1773889781299.jpg,65,g,sonnet sweep,0,1,0,0,,,,0,0,0,grams (g),.064999998,65,g,block governs,cabbage,slice,ILOILO,SAN DIONISIO,San dionisio public market,Baron store,9535K4MK,,,,,,,,.065,,,,,,65,,,,,scale_with_item,,,,,clear,,,,,,,,small_size
8936,1773886817335,1773886817335.jpg,65,g,sonnet sweep,0,1,0,0,,,,0,0,0,grams (g),.064999998,65,g,block governs,cabbage,slice,ILOILO,SAN DIONISIO,San dionisio public market,Rowena store,JASMFYWB,,,,,,,,.065,,,,,,65,,,,,scale_with_item,,,,,clear,,,,,,,,small_size
8941,1773972237484,1773972237484.jpg,80,g,sonnet sweep,0,1,0,0,,,,0,0,0,grams (g),.079999998,80,g,log10 median,camote,bilog,ILOILO,SAN DIONISIO,San dionisio roadside,Loveberlyn,AUZDYPZ3,,,,,,,,.08,,,,,,80,,,,,scale_with_item,,,,,clear,,,,,,,,small_size
8945,1773888358830,1773888358830.jpg,80,g,sonnet sweep,0,1,0,0,,,,0,0,0,grams (g),.079999998,80,g,log10 median,camote,bilog,ILOILO,SAN DIONISIO,San dionisio public market,Mayjoy,MA2ENFQS,,,,,,,,.08,,,,,,80,,,,,scale_with_item,,,,,clear,,,,,,,,small_size
8951,1773885596912,1773885596912.jpg,80,g,sonnet sweep,0,1,0,0,,,,0,0,0,grams (g),.079999998,80,g,log10 median,camote,bilog,ILOILO,SAN DIONISIO,San dionisio public market,Perlita store,QL1R9WMC,,,,,,,,.08,,,,,,80,,,,,scale_with_item,,,,,clear,,,,,,,,small_size
8952,1773885616038,1773885616038.jpg,95,g,sonnet sweep,0,1,0,0,,,,0,0,0,grams (g),.094999999,95,g,log10 median,camote,bilog,ILOILO,SAN DIONISIO,San dionisio public market,Perlita store,QL1R9WMC,,,,,,,,.095,,,,,,95,,,,,scale_with_item,,,,,clear,,,,,,,,medium_size
8954,1773889524530,1773889524530.jpg,95,g,sonnet sweep,0,1,0,0,,,,0,0,0,grams (g),.094999999,95,g,log10 median,carrot,pieces or units,ILOILO,SAN DIONISIO,San dionisio public market,Baron store,MCJZMGF4,,,,,,,,.095,,,,,,95,,,,,scale_with_item,,,,,clear,,,,,,,,small_size
8964,1773888665355,1773888665355.jpg,1135,g,sonnet sweep,0,1,0,0,,,,0,0,0,grams (g),1.135,1135,g,log10 median,chicken,bilog,ILOILO,SAN DIONISIO,San dionisio public market,Josephine store,GM913LCT,,,,,,,,1.135,,,,,,1135,,,,,scale_with_item,,,,,clear,,,,,,,,medium_size
8977,1773969923664,1773969923664.jpg,48,g,sonnet sweep,0,1,0,0,,,,0,0,0,grams (g),.039999999,40,g,log10 median,"ice cream, sorbet, edible ice (eg., ice-lolli, halo-halo)",pieces or units,ILOILO,SAN DIONISIO,San dionisio road side,Babe store,TO8ZUXP7,,,,,,,,.048,,,,,,48,,,,,scale_with_item,,,,,probable,,,,,,,,small_size
8978,1773969942457,1773969942457.jpg,58,g,sonnet sweep,0,1,0,0,,,,0,0,0,grams (g),.050000001,50,g,log10 median,"ice cream, sorbet, edible ice (eg., ice-lolli, halo-halo)",pieces or units,ILOILO,SAN DIONISIO,San dionisio road side,Babe store,TO8ZUXP7,,,,,,,,.058,,,,,,58,,,,,scale_with_item,,,,,clear,,,,,,,,medium_size
8979,1773971795937,1773971795937.jpg,60,g,sonnet sweep,0,1,0,0,,,,0,0,0,grams (g),.059999999,60,g,log10 median,"ice cream, sorbet, edible ice (eg., ice-lolli, halo-halo)",pieces or units,ILOILO,SAN DIONISIO,San dionisio roadside,Main store,VAWJ3KO6,,,,,,,,.06,,,,,,60,,,,,scale_with_item,,,,,clear,,,,,,,,small_size
8980,1773889460996,1773889460996.jpg,55,g,sonnet sweep,0,1,0,0,,,,0,0,0,grams (g),.055,55,g,log10 median,"ice cream, sorbet, edible ice (eg., ice-lolli, halo-halo)",pieces or units,ILOILO,SAN DIONISIO,San dionisio public market,Baron store,XH471U1E,,,,,,,,.055,,,,,,55,,,,,scale_with_item,,,,,clear,,,,,,,,small_size
9015,1775522691096,1775522691096.jpg,685,g,sonnet sweep,0,1,0,0,,,,0,0,0,grams (g),.685,685,g,log10 median,cabbage,pieces or units,ILOILO,SAN ENRIQUE,San Enrique Public Market,Annie Store,8OOES0N4,,,,,,,,.6850000000000001,,,,,,685,,,,,scale_with_item,,,,,clear,,,,,,,,medium_size
9016,1775521743355,1775521743355.jpg,390,g,sonnet sweep,0,1,0,0,,,,0,0,0,grams (g),.38999999,390,g,log10 median,cabbage,pieces or units,ILOILO,SAN ENRIQUE,San Enrique Public Market,Barings Store,9NM213WD,,,,,,,,.39,,,,,,390,,,,,scale_with_item,,,,,clear,,,,,,,,small_size
9017,1775521766118,1775521766118.jpg,730,g,sonnet sweep,0,1,0,0,,,,0,0,0,grams (g),.73000002,730,g,log10 median,cabbage,pieces or units,ILOILO,SAN ENRIQUE,San Enrique Public Market,Barings Store,9NM213WD,,,,,,,,.73,,,,,,730,,,,,scale_with_item,,,,,clear,,,,,,,,medium_size
9018,1775612916802,1775612916802.jpg,,,,0,0,0,0,,,,0,0,0,grams (g),.97000003,970,g,log10 median,cabbage,pieces or units,ILOILO,SAN ENRIQUE,Cabugao Viejo Talipapa,VIC 21 FISH TALIPAPA,CUE6DSZN,,,,,,,,,,,,,,,,,,,scale_with_item,,,,,ambiguous,,,,,,,,medium_size
9019,1775520637183,1775520637183.jpg,505,g,sonnet sweep,0,1,0,0,,,,0,0,0,grams (g),.505,505,g,log10 median,cabbage,pieces or units,ILOILO,SAN ENRIQUE,San Enrique Public Market,Edita Vegetable Stand,CUGIMDXG,,,,,,,,.505,,,,,,505,,,,,scale_with_item,,,,,clear,,,,,,,,small_size
9020,1775520686694,1775520686694.jpg,795,g,sonnet sweep,0,1,0,0,,,,0,0,0,grams (g),.79500002,795,g,log10 median,cabbage,pieces or units,ILOILO,SAN ENRIQUE,San Enrique Public Market,Edita Vegetable Stand,CUGIMDXG,,,,,,,,.795,,,,,,795,,,,,scale_with_item,,,,,clear,,,,,,,,medium_size
9021,1775520762406,1775520762406.jpg,930,g,sonnet sweep,0,1,0,0,,,,0,0,0,grams (g),.93000001,930,g,log10 median,cabbage,pieces or units,ILOILO,SAN ENRIQUE,San Enrique Public Market,Edita Vegetable Stand,CUGIMDXG,,,,,,,,.93,,,,,,930,,,,,scale_with_item,,,,,clear,,,,,,,,large_size
9022,1775527156758,1775527156758.jpg,,,,0,0,0,0,,,,0,0,0,grams (g),.90499997,905,g,log10 median,cabbage,pieces or units,ILOILO,SAN ENRIQUE,Sitio Agutayan Talipapa,Angel Store,XNVDBIEI,,,,,,,,,,,,,,,,,,,scale_with_item,,,,,not_visible,,,,,,,,medium_size
9023,1778646834715,1778646834715.jpg,85,g,sonnet sweep,0,1,0,0,,,,0,0,0,grams (g),.085000001,85,g,block governs,cabbage,small packs,ILOILO,SAN ENRIQUE,San Enrique Public Market,Arlyn Store,2FCYKNNO,,,,,,,,.085,,,,,,85,,,,,scale_with_item,,,,,clear,,,,,,,,small_size
9024,1778647177779,1778647177779.jpg,115,g,sonnet sweep,0,1,0,0,,,,0,0,0,grams (g),.115,115,g,block governs,cabbage,small packs,ILOILO,SAN ENRIQUE,San Enrique Public Market,Vanessa Store,PBFOJJM2,,,,,,,,.115,,,,,,115,,,,,scale_with_item,,,,,clear,,,,,,,,small_size
9025,1775521813384,1775521813384.jpg,245,g,sonnet sweep,0,1,0,0,,,,0,0,0,grams (g),.245,245,g,log10 median,camote tops,bugkos,ILOILO,SAN ENRIQUE,San Enrique Public Market,Barings Store,7INDI3N7,,,,,,,,.245,,,,,,245,,,,,scale_with_item,,,,,clear,,,,,,,,small_size
9026,1775521880168,1775521880168.jpg,165,g,sonnet sweep,0,1,0,0,,,,0,0,0,grams (g),.16500001,165,g,log10 median,camote tops,bugkos,ILOILO,SAN ENRIQUE,San Enrique Public Market,Edita Vegetable Stand,G175Y4JG,,,,,,,,.165,,,,,,165,,,,,scale_with_item,,,,,clear,,,,,,,,small_size
9027,1775522765505,1775522765505.jpg,170,g,sonnet sweep,0,1,0,0,,,,0,0,0,grams (g),.17,170,g,log10 median,camote tops,bugkos,ILOILO,SAN ENRIQUE,San Enrique Public Market,Annie Store,JD0OV2C4,,,,,,,,.17,,,,,,170,,,,,scale_with_item,,,,,clear,,,,,,,,small_size
9028,1775527224056,1775527224056.jpg,,,,0,0,0,0,,,,0,0,0,grams (g),.235,235,g,log10 median,camote tops,bugkos,ILOILO,SAN ENRIQUE,Sitio Agutayan Talipapa,Angel Store,KXG08D5O,,,,,,,,,,,,,,,,,,,scale_with_item,,,,,ambiguous,,,,,,,,small_size
9029,1775527574206,1775527574206.jpg,240,g,sonnet sweep,0,1,0,0,,,,0,0,0,grams (g),.23999999,240,g,log10 median,camote tops,bugkos,ILOILO,SAN ENRIQUE,Sitio Agutayan Talipapa,Padios Store,ZXCJLD0V,,,,,,,,.24,,,,,,240,,,,,scale_with_item,,,,,clear,,,,,,,,small_size
9030,1778646592937,1778646592937.jpg,730,g,sonnet sweep,0,1,0,0,,,,0,0,0,grams (g),.73000002,730,g,log10 median,camote tops,bundle,ILOILO,SAN ENRIQUE,San Enrique Public Market,Marlou Store,1NGUI9OC,,,,,,,,.73,,,,,,730,,,,,scale_with_item,,,,,clear,,,,,,,,medium_size
9031,1778647100452,1778647100452.jpg,640,g,sonnet sweep,0,1,0,0,,,,0,0,0,grams (g),.63999999,640,g,log10 median,camote tops,bundle,ILOILO,SAN ENRIQUE,San Enrique Public Market,Vanessa Store,7DGRXZW4,,,,,,,,.64,,,,,,640,,,,,scale_with_item,,,,,clear,,,,,,,,medium_size
9033,1775531320965,1775531320965.jpg,75,g,sonnet sweep,0,1,0,0,,,,0,0,0,grams (g),.075000003,75,g,log10 median,camote,bilog,ILOILO,SAN ENRIQUE,San Enrique Roadside,Pamonag Store,1JV6NO0C,,,,,,,,.075,,,,,,75,,,,,scale_with_item,,,,,clear,,,,,,,,small_size
9034,1775521517945,1775521517945.jpg,95,g,sonnet sweep,0,1,0,0,,,,0,0,0,grams (g),.094999999,95,g,log10 median,camote,bilog,ILOILO,SAN ENRIQUE,San Enrique Public Market,Barings Store,EOJB6SUO,,,,,,,,.095,,,,,,95,,,,,scale_with_item,,,,,clear,,,,,,,,small_size
9035,1775525887448,1775525887448.jpg,,,,0,0,0,0,,,,0,0,0,grams (g),.30500001,305,g,block governs,camote,bilog,ILOILO,SAN ENRIQUE,Sitio Agutayan Talipapa,Padios Store,MT46EZ71,,,,,,,,,,,,,,,,,,,scale_with_item,,,,,ambiguous,,,,,,,,small_size
9036,1775522452243,1775522452243.jpg,130,g,sonnet sweep,0,1,0,0,,,,0,0,0,grams (g),.13,130,g,log10 median,camote,bilog,ILOILO,SAN ENRIQUE,San Enrique Public Market,Annie Store,MVTRFM6O,,,,,,,,.13,,,,,,130,,,,,scale_with_item,,,,,clear,,,,,,,,small_size
9037,1775522477113,1775522477113.jpg,265,g,sonnet sweep,0,1,0,0,,,,0,0,0,grams (g),.26499999,265,g,log10 median,camote,bilog,ILOILO,SAN ENRIQUE,San Enrique Public Market,Annie Store,MVTRFM6O,,,,,,,,.265,,,,,,265,,,,,scale_with_item,,,,,clear,,,,,,,,medium_size
9038,1775520955465,1775520955465.jpg,90,g,sonnet sweep,0,1,0,0,,,,0,0,0,grams (g),.090000004,90,g,log10 median,camote,bilog,ILOILO,SAN ENRIQUE,San Enrique Public Market,Edita Vegetable Stand,PPAZCH6F,,,,,,,,.09,,,,,,90,,,,,scale_with_item,,,,,clear,,,,,,,,small_size
9039,1775520978568,1775520978568.jpg,245,g,sonnet sweep,0,1,0,0,,,,0,0,0,grams (g),.245,245,g,log10 median,camote,bilog,ILOILO,SAN ENRIQUE,San Enrique Public Market,Edita Vegetable Stand,PPAZCH6F,,,,,,,,.245,,,,,,245,,,,,scale_with_item,,,,,clear,,,,,,,,medium_size
9040,1775521004181,1775521004181.jpg,305,g,sonnet sweep,0,1,0,0,,,,0,0,0,grams (g),.30500001,305,g,log10 median,camote,bilog,ILOILO,SAN ENRIQUE,San Enrique Public Market,Edita Vegetable Stand,PPAZCH6F,,,,,,,,.305,,,,,,305,,,,,scale_with_item,,,,,clear,,,,,,,,large_size
9041,1775522730228,1775522730228.jpg,170,g,sonnet sweep,0,1,0,0,,,,0,0,0,grams (g),.17,170,g,log10 median,carrot,pieces or units,ILOILO,SAN ENRIQUE,San Enrique Public Market,Annie Store,BP6YPRGN,,,,,,,,.17,,,,,,170,,,,,scale_with_item,,,,,clear,,,,,,,,small_size
9042,1775531241381,1775531241381.jpg,90,g,sonnet sweep,0,1,0,0,,,,0,0,0,grams (g),.090000004,90,g,log10 median,carrot,pieces or units,ILOILO,SAN ENRIQUE,San Enrique Roadside,Pamonag Store,EYKJS6YG,,,,,,,,.09,,,,,,90,,,,,scale_with_item,,,,,clear,,,,,,,,small_size
9043,1775531257483,1775531257483.jpg,160,g,sonnet sweep,0,1,0,0,,,,0,0,0,grams (g),.16,160,g,log10 median,carrot,pieces or units,ILOILO,SAN ENRIQUE,San Enrique Roadside,Pamonag Store,EYKJS6YG,,,,,,,,.16,,,,,,160,,,,,scale_with_item,,,,,clear,,,,,,,,medium_size
9044,1775531271171,1775531271171.jpg,235,g,sonnet sweep,0,1,0,0,,,,0,0,0,grams (g),.235,235,g,log10 median,carrot,pieces or units,ILOILO,SAN ENRIQUE,San Enrique Roadside,Pamonag Store,EYKJS6YG,,,,,,,,.235,,,,,,235,,,,,scale_with_item,,,,,clear,,,,,,,,large_size
9045,1775521072842,1775521072842.jpg,140,g,human,1,1,0,0,,,,0,0,0,grams (g),.14,140,g,log10 median,carrot,pieces or units,ILOILO,SAN ENRIQUE,San Enrique Public Market,Edita Vegetable Stand,G17REI55,.14,0.14,scale,0,scale turned sideways,,,,,.135,140,,,,,135,scale_with_item,,,,scale_with_item,ambiguous,,,,clear,,,,,,small_size
9046,1775521095208,1775521095208.jpg,240,g,sonnet sweep,0,1,0,0,,,,0,0,0,grams (g),.23999999,240,g,log10 median,carrot,pieces or units,ILOILO,SAN ENRIQUE,San Enrique Public Market,Edita Vegetable Stand,G17REI55,,,,,,,,.24,,,,,,240,,,,,scale_with_item,,,,,clear,,,,,,,,medium_size
9047,1775521637066,1775521637066.jpg,100,g,sonnet sweep,0,1,0,0,,,,0,0,0,grams (g),.1,100,g,log10 median,carrot,pieces or units,ILOILO,SAN ENRIQUE,San Enrique Public Market,Barings Store,IDC2UCZT,,,,,,,,.1,,,,,,100,,,,,scale_with_item,,,,,clear,,,,,,,,small_size
9048,1775521663256,1775521663256.jpg,185,g,sonnet sweep,0,1,0,0,,,,0,0,0,grams (g),.185,185,g,log10 median,carrot,pieces or units,ILOILO,SAN ENRIQUE,San Enrique Public Market,Barings Store,IDC2UCZT,,,,,,,,.185,,,,,,185,,,,,scale_with_item,,,,,clear,,,,,,,,medium_size
9049,1775521680332,1775521680332.jpg,245,g,sonnet sweep,0,1,0,0,,,,0,0,0,grams (g),.245,245,g,log10 median,carrot,pieces or units,ILOILO,SAN ENRIQUE,San Enrique Public Market,Barings Store,IDC2UCZT,,,,,,,,.245,,,,,,245,,,,,scale_with_item,,,,,clear,,,,,,,,large_size
9052,1775531375680,1775531375680.jpg,805,g,sonnet sweep,0,1,0,0,,,,0,0,0,grams (g),.80500001,805,g,log10 median,chicken,whole (chicken),ILOILO,SAN ENRIQUE,San Enrique Roadside,Pamonag Store,NL5853TQ,,,,,,,,.805,,,,,,805,,,,,scale_with_item,,,,,clear,,,,,,,,medium_size
9068,1775610644371,1775610644371.jpg,405,g,human,1,1,0,0,,,,0,0,0,grams (g),.405,405,g,log10 median,"drinks at restaurant, hotel, cafe, or kiosk",pieces or units,ILOILO,SAN ENRIQUE,Roadside,37 COFFEE,S5K5BP4U,.405,0.405,scale,1,,,,,,,405,,,,,,scale_with_item,,,,scale_with_item,ambiguous,,,,not_visible,,,,,,medium_size
9069,1775529598136,1775529598136.jpg,,,,0,0,0,0,,,,0,0,0,grams (g),.34,340,g,log10 median,fresh fish,pieces or units,ILOILO,SAN ENRIQUE,Sitio Agutayan Talipapa,Richie Store,Q1QFIJFY,,,,,,,,,,,,,,,,,,,scale_with_item,,,,,not_visible,,,,,,,,small_size
9070,1775608506656,1775608506656.jpg,425,g,sonnet sweep,0,1,0,0,,,,0,0,0,grams (g),.42500001,425,g,log10 median,fresh fish,pieces or units,ILOILO,SAN ENRIQUE,San Enrique Public Market,Raymond Provido Fish Stand,TMAOL7IY,,,,,,,,.425,,,,,,425,,,,,scale_with_item,,,,,clear,,,,,,,,medium_size
9071,1775613139329,1775613139329.jpg,,,,0,0,0,0,,,,0,0,0,grams (g),.30500001,305,g,log10 median,fresh fish,pieces or units,ILOILO,SAN ENRIQUE,Sitio Agutayan Talipapa,VIC 21 FISH TALIPAPA,WE3E7AEC,,,,,,,,,,,,,,,,,,,scale_with_item,,,,,not_visible,,,,,,,,small_size
9072,1775529496355,1775529496355.jpg,,,,0,0,0,0,,,,0,0,0,grams (g),.63,630,g,block governs,fresh fish,pack,ILOILO,SAN ENRIQUE,Sitio Agutayan Talipapa,Richie Store,NZZBDS35,,,,,,,,,,,,,,,,,,,scale_with_item,,,,,not_visible,,,,,,,,small_size
9074,1775528500867,1775528500867.jpg,,,,0,0,0,0,,,,0,0,0,grams (g),.33000001,33,g,block governs,"ice cream, sorbet, edible ice (eg., ice-lolli, halo-halo)",small cup,ILOILO,SAN ENRIQUE,Sitio Agutayan Talipapa,Joylen Halo Halo,RNCN4VIE,,,,,,,,,,,,,,,,,,,scale_with_item,,,,,not_visible,,,,,,,,small_size
9078,1775607838322,1775607838322.jpg,375,mL,package label (mL),0,1,1,1,375 mL,375,mL,1,0,1,grams (g),375,375,mL,log10 median,"liquor (e.g, whisky, coconut wine)",lipid/lapad,ILOILO,SAN ENRIQUE,San Enrique Public Market,Panes Variety Store,ETNFFD7K,,,,,,,,,,,,,,,,,,,item_no_scale,,,,,not_visible,,,,,375 mL,,,medium_size
9079,1775526319417,1775526319417.jpg,375,mL,package label (mL),0,1,1,1,375 mL,375,mL,1,0,1,grams (g),375,375,mL,log10 median,"liquor (e.g, whisky, coconut wine)",lipid/lapad,ILOILO,SAN ENRIQUE,Sitio Agutayan Talipapa,Padios Store,F92PA89U,,,,,,,,,,,,,,,,,,,label_closeup,,,,,not_visible,,,,,375 mL,,,medium_size
9080,1775527286850,1775527286850.jpg,375,mL,package label (mL),0,1,1,1,375 mL,375,mL,1,0,1,grams (g),375,375,mL,log10 median,"liquor (e.g, whisky, coconut wine)",lipid/lapad,ILOILO,SAN ENRIQUE,Sitio Agutayan Talipapa,Angel Store,FWY5IO3Z,,,,,,,,,,,,,,,,,,,item_no_scale,,,,,not_visible,,,,,375 mL,,,medium_size
9081,1775529893069,1775529893069.jpg,375,mL,package label (mL),0,1,1,1,375 mL,375,mL,1,0,1,grams (g),375,375,mL,log10 median,"liquor (e.g, whisky, coconut wine)",lipid/lapad,ILOILO,SAN ENRIQUE,Sitio Agutayan Talipapa,Alarba Store,RK3PO1IB,,,,,,,,,,,,,,,,,,,item_no_scale,,,,,not_visible,,,,,375 mL,,,medium_size
9082,1775606820345,1775606820345.jpg,375,mL,package label (mL),0,1,1,1,375 mL,375,mL,1,0,1,grams (g),375,375,mL,log10 median,"liquor (e.g, whisky, coconut wine)",lipid/lapad,ILOILO,SAN ENRIQUE,San Enrique Public Market,Embing Store,RK99JXOB,,,,,,,,,,,,,,,,,,,item_no_scale,,,,,not_visible,,,,,375 mL,,,medium_size
9083,1775613003169,1775613003169.jpg,375,mL,package label (mL),0,1,1,1,375 ml,375,mL,1,0,1,grams (g),375,375,mL,log10 median,"liquor (e.g, whisky, coconut wine)",lipid/lapad,ILOILO,SAN ENRIQUE,Sitio Agutayan Talipapa,VIC 21 FISH TALIPAPA,VF5H85WI,,,,,,,,,,,,,,,,,,,label_closeup,,,,,not_visible,,,,,375 ml,,,medium_size
9084,1775609179561,1775609179561.jpg,375,mL,package label (mL),0,1,1,1,375 mL,375,mL,1,0,1,grams (g),375,375,mL,log10 median,"liquor (e.g, whisky, coconut wine)",lipid/lapad,ILOILO,SAN ENRIQUE,San Enrique Roadside,JE Store,Y8WZ50MA,,,,,,,,,,,,,,,,,,,item_no_scale,,,,,not_visible,,,,,375 mL,,,medium_size
9085,1775531479147,1775531479147.jpg,375,mL,package label (mL),0,1,1,1,375 mL,375,mL,1,0,1,grams (g),375,375,mL,log10 median,"liquor (e.g, whisky, coconut wine)",lipid/lapad,ILOILO,SAN ENRIQUE,San Enrique Roadside,Pamonag Store,ZOW2XQ1P,,,,,,,,,,,,,,,,,,,item_no_scale,,,,,not_visible,,,,,375 mL,,,medium_size
9086,1775606912141,1775606912141.jpg,,,,0,0,0,0,,,,0,0,0,grams (g),750,750,mL,log10 median,"liquor (e.g, whisky, coconut wine)",long-neck,ILOILO,SAN ENRIQUE,San Enrique Public Market,Embing Store,0JB9FASO,,,,,,,,,,,,,,,,,,,item_no_scale,,,,,not_visible,,,,,,,,large_size
9087,1775531545357,1775531545357.jpg,750,mL,package label (mL),0,1,1,1,750 ml,750,mL,1,0,1,grams (g),750,750,mL,log10 median,"liquor (e.g, whisky, coconut wine)",long-neck,ILOILO,SAN ENRIQUE,San Enrique Roadside,Pamonag Store,B271K6TD,,,,,,,,,,,,,,,,,,,item_no_scale,,,,,not_visible,,,,,750 ml,,,large_size
9088,1775609225422,1775609225422.jpg,750,mL,package label (mL),0,1,1,1,750 mL,750,mL,1,0,1,grams (g),750,750,mL,log10 median,"liquor (e.g, whisky, coconut wine)",long-neck,ILOILO,SAN ENRIQUE,San Enrique Roadside,JE Store,C1C1IQGU,,,,,,,,,,,,,,,,,,,label_closeup,,,,,not_visible,,,,,750 mL,,,large_size
9089,1775527334175,1775527334175.jpg,750,mL,package label (mL),0,1,1,1,750 mL,750,mL,1,0,1,grams (g),750,750,mL,log10 median,"liquor (e.g, whisky, coconut wine)",long-neck,ILOILO,SAN ENRIQUE,Sitio Agutayan Talipapa,Angel Store,HPO3SSVX,,,,,,,,,,,,,,,,,,,item_no_scale,,,,,not_visible,,,,,750 mL,,,large_size
9090,1775526406853,1775526406853.jpg,750,mL,package label (mL),0,1,1,1,750 mL,750,mL,1,0,1,grams (g),750,750,mL,log10 median,"liquor (e.g, whisky, coconut wine)",long-neck,ILOILO,SAN ENRIQUE,Sitio Agutayan Talipapa,Padios Store,UABQ11NI,,,,,,,,,,,,,,,,,,,label_closeup,,,,,not_visible,,,,,750 mL,,,large_size
9091,1775608018781,1775608018781.jpg,700,mL,package label (mL),0,1,1,1,700mL,700,mL,1,0,1,grams (g),700,700,mL,log10 median,"liquor (e.g, whisky, coconut wine)",long-neck,ILOILO,SAN ENRIQUE,San Enrique Public Market,Panes Variety Store,UNN3SGU8,,,,,,,,,,,,,,,,,,,item_no_scale,,,,,not_visible,,,,,700mL,,,medium_size
9100,1775613273380,1775613273380.jpg,,,,0,0,0,0,,,,0,0,0,grams (g),.14,140,g,block governs,"prawns, lobster, shrimp",pieces or units,ILOILO,SAN ENRIQUE,Sitio Agutayan Talipapa,VIC 21 FISH TALIPAPA,BDDJZO17,,,,,,,,,,,,,,,,,,,scale_with_item,,,,,not_visible,,,,,,,,medium_size
9128,1778462670807,1778462670807.jpg,1170,g,sonnet sweep,0,1,0,0,,,,0,0,0,Kilograms (Kgs),1170,1170,g,log10 median,camote tops,bugkos,ILOILO,SAN JOAQUIN,Tiolas san joaquin talipapa,Racquel sari sari store,ZC02IT9F,,,,,,,,1.17,,,,,,1170,,,,,scale_with_item,,,,,clear,,,,,,,,large_size
9159,1778464010872,1778464010872.jpg,1440,g,sonnet sweep,0,1,0,0,,,,0,0,0,Kilograms (Kgs),1440,1440,g,log10 median,chicken,bilog,ILOILO,SAN JOAQUIN,Brgy.santa rita talipapa,Arnel store,NCUNDVTE,,,,,,,,1.44,,,,,,1440,,,,,scale_with_item,,,,,clear,,,,,,,,medium_size
9225,1774067440918,1774067440918.jpg,375,mL,package label (mL),0,1,1,1,375 mL,375,mL,1,0,1,grams (g),375,375,mL,log10 median,"liquor (e.g, whisky, coconut wine)",lipid/lapad,ILOILO,SAN JOAQUIN,San joaquin tiolas roadside,Lil store,6VNWOI43,,,,,,,,,,,,,,,,,,,item_no_scale,,,,,not_visible,,,,,375 mL,,,medium_size
9231,1774060513167,1774060513167.jpg,375,mL,package label (mL),0,1,1,1,375 mL,375,mL,1,0,1,grams (g),375,375,mL,log10 median,"liquor (e.g, whisky, coconut wine)",lipid/lapad,ILOILO,SAN JOAQUIN,San juaquin public market,Roqueta stall,RX1R33UK,,,,,,,,,,,,,,,,,,,label_closeup,,,,,not_visible,,,,,375 mL,,,medium_size
9277,1778465089431,1778465089431.jpg,1020,g,sonnet sweep,0,1,0,0,,,,0,0,0,Kilograms (Kgs),1020,1020,g,block governs,"preserved or processed meat (tocino, tapa, longaniza, etc)",pack,ILOILO,SAN JOAQUIN,Tiolas san joaquin talipapa,Dayza store,QXAI3ND8,,,,,,,,1.02,,,,,,1020,,,,,scale_with_item,,,,,clear,,,,,,,,medium_size
9285,1774062561571,1774062561571.jpg,220,g,sonnet sweep,0,1,0,0,,,,0,0,0,grams (g),.22,220,g,log10 median,cabbage,pieces or units,ILOILO,SAN MIGUEL,Crossing San Jose Talipapa,Cristy Fruit Stand,8BDE4VWU,,,,,,,,.22,,,,,,220,,,,,scale_with_item,,,,,clear,,,,,,,,small_size
9286,1774062582225,1774062582225.jpg,380,g,sonnet sweep,0,1,0,0,,,,0,0,0,grams (g),.79000002,790,g,log10 median,cabbage,pieces or units,ILOILO,SAN MIGUEL,Crossing San Jose Talipapa,Cristy Fruit Stand,8BDE4VWU,,,,,,,,.38,,,,,,380,,,,,scale_with_item,,,,,probable,,,,,,,,large_size
9287,1774320998883,1774320998883.jpg,85,g,sonnet sweep,0,1,0,0,,,,0,0,0,grams (g),.88499999,885,g,log10 median,cabbage,pieces or units,ILOILO,SAN MIGUEL,San Miguel Roadside,Jays Ann Store,BBW9LQ72,,,,,,,,.085,,,,,,85,,,,,scale_with_item,,,,,probable,,,,,,,,medium_size
9300,1774052679965,1774052679965.jpg,330,g,sonnet sweep,0,1,0,0,,,,0,0,0,grams (g),.33000001,330,g,log10 median,cabbage,pieces or units,ILOILO,SAN MIGUEL,San Miguel Public Market,Rona Vegetable Stall,SAUHV77M,,,,,,,,.33,,,,,,330,,,,,scale_with_item,,,,,probable,,,,,,,,small_size
9301,1774052701723,1774052701723.jpg,515,g,sonnet sweep,0,1,0,0,,,,0,0,0,grams (g),.51499999,515,g,log10 median,cabbage,pieces or units,ILOILO,SAN MIGUEL,San Miguel Public Market,Rona Vegetable Stall,SAUHV77M,,,,,,,,.515,,,,,,515,,,,,scale_with_item,,,,,clear,,,,,,,,medium_size
9302,1774052718350,1774052718350.jpg,650,g,sonnet sweep,0,1,0,0,,,,0,0,0,grams (g),.64999998,650,g,log10 median,cabbage,pieces or units,ILOILO,SAN MIGUEL,San Miguel Public Market,Rona Vegetable Stall,SAUHV77M,,,,,,,,.65,,,,,,650,,,,,scale_with_item,,,,,clear,,,,,,,,large_size
9303,1774053313704,1774053313704.jpg,,,,0,0,0,0,,,,0,0,0,grams (g),.375,375,g,log10 median,cabbage,pieces or units,ILOILO,SAN MIGUEL,San Miguel Public Market,Madels Store,V8GIZC7Z,,,,,,,,,,,,,,,,,,,scale_with_item,,,,,ambiguous,,,,,,,,small_size
9304,1774053347430,1774053347430.jpg,590,g,sonnet sweep,0,1,0,0,,,,0,0,0,grams (g),.58999997,590,g,log10 median,cabbage,pieces or units,ILOILO,SAN MIGUEL,San Miguel Public Market,Madels Store,V8GIZC7Z,,,,,,,,.59,,,,,,590,,,,,scale_with_item,,,,,clear,,,,,,,,medium_size
9305,1774053375402,1774053375402.jpg,685,g,sonnet sweep,0,1,0,0,,,,0,0,0,grams (g),.685,685,g,log10 median,cabbage,pieces or units,ILOILO,SAN MIGUEL,San Miguel Public Market,Madels Store,V8GIZC7Z,,,,,,,,.6850000000000001,,,,,,685,,,,,scale_with_item,,,,,clear,,,,,,,,large_size
9306,1774052786895,1774052786895.jpg,195,g,sonnet sweep,0,1,0,0,,,,0,0,0,grams (g),.19499999,195,g,log10 median,camote tops,bugkos,ILOILO,SAN MIGUEL,San Miguel Public Market,Rona Vegetable Stall,AJNGSXIB,,,,,,,,.195,,,,,,195,,,,,scale_with_item,,,,,clear,,,,,,,,small_size
9307,1774319062864,1774319062864.jpg,,,,0,0,0,0,,,,0,0,0,grams (g),.36000001,360,g,log10 median,camote tops,bugkos,ILOILO,SAN MIGUEL,Sitio Tuburan San Miguel Roadside,Ann Store,BZPL7VLA,,,,,,,,,,,,,,,,,,,scale_with_item,,,,,ambiguous,,,,,,,,small_size
9309,1774052854681,1774052854681.jpg,185,g,sonnet sweep,0,1,0,0,,,,0,0,0,grams (g),.185,185,g,log10 median,camote tops,bugkos,ILOILO,SAN MIGUEL,San Miguel Public Market,Neneng Fruits and Vegetable Stall,G0BIH0UJ,,,,,,,,.185,,,,,,185,,,,,scale_with_item,,,,,clear,,,,,,,,small_size
9310,1774053858283,1774053858283.jpg,165,g,sonnet sweep,0,1,0,0,,,,0,0,0,grams (g),.16500001,165,g,log10 median,camote tops,bugkos,ILOILO,SAN MIGUEL,San Miguel Public Market,Marina Vegetable Retailer,S1ONWKYW,,,,,,,,.165,,,,,,165,,,,,scale_with_item,,,,,clear,,,,,,,,small_size
9312,1774061026271,1774061026271.jpg,115,g,sonnet sweep,0,1,0,0,,,,0,0,0,grams (g),.115,115,g,log10 median,camote tops,bugkos,ILOILO,SAN MIGUEL,Crossing San Jose Talipapa,Princess Zia Store,VNLIYUP4,,,,,,,,.115,,,,,,115,,,,,scale_with_item,,,,,clear,,,,,,,,small_size
9313,1774053548955,1774053548955.jpg,70,g,sonnet sweep,0,1,0,0,,,,0,0,0,grams (g),.07,70,g,log10 median,carrot,pieces or units,ILOILO,SAN MIGUEL,San Miguel Public Market,Rona Vegetable Stall,AO6FEY23,,,,,,,,.07,,,,,,70,,,,,scale_with_item,,,,,clear,,,,,,,,small_size
9314,1774053578699,1774053578699.jpg,220,g,sonnet sweep,0,1,0,0,,,,0,0,0,grams (g),.22,220,g,log10 median,carrot,pieces or units,ILOILO,SAN MIGUEL,San Miguel Public Market,Rona Vegetable Stall,AO6FEY23,,,,,,,,.22,,,,,,220,,,,,scale_with_item,,,,,clear,,,,,,,,medium_size
9315,1774053602302,1774053602302.jpg,245,g,sonnet sweep,0,1,0,0,,,,0,0,0,grams (g),.245,245,g,log10 median,carrot,pieces or units,ILOILO,SAN MIGUEL,San Miguel Public Market,Rona Vegetable Stall,AO6FEY23,,,,,,,,.245,,,,,,245,,,,,scale_with_item,,,,,clear,,,,,,,,large_size
9316,1774321073215,1774321073215.jpg,70,g,sonnet sweep,0,1,0,0,,,,0,0,0,grams (g),.07,70,g,log10 median,carrot,pieces or units,ILOILO,SAN MIGUEL,Sitio Tuburan San Miguel Roadside,Jays Ann Store,BLPXF8EK,,,,,,,,.07,,,,,,70,,,,,scale_with_item,,,,,clear,,,,,,,,small_size
9317,1774318824260,1774318824260.jpg,,,,0,0,0,0,,,,0,0,0,grams (g),.105,105,g,log10 median,carrot,pieces or units,ILOILO,SAN MIGUEL,Sitio Tuburan San Miguel Roadside,Ann Store,E941QUIR,,,,,,,,,,,,,,,,,,,scale_with_item,,,,,ambiguous,,,,,,,,small_size
9318,1774318876014,1774318876014.jpg,80,g,sonnet sweep,0,1,0,0,,,,0,0,0,grams (g),.22,220,g,log10 median,carrot,pieces or units,ILOILO,SAN MIGUEL,Sitio Tuburan San Miguel Roadside,Ann Store,E941QUIR,,,,,,,,.08,,,,,,80,,,,,scale_with_item,,,,,probable,,,,,,,,medium_size
9319,1774318925221,1774318925221.jpg,290,g,sonnet sweep,0,1,0,0,,,,0,0,0,grams (g),.28999999,290,g,log10 median,carrot,pieces or units,ILOILO,SAN MIGUEL,Sitio Tuburan San Miguel Roadside,Ann Store,E941QUIR,,,,,,,,.29,,,,,,290,,,,,scale_with_item,,,,,probable,,,,,,,,large_size
9320,1774317320283,1774317320283.jpg,,,,0,0,0,0,,,,0,0,0,grams (g),.116,116,g,log10 median,carrot,pieces or units,ILOILO,SAN MIGUEL,Sitio Tuburan San Miguel Roadside,Red Ficus Store,KOJBDEXI,,,,,,,,,,,,,,,,,,,scale_with_item,,,,,ambiguous,,,,,,,,small_size
9321,1774317342151,1774317342151.jpg,195,g,sonnet sweep,0,1,0,0,,,,0,0,0,grams (g),.19499999,195,g,log10 median,carrot,pieces or units,ILOILO,SAN MIGUEL,Sitio Tuburan San Miguel Roadside,Red Ficus Store,KOJBDEXI,,,,,,,,.195,,,,,,195,,,,,scale_with_item,,,,,probable,,,,,,,,medium_size
9322,1774317372539,1774317372539.jpg,340,g,sonnet sweep,0,1,0,0,,,,0,0,0,grams (g),.34,340,g,log10 median,carrot,pieces or units,ILOILO,SAN MIGUEL,Sitio Tuburan San Miguel Roadside,Red Ficus Store,KOJBDEXI,,,,,,,,.34,,,,,,340,,,,,scale_with_item,,,,,clear,,,,,,,,large_size
9323,1774053432674,1774053432674.jpg,75,g,sonnet sweep,0,1,0,0,,,,0,0,0,grams (g),.075000003,75,g,log10 median,carrot,pieces or units,ILOILO,SAN MIGUEL,San Miguel Public Market,Madels Store,L3DO9VYD,,,,,,,,.075,,,,,,75,,,,,scale_with_item,,,,,clear,,,,,,,,small_size
9324,1774053451911,1774053451911.jpg,115,g,sonnet sweep,0,1,0,0,,,,0,0,0,grams (g),.115,115,g,log10 median,carrot,pieces or units,ILOILO,SAN MIGUEL,San Miguel Public Market,Madels Store,L3DO9VYD,,,,,,,,.115,,,,,,115,,,,,scale_with_item,,,,,probable,,,,,,,,medium_size
9325,1774053469296,1774053469296.jpg,195,g,sonnet sweep,0,1,0,0,,,,0,0,0,grams (g),.185,185,g,log10 median,carrot,pieces or units,ILOILO,SAN MIGUEL,San Miguel Public Market,Madels Store,L3DO9VYD,,,,,,,,.195,,,,,,195,,,,,scale_with_item,,,,,clear,,,,,,,,large_size
9326,1774328107451,1774328107451.jpg,95,g,sonnet sweep,0,1,0,0,,,,0,0,0,grams (g),.094999999,95,g,log10 median,carrot,pieces or units,ILOILO,SAN MIGUEL,Brgy.1 Roxas St.San Miguel Talipapa,Jebs Eatery,LEYMSDOZ,,,,,,,,.095,,,,,,95,,,,,scale_with_item,,,,,clear,,,,,,,,small_size
9327,1774328136123,1774328136123.jpg,160,g,sonnet sweep,0,1,0,0,,,,0,0,0,grams (g),.16,160,g,log10 median,carrot,pieces or units,ILOILO,SAN MIGUEL,Brgy.1 Roxas St.San Miguel Talipapa,Jebs Eatery,LEYMSDOZ,,,,,,,,.16,,,,,,160,,,,,scale_with_item,,,,,clear,,,,,,,,medium_size
9328,1774328156502,1774328156502.jpg,230,g,sonnet sweep,0,1,0,0,,,,0,0,0,grams (g),.23,230,g,log10 median,carrot,pieces or units,ILOILO,SAN MIGUEL,Brgy.1 Roxas St.San Miguel Talipapa,Jebs Eatery,LEYMSDOZ,,,,,,,,.23,,,,,,230,,,,,scale_with_item,,,,,clear,,,,,,,,large_size
9329,1774066291174,1774066291174.jpg,85,g,sonnet sweep,0,1,0,0,,,,0,0,0,grams (g),.085000001,85,g,log10 median,carrot,pieces or units,ILOILO,SAN MIGUEL,Crossing San Jose Talipapa,Chard Vegetable and Fruit Stand,M3V8OKFK,,,,,,,,.085,,,,,,85,,,,,scale_with_item,,,,,clear,,,,,,,,small_size
9330,1774066305867,1774066305867.jpg,155,g,sonnet sweep,0,1,0,0,,,,0,0,0,grams (g),.155,155,g,log10 median,carrot,pieces or units,ILOILO,SAN MIGUEL,Crossing San Jose Talipapa,Chard Vegetable and Fruit Stand,M3V8OKFK,,,,,,,,.155,,,,,,155,,,,,scale_with_item,,,,,clear,,,,,,,,medium_size
9331,1774066323226,1774066323226.jpg,305,g,sonnet sweep,0,1,0,0,,,,0,0,0,grams (g),.30500001,305,g,log10 median,carrot,pieces or units,ILOILO,SAN MIGUEL,Crossing San Jose Talipapa,Chard Vegetable and Fruit Stand,M3V8OKFK,,,,,,,,.305,,,,,,305,,,,,scale_with_item,,,,,clear,,,,,,,,large_size
9332,1774052291882,1774052291882.jpg,80,g,sonnet sweep,0,1,0,0,,,,0,0,0,grams (g),.079999998,80,g,log10 median,carrot,pieces or units,ILOILO,SAN MIGUEL,San Miguel Public Market,Neneng Fruits and Vegetable Stall,MQNC3JL0,,,,,,,,.08,,,,,,80,,,,,scale_with_item,,,,,clear,,,,,,,,small_size
9333,1774052314118,1774052314118.jpg,125,g,sonnet sweep,0,1,0,0,,,,0,0,0,grams (g),.125,125,g,log10 median,carrot,pieces or units,ILOILO,SAN MIGUEL,San Miguel Public Market,Neneng Fruits and Vegetable Stall,MQNC3JL0,,,,,,,,.125,,,,,,125,,,,,scale_with_item,,,,,clear,,,,,,,,medium_size
9334,1774052340594,1774052340594.jpg,175,g,sonnet sweep,0,1,0,0,,,,0,0,0,grams (g),.175,175,g,log10 median,carrot,pieces or units,ILOILO,SAN MIGUEL,San Miguel Public Market,Neneng Fruits and Vegetable Stall,MQNC3JL0,,,,,,,,.175,,,,,,175,,,,,scale_with_item,,,,,clear,,,,,,,,large_size
9335,1774060940950,1774060940950.jpg,75,g,sonnet sweep,0,1,0,0,,,,0,0,0,grams (g),.075000003,75,g,log10 median,carrot,pieces or units,ILOILO,SAN MIGUEL,Crossing San Jose Talipapa,Princess Zia Store,VPCL77CK,,,,,,,,.075,,,,,,75,,,,,scale_with_item,,,,,clear,,,,,,,,small_size
9336,1774060956260,1774060956260.jpg,160,g,sonnet sweep,0,1,0,0,,,,0,0,0,grams (g),.16,160,g,log10 median,carrot,pieces or units,ILOILO,SAN MIGUEL,Crossing San Jose Talipapa,Princess Zia Store,VPCL77CK,,,,,,,,.16,,,,,,160,,,,,scale_with_item,,,,,clear,,,,,,,,medium_size
9337,1774060972914,1774060972914.jpg,185,g,sonnet sweep,0,1,0,0,,,,0,0,0,grams (g),.185,185,g,log10 median,carrot,pieces or units,ILOILO,SAN MIGUEL,Crossing San Jose Talipapa,Princess Zia Store,VPCL77CK,,,,,,,,.185,,,,,,185,,,,,scale_with_item,,,,,clear,,,,,,,,large_size
9339,1774061332508,1774061332508.jpg,605,g,sonnet sweep,0,1,0,0,,,,0,0,0,grams (g),.60500002,605,g,log10 median,chicken,whole (chicken),ILOILO,SAN MIGUEL,Crossing San Jose Talipapa,Michael Fish and Meat Store,76UPHK84,,,,,,,,.605,,,,,,605,,,,,scale_with_item,,,,,clear,,,,,,,,small_size
9340,1774061356846,1774061356846.jpg,840,g,sonnet sweep,0,1,0,0,,,,0,0,0,grams (g),.83999997,840,g,log10 median,chicken,whole (chicken),ILOILO,SAN MIGUEL,Crossing San Jose Talipapa,Michael Fish and Meat Store,76UPHK84,,,,,,,,.84,,,,,,840,,,,,scale_with_item,,,,,clear,,,,,,,,medium_size
9341,1774061383046,1774061383046.jpg,990,g,sonnet sweep,0,1,0,0,,,,0,0,0,grams (g),.99000001,990,g,log10 median,chicken,whole (chicken),ILOILO,SAN MIGUEL,Crossing San Jose Talipapa,Michael Fish and Meat Store,76UPHK84,,,,,,,,.99,,,,,,990,,,,,scale_with_item,,,,,clear,,,,,,,,large_size
9344,1774054953136,1774054953136.jpg,715,g,sonnet sweep,0,1,0,0,,,,0,0,0,grams (g),.71499997,715,g,log10 median,chicken,whole (chicken),ILOILO,SAN MIGUEL,San Miguel Public Market,Wilmie Frozen Foods,GCIWOCC9,,,,,,,,.715,,,,,,715,,,,,scale_with_item,,,,,clear,,,,,,,,small_size
9345,1774054991030,1774054991030.jpg,910,g,sonnet sweep,0,1,0,0,,,,0,0,0,grams (g),.91000003,910,g,log10 median,chicken,whole (chicken),ILOILO,SAN MIGUEL,San Miguel Public Market,Wilmie Frozen Foods,GCIWOCC9,,,,,,,,.91,,,,,,910,,,,,scale_with_item,,,,,clear,,,,,,,,medium_size
9349,1774058611117,1774058611117.jpg,30,g,package label (g),0,1,1,0,Net Wt. 1.06 oz (30g),30,g,1,0,1,grams (g),.30000001,300,g,block governs,"crackers, cookies, buiscuits, chips/curls",pieces or units,ILOILO,SAN MIGUEL,San Miguel Public Market,Jane Sari-Sari Store,EENGBMVY,,,,,,,,,,,,,,,,,item_no_scale,,,,label_closeup,not_visible,,,,not_visible,Net Wt. 1.06 oz (30g),,,,,small_size
9364,1774054183319,1774054183319.jpg,,,,0,0,0,0,,,,0,0,0,grams (g),.61500001,615,g,log10 median,fresh fish,pieces or units,ILOILO,SAN MIGUEL,San Miguel Public Market,Titoys Fish Stand,ALV57P3N,,,,,,,,,,,,,,,,,,,scale_with_item,,,,,not_visible,,,,,,,,medium_size
9365,1774054218008,1774054218008.jpg,730,g,sonnet sweep,0,1,0,0,,,,0,0,0,grams (g),.73000002,730,g,log10 median,fresh fish,pieces or units,ILOILO,SAN MIGUEL,San Miguel Public Market,Titoys Fish Stand,ALV57P3N,,,,,,,,.73,,,,,,730,,,,,scale_with_item,,,,,clear,,,,,,,,large_size
9366,1774061474372,1774061474372.jpg,535,g,sonnet sweep,0,1,0,0,,,,0,0,0,grams (g),.51499999,515,g,log10 median,fresh fish,pieces or units,ILOILO,SAN MIGUEL,Crossing San Jose Talipapa,Michael Fish and Meat Store,BF0TXZLW,,,,,,,,.535,,,,,,535,,,,,scale_with_item,,,,,clear,,,,,,,,small_size
9367,1774061493689,1774061493689.jpg,625,g,sonnet sweep,0,1,0,0,,,,0,0,0,grams (g),.625,625,g,log10 median,fresh fish,pieces or units,ILOILO,SAN MIGUEL,Crossing San Jose Talipapa,Michael Fish and Meat Store,BF0TXZLW,,,,,,,,.625,,,,,,625,,,,,scale_with_item,,,,,clear,,,,,,,,medium_size
9368,1774061513558,1774061513558.jpg,760,g,sonnet sweep,0,1,0,0,,,,0,0,0,grams (g),.75999999,760,g,log10 median,fresh fish,pieces or units,ILOILO,SAN MIGUEL,Crossing San Jose Talipapa,Michael Fish and Meat Store,BF0TXZLW,,,,,,,,.76,,,,,,760,,,,,scale_with_item,,,,,clear,,,,,,,,large_size
9369,1774054518914,1774054518914.jpg,110,g,sonnet sweep,0,1,0,0,,,,0,0,0,grams (g),.11,110,g,log10 median,fresh fish,pieces or units,ILOILO,SAN MIGUEL,San Miguel Market,Jeff Fish Stand,EO79C3MZ,,,,,,,,.11,,,,,,110,,,,,scale_with_item,,,,,clear,,,,,,,,small_size
9370,1774054564206,1774054564206.jpg,165,g,sonnet sweep,0,1,0,0,,,,0,0,0,grams (g),.16500001,165,g,log10 median,fresh fish,pieces or units,ILOILO,SAN MIGUEL,San Miguel Market,Jeff Fish Stand,EO79C3MZ,,,,,,,,.165,,,,,,165,,,,,scale_with_item,,,,,clear,,,,,,,,medium_size
9371,1774313650033,1774313650033.jpg,710,g,sonnet sweep,0,1,0,0,,,,0,0,0,grams (g),.70999998,710,g,log10 median,fresh fish,pieces or units,ILOILO,SAN MIGUEL,San Miguel Public Market,Mike Fish Stand,H21VA5HN,,,,,,,,.71,,,,,,710,,,,,scale_with_item,,,,,clear,,,,,,,,large_size
9381,1774314777086,1774314777086.jpg,275,mL,package label (mL),0,1,1,1,275 mL,275,mL,1,0,1,grams (g),375,375,mL,log10 median,"liquor (e.g, whisky, coconut wine)",lipid/lapad,ILOILO,SAN MIGUEL,San Miguel Public Market,Claro Store,3F21J36O,,,,,,,,,,,,,,,,,,,item_no_scale,,,,,not_visible,,,,,275 mL,,,medium_size
9382,1774058914174,1774058914174.jpg,375,mL,package label (mL),0,1,1,1,375 mL,375,mL,1,0,1,grams (g),375,375,mL,log10 median,"liquor (e.g, whisky, coconut wine)",lipid/lapad,ILOILO,SAN MIGUEL,San Miguel Public Market,E.N.S. Store,8OMB8OMC,,,,,,,,,,,,,,,,,,,item_no_scale,,,,,not_visible,,,,,375 mL,,,medium_size
9383,1774317987231,1774317987231.jpg,375,mL,package label (mL),0,1,1,1,375 ml,375,mL,1,0,1,grams (g),375,375,mL,log10 median,"liquor (e.g, whisky, coconut wine)",lipid/lapad,ILOILO,SAN MIGUEL,Sitio Tuburan San Miguel Roadside,Red Ficus Store,8QYAYB4D,,,,,,,,,,,,,,,,,,,label_closeup,,,,,not_visible,,,,,375 ml,,,medium_size
9384,1774057672302,1774057672302.jpg,375,mL,package label (mL),0,1,1,1,375 mL,375,mL,1,0,1,grams (g),375,375,mL,log10 median,"liquor (e.g, whisky, coconut wine)",lipid/lapad,ILOILO,SAN MIGUEL,San Miguel Public Market,SMM Grocery,BD2WJXCM,,,,,,,,,,,,,,,,,,,item_no_scale,,,,,not_visible,,,,,375 mL,,,medium_size
9385,1774319135134,1774319135134.jpg,375,mL,package label (mL),0,1,1,1,375 mL,375,mL,1,0,1,grams (g),375,375,mL,log10 median,"liquor (e.g, whisky, coconut wine)",lipid/lapad,ILOILO,SAN MIGUEL,Sitio Tuburan San Miguel Roadside,Ann Store,FDDDF3MS,,,,,,,,,,,,,,,,,,,item_no_scale,,,,,not_visible,,,,,375 mL,,,medium_size
9386,1774326349026,1774326349026.jpg,375,mL,package label (mL),0,1,1,1,375 mL,375,mL,1,0,1,grams (g),375,375,mL,log10 median,"liquor (e.g, whisky, coconut wine)",lipid/lapad,ILOILO,SAN MIGUEL,San Miguel Roadside,ENS Store,FXTDO8D2,,,,,,,,,,,,,,,,,,,label_closeup,,,,,not_visible,,,,,375 mL,,,medium_size
9387,1774061951861,1774061951861.jpg,375,mL,package label (mL),0,1,1,1,375 mL,375,mL,1,0,1,grams (g),375,375,mL,log10 median,"liquor (e.g, whisky, coconut wine)",lipid/lapad,ILOILO,SAN MIGUEL,Crossing San Jose Talipapa,Shiela Store,PV99KFKS,,,,,,,,,,,,,,,,,,,label_closeup,,,,,not_visible,,,,,375 mL,,,medium_size
9388,1774067095967,1774067095967.jpg,,,,0,0,0,0,,,,0,0,0,grams (g),375,375,mL,log10 median,"liquor (e.g, whisky, coconut wine)",lipid/lapad,ILOILO,SAN MIGUEL,Crossing San Jose Talipapa,Double J Mini Mart,SSAEZGWX,,,,,,,,,,,,,,,,,,,item_no_scale,,,,,not_visible,,,,,,,,medium_size
9389,1774063138096,1774063138096.jpg,375,mL,package label (mL),0,1,1,1,375 mL,375,mL,1,0,1,grams (g),375,375,mL,log10 median,"liquor (e.g, whisky, coconut wine)",lipid/lapad,ILOILO,SAN MIGUEL,Crossing San Jose Talipapa,Nicholes Store,ZLOVZMOI,,,,,,,,,,,,,,,,,,,item_no_scale,,,,,not_visible,,,,,375 mL,,,medium_size
9409,1774056145567,1774056145567.jpg,580,g,sonnet sweep,0,1,0,0,,,,0,0,0,grams (g),.57999998,580,g,log10 median,"preserved or processed meat (tocino, tapa, longaniza, etc)",bilog,ILOILO,SAN MIGUEL,San Miguel Public Market,Jenalyn Frozen Foods,7JIAQUZP,,,,,,,,.58,,,,,,580,,,,,scale_with_item,,,,,clear,,,,,,,,large_size
9410,1774056767059,1774056767059.jpg,695,g,sonnet sweep,0,1,0,0,,,,0,0,0,grams (g),.69499999,695,g,block governs,"preserved or processed meat (tocino, tapa, longaniza, etc)",bilog,ILOILO,SAN MIGUEL,San Miguel Public Market,K Hearts Frozen Products Store,NZDH2OO7,,,,,,,,.695,,,,,,695,,,,,scale_with_item,,,,,clear,,,,,,,,large_size
9413,1774321232405,1774321232405.jpg,,,,0,0,0,0,,,,0,0,0,grams (g),.33000001,330,g,log10 median,"preserved or processed meat (tocino, tapa, longaniza, etc)",putos,ILOILO,SAN MIGUEL,Sitio Tuburan San Miguel Roadside,Ann Store,ETZBU366,,,,,,,,,,,,,,,,,,,scale_with_item,,,,,not_visible,,,,,,,,small_size
9421,1773722241975,1773722241975.jpg,460,g,sonnet sweep,0,1,0,0,,,,0,0,0,grams (g),.46000001,460,g,log10 median,cabbage,pieces or units,ILOILO,SAN RAFAEL,San Rafael Public Market,Paul & Leian Sari Sari Store,XUOK9DM6,,,,,,,,.46,,,,,,460,,,,,scale_with_item,,,,,clear,,,,,,,,small_size
9422,1773722272206,1773722272206.jpg,660,g,sonnet sweep,0,1,0,0,,,,0,0,0,grams (g),.66000003,660,g,log10 median,cabbage,pieces or units,ILOILO,SAN RAFAEL,San Rafael Public Market,Paul & Leian Sari Sari Store,XUOK9DM6,,,,,,,,.66,,,,,,660,,,,,scale_with_item,,,,,clear,,,,,,,,medium_size
9423,1773722303363,1773722303363.jpg,790,g,sonnet sweep,0,1,0,0,,,,0,0,0,grams (g),.79000002,790,g,log10 median,cabbage,pieces or units,ILOILO,SAN RAFAEL,San Rafael Public Market,Paul & Leian Sari Sari Store,XUOK9DM6,,,,,,,,.79,,,,,,790,,,,,scale_with_item,,,,,clear,,,,,,,,large_size
9424,1773724826947,1773724826947.jpg,60,g,human,1,1,0,0,,,,0,0,0,grams (g),.60000002,600,g,block governs,cabbage,pack,ILOILO,SAN RAFAEL,San Rafael Public Market,Hyacinth Store,B7LYE1DB,.06,0.06,scale,0,,.06,.06,,,.08,60,60,60,,,80,scale_with_item,scale_with_item,,,scale_with_item,clear,clear,,,clear,,,,,,province_median
9425,1773722620178,1773722620178.jpg,90,g,sonnet sweep,0,1,0,0,,,,0,0,0,grams (g),.090000004,90,g,log10 median,cabbage,pack,ILOILO,SAN RAFAEL,San Rafael Public Market,Paul & Leian Sari Sari Store,EQ0RQ6HK,,,,,,,,.09,,,,,,90,,,,,scale_with_item,,,,,clear,,,,,,,,province_median
9426,1773726694680,1773726694680.jpg,95,g,sonnet sweep,0,1,0,0,,,,0,0,0,grams (g),.094999999,95,g,log10 median,cabbage,pack,ILOILO,SAN RAFAEL,San Rafael Public Market,Aylin Sari Sari Store,VMXE7M2W,,,,,,,,.095,,,,,,95,,,,,scale_with_item,,,,,clear,,,,,,,,province_median
9427,1773723041148,1773723041148.jpg,205,g,sonnet sweep,0,1,0,0,,,,0,0,0,grams (g),.205,205,g,log10 median,camote tops,bugkos,ILOILO,SAN RAFAEL,San Rafael Public Market,Paul & Leian Sari Sari Store,EV3R0D4V,,,,,,,,.205,,,,,,205,,,,,scale_with_item,,,,,clear,,,,,,,,small_size
9428,1773727761275,1773727761275.jpg,200,g,sonnet sweep,0,1,0,0,,,,0,0,0,grams (g),.2,200,g,log10 median,camote tops,bugkos,ILOILO,SAN RAFAEL,San Rafael Public Market,Annabelle Store,HFPWGY7H,,,,,,,,.2,,,,,,200,,,,,scale_with_item,,,,,probable,,,,,,,,small_size
9429,1773728092839,1773728092839.jpg,245,g,sonnet sweep,0,1,0,0,,,,0,0,0,grams (g),.245,245,g,log10 median,camote tops,bugkos,ILOILO,SAN RAFAEL,San Rafael Public Market,Angga Store,W56P2DQM,,,,,,,,.245,,,,,,245,,,,,scale_with_item,,,,,clear,,,,,,,,small_size
9430,1773799344987,1773799344987.jpg,70,g,sonnet sweep,0,1,0,0,,,,0,0,0,grams (g),.07,70,g,log10 median,camote,bilog,ILOILO,SAN RAFAEL,San Rafael Public Market,Annabelle Store,2LCWN8FX,,,,,,,,.07,,,,,,70,,,,,scale_with_item,,,,,clear,,,,,,,,small_size
9431,1773799370823,1773799370823.jpg,155,g,sonnet sweep,0,1,0,0,,,,0,0,0,grams (g),.155,155,g,log10 median,camote,bilog,ILOILO,SAN RAFAEL,San Rafael Public Market,Annabelle Store,2LCWN8FX,,,,,,,,.155,,,,,,155,,,,,scale_with_item,,,,,clear,,,,,,,,medium_size
9432,1773799398937,1773799398937.jpg,300,g,sonnet sweep,0,1,0,0,,,,0,0,0,grams (g),.30000001,300,g,log10 median,camote,bilog,ILOILO,SAN RAFAEL,San Rafael Public Market,Annabelle Store,2LCWN8FX,,,,,,,,.3,,,,,,300,,,,,scale_with_item,,,,,clear,,,,,,,,large_size
9433,1773726792228,1773726792228.jpg,60,g,sonnet sweep,0,1,0,0,,,,0,0,0,grams (g),.059999999,60,g,log10 median,camote,bilog,ILOILO,SAN RAFAEL,San Rafael Public Market,Aylin Sari Sari Store,5Q6OGIIN,,,,,,,,.06,,,,,,60,,,,,scale_with_item,,,,,clear,,,,,,,,small_size
9434,1773726831753,1773726831753.jpg,125,g,sonnet sweep,0,1,0,0,,,,0,0,0,grams (g),.125,125,g,log10 median,camote,bilog,ILOILO,SAN RAFAEL,San Rafael Public Market,Aylin Sari Sari Store,5Q6OGIIN,,,,,,,,.125,,,,,,125,,,,,scale_with_item,,,,,clear,,,,,,,,medium_size
9435,1773726862367,1773726862367.jpg,205,g,sonnet sweep,0,1,0,0,,,,0,0,0,grams (g),.205,205,g,log10 median,camote,bilog,ILOILO,SAN RAFAEL,San Rafael Public Market,Aylin Sari Sari Store,5Q6OGIIN,,,,,,,,.205,,,,,,205,,,,,scale_with_item,,,,,clear,,,,,,,,large_size
9436,1773722725790,1773722725790.jpg,,,,0,0,0,0,,,,0,0,0,grams (g),.094999999,95,g,log10 median,camote,bilog,ILOILO,SAN RAFAEL,San Rafael Public Market,Paul & Leian Sari Sari Store,TKFASKIG,,,,,,,,,,,,,,,,,,,scale_with_item,,,,,not_visible,,,,,,,,small_size
9437,1773722758503,1773722758503.jpg,135,g,sonnet sweep,0,1,0,0,,,,0,0,0,grams (g),.13500001,135,g,log10 median,camote,bilog,ILOILO,SAN RAFAEL,San Rafael Public Market,Paul & Leian Sari Sari Store,TKFASKIG,,,,,,,,.135,,,,,,135,,,,,scale_with_item,,,,,clear,,,,,,,,medium_size
9438,1773722809066,1773722809066.jpg,200,g,sonnet sweep,0,1,0,0,,,,0,0,0,grams (g),.2,200,g,log10 median,camote,bilog,ILOILO,SAN RAFAEL,San Rafael Public Market,Paul & Leian Sari Sari Store,TKFASKIG,,,,,,,,.2,,,,,,200,,,,,scale_with_item,,,,,clear,,,,,,,,large_size
9439,1773724889589,1773724889589.jpg,100,g,sonnet sweep,0,1,0,0,,,,0,0,0,grams (g),.1,100,g,log10 median,carrot,pieces or units,ILOILO,SAN RAFAEL,San Rafael Public Market,Hyacinth Store,CLXHOP14,,,,,,,,.1,,,,,,100,,,,,scale_with_item,,,,,clear,,,,,,,,small_size
9440,1773724910161,1773724910161.jpg,110,g,sonnet sweep,0,1,0,0,,,,0,0,0,grams (g),.11,110,g,log10 median,carrot,pieces or units,ILOILO,SAN RAFAEL,San Rafael Public Market,Hyacinth Store,CLXHOP14,,,,,,,,.11,,,,,,110,,,,,scale_with_item,,,,,clear,,,,,,,,medium_size
9441,1773724926675,1773724926675.jpg,145,g,sonnet sweep,0,1,0,0,,,,0,0,0,grams (g),.145,145,g,log10 median,carrot,pieces or units,ILOILO,SAN RAFAEL,San Rafael Public Market,Hyacinth Store,CLXHOP14,,,,,,,,.145,,,,,,145,,,,,scale_with_item,,,,,clear,,,,,,,,large_size
9442,1773722899197,1773722899197.jpg,140,g,sonnet sweep,0,1,0,0,,,,0,0,0,grams (g),.14,140,g,log10 median,carrot,pieces or units,ILOILO,SAN RAFAEL,San Rafael Public Market,Paul & Leian Sari Sari Store,I0083TD5,,,,,,,,.14,,,,,,140,,,,,scale_with_item,,,,,clear,,,,,,,,small_size
9443,1773722935812,1773722935812.jpg,240,g,sonnet sweep,0,1,0,0,,,,0,0,0,grams (g),.23999999,240,g,log10 median,carrot,pieces or units,ILOILO,SAN RAFAEL,San Rafael Public Market,Paul & Leian Sari Sari Store,I0083TD5,,,,,,,,.24,,,,,,240,,,,,scale_with_item,,,,,clear,,,,,,,,medium_size
9444,1773722963286,1773722963286.jpg,320,g,sonnet sweep,0,1,0,0,,,,0,0,0,grams (g),.31999999,320,g,log10 median,carrot,pieces or units,ILOILO,SAN RAFAEL,San Rafael Public Market,Paul & Leian Sari Sari Store,I0083TD5,,,,,,,,.32,,,,,,320,,,,,scale_with_item,,,,,clear,,,,,,,,large_size
9445,1773726939000,1773726939000.jpg,80,g,sonnet sweep,0,1,0,0,,,,0,0,0,grams (g),.079999998,80,g,log10 median,carrot,pieces or units,ILOILO,SAN RAFAEL,San Rafael Public Market,Aylin Sari Sari Store,KJOMYWFI,,,,,,,,.08,,,,,,80,,,,,scale_with_item,,,,,clear,,,,,,,,small_size
9446,1773726960695,1773726960695.jpg,150,g,sonnet sweep,0,1,0,0,,,,0,0,0,grams (g),.15000001,150,g,log10 median,carrot,pieces or units,ILOILO,SAN RAFAEL,San Rafael Public Market,Aylin Sari Sari Store,KJOMYWFI,,,,,,,,.15,,,,,,150,,,,,scale_with_item,,,,,clear,,,,,,,,medium_size
9447,1773726986413,1773726986413.jpg,225,g,sonnet sweep,0,1,0,0,,,,0,0,0,grams (g),.22499999,225,g,log10 median,carrot,pieces or units,ILOILO,SAN RAFAEL,San Rafael Public Market,Aylin Sari Sari Store,KJOMYWFI,,,,,,,,.225,,,,,,225,,,,,scale_with_item,,,,,clear,,,,,,,,large_size
9448,1773727248322,1773727248322.jpg,195,g,sonnet sweep,0,1,0,0,,,,0,0,0,grams (g),.19499999,195,g,block governs,chicken,bilog,ILOILO,SAN RAFAEL,San Rafael Public Market,Aylin Sari Sari Store,ADP93XG5,,,,,,,,.195,,,,,,195,,,,,scale_with_item,,,,,clear,,,,,,,,small_size
9449,1773723160425,1773723160425.jpg,185,g,sonnet sweep,0,1,0,0,,,,0,0,0,grams (g),.185,185,g,block governs,chicken,bilog,ILOILO,SAN RAFAEL,San Rafael Public Market,Paul & Leian Sari Sari Store,E3B4SUL1,,,,,,,,.185,,,,,,185,,,,,scale_with_item,,,,,clear,,,,,,,,small_size
9450,1773725028672,1773725028672.jpg,215,g,sonnet sweep,0,1,0,0,,,,0,0,0,grams (g),.215,215,g,block governs,chicken,bilog,ILOILO,SAN RAFAEL,San Rafael Public Market,Hyacinth Store,XG892NUM,,,,,,,,.215,,,,,,215,,,,,scale_with_item,,,,,clear,,,,,,,,small_size
9451,1773725109274,1773725109274.jpg,870,g,sonnet sweep,0,1,0,0,,,,0,0,0,grams (g),.87,870,g,log10 median,chicken,whole (chicken),ILOILO,SAN RAFAEL,San Rafael Public Market,Hyacinth Store,9T9VXCTF,,,,,,,,.87,,,,,,870,,,,,scale_with_item,,,,,clear,,,,,,,,small_size
9460,1773723476270,1773723476270.jpg,185,g,sonnet hi-res,0,1,0,0,,,,0,0,0,grams (g),.185,185,g,block governs,"crackers, cookies, buiscuits, chips/curls",pieces or units,ILOILO,SAN RAFAEL,San Rafael Public Market,Paul & Leian Sari Sari Store,7NTJE3L7,,,,,,.185,.185,,,.185,,185,185,,,185,scale_with_item,scale_with_item,,,scale_with_item,clear,clear,,,clear,,,,,,small_size
9461,1773796774872,1773796774872.jpg,40,g,human,1,1,0,0,,,,0,0,0,grams (g),.40000001,400,g,block governs,"crackers, cookies, buiscuits, chips/curls",pieces or units,ILOILO,SAN RAFAEL,San Rafael Public Market,Princess Store,C3H0GG4M,.04,0.04,scale,0,,.04,.04,,,.04,40,40,40,,,40,scale_with_item,scale_with_item,,,scale_with_item,clear,clear,,,clear,,,,,,small_size
9462,1773796810156,1773796810156.jpg,430,g,sonnet sweep,0,1,0,0,,,,0,0,0,grams (g),.43000001,430,g,block governs,"crackers, cookies, buiscuits, chips/curls",pieces or units,ILOILO,SAN RAFAEL,San Rafael Public Market,Princess Store,C3H0GG4M,,,,,,,,.43,,,,,,430,,,,,scale_with_item,,,,,clear,,,,,,,,large_size
9463,1773797265664,1773797265664.jpg,35,g,sonnet sweep,0,1,0,0,,,,0,0,0,grams (g),.035,35,g,log10 median,"crackers, cookies, buiscuits, chips/curls",pieces or units,ILOILO,SAN RAFAEL,San Rafael Public Market,CJ Store,ER0V546T,,,,,,,,.035,,,,,,35,,,,,scale_with_item,,,,,probable,,,,,,,,small_size
9464,1773797286968,1773797286968.jpg,330,g,sonnet sweep,0,1,0,0,,,,0,0,0,grams (g),.33000001,330,g,block governs,"crackers, cookies, buiscuits, chips/curls",pieces or units,ILOILO,SAN RAFAEL,San Rafael Public Market,CJ Store,ER0V546T,,,,,,,,.33,,,,,,330,,,,,scale_with_item,,,,,clear,,,,,,,,large_size
9465,1773969114204,1773969114204.jpg,25,g,sonnet sweep,0,1,0,0,Net Weight: 25 g (0.88 oz.),25,g,1,0,1,grams (g),.025,25,g,log10 median,"crackers, cookies, buiscuits, chips/curls",pieces or units,ILOILO,SAN RAFAEL,roadside,Legends Store,FRWRN34F,,,,,,,,.025,,,,,,25,,,,,scale_with_item,,,,,clear,,,,,Net Weight: 25 g (0.88 oz.),,,small_size
9466,1773796034639,1773796034639.jpg,39,g,sonnet sweep,0,1,0,0,,,,0,0,0,grams (g),.035,35,g,log10 median,"crackers, cookies, buiscuits, chips/curls",pieces or units,ILOILO,SAN RAFAEL,San Rafael Public Market,Yannel Store,GNXBPCYA,,,,,,,,.039,,,,,,39,,,,,scale_with_item,,,,,probable,,,,,,,,small_size
9467,1773796063992,1773796063992.jpg,375,g,sonnet sweep,0,1,0,0,,,,0,0,0,grams (g),.375,375,g,block governs,"crackers, cookies, buiscuits, chips/curls",pieces or units,ILOILO,SAN RAFAEL,San Rafael Public Market,Yannel Store,GNXBPCYA,,,,,,,,.375,,,,,,375,,,,,scale_with_item,,,,,clear,,,,,,,,large_size
9471,1773969164870,1773969164870.jpg,30,g,human,1,1,0,0,,,,0,0,0,grams (g),.025,25,g,block governs,"crackers, cookies, buiscuits, chips/curls",putos,ILOILO,SAN RAFAEL,roadside,Legends Store,1TQMBNZ2,.03,0.03,scale,1,,,.03,,,.035,30,,30,,,35,scale_with_item,scale_with_item,,,scale_with_item,clear,ambiguous,,,clear,,,,,,small_size
9472,1773725397529,1773725397529.jpg,55,g,sonnet sweep,0,1,0,0,Net Weight 40g,40,g,1,0,1,grams (g),.055,55,g,log10 median,"crackers, cookies, buiscuits, chips/curls",putos,ILOILO,SAN RAFAEL,San Rafael Public Market,Hyacinth Store,9GRP11X0,,,,,,,,.055,,,,,,55,,,,,scale_with_item,,,,,clear,,,,,Net Weight 40g,,,small_size
9473,1773795102874,1773795102874.jpg,490,g,sonnet sweep,0,1,0,0,,,,0,0,0,grams (g),.49000001,490,g,log10 median,fresh fish,pieces or units,ILOILO,SAN RAFAEL,San Rafael Public Market,Hernaez Fish Retailing,8AEAVYFZ,,,,,,,,.49,,,,,,490,,,,,scale_with_item,,,,,clear,,,,,,,,small_size
9474,1773795164091,1773795164091.jpg,540,g,sonnet sweep,0,1,0,0,,,,0,0,0,grams (g),.54000002,540,g,log10 median,fresh fish,pieces or units,ILOILO,SAN RAFAEL,San Rafael Public Market,Hernaez Fish Retailing,8AEAVYFZ,,,,,,,,.54,,,,,,540,,,,,scale_with_item,,,,,clear,,,,,,,,medium_size
9475,1773795191072,1773795191072.jpg,575,g,sonnet sweep,0,1,0,0,,,,0,0,0,grams (g),.57499999,575,g,log10 median,fresh fish,pieces or units,ILOILO,SAN RAFAEL,San Rafael Public Market,Hernaez Fish Retailing,8AEAVYFZ,,,,,,,,.575,,,,,,575,,,,,scale_with_item,,,,,clear,,,,,,,,large_size
9476,1773794076602,1773794076602.jpg,480,g,sonnet sweep,0,1,0,0,,,,0,0,0,grams (g),.47999999,480,g,log10 median,fresh fish,pieces or units,ILOILO,SAN RAFAEL,San Rafael Public Market,Sayrenc Fish Stand,8TF9G39H,,,,,,,,.48,,,,,,480,,,,,scale_with_item,,,,,clear,,,,,,,,small_size
9477,1773794111803,1773794111803.jpg,490,g,sonnet sweep,0,1,0,0,,,,0,0,0,grams (g),.49000001,490,g,log10 median,fresh fish,pieces or units,ILOILO,SAN RAFAEL,San Rafael Public Market,Sayrenc Fish Stand,8TF9G39H,,,,,,,,.49,,,,,,490,,,,,scale_with_item,,,,,clear,,,,,,,,medium_size
9478,1773794137721,1773794137721.jpg,590,g,sonnet sweep,0,1,0,0,,,,0,0,0,grams (g),.58999997,590,g,log10 median,fresh fish,pieces or units,ILOILO,SAN RAFAEL,San Rafael Public Market,Sayrenc Fish Stand,8TF9G39H,,,,,,,,.59,,,,,,590,,,,,scale_with_item,,,,,clear,,,,,,,,large_size
9479,1773794488084,1773794488084.jpg,545,g,human,1,1,0,0,,,,0,0,0,grams (g),.54500002,545,g,log10 median,fresh fish,pieces or units,ILOILO,SAN RAFAEL,San Rafael Public Market,Eli Fish stant,LR7UUHH6,.545,0.545,scale,0,,.545,.545,,,.545,545,545,545,,,545,scale_with_item,scale_with_item,,,scale_with_item,clear,clear,,,clear,,,,,,small_size
9480,1773794528338,1773794528338.jpg,605,g,sonnet sweep,0,1,0,0,,,,0,0,0,grams (g),.60500002,605,g,log10 median,fresh fish,pieces or units,ILOILO,SAN RAFAEL,San Rafael Public Market,Eli Fish stant,LR7UUHH6,,,,,,,,.605,,,,,,605,,,,,scale_with_item,,,,,clear,,,,,,,,medium_size
9481,1773794550120,1773794550120.jpg,620,g,sonnet sweep,0,1,0,0,,,,0,0,0,grams (g),.62,620,g,log10 median,fresh fish,pieces or units,ILOILO,SAN RAFAEL,San Rafael Public Market,Eli Fish stant,LR7UUHH6,,,,,,,,.62,,,,,,620,,,,,scale_with_item,,,,,clear,,,,,,,,large_size
9483,1773723995404,1773723995404.jpg,40,g,sonnet sweep,0,1,0,0,,,,0,0,0,grams (g),.039999999,40,g,log10 median,"ice cream, sorbet, edible ice (eg., ice-lolli, halo-halo)",cone,ILOILO,SAN RAFAEL,San Rafael Public Market,Paul & Leian Sari Sari Store,1MVRASSV,,,,,,,,.04,,,,,,40,,,,,scale_with_item,,,,,clear,,,,,,,,small_size
9484,1773798034060,1773798034060.jpg,75,g,sonnet sweep,0,1,0,0,,,,0,0,0,grams (g),.075000003,75,g,log10 median,"ice cream, sorbet, edible ice (eg., ice-lolli, halo-halo)",cone,ILOILO,SAN RAFAEL,San Rafael Public Market,Paul & Leian Sari Sari Store,4WMWH5IF,,,,,,,,.075,,,,,,75,,,,,scale_with_item,,,,,clear,,,,,,,,small_size
9485,1773798048162,1773798048162.jpg,555,g,sonnet sweep,0,1,0,0,,,,0,0,0,grams (g),.55500001,555,g,block governs,"ice cream, sorbet, edible ice (eg., ice-lolli, halo-halo)",cone,ILOILO,SAN RAFAEL,San Rafael Public Market,Paul & Leian Sari Sari Store,4WMWH5IF,,,,,,,,.555,,,,,,555,,,,,scale_with_item,,,,,clear,,,,,,,,medium_size
9486,1773798068433,1773798068433.jpg,805,g,sonnet sweep,0,1,0,0,,,,0,0,0,grams (g),.80500001,805,g,block governs,"ice cream, sorbet, edible ice (eg., ice-lolli, halo-halo)",cone,ILOILO,SAN RAFAEL,San Rafael Public Market,Paul & Leian Sari Sari Store,4WMWH5IF,,,,,,,,.805,,,,,,805,,,,,scale_with_item,,,,,clear,,,,,,,,large_size
9489,1773797771519,1773797771519.jpg,1500,mL,sonnet sweep + mL label,0,1,1,1,1.5 L,1500,mL,1,0,1,Kilograms (Kgs),1.04,104,g,block governs,"ice cream, sorbet, edible ice (eg., ice-lolli, halo-halo)",cone,ILOILO,SAN RAFAEL,San Rafael Public Market,8 D Pharmacy,W4NKZYCI,,,,,,,,1.048,,,,,,1048,,,,,scale_with_item,,,,,probable,,,,,1.5 L,,,large_size
9491,1778549270100,1778549270100.jpg,80,mL,package label (mL),0,1,1,1,Net Volume: 80ml,80,mL,1,0,1,Litres (L),.079999998,80,g,log10 median,"ice cream, sorbet, edible ice (eg., ice-lolli, halo-halo)",putos,ILOILO,SAN RAFAEL,roadside,Garages Store,N4FRMUES,,,,,,,,,,,,,,,,,,,label_closeup,,,,,not_visible,,,,,Net Volume: 80ml,,,small_size
9492,1773796157551,1773796157551.jpg,60,g,sonnet sweep,0,1,0,0,,,,0,0,0,grams (g),.059999999,60,g,log10 median,"ice cream, sorbet, edible ice (eg., ice-lolli, halo-halo)",putos,ILOILO,SAN RAFAEL,San Rafael Public Market,Yannel Store,TA1WHT9A,,,,,,,,.06,,,,,,60,,,,,scale_with_item,,,,,clear,,,,,,,,small_size
9493,1773796184015,1773796184015.jpg,270,g,sonnet sweep,0,1,0,0,,,,0,0,0,grams (g),.27000001,270,g,block governs,"ice cream, sorbet, edible ice (eg., ice-lolli, halo-halo)",putos,ILOILO,SAN RAFAEL,San Rafael Public Market,Yannel Store,TA1WHT9A,,,,,,,,.27,,,,,,270,,,,,scale_with_item,,,,,clear,,,,,,,,medium_size
9494,1773796206237,1773796206237.jpg,465,g,sonnet sweep,0,1,0,0,,,,0,0,0,grams (g),.465,465,g,block governs,"ice cream, sorbet, edible ice (eg., ice-lolli, halo-halo)",putos,ILOILO,SAN RAFAEL,San Rafael Public Market,Yannel Store,TA1WHT9A,,,,,,,,.465,,,,,,465,,,,,scale_with_item,,,,,clear,,,,,,,,large_size
9500,1773723661219,1773723661219.jpg,675,g,sonnet sweep,0,1,0,0,Net Wt. 640 g,640,g,1,0,1,grams (g),.67500001,675,g,log10 median,loaf bread,large packs,ILOILO,SAN RAFAEL,San Rafael Public Market,Paul & Leian Sari Sari Store,W94O17O4,,,,,,,,.675,,,,,,675,,,,,scale_with_item,,,,,clear,,,,,Net Wt. 640 g,,,large_size
9502,1773725604017,1773725604017.jpg,675,g,sonnet sweep,0,1,0,0,,,,0,0,0,grams (g),.67500001,675,g,log10 median,loaf bread,large packs,ILOILO,SAN RAFAEL,San Rafael Public Market,Hyacinth Store,YSB083GL,,,,,,,,.675,,,,,,675,,,,,scale_with_item,,,,,clear,,,,,,,,large_size
9503,1773723770040,1773723770040.jpg,385,g,sonnet sweep,0,1,0,0,,,,0,0,0,grams (g),.38499999,385,g,log10 median,loaf bread,medium packs,ILOILO,SAN RAFAEL,San Rafael Public Market,Paul & Leian Sari Sari Store,LL9OHE6Z,,,,,,,,.385,,,,,,385,,,,,scale_with_item,,,,,clear,,,,,,,,medium_size
9504,1773725556768,1773725556768.jpg,385,g,sonnet sweep,0,1,0,0,,,,0,0,0,grams (g),.38499999,385,g,log10 median,loaf bread,medium packs,ILOILO,SAN RAFAEL,San Rafael Public Market,Hyacinth Store,QN36RZ9D,,,,,,,,.385,,,,,,385,,,,,scale_with_item,,,,,clear,,,,,,,,medium_size
9506,1773723721844,1773723721844.jpg,290,g,sonnet sweep,0,1,0,0,,,,0,0,0,grams (g),.28999999,290,g,log10 median,loaf bread,small packs,ILOILO,SAN RAFAEL,San Rafael Public Market,Paul & Leian Sari Sari Store,D73ZKWIJ,,,,,,,,.29,,,,,,290,,,,,scale_with_item,,,,,clear,,,,,,,,small_size
9507,1773725500205,1773725500205.jpg,290,g,sonnet sweep,0,1,0,0,,,,0,0,0,grams (g),.28999999,290,g,log10 median,loaf bread,small packs,ILOILO,SAN RAFAEL,San Rafael Public Market,Hyacinth Store,H1D803ME,,,,,,,,.29,,,,,,290,,,,,scale_with_item,,,,,clear,,,,,,,,small_size
9508,1773728655187,1773728655187.jpg,290,g,sonnet sweep,0,1,0,0,,,,0,0,0,grams (g),.28999999,290,g,log10 median,loaf bread,small packs,ILOILO,SAN RAFAEL,San Rafael Public Market,AZ Pick,K55WXTMZ,,,,,,,,.29,,,,,,290,,,,,scale_with_item,,,,,clear,,,,,,,,small_size
9509,1773728678859,1773728678859.jpg,470,g,sonnet hi-res,0,1,0,0,,,,0,0,0,grams (g),.47,470,g,log10 median,loaf bread,small packs,ILOILO,SAN RAFAEL,San Rafael Public Market,AZ Pick,K55WXTMZ,,,,,,.47,.47,,,.075,,470,470,,,75,scale_with_item,scale_with_item,,,scale_with_item,clear,clear,,,clear,,,,,,medium_size
9510,1773728699938,1773728699938.jpg,670,g,human,1,1,0,0,Net Wt. 640 g,640,g,1,0,1,grams (g),.67000002,670,g,log10 median,loaf bread,small packs,ILOILO,SAN RAFAEL,San Rafael Public Market,AZ Pick,K55WXTMZ,.67,0.67,scale,0,,.67,.67,,,.67,670,670,670,,,670,scale_with_item,scale_with_item,,,scale_with_item,clear,clear,,,clear,Net Wt. 640 g,,,,,large_size
9511,1773723866617,1773723866617.jpg,205,g,sonnet sweep,0,1,0,0,Net Wt. 200g,200,g,1,0,1,grams (g),.205,205,g,log10 median,"preserved or processed meat (tocino, tapa, longaniza, etc)",bilog,ILOILO,SAN RAFAEL,San Rafael Public Market,Paul & Leian Sari Sari Store,10LHDKN5,,,,,,,,.205,,,,,,205,,,,,scale_with_item,,,,,clear,,,,,Net Wt. 200g,,,small_size
9512,1773725735542,1773725735542.jpg,205,g,sonnet sweep,0,1,0,0,,,,0,0,0,grams (g),.205,205,g,log10 median,"preserved or processed meat (tocino, tapa, longaniza, etc)",bilog,ILOILO,SAN RAFAEL,San Rafael Public Market,Hyacinth Store,62VVTU0S,,,,,,,,.205,,,,,,205,,,,,scale_with_item,,,,,clear,,,,,,,,small_size
9513,1773727305941,1773727305941.jpg,200,g,sonnet sweep,0,1,0,0,Net Wt.: 200g,200,g,1,0,1,grams (g),.2,200,g,log10 median,"preserved or processed meat (tocino, tapa, longaniza, etc)",bilog,ILOILO,SAN RAFAEL,San Rafael Public Market,Aylin Sari Sari Store,ZN7KRWVX,,,,,,,,.2,,,,,,200,,,,,scale_with_item,,,,,clear,,,,,Net Wt.: 200g,,,small_size
9514,1773969996595,1773969996595.jpg,286,g,sonnet sweep,0,1,0,0,,,,0,0,0,grams (g),.285,285,g,log10 median,cabbage,pieces or units,ILOILO,SANTA BARBARA,Zone1Arroyo St.Sta Barbara,Tabing Fish Stand,1I333SNK,,,,,,,,.286,,,,,,286,,,,,scale_with_item,,,,,clear,,,,,,,,small_size
9515,1773970024659,1773970024659.jpg,386,g,sonnet sweep,0,1,0,0,,,,0,0,0,grams (g),.38499999,385,g,log10 median,cabbage,pieces or units,ILOILO,SANTA BARBARA,Zone1Arroyo St.Sta Barbara,Tabing Fish Stand,1I333SNK,,,,,,,,.386,,,,,,386,,,,,scale_with_item,,,,,clear,,,,,,,,medium_size
9519,1773968075609,1773968075609.jpg,445,g,sonnet sweep,0,1,0,0,,,,0,0,0,grams (g),.44499999,445,g,log10 median,cabbage,pieces or units,ILOILO,SANTA BARBARA,Zone1Arroyo St.Sta Barbara,Froilyn Variety Store Wholesale and Retail,3FCPN9HD,,,,,,,,.445,,,,,,445,,,,,scale_with_item,,,,,clear,,,,,,,,small_size
9520,1773968131271,1773968131271.jpg,,,,0,0,0,0,,,,0,0,0,grams (g),.67000002,670,g,log10 median,cabbage,pieces or units,ILOILO,SANTA BARBARA,Zone1Arroyo St.Sta Barbara,Froilyn Variety Store Wholesale and Retail,3FCPN9HD,,,,,,,,,,,,,,,,,,,scale_with_item,,,,,ambiguous,,,,,,,,medium_size
9521,1773968205141,1773968205141.jpg,980,g,sonnet sweep,0,1,0,0,,,,0,0,0,grams (g),.98000002,980,g,log10 median,cabbage,pieces or units,ILOILO,SANTA BARBARA,Zone1Arroyo St.Sta Barbara,Froilyn Variety Store Wholesale and Retail,3FCPN9HD,,,,,,,,.98,,,,,,980,,,,,scale_with_item,,,,,clear,,,,,,,,large_size
9522,1773904637681,1773904637681.jpg,275,g,sonnet sweep,0,1,0,0,,,,0,0,0,grams (g),.27500001,275,g,log10 median,cabbage,pieces or units,ILOILO,SANTA BARBARA,Balabag Talipapa,Cedric Frozen Food and Vegetable,59M7F34N,,,,,,,,.275,,,,,,275,,,,,scale_with_item,,,,,clear,,,,,,,,small_size
9523,1773904675786,1773904675786.jpg,595,g,sonnet sweep,0,1,0,0,,,,0,0,0,grams (g),.59500003,595,g,log10 median,cabbage,pieces or units,ILOILO,SANTA BARBARA,Balabag Talipapa,Cedric Frozen Food and Vegetable,59M7F34N,,,,,,,,.595,,,,,,595,,,,,scale_with_item,,,,,clear,,,,,,,,medium_size
9524,1773904699151,1773904699151.jpg,770,g,sonnet sweep,0,1,0,0,,,,0,0,0,grams (g),.76999998,770,g,log10 median,cabbage,pieces or units,ILOILO,SANTA BARBARA,Balabag Talipapa,Cedric Frozen Food and Vegetable,59M7F34N,,,,,,,,.77,,,,,,770,,,,,scale_with_item,,,,,clear,,,,,,,,large_size
9525,1773879637871,1773879637871.jpg,490,g,sonnet sweep,0,1,0,0,,,,0,0,0,grams (g),.49000001,490,g,log10 median,cabbage,pieces or units,ILOILO,SANTA BARBARA,Sta.Barbara Public Market,Romeldas Vegetable Stand,7SSBG3Q9,,,,,,,,.49,,,,,,490,,,,,scale_with_item,,,,,clear,,,,,,,,small_size
9526,1773879662288,1773879662288.jpg,560,g,sonnet sweep,0,1,0,0,,,,0,0,0,grams (g),.56,560,g,log10 median,cabbage,pieces or units,ILOILO,SANTA BARBARA,Sta.Barbara Public Market,Romeldas Vegetable Stand,7SSBG3Q9,,,,,,,,.5600000000000001,,,,,,560,,,,,scale_with_item,,,,,clear,,,,,,,,medium_size
9527,1773879682009,1773879682009.jpg,845,g,sonnet sweep,0,1,0,0,,,,0,0,0,grams (g),.84500003,845,g,log10 median,cabbage,pieces or units,ILOILO,SANTA BARBARA,Sta.Barbara Public Market,Romeldas Vegetable Stand,7SSBG3Q9,,,,,,,,.845,,,,,,845,,,,,scale_with_item,,,,,clear,,,,,,,,large_size
9528,1773902592898,1773902592898.jpg,425,g,sonnet sweep,0,1,0,0,,,,0,0,0,grams (g),.42500001,425,g,log10 median,cabbage,pieces or units,ILOILO,SANTA BARBARA,Balabag Talipapa,Wendel Store,KXVX8LXY,,,,,,,,.425,,,,,,425,,,,,scale_with_item,,,,,clear,,,,,,,,small_size
9529,1773902622496,1773902622496.jpg,520,g,sonnet sweep,0,1,0,0,,,,0,0,0,grams (g),.51999998,520,g,log10 median,cabbage,pieces or units,ILOILO,SANTA BARBARA,Balabag Talipapa,Wendel Store,KXVX8LXY,,,,,,,,.52,,,,,,520,,,,,scale_with_item,,,,,clear,,,,,,,,medium_size
9530,1773902646801,1773902646801.jpg,660,g,sonnet sweep,0,1,0,0,,,,0,0,0,grams (g),.66000003,660,g,log10 median,cabbage,pieces or units,ILOILO,SANTA BARBARA,Balabag Talipapa,Wendel Store,KXVX8LXY,,,,,,,,.66,,,,,,660,,,,,scale_with_item,,,,,clear,,,,,,,,large_size
9531,1773905948484,1773905948484.jpg,350,g,sonnet sweep,0,1,0,0,,,,0,0,0,grams (g),.34999999,350,g,log10 median,cabbage,pieces or units,ILOILO,SANTA BARBARA,Balabag Talipapa,RNL Store,L4WLFLQ4,,,,,,,,.35,,,,,,350,,,,,scale_with_item,,,,,clear,,,,,,,,small_size
9532,1773905988816,1773905988816.jpg,710,g,sonnet sweep,0,1,0,0,,,,0,0,0,grams (g),.70999998,710,g,log10 median,cabbage,pieces or units,ILOILO,SANTA BARBARA,Balabag Talipapa,RNL Store,L4WLFLQ4,,,,,,,,.71,,,,,,710,,,,,scale_with_item,,,,,clear,,,,,,,,medium_size
9533,1773906021179,1773906021179.jpg,725,g,sonnet sweep,0,1,0,0,,,,0,0,0,grams (g),.72500002,725,g,log10 median,cabbage,pieces or units,ILOILO,SANTA BARBARA,Balabag Talipapa,RNL Store,L4WLFLQ4,,,,,,,,.725,,,,,,725,,,,,scale_with_item,,,,,clear,,,,,,,,large_size
9534,1773881236191,1773881236191.jpg,520,g,sonnet sweep,0,1,0,0,,,,0,0,0,grams (g),.51999998,520,g,log10 median,cabbage,pieces or units,ILOILO,SANTA BARBARA,Sta.Barbara Public Market,Ma.Fe Vegetable Section,ULXDPB5F,,,,,,,,.52,,,,,,520,,,,,scale_with_item,,,,,clear,,,,,,,,small_size
9535,1773881255793,1773881255793.jpg,655,g,sonnet sweep,0,1,0,0,,,,0,0,0,grams (g),.65499997,655,g,log10 median,cabbage,pieces or units,ILOILO,SANTA BARBARA,Sta.Barbara Public Market,Ma.Fe Vegetable Section,ULXDPB5F,,,,,,,,.655,,,,,,655,,,,,scale_with_item,,,,,clear,,,,,,,,medium_size
9536,1773881273443,1773881273443.jpg,750,g,sonnet sweep,0,1,0,0,,,,0,0,0,grams (g),.75,750,g,log10 median,cabbage,pieces or units,ILOILO,SANTA BARBARA,Sta.Barbara Public Market,Ma.Fe Vegetable Section,ULXDPB5F,,,,,,,,.75,,,,,,750,,,,,scale_with_item,,,,,clear,,,,,,,,large_size
9540,1773905272520,1773905272520.jpg,150,g,sonnet sweep,0,1,0,0,,,,0,0,0,grams (g),.15000001,150,g,log10 median,camote tops,bugkos,ILOILO,SANTA BARBARA,Balabag Talipapa,Wendel Store,7UPWL320,,,,,,,,.15,,,,,,150,,,,,scale_with_item,,,,,clear,,,,,,,,small_size
9541,1773881448130,1773881448130.jpg,175,g,sonnet sweep,0,1,0,0,,,,0,0,0,grams (g),.175,175,g,log10 median,camote tops,bugkos,ILOILO,SANTA BARBARA,Sta.Barbara. Public Market,Ma.Fe Vegetable Section,8TKBXJA7,,,,,,,,.175,,,,,,175,,,,,scale_with_item,,,,,clear,,,,,,,,small_size
9542,1773905198044,1773905198044.jpg,205,g,sonnet sweep,0,1,0,0,,,,0,0,0,grams (g),.205,205,g,log10 median,camote tops,bugkos,ILOILO,SANTA BARBARA,Balabag Talipapa,Cedric Frozen Food and Vegetable,AKV5W0BV,,,,,,,,.205,,,,,,205,,,,,scale_with_item,,,,,clear,,,,,,,,small_size
9544,1773879797858,1773879797858.jpg,175,g,sonnet sweep,0,1,0,0,,,,0,0,0,grams (g),.175,175,g,log10 median,camote tops,bugkos,ILOILO,SANTA BARBARA,Sta.Barbara. Public Market,Romeldas Vegetable Stand,IEF6C21Z,,,,,,,,.175,,,,,,175,,,,,scale_with_item,,,,,clear,,,,,,,,small_size
9545,1773998009134,1773998009134.jpg,,,,0,0,0,0,,,,0,0,0,grams (g),.205,205,g,log10 median,camote tops,bugkos,ILOILO,SANTA BARBARA,Zone1Arroyo St.Sta Barbara,Felix Fruit Stall,K35X9PN2,,,,,,,,,,,,,,,,,,,scale_with_item,,,,,not_visible,,,,,,,,small_size
9546,1773906683600,1773906683600.jpg,180,g,sonnet sweep,0,1,0,0,,,,0,0,0,grams (g),.18000001,180,g,log10 median,camote tops,bugkos,ILOILO,SANTA BARBARA,Balabag Talipapa,RNL Store,Q79HXWRJ,,,,,,,,.18,,,,,,180,,,,,scale_with_item,,,,,clear,,,,,,,,small_size
9547,1773968660085,1773968660085.jpg,165,g,sonnet sweep,0,1,0,0,,,,0,0,0,grams (g),.16500001,165,g,log10 median,camote tops,bugkos,ILOILO,SANTA BARBARA,Zone1Arroyo St.Sta Barbara,Froilyn Variety Store Wholesale and Retail,URYQBFT6,,,,,,,,.165,,,,,,165,,,,,scale_with_item,,,,,clear,,,,,,,,small_size
9548,1773880766376,1773880766376.jpg,170,g,sonnet sweep,0,1,0,0,,,,0,0,0,grams (g),.17,170,g,log10 median,camote tops,bugkos,ILOILO,SANTA BARBARA,Sta.Barbara. Public Market,Bernadette Vegetable Stand,ZJCR00RU,,,,,,,,.17,,,,,,170,,,,,scale_with_item,,,,,clear,,,,,,,,small_size
9549,1773902952839,1773902952839.jpg,100,g,sonnet sweep,0,1,0,0,,,,0,0,0,grams (g),.1,100,g,log10 median,camote,bilog,ILOILO,SANTA BARBARA,Balabag Talipapa,Wendel Store,2KA5V49J,,,,,,,,.1,,,,,,100,,,,,scale_with_item,,,,,clear,,,,,,,,small_size
9550,1773902971896,1773902971896.jpg,180,g,sonnet sweep,0,1,0,0,,,,0,0,0,grams (g),.15000001,150,g,log10 median,camote,bilog,ILOILO,SANTA BARBARA,Balabag Talipapa,Wendel Store,2KA5V49J,,,,,,,,.18,,,,,,180,,,,,scale_with_item,,,,,clear,,,,,,,,medium_size
9551,1773903003651,1773903003651.jpg,245,g,sonnet sweep,0,1,0,0,,,,0,0,0,grams (g),.245,245,g,log10 median,camote,bilog,ILOILO,SANTA BARBARA,Balabag Talipapa,Wendel Store,2KA5V49J,,,,,,,,.245,,,,,,245,,,,,scale_with_item,,,,,clear,,,,,,,,large_size
9552,1773987411605,1773987411605.jpg,,,,0,0,0,0,,,,0,0,0,grams (g),.094999999,95,g,log10 median,camote,bilog,ILOILO,SANTA BARBARA,Zone1Arroyo St.Sta Barbara,JM Store,3YVGGGVC,,,,,,,,,,,,,,,,,,,scale_with_item,,,,,not_visible,,,,,,,,small_size
9553,1773987443168,1773987443168.jpg,,,,0,0,0,0,,,,0,0,0,grams (g),.12,120,g,log10 median,camote,bilog,ILOILO,SANTA BARBARA,Zone1Arroyo St.Sta Barbara,JM Store,3YVGGGVC,,,,,,,,,,,,,,,,,,,scale_with_item,,,,,not_visible,,,,,,,,medium_size
9554,1773989178038,1773989178038.jpg,,,,0,0,0,0,,,,0,0,0,grams (g),.090000004,90,g,log10 median,camote,bilog,ILOILO,SANTA BARBARA,Zone1Arroyo St.Sta Barbara,Bembol Rice Store,HV00B1MX,,,,,,,,,,,,,,,,,,,scale_with_item,,,,,not_visible,,,,,,,,small_size
9555,1773989203812,1773989203812.jpg,,,,0,0,0,0,,,,0,0,0,grams (g),.1,100,g,log10 median,camote,bilog,ILOILO,SANTA BARBARA,Zone1Arroyo St.Sta Barbara,Bembol Rice Store,HV00B1MX,,,,,,,,,,,,,,,,,,,scale_with_item,,,,,not_visible,,,,,,,,medium_size
9556,1773983037689,1773983037689.jpg,50,g,sonnet sweep,0,1,0,0,,,,0,0,0,grams (g),.050000001,50,g,log10 median,camote,bilog,ILOILO,SANTA BARBARA,Zone1Arroyo St.Sta Barbara,Felix Fruit Stall,KZ7IGE2J,,,,,,,,.05,,,,,,50,,,,,scale_with_item,,,,,clear,,,,,,,,small_size
9557,1773983095885,1773983095885.jpg,95,g,sonnet sweep,0,1,0,0,,,,0,0,0,grams (g),.094999999,95,g,log10 median,camote,bilog,ILOILO,SANTA BARBARA,Zone1Arroyo St.Sta Barbara,Felix Fruit Stall,KZ7IGE2J,,,,,,,,.095,,,,,,95,,,,,scale_with_item,,,,,clear,,,,,,,,medium_size
9558,1773880872149,1773880872149.jpg,145,g,sonnet sweep,0,1,0,0,,,,0,0,0,grams (g),.145,145,g,log10 median,camote,bilog,ILOILO,SANTA BARBARA,Sta.Barbara. Public Market,Bernadette Vegetable Stand,Q962YRPD,,,,,,,,.145,,,,,,145,,,,,scale_with_item,,,,,clear,,,,,,,,small_size
9559,1773880891110,1773880891110.jpg,190,g,sonnet sweep,0,1,0,0,,,,0,0,0,grams (g),.19,190,g,log10 median,camote,bilog,ILOILO,SANTA BARBARA,Sta.Barbara. Public Market,Bernadette Vegetable Stand,Q962YRPD,,,,,,,,.19,,,,,,190,,,,,scale_with_item,,,,,clear,,,,,,,,medium_size
9560,1773880917392,1773880917392.jpg,305,g,sonnet sweep,0,1,0,0,,,,0,0,0,grams (g),.30500001,305,g,log10 median,camote,bilog,ILOILO,SANTA BARBARA,Sta.Barbara. Public Market,Bernadette Vegetable Stand,Q962YRPD,,,,,,,,.305,,,,,,305,,,,,scale_with_item,,,,,clear,,,,,,,,large_size
9561,1773879885975,1773879885975.jpg,110,g,sonnet sweep,0,1,0,0,,,,0,0,0,grams (g),.11,110,g,log10 median,camote,bilog,ILOILO,SANTA BARBARA,Sta.Barbara. Public Market,Romeldas Vegetable Stand,SQ6WNHHI,,,,,,,,.11,,,,,,110,,,,,scale_with_item,,,,,clear,,,,,,,,small_size
9562,1773879902283,1773879902283.jpg,150,g,sonnet sweep,0,1,0,0,,,,0,0,0,grams (g),.15000001,150,g,log10 median,camote,bilog,ILOILO,SANTA BARBARA,Sta.Barbara. Public Market,Romeldas Vegetable Stand,SQ6WNHHI,,,,,,,,.15,,,,,,150,,,,,scale_with_item,,,,,clear,,,,,,,,medium_size
9563,1773879918449,1773879918449.jpg,220,g,sonnet sweep,0,1,0,0,,,,0,0,0,grams (g),.22,220,g,log10 median,camote,bilog,ILOILO,SANTA BARBARA,Sta.Barbara. Public Market,Romeldas Vegetable Stand,SQ6WNHHI,,,,,,,,.22,,,,,,220,,,,,scale_with_item,,,,,clear,,,,,,,,large_size
9564,1773904961875,1773904961875.jpg,280,g,sonnet sweep,0,1,0,0,,,,0,0,0,grams (g),.28,280,g,log10 median,camote,bilog,ILOILO,SANTA BARBARA,Balabag Talipapa,Cedric Frozen Food and Vegetable,WABR42VE,,,,,,,,.28,,,,,,280,,,,,scale_with_item,,,,,clear,,,,,,,,small_size
9565,1773904988226,1773904988226.jpg,465,g,sonnet sweep,0,1,0,0,,,,0,0,0,grams (g),.465,465,g,log10 median,camote,bilog,ILOILO,SANTA BARBARA,Balabag Talipapa,Cedric Frozen Food and Vegetable,WABR42VE,,,,,,,,.465,,,,,,465,,,,,scale_with_item,,,,,clear,,,,,,,,medium_size
9566,1773905011358,1773905011358.jpg,695,g,sonnet sweep,0,1,0,0,,,,0,0,0,grams (g),.69499999,695,g,log10 median,camote,bilog,ILOILO,SANTA BARBARA,Balabag Talipapa,Cedric Frozen Food and Vegetable,WABR42VE,,,,,,,,.695,,,,,,695,,,,,scale_with_item,,,,,clear,,,,,,,,large_size
9567,1773906320417,1773906320417.jpg,80,g,sonnet sweep,0,1,0,0,,,,0,0,0,grams (g),.079999998,80,g,log10 median,camote,bilog,ILOILO,SANTA BARBARA,Balabag Talipapa,RNL Store,XXI26E5B,,,,,,,,.08,,,,,,80,,,,,scale_with_item,,,,,clear,,,,,,,,small_size
9568,1773906344471,1773906344471.jpg,240,g,sonnet sweep,0,1,0,0,,,,0,0,0,grams (g),.23999999,240,g,log10 median,camote,bilog,ILOILO,SANTA BARBARA,Balabag Talipapa,RNL Store,XXI26E5B,,,,,,,,.24,,,,,,240,,,,,scale_with_item,,,,,probable,,,,,,,,medium_size
9569,1773906369137,1773906369137.jpg,385,g,sonnet sweep,0,1,0,0,,,,0,0,0,grams (g),.38499999,385,g,log10 median,camote,bilog,ILOILO,SANTA BARBARA,Balabag Talipapa,RNL Store,XXI26E5B,,,,,,,,.385,,,,,,385,,,,,scale_with_item,,,,,clear,,,,,,,,large_size
9570,1773881509842,1773881509842.jpg,135,g,sonnet sweep,0,1,0,0,,,,0,0,0,grams (g),.13500001,135,g,log10 median,camote,bilog,ILOILO,SANTA BARBARA,Sta.Barbara. Public Market,Ma.Fe Vegetable Section,ZDIAVK5W,,,,,,,,.135,,,,,,135,,,,,scale_with_item,,,,,clear,,,,,,,,small_size
9571,1773881530966,1773881530966.jpg,150,g,sonnet tiled,0,1,0,0,,,,0,0,0,grams (g),.15000001,150,g,log10 median,camote,bilog,ILOILO,SANTA BARBARA,Sta.Barbara. Public Market,Ma.Fe Vegetable Section,ZDIAVK5W,,,,,,,.15,,,,,,150,,,,scale_with_item,,,,item_no_scale,clear,,,,not_visible,,,,,,medium_size
9572,1773881550993,1773881550993.jpg,230,g,sonnet sweep,0,1,0,0,,,,0,0,0,grams (g),.23,230,g,log10 median,camote,bilog,ILOILO,SANTA BARBARA,Sta.Barbara. Public Market,Ma.Fe Vegetable Section,ZDIAVK5W,,,,,,,,.23,,,,,,230,,,,,scale_with_item,,,,,clear,,,,,,,,large_size
9573,1773970145366,1773970145366.jpg,90,g,sonnet sweep,0,1,0,0,,,,0,0,0,grams (g),.090000004,90,g,log10 median,carrot,pieces or units,ILOILO,SANTA BARBARA,Zone1Arroyo St.Sta Barbara,Tabing Fish Stand,0F6NUT5C,,,,,,,,.09,,,,,,90,,,,,scale_with_item,,,,,clear,,,,,,,,small_size
9574,1773970167809,1773970167809.jpg,110,g,sonnet sweep,0,1,0,0,,,,0,0,0,grams (g),.11,110,g,log10 median,carrot,pieces or units,ILOILO,SANTA BARBARA,Zone1Arroyo St.Sta Barbara,Tabing Fish Stand,0F6NUT5C,,,,,,,,.11,,,,,,110,,,,,scale_with_item,,,,,clear,,,,,,,,medium_size
9575,1773880017223,1773880017223.jpg,90,g,sonnet sweep,0,1,0,0,,,,0,0,0,grams (g),.090000004,90,g,log10 median,carrot,pieces or units,ILOILO,SANTA BARBARA,Sta.Barbara. Public Market,Romeldas Vegetable Stand,8102I9OJ,,,,,,,,.09,,,,,,90,,,,,scale_with_item,,,,,clear,,,,,,,,small_size
9576,1773880056793,1773880056793.jpg,115,g,sonnet sweep,0,1,0,0,,,,0,0,0,grams (g),.115,115,g,log10 median,carrot,pieces or units,ILOILO,SANTA BARBARA,Sta.Barbara. Public Market,Romeldas Vegetable Stand,8102I9OJ,,,,,,,,.115,,,,,,115,,,,,scale_with_item,,,,,clear,,,,,,,,medium_size
9577,1773880075808,1773880075808.jpg,120,g,sonnet sweep,0,1,0,0,,,,0,0,0,grams (g),.12,120,g,log10 median,carrot,pieces or units,ILOILO,SANTA BARBARA,Sta.Barbara. Public Market,Romeldas Vegetable Stand,8102I9OJ,,,,,,,,.12,,,,,,120,,,,,scale_with_item,,,,,clear,,,,,,,,large_size
9578,1773904822816,1773904822816.jpg,70,g,sonnet sweep,0,1,0,0,,,,0,0,0,grams (g),.07,70,g,log10 median,carrot,pieces or units,ILOILO,SANTA BARBARA,Balabag Talipapa,Cedric Frozen Food and Vegetable,J7YADQ5B,,,,,,,,.07,,,,,,70,,,,,scale_with_item,,,,,probable,,,,,,,,small_size
9579,1773904871234,1773904871234.jpg,205,g,sonnet sweep,0,1,0,0,,,,0,0,0,grams (g),.205,205,g,log10 median,carrot,pieces or units,ILOILO,SANTA BARBARA,Balabag Talipapa,Cedric Frozen Food and Vegetable,J7YADQ5B,,,,,,,,.205,,,,,,205,,,,,scale_with_item,,,,,clear,,,,,,,,medium_size
9580,1773904898349,1773904898349.jpg,320,g,sonnet sweep,0,1,0,0,,,,0,0,0,grams (g),.31999999,320,g,log10 median,carrot,pieces or units,ILOILO,SANTA BARBARA,Balabag Talipapa,Cedric Frozen Food and Vegetable,J7YADQ5B,,,,,,,,.32,,,,,,320,,,,,scale_with_item,,,,,clear,,,,,,,,large_size
9581,1773880609490,1773880609490.jpg,180,g,sonnet sweep,0,1,0,0,,,,0,0,0,grams (g),.13,130,g,log10 median,carrot,pieces or units,ILOILO,SANTA BARBARA,Sta.Barbara. Public Market,Bernadette Vegetable Stand,KJV6YRES,,,,,,,,.18,,,,,,180,,,,,scale_with_item,,,,,probable,,,,,,,,small_size
9582,1773880635185,1773880635185.jpg,170,g,sonnet sweep,0,1,0,0,,,,0,0,0,grams (g),.17,170,g,log10 median,carrot,pieces or units,ILOILO,SANTA BARBARA,Sta.Barbara. Public Market,Bernadette Vegetable Stand,KJV6YRES,,,,,,,,.17,,,,,,170,,,,,scale_with_item,,,,,clear,,,,,,,,medium_size
9583,1773880660965,1773880660965.jpg,,,,0,0,0,0,,,,0,0,0,grams (g),.28999999,290,g,log10 median,carrot,pieces or units,ILOILO,SANTA BARBARA,Sta.Barbara. Public Market,Bernadette Vegetable Stand,KJV6YRES,,,,,,,,,,,,,,,,,,,scale_with_item,,,,,ambiguous,,,,,,,,large_size
9584,1773987265914,1773987265914.jpg,,,,0,0,0,0,,,,0,0,0,grams (g),.090000004,90,g,log10 median,carrot,pieces or units,ILOILO,SANTA BARBARA,Zone 1 Arroyo St.Sta Barbara,JM Store,LAP6XZAQ,,,,,,,,,,,,,,,,,,,scale_with_item,,,,,not_visible,,,,,,,,small_size
9585,1773987316799,1773987316799.jpg,,,,0,0,0,0,,,,0,0,0,grams (g),.15000001,150,g,log10 median,carrot,pieces or units,ILOILO,SANTA BARBARA,Zone 1 Arroyo St.Sta Barbara,JM Store,LAP6XZAQ,,,,,,,,,,,,,,,,,,,scale_with_item,,,,,not_visible,,,,,,,,medium_size
9586,1773987339085,1773987339085.jpg,,,,0,0,0,0,,,,0,0,0,grams (g),.2,200,g,log10 median,carrot,pieces or units,ILOILO,SANTA BARBARA,Zone 1 Arroyo St.Sta Barbara,JM Store,LAP6XZAQ,,,,,,,,,,,,,,,,,,,scale_with_item,,,,,not_visible,,,,,,,,large_size
9587,1773983746906,1773983746906.jpg,,,,0,0,0,0,,,,0,0,0,grams (g),.064999998,65,g,log10 median,carrot,pieces or units,ILOILO,SANTA BARBARA,Zone1Arroyo St.Sta Barbara,Felix Fruit Stall,N0T1BTWD,,,,,,,,,,,,,,,,,,,scale_with_item,,,,,ambiguous,,,,,,,,small_size
9588,1773983777962,1773983777962.jpg,85,g,sonnet sweep,0,1,0,0,,,,0,0,0,grams (g),.085000001,85,g,log10 median,carrot,pieces or units,ILOILO,SANTA BARBARA,Zone1Arroyo St.Sta Barbara,Felix Fruit Stall,N0T1BTWD,,,,,,,,.085,,,,,,85,,,,,scale_with_item,,,,,clear,,,,,,,,medium_size
9589,1773881342554,1773881342554.jpg,95,g,sonnet sweep,0,1,0,0,,,,0,0,0,grams (g),.094999999,95,g,log10 median,carrot,pieces or units,ILOILO,SANTA BARBARA,Sta.Barbara. Public Market,Ma.Fe Vegetable Section,PG2LBAQ3,,,,,,,,.095,,,,,,95,,,,,scale_with_item,,,,,clear,,,,,,,,small_size
9590,1773881367462,1773881367462.jpg,135,g,sonnet sweep,0,1,0,0,,,,0,0,0,grams (g),.13500001,135,g,log10 median,carrot,pieces or units,ILOILO,SANTA BARBARA,Sta.Barbara. Public Market,Ma.Fe Vegetable Section,PG2LBAQ3,,,,,,,,.135,,,,,,135,,,,,scale_with_item,,,,,clear,,,,,,,,medium_size
9591,1773881389755,1773881389755.jpg,165,g,sonnet sweep,0,1,0,0,,,,0,0,0,grams (g),.16500001,165,g,log10 median,carrot,pieces or units,ILOILO,SANTA BARBARA,Sta.Barbara. Public Market,Ma.Fe Vegetable Section,PG2LBAQ3,,,,,,,,.165,,,,,,165,,,,,scale_with_item,,,,,clear,,,,,,,,large_size
9592,1773902733532,1773902733532.jpg,105,g,sonnet sweep,0,1,0,0,,,,0,0,0,grams (g),.105,105,g,log10 median,carrot,pieces or units,ILOILO,SANTA BARBARA,Balabag Talipapa,Wendel Store,T2QRSB39,,,,,,,,.105,,,,,,105,,,,,scale_with_item,,,,,clear,,,,,,,,small_size
9593,1773902757162,1773902757162.jpg,115,g,sonnet sweep,0,1,0,0,,,,0,0,0,grams (g),.115,115,g,log10 median,carrot,pieces or units,ILOILO,SANTA BARBARA,Balabag Talipapa,Wendel Store,T2QRSB39,,,,,,,,.115,,,,,,115,,,,,scale_with_item,,,,,probable,,,,,,,,medium_size
9594,1773902778736,1773902778736.jpg,180,g,sonnet sweep,0,1,0,0,,,,0,0,0,grams (g),.18000001,180,g,log10 median,carrot,pieces or units,ILOILO,SANTA BARBARA,Balabag Talipapa,Wendel Store,T2QRSB39,,,,,,,,.18,,,,,,180,,,,,scale_with_item,,,,,clear,,,,,,,,large_size
9595,1773906208344,1773906208344.jpg,90,g,sonnet sweep,0,1,0,0,,,,0,0,0,grams (g),.090000004,90,g,log10 median,carrot,pieces or units,ILOILO,SANTA BARBARA,Balabag Talipapa,RNL Store,UJZZA4VS,,,,,,,,.09,,,,,,90,,,,,scale_with_item,,,,,clear,,,,,,,,small_size
9596,1773906229982,1773906229982.jpg,155,g,sonnet sweep,0,1,0,0,,,,0,0,0,grams (g),.16500001,165,g,log10 median,carrot,pieces or units,ILOILO,SANTA BARBARA,Balabag Talipapa,RNL Store,UJZZA4VS,,,,,,,,.155,,,,,,155,,,,,scale_with_item,,,,,clear,,,,,,,,medium_size
9597,1773906260777,1773906260777.jpg,215,g,sonnet sweep,0,1,0,0,,,,0,0,0,grams (g),.215,215,g,log10 median,carrot,pieces or units,ILOILO,SANTA BARBARA,Balabag Talipapa,RNL Store,UJZZA4VS,,,,,,,,.215,,,,,,215,,,,,scale_with_item,,,,,clear,,,,,,,,large_size
9601,1773996916542,1773996916542.jpg,950,g,sonnet sweep,0,1,0,0,,,,0,0,0,grams (g),.94999999,950,g,log10 median,chicken,whole (chicken),ILOILO,SANTA BARBARA,Zone1Arroyo St.Sta Barbara,Froilyn Variety Store Wholesale and Retail,4FO8ZZXG,,,,,,,,.95,,,,,,950,,,,,scale_with_item,,,,,clear,,,,,,,,medium_size
9606,1773884190809,1773884190809.jpg,870,g,sonnet sweep,0,1,0,0,,,,0,0,0,grams (g),.87,870,g,log10 median,chicken,whole (chicken),ILOILO,SANTA BARBARA,Sta. Barbara Public Market,Robert Manukan,E0UDF9V8,,,,,,,,.87,,,,,,870,,,,,scale_with_item,,,,,clear,,,,,,,,medium_size
9610,1773906440307,1773906440307.jpg,795,g,sonnet sweep,0,1,0,0,,,,0,0,0,grams (g),.79500002,795,g,log10 median,chicken,whole (chicken),ILOILO,SANTA BARBARA,Balabag Talipapa,RNL Store,NODFWVL4,,,,,,,,.795,,,,,,795,,,,,scale_with_item,,,,,clear,,,,,,,,small_size
9611,1773997023325,1773997023325.jpg,760,g,sonnet sweep,0,1,0,0,,,,0,0,0,grams (g),.75999999,760,g,log10 median,chicken,whole (chicken),ILOILO,SANTA BARBARA,Zone1Arroyo St.Sta Barbara,JM Store,QB5PA504,,,,,,,,.76,,,,,,760,,,,,scale_with_item,,,,,clear,,,,,,,,medium_size
9612,1773905551197,1773905551197.jpg,800,g,sonnet sweep,0,1,0,0,,,,0,0,0,grams (g),.80000001,800,g,log10 median,chicken,whole (chicken),ILOILO,SANTA BARBARA,Balabag Talipapa,Cedric Frozen Food and Vegetable,S28ZY4LW,,,,,,,,.8,,,,,,800,,,,,scale_with_item,,,,,probable,,,,,,,,small_size
9613,1773885833708,1773885833708.jpg,385,g,sonnet sweep,0,1,0,0,,,,0,0,0,grams (g),.38499999,385,g,log10 median,fresh fish,pieces or units,ILOILO,SANTA BARBARA,Sta.Barbara Public Market,Rodelyn Fish Stand,08FR6OEZ,,,,,,,,.385,,,,,,385,,,,,scale_with_item,,,,,clear,,,,,,,,small_size
9614,1773885855980,1773885855980.jpg,880,g,sonnet sweep,0,1,0,0,,,,0,0,0,grams (g),.38999999,390,g,log10 median,fresh fish,pieces or units,ILOILO,SANTA BARBARA,Sta.Barbara Public Market,Rodelyn Fish Stand,08FR6OEZ,,,,,,,,.88,,,,,,880,,,,,scale_with_item,,,,,clear,,,,,,,,medium_size
9615,1773885888511,1773885888511.jpg,410,g,sonnet sweep,0,1,0,0,,,,0,0,0,grams (g),.41,410,g,log10 median,fresh fish,pieces or units,ILOILO,SANTA BARBARA,Sta.Barbara Public Market,Rodelyn Fish Stand,08FR6OEZ,,,,,,,,.41,,,,,,410,,,,,scale_with_item,,,,,clear,,,,,,,,large_size
9616,1773997911793,1773997911793.jpg,,,,0,0,0,0,,,,0,0,0,grams (g),.89499998,895,g,log10 median,fresh fish,pieces or units,ILOILO,SANTA BARBARA,Zone1Arroyo St.Sta Barbara,Felix Fruit Stall,3MMOQ911,,,,,,,,,,,,,,,,,,,scale_with_item,,,,,not_visible,,,,,,,,large_size
9622,1773969816809,1773969816809.jpg,295,g,sonnet sweep,0,1,0,0,,,,0,0,0,grams (g),.29499999,295,g,log10 median,fresh fish,pieces or units,ILOILO,SANTA BARBARA,Merlin St.Sta. Barbara Roadside Market,Tabing Fish Stand,EXRH7CWU,,,,,,,,.295,,,,,,295,,,,,scale_with_item,,,,,clear,,,,,,,,small_size
9623,1773969852875,1773969852875.jpg,920,g,sonnet sweep,0,1,0,0,,,,0,0,0,grams (g),.31999999,320,g,log10 median,fresh fish,pieces or units,ILOILO,SANTA BARBARA,Merlin St.Sta. Barbara Roadside Market,Tabing Fish Stand,EXRH7CWU,,,,,,,,.92,,,,,,920,,,,,scale_with_item,,,,,clear,,,,,,,,medium_size
9624,1773969895889,1773969895889.jpg,,,,0,0,0,0,,,,0,0,0,grams (g),.34999999,350,g,log10 median,fresh fish,pieces or units,ILOILO,SANTA BARBARA,Merlin St.Sta. Barbara Roadside Market,Tabing Fish Stand,EXRH7CWU,,,,,,,,,,,,,,,,,,,scale_with_item,,,,,not_visible,,,,,,,,large_size
9625,1773997683615,1773997683615.jpg,,,,0,0,0,0,,,,0,0,0,grams (g),.13,130,g,log10 median,fresh fish,pieces or units,ILOILO,SANTA BARBARA,Balabag Talipapa,Regina Gulayan,HQPVWYZ1,,,,,,,,,,,,,,,,,,,scale_with_item,,,,,not_visible,,,,,,,,small_size
9626,1773997708682,1773997708682.jpg,280,g,sonnet sweep,0,1,0,0,,,,0,0,0,grams (g),.22,220,g,log10 median,fresh fish,pieces or units,ILOILO,SANTA BARBARA,Balabag Talipapa,Regina Gulayan,HQPVWYZ1,,,,,,,,.28,,,,,,280,,,,,scale_with_item,,,,,clear,,,,,,,,medium_size
9627,1773997757137,1773997757137.jpg,,,,0,0,0,0,,,,0,0,0,grams (g),.31999999,320,g,log10 median,fresh fish,pieces or units,ILOILO,SANTA BARBARA,Balabag Talipapa,Regina Gulayan,HQPVWYZ1,,,,,,,,,,,,,,,,,,,scale_with_item,,,,,not_visible,,,,,,,,large_size
9628,1773886246825,1773886246825.jpg,200,g,sonnet sweep,0,1,0,0,,,,0,0,0,grams (g),.2,200,g,log10 median,fresh fish,pieces or units,ILOILO,SANTA BARBARA,Sta.Barbara Public Market,Susie Mae Ezpeleta Fish Stand,K2H5HXFS,,,,,,,,.2,,,,,,200,,,,,scale_with_item,,,,,clear,,,,,,,,small_size
9629,1773886267246,1773886267246.jpg,295,g,sonnet sweep,0,1,0,0,,,,0,0,0,grams (g),.29499999,295,g,log10 median,fresh fish,pieces or units,ILOILO,SANTA BARBARA,Sta.Barbara Public Market,Susie Mae Ezpeleta Fish Stand,K2H5HXFS,,,,,,,,.295,,,,,,295,,,,,scale_with_item,,,,,clear,,,,,,,,medium_size
9630,1773886290093,1773886290093.jpg,440,g,sonnet sweep,0,1,0,0,,,,0,0,0,grams (g),.44,440,g,log10 median,fresh fish,pieces or units,ILOILO,SANTA BARBARA,Sta.Barbara Public Market,Susie Mae Ezpeleta Fish Stand,K2H5HXFS,,,,,,,,.44,,,,,,440,,,,,scale_with_item,,,,,clear,,,,,,,,large_size
9631,1773967675771,1773967675771.jpg,170,g,sonnet sweep,0,1,0,0,,,,0,0,0,grams (g),.17,170,g,log10 median,fresh fish,pieces or units,ILOILO,SANTA BARBARA,Merlo St.Sta.Barbara Roadside Market,Froilyn Variety Store Wholesale and Retail,N9YS1IAL,,,,,,,,.17,,,,,,170,,,,,scale_with_item,,,,,clear,,,,,,,,small_size
9632,1773967701411,1773967701411.jpg,190,g,sonnet sweep,0,1,0,0,,,,0,0,0,grams (g),.19,190,g,log10 median,fresh fish,pieces or units,ILOILO,SANTA BARBARA,Merlo St.Sta.Barbara Roadside Market,Froilyn Variety Store Wholesale and Retail,N9YS1IAL,,,,,,,,.19,,,,,,190,,,,,scale_with_item,,,,,clear,,,,,,,,medium_size
9633,1773967720922,1773967720922.jpg,290,g,sonnet sweep,0,1,0,0,,,,0,0,0,grams (g),.28999999,290,g,log10 median,fresh fish,pieces or units,ILOILO,SANTA BARBARA,Merlo St.Sta.Barbara Roadside Market,Froilyn Variety Store Wholesale and Retail,N9YS1IAL,,,,,,,,.29,,,,,,290,,,,,scale_with_item,,,,,clear,,,,,,,,large_size
9634,1773886564370,1773886564370.jpg,495,g,sonnet sweep,0,1,0,0,,,,0,0,0,grams (g),.495,495,g,log10 median,fresh fish,pieces or units,ILOILO,SANTA BARBARA,Sta.Barbara Public Market,Romel Fish Stand,UG0G6S6K,,,,,,,,.495,,,,,,495,,,,,scale_with_item,,,,,clear,,,,,,,,small_size
9635,1773886590803,1773886590803.jpg,560,g,sonnet sweep,0,1,0,0,,,,0,0,0,grams (g),.56,560,g,log10 median,fresh fish,pieces or units,ILOILO,SANTA BARBARA,Sta.Barbara Public Market,Romel Fish Stand,UG0G6S6K,,,,,,,,.5600000000000001,,,,,,560,,,,,scale_with_item,,,,,clear,,,,,,,,medium_size
9636,1773886620270,1773886620270.jpg,600,g,sonnet sweep,0,1,0,0,,,,0,0,0,grams (g),.60000002,600,g,log10 median,fresh fish,pieces or units,ILOILO,SANTA BARBARA,Sta.Barbara Public Market,Romel Fish Stand,UG0G6S6K,,,,,,,,.6,,,,,,600,,,,,scale_with_item,,,,,clear,,,,,,,,large_size
9637,1773893158345,1773893158345.jpg,65,g,sonnet sweep,0,1,0,0,,,,0,0,0,grams (g),.64999998,650,g,block governs,"ice cream, sorbet, edible ice (eg., ice-lolli, halo-halo)",pieces or units,ILOILO,SANTA BARBARA,Sta.Barbara Public Market,Mercy Eatery and Refreshment,HYZD4CJZ,,,,,,,,.065,,,,,,65,,,,,scale_with_item,,,,,clear,,,,,,,,small_size
9638,1773996682656,1773996682656.jpg,,,,0,0,0,0,,,,0,0,0,grams (g),.055,55,g,log10 median,"ice cream, sorbet, edible ice (eg., ice-lolli, halo-halo)",pieces or units,ILOILO,SANTA BARBARA,Balabag Talipapa,RJ Store,NVBZLYX6,,,,,,,,,,,,,,,,,,,scale_with_item,,,,,ambiguous,,,,,,,,small_size
9639,1773892880122,1773892880122.jpg,345,g,sonnet sweep,0,1,0,0,,,,0,0,0,grams (g),.345,345,g,block governs,"ice cream, sorbet, edible ice (eg., ice-lolli, halo-halo)",pieces or units,ILOILO,SANTA BARBARA,Sta.Barbara Public Market,Adies Cold Corner,RC5FCNCC,,,,,,,,.345,,,,,,345,,,,,scale_with_item,,,,,clear,,,,,,,,medium_size
9640,1773986944427,1773986944427.jpg,55,g,sonnet sweep,0,1,0,0,,,,0,0,0,grams (g),.055,55,g,log10 median,"ice cream, sorbet, edible ice (eg., ice-lolli, halo-halo)",pieces or units,ILOILO,SANTA BARBARA,Zone1Arroyo St.Sta Barbara,Ian Bakeshop,U6GXMPV0,,,,,,,,.055,,,,,,55,,,,,scale_with_item,,,,,clear,,,,,,,,small_size
9641,1773994526129,1773994526129.jpg,35,g,sonnet sweep,0,1,0,0,,,,0,0,0,grams (g),.035,35,g,log10 median,"ice cream, sorbet, edible ice (eg., ice-lolli, halo-halo)",pieces or units,ILOILO,SANTA BARBARA,Balabag Talipapa,Roll En Store,VMA52SMF,,,,,,,,.035,,,,,,35,,,,,scale_with_item,,,,,clear,,,,,,,,small_size
9642,1773994547444,1773994547444.jpg,80,g,sonnet sweep,0,1,0,0,,,,0,0,0,grams (g),.079999998,80,g,log10 median,"ice cream, sorbet, edible ice (eg., ice-lolli, halo-halo)",pieces or units,ILOILO,SANTA BARBARA,Balabag Talipapa,Roll En Store,VMA52SMF,,,,,,,,.08,,,,,,80,,,,,scale_with_item,,,,,clear,,,,,,,,medium_size
9643,1773994629573,1773994629573.jpg,40,g,sonnet sweep,0,1,0,0,,,,0,0,0,grams (g),.039999999,40,g,log10 median,"ice cream, sorbet, edible ice (eg., ice-lolli, halo-halo)",pieces or units,ILOILO,SANTA BARBARA,Balabag Talipapa,Jared Bakeshop,W3PNKWLP,,,,,,,,.04,,,,,,40,,,,,scale_with_item,,,,,clear,,,,,,,,small_size
9644,1773994657093,1773994657093.jpg,80,g,sonnet sweep,0,1,0,0,,,,0,0,0,grams (g),.079999998,80,g,log10 median,"ice cream, sorbet, edible ice (eg., ice-lolli, halo-halo)",pieces or units,ILOILO,SANTA BARBARA,Balabag Talipapa,Jared Bakeshop,W3PNKWLP,,,,,,,,.08,,,,,,80,,,,,scale_with_item,,,,,clear,,,,,,,,medium_size
9645,1773996590729,1773996590729.jpg,70,g,sonnet sweep,0,1,0,0,,,,0,0,0,grams (g),.07,70,g,log10 median,"ice cream, sorbet, edible ice (eg., ice-lolli, halo-halo)",putos,ILOILO,SANTA BARBARA,Balabag Talipapa,RJ Store,3GAC9YGH,,,,,,,,.07,,,,,,70,,,,,scale_with_item,,,,,clear,,,,,,,,small_size
9646,1773992412689,1773992412689.jpg,55,g,sonnet sweep,0,1,0,0,,,,0,0,0,grams (g),.55000001,550,g,block governs,"ice cream, sorbet, edible ice (eg., ice-lolli, halo-halo)",putos,ILOILO,SANTA BARBARA,Balabag Talipapa,Jared Bakeshop,4M97ZSIS,,,,,,,,.055,,,,,,55,,,,,scale_with_item,,,,,clear,,,,,,,,medium_size
9647,1773975938588,1773975938588.jpg,45,g,sonnet sweep,0,1,0,0,,,,0,0,0,grams (g),.84500003,845,g,block governs,"ice cream, sorbet, edible ice (eg., ice-lolli, halo-halo)",putos,ILOILO,SANTA BARBARA,Arroyo St.Sta Barbara,Toto Kent Food House,J45B7NBR,,,,,,,,.045,,,,,,45,,,,,scale_with_item,,,,,clear,,,,,,,,medium_size
9648,1773986875251,1773986875251.jpg,30,g,sonnet sweep,0,1,0,0,,,,0,0,0,grams (g),.30000001,300,g,block governs,"ice cream, sorbet, edible ice (eg., ice-lolli, halo-halo)",putos,ILOILO,SANTA BARBARA,Zone1Arroyo St.Sta Barbara,Ian Bakeshop,REQ0YNIX,,,,,,,,.03,,,,,,30,,,,,scale_with_item,,,,,clear,,,,,,,,small_size
9649,1773975676659,1773975676659.jpg,655,g,sonnet sweep,0,1,0,0,,,,0,0,0,grams (g),.65499997,655,g,block governs,"ice cream, sorbet, edible ice (eg., ice-lolli, halo-halo)",putos,ILOILO,SANTA BARBARA,Arroyo Zone St.Sta Barbara Roadside,Chico Shade,VDL1DON8,,,,,,,,.655,,,,,,655,,,,,scale_with_item,,,,,clear,,,,,,,,small_size
9650,1773797483819,1773797483819.jpg,1200,g,sonnet sweep,0,1,0,0,,,,0,0,0,Litres (L),.0012000001,1200,mL,log10 median,"liquor (e.g, whisky, coconut wine)",lipid/lapad,ILOILO,SANTA BARBARA,Sta.Barbara. Public Market,Lilia Store,IGTFO8Z9,,,,,,,,1.2,,,,,,1200,,,,,scale_with_item,,,,,clear,,,,,,,,large_size
9651,1773996123199,1773996123199.jpg,375,mL,package label (mL),0,1,1,1,375 mL,375,mL,1,0,1,grams (g),375,375,mL,log10 median,"liquor (e.g, whisky, coconut wine)",lipid/lapad,ILOILO,SANTA BARBARA,Balabag Talipapa,RJ Store,IZNBHYUK,,,,,,,,,,,,,,,,,,,item_no_scale,,,,,not_visible,,,,,375 mL,,,medium_size
9652,1778724692508,1778724692508.jpg,375,mL,package label (mL),0,1,1,1,375 mL,375,mL,1,0,1,grams (g),375,375,mL,log10 median,"liquor (e.g, whisky, coconut wine)",lipid/lapad,ILOILO,SANTA BARBARA,Zone1Arroyo St.Sta Barbara,Katen Josh Variety Store,MA76VD4C,,,,,,,,,,,,,,,,,,,label_closeup,,,,,not_visible,,,,,375 mL,,,medium_size
9653,1773895333758,1773895333758.jpg,375,mL,package label (mL),0,1,1,1,375 mL,375,mL,1,0,1,grams (g),375,375,mL,log10 median,"liquor (e.g, whisky, coconut wine)",lipid/lapad,ILOILO,SANTA BARBARA,Sta.Barbara Public Market,3 Kids General Merchandise,TUOP866U,,,,,,,,,,,,,,,,,item_no_scale,,,,item_no_scale,not_visible,,,,not_visible,375 mL,,,,375 mL,medium_size
9654,1773968836824,1773968836824.jpg,,,,0,0,0,0,,,,0,0,0,grams (g),250,250,mL,log10 median,"liquor (e.g, whisky, coconut wine)",lipid/lapad,ILOILO,SANTA BARBARA,Zone1Arroyo St.Sta Barbara,Froilyn Variety Store Wholesale and Retail,UIZW00D7,,,,,,,,,,,,,,,,,item_no_scale,,,,item_no_scale,not_visible,,,,not_visible,,,,,,small_size
9655,1773968867171,1773968867171.jpg,375,mL,package label (mL),0,1,1,1,375 mL,375,mL,1,0,1,grams (g),375,375,mL,log10 median,"liquor (e.g, whisky, coconut wine)",lipid/lapad,ILOILO,SANTA BARBARA,Zone1Arroyo St.Sta Barbara,Froilyn Variety Store Wholesale and Retail,UIZW00D7,,,,,,,,,,,,,,,,,,,item_no_scale,,,,,not_visible,,,,,375 mL,,,medium_size
9656,1773994245927,1773994245927.jpg,,,,0,0,0,0,,,,0,0,0,grams (g),375,375,mL,log10 median,"liquor (e.g, whisky, coconut wine)",lipid/lapad,ILOILO,SANTA BARBARA,Balabag Talipapa,Roll En Store,URQY3AHK,,,,,,,,,,,,,,,,,,,item_no_scale,,,,,not_visible,,,,,,,,medium_size
9657,1773797422524,1773797422524.jpg,685,g,sonnet sweep,0,1,0,0,,,,0,0,0,grams (g),.85000002,850,mL,log10 median,"liquor (e.g, whisky, coconut wine)",lipid/lapad,ILOILO,SANTA BARBARA,Cabatuan Public Market,Lilia Store,WIH4EGLN,,,,,,,,.6850000000000001,,,,,,685,,,,,scale_with_item,,,,,clear,,,,,,,,medium_size
9658,1773883839423,1773883839423.jpg,,,,0,0,0,0,,,,0,0,0,grams (g),750,750,mL,log10 median,"liquor (e.g, whisky, coconut wine)",long-neck,ILOILO,SANTA BARBARA,Sta.Barbara. Public Market,,100YPCRN,,,,,,,,,,,,,,,,,,,label_closeup,,,,,not_visible,,,,,,,,large_size
9659,1773968953451,1773968953451.jpg,,,,0,0,0,0,,,,0,0,0,grams (g),750,750,mL,log10 median,"liquor (e.g, whisky, coconut wine)",long-neck,ILOILO,SANTA BARBARA,Zone1Arroyo St.Sta Barbara,Froilyn Variety Store Wholesale and Retail,CH7TLB0H,,,,,,,,,,,,,,,,,,,item_no_scale,,,,,not_visible,,,,,,,,large_size
9660,1773895453027,1773895453027.jpg,,,,0,0,0,0,,,,0,0,0,grams (g),750,750,mL,log10 median,"liquor (e.g, whisky, coconut wine)",long-neck,ILOILO,SANTA BARBARA,Sta.Barbara. Public Market,3 Kids General Merchandise,CN5Z0NOL,,,,,,,,,,,,,,,,,,,item_no_scale,,,,,not_visible,,,,,,,,large_size
9661,1773894373711,1773894373711.jpg,,,,0,0,0,0,,,,0,0,0,grams (g),750,750,mL,log10 median,"liquor (e.g, whisky, coconut wine)",long-neck,ILOILO,SANTA BARBARA,Sta.Barbara. Public Market,,DCL06VHB,,,,,,,,,,,,,,,,,,,item_no_scale,,,,,not_visible,,,,,,,,large_size
9662,1778744401928,1778744401928.jpg,750,mL,package label (mL),0,1,1,1,750 mL,750,mL,1,0,1,grams (g),750,750,mL,log10 median,"liquor (e.g, whisky, coconut wine)",long-neck,ILOILO,SANTA BARBARA,Anemone St.Balabag Sta. Barbara Roadside,Jenelyn Variety Store,FHUM5LTS,,,,,,,,,,,,,,,,,,,label_closeup,,,,,not_visible,,,,,750 mL,,,large_size
9663,1773996220898,1773996220898.jpg,,,,0,0,0,0,,,,0,0,0,grams (g),750,750,mL,log10 median,"liquor (e.g, whisky, coconut wine)",long-neck,ILOILO,SANTA BARBARA,Balabag Talipapa,RJ Store,JNQFQSNN,,,,,,,,,,,,,,,,,,,label_closeup,,,,,not_visible,,,,,,,,large_size
9664,1773994323267,1773994323267.jpg,,,,0,0,0,0,,,,0,0,0,grams (g),750,750,mL,log10 median,"liquor (e.g, whisky, coconut wine)",long-neck,ILOILO,SANTA BARBARA,Balabag Talipapa,Roll En Store,UAK2HCUA,,,,,,,,,,,,,,,,,,,item_no_scale,,,,,not_visible,,,,,,,,large_size
9665,1778724634887,1778724634887.jpg,750,mL,package label (mL),0,1,1,1,750 mL,750,mL,1,0,1,grams (g),750,750,mL,log10 median,"liquor (e.g, whisky, coconut wine)",long-neck,ILOILO,SANTA BARBARA,Balabag Sta.Barbara Roadside,Katen Josh Variety Store,UK5TEYO2,,,,,,,,,,,,,,,,,,,label_closeup,,,,,not_visible,,,,,750 mL,,,large_size
9666,1773895816766,1773895816766.jpg,,,,0,0,0,0,,,,0,0,0,grams (g),.67000002,670,g,log10 median,loaf bread,large packs,ILOILO,SANTA BARBARA,Sta.Barbara. Public Market,3 Kids General Merchandise,18YZY070,,,,,,,,,,,,,,,,,,,scale_with_item,,,,,not_visible,,,,,,,,large_size
9667,1773903126622,1773903126622.jpg,665,g,sonnet sweep,0,1,0,0,,,,0,0,0,grams (g),.66500002,665,g,log10 median,loaf bread,large packs,ILOILO,SANTA BARBARA,Balabag Talipapa,Wendel Store,2MB6SL0P,,,,,,,,.665,,,,,,665,,,,,scale_with_item,,,,,clear,,,,,,,,large_size
9668,1773897368621,1773897368621.jpg,675,g,sonnet hi-res,0,1,0,0,,,,0,0,0,Litres (L),.67500001,675,g,log10 median,loaf bread,large packs,ILOILO,SANTA BARBARA,Sta.Barbara. Public Market,Ramon Rice Store,68EN5S2S,,,,,,.675,.675,,,.655,,675,675,,,655,scale_with_item,scale_with_item,,,scale_with_item,probable,clear,,,clear,,,,,,large_size
9669,1773992337726,1773992337726.jpg,610,g,sonnet sweep,0,1,0,0,,,,0,0,0,grams (g),.61000001,610,g,log10 median,loaf bread,large packs,ILOILO,SANTA BARBARA,Balabag Talipapa,Jared Bakeshop,76OJ008Z,,,,,,,,.61,,,,,,610,,,,,scale_with_item,,,,,probable,,,,,,,,large_size
9670,1773993482923,1773993482923.jpg,595,g,sonnet sweep,0,1,0,0,,,,0,0,0,grams (g),.59500003,595,g,log10 median,loaf bread,large packs,ILOILO,SANTA BARBARA,Zone1Arroyo St.Sta Barbara,Froilyn Variety Store Wholesale and Retail,CUJ218M7,,,,,,,,.595,,,,,,595,,,,,scale_with_item,,,,,clear,,,,,,,,large_size
9671,1773894622441,1773894622441.jpg,670,g,sonnet sweep,0,1,0,0,,,,0,0,0,grams (g),.67000002,670,g,log10 median,loaf bread,large packs,ILOILO,SANTA BARBARA,Sta.Barbara. Public Market,,D4RA735Y,,,,,,,,.67,,,,,,670,,,,,scale_with_item,,,,,clear,,,,,,,,large_size
9672,1773995718571,1773995718571.jpg,665,g,sonnet sweep,0,1,0,0,,,,0,0,0,grams (g),.66500002,665,g,log10 median,loaf bread,large packs,ILOILO,SANTA BARBARA,Balabag Talipapa,RJ Store,HFDZ5KJQ,,,,,,,,.665,,,,,,665,,,,,scale_with_item,,,,,clear,,,,,,,,large_size
9673,1773992640541,1773992640541.jpg,610,g,sonnet sweep,0,1,0,0,,,,0,0,0,grams (g),.61000001,610,g,log10 median,loaf bread,large packs,ILOILO,SANTA BARBARA,Zone1Arroyo St.Sta Barbara,Froilyn Variety Store Wholesale and Retail,L6171FS8,,,,,,,,.61,,,,,,610,,,,,scale_with_item,,,,,clear,,,,,,,,large_size
9674,1773993354525,1773993354525.jpg,595,g,sonnet sweep,0,1,0,0,,,,0,0,0,grams (g),.59500003,595,g,log10 median,loaf bread,large packs,ILOILO,SANTA BARBARA,Zone1Arroyo St.Sta Barbara,JM Store,XQMJOENX,,,,,,,,.595,,,,,,595,,,,,scale_with_item,,,,,probable,,,,,,,,large_size
9675,1773995804259,1773995804259.jpg,480,g,sonnet sweep,0,1,0,0,,,,0,0,0,grams (g),.47999999,480,g,log10 median,loaf bread,medium packs,ILOILO,SANTA BARBARA,Balabag Talipapa,RJ Store,1RAP9I7C,,,,,,,,.48,,,,,,480,,,,,scale_with_item,,,,,clear,,,,,,,,medium_size
9676,1773986663906,1773986663906.jpg,,,,0,0,0,0,,,,0,0,0,grams (g),.465,465,g,log10 median,loaf bread,medium packs,ILOILO,SANTA BARBARA,Zone1Arroyo St.Sta Barbara,Ian Bakeshop,5GPB6A86,,,,,,,,,,,,,,,,,,,scale_with_item,,,,,not_visible,,,,,,,,medium_size
9677,1773897262269,1773897262269.jpg,480,g,sonnet sweep,0,1,0,0,,,,0,0,0,grams (g),.47999999,480,g,log10 median,loaf bread,medium packs,ILOILO,SANTA BARBARA,Sta.Barbara Public Market,Ramon Rice Store,BP9EPIIR,,,,,,,,.48,,,,,,480,,,,,scale_with_item,,,,,clear,,,,,,,,medium_size
9678,1773993677942,1773993677942.jpg,385,g,sonnet sweep,0,1,0,0,,,,0,0,0,grams (g),.38499999,385,g,log10 median,loaf bread,medium packs,ILOILO,SANTA BARBARA,Balabag Talipapa,Jared Bakeshop,CP4YADNQ,,,,,,,,.385,,,,,,385,,,,,scale_with_item,,,,,clear,,,,,,,,medium_size
9679,1773894539044,1773894539044.jpg,480,g,sonnet sweep,0,1,0,0,,,,0,0,0,grams (g),.47999999,480,g,log10 median,loaf bread,medium packs,ILOILO,SANTA BARBARA,Sta.Barbara. Public Market,,LTFT8B8J,,,,,,,,.48,,,,,,480,,,,,scale_with_item,,,,,clear,,,,,,,,medium_size
9680,1773993582616,1773993582616.jpg,385,g,sonnet sweep,0,1,0,0,Approx. Wt. 17.6 oz (500 grams),500,g,1,0,1,grams (g),.38499999,385,g,log10 median,loaf bread,medium packs,ILOILO,SANTA BARBARA,Zone1Arroyo St.Sta Barbara,Froilyn Variety Store Wholesale and Retail,QLKRW5EQ,,,,,,,,.385,,,,,,385,,,,,scale_with_item,,,,,clear,,,,,Approx. Wt. 17.6 oz (500 grams),,,medium_size
9681,1773995933139,1773995933139.jpg,480,g,sonnet sweep,0,1,0,0,,,,0,0,0,grams (g),.47999999,480,g,log10 median,loaf bread,medium packs,ILOILO,SANTA BARBARA,Balabag Talipapa,Roll En Store,S9BDKCQP,,,,,,,,.48,,,,,,480,,,,,scale_with_item,,,,,probable,,,,,,,,medium_size
9682,1778724253291,1778724253291.jpg,925,g,sonnet sweep,0,1,0,0,,,,0,0,0,grams (g),.42500001,425,g,log10 median,loaf bread,medium packs,ILOILO,SANTA BARBARA,Balabag Sta.Barbara Roadside,RJH Bakeshop,WRZRX4M2,,,,,,,,.925,,,,,,925,,,,,scale_with_item,,,,,clear,,,,,,,,medium_size
9683,1773895757118,1773895757118.jpg,480,g,sonnet sweep,0,1,0,0,,,,0,0,0,grams (g),.47999999,480,g,log10 median,loaf bread,medium packs,ILOILO,SANTA BARBARA,Sta.Barbara. Public Market,3 Kids General Merchandise,WSBSLL6F,,,,,,,,.48,,,,,,480,,,,,scale_with_item,,,,,clear,,,,,,,,medium_size
9684,1773903067344,1773903067344.jpg,285,g,sonnet sweep,0,1,0,0,,,,0,0,0,grams (g),.285,285,g,log10 median,loaf bread,small packs,ILOILO,SANTA BARBARA,Balabag Talipapa,Wendel Store,4W6DBSXE,,,,,,,,.285,,,,,,285,,,,,scale_with_item,,,,,clear,,,,,,,,small_size
9685,1773995638751,1773995638751.jpg,305,g,sonnet sweep,0,1,0,0,,,,0,0,0,grams (g),.38499999,385,g,log10 median,loaf bread,small packs,ILOILO,SANTA BARBARA,Zone1Arroyo St.Sta Barbara,JM Store,5OTS2N03,,,,,,,,.305,,,,,,305,,,,,scale_with_item,,,,,clear,,,,,,,,small_size
9686,1773895677590,1773895677590.jpg,385,g,sonnet sweep,0,1,0,0,,,,0,0,0,grams (g),.38499999,385,g,log10 median,loaf bread,small packs,ILOILO,SANTA BARBARA,Sta.Barbara. Public Market,3 Kids General Merchandise,9ZV69ZXM,,,,,,,,.385,,,,,,385,,,,,scale_with_item,,,,,clear,,,,,,,,small_size
9687,1773992584995,1773992584995.jpg,415,g,sonnet sweep,0,1,0,0,,,,0,0,0,grams (g),.41499999,415,g,log10 median,loaf bread,small packs,ILOILO,SANTA BARBARA,Zone1Arroyo St.Sta Barbara,Froilyn Variety Store Wholesale and Retail,BJR06YY6,,,,,,,,.415,,,,,,415,,,,,scale_with_item,,,,,clear,,,,,,,,small_size
9688,1773992274197,1773992274197.jpg,475,g,sonnet sweep,0,1,0,0,,,,0,0,0,grams (g),.41499999,415,g,log10 median,loaf bread,small packs,ILOILO,SANTA BARBARA,Balabag Talipapa,Jared Bakeshop,BKUP70FJ,,,,,,,,.475,,,,,,475,,,,,scale_with_item,,,,,probable,,,,,,,,small_size
9689,1773897494757,1773897494757.jpg,385,g,sonnet sweep,0,1,0,0,,,,0,0,0,grams (g),.38499999,385,g,log10 median,loaf bread,small packs,ILOILO,SANTA BARBARA,Sta.Barbara. Public Market,Ramon Rice Store,H11UTHJZ,,,,,,,,.385,,,,,,385,,,,,scale_with_item,,,,,clear,,,,,,,,small_size
9690,1773995457561,1773995457561.jpg,280,g,sonnet sweep,0,1,0,0,,,,0,0,0,grams (g),.28,280,g,log10 median,loaf bread,small packs,ILOILO,SANTA BARBARA,Balabag Sta.Barbara Talipapa,RJ Store,IKT2YWX3,,,,,,,,.28,,,,,,280,,,,,scale_with_item,,,,,clear,,,,,,,,small_size
9691,1773894475229,1773894475229.jpg,385,g,sonnet sweep,0,1,0,0,,,,0,0,0,grams (g),.38499999,385,g,log10 median,loaf bread,small packs,ILOILO,SANTA BARBARA,Sta.Barbara. Public Market,,J4DC7L6J,,,,,,,,.385,,,,,,385,,,,,scale_with_item,,,,,clear,,,,,,,,small_size
9692,1773995564267,1773995564267.jpg,385,g,sonnet sweep,0,1,0,0,,,,0,0,0,grams (g),.38499999,385,g,log10 median,loaf bread,small packs,ILOILO,SANTA BARBARA,Zone1Arroyo St.Sta Barbara,Ian Bakeshop,PF8WK304,,,,,,,,.385,,,,,,385,,,,,scale_with_item,,,,,clear,,,,,,,,small_size
9693,1773902858887,1773902858887.jpg,200,g,sonnet sweep,0,1,0,0,,,,0,0,0,grams (g),.2,200,g,log10 median,mango,pieces or units,ILOILO,SANTA BARBARA,Balabag Talipapa,Wendel Store,0X0DBGJD,,,,,,,,.2,,,,,,200,,,,,scale_with_item,,,,,clear,,,,,,,,small_size
9694,1773902875514,1773902875514.jpg,215,g,sonnet sweep,0,1,0,0,,,,0,0,0,grams (g),.215,215,g,log10 median,mango,pieces or units,ILOILO,SANTA BARBARA,Balabag Talipapa,Wendel Store,0X0DBGJD,,,,,,,,.215,,,,,,215,,,,,scale_with_item,,,,,probable,,,,,,,,medium_size
9695,1773902897772,1773902897772.jpg,265,g,sonnet sweep,0,1,0,0,,,,0,0,0,grams (g),.26499999,265,g,log10 median,mango,pieces or units,ILOILO,SANTA BARBARA,Balabag Talipapa,Wendel Store,0X0DBGJD,,,,,,,,.265,,,,,,265,,,,,scale_with_item,,,,,clear,,,,,,,,large_size
9696,1773905067033,1773905067033.jpg,195,g,sonnet sweep,0,1,0,0,,,,0,0,0,grams (g),.19499999,195,g,log10 median,mango,pieces or units,ILOILO,SANTA BARBARA,Balabag Talipapa,Cedric Frozen Food and Vegetable,7I1WTT2J,,,,,,,,.195,,,,,,195,,,,,scale_with_item,,,,,clear,,,,,,,,small_size
9697,1773905095997,1773905095997.jpg,220,g,sonnet sweep,0,1,0,0,,,,0,0,0,grams (g),.22,220,g,log10 median,mango,pieces or units,ILOILO,SANTA BARBARA,Balabag Talipapa,Cedric Frozen Food and Vegetable,7I1WTT2J,,,,,,,,.22,,,,,,220,,,,,scale_with_item,,,,,clear,,,,,,,,medium_size
9698,1773905116686,1773905116686.jpg,250,g,sonnet sweep,0,1,0,0,,,,0,0,0,grams (g),.25,250,g,log10 median,mango,pieces or units,ILOILO,SANTA BARBARA,Balabag Talipapa,Cedric Frozen Food and Vegetable,7I1WTT2J,,,,,,,,.25,,,,,,250,,,,,scale_with_item,,,,,clear,,,,,,,,large_size
9699,1773906098422,1773906098422.jpg,165,g,sonnet sweep,0,1,0,0,,,,0,0,0,grams (g),.16500001,165,g,log10 median,mango,pieces or units,ILOILO,SANTA BARBARA,Balabag Talipapa,RNL Store,7WCEABDV,,,,,,,,.165,,,,,,165,,,,,scale_with_item,,,,,clear,,,,,,,,small_size
9700,1773906118038,1773906118038.jpg,210,g,sonnet sweep,0,1,0,0,,,,0,0,0,grams (g),.20999999,210,g,log10 median,mango,pieces or units,ILOILO,SANTA BARBARA,Balabag Talipapa,RNL Store,7WCEABDV,,,,,,,,.21,,,,,,210,,,,,scale_with_item,,,,,clear,,,,,,,,medium_size
9701,1773906138331,1773906138331.jpg,275,g,sonnet sweep,0,1,0,0,,,,0,0,0,grams (g),.27500001,275,g,log10 median,mango,pieces or units,ILOILO,SANTA BARBARA,Balabag Talipapa,RNL Store,7WCEABDV,,,,,,,,.275,,,,,,275,,,,,scale_with_item,,,,,clear,,,,,,,,large_size
9702,1773968507179,1773968507179.jpg,200,g,sonnet sweep,0,1,0,0,,,,0,0,0,grams (g),.2,200,g,log10 median,mango,pieces or units,ILOILO,SANTA BARBARA,Zone1Arroyo St.Sta Barbara,Froilyn Variety Store Wholesale and Retail,AY00AI7D,,,,,,,,.2,,,,,,200,,,,,scale_with_item,,,,,clear,,,,,,,,small_size
9703,1773968547419,1773968547419.jpg,255,g,sonnet sweep,0,1,0,0,,,,0,0,0,grams (g),.255,255,g,log10 median,mango,pieces or units,ILOILO,SANTA BARBARA,Zone1Arroyo St.Sta Barbara,Froilyn Variety Store Wholesale and Retail,AY00AI7D,,,,,,,,.255,,,,,,255,,,,,scale_with_item,,,,,clear,,,,,,,,medium_size
9704,1773968579947,1773968579947.jpg,340,g,sonnet sweep,0,1,0,0,,,,0,0,0,grams (g),.34,340,g,log10 median,mango,pieces or units,ILOILO,SANTA BARBARA,Zone1Arroyo St.Sta Barbara,Froilyn Variety Store Wholesale and Retail,AY00AI7D,,,,,,,,.34,,,,,,340,,,,,scale_with_item,,,,,clear,,,,,,,,large_size
9705,1773989319129,1773989319129.jpg,280,g,sonnet sweep,0,1,0,0,,,,0,0,0,grams (g),.28,280,g,log10 median,mango,pieces or units,ILOILO,SANTA BARBARA,Zone1Arroyo St.Sta Barbara,JM Store,EDYX9C51,,,,,,,,.28,,,,,,280,,,,,scale_with_item,,,,,clear,,,,,,,,medium_size
9706,1773882765110,1773882765110.jpg,140,g,sonnet sweep,0,1,0,0,,,,0,0,0,grams (g),.14,140,g,log10 median,mango,pieces or units,ILOILO,SANTA BARBARA,Sta. Barbara Public Market,Rosa Fruit Stand,KXJ91EWH,,,,,,,,.14,,,,,,140,,,,,scale_with_item,,,,,clear,,,,,,,,small_size
9707,1773882796568,1773882796568.jpg,245,g,sonnet sweep,0,1,0,0,,,,0,0,0,grams (g),.245,245,g,log10 median,mango,pieces or units,ILOILO,SANTA BARBARA,Sta. Barbara Public Market,Rosa Fruit Stand,KXJ91EWH,,,,,,,,.245,,,,,,245,,,,,scale_with_item,,,,,clear,,,,,,,,medium_size
9708,1773882825671,1773882825671.jpg,275,g,sonnet sweep,0,1,0,0,,,,0,0,0,grams (g),.27500001,275,g,log10 median,mango,pieces or units,ILOILO,SANTA BARBARA,Sta. Barbara Public Market,Rosa Fruit Stand,KXJ91EWH,,,,,,,,.275,,,,,,275,,,,,scale_with_item,,,,,clear,,,,,,,,large_size
9709,1773882100262,1773882100262.jpg,225,g,sonnet sweep,0,1,0,0,,,,0,0,0,grams (g),.22499999,225,g,log10 median,mango,pieces or units,ILOILO,SANTA BARBARA,Sta.Barbara. Public Market,Bukay Fruit Stand,P2O59VIE,,,,,,,,.225,,,,,,225,,,,,scale_with_item,,,,,clear,,,,,,,,small_size
9710,1773882134028,1773882134028.jpg,235,g,sonnet hi-res,0,1,0,0,,,,0,0,0,grams (g),.235,235,g,log10 median,mango,pieces or units,ILOILO,SANTA BARBARA,Sta.Barbara. Public Market,Bukay Fruit Stand,P2O59VIE,,,,,,.235,.235,,,.235,,235,235,,,235,scale_with_item,scale_with_item,,,scale_with_item,clear,clear,,,clear,,,,,,medium_size
9711,1773882171243,1773882171243.jpg,330,g,sonnet sweep,0,1,0,0,,,,0,0,0,grams (g),.33000001,330,g,log10 median,mango,pieces or units,ILOILO,SANTA BARBARA,Sta.Barbara. Public Market,Bukay Fruit Stand,P2O59VIE,,,,,,,,.33,,,,,,330,,,,,scale_with_item,,,,,clear,,,,,,,,large_size
9712,1773988960633,1773988960633.jpg,,,,0,0,0,0,,,,0,0,0,grams (g),.20999999,210,g,log10 median,mango,pieces or units,ILOILO,SANTA BARBARA,Zone1Arroyo St.Sta Barbara,Bembol Rice Store,PG2ZMHWT,,,,,,,,,,,,,,,,,,,scale_with_item,,,,,not_visible,,,,,,,,small_size
9713,1773988984636,1773988984636.jpg,,,,0,0,0,0,,,,0,0,0,grams (g),.22499999,225,g,log10 median,mango,pieces or units,ILOILO,SANTA BARBARA,Zone1Arroyo St.Sta Barbara,Bembol Rice Store,PG2ZMHWT,,,,,,,,,,,,,,,,,,,scale_with_item,,,,,not_visible,,,,,,,,medium_size
9714,1773989018786,1773989018786.jpg,,,,0,0,0,0,,,,0,0,0,grams (g),.27500001,275,g,log10 median,mango,pieces or units,ILOILO,SANTA BARBARA,Zone1Arroyo St.Sta Barbara,Bembol Rice Store,PG2ZMHWT,,,,,,,,,,,,,,,,,,,scale_with_item,,,,,not_visible,,,,,,,,large_size
9715,1773882464100,1773882464100.jpg,205,g,sonnet sweep,0,1,0,0,,,,0,0,0,grams (g),.205,205,g,log10 median,mango,pieces or units,ILOILO,SANTA BARBARA,Sta.Barbara Public Market,Cecilia Fruit Stand,QJEX6YN5,,,,,,,,.205,,,,,,205,,,,,scale_with_item,,,,,clear,,,,,,,,small_size
9716,1773882486142,1773882486142.jpg,210,g,sonnet sweep,0,1,0,0,,,,0,0,0,grams (g),.20999999,210,g,log10 median,mango,pieces or units,ILOILO,SANTA BARBARA,Sta.Barbara Public Market,Cecilia Fruit Stand,QJEX6YN5,,,,,,,,.21,,,,,,210,,,,,scale_with_item,,,,,clear,,,,,,,,medium_size
9717,1773882501184,1773882501184.jpg,290,g,sonnet sweep,0,1,0,0,,,,0,0,0,grams (g),.28999999,290,g,log10 median,mango,pieces or units,ILOILO,SANTA BARBARA,Sta.Barbara Public Market,Cecilia Fruit Stand,QJEX6YN5,,,,,,,,.29,,,,,,290,,,,,scale_with_item,,,,,clear,,,,,,,,large_size
9718,1773903580895,1773903580895.jpg,200,g,sonnet sweep,0,1,0,0,,,,0,0,0,grams (g),.2,200,g,log10 median,"preserved or processed meat (tocino, tapa, longaniza, etc)",putos,ILOILO,SANTA BARBARA,Balabag Talipapa,Wendel Store,AX2HNSU8,,,,,,,,.2,,,,,,200,,,,,scale_with_item,,,,,clear,,,,,,,,medium_size
9719,1773968318077,1773968318077.jpg,285,g,sonnet sweep,0,1,0,0,,,,0,0,0,grams (g),.285,285,g,log10 median,"preserved or processed meat (tocino, tapa, longaniza, etc)",putos,ILOILO,SANTA BARBARA,Zone1Arroyo St.Sta Barbara,Froilyn Variety Store Wholesale and Retail,DEZ0PKS3,,,,,,,,.285,,,,,,285,,,,,scale_with_item,,,,,clear,,,,,,,,small_size
9720,1773968338406,1773968338406.jpg,600,g,sonnet sweep,0,1,0,0,,,,0,0,0,grams (g),.60000002,600,g,log10 median,"preserved or processed meat (tocino, tapa, longaniza, etc)",putos,ILOILO,SANTA BARBARA,Zone1Arroyo St.Sta Barbara,Froilyn Variety Store Wholesale and Retail,DEZ0PKS3,,,,,,,,.6,,,,,,600,,,,,scale_with_item,,,,,clear,,,,,,,,medium_size
9721,1773989432849,1773989432849.jpg,,,,0,0,0,0,,,,0,0,0,grams (g),.205,205,g,log10 median,"preserved or processed meat (tocino, tapa, longaniza, etc)",putos,ILOILO,SANTA BARBARA,Zone1Arroyo St.Sta Barbara,Bembol Rice Store,E7KAMAO4,,,,,,,,,,,,,,,,,,,scale_with_item,,,,,ambiguous,,,,,,,,small_size
9722,1773906504487,1773906504487.jpg,350,g,sonnet sweep,0,1,0,0,,,,0,0,0,grams (g),.34999999,350,g,log10 median,"preserved or processed meat (tocino, tapa, longaniza, etc)",putos,ILOILO,SANTA BARBARA,Balabag Talipapa,RNL Store,G957L6YX,,,,,,,,.35,,,,,,350,,,,,scale_with_item,,,,,clear,,,,,,,,medium_size
9723,1773906537932,1773906537932.jpg,540,g,sonnet sweep,0,1,0,0,,,,0,0,0,grams (g),.54000002,540,g,log10 median,"preserved or processed meat (tocino, tapa, longaniza, etc)",putos,ILOILO,SANTA BARBARA,Balabag Talipapa,RNL Store,G957L6YX,,,,,,,,.54,,,,,,540,,,,,scale_with_item,,,,,clear,,,,,,,,large_size
9724,1773896292098,1773896292098.jpg,205,g,sonnet sweep,0,1,0,0,,,,0,0,0,grams (g),.205,205,g,log10 median,"preserved or processed meat (tocino, tapa, longaniza, etc)",putos,ILOILO,SANTA BARBARA,Sta.Barbara Public Market,Edwardo Frozen Food,P6D9ZT1Q,,,,,,,,.205,,,,,,205,,,,,scale_with_item,,,,,clear,,,,,,,,small_size
9725,1773896324536,1773896324536.jpg,230,g,sonnet sweep,0,1,0,0,,,,0,0,0,grams (g),.23,230,g,log10 median,"preserved or processed meat (tocino, tapa, longaniza, etc)",putos,ILOILO,SANTA BARBARA,Sta.Barbara Public Market,Edwardo Frozen Food,P6D9ZT1Q,,,,,,,,.23,,,,,,230,,,,,scale_with_item,,,,,clear,,,,,,,,medium_size
9726,1773884885815,1773884885815.jpg,190,g,sonnet sweep,0,1,0,0,,,,0,0,0,grams (g),.19,190,g,log10 median,"preserved or processed meat (tocino, tapa, longaniza, etc)",putos,ILOILO,SANTA BARBARA,Sta.Barbara. Public Market,RLJ Dress Chicken Wholesale and Retail,UU9PYT8L,,,,,,,,.19,,,,,,190,,,,,scale_with_item,,,,,clear,,,,,,,,small_size
9727,1773884906484,1773884906484.jpg,345,g,sonnet sweep,0,1,0,0,,,,0,0,0,grams (g),.345,345,g,log10 median,"preserved or processed meat (tocino, tapa, longaniza, etc)",putos,ILOILO,SANTA BARBARA,Sta.Barbara. Public Market,RLJ Dress Chicken Wholesale and Retail,UU9PYT8L,,,,,,,,.345,,,,,,345,,,,,scale_with_item,,,,,clear,,,,,,,,medium_size
9728,1773884930613,1773884930613.jpg,710,g,sonnet sweep,0,1,0,0,,,,0,0,0,grams (g),.70999998,710,g,log10 median,"preserved or processed meat (tocino, tapa, longaniza, etc)",putos,ILOILO,SANTA BARBARA,Sta.Barbara. Public Market,RLJ Dress Chicken Wholesale and Retail,UU9PYT8L,,,,,,,,.71,,,,,,710,,,,,scale_with_item,,,,,clear,,,,,,,,large_size
9729,1773884301761,1773884301761.jpg,205,g,sonnet sweep,0,1,0,0,,,,0,0,0,grams (g),.205,205,g,log10 median,"preserved or processed meat (tocino, tapa, longaniza, etc)",putos,ILOILO,SANTA BARBARA,Sta.Barbara. Public Market,Robert Manukan,VQELV2QJ,,,,,,,,.205,,,,,,205,,,,,scale_with_item,,,,,clear,,,,,,,,small_size
9730,1773884336792,1773884336792.jpg,235,g,sonnet sweep,0,1,0,0,,,,0,0,0,grams (g),.235,235,g,log10 median,"preserved or processed meat (tocino, tapa, longaniza, etc)",putos,ILOILO,SANTA BARBARA,Sta.Barbara. Public Market,Robert Manukan,VQELV2QJ,,,,,,,,.235,,,,,,235,,,,,scale_with_item,,,,,clear,,,,,,,,medium_size
9731,1773987657615,1773987657615.jpg,,,,0,0,0,0,,,,0,0,0,grams (g),.20999999,210,g,log10 median,"preserved or processed meat (tocino, tapa, longaniza, etc)",putos,ILOILO,SANTA BARBARA,Zone1Arroyo St.Sta Barbara,JM Store,X2LQIWDL,,,,,,,,,,,,,,,,,,,scale_with_item,,,,,not_visible,,,,,,,,small_size
9732,1773905473135,1773905473135.jpg,200,g,sonnet sweep,0,1,0,0,,,,0,0,0,grams (g),.2,200,g,log10 median,"preserved or processed meat (tocino, tapa, longaniza, etc)",putos,ILOILO,SANTA BARBARA,Balabag Talipapa,Cedric Frozen Food and Vegetable,YFF8EBSB,,,,,,,,.2,,,,,,200,,,,,scale_with_item,,,,,clear,,,,,,,,small_size
9733,1773885517689,1773885517689.jpg,160,g,sonnet sweep,0,1,0,0,,,,0,0,0,grams (g),.16,160,g,log10 median,cabbage,pieces or units,ILOILO,SARA,Sara Wet Market,Baby Store,BRUDVYA0,,,,,,,,.16,,,,,,160,,,,,scale_with_item,,,,,clear,,,,,,,,mp25_price
9734,1773885560527,1773885560527.jpg,475,g,sonnet sweep,0,1,0,0,,,,0,0,0,grams (g),.47499999,475,g,log10 median,cabbage,pieces or units,ILOILO,SARA,Sara Wet Market,Baby Store,BRUDVYA0,,,,,,,,.475,,,,,,475,,,,,scale_with_item,,,,,clear,,,,,,,,mp50_price
9735,1773885621507,1773885621507.jpg,670,g,sonnet sweep,0,1,0,0,,,,0,0,0,grams (g),.67000002,670,g,log10 median,cabbage,pieces or units,ILOILO,SARA,Sara Wet Market,Baby Store,BRUDVYA0,,,,,,,,.67,,,,,,670,,,,,scale_with_item,,,,,clear,,,,,,,,mp75_price
9736,1773886557036,1773886557036.jpg,250,g,sonnet sweep,0,1,0,0,,,,0,0,0,grams (g),.25,250,g,log10 median,cabbage,pieces or units,ILOILO,SARA,Sara wet market,Nokia Vegetables Store,EYF1Q6CY,,,,,,,,.25,,,,,,250,,,,,scale_with_item,,,,,clear,,,,,,,,mp25_price
9737,1773886621810,1773886621810.jpg,555,g,sonnet sweep,0,1,0,0,,,,0,0,0,grams (g),.55500001,555,g,log10 median,cabbage,pieces or units,ILOILO,SARA,Sara wet market,Nokia Vegetables Store,EYF1Q6CY,,,,,,,,.555,,,,,,555,,,,,scale_with_item,,,,,clear,,,,,,,,mp50_price
9738,1773886794639,1773886794639.jpg,805,g,sonnet sweep,0,1,0,0,,,,0,0,0,grams (g),.80500001,805,g,log10 median,cabbage,pieces or units,ILOILO,SARA,Sara wet market,Nokia Vegetables Store,EYF1Q6CY,,,,,,,,.805,,,,,,805,,,,,scale_with_item,,,,,clear,,,,,,,,mp75_price
9739,1773911266311,1773911266311.jpg,315,g,sonnet sweep,0,1,0,0,,,,0,0,0,grams (g),.315,315,g,log10 median,cabbage,pieces or units,ILOILO,SARA,talipapa,none,MJ0YON53,,,,,,,,.315,,,,,,315,,,,,scale_with_item,,,,,clear,,,,,,,,mp25_price
9740,1773911314921,1773911314921.jpg,790,g,sonnet sweep,0,1,0,0,,,,0,0,0,grams (g),.79000002,790,g,log10 median,cabbage,pieces or units,ILOILO,SARA,talipapa,none,MJ0YON53,,,,,,,,.79,,,,,,790,,,,,scale_with_item,,,,,clear,,,,,,,,mp50_price
9741,1773911343389,1773911343389.jpg,925,g,sonnet sweep,0,1,0,0,,,,0,0,0,grams (g),.92500001,925,g,log10 median,cabbage,pieces or units,ILOILO,SARA,talipapa,none,MJ0YON53,,,,,,,,.925,,,,,,925,,,,,scale_with_item,,,,,clear,,,,,,,,mp75_price
9742,1773880058913,1773880058913.jpg,220,g,sonnet sweep,0,1,0,0,,,,0,0,0,grams (g),.22,220,g,log10 median,cabbage,pieces or units,ILOILO,SARA,Sara Wet Market,MRD Grocery Store,P0DCQ8LM,,,,,,,,.22,,,,,,220,,,,,scale_with_item,,,,,clear,,,,,,,,mp25_price
9743,1773880172961,1773880172961.jpg,455,g,sonnet sweep,0,1,0,0,,,,0,0,0,grams (g),.45500001,455,g,log10 median,cabbage,pieces or units,ILOILO,SARA,Sara Wet Market,MRD Grocery Store,P0DCQ8LM,,,,,,,,.455,,,,,,455,,,,,scale_with_item,,,,,clear,,,,,,,,mp50_price
9744,1773880259655,1773880259655.jpg,685,g,sonnet sweep,0,1,0,0,,,,0,0,0,grams (g),.685,685,g,log10 median,cabbage,pieces or units,ILOILO,SARA,Sara Wet Market,MRD Grocery Store,P0DCQ8LM,,,,,,,,.6850000000000001,,,,,,685,,,,,scale_with_item,,,,,clear,,,,,,,,mp75_price
9745,1773908466022,1773908466022.jpg,535,g,sonnet sweep,0,1,0,0,,,,0,0,0,grams (g),.53500003,535,g,log10 median,cabbage,pieces or units,ILOILO,SARA,talipapa,Panes Store,QM4JBOSJ,,,,,,,,.535,,,,,,535,,,,,scale_with_item,,,,,clear,,,,,,,,mp25_price
9746,1773908577053,1773908577053.jpg,710,g,sonnet sweep,0,1,0,0,,,,0,0,0,grams (g),.70999998,710,g,log10 median,cabbage,pieces or units,ILOILO,SARA,talipapa,Panes Store,QM4JBOSJ,,,,,,,,.71,,,,,,710,,,,,scale_with_item,,,,,clear,,,,,,,,mp50_price
9748,1773909424751,1773909424751.jpg,70,g,sonnet sweep,0,1,0,0,,,,0,0,0,grams (g),.17,170,g,log10 median,camote tops,bugkos,ILOILO,SARA,talipapa,none,64Z5BKWL,,,,,,,,.07,,,,,,70,,,,,scale_with_item,,,,,clear,,,,,,,,small_size
9749,1773911403883,1773911403883.jpg,195,g,sonnet sweep,0,1,0,0,,,,0,0,0,grams (g),.19499999,195,g,log10 median,camote tops,bugkos,ILOILO,SARA,talipapa,none,Q2JDOZFJ,,,,,,,,.195,,,,,,195,,,,,scale_with_item,,,,,clear,,,,,,,,small_size
9750,1773889144156,1773889144156.jpg,270,g,sonnet sweep,0,1,0,0,,,,0,0,0,grams (g),.27000001,270,g,log10 median,camote tops,bugkos,ILOILO,SARA,Sara wet market,none,QBK9SU6N,,,,,,,,.27,,,,,,270,,,,,scale_with_item,,,,,clear,,,,,,,,medium_size
9751,1773888271052,1773888271052.jpg,240,g,sonnet sweep,0,1,0,0,,,,0,0,0,grams (g),.23999999,240,g,log10 median,camote tops,bugkos,ILOILO,SARA,Sara wet market,Elsa,SG63GYKN,,,,,,,,.24,,,,,,240,,,,,scale_with_item,,,,,clear,,,,,,,,medium_size
9752,1773887822898,1773887822898.jpg,,,,0,0,0,0,,,,0,0,0,grams (g),.38,380,g,log10 median,camote tops,bugkos,ILOILO,SARA,Sara wet market,Editha Gulayan,SLCD64I1,,,,,,,,,,,,,,,,,,,item_no_scale,,,,,not_visible,,,,,,,,medium_size
9753,1773910728067,1773910728067.jpg,235,g,sonnet sweep,0,1,0,0,,,,0,0,0,grams (g),.235,235,g,log10 median,camote tops,bugkos,ILOILO,SARA,talipapa,Nema,YIFYH8OI,,,,,,,,.235,,,,,,235,,,,,scale_with_item,,,,,clear,,,,,,,,small_size
9754,1773910641644,1773910641644.jpg,70,g,sonnet sweep,0,1,0,0,,,,0,0,0,grams (g),.07,70,g,log10 median,camote,bilog,ILOILO,SARA,Talipapa,Nema,7FCPALS6,,,,,,,,.07,,,,,,70,,,,,scale_with_item,,,,,clear,,,,,,,,small_size
9755,1773888948566,1773888948566.jpg,135,g,sonnet sweep,0,1,0,0,,,,0,0,0,grams (g),.13500001,135,g,log10 median,camote,bilog,ILOILO,SARA,Sara wet market,none,HE9MBJ0H,,,,,,,,.135,,,,,,135,,,,,scale_with_item,,,,,clear,,,,,,,,small_size
9756,1773888978528,1773888978528.jpg,240,g,sonnet sweep,0,1,0,0,,,,0,0,0,grams (g),.23999999,240,g,log10 median,camote,bilog,ILOILO,SARA,Sara wet market,none,HE9MBJ0H,,,,,,,,.24,,,,,,240,,,,,scale_with_item,,,,,clear,,,,,,,,medium_size
9757,1773889005507,1773889005507.jpg,435,g,sonnet sweep,0,1,0,0,,,,0,0,0,grams (g),.435,435,g,log10 median,camote,bilog,ILOILO,SARA,Sara wet market,none,HE9MBJ0H,,,,,,,,.435,,,,,,435,,,,,scale_with_item,,,,,clear,,,,,,,,large_size
9758,1773888169803,1773888169803.jpg,145,g,sonnet sweep,0,1,0,0,,,,0,0,0,grams (g),.145,145,g,log10 median,camote,bilog,ILOILO,SARA,Sara Wet Market,Elsa,PKN5ZBRI,,,,,,,,.145,,,,,,145,,,,,scale_with_item,,,,,clear,,,,,,,,small_size
9759,1773888189268,1773888189268.jpg,235,g,sonnet sweep,0,1,0,0,,,,0,0,0,grams (g),.235,235,g,log10 median,camote,bilog,ILOILO,SARA,Sara Wet Market,Elsa,PKN5ZBRI,,,,,,,,.235,,,,,,235,,,,,scale_with_item,,,,,clear,,,,,,,,medium_size
9760,1773888214427,1773888214427.jpg,590,g,sonnet sweep,0,1,0,0,,,,0,0,0,grams (g),.58999997,590,g,log10 median,camote,bilog,ILOILO,SARA,Sara Wet Market,Elsa,PKN5ZBRI,,,,,,,,.59,,,,,,590,,,,,scale_with_item,,,,,clear,,,,,,,,large_size
9761,1773887688770,1773887688770.jpg,155,g,sonnet sweep,0,1,0,0,,,,0,0,0,grams (g),.155,155,g,log10 median,camote,bilog,ILOILO,SARA,Sara Wet Market,Editha Gulayan,VQESTI5C,,,,,,,,.155,,,,,,155,,,,,scale_with_item,,,,,clear,,,,,,,,small_size
9762,1773887712968,1773887712968.jpg,290,g,sonnet sweep,0,1,0,0,,,,0,0,0,grams (g),.28999999,290,g,log10 median,camote,bilog,ILOILO,SARA,Sara Wet Market,Editha Gulayan,VQESTI5C,,,,,,,,.29,,,,,,290,,,,,scale_with_item,,,,,clear,,,,,,,,medium_size
9763,1773887739451,1773887739451.jpg,540,g,sonnet sweep,0,1,0,0,,,,0,0,0,grams (g),.54000002,540,g,log10 median,camote,bilog,ILOILO,SARA,Sara Wet Market,Editha Gulayan,VQESTI5C,,,,,,,,.54,,,,,,540,,,,,scale_with_item,,,,,clear,,,,,,,,large_size
9764,1773910924514,1773910924514.jpg,90,g,sonnet sweep,0,1,0,0,,,,0,0,0,grams (g),.090000004,90,g,log10 median,carrot,pieces or units,ILOILO,SARA,talipapa,Nema,65ISKJ5X,,,,,,,,.09,,,,,,90,,,,,scale_with_item,,,,,clear,,,,,,,,municipality_median
9765,1773886876984,1773886876984.jpg,175,g,sonnet sweep,0,1,0,0,,,,0,0,0,grams (g),.175,175,g,log10 median,carrot,pieces or units,ILOILO,SARA,Sara wet market,Nokia Vegetables Store,E4HLRDDE,,,,,,,,.175,,,,,,175,,,,,scale_with_item,,,,,clear,,,,,,,,municipality_median
9766,1773885711581,1773885711581.jpg,130,g,sonnet sweep,0,1,0,0,,,,0,0,0,grams (g),.13,130,g,log10 median,carrot,pieces or units,ILOILO,SARA,Sara wet market,Baby Store,OA6W2QYL,,,,,,,,.13,,,,,,130,,,,,scale_with_item,,,,,clear,,,,,,,,municipality_median
9767,1773880419198,1773880419198.jpg,125,g,sonnet sweep,0,1,0,0,,,,0,0,0,grams (g),.125,125,g,log10 median,carrot,pieces or units,ILOILO,SARA,Sara wet market,MRD Grocery Store,Q5OJEAE0,,,,,,,,.125,,,,,,125,,,,,scale_with_item,,,,,clear,,,,,,,,municipality_median
9780,1773891409239,1773891409239.jpg,30,g,sonnet sweep,0,1,0,0,,,,0,0,0,grams (g),.029999999,30,g,log10 median,"crackers, cookies, buiscuits, chips/curls",pieces or units,ILOILO,SARA,Sara wet market,Freyl & Shirmyne  Store,7AQDK3D1,,,,,,,,.03,,,,,,30,,,,,scale_with_item,,,,,clear,,,,,,,,small_size
9781,1773912338773,1773912338773.jpg,30,g,sonnet sweep,0,1,0,0,,,,0,0,0,grams (g),.029999999,30,g,log10 median,"crackers, cookies, buiscuits, chips/curls",pieces or units,ILOILO,SARA,talipapa,Lucia Store,E6QJD6IP,,,,,,,,.03,,,,,,30,,,,,scale_with_item,,,,,clear,,,,,,,,small_size
9782,1773969797946,1773969797946.jpg,25,g,sonnet sweep,0,1,0,0,,,,0,0,0,grams (g),.025,25,g,log10 median,"crackers, cookies, buiscuits, chips/curls",pieces or units,ILOILO,SARA,Sara roadside,Hansea Variety Store,GADDJBU9,,,,,,,,.025,,,,,,25,,,,,scale_with_item,,,,,clear,,,,,,,,small_size
9783,1773968384316,1773968384316.jpg,25,g,sonnet sweep,0,1,0,0,,,,0,0,0,grams (g),.025,25,g,log10 median,"crackers, cookies, buiscuits, chips/curls",pieces or units,ILOILO,SARA,Sara roadside,Dudz Cafe & Bistro,I811FJHL,,,,,,,,.025,,,,,,25,,,,,scale_with_item,,,,,clear,,,,,,,,small_size
9784,1773968407167,1773968407167.jpg,75,g,sonnet sweep,0,1,0,0,NET WT. 2.47 oz (70g),70,g,1,0,1,grams (g),.075000003,75,g,log10 median,"crackers, cookies, buiscuits, chips/curls",pieces or units,ILOILO,SARA,Sara roadside,Dudz Cafe & Bistro,I811FJHL,,,,,,,,.075,,,,,,75,,,,,scale_with_item,,,,,clear,,,,,NET WT. 2.47 oz (70g),,,medium_size
9785,1773968432743,1773968432743.jpg,100,g,sonnet sweep,0,1,0,0,,,,0,0,0,grams (g),.1,100,g,log10 median,"crackers, cookies, buiscuits, chips/curls",pieces or units,ILOILO,SARA,Sara roadside,Dudz Cafe & Bistro,I811FJHL,,,,,,,,.1,,,,,,100,,,,,scale_with_item,,,,,clear,,,,,,,,large_size
9786,1773893435756,1773893435756.jpg,30,g,sonnet sweep,0,1,0,0,,,,0,0,0,grams (g),.029999999,30,g,log10 median,"crackers, cookies, buiscuits, chips/curls",pieces or units,ILOILO,SARA,None,Adonis Store,IA3J8BRB,,,,,,,,.03,,,,,,30,,,,,scale_with_item,,,,,clear,,,,,,,,small_size
9787,1773893524727,1773893524727.jpg,,,,0,0,0,0,,,,0,0,0,grams (g),.1,100,g,log10 median,"crackers, cookies, buiscuits, chips/curls",pieces or units,ILOILO,SARA,None,Adonis Store,IA3J8BRB,,,,,,,,,,,,,,,,,,,scale_with_item,,,,,ambiguous,,,,,,,,medium_size
9788,1773893550605,1773893550605.jpg,120,g,sonnet sweep,0,1,0,0,,,,0,0,0,grams (g),.12,120,g,log10 median,"crackers, cookies, buiscuits, chips/curls",pieces or units,ILOILO,SARA,None,Adonis Store,IA3J8BRB,,,,,,,,.12,,,,,,120,,,,,scale_with_item,,,,,clear,,,,,,,,large_size
9789,1773967474115,1773967474115.jpg,45,g,sonnet sweep,0,1,0,0,NET WT. 1.41 oz (40g),40,g,1,0,1,grams (g),.045000002,45,g,log10 median,"crackers, cookies, buiscuits, chips/curls",pieces or units,ILOILO,SARA,Sara roadside,JV Store,JCXCNJ3P,,,,,,,,.045,,,,,,45,,,,,scale_with_item,,,,,clear,,,,,NET WT. 1.41 oz (40g),,,small_size
9790,1773880892030,1773880892030.jpg,25,g,human,1,1,0,0,,,,0,0,0,grams (g),.025,25,g,log10 median,"crackers, cookies, buiscuits, chips/curls",pieces or units,ILOILO,SARA,Sara wet market,MRD Grocery Store,LO98O981,.025,0.025,scale,0,,.025,.025,,,.025,25,25,25,,,25,scale_with_item,scale_with_item,,,scale_with_item,clear,clear,,,clear,,,,,,small_size
9791,1773880935545,1773880935545.jpg,45,g,sonnet sweep,0,1,0,0,,,,0,0,0,grams (g),.045000002,45,g,log10 median,"crackers, cookies, buiscuits, chips/curls",pieces or units,ILOILO,SARA,Sara wet market,MRD Grocery Store,LO98O981,,,,,,,,.045,,,,,,45,,,,,scale_with_item,,,,,clear,,,,,,,,medium_size
9792,1773880960957,1773880960957.jpg,55,g,sonnet sweep,0,1,0,0,,,,0,0,0,grams (g),.055,55,g,log10 median,"crackers, cookies, buiscuits, chips/curls",pieces or units,ILOILO,SARA,Sara wet market,MRD Grocery Store,LO98O981,,,,,,,,.055,,,,,,55,,,,,scale_with_item,,,,,clear,,,,,,,,large_size
9793,1773911775265,1773911775265.jpg,,,,0,0,0,0,,,,0,0,0,grams (g),.029999999,30,g,log10 median,"crackers, cookies, buiscuits, chips/curls",pieces or units,ILOILO,SARA,Talipapa,Kyle Store,WBMW4S4D,,,,,,,,,,,,,,,,,,,scale_with_item,,,,,ambiguous,,,,,,,,medium_size
9794,1773911821381,1773911821381.jpg,100,g,sonnet sweep,0,1,0,0,,,,0,0,0,grams (g),.1,100,g,log10 median,"crackers, cookies, buiscuits, chips/curls",pieces or units,ILOILO,SARA,Talipapa,Kyle Store,WBMW4S4D,,,,,,,,.1,,,,,,100,,,,,scale_with_item,,,,,clear,,,,,,,,large_size
9795,1773912414414,1773912414414.jpg,60,g,sonnet sweep,0,1,0,0,,,,0,0,0,grams (g),.059999999,60,g,log10 median,"crackers, cookies, buiscuits, chips/curls",pieces or units,ILOILO,SARA,talipapa,Lucia Store,X7XHKARL,,,,,,,,.06,,,,,,60,,,,,scale_with_item,,,,,clear,,,,,,,,small_size
9796,1773893731859,1773893731859.jpg,25,g,sonnet sweep,0,1,0,0,,,,0,0,0,grams (g),.025,25,g,block governs,"crackers, cookies, buiscuits, chips/curls",putos,ILOILO,SARA,Sara roadside,Adonis Store,2I56WP1F,,,,,,,,.025,,,,,,25,,,,,scale_with_item,,,,,clear,,,,,,,,small_size
9797,1773881150171,1773881150171.jpg,30,g,sonnet sweep,0,1,0,0,,,,0,0,0,grams (g),.029999999,30,g,block governs,"crackers, cookies, buiscuits, chips/curls",putos,ILOILO,SARA,Sara wet market,MRD Grocery Store,QWPG5NNE,,,,,,,,.03,,,,,,30,,,,,scale_with_item,,,,,clear,,,,,,,,small_size
9798,1773881173619,1773881173619.jpg,60,g,sonnet sweep,0,1,0,0,,,,0,0,0,grams (g),.059999999,60,g,log10 median,"crackers, cookies, buiscuits, chips/curls",putos,ILOILO,SARA,Sara wet market,MRD Grocery Store,QWPG5NNE,,,,,,,,.06,,,,,,60,,,,,scale_with_item,,,,,clear,,,,,,,,medium_size
9799,1773969859472,1773969859472.jpg,25,g,human,1,1,0,0,,,,0,0,0,grams (g),.025,25,g,block governs,"crackers, cookies, buiscuits, chips/curls",putos,ILOILO,SARA,Sara roadside,Hansea Variety Store,Z9FQSP2Q,.025,0.025,scale,0,,.025,.025,,,.025,25,25,25,,,25,scale_with_item,scale_with_item,,,scale_with_item,clear,clear,,,ambiguous,,,,,,small_size
9800,1773969875004,1773969875004.jpg,60,g,sonnet sweep,0,1,0,0,Net Weight. 60 g (2.12 oz.),60,g,1,0,1,grams (g),.059999999,60,g,log10 median,"crackers, cookies, buiscuits, chips/curls",putos,ILOILO,SARA,Sara roadside,Hansea Variety Store,Z9FQSP2Q,,,,,,,,.06,,,,,,60,,,,,scale_with_item,,,,,clear,,,,,Net Weight. 60 g (2.12 oz.),,,medium_size
9801,1773967404802,1773967404802.jpg,55,g,sonnet sweep,0,1,0,0,,,,0,0,0,grams (g),.055,55,g,log10 median,"crackers, cookies, buiscuits, chips/curls",putos,ILOILO,SARA,Roadside,JV Store,ZYPEBCK0,,,,,,,,.055,,,,,,55,,,,,scale_with_item,,,,,clear,,,,,,,,small_size
9802,1773909158265,1773909158265.jpg,185,g,sonnet sweep,0,1,0,0,,,,0,0,0,grams (g),.185,185,g,log10 median,fresh fish,pieces or units,ILOILO,SARA,Talipapa,none,1IRIT05H,,,,,,,,.185,,,,,,185,,,,,scale_with_item,,,,,clear,,,,,,,,mp50_price
9803,1773909225004,1773909225004.jpg,460,g,sonnet sweep,0,1,0,0,,,,0,0,0,grams (g),.46000001,460,g,log10 median,fresh fish,pieces or units,ILOILO,SARA,Talipapa,none,1IRIT05H,,,,,,,,.46,,,,,,460,,,,,scale_with_item,,,,,clear,,,,,,,,mp75_price
9804,1773883963138,1773883963138.jpg,165,g,sonnet sweep,0,1,0,0,,,,0,0,0,grams (g),.16500001,165,g,log10 median,fresh fish,pieces or units,ILOILO,SARA,Sara Wet Market,Nida Fish Stall,CEILWABS,,,,,,,,.165,,,,,,165,,,,,scale_with_item,,,,,clear,,,,,,,,mp50_price
9805,1773884022928,1773884022928.jpg,250,g,sonnet sweep,0,1,0,0,,,,0,0,0,grams (g),.25,250,g,log10 median,fresh fish,pieces or units,ILOILO,SARA,Sara Wet Market,Nida Fish Stall,CEILWABS,,,,,,,,.25,,,,,,250,,,,,scale_with_item,,,,,clear,,,,,,,,mp75_price
9806,1773884755283,1773884755283.jpg,170,g,sonnet sweep,0,1,0,0,,,,0,0,0,grams (g),.17,170,g,log10 median,fresh fish,pieces or units,ILOILO,SARA,Sara wet market,Ermelo Fish Stand,I0NFYZ3C,,,,,,,,.17,,,,,,170,,,,,scale_with_item,,,,,clear,,,,,,,,mp50_price
9807,1773884873438,1773884873438.jpg,365,g,sonnet sweep,0,1,0,0,,,,0,0,0,grams (g),.36500001,365,g,log10 median,fresh fish,pieces or units,ILOILO,SARA,Sara wet market,Ermelo Fish Stand,I0NFYZ3C,,,,,,,,.365,,,,,,365,,,,,scale_with_item,,,,,clear,,,,,,,,mp75_price
9808,1773912983539,1773912983539.jpg,145,g,sonnet sweep,0,1,0,0,,,,0,0,0,grams (g),.145,145,g,log10 median,fresh fish,pieces or units,ILOILO,SARA,Roadside,none,PJCZY3NR,,,,,,,,.145,,,,,,145,,,,,scale_with_item,,,,,clear,,,,,,,,mp50_price
9809,1773913068065,1773913068065.jpg,485,g,sonnet sweep,0,1,0,0,,,,0,0,0,grams (g),.48500001,485,g,log10 median,fresh fish,pieces or units,ILOILO,SARA,Roadside,none,PJCZY3NR,,,,,,,,.485,,,,,,485,,,,,scale_with_item,,,,,clear,,,,,,,,mp75_price
9810,1773883277998,1773883277998.jpg,175,g,sonnet sweep,0,1,0,0,,,,0,0,0,grams (g),.175,175,g,log10 median,fresh fish,pieces or units,ILOILO,SARA,Sara Wet Market,Edsel Isdaan,UUHKHBV1,,,,,,,,.175,,,,,,175,,,,,scale_with_item,,,,,clear,,,,,,,,mp50_price
9811,1773883336722,1773883336722.jpg,300,g,sonnet sweep,0,1,0,0,,,,0,0,0,grams (g),.30000001,300,g,log10 median,fresh fish,pieces or units,ILOILO,SARA,Sara Wet Market,Edsel Isdaan,UUHKHBV1,,,,,,,,.3,,,,,,300,,,,,scale_with_item,,,,,clear,,,,,,,,mp75_price
9812,1773910058890,1773910058890.jpg,160,g,sonnet sweep,0,1,0,0,,,,0,0,0,grams (g),.16,160,g,log10 median,fresh fish,pieces or units,ILOILO,SARA,talipapa,none,WBZ2RY61,,,,,,,,.16,,,,,,160,,,,,scale_with_item,,,,,clear,,,,,,,,mp50_price
9813,1773910157109,1773910157109.jpg,465,g,sonnet sweep,0,1,0,0,,,,0,0,0,grams (g),.46000001,460,g,log10 median,fresh fish,pieces or units,ILOILO,SARA,talipapa,none,WBZ2RY61,,,,,,,,.465,,,,,,465,,,,,scale_with_item,,,,,clear,,,,,,,,mp75_price
9814,1773907838778,1773907838778.jpg,135,g,sonnet sweep,0,1,0,0,,,,0,0,0,grams (g),.13500001,135,g,log10 median,fresh fish,pieces or units,ILOILO,SARA,Talipapa Brgy. Aspera,Panes Store,ZBFZFZ5H,,,,,,,,.135,,,,,,135,,,,,scale_with_item,,,,,clear,,,,,,,,mp50_price
9815,1773907932808,1773907932808.jpg,405,g,sonnet sweep,0,1,0,0,,,,0,0,0,grams (g),.405,405,g,log10 median,fresh fish,pieces or units,ILOILO,SARA,Talipapa Brgy. Aspera,Panes Store,ZBFZFZ5H,,,,,,,,.405,,,,,,405,,,,,scale_with_item,,,,,clear,,,,,,,,mp75_price
9816,1773910264761,1773910264761.jpg,1530,g,sonnet sweep,0,1,0,0,,,,0,0,0,grams (g),.52999997,530,g,block governs,fresh fish,pack,ILOILO,SARA,talipapa,none,54YXCTJ2,,,,,,,,1.53,,,,,,1530,,,,,scale_with_item,,,,,clear,,,,,,,,province_median
9817,1773913217221,1773913217221.jpg,575,g,human,1,1,0,0,,,,0,0,0,grams (g),.57499999,575,g,block governs,fresh fish,pack,ILOILO,SARA,Sara roadside,none,5V7TM8AI,.575,0.575,scale,0,,.575,.575,,,.515,575,575,575,,,515,scale_with_item,scale_with_item,,,scale_with_item,clear,clear,,,probable,,,,,,province_median
9818,1773883700236,1773883700236.jpg,340,g,sonnet sweep,0,1,0,0,,,,0,0,0,grams (g),.34,340,g,block governs,fresh fish,pack,ILOILO,SARA,Sara wet market,Edsel Isdaan,EL3QFME2,,,,,,,,.34,,,,,,340,,,,,scale_with_item,,,,,clear,,,,,,,,province_median
9819,1773884142426,1773884142426.jpg,435,g,sonnet sweep,0,1,0,0,,,,0,0,0,grams (g),.435,435,g,block governs,fresh fish,pack,ILOILO,SARA,Sara wet market,Nida Fish Stall,FIV0KTLP,,,,,,,,.435,,,,,,435,,,,,scale_with_item,,,,,clear,,,,,,,,province_median
9820,1773884976006,1773884976006.jpg,665,g,sonnet sweep,0,1,0,0,,,,0,0,0,grams (g),.66500002,665,g,block governs,fresh fish,pack,ILOILO,SARA,Sara wet market,Ermelo Fish Stand,R3EVEMYE,,,,,,,,.665,,,,,,665,,,,,scale_with_item,,,,,clear,,,,,,,,province_median
9821,1773908060747,1773908060747.jpg,380,g,sonnet sweep,0,1,0,0,,,,0,0,0,grams (g),.38,380,g,block governs,fresh fish,pack,ILOILO,SARA,talipapa,Panes Store,WJGYWX4E,,,,,,,,.38,,,,,,380,,,,,scale_with_item,,,,,clear,,,,,,,,province_median
9822,1773909362454,1773909362454.jpg,575,g,sonnet sweep,0,1,0,0,,,,0,0,0,grams (g),.57499999,575,g,block governs,fresh fish,pack,ILOILO,SARA,talipapa,none,WOYA6XQC,,,,,,,,.575,,,,,,575,,,,,scale_with_item,,,,,clear,,,,,,,,province_median
9823,1773881388696,1773881388696.jpg,35,g,sonnet sweep,0,1,0,0,,,,0,0,0,grams (g),.035,35,g,log10 median,"ice cream, sorbet, edible ice (eg., ice-lolli, halo-halo)",pieces or units,ILOILO,SARA,Sara wet market,MRD Grocery Store,3ZAYZGAP,,,,,,,,.035,,,,,,35,,,,,scale_with_item,,,,,clear,,,,,,,,small_size
9824,1773881437391,1773881437391.jpg,50,g,sonnet sweep,0,1,0,0,,,,0,0,0,grams (g),.050000001,50,g,log10 median,"ice cream, sorbet, edible ice (eg., ice-lolli, halo-halo)",pieces or units,ILOILO,SARA,Sara wet market,MRD Grocery Store,3ZAYZGAP,,,,,,,,.05,,,,,,50,,,,,scale_with_item,,,,,clear,,,,,,,,medium_size
9825,1773881460694,1773881460694.jpg,60,mL,sonnet sweep + mL label,0,1,1,1,60mL,60,mL,1,0,1,grams (g),.059999999,60,g,log10 median,"ice cream, sorbet, edible ice (eg., ice-lolli, halo-halo)",pieces or units,ILOILO,SARA,Sara wet market,MRD Grocery Store,3ZAYZGAP,,,,,,,,.06,,,,,,60,,,,,scale_with_item,,,,,clear,,,,,60mL,,,large_size
9826,1773968256826,1773968256826.jpg,64,mL,sonnet sweep + mL label,0,1,1,1,Net Content: 64ml (60g),64,mL,1,0,1,grams (g),.064999998,65,g,log10 median,"ice cream, sorbet, edible ice (eg., ice-lolli, halo-halo)",pieces or units,ILOILO,SARA,Roadside,Dudz Cafe & Bistro,7Y3USDML,,,,,,,,.065,,,,,,65,,,,,scale_with_item,,,,,clear,,,,,Net Content: 64ml (60g),,,small_size
9827,1773969666786,1773969666786.jpg,25,g,sonnet sweep,0,1,0,0,,,,0,0,0,grams (g),.025,25,g,log10 median,"ice cream, sorbet, edible ice (eg., ice-lolli, halo-halo)",pieces or units,ILOILO,SARA,Roadside,Hansea Variety Store,883AHZQD,,,,,,,,.025,,,,,,25,,,,,scale_with_item,,,,,clear,,,,,,,,small_size
9828,1778645527648,1778645527648.jpg,60,mL,package label (mL),0,1,1,1,60mL,60,mL,1,0,1,Litres (L),.60000002,600,g,block governs,"ice cream, sorbet, edible ice (eg., ice-lolli, halo-halo)",pieces or units,ILOILO,SARA,Sara roadside,7/11,TC5VAR2Z,,,,,,,,,,,,,,,,,,,item_no_scale,,,,,not_visible,,,,,60mL,,,small_size
9829,1773968311172,1773968311172.jpg,220,g,sonnet sweep,0,1,0,0,,,,0,0,0,grams (g),.22,220,g,log10 median,"ice cream, sorbet, edible ice (eg., ice-lolli, halo-halo)",small cup,ILOILO,SARA,Sara roadside,Dudz Cafe & Bistro,KH2QO1PZ,,,,,,,,.22,,,,,,220,,,,,scale_with_item,,,,,clear,,,,,,,,small_size
9830,1778645301344,1778645301344.jpg,100,mL,package label (mL),0,1,1,1,100mL,100,mL,1,0,1,Litres (L),.1,100,g,log10 median,"ice cream, sorbet, edible ice (eg., ice-lolli, halo-halo)",small cup,ILOILO,SARA,Sara roadside,7/11,R09FZD6F,,,,,,,,,,,,,,,,,,,label_closeup,,,,,not_visible,,,,,100mL,,,small_size
9831,1773969726706,1773969726706.jpg,55,g,sonnet sweep,0,1,0,0,,,,0,0,0,grams (g),.055,55,g,log10 median,"ice cream, sorbet, edible ice (eg., ice-lolli, halo-halo)",small cup,ILOILO,SARA,Sara roadside,Hansea Variety Store,YFKJVLNZ,,,,,,,,.055,,,,,,55,,,,,scale_with_item,,,,,clear,,,,,,,,small_size
9832,1773881537976,1773881537976.jpg,60,g,sonnet sweep,0,1,0,0,,,,0,0,0,grams (g),.059999999,60,g,log10 median,"ice cream, sorbet, edible ice (eg., ice-lolli, halo-halo)",small cup,ILOILO,SARA,Sara wet market,MRD Grocery Store,YKMNXIRW,,,,,,,,.06,,,,,,60,,,,,scale_with_item,,,,,clear,,,,,,,,small_size
9833,1773881573535,1773881573535.jpg,220,g,sonnet sweep,0,1,0,0,,,,0,0,0,grams (g),.22,220,g,log10 median,"ice cream, sorbet, edible ice (eg., ice-lolli, halo-halo)",small cup,ILOILO,SARA,Sara wet market,MRD Grocery Store,YKMNXIRW,,,,,,,,.22,,,,,,220,,,,,scale_with_item,,,,,clear,,,,,,,,medium_size
9834,1773881589995,1773881589995.jpg,425,g,sonnet sweep,0,1,0,0,,,,0,0,0,grams (g),.42500001,425,g,block governs,"ice cream, sorbet, edible ice (eg., ice-lolli, halo-halo)",small cup,ILOILO,SARA,Sara wet market,MRD Grocery Store,YKMNXIRW,,,,,,,,.425,,,,,,425,,,,,scale_with_item,,,,,clear,,,,,,,,large_size
9836,1773973041380,1773973041380.jpg,,,,0,0,0,0,,,,0,0,0,Litres (L),.00121,121,mL,log10 median,"liquor (e.g, whisky, coconut wine)",lipid/lapad,ILOILO,SARA,Sara roadside,Ron Ron Store,9A48BQ6I,,,,,,,,,,,,,,,,,,,item_no_scale,,,,,not_visible,,,,,,,,large_size
9844,1773973089260,1773973089260.jpg,,,,0,0,0,0,,,,0,0,0,Litres (L),.00121,1210,mL,log10 median,"liquor (e.g, whisky, coconut wine)",long-neck,ILOILO,SARA,Sara roadside,Ron Ron Store,YP7J08QS,,,,,,,,,,,,,,,,,,,item_no_scale,,,,,not_visible,,,,,,,,large_size
9845,1773889635148,1773889635148.jpg,570,g,sonnet sweep,0,1,0,0,Net Wt. 500g,500,g,1,0,1,grams (g),.56999999,570,g,log10 median,loaf bread,large packs,ILOILO,SARA,Sara Wet Market,Sophia and Cheska Store,NEJK9V9G,,,,,,,,.57,,,,,,570,,,,,scale_with_item,,,,,clear,,,,,Net Wt. 500g,,,medium_size
9846,1773889662528,1773889662528.jpg,765,g,sonnet sweep,0,1,0,0,,,,0,0,0,grams (g),.76499999,765,g,log10 median,loaf bread,large packs,ILOILO,SARA,Sara Wet Market,Sophia and Cheska Store,NEJK9V9G,,,,,,,,.765,,,,,,765,,,,,scale_with_item,,,,,clear,,,,,,,,large_size
9847,1773891283380,1773891283380.jpg,350,g,package label (g),0,1,1,0,Net Wt. 350 g,350,g,1,0,1,grams (g),.38499999,385,g,log10 median,loaf bread,large packs,ILOILO,SARA,Sara Wet Market,Freyl & Shirmyne  Store,XSMVLZJC,,,,,,,,,,,,,,,,,,,label_closeup,,,,,not_visible,,,,,Net Wt. 350 g,,,small_size
9848,1773891309041,1773891309041.jpg,675,g,sonnet sweep,0,1,0,0,,,,0,0,0,grams (g),.67500001,675,g,log10 median,loaf bread,large packs,ILOILO,SARA,Sara Wet Market,Freyl & Shirmyne  Store,XSMVLZJC,,,,,,,,.675,,,,,,675,,,,,scale_with_item,,,,,clear,,,,,,,,large_size
9850,1773972447607,1773972447607.jpg,285,g,sonnet sweep,0,1,0,0,,,,0,0,0,grams (g),.285,285,g,log10 median,loaf bread,small packs,ILOILO,SARA,Roadside store,Bok onyo Store,KKN1L3SX,,,,,,,,.285,,,,,,285,,,,,scale_with_item,,,,,clear,,,,,,,,small_size
9851,1773972465581,1773972465581.jpg,430,g,sonnet sweep,0,1,0,0,,,,0,0,0,grams (g),.43000001,430,g,log10 median,loaf bread,small packs,ILOILO,SARA,Roadside store,Bok onyo Store,KKN1L3SX,,,,,,,,.43,,,,,,430,,,,,scale_with_item,,,,,clear,,,,,,,,medium_size
9852,1773972482502,1773972482502.jpg,670,g,sonnet sweep,0,1,0,0,,,,0,0,0,grams (g),.67000002,670,g,log10 median,loaf bread,small packs,ILOILO,SARA,Roadside store,Bok onyo Store,KKN1L3SX,,,,,,,,.67,,,,,,670,,,,,scale_with_item,,,,,clear,,,,,,,,large_size
9853,1773892939922,1773892939922.jpg,205,g,sonnet sweep,0,1,0,0,,,,0,0,0,grams (g),.205,205,g,log10 median,mango,pieces or units,ILOILO,SARA,Prutasan,Boboy Fruit Stand,694HOG75,,,,,,,,.205,,,,,,205,,,,,scale_with_item,,,,,clear,,,,,,,,small_size
9854,1773892963943,1773892963943.jpg,245,g,sonnet sweep,0,1,0,0,,,,0,0,0,grams (g),.245,245,g,log10 median,mango,pieces or units,ILOILO,SARA,Prutasan,Boboy Fruit Stand,694HOG75,,,,,,,,.245,,,,,,245,,,,,scale_with_item,,,,,clear,,,,,,,,medium_size
9855,1773892991184,1773892991184.jpg,355,g,sonnet sweep,0,1,0,0,,,,0,0,0,grams (g),.35499999,355,g,log10 median,mango,pieces or units,ILOILO,SARA,Prutasan,Boboy Fruit Stand,694HOG75,,,,,,,,.355,,,,,,355,,,,,scale_with_item,,,,,clear,,,,,,,,large_size
9856,1773892577378,1773892577378.jpg,200,g,sonnet sweep,0,1,0,0,,,,0,0,0,grams (g),.2,200,g,log10 median,mango,pieces or units,ILOILO,SARA,Prutasan,Emor  Fruitstand,EZS2REM4,,,,,,,,.2,,,,,,200,,,,,scale_with_item,,,,,clear,,,,,,,,small_size
9857,1773892603574,1773892603574.jpg,270,g,sonnet sweep,0,1,0,0,,,,0,0,0,grams (g),.27000001,270,g,log10 median,mango,pieces or units,ILOILO,SARA,Prutasan,Emor  Fruitstand,EZS2REM4,,,,,,,,.27,,,,,,270,,,,,scale_with_item,,,,,clear,,,,,,,,medium_size
9858,1773892627988,1773892627988.jpg,280,g,sonnet sweep,0,1,0,0,,,,0,0,0,grams (g),.28,280,g,log10 median,mango,pieces or units,ILOILO,SARA,Prutasan,Emor  Fruitstand,EZS2REM4,,,,,,,,.28,,,,,,280,,,,,scale_with_item,,,,,clear,,,,,,,,large_size
9859,1773892113306,1773892113306.jpg,180,g,sonnet sweep,0,1,0,0,,,,0,0,0,grams (g),.18000001,180,g,log10 median,mango,pieces or units,ILOILO,SARA,Prutasan,Lens store,UH6GQWV4,,,,,,,,.18,,,,,,180,,,,,scale_with_item,,,,,probable,,,,,,,,small_size
9860,1773892141021,1773892141021.jpg,,,,0,0,0,0,,,,0,0,0,grams (g),.20999999,210,g,log10 median,mango,pieces or units,ILOILO,SARA,Prutasan,Lens store,UH6GQWV4,,,,,,,,,,,,,,,,,,,scale_with_item,,,,,ambiguous,,,,,,,,medium_size
9861,1773892162507,1773892162507.jpg,320,g,sonnet sweep,0,1,0,0,,,,0,0,0,grams (g),.31999999,320,g,log10 median,mango,pieces or units,ILOILO,SARA,Prutasan,Lens store,UH6GQWV4,,,,,,,,.32,,,,,,320,,,,,scale_with_item,,,,,probable,,,,,,,,large_size
9862,1773908252692,1773908252692.jpg,315,g,sonnet sweep,0,1,0,0,,,,0,0,0,grams (g),.315,315,g,log10 median,"prawns, lobster, shrimp",tumpok,ILOILO,SARA,talipapa,Panes Store,3I7HCCKZ,,,,,,,,.315,,,,,,315,,,,,scale_with_item,,,,,clear,,,,,,,,medium_size
9863,1773908350183,1773908350183.jpg,350,g,sonnet sweep,0,1,0,0,,,,0,0,0,grams (g),.34999999,350,g,log10 median,"prawns, lobster, shrimp",tumpok,ILOILO,SARA,talipapa,Panes Store,3I7HCCKZ,,,,,,,,.35,,,,,,350,,,,,scale_with_item,,,,,clear,,,,,,,,large_size
9864,1773884572418,1773884572418.jpg,145,g,sonnet sweep,0,1,0,0,,,,0,0,0,grams (g),.145,145,g,log10 median,"prawns, lobster, shrimp",tumpok,ILOILO,SARA,Sara Wet Market,Ermelo Fish Stand,GHBH2Q4G,,,,,,,,.145,,,,,,145,,,,,scale_with_item,,,,,clear,,,,,,,,small_size
9865,1773884648703,1773884648703.jpg,350,g,sonnet sweep,0,1,0,0,,,,0,0,0,grams (g),.34999999,350,g,log10 median,"prawns, lobster, shrimp",tumpok,ILOILO,SARA,Sara Wet Market,Ermelo Fish Stand,GHBH2Q4G,,,,,,,,.35,,,,,,350,,,,,scale_with_item,,,,,clear,,,,,,,,medium_size
9866,1773884278378,1773884278378.jpg,150,g,sonnet sweep,0,1,0,0,,,,0,0,0,grams (g),.15000001,150,g,log10 median,"prawns, lobster, shrimp",tumpok,ILOILO,SARA,Sara wet market,Nida Fish Stall,QF773P91,,,,,,,,.15,,,,,,150,,,,,scale_with_item,,,,,clear,,,,,,,,small_size
9867,1773883596330,1773883596330.jpg,430,g,sonnet sweep,0,1,0,0,,,,0,0,0,grams (g),.43000001,430,g,log10 median,"prawns, lobster, shrimp",tumpok,ILOILO,SARA,Sara wet market,Edsel Isdaan,Z8P875IX,,,,,,,,.43,,,,,,430,,,,,scale_with_item,,,,,clear,,,,,,,,large_size
9869,1773887017654,1773887017654.jpg,235,g,sonnet sweep,0,1,0,0,,,,0,0,0,grams (g),.235,235,g,log10 median,"preserved or processed meat (tocino, tapa, longaniza, etc)",putos,ILOILO,SARA,Sara wet market,Nokia Vegetables Store,5ZAP23LO,,,,,,,,.235,,,,,,235,,,,,scale_with_item,,,,,clear,,,,,,,,small_size
9871,1773886941780,1773886941780.jpg,240,g,sonnet sweep,0,1,0,0,NET WT. 225 g,225,g,1,0,1,grams (g),.23999999,240,g,log10 median,"preserved or processed meat (tocino, tapa, longaniza, etc)",putos,ILOILO,SARA,Sara wet market,Baby Store,XK15D0ZT,,,,,,,,.24,,,,,,240,,,,,scale_with_item,,,,,clear,,,,,NET WT. 225 g,,,small_size
9872,1773881745906,1773881745906.jpg,205,g,sonnet sweep,0,1,0,0,,,,0,0,0,grams (g),.205,205,g,log10 median,"preserved or processed meat (tocino, tapa, longaniza, etc)",putos,ILOILO,SARA,Sara wet market,MRD Grocery Store,Z4JXMCXH,,,,,,,,.205,,,,,,205,,,,,scale_with_item,,,,,clear,,,,,,,,small_size
9873,1773881778804,1773881778804.jpg,225,g,sonnet sweep,0,1,0,0,NET WT. 225 g,225,g,1,0,1,grams (g),.22499999,225,g,log10 median,"preserved or processed meat (tocino, tapa, longaniza, etc)",putos,ILOILO,SARA,Sara wet market,MRD Grocery Store,Z4JXMCXH,,,,,,,,.225,,,,,,225,,,,,scale_with_item,,,,,clear,,,,,NET WT. 225 g,,,medium_size
9994,1773731054952,1773731054952.jpg,355,mL,human (mL rule) + mL label,0,1,1,1,355 mL,355,mL,1,0,1,grams (g),700,700,g,log10 median,"drinks at restaurant, hotel, cafe, or kiosk",pieces or units,ILOILO,TIGBAUAN,Tigbauan Public market,Lumens eatery,6L7J0T81,355,355 mL,package,0,both mL (355 mL) from packaging and 0.7 kg from scale are legible from the photo. We should prioritize the volume reading from the packagin (355 mL) in such cases.,,,,,,355,,,,,,scale_with_item,,,,scale_with_item,ambiguous,,,,not_visible,355 mL,,,,,small_size
9995,1773730865630,1773730865630.jpg,355,mL,human (mL rule) + mL label,0,1,1,1,355 mL,355,mL,1,0,1,grams (g),760,760,g,log10 median,"drinks at restaurant, hotel, cafe, or kiosk",pieces or units,ILOILO,TIGBAUAN,Tigbauan Public market,Papa igme carenderia,N4OJOZ2Q,355,355 mL,package,0,both mL from packaging and kg from scale are legible from the photo. We should prioritize the volume reading from the packaging in such cases.,.78,.76,,,.66,355,780,760,,,660,scale_with_item,scale_with_item,,,scale_with_item,probable,clear,,,clear,355 mL,355 mL,,,,small_size
9996,1773730902464,1773730902464.jpg,1830,g,sonnet sweep,0,1,0,0,,,,0,0,0,Litres (L),.0018300001,183,g,log10 median,"drinks at restaurant, hotel, cafe, or kiosk",pieces or units,ILOILO,TIGBAUAN,Tigbauan Public market,Papa igme carenderia,N4OJOZ2Q,,,,,,,,1.83,,,,,,1830,,,,,scale_with_item,,,,,clear,,,,,,,,large_size
9997,1773805916177,1773805916177.jpg,745,g,sonnet sweep,0,1,0,0,,,,0,0,0,Litres (L),.745,745,g,log10 median,"drinks at restaurant, hotel, cafe, or kiosk",pieces or units,ILOILO,TIGBAUAN,Brgy.parara talipapa,Tuks and bukaka eatery,PVIZ5CG4,,,,,,,,.745,,,,,,745,,,,,scale_with_item,,,,,clear,,,,,,,,small_size
9998,1773805945639,1773805945639.jpg,,,,0,0,0,0,,,,0,0,0,Litres (L),.001835,184,g,log10 median,"drinks at restaurant, hotel, cafe, or kiosk",pieces or units,ILOILO,TIGBAUAN,Brgy.parara talipapa,Tuks and bukaka eatery,PVIZ5CG4,,,,,,,,,,,,,,,,,,,scale_with_item,,,,,ambiguous,,,,,,,,large_size
9999,1773730396940,1773730396940.jpg,300,g,human,1,1,0,0,,,,0,0,0,grams (g),300,300,g,log10 median,"drinks at restaurant, hotel, cafe, or kiosk",pieces or units,ILOILO,TIGBAUAN,Tigbauan Public market,Jnt stall,PXK6IPKK,.3,0.3,scale,0,,,.3,,,,300,,300,,,,scale_with_item,,,,scale_with_item,clear,,,,not_visible,,,,,,small_size
10000,1773730426188,1773730426188.jpg,450,g,human,1,1,0,0,,,,0,0,0,grams (g),450,450,g,log10 median,"drinks at restaurant, hotel, cafe, or kiosk",pieces or units,ILOILO,TIGBAUAN,Tigbauan Public market,Jnt stall,PXK6IPKK,.45,0.45,scale,0,,,.45,,,,450,,450,,,,scale_with_item,,,,scale_with_item,clear,,,,not_visible,,,,,,large_size
10022,1778476863778,1778476863778.jpg,110,mL,package label (mL),0,1,1,1,110 mL (3.72 fl.oz./56g),110,mL,1,0,1,Litres (L),.11,110,g,log10 median,"ice cream, sorbet, edible ice (eg., ice-lolli, halo-halo)",pieces or units,ILOILO,TIGBAUAN,Roadside Tigbauan,Cm sari sari store,1GLMYW6A,,,,,,,,,,,,,,,,,,,label_closeup,,,,,not_visible,,,,,110 mL (3.72 fl.oz./56g),,,small_size
10028,1773721624084,1773721624084.jpg,490,g,human,1,1,0,0,,,,0,0,0,grams (g),490,490,g,block governs,"ice cream, sorbet, edible ice (eg., ice-lolli, halo-halo)",pieces or units,ILOILO,TIGBAUAN,Tigbauan public market,Bing-bing Store,JEVARVLA,.49,0.49,scale,0,"mL not legible from packaging, hence adopt the kg reading from the scale",.49,.49,,,.789,490,490,490,,,789,scale_with_item,scale_with_item,,,scale_with_item,clear,clear,,,clear,,,,,,large_size
10030,1778477044611,1778477044611.jpg,950,mL,package label (mL),0,1,1,1,950mL,950,mL,1,0,1,Litres (L),.94999999,950,g,block governs,"ice cream, sorbet, edible ice (eg., ice-lolli, halo-halo)",gallons,ILOILO,TIGBAUAN,Roadside Tigbauan,Cm sari sari store,1I5A6B60,,,,,,,,,,,,,,,,,,,label_closeup,,,,,not_visible,,,,,950mL,,,medium_size
10034,1778476989525,1778476989525.jpg,,,,0,0,0,0,,,,0,0,0,Litres (L),.18000001,180,g,log10 median,"ice cream, sorbet, edible ice (eg., ice-lolli, halo-halo)",small cup,ILOILO,TIGBAUAN,Roadside Tigbauan,Cm sari sari store,K20F1379,,,,,,,,,,,,,,,,,,,label_closeup,,,,,not_visible,,,,,,,,medium_size
10036,1778477470245,1778477470245.jpg,,,,0,0,0,0,,,,0,0,0,Litres (L),.12,120,g,log10 median,"ice cream, sorbet, edible ice (eg., ice-lolli, halo-halo)",small cup,ILOILO,TIGBAUAN,Brgy.napnapan roadside,Darlene sari sari store,R35ELQCH,,,,,,,,,,,,,,,,,,,item_no_scale,,,,,not_visible,,,,,,,,small_size
10037,1778477131307,1778477131307.jpg,60,mL,package label (mL),0,1,1,1,Net Contains. 60mL,60,mL,1,0,1,Litres (L),.085000001,85,g,log10 median,"ice cream, sorbet, edible ice (eg., ice-lolli, halo-halo)",pieces or units,ILOILO,TIGBAUAN,Roadside Tigbauan,Cm sari sari store,1UQ8LQ1Q,,,,,,,,,,,,,,,,,,,item_no_scale,,,,,not_visible,,,,,Net Contains. 60mL,,,small_size
10041,1778477588282,1778477588282.jpg,,,,0,0,0,0,,,,0,0,0,Litres (L),.064999998,65,g,log10 median,"ice cream, sorbet, edible ice (eg., ice-lolli, halo-halo)",putos,ILOILO,TIGBAUAN,Roadside Tigbauan,Darlene sari sari store,1DNOI6S6,,,,,,,,,,,,,,,,,,,item_no_scale,,,,,not_visible,,,,,,,,small_size
10045,1778476930805,1778476930805.jpg,85,mL,package label (mL),0,1,1,1,Net Content: 85mL,85,mL,1,0,1,Litres (L),.085000001,85,g,log10 median,"ice cream, sorbet, edible ice (eg., ice-lolli, halo-halo)",putos,ILOILO,TIGBAUAN,Roadside Tigbauan,Cm sari sari store,R8R82270,,,,,,,,,,,,,,,,,,,label_closeup,,,,,not_visible,,,,,Net Content: 85mL,,,small_size
10047,1773721978047,1773721978047.jpg,485,g,human,1,1,0,0,,,,0,0,0,grams (g),485,485,g,block governs,"ice cream, sorbet, edible ice (eg., ice-lolli, halo-halo)",small cup,ILOILO,TIGBAUAN,Tigbauan public market,Bing-bing Store,PWLDCULA,.485,0.485,scale,0,"mL not legible from packaging, hence adopt the kg reading from the scale",,.485,,,,485,,485,,,,scale_with_item,,,,scale_with_item,clear,,,,not_visible,,,,,,large_size
10050,1773726701199,1773726701199.jpg,680,g,sonnet sweep,0,1,0,0,,,,0,0,0,grams (g),680,680,mL,log10 median,"liquor (e.g, whisky, coconut wine)",lipid/lapad,ILOILO,TIGBAUAN,Tigbauan Public market,John minimart,6UVYHGOK,,,,,,,,.68,,,,,,680,,,,,scale_with_item,,,,,clear,,,,,,,,small_size
10053,1773797402365,1773797402365.jpg,375,mL,package label (mL),0,1,1,1,375 mL,375,mL,1,0,1,grams (g),675,675,mL,log10 median,"liquor (e.g, whisky, coconut wine)",lipid/lapad,ILOILO,TIGBAUAN,Brgy.atabayan talipapa,Katelyne store,M7LME9EY,,,,,,,,,,,,,,,,,,,scale_with_item,,,,,ambiguous,,,,,375 mL,,,small_size
10055,1773727459221,1773727459221.jpg,705,g,sonnet sweep,0,1,0,0,,,,0,0,0,grams (g),705,705,mL,log10 median,"liquor (e.g, whisky, coconut wine)",lipid/lapad,ILOILO,TIGBAUAN,Tigbauan Public market,Rapid grocery store,OE7T9Q1Q,,,,,,,,.705,,,,,,705,,,,,scale_with_item,,,,,clear,,,,,,,,medium_size
10056,1773726185027,1773726185027.jpg,680,g,sonnet sweep,0,1,0,0,,,,0,0,0,grams (g),680,680,mL,log10 median,"liquor (e.g, whisky, coconut wine)",lipid/lapad,ILOILO,TIGBAUAN,Tigbauan public market,Jmt store,XCSZM421,,,,,,,,.68,,,,,,680,,,,,scale_with_item,,,,,clear,,,,,,,,small_size
10057,1773807561400,1773807561400.jpg,1240,g,sonnet sweep,0,1,0,0,,,,0,0,0,Litres (L),.00124,1240,mL,log10 median,"liquor (e.g, whisky, coconut wine)",long-neck,ILOILO,TIGBAUAN,Roadside Tigbauan,Daddybot,1XLLKI38,,,,,,,,1.24,,,,,,1240,,,,,scale_with_item,,,,,clear,,,,,,,,large_size
10058,1773802738941,1773802738941.jpg,1160,g,sonnet sweep,0,1,0,0,,,,0,0,0,Litres (L),.00116,1160,mL,log10 median,"liquor (e.g, whisky, coconut wine)",long-neck,ILOILO,TIGBAUAN,Tigbauan Parara talipapa,A and j store,8Q2Y7H1W,,,,,,,,1.16,,,,,,1160,,,,,scale_with_item,,,,,clear,,,,,,,,medium_size
10059,1773811538004,1773811538004.jpg,1215,g,sonnet sweep,0,1,0,0,,,,0,0,0,Litres (L),.0012150001,1215,mL,log10 median,"liquor (e.g, whisky, coconut wine)",long-neck,ILOILO,TIGBAUAN,Roadside Tigbauan,Change store,93OR84RB,,,,,,,,1.215,,,,,,1215,,,,,scale_with_item,,,,,clear,,,,,,,,large_size
10060,1773795261509,1773795261509.jpg,1215,g,sonnet sweep,0,1,0,0,,,,0,0,0,Litres (L),.0012150001,1215,mL,log10 median,"liquor (e.g, whisky, coconut wine)",long-neck,ILOILO,TIGBAUAN,Tigbauan Parara talipapa,Maling store,D1ID9LPQ,,,,,,,,1.215,,,,,,1215,,,,,scale_with_item,,,,,clear,,,,,,,,large_size
10061,1773726748950,1773726748950.jpg,,,,0,0,0,0,,,,0,0,0,Kilograms (Kgs),1.24,1240,mL,log10 median,"liquor (e.g, whisky, coconut wine)",long-neck,ILOILO,TIGBAUAN,Tigbauan public market,John minimart,E3EXWGHB,,,,,,,,,,,,,,,,,,,scale_with_item,,,,,ambiguous,,,,,,,,large_size
10062,1773726122673,1773726122673.jpg,1215,g,sonnet sweep,0,1,0,0,,,,0,0,0,Kilograms (Kgs),1.215,1215,mL,log10 median,"liquor (e.g, whisky, coconut wine)",long-neck,ILOILO,TIGBAUAN,Tigbauan Public market,Jmt store,EUSKOIB6,,,,,,,,1.215,,,,,,1215,,,,,scale_with_item,,,,,probable,,,,,,,,large_size
10063,1773796204071,1773796204071.jpg,,,,0,0,0,0,,,,0,0,0,Litres (L),.001225,1225,mL,log10 median,"liquor (e.g, whisky, coconut wine)",long-neck,ILOILO,TIGBAUAN,Tigbauan Parara talipapa,Syanya store,N1GM9ZO6,,,,,,,,,,,,,,,,,,,scale_with_item,,,,,not_visible,,,,,,,,large_size
10065,1773727536899,1773727536899.jpg,1495,g,sonnet sweep,0,1,0,0,,,,0,0,0,Litres (L),.001495,1495,mL,log10 median,"liquor (e.g, whisky, coconut wine)",long-neck,ILOILO,TIGBAUAN,Tigbauan public market,Rapid grocery store,VGQ28V7J,,,,,,,,1.495,,,,,,1495,,,,,scale_with_item,,,,,clear,,,,,,,,large_size
10159,1774487681368,1774487681368.jpg,64,mL,package label (mL),0,1,1,1,Net Content: 64ml (60g),64,mL,1,0,1,grams (g),60,60,mL,log10 median,"ice cream, sorbet, edible ice (eg., ice-lolli, halo-halo)",putos,ILOILO,TUBUNGAN,Tubungan roadside,7eleven,9HVUSJFO,,,,,,,,,,,,,,,,,,,label_closeup,,,,,not_visible,,,,,Net Content: 64ml (60g),,,small_size
10164,1774498316772,1774498316772.jpg,375,mL,package label (mL),0,1,1,1,375 mL,375,mL,1,0,1,Litres (L),.375,375,mL,log10 median,"liquor (e.g, whisky, coconut wine)",lipid/lapad,ILOILO,TUBUNGAN,Tubungan talipapa,K and g store,228F1CGA,,,,,,,,,,,,,,,,,item_no_scale,,,,item_no_scale,not_visible,,,,not_visible,375 mL,,,,375 mL,medium_size
10165,1774497685599,1774497685599.jpg,375,mL,package label (mL),0,1,1,1,375 mL,375,mL,1,0,1,Litres (L),.375,375,mL,log10 median,"liquor (e.g, whisky, coconut wine)",lipid/lapad,ILOILO,TUBUNGAN,Tubungan talipapa,Macky store,4YXJBR7J,,,,,,,,,,,,,,,,,item_no_scale,,,,item_no_scale,not_visible,,,,not_visible,375 mL,,,,,medium_size
10167,1774403002013,1774403002013.jpg,,,,0,0,0,0,,,,0,0,0,Litres (L),.375,375,mL,log10 median,"liquor (e.g, whisky, coconut wine)",lipid/lapad,ILOILO,TUBUNGAN,Tuhungan public market,Lany store,FCAIU5AH,,,,,,,,,,,,,,,,,item_no_scale,,,,item_no_scale,not_visible,,,,not_visible,,,,,,medium_size
10168,1774402278722,1774402278722.jpg,375,mL,package label (mL),0,1,1,1,375 mL,375,mL,1,0,1,grams (g),375,375,mL,log10 median,"liquor (e.g, whisky, coconut wine)",lipid/lapad,ILOILO,TUBUNGAN,Tuhungan public market,Jl 1,HQ40NDRL,,,,,,,,,,,,,,,,,,,item_no_scale,,,,,not_visible,,,,,375 mL,,,medium_size
10246,1778205639471,1778205639471.jpg,130,g,sonnet sweep,0,1,0,0,,,,0,0,0,grams (g),.13,130,g,log10 median,cabbage,pack,ILOILO,ZARRAGA,Zarraga Public Market,Nelly store,WTC4W9AQ,,,,,,,,.13,,,,,,130,,,,,scale_with_item,,,,,clear,,,,,,,,small_size
10269,1774669586277,1774669586277.jpg,45,g,human,1,1,0,0,,,,0,0,0,grams (g),.045000002,45,g,block governs,chicken,pieces of fried chicken,ILOILO,ZARRAGA,Zarraga Public Market,Jason Fried Chicken,9CHJR0M5,.045,0.045,scale,0,,.045,.045,,,.045,45,45,45,,,45,scale_with_item,scale_with_item,,,scale_with_item,clear,clear,,,clear,,,,,,province_median
10416,1778569643230,1778569643230.jpg,1150,g,sonnet sweep,0,1,0,0,,,,0,0,0,grams (g),1.15,1150,g,log10 median,chicken,whole (chicken),NEGROS OCCIDENTAL,CALATRAVA,Calatrva Public market,Diqiam Meatshop,EX0GB9KU,,,,,,,,1.15,,,,,,1150,,,,,scale_with_item,,,,,clear,,,,,,,,province_median
10417,1778569286813,1778569286813.jpg,1175,g,sonnet sweep,0,1,0,0,,,,0,0,0,grams (g),1.175,1175,g,log10 median,chicken,whole (chicken),NEGROS OCCIDENTAL,CALATRAVA,Calatrava Public Market,Artes Meatshop,JR3QTBXI,,,,,,,,1.175,,,,,,1175,,,,,scale_with_item,,,,,clear,,,,,,,,province_median
10511,1777864638308,1777864638308.jpg,455,g,sonnet tiled,0,1,0,0,,,,0,0,0,grams (g),455,455,g,log10 median,"drinks at restaurant, hotel, cafe, or kiosk",pieces or units,NEGROS OCCIDENTAL,CAUAYAN,Cauayan Roadside,VIes Cafe,1US4M2JO,,,,,,,.455,,,,,,455,,,,scale_with_item,,,,scale_with_item,clear,,,,ambiguous,,,,,,medium_size
10549,1777268855321,1777268855321.jpg,465,g,sonnet sweep,0,1,0,0,,,,0,0,0,grams (g),.465,465,g,log10 median,cabbage,pieces or units,NEGROS OCCIDENTAL,ENRIQUE B. MAGALONA (SARAVIA),EB Magalona Public Market,RHJY Store,75Z1OY3K,,,,,,,,.465,,,,,,465,,,,,scale_with_item,,,,,clear,,,,,,,,municipality_median
10550,1777267899285,1777267899285.jpg,435,g,sonnet sweep,0,1,0,0,,,,0,0,0,grams (g),.435,435,g,log10 median,cabbage,pieces or units,NEGROS OCCIDENTAL,ENRIQUE B. MAGALONA (SARAVIA),EB Magqlona Public Market,Catherine Vegetable,HMPP8AKQ,,,,,,,,.435,,,,,,435,,,,,scale_with_item,,,,,clear,,,,,,,,municipality_median
10551,1777268364476,1777268364476.jpg,460,g,sonnet sweep,0,1,0,0,,,,0,0,0,grams (g),.46000001,460,g,log10 median,cabbage,pieces or units,NEGROS OCCIDENTAL,ENRIQUE B. MAGALONA (SARAVIA),EB Magalona Public Market,Jabonita Sari Sari Store,WFWJF390,,,,,,,,.46,,,,,,460,,,,,scale_with_item,,,,,clear,,,,,,,,municipality_median
10552,1777269112128,1777269112128.jpg,640,g,sonnet sweep,0,1,0,0,,,,0,0,0,grams (g),.63999999,640,g,log10 median,camote tops,bugkos,NEGROS OCCIDENTAL,ENRIQUE B. MAGALONA (SARAVIA),EB Magqlona Public Market,Jabonita Sari Sari Store,7LWISXKB,,,,,,,,.64,,,,,,640,,,,,scale_with_item,,,,,clear,,,,,,,,large_size
10553,1777269003008,1777269003008.jpg,620,g,sonnet sweep,0,1,0,0,,,,0,0,0,grams (g),.62,620,g,log10 median,camote tops,bugkos,NEGROS OCCIDENTAL,ENRIQUE B. MAGALONA (SARAVIA),EB Magqlona Public Market,RHJY Store,EOC8YOQ4,,,,,,,,.62,,,,,,620,,,,,scale_with_item,,,,,clear,,,,,,,,large_size
10554,1777269071139,1777269071139.jpg,645,g,sonnet sweep,0,1,0,0,,,,0,0,0,grams (g),.64499998,645,g,log10 median,camote tops,bugkos,NEGROS OCCIDENTAL,ENRIQUE B. MAGALONA (SARAVIA),EB Magqlona Public Market,Catherine Vegetable,J77NM5S0,,,,,,,,.645,,,,,,645,,,,,scale_with_item,,,,,clear,,,,,,,,large_size
10555,1777268008800,1777268008800.jpg,65,g,sonnet sweep,0,1,0,0,,,,0,0,0,grams (g),.064999998,65,g,log10 median,camote,bilog,NEGROS OCCIDENTAL,ENRIQUE B. MAGALONA (SARAVIA),EB Magqlona Public Market,Catherine Vegetable,6HVEPDQQ,,,,,,,,.065,,,,,,65,,,,,scale_with_item,,,,,clear,,,,,,,,province_median
10556,1777268479116,1777268479116.jpg,65,g,sonnet sweep,0,1,0,0,,,,0,0,0,grams (g),.064999998,65,g,log10 median,camote,bilog,NEGROS OCCIDENTAL,ENRIQUE B. MAGALONA (SARAVIA),EB Magqlona Public Market,Jabonita Sari Sari Store,EHMLP5F5,,,,,,,,.065,,,,,,65,,,,,scale_with_item,,,,,clear,,,,,,,,province_median
10557,1777268437195,1777268437195.jpg,140,g,sonnet sweep,0,1,0,0,,,,0,0,0,grams (g),.14,140,g,log10 median,carrot,pieces or units,NEGROS OCCIDENTAL,ENRIQUE B. MAGALONA (SARAVIA),EB Magqlona Public Market,Jabonita Sari Sari Store,0SK82WGR,,,,,,,,.14,,,,,,140,,,,,scale_with_item,,,,,clear,,,,,,,,municipality_median
10558,1777268091356,1777268091356.jpg,125,g,sonnet sweep,0,1,0,0,,,,0,0,0,grams (g),.125,125,g,log10 median,carrot,pieces or units,NEGROS OCCIDENTAL,ENRIQUE B. MAGALONA (SARAVIA),EB Magqlona Public Market,Catherine Vegetable,LR4FROP2,,,,,,,,.125,,,,,,125,,,,,scale_with_item,,,,,clear,,,,,,,,municipality_median
10559,1777268936959,1777268936959.jpg,175,g,sonnet sweep,0,1,0,0,,,,0,0,0,grams (g),.175,175,g,log10 median,carrot,pieces or units,NEGROS OCCIDENTAL,ENRIQUE B. MAGALONA (SARAVIA),EB Magqlona Public Market,RHJY Store,RJD8AE1T,,,,,,,,.175,,,,,,175,,,,,scale_with_item,,,,,clear,,,,,,,,municipality_median
10574,1777271991629,1777271991629.jpg,100,g,sonnet sweep,0,1,0,0,,,,0,0,0,grams (g),.1,100,g,log10 median,fresh fish,pieces or units,NEGROS OCCIDENTAL,ENRIQUE B. MAGALONA (SARAVIA),EB Magalona Public Market,Roda Fish stand,6MPGX8H5,,,,,,,,.1,,,,,,100,,,,,scale_with_item,,,,,clear,,,,,,,,small_size
10575,1777272017120,1777272017120.jpg,135,g,sonnet sweep,0,1,0,0,,,,0,0,0,grams (g),.13500001,135,g,log10 median,fresh fish,pieces or units,NEGROS OCCIDENTAL,ENRIQUE B. MAGALONA (SARAVIA),EB Magalona Public Market,Roda Fish stand,6MPGX8H5,,,,,,,,.135,,,,,,135,,,,,scale_with_item,,,,,clear,,,,,,,,medium_size
10576,1777272043469,1777272043469.jpg,195,g,sonnet sweep,0,1,0,0,,,,0,0,0,grams (g),.19499999,195,g,log10 median,fresh fish,pieces or units,NEGROS OCCIDENTAL,ENRIQUE B. MAGALONA (SARAVIA),EB Magalona Public Market,Roda Fish stand,6MPGX8H5,,,,,,,,.195,,,,,,195,,,,,scale_with_item,,,,,clear,,,,,,,,large_size
10581,1777272695572,1777272695572.jpg,45,mL,package label (mL),0,1,1,1,45mL,45,mL,1,0,1,grams (g),45,45,mL,log10 median,"ice cream, sorbet, edible ice (eg., ice-lolli, halo-halo)",pieces or units,NEGROS OCCIDENTAL,ENRIQUE B. MAGALONA (SARAVIA),EB Magqlona Public Market,Rachel Store,72V5DCIS,,,,,,,,,,,,,,,,,,,label_closeup,,,,,not_visible,,,,,45mL,,,small_size
10584,1777272729912,1777272729912.jpg,100,mL,package label (mL),0,1,1,1,100mL ICE CREAM,100,mL,1,0,1,grams (g),100,100,mL,log10 median,"ice cream, sorbet, edible ice (eg., ice-lolli, halo-halo)",small cup,NEGROS OCCIDENTAL,ENRIQUE B. MAGALONA (SARAVIA),EB Magqlona Public Market,Rachel Store,BVU1263H,,,,,,,,,,,,,,,,,,,label_closeup,,,,,not_visible,,,,,100mL ICE CREAM,,,small_size
10590,1777270388412,1777270388412.jpg,375,mL,package label (mL),0,1,1,1,375 mL,375,mL,1,0,1,Litres (L),375,375,mL,log10 median,"liquor (e.g, whisky, coconut wine)",lipid/lapad,NEGROS OCCIDENTAL,ENRIQUE B. MAGALONA (SARAVIA),EB Magalona Public Market,Edmer Store,EE666QU0,,,,,,,,,,,,,,,,,,,item_no_scale,,,,,not_visible,,,,,375 mL,,,municipality_median
10610,1777336641605,1777336641605.jpg,,,,0,0,0,0,,,,0,0,0,Litres (L),150,,,,,,NEGROS OCCIDENTAL,ENRIQUE B. MAGALONA (SARAVIA),EB Magalona Roadside,Mimi Store,PCT4684N,,,,,,,,,,,,,,,,,item_no_scale,,,,item_no_scale,not_visible,,,,not_visible,,,,,NET WT. 156 g,
10652,1776909572910,1776909572910.jpg,,,,0,0,0,0,,,,0,0,0,Litres (L),.11,110,g,log10 median,"ice cream, sorbet, edible ice (eg., ice-lolli, halo-halo)",pieces or units,NEGROS OCCIDENTAL,HINIGARAN,Hinigaran,Jofel,C1MQF4VA,,,,,,,,,,,,,,,,,,,label_closeup,,,,,not_visible,,,,,,,,small_size
10684,1777601981214,1777601981214.jpg,190,g,sonnet sweep,0,1,0,0,,,,0,0,0,grams (g),.19,190,g,log10 median,cabbage,pack,NEGROS OCCIDENTAL,HINOBA-AN (ASIA),Hinobaan Public Narket,Jay R  Vegetable Store,J7M4RTOQ,,,,,,,,.19,,,,,,190,,,,,scale_with_item,,,,,clear,,,,,,,,small_size
10685,1777602475551,1777602475551.jpg,265,g,sonnet sweep,0,1,0,0,,,,0,0,0,grams (g),.26499999,265,g,log10 median,cabbage,pack,NEGROS OCCIDENTAL,HINOBA-AN (ASIA),Hinobaan Public Market,DAISY Vegetable,O2NPG1I1,,,,,,,,.265,,,,,,265,,,,,scale_with_item,,,,,clear,,,,,,,,small_size
10686,1777602792442,1777602792442.jpg,285,g,sonnet sweep,0,1,0,0,,,,0,0,0,grams (g),.285,285,g,log10 median,cabbage,pack,NEGROS OCCIDENTAL,HINOBA-AN (ASIA),Hinobaan Public Market,Thirdy Vegetable,V5DP8JS7,,,,,,,,.285,,,,,,285,,,,,scale_with_item,,,,,clear,,,,,,,,small_size
10687,1777603088964,1777603088964.jpg,315,g,sonnet sweep,0,1,0,0,,,,0,0,0,grams (g),.315,315,g,log10 median,camote tops,bugkos,NEGROS OCCIDENTAL,HINOBA-AN (ASIA),Hinobaan Public Narket,Jay R  Vegetable Store,5C3Y66RV,,,,,,,,.315,,,,,,315,,,,,scale_with_item,,,,,clear,,,,,,,,small_size
10688,1777603000450,1777603000450.jpg,290,g,sonnet sweep,0,1,0,0,,,,0,0,0,grams (g),.28999999,290,g,log10 median,camote tops,bugkos,NEGROS OCCIDENTAL,HINOBA-AN (ASIA),Hinobaan Public Narket,DAISY Vegetable,6LBTMV9C,,,,,,,,.29,,,,,,290,,,,,scale_with_item,,,,,clear,,,,,,,,small_size
10689,1777602897583,1777602897583.jpg,255,g,sonnet sweep,0,1,0,0,,,,0,0,0,grams (g),.255,255,g,log10 median,camote tops,bugkos,NEGROS OCCIDENTAL,HINOBA-AN (ASIA),Hinobaan Public Narket,Thirdy Vegetable,TRLLJTQQ,,,,,,,,.255,,,,,,255,,,,,scale_with_item,,,,,clear,,,,,,,,small_size
10690,1777603040385,1777603040385.jpg,,,,0,0,0,0,,,,0,0,0,grams (g),.28999999,290,g,log10 median,camote tops,bundle,NEGROS OCCIDENTAL,HINOBA-AN (ASIA),Hinobaan Public Narket,DAISY Vegetable,DCBW4GP8,,,,,,,,,,,,,,,,,,,item_no_scale,,,,,not_visible,,,,,,,,small_size
10691,1777603127656,1777603127656.jpg,310,g,sonnet sweep,0,1,0,0,,,,0,0,0,grams (g),.31,310,g,log10 median,camote tops,bundle,NEGROS OCCIDENTAL,HINOBA-AN (ASIA),Hinobaan Public Narket,Jay R  Vegetable Store,TV75X5O3,,,,,,,,.31,,,,,,310,,,,,scale_with_item,,,,,clear,,,,,,,,small_size
10692,1777602939801,1777602939801.jpg,250,g,sonnet sweep,0,1,0,0,,,,0,0,0,grams (g),.25,250,g,log10 median,camote tops,bundle,NEGROS OCCIDENTAL,HINOBA-AN (ASIA),Hinobaan Public Narket,Thirdy Vegetable,ZIPIP7RT,,,,,,,,.25,,,,,,250,,,,,scale_with_item,,,,,clear,,,,,,,,small_size
10693,1777602541850,1777602541850.jpg,105,g,sonnet sweep,0,1,0,0,,,,0,0,0,grams (g),.105,105,g,log10 median,carrot,pieces or units,NEGROS OCCIDENTAL,HINOBA-AN (ASIA),Hinobaan Public Narket,DAISY Vegetable,640X65WF,,,,,,,,.105,,,,,,105,,,,,scale_with_item,,,,,clear,,,,,,,,province_median
10694,1777602066247,1777602066247.jpg,75,g,sonnet sweep,0,1,0,0,,,,0,0,0,grams (g),.075000003,75,g,log10 median,carrot,pieces or units,NEGROS OCCIDENTAL,HINOBA-AN (ASIA),Hinobaan Public Narket,Jay R  Vegetable Store,96RAWZEZ,,,,,,,,.075,,,,,,75,,,,,scale_with_item,,,,,clear,,,,,,,,province_median
10695,1777602853674,1777602853674.jpg,125,g,sonnet sweep,0,1,0,0,,,,0,0,0,grams (g),.125,125,g,log10 median,carrot,pieces or units,NEGROS OCCIDENTAL,HINOBA-AN (ASIA),Hinobaan Public Narket,Thirdy Vegetable,9PSRD2N3,,,,,,,,.125,,,,,,125,,,,,scale_with_item,,,,,clear,,,,,,,,province_median
10696,1777599400795,1777599400795.jpg,910,g,sonnet sweep,0,1,0,0,,,,0,0,0,grams (g),.91000003,910,g,log10 median,chicken,bilog,NEGROS OCCIDENTAL,HINOBA-AN (ASIA),Hinobaan Public Market,Ate Frozen,0MF9U0O4,,,,,,,,.91,,,,,,910,,,,,scale_with_item,,,,,clear,,,,,,,,mp25_price
10700,1777601209121,1777601209121.jpg,980,g,sonnet sweep,0,1,0,0,,,,0,0,0,grams (g),.98000002,980,g,log10 median,chicken,bilog,NEGROS OCCIDENTAL,HINOBA-AN (ASIA),Hinobaan Public Market,Vinky  Meat Shop,5QQZFTN6,,,,,,,,.98,,,,,,980,,,,,scale_with_item,,,,,clear,,,,,,,,mp50_price
10706,1777607182345,1777607182345.jpg,810,g,sonnet hi-res,0,1,0,0,,,,0,0,0,grams (g),810,810,g,log10 median,"drinks at restaurant, hotel, cafe, or kiosk",pieces or units,NEGROS OCCIDENTAL,HINOBA-AN (ASIA),Roadside,KitKat Cafe,J2463VJ8,,,,,,.8100000000000001,.8100000000000001,,,.8100000000000001,,810,810,,,810,scale_with_item,scale_with_item,,,scale_with_item,clear,clear,,,clear,,,,,,small_size
10707,1777606851141,1777606851141.jpg,750,g,sonnet hi-res,0,1,0,0,,,,0,0,0,grams (g),750,750,g,log10 median,"drinks at restaurant, hotel, cafe, or kiosk",pieces or units,NEGROS OCCIDENTAL,HINOBA-AN (ASIA),Roadside,El frio Cafe,Q0VVW5XY,,,,,,.75,.75,,,.75,,750,750,,,750,scale_with_item,scale_with_item,,,scale_with_item,clear,clear,,,clear,,,,,,small_size
10710,1777687703347,1777687703347.jpg,,,,0,0,0,0,,,,0,0,0,Litres (L),.115,115,g,log10 median,"ice cream, sorbet, edible ice (eg., ice-lolli, halo-halo)",pieces or units,NEGROS OCCIDENTAL,HINOBA-AN (ASIA),Roadside,Mars Store,VPTQ4PND,,,,,,,,,,,,,,,,,,,item_no_scale,,,,,not_visible,,,,,,,,small_size
10711,1777687747924,1777687747924.jpg,500,mL,package label (mL),0,1,1,1,500mL,500,mL,1,0,1,Litres (L),.1,100,g,log10 median,"ice cream, sorbet, edible ice (eg., ice-lolli, halo-halo)",small cup,NEGROS OCCIDENTAL,HINOBA-AN (ASIA),Roadside,Mars Store,CUPJSIXA,,,,,,,,,,,,,,,,,,,label_closeup,,,,,not_visible,,,,,500mL,,,small_size
10714,1777604338634,1777604338634.jpg,,,,0,0,0,0,,,,0,0,0,grams (g),45,45,g,log10 median,"ice cream, sorbet, edible ice (eg., ice-lolli, halo-halo)",putos,NEGROS OCCIDENTAL,HINOBA-AN (ASIA),Hinobaan Public Narket,Kons Store,3ZZ3DIYZ,,,,,,,,,,,,,,,,,item_no_scale,,,,label_closeup,not_visible,,,,not_visible,,,,,,small_size
10715,1777954218294,1777954218294.jpg,60,mL,package label (mL),0,1,1,1,60 mL,60,mL,1,0,1,Litres (L),.059999999,60,g,log10 median,"ice cream, sorbet, edible ice (eg., ice-lolli, halo-halo)",putos,NEGROS OCCIDENTAL,HINOBA-AN (ASIA),Hinobaan Public Market,Mia Store,6JV4DYZ1,,,,,,,,,,,,,,,,,,,label_closeup,,,,,not_visible,,,,,60 mL,,,medium_size
10718,1777603487789,1777603487789.jpg,375,mL,package label (mL),0,1,1,1,375 mL,375,mL,1,0,1,Litres (L),375,375,mL,log10 median,"liquor (e.g, whisky, coconut wine)",lipid/lapad,NEGROS OCCIDENTAL,HINOBA-AN (ASIA),Hinobaan Public Market,Mekayla Store,CC1RNOPG,,,,,,,,,,,,,,,,,,,item_no_scale,,,,,not_visible,,,,,375 mL,,,municipality_median
10719,1777603931599,1777603931599.jpg,375,mL,package label (mL),0,1,1,1,375 mL,375,mL,1,0,1,Litres (L),375,375,mL,log10 median,"liquor (e.g, whisky, coconut wine)",lipid/lapad,NEGROS OCCIDENTAL,HINOBA-AN (ASIA),Hinobaan Public Market,Kons Store,JSS5HN2Y,,,,,,,,,,,,,,,,,,,item_no_scale,,,,,not_visible,,,,,375 mL,,,municipality_median
10720,1777603975571,1777603975571.jpg,,,,0,0,0,0,,,,0,0,0,Litres (L),750,750,mL,log10 median,"liquor (e.g, whisky, coconut wine)",long-neck,NEGROS OCCIDENTAL,HINOBA-AN (ASIA),Hinobaan Public Narket,Kons Store,4ZTOIBP1,,,,,,,,,,,,,,,,,,,item_no_scale,,,,,not_visible,,,,,,,,province_median
10721,1777603552084,1777603552084.jpg,,,,0,0,0,0,,,,0,0,0,Litres (L),750,750,mL,log10 median,"liquor (e.g, whisky, coconut wine)",long-neck,NEGROS OCCIDENTAL,HINOBA-AN (ASIA),Hinobaan Public Narket,Mekayla Store,8YJVPZMQ,,,,,,,,,,,,,,,,,,,item_no_scale,,,,,not_visible,,,,,,,,province_median
10745,1777600569159,1777600569159.jpg,250,g,sonnet sweep,0,1,0,0,,,,0,0,0,grams (g),.25,250,g,log10 median,"preserved or processed meat (tocino, tapa, longaniza, etc)",putos,NEGROS OCCIDENTAL,HINOBA-AN (ASIA),Hinobaan Public Narket,Ferraris Bugasan,6YBPTNTM,,,,,,,,.25,,,,,,250,,,,,scale_with_item,,,,,clear,,,,,,,,municipality_median
10750,1777421117662,1777421117662.jpg,300,g,sonnet sweep,0,1,0,0,,,,0,0,0,grams (g),.30000001,300,g,log10 median,cabbage,pieces or units,NEGROS OCCIDENTAL,ILOG,Ilog  Public Market,Jillian Store,NHX7PUSS,,,,,,,,.3,,,,,,300,,,,,scale_with_item,,,,,clear,,,,,,,,small_size
10751,1777421135720,1777421135720.jpg,450,g,sonnet sweep,0,1,0,0,,,,0,0,0,grams (g),.44999999,450,g,log10 median,cabbage,pieces or units,NEGROS OCCIDENTAL,ILOG,Ilog  Public Market,Jillian Store,NHX7PUSS,,,,,,,,.45,,,,,,450,,,,,scale_with_item,,,,,clear,,,,,,,,medium_size
10752,1777421152684,1777421152684.jpg,675,g,sonnet sweep,0,1,0,0,,,,0,0,0,grams (g),.67500001,675,g,log10 median,cabbage,pieces or units,NEGROS OCCIDENTAL,ILOG,Ilog  Public Market,Jillian Store,NHX7PUSS,,,,,,,,.675,,,,,,675,,,,,scale_with_item,,,,,clear,,,,,,,,large_size
10753,1777422094101,1777422094101.jpg,355,g,sonnet sweep,0,1,0,0,,,,0,0,0,grams (g),.35499999,355,g,log10 median,cabbage,pieces or units,NEGROS OCCIDENTAL,ILOG,Ilog Public Market,May Ann Store,P89ZM8L8,,,,,,,,.355,,,,,,355,,,,,scale_with_item,,,,,clear,,,,,,,,small_size
10754,1777422122704,1777422122704.jpg,510,g,sonnet sweep,0,1,0,0,,,,0,0,0,grams (g),.50999999,510,g,log10 median,cabbage,pieces or units,NEGROS OCCIDENTAL,ILOG,Ilog Public Market,May Ann Store,P89ZM8L8,,,,,,,,.51,,,,,,510,,,,,scale_with_item,,,,,clear,,,,,,,,medium_size
10755,1777422140347,1777422140347.jpg,675,g,sonnet sweep,0,1,0,0,,,,0,0,0,grams (g),.67500001,675,g,log10 median,cabbage,pieces or units,NEGROS OCCIDENTAL,ILOG,Ilog Public Market,May Ann Store,P89ZM8L8,,,,,,,,.675,,,,,,675,,,,,scale_with_item,,,,,clear,,,,,,,,large_size
10756,1777421646315,1777421646315.jpg,525,g,sonnet sweep,0,1,0,0,,,,0,0,0,grams (g),.52499998,525,g,log10 median,cabbage,pieces or units,NEGROS OCCIDENTAL,ILOG,Ilog  Public Market,Jane Jan Store,VIZTE3EM,,,,,,,,.525,,,,,,525,,,,,scale_with_item,,,,,clear,,,,,,,,small_size
10757,1777421663470,1777421663470.jpg,620,g,sonnet sweep,0,1,0,0,,,,0,0,0,grams (g),.62,620,g,log10 median,cabbage,pieces or units,NEGROS OCCIDENTAL,ILOG,Ilog  Public Market,Jane Jan Store,VIZTE3EM,,,,,,,,.62,,,,,,620,,,,,scale_with_item,,,,,clear,,,,,,,,medium_size
10758,1777421689381,1777421689381.jpg,775,g,sonnet sweep,0,1,0,0,,,,0,0,0,grams (g),.77499998,775,g,log10 median,cabbage,pieces or units,NEGROS OCCIDENTAL,ILOG,Ilog  Public Market,Jane Jan Store,VIZTE3EM,,,,,,,,.775,,,,,,775,,,,,scale_with_item,,,,,clear,,,,,,,,large_size
10759,1777421376629,1777421376629.jpg,395,g,sonnet sweep,0,1,0,0,,,,0,0,0,grams (g),.39500001,395,g,log10 median,camote tops,bugkos,NEGROS OCCIDENTAL,ILOG,Ilog Public Market,Jillian Store,ALLW9C01,,,,,,,,.395,,,,,,395,,,,,scale_with_item,,,,,clear,,,,,,,,small_size
10760,1777421793220,1777421793220.jpg,270,g,sonnet sweep,0,1,0,0,,,,0,0,0,grams (g),.27000001,270,g,log10 median,camote tops,bugkos,NEGROS OCCIDENTAL,ILOG,Ilog Public Market,Jane Jan Store,EKTKHHJE,,,,,,,,.27,,,,,,270,,,,,scale_with_item,,,,,clear,,,,,,,,small_size
10761,1777422270257,1777422270257.jpg,375,g,sonnet sweep,0,1,0,0,,,,0,0,0,grams (g),.375,375,g,log10 median,camote tops,bugkos,NEGROS OCCIDENTAL,ILOG,Ilog Public Market,May Ann Store,TSPQT7AP,,,,,,,,.375,,,,,,375,,,,,scale_with_item,,,,,clear,,,,,,,,small_size
10762,1777421893181,1777421893181.jpg,270,g,sonnet sweep,0,1,0,0,,,,0,0,0,grams (g),.27000001,270,g,log10 median,camote tops,bundle,NEGROS OCCIDENTAL,ILOG,Ilog Public Market,Jillian Store,721XSTL0,,,,,,,,.27,,,,,,270,,,,,scale_with_item,,,,,clear,,,,,,,,province_median
10763,1777421851615,1777421851615.jpg,270,g,sonnet sweep,0,1,0,0,,,,0,0,0,grams (g),.27000001,270,g,log10 median,camote tops,bundle,NEGROS OCCIDENTAL,ILOG,Ilog Public Market,Jane Jan Store,JYYHJ0LS,,,,,,,,.27,,,,,,270,,,,,scale_with_item,,,,,clear,,,,,,,,province_median
10764,1777422306223,1777422306223.jpg,375,g,sonnet sweep,0,1,0,0,,,,0,0,0,grams (g),.375,375,g,log10 median,camote tops,bundle,NEGROS OCCIDENTAL,ILOG,Ilog Public Market,May Ann Store,MVRI4P3B,,,,,,,,.375,,,,,,375,,,,,scale_with_item,,,,,clear,,,,,,,,province_median
10765,1777422226308,1777422226308.jpg,140,g,sonnet sweep,0,1,0,0,,,,0,0,0,grams (g),.14,140,g,log10 median,carrot,pieces or units,NEGROS OCCIDENTAL,ILOG,Ilog Public Market,May Ann Store,3579CBIL,,,,,,,,.14,,,,,,140,,,,,scale_with_item,,,,,clear,,,,,,,,municipality_median
10766,1777421755758,1777421755758.jpg,100,g,sonnet sweep,0,1,0,0,,,,0,0,0,grams (g),.1,100,g,log10 median,carrot,pieces or units,NEGROS OCCIDENTAL,ILOG,Ilog Public Market,Jane Jan Store,6DCKJAX7,,,,,,,,.1,,,,,,100,,,,,scale_with_item,,,,,clear,,,,,,,,municipality_median
10767,1777421323431,1777421323431.jpg,100,g,sonnet sweep,0,1,0,0,,,,0,0,0,grams (g),.1,100,g,log10 median,carrot,pieces or units,NEGROS OCCIDENTAL,ILOG,Ilog Public Market,Jillian Store,8M7IYO1P,,,,,,,,.1,,,,,,100,,,,,scale_with_item,,,,,clear,,,,,,,,municipality_median
10771,1777422910603,1777422910603.jpg,1125,g,sonnet sweep,0,1,0,0,,,,0,0,0,grams (g),1.125,1125,g,log10 median,chicken,bilog,NEGROS OCCIDENTAL,ILOG,Ilog Public Market,First 3 Store,8MPDRPUS,,,,,,,,1.125,,,,,,1125,,,,,scale_with_item,,,,,clear,,,,,,,,mp25_price
10786,1777426742922,1777426742922.jpg,,,,0,0,0,0,,,,0,0,0,Litres (L),.035,35,g,log10 median,"ice cream, sorbet, edible ice (eg., ice-lolli, halo-halo)",pieces or units,NEGROS OCCIDENTAL,ILOG,Roadside,Rolyn Store,CP3VQENS,,,,,,,,,,,,,,,,,,,label_closeup,,,,,not_visible,,,,,,,,small_size
10788,1777519205317,1777519205317.jpg,180,g,sonnet sweep,0,1,0,0,,,,0,0,0,grams (g),.18000001,180,g,log10 median,"ice cream, sorbet, edible ice (eg., ice-lolli, halo-halo)",small cup,NEGROS OCCIDENTAL,ILOG,Roadside,Kenneth Store,FTSET55C,,,,,,,,.18,,,,,,180,,,,,scale_with_item,,,,,clear,,,,,,,,small_size
10789,1777519353534,1777519353534.jpg,195,g,sonnet sweep,0,1,0,0,,,,0,0,0,grams (g),.19499999,195,g,log10 median,"ice cream, sorbet, edible ice (eg., ice-lolli, halo-halo)",small cup,NEGROS OCCIDENTAL,ILOG,Roadside,Tricia Store,O4AVDT40,,,,,,,,.195,,,,,,195,,,,,scale_with_item,,,,,clear,,,,,,,,small_size
10793,1777426817280,1777426817280.jpg,92,mL,package label (mL),0,1,1,1,Net Volume: 92ml,92,mL,1,0,1,Litres (L),.092,92,g,log10 median,"ice cream, sorbet, edible ice (eg., ice-lolli, halo-halo)",putos,NEGROS OCCIDENTAL,ILOG,Roadside,Rolyn Store,OWOS0L65,,,,,,,,,,,,,,,,,,,label_closeup,,,,,not_visible,,,,,Net Volume: 92ml,,,small_size
10799,1777425148415,1777425148415.jpg,375,mL,package label (mL),0,1,1,1,375 mL,375,mL,1,0,1,Litres (L),375,375,mL,log10 median,"liquor (e.g, whisky, coconut wine)",lipid/lapad,NEGROS OCCIDENTAL,ILOG,Ilog Public Market,Zean & Joan's Store,NC4UH673,,,,,,,,,,,,,,,,,,,label_closeup,,,,,not_visible,,,,,375 mL,,,municipality_median
10809,1777423540478,1777423540478.jpg,60,g,sonnet sweep,0,1,0,0,,,,0,0,0,grams (g),.059999999,60,g,log10 median,"preserved or processed meat (tocino, tapa, longaniza, etc)",bilog,NEGROS OCCIDENTAL,ILOG,Ilog Public Market,First 3 Store,4WFIVGV4,,,,,,,,.06,,,,,,60,,,,,scale_with_item,,,,,clear,,,,,,,,province_median
10810,1777423632952,1777423632952.jpg,60,g,sonnet sweep,0,1,0,0,,,,0,0,0,grams (g),.059999999,60,g,log10 median,"preserved or processed meat (tocino, tapa, longaniza, etc)",bilog,NEGROS OCCIDENTAL,ILOG,Ilog Public Market,May Ann Store,FECNU5CY,,,,,,,,.06,,,,,,60,,,,,scale_with_item,,,,,clear,,,,,,,,province_median
10811,1777424237089,1777424237089.jpg,65,g,sonnet sweep,0,1,0,0,,,,0,0,0,grams (g),.064999998,65,g,log10 median,"preserved or processed meat (tocino, tapa, longaniza, etc)",bilog,NEGROS OCCIDENTAL,ILOG,Ilog Public Market,Michelle Frozen,OPZIOZPD,,,,,,,,.065,,,,,,65,,,,,scale_with_item,,,,,clear,,,,,,,,province_median
10814,1777423668671,1777423668671.jpg,320,g,sonnet sweep,0,1,0,0,,,,0,0,0,grams (g),.31999999,320,g,log10 median,"preserved or processed meat (tocino, tapa, longaniza, etc)",putos,NEGROS OCCIDENTAL,ILOG,Ilog Public Market,May Ann Store,WC3QOTPO,,,,,,,,.32,,,,,,320,,,,,scale_with_item,,,,,clear,,,,,,,,municipality_median
10840,1777518981407,1777518981407.jpg,,,,0,0,0,0,,,,0,0,0,grams (g),1.14,1140,g,log10 median,chicken,whole (chicken),NEGROS OCCIDENTAL,ISABELA,Isabela publuic market,Double K Dressed Chicken,AIKX7GZY,,,,,,,,,,,,,,,,,,,scale_with_item,,,,,ambiguous,,,,,,,,mp50_price
10905,1776996921871,1776996921871.jpg,1095,g,sonnet sweep,0,1,0,0,,,,0,0,0,grams (g),1.095,1095,g,log10 median,chicken,bilog,NEGROS OCCIDENTAL,LA CASTELLANA,La castellana,Emelda,N1LOV5P2,,,,,,,,1.095,,,,,,1095,,,,,scale_with_item,,,,,clear,,,,,,,,mp25_price
10908,1776996650323,1776996650323.jpg,1480,g,sonnet sweep,0,1,0,0,,,,0,0,0,Kilograms (Kgs),.148,1480,g,block governs,chicken,bilog,NEGROS OCCIDENTAL,LA CASTELLANA,La Castellana,Bos nene,U4J5MC1D,,,,,,,,1.48,,,,,,1480,,,,,scale_with_item,,,,,clear,,,,,,,,mp50_price
10962,1776651549117,1776651549117.jpg,1160,g,sonnet sweep,0,1,0,0,,,,0,0,0,grams (g),1.16,1160,g,log10 median,chicken,whole (chicken),NEGROS OCCIDENTAL,MANAPLA,Manapla Public market,Nelly Dressed Chicken,FB5U9W93,,,,,,,,1.16,,,,,,1160,,,,,scale_with_item,,,,,clear,,,,,,,,province_median
10963,1776651041150,1776651041150.jpg,1060,g,sonnet sweep,0,1,0,0,,,,0,0,0,grams (g),1.0599999,1060,g,log10 median,chicken,whole (chicken),NEGROS OCCIDENTAL,MANAPLA,Manapla Public market,Acosta Frozen Stall,SIMJFD84,,,,,,,,1.06,,,,,,1060,,,,,scale_with_item,,,,,probable,,,,,,,,province_median
10964,1776828515542,1776828515542.jpg,600,g,sonnet tiled,0,1,0,0,,,,0,0,0,grams (g),600,600,g,log10 median,"drinks at restaurant, hotel, cafe, or kiosk",pieces or units,NEGROS OCCIDENTAL,MANAPLA,Manapla Roadside,Makitos Cafe,FEJGW33X,,,,,,,.6,,,,,,600,,,,scale_with_item,,,,item_no_scale,clear,,,,not_visible,,,,,,large_size
10965,1776822393755,1776822393755.jpg,595,g,sonnet tiled,0,1,0,0,,,,0,0,0,grams (g),495,495,g,log10 median,"drinks at restaurant, hotel, cafe, or kiosk",pieces or units,NEGROS OCCIDENTAL,MANAPLA,Manapla Roadside,Wrong Feeling Cafe,MMT422LR,,,,,,,.595,,,.995,,,595,,,995,scale_with_item,scale_with_item,,,scale_with_item,clear,ambiguous,,,ambiguous,,,,,,medium_size
10976,1776738833462,1776738833462.jpg,200,mL,package label (mL),0,1,1,1,200mL,200,mL,1,0,1,grams (g),.2,200,mL,log10 median,"ice cream, sorbet, edible ice (eg., ice-lolli, halo-halo)",small cup,NEGROS OCCIDENTAL,MANAPLA,Manapla Roadside,Regine Store,H7936MZ9,,,,,,,,,,,,,,,,,,,label_closeup,,,,,not_visible,,,,,200mL,,,small_size
10986,1776740842214,1776740842214.jpg,375,mL,package label (mL),0,1,1,1,375 mL,375,mL,1,0,1,grams (g),.375,375,mL,log10 median,"liquor (e.g, whisky, coconut wine)",lipid/lapad,NEGROS OCCIDENTAL,MANAPLA,Manapla Public market,Ninbo Store,CN5K44DL,,,,,,,,,,,,,,,,,,,item_no_scale,,,,,not_visible,,,,,375 mL,,,municipality_median
11015,1776651374425,1776651374425.jpg,250,g,package label (g),0,1,1,0,Net Wt: 250g,250,g,1,0,1,Kilograms (Kgs),250,250,g,log10 median,"preserved or processed meat (tocino, tapa, longaniza, etc)",putos,NEGROS OCCIDENTAL,MANAPLA,Manapla Public market,Nelly Dressed Chicken,1ABZCNVV,,,,,,,,,,,,,,,,,,,label_closeup,,,,,not_visible,,,,,Net Wt: 250g,,,municipality_median
11053,1777266059884,1777266059884.jpg,480,g,sonnet hi-res,0,1,0,0,,,,0,0,0,grams (g),480,480,g,log10 median,"drinks at restaurant, hotel, cafe, or kiosk",pieces or units,NEGROS OCCIDENTAL,MOISES PADILLA (MAGALLON),Moises Padilla Roadside,Teaman Coffee Shop,4TMXE0M0,,,,,,.48,.49,,,.08,,480,490,,,80,scale_with_item,scale_with_item,,,scale_with_item,probable,probable,,,clear,,,,,,medium_size
11054,1777266085340,1777266085340.jpg,670,g,sonnet hi-res,0,1,0,0,,,,0,0,0,grams (g),610,610,g,log10 median,"drinks at restaurant, hotel, cafe, or kiosk",pieces or units,NEGROS OCCIDENTAL,MOISES PADILLA (MAGALLON),Moises Padilla Roadside,Teaman Coffee Shop,4TMXE0M0,,,,,,.67,.67,,,.085,,670,670,,,85,scale_with_item,scale_with_item,,,scale_with_item,probable,clear,,,clear,,,,,,large_size
11055,1778298849126,1778298849126.jpg,320,mL,package label (mL),0,1,1,1,320ml,320,mL,1,0,1,Litres (L),.31999999,320,g,log10 median,"drinks at restaurant, hotel, cafe, or kiosk",pieces or units,NEGROS OCCIDENTAL,MOISES PADILLA (MAGALLON),Moises Padilla Roadside,7/11,H3HG5MYF,,,,,,,,,,,,,,,,,,,item_no_scale,,,,,not_visible,,,,,320ml,,,medium_size
11108,1777508424730,1777508424730.jpg,,,,0,0,0,0,,,,0,0,0,Litres (L),.045000002,45,g,block governs,"preserved or processed meat (tocino, tapa, longaniza, etc)",putos,NEGROS OCCIDENTAL,MURCIA,Murcia,Lyn store,TWK13LT3,,,,,,,,,,,,,,,,,item_no_scale,,,,other,not_visible,,,,not_visible,,,,,,municipality_median
11111,1776822440322,1776822440322.jpg,245,g,sonnet sweep,0,1,0,0,,,,0,0,0,grams (g),.245,245,g,log10 median,cabbage,pieces or units,NEGROS OCCIDENTAL,PONTEVEDRA,Pontevedra Public Market,RJ Store,0EY5CG58,,,,,,,,.245,,,,,,245,,,,,scale_with_item,,,,,clear,,,,,,,,municipality_median
11112,1776822847786,1776822847786.jpg,445,g,sonnet sweep,0,1,0,0,,,,0,0,0,grams (g),.44499999,445,g,log10 median,cabbage,pieces or units,NEGROS OCCIDENTAL,PONTEVEDRA,Pontevedra Public Market,Rosalie Vegetable,4GYKW061,,,,,,,,.445,,,,,,445,,,,,scale_with_item,,,,,clear,,,,,,,,municipality_median
11113,1776823229112,1776823229112.jpg,495,g,sonnet sweep,0,1,0,0,,,,0,0,0,grams (g),.495,495,g,log10 median,cabbage,pieces or units,NEGROS OCCIDENTAL,PONTEVEDRA,Pontevedra Public Market,Joubert Store,JJL0VAK3,,,,,,,,.495,,,,,,495,,,,,scale_with_item,,,,,clear,,,,,,,,municipality_median
11117,1776823030220,1776823030220.jpg,140,g,sonnet sweep,0,1,0,0,,,,0,0,0,grams (g),.14,140,g,log10 median,camote,bilog,NEGROS OCCIDENTAL,PONTEVEDRA,Pontevedra Public Market,Rosalie Vegetable,2M5P6L3P,,,,,,,,.14,,,,,,140,,,,,scale_with_item,,,,,clear,,,,,,,,small_size
11118,1776823061659,1776823061659.jpg,245,g,sonnet sweep,0,1,0,0,,,,0,0,0,grams (g),.245,245,g,log10 median,camote,bilog,NEGROS OCCIDENTAL,PONTEVEDRA,Pontevedra Public Market,Rosalie Vegetable,2M5P6L3P,,,,,,,,.245,,,,,,245,,,,,scale_with_item,,,,,clear,,,,,,,,medium_size
11119,1776823080462,1776823080462.jpg,475,g,sonnet sweep,0,1,0,0,,,,0,0,0,grams (g),.47499999,475,g,log10 median,camote,bilog,NEGROS OCCIDENTAL,PONTEVEDRA,Pontevedra Public Market,Rosalie Vegetable,2M5P6L3P,,,,,,,,.475,,,,,,475,,,,,scale_with_item,,,,,clear,,,,,,,,large_size
11120,1776822630324,1776822630324.jpg,115,g,sonnet sweep,0,1,0,0,,,,0,0,0,grams (g),.115,115,g,log10 median,camote,bilog,NEGROS OCCIDENTAL,PONTEVEDRA,Pontevedra Public Market,RJ Store,HMM0BCE9,,,,,,,,.115,,,,,,115,,,,,scale_with_item,,,,,clear,,,,,,,,small_size
11121,1776822647947,1776822647947.jpg,215,g,sonnet sweep,0,1,0,0,,,,0,0,0,grams (g),.215,215,g,log10 median,camote,bilog,NEGROS OCCIDENTAL,PONTEVEDRA,Pontevedra Public Market,RJ Store,HMM0BCE9,,,,,,,,.215,,,,,,215,,,,,scale_with_item,,,,,clear,,,,,,,,medium_size
11122,1776822665152,1776822665152.jpg,275,g,sonnet sweep,0,1,0,0,,,,0,0,0,grams (g),.27500001,275,g,log10 median,camote,bilog,NEGROS OCCIDENTAL,PONTEVEDRA,Pontevedra Public Market,RJ Store,HMM0BCE9,,,,,,,,.275,,,,,,275,,,,,scale_with_item,,,,,clear,,,,,,,,large_size
11123,1776823379551,1776823379551.jpg,160,g,sonnet sweep,0,1,0,0,,,,0,0,0,grams (g),.16,160,g,log10 median,camote,bilog,NEGROS OCCIDENTAL,PONTEVEDRA,Pontevedra Public Market,Joubert Store,YEWUKTEK,,,,,,,,.16,,,,,,160,,,,,scale_with_item,,,,,clear,,,,,,,,small_size
11124,1776823413489,1776823413489.jpg,200,g,sonnet sweep,0,1,0,0,,,,0,0,0,grams (g),.2,200,g,log10 median,camote,bilog,NEGROS OCCIDENTAL,PONTEVEDRA,Pontevedra Public Market,Joubert Store,YEWUKTEK,,,,,,,,.2,,,,,,200,,,,,scale_with_item,,,,,clear,,,,,,,,medium_size
11125,1776823437851,1776823437851.jpg,,,,0,0,0,0,,,,0,0,0,grams (g),.38999999,390,g,log10 median,camote,bilog,NEGROS OCCIDENTAL,PONTEVEDRA,Pontevedra Public Market,Joubert Store,YEWUKTEK,,,,,,,,,,,,,,,,,,,scale_with_item,,,,,not_visible,,,,,,,,large_size
11126,1776823290113,1776823290113.jpg,95,g,sonnet sweep,0,1,0,0,,,,0,0,0,grams (g),.094999999,95,g,log10 median,carrot,pieces or units,NEGROS OCCIDENTAL,PONTEVEDRA,Pontevedra Public Market,Joubert Store,3D6BX2IQ,,,,,,,,.095,,,,,,95,,,,,scale_with_item,,,,,clear,,,,,,,,small_size
11127,1776823307450,1776823307450.jpg,130,g,sonnet sweep,0,1,0,0,,,,0,0,0,grams (g),.13,130,g,log10 median,carrot,pieces or units,NEGROS OCCIDENTAL,PONTEVEDRA,Pontevedra Public Market,Joubert Store,3D6BX2IQ,,,,,,,,.13,,,,,,130,,,,,scale_with_item,,,,,clear,,,,,,,,medium_size
11128,1776823325240,1776823325240.jpg,235,g,sonnet sweep,0,1,0,0,,,,0,0,0,grams (g),.235,235,g,log10 median,carrot,pieces or units,NEGROS OCCIDENTAL,PONTEVEDRA,Pontevedra Public Market,Joubert Store,3D6BX2IQ,,,,,,,,.235,,,,,,235,,,,,scale_with_item,,,,,clear,,,,,,,,large_size
11129,1776822902751,1776822902751.jpg,135,g,sonnet sweep,0,1,0,0,,,,0,0,0,grams (g),.13500001,135,g,log10 median,carrot,pieces or units,NEGROS OCCIDENTAL,PONTEVEDRA,Pontevedra Public Market,Rosalie Vegetable,5JEOFNU6,,,,,,,,.135,,,,,,135,,,,,scale_with_item,,,,,clear,,,,,,,,small_size
11130,1776822920800,1776822920800.jpg,190,g,sonnet sweep,0,1,0,0,,,,0,0,0,grams (g),.19,190,g,log10 median,carrot,pieces or units,NEGROS OCCIDENTAL,PONTEVEDRA,Pontevedra Public Market,Rosalie Vegetable,5JEOFNU6,,,,,,,,.19,,,,,,190,,,,,scale_with_item,,,,,clear,,,,,,,,medium_size
11131,1776822939034,1776822939034.jpg,320,g,sonnet sweep,0,1,0,0,,,,0,0,0,grams (g),.31999999,320,g,log10 median,carrot,pieces or units,NEGROS OCCIDENTAL,PONTEVEDRA,Pontevedra Public Market,Rosalie Vegetable,5JEOFNU6,,,,,,,,.32,,,,,,320,,,,,scale_with_item,,,,,clear,,,,,,,,large_size
11132,1776822524487,1776822524487.jpg,55,g,sonnet sweep,0,1,0,0,,,,0,0,0,grams (g),.055,55,g,log10 median,carrot,pieces or units,NEGROS OCCIDENTAL,PONTEVEDRA,Pontevedra Public Market,RJ Store,JUNKRDI8,,,,,,,,.055,,,,,,55,,,,,scale_with_item,,,,,clear,,,,,,,,small_size
11133,1776822552650,1776822552650.jpg,95,g,sonnet sweep,0,1,0,0,,,,0,0,0,grams (g),.094999999,95,g,log10 median,carrot,pieces or units,NEGROS OCCIDENTAL,PONTEVEDRA,Pontevedra Public Market,RJ Store,JUNKRDI8,,,,,,,,.095,,,,,,95,,,,,scale_with_item,,,,,clear,,,,,,,,medium_size
11134,1776822568635,1776822568635.jpg,145,g,sonnet sweep,0,1,0,0,,,,0,0,0,grams (g),.145,145,g,log10 median,carrot,pieces or units,NEGROS OCCIDENTAL,PONTEVEDRA,Pontevedra Public Market,RJ Store,JUNKRDI8,,,,,,,,.145,,,,,,145,,,,,scale_with_item,,,,,clear,,,,,,,,large_size
11136,1776821227173,1776821227173.jpg,1240,g,sonnet sweep,0,1,0,0,,,,0,0,0,grams (g),1.24,1240,g,log10 median,chicken,bilog,NEGROS OCCIDENTAL,PONTEVEDRA,Pontevedra Public Market,Iraqist Dressed Chicken,5KTLIPYD,,,,,,,,1.24,,,,,,1240,,,,,scale_with_item,,,,,probable,,,,,,,,mp50_price
11138,1776821698527,1776821698527.jpg,1225,g,sonnet sweep,0,1,0,0,,,,0,0,0,grams (g),1.225,1225,g,log10 median,chicken,bilog,NEGROS OCCIDENTAL,PONTEVEDRA,Pontevedra Public Market,Makmak Dressed Chicken,HRETMS7W,,,,,,,,1.225,,,,,,1225,,,,,scale_with_item,,,,,clear,,,,,,,,mp50_price
11140,1776821930087,1776821930087.jpg,1285,g,sonnet sweep,0,1,0,0,,,,0,0,0,grams (g),1.285,1285,g,log10 median,chicken,bilog,NEGROS OCCIDENTAL,PONTEVEDRA,Pontevedra Public Market,Josie Store,W9EZFU32,,,,,,,,1.285,,,,,,1285,,,,,scale_with_item,,,,,clear,,,,,,,,mp50_price
11147,1776822001897,1776822001897.jpg,1290,g,sonnet sweep,0,1,0,0,,,,0,0,0,grams (g),1.29,1290,g,log10 median,chicken,whole (chicken),NEGROS OCCIDENTAL,PONTEVEDRA,Pontevedra Public Market,Josie Store,G5UESBXO,,,,,,,,1.29,,,,,,1290,,,,,scale_with_item,,,,,clear,,,,,,,,small_size
11148,1776822030354,1776822030354.jpg,1315,g,sonnet sweep,0,1,0,0,,,,0,0,0,grams (g),1.3150001,1315,g,log10 median,chicken,whole (chicken),NEGROS OCCIDENTAL,PONTEVEDRA,Pontevedra Public Market,Josie Store,G5UESBXO,,,,,,,,1.315,,,,,,1315,,,,,scale_with_item,,,,,probable,,,,,,,,medium_size
11149,1776822055000,1776822055000.jpg,1730,g,sonnet sweep,0,1,0,0,,,,0,0,0,grams (g),1.73,1730,g,log10 median,chicken,whole (chicken),NEGROS OCCIDENTAL,PONTEVEDRA,Pontevedra Public Market,Josie Store,G5UESBXO,,,,,,,,1.73,,,,,,1730,,,,,scale_with_item,,,,,clear,,,,,,,,large_size
11156,1776826064153,1776826064153.jpg,,,,0,0,0,0,,,,0,0,0,Litres (L),.035,35,g,log10 median,"ice cream, sorbet, edible ice (eg., ice-lolli, halo-halo)",pieces or units,NEGROS OCCIDENTAL,PONTEVEDRA,Pontevedra Public Market,Stella Mia Store,KDRAUT0E,,,,,,,,,,,,,,,,,,,label_closeup,,,,,not_visible,,,,,,,,small_size
11157,1776826087119,1776826087119.jpg,60,mL,package label (mL),0,1,1,1,60 mL,60,mL,1,0,1,Litres (L),.059999999,60,g,log10 median,"ice cream, sorbet, edible ice (eg., ice-lolli, halo-halo)",pieces or units,NEGROS OCCIDENTAL,PONTEVEDRA,Pontevedra Public Market,Stella Mia Store,KDRAUT0E,,,,,,,,,,,,,,,,,,,label_closeup,,,,,not_visible,,,,,60 mL,,,medium_size
11160,1776826157423,1776826157423.jpg,,,,0,0,0,0,,,,0,0,0,Litres (L),.1,100,g,log10 median,"ice cream, sorbet, edible ice (eg., ice-lolli, halo-halo)",small cup,NEGROS OCCIDENTAL,PONTEVEDRA,Pontevedra Public Market,Stella Mia Store,7GPELXHQ,,,,,,,,,,,,,,,,,,,label_closeup,,,,,not_visible,,,,,,,,small_size
11161,1776826183376,1776826183376.jpg,,,,0,0,0,0,,,,0,0,0,Litres (L),.40000001,400,g,log10 median,"ice cream, sorbet, edible ice (eg., ice-lolli, halo-halo)",small cup,NEGROS OCCIDENTAL,PONTEVEDRA,Pontevedra Public Market,Stella Mia Store,7GPELXHQ,,,,,,,,,,,,,,,,,,,label_closeup,,,,,not_visible,,,,,,,,medium_size
11162,1776826201620,1776826201620.jpg,,,,0,0,0,0,,,,0,0,0,Litres (L),.44999999,450,g,block governs,"ice cream, sorbet, edible ice (eg., ice-lolli, halo-halo)",small cup,NEGROS OCCIDENTAL,PONTEVEDRA,Pontevedra Public Market,Stella Mia Store,7GPELXHQ,,,,,,,,,,,,,,,,,,,label_closeup,,,,,not_visible,,,,,,,,large_size
11167,1776826496720,1776826496720.jpg,60,mL,package label (mL),0,1,1,1,60mL,60,mL,1,0,1,grams (g),60,60,g,log10 median,"ice cream, sorbet, edible ice (eg., ice-lolli, halo-halo)",putos,NEGROS OCCIDENTAL,PONTEVEDRA,Pontevedra Public Market,MedSure Pharmacy,E1HNP4IQ,,,,,,,,,,,,,,,,,item_no_scale,,,,label_closeup,not_visible,,,,not_visible,60mL,,,,,small_size
11168,1776826269121,1776826269121.jpg,60,mL,package label (mL),0,1,1,1,60mL,60,mL,1,0,1,Litres (L),.059999999,60,g,log10 median,"ice cream, sorbet, edible ice (eg., ice-lolli, halo-halo)",putos,NEGROS OCCIDENTAL,PONTEVEDRA,Pontevedra Public Market,Stella Mia Store,HM3Z1J2D,,,,,,,,,,,,,,,,,,,label_closeup,,,,,not_visible,,,,,60mL,,,small_size
11172,1776825414902,1776825414902.jpg,450,g,package label (g),0,1,1,0,Net Wt. 450 g,450,g,1,0,1,grams (g),450,450,mL,log10 median,"liquor (e.g, whisky, coconut wine)",lipid/lapad,NEGROS OCCIDENTAL,PONTEVEDRA,Pontevedra Public Market,ASCK Store,I1T7A09V,,,,,,,,,,,,,,,,,,,label_closeup,,,,,not_visible,,,,,Net Wt. 450 g,,,medium_size
11173,1776825436340,1776825436340.jpg,640,g,package label (g),0,1,1,0,Net Wt. 640g,640,g,1,0,1,grams (g),640,640,mL,log10 median,"liquor (e.g, whisky, coconut wine)",lipid/lapad,NEGROS OCCIDENTAL,PONTEVEDRA,Pontevedra Public Market,ASCK Store,I1T7A09V,,,,,,,,,,,,,,,,,,,label_closeup,,,,,not_visible,,,,,Net Wt. 640g,,,large_size
11178,1776906345288,1776906345288.jpg,,,,0,0,0,0,,,,0,0,0,Litres (L),750,750,mL,log10 median,"liquor (e.g, whisky, coconut wine)",long-neck,NEGROS OCCIDENTAL,PONTEVEDRA,Roadside,Anna Sari Sari Store,EQM0NEY1,,,,,,,,,,,,,,,,,,,item_no_scale,,,,,not_visible,,,,,,,,province_median
11179,1776906791371,1776906791371.jpg,,,,0,0,0,0,,,,0,0,0,Litres (L),750,750,mL,log10 median,"liquor (e.g, whisky, coconut wine)",long-neck,NEGROS OCCIDENTAL,PONTEVEDRA,Roadside,Silver Swan Store,PLGXYJ87,,,,,,,,,,,,,,,,,,,item_no_scale,,,,,not_visible,,,,,,,,province_median
11191,1776824236232,1776824236232.jpg,230,g,sonnet sweep,0,1,0,0,,,,0,0,0,grams (g),.23,230,g,log10 median,"preserved or processed meat (tocino, tapa, longaniza, etc)",bilog,NEGROS OCCIDENTAL,PONTEVEDRA,Pontevedra Public Market,R& KC Store,S1AWIHOC,,,,,,,,.23,,,,,,230,,,,,scale_with_item,,,,,clear,,,,,,,,medium_size
11192,1776824531854,1776824531854.jpg,190,g,sonnet sweep,0,1,0,0,,,,0,0,0,grams (g),.19,190,g,log10 median,"preserved or processed meat (tocino, tapa, longaniza, etc)",bilog,NEGROS OCCIDENTAL,PONTEVEDRA,Pontevedra Public Market,Gaw Gaw Store,SJZZYGJU,,,,,,,,.19,,,,,,190,,,,,scale_with_item,,,,,clear,,,,,,,,small_size
11193,1776824550467,1776824550467.jpg,230,g,package label (g),0,1,1,0,NET WT. 230g,230,g,1,0,1,grams (g),.22499999,225,g,log10 median,"preserved or processed meat (tocino, tapa, longaniza, etc)",bilog,NEGROS OCCIDENTAL,PONTEVEDRA,Pontevedra Public Market,Gaw Gaw Store,SJZZYGJU,,,,,,,,,,,,,,,,,,,scale_with_item,,,,,not_visible,,,,,NET WT. 230g,,,medium_size
11194,1776823806316,1776823806316.jpg,65,g,sonnet sweep,0,1,0,0,,,,0,0,0,grams (g),.064999998,65,g,log10 median,"preserved or processed meat (tocino, tapa, longaniza, etc)",bilog,NEGROS OCCIDENTAL,PONTEVEDRA,Pontevedra Public Market,Josie Frozen,T47604YO,,,,,,,,.065,,,,,,65,,,,,scale_with_item,,,,,clear,,,,,,,,large_size
11195,1776824636453,1776824636453.jpg,155,g,sonnet sweep,0,1,0,0,,,,0,0,0,grams (g),.155,155,g,log10 median,"preserved or processed meat (tocino, tapa, longaniza, etc)",putos,NEGROS OCCIDENTAL,PONTEVEDRA,Pontevedra Public Market,Gaw Gaw Store,2ANLSQDS,,,,,,,,.155,,,,,,155,,,,,scale_with_item,,,,,clear,,,,,,,,small_size
11196,1776824662897,1776824662897.jpg,195,g,sonnet sweep,0,1,0,0,NET WT. 200G,200,g,1,0,1,grams (g),.19499999,195,g,log10 median,"preserved or processed meat (tocino, tapa, longaniza, etc)",putos,NEGROS OCCIDENTAL,PONTEVEDRA,Pontevedra Public Market,Gaw Gaw Store,2ANLSQDS,,,,,,,,.195,,,,,,195,,,,,scale_with_item,,,,,clear,,,,,NET WT. 200G,,,medium_size
11197,1776824685368,1776824685368.jpg,220,g,sonnet sweep,0,1,0,0,NET WT. 225 g,225,g,1,0,1,grams (g),.22,220,g,log10 median,"preserved or processed meat (tocino, tapa, longaniza, etc)",putos,NEGROS OCCIDENTAL,PONTEVEDRA,Pontevedra Public Market,Gaw Gaw Store,2ANLSQDS,,,,,,,,.22,,,,,,220,,,,,scale_with_item,,,,,clear,,,,,NET WT. 225 g,,,large_size
11198,1776824310312,1776824310312.jpg,170,g,sonnet sweep,0,1,0,0,,,,0,0,0,grams (g),.17,170,g,log10 median,"preserved or processed meat (tocino, tapa, longaniza, etc)",putos,NEGROS OCCIDENTAL,PONTEVEDRA,Pontevedra Public Market,R& KC Store,OM1HEJUJ,,,,,,,,.17,,,,,,170,,,,,scale_with_item,,,,,clear,,,,,,,,small_size
11199,1776824327140,1776824327140.jpg,310,g,sonnet sweep,0,1,0,0,,,,0,0,0,grams (g),.31,310,g,log10 median,"preserved or processed meat (tocino, tapa, longaniza, etc)",putos,NEGROS OCCIDENTAL,PONTEVEDRA,Pontevedra Public Market,R& KC Store,OM1HEJUJ,,,,,,,,.31,,,,,,310,,,,,scale_with_item,,,,,clear,,,,,,,,medium_size
11200,1776824344104,1776824344104.jpg,460,g,sonnet sweep,0,1,0,0,,,,0,0,0,grams (g),.46000001,460,g,log10 median,"preserved or processed meat (tocino, tapa, longaniza, etc)",putos,NEGROS OCCIDENTAL,PONTEVEDRA,Pontevedra Public Market,R& KC Store,OM1HEJUJ,,,,,,,,.46,,,,,,460,,,,,scale_with_item,,,,,clear,,,,,,,,large_size
11201,1776823950912,1776823950912.jpg,175,g,sonnet sweep,0,1,0,0,,,,0,0,0,grams (g),.175,175,g,log10 median,"preserved or processed meat (tocino, tapa, longaniza, etc)",putos,NEGROS OCCIDENTAL,PONTEVEDRA,Pontevedra Public Market,Josie Frozen,UVT7YACC,,,,,,,,.175,,,,,,175,,,,,scale_with_item,,,,,clear,,,,,,,,small_size
11202,1776823965095,1776823965095.jpg,295,g,sonnet sweep,0,1,0,0,,,,0,0,0,grams (g),.29499999,295,g,log10 median,"preserved or processed meat (tocino, tapa, longaniza, etc)",putos,NEGROS OCCIDENTAL,PONTEVEDRA,Pontevedra Public Market,Josie Frozen,UVT7YACC,,,,,,,,.295,,,,,,295,,,,,scale_with_item,,,,,clear,,,,,,,,medium_size
11203,1776824012294,1776824012294.jpg,520,g,sonnet sweep,0,1,0,0,,,,0,0,0,grams (g),.51999998,520,g,log10 median,"preserved or processed meat (tocino, tapa, longaniza, etc)",putos,NEGROS OCCIDENTAL,PONTEVEDRA,Pontevedra Public Market,Josie Frozen,UVT7YACC,,,,,,,,.52,,,,,,520,,,,,scale_with_item,,,,,clear,,,,,,,,large_size
11223,1777256568202,1777256568202.jpg,,,,0,0,0,0,,,,0,0,0,grams (g),65,65,mL,log10 median,"ice cream, sorbet, edible ice (eg., ice-lolli, halo-halo)",pieces or units,NEGROS OCCIDENTAL,PULUPANDAN,Pulupandan,Mae,527MY5O6,,,,,,,,,,,,,,,,,,,label_closeup,,,,,not_visible,,,,,,,,small_size
11246,1777343511311,1777343511311.jpg,45,g,sonnet tiled,0,1,0,0,,,,0,0,0,grams (g),45,450,g,block governs,"preserved or processed meat (tocino, tapa, longaniza, etc)",bilog,NEGROS OCCIDENTAL,PULUPANDAN,Pulupandan,Mary ann,U4YU8NV7,,,,,,,.045,,,,,,45,,,,scale_with_item,,,,item_no_scale,clear,,,,not_visible,,,,,,municipality_median
11275,1777955534427,1777955534427.jpg,,,,0,0,0,0,,,,0,0,0,Litres (L),375,375,mL,log10 median,"liquor (e.g, whisky, coconut wine)",lipid/lapad,NEGROS OCCIDENTAL,SALVADOR BENEDICTO,Donsalvador,Djm store,72QE089F,,,,,,,,,,,,,,,,,,,label_closeup,,,,,not_visible,,,,,,,,municipality_median
11420,1779243896007,1779243896007.jpg,,,,0,0,0,0,,,,0,0,0,Litres (L),.5,500,g,log10 median,"drinks at restaurant, hotel, cafe, or kiosk",pieces or units,NEGROS OCCIDENTAL,TOBOSO,Toboso Roadside,7/11,5RP9TSCL,,,,,,,,,,,,,,,,,,,item_no_scale,,,,,not_visible,,,,,,,,medium_size
11421,1779243080681,1779243080681.jpg,500,mL,package label (mL),0,1,1,1,500 mL,500,mL,1,0,1,grams (g),500,500,g,log10 median,"drinks at restaurant, hotel, cafe, or kiosk",pieces or units,NEGROS OCCIDENTAL,TOBOSO,Toboso roadside,Jean snack house,9WTS43W9,,,,,,,,,,,,,,,,,item_no_scale,,,,item_no_scale,not_visible,,,,not_visible,500 mL,,,,600 mL,medium_size
11448,1776992352312,1776992352312.jpg,350,g,sonnet sweep,0,1,0,0,,,,0,0,0,grams (g),.34999999,350,g,log10 median,cabbage,pieces or units,NEGROS OCCIDENTAL,VALLADOLID,Valladolid Public Market,Joel Store,1PG4093D,,,,,,,,.35,,,,,,350,,,,,scale_with_item,,,,,clear,,,,,,,,municipality_median
11449,1776991432802,1776991432802.jpg,325,g,sonnet sweep,0,1,0,0,,,,0,0,0,grams (g),.32499999,325,g,log10 median,cabbage,pieces or units,NEGROS OCCIDENTAL,VALLADOLID,Valladolid Public Market,Khrisette Vegetable,75CVC8P7,,,,,,,,.325,,,,,,325,,,,,scale_with_item,,,,,clear,,,,,,,,municipality_median
11450,1776992979387,1776992979387.jpg,315,g,sonnet sweep,0,1,0,0,,,,0,0,0,grams (g),.315,315,g,log10 median,cabbage,pieces or units,NEGROS OCCIDENTAL,VALLADOLID,Valladolid Public Market,Nanays Vegetable Corner,TL7SEFNB,,,,,,,,.315,,,,,,315,,,,,scale_with_item,,,,,clear,,,,,,,,municipality_median
11451,1776992488586,1776992488586.jpg,920,g,sonnet sweep,0,1,0,0,,,,0,0,0,grams (g),.92000002,920,g,log10 median,cabbage,pieces or units,NEGROS OCCIDENTAL,VALLADOLID,Valladpolid Public Market,Joel Store,17PM3M94,,,,,,,,.92,,,,,,920,,,,,scale_with_item,,,,,clear,,,,,,,,province_median
11452,1776993026684,1776993026684.jpg,780,g,sonnet sweep,0,1,0,0,,,,0,0,0,grams (g),.77999997,780,g,log10 median,cabbage,pieces or units,NEGROS OCCIDENTAL,VALLADOLID,Valladpolid Public Market,Nanays Vegetable Corner,K0JFOPQX,,,,,,,,.78,,,,,,780,,,,,scale_with_item,,,,,clear,,,,,,,,province_median
11453,1776991645033,1776991645033.jpg,500,g,sonnet sweep,0,1,0,0,,,,0,0,0,grams (g),.5,500,g,log10 median,cabbage,pieces or units,NEGROS OCCIDENTAL,VALLADOLID,Valladpolid Public Market,Khrisette Vegetable,LSJKS61I,,,,,,,,.5,,,,,,500,,,,,scale_with_item,,,,,clear,,,,,,,,province_median
11454,1776992550790,1776992550790.jpg,360,g,sonnet sweep,0,1,0,0,,,,0,0,0,grams (g),.36000001,360,g,log10 median,camote tops,bugkos,NEGROS OCCIDENTAL,VALLADOLID,Valladpolid Public Market,Joel Store,59NOT0QT,,,,,,,,.36,,,,,,360,,,,,scale_with_item,,,,,clear,,,,,,,,small_size
11455,1776993087342,1776993087342.jpg,535,g,sonnet sweep,0,1,0,0,,,,0,0,0,grams (g),.53500003,535,g,log10 median,camote tops,bugkos,NEGROS OCCIDENTAL,VALLADOLID,Valladpolid Public Market,Nanays Vegetable Corner,6KKGR2RP,,,,,,,,.535,,,,,,535,,,,,scale_with_item,,,,,clear,,,,,,,,small_size
11456,1776991693813,1776991693813.jpg,540,g,sonnet sweep,0,1,0,0,,,,0,0,0,grams (g),.54000002,540,g,log10 median,camote tops,bugkos,NEGROS OCCIDENTAL,VALLADOLID,Valladpolid Public Market,Khrisette Vegetable,WSC533TJ,,,,,,,,.54,,,,,,540,,,,,scale_with_item,,,,,clear,,,,,,,,small_size
11457,1776991797025,1776991797025.jpg,95,g,sonnet sweep,0,1,0,0,,,,0,0,0,grams (g),.094999999,95,g,log10 median,camote,bilog,NEGROS OCCIDENTAL,VALLADOLID,Valladpolid Public Market,Khrisette Vegetable,64QHH5KN,,,,,,,,.095,,,,,,95,,,,,scale_with_item,,,,,clear,,,,,,,,province_median
11458,1776993122225,1776993122225.jpg,95,g,sonnet sweep,0,1,0,0,,,,0,0,0,grams (g),.094999999,95,g,log10 median,camote,bilog,NEGROS OCCIDENTAL,VALLADOLID,Valladpolid Public Market,Nanays Vegetable Corner,AMKQAXV7,,,,,,,,.095,,,,,,95,,,,,scale_with_item,,,,,clear,,,,,,,,province_median
11459,1776992760086,1776992760086.jpg,95,g,sonnet sweep,0,1,0,0,,,,0,0,0,grams (g),.094999999,95,g,log10 median,camote,bilog,NEGROS OCCIDENTAL,VALLADOLID,Valladpolid Public Market,Joel Store,PGS3ASFP,,,,,,,,.095,,,,,,95,,,,,scale_with_item,,,,,clear,,,,,,,,province_median
11460,1776992622486,1776992622486.jpg,185,g,sonnet sweep,0,1,0,0,,,,0,0,0,grams (g),.185,185,g,log10 median,carrot,pieces or units,NEGROS OCCIDENTAL,VALLADOLID,Valladpolid Public Market,Joel Store,3DMEN7GQ,,,,,,,,.185,,,,,,185,,,,,scale_with_item,,,,,clear,,,,,,,,municipality_median
11461,1776993172642,1776993172642.jpg,150,g,sonnet sweep,0,1,0,0,,,,0,0,0,grams (g),.15000001,150,g,log10 median,carrot,pieces or units,NEGROS OCCIDENTAL,VALLADOLID,Valladpolid Public Market,Nanays Vegetable Corner,9G2NBC8L,,,,,,,,.15,,,,,,150,,,,,scale_with_item,,,,,clear,,,,,,,,municipality_median
11462,1776991969924,1776991969924.jpg,135,g,sonnet sweep,0,1,0,0,,,,0,0,0,grams (g),.13500001,135,g,log10 median,carrot,pieces or units,NEGROS OCCIDENTAL,VALLADOLID,Valladpolid Public Market,Khrisette Vegetable,E4W2RMDF,,,,,,,,.135,,,,,,135,,,,,scale_with_item,,,,,clear,,,,,,,,municipality_median
11463,1776992029545,1776992029545.jpg,65,g,sonnet sweep,0,1,0,0,,,,0,0,0,grams (g),.064999998,65,g,log10 median,carrot,pieces or units,NEGROS OCCIDENTAL,VALLADOLID,Valladpolid Public Market,Khrisette Vegetable,ADT3Y6B1,,,,,,,,.065,,,,,,65,,,,,scale_with_item,,,,,clear,,,,,,,,province_median
11464,1776993250703,1776993250703.jpg,140,g,sonnet sweep,0,1,0,0,,,,0,0,0,grams (g),.14,140,g,log10 median,carrot,pieces or units,NEGROS OCCIDENTAL,VALLADOLID,Valladpolid Public Market,Nanays Vegetable Corner,JJSW6EG8,,,,,,,,.14,,,,,,140,,,,,scale_with_item,,,,,clear,,,,,,,,province_median
11465,1776992674135,1776992674135.jpg,95,g,sonnet sweep,0,1,0,0,,,,0,0,0,grams (g),.094999999,95,g,log10 median,carrot,pieces or units,NEGROS OCCIDENTAL,VALLADOLID,Valladpolid Public Market,Joel Store,KTOYPZAB,,,,,,,,.095,,,,,,95,,,,,scale_with_item,,,,,clear,,,,,,,,province_median
11473,1776997948482,1776997948482.jpg,32,mL,package label (mL),0,1,1,1,32ml,32,mL,1,0,1,Litres (L),.032000002,32,g,log10 median,"ice cream, sorbet, edible ice (eg., ice-lolli, halo-halo)",pieces or units,NEGROS OCCIDENTAL,VALLADOLID,Valladpolid Public Market,HMMFF Store,ZNCUSQ0Z,,,,,,,,,,,,,,,,,,,label_closeup,,,,,not_visible,,,,,32ml,,,small_size
11475,1776998405177,1776998405177.jpg,375,mL,package label (mL),0,1,1,1,375 ml,375,mL,1,0,1,Litres (L),375,375,mL,log10 median,"liquor (e.g, whisky, coconut wine)",lipid/lapad,NEGROS OCCIDENTAL,VALLADOLID,Valladolid Public Market,Edna store,6HFZ4C4K,,,,,,,,,,,,,,,,,,,item_no_scale,,,,,not_visible,,,,,375 ml,,,municipality_median
11476,1776997843488,1776997843488.jpg,375,mL,package label (mL),0,1,1,1,375 mL,375,mL,1,0,1,Litres (L),375,375,mL,log10 median,"liquor (e.g, whisky, coconut wine)",lipid/lapad,NEGROS OCCIDENTAL,VALLADOLID,Valladolid Public Market,HMMFF Store,RIZ2SP1Z,,,,,,,,,,,,,,,,,,,item_no_scale,,,,,not_visible,,,,,375 mL,,,municipality_median
11477,1776997911798,1776997911798.jpg,375,mL,package label (mL),0,1,1,1,375 mL,375,mL,1,0,1,Litres (L),750,750,mL,log10 median,"liquor (e.g, whisky, coconut wine)",long-neck,NEGROS OCCIDENTAL,VALLADOLID,Valladpolid Public Market,HMMFF Store,3CGYZF10,,,,,,,,,,,,,,,,,,,item_no_scale,,,,,not_visible,,,,,375 mL,,,province_median
11478,1776998458729,1776998458729.jpg,,,,0,0,0,0,,,,0,0,0,Litres (L),750,750,mL,log10 median,"liquor (e.g, whisky, coconut wine)",long-neck,NEGROS OCCIDENTAL,VALLADOLID,Valladpolid Public Market,Edna store,ZLED8UJ8,,,,,,,,,,,,,,,,,,,item_no_scale,,,,,not_visible,,,,,,,,province_median
11487,1776994722909,1776994722909.jpg,260,g,sonnet sweep,0,1,0,0,,,,0,0,0,grams (g),.25999999,260,g,log10 median,mango,pieces or units,NEGROS OCCIDENTAL,VALLADOLID,Valladpolid Public Market,Kenneth fruits,5VJXWXBR,,,,,,,,.26,,,,,,260,,,,,scale_with_item,,,,,clear,,,,,,,,province_median
11489,1776994985880,1776994985880.jpg,205,g,sonnet sweep,0,1,0,0,,,,0,0,0,grams (g),.205,205,g,log10 median,mango,pieces or units,NEGROS OCCIDENTAL,VALLADOLID,Valladolid Public Market,Joemin Fruits,OZI20KV1,,,,,,,,.205,,,,,,205,,,,,scale_with_item,,,,,clear,,,,,,,,province_median
11490,1776990659725,1776990659725.jpg,260,g,sonnet sweep,0,1,0,0,,,,0,0,0,grams (g),.25999999,260,g,log10 median,"prawns, lobster, shrimp",tumpok,NEGROS OCCIDENTAL,VALLADOLID,Valladolid Public Market,Rose Fish Stand,66FEPQGH,,,,,,,,.26,,,,,,260,,,,,scale_with_item,,,,,clear,,,,,,,,municipality_median
11491,1776990970946,1776990970946.jpg,235,g,sonnet sweep,0,1,0,0,,,,0,0,0,grams (g),.235,235,g,log10 median,"prawns, lobster, shrimp",tumpok,NEGROS OCCIDENTAL,VALLADOLID,Valladolid Public Market,Julieta Fish Stand,A4D9HK4W,,,,,,,,.235,,,,,,235,,,,,scale_with_item,,,,,clear,,,,,,,,municipality_median
11492,1776990445594,1776990445594.jpg,245,g,sonnet sweep,0,1,0,0,,,,0,0,0,grams (g),.245,245,g,log10 median,"prawns, lobster, shrimp",tumpok,NEGROS OCCIDENTAL,VALLADOLID,Valladolid Public Market,Amir Fish Stand,RAY0Q0P2,,,,,,,,.245,,,,,,245,,,,,scale_with_item,,,,,probable,,,,,,,,municipality_median
11495,1776994419499,1776994419499.jpg,285,g,sonnet sweep,0,1,0,0,,,,0,0,0,grams (g),.285,285,g,log10 median,"preserved or processed meat (tocino, tapa, longaniza, etc)",putos,NEGROS OCCIDENTAL,VALLADOLID,Valladpolid Public Market,FVS Dresed Chicken,3LNLYE00,,,,,,,,.285,,,,,,285,,,,,scale_with_item,,,,,clear,,,,,,,,municipality_median
