seq,sheet,cell,status,id,filename,photo_path,img_sha16,seed
1,sheet_001.jpg,0,ok,7684,1774424963842.jpg,C:\Users\uzj5150\Box\Philippines Panel\01 Panel\14 NSU Market Survey\NSU Market Survey Launch\data\pictures/1774424963842.jpg,51f111fa0b394f9a,20260920
2,sheet_001.jpg,1,ok,7582,1774492827178.jpg,C:\Users\uzj5150\Box\Philippines Panel\01 Panel\14 NSU Market Survey\NSU Market Survey Launch\data\pictures/1774492827178.jpg,600cfee77f602601,20260920
3,sheet_001.jpg,2,ok,3167,1776910350679.jpg,C:\Users\uzj5150\Box\Philippines Panel\01 Panel\14 NSU Market Survey\NSU Market Survey Launch\data\pictures/1776910350679.jpg,169acd98757d5446,20260920
4,sheet_001.jpg,3,ok,9024,1778647177779.jpg,C:\Users\uzj5150\Box\Philippines Panel\01 Panel\14 NSU Market Survey\NSU Market Survey Launch\data\pictures/1778647177779.jpg,bbbcd4d11dc5eda8,20260920
5,sheet_002.jpg,0,ok,2716,1776308432112.jpg,C:\Users\uzj5150\Box\Philippines Panel\01 Panel\14 NSU Market Survey\NSU Market Survey Launch\data\pictures/1776308432112.jpg,54c535aa585b111d,20260920
6,sheet_002.jpg,1,ok,6154,1773709282828.jpg,C:\Users\uzj5150\Box\Philippines Panel\01 Panel\14 NSU Market Survey\NSU Market Survey Launch\data\pictures/1773709282828.jpg,0d7dd9637268cd34,20260920
7,sheet_002.jpg,2,ok,2444,1776994722490.jpg,C:\Users\uzj5150\Box\Philippines Panel\01 Panel\14 NSU Market Survey\NSU Market Survey Launch\data\pictures/1776994722490.jpg,1620d4f2dc2c13aa,20260920
8,sheet_002.jpg,3,ok,11491,1776990970946.jpg,C:\Users\uzj5150\Box\Philippines Panel\01 Panel\14 NSU Market Survey\NSU Market Survey Launch\data\pictures/1776990970946.jpg,b47380dcdb2de33a,20260920
9,sheet_003.jpg,0,ok,1634,1776999946397.jpg,C:\Users\uzj5150\Box\Philippines Panel\01 Panel\14 NSU Market Survey\NSU Market Survey Launch\data\pictures/1776999946397.jpg,beb7c42839398d85,20260920
10,sheet_003.jpg,1,ok,5109,1773718137623.jpg,C:\Users\uzj5150\Box\Philippines Panel\01 Panel\14 NSU Market Survey\NSU Market Survey Launch\data\pictures/1773718137623.jpg,e76d5d2b9c358ea6,20260920
11,sheet_003.jpg,2,ok,5120,1773713566210.jpg,C:\Users\uzj5150\Box\Philippines Panel\01 Panel\14 NSU Market Survey\NSU Market Survey Launch\data\pictures/1773713566210.jpg,384df0185b313d38,20260920
12,sheet_003.jpg,3,ok,2668,1776218516455.jpg,C:\Users\uzj5150\Box\Philippines Panel\01 Panel\14 NSU Market Survey\NSU Market Survey Launch\data\pictures/1776218516455.jpg,13d952c35225bf79,20260920
13,sheet_004.jpg,0,ok,9552,1773987411605.jpg,C:\Users\uzj5150\Box\Philippines Panel\01 Panel\14 NSU Market Survey\NSU Market Survey Launch\data\pictures/1773987411605.jpg,9ec54e9d7b23234e,20260920
14,sheet_004.jpg,1,ok,6949,1778111402193.jpg,C:\Users\uzj5150\Box\Philippines Panel\01 Panel\14 NSU Market Survey\NSU Market Survey Launch\data\pictures/1778111402193.jpg,b605ca83a30c60a9,20260920
15,sheet_004.jpg,2,ok,9687,1773992584995.jpg,C:\Users\uzj5150\Box\Philippines Panel\01 Panel\14 NSU Market Survey\NSU Market Survey Launch\data\pictures/1773992584995.jpg,6c2bd2d316724e0c,20260920
16,sheet_004.jpg,3,ok,5421,1774655104338.jpg,C:\Users\uzj5150\Box\Philippines Panel\01 Panel\14 NSU Market Survey\NSU Market Survey Launch\data\pictures/1774655104338.jpg,6a1505a7d32bfcd7,20260920
17,sheet_005.jpg,0,ok,2409,1776471432783.jpg,C:\Users\uzj5150\Box\Philippines Panel\01 Panel\14 NSU Market Survey\NSU Market Survey Launch\data\pictures/1776471432783.jpg,20a3610802052600,20260920
18,sheet_005.jpg,1,ok,7595,1774419627778.jpg,C:\Users\uzj5150\Box\Philippines Panel\01 Panel\14 NSU Market Survey\NSU Market Survey Launch\data\pictures/1774419627778.jpg,ea55a33bc19f379f,20260920
19,sheet_005.jpg,2,ok,9789,1773967474115.jpg,C:\Users\uzj5150\Box\Philippines Panel\01 Panel\14 NSU Market Survey\NSU Market Survey Launch\data\pictures/1773967474115.jpg,be972d4cfea96612,20260920
20,sheet_005.jpg,3,ok,824,1778028816971.jpg,C:\Users\uzj5150\Box\Philippines Panel\01 Panel\14 NSU Market Survey\NSU Market Survey Launch\data\pictures/1778028816971.jpg,2e6b32f87ec89942,20260920
21,sheet_006.jpg,0,ok,1651,1777082401481.jpg,C:\Users\uzj5150\Box\Philippines Panel\01 Panel\14 NSU Market Survey\NSU Market Survey Launch\data\pictures/1777082401481.jpg,5df2e443a4e024a5,20260920
22,sheet_006.jpg,1,ok,9611,1773997023325.jpg,C:\Users\uzj5150\Box\Philippines Panel\01 Panel\14 NSU Market Survey\NSU Market Survey Launch\data\pictures/1773997023325.jpg,cad848d3279c2ed1,20260920
23,sheet_006.jpg,2,ok,2600,1776302692219.jpg,C:\Users\uzj5150\Box\Philippines Panel\01 Panel\14 NSU Market Survey\NSU Market Survey Launch\data\pictures/1776302692219.jpg,9fa10688fc7a4962,20260920
24,sheet_006.jpg,3,ok,5581,1774408793521.jpg,C:\Users\uzj5150\Box\Philippines Panel\01 Panel\14 NSU Market Survey\NSU Market Survey Launch\data\pictures/1774408793521.jpg,9ef9e69c4fc829a8,20260920
25,sheet_007.jpg,0,ok,613,1777867916089.jpg,C:\Users\uzj5150\Box\Philippines Panel\01 Panel\14 NSU Market Survey\NSU Market Survey Launch\data\pictures/1777867916089.jpg,e5ea32c3885da84f,20260920
26,sheet_007.jpg,1,ok,103,1778118987054.jpg,C:\Users\uzj5150\Box\Philippines Panel\01 Panel\14 NSU Market Survey\NSU Market Survey Launch\data\pictures/1778118987054.jpg,3bf2d5f8c44da3c1,20260920
27,sheet_007.jpg,2,ok,7866,1773973887575.jpg,C:\Users\uzj5150\Box\Philippines Panel\01 Panel\14 NSU Market Survey\NSU Market Survey Launch\data\pictures/1773973887575.jpg,fb95bfc69470c6e9,20260920
28,sheet_007.jpg,3,ok,9389,1774063138096.jpg,C:\Users\uzj5150\Box\Philippines Panel\01 Panel\14 NSU Market Survey\NSU Market Survey Launch\data\pictures/1774063138096.jpg,5a2becacddbd1e82,20260920
29,sheet_008.jpg,0,ok,9159,1778464010872.jpg,C:\Users\uzj5150\Box\Philippines Panel\01 Panel\14 NSU Market Survey\NSU Market Survey Launch\data\pictures/1778464010872.jpg,b9ed28fd01f5498f,20260920
30,sheet_008.jpg,1,ok,3182,1776911604639.jpg,C:\Users\uzj5150\Box\Philippines Panel\01 Panel\14 NSU Market Survey\NSU Market Survey Launch\data\pictures/1776911604639.jpg,7ab12adf0e89998c,20260920
31,sheet_008.jpg,2,ok,813,1777424431544.jpg,C:\Users\uzj5150\Box\Philippines Panel\01 Panel\14 NSU Market Survey\NSU Market Survey Launch\data\pictures/1777424431544.jpg,9fe271d63b28fb9f,20260920
32,sheet_008.jpg,3,ok,4134,1775873843938.jpg,C:\Users\uzj5150\Box\Philippines Panel\01 Panel\14 NSU Market Survey\NSU Market Survey Launch\data\pictures/1775873843938.jpg,f22021b17d7da9fb,20260920
33,sheet_009.jpg,0,ok,14,1778292531547.jpg,C:\Users\uzj5150\Box\Philippines Panel\01 Panel\14 NSU Market Survey\NSU Market Survey Launch\data\pictures/1778292531547.jpg,5b773ef4f15fa806,20260920
34,sheet_009.jpg,1,ok,4939,1775534417181.jpg,C:\Users\uzj5150\Box\Philippines Panel\01 Panel\14 NSU Market Survey\NSU Market Survey Launch\data\pictures/1775534417181.jpg,5eca4153a1d32ace,20260920
35,sheet_009.jpg,2,ok,5423,1774580521250.jpg,C:\Users\uzj5150\Box\Philippines Panel\01 Panel\14 NSU Market Survey\NSU Market Survey Launch\data\pictures/1774580521250.jpg,e52efae980e63b87,20260920
36,sheet_009.jpg,3,ok,59,1778298981027.jpg,C:\Users\uzj5150\Box\Philippines Panel\01 Panel\14 NSU Market Survey\NSU Market Survey Launch\data\pictures/1778298981027.jpg,4851e9c4d7d8ae3e,20260920
37,sheet_010.jpg,0,ok,105,1778204787227.jpg,C:\Users\uzj5150\Box\Philippines Panel\01 Panel\14 NSU Market Survey\NSU Market Survey Launch\data\pictures/1778204787227.jpg,38e984d0e0f602ea,20260920
38,sheet_010.jpg,1,ok,5163,1775868763381.jpg,C:\Users\uzj5150\Box\Philippines Panel\01 Panel\14 NSU Market Survey\NSU Market Survey Launch\data\pictures/1775868763381.jpg,79d2eeb6122fc19e,20260920
39,sheet_010.jpg,2,ok,9371,1774313650033.jpg,C:\Users\uzj5150\Box\Philippines Panel\01 Panel\14 NSU Market Survey\NSU Market Survey Launch\data\pictures/1774313650033.jpg,807af7b0c98d4b6b,20260920
40,sheet_010.jpg,3,ok,9624,1773969895889.jpg,C:\Users\uzj5150\Box\Philippines Panel\01 Panel\14 NSU Market Survey\NSU Market Survey Launch\data\pictures/1773969895889.jpg,d318c5e3260aed80,20260920
41,sheet_011.jpg,0,ok,9576,1773880056793.jpg,C:\Users\uzj5150\Box\Philippines Panel\01 Panel\14 NSU Market Survey\NSU Market Survey Launch\data\pictures/1773880056793.jpg,4759899580a50eb8,20260920
42,sheet_011.jpg,1,ok,7696,1774421653595.jpg,C:\Users\uzj5150\Box\Philippines Panel\01 Panel\14 NSU Market Survey\NSU Market Survey Launch\data\pictures/1774421653595.jpg,73242bdd114a9739,20260920
43,sheet_011.jpg,2,ok,9443,1773722935812.jpg,C:\Users\uzj5150\Box\Philippines Panel\01 Panel\14 NSU Market Survey\NSU Market Survey Launch\data\pictures/1773722935812.jpg,a145077ff9840059,20260920
44,sheet_011.jpg,3,ok,854,1777448667164.jpg,C:\Users\uzj5150\Box\Philippines Panel\01 Panel\14 NSU Market Survey\NSU Market Survey Launch\data\pictures/1777448667164.jpg,2b69bf407ce6d989,20260920
45,sheet_012.jpg,0,ok,11168,1776826269121.jpg,C:\Users\uzj5150\Box\Philippines Panel\01 Panel\14 NSU Market Survey\NSU Market Survey Launch\data\pictures/1776826269121.jpg,ea77c1bca1d4c4a9,20260920
46,sheet_012.jpg,1,ok,403,1777265375758.jpg,C:\Users\uzj5150\Box\Philippines Panel\01 Panel\14 NSU Market Survey\NSU Market Survey Launch\data\pictures/1777265375758.jpg,ac35dcdba1e737f7,20260920
47,sheet_012.jpg,2,ok,9312,1774061026271.jpg,C:\Users\uzj5150\Box\Philippines Panel\01 Panel\14 NSU Market Survey\NSU Market Survey Launch\data\pictures/1774061026271.jpg,771b426f66c3c63b,20260920
48,sheet_012.jpg,3,ok,8434,1775695280058.jpg,C:\Users\uzj5150\Box\Philippines Panel\01 Panel\14 NSU Market Survey\NSU Market Survey Launch\data\pictures/1775695280058.jpg,5d1812a7aa7cf8f6,20260920
49,sheet_013.jpg,0,ok,9853,1773892939922.jpg,C:\Users\uzj5150\Box\Philippines Panel\01 Panel\14 NSU Market Survey\NSU Market Survey Launch\data\pictures/1773892939922.jpg,d5ae83c68fc4014e,20260920
50,sheet_013.jpg,1,ok,145,1778208055011.jpg,C:\Users\uzj5150\Box\Philippines Panel\01 Panel\14 NSU Market Survey\NSU Market Survey Launch\data\pictures/1778208055011.jpg,7e393fc3a22df47b,20260920
51,sheet_013.jpg,2,ok,9780,1773891409239.jpg,C:\Users\uzj5150\Box\Philippines Panel\01 Panel\14 NSU Market Survey\NSU Market Survey Launch\data\pictures/1773891409239.jpg,00725357126a40e2,20260920
52,sheet_013.jpg,3,ok,9300,1774052679965.jpg,C:\Users\uzj5150\Box\Philippines Panel\01 Panel\14 NSU Market Survey\NSU Market Survey Launch\data\pictures/1774052679965.jpg,f24c6ec359ea2a37,20260920
53,sheet_014.jpg,0,ok,4972,1775528808367.jpg,C:\Users\uzj5150\Box\Philippines Panel\01 Panel\14 NSU Market Survey\NSU Market Survey Launch\data\pictures/1775528808367.jpg,948d577791ced075,20260920
54,sheet_014.jpg,1,ok,6454,1774055371617.jpg,C:\Users\uzj5150\Box\Philippines Panel\01 Panel\14 NSU Market Survey\NSU Market Survey Launch\data\pictures/1774055371617.jpg,51c7bd5d9a0439b3,20260920
55,sheet_014.jpg,2,ok,8622,1773901769126.jpg,C:\Users\uzj5150\Box\Philippines Panel\01 Panel\14 NSU Market Survey\NSU Market Survey Launch\data\pictures/1773901769126.jpg,2f610d5a957a10aa,20260920
56,sheet_014.jpg,3,ok,9785,1773968432743.jpg,C:\Users\uzj5150\Box\Philippines Panel\01 Panel\14 NSU Market Survey\NSU Market Survey Launch\data\pictures/1773968432743.jpg,e770432df13f46ab,20260920
57,sheet_015.jpg,0,ok,10765,1777422226308.jpg,C:\Users\uzj5150\Box\Philippines Panel\01 Panel\14 NSU Market Survey\NSU Market Survey Launch\data\pictures/1777422226308.jpg,d53e332b1391b81f,20260920
58,sheet_015.jpg,1,ok,6,1778295456945.jpg,C:\Users\uzj5150\Box\Philippines Panel\01 Panel\14 NSU Market Survey\NSU Market Survey Launch\data\pictures/1778295456945.jpg,b5de5eb7d586fd6a,20260920
59,sheet_015.jpg,2,ok,6152,1773800416323.jpg,C:\Users\uzj5150\Box\Philippines Panel\01 Panel\14 NSU Market Survey\NSU Market Survey Launch\data\pictures/1773800416323.jpg,985d02d4facdd694,20260920
60,sheet_015.jpg,3,ok,11490,1776990659725.jpg,C:\Users\uzj5150\Box\Philippines Panel\01 Panel\14 NSU Market Survey\NSU Market Survey Launch\data\pictures/1776990659725.jpg,093ec7252fb6c5cb,20260920
61,sheet_016.jpg,0,ok,9040,1775521004181.jpg,C:\Users\uzj5150\Box\Philippines Panel\01 Panel\14 NSU Market Survey\NSU Market Survey Launch\data\pictures/1775521004181.jpg,403bfa938acc3da8,20260920
62,sheet_016.jpg,1,ok,392,1777347263067.jpg,C:\Users\uzj5150\Box\Philippines Panel\01 Panel\14 NSU Market Survey\NSU Market Survey Launch\data\pictures/1777347263067.jpg,155502ed4327b137,20260920
63,sheet_016.jpg,2,ok,6496,1774321320859.jpg,C:\Users\uzj5150\Box\Philippines Panel\01 Panel\14 NSU Market Survey\NSU Market Survey Launch\data\pictures/1774321320859.jpg,a086f6c72a061cee,20260920
64,sheet_016.jpg,3,ok,2655,1776217135525.jpg,C:\Users\uzj5150\Box\Philippines Panel\01 Panel\14 NSU Market Survey\NSU Market Survey Launch\data\pictures/1776217135525.jpg,0aaac5f637d189ae,20260920
65,sheet_017.jpg,0,ok,8767,1775704731507.jpg,C:\Users\uzj5150\Box\Philippines Panel\01 Panel\14 NSU Market Survey\NSU Market Survey Launch\data\pictures/1775704731507.jpg,3b251ac511b3f42c,20260920
66,sheet_017.jpg,1,ok,9694,1773902875514.jpg,C:\Users\uzj5150\Box\Philippines Panel\01 Panel\14 NSU Market Survey\NSU Market Survey Launch\data\pictures/1773902875514.jpg,f1228d9b3ba737ab,20260920
67,sheet_017.jpg,2,ok,1753,1776647956424.jpg,C:\Users\uzj5150\Box\Philippines Panel\01 Panel\14 NSU Market Survey\NSU Market Survey Launch\data\pictures/1776647956424.jpg,92adf781d432645d,20260920
68,sheet_017.jpg,3,ok,8481,1775703803989.jpg,C:\Users\uzj5150\Box\Philippines Panel\01 Panel\14 NSU Market Survey\NSU Market Survey Launch\data\pictures/1775703803989.jpg,6e9ae1d086b835d8,20260920
69,sheet_018.jpg,0,ok,5966,1774491239222.jpg,C:\Users\uzj5150\Box\Philippines Panel\01 Panel\14 NSU Market Survey\NSU Market Survey Launch\data\pictures/1774491239222.jpg,33095c428f54910f,20260920
70,sheet_018.jpg,1,ok,399,1777263705919.jpg,C:\Users\uzj5150\Box\Philippines Panel\01 Panel\14 NSU Market Survey\NSU Market Survey Launch\data\pictures/1777263705919.jpg,39aa1d649abf65df,20260920
71,sheet_018.jpg,2,ok,2371,1776387166744.jpg,C:\Users\uzj5150\Box\Philippines Panel\01 Panel\14 NSU Market Survey\NSU Market Survey Launch\data\pictures/1776387166744.jpg,df183f328dbfdfa2,20260920
72,sheet_018.jpg,3,ok,107,1778118609675.jpg,C:\Users\uzj5150\Box\Philippines Panel\01 Panel\14 NSU Market Survey\NSU Market Survey Launch\data\pictures/1778118609675.jpg,e80d4d0649454f2c,20260920
73,sheet_019.jpg,0,ok,9756,1773888978528.jpg,C:\Users\uzj5150\Box\Philippines Panel\01 Panel\14 NSU Market Survey\NSU Market Survey Launch\data\pictures/1773888978528.jpg,d97ae48a797c8972,20260920
74,sheet_019.jpg,1,ok,5159,1775867871544.jpg,C:\Users\uzj5150\Box\Philippines Panel\01 Panel\14 NSU Market Survey\NSU Market Survey Launch\data\pictures/1775867871544.jpg,96f367cfbca87f48,20260920
75,sheet_019.jpg,2,ok,7596,1774419663518.jpg,C:\Users\uzj5150\Box\Philippines Panel\01 Panel\14 NSU Market Survey\NSU Market Survey Launch\data\pictures/1774419663518.jpg,58da4951aae5abf4,20260920
76,sheet_019.jpg,3,ok,7590,1774491861326.jpg,C:\Users\uzj5150\Box\Philippines Panel\01 Panel\14 NSU Market Survey\NSU Market Survey Launch\data\pictures/1774491861326.jpg,a8ea91ad5fe169e3,20260920
77,sheet_020.jpg,0,ok,5468,1774577281675.jpg,C:\Users\uzj5150\Box\Philippines Panel\01 Panel\14 NSU Market Survey\NSU Market Survey Launch\data\pictures/1774577281675.jpg,7a68a8ef8789e8a1,20260920
78,sheet_020.jpg,1,ok,5169,1775865097157.jpg,C:\Users\uzj5150\Box\Philippines Panel\01 Panel\14 NSU Market Survey\NSU Market Survey Launch\data\pictures/1775865097157.jpg,97622b9fe98a16e0,20260920
79,sheet_020.jpg,2,ok,811,1777425390878.jpg,C:\Users\uzj5150\Box\Philippines Panel\01 Panel\14 NSU Market Survey\NSU Market Survey Launch\data\pictures/1777425390878.jpg,9a8962d2ecbfe405,20260920
80,sheet_020.jpg,3,ok,9631,1773967675771.jpg,C:\Users\uzj5150\Box\Philippines Panel\01 Panel\14 NSU Market Survey\NSU Market Survey Launch\data\pictures/1773967675771.jpg,13096b50644dffb2,20260920
81,sheet_021.jpg,0,ok,7563,1774484683137.jpg,C:\Users\uzj5150\Box\Philippines Panel\01 Panel\14 NSU Market Survey\NSU Market Survey Launch\data\pictures/1774484683137.jpg,60452394d95a7548,20260920
82,sheet_021.jpg,1,ok,4400,1776132223189.jpg,C:\Users\uzj5150\Box\Philippines Panel\01 Panel\14 NSU Market Survey\NSU Market Survey Launch\data\pictures/1776132223189.jpg,836b751c1c15a968,20260920
83,sheet_021.jpg,2,ok,1743,1776649056016.jpg,C:\Users\uzj5150\Box\Philippines Panel\01 Panel\14 NSU Market Survey\NSU Market Survey Launch\data\pictures/1776649056016.jpg,17fa2eff4df1c237,20260920
84,sheet_021.jpg,3,ok,6187,1773802465492.jpg,C:\Users\uzj5150\Box\Philippines Panel\01 Panel\14 NSU Market Survey\NSU Market Survey Launch\data\pictures/1773802465492.jpg,a22ae016a55e62ee,20260920
85,sheet_022.jpg,0,ok,339,1777950080968.jpg,C:\Users\uzj5150\Box\Philippines Panel\01 Panel\14 NSU Market Survey\NSU Market Survey Launch\data\pictures/1777950080968.jpg,622bb3620a552163,20260920
86,sheet_022.jpg,1,ok,6127,1773708595920.jpg,C:\Users\uzj5150\Box\Philippines Panel\01 Panel\14 NSU Market Survey\NSU Market Survey Launch\data\pictures/1773708595920.jpg,dee10bd4b975de2f,20260920
87,sheet_022.jpg,2,ok,584,1777865609186.jpg,C:\Users\uzj5150\Box\Philippines Panel\01 Panel\14 NSU Market Survey\NSU Market Survey Launch\data\pictures/1777865609186.jpg,9c3b0b8159ae5014,20260920
88,sheet_022.jpg,3,ok,9866,1773884278378.jpg,C:\Users\uzj5150\Box\Philippines Panel\01 Panel\14 NSU Market Survey\NSU Market Survey Launch\data\pictures/1773884278378.jpg,f85ef76a034ba405,20260920
89,sheet_023.jpg,0,ok,4544,1776299783553.jpg,C:\Users\uzj5150\Box\Philippines Panel\01 Panel\14 NSU Market Survey\NSU Market Survey Launch\data\pictures/1776299783553.jpg,e0845d2748830cb7,20260920
90,sheet_023.jpg,1,ok,877,1777539324834.jpg,C:\Users\uzj5150\Box\Philippines Panel\01 Panel\14 NSU Market Survey\NSU Market Survey Launch\data\pictures/1777539324834.jpg,d32d697be0f31fe2,20260920
91,sheet_023.jpg,2,ok,5580,1774408776528.jpg,C:\Users\uzj5150\Box\Philippines Panel\01 Panel\14 NSU Market Survey\NSU Market Survey Launch\data\pictures/1774408776528.jpg,80a981123997bef9,20260920
92,sheet_023.jpg,3,ok,6170,1773800369197.jpg,C:\Users\uzj5150\Box\Philippines Panel\01 Panel\14 NSU Market Survey\NSU Market Survey Launch\data\pictures/1773800369197.jpg,67c59aab79ec48c0,20260920
93,sheet_024.jpg,0,ok,4396,1776132104402.jpg,C:\Users\uzj5150\Box\Philippines Panel\01 Panel\14 NSU Market Survey\NSU Market Survey Launch\data\pictures/1776132104402.jpg,e20733a36f536ebf,20260920
94,sheet_024.jpg,1,ok,679,1777866972316.jpg,C:\Users\uzj5150\Box\Philippines Panel\01 Panel\14 NSU Market Survey\NSU Market Survey Launch\data\pictures/1777866972316.jpg,f3d0fb2af8e05f3f,20260920
95,sheet_024.jpg,2,ok,2714,1776223458772.jpg,C:\Users\uzj5150\Box\Philippines Panel\01 Panel\14 NSU Market Survey\NSU Market Survey Launch\data\pictures/1776223458772.jpg,fe35ed2fd4bd3f3f,20260920
96,sheet_024.jpg,3,ok,9326,1774328107451.jpg,C:\Users\uzj5150\Box\Philippines Panel\01 Panel\14 NSU Market Survey\NSU Market Survey Launch\data\pictures/1774328107451.jpg,4e5fd278685d513d,20260920
97,sheet_025.jpg,0,ok,4382,1776216071948.jpg,C:\Users\uzj5150\Box\Philippines Panel\01 Panel\14 NSU Market Survey\NSU Market Survey Launch\data\pictures/1776216071948.jpg,2bb0c578eb496298,20260920
98,sheet_025.jpg,1,ok,2589,1776750613995.jpg,C:\Users\uzj5150\Box\Philippines Panel\01 Panel\14 NSU Market Survey\NSU Market Survey Launch\data\pictures/1776750613995.jpg,50fc67d543897b7d,20260920
99,sheet_025.jpg,2,ok,9640,1773986944427.jpg,C:\Users\uzj5150\Box\Philippines Panel\01 Panel\14 NSU Market Survey\NSU Market Survey Launch\data\pictures/1773986944427.jpg,a3e97596908ea211,20260920
100,sheet_025.jpg,3,ok,6203,1773806888949.jpg,C:\Users\uzj5150\Box\Philippines Panel\01 Panel\14 NSU Market Survey\NSU Market Survey Launch\data\pictures/1773806888949.jpg,d268ea45b433ff57,20260920
101,sheet_026.jpg,0,ok,102,1778118972103.jpg,C:\Users\uzj5150\Box\Philippines Panel\01 Panel\14 NSU Market Survey\NSU Market Survey Launch\data\pictures/1778118972103.jpg,61aa2f7826f79fc7,20260920
102,sheet_026.jpg,1,ok,6455,1774055395924.jpg,C:\Users\uzj5150\Box\Philippines Panel\01 Panel\14 NSU Market Survey\NSU Market Survey Launch\data\pictures/1774055395924.jpg,ba626d820079fcfd,20260920
103,sheet_026.jpg,2,ok,1652,1777080054228.jpg,C:\Users\uzj5150\Box\Philippines Panel\01 Panel\14 NSU Market Survey\NSU Market Survey Launch\data\pictures/1777080054228.jpg,3731f5231accd34a,20260920
104,sheet_026.jpg,3,ok,4983,1775703690524.jpg,C:\Users\uzj5150\Box\Philippines Panel\01 Panel\14 NSU Market Survey\NSU Market Survey Launch\data\pictures/1775703690524.jpg,815b758f52af558b,20260920
105,sheet_027.jpg,0,ok,7585,1774419090994.jpg,C:\Users\uzj5150\Box\Philippines Panel\01 Panel\14 NSU Market Survey\NSU Market Survey Launch\data\pictures/1774419090994.jpg,8ce00bbac88ed364,20260920
106,sheet_027.jpg,1,ok,8125,1775870344983.jpg,C:\Users\uzj5150\Box\Philippines Panel\01 Panel\14 NSU Market Survey\NSU Market Survey Launch\data\pictures/1775870344983.jpg,bfab54e52f6f735f,20260920
107,sheet_027.jpg,2,ok,112,1778118221302.jpg,C:\Users\uzj5150\Box\Philippines Panel\01 Panel\14 NSU Market Survey\NSU Market Survey Launch\data\pictures/1778118221302.jpg,54d03968e32477cb,20260920
108,sheet_027.jpg,3,ok,6125,1773709435593.jpg,C:\Users\uzj5150\Box\Philippines Panel\01 Panel\14 NSU Market Survey\NSU Market Survey Launch\data\pictures/1773709435593.jpg,cc67f758f50fd568,20260920
109,sheet_028.jpg,0,ok,9681,1773995933139.jpg,C:\Users\uzj5150\Box\Philippines Panel\01 Panel\14 NSU Market Survey\NSU Market Survey Launch\data\pictures/1773995933139.jpg,3368eb1ed96bba46,20260920
110,sheet_028.jpg,1,ok,2662,1776216926030.jpg,C:\Users\uzj5150\Box\Philippines Panel\01 Panel\14 NSU Market Survey\NSU Market Survey Launch\data\pictures/1776216926030.jpg,00edb2d1511d057a,20260920
111,sheet_028.jpg,2,ok,10809,1777423540478.jpg,C:\Users\uzj5150\Box\Philippines Panel\01 Panel\14 NSU Market Survey\NSU Market Survey Launch\data\pictures/1777423540478.jpg,e54fef34ff5eacbb,20260920
112,sheet_028.jpg,3,ok,2929,1776653752200.jpg,C:\Users\uzj5150\Box\Philippines Panel\01 Panel\14 NSU Market Survey\NSU Market Survey Launch\data\pictures/1776653752200.jpg,d31cd9278484d7ff,20260920
113,sheet_029.jpg,0,ok,5126,1773711907574.jpg,C:\Users\uzj5150\Box\Philippines Panel\01 Panel\14 NSU Market Survey\NSU Market Survey Launch\data\pictures/1773711907574.jpg,efeaf4a7de07892a,20260920
114,sheet_029.jpg,1,ok,4406,1776132553959.jpg,C:\Users\uzj5150\Box\Philippines Panel\01 Panel\14 NSU Market Survey\NSU Market Survey Launch\data\pictures/1776132553959.jpg,e7ae8d48ed617d99,20260920
115,sheet_029.jpg,2,ok,9686,1773895677590.jpg,C:\Users\uzj5150\Box\Philippines Panel\01 Panel\14 NSU Market Survey\NSU Market Survey Launch\data\pictures/1773895677590.jpg,79df5065600e475e,20260920
116,sheet_029.jpg,3,ok,5456,1774583760541.jpg,C:\Users\uzj5150\Box\Philippines Panel\01 Panel\14 NSU Market Survey\NSU Market Survey Launch\data\pictures/1774583760541.jpg,babae01ad0815a0d,20260920
117,sheet_030.jpg,0,ok,3161,1776909770980.jpg,C:\Users\uzj5150\Box\Philippines Panel\01 Panel\14 NSU Market Survey\NSU Market Survey Launch\data\pictures/1776909770980.jpg,2c833321d37f2c30,20260920
118,sheet_030.jpg,1,ok,9659,1773968953451.jpg,C:\Users\uzj5150\Box\Philippines Panel\01 Panel\14 NSU Market Survey\NSU Market Survey Launch\data\pictures/1773968953451.jpg,85ccb5baf6c72f77,20260920
119,sheet_030.jpg,2,ok,6110,1773708130557.jpg,C:\Users\uzj5150\Box\Philippines Panel\01 Panel\14 NSU Market Survey\NSU Market Survey Launch\data\pictures/1773708130557.jpg,685666442d5cc77a,20260920
120,sheet_030.jpg,3,ok,5571,1774408125255.jpg,C:\Users\uzj5150\Box\Philippines Panel\01 Panel\14 NSU Market Survey\NSU Market Survey Launch\data\pictures/1774408125255.jpg,3d1d281744cb2495,20260920
121,sheet_031.jpg,0,ok,2612,1776217949497.jpg,C:\Users\uzj5150\Box\Philippines Panel\01 Panel\14 NSU Market Survey\NSU Market Survey Launch\data\pictures/1776217949497.jpg,87c5163330c58896,20260920
122,sheet_031.jpg,1,ok,8492,1775786507680.jpg,C:\Users\uzj5150\Box\Philippines Panel\01 Panel\14 NSU Market Survey\NSU Market Survey Launch\data\pictures/1775786507680.jpg,cc70ac88cb54e349,20260920
123,sheet_031.jpg,2,ok,919,1777509264770.jpg,C:\Users\uzj5150\Box\Philippines Panel\01 Panel\14 NSU Market Survey\NSU Market Survey Launch\data\pictures/1777509264770.jpg,fbd3eb5d34badacc,20260920
124,sheet_031.jpg,3,ok,9329,1774066291174.jpg,C:\Users\uzj5150\Box\Philippines Panel\01 Panel\14 NSU Market Survey\NSU Market Survey Launch\data\pictures/1774066291174.jpg,af7da9ce253269e6,20260920
125,sheet_032.jpg,0,ok,319,1777951176678.jpg,C:\Users\uzj5150\Box\Philippines Panel\01 Panel\14 NSU Market Survey\NSU Market Survey Launch\data\pictures/1777951176678.jpg,2b11011e592fb885,20260920
126,sheet_032.jpg,1,ok,2438,1777083825386.jpg,C:\Users\uzj5150\Box\Philippines Panel\01 Panel\14 NSU Market Survey\NSU Market Survey Launch\data\pictures/1777083825386.jpg,184c93d6e01f733a,20260920
127,sheet_032.jpg,2,ok,9610,1773906440307.jpg,C:\Users\uzj5150\Box\Philippines Panel\01 Panel\14 NSU Market Survey\NSU Market Survey Launch\data\pictures/1773906440307.jpg,4ef7e8354adac201,20260920
128,sheet_032.jpg,3,ok,2664,1776218026815.jpg,C:\Users\uzj5150\Box\Philippines Panel\01 Panel\14 NSU Market Survey\NSU Market Survey Launch\data\pictures/1776218026815.jpg,82256a7d58c668a0,20260920
129,sheet_033.jpg,0,ok,9784,1773968407167.jpg,C:\Users\uzj5150\Box\Philippines Panel\01 Panel\14 NSU Market Survey\NSU Market Survey Launch\data\pictures/1773968407167.jpg,a61af88f8b93066b,20260920
130,sheet_033.jpg,1,ok,6172,1773812140109.jpg,C:\Users\uzj5150\Box\Philippines Panel\01 Panel\14 NSU Market Survey\NSU Market Survey Launch\data\pictures/1773812140109.jpg,b279d2dee696ccf4,20260920
131,sheet_033.jpg,2,ok,7842,1773884316716.jpg,C:\Users\uzj5150\Box\Philippines Panel\01 Panel\14 NSU Market Survey\NSU Market Survey Launch\data\pictures/1773884316716.jpg,922f14dcd4fbafa6,20260920
132,sheet_033.jpg,3,ok,10417,1778569286813.jpg,C:\Users\uzj5150\Box\Philippines Panel\01 Panel\14 NSU Market Survey\NSU Market Survey Launch\data\pictures/1778569286813.jpg,c0850e4634a32b71,20260920
133,sheet_034.jpg,0,ok,2616,1776302447685.jpg,C:\Users\uzj5150\Box\Philippines Panel\01 Panel\14 NSU Market Survey\NSU Market Survey Launch\data\pictures/1776302447685.jpg,08560960e6ff4820,20260920
134,sheet_034.jpg,1,ok,11464,1776993250703.jpg,C:\Users\uzj5150\Box\Philippines Panel\01 Panel\14 NSU Market Survey\NSU Market Survey Launch\data\pictures/1776993250703.jpg,25abae7812e84926,20260920
135,sheet_034.jpg,2,ok,9464,1773797286968.jpg,C:\Users\uzj5150\Box\Philippines Panel\01 Panel\14 NSU Market Survey\NSU Market Survey Launch\data\pictures/1773797286968.jpg,8f5c935cc561eefc,20260920
136,sheet_034.jpg,3,ok,11126,1776823290113.jpg,C:\Users\uzj5150\Box\Philippines Panel\01 Panel\14 NSU Market Survey\NSU Market Survey Launch\data\pictures/1776823290113.jpg,2fea901b0758cf18,20260920
137,sheet_035.jpg,0,ok,5363,1774578806623.jpg,C:\Users\uzj5150\Box\Philippines Panel\01 Panel\14 NSU Market Survey\NSU Market Survey Launch\data\pictures/1774578806623.jpg,a8fcc19b234ee613,20260920
138,sheet_035.jpg,1,ok,8520,1778719778040.jpg,C:\Users\uzj5150\Box\Philippines Panel\01 Panel\14 NSU Market Survey\NSU Market Survey Launch\data\pictures/1778719778040.jpg,3499ff483ad41637,20260920
139,sheet_035.jpg,2,ok,859,1778033569965.jpg,C:\Users\uzj5150\Box\Philippines Panel\01 Panel\14 NSU Market Survey\NSU Market Survey Launch\data\pictures/1778033569965.jpg,89f49e6f190807f5,20260920
140,sheet_035.jpg,3,ok,6139,1773709378840.jpg,C:\Users\uzj5150\Box\Philippines Panel\01 Panel\14 NSU Market Survey\NSU Market Survey Launch\data\pictures/1773709378840.jpg,6bbd9f6d7edd971b,20260920
141,sheet_036.jpg,0,ok,9514,1773969996595.jpg,C:\Users\uzj5150\Box\Philippines Panel\01 Panel\14 NSU Market Survey\NSU Market Survey Launch\data\pictures/1773969996595.jpg,80a1e7d9d5a65d90,20260920
142,sheet_036.jpg,1,ok,9736,1773886557036.jpg,C:\Users\uzj5150\Box\Philippines Panel\01 Panel\14 NSU Market Survey\NSU Market Survey Launch\data\pictures/1773886557036.jpg,d0e6a66486387f83,20260920
143,sheet_036.jpg,2,ok,7601,1774492658536.jpg,C:\Users\uzj5150\Box\Philippines Panel\01 Panel\14 NSU Market Survey\NSU Market Survey Launch\data\pictures/1774492658536.jpg,ff248a4777a37c2f,20260920
144,sheet_036.jpg,3,ok,4988,1775701977093.jpg,C:\Users\uzj5150\Box\Philippines Panel\01 Panel\14 NSU Market Survey\NSU Market Survey Launch\data\pictures/1775701977093.jpg,16f7ce3d99c1c179,20260920
145,sheet_037.jpg,0,ok,5364,1774578841977.jpg,C:\Users\uzj5150\Box\Philippines Panel\01 Panel\14 NSU Market Survey\NSU Market Survey Launch\data\pictures/1774578841977.jpg,3b6824227f22099e,20260920
146,sheet_037.jpg,1,ok,340,1777950101519.jpg,C:\Users\uzj5150\Box\Philippines Panel\01 Panel\14 NSU Market Survey\NSU Market Survey Launch\data\pictures/1777950101519.jpg,f766e1b40f5b5c42,20260920
147,sheet_037.jpg,2,ok,10758,1777421689381.jpg,C:\Users\uzj5150\Box\Philippines Panel\01 Panel\14 NSU Market Survey\NSU Market Survey Launch\data\pictures/1777421689381.jpg,b8584c06b5b757b8,20260920
148,sheet_037.jpg,3,ok,9766,1773885711581.jpg,C:\Users\uzj5150\Box\Philippines Panel\01 Panel\14 NSU Market Survey\NSU Market Survey Launch\data\pictures/1773885711581.jpg,2376edf6482fa1ea,20260920
149,sheet_038.jpg,0,ok,617,1777598963099.jpg,C:\Users\uzj5150\Box\Philippines Panel\01 Panel\14 NSU Market Survey\NSU Market Survey Launch\data\pictures/1777598963099.jpg,d2457eddc560abaf,20260920
150,sheet_038.jpg,1,ok,2258,1776389980012.jpg,C:\Users\uzj5150\Box\Philippines Panel\01 Panel\14 NSU Market Survey\NSU Market Survey Launch\data\pictures/1776389980012.jpg,4c09669b61ed7314,20260920
151,sheet_038.jpg,2,ok,9850,1773972447607.jpg,C:\Users\uzj5150\Box\Philippines Panel\01 Panel\14 NSU Market Survey\NSU Market Survey Launch\data\pictures/1773972447607.jpg,344c2479367d9324,20260920
152,sheet_038.jpg,3,ok,6121,1773726593878.jpg,C:\Users\uzj5150\Box\Philippines Panel\01 Panel\14 NSU Market Survey\NSU Market Survey Launch\data\pictures/1773726593878.jpg,8990afa8d3163e61,20260920
153,sheet_039.jpg,0,ok,9561,1773879885975.jpg,C:\Users\uzj5150\Box\Philippines Panel\01 Panel\14 NSU Market Survey\NSU Market Survey Launch\data\pictures/1773879885975.jpg,5a19d9a96f2585b5,20260920
154,sheet_039.jpg,1,ok,10962,1776651549117.jpg,C:\Users\uzj5150\Box\Philippines Panel\01 Panel\14 NSU Market Survey\NSU Market Survey Launch\data\pictures/1776651549117.jpg,2bf775ba1cd2e265,20260920
155,sheet_039.jpg,2,ok,350,1777264566880.jpg,C:\Users\uzj5150\Box\Philippines Panel\01 Panel\14 NSU Market Survey\NSU Market Survey Launch\data\pictures/1777264566880.jpg,b4696a9e9dd633aa,20260920
156,sheet_039.jpg,3,ok,6952,1778111195907.jpg,C:\Users\uzj5150\Box\Philippines Panel\01 Panel\14 NSU Market Survey\NSU Market Survey Launch\data\pictures/1778111195907.jpg,c9305ec66190a610,20260920
157,sheet_040.jpg,0,ok,8977,1773969923664.jpg,C:\Users\uzj5150\Box\Philippines Panel\01 Panel\14 NSU Market Survey\NSU Market Survey Launch\data\pictures/1773969923664.jpg,296d650321af61e1,20260920
158,sheet_040.jpg,1,ok,7820,1773890518371.jpg,C:\Users\uzj5150\Box\Philippines Panel\01 Panel\14 NSU Market Survey\NSU Market Survey Launch\data\pictures/1773890518371.jpg,d2307554e5f9c03f,20260920
159,sheet_040.jpg,2,ok,4115,1775873396532.jpg,C:\Users\uzj5150\Box\Philippines Panel\01 Panel\14 NSU Market Survey\NSU Market Survey Launch\data\pictures/1775873396532.jpg,9d2fdbee581ef8c5,20260920
160,sheet_040.jpg,3,ok,5127,1773712045998.jpg,C:\Users\uzj5150\Box\Philippines Panel\01 Panel\14 NSU Market Survey\NSU Market Survey Launch\data\pictures/1773712045998.jpg,3b38bd3b0d16cf6e,20260920
161,sheet_041.jpg,0,ok,2580,1776750555322.jpg,C:\Users\uzj5150\Box\Philippines Panel\01 Panel\14 NSU Market Survey\NSU Market Survey Launch\data\pictures/1776750555322.jpg,1b22d1c6845fbad3,20260920
162,sheet_041.jpg,1,ok,883,1777515206582.jpg,C:\Users\uzj5150\Box\Philippines Panel\01 Panel\14 NSU Market Survey\NSU Market Survey Launch\data\pictures/1777515206582.jpg,63a0320144f0c1c2,20260920
163,sheet_041.jpg,2,ok,11489,1776994985880.jpg,C:\Users\uzj5150\Box\Philippines Panel\01 Panel\14 NSU Market Survey\NSU Market Survey Launch\data\pictures/1776994985880.jpg,db1183371c1fc314,20260920
164,sheet_041.jpg,3,ok,6116,1773727501801.jpg,C:\Users\uzj5150\Box\Philippines Panel\01 Panel\14 NSU Market Survey\NSU Market Survey Launch\data\pictures/1773727501801.jpg,cf95dd0e60afffef,20260920
165,sheet_042.jpg,0,ok,9711,1773882171243.jpg,C:\Users\uzj5150\Box\Philippines Panel\01 Panel\14 NSU Market Survey\NSU Market Survey Launch\data\pictures/1773882171243.jpg,7bb21701eb2dd1a2,20260920
166,sheet_042.jpg,1,ok,8437,1775780447064.jpg,C:\Users\uzj5150\Box\Philippines Panel\01 Panel\14 NSU Market Survey\NSU Market Survey Launch\data\pictures/1775780447064.jpg,475c42105491acd8,20260920
167,sheet_042.jpg,2,ok,10652,1776909572910.jpg,C:\Users\uzj5150\Box\Philippines Panel\01 Panel\14 NSU Market Survey\NSU Market Survey Launch\data\pictures/1776909572910.jpg,1b2ab6cb2184a138,20260920
168,sheet_042.jpg,3,ok,5440,1774582462487.jpg,C:\Users\uzj5150\Box\Philippines Panel\01 Panel\14 NSU Market Survey\NSU Market Survey Launch\data\pictures/1774582462487.jpg,1bd6b7c197168370,20260920
169,sheet_043.jpg,0,ok,5361,1774578642381.jpg,C:\Users\uzj5150\Box\Philippines Panel\01 Panel\14 NSU Market Survey\NSU Market Survey Launch\data\pictures/1774578642381.jpg,24f8abd0210a9ffb,20260920
170,sheet_043.jpg,1,ok,44,1778470575472.jpg,C:\Users\uzj5150\Box\Philippines Panel\01 Panel\14 NSU Market Survey\NSU Market Survey Launch\data\pictures/1778470575472.jpg,3f352a4b5f58b3cf,20260920
171,sheet_043.jpg,2,ok,2411,1776470916391.jpg,C:\Users\uzj5150\Box\Philippines Panel\01 Panel\14 NSU Market Survey\NSU Market Survey Launch\data\pictures/1776470916391.jpg,2f1bf983265226df,20260920
172,sheet_043.jpg,3,ok,1705,1776649547352.jpg,C:\Users\uzj5150\Box\Philippines Panel\01 Panel\14 NSU Market Survey\NSU Market Survey Launch\data\pictures/1776649547352.jpg,1fe259ef6b210e05,20260920
173,sheet_044.jpg,0,ok,10963,1776651041150.jpg,C:\Users\uzj5150\Box\Philippines Panel\01 Panel\14 NSU Market Survey\NSU Market Survey Launch\data\pictures/1776651041150.jpg,bef279a2e1117ffa,20260920
174,sheet_044.jpg,1,ok,9857,1773892603574.jpg,C:\Users\uzj5150\Box\Philippines Panel\01 Panel\14 NSU Market Survey\NSU Market Survey Launch\data\pictures/1773892603574.jpg,e60500bda2bcea4c,20260920
175,sheet_044.jpg,2,ok,1635,1777006799769.jpg,C:\Users\uzj5150\Box\Philippines Panel\01 Panel\14 NSU Market Survey\NSU Market Survey Launch\data\pictures/1777006799769.jpg,fe54ea83687dafc5,20260920
176,sheet_044.jpg,3,ok,9692,1773995564267.jpg,C:\Users\uzj5150\Box\Philippines Panel\01 Panel\14 NSU Market Survey\NSU Market Survey Launch\data\pictures/1773995564267.jpg,0f82ea79bc12ac4a,20260920
177,sheet_045.jpg,0,ok,8078,1775871596054.jpg,C:\Users\uzj5150\Box\Philippines Panel\01 Panel\14 NSU Market Survey\NSU Market Survey Launch\data\pictures/1775871596054.jpg,b03e3e5b68ad8b71,20260920
178,sheet_045.jpg,1,ok,912,1777428200235.jpg,C:\Users\uzj5150\Box\Philippines Panel\01 Panel\14 NSU Market Survey\NSU Market Survey Launch\data\pictures/1777428200235.jpg,b37861b19830eae7,20260920
179,sheet_045.jpg,2,ok,5643,1774490159556.jpg,C:\Users\uzj5150\Box\Philippines Panel\01 Panel\14 NSU Market Survey\NSU Market Survey Launch\data\pictures/1774490159556.jpg,b5d745b3ec7655f8,20260920
180,sheet_045.jpg,3,ok,7694,1774421610417.jpg,C:\Users\uzj5150\Box\Philippines Panel\01 Panel\14 NSU Market Survey\NSU Market Survey Launch\data\pictures/1774421610417.jpg,981c8a124466bc43,20260920
181,sheet_046.jpg,0,ok,10034,1778476989525.jpg,C:\Users\uzj5150\Box\Philippines Panel\01 Panel\14 NSU Market Survey\NSU Market Survey Launch\data\pictures/1778476989525.jpg,886863713335492e,20260920
182,sheet_046.jpg,1,ok,6414,1774049135143.jpg,C:\Users\uzj5150\Box\Philippines Panel\01 Panel\14 NSU Market Survey\NSU Market Survey Launch\data\pictures/1774049135143.jpg,0551d7a550ed561a,20260920
183,sheet_046.jpg,2,ok,2443,1777000012991.jpg,C:\Users\uzj5150\Box\Philippines Panel\01 Panel\14 NSU Market Survey\NSU Market Survey Launch\data\pictures/1777000012991.jpg,12f222af52e74107,20260920
184,sheet_046.jpg,3,ok,9436,1773722725790.jpg,C:\Users\uzj5150\Box\Philippines Panel\01 Panel\14 NSU Market Survey\NSU Market Survey Launch\data\pictures/1773722725790.jpg,45d15b63b692bc16,20260920
185,sheet_047.jpg,0,ok,2659,1776301954568.jpg,C:\Users\uzj5150\Box\Philippines Panel\01 Panel\14 NSU Market Survey\NSU Market Survey Launch\data\pictures/1776301954568.jpg,5db866148e29859e,20260920
186,sheet_047.jpg,1,ok,7607,1774484830148.jpg,C:\Users\uzj5150\Box\Philippines Panel\01 Panel\14 NSU Market Survey\NSU Market Survey Launch\data\pictures/1774484830148.jpg,c8d961af1a57eddd,20260920
187,sheet_047.jpg,2,ok,11460,1776992622486.jpg,C:\Users\uzj5150\Box\Philippines Panel\01 Panel\14 NSU Market Survey\NSU Market Survey Launch\data\pictures/1776992622486.jpg,aa3f06f2f34cfe1e,20260920
188,sheet_047.jpg,3,ok,2508,1779157255515.jpg,C:\Users\uzj5150\Box\Philippines Panel\01 Panel\14 NSU Market Survey\NSU Market Survey Launch\data\pictures/1779157255515.jpg,51cee70fce5e98ce,20260920
189,sheet_048.jpg,0,ok,11127,1776823307450.jpg,C:\Users\uzj5150\Box\Philippines Panel\01 Panel\14 NSU Market Survey\NSU Market Survey Launch\data\pictures/1776823307450.jpg,45adeb74f36bb319,20260920
190,sheet_048.jpg,1,ok,5605,1774488084234.jpg,C:\Users\uzj5150\Box\Philippines Panel\01 Panel\14 NSU Market Survey\NSU Market Survey Launch\data\pictures/1774488084234.jpg,2d2f3398aaafacfd,20260920
191,sheet_048.jpg,2,ok,7575,1774419553656.jpg,C:\Users\uzj5150\Box\Philippines Panel\01 Panel\14 NSU Market Survey\NSU Market Survey Launch\data\pictures/1774419553656.jpg,6a09312852d655a7,20260920
192,sheet_048.jpg,3,ok,5151,1776041682678.jpg,C:\Users\uzj5150\Box\Philippines Panel\01 Panel\14 NSU Market Survey\NSU Market Survey Launch\data\pictures/1776041682678.jpg,5f8460962ca082c5,20260920
193,sheet_049.jpg,0,ok,8445,1775779401686.jpg,C:\Users\uzj5150\Box\Philippines Panel\01 Panel\14 NSU Market Survey\NSU Market Survey Launch\data\pictures/1775779401686.jpg,c6428d86a03b0855,20260920
194,sheet_049.jpg,1,ok,9545,1773998009134.jpg,C:\Users\uzj5150\Box\Philippines Panel\01 Panel\14 NSU Market Survey\NSU Market Survey Launch\data\pictures/1773998009134.jpg,8e84208a294a9d61,20260920
195,sheet_049.jpg,2,ok,40,1778471382101.jpg,C:\Users\uzj5150\Box\Philippines Panel\01 Panel\14 NSU Market Survey\NSU Market Survey Launch\data\pictures/1778471382101.jpg,236a63870ad87c24,20260920
196,sheet_049.jpg,3,ok,5332,1774576448143.jpg,C:\Users\uzj5150\Box\Philippines Panel\01 Panel\14 NSU Market Survey\NSU Market Survey Launch\data\pictures/1774576448143.jpg,27b6ca53487497b9,20260920
197,sheet_050.jpg,0,ok,9028,1775527224056.jpg,C:\Users\uzj5150\Box\Philippines Panel\01 Panel\14 NSU Market Survey\NSU Market Survey Launch\data\pictures/1775527224056.jpg,c1a5e40ad551c00d,20260920
198,sheet_050.jpg,1,ok,7584,1774420801129.jpg,C:\Users\uzj5150\Box\Philippines Panel\01 Panel\14 NSU Market Survey\NSU Market Survey Launch\data\pictures/1774420801129.jpg,e643b20bcfb78a45,20260920
199,sheet_050.jpg,2,ok,6239,1773796287155.jpg,C:\Users\uzj5150\Box\Philippines Panel\01 Panel\14 NSU Market Survey\NSU Market Survey Launch\data\pictures/1773796287155.jpg,c06fa04286d8c574,20260920
200,sheet_050.jpg,3,ok,4946,1775612108763.jpg,C:\Users\uzj5150\Box\Philippines Panel\01 Panel\14 NSU Market Survey\NSU Market Survey Launch\data\pictures/1775612108763.jpg,65c9bccfe244d3d5,20260920
201,sheet_051.jpg,0,ok,2639,1776306379838.jpg,C:\Users\uzj5150\Box\Philippines Panel\01 Panel\14 NSU Market Survey\NSU Market Survey Launch\data\pictures/1776306379838.jpg,6c2c4fb27b45ea09,20260920
202,sheet_051.jpg,1,ok,152,1778207997203.jpg,C:\Users\uzj5150\Box\Philippines Panel\01 Panel\14 NSU Market Survey\NSU Market Survey Launch\data\pictures/1778207997203.jpg,36e6f12ad836ea8e,20260920
203,sheet_051.jpg,2,ok,9595,1773906208344.jpg,C:\Users\uzj5150\Box\Philippines Panel\01 Panel\14 NSU Market Survey\NSU Market Survey Launch\data\pictures/1773906208344.jpg,c76ce108ab2efdf7,20260920
204,sheet_051.jpg,3,ok,84,1778121779159.jpg,C:\Users\uzj5150\Box\Philippines Panel\01 Panel\14 NSU Market Survey\NSU Market Survey Launch\data\pictures/1778121779159.jpg,b75a8f6de2e31154,20260920
205,sheet_052.jpg,0,ok,7602,1774492676644.jpg,C:\Users\uzj5150\Box\Philippines Panel\01 Panel\14 NSU Market Survey\NSU Market Survey Launch\data\pictures/1774492676644.jpg,58a929cc66a797b6,20260920
206,sheet_052.jpg,1,ok,2649,1776216396113.jpg,C:\Users\uzj5150\Box\Philippines Panel\01 Panel\14 NSU Market Survey\NSU Market Survey Launch\data\pictures/1776216396113.jpg,56056c5f7db5ef2b,20260920
207,sheet_052.jpg,2,ok,4133,1775873823297.jpg,C:\Users\uzj5150\Box\Philippines Panel\01 Panel\14 NSU Market Survey\NSU Market Survey Launch\data\pictures/1775873823297.jpg,b590f2af0a4d3696,20260920
208,sheet_052.jpg,3,ok,6098,1773799544259.jpg,C:\Users\uzj5150\Box\Philippines Panel\01 Panel\14 NSU Market Survey\NSU Market Survey Launch\data\pictures/1773799544259.jpg,bac2c627bb3996b0,20260920
209,sheet_053.jpg,0,ok,8036,1775871444726.jpg,C:\Users\uzj5150\Box\Philippines Panel\01 Panel\14 NSU Market Survey\NSU Market Survey Launch\data\pictures/1775871444726.jpg,a02d28a29c41af11,20260920
210,sheet_053.jpg,1,ok,9020,1775520686694.jpg,C:\Users\uzj5150\Box\Philippines Panel\01 Panel\14 NSU Market Survey\NSU Market Survey Launch\data\pictures/1775520686694.jpg,aa8e91461c02295b,20260920
211,sheet_053.jpg,2,ok,8851,1775711529689.jpg,C:\Users\uzj5150\Box\Philippines Panel\01 Panel\14 NSU Market Survey\NSU Market Survey Launch\data\pictures/1775711529689.jpg,2c725e314c1e4dca,20260920
212,sheet_053.jpg,3,ok,9553,1773987443168.jpg,C:\Users\uzj5150\Box\Philippines Panel\01 Panel\14 NSU Market Survey\NSU Market Survey Launch\data\pictures/1773987443168.jpg,7f9d7f71db1354c9,20260920
213,sheet_054.jpg,0,ok,9996,1773730902464.jpg,C:\Users\uzj5150\Box\Philippines Panel\01 Panel\14 NSU Market Survey\NSU Market Survey Launch\data\pictures/1773730902464.jpg,0c6172ab8c75dfb8,20260920
214,sheet_054.jpg,1,ok,1024,1777262694706.jpg,C:\Users\uzj5150\Box\Philippines Panel\01 Panel\14 NSU Market Survey\NSU Market Survey Launch\data\pictures/1777262694706.jpg,e28e2be18c7ca6fe,20260920
215,sheet_054.jpg,2,ok,5119,1773713740657.jpg,C:\Users\uzj5150\Box\Philippines Panel\01 Panel\14 NSU Market Survey\NSU Market Survey Launch\data\pictures/1773713740657.jpg,ea14eeb8ae1780cb,20260920
216,sheet_054.jpg,3,ok,4882,1776049347564.jpg,C:\Users\uzj5150\Box\Philippines Panel\01 Panel\14 NSU Market Survey\NSU Market Survey Launch\data\pictures/1776049347564.jpg,30c7b87bf80483e8,20260920
217,sheet_055.jpg,0,ok,9041,1775522730228.jpg,C:\Users\uzj5150\Box\Philippines Panel\01 Panel\14 NSU Market Survey\NSU Market Survey Launch\data\pictures/1775522730228.jpg,4702a4282f7b105c,20260920
218,sheet_055.jpg,1,ok,2930,1776653860483.jpg,C:\Users\uzj5150\Box\Philippines Panel\01 Panel\14 NSU Market Survey\NSU Market Survey Launch\data\pictures/1776653860483.jpg,b54ed3ad7e37b368,20260920
219,sheet_055.jpg,2,ok,9072,1775529496355.jpg,C:\Users\uzj5150\Box\Philippines Panel\01 Panel\14 NSU Market Survey\NSU Market Survey Launch\data\pictures/1775529496355.jpg,2c8d9f2c597e4039,20260920
220,sheet_055.jpg,3,ok,6948,1778110992690.jpg,C:\Users\uzj5150\Box\Philippines Panel\01 Panel\14 NSU Market Survey\NSU Market Survey Launch\data\pictures/1778110992690.jpg,61b71eda67050813,20260920
221,sheet_056.jpg,0,ok,2539,1776664685725.jpg,C:\Users\uzj5150\Box\Philippines Panel\01 Panel\14 NSU Market Survey\NSU Market Survey Launch\data\pictures/1776664685725.jpg,be31391e537cfae9,20260920
222,sheet_056.jpg,1,ok,4647,1776301326599.jpg,C:\Users\uzj5150\Box\Philippines Panel\01 Panel\14 NSU Market Survey\NSU Market Survey Launch\data\pictures/1776301326599.jpg,2d0a75d2c097b4c7,20260920
223,sheet_056.jpg,2,ok,6489,1774048737269.jpg,C:\Users\uzj5150\Box\Philippines Panel\01 Panel\14 NSU Market Survey\NSU Market Survey Launch\data\pictures/1774048737269.jpg,1d116e53ffdc6658,20260920
224,sheet_056.jpg,3,ok,7683,1774424948535.jpg,C:\Users\uzj5150\Box\Philippines Panel\01 Panel\14 NSU Market Survey\NSU Market Survey Launch\data\pictures/1774424948535.jpg,0dd54b57ba5cc0c7,20260920
225,sheet_057.jpg,0,ok,9513,1773727305941.jpg,C:\Users\uzj5150\Box\Philippines Panel\01 Panel\14 NSU Market Survey\NSU Market Survey Launch\data\pictures/1773727305941.jpg,ecadef68d8354566,20260920
226,sheet_057.jpg,1,ok,1014,1777945396910.jpg,C:\Users\uzj5150\Box\Philippines Panel\01 Panel\14 NSU Market Survey\NSU Market Survey Launch\data\pictures/1777945396910.jpg,7465faf7ad40b749,20260920
227,sheet_057.jpg,2,ok,6515,1774051816548.jpg,C:\Users\uzj5150\Box\Philippines Panel\01 Panel\14 NSU Market Survey\NSU Market Survey Launch\data\pictures/1774051816548.jpg,778581181d6cb1b7,20260920
228,sheet_057.jpg,3,ok,9806,1773884755283.jpg,C:\Users\uzj5150\Box\Philippines Panel\01 Panel\14 NSU Market Survey\NSU Market Survey Launch\data\pictures/1773884755283.jpg,c8e6cadb0c846534,20260920
229,sheet_058.jpg,0,ok,5113,1773801822575.jpg,C:\Users\uzj5150\Box\Philippines Panel\01 Panel\14 NSU Market Survey\NSU Market Survey Launch\data\pictures/1773801822575.jpg,0d3ca870764d6fe2,20260920
230,sheet_058.jpg,1,ok,618,1777600049040.jpg,C:\Users\uzj5150\Box\Philippines Panel\01 Panel\14 NSU Market Survey\NSU Market Survey Launch\data\pictures/1777600049040.jpg,d982a96fa34791f2,20260920
231,sheet_058.jpg,2,ok,9450,1773725028672.jpg,C:\Users\uzj5150\Box\Philippines Panel\01 Panel\14 NSU Market Survey\NSU Market Survey Launch\data\pictures/1773725028672.jpg,465cc620a463dc32,20260920
232,sheet_058.jpg,3,ok,9544,1773879797858.jpg,C:\Users\uzj5150\Box\Philippines Panel\01 Panel\14 NSU Market Survey\NSU Market Survey Launch\data\pictures/1773879797858.jpg,62e7af23045c9a8a,20260920
233,sheet_059.jpg,0,ok,9307,1774319062864.jpg,C:\Users\uzj5150\Box\Philippines Panel\01 Panel\14 NSU Market Survey\NSU Market Survey Launch\data\pictures/1774319062864.jpg,ddf8779524276f6d,20260920
234,sheet_059.jpg,1,ok,643,1777599787929.jpg,C:\Users\uzj5150\Box\Philippines Panel\01 Panel\14 NSU Market Survey\NSU Market Survey Launch\data\pictures/1777599787929.jpg,0e4ae871dca42ed5,20260920
235,sheet_059.jpg,2,ok,2656,1776217673447.jpg,C:\Users\uzj5150\Box\Philippines Panel\01 Panel\14 NSU Market Survey\NSU Market Survey Launch\data\pictures/1776217673447.jpg,9b7a902f1830f430,20260920
236,sheet_059.jpg,3,ok,3198,1776823200987.jpg,C:\Users\uzj5150\Box\Philippines Panel\01 Panel\14 NSU Market Survey\NSU Market Survey Launch\data\pictures/1776823200987.jpg,d6aa68cc271a6be6,20260920
237,sheet_060.jpg,0,ok,9787,1773893524727.jpg,C:\Users\uzj5150\Box\Philippines Panel\01 Panel\14 NSU Market Survey\NSU Market Survey Launch\data\pictures/1773893524727.jpg,8b89212b0ffa58bd,20260920
238,sheet_060.jpg,1,ok,1713,1776646369279.jpg,C:\Users\uzj5150\Box\Philippines Panel\01 Panel\14 NSU Market Survey\NSU Market Survey Launch\data\pictures/1776646369279.jpg,3f21f6f239f0342e,20260920
239,sheet_060.jpg,2,ok,5638,1774413170060.jpg,C:\Users\uzj5150\Box\Philippines Panel\01 Panel\14 NSU Market Survey\NSU Market Survey Launch\data\pictures/1774413170060.jpg,7ae2db50f58933c5,20260920
240,sheet_060.jpg,3,ok,9751,1773888271052.jpg,C:\Users\uzj5150\Box\Philippines Panel\01 Panel\14 NSU Market Survey\NSU Market Survey Launch\data\pictures/1773888271052.jpg,99ee7a47cb12e5e7,20260920
241,sheet_061.jpg,0,ok,2591,1776736435037.jpg,C:\Users\uzj5150\Box\Philippines Panel\01 Panel\14 NSU Market Survey\NSU Market Survey Launch\data\pictures/1776736435037.jpg,7b949fd92e930886,20260920
242,sheet_061.jpg,1,ok,9526,1773879662288.jpg,C:\Users\uzj5150\Box\Philippines Panel\01 Panel\14 NSU Market Survey\NSU Market Survey Launch\data\pictures/1773879662288.jpg,fdb9efc63ad10934,20260920
243,sheet_061.jpg,2,ok,6671,1778216689008.jpg,C:\Users\uzj5150\Box\Philippines Panel\01 Panel\14 NSU Market Survey\NSU Market Survey Launch\data\pictures/1778216689008.jpg,dc01a8365fea2ec8,20260920
244,sheet_061.jpg,3,ok,78,1778117431003.jpg,C:\Users\uzj5150\Box\Philippines Panel\01 Panel\14 NSU Market Survey\NSU Market Survey Launch\data\pictures/1778117431003.jpg,7172d1132e17c125,20260920
245,sheet_062.jpg,0,ok,5404,1774576962862.jpg,C:\Users\uzj5150\Box\Philippines Panel\01 Panel\14 NSU Market Survey\NSU Market Survey Launch\data\pictures/1774576962862.jpg,f62dc99821c873e0,20260920
246,sheet_062.jpg,1,ok,3888,1775787583393.jpg,C:\Users\uzj5150\Box\Philippines Panel\01 Panel\14 NSU Market Survey\NSU Market Survey Launch\data\pictures/1775787583393.jpg,87e70c3cef849413,20260920
247,sheet_062.jpg,2,ok,8070,1775881048882.jpg,C:\Users\uzj5150\Box\Philippines Panel\01 Panel\14 NSU Market Survey\NSU Market Survey Launch\data\pictures/1775881048882.jpg,c54e5b5a256b6f79,20260920
248,sheet_062.jpg,3,ok,2667,1776219429787.jpg,C:\Users\uzj5150\Box\Philippines Panel\01 Panel\14 NSU Market Survey\NSU Market Survey Launch\data\pictures/1776219429787.jpg,745a6c900154af62,20260920
249,sheet_063.jpg,0,ok,6429,1774053509590.jpg,C:\Users\uzj5150\Box\Philippines Panel\01 Panel\14 NSU Market Survey\NSU Market Survey Launch\data\pictures/1774053509590.jpg,64fc82a98d7de47b,20260920
250,sheet_063.jpg,1,ok,8053,1776044687142.jpg,C:\Users\uzj5150\Box\Philippines Panel\01 Panel\14 NSU Market Survey\NSU Market Survey Launch\data\pictures/1776044687142.jpg,82199d4cce5bb9d6,20260920
251,sheet_063.jpg,2,ok,9601,1773996916542.jpg,C:\Users\uzj5150\Box\Philippines Panel\01 Panel\14 NSU Market Survey\NSU Market Survey Launch\data\pictures/1773996916542.jpg,341011482053358e,20260920
252,sheet_063.jpg,3,ok,9827,1773969666786.jpg,C:\Users\uzj5150\Box\Philippines Panel\01 Panel\14 NSU Market Survey\NSU Market Survey Launch\data\pictures/1773969666786.jpg,20bc77ef60cf423f,20260920
253,sheet_064.jpg,0,ok,9667,1773903126622.jpg,C:\Users\uzj5150\Box\Philippines Panel\01 Panel\14 NSU Market Survey\NSU Market Survey Launch\data\pictures/1773903126622.jpg,00ee9ee07b4dfcc6,20260920
254,sheet_064.jpg,1,ok,2407,1776386572975.jpg,C:\Users\uzj5150\Box\Philippines Panel\01 Panel\14 NSU Market Survey\NSU Market Survey Launch\data\pictures/1776386572975.jpg,bc8c182ce6977db1,20260920
255,sheet_064.jpg,2,ok,9722,1773906504487.jpg,C:\Users\uzj5150\Box\Philippines Panel\01 Panel\14 NSU Market Survey\NSU Market Survey Launch\data\pictures/1773906504487.jpg,4bf057a59292c5a6,20260920
256,sheet_064.jpg,3,ok,7015,1774054328122.jpg,C:\Users\uzj5150\Box\Philippines Panel\01 Panel\14 NSU Market Survey\NSU Market Survey Launch\data\pictures/1774054328122.jpg,f31b70e26645748d,20260920
257,sheet_065.jpg,0,ok,6156,1773727661735.jpg,C:\Users\uzj5150\Box\Philippines Panel\01 Panel\14 NSU Market Survey\NSU Market Survey Launch\data\pictures/1773727661735.jpg,39741811a1ef7d62,20260920
258,sheet_065.jpg,1,ok,7811,1773889750172.jpg,C:\Users\uzj5150\Box\Philippines Panel\01 Panel\14 NSU Market Survey\NSU Market Survey Launch\data\pictures/1773889750172.jpg,b42bd3d26c54af0b,20260920
259,sheet_065.jpg,2,ok,5083,1773708191456.jpg,C:\Users\uzj5150\Box\Philippines Panel\01 Panel\14 NSU Market Survey\NSU Market Survey Launch\data\pictures/1773708191456.jpg,a9f4787240d43c73,20260920
260,sheet_065.jpg,3,ok,2550,1776664616335.jpg,C:\Users\uzj5150\Box\Philippines Panel\01 Panel\14 NSU Market Survey\NSU Market Survey Launch\data\pictures/1776664616335.jpg,d5ad460b17543b4d,20260920
261,sheet_066.jpg,0,ok,10584,1777272729912.jpg,C:\Users\uzj5150\Box\Philippines Panel\01 Panel\14 NSU Market Survey\NSU Market Survey Launch\data\pictures/1777272729912.jpg,281ec9d911343714,20260920
262,sheet_066.jpg,1,ok,9549,1773902952839.jpg,C:\Users\uzj5150\Box\Philippines Panel\01 Panel\14 NSU Market Survey\NSU Market Survey Launch\data\pictures/1773902952839.jpg,01c506e7ba0c5e97,20260920
263,sheet_066.jpg,2,ok,6437,1774049231874.jpg,C:\Users\uzj5150\Box\Philippines Panel\01 Panel\14 NSU Market Survey\NSU Market Survey Launch\data\pictures/1774049231874.jpg,3df80fa1024fd630,20260920
264,sheet_066.jpg,3,ok,6101,1773798724393.jpg,C:\Users\uzj5150\Box\Philippines Panel\01 Panel\14 NSU Market Survey\NSU Market Survey Launch\data\pictures/1773798724393.jpg,b79dfa9b4659c945,20260920
265,sheet_067.jpg,0,ok,9434,1773726831753.jpg,C:\Users\uzj5150\Box\Philippines Panel\01 Panel\14 NSU Market Survey\NSU Market Survey Launch\data\pictures/1773726831753.jpg,78747921f5119999,20260920
266,sheet_067.jpg,1,ok,8477,1775777658649.jpg,C:\Users\uzj5150\Box\Philippines Panel\01 Panel\14 NSU Market Survey\NSU Market Survey Launch\data\pictures/1775777658649.jpg,93c59691825802ec,20260920
267,sheet_067.jpg,2,ok,156,1778122346276.jpg,C:\Users\uzj5150\Box\Philippines Panel\01 Panel\14 NSU Market Survey\NSU Market Survey Launch\data\pictures/1778122346276.jpg,757f712395ac4df0,20260920
268,sheet_067.jpg,3,ok,7695,1774421631171.jpg,C:\Users\uzj5150\Box\Philippines Panel\01 Panel\14 NSU Market Survey\NSU Market Survey Launch\data\pictures/1774421631171.jpg,16efce506b0ec072,20260920
269,sheet_068.jpg,0,ok,2440,1776995240945.jpg,C:\Users\uzj5150\Box\Philippines Panel\01 Panel\14 NSU Market Survey\NSU Market Survey Launch\data\pictures/1776995240945.jpg,05cf9e52a0a04fd4,20260920
270,sheet_068.jpg,1,ok,916,1777516923819.jpg,C:\Users\uzj5150\Box\Philippines Panel\01 Panel\14 NSU Market Survey\NSU Market Survey Launch\data\pictures/1777516923819.jpg,811b5ec81b27c7ef,20260920
271,sheet_068.jpg,2,ok,8524,1775695491749.jpg,C:\Users\uzj5150\Box\Philippines Panel\01 Panel\14 NSU Market Survey\NSU Market Survey Launch\data\pictures/1775695491749.jpg,5b02f5d1c821b10a,20260920
272,sheet_068.jpg,3,ok,6950,1778111429632.jpg,C:\Users\uzj5150\Box\Philippines Panel\01 Panel\14 NSU Market Survey\NSU Market Survey Launch\data\pictures/1778111429632.jpg,638bdfccb0178dff,20260920
273,sheet_069.jpg,0,ok,5327,1774575703525.jpg,C:\Users\uzj5150\Box\Philippines Panel\01 Panel\14 NSU Market Survey\NSU Market Survey Launch\data\pictures/1774575703525.jpg,d08b5e8570832167,20260920
274,sheet_069.jpg,1,ok,2429,1776995729065.jpg,C:\Users\uzj5150\Box\Philippines Panel\01 Panel\14 NSU Market Survey\NSU Market Survey Launch\data\pictures/1776995729065.jpg,e72ca295496c7595,20260920
275,sheet_069.jpg,2,ok,9812,1773910058890.jpg,C:\Users\uzj5150\Box\Philippines Panel\01 Panel\14 NSU Market Survey\NSU Market Survey Launch\data\pictures/1773910058890.jpg,45c9a8fd8a46b04a,20260920
276,sheet_069.jpg,3,ok,7618,1774419765194.jpg,C:\Users\uzj5150\Box\Philippines Panel\01 Panel\14 NSU Market Survey\NSU Market Survey Launch\data\pictures/1774419765194.jpg,e80af2105b383d8e,20260920
277,sheet_070.jpg,0,ok,908,1778051558507.jpg,C:\Users\uzj5150\Box\Philippines Panel\01 Panel\14 NSU Market Survey\NSU Market Survey Launch\data\pictures/1778051558507.jpg,3bfd8c5f69b7bc56,20260920
278,sheet_070.jpg,1,ok,6513,1774326119740.jpg,C:\Users\uzj5150\Box\Philippines Panel\01 Panel\14 NSU Market Survey\NSU Market Survey Launch\data\pictures/1774326119740.jpg,bd9bb4a4655663d9,20260920
279,sheet_070.jpg,2,ok,2404,1776391434114.jpg,C:\Users\uzj5150\Box\Philippines Panel\01 Panel\14 NSU Market Survey\NSU Market Survey Launch\data\pictures/1776391434114.jpg,68e6edd81848802f,20260920
280,sheet_070.jpg,3,ok,1649,1776999369204.jpg,C:\Users\uzj5150\Box\Philippines Panel\01 Panel\14 NSU Market Survey\NSU Market Survey Launch\data\pictures/1776999369204.jpg,1c2130993e218fd5,20260920
281,sheet_071.jpg,0,ok,2540,1776735866820.jpg,C:\Users\uzj5150\Box\Philippines Panel\01 Panel\14 NSU Market Survey\NSU Market Survey Launch\data\pictures/1776735866820.jpg,95b25a3a8e641a9c,20260920
282,sheet_071.jpg,1,ok,8418,1775695100472.jpg,C:\Users\uzj5150\Box\Philippines Panel\01 Panel\14 NSU Market Survey\NSU Market Survey Launch\data\pictures/1775695100472.jpg,d404afd4e4e0bdf6,20260920
283,sheet_071.jpg,2,ok,3730,1775786366049.jpg,C:\Users\uzj5150\Box\Philippines Panel\01 Panel\14 NSU Market Survey\NSU Market Survey Launch\data\pictures/1775786366049.jpg,c11e51a39282bbab,20260920
284,sheet_071.jpg,3,ok,6179,1773706870198.jpg,C:\Users\uzj5150\Box\Philippines Panel\01 Panel\14 NSU Market Survey\NSU Market Survey Launch\data\pictures/1773706870198.jpg,0236fd39590b6ebf,20260920
285,sheet_072.jpg,0,ok,875,1777512618804.jpg,C:\Users\uzj5150\Box\Philippines Panel\01 Panel\14 NSU Market Survey\NSU Market Survey Launch\data\pictures/1777512618804.jpg,13367945f4b3186d,20260920
286,sheet_072.jpg,1,ok,9451,1773725109274.jpg,C:\Users\uzj5150\Box\Philippines Panel\01 Panel\14 NSU Market Survey\NSU Market Survey Launch\data\pictures/1773725109274.jpg,d1225cabdaf0fb1b,20260920
287,sheet_072.jpg,2,ok,8447,1775695994810.jpg,C:\Users\uzj5150\Box\Philippines Panel\01 Panel\14 NSU Market Survey\NSU Market Survey Launch\data\pictures/1775695994810.jpg,3c620bdd259582e7,20260920
288,sheet_072.jpg,3,ok,3210,1776820555124.jpg,C:\Users\uzj5150\Box\Philippines Panel\01 Panel\14 NSU Market Survey\NSU Market Survey Launch\data\pictures/1776820555124.jpg,a94d7172878cb3d2,20260920
289,sheet_073.jpg,0,ok,6109,1773708100897.jpg,C:\Users\uzj5150\Box\Philippines Panel\01 Panel\14 NSU Market Survey\NSU Market Survey Launch\data\pictures/1773708100897.jpg,3196fa4563294059,20260920
290,sheet_073.jpg,1,ok,8427,1775696752752.jpg,C:\Users\uzj5150\Box\Philippines Panel\01 Panel\14 NSU Market Survey\NSU Market Survey Launch\data\pictures/1775696752752.jpg,4b693428aadbc49f,20260920
291,sheet_073.jpg,2,ok,10761,1777422270257.jpg,C:\Users\uzj5150\Box\Philippines Panel\01 Panel\14 NSU Market Survey\NSU Market Survey Launch\data\pictures/1777422270257.jpg,4c4c967b4e04da5b,20260920
292,sheet_073.jpg,3,ok,8790,1778289863894.jpg,C:\Users\uzj5150\Box\Philippines Panel\01 Panel\14 NSU Market Survey\NSU Market Survey Launch\data\pictures/1778289863894.jpg,4c62f23442b26628,20260920
293,sheet_074.jpg,0,ok,8798,1775805322370.jpg,C:\Users\uzj5150\Box\Philippines Panel\01 Panel\14 NSU Market Survey\NSU Market Survey Launch\data\pictures/1775805322370.jpg,83f20340e3faec7f,20260920
294,sheet_074.jpg,1,ok,143,1778207690143.jpg,C:\Users\uzj5150\Box\Philippines Panel\01 Panel\14 NSU Market Survey\NSU Market Survey Launch\data\pictures/1778207690143.jpg,47dc9a289c96e2a3,20260920
295,sheet_074.jpg,2,ok,6426,1774050711770.jpg,C:\Users\uzj5150\Box\Philippines Panel\01 Panel\14 NSU Market Survey\NSU Market Survey Launch\data\pictures/1774050711770.jpg,946c3ccea5311e10,20260920
296,sheet_074.jpg,3,ok,6248,1773712827294.jpg,C:\Users\uzj5150\Box\Philippines Panel\01 Panel\14 NSU Market Survey\NSU Market Survey Launch\data\pictures/1773712827294.jpg,4d01935a8eabd753,20260920
297,sheet_075.jpg,0,ok,11495,1776994419499.jpg,C:\Users\uzj5150\Box\Philippines Panel\01 Panel\14 NSU Market Survey\NSU Market Survey Launch\data\pictures/1776994419499.jpg,b7c3e06a4975b2a0,20260920
298,sheet_075.jpg,1,ok,689,1777859833125.jpg,C:\Users\uzj5150\Box\Philippines Panel\01 Panel\14 NSU Market Survey\NSU Market Survey Launch\data\pictures/1777859833125.jpg,8be9076b563b5483,20260920
299,sheet_075.jpg,2,ok,9661,1773894373711.jpg,C:\Users\uzj5150\Box\Philippines Panel\01 Panel\14 NSU Market Survey\NSU Market Survey Launch\data\pictures/1773894373711.jpg,ff75a675fbfaece7,20260920
300,sheet_075.jpg,3,ok,9696,1773905067033.jpg,C:\Users\uzj5150\Box\Philippines Panel\01 Panel\14 NSU Market Survey\NSU Market Survey Launch\data\pictures/1773905067033.jpg,716e525a10951cae,20260920
301,sheet_076.jpg,0,ok,4601,1776298052104.jpg,C:\Users\uzj5150\Box\Philippines Panel\01 Panel\14 NSU Market Survey\NSU Market Survey Launch\data\pictures/1776298052104.jpg,dc8fe5821b4596d7,20260920
302,sheet_076.jpg,1,ok,4602,1776298074478.jpg,C:\Users\uzj5150\Box\Philippines Panel\01 Panel\14 NSU Market Survey\NSU Market Survey Launch\data\pictures/1776298074478.jpg,d880d932697417a9,20260920
303,sheet_076.jpg,2,ok,6475,1774325728049.jpg,C:\Users\uzj5150\Box\Philippines Panel\01 Panel\14 NSU Market Survey\NSU Market Survey Launch\data\pictures/1774325728049.jpg,7c79afa8249e26a9,20260920
304,sheet_076.jpg,3,ok,6175,1773800571177.jpg,C:\Users\uzj5150\Box\Philippines Panel\01 Panel\14 NSU Market Survey\NSU Market Survey Launch\data\pictures/1773800571177.jpg,195dc3a003aaac12,20260920
305,sheet_077.jpg,0,ok,608,1777864635981.jpg,C:\Users\uzj5150\Box\Philippines Panel\01 Panel\14 NSU Market Survey\NSU Market Survey Launch\data\pictures/1777864635981.jpg,c8190300f3252ef8,20260920
306,sheet_077.jpg,1,ok,8114,1776042630368.jpg,C:\Users\uzj5150\Box\Philippines Panel\01 Panel\14 NSU Market Survey\NSU Market Survey Launch\data\pictures/1776042630368.jpg,130580280280766a,20260920
307,sheet_077.jpg,2,ok,9492,1773796157551.jpg,C:\Users\uzj5150\Box\Philippines Panel\01 Panel\14 NSU Market Survey\NSU Market Survey Launch\data\pictures/1773796157551.jpg,5dc1a7ebcaa01667,20260920
308,sheet_077.jpg,3,ok,6167,1773708224124.jpg,C:\Users\uzj5150\Box\Philippines Panel\01 Panel\14 NSU Market Survey\NSU Market Survey Launch\data\pictures/1773708224124.jpg,f09c7b725d703935,20260920
309,sheet_078.jpg,0,ok,2406,1776386731203.jpg,C:\Users\uzj5150\Box\Philippines Panel\01 Panel\14 NSU Market Survey\NSU Market Survey Launch\data\pictures/1776386731203.jpg,20277ebd00e9c89f,20260920
310,sheet_078.jpg,1,ok,2262,1779160082927.jpg,C:\Users\uzj5150\Box\Philippines Panel\01 Panel\14 NSU Market Survey\NSU Market Survey Launch\data\pictures/1779160082927.jpg,8e5ede26c19bcfe9,20260920
311,sheet_078.jpg,2,ok,9285,1774062561571.jpg,C:\Users\uzj5150\Box\Philippines Panel\01 Panel\14 NSU Market Survey\NSU Market Survey Launch\data\pictures/1774062561571.jpg,bb650d7b41c7a9aa,20260920
312,sheet_078.jpg,3,ok,827,1778030672629.jpg,C:\Users\uzj5150\Box\Philippines Panel\01 Panel\14 NSU Market Survey\NSU Market Survey Launch\data\pictures/1778030672629.jpg,858c7f9cb65b04a7,20260920
313,sheet_079.jpg,0,ok,9759,1773888189268.jpg,C:\Users\uzj5150\Box\Philippines Panel\01 Panel\14 NSU Market Survey\NSU Market Survey Launch\data\pictures/1773888189268.jpg,425892f85ef2600b,20260920
314,sheet_079.jpg,1,ok,616,1777688661086.jpg,C:\Users\uzj5150\Box\Philippines Panel\01 Panel\14 NSU Market Survey\NSU Market Survey Launch\data\pictures/1777688661086.jpg,5e44d46a9a4b573d,20260920
315,sheet_079.jpg,2,ok,5025,1775700508109.jpg,C:\Users\uzj5150\Box\Philippines Panel\01 Panel\14 NSU Market Survey\NSU Market Survey Launch\data\pictures/1775700508109.jpg,3a3b4cc3ac72f414,20260920
316,sheet_079.jpg,3,ok,9587,1773983746906.jpg,C:\Users\uzj5150\Box\Philippines Panel\01 Panel\14 NSU Market Survey\NSU Market Survey Launch\data\pictures/1773983746906.jpg,b8a19a859487e7b4,20260920
317,sheet_080.jpg,0,ok,8103,1775879626402.jpg,C:\Users\uzj5150\Box\Philippines Panel\01 Panel\14 NSU Market Survey\NSU Market Survey Launch\data\pictures/1775879626402.jpg,3abdcb7f778f3a41,20260920
318,sheet_080.jpg,1,ok,5485,1778810173190.jpg,C:\Users\uzj5150\Box\Philippines Panel\01 Panel\14 NSU Market Survey\NSU Market Survey Launch\data\pictures/1778810173190.jpg,1839ae8f63618cbd,20260920
319,sheet_080.jpg,2,ok,349,1777951281719.jpg,C:\Users\uzj5150\Box\Philippines Panel\01 Panel\14 NSU Market Survey\NSU Market Survey Launch\data\pictures/1777951281719.jpg,26aecd20a98b3abf,20260920
320,sheet_080.jpg,3,ok,6113,1773725781491.jpg,C:\Users\uzj5150\Box\Philippines Panel\01 Panel\14 NSU Market Survey\NSU Market Survey Launch\data\pictures/1773725781491.jpg,734efd8053133a6a,20260920
321,sheet_081.jpg,0,ok,7869,1773885905160.jpg,C:\Users\uzj5150\Box\Philippines Panel\01 Panel\14 NSU Market Survey\NSU Market Survey Launch\data\pictures/1773885905160.jpg,37b43ec6776819a1,20260920
322,sheet_081.jpg,1,ok,9315,1774053602302.jpg,C:\Users\uzj5150\Box\Philippines Panel\01 Panel\14 NSU Market Survey\NSU Market Survey Launch\data\pictures/1774053602302.jpg,cfc4a266597e5adb,20260920
323,sheet_081.jpg,2,ok,15,1778292547469.jpg,C:\Users\uzj5150\Box\Philippines Panel\01 Panel\14 NSU Market Survey\NSU Market Survey Launch\data\pictures/1778292547469.jpg,5a6d887e22c4359b,20260920
324,sheet_081.jpg,3,ok,10799,1777425148415.jpg,C:\Users\uzj5150\Box\Philippines Panel\01 Panel\14 NSU Market Survey\NSU Market Survey Launch\data\pictures/1777425148415.jpg,e4e181b835208a6a,20260920
325,sheet_082.jpg,0,ok,7604,1774420389297.jpg,C:\Users\uzj5150\Box\Philippines Panel\01 Panel\14 NSU Market Survey\NSU Market Survey Launch\data\pictures/1774420389297.jpg,1691ee62cbd17e38,20260920
326,sheet_082.jpg,1,ok,9997,1773805916177.jpg,C:\Users\uzj5150\Box\Philippines Panel\01 Panel\14 NSU Market Survey\NSU Market Survey Launch\data\pictures/1773805916177.jpg,32fe14ec089652d3,20260920
327,sheet_082.jpg,2,ok,5123,1773802406489.jpg,C:\Users\uzj5150\Box\Philippines Panel\01 Panel\14 NSU Market Survey\NSU Market Survey Launch\data\pictures/1773802406489.jpg,60465de388565d64,20260920
328,sheet_082.jpg,3,ok,5131,1773708514270.jpg,C:\Users\uzj5150\Box\Philippines Panel\01 Panel\14 NSU Market Survey\NSU Market Survey Launch\data\pictures/1773708514270.jpg,e213d27660b4d3be,20260920
329,sheet_083.jpg,0,ok,2493,1776998861492.jpg,C:\Users\uzj5150\Box\Philippines Panel\01 Panel\14 NSU Market Survey\NSU Market Survey Launch\data\pictures/1776998861492.jpg,77fb43f5e7b290c3,20260920
330,sheet_083.jpg,1,ok,2547,1776664148616.jpg,C:\Users\uzj5150\Box\Philippines Panel\01 Panel\14 NSU Market Survey\NSU Market Survey Launch\data\pictures/1776664148616.jpg,697cfc5635d9a1e4,20260920
331,sheet_083.jpg,2,ok,9309,1774052854681.jpg,C:\Users\uzj5150\Box\Philippines Panel\01 Panel\14 NSU Market Survey\NSU Market Survey Launch\data\pictures/1774052854681.jpg,e28cc65bde36a87a,20260920
332,sheet_083.jpg,3,ok,11450,1776992979387.jpg,C:\Users\uzj5150\Box\Philippines Panel\01 Panel\14 NSU Market Survey\NSU Market Survey Launch\data\pictures/1776992979387.jpg,6876d0ccf0f18267,20260920
333,sheet_084.jpg,0,ok,2648,1776216379732.jpg,C:\Users\uzj5150\Box\Philippines Panel\01 Panel\14 NSU Market Survey\NSU Market Survey Launch\data\pictures/1776216379732.jpg,44532d0cc019ecc5,20260920
334,sheet_084.jpg,1,ok,814,1777447826549.jpg,C:\Users\uzj5150\Box\Philippines Panel\01 Panel\14 NSU Market Survey\NSU Market Survey Launch\data\pictures/1777447826549.jpg,5411ef9e11af2c90,20260920
335,sheet_084.jpg,2,ok,2764,1776388316020.jpg,C:\Users\uzj5150\Box\Philippines Panel\01 Panel\14 NSU Market Survey\NSU Market Survey Launch\data\pictures/1776388316020.jpg,e3ba90f52275ce96,20260920
336,sheet_084.jpg,3,ok,8045,1775865811296.jpg,C:\Users\uzj5150\Box\Philippines Panel\01 Panel\14 NSU Market Survey\NSU Market Survey Launch\data\pictures/1775865811296.jpg,4bc3e1aa142e57de,20260920
337,sheet_085.jpg,0,ok,2585,1776733671691.jpg,C:\Users\uzj5150\Box\Philippines Panel\01 Panel\14 NSU Market Survey\NSU Market Survey Launch\data\pictures/1776733671691.jpg,eada8821d28135f6,20260920
338,sheet_085.jpg,1,ok,1904,1776991891562.jpg,C:\Users\uzj5150\Box\Philippines Panel\01 Panel\14 NSU Market Survey\NSU Market Survey Launch\data\pictures/1776991891562.jpg,f8d99a102d901b2f,20260920
339,sheet_085.jpg,2,ok,9046,1775521095208.jpg,C:\Users\uzj5150\Box\Philippines Panel\01 Panel\14 NSU Market Survey\NSU Market Survey Launch\data\pictures/1775521095208.jpg,5dfa7df25a2a6447,20260920
340,sheet_085.jpg,3,ok,6136,1773714159551.jpg,C:\Users\uzj5150\Box\Philippines Panel\01 Panel\14 NSU Market Survey\NSU Market Survey Launch\data\pictures/1773714159551.jpg,ef3696c800eb65af,20260920
341,sheet_086.jpg,0,ok,2638,1776306903573.jpg,C:\Users\uzj5150\Box\Philippines Panel\01 Panel\14 NSU Market Survey\NSU Market Survey Launch\data\pictures/1776306903573.jpg,7084cc90584fbdc9,20260920
342,sheet_086.jpg,1,ok,5646,1774414672976.jpg,C:\Users\uzj5150\Box\Philippines Panel\01 Panel\14 NSU Market Survey\NSU Market Survey Launch\data\pictures/1774414672976.jpg,2b897603db948019,20260920
343,sheet_086.jpg,2,ok,800,1777511056522.jpg,C:\Users\uzj5150\Box\Philippines Panel\01 Panel\14 NSU Market Survey\NSU Market Survey Launch\data\pictures/1777511056522.jpg,1e81bcdeaa92be69,20260920
344,sheet_086.jpg,3,ok,9657,1773797422524.jpg,C:\Users\uzj5150\Box\Philippines Panel\01 Panel\14 NSU Market Survey\NSU Market Survey Launch\data\pictures/1773797422524.jpg,d44b31ab21181fbf,20260920
345,sheet_087.jpg,0,ok,9025,1775521813384.jpg,C:\Users\uzj5150\Box\Philippines Panel\01 Panel\14 NSU Market Survey\NSU Market Survey Launch\data\pictures/1775521813384.jpg,0aee926679fb71c0,20260920
346,sheet_087.jpg,1,ok,913,1777513531890.jpg,C:\Users\uzj5150\Box\Philippines Panel\01 Panel\14 NSU Market Survey\NSU Market Survey Launch\data\pictures/1777513531890.jpg,30851508e65edc08,20260920
347,sheet_087.jpg,2,ok,9641,1773994526129.jpg,C:\Users\uzj5150\Box\Philippines Panel\01 Panel\14 NSU Market Survey\NSU Market Survey Launch\data\pictures/1773994526129.jpg,1c07e0ac6a3c0ab9,20260920
348,sheet_087.jpg,3,ok,9826,1773968256826.jpg,C:\Users\uzj5150\Box\Philippines Panel\01 Panel\14 NSU Market Survey\NSU Market Survey Launch\data\pictures/1773968256826.jpg,e5fabcb92e238b68,20260920
349,sheet_088.jpg,0,ok,4433,1776130083707.jpg,C:\Users\uzj5150\Box\Philippines Panel\01 Panel\14 NSU Market Survey\NSU Market Survey Launch\data\pictures/1776130083707.jpg,7b58001b6a4eafff,20260920
350,sheet_088.jpg,1,ok,9652,1778724692508.jpg,C:\Users\uzj5150\Box\Philippines Panel\01 Panel\14 NSU Market Survey\NSU Market Survey Launch\data\pictures/1778724692508.jpg,9c788858310b8206,20260920
351,sheet_088.jpg,2,ok,2352,1776387108049.jpg,C:\Users\uzj5150\Box\Philippines Panel\01 Panel\14 NSU Market Survey\NSU Market Survey Launch\data\pictures/1776387108049.jpg,2a6794da3faf57fc,20260920
352,sheet_088.jpg,3,ok,2432,1776999873175.jpg,C:\Users\uzj5150\Box\Philippines Panel\01 Panel\14 NSU Market Survey\NSU Market Survey Launch\data\pictures/1776999873175.jpg,03311cf8a642feef,20260920
353,sheet_089.jpg,0,ok,9337,1774060972914.jpg,C:\Users\uzj5150\Box\Philippines Panel\01 Panel\14 NSU Market Survey\NSU Market Survey Launch\data\pictures/1774060972914.jpg,15892c88ef6cc371,20260920
354,sheet_089.jpg,1,ok,4482,1776138286756.jpg,C:\Users\uzj5150\Box\Philippines Panel\01 Panel\14 NSU Market Survey\NSU Market Survey Launch\data\pictures/1776138286756.jpg,e010c5948217c7b0,20260920
355,sheet_089.jpg,2,ok,9559,1773880891110.jpg,C:\Users\uzj5150\Box\Philippines Panel\01 Panel\14 NSU Market Survey\NSU Market Survey Launch\data\pictures/1773880891110.jpg,e33995204b2e0887,20260920
356,sheet_089.jpg,3,ok,5357,1774661305179.jpg,C:\Users\uzj5150\Box\Philippines Panel\01 Panel\14 NSU Market Survey\NSU Market Survey Launch\data\pictures/1774661305179.jpg,60c3d70cec49ba58,20260920
357,sheet_090.jpg,0,ok,36,1778298930683.jpg,C:\Users\uzj5150\Box\Philippines Panel\01 Panel\14 NSU Market Survey\NSU Market Survey Launch\data\pictures/1778298930683.jpg,733c52f7ea21704b,20260920
358,sheet_090.jpg,1,ok,1799,1776644907128.jpg,C:\Users\uzj5150\Box\Philippines Panel\01 Panel\14 NSU Market Survey\NSU Market Survey Launch\data\pictures/1776644907128.jpg,16f521c9b136f25e,20260920
359,sheet_090.jpg,2,ok,5356,1774576606875.jpg,C:\Users\uzj5150\Box\Philippines Panel\01 Panel\14 NSU Market Survey\NSU Market Survey Launch\data\pictures/1774576606875.jpg,2f0f7910a5ef4bab,20260920
360,sheet_090.jpg,3,ok,10246,1778205639471.jpg,C:\Users\uzj5150\Box\Philippines Panel\01 Panel\14 NSU Market Survey\NSU Market Survey Launch\data\pictures/1778205639471.jpg,2dd423aba3b2835e,20260920
361,sheet_091.jpg,0,ok,587,1777597836741.jpg,C:\Users\uzj5150\Box\Philippines Panel\01 Panel\14 NSU Market Survey\NSU Market Survey Launch\data\pictures/1777597836741.jpg,0e8efb36b2d4b5e4,20260920
362,sheet_091.jpg,1,ok,4397,1776132829587.jpg,C:\Users\uzj5150\Box\Philippines Panel\01 Panel\14 NSU Market Survey\NSU Market Survey Launch\data\pictures/1776132829587.jpg,954c980c21dc603f,20260920
363,sheet_091.jpg,2,ok,9852,1773972482502.jpg,C:\Users\uzj5150\Box\Philippines Panel\01 Panel\14 NSU Market Survey\NSU Market Survey Launch\data\pictures/1773972482502.jpg,2503009307fe8faf,20260920
364,sheet_091.jpg,3,ok,2629,1776215047549.jpg,C:\Users\uzj5150\Box\Philippines Panel\01 Panel\14 NSU Market Survey\NSU Market Survey Launch\data\pictures/1776215047549.jpg,87cabb05e280fcba,20260920
365,sheet_092.jpg,0,ok,10065,1773727536899.jpg,C:\Users\uzj5150\Box\Philippines Panel\01 Panel\14 NSU Market Survey\NSU Market Survey Launch\data\pictures/1773727536899.jpg,bca297447fe00073,20260920
366,sheet_092.jpg,1,ok,2433,1776999891955.jpg,C:\Users\uzj5150\Box\Philippines Panel\01 Panel\14 NSU Market Survey\NSU Market Survey Launch\data\pictures/1776999891955.jpg,d917ab55a745352d,20260920
367,sheet_092.jpg,2,ok,7689,1774425382683.jpg,C:\Users\uzj5150\Box\Philippines Panel\01 Panel\14 NSU Market Survey\NSU Market Survey Launch\data\pictures/1774425382683.jpg,1223840515eaf7b1,20260920
368,sheet_092.jpg,3,ok,5026,1775700560104.jpg,C:\Users\uzj5150\Box\Philippines Panel\01 Panel\14 NSU Market Survey\NSU Market Survey Launch\data\pictures/1775700560104.jpg,a98c0da5eda972f2,20260920
369,sheet_093.jpg,0,ok,9519,1773968075609.jpg,C:\Users\uzj5150\Box\Philippines Panel\01 Panel\14 NSU Market Survey\NSU Market Survey Launch\data\pictures/1773968075609.jpg,5721d5fb93112663,20260920
370,sheet_093.jpg,1,ok,7688,1774425365045.jpg,C:\Users\uzj5150\Box\Philippines Panel\01 Panel\14 NSU Market Survey\NSU Market Survey Launch\data\pictures/1774425365045.jpg,79e06c7a3603e238,20260920
371,sheet_093.jpg,2,ok,10581,1777272695572.jpg,C:\Users\uzj5150\Box\Philippines Panel\01 Panel\14 NSU Market Survey\NSU Market Survey Launch\data\pictures/1777272695572.jpg,0be78511391a2ac9,20260920
372,sheet_093.jpg,3,ok,2372,1776387194857.jpg,C:\Users\uzj5150\Box\Philippines Panel\01 Panel\14 NSU Market Survey\NSU Market Survey Launch\data\pictures/1776387194857.jpg,72dd86c35e911d81,20260920
373,sheet_094.jpg,0,ok,6226,1773802260009.jpg,C:\Users\uzj5150\Box\Philippines Panel\01 Panel\14 NSU Market Survey\NSU Market Survey Launch\data\pictures/1773802260009.jpg,661e9dc6cc4f75ef,20260920
374,sheet_094.jpg,1,ok,9639,1773892880122.jpg,C:\Users\uzj5150\Box\Philippines Panel\01 Panel\14 NSU Market Survey\NSU Market Survey Launch\data\pictures/1773892880122.jpg,d7e7bb3b63679136,20260920
375,sheet_094.jpg,2,ok,660,1777867263767.jpg,C:\Users\uzj5150\Box\Philippines Panel\01 Panel\14 NSU Market Survey\NSU Market Survey Launch\data\pictures/1777867263767.jpg,a13de1714aa2fb8c,20260920
376,sheet_094.jpg,3,ok,8899,1775710235745.jpg,C:\Users\uzj5150\Box\Philippines Panel\01 Panel\14 NSU Market Survey\NSU Market Survey Launch\data\pictures/1775710235745.jpg,01431264a70dbe02,20260920
377,sheet_095.jpg,0,ok,5579,1774408758998.jpg,C:\Users\uzj5150\Box\Philippines Panel\01 Panel\14 NSU Market Survey\NSU Market Survey Launch\data\pictures/1774408758998.jpg,525f91a4110d5c95,20260920
378,sheet_095.jpg,1,ok,5369,1774578383952.jpg,C:\Users\uzj5150\Box\Philippines Panel\01 Panel\14 NSU Market Survey\NSU Market Survey Launch\data\pictures/1774578383952.jpg,24d9ef587b647b0b,20260920
379,sheet_095.jpg,2,ok,2076,1776918469660.jpg,C:\Users\uzj5150\Box\Philippines Panel\01 Panel\14 NSU Market Survey\NSU Market Survey Launch\data\pictures/1776918469660.jpg,07ffec4c31c03b6b,20260920
380,sheet_095.jpg,3,ok,11223,1777256568202.jpg,C:\Users\uzj5150\Box\Philippines Panel\01 Panel\14 NSU Market Survey\NSU Market Survey Launch\data\pictures/1777256568202.jpg,f4155713a0bccb2a,20260920
381,sheet_096.jpg,0,ok,5114,1773714933886.jpg,C:\Users\uzj5150\Box\Philippines Panel\01 Panel\14 NSU Market Survey\NSU Market Survey Launch\data\pictures/1773714933886.jpg,b16b75c4efb759a5,20260920
382,sheet_096.jpg,1,ok,6221,1773801550035.jpg,C:\Users\uzj5150\Box\Philippines Panel\01 Panel\14 NSU Market Survey\NSU Market Survey Launch\data\pictures/1773801550035.jpg,6b7e1cfc2a787171,20260920
383,sheet_096.jpg,2,ok,11451,1776992488586.jpg,C:\Users\uzj5150\Box\Philippines Panel\01 Panel\14 NSU Market Survey\NSU Market Survey Launch\data\pictures/1776992488586.jpg,d650f6156d10ab2b,20260920
384,sheet_096.jpg,3,ok,2434,1777082484744.jpg,C:\Users\uzj5150\Box\Philippines Panel\01 Panel\14 NSU Market Survey\NSU Market Survey Launch\data\pictures/1777082484744.jpg,d1f225431c0320c1,20260920
385,sheet_097.jpg,0,ok,9500,1773723661219.jpg,C:\Users\uzj5150\Box\Philippines Panel\01 Panel\14 NSU Market Survey\NSU Market Survey Launch\data\pictures/1773723661219.jpg,759e1c839e35721a,20260920
386,sheet_097.jpg,1,ok,915,1777513559805.jpg,C:\Users\uzj5150\Box\Philippines Panel\01 Panel\14 NSU Market Survey\NSU Market Survey Launch\data\pictures/1777513559805.jpg,71b44ca75ab9b2c2,20260920
387,sheet_097.jpg,2,ok,754,1777595166575.jpg,C:\Users\uzj5150\Box\Philippines Panel\01 Panel\14 NSU Market Survey\NSU Market Survey Launch\data\pictures/1777595166575.jpg,fb611d35dc4e90de,20260920
388,sheet_097.jpg,3,ok,8066,1775875629529.jpg,C:\Users\uzj5150\Box\Philippines Panel\01 Panel\14 NSU Market Survey\NSU Market Survey Launch\data\pictures/1775875629529.jpg,462dd5ed3a722406,20260920
389,sheet_098.jpg,0,ok,2611,1776217899263.jpg,C:\Users\uzj5150\Box\Philippines Panel\01 Panel\14 NSU Market Survey\NSU Market Survey Launch\data\pictures/1776217899263.jpg,8a2b402ab3b16bc6,20260920
390,sheet_098.jpg,1,ok,9568,1773906344471.jpg,C:\Users\uzj5150\Box\Philippines Panel\01 Panel\14 NSU Market Survey\NSU Market Survey Launch\data\pictures/1773906344471.jpg,4250bf6bed592f26,20260920
391,sheet_098.jpg,2,ok,8064,1775867169562.jpg,C:\Users\uzj5150\Box\Philippines Panel\01 Panel\14 NSU Market Survey\NSU Market Survey Launch\data\pictures/1775867169562.jpg,b09dc6675fd3b3df,20260920
392,sheet_098.jpg,3,ok,5431,1774580625849.jpg,C:\Users\uzj5150\Box\Philippines Panel\01 Panel\14 NSU Market Survey\NSU Market Survey Launch\data\pictures/1774580625849.jpg,e5cdf3f9d9a6d212,20260920
393,sheet_099.jpg,0,ok,6242,1773793463483.jpg,C:\Users\uzj5150\Box\Philippines Panel\01 Panel\14 NSU Market Survey\NSU Market Survey Launch\data\pictures/1773793463483.jpg,beee3d8160183fef,20260920
394,sheet_099.jpg,1,ok,1766,1776650704998.jpg,C:\Users\uzj5150\Box\Philippines Panel\01 Panel\14 NSU Market Survey\NSU Market Survey Launch\data\pictures/1776650704998.jpg,c07ee9bfe3106a2f,20260920
395,sheet_099.jpg,2,ok,6485,1774051254504.jpg,C:\Users\uzj5150\Box\Philippines Panel\01 Panel\14 NSU Market Survey\NSU Market Survey Launch\data\pictures/1774051254504.jpg,055685bd639f56d7,20260920
396,sheet_099.jpg,3,ok,6957,1778111061879.jpg,C:\Users\uzj5150\Box\Philippines Panel\01 Panel\14 NSU Market Survey\NSU Market Survey Launch\data\pictures/1778111061879.jpg,accdfafb1ceefaf9,20260920
397,sheet_100.jpg,0,ok,6583,1773801455186.jpg,C:\Users\uzj5150\Box\Philippines Panel\01 Panel\14 NSU Market Survey\NSU Market Survey Launch\data\pictures/1773801455186.jpg,424b4d3f9fedac9e,20260920
398,sheet_100.jpg,1,ok,6178,1773799978535.jpg,C:\Users\uzj5150\Box\Philippines Panel\01 Panel\14 NSU Market Survey\NSU Market Survey Launch\data\pictures/1773799978535.jpg,43bbae70b7b5598c,20260920
399,sheet_100.jpg,2,ok,9707,1773882796568.jpg,C:\Users\uzj5150\Box\Philippines Panel\01 Panel\14 NSU Market Survey\NSU Market Survey Launch\data\pictures/1773882796568.jpg,152899e0e1bb099b,20260920
400,sheet_100.jpg,3,ok,9833,1773881573535.jpg,C:\Users\uzj5150\Box\Philippines Panel\01 Panel\14 NSU Market Survey\NSU Market Survey Launch\data\pictures/1773881573535.jpg,2709e67cc5e0e884,20260920
401,sheet_101.jpg,0,ok,6103,1773798527361.jpg,C:\Users\uzj5150\Box\Philippines Panel\01 Panel\14 NSU Market Survey\NSU Market Survey Launch\data\pictures/1773798527361.jpg,b5c83f6293e3ecd4,20260920
402,sheet_101.jpg,1,ok,8454,1775704703978.jpg,C:\Users\uzj5150\Box\Philippines Panel\01 Panel\14 NSU Market Survey\NSU Market Survey Launch\data\pictures/1775704703978.jpg,903dac21edc22e38,20260920
403,sheet_101.jpg,2,ok,9039,1775520978568.jpg,C:\Users\uzj5150\Box\Philippines Panel\01 Panel\14 NSU Market Survey\NSU Market Survey Launch\data\pictures/1775520978568.jpg,8cbd9ca7620c2a85,20260920
404,sheet_101.jpg,3,ok,8056,1775866366205.jpg,C:\Users\uzj5150\Box\Philippines Panel\01 Panel\14 NSU Market Survey\NSU Market Survey Launch\data\pictures/1775866366205.jpg,ae306bddb20d1f71,20260920
405,sheet_102.jpg,0,ok,6472,1774326274980.jpg,C:\Users\uzj5150\Box\Philippines Panel\01 Panel\14 NSU Market Survey\NSU Market Survey Launch\data\pictures/1774326274980.jpg,999e294d858a0865,20260920
406,sheet_102.jpg,1,ok,8059,1775875968124.jpg,C:\Users\uzj5150\Box\Philippines Panel\01 Panel\14 NSU Market Survey\NSU Market Survey Launch\data\pictures/1775875968124.jpg,c48cfb34d2419f8a,20260920
407,sheet_102.jpg,2,ok,5774,1774405854786.jpg,C:\Users\uzj5150\Box\Philippines Panel\01 Panel\14 NSU Market Survey\NSU Market Survey Launch\data\pictures/1774405854786.jpg,c2e363df9ce688ea,20260920
408,sheet_102.jpg,3,ok,6163,1773706675174.jpg,C:\Users\uzj5150\Box\Philippines Panel\01 Panel\14 NSU Market Survey\NSU Market Survey Launch\data\pictures/1773706675174.jpg,2230ef3e38f08353,20260920
409,sheet_103.jpg,0,ok,6956,1778111565659.jpg,C:\Users\uzj5150\Box\Philippines Panel\01 Panel\14 NSU Market Survey\NSU Market Survey Launch\data\pictures/1778111565659.jpg,0a06761751969f60,20260920
410,sheet_103.jpg,1,ok,7823,1773890339912.jpg,C:\Users\uzj5150\Box\Philippines Panel\01 Panel\14 NSU Market Survey\NSU Market Survey Launch\data\pictures/1773890339912.jpg,d9f5223c61754368,20260920
411,sheet_103.jpg,2,ok,1727,1776649758366.jpg,C:\Users\uzj5150\Box\Philippines Panel\01 Panel\14 NSU Market Survey\NSU Market Survey Launch\data\pictures/1776649758366.jpg,617e4910943dd81f,20260920
412,sheet_103.jpg,3,ok,4599,1776298532411.jpg,C:\Users\uzj5150\Box\Philippines Panel\01 Panel\14 NSU Market Survey\NSU Market Survey Launch\data\pictures/1776298532411.jpg,f2d673654c2e7fa1,20260920
413,sheet_104.jpg,0,ok,395,1777265414022.jpg,C:\Users\uzj5150\Box\Philippines Panel\01 Panel\14 NSU Market Survey\NSU Market Survey Launch\data\pictures/1777265414022.jpg,198325cd1cedb1c3,20260920
414,sheet_104.jpg,1,ok,5417,1774580368257.jpg,C:\Users\uzj5150\Box\Philippines Panel\01 Panel\14 NSU Market Survey\NSU Market Survey Launch\data\pictures/1774580368257.jpg,3a58607a90c9bda0,20260920
415,sheet_104.jpg,2,ok,6229,1773801430653.jpg,C:\Users\uzj5150\Box\Philippines Panel\01 Panel\14 NSU Market Survey\NSU Market Survey Launch\data\pictures/1773801430653.jpg,fce2db69a753aead,20260920
416,sheet_104.jpg,3,ok,8062,1776039785410.jpg,C:\Users\uzj5150\Box\Philippines Panel\01 Panel\14 NSU Market Survey\NSU Market Survey Launch\data\pictures/1776039785410.jpg,0b4cd0651057cbb1,20260920
417,sheet_105.jpg,0,ok,2531,1776664550485.jpg,C:\Users\uzj5150\Box\Philippines Panel\01 Panel\14 NSU Market Survey\NSU Market Survey Launch\data\pictures/1776664550485.jpg,ad9a9c680b612ef6,20260920
418,sheet_105.jpg,1,ok,1700,1776648968812.jpg,C:\Users\uzj5150\Box\Philippines Panel\01 Panel\14 NSU Market Survey\NSU Market Survey Launch\data\pictures/1776648968812.jpg,0ea674648b00ff5d,20260920
419,sheet_105.jpg,2,ok,4232,1775870946406.jpg,C:\Users\uzj5150\Box\Philippines Panel\01 Panel\14 NSU Market Survey\NSU Market Survey Launch\data\pictures/1775870946406.jpg,106d6ad67e666abf,20260920
420,sheet_105.jpg,3,ok,121,1778116807242.jpg,C:\Users\uzj5150\Box\Philippines Panel\01 Panel\14 NSU Market Survey\NSU Market Survey Launch\data\pictures/1778116807242.jpg,ddbbf63fe41ebe48,20260920
421,sheet_106.jpg,0,ok,6097,1773799244319.jpg,C:\Users\uzj5150\Box\Philippines Panel\01 Panel\14 NSU Market Survey\NSU Market Survey Launch\data\pictures/1773799244319.jpg,d4c7bc67d6500017,20260920
422,sheet_106.jpg,1,ok,4883,1776046490364.jpg,C:\Users\uzj5150\Box\Philippines Panel\01 Panel\14 NSU Market Survey\NSU Market Survey Launch\data\pictures/1776046490364.jpg,3a4e6141f4d6ef18,20260920
423,sheet_106.jpg,2,ok,6151,1773799808080.jpg,C:\Users\uzj5150\Box\Philippines Panel\01 Panel\14 NSU Market Survey\NSU Market Survey Launch\data\pictures/1773799808080.jpg,6ac711b35c959ce1,20260920
424,sheet_106.jpg,3,ok,9844,1773973089260.jpg,C:\Users\uzj5150\Box\Philippines Panel\01 Panel\14 NSU Market Survey\NSU Market Survey Launch\data\pictures/1773973089260.jpg,30f5b5bc022b395d,20260920
425,sheet_107.jpg,0,ok,7846,1773973151702.jpg,C:\Users\uzj5150\Box\Philippines Panel\01 Panel\14 NSU Market Survey\NSU Market Survey Launch\data\pictures/1773973151702.jpg,981f8a2fc47bc0c9,20260920
426,sheet_107.jpg,1,ok,2524,1776735502288.jpg,C:\Users\uzj5150\Box\Philippines Panel\01 Panel\14 NSU Market Survey\NSU Market Survey Launch\data\pictures/1776735502288.jpg,95aa5d803f0c3a3a,20260920
427,sheet_107.jpg,2,ok,4183,1776048791260.jpg,C:\Users\uzj5150\Box\Philippines Panel\01 Panel\14 NSU Market Survey\NSU Market Survey Launch\data\pictures/1776048791260.jpg,1a9ee1eae0b549b6,20260920
428,sheet_107.jpg,3,ok,11453,1776991645033.jpg,C:\Users\uzj5150\Box\Philippines Panel\01 Panel\14 NSU Market Survey\NSU Market Survey Launch\data\pictures/1776991645033.jpg,be71493846323040,20260920
429,sheet_108.jpg,0,ok,116,1778117943738.jpg,C:\Users\uzj5150\Box\Philippines Panel\01 Panel\14 NSU Market Survey\NSU Market Survey Launch\data\pictures/1778117943738.jpg,15271a79c4ecc9cc,20260920
430,sheet_108.jpg,1,ok,139,1778205119842.jpg,C:\Users\uzj5150\Box\Philippines Panel\01 Panel\14 NSU Market Survey\NSU Market Survey Launch\data\pictures/1778205119842.jpg,f32d23922225a028,20260920
431,sheet_108.jpg,2,ok,1771,1776736314461.jpg,C:\Users\uzj5150\Box\Philippines Panel\01 Panel\14 NSU Market Survey\NSU Market Survey Launch\data\pictures/1776736314461.jpg,810b4383b806536b,20260920
432,sheet_108.jpg,3,ok,6946,1778110941059.jpg,C:\Users\uzj5150\Box\Philippines Panel\01 Panel\14 NSU Market Survey\NSU Market Survey Launch\data\pictures/1778110941059.jpg,70734c621d83450b,20260920
433,sheet_109.jpg,0,ok,6482,1774052202620.jpg,C:\Users\uzj5150\Box\Philippines Panel\01 Panel\14 NSU Market Survey\NSU Market Survey Launch\data\pictures/1774052202620.jpg,ac49eba7ec6534fc,20260920
434,sheet_109.jpg,1,ok,5153,1775869714581.jpg,C:\Users\uzj5150\Box\Philippines Panel\01 Panel\14 NSU Market Survey\NSU Market Survey Launch\data\pictures/1775869714581.jpg,4f0c3d567b9b6a3f,20260920
435,sheet_109.jpg,2,ok,5071,1773800235423.jpg,C:\Users\uzj5150\Box\Philippines Panel\01 Panel\14 NSU Market Survey\NSU Market Survey Launch\data\pictures/1773800235423.jpg,6e2035c887e5e2a1,20260920
436,sheet_109.jpg,3,ok,615,1777597621080.jpg,C:\Users\uzj5150\Box\Philippines Panel\01 Panel\14 NSU Market Survey\NSU Market Survey Launch\data\pictures/1777597621080.jpg,3580d430d5258816,20260920
437,sheet_110.jpg,0,ok,856,1777448734418.jpg,C:\Users\uzj5150\Box\Philippines Panel\01 Panel\14 NSU Market Survey\NSU Market Survey Launch\data\pictures/1777448734418.jpg,cbd689328e409813,20260920
438,sheet_110.jpg,1,ok,9325,1774053469296.jpg,C:\Users\uzj5150\Box\Philippines Panel\01 Panel\14 NSU Market Survey\NSU Market Survey Launch\data\pictures/1774053469296.jpg,fc1368e4dc26fa07,20260920
439,sheet_110.jpg,2,ok,4121,1775875067397.jpg,C:\Users\uzj5150\Box\Philippines Panel\01 Panel\14 NSU Market Survey\NSU Market Survey Launch\data\pictures/1775875067397.jpg,7bf433642addae3c,20260920
440,sheet_110.jpg,3,ok,7828,1773971917352.jpg,C:\Users\uzj5150\Box\Philippines Panel\01 Panel\14 NSU Market Survey\NSU Market Survey Launch\data\pictures/1773971917352.jpg,f639a1cc1918f69c,20260920
441,sheet_111.jpg,0,ok,9029,1775527574206.jpg,C:\Users\uzj5150\Box\Philippines Panel\01 Panel\14 NSU Market Survey\NSU Market Survey Launch\data\pictures/1775527574206.jpg,13aac262c2229472,20260920
442,sheet_111.jpg,1,ok,6169,1773800348557.jpg,C:\Users\uzj5150\Box\Philippines Panel\01 Panel\14 NSU Market Survey\NSU Market Survey Launch\data\pictures/1773800348557.jpg,8251187378b89824,20260920
443,sheet_111.jpg,2,ok,669,1777687181752.jpg,C:\Users\uzj5150\Box\Philippines Panel\01 Panel\14 NSU Market Survey\NSU Market Survey Launch\data\pictures/1777687181752.jpg,64ec14adba43c17b,20260920
444,sheet_111.jpg,3,ok,2926,1776652417185.jpg,C:\Users\uzj5150\Box\Philippines Panel\01 Panel\14 NSU Market Survey\NSU Market Survey Launch\data\pictures/1776652417185.jpg,f215bbce52e35347,20260920
445,sheet_112.jpg,0,ok,8421,1775695855586.jpg,C:\Users\uzj5150\Box\Philippines Panel\01 Panel\14 NSU Market Survey\NSU Market Survey Launch\data\pictures/1775695855586.jpg,9e40fa667a96f1ff,20260920
446,sheet_112.jpg,1,ok,4418,1776213749475.jpg,C:\Users\uzj5150\Box\Philippines Panel\01 Panel\14 NSU Market Survey\NSU Market Survey Launch\data\pictures/1776213749475.jpg,00f7823c9f4e2149,20260920
447,sheet_112.jpg,2,ok,3072,1776301050273.jpg,C:\Users\uzj5150\Box\Philippines Panel\01 Panel\14 NSU Market Survey\NSU Market Survey Launch\data\pictures/1776301050273.jpg,cb23d260f2c61077,20260920
448,sheet_112.jpg,3,unreadable,917,1778034809067.jpg,C:\Users\uzj5150\Box\Philippines Panel\01 Panel\14 NSU Market Survey\NSU Market Survey Launch\data\pictures/1778034809067.jpg,,20260920
449,sheet_113.jpg,0,ok,7,1778294938685.jpg,C:\Users\uzj5150\Box\Philippines Panel\01 Panel\14 NSU Market Survey\NSU Market Survey Launch\data\pictures/1778294938685.jpg,5db9cc655c881f73,20260920
450,sheet_113.jpg,1,ok,5473,1774577391374.jpg,C:\Users\uzj5150\Box\Philippines Panel\01 Panel\14 NSU Market Survey\NSU Market Survey Launch\data\pictures/1774577391374.jpg,86f810fd6e5306ea,20260920
451,sheet_113.jpg,2,ok,9504,1773725556768.jpg,C:\Users\uzj5150\Box\Philippines Panel\01 Panel\14 NSU Market Survey\NSU Market Survey Launch\data\pictures/1773725556768.jpg,86d22af59fa01832,20260920
452,sheet_113.jpg,3,ok,5414,1774654733759.jpg,C:\Users\uzj5150\Box\Philippines Panel\01 Panel\14 NSU Market Survey\NSU Market Survey Launch\data\pictures/1774654733759.jpg,f2d0538ec779b869,20260920
453,sheet_114.jpg,0,ok,8067,1775866535129.jpg,C:\Users\uzj5150\Box\Philippines Panel\01 Panel\14 NSU Market Survey\NSU Market Survey Launch\data\pictures/1775866535129.jpg,529d07b6706c1bd7,20260920
454,sheet_114.jpg,1,ok,761,1777600638958.jpg,C:\Users\uzj5150\Box\Philippines Panel\01 Panel\14 NSU Market Survey\NSU Market Survey Launch\data\pictures/1777600638958.jpg,a239061eb0fcdf53,20260920
455,sheet_114.jpg,2,ok,1633,1779068538623.jpg,C:\Users\uzj5150\Box\Philippines Panel\01 Panel\14 NSU Market Survey\NSU Market Survey Launch\data\pictures/1779068538623.jpg,2d8d245ea3b542ce,20260920
456,sheet_114.jpg,3,ok,150,1778119593570.jpg,C:\Users\uzj5150\Box\Philippines Panel\01 Panel\14 NSU Market Survey\NSU Market Survey Launch\data\pictures/1778119593570.jpg,e93238a189c8a0f5,20260920
457,sheet_115.jpg,0,ok,3002,1779170377417.jpg,C:\Users\uzj5150\Box\Philippines Panel\01 Panel\14 NSU Market Survey\NSU Market Survey Launch\data\pictures/1779170377417.jpg,c91396738736ed2f,20260920
458,sheet_115.jpg,1,ok,7840,1773970455808.jpg,C:\Users\uzj5150\Box\Philippines Panel\01 Panel\14 NSU Market Survey\NSU Market Survey Launch\data\pictures/1773970455808.jpg,7e87f0afb130ba2c,20260920
459,sheet_115.jpg,2,ok,808,1778033687074.jpg,C:\Users\uzj5150\Box\Philippines Panel\01 Panel\14 NSU Market Survey\NSU Market Survey Launch\data\pictures/1778033687074.jpg,02d3fa77e580f541,20260920
460,sheet_115.jpg,3,ok,9814,1773907838778.jpg,C:\Users\uzj5150\Box\Philippines Panel\01 Panel\14 NSU Market Survey\NSU Market Survey Launch\data\pictures/1773907838778.jpg,f487c59a94d43acc,20260920
461,sheet_116.jpg,0,ok,5405,1774575038502.jpg,C:\Users\uzj5150\Box\Philippines Panel\01 Panel\14 NSU Market Survey\NSU Market Survey Launch\data\pictures/1774575038502.jpg,3fd1c9ef2953452c,20260920
462,sheet_116.jpg,1,ok,7664,1774423972985.jpg,C:\Users\uzj5150\Box\Philippines Panel\01 Panel\14 NSU Market Survey\NSU Market Survey Launch\data\pictures/1774423972985.jpg,3407bdb3dbbeb946,20260920
463,sheet_116.jpg,2,ok,9690,1773995457561.jpg,C:\Users\uzj5150\Box\Philippines Panel\01 Panel\14 NSU Market Survey\NSU Market Survey Launch\data\pictures/1773995457561.jpg,f40ce02c64e4b815,20260920
464,sheet_116.jpg,3,ok,2066,1776820508356.jpg,C:\Users\uzj5150\Box\Philippines Panel\01 Panel\14 NSU Market Survey\NSU Market Survey Launch\data\pictures/1776820508356.jpg,6576ba2ca5897fb9,20260920
465,sheet_117.jpg,0,ok,3172,1776825890563.jpg,C:\Users\uzj5150\Box\Philippines Panel\01 Panel\14 NSU Market Survey\NSU Market Survey Launch\data\pictures/1776825890563.jpg,3c50c5fdb797d35a,20260920
466,sheet_117.jpg,1,ok,11448,1776992352312.jpg,C:\Users\uzj5150\Box\Philippines Panel\01 Panel\14 NSU Market Survey\NSU Market Survey Launch\data\pictures/1776992352312.jpg,c0131adc1a5c6105,20260920
467,sheet_117.jpg,2,ok,11201,1776823950912.jpg,C:\Users\uzj5150\Box\Philippines Panel\01 Panel\14 NSU Market Survey\NSU Market Survey Launch\data\pictures/1776823950912.jpg,edfc890d9f936639,20260920
468,sheet_117.jpg,3,ok,9757,1773889005507.jpg,C:\Users\uzj5150\Box\Philippines Panel\01 Panel\14 NSU Market Survey\NSU Market Survey Launch\data\pictures/1773889005507.jpg,2b2daa85d0514a0f,20260920
469,sheet_118.jpg,0,ok,9848,1773891309041.jpg,C:\Users\uzj5150\Box\Philippines Panel\01 Panel\14 NSU Market Survey\NSU Market Survey Launch\data\pictures/1773891309041.jpg,9e28acc9884a8b45,20260920
470,sheet_118.jpg,1,ok,5471,1774573233557.jpg,C:\Users\uzj5150\Box\Philippines Panel\01 Panel\14 NSU Market Survey\NSU Market Survey Launch\data\pictures/1774573233557.jpg,98f037e9a895be63,20260920
471,sheet_118.jpg,2,ok,9317,1774318824260.jpg,C:\Users\uzj5150\Box\Philippines Panel\01 Panel\14 NSU Market Survey\NSU Market Survey Launch\data\pictures/1774318824260.jpg,66825f512d4d9b1b,20260920
472,sheet_118.jpg,3,ok,7614,1774418934488.jpg,C:\Users\uzj5150\Box\Philippines Panel\01 Panel\14 NSU Market Survey\NSU Market Survey Launch\data\pictures/1774418934488.jpg,c58d1f497342322b,20260920
473,sheet_119.jpg,0,ok,9231,1774060513167.jpg,C:\Users\uzj5150\Box\Philippines Panel\01 Panel\14 NSU Market Survey\NSU Market Survey Launch\data\pictures/1774060513167.jpg,c5549f31a838ea4d,20260920
474,sheet_119.jpg,1,ok,8754,1775705260427.jpg,C:\Users\uzj5150\Box\Philippines Panel\01 Panel\14 NSU Market Survey\NSU Market Survey Launch\data\pictures/1775705260427.jpg,8d03cec81146c23f,20260920
475,sheet_119.jpg,2,ok,2486,1776996729892.jpg,C:\Users\uzj5150\Box\Philippines Panel\01 Panel\14 NSU Market Survey\NSU Market Survey Launch\data\pictures/1776996729892.jpg,bffaee9a25898165,20260920
476,sheet_119.jpg,3,ok,945,1777343502081.jpg,C:\Users\uzj5150\Box\Philippines Panel\01 Panel\14 NSU Market Survey\NSU Market Survey Launch\data\pictures/1777343502081.jpg,538c2e1d5ba4df4b,20260920
477,sheet_120.jpg,0,ok,597,1777694109016.jpg,C:\Users\uzj5150\Box\Philippines Panel\01 Panel\14 NSU Market Survey\NSU Market Survey Launch\data\pictures/1777694109016.jpg,8ea27376c00fc1c1,20260920
478,sheet_120.jpg,1,ok,11196,1776824662897.jpg,C:\Users\uzj5150\Box\Philippines Panel\01 Panel\14 NSU Market Survey\NSU Market Survey Launch\data\pictures/1776824662897.jpg,8bec2d24028e75e6,20260920
479,sheet_120.jpg,2,ok,888,1777432308310.jpg,C:\Users\uzj5150\Box\Philippines Panel\01 Panel\14 NSU Market Survey\NSU Market Survey Launch\data\pictures/1777432308310.jpg,d3059da7641b3c8e,20260920
480,sheet_120.jpg,3,ok,2491,1776996514803.jpg,C:\Users\uzj5150\Box\Philippines Panel\01 Panel\14 NSU Market Survey\NSU Market Survey Launch\data\pictures/1776996514803.jpg,de27f69ef84cca2d,20260920
481,sheet_121.jpg,0,ok,809,1777425140580.jpg,C:\Users\uzj5150\Box\Philippines Panel\01 Panel\14 NSU Market Survey\NSU Market Survey Launch\data\pictures/1777425140580.jpg,0dd344a7e5a870e9,20260920
482,sheet_121.jpg,1,ok,677,1777864743716.jpg,C:\Users\uzj5150\Box\Philippines Panel\01 Panel\14 NSU Market Survey\NSU Market Survey Launch\data\pictures/1777864743716.jpg,2bf56bd195985132,20260920
483,sheet_121.jpg,2,ok,1704,1776649533461.jpg,C:\Users\uzj5150\Box\Philippines Panel\01 Panel\14 NSU Market Survey\NSU Market Survey Launch\data\pictures/1776649533461.jpg,95cc6c9e52601407,20260920
484,sheet_121.jpg,3,ok,9087,1775531545357.jpg,C:\Users\uzj5150\Box\Philippines Panel\01 Panel\14 NSU Market Survey\NSU Market Survey Launch\data\pictures/1775531545357.jpg,401c0696b02882c8,20260920
485,sheet_122.jpg,0,ok,9304,1774053347430.jpg,C:\Users\uzj5150\Box\Philippines Panel\01 Panel\14 NSU Market Survey\NSU Market Survey Launch\data\pictures/1774053347430.jpg,0743be457ca54997,20260920
486,sheet_122.jpg,1,ok,8561,1778628480601.jpg,C:\Users\uzj5150\Box\Philippines Panel\01 Panel\14 NSU Market Survey\NSU Market Survey Launch\data\pictures/1778628480601.jpg,6388edffc35a5fbe,20260920
487,sheet_122.jpg,2,ok,5239,1776039909802.jpg,C:\Users\uzj5150\Box\Philippines Panel\01 Panel\14 NSU Market Survey\NSU Market Survey Launch\data\pictures/1776039909802.jpg,2112ce279911ffdc,20260920
488,sheet_122.jpg,3,ok,2362,1776385744817.jpg,C:\Users\uzj5150\Box\Philippines Panel\01 Panel\14 NSU Market Survey\NSU Market Survey Launch\data\pictures/1776385744817.jpg,1757e44e9caf17ba,20260920
489,sheet_123.jpg,0,ok,6146,1773710159932.jpg,C:\Users\uzj5150\Box\Philippines Panel\01 Panel\14 NSU Market Survey\NSU Market Survey Launch\data\pictures/1773710159932.jpg,29e47900643d01a2,20260920
490,sheet_123.jpg,1,ok,9441,1773724926675.jpg,C:\Users\uzj5150\Box\Philippines Panel\01 Panel\14 NSU Market Survey\NSU Market Survey Launch\data\pictures/1773724926675.jpg,69cdd22db02c3f2e,20260920
491,sheet_123.jpg,2,ok,4078,1776389236305.jpg,C:\Users\uzj5150\Box\Philippines Panel\01 Panel\14 NSU Market Survey\NSU Market Survey Launch\data\pictures/1776389236305.jpg,03b2b7586f2295ea,20260920
492,sheet_123.jpg,3,ok,2637,1776215490364.jpg,C:\Users\uzj5150\Box\Philippines Panel\01 Panel\14 NSU Market Survey\NSU Market Survey Launch\data\pictures/1776215490364.jpg,f1a5e7db3abdf0f4,20260920
493,sheet_124.jpg,0,ok,9483,1773723995404.jpg,C:\Users\uzj5150\Box\Philippines Panel\01 Panel\14 NSU Market Survey\NSU Market Survey Launch\data\pictures/1773723995404.jpg,094e2f105305a303,20260920
494,sheet_124.jpg,1,ok,8980,1773889460996.jpg,C:\Users\uzj5150\Box\Philippines Panel\01 Panel\14 NSU Market Survey\NSU Market Survey Launch\data\pictures/1773889460996.jpg,21e955c8bb297f81,20260920
495,sheet_124.jpg,2,ok,948,1777254122696.jpg,C:\Users\uzj5150\Box\Philippines Panel\01 Panel\14 NSU Market Survey\NSU Market Survey Launch\data\pictures/1777254122696.jpg,68d314b21f4c1c4c,20260920
496,sheet_124.jpg,3,ok,6427,1774050731084.jpg,C:\Users\uzj5150\Box\Philippines Panel\01 Panel\14 NSU Market Survey\NSU Market Survey Launch\data\pictures/1774050731084.jpg,4040651df7fa796b,20260920
497,sheet_125.jpg,0,ok,7609,1774485429083.jpg,C:\Users\uzj5150\Box\Philippines Panel\01 Panel\14 NSU Market Survey\NSU Market Survey Launch\data\pictures/1774485429083.jpg,99be7e5fa57132c9,20260920
498,sheet_125.jpg,1,ok,10696,1777599400795.jpg,C:\Users\uzj5150\Box\Philippines Panel\01 Panel\14 NSU Market Survey\NSU Market Survey Launch\data\pictures/1777599400795.jpg,c41e971a5d67c043,20260920
499,sheet_125.jpg,2,ok,5107,1773717891498.jpg,C:\Users\uzj5150\Box\Philippines Panel\01 Panel\14 NSU Market Survey\NSU Market Survey Launch\data\pictures/1773717891498.jpg,12659364824bf833,20260920
500,sheet_125.jpg,3,ok,9752,1773887822898.jpg,C:\Users\uzj5150\Box\Philippines Panel\01 Panel\14 NSU Market Survey\NSU Market Survey Launch\data\pictures/1773887822898.jpg,2a8c47fb38b87125,20260920
501,sheet_126.jpg,0,ok,7870,1773969738931.jpg,C:\Users\uzj5150\Box\Philippines Panel\01 Panel\14 NSU Market Survey\NSU Market Survey Launch\data\pictures/1773969738931.jpg,fda7192e33daeba8,20260920
502,sheet_126.jpg,1,ok,2526,1776664038742.jpg,C:\Users\uzj5150\Box\Philippines Panel\01 Panel\14 NSU Market Survey\NSU Market Survey Launch\data\pictures/1776664038742.jpg,dfb293c8aacbb504,20260920
503,sheet_126.jpg,2,ok,11123,1776823379551.jpg,C:\Users\uzj5150\Box\Philippines Panel\01 Panel\14 NSU Market Survey\NSU Market Survey Launch\data\pictures/1776823379551.jpg,e050f3722f367016,20260920
504,sheet_126.jpg,3,ok,11157,1776826087119.jpg,C:\Users\uzj5150\Box\Philippines Panel\01 Panel\14 NSU Market Survey\NSU Market Survey Launch\data\pictures/1776826087119.jpg,1ba2539b5fc236ee,20260920
505,sheet_127.jpg,0,ok,8358,1775702721886.jpg,C:\Users\uzj5150\Box\Philippines Panel\01 Panel\14 NSU Market Survey\NSU Market Survey Launch\data\pictures/1775702721886.jpg,9fc4b4cc1bf4f8a8,20260920
506,sheet_127.jpg,1,ok,4970,1775527540797.jpg,C:\Users\uzj5150\Box\Philippines Panel\01 Panel\14 NSU Market Survey\NSU Market Survey Launch\data\pictures/1775527540797.jpg,6003e1981039b4b7,20260920
507,sheet_127.jpg,2,ok,151,1778126894676.jpg,C:\Users\uzj5150\Box\Philippines Panel\01 Panel\14 NSU Market Survey\NSU Market Survey Launch\data\pictures/1778126894676.jpg,a14a3ed9f376b599,20260920
508,sheet_127.jpg,3,ok,9591,1773881389755.jpg,C:\Users\uzj5150\Box\Philippines Panel\01 Panel\14 NSU Market Survey\NSU Market Survey Launch\data\pictures/1773881389755.jpg,8ca95b635d0401cd,20260920
509,sheet_128.jpg,0,ok,1747,1779239348245.jpg,C:\Users\uzj5150\Box\Philippines Panel\01 Panel\14 NSU Market Survey\NSU Market Survey Launch\data\pictures/1779239348245.jpg,f83c9467027c98b7,20260920
510,sheet_128.jpg,1,ok,9442,1773722899197.jpg,C:\Users\uzj5150\Box\Philippines Panel\01 Panel\14 NSU Market Survey\NSU Market Survey Launch\data\pictures/1773722899197.jpg,8b7de086e73d4a88,20260920
511,sheet_128.jpg,2,ok,9485,1773798048162.jpg,C:\Users\uzj5150\Box\Philippines Panel\01 Panel\14 NSU Market Survey\NSU Market Survey Launch\data\pictures/1773798048162.jpg,fb34829c7c9a09c5,20260920
512,sheet_128.jpg,3,ok,6985,1778032315851.jpg,C:\Users\uzj5150\Box\Philippines Panel\01 Panel\14 NSU Market Survey\NSU Market Survey Launch\data\pictures/1778032315851.jpg,9a8c20679c74a7ea,20260920
513,sheet_129.jpg,0,ok,6481,1774051585234.jpg,C:\Users\uzj5150\Box\Philippines Panel\01 Panel\14 NSU Market Survey\NSU Market Survey Launch\data\pictures/1774051585234.jpg,8dde8748199703ea,20260920
514,sheet_129.jpg,1,ok,1706,1776646249365.jpg,C:\Users\uzj5150\Box\Philippines Panel\01 Panel\14 NSU Market Survey\NSU Market Survey Launch\data\pictures/1776646249365.jpg,e9a01b8dc1d4ad91,20260920
515,sheet_129.jpg,2,ok,9521,1773968205141.jpg,C:\Users\uzj5150\Box\Philippines Panel\01 Panel\14 NSU Market Survey\NSU Market Survey Launch\data\pictures/1773968205141.jpg,c2539407678eeed6,20260920
516,sheet_129.jpg,3,ok,6209,1773809131999.jpg,C:\Users\uzj5150\Box\Philippines Panel\01 Panel\14 NSU Market Survey\NSU Market Survey Launch\data\pictures/1773809131999.jpg,46d874dba01ce75e,20260920
517,sheet_130.jpg,0,ok,11199,1776824327140.jpg,C:\Users\uzj5150\Box\Philippines Panel\01 Panel\14 NSU Market Survey\NSU Market Survey Launch\data\pictures/1776824327140.jpg,729de775debe8b10,20260920
518,sheet_130.jpg,1,ok,9739,1773911266311.jpg,C:\Users\uzj5150\Box\Philippines Panel\01 Panel\14 NSU Market Survey\NSU Market Survey Launch\data\pictures/1773911266311.jpg,da28ec371aff9ef3,20260920
519,sheet_130.jpg,2,ok,9704,1773968579947.jpg,C:\Users\uzj5150\Box\Philippines Panel\01 Panel\14 NSU Market Survey\NSU Market Survey Launch\data\pictures/1773968579947.jpg,d8c26c83848053f5,20260920
520,sheet_130.jpg,3,ok,9048,1775521663256.jpg,C:\Users\uzj5150\Box\Philippines Panel\01 Panel\14 NSU Market Survey\NSU Market Survey Launch\data\pictures/1775521663256.jpg,e1020c3f7cc4a06a,20260920
521,sheet_131.jpg,0,ok,6495,1774325673944.jpg,C:\Users\uzj5150\Box\Philippines Panel\01 Panel\14 NSU Market Survey\NSU Market Survey Launch\data\pictures/1774325673944.jpg,2c24cc385db35840,20260920
522,sheet_131.jpg,1,ok,9560,1773880917392.jpg,C:\Users\uzj5150\Box\Philippines Panel\01 Panel\14 NSU Market Survey\NSU Market Survey Launch\data\pictures/1773880917392.jpg,c0724a7df707f7e5,20260920
523,sheet_131.jpg,2,ok,11111,1776822440322.jpg,C:\Users\uzj5150\Box\Philippines Panel\01 Panel\14 NSU Market Survey\NSU Market Survey Launch\data\pictures/1776822440322.jpg,20948598504997ff,20260920
524,sheet_131.jpg,3,ok,8480,1775703750515.jpg,C:\Users\uzj5150\Box\Philippines Panel\01 Panel\14 NSU Market Survey\NSU Market Survey Launch\data\pictures/1775703750515.jpg,b71f724149dd7d59,20260920
525,sheet_132.jpg,0,ok,329,1777948789987.jpg,C:\Users\uzj5150\Box\Philippines Panel\01 Panel\14 NSU Market Survey\NSU Market Survey Launch\data\pictures/1777948789987.jpg,11996369d508a5e2,20260920
526,sheet_132.jpg,1,ok,9795,1773912414414.jpg,C:\Users\uzj5150\Box\Philippines Panel\01 Panel\14 NSU Market Survey\NSU Market Survey Launch\data\pictures/1773912414414.jpg,2b7e6f9fe6a9b6a2,20260920
527,sheet_132.jpg,2,ok,4944,1775534776224.jpg,C:\Users\uzj5150\Box\Philippines Panel\01 Panel\14 NSU Market Survey\NSU Market Survey Launch\data\pictures/1775534776224.jpg,cb97ad6e6a432baf,20260920
528,sheet_132.jpg,3,ok,9515,1773970024659.jpg,C:\Users\uzj5150\Box\Philippines Panel\01 Panel\14 NSU Market Survey\NSU Market Survey Launch\data\pictures/1773970024659.jpg,7bff3cabe98811a7,20260920
529,sheet_133.jpg,0,ok,10986,1776740842214.jpg,C:\Users\uzj5150\Box\Philippines Panel\01 Panel\14 NSU Market Survey\NSU Market Survey Launch\data\pictures/1776740842214.jpg,9af962ede34b87be,20260920
530,sheet_133.jpg,1,ok,1476,1777450727681.jpg,C:\Users\uzj5150\Box\Philippines Panel\01 Panel\14 NSU Market Survey\NSU Market Survey Launch\data\pictures/1777450727681.jpg,839e47bcb64adec4,20260920
531,sheet_133.jpg,2,ok,1433,1777425248304.jpg,C:\Users\uzj5150\Box\Philippines Panel\01 Panel\14 NSU Market Survey\NSU Market Survey Launch\data\pictures/1777425248304.jpg,9a4a388712361b8e,20260920
532,sheet_133.jpg,3,ok,6104,1773798610241.jpg,C:\Users\uzj5150\Box\Philippines Panel\01 Panel\14 NSU Market Survey\NSU Market Survey Launch\data\pictures/1773798610241.jpg,d4cc681691484147,20260920
533,sheet_134.jpg,0,ok,9388,1774067095967.jpg,C:\Users\uzj5150\Box\Philippines Panel\01 Panel\14 NSU Market Survey\NSU Market Survey Launch\data\pictures/1774067095967.jpg,aae362217dc16e4c,20260920
534,sheet_134.jpg,1,ok,3175,1776821596287.jpg,C:\Users\uzj5150\Box\Philippines Panel\01 Panel\14 NSU Market Survey\NSU Market Survey Launch\data\pictures/1776821596287.jpg,c2184eba8f24b86b,20260920
535,sheet_134.jpg,2,ok,7827,1773971898428.jpg,C:\Users\uzj5150\Box\Philippines Panel\01 Panel\14 NSU Market Survey\NSU Market Survey Launch\data\pictures/1773971898428.jpg,9f2b1e9ad6a52fe1,20260920
536,sheet_134.jpg,3,ok,9650,1773797483819.jpg,C:\Users\uzj5150\Box\Philippines Panel\01 Panel\14 NSU Market Survey\NSU Market Survey Launch\data\pictures/1773797483819.jpg,dfe6cc683f898d0e,20260920
537,sheet_135.jpg,0,ok,644,1777599817263.jpg,C:\Users\uzj5150\Box\Philippines Panel\01 Panel\14 NSU Market Survey\NSU Market Survey Launch\data\pictures/1777599817263.jpg,4b5ffe02fb3ba311,20260920
538,sheet_135.jpg,1,ok,113,1778116935725.jpg,C:\Users\uzj5150\Box\Philippines Panel\01 Panel\14 NSU Market Survey\NSU Market Survey Launch\data\pictures/1778116935725.jpg,666907537d369a01,20260920
539,sheet_135.jpg,2,ok,9511,1773723866617.jpg,C:\Users\uzj5150\Box\Philippines Panel\01 Panel\14 NSU Market Survey\NSU Market Survey Launch\data\pictures/1773723866617.jpg,7af4ef941359d2d4,20260920
540,sheet_135.jpg,3,ok,4639,1776300056061.jpg,C:\Users\uzj5150\Box\Philippines Panel\01 Panel\14 NSU Market Survey\NSU Market Survey Launch\data\pictures/1776300056061.jpg,a4a441563587f1f4,20260920
541,sheet_136.jpg,0,ok,9871,1773886941780.jpg,C:\Users\uzj5150\Box\Philippines Panel\01 Panel\14 NSU Market Survey\NSU Market Survey Launch\data\pictures/1773886941780.jpg,a5202fa3b87bbaad,20260920
542,sheet_136.jpg,1,ok,4641,1776301707096.jpg,C:\Users\uzj5150\Box\Philippines Panel\01 Panel\14 NSU Market Survey\NSU Market Survey Launch\data\pictures/1776301707096.jpg,5d6ce73ec878bd27,20260920
543,sheet_136.jpg,2,ok,11178,1776906345288.jpg,C:\Users\uzj5150\Box\Philippines Panel\01 Panel\14 NSU Market Survey\NSU Market Survey Launch\data\pictures/1776906345288.jpg,fc8b0bea693bc10d,20260920
544,sheet_136.jpg,3,ok,7854,1773969483700.jpg,C:\Users\uzj5150\Box\Philippines Panel\01 Panel\14 NSU Market Survey\NSU Market Survey Launch\data\pictures/1773969483700.jpg,37955314624973f3,20260920
545,sheet_137.jpg,0,ok,9052,1775531375680.jpg,C:\Users\uzj5150\Box\Philippines Panel\01 Panel\14 NSU Market Survey\NSU Market Survey Launch\data\pictures/1775531375680.jpg,e4f0eccff98cd147,20260920
546,sheet_137.jpg,1,ok,6193,1773812716719.jpg,C:\Users\uzj5150\Box\Philippines Panel\01 Panel\14 NSU Market Survey\NSU Market Survey Launch\data\pictures/1773812716719.jpg,ed3fd6b926528816,20260920
547,sheet_137.jpg,2,ok,9473,1773795102874.jpg,C:\Users\uzj5150\Box\Philippines Panel\01 Panel\14 NSU Market Survey\NSU Market Survey Launch\data\pictures/1773795102874.jpg,cde7bb73b075b301,20260920
548,sheet_137.jpg,3,ok,5289,1775869541175.jpg,C:\Users\uzj5150\Box\Philippines Panel\01 Panel\14 NSU Market Survey\NSU Market Survey Launch\data\pictures/1775869541175.jpg,b631542d302f14c7,20260920
549,sheet_138.jpg,0,ok,77,1778121024706.jpg,C:\Users\uzj5150\Box\Philippines Panel\01 Panel\14 NSU Market Survey\NSU Market Survey Launch\data\pictures/1778121024706.jpg,0a5c62caf18705b5,20260920
550,sheet_138.jpg,1,ok,9364,1774054183319.jpg,C:\Users\uzj5150\Box\Philippines Panel\01 Panel\14 NSU Market Survey\NSU Market Survey Launch\data\pictures/1774054183319.jpg,4c7c66bb608cec92,20260920
551,sheet_138.jpg,2,ok,8423,1775695894830.jpg,C:\Users\uzj5150\Box\Philippines Panel\01 Panel\14 NSU Market Survey\NSU Market Survey Launch\data\pictures/1775695894830.jpg,41949eda1be9c66a,20260920
552,sheet_138.jpg,3,ok,5115,1773714978189.jpg,C:\Users\uzj5150\Box\Philippines Panel\01 Panel\14 NSU Market Survey\NSU Market Survey Launch\data\pictures/1773714978189.jpg,8a4a2d20736f7fc5,20260920
553,sheet_139.jpg,0,ok,802,1777421828612.jpg,C:\Users\uzj5150\Box\Philippines Panel\01 Panel\14 NSU Market Survey\NSU Market Survey Launch\data\pictures/1777421828612.jpg,9bdcfa6efd420dfe,20260920
554,sheet_139.jpg,1,ok,11148,1776822030354.jpg,C:\Users\uzj5150\Box\Philippines Panel\01 Panel\14 NSU Market Survey\NSU Market Survey Launch\data\pictures/1776822030354.jpg,04f2da42ba777d03,20260920
555,sheet_139.jpg,2,ok,11055,1778298849126.jpg,C:\Users\uzj5150\Box\Philippines Panel\01 Panel\14 NSU Market Survey\NSU Market Survey Launch\data\pictures/1778298849126.jpg,f3fb79c57a496a43,20260920
556,sheet_139.jpg,3,ok,9644,1773994657093.jpg,C:\Users\uzj5150\Box\Philippines Panel\01 Panel\14 NSU Market Survey\NSU Market Survey Launch\data\pictures/1773994657093.jpg,ea272dbfacba3d13,20260920
557,sheet_140.jpg,0,ok,8935,1773889781299.jpg,C:\Users\uzj5150\Box\Philippines Panel\01 Panel\14 NSU Market Survey\NSU Market Survey Launch\data\pictures/1773889781299.jpg,e623003a6d5eefa9,20260920
558,sheet_140.jpg,1,ok,9723,1773906537932.jpg,C:\Users\uzj5150\Box\Philippines Panel\01 Panel\14 NSU Market Survey\NSU Market Survey Launch\data\pictures/1773906537932.jpg,867706a28c058ad2,20260920
559,sheet_140.jpg,2,ok,2536,1776664296089.jpg,C:\Users\uzj5150\Box\Philippines Panel\01 Panel\14 NSU Market Survey\NSU Market Survey Launch\data\pictures/1776664296089.jpg,2e242809f45d87cf,20260920
560,sheet_140.jpg,3,ok,4926,1775526732639.jpg,C:\Users\uzj5150\Box\Philippines Panel\01 Panel\14 NSU Market Survey\NSU Market Survey Launch\data\pictures/1775526732639.jpg,4c8016cc2db1ca4e,20260920
561,sheet_141.jpg,0,ok,4407,1776212798504.jpg,C:\Users\uzj5150\Box\Philippines Panel\01 Panel\14 NSU Market Survey\NSU Market Survey Launch\data\pictures/1776212798504.jpg,da874c107b731b75,20260920
562,sheet_141.jpg,1,ok,920,1777423796484.jpg,C:\Users\uzj5150\Box\Philippines Panel\01 Panel\14 NSU Market Survey\NSU Market Survey Launch\data\pictures/1777423796484.jpg,b5cedb90a09d5340,20260920
563,sheet_141.jpg,2,ok,2581,1776736478849.jpg,C:\Users\uzj5150\Box\Philippines Panel\01 Panel\14 NSU Market Survey\NSU Market Survey Launch\data\pictures/1776736478849.jpg,524d1d2bc90bd6fe,20260920
564,sheet_141.jpg,3,ok,4994,1775703622639.jpg,C:\Users\uzj5150\Box\Philippines Panel\01 Panel\14 NSU Market Survey\NSU Market Survey Launch\data\pictures/1775703622639.jpg,58d045720eee93a6,20260920
565,sheet_142.jpg,0,ok,5227,1775863361591.jpg,C:\Users\uzj5150\Box\Philippines Panel\01 Panel\14 NSU Market Survey\NSU Market Survey Launch\data\pictures/1775863361591.jpg,c64288d0cd3292a0,20260920
566,sheet_142.jpg,1,ok,9027,1775522765505.jpg,C:\Users\uzj5150\Box\Philippines Panel\01 Panel\14 NSU Market Survey\NSU Market Survey Launch\data\pictures/1775522765505.jpg,1d94d65219ef1ac6,20260920
567,sheet_142.jpg,2,ok,5030,1775709155441.jpg,C:\Users\uzj5150\Box\Philippines Panel\01 Panel\14 NSU Market Survey\NSU Market Survey Launch\data\pictures/1775709155441.jpg,7108a4695a24945f,20260920
568,sheet_142.jpg,3,ok,9755,1773888948566.jpg,C:\Users\uzj5150\Box\Philippines Panel\01 Panel\14 NSU Market Survey\NSU Market Survey Launch\data\pictures/1773888948566.jpg,73dce51faec36b0d,20260920
569,sheet_143.jpg,0,ok,795,1777424957169.jpg,C:\Users\uzj5150\Box\Philippines Panel\01 Panel\14 NSU Market Survey\NSU Market Survey Launch\data\pictures/1777424957169.jpg,b0716449e1106a0d,20260920
570,sheet_143.jpg,1,ok,2607,1776302964412.jpg,C:\Users\uzj5150\Box\Philippines Panel\01 Panel\14 NSU Market Survey\NSU Market Survey Launch\data\pictures/1776302964412.jpg,226559bd5204397e,20260920
571,sheet_143.jpg,2,ok,7619,1774419809442.jpg,C:\Users\uzj5150\Box\Philippines Panel\01 Panel\14 NSU Market Survey\NSU Market Survey Launch\data\pictures/1774419809442.jpg,98a96f65057f7b5c,20260920
572,sheet_143.jpg,3,ok,4981,1775703779931.jpg,C:\Users\uzj5150\Box\Philippines Panel\01 Panel\14 NSU Market Survey\NSU Market Survey Launch\data\pictures/1775703779931.jpg,54cfff567427456e,20260920
573,sheet_144.jpg,0,ok,1796,1776645525791.jpg,C:\Users\uzj5150\Box\Philippines Panel\01 Panel\14 NSU Market Survey\NSU Market Survey Launch\data\pictures/1776645525791.jpg,360eb130b63fde22,20260920
574,sheet_144.jpg,1,ok,6245,1773713849455.jpg,C:\Users\uzj5150\Box\Philippines Panel\01 Panel\14 NSU Market Survey\NSU Market Survey Launch\data\pictures/1773713849455.jpg,51899c3f92c72535,20260920
575,sheet_144.jpg,2,ok,825,1778028846984.jpg,C:\Users\uzj5150\Box\Philippines Panel\01 Panel\14 NSU Market Survey\NSU Market Survey Launch\data\pictures/1778028846984.jpg,b0c46c62be0d19f1,20260920
576,sheet_144.jpg,3,ok,6111,1773725726935.jpg,C:\Users\uzj5150\Box\Philippines Panel\01 Panel\14 NSU Market Survey\NSU Market Survey Launch\data\pictures/1773725726935.jpg,75b7e0829e9d1d47,20260920
577,sheet_145.jpg,0,ok,8482,1775782044618.jpg,C:\Users\uzj5150\Box\Philippines Panel\01 Panel\14 NSU Market Survey\NSU Market Survey Launch\data\pictures/1775782044618.jpg,9957a86fbe78a155,20260920
578,sheet_145.jpg,1,ok,7666,1774426749069.jpg,C:\Users\uzj5150\Box\Philippines Panel\01 Panel\14 NSU Market Survey\NSU Market Survey Launch\data\pictures/1774426749069.jpg,d775633ac3d4c2a3,20260920
579,sheet_145.jpg,2,ok,872,1777514686654.jpg,C:\Users\uzj5150\Box\Philippines Panel\01 Panel\14 NSU Market Survey\NSU Market Survey Launch\data\pictures/1777514686654.jpg,ef3bca062cd93801,20260920
580,sheet_145.jpg,3,ok,9422,1773722272206.jpg,C:\Users\uzj5150\Box\Philippines Panel\01 Panel\14 NSU Market Survey\NSU Market Survey Launch\data\pictures/1773722272206.jpg,b9db233ac12cf898,20260920
581,sheet_146.jpg,0,ok,342,1777261793441.jpg,C:\Users\uzj5150\Box\Philippines Panel\01 Panel\14 NSU Market Survey\NSU Market Survey Launch\data\pictures/1777261793441.jpg,cb3458f79a6491a0,20260920
582,sheet_146.jpg,1,ok,9758,1773888169803.jpg,C:\Users\uzj5150\Box\Philippines Panel\01 Panel\14 NSU Market Survey\NSU Market Survey Launch\data\pictures/1773888169803.jpg,62aaa6e2dbfbac3b,20260920
583,sheet_146.jpg,2,ok,9632,1773967701411.jpg,C:\Users\uzj5150\Box\Philippines Panel\01 Panel\14 NSU Market Survey\NSU Market Survey Launch\data\pictures/1773967701411.jpg,2f0381177b42aabe,20260920
584,sheet_146.jpg,3,ok,9820,1773884976006.jpg,C:\Users\uzj5150\Box\Philippines Panel\01 Panel\14 NSU Market Survey\NSU Market Survey Launch\data\pictures/1773884976006.jpg,b714301599a652b2,20260920
585,sheet_147.jpg,0,ok,6232,1773815308308.jpg,C:\Users\uzj5150\Box\Philippines Panel\01 Panel\14 NSU Market Survey\NSU Market Survey Launch\data\pictures/1773815308308.jpg,fbdf5a1c48aba23f,20260920
586,sheet_147.jpg,1,ok,6417,1774049808858.jpg,C:\Users\uzj5150\Box\Philippines Panel\01 Panel\14 NSU Market Survey\NSU Market Survey Launch\data\pictures/1774049808858.jpg,03a13d861fbfc44c,20260920
587,sheet_147.jpg,2,ok,2501,1776998488127.jpg,C:\Users\uzj5150\Box\Philippines Panel\01 Panel\14 NSU Market Survey\NSU Market Survey Launch\data\pictures/1776998488127.jpg,27101ae0e7a36ae7,20260920
588,sheet_147.jpg,3,ok,5445,1774583926960.jpg,C:\Users\uzj5150\Box\Philippines Panel\01 Panel\14 NSU Market Survey\NSU Market Survey Launch\data\pictures/1774583926960.jpg,bf40c6b5dc427d7b,20260920
589,sheet_148.jpg,0,ok,8745,1775704992298.jpg,C:\Users\uzj5150\Box\Philippines Panel\01 Panel\14 NSU Market Survey\NSU Market Survey Launch\data\pictures/1775704992298.jpg,ae2a14a39e92d40d,20260920
590,sheet_148.jpg,1,ok,5403,1774576941045.jpg,C:\Users\uzj5150\Box\Philippines Panel\01 Panel\14 NSU Market Survey\NSU Market Survey Launch\data\pictures/1774576941045.jpg,47833bf6f5aac923,20260920
591,sheet_148.jpg,2,ok,1470,1777426137237.jpg,C:\Users\uzj5150\Box\Philippines Panel\01 Panel\14 NSU Market Survey\NSU Market Survey Launch\data\pictures/1777426137237.jpg,ef14f805e2c9db11,20260920
592,sheet_148.jpg,3,ok,681,1777868013664.jpg,C:\Users\uzj5150\Box\Philippines Panel\01 Panel\14 NSU Market Survey\NSU Market Survey Launch\data\pictures/1777868013664.jpg,5bd86772d1738a06,20260920
593,sheet_149.jpg,0,ok,5152,1776041702218.jpg,C:\Users\uzj5150\Box\Philippines Panel\01 Panel\14 NSU Market Survey\NSU Market Survey Launch\data\pictures/1776041702218.jpg,89a82f39d15f8f63,20260920
594,sheet_149.jpg,1,ok,10754,1777422122704.jpg,C:\Users\uzj5150\Box\Philippines Panel\01 Panel\14 NSU Market Survey\NSU Market Survey Launch\data\pictures/1777422122704.jpg,d53387fbf5de8a0c,20260920
595,sheet_149.jpg,2,ok,6124,1773798791755.jpg,C:\Users\uzj5150\Box\Philippines Panel\01 Panel\14 NSU Market Survey\NSU Market Survey Launch\data\pictures/1773798791755.jpg,29664dd83207003c,20260920
596,sheet_149.jpg,3,ok,8041,1776039577380.jpg,C:\Users\uzj5150\Box\Philippines Panel\01 Panel\14 NSU Market Survey\NSU Market Survey Launch\data\pictures/1776039577380.jpg,8f195e0b17cc6b1a,20260920
597,sheet_150.jpg,0,ok,90,1778204839924.jpg,C:\Users\uzj5150\Box\Philippines Panel\01 Panel\14 NSU Market Survey\NSU Market Survey Launch\data\pictures/1778204839924.jpg,e8f138d410d03b74,20260920
598,sheet_150.jpg,1,ok,9761,1773887688770.jpg,C:\Users\uzj5150\Box\Philippines Panel\01 Panel\14 NSU Market Survey\NSU Market Survey Launch\data\pictures/1773887688770.jpg,4731ed783bc8d141,20260920
599,sheet_150.jpg,2,ok,4132,1775873805462.jpg,C:\Users\uzj5150\Box\Philippines Panel\01 Panel\14 NSU Market Survey\NSU Market Survey Launch\data\pictures/1775873805462.jpg,3d1fad63c35bc5f3,20260920
600,sheet_150.jpg,3,ok,1630,1779066169140.jpg,C:\Users\uzj5150\Box\Philippines Panel\01 Panel\14 NSU Market Survey\NSU Market Survey Launch\data\pictures/1779066169140.jpg,015d2ed564b158c4,20260920
601,sheet_151.jpg,0,ok,9366,1774061474372.jpg,C:\Users\uzj5150\Box\Philippines Panel\01 Panel\14 NSU Market Survey\NSU Market Survey Launch\data\pictures/1774061474372.jpg,0e34dffc9a4a3127,20260920
602,sheet_151.jpg,1,ok,9625,1773997683615.jpg,C:\Users\uzj5150\Box\Philippines Panel\01 Panel\14 NSU Market Survey\NSU Market Survey Launch\data\pictures/1773997683615.jpg,b17b3c6976ff050f,20260920
603,sheet_151.jpg,2,ok,1570,1777005487683.jpg,C:\Users\uzj5150\Box\Philippines Panel\01 Panel\14 NSU Market Survey\NSU Market Survey Launch\data\pictures/1777005487683.jpg,980ef41fdd65cdd8,20260920
604,sheet_151.jpg,3,ok,9622,1773969816809.jpg,C:\Users\uzj5150\Box\Philippines Panel\01 Panel\14 NSU Market Survey\NSU Market Survey Launch\data\pictures/1773969816809.jpg,3299b1a4b7bd5034,20260920
605,sheet_152.jpg,0,ok,5193,1776037077302.jpg,C:\Users\uzj5150\Box\Philippines Panel\01 Panel\14 NSU Market Survey\NSU Market Survey Launch\data\pictures/1776037077302.jpg,0754fc0da3b4d31f,20260920
606,sheet_152.jpg,1,ok,5291,1776041541431.jpg,C:\Users\uzj5150\Box\Philippines Panel\01 Panel\14 NSU Market Survey\NSU Market Survey Launch\data\pictures/1776041541431.jpg,137adcb0f18cc02f,20260920
607,sheet_152.jpg,2,ok,2475,1776997566521.jpg,C:\Users\uzj5150\Box\Philippines Panel\01 Panel\14 NSU Market Survey\NSU Market Survey Launch\data\pictures/1776997566521.jpg,8a09e42d8a64081c,20260920
608,sheet_152.jpg,3,ok,9322,1774317372539.jpg,C:\Users\uzj5150\Box\Philippines Panel\01 Panel\14 NSU Market Survey\NSU Market Survey Launch\data\pictures/1774317372539.jpg,7240d5ec5152f6cc,20260920
609,sheet_153.jpg,0,ok,5231,1775862993933.jpg,C:\Users\uzj5150\Box\Philippines Panel\01 Panel\14 NSU Market Survey\NSU Market Survey Launch\data\pictures/1775862993933.jpg,da84da877ea345fa,20260920
610,sheet_153.jpg,1,ok,606,1777864603074.jpg,C:\Users\uzj5150\Box\Philippines Panel\01 Panel\14 NSU Market Survey\NSU Market Survey Launch\data\pictures/1777864603074.jpg,eb7c913791ac95eb,20260920
611,sheet_153.jpg,2,ok,9085,1775531479147.jpg,C:\Users\uzj5150\Box\Philippines Panel\01 Panel\14 NSU Market Survey\NSU Market Survey Launch\data\pictures/1775531479147.jpg,977e31c2a4069b42,20260920
612,sheet_153.jpg,3,ok,9856,1773892577378.jpg,C:\Users\uzj5150\Box\Philippines Panel\01 Panel\14 NSU Market Survey\NSU Market Survey Launch\data\pictures/1773892577378.jpg,809b662a7ec65c74,20260920
613,sheet_154.jpg,0,ok,7845,1773973130012.jpg,C:\Users\uzj5150\Box\Philippines Panel\01 Panel\14 NSU Market Survey\NSU Market Survey Launch\data\pictures/1773973130012.jpg,22f39102cb72ced8,20260920
614,sheet_154.jpg,1,ok,5426,1774656512269.jpg,C:\Users\uzj5150\Box\Philippines Panel\01 Panel\14 NSU Market Survey\NSU Market Survey Launch\data\pictures/1774656512269.jpg,cd1b3427ec8386e4,20260920
615,sheet_154.jpg,2,ok,9615,1773885888511.jpg,C:\Users\uzj5150\Box\Philippines Panel\01 Panel\14 NSU Market Survey\NSU Market Survey Launch\data\pictures/1773885888511.jpg,4005743fe54fc232,20260920
616,sheet_154.jpg,3,ok,11475,1776998405177.jpg,C:\Users\uzj5150\Box\Philippines Panel\01 Panel\14 NSU Market Survey\NSU Market Survey Launch\data\pictures/1776998405177.jpg,14b9f9c9982ffb7c,20260920
617,sheet_155.jpg,0,ok,5341,1774574908518.jpg,C:\Users\uzj5150\Box\Philippines Panel\01 Panel\14 NSU Market Survey\NSU Market Survey Launch\data\pictures/1774574908518.jpg,199e5e6490f1c6eb,20260920
618,sheet_155.jpg,1,ok,4116,1776048143582.jpg,C:\Users\uzj5150\Box\Philippines Panel\01 Panel\14 NSU Market Survey\NSU Market Survey Launch\data\pictures/1776048143582.jpg,52081cacd2c27b9b,20260920
619,sheet_155.jpg,2,ok,4995,1775703637185.jpg,C:\Users\uzj5150\Box\Philippines Panel\01 Panel\14 NSU Market Survey\NSU Market Survey Launch\data\pictures/1775703637185.jpg,3cc4cfc695629e12,20260920
620,sheet_155.jpg,3,ok,6126,1778895177882.jpg,C:\Users\uzj5150\Box\Philippines Panel\01 Panel\14 NSU Market Survey\NSU Market Survey Launch\data\pictures/1778895177882.jpg,12b0ae4bd75d5846,20260920
621,sheet_156.jpg,0,ok,7569,1774492602316.jpg,C:\Users\uzj5150\Box\Philippines Panel\01 Panel\14 NSU Market Survey\NSU Market Survey Launch\data\pictures/1774492602316.jpg,27189a0bfef75924,20260920
622,sheet_156.jpg,1,ok,6440,1774049898202.jpg,C:\Users\uzj5150\Box\Philippines Panel\01 Panel\14 NSU Market Survey\NSU Market Survey Launch\data\pictures/1774049898202.jpg,5592509a01004809,20260920
623,sheet_156.jpg,2,ok,9536,1773881273443.jpg,C:\Users\uzj5150\Box\Philippines Panel\01 Panel\14 NSU Market Survey\NSU Market Survey Launch\data\pictures/1773881273443.jpg,2aec376fdea42134,20260920
624,sheet_156.jpg,3,ok,8936,1773886817335.jpg,C:\Users\uzj5150\Box\Philippines Panel\01 Panel\14 NSU Market Survey\NSU Market Survey Launch\data\pictures/1773886817335.jpg,06462548a840c76e,20260920
625,sheet_157.jpg,0,ok,72,1778207913516.jpg,C:\Users\uzj5150\Box\Philippines Panel\01 Panel\14 NSU Market Survey\NSU Market Survey Launch\data\pictures/1778207913516.jpg,836e8ad30e202c81,20260920
626,sheet_157.jpg,1,ok,5093,1773715380789.jpg,C:\Users\uzj5150\Box\Philippines Panel\01 Panel\14 NSU Market Survey\NSU Market Survey Launch\data\pictures/1773715380789.jpg,8ec237d8db3def13,20260920
627,sheet_157.jpg,2,ok,9816,1773910264761.jpg,C:\Users\uzj5150\Box\Philippines Panel\01 Panel\14 NSU Market Survey\NSU Market Survey Launch\data\pictures/1773910264761.jpg,8db0e7f51db3720e,20260920
628,sheet_157.jpg,3,ok,9819,1773884142426.jpg,C:\Users\uzj5150\Box\Philippines Panel\01 Panel\14 NSU Market Survey\NSU Market Survey Launch\data\pictures/1773884142426.jpg,1fb6102718b2f713,20260920
629,sheet_158.jpg,0,ok,3462,1776827416780.jpg,C:\Users\uzj5150\Box\Philippines Panel\01 Panel\14 NSU Market Survey\NSU Market Survey Launch\data\pictures/1776827416780.jpg,3df86d662a3964a3,20260920
630,sheet_158.jpg,1,ok,6186,1773801973728.jpg,C:\Users\uzj5150\Box\Philippines Panel\01 Panel\14 NSU Market Survey\NSU Market Survey Launch\data\pictures/1773801973728.jpg,9fe691852a4c05b9,20260920
631,sheet_158.jpg,2,ok,9585,1773987316799.jpg,C:\Users\uzj5150\Box\Philippines Panel\01 Panel\14 NSU Market Survey\NSU Market Survey Launch\data\pictures/1773987316799.jpg,1c4c6877db61268d,20260920
632,sheet_158.jpg,3,ok,8449,1775785322869.jpg,C:\Users\uzj5150\Box\Philippines Panel\01 Panel\14 NSU Market Survey\NSU Market Survey Launch\data\pictures/1775785322869.jpg,308a91ca40bafdb6,20260920
633,sheet_159.jpg,0,ok,10550,1777267899285.jpg,C:\Users\uzj5150\Box\Philippines Panel\01 Panel\14 NSU Market Survey\NSU Market Survey Launch\data\pictures/1777267899285.jpg,aebe4767a01ed06f,20260920
634,sheet_159.jpg,1,ok,4472,1776138627010.jpg,C:\Users\uzj5150\Box\Philippines Panel\01 Panel\14 NSU Market Survey\NSU Market Survey Launch\data\pictures/1776138627010.jpg,f8a8a77903f90d5a,20260920
635,sheet_159.jpg,2,ok,2603,1776305771800.jpg,C:\Users\uzj5150\Box\Philippines Panel\01 Panel\14 NSU Market Survey\NSU Market Survey Launch\data\pictures/1776305771800.jpg,b5100610b991d7db,20260920
636,sheet_159.jpg,3,ok,317,1777261628116.jpg,C:\Users\uzj5150\Box\Philippines Panel\01 Panel\14 NSU Market Survey\NSU Market Survey Launch\data\pictures/1777261628116.jpg,ced957e101cd8d32,20260920
637,sheet_160.jpg,0,ok,10556,1777268479116.jpg,C:\Users\uzj5150\Box\Philippines Panel\01 Panel\14 NSU Market Survey\NSU Market Survey Launch\data\pictures/1777268479116.jpg,802483d4489fec78,20260920
638,sheet_160.jpg,1,ok,823,1777511126692.jpg,C:\Users\uzj5150\Box\Philippines Panel\01 Panel\14 NSU Market Survey\NSU Market Survey Launch\data\pictures/1777511126692.jpg,70bc24f5f3df27cc,20260920
639,sheet_160.jpg,2,ok,4545,1776299802479.jpg,C:\Users\uzj5150\Box\Philippines Panel\01 Panel\14 NSU Market Survey\NSU Market Survey Launch\data\pictures/1776299802479.jpg,47ae271d170da98d,20260920
640,sheet_160.jpg,3,ok,4135,1775872068181.jpg,C:\Users\uzj5150\Box\Philippines Panel\01 Panel\14 NSU Market Survey\NSU Market Survey Launch\data\pictures/1775872068181.jpg,28c3829b28b8ae63,20260920
641,sheet_161.jpg,0,ok,11191,1776824236232.jpg,C:\Users\uzj5150\Box\Philippines Panel\01 Panel\14 NSU Market Survey\NSU Market Survey Launch\data\pictures/1776824236232.jpg,a4e36d5e776cf884,20260920
642,sheet_161.jpg,1,ok,5171,1775865136941.jpg,C:\Users\uzj5150\Box\Philippines Panel\01 Panel\14 NSU Market Survey\NSU Market Survey Launch\data\pictures/1775865136941.jpg,4448340ac5e441ea,20260920
643,sheet_161.jpg,2,ok,7806,1773971770211.jpg,C:\Users\uzj5150\Box\Philippines Panel\01 Panel\14 NSU Market Survey\NSU Market Survey Launch\data\pictures/1773971770211.jpg,f414b0080b6a6d20,20260920
644,sheet_161.jpg,3,ok,7817,1773881875667.jpg,C:\Users\uzj5150\Box\Philippines Panel\01 Panel\14 NSU Market Survey\NSU Market Survey Launch\data\pictures/1773881875667.jpg,271ae33136734dc8,20260920
645,sheet_162.jpg,0,ok,661,1777692974524.jpg,C:\Users\uzj5150\Box\Philippines Panel\01 Panel\14 NSU Market Survey\NSU Market Survey Launch\data\pictures/1777692974524.jpg,637e53e70611c4cb,20260920
646,sheet_162.jpg,1,ok,7819,1773881937628.jpg,C:\Users\uzj5150\Box\Philippines Panel\01 Panel\14 NSU Market Survey\NSU Market Survey Launch\data\pictures/1773881937628.jpg,e21e22ab44331b28,20260920
647,sheet_162.jpg,2,ok,1638,1777000749284.jpg,C:\Users\uzj5150\Box\Philippines Panel\01 Panel\14 NSU Market Survey\NSU Market Survey Launch\data\pictures/1777000749284.jpg,7f0bca053b9467a6,20260920
648,sheet_162.jpg,3,ok,5469,1774573293699.jpg,C:\Users\uzj5150\Box\Philippines Panel\01 Panel\14 NSU Market Survey\NSU Market Survey Launch\data\pictures/1774573293699.jpg,4d8666f2d07f494a,20260920
649,sheet_163.jpg,0,ok,9425,1773722620178.jpg,C:\Users\uzj5150\Box\Philippines Panel\01 Panel\14 NSU Market Survey\NSU Market Survey Launch\data\pictures/1773722620178.jpg,1c1fcc2c0959431e,20260920
650,sheet_163.jpg,1,ok,5343,1774574965824.jpg,C:\Users\uzj5150\Box\Philippines Panel\01 Panel\14 NSU Market Survey\NSU Market Survey Launch\data\pictures/1774574965824.jpg,47ad2f73781d2575,20260920
651,sheet_163.jpg,2,ok,11117,1776823030220.jpg,C:\Users\uzj5150\Box\Philippines Panel\01 Panel\14 NSU Market Survey\NSU Market Survey Launch\data\pictures/1776823030220.jpg,686843cfeebc70fe,20260920
652,sheet_163.jpg,3,ok,10751,1777421135720.jpg,C:\Users\uzj5150\Box\Philippines Panel\01 Panel\14 NSU Market Survey\NSU Market Survey Launch\data\pictures/1777421135720.jpg,e4bdfd8c7b514072,20260920
653,sheet_164.jpg,0,ok,1896,1777076119635.jpg,C:\Users\uzj5150\Box\Philippines Panel\01 Panel\14 NSU Market Survey\NSU Market Survey Launch\data\pictures/1777076119635.jpg,b2ef62294146904f,20260920
654,sheet_164.jpg,1,ok,10552,1777269112128.jpg,C:\Users\uzj5150\Box\Philippines Panel\01 Panel\14 NSU Market Survey\NSU Market Survey Launch\data\pictures/1777269112128.jpg,2a1897c618e0ec28,20260920
655,sheet_164.jpg,2,ok,5146,1775867745173.jpg,C:\Users\uzj5150\Box\Philippines Panel\01 Panel\14 NSU Market Survey\NSU Market Survey Launch\data\pictures/1775867745173.jpg,a702bb3589c02b27,20260920
656,sheet_164.jpg,3,ok,762,1777598377174.jpg,C:\Users\uzj5150\Box\Philippines Panel\01 Panel\14 NSU Market Survey\NSU Market Survey Launch\data\pictures/1777598377174.jpg,890bc32e1d7f4a1a,20260920
657,sheet_165.jpg,0,ok,7568,1774418819892.jpg,C:\Users\uzj5150\Box\Philippines Panel\01 Panel\14 NSU Market Survey\NSU Market Survey Launch\data\pictures/1774418819892.jpg,7ee15b9b3a245eb2,20260920
658,sheet_165.jpg,1,ok,9523,1773904675786.jpg,C:\Users\uzj5150\Box\Philippines Panel\01 Panel\14 NSU Market Survey\NSU Market Survey Launch\data\pictures/1773904675786.jpg,0463b45e3cd49427,20260920
659,sheet_165.jpg,2,ok,11161,1776826183376.jpg,C:\Users\uzj5150\Box\Philippines Panel\01 Panel\14 NSU Market Survey\NSU Market Survey Launch\data\pictures/1776826183376.jpg,935803e7f60e8115,20260920
660,sheet_165.jpg,3,ok,6585,1773800221515.jpg,C:\Users\uzj5150\Box\Philippines Panel\01 Panel\14 NSU Market Survey\NSU Market Survey Launch\data\pictures/1773800221515.jpg,b96a997c6c2d0b55,20260920
661,sheet_166.jpg,0,ok,6214,1773812324218.jpg,C:\Users\uzj5150\Box\Philippines Panel\01 Panel\14 NSU Market Survey\NSU Market Survey Launch\data\pictures/1773812324218.jpg,7195733ce29fa8b5,20260920
662,sheet_166.jpg,1,ok,2544,1776738049108.jpg,C:\Users\uzj5150\Box\Philippines Panel\01 Panel\14 NSU Market Survey\NSU Market Survey Launch\data\pictures/1776738049108.jpg,053b0de522dc891a,20260920
663,sheet_166.jpg,2,ok,7610,1774492495172.jpg,C:\Users\uzj5150\Box\Philippines Panel\01 Panel\14 NSU Market Survey\NSU Market Survey Launch\data\pictures/1774492495172.jpg,e7b368ebeafa101c,20260920
664,sheet_166.jpg,3,ok,7592,1774420449538.jpg,C:\Users\uzj5150\Box\Philippines Panel\01 Panel\14 NSU Market Survey\NSU Market Survey Launch\data\pictures/1774420449538.jpg,7974c211733890ad,20260920
665,sheet_167.jpg,0,ok,9701,1773906138331.jpg,C:\Users\uzj5150\Box\Philippines Panel\01 Panel\14 NSU Market Survey\NSU Market Survey Launch\data\pictures/1773906138331.jpg,30138fbc5a7a43e3,20260920
666,sheet_167.jpg,1,ok,2646,1776302757653.jpg,C:\Users\uzj5150\Box\Philippines Panel\01 Panel\14 NSU Market Survey\NSU Market Survey Launch\data\pictures/1776302757653.jpg,ec3ef79b3152443d,20260920
667,sheet_167.jpg,2,ok,5134,1775867354282.jpg,C:\Users\uzj5150\Box\Philippines Panel\01 Panel\14 NSU Market Survey\NSU Market Survey Launch\data\pictures/1775867354282.jpg,efe099ac6582a142,20260920
668,sheet_167.jpg,3,ok,8040,1776039561000.jpg,C:\Users\uzj5150\Box\Philippines Panel\01 Panel\14 NSU Market Survey\NSU Market Survey Launch\data\pictures/1776039561000.jpg,7a6b304d5f2eb300,20260920
669,sheet_168.jpg,0,ok,5116,1773803206170.jpg,C:\Users\uzj5150\Box\Philippines Panel\01 Panel\14 NSU Market Survey\NSU Market Survey Launch\data\pictures/1773803206170.jpg,74eba90114e32e36,20260920
670,sheet_168.jpg,1,ok,8438,1775780775945.jpg,C:\Users\uzj5150\Box\Philippines Panel\01 Panel\14 NSU Market Survey\NSU Market Survey Launch\data\pictures/1775780775945.jpg,8e176cb8627772af,20260920
671,sheet_168.jpg,2,ok,91,1778122431459.jpg,C:\Users\uzj5150\Box\Philippines Panel\01 Panel\14 NSU Market Survey\NSU Market Survey Launch\data\pictures/1778122431459.jpg,f76074ed97686ada,20260920
672,sheet_168.jpg,3,ok,4079,1776310595239.jpg,C:\Users\uzj5150\Box\Philippines Panel\01 Panel\14 NSU Market Survey\NSU Market Survey Launch\data\pictures/1776310595239.jpg,c2e75539b19213a7,20260920
673,sheet_169.jpg,0,ok,5324,1774577911807.jpg,C:\Users\uzj5150\Box\Philippines Panel\01 Panel\14 NSU Market Survey\NSU Market Survey Launch\data\pictures/1774577911807.jpg,82e5f04cfe1445f5,20260920
674,sheet_169.jpg,1,ok,1806,1776647560376.jpg,C:\Users\uzj5150\Box\Philippines Panel\01 Panel\14 NSU Market Survey\NSU Market Survey Launch\data\pictures/1776647560376.jpg,17ded75c228daf49,20260920
675,sheet_169.jpg,2,ok,4884,1776043770831.jpg,C:\Users\uzj5150\Box\Philippines Panel\01 Panel\14 NSU Market Survey\NSU Market Survey Launch\data\pictures/1776043770831.jpg,c0e8a5bed7f8b749,20260920
676,sheet_169.jpg,3,ok,344,1777262722627.jpg,C:\Users\uzj5150\Box\Philippines Panel\01 Panel\14 NSU Market Survey\NSU Market Survey Launch\data\pictures/1777262722627.jpg,71396f1f07a63747,20260920
677,sheet_170.jpg,0,ok,401,1777352908762.jpg,C:\Users\uzj5150\Box\Philippines Panel\01 Panel\14 NSU Market Survey\NSU Market Survey Launch\data\pictures/1777352908762.jpg,afac1fd5e09aafa9,20260920
678,sheet_170.jpg,1,ok,5420,1774656579702.jpg,C:\Users\uzj5150\Box\Philippines Panel\01 Panel\14 NSU Market Survey\NSU Market Survey Launch\data\pictures/1774656579702.jpg,1bbfd100fb07a44f,20260920
679,sheet_170.jpg,2,ok,2478,1777082843963.jpg,C:\Users\uzj5150\Box\Philippines Panel\01 Panel\14 NSU Market Survey\NSU Market Survey Launch\data\pictures/1777082843963.jpg,f068b7b45787f9fc,20260920
680,sheet_170.jpg,3,ok,10711,1777687747924.jpg,C:\Users\uzj5150\Box\Philippines Panel\01 Panel\14 NSU Market Survey\NSU Market Survey Launch\data\pictures/1777687747924.jpg,1d39debdc18f7905,20260920
681,sheet_171.jpg,0,ok,8428,1775697228248.jpg,C:\Users\uzj5150\Box\Philippines Panel\01 Panel\14 NSU Market Survey\NSU Market Survey Launch\data\pictures/1775697228248.jpg,50adc5461ca501fa,20260920
682,sheet_171.jpg,1,ok,1010,1777269860534.jpg,C:\Users\uzj5150\Box\Philippines Panel\01 Panel\14 NSU Market Survey\NSU Market Survey Launch\data\pictures/1777269860534.jpg,beee45a82285f984,20260920
683,sheet_171.jpg,2,ok,9793,1773911775265.jpg,C:\Users\uzj5150\Box\Philippines Panel\01 Panel\14 NSU Market Survey\NSU Market Survey Launch\data\pictures/1773911775265.jpg,04597513be980946,20260920
684,sheet_171.jpg,3,ok,2038,1776822548553.jpg,C:\Users\uzj5150\Box\Philippines Panel\01 Panel\14 NSU Market Survey\NSU Market Survey Launch\data\pictures/1776822548553.jpg,afb814d6e5b73413,20260920
685,sheet_172.jpg,0,ok,330,1777262323715.jpg,C:\Users\uzj5150\Box\Philippines Panel\01 Panel\14 NSU Market Survey\NSU Market Survey Launch\data\pictures/1777262323715.jpg,593fbf6ea34404d5,20260920
686,sheet_172.jpg,1,ok,9590,1773881367462.jpg,C:\Users\uzj5150\Box\Philippines Panel\01 Panel\14 NSU Market Survey\NSU Market Survey Launch\data\pictures/1773881367462.jpg,1893def7f8c5a4cb,20260920
687,sheet_172.jpg,2,ok,9666,1773895816766.jpg,C:\Users\uzj5150\Box\Philippines Panel\01 Panel\14 NSU Market Survey\NSU Market Survey Launch\data\pictures/1773895816766.jpg,0c27f0c794b02490,20260920
688,sheet_172.jpg,3,ok,2071,1776913164415.jpg,C:\Users\uzj5150\Box\Philippines Panel\01 Panel\14 NSU Market Survey\NSU Market Survey Launch\data\pictures/1776913164415.jpg,43a977c792e653be,20260920
689,sheet_173.jpg,0,ok,807,1778028681250.jpg,C:\Users\uzj5150\Box\Philippines Panel\01 Panel\14 NSU Market Survey\NSU Market Survey Launch\data\pictures/1778028681250.jpg,fe8ad6e6e0648567,20260920
690,sheet_173.jpg,1,ok,819,1778031957854.jpg,C:\Users\uzj5150\Box\Philippines Panel\01 Panel\14 NSU Market Survey\NSU Market Survey Launch\data\pictures/1778031957854.jpg,cc462b544ff245db,20260920
691,sheet_173.jpg,2,ok,670,1777687199972.jpg,C:\Users\uzj5150\Box\Philippines Panel\01 Panel\14 NSU Market Survey\NSU Market Survey Launch\data\pictures/1777687199972.jpg,335c2b27800eb357,20260920
692,sheet_173.jpg,3,ok,5175,1776040289161.jpg,C:\Users\uzj5150\Box\Philippines Panel\01 Panel\14 NSU Market Survey\NSU Market Survey Launch\data\pictures/1776040289161.jpg,50d1a2c422202511,20260920
693,sheet_174.jpg,0,ok,2574,1776668390502.jpg,C:\Users\uzj5150\Box\Philippines Panel\01 Panel\14 NSU Market Survey\NSU Market Survey Launch\data\pictures/1776668390502.jpg,718297b55db0cfda,20260920
694,sheet_174.jpg,1,ok,6724,1775536447142.jpg,C:\Users\uzj5150\Box\Philippines Panel\01 Panel\14 NSU Market Survey\NSU Market Survey Launch\data\pictures/1775536447142.jpg,5df8639924790b1d,20260920
695,sheet_174.jpg,2,ok,650,1777690732490.jpg,C:\Users\uzj5150\Box\Philippines Panel\01 Panel\14 NSU Market Survey\NSU Market Survey Launch\data\pictures/1777690732490.jpg,01be98329a333268,20260920
696,sheet_174.jpg,3,ok,5415,1774580300536.jpg,C:\Users\uzj5150\Box\Philippines Panel\01 Panel\14 NSU Market Survey\NSU Market Survey Launch\data\pictures/1774580300536.jpg,cf58b80ed09b071f,20260920
697,sheet_175.jpg,0,ok,12,1778292951682.jpg,C:\Users\uzj5150\Box\Philippines Panel\01 Panel\14 NSU Market Survey\NSU Market Survey Launch\data\pictures/1778292951682.jpg,4b95ad51b4855e80,20260920
698,sheet_175.jpg,1,ok,5111,1773720034673.jpg,C:\Users\uzj5150\Box\Philippines Panel\01 Panel\14 NSU Market Survey\NSU Market Survey Launch\data\pictures/1773720034673.jpg,9da860e6ca83b259,20260920
699,sheet_175.jpg,2,ok,7665,1774424119388.jpg,C:\Users\uzj5150\Box\Philippines Panel\01 Panel\14 NSU Market Survey\NSU Market Survey Launch\data\pictures/1774424119388.jpg,27ad0d6cbd4dd6cd,20260920
700,sheet_175.jpg,3,ok,5243,1775875536664.jpg,C:\Users\uzj5150\Box\Philippines Panel\01 Panel\14 NSU Market Survey\NSU Market Survey Launch\data\pictures/1775875536664.jpg,45c263e55ca25407,20260920
701,sheet_176.jpg,0,ok,7572,1774485356627.jpg,C:\Users\uzj5150\Box\Philippines Panel\01 Panel\14 NSU Market Survey\NSU Market Survey Launch\data\pictures/1774485356627.jpg,a31536cfd54dbb5f,20260920
702,sheet_176.jpg,1,ok,2497,1777084352492.jpg,C:\Users\uzj5150\Box\Philippines Panel\01 Panel\14 NSU Market Survey\NSU Market Survey Launch\data\pictures/1777084352492.jpg,b6bba020c08114c7,20260920
703,sheet_176.jpg,2,ok,9472,1773725397529.jpg,C:\Users\uzj5150\Box\Philippines Panel\01 Panel\14 NSU Market Survey\NSU Market Survey Launch\data\pictures/1773725397529.jpg,cb3037da4cfe0290,20260920
704,sheet_176.jpg,3,ok,5063,1775704276355.jpg,C:\Users\uzj5150\Box\Philippines Panel\01 Panel\14 NSU Market Survey\NSU Market Survey Launch\data\pictures/1775704276355.jpg,20bc451c8871592e,20260920
705,sheet_177.jpg,0,ok,4005,1776045863466.jpg,C:\Users\uzj5150\Box\Philippines Panel\01 Panel\14 NSU Market Survey\NSU Market Survey Launch\data\pictures/1776045863466.jpg,e9cd29ce1a24d09b,20260920
706,sheet_177.jpg,1,ok,10720,1777603975571.jpg,C:\Users\uzj5150\Box\Philippines Panel\01 Panel\14 NSU Market Survey\NSU Market Survey Launch\data\pictures/1777603975571.jpg,0ad7f0621d19664c,20260920
707,sheet_177.jpg,2,ok,2579,1776732959235.jpg,C:\Users\uzj5150\Box\Philippines Panel\01 Panel\14 NSU Market Survey\NSU Market Survey Launch\data\pictures/1776732959235.jpg,cc9cd48eff06411f,20260920
708,sheet_177.jpg,3,ok,3212,1776828628040.jpg,C:\Users\uzj5150\Box\Philippines Panel\01 Panel\14 NSU Market Survey\NSU Market Survey Launch\data\pictures/1776828628040.jpg,9044749649bd74b8,20260920
709,sheet_178.jpg,0,ok,6114,1773727390688.jpg,C:\Users\uzj5150\Box\Philippines Panel\01 Panel\14 NSU Market Survey\NSU Market Survey Launch\data\pictures/1773727390688.jpg,ad9977381454c738,20260920
710,sheet_178.jpg,1,ok,11179,1776906791371.jpg,C:\Users\uzj5150\Box\Philippines Panel\01 Panel\14 NSU Market Survey\NSU Market Survey Launch\data\pictures/1776906791371.jpg,0c435e9b74369fca,20260920
711,sheet_178.jpg,2,ok,10908,1776996650323.jpg,C:\Users\uzj5150\Box\Philippines Panel\01 Panel\14 NSU Market Survey\NSU Market Survey Launch\data\pictures/1776996650323.jpg,332769904b9eac2b,20260920
712,sheet_178.jpg,3,ok,9033,1775531320965.jpg,C:\Users\uzj5150\Box\Philippines Panel\01 Panel\14 NSU Market Survey\NSU Market Survey Launch\data\pictures/1775531320965.jpg,97a7ade6db296ff6,20260920
713,sheet_179.jpg,0,ok,5334,1774574707316.jpg,C:\Users\uzj5150\Box\Philippines Panel\01 Panel\14 NSU Market Survey\NSU Market Survey Launch\data\pictures/1774574707316.jpg,047379dfb3726eac,20260920
714,sheet_179.jpg,1,ok,2991,1776214632608.jpg,C:\Users\uzj5150\Box\Philippines Panel\01 Panel\14 NSU Market Survey\NSU Market Survey Launch\data\pictures/1776214632608.jpg,f8d0a6a764baba43,20260920
715,sheet_179.jpg,2,ok,347,1777262250699.jpg,C:\Users\uzj5150\Box\Philippines Panel\01 Panel\14 NSU Market Survey\NSU Market Survey Launch\data\pictures/1777262250699.jpg,e815c6c97fcf86d6,20260920
716,sheet_179.jpg,3,ok,1770,1779240256696.jpg,C:\Users\uzj5150\Box\Philippines Panel\01 Panel\14 NSU Market Survey\NSU Market Survey Launch\data\pictures/1779240256696.jpg,ee002e808f4a1277,20260920
717,sheet_180.jpg,0,ok,604,1777597551499.jpg,C:\Users\uzj5150\Box\Philippines Panel\01 Panel\14 NSU Market Survey\NSU Market Survey Launch\data\pictures/1777597551499.jpg,cf19f1804abca046,20260920
718,sheet_180.jpg,1,ok,5296,1775870232376.jpg,C:\Users\uzj5150\Box\Philippines Panel\01 Panel\14 NSU Market Survey\NSU Market Survey Launch\data\pictures/1775870232376.jpg,42039bb685d05ed2,20260920
719,sheet_180.jpg,2,ok,9808,1773912983539.jpg,C:\Users\uzj5150\Box\Philippines Panel\01 Panel\14 NSU Market Survey\NSU Market Survey Launch\data\pictures/1773912983539.jpg,ff7524b4591fc646,20260920
720,sheet_180.jpg,3,ok,9427,1773723041148.jpg,C:\Users\uzj5150\Box\Philippines Panel\01 Panel\14 NSU Market Survey\NSU Market Survey Launch\data\pictures/1773723041148.jpg,cb091b0343850e07,20260920
721,sheet_181.jpg,0,ok,2573,1776750741226.jpg,C:\Users\uzj5150\Box\Philippines Panel\01 Panel\14 NSU Market Survey\NSU Market Survey Launch\data\pictures/1776750741226.jpg,8ed6c71df5078174,20260920
722,sheet_181.jpg,1,ok,6155,1773727630807.jpg,C:\Users\uzj5150\Box\Philippines Panel\01 Panel\14 NSU Market Survey\NSU Market Survey Launch\data\pictures/1773727630807.jpg,76744b9ac348aa1f,20260920
723,sheet_181.jpg,2,ok,5419,1774654619417.jpg,C:\Users\uzj5150\Box\Philippines Panel\01 Panel\14 NSU Market Survey\NSU Market Survey Launch\data\pictures/1774654619417.jpg,104c5e335443a21e,20260920
724,sheet_181.jpg,3,ok,9577,1773880075808.jpg,C:\Users\uzj5150\Box\Philippines Panel\01 Panel\14 NSU Market Survey\NSU Market Survey Launch\data\pictures/1773880075808.jpg,fc0c1a5ac744cc88,20260920
725,sheet_182.jpg,0,ok,5898,1774404658618.jpg,C:\Users\uzj5150\Box\Philippines Panel\01 Panel\14 NSU Market Survey\NSU Market Survey Launch\data\pictures/1774404658618.jpg,343f9565b2f63aed,20260920
726,sheet_182.jpg,1,ok,10062,1773726122673.jpg,C:\Users\uzj5150\Box\Philippines Panel\01 Panel\14 NSU Market Survey\NSU Market Survey Launch\data\pictures/1773726122673.jpg,585dc52afeb53ca0,20260920
727,sheet_182.jpg,2,ok,2719,1779271337095.jpg,C:\Users\uzj5150\Box\Philippines Panel\01 Panel\14 NSU Market Survey\NSU Market Survey Launch\data\pictures/1779271337095.jpg,4c613a94e2116553,20260920
728,sheet_182.jpg,3,ok,411,1777349410036.jpg,C:\Users\uzj5150\Box\Philippines Panel\01 Panel\14 NSU Market Survey\NSU Market Survey Launch\data\pictures/1777349410036.jpg,9dbe4704da811f2d,20260920
729,sheet_183.jpg,0,ok,10689,1777602897583.jpg,C:\Users\uzj5150\Box\Philippines Panel\01 Panel\14 NSU Market Survey\NSU Market Survey Launch\data\pictures/1777602897583.jpg,59e40094f2cb0611,20260920
730,sheet_183.jpg,1,ok,8076,1775871562182.jpg,C:\Users\uzj5150\Box\Philippines Panel\01 Panel\14 NSU Market Survey\NSU Market Survey Launch\data\pictures/1775871562182.jpg,1ebdbc8e3020bf1f,20260920
731,sheet_183.jpg,2,ok,2658,1776301914284.jpg,C:\Users\uzj5150\Box\Philippines Panel\01 Panel\14 NSU Market Survey\NSU Market Survey Launch\data\pictures/1776301914284.jpg,22bdef0b1426d0f6,20260920
732,sheet_183.jpg,3,ok,9583,1773880660965.jpg,C:\Users\uzj5150\Box\Philippines Panel\01 Panel\14 NSU Market Survey\NSU Market Survey Launch\data\pictures/1773880660965.jpg,7fa99a86d47ab2e5,20260920
733,sheet_184.jpg,0,ok,9588,1773983777962.jpg,C:\Users\uzj5150\Box\Philippines Panel\01 Panel\14 NSU Market Survey\NSU Market Survey Launch\data\pictures/1773983777962.jpg,3a571a1ed30d2153,20260920
734,sheet_184.jpg,1,ok,9805,1773884022928.jpg,C:\Users\uzj5150\Box\Philippines Panel\01 Panel\14 NSU Market Survey\NSU Market Survey Launch\data\pictures/1773884022928.jpg,6d2e5e80d0477c28,20260920
735,sheet_184.jpg,2,ok,6134,1778895236453.jpg,C:\Users\uzj5150\Box\Philippines Panel\01 Panel\14 NSU Market Survey\NSU Market Survey Launch\data\pictures/1778895236453.jpg,744bc9f2f5d91c3c,20260920
736,sheet_184.jpg,3,ok,10710,1777687703347.jpg,C:\Users\uzj5150\Box\Philippines Panel\01 Panel\14 NSU Market Survey\NSU Market Survey Launch\data\pictures/1777687703347.jpg,5a5b949244a6226d,20260920
737,sheet_185.jpg,0,ok,6240,1773793420165.jpg,C:\Users\uzj5150\Box\Philippines Panel\01 Panel\14 NSU Market Survey\NSU Market Survey Launch\data\pictures/1773793420165.jpg,165cdb1233c03919,20260920
738,sheet_185.jpg,1,ok,11113,1776823229112.jpg,C:\Users\uzj5150\Box\Philippines Panel\01 Panel\14 NSU Market Survey\NSU Market Survey Launch\data\pictures/1776823229112.jpg,86b85abcf48ce38f,20260920
739,sheet_185.jpg,2,ok,8420,1775784645043.jpg,C:\Users\uzj5150\Box\Philippines Panel\01 Panel\14 NSU Market Survey\NSU Market Survey Launch\data\pictures/1775784645043.jpg,d32ef79bc55a699a,20260920
740,sheet_185.jpg,3,ok,2636,1776305582245.jpg,C:\Users\uzj5150\Box\Philippines Panel\01 Panel\14 NSU Market Survey\NSU Market Survey Launch\data\pictures/1776305582245.jpg,48b4d470c9d239f5,20260920
741,sheet_186.jpg,0,ok,5125,1773711842619.jpg,C:\Users\uzj5150\Box\Philippines Panel\01 Panel\14 NSU Market Survey\NSU Market Survey Launch\data\pictures/1773711842619.jpg,a7b02d6c3c0b8d5c,20260920
742,sheet_186.jpg,1,ok,7624,1774421490236.jpg,C:\Users\uzj5150\Box\Philippines Panel\01 Panel\14 NSU Market Survey\NSU Market Survey Launch\data\pictures/1774421490236.jpg,d9cef88aa1b49e54,20260920
743,sheet_186.jpg,2,ok,9305,1774053375402.jpg,C:\Users\uzj5150\Box\Philippines Panel\01 Panel\14 NSU Market Survey\NSU Market Survey Launch\data\pictures/1774053375402.jpg,89d952994e6367c3,20260920
744,sheet_186.jpg,3,ok,9719,1773968318077.jpg,C:\Users\uzj5150\Box\Philippines Panel\01 Panel\14 NSU Market Survey\NSU Market Survey Launch\data\pictures/1773968318077.jpg,5af27da937812855,20260920
745,sheet_187.jpg,0,ok,8644,1778630639683.jpg,C:\Users\uzj5150\Box\Philippines Panel\01 Panel\14 NSU Market Survey\NSU Market Survey Launch\data\pictures/1778630639683.jpg,a5979120db60d2a1,20260920
746,sheet_187.jpg,1,ok,11120,1776822630324.jpg,C:\Users\uzj5150\Box\Philippines Panel\01 Panel\14 NSU Market Survey\NSU Market Survey Launch\data\pictures/1776822630324.jpg,310935c99f93af89,20260920
747,sheet_187.jpg,2,ok,2917,1776735813044.jpg,C:\Users\uzj5150\Box\Philippines Panel\01 Panel\14 NSU Market Survey\NSU Market Survey Launch\data\pictures/1776735813044.jpg,9193b6f26b72ec93,20260920
748,sheet_187.jpg,3,ok,5592,1774412675652.jpg,C:\Users\uzj5150\Box\Philippines Panel\01 Panel\14 NSU Market Survey\NSU Market Survey Launch\data\pictures/1774412675652.jpg,83f8f6db999157bb,20260920
749,sheet_188.jpg,0,ok,2530,1776664531494.jpg,C:\Users\uzj5150\Box\Philippines Panel\01 Panel\14 NSU Market Survey\NSU Market Survey Launch\data\pictures/1776664531494.jpg,be93804a03ab06ca,20260920
750,sheet_188.jpg,1,ok,9863,1773908350183.jpg,C:\Users\uzj5150\Box\Philippines Panel\01 Panel\14 NSU Market Survey\NSU Market Survey Launch\data\pictures/1773908350183.jpg,3652b31856cf58dd,20260920
751,sheet_188.jpg,2,ok,8065,1775867282690.jpg,C:\Users\uzj5150\Box\Philippines Panel\01 Panel\14 NSU Market Survey\NSU Market Survey Launch\data\pictures/1775867282690.jpg,cd4bfc220380133b,20260920
752,sheet_188.jpg,3,ok,8054,1775881966545.jpg,C:\Users\uzj5150\Box\Philippines Panel\01 Panel\14 NSU Market Survey\NSU Market Survey Launch\data\pictures/1775881966545.jpg,22f65372ef00d556,20260920
753,sheet_189.jpg,0,ok,9688,1773992274197.jpg,C:\Users\uzj5150\Box\Philippines Panel\01 Panel\14 NSU Market Survey\NSU Market Survey Launch\data\pictures/1773992274197.jpg,8d87bc5ecd611675,20260920
754,sheet_189.jpg,1,ok,10762,1777421893181.jpg,C:\Users\uzj5150\Box\Philippines Panel\01 Panel\14 NSU Market Survey\NSU Market Survey Launch\data\pictures/1777421893181.jpg,f1f958f73e021c8a,20260920
755,sheet_189.jpg,2,ok,9043,1775531257483.jpg,C:\Users\uzj5150\Box\Philippines Panel\01 Panel\14 NSU Market Survey\NSU Market Survey Launch\data\pictures/1775531257483.jpg,8aaaab0c6296699f,20260920
756,sheet_189.jpg,3,ok,1769,1779239692253.jpg,C:\Users\uzj5150\Box\Philippines Panel\01 Panel\14 NSU Market Survey\NSU Market Survey Launch\data\pictures/1779239692253.jpg,24be1ae4775e0d74,20260920
757,sheet_190.jpg,0,ok,7593,1774420479511.jpg,C:\Users\uzj5150\Box\Philippines Panel\01 Panel\14 NSU Market Survey\NSU Market Survey Launch\data\pictures/1774420479511.jpg,af4934c78d7a1239,20260920
758,sheet_190.jpg,1,ok,7608,1774485410047.jpg,C:\Users\uzj5150\Box\Philippines Panel\01 Panel\14 NSU Market Survey\NSU Market Survey Launch\data\pictures/1774485410047.jpg,a35f7025c6b15553,20260920
759,sheet_190.jpg,2,ok,8841,1775714751030.jpg,C:\Users\uzj5150\Box\Philippines Panel\01 Panel\14 NSU Market Survey\NSU Market Survey Launch\data\pictures/1775714751030.jpg,f538d36240d84de2,20260920
760,sheet_190.jpg,3,ok,5,1778292890840.jpg,C:\Users\uzj5150\Box\Philippines Panel\01 Panel\14 NSU Market Survey\NSU Market Survey Launch\data\pictures/1778292890840.jpg,f39252ac5523a509,20260920
761,sheet_191.jpg,0,ok,352,1777346517743.jpg,C:\Users\uzj5150\Box\Philippines Panel\01 Panel\14 NSU Market Survey\NSU Market Survey Launch\data\pictures/1777346517743.jpg,c86dfc9f9e5873b9,20260920
762,sheet_191.jpg,1,ok,8945,1773888358830.jpg,C:\Users\uzj5150\Box\Philippines Panel\01 Panel\14 NSU Market Survey\NSU Market Survey Launch\data\pictures/1773888358830.jpg,ed697a75d71a27a5,20260920
763,sheet_191.jpg,2,ok,3183,1776911326061.jpg,C:\Users\uzj5150\Box\Philippines Panel\01 Panel\14 NSU Market Survey\NSU Market Survey Launch\data\pictures/1776911326061.jpg,ec8861cebe63d63a,20260920
764,sheet_191.jpg,3,ok,9535,1773881255793.jpg,C:\Users\uzj5150\Box\Philippines Panel\01 Panel\14 NSU Market Survey\NSU Market Survey Launch\data\pictures/1773881255793.jpg,61674b780ea52ccb,20260920
765,sheet_192.jpg,0,ok,3457,1776826302416.jpg,C:\Users\uzj5150\Box\Philippines Panel\01 Panel\14 NSU Market Survey\NSU Market Survey Launch\data\pictures/1776826302416.jpg,be0a33500de437ca,20260920
766,sheet_192.jpg,1,ok,5085,1773708244116.jpg,C:\Users\uzj5150\Box\Philippines Panel\01 Panel\14 NSU Market Survey\NSU Market Survey Launch\data\pictures/1773708244116.jpg,f67f7d987524c552,20260920
767,sheet_192.jpg,2,ok,9627,1773997757137.jpg,C:\Users\uzj5150\Box\Philippines Panel\01 Panel\14 NSU Market Survey\NSU Market Survey Launch\data\pictures/1773997757137.jpg,ac054a4b5d841e51,20260920
768,sheet_192.jpg,3,ok,5669,1774489531883.jpg,C:\Users\uzj5150\Box\Philippines Panel\01 Panel\14 NSU Market Survey\NSU Market Survey Launch\data\pictures/1774489531883.jpg,3dc235fb22db4220,20260920
769,sheet_193.jpg,0,ok,11462,1776991969924.jpg,C:\Users\uzj5150\Box\Philippines Panel\01 Panel\14 NSU Market Survey\NSU Market Survey Launch\data\pictures/1776991969924.jpg,c489e8dcfddaac2b,20260920
770,sheet_193.jpg,1,ok,6507,1774326910392.jpg,C:\Users\uzj5150\Box\Philippines Panel\01 Panel\14 NSU Market Survey\NSU Market Survey Launch\data\pictures/1774326910392.jpg,bc4f1b50cbe8bf52,20260920
771,sheet_193.jpg,2,ok,4990,1775702009983.jpg,C:\Users\uzj5150\Box\Philippines Panel\01 Panel\14 NSU Market Survey\NSU Market Survey Launch\data\pictures/1775702009983.jpg,7fa9ca95a0610a1b,20260920
772,sheet_193.jpg,3,ok,1986,1776910200657.jpg,C:\Users\uzj5150\Box\Philippines Panel\01 Panel\14 NSU Market Survey\NSU Market Survey Launch\data\pictures/1776910200657.jpg,9c483c688792c2d1,20260920
773,sheet_194.jpg,0,ok,6462,1774054569246.jpg,C:\Users\uzj5150\Box\Philippines Panel\01 Panel\14 NSU Market Survey\NSU Market Survey Launch\data\pictures/1774054569246.jpg,618652fc41f7e4bf,20260920
774,sheet_194.jpg,1,ok,2260,1776390727297.jpg,C:\Users\uzj5150\Box\Philippines Panel\01 Panel\14 NSU Market Survey\NSU Market Survey Launch\data\pictures/1776390727297.jpg,4043e81f9b6a4caa,20260920
775,sheet_194.jpg,2,ok,4588,1776297871627.jpg,C:\Users\uzj5150\Box\Philippines Panel\01 Panel\14 NSU Market Survey\NSU Market Survey Launch\data\pictures/1776297871627.jpg,480a8f507e4a5655,20260920
776,sheet_194.jpg,3,ok,6415,1774049158376.jpg,C:\Users\uzj5150\Box\Philippines Panel\01 Panel\14 NSU Market Survey\NSU Market Survey Launch\data\pictures/1774049158376.jpg,4679b8951f742b00,20260920
777,sheet_195.jpg,0,ok,6138,1773709358642.jpg,C:\Users\uzj5150\Box\Philippines Panel\01 Panel\14 NSU Market Survey\NSU Market Survey Launch\data\pictures/1773709358642.jpg,630c80d732455b8b,20260920
778,sheet_195.jpg,1,ok,9753,1773910728067.jpg,C:\Users\uzj5150\Box\Philippines Panel\01 Panel\14 NSU Market Survey\NSU Market Survey Launch\data\pictures/1773910728067.jpg,9bec52c7628d68c8,20260920
779,sheet_195.jpg,2,ok,873,1777433756716.jpg,C:\Users\uzj5150\Box\Philippines Panel\01 Panel\14 NSU Market Survey\NSU Market Survey Launch\data\pictures/1777433756716.jpg,2fec7a762afc912c,20260920
780,sheet_195.jpg,3,ok,9038,1775520955465.jpg,C:\Users\uzj5150\Box\Philippines Panel\01 Panel\14 NSU Market Survey\NSU Market Survey Launch\data\pictures/1775520955465.jpg,fc23f965a10b9028,20260920
781,sheet_196.jpg,0,ok,8848,1775711387650.jpg,C:\Users\uzj5150\Box\Philippines Panel\01 Panel\14 NSU Market Survey\NSU Market Survey Launch\data\pictures/1775711387650.jpg,7874b67a3876b316,20260920
782,sheet_196.jpg,1,ok,9638,1773996682656.jpg,C:\Users\uzj5150\Box\Philippines Panel\01 Panel\14 NSU Market Survey\NSU Market Survey Launch\data\pictures/1773996682656.jpg,b48ff09604575b42,20260920
783,sheet_196.jpg,2,ok,3179,1776824958906.jpg,C:\Users\uzj5150\Box\Philippines Panel\01 Panel\14 NSU Market Survey\NSU Market Survey Launch\data\pictures/1776824958906.jpg,9a9f60a131e55fe3,20260920
784,sheet_196.jpg,3,ok,11129,1776822902751.jpg,C:\Users\uzj5150\Box\Philippines Panel\01 Panel\14 NSU Market Survey\NSU Market Survey Launch\data\pictures/1776822902751.jpg,810f2698c81dbff9,20260920
785,sheet_197.jpg,0,ok,10058,1773802738941.jpg,C:\Users\uzj5150\Box\Philippines Panel\01 Panel\14 NSU Market Survey\NSU Market Survey Launch\data\pictures/1773802738941.jpg,1f5b0f25f632b28f,20260920
786,sheet_197.jpg,1,ok,798,1778031612764.jpg,C:\Users\uzj5150\Box\Philippines Panel\01 Panel\14 NSU Market Survey\NSU Market Survey Launch\data\pictures/1778031612764.jpg,026e94fbb322737a,20260920
787,sheet_197.jpg,2,ok,405,1777268226058.jpg,C:\Users\uzj5150\Box\Philippines Panel\01 Panel\14 NSU Market Survey\NSU Market Survey Launch\data\pictures/1777268226058.jpg,f5fd412f7cd111a0,20260920
788,sheet_197.jpg,3,ok,817,1777422002083.jpg,C:\Users\uzj5150\Box\Philippines Panel\01 Panel\14 NSU Market Survey\NSU Market Survey Launch\data\pictures/1777422002083.jpg,bf2da1cb9232164a,20260920
789,sheet_198.jpg,0,ok,316,1777261605829.jpg,C:\Users\uzj5150\Box\Philippines Panel\01 Panel\14 NSU Market Survey\NSU Market Survey Launch\data\pictures/1777261605829.jpg,29fdf3d7fe10df77,20260920
790,sheet_198.jpg,1,ok,5234,1775875451421.jpg,C:\Users\uzj5150\Box\Philippines Panel\01 Panel\14 NSU Market Survey\NSU Market Survey Launch\data\pictures/1775875451421.jpg,d8ab391f83d9105b,20260920
791,sheet_198.jpg,2,ok,79,1778117455605.jpg,C:\Users\uzj5150\Box\Philippines Panel\01 Panel\14 NSU Market Survey\NSU Market Survey Launch\data\pictures/1778117455605.jpg,fe8b92479d291764,20260920
792,sheet_198.jpg,3,ok,4860,1776043350974.jpg,C:\Users\uzj5150\Box\Philippines Panel\01 Panel\14 NSU Market Survey\NSU Market Survey Launch\data\pictures/1776043350974.jpg,b845a68c14fe4eb9,20260920
793,sheet_199.jpg,0,ok,4642,1776301266330.jpg,C:\Users\uzj5150\Box\Philippines Panel\01 Panel\14 NSU Market Survey\NSU Market Survey Launch\data\pictures/1776301266330.jpg,27804c89b2e43be7,20260920
794,sheet_199.jpg,1,ok,2944,1776651860825.jpg,C:\Users\uzj5150\Box\Philippines Panel\01 Panel\14 NSU Market Survey\NSU Market Survey Launch\data\pictures/1776651860825.jpg,ea781c1cd8832b01,20260920
795,sheet_199.jpg,2,ok,9750,1773889144156.jpg,C:\Users\uzj5150\Box\Philippines Panel\01 Panel\14 NSU Market Survey\NSU Market Survey Launch\data\pictures/1773889144156.jpg,90554d26274a7e72,20260920
796,sheet_199.jpg,3,ok,1441,1777450579850.jpg,C:\Users\uzj5150\Box\Philippines Panel\01 Panel\14 NSU Market Survey\NSU Market Survey Launch\data\pictures/1777450579850.jpg,480771fddd985421,20260920
797,sheet_200.jpg,0,ok,7841,1773884279828.jpg,C:\Users\uzj5150\Box\Philippines Panel\01 Panel\14 NSU Market Survey\NSU Market Survey Launch\data\pictures/1773884279828.jpg,f5774d32eb795a68,20260920
798,sheet_200.jpg,1,ok,1772,1776740518076.jpg,C:\Users\uzj5150\Box\Philippines Panel\01 Panel\14 NSU Market Survey\NSU Market Survey Launch\data\pictures/1776740518076.jpg,90226e76f0632742,20260920
799,sheet_200.jpg,2,ok,9729,1773884301761.jpg,C:\Users\uzj5150\Box\Philippines Panel\01 Panel\14 NSU Market Survey\NSU Market Survey Launch\data\pictures/1773884301761.jpg,f6bc9cc6d0d63e28,20260920
800,sheet_200.jpg,3,ok,11,1778293065183.jpg,C:\Users\uzj5150\Box\Philippines Panel\01 Panel\14 NSU Market Survey\NSU Market Survey Launch\data\pictures/1778293065183.jpg,98ea7fa28528d76e,20260920
801,sheet_201.jpg,0,ok,5444,1774575404980.jpg,C:\Users\uzj5150\Box\Philippines Panel\01 Panel\14 NSU Market Survey\NSU Market Survey Launch\data\pictures/1774575404980.jpg,28604f6f58ae0071,20260920
802,sheet_201.jpg,1,ok,10686,1777602792442.jpg,C:\Users\uzj5150\Box\Philippines Panel\01 Panel\14 NSU Market Survey\NSU Market Survey Launch\data\pictures/1777602792442.jpg,42056bbd48ce29ba,20260920
803,sheet_201.jpg,2,ok,99,1778121112306.jpg,C:\Users\uzj5150\Box\Philippines Panel\01 Panel\14 NSU Market Survey\NSU Market Survey Launch\data\pictures/1778121112306.jpg,c9f9a02f1228fbce,20260920
804,sheet_201.jpg,3,ok,7598,1774491923511.jpg,C:\Users\uzj5150\Box\Philippines Panel\01 Panel\14 NSU Market Survey\NSU Market Survey Launch\data\pictures/1774491923511.jpg,caac75245e3d2d4e,20260920
805,sheet_202.jpg,0,ok,6227,1773808882865.jpg,C:\Users\uzj5150\Box\Philippines Panel\01 Panel\14 NSU Market Survey\NSU Market Survey Launch\data\pictures/1773808882865.jpg,ef48351a9c7254f9,20260920
806,sheet_202.jpg,1,ok,5441,1774580433023.jpg,C:\Users\uzj5150\Box\Philippines Panel\01 Panel\14 NSU Market Survey\NSU Market Survey Launch\data\pictures/1774580433023.jpg,a4a264ecfec47184,20260920
807,sheet_202.jpg,2,ok,9547,1773968660085.jpg,C:\Users\uzj5150\Box\Philippines Panel\01 Panel\14 NSU Market Survey\NSU Market Survey Launch\data\pictures/1773968660085.jpg,501c3028274c0e91,20260920
808,sheet_202.jpg,3,ok,9660,1773895453027.jpg,C:\Users\uzj5150\Box\Philippines Panel\01 Panel\14 NSU Market Survey\NSU Market Survey Launch\data\pictures/1773895453027.jpg,d0d3d7ac1352dac8,20260920
809,sheet_203.jpg,0,ok,1,1778295171180.jpg,C:\Users\uzj5150\Box\Philippines Panel\01 Panel\14 NSU Market Survey\NSU Market Survey Launch\data\pictures/1778295171180.jpg,fd6642d0ccc8c5e7,20260920
810,sheet_203.jpg,1,ok,2546,1776749986707.jpg,C:\Users\uzj5150\Box\Philippines Panel\01 Panel\14 NSU Market Survey\NSU Market Survey Launch\data\pictures/1776749986707.jpg,20d99628150dc0f4,20260920
811,sheet_203.jpg,2,ok,6421,1774050109179.jpg,C:\Users\uzj5150\Box\Philippines Panel\01 Panel\14 NSU Market Survey\NSU Market Survey Launch\data\pictures/1774050109179.jpg,0b6f5c024c1fe571,20260920
812,sheet_203.jpg,3,ok,9474,1773795164091.jpg,C:\Users\uzj5150\Box\Philippines Panel\01 Panel\14 NSU Market Survey\NSU Market Survey Launch\data\pictures/1773795164091.jpg,88df53810c8352cf,20260920
813,sheet_204.jpg,0,ok,7855,1773969519839.jpg,C:\Users\uzj5150\Box\Philippines Panel\01 Panel\14 NSU Market Survey\NSU Market Survey Launch\data\pictures/1773969519839.jpg,a885d1074b7b99b2,20260920
814,sheet_204.jpg,1,ok,5433,1774581284416.jpg,C:\Users\uzj5150\Box\Philippines Panel\01 Panel\14 NSU Market Survey\NSU Market Survey Launch\data\pictures/1774581284416.jpg,dc6d7ab0fd5b36f4,20260920
815,sheet_204.jpg,2,ok,816,1777421983412.jpg,C:\Users\uzj5150\Box\Philippines Panel\01 Panel\14 NSU Market Survey\NSU Market Survey Launch\data\pictures/1777421983412.jpg,0dbbd0bc26a37810,20260920
816,sheet_204.jpg,3,ok,8068,1775880665265.jpg,C:\Users\uzj5150\Box\Philippines Panel\01 Panel\14 NSU Market Survey\NSU Market Survey Launch\data\pictures/1775880665265.jpg,cc8ce7d86eff87ee,20260920
817,sheet_205.jpg,0,ok,9030,1778646592937.jpg,C:\Users\uzj5150\Box\Philippines Panel\01 Panel\14 NSU Market Survey\NSU Market Survey Launch\data\pictures/1778646592937.jpg,a61b64f25d17a882,20260920
818,sheet_205.jpg,1,ok,5121,1773713617921.jpg,C:\Users\uzj5150\Box\Philippines Panel\01 Panel\14 NSU Market Survey\NSU Market Survey Launch\data\pictures/1773713617921.jpg,1b6139976fb60f44,20260920
819,sheet_205.jpg,2,ok,9078,1775607838322.jpg,C:\Users\uzj5150\Box\Philippines Panel\01 Panel\14 NSU Market Survey\NSU Market Survey Launch\data\pictures/1775607838322.jpg,9ca197b82c2da1e0,20260920
820,sheet_205.jpg,3,ok,5106,1773717854700.jpg,C:\Users\uzj5150\Box\Philippines Panel\01 Panel\14 NSU Market Survey\NSU Market Survey Launch\data\pictures/1773717854700.jpg,0d5c7cc60aceee83,20260920
821,sheet_206.jpg,0,ok,6491,1774048796246.jpg,C:\Users\uzj5150\Box\Philippines Panel\01 Panel\14 NSU Market Survey\NSU Market Survey Launch\data\pictures/1774048796246.jpg,e92873cec39066e1,20260920
822,sheet_206.jpg,1,ok,1013,1777944747570.jpg,C:\Users\uzj5150\Box\Philippines Panel\01 Panel\14 NSU Market Survey\NSU Market Survey Launch\data\pictures/1777944747570.jpg,bf50692c2b67a4fb,20260920
823,sheet_206.jpg,2,ok,4416,1776213706032.jpg,C:\Users\uzj5150\Box\Philippines Panel\01 Panel\14 NSU Market Survey\NSU Market Survey Launch\data\pictures/1776213706032.jpg,4d47abb3bd09739c,20260920
824,sheet_206.jpg,3,ok,7818,1773881905519.jpg,C:\Users\uzj5150\Box\Philippines Panel\01 Panel\14 NSU Market Survey\NSU Market Survey Launch\data\pictures/1773881905519.jpg,55bb327e515636e0,20260920
825,sheet_207.jpg,0,ok,5576,1774409737188.jpg,C:\Users\uzj5150\Box\Philippines Panel\01 Panel\14 NSU Market Survey\NSU Market Survey Launch\data\pictures/1774409737188.jpg,fe38190c4abb63d1,20260920
826,sheet_207.jpg,1,ok,2624,1776215419663.jpg,C:\Users\uzj5150\Box\Philippines Panel\01 Panel\14 NSU Market Survey\NSU Market Survey Launch\data\pictures/1776215419663.jpg,2d77dbd3ba4285de,20260920
827,sheet_207.jpg,2,ok,876,1777511588433.jpg,C:\Users\uzj5150\Box\Philippines Panel\01 Panel\14 NSU Market Survey\NSU Market Survey Launch\data\pictures/1777511588433.jpg,1abaf8153b5df774,20260920
828,sheet_207.jpg,3,ok,5094,1773797664120.jpg,C:\Users\uzj5150\Box\Philippines Panel\01 Panel\14 NSU Market Survey\NSU Market Survey Launch\data\pictures/1773797664120.jpg,ebe44e2c9ae220ac,20260920
829,sheet_208.jpg,0,ok,2663,1776216548578.jpg,C:\Users\uzj5150\Box\Philippines Panel\01 Panel\14 NSU Market Survey\NSU Market Survey Launch\data\pictures/1776216548578.jpg,2875bb05ea67d055,20260920
830,sheet_208.jpg,1,ok,10756,1777421646315.jpg,C:\Users\uzj5150\Box\Philippines Panel\01 Panel\14 NSU Market Survey\NSU Market Survey Launch\data\pictures/1777421646315.jpg,368cd1c8f3814b0b,20260920
831,sheet_208.jpg,2,ok,2412,1776386530095.jpg,C:\Users\uzj5150\Box\Philippines Panel\01 Panel\14 NSU Market Survey\NSU Market Survey Launch\data\pictures/1776386530095.jpg,065e29d373ecea3a,20260920
832,sheet_208.jpg,3,ok,923,1777422505978.jpg,C:\Users\uzj5150\Box\Philippines Panel\01 Panel\14 NSU Market Survey\NSU Market Survey Launch\data\pictures/1777422505978.jpg,64362e5c6c2580f8,20260920
833,sheet_209.jpg,0,ok,9494,1773796206237.jpg,C:\Users\uzj5150\Box\Philippines Panel\01 Panel\14 NSU Market Survey\NSU Market Survey Launch\data\pictures/1773796206237.jpg,12a266124f7daf75,20260920
834,sheet_209.jpg,1,ok,9678,1773993677942.jpg,C:\Users\uzj5150\Box\Philippines Panel\01 Panel\14 NSU Market Survey\NSU Market Survey Launch\data\pictures/1773993677942.jpg,9299cdbf37fc73ce,20260920
835,sheet_209.jpg,2,ok,2037,1779091424811.jpg,C:\Users\uzj5150\Box\Philippines Panel\01 Panel\14 NSU Market Survey\NSU Market Survey Launch\data\pictures/1779091424811.jpg,05926661a61e0502,20260920
836,sheet_209.jpg,3,ok,3071,1779168892992.jpg,C:\Users\uzj5150\Box\Philippines Panel\01 Panel\14 NSU Market Survey\NSU Market Survey Launch\data\pictures/1779168892992.jpg,df8dac8244237d05,20260920
837,sheet_210.jpg,0,ok,9328,1774328156502.jpg,C:\Users\uzj5150\Box\Philippines Panel\01 Panel\14 NSU Market Survey\NSU Market Survey Launch\data\pictures/1774328156502.jpg,45d579155c1d86f8,20260920
838,sheet_210.jpg,1,ok,2708,1776223403869.jpg,C:\Users\uzj5150\Box\Philippines Panel\01 Panel\14 NSU Market Survey\NSU Market Survey Launch\data\pictures/1776223403869.jpg,183e38034c0084ae,20260920
839,sheet_210.jpg,2,ok,5167,1775867471296.jpg,C:\Users\uzj5150\Box\Philippines Panel\01 Panel\14 NSU Market Survey\NSU Market Survey Launch\data\pictures/1775867471296.jpg,cf9590a80b8de688,20260920
840,sheet_210.jpg,3,ok,2554,1776667491674.jpg,C:\Users\uzj5150\Box\Philippines Panel\01 Panel\14 NSU Market Survey\NSU Market Survey Launch\data\pictures/1776667491674.jpg,c077fdea542a1d9a,20260920
841,sheet_211.jpg,0,ok,9580,1773904898349.jpg,C:\Users\uzj5150\Box\Philippines Panel\01 Panel\14 NSU Market Survey\NSU Market Survey Launch\data\pictures/1773904898349.jpg,bae7ac6c822570e6,20260920
842,sheet_211.jpg,1,ok,9026,1775521880168.jpg,C:\Users\uzj5150\Box\Philippines Panel\01 Panel\14 NSU Market Survey\NSU Market Survey Launch\data\pictures/1775521880168.jpg,935344099dbd7920,20260920
843,sheet_211.jpg,2,ok,9802,1773909158265.jpg,C:\Users\uzj5150\Box\Philippines Panel\01 Panel\14 NSU Market Survey\NSU Market Survey Launch\data\pictures/1773909158265.jpg,4e0de388c49466d0,20260920
844,sheet_211.jpg,3,ok,528,1777507478559.jpg,C:\Users\uzj5150\Box\Philippines Panel\01 Panel\14 NSU Market Survey\NSU Market Survey Launch\data\pictures/1777507478559.jpg,5c4132f6cd4d4de0,20260920
845,sheet_212.jpg,0,ok,6545,1773722622896.jpg,C:\Users\uzj5150\Box\Philippines Panel\01 Panel\14 NSU Market Survey\NSU Market Survey Launch\data\pictures/1773722622896.jpg,e1d063d7ba969f7e,20260920
846,sheet_212.jpg,1,ok,5360,1774578277903.jpg,C:\Users\uzj5150\Box\Philippines Panel\01 Panel\14 NSU Market Survey\NSU Market Survey Launch\data\pictures/1774578277903.jpg,f3184f1eccd25fdc,20260920
847,sheet_212.jpg,2,ok,5436,1774654801004.jpg,C:\Users\uzj5150\Box\Philippines Panel\01 Panel\14 NSU Market Survey\NSU Market Survey Launch\data\pictures/1774654801004.jpg,c1e4d971eda3ab82,20260920
848,sheet_212.jpg,3,ok,9578,1773904822816.jpg,C:\Users\uzj5150\Box\Philippines Panel\01 Panel\14 NSU Market Survey\NSU Market Survey Launch\data\pictures/1773904822816.jpg,0d4e416d85204bbd,20260920
849,sheet_213.jpg,0,ok,2632,1776215797933.jpg,C:\Users\uzj5150\Box\Philippines Panel\01 Panel\14 NSU Market Survey\NSU Market Survey Launch\data\pictures/1776215797933.jpg,5b2ce095264d342b,20260920
850,sheet_213.jpg,1,ok,1637,1779068949278.jpg,C:\Users\uzj5150\Box\Philippines Panel\01 Panel\14 NSU Market Survey\NSU Market Survey Launch\data\pictures/1779068949278.jpg,e3f6207f5867151a,20260920
851,sheet_213.jpg,2,ok,5222,1775863759196.jpg,C:\Users\uzj5150\Box\Philippines Panel\01 Panel\14 NSU Market Survey\NSU Market Survey Launch\data\pictures/1775863759196.jpg,c332c6b8e85495f2,20260920
852,sheet_213.jpg,3,ok,9484,1773798034060.jpg,C:\Users\uzj5150\Box\Philippines Panel\01 Panel\14 NSU Market Survey\NSU Market Survey Launch\data\pictures/1773798034060.jpg,29c31034c6c7fc74,20260920
853,sheet_214.jpg,0,ok,9873,1773881778804.jpg,C:\Users\uzj5150\Box\Philippines Panel\01 Panel\14 NSU Market Survey\NSU Market Survey Launch\data\pictures/1773881778804.jpg,39ac273e5fb30d83,20260920
854,sheet_214.jpg,1,ok,2437,1777083801259.jpg,C:\Users\uzj5150\Box\Philippines Panel\01 Panel\14 NSU Market Survey\NSU Market Survey Launch\data\pictures/1777083801259.jpg,0a5ef065b954e701,20260920
855,sheet_214.jpg,2,ok,9821,1773908060747.jpg,C:\Users\uzj5150\Box\Philippines Panel\01 Panel\14 NSU Market Survey\NSU Market Survey Launch\data\pictures/1773908060747.jpg,0ba47b0a88c48a9c,20260920
856,sheet_214.jpg,3,ok,6162,1773706650413.jpg,C:\Users\uzj5150\Box\Philippines Panel\01 Panel\14 NSU Market Survey\NSU Market Survey Launch\data\pictures/1773706650413.jpg,0341c81214f244c8,20260920
857,sheet_215.jpg,0,ok,19,1778297424496.jpg,C:\Users\uzj5150\Box\Philippines Panel\01 Panel\14 NSU Market Survey\NSU Market Survey Launch\data\pictures/1778297424496.jpg,d21a941c25c3bf47,20260920
858,sheet_215.jpg,1,ok,2614,1776214963505.jpg,C:\Users\uzj5150\Box\Philippines Panel\01 Panel\14 NSU Market Survey\NSU Market Survey Launch\data\pictures/1776214963505.jpg,3a6c36328a1b40ba,20260920
859,sheet_215.jpg,2,ok,9788,1773893550605.jpg,C:\Users\uzj5150\Box\Philippines Panel\01 Panel\14 NSU Market Survey\NSU Market Survey Launch\data\pictures/1773893550605.jpg,19cebc8118f9f2c8,20260920
860,sheet_215.jpg,3,ok,5800,1774408141490.jpg,C:\Users\uzj5150\Box\Philippines Panel\01 Panel\14 NSU Market Survey\NSU Market Survey Launch\data\pictures/1774408141490.jpg,4c207f44438b22bd,20260920
861,sheet_216.jpg,0,ok,5164,1775868789555.jpg,C:\Users\uzj5150\Box\Philippines Panel\01 Panel\14 NSU Market Survey\NSU Market Survey Launch\data\pictures/1775868789555.jpg,24a5c255ba40e354,20260920
862,sheet_216.jpg,1,ok,4551,1776301959556.jpg,C:\Users\uzj5150\Box\Philippines Panel\01 Panel\14 NSU Market Survey\NSU Market Survey Launch\data\pictures/1776301959556.jpg,51dad5aacfbe2ef9,20260920
863,sheet_216.jpg,2,ok,2914,1776650589641.jpg,C:\Users\uzj5150\Box\Philippines Panel\01 Panel\14 NSU Market Survey\NSU Market Survey Launch\data\pictures/1776650589641.jpg,1651cf569c9fea94,20260920
864,sheet_216.jpg,3,ok,5182,1775866976773.jpg,C:\Users\uzj5150\Box\Philippines Panel\01 Panel\14 NSU Market Survey\NSU Market Survey Launch\data\pictures/1775866976773.jpg,01ffbc299c67ff44,20260920
865,sheet_217.jpg,0,ok,11149,1776822055000.jpg,C:\Users\uzj5150\Box\Philippines Panel\01 Panel\14 NSU Market Survey\NSU Market Survey Launch\data\pictures/1776822055000.jpg,a1756cb1a5da42aa,20260920
866,sheet_217.jpg,1,ok,6439,1774049274050.jpg,C:\Users\uzj5150\Box\Philippines Panel\01 Panel\14 NSU Market Survey\NSU Market Survey Launch\data\pictures/1774049274050.jpg,356713372885c8f7,20260920
867,sheet_217.jpg,2,ok,3202,1776828577001.jpg,C:\Users\uzj5150\Box\Philippines Panel\01 Panel\14 NSU Market Survey\NSU Market Survey Launch\data\pictures/1776828577001.jpg,98b8c5b71527151f,20260920
868,sheet_217.jpg,3,ok,6941,1775537828924.jpg,C:\Users\uzj5150\Box\Philippines Panel\01 Panel\14 NSU Market Survey\NSU Market Survey Launch\data\pictures/1775537828924.jpg,f0d333c287b35fb7,20260920
869,sheet_218.jpg,0,ok,5316,1775868937578.jpg,C:\Users\uzj5150\Box\Philippines Panel\01 Panel\14 NSU Market Survey\NSU Market Survey Launch\data\pictures/1775868937578.jpg,f13f158a809202b4,20260920
870,sheet_218.jpg,1,ok,5413,1774581171578.jpg,C:\Users\uzj5150\Box\Philippines Panel\01 Panel\14 NSU Market Survey\NSU Market Survey Launch\data\pictures/1774581171578.jpg,0564d822194e481c,20260920
871,sheet_218.jpg,2,ok,9783,1773968384316.jpg,C:\Users\uzj5150\Box\Philippines Panel\01 Panel\14 NSU Market Survey\NSU Market Survey Launch\data\pictures/1773968384316.jpg,d1a97305ccd16dd4,20260920
872,sheet_218.jpg,3,ok,5130,1773708485429.jpg,C:\Users\uzj5150\Box\Philippines Panel\01 Panel\14 NSU Market Survey\NSU Market Survey Launch\data\pictures/1773708485429.jpg,de145025342c2e15,20260920
873,sheet_219.jpg,0,ok,338,1777950036288.jpg,C:\Users\uzj5150\Box\Philippines Panel\01 Panel\14 NSU Market Survey\NSU Market Survey Launch\data\pictures/1777950036288.jpg,008484b8612bd032,20260920
874,sheet_219.jpg,1,ok,9630,1773886290093.jpg,C:\Users\uzj5150\Box\Philippines Panel\01 Panel\14 NSU Market Survey\NSU Market Survey Launch\data\pictures/1773886290093.jpg,460ddf92a7b58d7c,20260920
875,sheet_219.jpg,2,ok,5430,1774580600386.jpg,C:\Users\uzj5150\Box\Philippines Panel\01 Panel\14 NSU Market Survey\NSU Market Survey Launch\data\pictures/1774580600386.jpg,e0c35bfbfd96e2ae,20260920
876,sheet_219.jpg,3,ok,7821,1773890538111.jpg,C:\Users\uzj5150\Box\Philippines Panel\01 Panel\14 NSU Market Survey\NSU Market Survey Launch\data\pictures/1773890538111.jpg,8a9bd81bd7538206,20260920
877,sheet_220.jpg,0,ok,7814,1773882691087.jpg,C:\Users\uzj5150\Box\Philippines Panel\01 Panel\14 NSU Market Survey\NSU Market Survey Launch\data\pictures/1773882691087.jpg,6357ab1050638745,20260920
878,sheet_220.jpg,1,ok,6122,1773799922423.jpg,C:\Users\uzj5150\Box\Philippines Panel\01 Panel\14 NSU Market Survey\NSU Market Survey Launch\data\pictures/1773799922423.jpg,1532c2d2885d9cc4,20260920
879,sheet_220.jpg,2,ok,3165,1776825104032.jpg,C:\Users\uzj5150\Box\Philippines Panel\01 Panel\14 NSU Market Survey\NSU Market Survey Launch\data\pictures/1776825104032.jpg,76d4a749eef213ea,20260920
880,sheet_220.jpg,3,ok,5326,1774575687995.jpg,C:\Users\uzj5150\Box\Philippines Panel\01 Panel\14 NSU Market Survey\NSU Market Survey Launch\data\pictures/1774575687995.jpg,860d9d00c7b2fba6,20260920
881,sheet_221.jpg,0,ok,2263,1779160106856.jpg,C:\Users\uzj5150\Box\Philippines Panel\01 Panel\14 NSU Market Survey\NSU Market Survey Launch\data\pictures/1779160106856.jpg,1b2f4af4ec5820bd,20260920
882,sheet_221.jpg,1,ok,3788,1775699754212.jpg,C:\Users\uzj5150\Box\Philippines Panel\01 Panel\14 NSU Market Survey\NSU Market Survey Launch\data\pictures/1775699754212.jpg,3aa25f71cf3d885e,20260920
883,sheet_221.jpg,2,ok,5144,1775868295259.jpg,C:\Users\uzj5150\Box\Philippines Panel\01 Panel\14 NSU Market Survey\NSU Market Survey Launch\data\pictures/1775868295259.jpg,df9842b79dd86c86,20260920
884,sheet_221.jpg,3,ok,7562,1774488843732.jpg,C:\Users\uzj5150\Box\Philippines Panel\01 Panel\14 NSU Market Survey\NSU Market Survey Launch\data\pictures/1774488843732.jpg,f880d059e9735e19,20260920
885,sheet_222.jpg,0,ok,4417,1776213731814.jpg,C:\Users\uzj5150\Box\Philippines Panel\01 Panel\14 NSU Market Survey\NSU Market Survey Launch\data\pictures/1776213731814.jpg,b93d1af23cfbbc0e,20260920
886,sheet_222.jpg,1,ok,6213,1773802729193.jpg,C:\Users\uzj5150\Box\Philippines Panel\01 Panel\14 NSU Market Survey\NSU Market Survey Launch\data\pictures/1773802729193.jpg,7d9a909d1fc8e18f,20260920
887,sheet_222.jpg,2,ok,2361,1776385936187.jpg,C:\Users\uzj5150\Box\Philippines Panel\01 Panel\14 NSU Market Survey\NSU Market Survey Launch\data\pictures/1776385936187.jpg,57ccfd5146548c85,20260920
888,sheet_222.jpg,3,ok,862,1777423282182.jpg,C:\Users\uzj5150\Box\Philippines Panel\01 Panel\14 NSU Market Survey\NSU Market Survey Launch\data\pictures/1777423282182.jpg,759527c8cdd901e6,20260920
889,sheet_223.jpg,0,ok,3171,1776820034653.jpg,C:\Users\uzj5150\Box\Philippines Panel\01 Panel\14 NSU Market Survey\NSU Market Survey Launch\data\pictures/1776820034653.jpg,894020f61eb0ee19,20260920
890,sheet_223.jpg,1,ok,10574,1777271991629.jpg,C:\Users\uzj5150\Box\Philippines Panel\01 Panel\14 NSU Market Survey\NSU Market Survey Launch\data\pictures/1777271991629.jpg,164f53a2818425fa,20260920
891,sheet_223.jpg,2,ok,2587,1776733719692.jpg,C:\Users\uzj5150\Box\Philippines Panel\01 Panel\14 NSU Market Survey\NSU Market Survey Launch\data\pictures/1776733719692.jpg,5325acf754aaf0d1,20260920
892,sheet_223.jpg,3,ok,5590,1774408319598.jpg,C:\Users\uzj5150\Box\Philippines Panel\01 Panel\14 NSU Market Survey\NSU Market Survey Launch\data\pictures/1774408319598.jpg,083576372a46f481,20260920
893,sheet_224.jpg,0,ok,9277,1778465089431.jpg,C:\Users\uzj5150\Box\Philippines Panel\01 Panel\14 NSU Market Survey\NSU Market Survey Launch\data\pictures/1778465089431.jpg,ee74511a8eda4eda,20260920
894,sheet_224.jpg,1,ok,1765,1779239080323.jpg,C:\Users\uzj5150\Box\Philippines Panel\01 Panel\14 NSU Market Survey\NSU Market Survey Launch\data\pictures/1779239080323.jpg,8369ddaed1448a0e,20260920
895,sheet_224.jpg,2,ok,2634,1776215836829.jpg,C:\Users\uzj5150\Box\Philippines Panel\01 Panel\14 NSU Market Survey\NSU Market Survey Launch\data\pictures/1776215836829.jpg,c0895aa881891b7e,20260920
896,sheet_224.jpg,3,ok,7816,1773882737984.jpg,C:\Users\uzj5150\Box\Philippines Panel\01 Panel\14 NSU Market Survey\NSU Market Survey Launch\data\pictures/1773882737984.jpg,958ff88229e94f24,20260920
897,sheet_225.jpg,0,ok,9531,1773905948484.jpg,C:\Users\uzj5150\Box\Philippines Panel\01 Panel\14 NSU Market Survey\NSU Market Survey Launch\data\pictures/1773905948484.jpg,86b8cd5b1f50069c,20260920
898,sheet_225.jpg,1,ok,10687,1777603088964.jpg,C:\Users\uzj5150\Box\Philippines Panel\01 Panel\14 NSU Market Survey\NSU Market Survey Launch\data\pictures/1777603088964.jpg,dd2e640ea85d2190,20260920
899,sheet_225.jpg,2,ok,5637,1774487878957.jpg,C:\Users\uzj5150\Box\Philippines Panel\01 Panel\14 NSU Market Survey\NSU Market Survey Launch\data\pictures/1774487878957.jpg,5847e90edbf90936,20260920
900,sheet_225.jpg,3,ok,684,1777867038368.jpg,C:\Users\uzj5150\Box\Philippines Panel\01 Panel\14 NSU Market Survey\NSU Market Survey Launch\data\pictures/1777867038368.jpg,f84883f5eddb5382,20260920
901,sheet_226.jpg,0,ok,853,1777423017607.jpg,C:\Users\uzj5150\Box\Philippines Panel\01 Panel\14 NSU Market Survey\NSU Market Survey Launch\data\pictures/1777423017607.jpg,fab280c6870bc6b8,20260920
902,sheet_226.jpg,1,ok,5118,1773713918002.jpg,C:\Users\uzj5150\Box\Philippines Panel\01 Panel\14 NSU Market Survey\NSU Market Survey Launch\data\pictures/1773713918002.jpg,030be658587b759c,20260920
903,sheet_226.jpg,2,ok,4393,1776126914098.jpg,C:\Users\uzj5150\Box\Philippines Panel\01 Panel\14 NSU Market Survey\NSU Market Survey Launch\data\pictures/1776126914098.jpg,e319cac4cfe5ff15,20260920
904,sheet_226.jpg,3,ok,678,1777864764077.jpg,C:\Users\uzj5150\Box\Philippines Panel\01 Panel\14 NSU Market Survey\NSU Market Survey Launch\data\pictures/1777864764077.jpg,eb431217a2704402,20260920
905,sheet_227.jpg,0,ok,2424,1779255185060.jpg,C:\Users\uzj5150\Box\Philippines Panel\01 Panel\14 NSU Market Survey\NSU Market Survey Launch\data\pictures/1779255185060.jpg,f6adae7f1043587b,20260920
906,sheet_227.jpg,1,ok,2368,1776386082565.jpg,C:\Users\uzj5150\Box\Philippines Panel\01 Panel\14 NSU Market Survey\NSU Market Survey Launch\data\pictures/1776386082565.jpg,a59be2d2e185768f,20260920
907,sheet_227.jpg,2,ok,5138,1775868086658.jpg,C:\Users\uzj5150\Box\Philippines Panel\01 Panel\14 NSU Market Survey\NSU Market Survey Launch\data\pictures/1775868086658.jpg,3de00c1a90e5769f,20260920
908,sheet_227.jpg,3,ok,5582,1774489606046.jpg,C:\Users\uzj5150\Box\Philippines Panel\01 Panel\14 NSU Market Survey\NSU Market Survey Launch\data\pictures/1774489606046.jpg,208d1b382d39f0a9,20260920
909,sheet_228.jpg,0,ok,9831,1773969726706.jpg,C:\Users\uzj5150\Box\Philippines Panel\01 Panel\14 NSU Market Survey\NSU Market Survey Launch\data\pictures/1773969726706.jpg,0845fda2b6391d2b,20260920
910,sheet_228.jpg,1,ok,9594,1773902778736.jpg,C:\Users\uzj5150\Box\Philippines Panel\01 Panel\14 NSU Market Survey\NSU Market Survey Launch\data\pictures/1773902778736.jpg,3c611768e574609b,20260920
911,sheet_228.jpg,2,ok,610,1777598320119.jpg,C:\Users\uzj5150\Box\Philippines Panel\01 Panel\14 NSU Market Survey\NSU Market Survey Launch\data\pictures/1777598320119.jpg,05926deb5918f0a8,20260920
912,sheet_228.jpg,3,ok,6434,1774050604497.jpg,C:\Users\uzj5150\Box\Philippines Panel\01 Panel\14 NSU Market Survey\NSU Market Survey Launch\data\pictures/1774050604497.jpg,df145a0045ec4bde,20260920
913,sheet_229.jpg,0,ok,9794,1773911821381.jpg,C:\Users\uzj5150\Box\Philippines Panel\01 Panel\14 NSU Market Survey\NSU Market Survey Launch\data\pictures/1773911821381.jpg,724c106d28107048,20260920
914,sheet_229.jpg,1,ok,2522,1776735805061.jpg,C:\Users\uzj5150\Box\Philippines Panel\01 Panel\14 NSU Market Survey\NSU Market Survey Launch\data\pictures/1776735805061.jpg,eb7b2547ba9eede1,20260920
915,sheet_229.jpg,2,ok,6433,1774050058223.jpg,C:\Users\uzj5150\Box\Philippines Panel\01 Panel\14 NSU Market Survey\NSU Market Survey Launch\data\pictures/1774050058223.jpg,9762e0dca96c7681,20260920
916,sheet_229.jpg,3,ok,4989,1775701994694.jpg,C:\Users\uzj5150\Box\Philippines Panel\01 Panel\14 NSU Market Survey\NSU Market Survey Launch\data\pictures/1775701994694.jpg,d3e8b806fb7d87bc,20260920
917,sheet_230.jpg,0,ok,6200,1773711932716.jpg,C:\Users\uzj5150\Box\Philippines Panel\01 Panel\14 NSU Market Survey\NSU Market Survey Launch\data\pictures/1773711932716.jpg,561ebc0141431777,20260920
918,sheet_230.jpg,1,ok,11138,1776821698527.jpg,C:\Users\uzj5150\Box\Philippines Panel\01 Panel\14 NSU Market Survey\NSU Market Survey Launch\data\pictures/1776821698527.jpg,47c22d3055374310,20260920
919,sheet_230.jpg,2,ok,9796,1773893731859.jpg,C:\Users\uzj5150\Box\Philippines Panel\01 Panel\14 NSU Market Survey\NSU Market Survey Launch\data\pictures/1773893731859.jpg,b8432ef362088553,20260920
920,sheet_230.jpg,3,ok,11193,1776824550467.jpg,C:\Users\uzj5150\Box\Philippines Panel\01 Panel\14 NSU Market Survey\NSU Market Survey Launch\data\pictures/1776824550467.jpg,a59224b524906f58,20260920
921,sheet_231.jpg,0,ok,2367,1779255413458.jpg,C:\Users\uzj5150\Box\Philippines Panel\01 Panel\14 NSU Market Survey\NSU Market Survey Launch\data\pictures/1779255413458.jpg,921c5f639b69af68,20260920
922,sheet_231.jpg,1,ok,8037,1775871464973.jpg,C:\Users\uzj5150\Box\Philippines Panel\01 Panel\14 NSU Market Survey\NSU Market Survey Launch\data\pictures/1775871464973.jpg,9d91b68045e0a374,20260920
923,sheet_231.jpg,2,ok,796,1777447746664.jpg,C:\Users\uzj5150\Box\Philippines Panel\01 Panel\14 NSU Market Survey\NSU Market Survey Launch\data\pictures/1777447746664.jpg,f2e18e699c0e20d9,20260920
924,sheet_231.jpg,3,ok,7613,1774418913039.jpg,C:\Users\uzj5150\Box\Philippines Panel\01 Panel\14 NSU Market Survey\NSU Market Survey Launch\data\pictures/1774418913039.jpg,e1ee43d482d66ce4,20260920
925,sheet_232.jpg,0,ok,9034,1775521517945.jpg,C:\Users\uzj5150\Box\Philippines Panel\01 Panel\14 NSU Market Survey\NSU Market Survey Launch\data\pictures/1775521517945.jpg,ad3653a50bb86a1c,20260920
926,sheet_232.jpg,1,ok,4941,1775612042151.jpg,C:\Users\uzj5150\Box\Philippines Panel\01 Panel\14 NSU Market Survey\NSU Market Survey Launch\data\pictures/1775612042151.jpg,ac939909ea11a800,20260920
927,sheet_232.jpg,2,ok,6497,1774321339916.jpg,C:\Users\uzj5150\Box\Philippines Panel\01 Panel\14 NSU Market Survey\NSU Market Survey Launch\data\pictures/1774321339916.jpg,e149249b09ce7fd5,20260920
928,sheet_232.jpg,3,ok,1468,1777511994600.jpg,C:\Users\uzj5150\Box\Philippines Panel\01 Panel\14 NSU Market Survey\NSU Market Survey Launch\data\pictures/1777511994600.jpg,baac29959c755d70,20260920
929,sheet_233.jpg,0,ok,2364,1779255507531.jpg,C:\Users\uzj5150\Box\Philippines Panel\01 Panel\14 NSU Market Survey\NSU Market Survey Launch\data\pictures/1779255507531.jpg,4fc1bef35a92ddb1,20260920
930,sheet_233.jpg,1,ok,9781,1773912338773.jpg,C:\Users\uzj5150\Box\Philippines Panel\01 Panel\14 NSU Market Survey\NSU Market Survey Launch\data\pictures/1773912338773.jpg,109d4dcb1145cd4b,20260920
931,sheet_233.jpg,2,ok,9760,1773888214427.jpg,C:\Users\uzj5150\Box\Philippines Panel\01 Panel\14 NSU Market Survey\NSU Market Survey Launch\data\pictures/1773888214427.jpg,774115ed1e0a689a,20260920
932,sheet_233.jpg,3,ok,4550,1776301943451.jpg,C:\Users\uzj5150\Box\Philippines Panel\01 Panel\14 NSU Market Survey\NSU Market Survey Launch\data\pictures/1776301943451.jpg,4c165abffaa26bad,20260920
933,sheet_234.jpg,0,ok,8115,1778889626042.jpg,C:\Users\uzj5150\Box\Philippines Panel\01 Panel\14 NSU Market Survey\NSU Market Survey Launch\data\pictures/1778889626042.jpg,44df3601232f57b2,20260920
934,sheet_234.jpg,1,ok,2651,1776304433627.jpg,C:\Users\uzj5150\Box\Philippines Panel\01 Panel\14 NSU Market Survey\NSU Market Survey Launch\data\pictures/1776304433627.jpg,e3bc655d0001d3d7,20260920
935,sheet_234.jpg,2,ok,9807,1773884873438.jpg,C:\Users\uzj5150\Box\Philippines Panel\01 Panel\14 NSU Market Survey\NSU Market Survey Launch\data\pictures/1773884873438.jpg,dc539efb4962fa8d,20260920
936,sheet_234.jpg,3,ok,3168,1776820096158.jpg,C:\Users\uzj5150\Box\Philippines Panel\01 Panel\14 NSU Market Survey\NSU Market Survey Launch\data\pictures/1776820096158.jpg,28af60ce44d11f32,20260920
937,sheet_235.jpg,0,ok,7574,1774419528910.jpg,C:\Users\uzj5150\Box\Philippines Panel\01 Panel\14 NSU Market Survey\NSU Market Survey Launch\data\pictures/1774419528910.jpg,76672de6f8782d04,20260920
938,sheet_235.jpg,1,ok,7838,1773970030451.jpg,C:\Users\uzj5150\Box\Philippines Panel\01 Panel\14 NSU Market Survey\NSU Market Survey Launch\data\pictures/1773970030451.jpg,6e48df3e4122f07d,20260920
939,sheet_235.jpg,2,ok,9440,1773724910161.jpg,C:\Users\uzj5150\Box\Philippines Panel\01 Panel\14 NSU Market Survey\NSU Market Survey Launch\data\pictures/1773724910161.jpg,efef42e71470dc68,20260920
940,sheet_235.jpg,3,ok,5292,1776041579948.jpg,C:\Users\uzj5150\Box\Philippines Panel\01 Panel\14 NSU Market Survey\NSU Market Survey Launch\data\pictures/1776041579948.jpg,783b1baabd6d0621,20260920
941,sheet_236.jpg,0,ok,7605,1774488900031.jpg,C:\Users\uzj5150\Box\Philippines Panel\01 Panel\14 NSU Market Survey\NSU Market Survey Launch\data\pictures/1774488900031.jpg,94bfc3bbec293f56,20260920
942,sheet_236.jpg,1,ok,18,1778297854249.jpg,C:\Users\uzj5150\Box\Philippines Panel\01 Panel\14 NSU Market Survey\NSU Market Survey Launch\data\pictures/1778297854249.jpg,3a14b1a4d2f50987,20260920
943,sheet_236.jpg,2,ok,8522,1775696600196.jpg,C:\Users\uzj5150\Box\Philippines Panel\01 Panel\14 NSU Market Survey\NSU Market Survey Launch\data\pictures/1775696600196.jpg,9847c59d79ca616b,20260920
944,sheet_236.jpg,3,ok,11459,1776992760086.jpg,C:\Users\uzj5150\Box\Philippines Panel\01 Panel\14 NSU Market Survey\NSU Market Survey Launch\data\pictures/1776992760086.jpg,d12d899095472cee,20260920
945,sheet_237.jpg,0,ok,6099,1773798664281.jpg,C:\Users\uzj5150\Box\Philippines Panel\01 Panel\14 NSU Market Survey\NSU Market Survey Launch\data\pictures/1773798664281.jpg,270bcdb23727083a,20260920
946,sheet_237.jpg,1,ok,2456,1776999947058.jpg,C:\Users\uzj5150\Box\Philippines Panel\01 Panel\14 NSU Market Survey\NSU Market Survey Launch\data\pictures/1776999947058.jpg,2d4508d53c1d1e7e,20260920
947,sheet_237.jpg,2,ok,326,1777262784802.jpg,C:\Users\uzj5150\Box\Philippines Panel\01 Panel\14 NSU Market Survey\NSU Market Survey Launch\data\pictures/1777262784802.jpg,b5ddfa10c4d18833,20260920
948,sheet_237.jpg,3,ok,9365,1774054218008.jpg,C:\Users\uzj5150\Box\Philippines Panel\01 Panel\14 NSU Market Survey\NSU Market Survey Launch\data\pictures/1774054218008.jpg,b64abe793136e513,20260920
949,sheet_238.jpg,0,ok,7285,1778718803645.jpg,C:\Users\uzj5150\Box\Philippines Panel\01 Panel\14 NSU Market Survey\NSU Market Survey Launch\data\pictures/1778718803645.jpg,4e4ca49c494e2dde,20260920
950,sheet_238.jpg,1,ok,9592,1773902733532.jpg,C:\Users\uzj5150\Box\Philippines Panel\01 Panel\14 NSU Market Survey\NSU Market Survey Launch\data\pictures/1773902733532.jpg,1faf22dc390f251c,20260920
951,sheet_238.jpg,2,ok,3157,1776825052293.jpg,C:\Users\uzj5150\Box\Philippines Panel\01 Panel\14 NSU Market Survey\NSU Market Survey Launch\data\pictures/1776825052293.jpg,a389108754cad24e,20260920
952,sheet_238.jpg,3,ok,9637,1773893158345.jpg,C:\Users\uzj5150\Box\Philippines Panel\01 Panel\14 NSU Market Survey\NSU Market Survey Launch\data\pictures/1773893158345.jpg,16e0ced83eff5e41,20260920
953,sheet_239.jpg,0,ok,4984,1775701794160.jpg,C:\Users\uzj5150\Box\Philippines Panel\01 Panel\14 NSU Market Survey\NSU Market Survey Launch\data\pictures/1775701794160.jpg,cbc6f192b34db2de,20260920
954,sheet_239.jpg,1,ok,879,1777432377708.jpg,C:\Users\uzj5150\Box\Philippines Panel\01 Panel\14 NSU Market Survey\NSU Market Survey Launch\data\pictures/1777432377708.jpg,44bab8cce99a0f9d,20260920
955,sheet_239.jpg,2,ok,6556,1773808828295.jpg,C:\Users\uzj5150\Box\Philippines Panel\01 Panel\14 NSU Market Survey\NSU Market Survey Launch\data\pictures/1773808828295.jpg,b72e0f7b713cee22,20260920
956,sheet_239.jpg,3,ok,9828,1778645527648.jpg,C:\Users\uzj5150\Box\Philippines Panel\01 Panel\14 NSU Market Survey\NSU Market Survey Launch\data\pictures/1778645527648.jpg,f2f60b30afb79c48,20260920
957,sheet_240.jpg,0,ok,1654,1779069119859.jpg,C:\Users\uzj5150\Box\Philippines Panel\01 Panel\14 NSU Market Survey\NSU Market Survey Launch\data\pictures/1779069119859.jpg,2a082bc2beb43665,20260920
958,sheet_240.jpg,1,ok,3007,1776215520716.jpg,C:\Users\uzj5150\Box\Philippines Panel\01 Panel\14 NSU Market Survey\NSU Market Survey Launch\data\pictures/1776215520716.jpg,27adac8f5d77cafa,20260920
959,sheet_240.jpg,2,ok,5096,1773712317488.jpg,C:\Users\uzj5150\Box\Philippines Panel\01 Panel\14 NSU Market Survey\NSU Market Survey Launch\data\pictures/1773712317488.jpg,c09018ab8161c5c3,20260920
960,sheet_240.jpg,3,ok,9570,1773881509842.jpg,C:\Users\uzj5150\Box\Philippines Panel\01 Panel\14 NSU Market Survey\NSU Market Survey Launch\data\pictures/1773881509842.jpg,43ee0dcce7cf9cd0,20260920
961,sheet_241.jpg,0,ok,1707,1776646277631.jpg,C:\Users\uzj5150\Box\Philippines Panel\01 Panel\14 NSU Market Survey\NSU Market Survey Launch\data\pictures/1776646277631.jpg,13704c588cc85449,20260920
962,sheet_241.jpg,1,ok,6164,1773799647559.jpg,C:\Users\uzj5150\Box\Philippines Panel\01 Panel\14 NSU Market Survey\NSU Market Survey Launch\data\pictures/1773799647559.jpg,3f52318d98ae3282,20260920
963,sheet_241.jpg,2,ok,5189,1775874611009.jpg,C:\Users\uzj5150\Box\Philippines Panel\01 Panel\14 NSU Market Survey\NSU Market Survey Launch\data\pictures/1775874611009.jpg,9d077787a90a3c4f,20260920
964,sheet_241.jpg,3,ok,6514,1774326219766.jpg,C:\Users\uzj5150\Box\Philippines Panel\01 Panel\14 NSU Market Survey\NSU Market Survey Launch\data\pictures/1774326219766.jpg,41cdb8c4b41aad61,20260920
965,sheet_242.jpg,0,ok,2552,1776749502966.jpg,C:\Users\uzj5150\Box\Philippines Panel\01 Panel\14 NSU Market Survey\NSU Market Survey Launch\data\pictures/1776749502966.jpg,1d3922e9d5c7006b,20260920
966,sheet_242.jpg,1,ok,5484,1774581902994.jpg,C:\Users\uzj5150\Box\Philippines Panel\01 Panel\14 NSU Market Survey\NSU Market Survey Launch\data\pictures/1774581902994.jpg,00b6692a66427436,20260920
967,sheet_242.jpg,2,ok,104,1778204764576.jpg,C:\Users\uzj5150\Box\Philippines Panel\01 Panel\14 NSU Market Survey\NSU Market Survey Launch\data\pictures/1778204764576.jpg,9c0a8f61ca978a5c,20260920
968,sheet_242.jpg,3,ok,5342,1774574937826.jpg,C:\Users\uzj5150\Box\Philippines Panel\01 Panel\14 NSU Market Survey\NSU Market Survey Launch\data\pictures/1774574937826.jpg,5cfb1d68047c7b66,20260920
969,sheet_243.jpg,0,ok,9616,1773997911793.jpg,C:\Users\uzj5150\Box\Philippines Panel\01 Panel\14 NSU Market Survey\NSU Market Survey Launch\data\pictures/1773997911793.jpg,0733833795c578f7,20260920
970,sheet_243.jpg,1,ok,6453,1774055350711.jpg,C:\Users\uzj5150\Box\Philippines Panel\01 Panel\14 NSU Market Survey\NSU Market Survey Launch\data\pictures/1774055350711.jpg,19367ec85825a67d,20260920
971,sheet_243.jpg,2,ok,5229,1775862932601.jpg,C:\Users\uzj5150\Box\Philippines Panel\01 Panel\14 NSU Market Survey\NSU Market Survey Launch\data\pictures/1775862932601.jpg,df60e8dc0e0625ac,20260920
972,sheet_243.jpg,3,ok,6544,1773722601564.jpg,C:\Users\uzj5150\Box\Philippines Panel\01 Panel\14 NSU Market Survey\NSU Market Survey Launch\data\pictures/1773722601564.jpg,614b35a9f7389eb9,20260920
973,sheet_244.jpg,0,ok,9477,1773794111803.jpg,C:\Users\uzj5150\Box\Philippines Panel\01 Panel\14 NSU Market Survey\NSU Market Survey Launch\data\pictures/1773794111803.jpg,800b6f4e112b47a9,20260920
974,sheet_244.jpg,1,ok,1472,1777425893440.jpg,C:\Users\uzj5150\Box\Philippines Panel\01 Panel\14 NSU Market Survey\NSU Market Survey Launch\data\pictures/1777425893440.jpg,6076c27b0a3cc47e,20260920
975,sheet_244.jpg,2,ok,9663,1773996220898.jpg,C:\Users\uzj5150\Box\Philippines Panel\01 Panel\14 NSU Market Survey\NSU Market Survey Launch\data\pictures/1773996220898.jpg,66bf442ee4dcd5e5,20260920
976,sheet_244.jpg,3,ok,6424,1774323099484.jpg,C:\Users\uzj5150\Box\Philippines Panel\01 Panel\14 NSU Market Survey\NSU Market Survey Launch\data\pictures/1774323099484.jpg,77ef9088ce4398fb,20260920
977,sheet_245.jpg,0,ok,9737,1773886621810.jpg,C:\Users\uzj5150\Box\Philippines Panel\01 Panel\14 NSU Market Survey\NSU Market Survey Launch\data\pictures/1773886621810.jpg,0253bdeb752205be,20260920
978,sheet_245.jpg,1,ok,5634,1774488849528.jpg,C:\Users\uzj5150\Box\Philippines Panel\01 Panel\14 NSU Market Survey\NSU Market Survey Launch\data\pictures/1774488849528.jpg,a989f4e88e3d37d5,20260920
979,sheet_245.jpg,2,ok,1797,1776645556683.jpg,C:\Users\uzj5150\Box\Philippines Panel\01 Panel\14 NSU Market Survey\NSU Market Survey Launch\data\pictures/1776645556683.jpg,ab60cdfbc95cec46,20260920
980,sheet_245.jpg,3,ok,2604,1776304488094.jpg,C:\Users\uzj5150\Box\Philippines Panel\01 Panel\14 NSU Market Survey\NSU Market Survey Launch\data\pictures/1776304488094.jpg,2cd06202012419b6,20260920
981,sheet_246.jpg,0,ok,6147,1773710185455.jpg,C:\Users\uzj5150\Box\Philippines Panel\01 Panel\14 NSU Market Survey\NSU Market Survey Launch\data\pictures/1773710185455.jpg,fcbe283c07ee6f60,20260920
982,sheet_246.jpg,1,ok,9323,1774053432674.jpg,C:\Users\uzj5150\Box\Philippines Panel\01 Panel\14 NSU Market Survey\NSU Market Survey Launch\data\pictures/1774053432674.jpg,94bc51b1329d497f,20260920
983,sheet_246.jpg,2,ok,1775,1776737754411.jpg,C:\Users\uzj5150\Box\Philippines Panel\01 Panel\14 NSU Market Survey\NSU Market Survey Launch\data\pictures/1776737754411.jpg,96e9c151b8a72d22,20260920
984,sheet_246.jpg,3,ok,7963,1776043507652.jpg,C:\Users\uzj5150\Box\Philippines Panel\01 Panel\14 NSU Market Survey\NSU Market Survey Launch\data\pictures/1776043507652.jpg,8aab5c94a6383c81,20260920
985,sheet_247.jpg,0,ok,9313,1774053548955.jpg,C:\Users\uzj5150\Box\Philippines Panel\01 Panel\14 NSU Market Survey\NSU Market Survey Launch\data\pictures/1774053548955.jpg,e2476cc22c19ed94,20260920
986,sheet_247.jpg,1,ok,5147,1775870457198.jpg,C:\Users\uzj5150\Box\Philippines Panel\01 Panel\14 NSU Market Survey\NSU Market Survey Launch\data\pictures/1775870457198.jpg,7dee22db5e01f7d8,20260920
987,sheet_247.jpg,2,ok,2441,1777086673267.jpg,C:\Users\uzj5150\Box\Philippines Panel\01 Panel\14 NSU Market Survey\NSU Market Survey Launch\data\pictures/1777086673267.jpg,4f7fa3f139801cf4,20260920
988,sheet_247.jpg,3,ok,3156,1776910295316.jpg,C:\Users\uzj5150\Box\Philippines Panel\01 Panel\14 NSU Market Survey\NSU Market Survey Launch\data\pictures/1776910295316.jpg,127807a905c1b87d,20260920
989,sheet_248.jpg,0,ok,4402,1776132901630.jpg,C:\Users\uzj5150\Box\Philippines Panel\01 Panel\14 NSU Market Survey\NSU Market Survey Launch\data\pictures/1776132901630.jpg,81edbb602167bcfb,20260920
990,sheet_248.jpg,1,ok,9083,1775613003169.jpg,C:\Users\uzj5150\Box\Philippines Panel\01 Panel\14 NSU Market Survey\NSU Market Survey Launch\data\pictures/1775613003169.jpg,42138c4293582f2e,20260920
991,sheet_248.jpg,2,ok,5084,1773708220998.jpg,C:\Users\uzj5150\Box\Philippines Panel\01 Panel\14 NSU Market Survey\NSU Market Survey Launch\data\pictures/1773708220998.jpg,0fcbbaa5cd6944a8,20260920
992,sheet_248.jpg,3,ok,5105,1773717693637.jpg,C:\Users\uzj5150\Box\Philippines Panel\01 Panel\14 NSU Market Survey\NSU Market Survey Launch\data\pictures/1773717693637.jpg,e72abd9401b4b55c,20260920
993,sheet_249.jpg,0,ok,3178,1776827298452.jpg,C:\Users\uzj5150\Box\Philippines Panel\01 Panel\14 NSU Market Survey\NSU Market Survey Launch\data\pictures/1776827298452.jpg,fff09f9b0f94287b,20260920
994,sheet_249.jpg,1,ok,6130,1773799865655.jpg,C:\Users\uzj5150\Box\Philippines Panel\01 Panel\14 NSU Market Survey\NSU Market Survey Launch\data\pictures/1773799865655.jpg,51b875349e230b79,20260920
995,sheet_249.jpg,2,ok,594,1777597399572.jpg,C:\Users\uzj5150\Box\Philippines Panel\01 Panel\14 NSU Market Survey\NSU Market Survey Launch\data\pictures/1777597399572.jpg,9d93938723bbc43c,20260920
996,sheet_249.jpg,3,ok,2476,1777083419074.jpg,C:\Users\uzj5150\Box\Philippines Panel\01 Panel\14 NSU Market Survey\NSU Market Survey Launch\data\pictures/1777083419074.jpg,54103a11adcb8c58,20260920
997,sheet_250.jpg,0,ok,931,1778051763593.jpg,C:\Users\uzj5150\Box\Philippines Panel\01 Panel\14 NSU Market Survey\NSU Market Survey Launch\data\pictures/1778051763593.jpg,c13a8274bdedcf06,20260920
998,sheet_250.jpg,1,ok,142,1778125537873.jpg,C:\Users\uzj5150\Box\Philippines Panel\01 Panel\14 NSU Market Survey\NSU Market Survey Launch\data\pictures/1778125537873.jpg,b15bebdd0e0738fb,20260920
999,sheet_250.jpg,2,ok,897,1777517342208.jpg,C:\Users\uzj5150\Box\Philippines Panel\01 Panel\14 NSU Market Survey\NSU Market Survey Launch\data\pictures/1777517342208.jpg,30f839d2d241465a,20260920
1000,sheet_250.jpg,3,ok,6461,1774054558146.jpg,C:\Users\uzj5150\Box\Philippines Panel\01 Panel\14 NSU Market Survey\NSU Market Survey Launch\data\pictures/1774054558146.jpg,db5e2d2d9362cc1c,20260920
1001,sheet_251.jpg,0,ok,9554,1773989178038.jpg,C:\Users\uzj5150\Box\Philippines Panel\01 Panel\14 NSU Market Survey\NSU Market Survey Launch\data\pictures/1773989178038.jpg,9ed90506f65c0b6c,20260920
1002,sheet_251.jpg,1,ok,3213,1776827753021.jpg,C:\Users\uzj5150\Box\Philippines Panel\01 Panel\14 NSU Market Survey\NSU Market Survey Launch\data\pictures/1776827753021.jpg,78d6fdb16763d582,20260920
1003,sheet_251.jpg,2,ok,9023,1778646834715.jpg,C:\Users\uzj5150\Box\Philippines Panel\01 Panel\14 NSU Market Survey\NSU Market Survey Launch\data\pictures/1778646834715.jpg,8e6acf126bcc3b57,20260920
1004,sheet_251.jpg,3,ok,3180,1776825605267.jpg,C:\Users\uzj5150\Box\Philippines Panel\01 Panel\14 NSU Market Survey\NSU Market Survey Launch\data\pictures/1776825605267.jpg,1b123f7881b9f6d4,20260920
1005,sheet_252.jpg,0,ok,9662,1778744401928.jpg,C:\Users\uzj5150\Box\Philippines Panel\01 Panel\14 NSU Market Survey\NSU Market Survey Launch\data\pictures/1778744401928.jpg,472993604ba8ea63,20260920
1006,sheet_252.jpg,1,ok,5117,1773713837286.jpg,C:\Users\uzj5150\Box\Philippines Panel\01 Panel\14 NSU Market Survey\NSU Market Survey Launch\data\pictures/1773713837286.jpg,b2b57ead2976ffb7,20260920
1007,sheet_252.jpg,2,ok,4520,1776129561725.jpg,C:\Users\uzj5150\Box\Philippines Panel\01 Panel\14 NSU Market Survey\NSU Market Survey Launch\data\pictures/1776129561725.jpg,a28f3706c1eda764,20260920
1008,sheet_252.jpg,3,ok,2806,1776385528002.jpg,C:\Users\uzj5150\Box\Philippines Panel\01 Panel\14 NSU Market Survey\NSU Market Survey Launch\data\pictures/1776385528002.jpg,e8a6e7b4d0912eb3,20260920
1009,sheet_253.jpg,0,ok,9740,1773911314921.jpg,C:\Users\uzj5150\Box\Philippines Panel\01 Panel\14 NSU Market Survey\NSU Market Survey Launch\data\pictures/1773911314921.jpg,4b65b96ad20837b6,20260920
1010,sheet_253.jpg,1,ok,6958,1778111083699.jpg,C:\Users\uzj5150\Box\Philippines Panel\01 Panel\14 NSU Market Survey\NSU Market Survey Launch\data\pictures/1778111083699.jpg,60d532219b24271f,20260920
1011,sheet_253.jpg,2,ok,11203,1776824012294.jpg,C:\Users\uzj5150\Box\Philippines Panel\01 Panel\14 NSU Market Survey\NSU Market Survey Launch\data\pictures/1776824012294.jpg,3b33af9ff0bf217a,20260920
1012,sheet_253.jpg,3,ok,6549,1773799262279.jpg,C:\Users\uzj5150\Box\Philippines Panel\01 Panel\14 NSU Market Survey\NSU Market Survey Launch\data\pictures/1773799262279.jpg,0c79320ae9693995,20260920
1013,sheet_254.jpg,0,ok,657,1777687835638.jpg,C:\Users\uzj5150\Box\Philippines Panel\01 Panel\14 NSU Market Survey\NSU Market Survey Launch\data\pictures/1777687835638.jpg,60c9dd8e51143269,20260920
1014,sheet_254.jpg,1,ok,6143,1773708302284.jpg,C:\Users\uzj5150\Box\Philippines Panel\01 Panel\14 NSU Market Survey\NSU Market Survey Launch\data\pictures/1773708302284.jpg,525819912c9f1de9,20260920
1015,sheet_254.jpg,2,ok,818,1778031940393.jpg,C:\Users\uzj5150\Box\Philippines Panel\01 Panel\14 NSU Market Survey\NSU Market Survey Launch\data\pictures/1778031940393.jpg,8ddddfaa5e0ac52e,20260920
1016,sheet_254.jpg,3,ok,5688,1774573951113.jpg,C:\Users\uzj5150\Box\Philippines Panel\01 Panel\14 NSU Market Survey\NSU Market Survey Launch\data\pictures/1774573951113.jpg,92566214bdb1cc94,20260920
1017,sheet_255.jpg,0,ok,5299,1775865219145.jpg,C:\Users\uzj5150\Box\Philippines Panel\01 Panel\14 NSU Market Survey\NSU Market Survey Launch\data\pictures/1775865219145.jpg,3517188564357b6b,20260920
1018,sheet_255.jpg,1,ok,2707,1779271240076.jpg,C:\Users\uzj5150\Box\Philippines Panel\01 Panel\14 NSU Market Survey\NSU Market Survey Launch\data\pictures/1779271240076.jpg,5317bb97c6657106,20260920
1019,sheet_255.jpg,2,ok,9566,1773905011358.jpg,C:\Users\uzj5150\Box\Philippines Panel\01 Panel\14 NSU Market Survey\NSU Market Survey Launch\data\pictures/1773905011358.jpg,f9586549e455f3d9,20260920
1020,sheet_255.jpg,3,ok,2408,1776470959786.jpg,C:\Users\uzj5150\Box\Philippines Panel\01 Panel\14 NSU Market Survey\NSU Market Survey Launch\data\pictures/1776470959786.jpg,2ca00ee5ac9b3b5b,20260920
1021,sheet_256.jpg,0,ok,9341,1774061383046.jpg,C:\Users\uzj5150\Box\Philippines Panel\01 Panel\14 NSU Market Survey\NSU Market Survey Launch\data\pictures/1774061383046.jpg,154c35584512d2fe,20260920
1022,sheet_256.jpg,1,ok,9801,1773967404802.jpg,C:\Users\uzj5150\Box\Philippines Panel\01 Panel\14 NSU Market Survey\NSU Market Survey Launch\data\pictures/1773967404802.jpg,051e68e6fefce259,20260920
1023,sheet_256.jpg,2,ok,8530,1775777731458.jpg,C:\Users\uzj5150\Box\Philippines Panel\01 Panel\14 NSU Market Survey\NSU Market Survey Launch\data\pictures/1775777731458.jpg,5b33d781bdb7f9d2,20260920
1024,sheet_256.jpg,3,ok,2366,1776469127757.jpg,C:\Users\uzj5150\Box\Philippines Panel\01 Panel\14 NSU Market Survey\NSU Market Survey Launch\data\pictures/1776469127757.jpg,0e9aac39db325aba,20260920
1025,sheet_257.jpg,0,ok,9429,1773728092839.jpg,C:\Users\uzj5150\Box\Philippines Panel\01 Panel\14 NSU Market Survey\NSU Market Survey Launch\data\pictures/1773728092839.jpg,257294dc519797e1,20260920
1026,sheet_257.jpg,1,ok,6107,1773709194717.jpg,C:\Users\uzj5150\Box\Philippines Panel\01 Panel\14 NSU Market Survey\NSU Market Survey Launch\data\pictures/1773709194717.jpg,4a0515a2ce0ef321,20260920
1027,sheet_257.jpg,2,ok,857,1777535109524.jpg,C:\Users\uzj5150\Box\Philippines Panel\01 Panel\14 NSU Market Survey\NSU Market Survey Launch\data\pictures/1777535109524.jpg,e32607b1baf4468c,20260920
1028,sheet_257.jpg,3,ok,10786,1777426742922.jpg,C:\Users\uzj5150\Box\Philippines Panel\01 Panel\14 NSU Market Survey\NSU Market Survey Launch\data\pictures/1777426742922.jpg,dee21393a5b75d17,20260920
1029,sheet_258.jpg,0,ok,9480,1773794528338.jpg,C:\Users\uzj5150\Box\Philippines Panel\01 Panel\14 NSU Market Survey\NSU Market Survey Launch\data\pictures/1773794528338.jpg,ba0bd9a147d634b5,20260920
1030,sheet_258.jpg,1,ok,10045,1778476930805.jpg,C:\Users\uzj5150\Box\Philippines Panel\01 Panel\14 NSU Market Survey\NSU Market Survey Launch\data\pictures/1778476930805.jpg,acc054bd2ae700b4,20260920
1031,sheet_258.jpg,2,ok,10553,1777269003008.jpg,C:\Users\uzj5150\Box\Philippines Panel\01 Panel\14 NSU Market Survey\NSU Market Survey Launch\data\pictures/1777269003008.jpg,28cfb14292b0f2a8,20260920
1032,sheet_258.jpg,3,ok,10692,1777602939801.jpg,C:\Users\uzj5150\Box\Philippines Panel\01 Panel\14 NSU Market Survey\NSU Market Survey Launch\data\pictures/1777602939801.jpg,d1958c0ebb13dd8e,20260920
1033,sheet_259.jpg,0,ok,8038,1775871489048.jpg,C:\Users\uzj5150\Box\Philippines Panel\01 Panel\14 NSU Market Survey\NSU Market Survey Launch\data\pictures/1775871489048.jpg,dc71b71e3afffcd6,20260920
1034,sheet_259.jpg,1,ok,11136,1776821227173.jpg,C:\Users\uzj5150\Box\Philippines Panel\01 Panel\14 NSU Market Survey\NSU Market Survey Launch\data\pictures/1776821227173.jpg,c426d420d3487f21,20260920
1035,sheet_259.jpg,2,ok,5367,1774578580051.jpg,C:\Users\uzj5150\Box\Philippines Panel\01 Panel\14 NSU Market Survey\NSU Market Survey Launch\data\pictures/1774578580051.jpg,1f4fb31652dc5ef5,20260920
1036,sheet_259.jpg,3,ok,11160,1776826157423.jpg,C:\Users\uzj5150\Box\Philippines Panel\01 Panel\14 NSU Market Survey\NSU Market Survey Launch\data\pictures/1776826157423.jpg,2f411e3738b33e49,20260920
1037,sheet_260.jpg,0,ok,9088,1775609225422.jpg,C:\Users\uzj5150\Box\Philippines Panel\01 Panel\14 NSU Market Survey\NSU Market Survey Launch\data\pictures/1775609225422.jpg,bb8ea4f56527880c,20260920
1038,sheet_260.jpg,1,ok,9,1778295521311.jpg,C:\Users\uzj5150\Box\Philippines Panel\01 Panel\14 NSU Market Survey\NSU Market Survey Launch\data\pictures/1778295521311.jpg,00f3b8227e52c753,20260920
1039,sheet_260.jpg,2,ok,9383,1774317987231.jpg,C:\Users\uzj5150\Box\Philippines Panel\01 Panel\14 NSU Market Survey\NSU Market Survey Launch\data\pictures/1774317987231.jpg,c31e55dc40c69589,20260920
1040,sheet_260.jpg,3,ok,2365,1776395937656.jpg,C:\Users\uzj5150\Box\Philippines Panel\01 Panel\14 NSU Market Survey\NSU Market Survey Launch\data\pictures/1776395937656.jpg,fc7f860764373522,20260920
1041,sheet_261.jpg,0,ok,11275,1777955534427.jpg,C:\Users\uzj5150\Box\Philippines Panel\01 Panel\14 NSU Market Survey\NSU Market Survey Launch\data\pictures/1777955534427.jpg,42f342742bbeb019,20260920
1042,sheet_261.jpg,1,ok,607,1777864620792.jpg,C:\Users\uzj5150\Box\Philippines Panel\01 Panel\14 NSU Market Survey\NSU Market Survey Launch\data\pictures/1777864620792.jpg,e04d1504d5fc340e,20260920
1043,sheet_261.jpg,2,ok,11015,1776651374425.jpg,C:\Users\uzj5150\Box\Philippines Panel\01 Panel\14 NSU Market Survey\NSU Market Survey Launch\data\pictures/1776651374425.jpg,eb5d6438b7319ffd,20260920
1044,sheet_261.jpg,3,ok,2357,1776396454734.jpg,C:\Users\uzj5150\Box\Philippines Panel\01 Panel\14 NSU Market Survey\NSU Market Survey Launch\data\pictures/1776396454734.jpg,fd0f972046899caf,20260920
1045,sheet_262.jpg,0,ok,907,1778034192150.jpg,C:\Users\uzj5150\Box\Philippines Panel\01 Panel\14 NSU Market Survey\NSU Market Survey Launch\data\pictures/1778034192150.jpg,4d5bde126c38a5d9,20260920
1046,sheet_262.jpg,1,ok,2606,1776304991360.jpg,C:\Users\uzj5150\Box\Philippines Panel\01 Panel\14 NSU Market Survey\NSU Market Survey Launch\data\pictures/1776304991360.jpg,b1f246e5983a9e22,20260920
1047,sheet_262.jpg,2,ok,5097,1773712378167.jpg,C:\Users\uzj5150\Box\Philippines Panel\01 Panel\14 NSU Market Survey\NSU Market Survey Launch\data\pictures/1773712378167.jpg,81d9b56104d8b508,20260920
1048,sheet_262.jpg,3,ok,8476,1778718465329.jpg,C:\Users\uzj5150\Box\Philippines Panel\01 Panel\14 NSU Market Survey\NSU Market Survey Launch\data\pictures/1778718465329.jpg,0a2aa7559e35827e,20260920
1049,sheet_263.jpg,0,ok,10416,1778569643230.jpg,C:\Users\uzj5150\Box\Philippines Panel\01 Panel\14 NSU Market Survey\NSU Market Survey Launch\data\pictures/1778569643230.jpg,ff92992d5714827f,20260920
1050,sheet_263.jpg,1,ok,10811,1777424237089.jpg,C:\Users\uzj5150\Box\Philippines Panel\01 Panel\14 NSU Market Survey\NSU Market Survey Launch\data\pictures/1777424237089.jpg,c86c8c0b8c2fe2ef,20260920
1051,sheet_263.jpg,2,ok,8429,1775695440569.jpg,C:\Users\uzj5150\Box\Philippines Panel\01 Panel\14 NSU Market Survey\NSU Market Survey Launch\data\pictures/1775695440569.jpg,51c96f89685856a3,20260920
1052,sheet_263.jpg,3,ok,5380,1778283607010.jpg,C:\Users\uzj5150\Box\Philippines Panel\01 Panel\14 NSU Market Survey\NSU Market Survey Launch\data\pictures/1778283607010.jpg,85a03a00f8118f75,20260920
1053,sheet_264.jpg,0,ok,6228,1773801489787.jpg,C:\Users\uzj5150\Box\Philippines Panel\01 Panel\14 NSU Market Survey\NSU Market Survey Launch\data\pictures/1773801489787.jpg,cf230e313af28f1e,20260920
1054,sheet_264.jpg,1,ok,9463,1773797265664.jpg,C:\Users\uzj5150\Box\Philippines Panel\01 Panel\14 NSU Market Survey\NSU Market Survey Launch\data\pictures/1773797265664.jpg,92fa6f579e0d4303,20260920
1055,sheet_264.jpg,2,ok,11452,1776993026684.jpg,C:\Users\uzj5150\Box\Philippines Panel\01 Panel\14 NSU Market Survey\NSU Market Survey Launch\data\pictures/1776993026684.jpg,84adbbfe69c87f22,20260920
1056,sheet_264.jpg,3,ok,6249,1778895486631.jpg,C:\Users\uzj5150\Box\Philippines Panel\01 Panel\14 NSU Market Survey\NSU Market Survey Launch\data\pictures/1778895486631.jpg,3a20d4aa073c09c2,20260920
1057,sheet_265.jpg,0,ok,6144,1773708330265.jpg,C:\Users\uzj5150\Box\Philippines Panel\01 Panel\14 NSU Market Survey\NSU Market Survey Launch\data\pictures/1773708330265.jpg,9309bb2cde438188,20260920
1058,sheet_265.jpg,1,ok,2615,1776304554261.jpg,C:\Users\uzj5150\Box\Philippines Panel\01 Panel\14 NSU Market Survey\NSU Market Survey Launch\data\pictures/1776304554261.jpg,533c7a6a3e09a4bc,20260920
1059,sheet_265.jpg,2,ok,10576,1777272043469.jpg,C:\Users\uzj5150\Box\Philippines Panel\01 Panel\14 NSU Market Survey\NSU Market Survey Launch\data\pictures/1777272043469.jpg,24964d0e2e49930e,20260920
1060,sheet_265.jpg,3,ok,5122,1773802376971.jpg,C:\Users\uzj5150\Box\Philippines Panel\01 Panel\14 NSU Market Survey\NSU Market Survey Launch\data\pictures/1773802376971.jpg,6688e28be8823be9,20260920
1061,sheet_266.jpg,0,ok,8502,1775780654360.jpg,C:\Users\uzj5150\Box\Philippines Panel\01 Panel\14 NSU Market Survey\NSU Market Survey Launch\data\pictures/1775780654360.jpg,38c23afe5238e6e4,20260920
1062,sheet_266.jpg,1,ok,398,1777347785934.jpg,C:\Users\uzj5150\Box\Philippines Panel\01 Panel\14 NSU Market Survey\NSU Market Survey Launch\data\pictures/1777347785934.jpg,c8c30da6ec67b606,20260920
1063,sheet_266.jpg,2,ok,4398,1776132189432.jpg,C:\Users\uzj5150\Box\Philippines Panel\01 Panel\14 NSU Market Survey\NSU Market Survey Launch\data\pictures/1776132189432.jpg,6498bc1738e7c6e5,20260920
1064,sheet_266.jpg,3,ok,874,1777514126057.jpg,C:\Users\uzj5150\Box\Philippines Panel\01 Panel\14 NSU Market Survey\NSU Market Survey Launch\data\pictures/1777514126057.jpg,2d2dffd42d23709d,20260920
1065,sheet_267.jpg,0,ok,2414,1776471383140.jpg,C:\Users\uzj5150\Box\Philippines Panel\01 Panel\14 NSU Market Survey\NSU Market Survey Launch\data\pictures/1776471383140.jpg,77d83bf87825a95c,20260920
1066,sheet_267.jpg,1,ok,8455,1775787007953.jpg,C:\Users\uzj5150\Box\Philippines Panel\01 Panel\14 NSU Market Survey\NSU Market Survey Launch\data\pictures/1775787007953.jpg,c679d7e38255821b,20260920
1067,sheet_267.jpg,2,ok,9090,1775526406853.jpg,C:\Users\uzj5150\Box\Philippines Panel\01 Panel\14 NSU Market Survey\NSU Market Survey Launch\data\pictures/1775526406853.jpg,6737cc753af531f7,20260920
1068,sheet_267.jpg,3,ok,1703,1776649509312.jpg,C:\Users\uzj5150\Box\Philippines Panel\01 Panel\14 NSU Market Survey\NSU Market Survey Launch\data\pictures/1776649509312.jpg,2f04434f29cac359,20260920
1069,sheet_268.jpg,0,ok,9869,1773887017654.jpg,C:\Users\uzj5150\Box\Philippines Panel\01 Panel\14 NSU Market Survey\NSU Market Survey Launch\data\pictures/1773887017654.jpg,113f8116653b783c,20260920
1070,sheet_268.jpg,1,ok,9647,1773975938588.jpg,C:\Users\uzj5150\Box\Philippines Panel\01 Panel\14 NSU Market Survey\NSU Market Survey Launch\data\pictures/1773975938588.jpg,e3a24fe702f00f3f,20260920
1071,sheet_268.jpg,2,ok,6157,1773727684484.jpg,C:\Users\uzj5150\Box\Philippines Panel\01 Panel\14 NSU Market Survey\NSU Market Survey Launch\data\pictures/1773727684484.jpg,2072a8dd22ee5dea,20260920
1072,sheet_268.jpg,3,ok,9491,1778549270100.jpg,C:\Users\uzj5150\Box\Philippines Panel\01 Panel\14 NSU Market Survey\NSU Market Survey Launch\data\pictures/1778549270100.jpg,c226a8fc1b511505,20260920
1073,sheet_269.jpg,0,ok,2068,1776821413646.jpg,C:\Users\uzj5150\Box\Philippines Panel\01 Panel\14 NSU Market Survey\NSU Market Survey Launch\data\pictures/1776821413646.jpg,d23131c8ca8f0eac,20260920
1074,sheet_269.jpg,1,ok,6422,1774323447372.jpg,C:\Users\uzj5150\Box\Philippines Panel\01 Panel\14 NSU Market Survey\NSU Market Survey Launch\data\pictures/1774323447372.jpg,b17ce90ab22a926d,20260920
1075,sheet_269.jpg,2,ok,10061,1773726748950.jpg,C:\Users\uzj5150\Box\Philippines Panel\01 Panel\14 NSU Market Survey\NSU Market Survey Launch\data\pictures/1773726748950.jpg,7da7ed5d1d380fde,20260920
1076,sheet_269.jpg,3,ok,6986,1778032368395.jpg,C:\Users\uzj5150\Box\Philippines Panel\01 Panel\14 NSU Market Survey\NSU Market Survey Launch\data\pictures/1778032368395.jpg,8b40aceeff949ac8,20260920
1077,sheet_270.jpg,0,ok,10760,1777421793220.jpg,C:\Users\uzj5150\Box\Philippines Panel\01 Panel\14 NSU Market Survey\NSU Market Survey Launch\data\pictures/1777421793220.jpg,15e92866f7e86d2d,20260920
1078,sheet_270.jpg,1,ok,7849,1773883264566.jpg,C:\Users\uzj5150\Box\Philippines Panel\01 Panel\14 NSU Market Survey\NSU Market Survey Launch\data\pictures/1773883264566.jpg,9320897a62041ee5,20260920
1079,sheet_270.jpg,2,ok,11119,1776823080462.jpg,C:\Users\uzj5150\Box\Philippines Panel\01 Panel\14 NSU Market Survey\NSU Market Survey Launch\data\pictures/1776823080462.jpg,4cb041a965e72009,20260920
1080,sheet_270.jpg,3,ok,9335,1774060940950.jpg,C:\Users\uzj5150\Box\Philippines Panel\01 Panel\14 NSU Market Survey\NSU Market Survey Launch\data\pictures/1774060940950.jpg,46a266434e2ae2b3,20260920
1081,sheet_271.jpg,0,ok,614,1777867937480.jpg,C:\Users\uzj5150\Box\Philippines Panel\01 Panel\14 NSU Market Survey\NSU Market Survey Launch\data\pictures/1777867937480.jpg,ff57e53bd481aa74,20260920
1082,sheet_271.jpg,1,ok,4953,1778900341660.jpg,C:\Users\uzj5150\Box\Philippines Panel\01 Panel\14 NSU Market Survey\NSU Market Survey Launch\data\pictures/1778900341660.jpg,17208419c9b69d19,20260920
1083,sheet_271.jpg,2,ok,880,1777511528694.jpg,C:\Users\uzj5150\Box\Philippines Panel\01 Panel\14 NSU Market Survey\NSU Market Survey Launch\data\pictures/1777511528694.jpg,fdf1aed963fb689b,20260920
1084,sheet_271.jpg,3,ok,815,1777447845765.jpg,C:\Users\uzj5150\Box\Philippines Panel\01 Panel\14 NSU Market Survey\NSU Market Survey Launch\data\pictures/1777447845765.jpg,6183b83f6f060421,20260920
1085,sheet_272.jpg,0,ok,3004,1779169921480.jpg,C:\Users\uzj5150\Box\Philippines Panel\01 Panel\14 NSU Market Survey\NSU Market Survey Launch\data\pictures/1779169921480.jpg,51f0f03003a350a9,20260920
1086,sheet_272.jpg,1,ok,863,1778028947163.jpg,C:\Users\uzj5150\Box\Philippines Panel\01 Panel\14 NSU Market Survey\NSU Market Survey Launch\data\pictures/1778028947163.jpg,95b72ace60c73582,20260920
1087,sheet_272.jpg,2,ok,6959,1778111125261.jpg,C:\Users\uzj5150\Box\Philippines Panel\01 Panel\14 NSU Market Survey\NSU Market Survey Launch\data\pictures/1778111125261.jpg,52a69a8811aeaae7,20260920
1088,sheet_272.jpg,3,ok,6118,1773710372730.jpg,C:\Users\uzj5150\Box\Philippines Panel\01 Panel\14 NSU Market Survey\NSU Market Survey Launch\data\pictures/1773710372730.jpg,91514fb1c200de85,20260920
1089,sheet_273.jpg,0,ok,2652,1776303056455.jpg,C:\Users\uzj5150\Box\Philippines Panel\01 Panel\14 NSU Market Survey\NSU Market Survey Launch\data\pictures/1776303056455.jpg,7e79bf4b24c45ce2,20260920
1090,sheet_273.jpg,1,ok,2946,1776653581193.jpg,C:\Users\uzj5150\Box\Philippines Panel\01 Panel\14 NSU Market Survey\NSU Market Survey Launch\data\pictures/1776653581193.jpg,2f21197ba4c50e82,20260920
1091,sheet_273.jpg,2,ok,10759,1777421376629.jpg,C:\Users\uzj5150\Box\Philippines Panel\01 Panel\14 NSU Market Survey\NSU Market Survey Launch\data\pictures/1777421376629.jpg,72af615f525a3380,20260920
1092,sheet_273.jpg,3,ok,5136,1775868626125.jpg,C:\Users\uzj5150\Box\Philippines Panel\01 Panel\14 NSU Market Survey\NSU Market Survey Launch\data\pictures/1775868626125.jpg,7374127faddc4b0d,20260920
1093,sheet_274.jpg,0,ok,2641,1776215135968.jpg,C:\Users\uzj5150\Box\Philippines Panel\01 Panel\14 NSU Market Survey\NSU Market Survey Launch\data\pictures/1776215135968.jpg,b0417ae11ce2d18f,20260920
1094,sheet_274.jpg,1,ok,10056,1773726185027.jpg,C:\Users\uzj5150\Box\Philippines Panel\01 Panel\14 NSU Market Survey\NSU Market Survey Launch\data\pictures/1773726185027.jpg,937459fdfb11e2bc,20260920
1095,sheet_274.jpg,2,ok,756,1777604530752.jpg,C:\Users\uzj5150\Box\Philippines Panel\01 Panel\14 NSU Market Survey\NSU Market Survey Launch\data\pictures/1777604530752.jpg,3c0a56aeb6a094fc,20260920
1096,sheet_274.jpg,3,ok,4897,1775524082293.jpg,C:\Users\uzj5150\Box\Philippines Panel\01 Panel\14 NSU Market Survey\NSU Market Survey Launch\data\pictures/1775524082293.jpg,5eda256eb5ba2507,20260920
1097,sheet_275.jpg,0,ok,2369,1776385171599.jpg,C:\Users\uzj5150\Box\Philippines Panel\01 Panel\14 NSU Market Survey\NSU Market Survey Launch\data\pictures/1776385171599.jpg,7d8d4f2f4588cb58,20260920
1098,sheet_275.jpg,1,ok,6516,1774322371575.jpg,C:\Users\uzj5150\Box\Philippines Panel\01 Panel\14 NSU Market Survey\NSU Market Survey Launch\data\pictures/1774322371575.jpg,4b694a29eb20fec5,20260920
1099,sheet_275.jpg,2,ok,9565,1773904988226.jpg,C:\Users\uzj5150\Box\Philippines Panel\01 Panel\14 NSU Market Survey\NSU Market Survey Launch\data\pictures/1773904988226.jpg,b38608ca80b9c73b,20260920
1100,sheet_275.jpg,3,ok,4405,1776132540423.jpg,C:\Users\uzj5150\Box\Philippines Panel\01 Panel\14 NSU Market Survey\NSU Market Survey Launch\data\pictures/1776132540423.jpg,37d2380fa8b73c2a,20260920
1101,sheet_276.jpg,0,ok,5438,1778810728156.jpg,C:\Users\uzj5150\Box\Philippines Panel\01 Panel\14 NSU Market Survey\NSU Market Survey Launch\data\pictures/1778810728156.jpg,ea38f5115dd576ef,20260920
1102,sheet_276.jpg,1,ok,9709,1773882100262.jpg,C:\Users\uzj5150\Box\Philippines Panel\01 Panel\14 NSU Market Survey\NSU Market Survey Launch\data\pictures/1773882100262.jpg,c71365742accedf8,20260920
1103,sheet_276.jpg,2,ok,115,1778125057244.jpg,C:\Users\uzj5150\Box\Philippines Panel\01 Panel\14 NSU Market Survey\NSU Market Survey Launch\data\pictures/1778125057244.jpg,0b309be6ae24f7bf,20260920
1104,sheet_276.jpg,3,ok,9671,1773894622441.jpg,C:\Users\uzj5150\Box\Philippines Panel\01 Panel\14 NSU Market Survey\NSU Market Survey Launch\data\pictures/1773894622441.jpg,57a4da400417852e,20260920
1105,sheet_277.jpg,0,ok,5374,1774576221544.jpg,C:\Users\uzj5150\Box\Philippines Panel\01 Panel\14 NSU Market Survey\NSU Market Survey Launch\data\pictures/1774576221544.jpg,c58c8f458077025d,20260920
1106,sheet_277.jpg,1,ok,8529,1778719053327.jpg,C:\Users\uzj5150\Box\Philippines Panel\01 Panel\14 NSU Market Survey\NSU Market Survey Launch\data\pictures/1778719053327.jpg,1fbd7968a0860ec4,20260920
1107,sheet_277.jpg,2,ok,759,1777600076702.jpg,C:\Users\uzj5150\Box\Philippines Panel\01 Panel\14 NSU Market Survey\NSU Market Survey Launch\data\pictures/1777600076702.jpg,75c663974522cdcf,20260920
1108,sheet_277.jpg,3,ok,6953,1778111633338.jpg,C:\Users\uzj5150\Box\Philippines Panel\01 Panel\14 NSU Market Survey\NSU Market Survey Launch\data\pictures/1778111633338.jpg,000183256c3bcfc5,20260920
1109,sheet_278.jpg,0,ok,9530,1773902646801.jpg,C:\Users\uzj5150\Box\Philippines Panel\01 Panel\14 NSU Market Survey\NSU Market Survey Launch\data\pictures/1773902646801.jpg,86a778071b9de747,20260920
1110,sheet_278.jpg,1,ok,9327,1774328136123.jpg,C:\Users\uzj5150\Box\Philippines Panel\01 Panel\14 NSU Market Survey\NSU Market Survey Launch\data\pictures/1774328136123.jpg,baa57fb250369bca,20260920
1111,sheet_278.jpg,2,ok,9331,1774066323226.jpg,C:\Users\uzj5150\Box\Philippines Panel\01 Panel\14 NSU Market Survey\NSU Market Survey Launch\data\pictures/1774066323226.jpg,9466fc17c473a56a,20260920
1112,sheet_278.jpg,3,ok,9658,1773883839423.jpg,C:\Users\uzj5150\Box\Philippines Panel\01 Panel\14 NSU Market Survey\NSU Market Survey Launch\data\pictures/1773883839423.jpg,df9ef96339d37e0c,20260920
1113,sheet_279.jpg,0,ok,933,1777426793732.jpg,C:\Users\uzj5150\Box\Philippines Panel\01 Panel\14 NSU Market Survey\NSU Market Survey Launch\data\pictures/1777426793732.jpg,25eff1a19a695cea,20260920
1114,sheet_279.jpg,1,ok,9386,1774326349026.jpg,C:\Users\uzj5150\Box\Philippines Panel\01 Panel\14 NSU Market Survey\NSU Market Survey Launch\data\pictures/1774326349026.jpg,55a8cc2e8ac32ff1,20260920
1115,sheet_279.jpg,2,ok,5578,1774409963995.jpg,C:\Users\uzj5150\Box\Philippines Panel\01 Panel\14 NSU Market Survey\NSU Market Survey Launch\data\pictures/1774409963995.jpg,00c2e155863e21e9,20260920
1116,sheet_279.jpg,3,ok,5335,1774574723126.jpg,C:\Users\uzj5150\Box\Philippines Panel\01 Panel\14 NSU Market Survey\NSU Market Survey Launch\data\pictures/1774574723126.jpg,343a615dec0af29d,20260920
1117,sheet_280.jpg,0,ok,9332,1774052291882.jpg,C:\Users\uzj5150\Box\Philippines Panel\01 Panel\14 NSU Market Survey\NSU Market Survey Launch\data\pictures/1774052291882.jpg,010443ba7e75e642,20260920
1118,sheet_280.jpg,1,ok,4117,1775873036640.jpg,C:\Users\uzj5150\Box\Philippines Panel\01 Panel\14 NSU Market Survey\NSU Market Survey Launch\data\pictures/1775873036640.jpg,b27c9d49e343e335,20260920
1119,sheet_280.jpg,2,ok,5132,1775867305248.jpg,C:\Users\uzj5150\Box\Philippines Panel\01 Panel\14 NSU Market Survey\NSU Market Survey Launch\data\pictures/1775867305248.jpg,11733ce38e1c927e,20260920
1120,sheet_280.jpg,3,ok,751,1777688108975.jpg,C:\Users\uzj5150\Box\Philippines Panel\01 Panel\14 NSU Market Survey\NSU Market Survey Launch\data\pictures/1777688108975.jpg,abf5dd874b441df8,20260920
1121,sheet_281.jpg,0,ok,9858,1773892627988.jpg,C:\Users\uzj5150\Box\Philippines Panel\01 Panel\14 NSU Market Survey\NSU Market Survey Launch\data\pictures/1773892627988.jpg,0e84e3b3b324f980,20260920
1122,sheet_281.jpg,1,ok,4913,1775524373493.jpg,C:\Users\uzj5150\Box\Philippines Panel\01 Panel\14 NSU Market Survey\NSU Market Survey Launch\data\pictures/1775524373493.jpg,9adc89a934c7e3c7,20260920
1123,sheet_281.jpg,2,ok,9336,1774060956260.jpg,C:\Users\uzj5150\Box\Philippines Panel\01 Panel\14 NSU Market Survey\NSU Market Survey Launch\data\pictures/1774060956260.jpg,f79656c9f01ed613,20260920
1124,sheet_281.jpg,3,ok,6218,1773812556318.jpg,C:\Users\uzj5150\Box\Philippines Panel\01 Panel\14 NSU Market Survey\NSU Market Survey Launch\data\pictures/1773812556318.jpg,ed5387957ddd64e3,20260920
1125,sheet_282.jpg,0,ok,6191,1773809326316.jpg,C:\Users\uzj5150\Box\Philippines Panel\01 Panel\14 NSU Market Survey\NSU Market Survey Launch\data\pictures/1773809326316.jpg,aa5220cb089f9097,20260920
1126,sheet_282.jpg,1,ok,9421,1773722241975.jpg,C:\Users\uzj5150\Box\Philippines Panel\01 Panel\14 NSU Market Survey\NSU Market Survey Launch\data\pictures/1773722241975.jpg,295f9dd6817b185d,20260920
1127,sheet_282.jpg,2,ok,9319,1774318925221.jpg,C:\Users\uzj5150\Box\Philippines Panel\01 Panel\14 NSU Market Survey\NSU Market Survey Launch\data\pictures/1774318925221.jpg,66bd9b6ff9c881a3,20260920
1128,sheet_282.jpg,3,ok,5645,1774403436959.jpg,C:\Users\uzj5150\Box\Philippines Panel\01 Panel\14 NSU Market Survey\NSU Market Survey Launch\data\pictures/1774403436959.jpg,0feebd8e799e4a0c,20260920
1129,sheet_283.jpg,0,ok,9556,1773983037689.jpg,C:\Users\uzj5150\Box\Philippines Panel\01 Panel\14 NSU Market Survey\NSU Market Survey Launch\data\pictures/1773983037689.jpg,c120a75dfd6e8ce8,20260920
1130,sheet_283.jpg,1,ok,8436,1775780432065.jpg,C:\Users\uzj5150\Box\Philippines Panel\01 Panel\14 NSU Market Survey\NSU Market Survey Launch\data\pictures/1775780432065.jpg,16f202a5c515ce85,20260920
1131,sheet_283.jpg,2,ok,9581,1773880609490.jpg,C:\Users\uzj5150\Box\Philippines Panel\01 Panel\14 NSU Market Survey\NSU Market Survey Launch\data\pictures/1773880609490.jpg,44068600081bb05c,20260920
1132,sheet_283.jpg,3,ok,9786,1773893435756.jpg,C:\Users\uzj5150\Box\Philippines Panel\01 Panel\14 NSU Market Survey\NSU Market Survey Launch\data\pictures/1773893435756.jpg,cc96f9a444ebecbd,20260920
1133,sheet_284.jpg,0,ok,3205,1776829961765.jpg,C:\Users\uzj5150\Box\Philippines Panel\01 Panel\14 NSU Market Survey\NSU Market Survey Launch\data\pictures/1776829961765.jpg,927d2b4870999a00,20260920
1134,sheet_284.jpg,1,ok,2582,1779161502198.jpg,C:\Users\uzj5150\Box\Philippines Panel\01 Panel\14 NSU Market Survey\NSU Market Survey Launch\data\pictures/1779161502198.jpg,104a847a34422bfb,20260920
1135,sheet_284.jpg,2,ok,2814,1776393709699.jpg,C:\Users\uzj5150\Box\Philippines Panel\01 Panel\14 NSU Market Survey\NSU Market Survey Launch\data\pictures/1776393709699.jpg,7246eba5317e7452,20260920
1136,sheet_284.jpg,3,ok,7615,1774491617406.jpg,C:\Users\uzj5150\Box\Philippines Panel\01 Panel\14 NSU Market Survey\NSU Market Survey Launch\data\pictures/1774491617406.jpg,80059bd0d745d402,20260920
1137,sheet_285.jpg,0,ok,2370,1776385198654.jpg,C:\Users\uzj5150\Box\Philippines Panel\01 Panel\14 NSU Market Survey\NSU Market Survey Launch\data\pictures/1776385198654.jpg,e4e9dd434a613d43,20260920
1138,sheet_285.jpg,1,ok,8075,1775865898239.jpg,C:\Users\uzj5150\Box\Philippines Panel\01 Panel\14 NSU Market Survey\NSU Market Survey Launch\data\pictures/1775865898239.jpg,54194bb2d38e1911,20260920
1139,sheet_285.jpg,2,ok,2410,1776395359906.jpg,C:\Users\uzj5150\Box\Philippines Panel\01 Panel\14 NSU Market Survey\NSU Market Survey Launch\data\pictures/1776395359906.jpg,3589c884362895e2,20260920
1140,sheet_285.jpg,3,ok,394,1777351913450.jpg,C:\Users\uzj5150\Box\Philippines Panel\01 Panel\14 NSU Market Survey\NSU Market Survey Launch\data\pictures/1777351913450.jpg,51422a9cde165eea,20260920
1141,sheet_286.jpg,0,ok,590,1777866780154.jpg,C:\Users\uzj5150\Box\Philippines Panel\01 Panel\14 NSU Market Survey\NSU Market Survey Launch\data\pictures/1777866780154.jpg,5b55a6ecd4cbe0cb,20260920
1142,sheet_286.jpg,1,ok,6425,1774050687435.jpg,C:\Users\uzj5150\Box\Philippines Panel\01 Panel\14 NSU Market Survey\NSU Market Survey Launch\data\pictures/1774050687435.jpg,9bb580f7595328cd,20260920
1143,sheet_286.jpg,2,ok,6189,1773802519770.jpg,C:\Users\uzj5150\Box\Philippines Panel\01 Panel\14 NSU Market Survey\NSU Market Survey Launch\data\pictures/1773802519770.jpg,84afa8301941168e,20260920
1144,sheet_286.jpg,3,ok,5160,1775867893492.jpg,C:\Users\uzj5150\Box\Philippines Panel\01 Panel\14 NSU Market Survey\NSU Market Survey Launch\data\pictures/1775867893492.jpg,037a35d3c3016ad1,20260920
1145,sheet_287.jpg,0,ok,9593,1773902757162.jpg,C:\Users\uzj5150\Box\Philippines Panel\01 Panel\14 NSU Market Survey\NSU Market Survey Launch\data\pictures/1773902757162.jpg,0b8ff455f7dc433b,20260920
1146,sheet_287.jpg,1,ok,5142,1776039140175.jpg,C:\Users\uzj5150\Box\Philippines Panel\01 Panel\14 NSU Market Survey\NSU Market Survey Launch\data\pictures/1776039140175.jpg,4a093d51121440fd,20260920
1147,sheet_287.jpg,2,ok,8507,1775779953634.jpg,C:\Users\uzj5150\Box\Philippines Panel\01 Panel\14 NSU Market Survey\NSU Market Survey Launch\data\pictures/1775779953634.jpg,5f0851be4224a9b8,20260920
1148,sheet_287.jpg,3,ok,6190,1773809305663.jpg,C:\Users\uzj5150\Box\Philippines Panel\01 Panel\14 NSU Market Survey\NSU Market Survey Launch\data\pictures/1773809305663.jpg,2ecb27cfdfae5f13,20260920
1149,sheet_288.jpg,0,ok,3003,1779169900568.jpg,C:\Users\uzj5150\Box\Philippines Panel\01 Panel\14 NSU Market Survey\NSU Market Survey Launch\data\pictures/1779169900568.jpg,2e5664cd856894b0,20260920
1150,sheet_288.jpg,1,ok,1607,1777000420609.jpg,C:\Users\uzj5150\Box\Philippines Panel\01 Panel\14 NSU Market Survey\NSU Market Survey Launch\data\pictures/1777000420609.jpg,ecae764e4c807506,20260920
1151,sheet_288.jpg,2,ok,6238,1773796269194.jpg,C:\Users\uzj5150\Box\Philippines Panel\01 Panel\14 NSU Market Survey\NSU Market Survey Launch\data\pictures/1773796269194.jpg,2b64d0a484f0f374,20260920
1152,sheet_288.jpg,3,ok,9324,1774053451911.jpg,C:\Users\uzj5150\Box\Philippines Panel\01 Panel\14 NSU Market Survey\NSU Market Survey Launch\data\pictures/1774053451911.jpg,3e4b7a27e673c780,20260920
1153,sheet_289.jpg,0,ok,5221,1775863731159.jpg,C:\Users\uzj5150\Box\Philippines Panel\01 Panel\14 NSU Market Survey\NSU Market Survey Launch\data\pictures/1775863731159.jpg,1c02c59ae1d7c298,20260920
1154,sheet_289.jpg,1,ok,4379,1776126820272.jpg,C:\Users\uzj5150\Box\Philippines Panel\01 Panel\14 NSU Market Survey\NSU Market Survey Launch\data\pictures/1776126820272.jpg,c8fee50aef51ff2b,20260920
1155,sheet_289.jpg,2,ok,11118,1776823061659.jpg,C:\Users\uzj5150\Box\Philippines Panel\01 Panel\14 NSU Market Survey\NSU Market Survey Launch\data\pictures/1776823061659.jpg,ac87ab42023460cb,20260920
1156,sheet_289.jpg,3,ok,393,1777346083586.jpg,C:\Users\uzj5150\Box\Philippines Panel\01 Panel\14 NSU Market Survey\NSU Market Survey Launch\data\pictures/1777346083586.jpg,715b6e34e848458b,20260920
1157,sheet_290.jpg,0,ok,331,1777262842979.jpg,C:\Users\uzj5150\Box\Philippines Panel\01 Panel\14 NSU Market Survey\NSU Market Survey Launch\data\pictures/1777262842979.jpg,6d1f23de30d96bcb,20260920
1158,sheet_290.jpg,1,ok,2989,1776215310510.jpg,C:\Users\uzj5150\Box\Philippines Panel\01 Panel\14 NSU Market Survey\NSU Market Survey Launch\data\pictures/1776215310510.jpg,9c7206c528e8f37e,20260920
1159,sheet_290.jpg,2,ok,5644,1774490179224.jpg,C:\Users\uzj5150\Box\Philippines Panel\01 Panel\14 NSU Market Survey\NSU Market Survey Launch\data\pictures/1774490179224.jpg,4aba54556f01ad9a,20260920
1160,sheet_290.jpg,3,ok,6487,1774052307423.jpg,C:\Users\uzj5150\Box\Philippines Panel\01 Panel\14 NSU Market Survey\NSU Market Survey Launch\data\pictures/1774052307423.jpg,b8c22f3979d0d17c,20260920
1161,sheet_291.jpg,0,ok,4409,1776212854683.jpg,C:\Users\uzj5150\Box\Philippines Panel\01 Panel\14 NSU Market Survey\NSU Market Survey Launch\data\pictures/1776212854683.jpg,0f0391ca783d9a8a,20260920
1162,sheet_291.jpg,1,ok,1471,1777426173472.jpg,C:\Users\uzj5150\Box\Philippines Panel\01 Panel\14 NSU Market Survey\NSU Market Survey Launch\data\pictures/1777426173472.jpg,90472ccdb1594cf0,20260920
1163,sheet_291.jpg,2,ok,944,1777343470499.jpg,C:\Users\uzj5150\Box\Philippines Panel\01 Panel\14 NSU Market Survey\NSU Market Survey Launch\data\pictures/1777343470499.jpg,79abb451dcecc340,20260920
1164,sheet_291.jpg,3,ok,7599,1774491939944.jpg,C:\Users\uzj5150\Box\Philippines Panel\01 Panel\14 NSU Market Survey\NSU Market Survey Launch\data\pictures/1774491939944.jpg,4140f59d3bf5e365,20260920
1165,sheet_292.jpg,0,ok,9489,1773797771519.jpg,C:\Users\uzj5150\Box\Philippines Panel\01 Panel\14 NSU Market Survey\NSU Market Survey Launch\data\pictures/1773797771519.jpg,614c0a2651124b14,20260920
1166,sheet_292.jpg,1,ok,2401,1779256979804.jpg,C:\Users\uzj5150\Box\Philippines Panel\01 Panel\14 NSU Market Survey\NSU Market Survey Launch\data\pictures/1779256979804.jpg,c36762c5c4421ad6,20260920
1167,sheet_292.jpg,2,ok,9086,1775606912141.jpg,C:\Users\uzj5150\Box\Philippines Panel\01 Panel\14 NSU Market Survey\NSU Market Survey Launch\data\pictures/1775606912141.jpg,50f1308b4b6466f8,20260920
1168,sheet_292.jpg,3,ok,2687,1776220116473.jpg,C:\Users\uzj5150\Box\Philippines Panel\01 Panel\14 NSU Market Survey\NSU Market Survey Launch\data\pictures/1776220116473.jpg,c0191d50a9b0d8b4,20260920
1169,sheet_293.jpg,0,ok,8475,1778718393454.jpg,C:\Users\uzj5150\Box\Philippines Panel\01 Panel\14 NSU Market Survey\NSU Market Survey Launch\data\pictures/1778718393454.jpg,fbda1824bacd9357,20260920
1170,sheet_293.jpg,1,ok,9031,1778647100452.jpg,C:\Users\uzj5150\Box\Philippines Panel\01 Panel\14 NSU Market Survey\NSU Market Survey Launch\data\pictures/1778647100452.jpg,660803b22fcb00ad,20260920
1171,sheet_293.jpg,2,ok,8479,1778719124896.jpg,C:\Users\uzj5150\Box\Philippines Panel\01 Panel\14 NSU Market Survey\NSU Market Survey Launch\data\pictures/1778719124896.jpg,6dfe69c7693b1959,20260920
1172,sheet_293.jpg,3,ok,9633,1773967720922.jpg,C:\Users\uzj5150\Box\Philippines Panel\01 Panel\14 NSU Market Survey\NSU Market Survey Launch\data\pictures/1773967720922.jpg,84c0ca4dfd002c17,20260920
1173,sheet_294.jpg,0,ok,5179,1775864465103.jpg,C:\Users\uzj5150\Box\Philippines Panel\01 Panel\14 NSU Market Survey\NSU Market Survey Launch\data\pictures/1775864465103.jpg,b6f074e9697a790b,20260920
1174,sheet_294.jpg,1,ok,7805,1773971747486.jpg,C:\Users\uzj5150\Box\Philippines Panel\01 Panel\14 NSU Market Survey\NSU Market Survey Launch\data\pictures/1773971747486.jpg,96a0b92b92fe72a1,20260920
1175,sheet_294.jpg,2,ok,889,1778029022232.jpg,C:\Users\uzj5150\Box\Philippines Panel\01 Panel\14 NSU Market Survey\NSU Market Survey Launch\data\pictures/1778029022232.jpg,177d3e3115d590c1,20260920
1176,sheet_294.jpg,3,ok,97,1778122283095.jpg,C:\Users\uzj5150\Box\Philippines Panel\01 Panel\14 NSU Market Survey\NSU Market Survey Launch\data\pictures/1778122283095.jpg,6cc421babc35d26d,20260920
1177,sheet_295.jpg,0,ok,7612,1774418881679.jpg,C:\Users\uzj5150\Box\Philippines Panel\01 Panel\14 NSU Market Survey\NSU Market Survey Launch\data\pictures/1774418881679.jpg,1e40ab79b786d6e0,20260920
1178,sheet_295.jpg,1,ok,5572,1774408149177.jpg,C:\Users\uzj5150\Box\Philippines Panel\01 Panel\14 NSU Market Survey\NSU Market Survey Launch\data\pictures/1774408149177.jpg,2720a66de9f3b207,20260920
1179,sheet_295.jpg,2,ok,9481,1773794550120.jpg,C:\Users\uzj5150\Box\Philippines Panel\01 Panel\14 NSU Market Survey\NSU Market Survey Launch\data\pictures/1773794550120.jpg,fcb3acb021a325fd,20260920
1180,sheet_295.jpg,3,ok,11172,1776825414902.jpg,C:\Users\uzj5150\Box\Philippines Panel\01 Panel\14 NSU Market Survey\NSU Market Survey Launch\data\pictures/1776825414902.jpg,bb90a8884187e260,20260920
1181,sheet_296.jpg,0,ok,9720,1773968338406.jpg,C:\Users\uzj5150\Box\Philippines Panel\01 Panel\14 NSU Market Survey\NSU Market Survey Launch\data\pictures/1773968338406.jpg,94dba8bfaafe7282,20260920
1182,sheet_296.jpg,1,ok,3162,1776825980880.jpg,C:\Users\uzj5150\Box\Philippines Panel\01 Panel\14 NSU Market Survey\NSU Market Survey Launch\data\pictures/1776825980880.jpg,133018fb0d8bd81d,20260920
1183,sheet_296.jpg,2,ok,4221,1775871500887.jpg,C:\Users\uzj5150\Box\Philippines Panel\01 Panel\14 NSU Market Survey\NSU Market Survey Launch\data\pictures/1775871500887.jpg,e708e05a7e9a36ef,20260920
1184,sheet_296.jpg,3,ok,11147,1776822001897.jpg,C:\Users\uzj5150\Box\Philippines Panel\01 Panel\14 NSU Market Survey\NSU Market Survey Launch\data\pictures/1776822001897.jpg,929623745c70ad85,20260920
1185,sheet_297.jpg,0,ok,5166,1775867451445.jpg,C:\Users\uzj5150\Box\Philippines Panel\01 Panel\14 NSU Market Survey\NSU Market Survey Launch\data\pictures/1775867451445.jpg,b2f508c0d0880740,20260920
1186,sheet_297.jpg,1,ok,9859,1773892113306.jpg,C:\Users\uzj5150\Box\Philippines Panel\01 Panel\14 NSU Market Survey\NSU Market Survey Launch\data\pictures/1773892113306.jpg,a7600436a076cd0c,20260920
1187,sheet_297.jpg,2,ok,9567,1773906320417.jpg,C:\Users\uzj5150\Box\Philippines Panel\01 Panel\14 NSU Market Survey\NSU Market Survey Launch\data\pictures/1773906320417.jpg,bbc4300f37633816,20260920
1188,sheet_297.jpg,3,ok,2633,1776215820117.jpg,C:\Users\uzj5150\Box\Philippines Panel\01 Panel\14 NSU Market Survey\NSU Market Survey Launch\data\pictures/1776215820117.jpg,00d8b7eb90691ace,20260920
1189,sheet_298.jpg,0,ok,346,1777262235992.jpg,C:\Users\uzj5150\Box\Philippines Panel\01 Panel\14 NSU Market Survey\NSU Market Survey Launch\data\pictures/1777262235992.jpg,275d30ea679dfe7f,20260920
1190,sheet_298.jpg,1,ok,5331,1774576427732.jpg,C:\Users\uzj5150\Box\Philippines Panel\01 Panel\14 NSU Market Survey\NSU Market Survey Launch\data\pictures/1774576427732.jpg,efcb34dea99bb43a,20260920
1191,sheet_298.jpg,2,ok,8751,1775704630652.jpg,C:\Users\uzj5150\Box\Philippines Panel\01 Panel\14 NSU Market Survey\NSU Market Survey Launch\data\pictures/1775704630652.jpg,6c2eae8023168c74,20260920
1192,sheet_298.jpg,3,ok,9081,1775529893069.jpg,C:\Users\uzj5150\Box\Philippines Panel\01 Panel\14 NSU Market Survey\NSU Market Survey Launch\data\pictures/1775529893069.jpg,a2e501bf0675bf9e,20260920
1193,sheet_299.jpg,0,ok,5330,1774576412437.jpg,C:\Users\uzj5150\Box\Philippines Panel\01 Panel\14 NSU Market Survey\NSU Market Survey Launch\data\pictures/1774576412437.jpg,effb5effd5a01c39,20260920
1194,sheet_299.jpg,1,ok,9044,1775531271171.jpg,C:\Users\uzj5150\Box\Philippines Panel\01 Panel\14 NSU Market Survey\NSU Market Survey Launch\data\pictures/1775531271171.jpg,b9d04057ea00cd7e,20260920
1195,sheet_299.jpg,2,ok,5416,1774656378224.jpg,C:\Users\uzj5150\Box\Philippines Panel\01 Panel\14 NSU Market Survey\NSU Market Survey Launch\data\pictures/1774656378224.jpg,2ffb9882000b1f15,20260920
1196,sheet_299.jpg,3,ok,9525,1773879637871.jpg,C:\Users\uzj5150\Box\Philippines Panel\01 Panel\14 NSU Market Survey\NSU Market Survey Launch\data\pictures/1773879637871.jpg,bd7485ad028fd662,20260920
1197,sheet_300.jpg,0,ok,9862,1773908252692.jpg,C:\Users\uzj5150\Box\Philippines Panel\01 Panel\14 NSU Market Survey\NSU Market Survey Launch\data\pictures/1773908252692.jpg,b5c46b39fb652854,20260920
1198,sheet_300.jpg,1,ok,9569,1773906369137.jpg,C:\Users\uzj5150\Box\Philippines Panel\01 Panel\14 NSU Market Survey\NSU Market Survey Launch\data\pictures/1773906369137.jpg,d63e0492ef66826f,20260920
1199,sheet_300.jpg,2,ok,3211,1776822012336.jpg,C:\Users\uzj5150\Box\Philippines Panel\01 Panel\14 NSU Market Survey\NSU Market Survey Launch\data\pictures/1776822012336.jpg,074193e67d7f9740,20260920
1200,sheet_300.jpg,3,ok,5076,1773719167310.jpg,C:\Users\uzj5150\Box\Philippines Panel\01 Panel\14 NSU Market Survey\NSU Market Survey Launch\data\pictures/1773719167310.jpg,62a107916a69dfc2,20260920
1201,sheet_301.jpg,0,ok,10022,1778476863778.jpg,C:\Users\uzj5150\Box\Philippines Panel\01 Panel\14 NSU Market Survey\NSU Market Survey Launch\data\pictures/1778476863778.jpg,fcefe35ec3c33917,20260920
1202,sheet_301.jpg,1,ok,11140,1776821930087.jpg,C:\Users\uzj5150\Box\Philippines Panel\01 Panel\14 NSU Market Survey\NSU Market Survey Launch\data\pictures/1776821930087.jpg,be3166b82ad4e1e7,20260920
1203,sheet_301.jpg,2,ok,9493,1773796184015.jpg,C:\Users\uzj5150\Box\Philippines Panel\01 Panel\14 NSU Market Survey\NSU Market Survey Launch\data\pictures/1773796184015.jpg,6398b9a16551f24f,20260920
1204,sheet_301.jpg,3,ok,9748,1773909424751.jpg,C:\Users\uzj5150\Box\Philippines Panel\01 Panel\14 NSU Market Survey\NSU Market Survey Launch\data\pictures/1773909424751.jpg,23239bf4106958fa,20260920
1205,sheet_302.jpg,0,ok,2431,1776994511142.jpg,C:\Users\uzj5150\Box\Philippines Panel\01 Panel\14 NSU Market Survey\NSU Market Survey Launch\data\pictures/1776994511142.jpg,befa37af47a5ee82,20260920
1206,sheet_302.jpg,1,ok,1731,1776649603315.jpg,C:\Users\uzj5150\Box\Philippines Panel\01 Panel\14 NSU Market Survey\NSU Market Survey Launch\data\pictures/1776649603315.jpg,f501d9ccb4635b71,20260920
1207,sheet_302.jpg,2,ok,2640,1776302600517.jpg,C:\Users\uzj5150\Box\Philippines Panel\01 Panel\14 NSU Market Survey\NSU Market Survey Launch\data\pictures/1776302600517.jpg,2693b2c1a5cf8f10,20260920
1208,sheet_302.jpg,3,ok,9741,1773911343389.jpg,C:\Users\uzj5150\Box\Philippines Panel\01 Panel\14 NSU Market Survey\NSU Market Survey Launch\data\pictures/1773911343389.jpg,9e49384525fafa4b,20260920
1209,sheet_303.jpg,0,ok,4372,1776212725360.jpg,C:\Users\uzj5150\Box\Philippines Panel\01 Panel\14 NSU Market Survey\NSU Market Survey Launch\data\pictures/1776212725360.jpg,7b560e44a20cdae2,20260920
1210,sheet_303.jpg,1,ok,10752,1777421152684.jpg,C:\Users\uzj5150\Box\Philippines Panel\01 Panel\14 NSU Market Survey\NSU Market Survey Launch\data\pictures/1777421152684.jpg,d4fd776e194b74d7,20260920
1211,sheet_303.jpg,2,ok,9612,1773905551197.jpg,C:\Users\uzj5150\Box\Philippines Panel\01 Panel\14 NSU Market Survey\NSU Market Survey Launch\data\pictures/1773905551197.jpg,5671381cc2d22a13,20260920
1212,sheet_303.jpg,3,ok,11202,1776823965095.jpg,C:\Users\uzj5150\Box\Philippines Panel\01 Panel\14 NSU Market Survey\NSU Market Survey Launch\data\pictures/1776823965095.jpg,0cea43710247c97f,20260920
1213,sheet_304.jpg,0,ok,6478,1774051136663.jpg,C:\Users\uzj5150\Box\Philippines Panel\01 Panel\14 NSU Market Survey\NSU Market Survey Launch\data\pictures/1774051136663.jpg,d0c5857e40d0a124,20260920
1214,sheet_304.jpg,1,ok,9555,1773989203812.jpg,C:\Users\uzj5150\Box\Philippines Panel\01 Panel\14 NSU Market Survey\NSU Market Survey Launch\data\pictures/1773989203812.jpg,68ecc0da4e40944d,20260920
1215,sheet_304.jpg,2,ok,11132,1776822524487.jpg,C:\Users\uzj5150\Box\Philippines Panel\01 Panel\14 NSU Market Survey\NSU Market Survey Launch\data\pictures/1776822524487.jpg,08856a71568c8f84,20260920
1216,sheet_304.jpg,3,ok,9823,1773881388696.jpg,C:\Users\uzj5150\Box\Philippines Panel\01 Panel\14 NSU Market Survey\NSU Market Survey Launch\data\pictures/1773881388696.jpg,8d69a62874f73aff,20260920
1217,sheet_305.jpg,0,ok,11200,1776824344104.jpg,C:\Users\uzj5150\Box\Philippines Panel\01 Panel\14 NSU Market Survey\NSU Market Survey Launch\data\pictures/1776824344104.jpg,cd9b2210504cb21c,20260920
1218,sheet_305.jpg,1,ok,8531,1775704622199.jpg,C:\Users\uzj5150\Box\Philippines Panel\01 Panel\14 NSU Market Survey\NSU Market Survey Launch\data\pictures/1775704622199.jpg,897b65ac92c1bac4,20260920
1219,sheet_305.jpg,2,ok,7685,1774424680128.jpg,C:\Users\uzj5150\Box\Philippines Panel\01 Panel\14 NSU Market Survey\NSU Market Survey Launch\data\pictures/1774424680128.jpg,51771825e8ec6225,20260920
1220,sheet_305.jpg,3,ok,7588,1774419032522.jpg,C:\Users\uzj5150\Box\Philippines Panel\01 Panel\14 NSU Market Survey\NSU Market Survey Launch\data\pictures/1774419032522.jpg,8998e5ae8e5e9a39,20260920
1221,sheet_306.jpg,0,ok,337,1777948736601.jpg,C:\Users\uzj5150\Box\Philippines Panel\01 Panel\14 NSU Market Survey\NSU Market Survey Launch\data\pictures/1777948736601.jpg,57217ebe3093835c,20260920
1222,sheet_306.jpg,1,ok,8117,1776047562978.jpg,C:\Users\uzj5150\Box\Philippines Panel\01 Panel\14 NSU Market Survey\NSU Market Survey Launch\data\pictures/1776047562978.jpg,649b8f502ecea32e,20260920
1223,sheet_306.jpg,2,ok,8077,1775871576746.jpg,C:\Users\uzj5150\Box\Philippines Panel\01 Panel\14 NSU Market Survey\NSU Market Survey Launch\data\pictures/1775871576746.jpg,2159b5c510886b61,20260920
1224,sheet_306.jpg,3,ok,6233,1773815344186.jpg,C:\Users\uzj5150\Box\Philippines Panel\01 Panel\14 NSU Market Survey\NSU Market Survey Launch\data\pictures/1773815344186.jpg,90642ad2b646d359,20260920
1225,sheet_307.jpg,0,ok,6210,1773809154995.jpg,C:\Users\uzj5150\Box\Philippines Panel\01 Panel\14 NSU Market Survey\NSU Market Survey Launch\data\pictures/1773809154995.jpg,83206e6ef6b715a6,20260920
1226,sheet_307.jpg,1,ok,6185,1773812805842.jpg,C:\Users\uzj5150\Box\Philippines Panel\01 Panel\14 NSU Market Survey\NSU Market Survey Launch\data\pictures/1773812805842.jpg,7c73f11998458ba4,20260920
1227,sheet_307.jpg,2,ok,6430,1774053528900.jpg,C:\Users\uzj5150\Box\Philippines Panel\01 Panel\14 NSU Market Survey\NSU Market Survey Launch\data\pictures/1774053528900.jpg,7dc622fb0466a72b,20260920
1228,sheet_307.jpg,3,ok,11455,1776993087342.jpg,C:\Users\uzj5150\Box\Philippines Panel\01 Panel\14 NSU Market Survey\NSU Market Survey Launch\data\pictures/1776993087342.jpg,1bdd79803b256e73,20260920
1229,sheet_308.jpg,0,ok,1737,1776646645577.jpg,C:\Users\uzj5150\Box\Philippines Panel\01 Panel\14 NSU Market Survey\NSU Market Survey Launch\data\pictures/1776646645577.jpg,739de544cdde1108,20260920
1230,sheet_308.jpg,1,ok,8838,1775711307612.jpg,C:\Users\uzj5150\Box\Philippines Panel\01 Panel\14 NSU Market Survey\NSU Market Survey Launch\data\pictures/1775711307612.jpg,9f54018962daf0ed,20260920
1231,sheet_308.jpg,2,ok,8979,1773971795937.jpg,C:\Users\uzj5150\Box\Philippines Panel\01 Panel\14 NSU Market Survey\NSU Market Survey Launch\data\pictures/1773971795937.jpg,c13913b5e8dc1803,20260920
1232,sheet_308.jpg,3,ok,9503,1773723770040.jpg,C:\Users\uzj5150\Box\Philippines Panel\01 Panel\14 NSU Market Survey\NSU Market Survey Launch\data\pictures/1773723770040.jpg,003a40bfd6284120,20260920
1233,sheet_309.jpg,0,ok,826,1778030655105.jpg,C:\Users\uzj5150\Box\Philippines Panel\01 Panel\14 NSU Market Survey\NSU Market Survey Launch\data\pictures/1778030655105.jpg,d63bc053a4f56a55,20260920
1234,sheet_309.jpg,1,ok,9381,1774314777086.jpg,C:\Users\uzj5150\Box\Philippines Panel\01 Panel\14 NSU Market Survey\NSU Market Survey Launch\data\pictures/1774314777086.jpg,23570ce87e5500be,20260920
1235,sheet_309.jpg,2,ok,7581,1774484890280.jpg,C:\Users\uzj5150\Box\Philippines Panel\01 Panel\14 NSU Market Survey\NSU Market Survey Launch\data\pictures/1774484890280.jpg,5ba899c889288268,20260920
1236,sheet_309.jpg,3,ok,2487,1777088850185.jpg,C:\Users\uzj5150\Box\Philippines Panel\01 Panel\14 NSU Market Survey\NSU Market Survey Launch\data\pictures/1777088850185.jpg,edde51887767b04e,20260920
1237,sheet_310.jpg,0,ok,9528,1773902592898.jpg,C:\Users\uzj5150\Box\Philippines Panel\01 Panel\14 NSU Market Survey\NSU Market Survey Launch\data\pictures/1773902592898.jpg,9575229225cb76cb,20260920
1238,sheet_310.jpg,1,ok,1702,1776649000700.jpg,C:\Users\uzj5150\Box\Philippines Panel\01 Panel\14 NSU Market Survey\NSU Market Survey Launch\data\pictures/1776649000700.jpg,f23241c154c42c6f,20260920
1239,sheet_310.jpg,2,ok,8051,1775866485320.jpg,C:\Users\uzj5150\Box\Philippines Panel\01 Panel\14 NSU Market Survey\NSU Market Survey Launch\data\pictures/1775866485320.jpg,904766301910916a,20260920
1240,sheet_310.jpg,3,ok,11473,1776997948482.jpg,C:\Users\uzj5150\Box\Philippines Panel\01 Panel\14 NSU Market Survey\NSU Market Survey Launch\data\pictures/1776997948482.jpg,965bbf23fecf6a58,20260920
1241,sheet_311.jpg,0,ok,9582,1773880635185.jpg,C:\Users\uzj5150\Box\Philippines Panel\01 Panel\14 NSU Market Survey\NSU Market Survey Launch\data\pictures/1773880635185.jpg,22673a84c7459e6d,20260920
1242,sheet_311.jpg,1,ok,9070,1775608506656.jpg,C:\Users\uzj5150\Box\Philippines Panel\01 Panel\14 NSU Market Survey\NSU Market Survey Launch\data\pictures/1775608506656.jpg,6917458ad465a60e,20260920
1243,sheet_311.jpg,2,ok,1436,1777511884384.jpg,C:\Users\uzj5150\Box\Philippines Panel\01 Panel\14 NSU Market Survey\NSU Market Survey Launch\data\pictures/1777511884384.jpg,36637250cea18b95,20260920
1244,sheet_311.jpg,3,ok,9651,1773996123199.jpg,C:\Users\uzj5150\Box\Philippines Panel\01 Panel\14 NSU Market Survey\NSU Market Survey Launch\data\pictures/1773996123199.jpg,426a493e1e7315a7,20260920
1245,sheet_312.jpg,0,ok,6418,1774049840862.jpg,C:\Users\uzj5150\Box\Philippines Panel\01 Panel\14 NSU Market Survey\NSU Market Survey Launch\data\pictures/1774049840862.jpg,c637f06da4f27418,20260920
1246,sheet_312.jpg,1,ok,10753,1777422094101.jpg,C:\Users\uzj5150\Box\Philippines Panel\01 Panel\14 NSU Market Survey\NSU Market Survey Launch\data\pictures/1777422094101.jpg,14b76539f4d05d4e,20260920
1247,sheet_312.jpg,2,ok,9466,1773796034639.jpg,C:\Users\uzj5150\Box\Philippines Panel\01 Panel\14 NSU Market Survey\NSU Market Survey Launch\data\pictures/1773796034639.jpg,ac028bc3cbaa1a36,20260920
1248,sheet_312.jpg,3,ok,2584,1776733083472.jpg,C:\Users\uzj5150\Box\Philippines Panel\01 Panel\14 NSU Market Survey\NSU Market Survey Launch\data\pictures/1776733083472.jpg,76af4e26a0885d55,20260920
1249,sheet_313.jpg,0,ok,333,1777950951453.jpg,C:\Users\uzj5150\Box\Philippines Panel\01 Panel\14 NSU Market Survey\NSU Market Survey Launch\data\pictures/1777950951453.jpg,af9d006914141d15,20260920
1250,sheet_313.jpg,1,ok,7579,1774421108318.jpg,C:\Users\uzj5150\Box\Philippines Panel\01 Panel\14 NSU Market Survey\NSU Market Survey Launch\data\pictures/1774421108318.jpg,7900f34a175777c0,20260920
1251,sheet_313.jpg,2,ok,2075,1776918401916.jpg,C:\Users\uzj5150\Box\Philippines Panel\01 Panel\14 NSU Market Survey\NSU Market Survey Launch\data\pictures/1776918401916.jpg,9f57f0569c517ee2,20260920
1252,sheet_313.jpg,3,ok,9998,1773805945639.jpg,C:\Users\uzj5150\Box\Philippines Panel\01 Panel\14 NSU Market Survey\NSU Market Survey Launch\data\pictures/1773805945639.jpg,17721657e6f02bbc,20260920
1253,sheet_314.jpg,0,ok,6166,1773708204305.jpg,C:\Users\uzj5150\Box\Philippines Panel\01 Panel\14 NSU Market Survey\NSU Market Survey Launch\data\pictures/1773708204305.jpg,1b7f886ed4840be7,20260920
1254,sheet_314.jpg,1,ok,6244,1778895541048.jpg,C:\Users\uzj5150\Box\Philippines Panel\01 Panel\14 NSU Market Survey\NSU Market Survey Launch\data\pictures/1778895541048.jpg,a6d98c8959de9db6,20260920
1255,sheet_314.jpg,2,ok,7687,1774424718426.jpg,C:\Users\uzj5150\Box\Philippines Panel\01 Panel\14 NSU Market Survey\NSU Market Survey Launch\data\pictures/1774424718426.jpg,44fde840213f000f,20260920
1256,sheet_314.jpg,3,ok,6206,1773806700581.jpg,C:\Users\uzj5150\Box\Philippines Panel\01 Panel\14 NSU Market Survey\NSU Market Survey Launch\data\pictures/1773806700581.jpg,d5fd2a3d3d98517c,20260920
1257,sheet_315.jpg,0,ok,1722,1776646473702.jpg,C:\Users\uzj5150\Box\Philippines Panel\01 Panel\14 NSU Market Survey\NSU Market Survey Launch\data\pictures/1776646473702.jpg,9f1313c48c419ff5,20260920
1258,sheet_315.jpg,1,ok,10050,1773726701199.jpg,C:\Users\uzj5150\Box\Philippines Panel\01 Panel\14 NSU Market Survey\NSU Market Survey Launch\data\pictures/1773726701199.jpg,d504f459025557c4,20260920
1259,sheet_315.jpg,2,ok,2455,1777083932017.jpg,C:\Users\uzj5150\Box\Philippines Panel\01 Panel\14 NSU Market Survey\NSU Market Survey Launch\data\pictures/1777083932017.jpg,0193f801f150697d,20260920
1260,sheet_315.jpg,3,ok,336,1777261886207.jpg,C:\Users\uzj5150\Box\Philippines Panel\01 Panel\14 NSU Market Survey\NSU Market Survey Launch\data\pictures/1777261886207.jpg,0039ea91128001b1,20260920
1261,sheet_316.jpg,0,ok,5069,1775702524861.jpg,C:\Users\uzj5150\Box\Philippines Panel\01 Panel\14 NSU Market Survey\NSU Market Survey Launch\data\pictures/1775702524861.jpg,12e07046051f1cc1,20260920
1262,sheet_316.jpg,1,ok,7616,1774491643860.jpg,C:\Users\uzj5150\Box\Philippines Panel\01 Panel\14 NSU Market Survey\NSU Market Survey Launch\data\pictures/1774491643860.jpg,44513593426a6f14,20260920
1263,sheet_316.jpg,2,ok,76,1778121004546.jpg,C:\Users\uzj5150\Box\Philippines Panel\01 Panel\14 NSU Market Survey\NSU Market Survey Launch\data\pictures/1778121004546.jpg,f94624956e204d38,20260920
1264,sheet_316.jpg,3,ok,925,1778051857216.jpg,C:\Users\uzj5150\Box\Philippines Panel\01 Panel\14 NSU Market Survey\NSU Market Survey Launch\data\pictures/1778051857216.jpg,1e58cffe5342721f,20260920
1265,sheet_317.jpg,0,ok,8448,1775696009775.jpg,C:\Users\uzj5150\Box\Philippines Panel\01 Panel\14 NSU Market Survey\NSU Market Survey Launch\data\pictures/1775696009775.jpg,8584f5f3e455079c,20260920
1266,sheet_317.jpg,1,ok,8505,1775698135392.jpg,C:\Users\uzj5150\Box\Philippines Panel\01 Panel\14 NSU Market Survey\NSU Market Survey Launch\data\pictures/1775698135392.jpg,7751a2091395aaf0,20260920
1267,sheet_317.jpg,2,ok,8501,1775779522548.jpg,C:\Users\uzj5150\Box\Philippines Panel\01 Panel\14 NSU Market Survey\NSU Market Survey Launch\data\pictures/1775779522548.jpg,df92dd0304e7f6d2,20260920
1268,sheet_317.jpg,3,ok,2617,1776305701799.jpg,C:\Users\uzj5150\Box\Philippines Panel\01 Panel\14 NSU Market Survey\NSU Market Survey Launch\data\pictures/1776305701799.jpg,3947938ef6b29e1c,20260920
1269,sheet_318.jpg,0,ok,9715,1773882464100.jpg,C:\Users\uzj5150\Box\Philippines Panel\01 Panel\14 NSU Market Survey\NSU Market Survey Launch\data\pictures/1773882464100.jpg,0dddf37627900c7b,20260920
1270,sheet_318.jpg,1,ok,9792,1773880960957.jpg,C:\Users\uzj5150\Box\Philippines Panel\01 Panel\14 NSU Market Survey\NSU Market Survey Launch\data\pictures/1773880960957.jpg,6c14b83698137394,20260920
1271,sheet_318.jpg,2,ok,7853,1773969444958.jpg,C:\Users\uzj5150\Box\Philippines Panel\01 Panel\14 NSU Market Survey\NSU Market Survey Launch\data\pictures/1773969444958.jpg,b6958e03611facc3,20260920
1272,sheet_318.jpg,3,ok,5770,1774491941351.jpg,C:\Users\uzj5150\Box\Philippines Panel\01 Panel\14 NSU Market Survey\NSU Market Survey Launch\data\pictures/1774491941351.jpg,d95f598c5846625e,20260920
1273,sheet_319.jpg,0,ok,1477,1778030752424.jpg,C:\Users\uzj5150\Box\Philippines Panel\01 Panel\14 NSU Market Survey\NSU Market Survey Launch\data\pictures/1778030752424.jpg,65f0a360b7118790,20260920
1274,sheet_319.jpg,1,ok,6247,1773713429171.jpg,C:\Users\uzj5150\Box\Philippines Panel\01 Panel\14 NSU Market Survey\NSU Market Survey Launch\data\pictures/1773713429171.jpg,0f142d23f315a20f,20260920
1275,sheet_319.jpg,2,ok,8426,1775788617126.jpg,C:\Users\uzj5150\Box\Philippines Panel\01 Panel\14 NSU Market Survey\NSU Market Survey Launch\data\pictures/1775788617126.jpg,bcc1c59f4e376329,20260920
1276,sheet_319.jpg,3,ok,6689,1778213307039.jpg,C:\Users\uzj5150\Box\Philippines Panel\01 Panel\14 NSU Market Survey\NSU Market Survey Launch\data\pictures/1778213307039.jpg,0d083c49c9aede8f,20260920
1277,sheet_320.jpg,0,ok,8119,1776042587488.jpg,C:\Users\uzj5150\Box\Philippines Panel\01 Panel\14 NSU Market Survey\NSU Market Survey Launch\data\pictures/1776042587488.jpg,4d87be863c0d7085,20260920
1278,sheet_320.jpg,1,ok,6197,1773712186913.jpg,C:\Users\uzj5150\Box\Philippines Panel\01 Panel\14 NSU Market Survey\NSU Market Survey Launch\data\pictures/1773712186913.jpg,ce3a07dbd8263a24,20260920
1279,sheet_320.jpg,2,ok,10763,1777421851615.jpg,C:\Users\uzj5150\Box\Philippines Panel\01 Panel\14 NSU Market Survey\NSU Market Survey Launch\data\pictures/1777421851615.jpg,06f82d467c7dede9,20260920
1280,sheet_320.jpg,3,ok,887,1777512533356.jpg,C:\Users\uzj5150\Box\Philippines Panel\01 Panel\14 NSU Market Survey\NSU Market Survey Launch\data\pictures/1777512533356.jpg,a213b17f9a817f42,20260920
1281,sheet_321.jpg,0,ok,9735,1773885621507.jpg,C:\Users\uzj5150\Box\Philippines Panel\01 Panel\14 NSU Market Survey\NSU Market Survey Launch\data\pictures/1773885621507.jpg,609cb3c6834acbd3,20260920
1282,sheet_321.jpg,1,ok,2523,1776735456775.jpg,C:\Users\uzj5150\Box\Philippines Panel\01 Panel\14 NSU Market Survey\NSU Market Survey Launch\data\pictures/1776735456775.jpg,3e596461128be4c0,20260920
1283,sheet_321.jpg,2,ok,5287,1775869920790.jpg,C:\Users\uzj5150\Box\Philippines Panel\01 Panel\14 NSU Market Survey\NSU Market Survey Launch\data\pictures/1775869920790.jpg,d26194eb59c349f2,20260920
1284,sheet_321.jpg,3,ok,5226,1775863338162.jpg,C:\Users\uzj5150\Box\Philippines Panel\01 Panel\14 NSU Market Survey\NSU Market Survey Launch\data\pictures/1775863338162.jpg,abae54be80be532a,20260920
1285,sheet_322.jpg,0,ok,9287,1774320998883.jpg,C:\Users\uzj5150\Box\Philippines Panel\01 Panel\14 NSU Market Survey\NSU Market Survey Launch\data\pictures/1774320998883.jpg,fe04c5092f367a84,20260920
1286,sheet_322.jpg,1,ok,8525,1775695516869.jpg,C:\Users\uzj5150\Box\Philippines Panel\01 Panel\14 NSU Market Survey\NSU Market Survey Launch\data\pictures/1775695516869.jpg,cf4e6b448a7fb768,20260920
1287,sheet_322.jpg,2,ok,2765,1776388248307.jpg,C:\Users\uzj5150\Box\Philippines Panel\01 Panel\14 NSU Market Survey\NSU Market Survey Launch\data\pictures/1776388248307.jpg,3b7b7d31fce0701c,20260920
1288,sheet_322.jpg,3,ok,5591,1774412644850.jpg,C:\Users\uzj5150\Box\Philippines Panel\01 Panel\14 NSU Market Survey\NSU Market Survey Launch\data\pictures/1774412644850.jpg,ab745d7e26e867ac,20260920
1289,sheet_323.jpg,0,ok,9728,1773884930613.jpg,C:\Users\uzj5150\Box\Philippines Panel\01 Panel\14 NSU Market Survey\NSU Market Survey Launch\data\pictures/1773884930613.jpg,1d5eb49d1f7a301e,20260920
1290,sheet_323.jpg,1,ok,799,1778031853945.jpg,C:\Users\uzj5150\Box\Philippines Panel\01 Panel\14 NSU Market Survey\NSU Market Survey Launch\data\pictures/1778031853945.jpg,871a3fdb6348b099,20260920
1291,sheet_323.jpg,2,ok,9803,1773909225004.jpg,C:\Users\uzj5150\Box\Philippines Panel\01 Panel\14 NSU Market Survey\NSU Market Survey Launch\data\pictures/1773909225004.jpg,8f1098345ca40720,20260920
1292,sheet_323.jpg,3,ok,8112,1776039967472.jpg,C:\Users\uzj5150\Box\Philippines Panel\01 Panel\14 NSU Market Survey\NSU Market Survey Launch\data\pictures/1776039967472.jpg,b37d172da810e0ff,20260920
1293,sheet_324.jpg,0,ok,7693,1774422005477.jpg,C:\Users\uzj5150\Box\Philippines Panel\01 Panel\14 NSU Market Survey\NSU Market Survey Launch\data\pictures/1774422005477.jpg,f3d997999fd3ad28,20260920
1294,sheet_324.jpg,1,ok,2628,1776306819057.jpg,C:\Users\uzj5150\Box\Philippines Panel\01 Panel\14 NSU Market Survey\NSU Market Survey Launch\data\pictures/1776306819057.jpg,977c4a1b557eca08,20260920
1295,sheet_324.jpg,2,ok,6512,1774326845021.jpg,C:\Users\uzj5150\Box\Philippines Panel\01 Panel\14 NSU Market Survey\NSU Market Survey Launch\data\pictures/1774326845021.jpg,4521afdd37611afd,20260920
1296,sheet_324.jpg,3,ok,9589,1773881342554.jpg,C:\Users\uzj5150\Box\Philippines Panel\01 Panel\14 NSU Market Survey\NSU Market Survey Launch\data\pictures/1773881342554.jpg,8e9fd1a7376651f0,20260920
1297,sheet_325.jpg,0,ok,2265,1776395072760.jpg,C:\Users\uzj5150\Box\Philippines Panel\01 Panel\14 NSU Market Survey\NSU Market Survey Launch\data\pictures/1776395072760.jpg,9103b586b7f5c9d7,20260920
1298,sheet_325.jpg,1,ok,2990,1776300455732.jpg,C:\Users\uzj5150\Box\Philippines Panel\01 Panel\14 NSU Market Survey\NSU Market Survey Launch\data\pictures/1776300455732.jpg,66e8af98f55ff119,20260920
1299,sheet_325.jpg,2,ok,4643,1776299476067.jpg,C:\Users\uzj5150\Box\Philippines Panel\01 Panel\14 NSU Market Survey\NSU Market Survey Launch\data\pictures/1776299476067.jpg,de83b90cb7071d6a,20260920
1300,sheet_325.jpg,3,ok,7862,1773884142105.jpg,C:\Users\uzj5150\Box\Philippines Panel\01 Panel\14 NSU Market Survey\NSU Market Survey Launch\data\pictures/1773884142105.jpg,6dfde938269a87c9,20260920
1301,sheet_326.jpg,0,ok,9689,1773897494757.jpg,C:\Users\uzj5150\Box\Philippines Panel\01 Panel\14 NSU Market Survey\NSU Market Survey Launch\data\pictures/1773897494757.jpg,df77ad7b8ad5fccd,20260920
1302,sheet_326.jpg,1,ok,2356,1776396438455.jpg,C:\Users\uzj5150\Box\Philippines Panel\01 Panel\14 NSU Market Survey\NSU Market Survey Launch\data\pictures/1776396438455.jpg,e8bf8bec6923db24,20260920
1303,sheet_326.jpg,2,ok,2445,1776994738535.jpg,C:\Users\uzj5150\Box\Philippines Panel\01 Panel\14 NSU Market Survey\NSU Market Survey Launch\data\pictures/1776994738535.jpg,aa3804b8d3e7a094,20260920
1304,sheet_326.jpg,3,ok,9665,1778724634887.jpg,C:\Users\uzj5150\Box\Philippines Panel\01 Panel\14 NSU Market Survey\NSU Market Survey Launch\data\pictures/1778724634887.jpg,9869eaa3840f11c7,20260920
1305,sheet_327.jpg,0,ok,2627,1776302543943.jpg,C:\Users\uzj5150\Box\Philippines Panel\01 Panel\14 NSU Market Survey\NSU Market Survey Launch\data\pictures/1776302543943.jpg,8c06746a8d35a85b,20260920
1306,sheet_327.jpg,1,ok,9797,1773881150171.jpg,C:\Users\uzj5150\Box\Philippines Panel\01 Panel\14 NSU Market Survey\NSU Market Survey Launch\data\pictures/1773881150171.jpg,d625caa572e92f08,20260920
1307,sheet_327.jpg,2,ok,667,1777694460887.jpg,C:\Users\uzj5150\Box\Philippines Panel\01 Panel\14 NSU Market Survey\NSU Market Survey Launch\data\pictures/1777694460887.jpg,193869085da801a1,20260920
1308,sheet_327.jpg,3,ok,10788,1777519205317.jpg,C:\Users\uzj5150\Box\Philippines Panel\01 Panel\14 NSU Market Survey\NSU Market Survey Launch\data\pictures/1777519205317.jpg,bbbab6f1e5887766,20260920
1309,sheet_328.jpg,0,ok,7623,1774421459994.jpg,C:\Users\uzj5150\Box\Philippines Panel\01 Panel\14 NSU Market Survey\NSU Market Survey Launch\data\pictures/1774421459994.jpg,d4163b00c2462d2b,20260920
1310,sheet_328.jpg,1,ok,8074,1775867109308.jpg,C:\Users\uzj5150\Box\Philippines Panel\01 Panel\14 NSU Market Survey\NSU Market Survey Launch\data\pictures/1775867109308.jpg,8b51aa88528913b2,20260920
1311,sheet_328.jpg,2,ok,5406,1774575064281.jpg,C:\Users\uzj5150\Box\Philippines Panel\01 Panel\14 NSU Market Survey\NSU Market Survey Launch\data\pictures/1774575064281.jpg,9ac29d5786a5607c,20260920
1312,sheet_328.jpg,3,ok,8978,1773969942457.jpg,C:\Users\uzj5150\Box\Philippines Panel\01 Panel\14 NSU Market Survey\NSU Market Survey Launch\data\pictures/1773969942457.jpg,2d447a3dd4ca6e88,20260920
1313,sheet_329.jpg,0,ok,9614,1773885855980.jpg,C:\Users\uzj5150\Box\Philippines Panel\01 Panel\14 NSU Market Survey\NSU Market Survey Launch\data\pictures/1773885855980.jpg,64519c3d67184d76,20260920
1314,sheet_329.jpg,1,ok,7580,1774492070922.jpg,C:\Users\uzj5150\Box\Philippines Panel\01 Panel\14 NSU Market Survey\NSU Market Survey Launch\data\pictures/1774492070922.jpg,5029fcf785943776,20260920
1315,sheet_329.jpg,2,ok,8752,1775704657550.jpg,C:\Users\uzj5150\Box\Philippines Panel\01 Panel\14 NSU Market Survey\NSU Market Survey Launch\data\pictures/1775704657550.jpg,71cea95037eb0c42,20260920
1316,sheet_329.jpg,3,ok,9367,1774061493689.jpg,C:\Users\uzj5150\Box\Philippines Panel\01 Panel\14 NSU Market Survey\NSU Market Survey Launch\data\pictures/1774061493689.jpg,3bf7a7158aa5f896,20260920
1317,sheet_330.jpg,0,ok,9369,1774054518914.jpg,C:\Users\uzj5150\Box\Philippines Panel\01 Panel\14 NSU Market Survey\NSU Market Survey Launch\data\pictures/1774054518914.jpg,cce4e2d8041cf9da,20260920
1318,sheet_330.jpg,1,ok,11124,1776823413489.jpg,C:\Users\uzj5150\Box\Philippines Panel\01 Panel\14 NSU Market Survey\NSU Market Survey Launch\data\pictures/1776823413489.jpg,1f7aa7404138029b,20260920
1319,sheet_330.jpg,2,ok,8478,1775703284677.jpg,C:\Users\uzj5150\Box\Philippines Panel\01 Panel\14 NSU Market Survey\NSU Market Survey Launch\data\pictures/1775703284677.jpg,fece8459c66bc7ee,20260920
1320,sheet_330.jpg,3,ok,9713,1773988984636.jpg,C:\Users\uzj5150\Box\Philippines Panel\01 Panel\14 NSU Market Survey\NSU Market Survey Launch\data\pictures/1773988984636.jpg,5feded69c86ad234,20260920
1321,sheet_331.jpg,0,ok,6416,1774049784570.jpg,C:\Users\uzj5150\Box\Philippines Panel\01 Panel\14 NSU Market Survey\NSU Market Survey Launch\data\pictures/1774049784570.jpg,f14b6108e2dc2cb2,20260920
1322,sheet_331.jpg,1,ok,10715,1777954218294.jpg,C:\Users\uzj5150\Box\Philippines Panel\01 Panel\14 NSU Market Survey\NSU Market Survey Launch\data\pictures/1777954218294.jpg,a2ac6a96d5f6d816,20260920
1323,sheet_331.jpg,2,ok,9022,1775527156758.jpg,C:\Users\uzj5150\Box\Philippines Panel\01 Panel\14 NSU Market Survey\NSU Market Survey Launch\data\pictures/1775527156758.jpg,cc879585f5ec53ba,20260920
1324,sheet_331.jpg,3,ok,9387,1774061951861.jpg,C:\Users\uzj5150\Box\Philippines Panel\01 Panel\14 NSU Market Survey\NSU Market Survey Launch\data\pictures/1774061951861.jpg,fd71a925eb39a414,20260920
1325,sheet_332.jpg,0,ok,9339,1774061332508.jpg,C:\Users\uzj5150\Box\Philippines Panel\01 Panel\14 NSU Market Survey\NSU Market Survey Launch\data\pictures/1774061332508.jpg,067cf78ba77b70f5,20260920
1326,sheet_332.jpg,1,ok,3176,1776821613484.jpg,C:\Users\uzj5150\Box\Philippines Panel\01 Panel\14 NSU Market Survey\NSU Market Survey Launch\data\pictures/1776821613484.jpg,012ebeac5f414c05,20260920
1327,sheet_332.jpg,2,ok,5427,1774581441501.jpg,C:\Users\uzj5150\Box\Philippines Panel\01 Panel\14 NSU Market Survey\NSU Market Survey Launch\data\pictures/1774581441501.jpg,9d7dff5e2420578b,20260920
1328,sheet_332.jpg,3,ok,2461,1777001297766.jpg,C:\Users\uzj5150\Box\Philippines Panel\01 Panel\14 NSU Market Survey\NSU Market Survey Launch\data\pictures/1777001297766.jpg,9d4f586f0d5ac3fa,20260920
1329,sheet_333.jpg,0,ok,8951,1773885596912.jpg,C:\Users\uzj5150\Box\Philippines Panel\01 Panel\14 NSU Market Survey\NSU Market Survey Launch\data\pictures/1773885596912.jpg,31d0c326e73e569c,20260920
1330,sheet_333.jpg,1,ok,11492,1776990445594.jpg,C:\Users\uzj5150\Box\Philippines Panel\01 Panel\14 NSU Market Survey\NSU Market Survey Launch\data\pictures/1776990445594.jpg,b913644509088468,20260920
1331,sheet_333.jpg,2,ok,9439,1773724889589.jpg,C:\Users\uzj5150\Box\Philippines Panel\01 Panel\14 NSU Market Survey\NSU Market Survey Launch\data\pictures/1773724889589.jpg,cdfe62816abe0163,20260920
1332,sheet_333.jpg,3,ok,801,1777448168057.jpg,C:\Users\uzj5150\Box\Philippines Panel\01 Panel\14 NSU Market Survey\NSU Market Survey Launch\data\pictures/1777448168057.jpg,f2a0d580aba6cd72,20260920
1333,sheet_334.jpg,0,ok,11195,1776824636453.jpg,C:\Users\uzj5150\Box\Philippines Panel\01 Panel\14 NSU Market Survey\NSU Market Survey Launch\data\pictures/1776824636453.jpg,e0499f0890e3605a,20260920
1334,sheet_334.jpg,1,ok,5108,1773717926993.jpg,C:\Users\uzj5150\Box\Philippines Panel\01 Panel\14 NSU Market Survey\NSU Market Survey Launch\data\pictures/1773717926993.jpg,ff2d6c9b68e95d65,20260920
1335,sheet_334.jpg,2,ok,2945,1776652900773.jpg,C:\Users\uzj5150\Box\Philippines Panel\01 Panel\14 NSU Market Survey\NSU Market Survey Launch\data\pictures/1776652900773.jpg,efd6176eb1cabbea,20260920
1336,sheet_334.jpg,3,ok,2543,1776665222257.jpg,C:\Users\uzj5150\Box\Philippines Panel\01 Panel\14 NSU Market Survey\NSU Market Survey Launch\data\pictures/1776665222257.jpg,4b5d594a8344f612,20260920
1337,sheet_335.jpg,0,ok,8452,1775704951374.jpg,C:\Users\uzj5150\Box\Philippines Panel\01 Panel\14 NSU Market Survey\NSU Market Survey Launch\data\pictures/1775704951374.jpg,9d9d26e0818a551f,20260920
1338,sheet_335.jpg,1,ok,46,1778472603675.jpg,C:\Users\uzj5150\Box\Philippines Panel\01 Panel\14 NSU Market Survey\NSU Market Survey Launch\data\pictures/1778472603675.jpg,b04edfb683677c9a,20260920
1339,sheet_335.jpg,2,ok,659,1777601522724.jpg,C:\Users\uzj5150\Box\Philippines Panel\01 Panel\14 NSU Market Survey\NSU Market Survey Launch\data\pictures/1777601522724.jpg,38ab420aba2529aa,20260920
1340,sheet_335.jpg,3,ok,11197,1776824685368.jpg,C:\Users\uzj5150\Box\Philippines Panel\01 Panel\14 NSU Market Survey\NSU Market Survey Launch\data\pictures/1776824685368.jpg,2daae90977a8073d,20260920
1341,sheet_336.jpg,0,ok,2618,1776302065663.jpg,C:\Users\uzj5150\Box\Philippines Panel\01 Panel\14 NSU Market Survey\NSU Market Survey Launch\data\pictures/1776302065663.jpg,2129c0679b5391c5,20260920
1342,sheet_336.jpg,1,ok,9727,1773884906484.jpg,C:\Users\uzj5150\Box\Philippines Panel\01 Panel\14 NSU Market Survey\NSU Market Survey Launch\data\pictures/1773884906484.jpg,8377fba36c05e096,20260920
1343,sheet_336.jpg,2,ok,8111,1775876694927.jpg,C:\Users\uzj5150\Box\Philippines Panel\01 Panel\14 NSU Market Survey\NSU Market Survey Launch\data\pictures/1775876694927.jpg,6a3aa9b868e95d30,20260920
1344,sheet_336.jpg,3,ok,1877,1777078421551.jpg,C:\Users\uzj5150\Box\Philippines Panel\01 Panel\14 NSU Market Survey\NSU Market Survey Launch\data\pictures/1777078421551.jpg,2a5bec6e006a2a1a,20260920
1345,sheet_337.jpg,0,ok,9433,1773726792228.jpg,C:\Users\uzj5150\Box\Philippines Panel\01 Panel\14 NSU Market Survey\NSU Market Survey Launch\data\pictures/1773726792228.jpg,9ca65b1638a0379f,20260920
1346,sheet_337.jpg,1,ok,9438,1773722809066.jpg,C:\Users\uzj5150\Box\Philippines Panel\01 Panel\14 NSU Market Survey\NSU Market Survey Launch\data\pictures/1773722809066.jpg,fd7dcc2266b87a05,20260920
1347,sheet_337.jpg,2,ok,4485,1776215350043.jpg,C:\Users\uzj5150\Box\Philippines Panel\01 Panel\14 NSU Market Survey\NSU Market Survey Launch\data\pictures/1776215350043.jpg,373a1e4df67088fe,20260920
1348,sheet_337.jpg,3,ok,8046,1775881831214.jpg,C:\Users\uzj5150\Box\Philippines Panel\01 Panel\14 NSU Market Survey\NSU Market Survey Launch\data\pictures/1775881831214.jpg,d30f788db3d6336d,20260920
1349,sheet_338.jpg,0,ok,8097,1778891140217.jpg,C:\Users\uzj5150\Box\Philippines Panel\01 Panel\14 NSU Market Survey\NSU Market Survey Launch\data\pictures/1778891140217.jpg,63b16fac2a1ec307,20260920
1350,sheet_338.jpg,1,ok,10814,1777423668671.jpg,C:\Users\uzj5150\Box\Philippines Panel\01 Panel\14 NSU Market Survey\NSU Market Survey Launch\data\pictures/1777423668671.jpg,63a7209950231b2c,20260920
1351,sheet_338.jpg,2,ok,8495,1775780705271.jpg,C:\Users\uzj5150\Box\Philippines Panel\01 Panel\14 NSU Market Survey\NSU Market Survey Launch\data\pictures/1775780705271.jpg,4f39af5815642ad4,20260920
1352,sheet_338.jpg,3,ok,672,1777687428337.jpg,C:\Users\uzj5150\Box\Philippines Panel\01 Panel\14 NSU Market Survey\NSU Market Survey Launch\data\pictures/1777687428337.jpg,ebd9ca90327876b9,20260920
1353,sheet_339.jpg,0,ok,6954,1778111509213.jpg,C:\Users\uzj5150\Box\Philippines Panel\01 Panel\14 NSU Market Survey\NSU Market Survey Launch\data\pictures/1778111509213.jpg,cf3d5e28d2af030a,20260920
1354,sheet_339.jpg,1,ok,6442,1774049941007.jpg,C:\Users\uzj5150\Box\Philippines Panel\01 Panel\14 NSU Market Survey\NSU Market Survey Launch\data\pictures/1774049941007.jpg,11e813a81c49703f,20260920
1355,sheet_339.jpg,2,ok,9558,1773880872149.jpg,C:\Users\uzj5150\Box\Philippines Panel\01 Panel\14 NSU Market Survey\NSU Market Survey Launch\data\pictures/1773880872149.jpg,e310af30d1cba753,20260920
1356,sheet_339.jpg,3,ok,9079,1775526319417.jpg,C:\Users\uzj5150\Box\Philippines Panel\01 Panel\14 NSU Market Survey\NSU Market Survey Launch\data\pictures/1775526319417.jpg,e0e1c22e3aa8f9fa,20260920
1357,sheet_340.jpg,0,ok,8441,1775781729547.jpg,C:\Users\uzj5150\Box\Philippines Panel\01 Panel\14 NSU Market Survey\NSU Market Survey Launch\data\pictures/1775781729547.jpg,bd76dede8575d198,20260920
1358,sheet_340.jpg,1,ok,599,1777597502681.jpg,C:\Users\uzj5150\Box\Philippines Panel\01 Panel\14 NSU Market Survey\NSU Market Survey Launch\data\pictures/1777597502681.jpg,3bcbd68b7d51036a,20260920
1359,sheet_340.jpg,2,ok,9128,1778462670807.jpg,C:\Users\uzj5150\Box\Philippines Panel\01 Panel\14 NSU Market Survey\NSU Market Survey Launch\data\pictures/1778462670807.jpg,e134380914f34996,20260920
1360,sheet_340.jpg,3,ok,2706,1776221209960.jpg,C:\Users\uzj5150\Box\Philippines Panel\01 Panel\14 NSU Market Survey\NSU Market Survey Launch\data\pictures/1776221209960.jpg,3e08527228786ca4,20260920
1361,sheet_341.jpg,0,ok,325,1777262390398.jpg,C:\Users\uzj5150\Box\Philippines Panel\01 Panel\14 NSU Market Survey\NSU Market Survey Launch\data\pictures/1777262390398.jpg,6294113ef6b3c74a,20260920
1362,sheet_341.jpg,1,ok,9074,1775528500867.jpg,C:\Users\uzj5150\Box\Philippines Panel\01 Panel\14 NSU Market Survey\NSU Market Survey Launch\data\pictures/1775528500867.jpg,ee540ed2905d5a61,20260920
1363,sheet_341.jpg,2,ok,2485,1776996284415.jpg,C:\Users\uzj5150\Box\Philippines Panel\01 Panel\14 NSU Market Survey\NSU Market Survey Launch\data\pictures/1776996284415.jpg,2c0422ec0e43470e,20260920
1364,sheet_341.jpg,3,ok,851,1777535384267.jpg,C:\Users\uzj5150\Box\Philippines Panel\01 Panel\14 NSU Market Survey\NSU Market Survey Launch\data\pictures/1777535384267.jpg,4d624ccc50e43b34,20260920
1365,sheet_342.jpg,0,ok,9676,1773986663906.jpg,C:\Users\uzj5150\Box\Philippines Panel\01 Panel\14 NSU Market Survey\NSU Market Survey Launch\data\pictures/1773986663906.jpg,f392d61bf90dbc57,20260920
1366,sheet_342.jpg,1,ok,9673,1773992640541.jpg,C:\Users\uzj5150\Box\Philippines Panel\01 Panel\14 NSU Market Survey\NSU Market Survey Launch\data\pictures/1773992640541.jpg,13bb0eb64a8178bd,20260920
1367,sheet_342.jpg,2,ok,3722,1775698430134.jpg,C:\Users\uzj5150\Box\Philippines Panel\01 Panel\14 NSU Market Survey\NSU Market Survey Launch\data\pictures/1775698430134.jpg,d6da2b57133ffa3f,20260920
1368,sheet_342.jpg,3,ok,5368,1774578892575.jpg,C:\Users\uzj5150\Box\Philippines Panel\01 Panel\14 NSU Market Survey\NSU Market Survey Launch\data\pictures/1774578892575.jpg,19526acbe4724a73,20260920
1369,sheet_343.jpg,0,ok,3148,1776825829644.jpg,C:\Users\uzj5150\Box\Philippines Panel\01 Panel\14 NSU Market Survey\NSU Market Survey Launch\data\pictures/1776825829644.jpg,fc64c80737a73274,20260920
1370,sheet_343.jpg,1,ok,4925,1775526710367.jpg,C:\Users\uzj5150\Box\Philippines Panel\01 Panel\14 NSU Market Survey\NSU Market Survey Launch\data\pictures/1775526710367.jpg,cb5e926c97e55a86,20260920
1371,sheet_343.jpg,2,ok,11122,1776822665152.jpg,C:\Users\uzj5150\Box\Philippines Panel\01 Panel\14 NSU Market Survey\NSU Market Survey Launch\data\pictures/1776822665152.jpg,7f59fcd170df7e86,20260920
1372,sheet_343.jpg,3,ok,3149,1776825506889.jpg,C:\Users\uzj5150\Box\Philippines Panel\01 Panel\14 NSU Market Survey\NSU Market Survey Launch\data\pictures/1776825506889.jpg,99565ff263e78e2a,20260920
1373,sheet_344.jpg,0,ok,5412,1774656306672.jpg,C:\Users\uzj5150\Box\Philippines Panel\01 Panel\14 NSU Market Survey\NSU Market Survey Launch\data\pictures/1774656306672.jpg,f74d8c05d9e7a15c,20260920
1374,sheet_344.jpg,1,ok,9502,1773725604017.jpg,C:\Users\uzj5150\Box\Philippines Panel\01 Panel\14 NSU Market Survey\NSU Market Survey Launch\data\pictures/1773725604017.jpg,2b1600bb87eff4a4,20260920
1375,sheet_344.jpg,2,ok,6243,1773801034616.jpg,C:\Users\uzj5150\Box\Philippines Panel\01 Panel\14 NSU Market Survey\NSU Market Survey Launch\data\pictures/1773801034616.jpg,c3ad547f2f32f765,20260920
1376,sheet_344.jpg,3,ok,9413,1774321232405.jpg,C:\Users\uzj5150\Box\Philippines Panel\01 Panel\14 NSU Market Survey\NSU Market Survey Launch\data\pictures/1774321232405.jpg,ecf4c7e406fa2156,20260920
1377,sheet_345.jpg,0,ok,1151,1778033861440.jpg,C:\Users\uzj5150\Box\Philippines Panel\01 Panel\14 NSU Market Survey\NSU Market Survey Launch\data\pictures/1778033861440.jpg,648cd25886bd77ba,20260920
1378,sheet_345.jpg,1,ok,612,1777597921232.jpg,C:\Users\uzj5150\Box\Philippines Panel\01 Panel\14 NSU Market Survey\NSU Market Survey Launch\data\pictures/1777597921232.jpg,aceaea3d11126065,20260920
1379,sheet_345.jpg,2,ok,6112,1773725750413.jpg,C:\Users\uzj5150\Box\Philippines Panel\01 Panel\14 NSU Market Survey\NSU Market Survey Launch\data\pictures/1773725750413.jpg,92fe277838ecdced,20260920
1380,sheet_345.jpg,3,ok,9557,1773983095885.jpg,C:\Users\uzj5150\Box\Philippines Panel\01 Panel\14 NSU Market Survey\NSU Market Survey Launch\data\pictures/1773983095885.jpg,2b47936ea7d6fade,20260920
1381,sheet_346.jpg,0,ok,8048,1775867008489.jpg,C:\Users\uzj5150\Box\Philippines Panel\01 Panel\14 NSU Market Survey\NSU Market Survey Launch\data\pictures/1775867008489.jpg,90ea4f36d568e0d5,20260920
1382,sheet_346.jpg,1,ok,10755,1777422140347.jpg,C:\Users\uzj5150\Box\Philippines Panel\01 Panel\14 NSU Market Survey\NSU Market Survey Launch\data\pictures/1777422140347.jpg,7c77cd7669b5a1c2,20260920
1383,sheet_346.jpg,2,ok,7965,1776046604513.jpg,C:\Users\uzj5150\Box\Philippines Panel\01 Panel\14 NSU Market Survey\NSU Market Survey Launch\data\pictures/1776046604513.jpg,7b2d396cac7c834b,20260920
1384,sheet_346.jpg,3,ok,9016,1775521743355.jpg,C:\Users\uzj5150\Box\Philippines Panel\01 Panel\14 NSU Market Survey\NSU Market Survey Launch\data\pictures/1775521743355.jpg,42c5ac10d24a3d2f,20260920
1385,sheet_347.jpg,0,ok,8072,1776039713461.jpg,C:\Users\uzj5150\Box\Philippines Panel\01 Panel\14 NSU Market Survey\NSU Market Survey Launch\data\pictures/1776039713461.jpg,4cfd0345c688f6d8,20260920
1386,sheet_347.jpg,1,ok,11134,1776822568635.jpg,C:\Users\uzj5150\Box\Philippines Panel\01 Panel\14 NSU Market Survey\NSU Market Survey Launch\data\pictures/1776822568635.jpg,cb4baecf4383be91,20260920
1387,sheet_347.jpg,2,ok,7591,1774491872994.jpg,C:\Users\uzj5150\Box\Philippines Panel\01 Panel\14 NSU Market Survey\NSU Market Survey Launch\data\pictures/1774491872994.jpg,551abb4a88300b7c,20260920
1388,sheet_347.jpg,3,ok,2504,1777087505635.jpg,C:\Users\uzj5150\Box\Philippines Panel\01 Panel\14 NSU Market Survey\NSU Market Survey Launch\data\pictures/1777087505635.jpg,199f60fee052635e,20260920
1389,sheet_348.jpg,0,ok,6199,1773711910401.jpg,C:\Users\uzj5150\Box\Philippines Panel\01 Panel\14 NSU Market Survey\NSU Market Survey Launch\data\pictures/1773711910401.jpg,d08dc070ffcf76db,20260920
1390,sheet_348.jpg,1,ok,83,1778206241900.jpg,C:\Users\uzj5150\Box\Philippines Panel\01 Panel\14 NSU Market Survey\NSU Market Survey Launch\data\pictures/1778206241900.jpg,4c0de01e1787ad2a,20260920
1391,sheet_348.jpg,2,ok,11133,1776822552650.jpg,C:\Users\uzj5150\Box\Philippines Panel\01 Panel\14 NSU Market Survey\NSU Market Survey Launch\data\pictures/1776822552650.jpg,78dd506d44511819,20260920
1392,sheet_348.jpg,3,ok,4596,1776298949551.jpg,C:\Users\uzj5150\Box\Philippines Panel\01 Panel\14 NSU Market Survey\NSU Market Survey Launch\data\pictures/1776298949551.jpg,16c3ec92f0193d7a,20260920
1393,sheet_349.jpg,0,ok,7822,1773890584561.jpg,C:\Users\uzj5150\Box\Philippines Panel\01 Panel\14 NSU Market Survey\NSU Market Survey Launch\data\pictures/1773890584561.jpg,1ea43ee1d783cd30,20260920
1394,sheet_349.jpg,1,ok,4905,1775524200586.jpg,C:\Users\uzj5150\Box\Philippines Panel\01 Panel\14 NSU Market Survey\NSU Market Survey Launch\data\pictures/1775524200586.jpg,a36829afd29fe2ed,20260920
1395,sheet_349.jpg,2,ok,4987,1775701888652.jpg,C:\Users\uzj5150\Box\Philippines Panel\01 Panel\14 NSU Market Survey\NSU Market Survey Launch\data\pictures/1775701888652.jpg,ec691aeb2882ef5b,20260920
1396,sheet_349.jpg,3,ok,6148,1773710208725.jpg,C:\Users\uzj5150\Box\Philippines Panel\01 Panel\14 NSU Market Survey\NSU Market Survey Launch\data\pictures/1773710208725.jpg,306ea01b7e18dc8d,20260920
1397,sheet_350.jpg,0,ok,6517,1774322394030.jpg,C:\Users\uzj5150\Box\Philippines Panel\01 Panel\14 NSU Market Survey\NSU Market Survey Launch\data\pictures/1774322394030.jpg,76d68fef3f705595,20260920
1398,sheet_350.jpg,1,ok,680,1777600231599.jpg,C:\Users\uzj5150\Box\Philippines Panel\01 Panel\14 NSU Market Survey\NSU Market Survey Launch\data\pictures/1777600231599.jpg,135ce9753b2c623b,20260920
1399,sheet_350.jpg,2,ok,2688,1776219799946.jpg,C:\Users\uzj5150\Box\Philippines Panel\01 Panel\14 NSU Market Survey\NSU Market Survey Launch\data\pictures/1776219799946.jpg,662eedbbb20bb986,20260920
1400,sheet_350.jpg,3,ok,6161,1773706616800.jpg,C:\Users\uzj5150\Box\Philippines Panel\01 Panel\14 NSU Market Survey\NSU Market Survey Launch\data\pictures/1773706616800.jpg,48c2c36d89e76a5f,20260920
1401,sheet_351.jpg,0,ok,6420,1774053420741.jpg,C:\Users\uzj5150\Box\Philippines Panel\01 Panel\14 NSU Market Survey\NSU Market Survey Launch\data\pictures/1774053420741.jpg,87ac7d9febfb7243,20260920
1402,sheet_351.jpg,1,ok,2538,1776665589115.jpg,C:\Users\uzj5150\Box\Philippines Panel\01 Panel\14 NSU Market Survey\NSU Market Survey Launch\data\pictures/1776665589115.jpg,c5f3a1829bc98a87,20260920
1403,sheet_351.jpg,2,ok,118,1778210891441.jpg,C:\Users\uzj5150\Box\Philippines Panel\01 Panel\14 NSU Market Survey\NSU Market Survey Launch\data\pictures/1778210891441.jpg,b2798bae65280d6a,20260920
1404,sheet_351.jpg,3,ok,5593,1774412720765.jpg,C:\Users\uzj5150\Box\Philippines Panel\01 Panel\14 NSU Market Survey\NSU Market Survey Launch\data\pictures/1774412720765.jpg,cfd8b8ba20ec7fe2,20260920
1405,sheet_352.jpg,0,ok,348,1777262272961.jpg,C:\Users\uzj5150\Box\Philippines Panel\01 Panel\14 NSU Market Survey\NSU Market Survey Launch\data\pictures/1777262272961.jpg,05db728bc8856c9b,20260920
1406,sheet_352.jpg,1,ok,9684,1773903067344.jpg,C:\Users\uzj5150\Box\Philippines Panel\01 Panel\14 NSU Market Survey\NSU Market Survey Launch\data\pictures/1773903067344.jpg,a581faa167741baf,20260920
1407,sheet_352.jpg,2,ok,6188,1773802488482.jpg,C:\Users\uzj5150\Box\Philippines Panel\01 Panel\14 NSU Market Survey\NSU Market Survey Launch\data\pictures/1773802488482.jpg,24bc2e1aa1da218f,20260920
1408,sheet_352.jpg,3,ok,600,1777597975699.jpg,C:\Users\uzj5150\Box\Philippines Panel\01 Panel\14 NSU Market Survey\NSU Market Survey Launch\data\pictures/1777597975699.jpg,145cd84bbf30a55c,20260920
1409,sheet_353.jpg,0,ok,9649,1773975676659.jpg,C:\Users\uzj5150\Box\Philippines Panel\01 Panel\14 NSU Market Survey\NSU Market Survey Launch\data\pictures/1773975676659.jpg,bd2d4813d2356c94,20260920
1410,sheet_353.jpg,1,ok,9446,1773726960695.jpg,C:\Users\uzj5150\Box\Philippines Panel\01 Panel\14 NSU Market Survey\NSU Market Survey Launch\data\pictures/1773726960695.jpg,b27ef13b05b1a49f,20260920
1411,sheet_353.jpg,2,ok,11463,1776992029545.jpg,C:\Users\uzj5150\Box\Philippines Panel\01 Panel\14 NSU Market Survey\NSU Market Survey Launch\data\pictures/1776992029545.jpg,afcff9a63e5566d7,20260920
1412,sheet_353.jpg,3,ok,390,1777268272993.jpg,C:\Users\uzj5150\Box\Philippines Panel\01 Panel\14 NSU Market Survey\NSU Market Survey Launch\data\pictures/1777268272993.jpg,5e4796aebcb2186f,20260920
1413,sheet_354.jpg,0,ok,9036,1775522452243.jpg,C:\Users\uzj5150\Box\Philippines Panel\01 Panel\14 NSU Market Survey\NSU Market Survey Launch\data\pictures/1775522452243.jpg,32357bc2942ec96e,20260920
1414,sheet_354.jpg,1,ok,4909,1775524256419.jpg,C:\Users\uzj5150\Box\Philippines Panel\01 Panel\14 NSU Market Survey\NSU Market Survey Launch\data\pictures/1775524256419.jpg,61c2d87df4887bb9,20260920
1415,sheet_354.jpg,2,ok,11194,1776823806316.jpg,C:\Users\uzj5150\Box\Philippines Panel\01 Panel\14 NSU Market Survey\NSU Market Survey Launch\data\pictures/1776823806316.jpg,48d2e7c24e00a3ba,20260920
1416,sheet_354.jpg,3,ok,2359,1776387353825.jpg,C:\Users\uzj5150\Box\Philippines Panel\01 Panel\14 NSU Market Survey\NSU Market Survey Launch\data\pictures/1776387353825.jpg,97bd83e631bf2d77,20260920
1417,sheet_355.jpg,0,ok,9700,1773906118038.jpg,C:\Users\uzj5150\Box\Philippines Panel\01 Panel\14 NSU Market Survey\NSU Market Survey Launch\data\pictures/1773906118038.jpg,ca1932a757432c0a,20260920
1418,sheet_355.jpg,1,ok,8043,1775875127782.jpg,C:\Users\uzj5150\Box\Philippines Panel\01 Panel\14 NSU Market Survey\NSU Market Survey Launch\data\pictures/1775875127782.jpg,cdb3dfe6cb2eed12,20260920
1419,sheet_355.jpg,2,ok,586,1777597815220.jpg,C:\Users\uzj5150\Box\Philippines Panel\01 Panel\14 NSU Market Survey\NSU Market Survey Launch\data\pictures/1777597815220.jpg,c4c224cdb45cb05e,20260920
1420,sheet_355.jpg,3,ok,5362,1774578793446.jpg,C:\Users\uzj5150\Box\Philippines Panel\01 Panel\14 NSU Market Survey\NSU Market Survey Launch\data\pictures/1774578793446.jpg,89591c092475a110,20260920
1421,sheet_356.jpg,0,ok,7565,1774491491872.jpg,C:\Users\uzj5150\Box\Philippines Panel\01 Panel\14 NSU Market Survey\NSU Market Survey Launch\data\pictures/1774491491872.jpg,07bf5f84e24a2984,20260920
1422,sheet_356.jpg,1,ok,5589,1774408298285.jpg,C:\Users\uzj5150\Box\Philippines Panel\01 Panel\14 NSU Market Survey\NSU Market Survey Launch\data\pictures/1774408298285.jpg,ad19ddb2775e43cf,20260920
1423,sheet_356.jpg,2,ok,4549,1776301926524.jpg,C:\Users\uzj5150\Box\Philippines Panel\01 Panel\14 NSU Market Survey\NSU Market Survey Launch\data\pictures/1776301926524.jpg,513df28f0ce553d5,20260920
1424,sheet_356.jpg,3,ok,9316,1774321073215.jpg,C:\Users\uzj5150\Box\Philippines Panel\01 Panel\14 NSU Market Survey\NSU Market Survey Launch\data\pictures/1774321073215.jpg,ac7ebb6627b85031,20260920
1425,sheet_357.jpg,0,ok,2661,1776304662410.jpg,C:\Users\uzj5150\Box\Philippines Panel\01 Panel\14 NSU Market Survey\NSU Market Survey Launch\data\pictures/1776304662410.jpg,d501d8669e590879,20260920
1426,sheet_357.jpg,1,ok,7813,1773889810743.jpg,C:\Users\uzj5150\Box\Philippines Panel\01 Panel\14 NSU Market Survey\NSU Market Survey Launch\data\pictures/1773889810743.jpg,81754938be201211,20260920
1427,sheet_357.jpg,2,ok,820,1777425023187.jpg,C:\Users\uzj5150\Box\Philippines Panel\01 Panel\14 NSU Market Survey\NSU Market Survey Launch\data\pictures/1777425023187.jpg,f39de2bb26cefa42,20260920
1428,sheet_357.jpg,3,ok,603,1777598588927.jpg,C:\Users\uzj5150\Box\Philippines Panel\01 Panel\14 NSU Market Survey\NSU Market Survey Launch\data\pictures/1777598588927.jpg,c42f72799c6fd00c,20260920
1429,sheet_358.jpg,0,ok,871,1777515132487.jpg,C:\Users\uzj5150\Box\Philippines Panel\01 Panel\14 NSU Market Survey\NSU Market Survey Launch\data\pictures/1777515132487.jpg,ee73701663959233,20260920
1430,sheet_358.jpg,1,ok,5315,1775867539235.jpg,C:\Users\uzj5150\Box\Philippines Panel\01 Panel\14 NSU Market Survey\NSU Market Survey Launch\data\pictures/1775867539235.jpg,4d5fb27a7e4447be,20260920
1431,sheet_358.jpg,2,ok,9340,1774061356846.jpg,C:\Users\uzj5150\Box\Philippines Panel\01 Panel\14 NSU Market Survey\NSU Market Survey Launch\data\pictures/1774061356846.jpg,77f807eb5819f926,20260920
1432,sheet_358.jpg,3,ok,2405,1776395409390.jpg,C:\Users\uzj5150\Box\Philippines Panel\01 Panel\14 NSU Market Survey\NSU Market Survey Launch\data\pictures/1776395409390.jpg,df7acff36470bb23,20260920
1433,sheet_359.jpg,0,ok,3154,1776819973041.jpg,C:\Users\uzj5150\Box\Philippines Panel\01 Panel\14 NSU Market Survey\NSU Market Survey Launch\data\pictures/1776819973041.jpg,434386f2bb1918dc,20260920
1434,sheet_359.jpg,1,ok,343,1777261811460.jpg,C:\Users\uzj5150\Box\Philippines Panel\01 Panel\14 NSU Market Survey\NSU Market Survey Launch\data\pictures/1777261811460.jpg,9b0c8143b92c046d,20260920
1435,sheet_359.jpg,2,ok,5323,1774577568949.jpg,C:\Users\uzj5150\Box\Philippines Panel\01 Panel\14 NSU Market Survey\NSU Market Survey Launch\data\pictures/1774577568949.jpg,5ea8d4c157a8a029,20260920
1436,sheet_359.jpg,3,ok,1715,1776649905283.jpg,C:\Users\uzj5150\Box\Philippines Panel\01 Panel\14 NSU Market Survey\NSU Market Survey Launch\data\pictures/1776649905283.jpg,4948bc4e17f9b8df,20260920
1437,sheet_360.jpg,0,ok,2499,1777087586690.jpg,C:\Users\uzj5150\Box\Philippines Panel\01 Panel\14 NSU Market Survey\NSU Market Survey Launch\data\pictures/1777087586690.jpg,da19cfea6716b520,20260920
1438,sheet_360.jpg,1,ok,9626,1773997708682.jpg,C:\Users\uzj5150\Box\Philippines Panel\01 Panel\14 NSU Market Survey\NSU Market Survey Launch\data\pictures/1773997708682.jpg,162b8cd72576eecc,20260920
1439,sheet_360.jpg,2,ok,8446,1775788721817.jpg,C:\Users\uzj5150\Box\Philippines Panel\01 Panel\14 NSU Market Survey\NSU Market Survey Launch\data\pictures/1775788721817.jpg,29ce5e8c3f9cab99,20260920
1440,sheet_360.jpg,3,ok,60,1778296610754.jpg,C:\Users\uzj5150\Box\Philippines Panel\01 Panel\14 NSU Market Survey\NSU Market Survey Launch\data\pictures/1778296610754.jpg,0d8d72ad60cba2fa,20260920
1441,sheet_361.jpg,0,ok,8493,1775781366626.jpg,C:\Users\uzj5150\Box\Philippines Panel\01 Panel\14 NSU Market Survey\NSU Market Survey Launch\data\pictures/1775781366626.jpg,266a01903d807914,20260920
1442,sheet_361.jpg,1,ok,3147,1776824898275.jpg,C:\Users\uzj5150\Box\Philippines Panel\01 Panel\14 NSU Market Survey\NSU Market Survey Launch\data\pictures/1776824898275.jpg,a2b4d79f25511308,20260920
1443,sheet_361.jpg,2,ok,5588,1774408275669.jpg,C:\Users\uzj5150\Box\Philippines Panel\01 Panel\14 NSU Market Survey\NSU Market Survey Launch\data\pictures/1774408275669.jpg,47bdf2c63fa4e413,20260920
1444,sheet_361.jpg,3,ok,10690,1777603040385.jpg,C:\Users\uzj5150\Box\Philippines Panel\01 Panel\14 NSU Market Survey\NSU Market Survey Launch\data\pictures/1777603040385.jpg,a21860ab5f6922aa,20260920
1445,sheet_362.jpg,0,ok,2529,1776664503327.jpg,C:\Users\uzj5150\Box\Philippines Panel\01 Panel\14 NSU Market Survey\NSU Market Survey Launch\data\pictures/1776664503327.jpg,88d4bf6faadc309f,20260920
1446,sheet_362.jpg,1,ok,320,1777951196406.jpg,C:\Users\uzj5150\Box\Philippines Panel\01 Panel\14 NSU Market Survey\NSU Market Survey Launch\data\pictures/1777951196406.jpg,e0d29a9a9ca4946f,20260920
1447,sheet_362.jpg,2,ok,1475,1777450707934.jpg,C:\Users\uzj5150\Box\Philippines Panel\01 Panel\14 NSU Market Survey\NSU Market Survey Launch\data\pictures/1777450707934.jpg,523c6c509667ab57,20260920
1448,sheet_362.jpg,3,ok,806,1777447910367.jpg,C:\Users\uzj5150\Box\Philippines Panel\01 Panel\14 NSU Market Survey\NSU Market Survey Launch\data\pictures/1777447910367.jpg,e3dc706d6d653e95,20260920
1449,sheet_363.jpg,0,ok,9035,1775525887448.jpg,C:\Users\uzj5150\Box\Philippines Panel\01 Panel\14 NSU Market Survey\NSU Market Survey Launch\data\pictures/1775525887448.jpg,1bb481a58f061fdc,20260920
1450,sheet_363.jpg,1,ok,109,1778117223598.jpg,C:\Users\uzj5150\Box\Philippines Panel\01 Panel\14 NSU Market Survey\NSU Market Survey Launch\data\pictures/1778117223598.jpg,a3ededf51eb05c8d,20260920
1451,sheet_363.jpg,2,ok,5233,1776043707559.jpg,C:\Users\uzj5150\Box\Philippines Panel\01 Panel\14 NSU Market Survey\NSU Market Survey Launch\data\pictures/1776043707559.jpg,ebac934dc1a39380,20260920
1452,sheet_363.jpg,3,ok,9303,1774053313704.jpg,C:\Users\uzj5150\Box\Philippines Panel\01 Panel\14 NSU Market Survey\NSU Market Survey Launch\data\pictures/1774053313704.jpg,e0c5742f7260a46d,20260920
1453,sheet_364.jpg,0,ok,5135,1775868609565.jpg,C:\Users\uzj5150\Box\Philippines Panel\01 Panel\14 NSU Market Survey\NSU Market Survey Launch\data\pictures/1775868609565.jpg,23ae9d5f6e6d9efd,20260920
1454,sheet_364.jpg,1,ok,5112,1773803103151.jpg,C:\Users\uzj5150\Box\Philippines Panel\01 Panel\14 NSU Market Survey\NSU Market Survey Launch\data\pictures/1773803103151.jpg,681ffe613a8f728e,20260920
1455,sheet_364.jpg,2,ok,2650,1776305817615.jpg,C:\Users\uzj5150\Box\Philippines Panel\01 Panel\14 NSU Market Survey\NSU Market Survey Launch\data\pictures/1776305817615.jpg,eb972723524bfdb1,20260920
1456,sheet_364.jpg,3,ok,9445,1773726939000.jpg,C:\Users\uzj5150\Box\Philippines Panel\01 Panel\14 NSU Market Survey\NSU Market Survey Launch\data\pictures/1773726939000.jpg,da83fc661cec6ef2,20260920
1457,sheet_365.jpg,0,ok,6106,1773709169064.jpg,C:\Users\uzj5150\Box\Philippines Panel\01 Panel\14 NSU Market Survey\NSU Market Survey Launch\data\pictures/1773709169064.jpg,3966c50c4be87085,20260920
1458,sheet_365.jpg,1,ok,9734,1773885560527.jpg,C:\Users\uzj5150\Box\Philippines Panel\01 Panel\14 NSU Market Survey\NSU Market Survey Launch\data\pictures/1773885560527.jpg,f8944ebf5cccc20b,20260920
1459,sheet_365.jpg,2,ok,7571,1774420292607.jpg,C:\Users\uzj5150\Box\Philippines Panel\01 Panel\14 NSU Market Survey\NSU Market Survey Launch\data\pictures/1774420292607.jpg,b0492b057898881a,20260920
1460,sheet_365.jpg,3,ok,4594,1776298893800.jpg,C:\Users\uzj5150\Box\Philippines Panel\01 Panel\14 NSU Market Survey\NSU Market Survey Launch\data\pictures/1776298893800.jpg,c9c338fd9d6d6c2c,20260920
1461,sheet_366.jpg,0,ok,2711,1776307303241.jpg,C:\Users\uzj5150\Box\Philippines Panel\01 Panel\14 NSU Market Survey\NSU Market Survey Launch\data\pictures/1776307303241.jpg,58c16d5d4c1e4995,20260920
1462,sheet_366.jpg,1,ok,9669,1773992337726.jpg,C:\Users\uzj5150\Box\Philippines Panel\01 Panel\14 NSU Market Survey\NSU Market Survey Launch\data\pictures/1773992337726.jpg,81768f99bbacd840,20260920
1463,sheet_366.jpg,2,ok,9019,1775520637183.jpg,C:\Users\uzj5150\Box\Philippines Panel\01 Panel\14 NSU Market Survey\NSU Market Survey Launch\data\pictures/1775520637183.jpg,906f5587661956e9,20260920
1464,sheet_366.jpg,3,ok,6955,1778111542124.jpg,C:\Users\uzj5150\Box\Philippines Panel\01 Panel\14 NSU Market Survey\NSU Market Survey Launch\data\pictures/1778111542124.jpg,b853d22c0f97b586,20260920
1465,sheet_367.jpg,0,ok,3723,1775697769874.jpg,C:\Users\uzj5150\Box\Philippines Panel\01 Panel\14 NSU Market Survey\NSU Market Survey Launch\data\pictures/1775697769874.jpg,129f13d65b8e148a,20260920
1466,sheet_367.jpg,1,ok,11477,1776997911798.jpg,C:\Users\uzj5150\Box\Philippines Panel\01 Panel\14 NSU Market Survey\NSU Market Survey Launch\data\pictures/1776997911798.jpg,560e9f2f26879baa,20260920
1467,sheet_367.jpg,2,ok,2647,1776216359687.jpg,C:\Users\uzj5150\Box\Philippines Panel\01 Panel\14 NSU Market Survey\NSU Market Survey Launch\data\pictures/1776216359687.jpg,355a752e4a4553cd,20260920
1468,sheet_367.jpg,3,ok,602,1777598439844.jpg,C:\Users\uzj5150\Box\Philippines Panel\01 Panel\14 NSU Market Survey\NSU Market Survey Launch\data\pictures/1777598439844.jpg,061f6274beb4e5be,20260920
1469,sheet_368.jpg,0,ok,906,1778034178247.jpg,C:\Users\uzj5150\Box\Philippines Panel\01 Panel\14 NSU Market Survey\NSU Market Survey Launch\data\pictures/1778034178247.jpg,5a9c6a3ebd0272ca,20260920
1470,sheet_368.jpg,1,ok,1776,1779239773069.jpg,C:\Users\uzj5150\Box\Philippines Panel\01 Panel\14 NSU Market Survey\NSU Market Survey Launch\data\pictures/1779239773069.jpg,99fcfab0332bfdf8,20260920
1471,sheet_368.jpg,2,ok,1653,1777000665803.jpg,C:\Users\uzj5150\Box\Philippines Panel\01 Panel\14 NSU Market Survey\NSU Market Survey Launch\data\pictures/1777000665803.jpg,b4bc4838a69b7255,20260920
1472,sheet_368.jpg,3,ok,2492,1777001240809.jpg,C:\Users\uzj5150\Box\Philippines Panel\01 Panel\14 NSU Market Survey\NSU Market Survey Launch\data\pictures/1777001240809.jpg,9094814b9bb23dd5,20260920
1473,sheet_369.jpg,0,ok,8057,1775876032423.jpg,C:\Users\uzj5150\Box\Philippines Panel\01 Panel\14 NSU Market Survey\NSU Market Survey Launch\data\pictures/1775876032423.jpg,c7abee7f68e2942c,20260920
1474,sheet_369.jpg,1,ok,9430,1773799344987.jpg,C:\Users\uzj5150\Box\Philippines Panel\01 Panel\14 NSU Market Survey\NSU Market Survey Launch\data\pictures/1773799344987.jpg,6212443e6744e7a0,20260920
1475,sheet_369.jpg,2,ok,2654,1776217112641.jpg,C:\Users\uzj5150\Box\Philippines Panel\01 Panel\14 NSU Market Survey\NSU Market Survey Launch\data\pictures/1776217112641.jpg,eddd00621c9d2002,20260920
1476,sheet_369.jpg,3,ok,9071,1775613139329.jpg,C:\Users\uzj5150\Box\Philippines Panel\01 Panel\14 NSU Market Survey\NSU Market Survey Launch\data\pictures/1775613139329.jpg,787b34f19396c3eb,20260920
1477,sheet_370.jpg,0,ok,9754,1773910641644.jpg,C:\Users\uzj5150\Box\Philippines Panel\01 Panel\14 NSU Market Survey\NSU Market Survey Launch\data\pictures/1773910641644.jpg,0a50972693d62970,20260920
1478,sheet_370.jpg,1,ok,10041,1778477588282.jpg,C:\Users\uzj5150\Box\Philippines Panel\01 Panel\14 NSU Market Survey\NSU Market Survey Launch\data\pictures/1778477588282.jpg,1e0f1674aec4263f,20260920
1479,sheet_370.jpg,2,ok,9586,1773987339085.jpg,C:\Users\uzj5150\Box\Philippines Panel\01 Panel\14 NSU Market Survey\NSU Market Survey Launch\data\pictures/1773987339085.jpg,28fa80abeed3fbc6,20260920
1480,sheet_370.jpg,3,ok,3073,1776302577882.jpg,C:\Users\uzj5150\Box\Philippines Panel\01 Panel\14 NSU Market Survey\NSU Market Survey Launch\data\pictures/1776302577882.jpg,edc9c97f6f77b9a7,20260920
1481,sheet_371.jpg,0,ok,1708,1776649977682.jpg,C:\Users\uzj5150\Box\Philippines Panel\01 Panel\14 NSU Market Survey\NSU Market Survey Launch\data\pictures/1776649977682.jpg,90db9fdc0eb7b659,20260920
1482,sheet_371.jpg,1,ok,4223,1775872179761.jpg,C:\Users\uzj5150\Box\Philippines Panel\01 Panel\14 NSU Market Survey\NSU Market Survey Launch\data\pictures/1775872179761.jpg,a6f420f19ca6ddf7,20260920
1483,sheet_371.jpg,2,ok,6117,1778895306551.jpg,C:\Users\uzj5150\Box\Philippines Panel\01 Panel\14 NSU Market Survey\NSU Market Survey Launch\data\pictures/1778895306551.jpg,a6738bdb2c527f07,20260920
1484,sheet_371.jpg,3,ok,7690,1774425399480.jpg,C:\Users\uzj5150\Box\Philippines Panel\01 Panel\14 NSU Market Survey\NSU Market Survey Launch\data\pictures/1774425399480.jpg,e9f45a5f6e0efc9e,20260920
1485,sheet_372.jpg,0,ok,9384,1774057672302.jpg,C:\Users\uzj5150\Box\Philippines Panel\01 Panel\14 NSU Market Survey\NSU Market Survey Launch\data\pictures/1774057672302.jpg,0847c0a64abaf8e0,20260920
1486,sheet_372.jpg,1,ok,7804,1773971679900.jpg,C:\Users\uzj5150\Box\Philippines Panel\01 Panel\14 NSU Market Survey\NSU Market Survey Launch\data\pictures/1773971679900.jpg,1c8fb577e860dde8,20260920
1487,sheet_372.jpg,2,ok,5092,1773715357404.jpg,C:\Users\uzj5150\Box\Philippines Panel\01 Panel\14 NSU Market Survey\NSU Market Survey Launch\data\pictures/1773715357404.jpg,bef7563b88931afa,20260920
1488,sheet_372.jpg,3,ok,4891,1775872348440.jpg,C:\Users\uzj5150\Box\Philippines Panel\01 Panel\14 NSU Market Survey\NSU Market Survey Launch\data\pictures/1775872348440.jpg,269c797ee553bec2,20260920
1489,sheet_373.jpg,0,ok,9861,1773892162507.jpg,C:\Users\uzj5150\Box\Philippines Panel\01 Panel\14 NSU Market Survey\NSU Market Survey Launch\data\pictures/1773892162507.jpg,fa99a9bcbf89163c,20260920
1490,sheet_373.jpg,1,ok,10549,1777268855321.jpg,C:\Users\uzj5150\Box\Philippines Panel\01 Panel\14 NSU Market Survey\NSU Market Survey Launch\data\pictures/1777268855321.jpg,ac82e35cdaa4ded8,20260920
1491,sheet_373.jpg,2,ok,8850,1775714935332.jpg,C:\Users\uzj5150\Box\Philippines Panel\01 Panel\14 NSU Market Survey\NSU Market Survey Launch\data\pictures/1775714935332.jpg,83a873b1828a2109,20260920
1492,sheet_373.jpg,3,ok,8073,1775867084307.jpg,C:\Users\uzj5150\Box\Philippines Panel\01 Panel\14 NSU Market Survey\NSU Market Survey Launch\data\pictures/1775867084307.jpg,b5215dea84c9c1fc,20260920
1493,sheet_374.jpg,0,ok,9409,1774056145567.jpg,C:\Users\uzj5150\Box\Philippines Panel\01 Panel\14 NSU Market Survey\NSU Market Survey Launch\data\pictures/1774056145567.jpg,67ce829815623b77,20260920
1494,sheet_374.jpg,1,ok,5185,1775866580610.jpg,C:\Users\uzj5150\Box\Philippines Panel\01 Panel\14 NSU Market Survey\NSU Market Survey Launch\data\pictures/1775866580610.jpg,7ad7d183a444d218,20260920
1495,sheet_374.jpg,2,ok,9767,1773880419198.jpg,C:\Users\uzj5150\Box\Philippines Panel\01 Panel\14 NSU Market Survey\NSU Market Survey Launch\data\pictures/1773880419198.jpg,984bcaf30d706ee1,20260920
1496,sheet_374.jpg,3,ok,1532,1777427570284.jpg,C:\Users\uzj5150\Box\Philippines Panel\01 Panel\14 NSU Market Survey\NSU Market Survey Launch\data\pictures/1777427570284.jpg,fc72194c94bd0f29,20260920
1497,sheet_375.jpg,0,ok,9697,1773905095997.jpg,C:\Users\uzj5150\Box\Philippines Panel\01 Panel\14 NSU Market Survey\NSU Market Survey Launch\data\pictures/1773905095997.jpg,f11b395401ff8a24,20260920
1498,sheet_375.jpg,1,ok,7850,1778832777637.jpg,C:\Users\uzj5150\Box\Philippines Panel\01 Panel\14 NSU Market Survey\NSU Market Survey Launch\data\pictures/1778832777637.jpg,718e40ae715d5388,20260920
1499,sheet_375.jpg,2,ok,16,1778292568459.jpg,C:\Users\uzj5150\Box\Philippines Panel\01 Panel\14 NSU Market Survey\NSU Market Survey Launch\data\pictures/1778292568459.jpg,dc95e414999b8179,20260920
1500,sheet_375.jpg,3,ok,8050,1775866470721.jpg,C:\Users\uzj5150\Box\Philippines Panel\01 Panel\14 NSU Market Survey\NSU Market Survey Launch\data\pictures/1775866470721.jpg,be17353567cf4ea4,20260920
1501,sheet_376.jpg,0,ok,10691,1777603127656.jpg,C:\Users\uzj5150\Box\Philippines Panel\01 Panel\14 NSU Market Survey\NSU Market Survey Launch\data\pictures/1777603127656.jpg,3ac2c3bbcb34112c,20260920
1502,sheet_376.jpg,1,ok,5021,1775700922372.jpg,C:\Users\uzj5150\Box\Philippines Panel\01 Panel\14 NSU Market Survey\NSU Market Survey Launch\data\pictures/1775700922372.jpg,ae6b731191d26310,20260920
1503,sheet_376.jpg,2,ok,8443,1775695362397.jpg,C:\Users\uzj5150\Box\Philippines Panel\01 Panel\14 NSU Market Survey\NSU Market Survey Launch\data\pictures/1775695362397.jpg,f5e481ef2a9fa095,20260920
1504,sheet_376.jpg,3,ok,9864,1773884572418.jpg,C:\Users\uzj5150\Box\Philippines Panel\01 Panel\14 NSU Market Survey\NSU Market Survey Launch\data\pictures/1773884572418.jpg,65bc6b59942c9b23,20260920
1505,sheet_377.jpg,0,ok,6477,1774051113734.jpg,C:\Users\uzj5150\Box\Philippines Panel\01 Panel\14 NSU Market Survey\NSU Market Survey Launch\data\pictures/1774051113734.jpg,b8a51882f0e4a601,20260920
1506,sheet_377.jpg,1,ok,4856,1776046601290.jpg,C:\Users\uzj5150\Box\Philippines Panel\01 Panel\14 NSU Market Survey\NSU Market Survey Launch\data\pictures/1776046601290.jpg,49fb6ac141c92c00,20260920
1507,sheet_377.jpg,2,ok,2689,1776219825361.jpg,C:\Users\uzj5150\Box\Philippines Panel\01 Panel\14 NSU Market Survey\NSU Market Survey Launch\data\pictures/1776219825361.jpg,a9fdbc34c317f22a,20260920
1508,sheet_377.jpg,3,ok,6102,1773798497274.jpg,C:\Users\uzj5150\Box\Philippines Panel\01 Panel\14 NSU Market Survey\NSU Market Survey Launch\data\pictures/1773798497274.jpg,152cafb3d04ed41e,20260920
1509,sheet_378.jpg,0,ok,10059,1773811538004.jpg,C:\Users\uzj5150\Box\Philippines Panel\01 Panel\14 NSU Market Survey\NSU Market Survey Launch\data\pictures/1773811538004.jpg,65f8b4e7fa493ff6,20260920
1510,sheet_378.jpg,1,ok,9732,1773905473135.jpg,C:\Users\uzj5150\Box\Philippines Panel\01 Panel\14 NSU Market Survey\NSU Market Survey Launch\data\pictures/1773905473135.jpg,2f6063ab46036d4d,20260920
1511,sheet_378.jpg,2,ok,6619,1773802180757.jpg,C:\Users\uzj5150\Box\Philippines Panel\01 Panel\14 NSU Market Survey\NSU Market Survey Launch\data\pictures/1773802180757.jpg,d031e0a909b56ebf,20260920
1512,sheet_378.jpg,3,ok,4431,1776130011785.jpg,C:\Users\uzj5150\Box\Philippines Panel\01 Panel\14 NSU Market Survey\NSU Market Survey Launch\data\pictures/1776130011785.jpg,a8797a201c87b13e,20260920
1513,sheet_379.jpg,0,ok,9851,1773972465581.jpg,C:\Users\uzj5150\Box\Philippines Panel\01 Panel\14 NSU Market Survey\NSU Market Survey Launch\data\pictures/1773972465581.jpg,f4cdb4a0d1a8c22e,20260920
1514,sheet_379.jpg,1,ok,9524,1773904699151.jpg,C:\Users\uzj5150\Box\Philippines Panel\01 Panel\14 NSU Market Survey\NSU Market Survey Launch\data\pictures/1773904699151.jpg,03eb4c7bbf14cf39,20260920
1515,sheet_379.jpg,2,ok,878,1777449295080.jpg,C:\Users\uzj5150\Box\Philippines Panel\01 Panel\14 NSU Market Survey\NSU Market Survey Launch\data\pictures/1777449295080.jpg,73d0b7c7b8729b26,20260920
1516,sheet_379.jpg,3,ok,6480,1774051559980.jpg,C:\Users\uzj5150\Box\Philippines Panel\01 Panel\14 NSU Market Survey\NSU Market Survey Launch\data\pictures/1774051559980.jpg,fecceacde463cfed,20260920
1517,sheet_380.jpg,0,ok,391,1777345467427.jpg,C:\Users\uzj5150\Box\Philippines Panel\01 Panel\14 NSU Market Survey\NSU Market Survey Launch\data\pictures/1777345467427.jpg,c11734b1355724b7,20260920
1518,sheet_380.jpg,1,ok,10057,1773807561400.jpg,C:\Users\uzj5150\Box\Philippines Panel\01 Panel\14 NSU Market Survey\NSU Market Survey Launch\data\pictures/1773807561400.jpg,7e64b1f4e56e42e5,20260920
1519,sheet_380.jpg,2,ok,6100,1773798689344.jpg,C:\Users\uzj5150\Box\Philippines Panel\01 Panel\14 NSU Market Survey\NSU Market Survey Launch\data\pictures/1773798689344.jpg,2696a4f5580c0564,20260920
1520,sheet_380.jpg,3,ok,3727,1775696731461.jpg,C:\Users\uzj5150\Box\Philippines Panel\01 Panel\14 NSU Market Survey\NSU Market Survey Launch\data\pictures/1775696731461.jpg,7edd42bf771e44d8,20260920
1521,sheet_381.jpg,0,ok,6165,1773799670502.jpg,C:\Users\uzj5150\Box\Philippines Panel\01 Panel\14 NSU Market Survey\NSU Market Survey Launch\data\pictures/1773799670502.jpg,aaa62ab5f8e616da,20260920
1522,sheet_381.jpg,1,ok,9435,1773726862367.jpg,C:\Users\uzj5150\Box\Philippines Panel\01 Panel\14 NSU Market Survey\NSU Market Survey Launch\data\pictures/1773726862367.jpg,f7558db573243c0b,20260920
1523,sheet_381.jpg,2,ok,648,1777599317630.jpg,C:\Users\uzj5150\Box\Philippines Panel\01 Panel\14 NSU Market Survey\NSU Market Survey Launch\data\pictures/1777599317630.jpg,4290581c1e0cbb02,20260920
1524,sheet_381.jpg,3,ok,1605,1777080520246.jpg,C:\Users\uzj5150\Box\Philippines Panel\01 Panel\14 NSU Market Survey\NSU Market Survey Launch\data\pictures/1777080520246.jpg,62bbd2c640e2a07b,20260920
1525,sheet_382.jpg,0,ok,6129,1773726373086.jpg,C:\Users\uzj5150\Box\Philippines Panel\01 Panel\14 NSU Market Survey\NSU Market Survey Launch\data\pictures/1773726373086.jpg,b5012621a27ebc47,20260920
1526,sheet_382.jpg,1,ok,8506,1775698880629.jpg,C:\Users\uzj5150\Box\Philippines Panel\01 Panel\14 NSU Market Survey\NSU Market Survey Launch\data\pictures/1775698880629.jpg,c91670387b4e8edd,20260920
1527,sheet_382.jpg,2,ok,805,1777424277714.jpg,C:\Users\uzj5150\Box\Philippines Panel\01 Panel\14 NSU Market Survey\NSU Market Survey Launch\data\pictures/1777424277714.jpg,9b3566c2a2e02d4c,20260920
1528,sheet_382.jpg,3,ok,588,1777597858497.jpg,C:\Users\uzj5150\Box\Philippines Panel\01 Panel\14 NSU Market Survey\NSU Market Survey Launch\data\pictures/1777597858497.jpg,f6fc666cbd3e3f34,20260920
1529,sheet_383.jpg,0,ok,373,1777263980383.jpg,C:\Users\uzj5150\Box\Philippines Panel\01 Panel\14 NSU Market Survey\NSU Market Survey Launch\data\pictures/1777263980383.jpg,1593334bc8ad2854,20260920
1530,sheet_383.jpg,1,ok,7686,1774424700422.jpg,C:\Users\uzj5150\Box\Philippines Panel\01 Panel\14 NSU Market Survey\NSU Market Survey Launch\data\pictures/1774424700422.jpg,fda018628ea500df,20260920
1531,sheet_383.jpg,2,ok,106,1778118596815.jpg,C:\Users\uzj5150\Box\Philippines Panel\01 Panel\14 NSU Market Survey\NSU Market Survey Launch\data\pictures/1778118596815.jpg,6151436cbe855dde,20260920
1532,sheet_383.jpg,3,ok,2866,1776649472419.jpg,C:\Users\uzj5150\Box\Philippines Panel\01 Panel\14 NSU Market Survey\NSU Market Survey Launch\data\pictures/1776649472419.jpg,af24c06bddba32cb,20260920
1533,sheet_384.jpg,0,ok,9832,1773881537976.jpg,C:\Users\uzj5150\Box\Philippines Panel\01 Panel\14 NSU Market Survey\NSU Market Survey Launch\data\pictures/1773881537976.jpg,c7bbf9ebedc27a02,20260920
1534,sheet_384.jpg,1,ok,9584,1773987265914.jpg,C:\Users\uzj5150\Box\Philippines Panel\01 Panel\14 NSU Market Survey\NSU Market Survey Launch\data\pictures/1773987265914.jpg,84a315cb43c942f1,20260920
1535,sheet_384.jpg,2,ok,10060,1773795261509.jpg,C:\Users\uzj5150\Box\Philippines Panel\01 Panel\14 NSU Market Survey\NSU Market Survey Launch\data\pictures/1773795261509.jpg,f2122b885578dd1b,20260920
1536,sheet_384.jpg,3,ok,318,1777261647519.jpg,C:\Users\uzj5150\Box\Philippines Panel\01 Panel\14 NSU Market Survey\NSU Market Survey Launch\data\pictures/1777261647519.jpg,b3af181386d19136,20260920
1537,sheet_385.jpg,0,ok,6431,1774050015928.jpg,C:\Users\uzj5150\Box\Philippines Panel\01 Panel\14 NSU Market Survey\NSU Market Survey Launch\data\pictures/1774050015928.jpg,bacf38558cf5bf83,20260920
1538,sheet_385.jpg,1,ok,1749,1776741195448.jpg,C:\Users\uzj5150\Box\Philippines Panel\01 Panel\14 NSU Market Survey\NSU Market Survey Launch\data\pictures/1776741195448.jpg,1d8819bba3899886,20260920
1539,sheet_385.jpg,2,ok,3203,1776820508925.jpg,C:\Users\uzj5150\Box\Philippines Panel\01 Panel\14 NSU Market Survey\NSU Market Survey Launch\data\pictures/1776820508925.jpg,c0c70dc3cce91093,20260920
1540,sheet_385.jpg,3,ok,5422,1774581367386.jpg,C:\Users\uzj5150\Box\Philippines Panel\01 Panel\14 NSU Market Survey\NSU Market Survey Launch\data\pictures/1774581367386.jpg,bf2795daa2b31a7e,20260920
1541,sheet_386.jpg,0,ok,9698,1773905116686.jpg,C:\Users\uzj5150\Box\Philippines Panel\01 Panel\14 NSU Market Survey\NSU Market Survey Launch\data\pictures/1773905116686.jpg,30bbd1c4785e71d5,20260920
1542,sheet_386.jpg,1,ok,663,1777867220626.jpg,C:\Users\uzj5150\Box\Philippines Panel\01 Panel\14 NSU Market Survey\NSU Market Survey Launch\data\pictures/1777867220626.jpg,74fe9c95025b4def,20260920
1543,sheet_386.jpg,2,ok,168,1778205789361.jpg,C:\Users\uzj5150\Box\Philippines Panel\01 Panel\14 NSU Market Survey\NSU Market Survey Launch\data\pictures/1778205789361.jpg,e565388b0213a653,20260920
1544,sheet_386.jpg,3,ok,7594,1774420505865.jpg,C:\Users\uzj5150\Box\Philippines Panel\01 Panel\14 NSU Market Survey\NSU Market Survey Launch\data\pictures/1774420505865.jpg,cc9e44c01540a5cd,20260920
1545,sheet_387.jpg,0,ok,5442,1774580459547.jpg,C:\Users\uzj5150\Box\Philippines Panel\01 Panel\14 NSU Market Survey\NSU Market Survey Launch\data\pictures/1774580459547.jpg,e477ce73b6f04818,20260920
1546,sheet_387.jpg,1,ok,6137,1773798921921.jpg,C:\Users\uzj5150\Box\Philippines Panel\01 Panel\14 NSU Market Survey\NSU Market Survey Launch\data\pictures/1773798921921.jpg,b83dd0c1ee6cacfe,20260920
1547,sheet_387.jpg,2,ok,9507,1773725500205.jpg,C:\Users\uzj5150\Box\Philippines Panel\01 Panel\14 NSU Market Survey\NSU Market Survey Launch\data\pictures/1773725500205.jpg,9417f16b8f136ddf,20260920
1548,sheet_387.jpg,3,ok,6237,1773796250442.jpg,C:\Users\uzj5150\Box\Philippines Panel\01 Panel\14 NSU Market Survey\NSU Market Survey Launch\data\pictures/1773796250442.jpg,409a7fb6d2ddaa5b,20260920
1549,sheet_388.jpg,0,ok,10555,1777268008800.jpg,C:\Users\uzj5150\Box\Philippines Panel\01 Panel\14 NSU Market Survey\NSU Market Survey Launch\data\pictures/1777268008800.jpg,6350d588a17aa7da,20260920
1550,sheet_388.jpg,1,ok,64,1778297934439.jpg,C:\Users\uzj5150\Box\Philippines Panel\01 Panel\14 NSU Market Survey\NSU Market Survey Launch\data\pictures/1778297934439.jpg,7cc53ebc345c01ca,20260920
1551,sheet_388.jpg,2,ok,8497,1775779709298.jpg,C:\Users\uzj5150\Box\Philippines Panel\01 Panel\14 NSU Market Survey\NSU Market Survey Launch\data\pictures/1775779709298.jpg,9f38fb9de19b78a7,20260920
1552,sheet_388.jpg,3,ok,13,1778292969948.jpg,C:\Users\uzj5150\Box\Philippines Panel\01 Panel\14 NSU Market Survey\NSU Market Survey Launch\data\pictures/1778292969948.jpg,18de5c1824f7b66c,20260920
1553,sheet_389.jpg,0,ok,5570,1774408092953.jpg,C:\Users\uzj5150\Box\Philippines Panel\01 Panel\14 NSU Market Survey\NSU Market Survey Launch\data\pictures/1774408092953.jpg,cb89f16af2fd7b6d,20260920
1554,sheet_389.jpg,1,ok,4231,1775870917301.jpg,C:\Users\uzj5150\Box\Philippines Panel\01 Panel\14 NSU Market Survey\NSU Market Survey Launch\data\pictures/1775870917301.jpg,6428b9971257ce6a,20260920
1555,sheet_389.jpg,2,ok,11128,1776823325240.jpg,C:\Users\uzj5150\Box\Philippines Panel\01 Panel\14 NSU Market Survey\NSU Market Survey Launch\data\pictures/1776823325240.jpg,4c1036a0c7232097,20260920
1556,sheet_389.jpg,3,ok,6521,1774322723322.jpg,C:\Users\uzj5150\Box\Philippines Panel\01 Panel\14 NSU Market Survey\NSU Market Survey Launch\data\pictures/1774322723322.jpg,47135f27752f41bd,20260920
1557,sheet_390.jpg,0,ok,9018,1775612916802.jpg,C:\Users\uzj5150\Box\Philippines Panel\01 Panel\14 NSU Market Survey\NSU Market Survey Launch\data\pictures/1775612916802.jpg,b2269f6c914c169d,20260920
1558,sheet_390.jpg,1,ok,11198,1776824310312.jpg,C:\Users\uzj5150\Box\Philippines Panel\01 Panel\14 NSU Market Survey\NSU Market Survey Launch\data\pictures/1776824310312.jpg,e85008f3928809f2,20260920
1559,sheet_390.jpg,2,ok,9082,1775606820345.jpg,C:\Users\uzj5150\Box\Philippines Panel\01 Panel\14 NSU Market Survey\NSU Market Survey Launch\data\pictures/1775606820345.jpg,f3fa91d2e5236e1c,20260920
1560,sheet_390.jpg,3,ok,5089,1773715106734.jpg,C:\Users\uzj5150\Box\Philippines Panel\01 Panel\14 NSU Market Survey\NSU Market Survey Launch\data\pictures/1773715106734.jpg,a9f1ae87fe60d4b3,20260920
1561,sheet_391.jpg,0,ok,3341,1776223852044.jpg,C:\Users\uzj5150\Box\Philippines Panel\01 Panel\14 NSU Market Survey\NSU Market Survey Launch\data\pictures/1776223852044.jpg,fc571f32d0fc3735,20260920
1562,sheet_391.jpg,1,ok,6108,1773708063594.jpg,C:\Users\uzj5150\Box\Philippines Panel\01 Panel\14 NSU Market Survey\NSU Market Survey Launch\data\pictures/1773708063594.jpg,e7132affecc7381f,20260920
1563,sheet_391.jpg,2,ok,3160,1776825440952.jpg,C:\Users\uzj5150\Box\Philippines Panel\01 Panel\14 NSU Market Survey\NSU Market Survey Launch\data\pictures/1776825440952.jpg,5991c8f3b23e4998,20260920
1564,sheet_391.jpg,3,ok,9745,1773908466022.jpg,C:\Users\uzj5150\Box\Philippines Panel\01 Panel\14 NSU Market Survey\NSU Market Survey Launch\data\pictures/1773908466022.jpg,40ea97fb0e0d1bcc,20260920
1565,sheet_392.jpg,0,ok,9542,1773905198044.jpg,C:\Users\uzj5150\Box\Philippines Panel\01 Panel\14 NSU Market Survey\NSU Market Survey Launch\data\pictures/1773905198044.jpg,b4cf5c68612482b5,20260920
1566,sheet_392.jpg,1,ok,7663,1774490226443.jpg,C:\Users\uzj5150\Box\Philippines Panel\01 Panel\14 NSU Market Survey\NSU Market Survey Launch\data\pictures/1774490226443.jpg,14bdd12cb6dcdfd9,20260920
1567,sheet_392.jpg,2,ok,7564,1774484717823.jpg,C:\Users\uzj5150\Box\Philippines Panel\01 Panel\14 NSU Market Survey\NSU Market Survey Launch\data\pictures/1774484717823.jpg,ac8e35ed6f72e180,20260920
1568,sheet_392.jpg,3,ok,5165,1775867427427.jpg,C:\Users\uzj5150\Box\Philippines Panel\01 Panel\14 NSU Market Survey\NSU Market Survey Launch\data\pictures/1775867427427.jpg,e09496c316ee9192,20260920
1569,sheet_393.jpg,0,ok,404,1777348887027.jpg,C:\Users\uzj5150\Box\Philippines Panel\01 Panel\14 NSU Market Survey\NSU Market Survey Launch\data\pictures/1777348887027.jpg,9962004a498e73ce,20260920
1570,sheet_393.jpg,1,ok,585,1777865636254.jpg,C:\Users\uzj5150\Box\Philippines Panel\01 Panel\14 NSU Market Survey\NSU Market Survey Launch\data\pictures/1777865636254.jpg,72b2a601c40aeeed,20260920
1571,sheet_393.jpg,2,ok,611,1777598342942.jpg,C:\Users\uzj5150\Box\Philippines Panel\01 Panel\14 NSU Market Survey\NSU Market Survey Launch\data\pictures/1777598342942.jpg,70d6854ab0e844a7,20260920
1572,sheet_393.jpg,3,ok,5022,1775700942770.jpg,C:\Users\uzj5150\Box\Philippines Panel\01 Panel\14 NSU Market Survey\NSU Market Survey Launch\data\pictures/1775700942770.jpg,54f95a759ce18579,20260920
1573,sheet_394.jpg,0,ok,6174,1773798851157.jpg,C:\Users\uzj5150\Box\Philippines Panel\01 Panel\14 NSU Market Survey\NSU Market Survey Launch\data\pictures/1773798851157.jpg,7f6377f87e36ffab,20260920
1574,sheet_394.jpg,1,ok,658,1777693017805.jpg,C:\Users\uzj5150\Box\Philippines Panel\01 Panel\14 NSU Market Survey\NSU Market Survey Launch\data\pictures/1777693017805.jpg,8c00962f57a5d9c4,20260920
1575,sheet_394.jpg,2,ok,2713,1776222347007.jpg,C:\Users\uzj5150\Box\Philippines Panel\01 Panel\14 NSU Market Survey\NSU Market Survey Launch\data\pictures/1776222347007.jpg,3dfbd1a840d70c29,20260920
1576,sheet_394.jpg,3,ok,144,1778206713992.jpg,C:\Users\uzj5150\Box\Philippines Panel\01 Panel\14 NSU Market Survey\NSU Market Survey Launch\data\pictures/1778206713992.jpg,a81af0ab08037f4d,20260920
1577,sheet_395.jpg,0,ok,6423,1774323060792.jpg,C:\Users\uzj5150\Box\Philippines Panel\01 Panel\14 NSU Market Survey\NSU Market Survey Launch\data\pictures/1774323060792.jpg,f5b03a005cf049d2,20260920
1578,sheet_395.jpg,1,ok,9047,1775521637066.jpg,C:\Users\uzj5150\Box\Philippines Panel\01 Panel\14 NSU Market Survey\NSU Market Survey Launch\data\pictures/1775521637066.jpg,9c84d8d307bf627a,20260920
1579,sheet_395.jpg,2,ok,3587,1775614062948.jpg,C:\Users\uzj5150\Box\Philippines Panel\01 Panel\14 NSU Market Survey\NSU Market Survey Launch\data\pictures/1775614062948.jpg,c8a3b87fbf3d088f,20260920
1580,sheet_395.jpg,3,ok,8527,1778718637090.jpg,C:\Users\uzj5150\Box\Philippines Panel\01 Panel\14 NSU Market Survey\NSU Market Survey Launch\data\pictures/1778718637090.jpg,418bf50b46e439c2,20260920
1581,sheet_396.jpg,0,ok,11112,1776822847786.jpg,C:\Users\uzj5150\Box\Philippines Panel\01 Panel\14 NSU Market Survey\NSU Market Survey Launch\data\pictures/1776822847786.jpg,aae01c43c73bb8da,20260920
1582,sheet_396.jpg,1,ok,9743,1773880172961.jpg,C:\Users\uzj5150\Box\Philippines Panel\01 Panel\14 NSU Market Survey\NSU Market Survey Launch\data\pictures/1773880172961.jpg,bb65470c59d58023,20260920
1583,sheet_396.jpg,2,ok,9541,1773881448130.jpg,C:\Users\uzj5150\Box\Philippines Panel\01 Panel\14 NSU Market Survey\NSU Market Survey Launch\data\pictures/1773881448130.jpg,f2221a6a31dea43c,20260920
1584,sheet_396.jpg,3,ok,407,1777347222288.jpg,C:\Users\uzj5150\Box\Philippines Panel\01 Panel\14 NSU Market Survey\NSU Market Survey Launch\data\pictures/1777347222288.jpg,41e239af13aa21ab,20260920
1585,sheet_397.jpg,0,ok,4399,1776132208357.jpg,C:\Users\uzj5150\Box\Philippines Panel\01 Panel\14 NSU Market Survey\NSU Market Survey Launch\data\pictures/1776132208357.jpg,89ecef35b2112ba5,20260920
1586,sheet_397.jpg,1,ok,9655,1773968867171.jpg,C:\Users\uzj5150\Box\Philippines Panel\01 Panel\14 NSU Market Survey\NSU Market Survey Launch\data\pictures/1773968867171.jpg,bb00c8d01b080054,20260920
1587,sheet_397.jpg,2,ok,5295,1775870217783.jpg,C:\Users\uzj5150\Box\Philippines Panel\01 Panel\14 NSU Market Survey\NSU Market Survey Launch\data\pictures/1775870217783.jpg,1c644e5c50b5f827,20260920
1588,sheet_397.jpg,3,ok,9629,1773886267246.jpg,C:\Users\uzj5150\Box\Philippines Panel\01 Panel\14 NSU Market Survey\NSU Market Survey Launch\data\pictures/1773886267246.jpg,a6f50a31f3cd026c,20260920
1589,sheet_398.jpg,0,ok,2473,1777000137476.jpg,C:\Users\uzj5150\Box\Philippines Panel\01 Panel\14 NSU Market Survey\NSU Market Survey Launch\data\pictures/1777000137476.jpg,f332c79090222792,20260920
1590,sheet_398.jpg,1,ok,595,1777597421143.jpg,C:\Users\uzj5150\Box\Philippines Panel\01 Panel\14 NSU Market Survey\NSU Market Survey Launch\data\pictures/1777597421143.jpg,81e97b13cbe95fbd,20260920
1591,sheet_398.jpg,2,ok,6230,1773802209837.jpg,C:\Users\uzj5150\Box\Philippines Panel\01 Panel\14 NSU Market Survey\NSU Market Survey Launch\data\pictures/1773802209837.jpg,0647271d9b75ee12,20260920
1592,sheet_398.jpg,3,ok,4230,1775870885011.jpg,C:\Users\uzj5150\Box\Philippines Panel\01 Panel\14 NSU Market Survey\NSU Market Survey Launch\data\pictures/1775870885011.jpg,98f5b7c240637734,20260920
1593,sheet_399.jpg,0,ok,6483,1774052223072.jpg,C:\Users\uzj5150\Box\Philippines Panel\01 Panel\14 NSU Market Survey\NSU Market Survey Launch\data\pictures/1774052223072.jpg,07fe6fbf45b80858,20260920
1594,sheet_399.jpg,1,ok,9699,1773906098422.jpg,C:\Users\uzj5150\Box\Philippines Panel\01 Panel\14 NSU Market Survey\NSU Market Survey Launch\data\pictures/1773906098422.jpg,6ce62bce6f9e0b76,20260920
1595,sheet_399.jpg,2,ok,2436,1777082550477.jpg,C:\Users\uzj5150\Box\Philippines Panel\01 Panel\14 NSU Market Survey\NSU Market Survey Launch\data\pictures/1777082550477.jpg,9e62c83c3df1c1c4,20260920
1596,sheet_399.jpg,3,ok,8523,1775697311922.jpg,C:\Users\uzj5150\Box\Philippines Panel\01 Panel\14 NSU Market Survey\NSU Market Survey Launch\data\pictures/1775697311922.jpg,ace0b3d8b2beefe6,20260920
1597,sheet_400.jpg,0,ok,4126,1775873451225.jpg,C:\Users\uzj5150\Box\Philippines Panel\01 Panel\14 NSU Market Survey\NSU Market Survey Launch\data\pictures/1775873451225.jpg,8262cb96fba2fbb2,20260920
1598,sheet_400.jpg,1,ok,2813,1776393667792.jpg,C:\Users\uzj5150\Box\Philippines Panel\01 Panel\14 NSU Market Survey\NSU Market Survey Launch\data\pictures/1776393667792.jpg,6f1bd23f1967c308,20260920
1599,sheet_400.jpg,2,ok,9679,1773894539044.jpg,C:\Users\uzj5150\Box\Philippines Panel\01 Panel\14 NSU Market Survey\NSU Market Survey Launch\data\pictures/1773894539044.jpg,60b5ea58024475ea,20260920
1600,sheet_400.jpg,3,ok,1017,1777346074747.jpg,C:\Users\uzj5150\Box\Philippines Panel\01 Panel\14 NSU Market Survey\NSU Market Survey Launch\data\pictures/1777346074747.jpg,652cc80125d24044,20260920
1601,sheet_401.jpg,0,ok,4128,1775873488121.jpg,C:\Users\uzj5150\Box\Philippines Panel\01 Panel\14 NSU Market Survey\NSU Market Survey Launch\data\pictures/1775873488121.jpg,23c83d207b8394ca,20260920
1602,sheet_401.jpg,1,ok,9765,1773886876984.jpg,C:\Users\uzj5150\Box\Philippines Panel\01 Panel\14 NSU Market Survey\NSU Market Survey Launch\data\pictures/1773886876984.jpg,2c9f09509a99ea9d,20260920
1603,sheet_401.jpg,2,ok,6419,1774050786039.jpg,C:\Users\uzj5150\Box\Philippines Panel\01 Panel\14 NSU Market Survey\NSU Market Survey Launch\data\pictures/1774050786039.jpg,e582db20836f47e4,20260920
1604,sheet_401.jpg,3,ok,3546,1778895004740.jpg,C:\Users\uzj5150\Box\Philippines Panel\01 Panel\14 NSU Market Survey\NSU Market Survey Launch\data\pictures/1778895004740.jpg,f09b80aebbd7e6e2,20260920
1605,sheet_402.jpg,0,ok,10551,1777268364476.jpg,C:\Users\uzj5150\Box\Philippines Panel\01 Panel\14 NSU Market Survey\NSU Market Survey Launch\data\pictures/1777268364476.jpg,d384fd02ecc4ca67,20260920
1606,sheet_402.jpg,1,ok,10757,1777421663470.jpg,C:\Users\uzj5150\Box\Philippines Panel\01 Panel\14 NSU Market Survey\NSU Market Survey Launch\data\pictures/1777421663470.jpg,07762ad6b40f13c5,20260920
1607,sheet_402.jpg,2,ok,2551,1776664637228.jpg,C:\Users\uzj5150\Box\Philippines Panel\01 Panel\14 NSU Market Survey\NSU Market Survey Launch\data\pictures/1776664637228.jpg,05eb95b88d7abaaf,20260920
1608,sheet_402.jpg,3,ok,7317,1774588589912.jpg,C:\Users\uzj5150\Box\Philippines Panel\01 Panel\14 NSU Market Survey\NSU Market Survey Launch\data\pictures/1774588589912.jpg,10e14490331f4053,20260920
1609,sheet_403.jpg,0,ok,9721,1773989432849.jpg,C:\Users\uzj5150\Box\Philippines Panel\01 Panel\14 NSU Market Survey\NSU Market Survey Launch\data\pictures/1773989432849.jpg,ce90f8142b74652a,20260920
1610,sheet_403.jpg,1,ok,9860,1773892141021.jpg,C:\Users\uzj5150\Box\Philippines Panel\01 Panel\14 NSU Market Survey\NSU Market Survey Launch\data\pictures/1773892141021.jpg,321f6006bd7f9276,20260920
1611,sheet_403.jpg,2,ok,3177,1776827254483.jpg,C:\Users\uzj5150\Box\Philippines Panel\01 Panel\14 NSU Market Survey\NSU Market Survey Launch\data\pictures/1776827254483.jpg,64584e711408043c,20260920
1612,sheet_403.jpg,3,ok,8069,1775881882251.jpg,C:\Users\uzj5150\Box\Philippines Panel\01 Panel\14 NSU Market Survey\NSU Market Survey Launch\data\pictures/1775881882251.jpg,15c2fa26de59a376,20260920
1613,sheet_404.jpg,0,ok,726,1777595766266.jpg,C:\Users\uzj5150\Box\Philippines Panel\01 Panel\14 NSU Market Survey\NSU Market Survey Launch\data\pictures/1777595766266.jpg,f84a9e04b19ab699,20260920
1614,sheet_404.jpg,1,ok,5024,1775700458430.jpg,C:\Users\uzj5150\Box\Philippines Panel\01 Panel\14 NSU Market Survey\NSU Market Survey Launch\data\pictures/1775700458430.jpg,3638753ca1f2db64,20260920
1615,sheet_404.jpg,2,ok,6216,1773802824028.jpg,C:\Users\uzj5150\Box\Philippines Panel\01 Panel\14 NSU Market Survey\NSU Market Survey Launch\data\pictures/1773802824028.jpg,3604c8e02484fed6,20260920
1616,sheet_404.jpg,3,ok,9385,1774319135134.jpg,C:\Users\uzj5150\Box\Philippines Panel\01 Panel\14 NSU Market Survey\NSU Market Survey Launch\data\pictures/1774319135134.jpg,71ab75ed35dbb520,20260920
1617,sheet_405.jpg,0,ok,10063,1773796204071.jpg,C:\Users\uzj5150\Box\Philippines Panel\01 Panel\14 NSU Market Survey\NSU Market Survey Launch\data\pictures/1773796204071.jpg,15af640fcab71211,20260920
1618,sheet_405.jpg,1,ok,1738,1776646665531.jpg,C:\Users\uzj5150\Box\Philippines Panel\01 Panel\14 NSU Market Survey\NSU Market Survey Launch\data\pictures/1776646665531.jpg,7d5577bdcb26c1ff,20260920
1619,sheet_405.jpg,2,ok,5137,1775868072963.jpg,C:\Users\uzj5150\Box\Philippines Panel\01 Panel\14 NSU Market Survey\NSU Market Survey Launch\data\pictures/1775868072963.jpg,510a4f04160bc0c8,20260920
1620,sheet_405.jpg,3,ok,2503,1777084303422.jpg,C:\Users\uzj5150\Box\Philippines Panel\01 Panel\14 NSU Market Survey\NSU Market Survey Launch\data\pictures/1777084303422.jpg,fcc58b44c57ea3cd,20260920
1621,sheet_406.jpg,0,ok,9532,1773905988816.jpg,C:\Users\uzj5150\Box\Philippines Panel\01 Panel\14 NSU Market Survey\NSU Market Survey Launch\data\pictures/1773905988816.jpg,a2220829368bf44d,20260920
1622,sheet_406.jpg,1,ok,3146,1776824863348.jpg,C:\Users\uzj5150\Box\Philippines Panel\01 Panel\14 NSU Market Survey\NSU Market Survey Launch\data\pictures/1776824863348.jpg,854693e121df3b50,20260920
1623,sheet_406.jpg,2,ok,11125,1776823437851.jpg,C:\Users\uzj5150\Box\Philippines Panel\01 Panel\14 NSU Market Survey\NSU Market Survey Launch\data\pictures/1776823437851.jpg,418787d1d7e98cd2,20260920
1624,sheet_406.jpg,3,ok,2653,1776217091902.jpg,C:\Users\uzj5150\Box\Philippines Panel\01 Panel\14 NSU Market Survey\NSU Market Survey Launch\data\pictures/1776217091902.jpg,d35671185a87502f,20260920
1625,sheet_407.jpg,0,ok,4591,1776299049825.jpg,C:\Users\uzj5150\Box\Philippines Panel\01 Panel\14 NSU Market Survey\NSU Market Survey Launch\data\pictures/1776299049825.jpg,c16528fed875dd1f,20260920
1626,sheet_407.jpg,1,ok,2363,1776396503628.jpg,C:\Users\uzj5150\Box\Philippines Panel\01 Panel\14 NSU Market Survey\NSU Market Survey Launch\data\pictures/1776396503628.jpg,0b1f826e691865ae,20260920
1627,sheet_407.jpg,2,ok,2470,1777000082105.jpg,C:\Users\uzj5150\Box\Philippines Panel\01 Panel\14 NSU Market Survey\NSU Market Survey Launch\data\pictures/1777000082105.jpg,29f502f3d7ddb665,20260920
1628,sheet_407.jpg,3,ok,9675,1773995804259.jpg,C:\Users\uzj5150\Box\Philippines Panel\01 Panel\14 NSU Market Survey\NSU Market Survey Launch\data\pictures/1773995804259.jpg,d0f35dab82b93ba0,20260920
1629,sheet_408.jpg,0,ok,8765,1775705078796.jpg,C:\Users\uzj5150\Box\Philippines Panel\01 Panel\14 NSU Market Survey\NSU Market Survey Launch\data\pictures/1775705078796.jpg,207686b41ef4927d,20260920
1630,sheet_408.jpg,1,ok,9540,1773905272520.jpg,C:\Users\uzj5150\Box\Philippines Panel\01 Panel\14 NSU Market Survey\NSU Market Survey Launch\data\pictures/1773905272520.jpg,5c7f01b105c548d0,20260920
1631,sheet_408.jpg,2,ok,5095,1773797794747.jpg,C:\Users\uzj5150\Box\Philippines Panel\01 Panel\14 NSU Market Survey\NSU Market Survey Launch\data\pictures/1773797794747.jpg,70808a3a6b7308e1,20260920
1632,sheet_408.jpg,3,ok,9448,1773727248322.jpg,C:\Users\uzj5150\Box\Philippines Panel\01 Panel\14 NSU Market Survey\NSU Market Survey Launch\data\pictures/1773727248322.jpg,c8aafc645a583c7b,20260920
1633,sheet_409.jpg,0,ok,7611,1774492523967.jpg,C:\Users\uzj5150\Box\Philippines Panel\01 Panel\14 NSU Market Survey\NSU Market Survey Launch\data\pictures/1774492523967.jpg,0ee8adaa90896584,20260920
1634,sheet_409.jpg,1,ok,10793,1777426817280.jpg,C:\Users\uzj5150\Box\Philippines Panel\01 Panel\14 NSU Market Survey\NSU Market Survey Launch\data\pictures/1777426817280.jpg,6cb928e253179b72,20260920
1635,sheet_409.jpg,2,ok,10719,1777603931599.jpg,C:\Users\uzj5150\Box\Philippines Panel\01 Panel\14 NSU Market Survey\NSU Market Survey Launch\data\pictures/1777603931599.jpg,9a17ebad006f1a7c,20260920
1636,sheet_409.jpg,3,ok,402,1777351827659.jpg,C:\Users\uzj5150\Box\Philippines Panel\01 Panel\14 NSU Market Survey\NSU Market Survey Launch\data\pictures/1777351827659.jpg,37c7984dfa717533,20260920
1637,sheet_410.jpg,0,ok,4521,1776129579958.jpg,C:\Users\uzj5150\Box\Philippines Panel\01 Panel\14 NSU Market Survey\NSU Market Survey Launch\data\pictures/1776129579958.jpg,04087e2517eb36f5,20260920
1638,sheet_410.jpg,1,ok,10558,1777268091356.jpg,C:\Users\uzj5150\Box\Philippines Panel\01 Panel\14 NSU Market Survey\NSU Market Survey Launch\data\pictures/1777268091356.jpg,41f139a33d594d88,20260920
1639,sheet_410.jpg,2,ok,6145,1773708349461.jpg,C:\Users\uzj5150\Box\Philippines Panel\01 Panel\14 NSU Market Survey\NSU Market Survey Launch\data\pictures/1773708349461.jpg,fc9a6f0e607df303,20260920
1640,sheet_410.jpg,3,ok,11465,1776992674135.jpg,C:\Users\uzj5150\Box\Philippines Panel\01 Panel\14 NSU Market Survey\NSU Market Survey Launch\data\pictures/1776992674135.jpg,afa13e27b03f2284,20260920
1641,sheet_411.jpg,0,ok,2549,1776735370673.jpg,C:\Users\uzj5150\Box\Philippines Panel\01 Panel\14 NSU Market Survey\NSU Market Survey Launch\data\pictures/1776735370673.jpg,6cb4788e1ead494a,20260920
1642,sheet_411.jpg,1,ok,61,1778296878188.jpg,C:\Users\uzj5150\Box\Philippines Panel\01 Panel\14 NSU Market Survey\NSU Market Survey Launch\data\pictures/1778296878188.jpg,316ef9e1a7822960,20260920
1643,sheet_411.jpg,2,ok,1701,1776648984264.jpg,C:\Users\uzj5150\Box\Philippines Panel\01 Panel\14 NSU Market Survey\NSU Market Survey Launch\data\pictures/1776648984264.jpg,ed6b026bb9a265ee,20260920
1644,sheet_411.jpg,3,ok,5373,1774577345600.jpg,C:\Users\uzj5150\Box\Philippines Panel\01 Panel\14 NSU Market Survey\NSU Market Survey Launch\data\pictures/1774577345600.jpg,0569fe296d85974c,20260920
1645,sheet_412.jpg,0,ok,6951,1778111462361.jpg,C:\Users\uzj5150\Box\Philippines Panel\01 Panel\14 NSU Market Survey\NSU Market Survey Launch\data\pictures/1778111462361.jpg,035deb64ad3d3321,20260920
1646,sheet_412.jpg,1,ok,7863,1773969879877.jpg,C:\Users\uzj5150\Box\Philippines Panel\01 Panel\14 NSU Market Survey\NSU Market Survey Launch\data\pictures/1773969879877.jpg,a59e47ab3108e67b,20260920
1647,sheet_412.jpg,2,ok,7825,1773890443902.jpg,C:\Users\uzj5150\Box\Philippines Panel\01 Panel\14 NSU Market Survey\NSU Market Survey Launch\data\pictures/1773890443902.jpg,2e64057b987c2eec,20260920
1648,sheet_412.jpg,3,ok,2692,1776220345488.jpg,C:\Users\uzj5150\Box\Philippines Panel\01 Panel\14 NSU Market Survey\NSU Market Survey Launch\data\pictures/1776220345488.jpg,46e73c8943593832,20260920
1649,sheet_413.jpg,0,ok,5177,1775864373996.jpg,C:\Users\uzj5150\Box\Philippines Panel\01 Panel\14 NSU Market Survey\NSU Market Survey Launch\data\pictures/1775864373996.jpg,d9de19f741f354bc,20260920
1650,sheet_413.jpg,1,ok,5418,1778810671864.jpg,C:\Users\uzj5150\Box\Philippines Panel\01 Panel\14 NSU Market Survey\NSU Market Survey Launch\data\pictures/1778810671864.jpg,241ace2e21ca2c5d,20260920
1651,sheet_413.jpg,2,ok,7848,1773883233206.jpg,C:\Users\uzj5150\Box\Philippines Panel\01 Panel\14 NSU Market Survey\NSU Market Survey Launch\data\pictures/1773883233206.jpg,65e10f03512638e8,20260920
1652,sheet_413.jpg,3,ok,623,1777688551093.jpg,C:\Users\uzj5150\Box\Philippines Panel\01 Panel\14 NSU Market Survey\NSU Market Survey Launch\data\pictures/1777688551093.jpg,3c71fb9d8ba04969,20260920
1653,sheet_414.jpg,0,ok,6220,1773808941897.jpg,C:\Users\uzj5150\Box\Philippines Panel\01 Panel\14 NSU Market Survey\NSU Market Survey Launch\data\pictures/1773808941897.jpg,d191be05ce077bce,20260920
1654,sheet_414.jpg,1,ok,6984,1778032299820.jpg,C:\Users\uzj5150\Box\Philippines Panel\01 Panel\14 NSU Market Survey\NSU Market Survey Launch\data\pictures/1778032299820.jpg,5addfe1c539139b8,20260920
1655,sheet_414.jpg,2,ok,9674,1773993354525.jpg,C:\Users\uzj5150\Box\Philippines Panel\01 Panel\14 NSU Market Survey\NSU Market Survey Launch\data\pictures/1773993354525.jpg,2ad4055d17a9480e,20260920
1656,sheet_414.jpg,3,ok,5150,1776041662364.jpg,C:\Users\uzj5150\Box\Philippines Panel\01 Panel\14 NSU Market Survey\NSU Market Survey Launch\data\pictures/1776041662364.jpg,cc00fd36adf8fe47,20260920
1657,sheet_415.jpg,0,ok,9021,1775520762406.jpg,C:\Users\uzj5150\Box\Philippines Panel\01 Panel\14 NSU Market Survey\NSU Market Survey Launch\data\pictures/1775520762406.jpg,c21d62c0004cc901,20260920
1658,sheet_415.jpg,1,ok,9703,1773968547419.jpg,C:\Users\uzj5150\Box\Philippines Panel\01 Panel\14 NSU Market Survey\NSU Market Survey Launch\data\pictures/1773968547419.jpg,5252139fa221e2ca,20260920
1659,sheet_415.jpg,2,ok,321,1777262622909.jpg,C:\Users\uzj5150\Box\Philippines Panel\01 Panel\14 NSU Market Survey\NSU Market Survey Launch\data\pictures/1777262622909.jpg,d0ec05cd3107e11c,20260920
1660,sheet_415.jpg,3,ok,6940,1775548537259.jpg,C:\Users\uzj5150\Box\Philippines Panel\01 Panel\14 NSU Market Survey\NSU Market Survey Launch\data\pictures/1775548537259.jpg,2452a7a066390ac0,20260920
1661,sheet_416.jpg,0,ok,9742,1773880058913.jpg,C:\Users\uzj5150\Box\Philippines Panel\01 Panel\14 NSU Market Survey\NSU Market Survey Launch\data\pictures/1773880058913.jpg,d4ed15ec3504a326,20260920
1662,sheet_416.jpg,1,ok,9467,1773796063992.jpg,C:\Users\uzj5150\Box\Philippines Panel\01 Panel\14 NSU Market Survey\NSU Market Survey Launch\data\pictures/1773796063992.jpg,58f68623968f0c0d,20260920
1663,sheet_416.jpg,2,ok,10688,1777603000450.jpg,C:\Users\uzj5150\Box\Philippines Panel\01 Panel\14 NSU Market Survey\NSU Market Survey Launch\data\pictures/1777603000450.jpg,959d776c34abf3d9,20260920
1664,sheet_416.jpg,3,ok,9089,1775527334175.jpg,C:\Users\uzj5150\Box\Philippines Panel\01 Panel\14 NSU Market Survey\NSU Market Survey Launch\data\pictures/1775527334175.jpg,0bd04749c0ac94ce,20260920
1665,sheet_417.jpg,0,ok,42,1778472655168.jpg,C:\Users\uzj5150\Box\Philippines Panel\01 Panel\14 NSU Market Survey\NSU Market Survey Launch\data\pictures/1778472655168.jpg,eea70f9cccffb5c9,20260920
1666,sheet_417.jpg,1,ok,6548,1773799243548.jpg,C:\Users\uzj5150\Box\Philippines Panel\01 Panel\14 NSU Market Survey\NSU Market Survey Launch\data\pictures/1773799243548.jpg,fdcb8c2f98ae5858,20260920
1667,sheet_417.jpg,2,ok,8528,1775703409637.jpg,C:\Users\uzj5150\Box\Philippines Panel\01 Panel\14 NSU Market Survey\NSU Market Survey Launch\data\pictures/1775703409637.jpg,85b7b98b902059b8,20260920
1668,sheet_417.jpg,3,ok,2435,1777082514393.jpg,C:\Users\uzj5150\Box\Philippines Panel\01 Panel\14 NSU Market Survey\NSU Market Survey Launch\data\pictures/1777082514393.jpg,5fdaa52d4c7b0437,20260920
1669,sheet_418.jpg,0,ok,5465,1774582973934.jpg,C:\Users\uzj5150\Box\Philippines Panel\01 Panel\14 NSU Market Survey\NSU Market Survey Launch\data\pictures/1774582973934.jpg,e6874f29df0c42f0,20260920
1670,sheet_418.jpg,1,ok,341,1777261769223.jpg,C:\Users\uzj5150\Box\Philippines Panel\01 Panel\14 NSU Market Survey\NSU Market Survey Launch\data\pictures/1777261769223.jpg,0d7803159a47fa36,20260920
1671,sheet_418.jpg,2,ok,2453,1776995806083.jpg,C:\Users\uzj5150\Box\Philippines Panel\01 Panel\14 NSU Market Survey\NSU Market Survey Launch\data\pictures/1776995806083.jpg,216bf9e84dc89e1d,20260920
1672,sheet_418.jpg,3,ok,9691,1773894475229.jpg,C:\Users\uzj5150\Box\Philippines Panel\01 Panel\14 NSU Market Survey\NSU Market Survey Launch\data\pictures/1773894475229.jpg,055f881c590dbf6c,20260920
1673,sheet_419.jpg,0,ok,794,1777424929442.jpg,C:\Users\uzj5150\Box\Philippines Panel\01 Panel\14 NSU Market Survey\NSU Market Survey Launch\data\pictures/1777424929442.jpg,982092dd41f38127,20260920
1674,sheet_419.jpg,1,ok,7014,1774054303772.jpg,C:\Users\uzj5150\Box\Philippines Panel\01 Panel\14 NSU Market Survey\NSU Market Survey Launch\data\pictures/1774054303772.jpg,1776eac2d517b3e6,20260920
1675,sheet_419.jpg,2,ok,3169,1776825373179.jpg,C:\Users\uzj5150\Box\Philippines Panel\01 Panel\14 NSU Market Survey\NSU Market Survey Launch\data\pictures/1776825373179.jpg,bfd559b102a5235d,20260920
1676,sheet_419.jpg,3,ok,2472,1776997872884.jpg,C:\Users\uzj5150\Box\Philippines Panel\01 Panel\14 NSU Market Survey\NSU Market Survey Launch\data\pictures/1776997872884.jpg,b347450cfb1b6e29,20260920
1677,sheet_420.jpg,0,ok,8063,1776039808160.jpg,C:\Users\uzj5150\Box\Philippines Panel\01 Panel\14 NSU Market Survey\NSU Market Survey Launch\data\pictures/1776039808160.jpg,96c34233495d7f6d,20260920
1678,sheet_420.jpg,1,ok,7660,1774489683855.jpg,C:\Users\uzj5150\Box\Philippines Panel\01 Panel\14 NSU Market Survey\NSU Market Survey Launch\data\pictures/1774489683855.jpg,501f3374ea738545,20260920
1679,sheet_420.jpg,2,ok,11173,1776825436340.jpg,C:\Users\uzj5150\Box\Philippines Panel\01 Panel\14 NSU Market Survey\NSU Market Survey Launch\data\pictures/1776825436340.jpg,eb1ddb55b270a21f,20260920
1680,sheet_420.jpg,3,ok,7597,1774419693565.jpg,C:\Users\uzj5150\Box\Philippines Panel\01 Panel\14 NSU Market Survey\NSU Market Survey Launch\data\pictures/1774419693565.jpg,7030799f41b4db64,20260920
1681,sheet_421.jpg,0,ok,4924,1775526681860.jpg,C:\Users\uzj5150\Box\Philippines Panel\01 Panel\14 NSU Market Survey\NSU Market Survey Launch\data\pictures/1775526681860.jpg,1b3ee2c648ef9afe,20260920
1682,sheet_421.jpg,1,ok,3166,1776825123299.jpg,C:\Users\uzj5150\Box\Philippines Panel\01 Panel\14 NSU Market Survey\NSU Market Survey Launch\data\pictures/1776825123299.jpg,a82ff6ca56731037,20260920
1683,sheet_421.jpg,2,ok,664,1777601900153.jpg,C:\Users\uzj5150\Box\Philippines Panel\01 Panel\14 NSU Market Survey\NSU Market Survey Launch\data\pictures/1777601900153.jpg,adb52d83c56e5d14,20260920
1684,sheet_421.jpg,3,ok,8526,1775784476725.jpg,C:\Users\uzj5150\Box\Philippines Panel\01 Panel\14 NSU Market Survey\NSU Market Survey Launch\data\pictures/1775784476725.jpg,7b8ae8c43a1ba983,20260920
1685,sheet_422.jpg,0,ok,9508,1773728655187.jpg,C:\Users\uzj5150\Box\Philippines Panel\01 Panel\14 NSU Market Survey\NSU Market Survey Launch\data\pictures/1773728655187.jpg,522d934223ef9ef0,20260920
1686,sheet_422.jpg,1,ok,9520,1773968131271.jpg,C:\Users\uzj5150\Box\Philippines Panel\01 Panel\14 NSU Market Survey\NSU Market Survey Launch\data\pictures/1773968131271.jpg,bf65db825529355f,20260920
1687,sheet_422.jpg,2,ok,4423,1776127130043.jpg,C:\Users\uzj5150\Box\Philippines Panel\01 Panel\14 NSU Market Survey\NSU Market Survey Launch\data\pictures/1776127130043.jpg,656a6e911e0b9030,20260920
1688,sheet_422.jpg,3,ok,4986,1775703864310.jpg,C:\Users\uzj5150\Box\Philippines Panel\01 Panel\14 NSU Market Survey\NSU Market Survey Launch\data\pictures/1775703864310.jpg,92c9ab9dee811721,20260920
1689,sheet_423.jpg,0,ok,2717,1776310505870.jpg,C:\Users\uzj5150\Box\Philippines Panel\01 Panel\14 NSU Market Survey\NSU Market Survey Launch\data\pictures/1776310505870.jpg,4efb32a9a60847ba,20260920
1690,sheet_423.jpg,1,ok,8098,1776049910993.jpg,C:\Users\uzj5150\Box\Philippines Panel\01 Panel\14 NSU Market Survey\NSU Market Survey Launch\data\pictures/1776049910993.jpg,2f1cc90ac0771bc8,20260920
1691,sheet_423.jpg,2,ok,6208,1773804233190.jpg,C:\Users\uzj5150\Box\Philippines Panel\01 Panel\14 NSU Market Survey\NSU Market Survey Launch\data\pictures/1773804233190.jpg,be8333cd4d7aa149,20260920
1692,sheet_423.jpg,3,ok,10575,1777272017120.jpg,C:\Users\uzj5150\Box\Philippines Panel\01 Panel\14 NSU Market Survey\NSU Market Survey Launch\data\pictures/1777272017120.jpg,96c010f0bdd38ae0,20260920
1693,sheet_424.jpg,0,ok,10694,1777602066247.jpg,C:\Users\uzj5150\Box\Philippines Panel\01 Panel\14 NSU Market Survey\NSU Market Survey Launch\data\pictures/1777602066247.jpg,391cdb6bd2cb128b,20260920
1694,sheet_424.jpg,1,ok,9855,1773892991184.jpg,C:\Users\uzj5150\Box\Philippines Panel\01 Panel\14 NSU Market Survey\NSU Market Survey Launch\data\pictures/1773892991184.jpg,1e3da34be27fd69d,20260920
1695,sheet_424.jpg,2,ok,918,1777422762958.jpg,C:\Users\uzj5150\Box\Philippines Panel\01 Panel\14 NSU Market Survey\NSU Market Survey Launch\data\pictures/1777422762958.jpg,d87e9faa0d81e373,20260920
1696,sheet_424.jpg,3,ok,4432,1776130050587.jpg,C:\Users\uzj5150\Box\Philippines Panel\01 Panel\14 NSU Market Survey\NSU Market Survey Launch\data\pictures/1776130050587.jpg,78065faa0579a754,20260920
1697,sheet_425.jpg,0,ok,8756,1775705128583.jpg,C:\Users\uzj5150\Box\Philippines Panel\01 Panel\14 NSU Market Survey\NSU Market Survey Launch\data\pictures/1775705128583.jpg,e2eee50ab867b902,20260920
1698,sheet_425.jpg,1,ok,9449,1773723160425.jpg,C:\Users\uzj5150\Box\Philippines Panel\01 Panel\14 NSU Market Survey\NSU Market Survey Launch\data\pictures/1773723160425.jpg,7bcbc03b50bb4eca,20260920
1699,sheet_425.jpg,2,ok,6222,1773812504533.jpg,C:\Users\uzj5150\Box\Philippines Panel\01 Panel\14 NSU Market Survey\NSU Market Survey Launch\data\pictures/1773812504533.jpg,02f9c165ad5d35fc,20260920
1700,sheet_425.jpg,3,ok,4483,1776138308713.jpg,C:\Users\uzj5150\Box\Philippines Panel\01 Panel\14 NSU Market Survey\NSU Market Survey Launch\data\pictures/1776138308713.jpg,557d974abbc3eb7f,20260920
1701,sheet_426.jpg,0,ok,7622,1774419935184.jpg,C:\Users\uzj5150\Box\Philippines Panel\01 Panel\14 NSU Market Survey\NSU Market Survey Launch\data\pictures/1774419935184.jpg,4ea977892cc6fa8f,20260920
1702,sheet_426.jpg,1,ok,2710,1776308480565.jpg,C:\Users\uzj5150\Box\Philippines Panel\01 Panel\14 NSU Market Survey\NSU Market Survey Launch\data\pictures/1776308480565.jpg,485a1ded50c1c189,20260920
1703,sheet_426.jpg,2,ok,5088,1773715080261.jpg,C:\Users\uzj5150\Box\Philippines Panel\01 Panel\14 NSU Market Survey\NSU Market Survey Launch\data\pictures/1773715080261.jpg,f24e069492fc55d1,20260920
1704,sheet_426.jpg,3,ok,7020,1774335225645.jpg,C:\Users\uzj5150\Box\Philippines Panel\01 Panel\14 NSU Market Survey\NSU Market Survey Launch\data\pictures/1774335225645.jpg,dd4d15838b894b26,20260920
1705,sheet_427.jpg,0,ok,8508,1775700624753.jpg,C:\Users\uzj5150\Box\Philippines Panel\01 Panel\14 NSU Market Survey\NSU Market Survey Launch\data\pictures/1775700624753.jpg,f4aab22e885eb9a2,20260920
1706,sheet_427.jpg,1,ok,5359,1774578259278.jpg,C:\Users\uzj5150\Box\Philippines Panel\01 Panel\14 NSU Market Survey\NSU Market Survey Launch\data\pictures/1774578259278.jpg,2c76445038b0fc19,20260920
1707,sheet_427.jpg,2,ok,8099,1775871024505.jpg,C:\Users\uzj5150\Box\Philippines Panel\01 Panel\14 NSU Market Survey\NSU Market Survey Launch\data\pictures/1775871024505.jpg,526c931c052b1387,20260920
1708,sheet_427.jpg,3,ok,2809,1776385169633.jpg,C:\Users\uzj5150\Box\Philippines Panel\01 Panel\14 NSU Market Survey\NSU Market Survey Launch\data\pictures/1776385169633.jpg,0a0d89540e0dd486,20260920
1709,sheet_428.jpg,0,ok,8439,1775788789312.jpg,C:\Users\uzj5150\Box\Philippines Panel\01 Panel\14 NSU Market Survey\NSU Market Survey Launch\data\pictures/1775788789312.jpg,801e58af329583ca,20260920
1710,sheet_428.jpg,1,ok,6493,1774325627925.jpg,C:\Users\uzj5150\Box\Philippines Panel\01 Panel\14 NSU Market Survey\NSU Market Survey Launch\data\pictures/1774325627925.jpg,7329acda93d0f10b,20260920
1711,sheet_428.jpg,2,ok,9685,1773995638751.jpg,C:\Users\uzj5150\Box\Philippines Panel\01 Panel\14 NSU Market Survey\NSU Market Survey Launch\data\pictures/1773995638751.jpg,6e9e1add44737805,20260920
1712,sheet_428.jpg,3,ok,7661,1774426681127.jpg,C:\Users\uzj5150\Box\Philippines Panel\01 Panel\14 NSU Market Survey\NSU Market Survey Launch\data\pictures/1774426681127.jpg,2a0892e5b2abd090,20260920
1713,sheet_429.jpg,0,ok,345,1777262739143.jpg,C:\Users\uzj5150\Box\Philippines Panel\01 Panel\14 NSU Market Survey\NSU Market Survey Launch\data\pictures/1777262739143.jpg,0fcb6c7705c70b8f,20260920
1714,sheet_429.jpg,1,ok,4736,1776217696528.jpg,C:\Users\uzj5150\Box\Philippines Panel\01 Panel\14 NSU Market Survey\NSU Market Survey Launch\data\pictures/1776217696528.jpg,ab0fc54d08b36506,20260920
1715,sheet_429.jpg,2,ok,6428,1774053484269.jpg,C:\Users\uzj5150\Box\Philippines Panel\01 Panel\14 NSU Market Survey\NSU Market Survey Launch\data\pictures/1774053484269.jpg,826025a806054d8e,20260920
1716,sheet_429.jpg,3,ok,1768,1776737842836.jpg,C:\Users\uzj5150\Box\Philippines Panel\01 Panel\14 NSU Market Survey\NSU Market Survey Launch\data\pictures/1776737842836.jpg,8a04125bfcd3bebf,20260920
1717,sheet_430.jpg,0,ok,8954,1773889524530.jpg,C:\Users\uzj5150\Box\Philippines Panel\01 Panel\14 NSU Market Survey\NSU Market Survey Launch\data\pictures/1773889524530.jpg,c9780dc8bb0db152,20260920
1718,sheet_430.jpg,1,ok,10055,1773727459221.jpg,C:\Users\uzj5150\Box\Philippines Panel\01 Panel\14 NSU Market Survey\NSU Market Survey Launch\data\pictures/1773727459221.jpg,8756e3a60f16a89c,20260920
1719,sheet_430.jpg,2,ok,324,1777261959607.jpg,C:\Users\uzj5150\Box\Philippines Panel\01 Panel\14 NSU Market Survey\NSU Market Survey Launch\data\pictures/1777261959607.jpg,226f4e63b124e886,20260920
1720,sheet_430.jpg,3,ok,2778,1776385925454.jpg,C:\Users\uzj5150\Box\Philippines Panel\01 Panel\14 NSU Market Survey\NSU Market Survey Launch\data\pictures/1776385925454.jpg,19b0b45098b577bf,20260920
1721,sheet_431.jpg,0,ok,9444,1773722963286.jpg,C:\Users\uzj5150\Box\Philippines Panel\01 Panel\14 NSU Market Survey\NSU Market Survey Launch\data\pictures/1773722963286.jpg,a93f85f45024e0f6,20260920
1722,sheet_431.jpg,1,ok,6479,1774051541070.jpg,C:\Users\uzj5150\Box\Philippines Panel\01 Panel\14 NSU Market Survey\NSU Market Survey Launch\data\pictures/1774051541070.jpg,7ea986d46098da73,20260920
1723,sheet_431.jpg,2,ok,5129,1773708442153.jpg,C:\Users\uzj5150\Box\Philippines Panel\01 Panel\14 NSU Market Survey\NSU Market Survey Launch\data\pictures/1773708442153.jpg,2bb9600e74dbfec6,20260920
1724,sheet_431.jpg,3,ok,3159,1776910649737.jpg,C:\Users\uzj5150\Box\Philippines Panel\01 Panel\14 NSU Market Survey\NSU Market Survey Launch\data\pictures/1776910649737.jpg,f5dfe4762d84ff54,20260920
1725,sheet_432.jpg,0,ok,9042,1775531241381.jpg,C:\Users\uzj5150\Box\Philippines Panel\01 Panel\14 NSU Market Survey\NSU Market Survey Launch\data\pictures/1775531241381.jpg,2ae16284f7c70bbf,20260920
1726,sheet_432.jpg,1,ok,3170,1776910077950.jpg,C:\Users\uzj5150\Box\Philippines Panel\01 Panel\14 NSU Market Survey\NSU Market Survey Launch\data\pictures/1776910077950.jpg,e1f6e4672a512dce,20260920
1727,sheet_432.jpg,2,ok,673,1777687445173.jpg,C:\Users\uzj5150\Box\Philippines Panel\01 Panel\14 NSU Market Survey\NSU Market Survey Launch\data\pictures/1777687445173.jpg,4c6c1091c629834f,20260920
1728,sheet_432.jpg,3,ok,9572,1773881550993.jpg,C:\Users\uzj5150\Box\Philippines Panel\01 Panel\14 NSU Market Survey\NSU Market Survey Launch\data\pictures/1773881550993.jpg,ba79808e3363f12e,20260920
1729,sheet_433.jpg,0,ok,8766,1775704715596.jpg,C:\Users\uzj5150\Box\Philippines Panel\01 Panel\14 NSU Market Survey\NSU Market Survey Launch\data\pictures/1775704715596.jpg,37e642bf0992cdba,20260920
1730,sheet_433.jpg,1,ok,6241,1773793442228.jpg,C:\Users\uzj5150\Box\Philippines Panel\01 Panel\14 NSU Market Survey\NSU Market Survey Launch\data\pictures/1773793442228.jpg,ded70928a171eae1,20260920
1731,sheet_433.jpg,2,ok,2690,1776303609415.jpg,C:\Users\uzj5150\Box\Philippines Panel\01 Panel\14 NSU Market Survey\NSU Market Survey Launch\data\pictures/1776303609415.jpg,9ca71c65477dd54c,20260920
1732,sheet_433.jpg,3,ok,4895,1775524031164.jpg,C:\Users\uzj5150\Box\Philippines Panel\01 Panel\14 NSU Market Survey\NSU Market Survey Launch\data\pictures/1775524031164.jpg,7359f0a5b0fd7964,20260920
1733,sheet_434.jpg,0,ok,9635,1773886590803.jpg,C:\Users\uzj5150\Box\Philippines Panel\01 Panel\14 NSU Market Survey\NSU Market Survey Launch\data\pictures/1773886590803.jpg,3c6636fad430b071,20260920
1734,sheet_434.jpg,1,ok,4530,1776301886936.jpg,C:\Users\uzj5150\Box\Philippines Panel\01 Panel\14 NSU Market Survey\NSU Market Survey Launch\data\pictures/1776301886936.jpg,63ab8c1b27173ca2,20260920
1735,sheet_434.jpg,2,ok,5110,1773719996651.jpg,C:\Users\uzj5150\Box\Philippines Panel\01 Panel\14 NSU Market Survey\NSU Market Survey Launch\data\pictures/1773719996651.jpg,a36d63b6f69838fd,20260920
1736,sheet_434.jpg,3,ok,1716,1776649918642.jpg,C:\Users\uzj5150\Box\Philippines Panel\01 Panel\14 NSU Market Survey\NSU Market Survey Launch\data\pictures/1776649918642.jpg,282148766b2b0eca,20260920
1737,sheet_435.jpg,0,ok,10036,1778477470245.jpg,C:\Users\uzj5150\Box\Philippines Panel\01 Panel\14 NSU Market Survey\NSU Market Survey Launch\data\pictures/1778477470245.jpg,2229c857a3b5cbc0,20260920
1738,sheet_435.jpg,1,ok,11121,1776822647947.jpg,C:\Users\uzj5150\Box\Philippines Panel\01 Panel\14 NSU Market Survey\NSU Market Survey Launch\data\pictures/1776822647947.jpg,a3ca3abd4cb9ad40,20260920
1739,sheet_435.jpg,2,ok,8450,1775696701551.jpg,C:\Users\uzj5150\Box\Philippines Panel\01 Panel\14 NSU Market Survey\NSU Market Survey Launch\data\pictures/1775696701551.jpg,d485d0631261ca17,20260920
1740,sheet_435.jpg,3,ok,2451,1776994655930.jpg,C:\Users\uzj5150\Box\Philippines Panel\01 Panel\14 NSU Market Survey\NSU Market Survey Launch\data\pictures/1776994655930.jpg,989299b03dc6746d,20260920
1741,sheet_436.jpg,0,ok,9712,1773988960633.jpg,C:\Users\uzj5150\Box\Philippines Panel\01 Panel\14 NSU Market Survey\NSU Market Survey Launch\data\pictures/1773988960633.jpg,9e6ff89aa7733a23,20260920
1742,sheet_436.jpg,1,ok,2360,1776470598522.jpg,C:\Users\uzj5150\Box\Philippines Panel\01 Panel\14 NSU Market Survey\NSU Market Survey Launch\data\pictures/1776470598522.jpg,821bb87f54e71edc,20260920
1743,sheet_436.jpg,2,ok,5170,1775865120721.jpg,C:\Users\uzj5150\Box\Philippines Panel\01 Panel\14 NSU Market Survey\NSU Market Survey Launch\data\pictures/1775865120721.jpg,5e9abf1df1398030,20260920
1744,sheet_436.jpg,3,ok,922,1777517927297.jpg,C:\Users\uzj5150\Box\Philippines Panel\01 Panel\14 NSU Market Survey\NSU Market Survey Launch\data\pictures/1777517927297.jpg,84be1836bd372e77,20260920
1745,sheet_437.jpg,0,ok,821,1777425039905.jpg,C:\Users\uzj5150\Box\Philippines Panel\01 Panel\14 NSU Market Survey\NSU Market Survey Launch\data\pictures/1777425039905.jpg,17dfaf73a44aaf9e,20260920
1746,sheet_437.jpg,1,ok,10810,1777423632952.jpg,C:\Users\uzj5150\Box\Philippines Panel\01 Panel\14 NSU Market Survey\NSU Market Survey Launch\data\pictures/1777423632952.jpg,21ba2a34a0304792,20260920
1747,sheet_437.jpg,2,ok,9672,1773995718571.jpg,C:\Users\uzj5150\Box\Philippines Panel\01 Panel\14 NSU Market Survey\NSU Market Survey Launch\data\pictures/1773995718571.jpg,13d36223bdfafc10,20260920
1748,sheet_437.jpg,3,ok,2254,1776395923046.jpg,C:\Users\uzj5150\Box\Philippines Panel\01 Panel\14 NSU Market Survey\NSU Market Survey Launch\data\pictures/1776395923046.jpg,f724a5e6082abb1b,20260920
1749,sheet_438.jpg,0,ok,417,1777268705057.jpg,C:\Users\uzj5150\Box\Philippines Panel\01 Panel\14 NSU Market Survey\NSU Market Survey Launch\data\pictures/1777268705057.jpg,fee23d2ad11732bd,20260920
1750,sheet_438.jpg,1,ok,4590,1776298397192.jpg,C:\Users\uzj5150\Box\Philippines Panel\01 Panel\14 NSU Market Survey\NSU Market Survey Launch\data\pictures/1776298397192.jpg,9bbbe074e4f2d68b,20260920
1751,sheet_438.jpg,2,ok,5290,1775869558061.jpg,C:\Users\uzj5150\Box\Philippines Panel\01 Panel\14 NSU Market Survey\NSU Market Survey Launch\data\pictures/1775869558061.jpg,6f6447586637858b,20260920
1752,sheet_438.jpg,3,ok,9822,1773909362454.jpg,C:\Users\uzj5150\Box\Philippines Panel\01 Panel\14 NSU Market Survey\NSU Market Survey Launch\data\pictures/1773909362454.jpg,e980bc6876fb258d,20260920
1753,sheet_439.jpg,0,ok,11449,1776991432802.jpg,C:\Users\uzj5150\Box\Philippines Panel\01 Panel\14 NSU Market Survey\NSU Market Survey Launch\data\pictures/1776991432802.jpg,fa6404e4975b6546,20260920
1754,sheet_439.jpg,1,ok,10695,1777602853674.jpg,C:\Users\uzj5150\Box\Philippines Panel\01 Panel\14 NSU Market Survey\NSU Market Survey Launch\data\pictures/1777602853674.jpg,97f4785b6e3debe1,20260920
1755,sheet_439.jpg,2,ok,6618,1773802035860.jpg,C:\Users\uzj5150\Box\Philippines Panel\01 Panel\14 NSU Market Survey\NSU Market Survey Launch\data\pictures/1773802035860.jpg,927889fa2ef3b904,20260920
1756,sheet_439.jpg,3,ok,8453,1775785791442.jpg,C:\Users\uzj5150\Box\Philippines Panel\01 Panel\14 NSU Market Survey\NSU Market Survey Launch\data\pictures/1775785791442.jpg,8281576620eeec8a,20260920
1757,sheet_440.jpg,0,ok,9813,1773910157109.jpg,C:\Users\uzj5150\Box\Philippines Panel\01 Panel\14 NSU Market Survey\NSU Market Survey Launch\data\pictures/1773910157109.jpg,874b25db89e227c8,20260920
1758,sheet_440.jpg,1,ok,5434,1774581306285.jpg,C:\Users\uzj5150\Box\Philippines Panel\01 Panel\14 NSU Market Survey\NSU Market Survey Launch\data\pictures/1774581306285.jpg,35ad7fbe064095c2,20260920
1759,sheet_440.jpg,2,ok,910,1777428159499.jpg,C:\Users\uzj5150\Box\Philippines Panel\01 Panel\14 NSU Market Survey\NSU Market Survey Launch\data\pictures/1777428159499.jpg,6ce3a2510c15326a,20260920
1760,sheet_440.jpg,3,ok,9320,1774317320283.jpg,C:\Users\uzj5150\Box\Philippines Panel\01 Panel\14 NSU Market Survey\NSU Market Survey Launch\data\pictures/1774317320283.jpg,4a7d19cf75de6dc1,20260920
1761,sheet_441.jpg,0,ok,9646,1773992412689.jpg,C:\Users\uzj5150\Box\Philippines Panel\01 Panel\14 NSU Market Survey\NSU Market Survey Launch\data\pictures/1773992412689.jpg,35f01a7b08d42f7f,20260920
1762,sheet_441.jpg,1,ok,8451,1775704222199.jpg,C:\Users\uzj5150\Box\Philippines Panel\01 Panel\14 NSU Market Survey\NSU Market Survey Launch\data\pictures/1775704222199.jpg,1674641ab1cafd3c,20260920
1763,sheet_441.jpg,2,ok,1473,1777426324259.jpg,C:\Users\uzj5150\Box\Philippines Panel\01 Panel\14 NSU Market Survey\NSU Market Survey Launch\data\pictures/1777426324259.jpg,bbf3a8b8b86aa0fe,20260920
1764,sheet_441.jpg,3,ok,4640,1776300542419.jpg,C:\Users\uzj5150\Box\Philippines Panel\01 Panel\14 NSU Market Survey\NSU Market Survey Launch\data\pictures/1776300542419.jpg,815f2e684aadf4a6,20260920
1765,sheet_442.jpg,0,ok,1989,1776911870625.jpg,C:\Users\uzj5150\Box\Philippines Panel\01 Panel\14 NSU Market Survey\NSU Market Survey Launch\data\pictures/1776911870625.jpg,eccc8313c3d7d58c,20260920
1766,sheet_442.jpg,1,ok,5158,1775867857802.jpg,C:\Users\uzj5150\Box\Philippines Panel\01 Panel\14 NSU Market Survey\NSU Market Survey Launch\data\pictures/1775867857802.jpg,fbb5e5ef043926c0,20260920
1767,sheet_442.jpg,2,ok,9725,1773896324536.jpg,C:\Users\uzj5150\Box\Philippines Panel\01 Panel\14 NSU Market Survey\NSU Market Survey Launch\data\pictures/1773896324536.jpg,0efb0dbf8c3b5ca5,20260920
1768,sheet_442.jpg,3,ok,10840,1777518981407.jpg,C:\Users\uzj5150\Box\Philippines Panel\01 Panel\14 NSU Market Survey\NSU Market Survey Launch\data\pictures/1777518981407.jpg,4fd27b34fa52afd1,20260920
1769,sheet_443.jpg,0,ok,6149,1773799726236.jpg,C:\Users\uzj5150\Box\Philippines Panel\01 Panel\14 NSU Market Survey\NSU Market Survey Launch\data\pictures/1773799726236.jpg,3b2345d75c7b2b9d,20260920
1770,sheet_443.jpg,1,ok,4649,1776301772108.jpg,C:\Users\uzj5150\Box\Philippines Panel\01 Panel\14 NSU Market Survey\NSU Market Survey Launch\data\pictures/1776301772108.jpg,fcdf3bd62efe9c8e,20260920
1771,sheet_443.jpg,2,ok,2542,1776665196688.jpg,C:\Users\uzj5150\Box\Philippines Panel\01 Panel\14 NSU Market Survey\NSU Market Survey Launch\data\pictures/1776665196688.jpg,b8212c315aa66023,20260920
1772,sheet_443.jpg,3,ok,5366,1774578559193.jpg,C:\Users\uzj5150\Box\Philippines Panel\01 Panel\14 NSU Market Survey\NSU Market Survey Launch\data\pictures/1774578559193.jpg,119904561108913f,20260920
1773,sheet_444.jpg,0,ok,1514,1777429289375.jpg,C:\Users\uzj5150\Box\Philippines Panel\01 Panel\14 NSU Market Survey\NSU Market Survey Launch\data\pictures/1777429289375.jpg,d424d02b48e93914,20260920
1774,sheet_444.jpg,1,ok,10053,1773797402365.jpg,C:\Users\uzj5150\Box\Philippines Panel\01 Panel\14 NSU Market Survey\NSU Market Survey Launch\data\pictures/1773797402365.jpg,b00785094e57eae6,20260920
1775,sheet_444.jpg,2,ok,11458,1776993122225.jpg,C:\Users\uzj5150\Box\Philippines Panel\01 Panel\14 NSU Market Survey\NSU Market Survey Launch\data\pictures/1776993122225.jpg,82c5fca57dd87af0,20260920
1776,sheet_444.jpg,3,ok,5474,1774582915282.jpg,C:\Users\uzj5150\Box\Philippines Panel\01 Panel\14 NSU Market Survey\NSU Market Survey Launch\data\pictures/1774582915282.jpg,df0cd9b7e5100826,20260920
1777,sheet_445.jpg,0,ok,704,1777596770182.jpg,C:\Users\uzj5150\Box\Philippines Panel\01 Panel\14 NSU Market Survey\NSU Market Survey Launch\data\pictures/1777596770182.jpg,c1d6be2ca941a33e,20260920
1778,sheet_445.jpg,1,ok,1745,1776649090270.jpg,C:\Users\uzj5150\Box\Philippines Panel\01 Panel\14 NSU Market Survey\NSU Market Survey Launch\data\pictures/1776649090270.jpg,3e97cc0c476ec191,20260920
1779,sheet_445.jpg,2,ok,9344,1774054953136.jpg,C:\Users\uzj5150\Box\Philippines Panel\01 Panel\14 NSU Market Survey\NSU Market Survey Launch\data\pictures/1774054953136.jpg,6adffbcf708088ab,20260920
1780,sheet_445.jpg,3,ok,8952,1773885616038.jpg,C:\Users\uzj5150\Box\Philippines Panel\01 Panel\14 NSU Market Survey\NSU Market Survey Launch\data\pictures/1773885616038.jpg,dbb01d89913cf82a,20260920
1781,sheet_446.jpg,0,ok,6432,1774050039441.jpg,C:\Users\uzj5150\Box\Philippines Panel\01 Panel\14 NSU Market Survey\NSU Market Survey Launch\data\pictures/1774050039441.jpg,4046d4a2c2fddca9,20260920
1782,sheet_446.jpg,1,ok,2268,1776391531652.jpg,C:\Users\uzj5150\Box\Philippines Panel\01 Panel\14 NSU Market Survey\NSU Market Survey Launch\data\pictures/1776391531652.jpg,927def51344f335f,20260920
1783,sheet_446.jpg,2,ok,6947,1778110965949.jpg,C:\Users\uzj5150\Box\Philippines Panel\01 Panel\14 NSU Market Survey\NSU Market Survey Launch\data\pictures/1778110965949.jpg,f39ddcbe4cdd802f,20260920
1784,sheet_446.jpg,3,ok,1905,1776991910605.jpg,C:\Users\uzj5150\Box\Philippines Panel\01 Panel\14 NSU Market Survey\NSU Market Survey Launch\data\pictures/1776991910605.jpg,bb7341b592fa729d,20260920
1785,sheet_447.jpg,0,ok,5023,1775701001223.jpg,C:\Users\uzj5150\Box\Philippines Panel\01 Panel\14 NSU Market Survey\NSU Market Survey Launch\data\pictures/1775701001223.jpg,1b5781fc2755646a,20260920
1786,sheet_447.jpg,1,ok,334,1777951342485.jpg,C:\Users\uzj5150\Box\Philippines Panel\01 Panel\14 NSU Market Survey\NSU Market Survey Launch\data\pictures/1777951342485.jpg,4b6f1ff87acfab9d,20260920
1787,sheet_447.jpg,2,ok,2283,1779160352724.jpg,C:\Users\uzj5150\Box\Philippines Panel\01 Panel\14 NSU Market Survey\NSU Market Survey Launch\data\pictures/1779160352724.jpg,54e837d248fe312a,20260920
1788,sheet_447.jpg,3,ok,5667,1774489489373.jpg,C:\Users\uzj5150\Box\Philippines Panel\01 Panel\14 NSU Market Survey\NSU Market Survey Launch\data\pictures/1774489489373.jpg,5c4721855dba9e35,20260920
1789,sheet_448.jpg,0,ok,7856,1773884813993.jpg,C:\Users\uzj5150\Box\Philippines Panel\01 Panel\14 NSU Market Survey\NSU Market Survey Launch\data\pictures/1773884813993.jpg,51d9f170d605c9c5,20260920
1790,sheet_448.jpg,1,ok,9680,1773993582616.jpg,C:\Users\uzj5150\Box\Philippines Panel\01 Panel\14 NSU Market Survey\NSU Market Survey Launch\data\pictures/1773993582616.jpg,627ceeb7fab28e6b,20260920
1791,sheet_448.jpg,2,ok,8496,1775699593319.jpg,C:\Users\uzj5150\Box\Philippines Panel\01 Panel\14 NSU Market Survey\NSU Market Survey Launch\data\pictures/1775699593319.jpg,e7956746349b5221,20260920
1792,sheet_448.jpg,3,ok,9318,1774318876014.jpg,C:\Users\uzj5150\Box\Philippines Panel\01 Panel\14 NSU Market Survey\NSU Market Survey Launch\data\pictures/1774318876014.jpg,cc53e813ed62e2f5,20260920
1793,sheet_449.jpg,0,ok,2488,1777083266744.jpg,C:\Users\uzj5150\Box\Philippines Panel\01 Panel\14 NSU Market Survey\NSU Market Survey Launch\data\pictures/1777083266744.jpg,dbfbf05d2e2c1e90,20260920
1794,sheet_449.jpg,1,ok,6464,1774048647575.jpg,C:\Users\uzj5150\Box\Philippines Panel\01 Panel\14 NSU Market Survey\NSU Market Survey Launch\data\pictures/1774048647575.jpg,72a84b825ac4ab69,20260920
1795,sheet_449.jpg,2,ok,10168,1774402278722.jpg,C:\Users\uzj5150\Box\Philippines Panel\01 Panel\14 NSU Market Survey\NSU Market Survey Launch\data\pictures/1774402278722.jpg,e0b484c1a48a7df2,20260920
1796,sheet_449.jpg,3,ok,4896,1775524054557.jpg,C:\Users\uzj5150\Box\Philippines Panel\01 Panel\14 NSU Market Survey\NSU Market Survey Launch\data\pictures/1775524054557.jpg,7b3c246af8cf367f,20260920
1797,sheet_450.jpg,0,ok,2477,1777084903130.jpg,C:\Users\uzj5150\Box\Philippines Panel\01 Panel\14 NSU Market Survey\NSU Market Survey Launch\data\pictures/1777084903130.jpg,279f2d60a93407c1,20260920
1798,sheet_450.jpg,1,ok,8127,1775869814076.jpg,C:\Users\uzj5150\Box\Philippines Panel\01 Panel\14 NSU Market Survey\NSU Market Survey Launch\data\pictures/1775869814076.jpg,ce69573bc0d7747c,20260920
1799,sheet_450.jpg,2,ok,8419,1775695123528.jpg,C:\Users\uzj5150\Box\Philippines Panel\01 Panel\14 NSU Market Survey\NSU Market Survey Launch\data\pictures/1775695123528.jpg,313976797aeb9920,20260920
1800,sheet_450.jpg,3,ok,5466,1774576014115.jpg,C:\Users\uzj5150\Box\Philippines Panel\01 Panel\14 NSU Market Survey\NSU Market Survey Launch\data\pictures/1774576014115.jpg,6149664c1292127e,20260920
1801,sheet_451.jpg,0,ok,7852,1773884706627.jpg,C:\Users\uzj5150\Box\Philippines Panel\01 Panel\14 NSU Market Survey\NSU Market Survey Launch\data\pictures/1773884706627.jpg,7866a6fc11d332a9,20260920
1802,sheet_451.jpg,1,ok,7826,1773971869548.jpg,C:\Users\uzj5150\Box\Philippines Panel\01 Panel\14 NSU Market Survey\NSU Market Survey Launch\data\pictures/1773971869548.jpg,c7f8fc94049269fe,20260920
1803,sheet_451.jpg,2,ok,6435,1774050620834.jpg,C:\Users\uzj5150\Box\Philippines Panel\01 Panel\14 NSU Market Survey\NSU Market Survey Launch\data\pictures/1774050620834.jpg,7ea3f84c979f6152,20260920
1804,sheet_451.jpg,3,ok,7606,1774484790805.jpg,C:\Users\uzj5150\Box\Philippines Panel\01 Panel\14 NSU Market Survey\NSU Market Survey Launch\data\pictures/1774484790805.jpg,f2e53b71933f187d,20260920
1805,sheet_452.jpg,0,ok,9834,1773881589995.jpg,C:\Users\uzj5150\Box\Philippines Panel\01 Panel\14 NSU Market Survey\NSU Market Survey Launch\data\pictures/1773881589995.jpg,a40dcc4fe34e507f,20260920
1806,sheet_452.jpg,1,ok,5432,1774580661885.jpg,C:\Users\uzj5150\Box\Philippines Panel\01 Panel\14 NSU Market Survey\NSU Market Survey Launch\data\pictures/1774580661885.jpg,f9de27ecd63b100b,20260920
1807,sheet_452.jpg,2,ok,9310,1774053858283.jpg,C:\Users\uzj5150\Box\Philippines Panel\01 Panel\14 NSU Market Survey\NSU Market Survey Launch\data\pictures/1774053858283.jpg,dad1f7255e004ed3,20260920
1808,sheet_452.jpg,3,ok,9306,1774052786895.jpg,C:\Users\uzj5150\Box\Philippines Panel\01 Panel\14 NSU Market Survey\NSU Market Survey Launch\data\pictures/1774052786895.jpg,aa1ea0cb7c301ecf,20260920
1809,sheet_453.jpg,0,ok,2928,1776654206585.jpg,C:\Users\uzj5150\Box\Philippines Panel\01 Panel\14 NSU Market Survey\NSU Market Survey Launch\data\pictures/1776654206585.jpg,71eb0737db269e2d,20260920
1810,sheet_453.jpg,1,ok,2666,1776219055894.jpg,C:\Users\uzj5150\Box\Philippines Panel\01 Panel\14 NSU Market Survey\NSU Market Survey Launch\data\pictures/1776219055894.jpg,a50110bf4d944ec7,20260920
1811,sheet_453.jpg,2,ok,6115,1773727456601.jpg,C:\Users\uzj5150\Box\Philippines Panel\01 Panel\14 NSU Market Survey\NSU Market Survey Launch\data\pictures/1773727456601.jpg,795b44a43474ee21,20260920
1812,sheet_453.jpg,3,ok,6195,1773800623728.jpg,C:\Users\uzj5150\Box\Philippines Panel\01 Panel\14 NSU Market Survey\NSU Market Survey Launch\data\pictures/1773800623728.jpg,46b684f53836b86c,20260920
1813,sheet_454.jpg,0,ok,11162,1776826201620.jpg,C:\Users\uzj5150\Box\Philippines Panel\01 Panel\14 NSU Market Survey\NSU Market Survey Launch\data\pictures/1776826201620.jpg,07a536a2713844a9,20260920
1814,sheet_454.jpg,1,ok,8941,1773972237484.jpg,C:\Users\uzj5150\Box\Philippines Panel\01 Panel\14 NSU Market Survey\NSU Market Survey Launch\data\pictures/1773972237484.jpg,3d83fb6d4fc9f5bc,20260920
1815,sheet_454.jpg,2,ok,9762,1773887712968.jpg,C:\Users\uzj5150\Box\Philippines Panel\01 Panel\14 NSU Market Survey\NSU Market Survey Launch\data\pictures/1773887712968.jpg,2a59146ab9fcb532,20260920
1816,sheet_454.jpg,3,ok,10767,1777421323431.jpg,C:\Users\uzj5150\Box\Philippines Panel\01 Panel\14 NSU Market Survey\NSU Market Survey Launch\data\pictures/1777421323431.jpg,63f43d1cf89acbc6,20260920
1817,sheet_455.jpg,0,ok,3173,1776819652322.jpg,C:\Users\uzj5150\Box\Philippines Panel\01 Panel\14 NSU Market Survey\NSU Market Survey Launch\data\pictures/1776819652322.jpg,074512ffe84c6b72,20260920
1818,sheet_455.jpg,1,ok,7586,1774418991961.jpg,C:\Users\uzj5150\Box\Philippines Panel\01 Panel\14 NSU Market Survey\NSU Market Survey Launch\data\pictures/1774418991961.jpg,a54588ddcb2cfeed,20260920
1819,sheet_455.jpg,2,ok,8109,1776047616984.jpg,C:\Users\uzj5150\Box\Philippines Panel\01 Panel\14 NSU Market Survey\NSU Market Survey Launch\data\pictures/1776047616984.jpg,5b51389ba6e36f07,20260920
1820,sheet_455.jpg,3,ok,2541,1776665156649.jpg,C:\Users\uzj5150\Box\Philippines Panel\01 Panel\14 NSU Market Survey\NSU Market Survey Launch\data\pictures/1776665156649.jpg,f7f979fefca1d5be,20260920
1821,sheet_456.jpg,0,ok,9574,1773970167809.jpg,C:\Users\uzj5150\Box\Philippines Panel\01 Panel\14 NSU Market Survey\NSU Market Survey Launch\data\pictures/1773970167809.jpg,80fe0283f98ff178,20260920
1822,sheet_456.jpg,1,ok,148,1778125483806.jpg,C:\Users\uzj5150\Box\Philippines Panel\01 Panel\14 NSU Market Survey\NSU Market Survey Launch\data\pictures/1778125483806.jpg,e2f50c08571e30d5,20260920
1823,sheet_456.jpg,2,ok,2446,1777087660681.jpg,C:\Users\uzj5150\Box\Philippines Panel\01 Panel\14 NSU Market Survey\NSU Market Survey Launch\data\pictures/1777087660681.jpg,c93a87c29008db87,20260920
1824,sheet_456.jpg,3,ok,2355,1776396282051.jpg,C:\Users\uzj5150\Box\Philippines Panel\01 Panel\14 NSU Market Survey\NSU Market Survey Launch\data\pictures/1776396282051.jpg,cfffb0cd730f281a,20260920
1825,sheet_457.jpg,0,ok,9677,1773897262269.jpg,C:\Users\uzj5150\Box\Philippines Panel\01 Panel\14 NSU Market Survey\NSU Market Survey Launch\data\pictures/1773897262269.jpg,bfaffa588d501fb6,20260920
1826,sheet_457.jpg,1,ok,2739,1776387107488.jpg,C:\Users\uzj5150\Box\Philippines Panel\01 Panel\14 NSU Market Survey\NSU Market Survey Launch\data\pictures/1776387107488.jpg,86f5552446059569,20260920
1827,sheet_457.jpg,2,ok,4224,1776047829089.jpg,C:\Users\uzj5150\Box\Philippines Panel\01 Panel\14 NSU Market Survey\NSU Market Survey Launch\data\pictures/1776047829089.jpg,971b9eae0d1d0403,20260920
1828,sheet_457.jpg,3,ok,5124,1773718811362.jpg,C:\Users\uzj5150\Box\Philippines Panel\01 Panel\14 NSU Market Survey\NSU Market Survey Launch\data\pictures/1773718811362.jpg,dec8dc19ddf81ff8,20260920
1829,sheet_458.jpg,0,ok,9321,1774317342151.jpg,C:\Users\uzj5150\Box\Philippines Panel\01 Panel\14 NSU Market Survey\NSU Market Survey Launch\data\pictures/1774317342151.jpg,da00820fb2d545ed,20260920
1830,sheet_458.jpg,1,ok,6119,1773708410254.jpg,C:\Users\uzj5150\Box\Philippines Panel\01 Panel\14 NSU Market Survey\NSU Market Survey Launch\data\pictures/1773708410254.jpg,c0592e2d5908e33a,20260920
1831,sheet_458.jpg,2,ok,7844,1773973044005.jpg,C:\Users\uzj5150\Box\Philippines Panel\01 Panel\14 NSU Market Survey\NSU Market Survey Launch\data\pictures/1773973044005.jpg,948d8b49059e002a,20260920
1832,sheet_458.jpg,3,ok,8281,1775704789893.jpg,C:\Users\uzj5150\Box\Philippines Panel\01 Panel\14 NSU Market Survey\NSU Market Survey Launch\data\pictures/1775704789893.jpg,7e5af1c2637a2819,20260920
1833,sheet_459.jpg,0,ok,6211,1773812272836.jpg,C:\Users\uzj5150\Box\Philippines Panel\01 Panel\14 NSU Market Survey\NSU Market Survey Launch\data\pictures/1773812272836.jpg,31d241870f94fe29,20260920
1834,sheet_459.jpg,1,ok,2358,1776386023352.jpg,C:\Users\uzj5150\Box\Philippines Panel\01 Panel\14 NSU Market Survey\NSU Market Survey Launch\data\pictures/1776386023352.jpg,69fccaacd96c1a0f,20260920
1835,sheet_459.jpg,2,ok,11457,1776991797025.jpg,C:\Users\uzj5150\Box\Philippines Panel\01 Panel\14 NSU Market Survey\NSU Market Survey Launch\data\pictures/1776991797025.jpg,ba7b4c8d57bdbc6a,20260920
1836,sheet_459.jpg,3,ok,332,1777950920797.jpg,C:\Users\uzj5150\Box\Philippines Panel\01 Panel\14 NSU Market Survey\NSU Market Survey Launch\data\pictures/1777950920797.jpg,9414103792128c61,20260920
1837,sheet_460.jpg,0,ok,8764,1775705671058.jpg,C:\Users\uzj5150\Box\Philippines Panel\01 Panel\14 NSU Market Survey\NSU Market Survey Launch\data\pictures/1775705671058.jpg,1497af08095d2815,20260920
1838,sheet_460.jpg,1,ok,7566,1774491515371.jpg,C:\Users\uzj5150\Box\Philippines Panel\01 Panel\14 NSU Market Survey\NSU Market Survey Launch\data\pictures/1774491515371.jpg,d2f1a8ae0d2c7227,20260920
1839,sheet_460.jpg,2,ok,10159,1774487681368.jpg,C:\Users\uzj5150\Box\Philippines Panel\01 Panel\14 NSU Market Survey\NSU Market Survey Launch\data\pictures/1774487681368.jpg,135f0605b57b1cf7,20260920
1840,sheet_460.jpg,3,ok,7583,1774492004787.jpg,C:\Users\uzj5150\Box\Philippines Panel\01 Panel\14 NSU Market Survey\NSU Market Survey Launch\data\pictures/1774492004787.jpg,57676dc9b4dda629,20260920
1841,sheet_461.jpg,0,ok,886,1777449250045.jpg,C:\Users\uzj5150\Box\Philippines Panel\01 Panel\14 NSU Market Survey\NSU Market Survey Launch\data\pictures/1777449250045.jpg,015cdb7d3de14eae,20260920
1842,sheet_461.jpg,1,ok,6484,1774052254116.jpg,C:\Users\uzj5150\Box\Philippines Panel\01 Panel\14 NSU Market Survey\NSU Market Survey Launch\data\pictures/1774052254116.jpg,7fd8a05ef9dd9c56,20260920
1843,sheet_461.jpg,2,ok,5176,1778544885060.jpg,C:\Users\uzj5150\Box\Philippines Panel\01 Panel\14 NSU Market Survey\NSU Market Survey Launch\data\pictures/1778544885060.jpg,2b95f221debc95d0,20260920
1844,sheet_461.jpg,3,ok,5322,1774577733824.jpg,C:\Users\uzj5150\Box\Philippines Panel\01 Panel\14 NSU Market Survey\NSU Market Survey Launch\data\pictures/1774577733824.jpg,7136473d8b8f6120,20260920
1845,sheet_462.jpg,0,unreadable,2620,1776215538254.jpg,C:\Users\uzj5150\Box\Philippines Panel\01 Panel\14 NSU Market Survey\NSU Market Survey Launch\data\pictures/1776215538254.jpg,,20260920
1846,sheet_462.jpg,1,ok,9726,1773884885815.jpg,C:\Users\uzj5150\Box\Philippines Panel\01 Panel\14 NSU Market Survey\NSU Market Survey Launch\data\pictures/1773884885815.jpg,07ebcf4acb872a04,20260920
1847,sheet_462.jpg,2,ok,5624,1774410843839.jpg,C:\Users\uzj5150\Box\Philippines Panel\01 Panel\14 NSU Market Survey\NSU Market Survey Launch\data\pictures/1774410843839.jpg,bf45781612e620f0,20260920
1848,sheet_462.jpg,3,unreadable,2442,1776999995962.jpg,C:\Users\uzj5150\Box\Philippines Panel\01 Panel\14 NSU Market Survey\NSU Market Survey Launch\data\pictures/1776999995962.jpg,,20260920
1849,sheet_463.jpg,0,ok,11476,1776997843488.jpg,C:\Users\uzj5150\Box\Philippines Panel\01 Panel\14 NSU Market Survey\NSU Market Survey Launch\data\pictures/1776997843488.jpg,2f269b8179a11757,20260920
1850,sheet_463.jpg,1,ok,833,1777426009770.jpg,C:\Users\uzj5150\Box\Philippines Panel\01 Panel\14 NSU Market Survey\NSU Market Survey Launch\data\pictures/1777426009770.jpg,c294c5f97c5e25aa,20260920
1851,sheet_463.jpg,2,ok,858,1777535167804.jpg,C:\Users\uzj5150\Box\Philippines Panel\01 Panel\14 NSU Market Survey\NSU Market Survey Launch\data\pictures/1777535167804.jpg,ab10ff719a2610bc,20260920
1852,sheet_463.jpg,3,ok,3174,1776821582466.jpg,C:\Users\uzj5150\Box\Philippines Panel\01 Panel\14 NSU Market Survey\NSU Market Survey Launch\data\pictures/1776821582466.jpg,e29e021100ec1e58,20260920
1853,sheet_464.jpg,0,ok,9037,1775522477113.jpg,C:\Users\uzj5150\Box\Philippines Panel\01 Panel\14 NSU Market Survey\NSU Market Survey Launch\data\pictures/1775522477113.jpg,2dbc5afabdf32e5e,20260920
1854,sheet_464.jpg,1,ok,9091,1775608018781.jpg,C:\Users\uzj5150\Box\Philippines Panel\01 Panel\14 NSU Market Survey\NSU Market Survey Launch\data\pictures/1775608018781.jpg,204af80833e1743c,20260920
1855,sheet_464.jpg,2,ok,2353,1776387122738.jpg,C:\Users\uzj5150\Box\Philippines Panel\01 Panel\14 NSU Market Survey\NSU Market Survey Launch\data\pictures/1776387122738.jpg,3e6b221cc1300fb2,20260920
1856,sheet_464.jpg,3,ok,7837,1773970801786.jpg,C:\Users\uzj5150\Box\Philippines Panel\01 Panel\14 NSU Market Survey\NSU Market Survey Launch\data\pictures/1773970801786.jpg,346ce1e3a1499f8f,20260920
1857,sheet_465.jpg,0,ok,45,1778471435461.jpg,C:\Users\uzj5150\Box\Philippines Panel\01 Panel\14 NSU Market Survey\NSU Market Survey Launch\data\pictures/1778471435461.jpg,0f2d574bae3b95f7,20260920
1858,sheet_465.jpg,1,ok,1800,1776644930412.jpg,C:\Users\uzj5150\Box\Philippines Panel\01 Panel\14 NSU Market Survey\NSU Market Survey Launch\data\pictures/1776644930412.jpg,eb0bb8ffd1b8ac35,20260920
1859,sheet_465.jpg,2,ok,5288,1775869937944.jpg,C:\Users\uzj5150\Box\Philippines Panel\01 Panel\14 NSU Market Survey\NSU Market Survey Launch\data\pictures/1775869937944.jpg,bf8e950fca47cba9,20260920
1860,sheet_465.jpg,3,ok,797,1777447762886.jpg,C:\Users\uzj5150\Box\Philippines Panel\01 Panel\14 NSU Market Survey\NSU Market Survey Launch\data\pictures/1777447762886.jpg,f16671ad77caa599,20260920
1861,sheet_466.jpg,0,ok,3582,1775614173417.jpg,C:\Users\uzj5150\Box\Philippines Panel\01 Panel\14 NSU Market Survey\NSU Market Survey Launch\data\pictures/1775614173417.jpg,f941f8f1d9545ebc,20260920
1862,sheet_466.jpg,1,ok,1448,1777424652242.jpg,C:\Users\uzj5150\Box\Philippines Panel\01 Panel\14 NSU Market Survey\NSU Market Survey Launch\data\pictures/1777424652242.jpg,de69a9fedac319c0,20260920
1863,sheet_466.jpg,2,ok,10750,1777421117662.jpg,C:\Users\uzj5150\Box\Philippines Panel\01 Panel\14 NSU Market Survey\NSU Market Survey Launch\data\pictures/1777421117662.jpg,722fa829823b47e6,20260920
1864,sheet_466.jpg,3,ok,9286,1774062582225.jpg,C:\Users\uzj5150\Box\Philippines Panel\01 Panel\14 NSU Market Survey\NSU Market Survey Launch\data\pictures/1774062582225.jpg,f8645472420c9890,20260920
1865,sheet_467.jpg,0,ok,822,1777425061394.jpg,C:\Users\uzj5150\Box\Philippines Panel\01 Panel\14 NSU Market Survey\NSU Market Survey Launch\data\pictures/1777425061394.jpg,ec09e31a71f63062,20260920
1866,sheet_467.jpg,1,ok,9486,1773798068433.jpg,C:\Users\uzj5150\Box\Philippines Panel\01 Panel\14 NSU Market Survey\NSU Market Survey Launch\data\pictures/1773798068433.jpg,566b0cbf1c0cd0f2,20260920
1867,sheet_467.jpg,2,ok,9426,1773726694680.jpg,C:\Users\uzj5150\Box\Philippines Panel\01 Panel\14 NSU Market Survey\NSU Market Survey Launch\data\pictures/1773726694680.jpg,edb180c9d1e32d19,20260920
1868,sheet_467.jpg,3,ok,7839,1773970055622.jpg,C:\Users\uzj5150\Box\Philippines Panel\01 Panel\14 NSU Market Survey\NSU Market Survey Launch\data\pictures/1773970055622.jpg,2b57359991ca669f,20260920
1869,sheet_468.jpg,0,ok,2621,1776304922237.jpg,C:\Users\uzj5150\Box\Philippines Panel\01 Panel\14 NSU Market Survey\NSU Market Survey Launch\data\pictures/1776304922237.jpg,bd235591f1c379ee,20260920
1870,sheet_468.jpg,1,ok,3158,1776825933886.jpg,C:\Users\uzj5150\Box\Philippines Panel\01 Panel\14 NSU Market Survey\NSU Market Survey Launch\data\pictures/1776825933886.jpg,6f2b0c4d7ee0255e,20260920
1871,sheet_468.jpg,2,ok,9476,1773794076602.jpg,C:\Users\uzj5150\Box\Philippines Panel\01 Panel\14 NSU Market Survey\NSU Market Survey Launch\data\pictures/1773794076602.jpg,4719565c5e75920d,20260920
1872,sheet_468.jpg,3,ok,2931,1776654288235.jpg,C:\Users\uzj5150\Box\Philippines Panel\01 Panel\14 NSU Market Survey\NSU Market Survey Launch\data\pictures/1776654288235.jpg,f535428b9cfcd3d2,20260920
1873,sheet_469.jpg,0,ok,7620,1774419222148.jpg,C:\Users\uzj5150\Box\Philippines Panel\01 Panel\14 NSU Market Survey\NSU Market Survey Launch\data\pictures/1774419222148.jpg,bcf013c941456ef6,20260920
1874,sheet_469.jpg,1,ok,8071,1775875188968.jpg,C:\Users\uzj5150\Box\Philippines Panel\01 Panel\14 NSU Market Survey\NSU Market Survey Launch\data\pictures/1775875188968.jpg,eee7cab8da8d3a4e,20260920
1875,sheet_469.jpg,2,ok,9428,1773727761275.jpg,C:\Users\uzj5150\Box\Philippines Panel\01 Panel\14 NSU Market Survey\NSU Market Survey Launch\data\pictures/1773727761275.jpg,673fd33a58ad94f9,20260920
1876,sheet_469.jpg,3,ok,9015,1775522691096.jpg,C:\Users\uzj5150\Box\Philippines Panel\01 Panel\14 NSU Market Survey\NSU Market Survey Launch\data\pictures/1775522691096.jpg,25b467fc72498ad9,20260920
1877,sheet_470.jpg,0,ok,4912,1775530219467.jpg,C:\Users\uzj5150\Box\Philippines Panel\01 Panel\14 NSU Market Survey\NSU Market Survey Launch\data\pictures/1775530219467.jpg,102ef05e7ae45f6a,20260920
1878,sheet_470.jpg,1,ok,2630,1776215064142.jpg,C:\Users\uzj5150\Box\Philippines Panel\01 Panel\14 NSU Market Survey\NSU Market Survey Launch\data\pictures/1776215064142.jpg,aed9f3bda062c6c1,20260920
1879,sheet_470.jpg,2,ok,662,1777865984899.jpg,C:\Users\uzj5150\Box\Philippines Panel\01 Panel\14 NSU Market Survey\NSU Market Survey Launch\data\pictures/1777865984899.jpg,cbe13359cb3ed1ba,20260920
1880,sheet_470.jpg,3,ok,5428,1774581470817.jpg,C:\Users\uzj5150\Box\Philippines Panel\01 Panel\14 NSU Market Survey\NSU Market Survey Launch\data\pictures/1774581470817.jpg,c06232f790421e8d,20260920
1881,sheet_471.jpg,0,ok,6518,1774322421401.jpg,C:\Users\uzj5150\Box\Philippines Panel\01 Panel\14 NSU Market Survey\NSU Market Survey Launch\data\pictures/1774322421401.jpg,88685a7ff040cd16,20260920
1882,sheet_471.jpg,1,ok,9854,1773892963943.jpg,C:\Users\uzj5150\Box\Philippines Panel\01 Panel\14 NSU Market Survey\NSU Market Survey Launch\data\pictures/1773892963943.jpg,7bcc908d2e6b1067,20260920
1883,sheet_471.jpg,2,ok,8424,1775779307771.jpg,C:\Users\uzj5150\Box\Philippines Panel\01 Panel\14 NSU Market Survey\NSU Market Survey Launch\data\pictures/1775779307771.jpg,680b7766cf734fdd,20260920
1884,sheet_471.jpg,3,ok,111,1778121830667.jpg,C:\Users\uzj5150\Box\Philippines Panel\01 Panel\14 NSU Market Survey\NSU Market Survey Launch\data\pictures/1778121830667.jpg,a29e4e88fd519d71,20260920
1885,sheet_472.jpg,0,ok,2413,1776469764962.jpg,C:\Users\uzj5150\Box\Philippines Panel\01 Panel\14 NSU Market Survey\NSU Market Survey Launch\data\pictures/1776469764962.jpg,59873ca19f8dcfb0,20260920
1886,sheet_472.jpg,1,ok,8049,1775880603819.jpg,C:\Users\uzj5150\Box\Philippines Panel\01 Panel\14 NSU Market Survey\NSU Market Survey Launch\data\pictures/1775880603819.jpg,646baa4a72d5dd0f,20260920
1887,sheet_472.jpg,2,ok,8118,1775877799535.jpg,C:\Users\uzj5150\Box\Philippines Panel\01 Panel\14 NSU Market Survey\NSU Market Survey Launch\data\pictures/1775877799535.jpg,00571cfdd8484aaf,20260920
1888,sheet_472.jpg,3,ok,7668,1774489830838.jpg,C:\Users\uzj5150\Box\Philippines Panel\01 Panel\14 NSU Market Survey\NSU Market Survey Launch\data\pictures/1774489830838.jpg,3b64cbdd5b88ab58,20260920
1889,sheet_473.jpg,0,ok,9410,1774056767059.jpg,C:\Users\uzj5150\Box\Philippines Panel\01 Panel\14 NSU Market Survey\NSU Market Survey Launch\data\pictures/1774056767059.jpg,30580e5d1034009d,20260920
1890,sheet_473.jpg,1,ok,881,1777539239173.jpg,C:\Users\uzj5150\Box\Philippines Panel\01 Panel\14 NSU Market Survey\NSU Market Survey Launch\data\pictures/1777539239173.jpg,8395a962cce64f1e,20260920
1891,sheet_473.jpg,2,ok,4600,1776298033144.jpg,C:\Users\uzj5150\Box\Philippines Panel\01 Panel\14 NSU Market Survey\NSU Market Survey Launch\data\pictures/1776298033144.jpg,0dc914a5bbc5c539,20260920
1892,sheet_473.jpg,3,ok,5470,1774576102499.jpg,C:\Users\uzj5150\Box\Philippines Panel\01 Panel\14 NSU Market Survey\NSU Market Survey Launch\data\pictures/1774576102499.jpg,28710a086a4550dd,20260920
1893,sheet_474.jpg,0,ok,5408,1774582398125.jpg,C:\Users\uzj5150\Box\Philippines Panel\01 Panel\14 NSU Market Survey\NSU Market Survey Launch\data\pictures/1774582398125.jpg,0bc03fe316f2bf97,20260920
1894,sheet_474.jpg,1,ok,2452,1776994676139.jpg,C:\Users\uzj5150\Box\Philippines Panel\01 Panel\14 NSU Market Survey\NSU Market Survey Launch\data\pictures/1776994676139.jpg,53ec7a1cb87507c5,20260920
1895,sheet_474.jpg,2,ok,8442,1775695333825.jpg,C:\Users\uzj5150\Box\Philippines Panel\01 Panel\14 NSU Market Survey\NSU Market Survey Launch\data\pictures/1775695333825.jpg,6256a93f19c8450c,20260920
1896,sheet_474.jpg,3,ok,8433,1775695258667.jpg,C:\Users\uzj5150\Box\Philippines Panel\01 Panel\14 NSU Market Survey\NSU Market Survey Launch\data\pictures/1775695258667.jpg,04bbb5fe9526b5e3,20260920
1897,sheet_475.jpg,0,ok,909,1778051582975.jpg,C:\Users\uzj5150\Box\Philippines Panel\01 Panel\14 NSU Market Survey\NSU Market Survey Launch\data\pictures/1778051582975.jpg,f753839aca0a82e4,20260920
1898,sheet_475.jpg,1,ok,166,1778127561352.jpg,C:\Users\uzj5150\Box\Philippines Panel\01 Panel\14 NSU Market Survey\NSU Market Survey Launch\data\pictures/1778127561352.jpg,1e70942b3e404b03,20260920
1899,sheet_475.jpg,2,ok,5082,1773800535487.jpg,C:\Users\uzj5150\Box\Philippines Panel\01 Panel\14 NSU Market Survey\NSU Market Survey Launch\data\pictures/1773800535487.jpg,d3b719e1d1e42d67,20260920
1900,sheet_475.jpg,3,ok,400,1777346037443.jpg,C:\Users\uzj5150\Box\Philippines Panel\01 Panel\14 NSU Market Survey\NSU Market Survey Launch\data\pictures/1777346037443.jpg,287c3b382181555c,20260920
1901,sheet_476.jpg,0,ok,9730,1773884336792.jpg,C:\Users\uzj5150\Box\Philippines Panel\01 Panel\14 NSU Market Survey\NSU Market Survey Launch\data\pictures/1773884336792.jpg,25b568a5743c271b,20260920
1902,sheet_476.jpg,1,ok,2392,1776391939743.jpg,C:\Users\uzj5150\Box\Philippines Panel\01 Panel\14 NSU Market Survey\NSU Market Survey Launch\data\pictures/1776391939743.jpg,80857cffcfab1537,20260920
1903,sheet_476.jpg,2,ok,928,1777512253587.jpg,C:\Users\uzj5150\Box\Philippines Panel\01 Panel\14 NSU Market Survey\NSU Market Survey Launch\data\pictures/1777512253587.jpg,ae3fa989c1866ed7,20260920
1904,sheet_476.jpg,3,ok,2635,1776305121639.jpg,C:\Users\uzj5150\Box\Philippines Panel\01 Panel\14 NSU Market Survey\NSU Market Survey Launch\data\pictures/1776305121639.jpg,0ab15a73b67efdfb,20260920
1905,sheet_477.jpg,0,ok,939,1777254711693.jpg,C:\Users\uzj5150\Box\Philippines Panel\01 Panel\14 NSU Market Survey\NSU Market Survey Launch\data\pictures/1777254711693.jpg,2c6bc39099cd1a8d,20260920
1906,sheet_477.jpg,1,ok,2660,1776305038857.jpg,C:\Users\uzj5150\Box\Philippines Panel\01 Panel\14 NSU Market Survey\NSU Market Survey Launch\data\pictures/1776305038857.jpg,242a54eecc9e6fd7,20260920
1907,sheet_477.jpg,2,ok,10684,1777601981214.jpg,C:\Users\uzj5150\Box\Philippines Panel\01 Panel\14 NSU Market Survey\NSU Market Survey Launch\data\pictures/1777601981214.jpg,2db122bcdcc65ae0,20260920
1908,sheet_477.jpg,3,ok,5080,1773800048867.jpg,C:\Users\uzj5150\Box\Philippines Panel\01 Panel\14 NSU Market Survey\NSU Market Survey Launch\data\pictures/1773800048867.jpg,dd9f899f434951d8,20260920
1909,sheet_478.jpg,0,ok,932,1777539467046.jpg,C:\Users\uzj5150\Box\Philippines Panel\01 Panel\14 NSU Market Survey\NSU Market Survey Launch\data\pictures/1777539467046.jpg,dfd8dd6890b66a57,20260920
1910,sheet_478.jpg,1,ok,9865,1773884648703.jpg,C:\Users\uzj5150\Box\Philippines Panel\01 Panel\14 NSU Market Survey\NSU Market Survey Launch\data\pictures/1773884648703.jpg,8d91e6b7c19c40ca,20260920
1911,sheet_478.jpg,2,ok,1785,1779240183295.jpg,C:\Users\uzj5150\Box\Philippines Panel\01 Panel\14 NSU Market Survey\NSU Market Survey Launch\data\pictures/1779240183295.jpg,f3841f1da472bc94,20260920
1912,sheet_478.jpg,3,ok,9664,1773994323267.jpg,C:\Users\uzj5150\Box\Philippines Panel\01 Panel\14 NSU Market Survey\NSU Market Survey Launch\data\pictures/1773994323267.jpg,0eacd5ae3a2b6e2f,20260920
1913,sheet_479.jpg,0,ok,62,1778296289481.jpg,C:\Users\uzj5150\Box\Philippines Panel\01 Panel\14 NSU Market Survey\NSU Market Survey Launch\data\pictures/1778296289481.jpg,626c6cf4432df6e8,20260920
1914,sheet_479.jpg,1,ok,9333,1774052314118.jpg,C:\Users\uzj5150\Box\Philippines Panel\01 Panel\14 NSU Market Survey\NSU Market Survey Launch\data\pictures/1774052314118.jpg,16718b53419ad54c,20260920
1915,sheet_479.jpg,2,ok,8440,1775696548894.jpg,C:\Users\uzj5150\Box\Philippines Panel\01 Panel\14 NSU Market Survey\NSU Market Survey Launch\data\pictures/1775696548894.jpg,c6707e6807a01fb9,20260920
1916,sheet_479.jpg,3,ok,11420,1779243896007.jpg,C:\Users\uzj5150\Box\Philippines Panel\01 Panel\14 NSU Market Survey\NSU Market Survey Launch\data\pictures/1779243896007.jpg,80b957155f361b93,20260920
1917,sheet_480.jpg,0,ok,9809,1773913068065.jpg,C:\Users\uzj5150\Box\Philippines Panel\01 Panel\14 NSU Market Survey\NSU Market Survey Launch\data\pictures/1773913068065.jpg,19fd2981cceecb5f,20260920
1918,sheet_480.jpg,1,ok,5407,1774579198308.jpg,C:\Users\uzj5150\Box\Philippines Panel\01 Panel\14 NSU Market Survey\NSU Market Survey Launch\data\pictures/1774579198308.jpg,ccd594707166e572,20260920
1919,sheet_480.jpg,2,ok,5962,1774409852103.jpg,C:\Users\uzj5150\Box\Philippines Panel\01 Panel\14 NSU Market Survey\NSU Market Survey Launch\data\pictures/1774409852103.jpg,a02c0e69d72c8d1e,20260920
1920,sheet_480.jpg,3,ok,3185,1776911545636.jpg,C:\Users\uzj5150\Box\Philippines Panel\01 Panel\14 NSU Market Survey\NSU Market Survey Launch\data\pictures/1776911545636.jpg,bc2e212a9e35bcc5,20260920
1921,sheet_481.jpg,0,ok,6494,1774325650212.jpg,C:\Users\uzj5150\Box\Philippines Panel\01 Panel\14 NSU Market Survey\NSU Market Survey Launch\data\pictures/1774325650212.jpg,e7aefd963c34d327,20260920
1922,sheet_481.jpg,1,ok,9764,1773910924514.jpg,C:\Users\uzj5150\Box\Philippines Panel\01 Panel\14 NSU Market Survey\NSU Market Survey Launch\data\pictures/1773910924514.jpg,bc3b149ba3c2e601,20260920
1923,sheet_481.jpg,2,ok,4646,1776301307789.jpg,C:\Users\uzj5150\Box\Philippines Panel\01 Panel\14 NSU Market Survey\NSU Market Survey Launch\data\pictures/1776301307789.jpg,9f86a01eb464b999,20260920
1924,sheet_481.jpg,3,ok,6547,1773799224074.jpg,C:\Users\uzj5150\Box\Philippines Panel\01 Panel\14 NSU Market Survey\NSU Market Survey Launch\data\pictures/1773799224074.jpg,50c6ecfde9e161a0,20260920
1925,sheet_482.jpg,0,ok,10590,1777270388412.jpg,C:\Users\uzj5150\Box\Philippines Panel\01 Panel\14 NSU Market Survey\NSU Market Survey Launch\data\pictures/1777270388412.jpg,61abb1d92c9cc68e,20260920
1926,sheet_482.jpg,1,ok,6217,1773727834863.jpg,C:\Users\uzj5150\Box\Philippines Panel\01 Panel\14 NSU Market Survey\NSU Market Survey Launch\data\pictures/1773727834863.jpg,3409eb1705344dc1,20260920
1927,sheet_482.jpg,2,ok,9695,1773902897772.jpg,C:\Users\uzj5150\Box\Philippines Panel\01 Panel\14 NSU Market Survey\NSU Market Survey Launch\data\pictures/1773902897772.jpg,e850a0abfc3d9d73,20260920
1928,sheet_482.jpg,3,ok,6212,1773802701911.jpg,C:\Users\uzj5150\Box\Philippines Panel\01 Panel\14 NSU Market Survey\NSU Market Survey Launch\data\pictures/1773802701911.jpg,fad203c03867a9f6,20260920
1929,sheet_483.jpg,0,ok,9670,1773993482923.jpg,C:\Users\uzj5150\Box\Philippines Panel\01 Panel\14 NSU Market Survey\NSU Market Survey Launch\data\pictures/1773993482923.jpg,66dd4665becd53ef,20260920
1930,sheet_483.jpg,1,ok,335,1777951388200.jpg,C:\Users\uzj5150\Box\Philippines Panel\01 Panel\14 NSU Market Survey\NSU Market Survey Launch\data\pictures/1777951388200.jpg,a996498222861514,20260920
1931,sheet_483.jpg,2,ok,6215,1773812421087.jpg,C:\Users\uzj5150\Box\Philippines Panel\01 Panel\14 NSU Market Survey\NSU Market Survey Launch\data\pictures/1773812421087.jpg,2f57fd3f26606075,20260920
1932,sheet_483.jpg,3,ok,1744,1776649072227.jpg,C:\Users\uzj5150\Box\Philippines Panel\01 Panel\14 NSU Market Survey\NSU Market Survey Launch\data\pictures/1776649072227.jpg,6b15fe099a25301a,20260920
1933,sheet_484.jpg,0,ok,6128,1773708620870.jpg,C:\Users\uzj5150\Box\Philippines Panel\01 Panel\14 NSU Market Survey\NSU Market Survey Launch\data\pictures/1773708620870.jpg,05eac33d53ba66a0,20260920
1934,sheet_484.jpg,1,ok,1752,1776648500898.jpg,C:\Users\uzj5150\Box\Philippines Panel\01 Panel\14 NSU Market Survey\NSU Market Survey Launch\data\pictures/1776648500898.jpg,279f3af7cbe7ee1b,20260920
1935,sheet_484.jpg,2,ok,5437,1774654823727.jpg,C:\Users\uzj5150\Box\Philippines Panel\01 Panel\14 NSU Market Survey\NSU Market Survey Launch\data\pictures/1774654823727.jpg,5f79bdaa32a9914c,20260920
1936,sheet_484.jpg,3,ok,9314,1774053578699.jpg,C:\Users\uzj5150\Box\Philippines Panel\01 Panel\14 NSU Market Survey\NSU Market Survey Launch\data\pictures/1774053578699.jpg,274b602adf0def85,20260920
1937,sheet_485.jpg,0,ok,675,1777686950700.jpg,C:\Users\uzj5150\Box\Philippines Panel\01 Panel\14 NSU Market Survey\NSU Market Survey Launch\data\pictures/1777686950700.jpg,1822efcd31530cf2,20260920
1938,sheet_485.jpg,1,ok,2377,1776469186829.jpg,C:\Users\uzj5150\Box\Philippines Panel\01 Panel\14 NSU Market Survey\NSU Market Survey Launch\data\pictures/1776469186829.jpg,93386bd2524bccf9,20260920
1939,sheet_485.jpg,2,ok,7812,1773889782015.jpg,C:\Users\uzj5150\Box\Philippines Panel\01 Panel\14 NSU Market Survey\NSU Market Survey Launch\data\pictures/1773889782015.jpg,3cb4f31f33c32bdb,20260920
1940,sheet_485.jpg,3,ok,6520,1774322707751.jpg,C:\Users\uzj5150\Box\Philippines Panel\01 Panel\14 NSU Market Survey\NSU Market Survey Launch\data\pictures/1774322707751.jpg,476cd1834f7b6f9b,20260920
1941,sheet_486.jpg,0,ok,7768,1777942980843.jpg,C:\Users\uzj5150\Box\Philippines Panel\01 Panel\14 NSU Market Survey\NSU Market Survey Launch\data\pictures/1777942980843.jpg,46566fb3a7bcac63,20260920
1942,sheet_486.jpg,1,ok,2534,1776664743490.jpg,C:\Users\uzj5150\Box\Philippines Panel\01 Panel\14 NSU Market Survey\NSU Market Survey Launch\data\pictures/1776664743490.jpg,da3b8da229ba35fb,20260920
1943,sheet_486.jpg,2,ok,5376,1774661734763.jpg,C:\Users\uzj5150\Box\Philippines Panel\01 Panel\14 NSU Market Survey\NSU Market Survey Launch\data\pictures/1774661734763.jpg,e4b8c5438b4ba360,20260920
1944,sheet_486.jpg,3,ok,4403,1776132929403.jpg,C:\Users\uzj5150\Box\Philippines Panel\01 Panel\14 NSU Market Survey\NSU Market Survey Launch\data\pictures/1776132929403.jpg,17ca7fa73b9d4b7f,20260920
1945,sheet_487.jpg,0,ok,9225,1774067440918.jpg,C:\Users\uzj5150\Box\Philippines Panel\01 Panel\14 NSU Market Survey\NSU Market Survey Launch\data\pictures/1774067440918.jpg,44cb23ba01e71772,20260920
1946,sheet_487.jpg,1,ok,11487,1776994722909.jpg,C:\Users\uzj5150\Box\Philippines Panel\01 Panel\14 NSU Market Survey\NSU Market Survey Launch\data\pictures/1776994722909.jpg,d80ef44eadff45f7,20260920
1947,sheet_487.jpg,2,ok,5156,1775870134690.jpg,C:\Users\uzj5150\Box\Philippines Panel\01 Panel\14 NSU Market Survey\NSU Market Survey Launch\data\pictures/1775870134690.jpg,fe0e175fb1b1af35,20260920
1948,sheet_487.jpg,3,ok,8964,1773888665355.jpg,C:\Users\uzj5150\Box\Philippines Panel\01 Panel\14 NSU Market Survey\NSU Market Survey Launch\data\pictures/1773888665355.jpg,c57020756d4bf4bc,20260920
1949,sheet_488.jpg,0,ok,2602,1776217013916.jpg,C:\Users\uzj5150\Box\Philippines Panel\01 Panel\14 NSU Market Survey\NSU Market Survey Launch\data\pictures/1776217013916.jpg,4f9ee7aeeb83f192,20260920
1950,sheet_488.jpg,1,ok,8100,1775870653680.jpg,C:\Users\uzj5150\Box\Philippines Panel\01 Panel\14 NSU Market Survey\NSU Market Survey Launch\data\pictures/1775870653680.jpg,2d600c59d3702410,20260920
1951,sheet_488.jpg,2,ok,1012,1777346455424.jpg,C:\Users\uzj5150\Box\Philippines Panel\01 Panel\14 NSU Market Survey\NSU Market Survey Launch\data\pictures/1777346455424.jpg,8c3768b3f103d8c4,20260920
1952,sheet_488.jpg,3,ok,9642,1773994547444.jpg,C:\Users\uzj5150\Box\Philippines Panel\01 Panel\14 NSU Market Survey\NSU Market Survey Launch\data\pictures/1773994547444.jpg,192a5be9af06e1d1,20260920
1953,sheet_489.jpg,0,ok,5365,1774578544095.jpg,C:\Users\uzj5150\Box\Philippines Panel\01 Panel\14 NSU Market Survey\NSU Market Survey Launch\data\pictures/1774578544095.jpg,fb61a7be019b684d,20260920
1954,sheet_489.jpg,1,ok,1724,1776646512306.jpg,C:\Users\uzj5150\Box\Philippines Panel\01 Panel\14 NSU Market Survey\NSU Market Survey Launch\data\pictures/1776646512306.jpg,0d8459b80700b561,20260920
1955,sheet_489.jpg,2,ok,7570,1774420258005.jpg,C:\Users\uzj5150\Box\Philippines Panel\01 Panel\14 NSU Market Survey\NSU Market Survey Launch\data\pictures/1774420258005.jpg,fbfe412a9a8787d2,20260920
1956,sheet_489.jpg,3,ok,323,1777948595873.jpg,C:\Users\uzj5150\Box\Philippines Panel\01 Panel\14 NSU Market Survey\NSU Market Survey Launch\data\pictures/1777948595873.jpg,00c1739e4b4584dd,20260920
1957,sheet_490.jpg,0,ok,598,1777694188731.jpg,C:\Users\uzj5150\Box\Philippines Panel\01 Panel\14 NSU Market Survey\NSU Market Survey Launch\data\pictures/1777694188731.jpg,5ca8ce1b7ee25a4b,20260920
1958,sheet_490.jpg,1,ok,9432,1773799398937.jpg,C:\Users\uzj5150\Box\Philippines Panel\01 Panel\14 NSU Market Survey\NSU Market Survey Launch\data\pictures/1773799398937.jpg,c47a3214cfc96857,20260920
1959,sheet_490.jpg,2,ok,4543,1776299770654.jpg,C:\Users\uzj5150\Box\Philippines Panel\01 Panel\14 NSU Market Survey\NSU Market Survey Launch\data\pictures/1776299770654.jpg,17cc48bc820627de,20260920
1960,sheet_490.jpg,3,ok,9597,1773906260777.jpg,C:\Users\uzj5150\Box\Philippines Panel\01 Panel\14 NSU Market Survey\NSU Market Survey Launch\data\pictures/1773906260777.jpg,895b7e2e8b6f7ee6,20260920
1961,sheet_491.jpg,0,ok,2860,1776653163110.jpg,C:\Users\uzj5150\Box\Philippines Panel\01 Panel\14 NSU Market Survey\NSU Market Survey Launch\data\pictures/1776653163110.jpg,4ee183ef4a7e2bc7,20260920
1962,sheet_491.jpg,1,ok,6150,1773799754040.jpg,C:\Users\uzj5150\Box\Philippines Panel\01 Panel\14 NSU Market Survey\NSU Market Survey Launch\data\pictures/1773799754040.jpg,e4e187cc394d08ed,20260920
1963,sheet_491.jpg,2,ok,5230,1775862970116.jpg,C:\Users\uzj5150\Box\Philippines Panel\01 Panel\14 NSU Market Survey\NSU Market Survey Launch\data\pictures/1775862970116.jpg,3b9e315c13bd3623,20260920
1964,sheet_491.jpg,3,ok,147,1778201828553.jpg,C:\Users\uzj5150\Box\Philippines Panel\01 Panel\14 NSU Market Survey\NSU Market Survey Launch\data\pictures/1778201828553.jpg,2c73304b21e1b230,20260920
1965,sheet_492.jpg,0,ok,4404,1776132518616.jpg,C:\Users\uzj5150\Box\Philippines Panel\01 Panel\14 NSU Market Survey\NSU Market Survey Launch\data\pictures/1776132518616.jpg,deecd380bc9de5dc,20260920
1966,sheet_492.jpg,1,ok,6120,1773800517810.jpg,C:\Users\uzj5150\Box\Philippines Panel\01 Panel\14 NSU Market Survey\NSU Market Survey Launch\data\pictures/1773800517810.jpg,bc5c81bb671dddb0,20260920
1967,sheet_492.jpg,2,ok,609,1777694385419.jpg,C:\Users\uzj5150\Box\Philippines Panel\01 Panel\14 NSU Market Survey\NSU Market Survey Launch\data\pictures/1777694385419.jpg,3eda33dcc72c4db7,20260920
1968,sheet_492.jpg,3,ok,8430,1775697087288.jpg,C:\Users\uzj5150\Box\Philippines Panel\01 Panel\14 NSU Market Survey\NSU Market Survey Launch\data\pictures/1775697087288.jpg,c3f617914850ddde,20260920
1969,sheet_493.jpg,0,ok,7810,1773889647638.jpg,C:\Users\uzj5150\Box\Philippines Panel\01 Panel\14 NSU Market Survey\NSU Market Survey Launch\data\pictures/1773889647638.jpg,0cc79929075fbb5c,20260920
1970,sheet_493.jpg,1,ok,9798,1773881173619.jpg,C:\Users\uzj5150\Box\Philippines Panel\01 Panel\14 NSU Market Survey\NSU Market Survey Launch\data\pictures/1773881173619.jpg,8438881ab4bcb34c,20260920
1971,sheet_493.jpg,2,ok,8131,1775873562731.jpg,C:\Users\uzj5150\Box\Philippines Panel\01 Panel\14 NSU Market Survey\NSU Market Survey Launch\data\pictures/1775873562731.jpg,f185b75ccbe192c4,20260920
1972,sheet_493.jpg,3,ok,7857,1773969628676.jpg,C:\Users\uzj5150\Box\Philippines Panel\01 Panel\14 NSU Market Survey\NSU Market Survey Launch\data\pictures/1773969628676.jpg,c2ecc1bd302598b1,20260920
1973,sheet_494.jpg,0,ok,804,1777424248156.jpg,C:\Users\uzj5150\Box\Philippines Panel\01 Panel\14 NSU Market Survey\NSU Market Survey Launch\data\pictures/1777424248156.jpg,a52012d5b6034d99,20260920
1974,sheet_494.jpg,1,ok,328,1777950318584.jpg,C:\Users\uzj5150\Box\Philippines Panel\01 Panel\14 NSU Market Survey\NSU Market Survey Launch\data\pictures/1777950318584.jpg,d6b14b776306217f,20260920
1975,sheet_494.jpg,2,ok,10037,1778477131307.jpg,C:\Users\uzj5150\Box\Philippines Panel\01 Panel\14 NSU Market Survey\NSU Market Survey Launch\data\pictures/1778477131307.jpg,c42db715d5b50185,20260920
1976,sheet_494.jpg,3,ok,7868,1773974049258.jpg,C:\Users\uzj5150\Box\Philippines Panel\01 Panel\14 NSU Market Survey\NSU Market Survey Launch\data\pictures/1773974049258.jpg,f31ba5842228fd87,20260920
1977,sheet_495.jpg,0,ok,7815,1773882713802.jpg,C:\Users\uzj5150\Box\Philippines Panel\01 Panel\14 NSU Market Survey\NSU Market Survey Launch\data\pictures/1773882713802.jpg,7a73399946e99dc0,20260920
1978,sheet_495.jpg,1,ok,9800,1773969875004.jpg,C:\Users\uzj5150\Box\Philippines Panel\01 Panel\14 NSU Market Survey\NSU Market Survey Launch\data\pictures/1773969875004.jpg,43ed6f90be8503bd,20260920
1979,sheet_495.jpg,2,ok,9636,1773886620270.jpg,C:\Users\uzj5150\Box\Philippines Panel\01 Panel\14 NSU Market Survey\NSU Market Survey Launch\data\pictures/1773886620270.jpg,07482268f3c4b1a2,20260920
1980,sheet_495.jpg,3,ok,8500,1775779877128.jpg,C:\Users\uzj5150\Box\Philippines Panel\01 Panel\14 NSU Market Survey\NSU Market Survey Launch\data\pictures/1775779877128.jpg,cfc7315ab560694e,20260920
1981,sheet_496.jpg,0,ok,9465,1773969114204.jpg,C:\Users\uzj5150\Box\Philippines Panel\01 Panel\14 NSU Market Survey\NSU Market Survey Launch\data\pictures/1773969114204.jpg,5d211387600ed970,20260920
1982,sheet_496.jpg,1,ok,2545,1776749961182.jpg,C:\Users\uzj5150\Box\Philippines Panel\01 Panel\14 NSU Market Survey\NSU Market Survey Launch\data\pictures/1776749961182.jpg,4348ff54d200563c,20260920
1983,sheet_496.jpg,2,ok,5370,1774580517059.jpg,C:\Users\uzj5150\Box\Philippines Panel\01 Panel\14 NSU Market Survey\NSU Market Survey Launch\data\pictures/1774580517059.jpg,0ba738d2bf637f8c,20260920
1984,sheet_496.jpg,3,ok,861,1778051678635.jpg,C:\Users\uzj5150\Box\Philippines Panel\01 Panel\14 NSU Market Survey\NSU Market Survey Launch\data\pictures/1778051678635.jpg,a17d2a22a7b1b7e3,20260920
1985,sheet_497.jpg,0,ok,6436,1774050633777.jpg,C:\Users\uzj5150\Box\Philippines Panel\01 Panel\14 NSU Market Survey\NSU Market Survey Launch\data\pictures/1774050633777.jpg,5234d2db8dbfda72,20260920
1986,sheet_497.jpg,1,ok,8432,1775696443378.jpg,C:\Users\uzj5150\Box\Philippines Panel\01 Panel\14 NSU Market Survey\NSU Market Survey Launch\data\pictures/1775696443378.jpg,dbd2290b1e13c953,20260920
1987,sheet_497.jpg,2,ok,153,1778207630817.jpg,C:\Users\uzj5150\Box\Philippines Panel\01 Panel\14 NSU Market Survey\NSU Market Survey Launch\data\pictures/1778207630817.jpg,f666770ba8c4c963,20260920
1988,sheet_497.jpg,3,ok,9522,1773904637681.jpg,C:\Users\uzj5150\Box\Philippines Panel\01 Panel\14 NSU Market Survey\NSU Market Survey Launch\data\pictures/1773904637681.jpg,786f37936b25ef6d,20260920
1989,sheet_498.jpg,0,ok,9084,1775609179561.jpg,C:\Users\uzj5150\Box\Philippines Panel\01 Panel\14 NSU Market Survey\NSU Market Survey Launch\data\pictures/1775609179561.jpg,c09abc4446600d13,20260920
1990,sheet_498.jpg,1,ok,2625,1776305195768.jpg,C:\Users\uzj5150\Box\Philippines Panel\01 Panel\14 NSU Market Survey\NSU Market Survey Launch\data\pictures/1776305195768.jpg,fa15ae503c503e86,20260920
1991,sheet_498.jpg,2,ok,114,1778211382116.jpg,C:\Users\uzj5150\Box\Philippines Panel\01 Panel\14 NSU Market Survey\NSU Market Survey Launch\data\pictures/1778211382116.jpg,9d9d96ae2866e457,20260920
1992,sheet_498.jpg,3,ok,1650,1777010291768.jpg,C:\Users\uzj5150\Box\Philippines Panel\01 Panel\14 NSU Market Survey\NSU Market Survey Launch\data\pictures/1777010291768.jpg,c6ca368242afe7e5,20260920
1993,sheet_499.jpg,0,ok,9512,1773725735542.jpg,C:\Users\uzj5150\Box\Philippines Panel\01 Panel\14 NSU Market Survey\NSU Market Survey Launch\data\pictures/1773725735542.jpg,4ba107b62c6f2119,20260920
1994,sheet_499.jpg,1,ok,2416,1776386773975.jpg,C:\Users\uzj5150\Box\Philippines Panel\01 Panel\14 NSU Market Survey\NSU Market Survey Launch\data\pictures/1776386773975.jpg,2fd42c23a114ea1e,20260920
1995,sheet_499.jpg,2,ok,8494,1775698835856.jpg,C:\Users\uzj5150\Box\Philippines Panel\01 Panel\14 NSU Market Survey\NSU Market Survey Launch\data\pictures/1775698835856.jpg,75fa27e9d1a31363,20260920
1996,sheet_499.jpg,3,ok,11130,1776822920800.jpg,C:\Users\uzj5150\Box\Philippines Panel\01 Panel\14 NSU Market Survey\NSU Market Survey Launch\data\pictures/1776822920800.jpg,cead306b3ec642e0,20260920
1997,sheet_500.jpg,0,ok,10764,1777422306223.jpg,C:\Users\uzj5150\Box\Philippines Panel\01 Panel\14 NSU Market Survey\NSU Market Survey Launch\data\pictures/1777422306223.jpg,340838b3720cb524,20260920
1998,sheet_500.jpg,1,ok,5133,1775867329458.jpg,C:\Users\uzj5150\Box\Philippines Panel\01 Panel\14 NSU Market Survey\NSU Market Survey Launch\data\pictures/1775867329458.jpg,1f69c869c04e6a55,20260920
1999,sheet_500.jpg,2,ok,17,1778295212989.jpg,C:\Users\uzj5150\Box\Philippines Panel\01 Panel\14 NSU Market Survey\NSU Market Survey Launch\data\pictures/1778295212989.jpg,8021d3b25384ec08,20260920
2000,sheet_500.jpg,3,ok,5081,1773710825223.jpg,C:\Users\uzj5150\Box\Philippines Panel\01 Panel\14 NSU Market Survey\NSU Market Survey Launch\data\pictures/1773710825223.jpg,07fdcd3acfcebdce,20260920
2001,sheet_501.jpg,0,ok,3206,1776827802827.jpg,C:\Users\uzj5150\Box\Philippines Panel\01 Panel\14 NSU Market Survey\NSU Market Survey Launch\data\pictures/1776827802827.jpg,160299e2cfceac36,20260920
2002,sheet_501.jpg,1,ok,169,1778205819178.jpg,C:\Users\uzj5150\Box\Philippines Panel\01 Panel\14 NSU Market Survey\NSU Market Survey Launch\data\pictures/1778205819178.jpg,961581695330c9eb,20260920
2003,sheet_501.jpg,2,ok,5145,1775868838952.jpg,C:\Users\uzj5150\Box\Philippines Panel\01 Panel\14 NSU Market Survey\NSU Market Survey Launch\data\pictures/1775868838952.jpg,57dca9705d935d2a,20260920
2004,sheet_501.jpg,3,ok,4395,1776132453575.jpg,C:\Users\uzj5150\Box\Philippines Panel\01 Panel\14 NSU Market Survey\NSU Market Survey Launch\data\pictures/1776132453575.jpg,35e28f0a27d46bd6,20260920
2005,sheet_502.jpg,0,ok,5220,1775863707869.jpg,C:\Users\uzj5150\Box\Philippines Panel\01 Panel\14 NSU Market Survey\NSU Market Survey Launch\data\pictures/1775863707869.jpg,aa029eeddf5b5bce,20260920
2006,sheet_502.jpg,1,ok,9431,1773799370823.jpg,C:\Users\uzj5150\Box\Philippines Panel\01 Panel\14 NSU Market Survey\NSU Market Survey Launch\data\pictures/1773799370823.jpg,1e4bc45951cc9617,20260920
2007,sheet_502.jpg,2,ok,728,1777601766799.jpg,C:\Users\uzj5150\Box\Philippines Panel\01 Panel\14 NSU Market Survey\NSU Market Survey Launch\data\pictures/1777601766799.jpg,2864115bd2947efc,20260920
2008,sheet_502.jpg,3,ok,2498,1777085492873.jpg,C:\Users\uzj5150\Box\Philippines Panel\01 Panel\14 NSU Market Survey\NSU Market Survey Launch\data\pictures/1777085492873.jpg,86466e9b4bbdd879,20260920
2009,sheet_503.jpg,0,ok,6580,1773795717766.jpg,C:\Users\uzj5150\Box\Philippines Panel\01 Panel\14 NSU Market Survey\NSU Market Survey Launch\data\pictures/1773795717766.jpg,238c6610fc74d43e,20260920
2010,sheet_503.jpg,1,ok,149,1778206671843.jpg,C:\Users\uzj5150\Box\Philippines Panel\01 Panel\14 NSU Market Survey\NSU Market Survey Launch\data\pictures/1778206671843.jpg,4d5b7b838d622dbd,20260920
2011,sheet_503.jpg,2,ok,10789,1777519353534.jpg,C:\Users\uzj5150\Box\Philippines Panel\01 Panel\14 NSU Market Survey\NSU Market Survey Launch\data\pictures/1777519353534.jpg,711d4c1dfdb78b0f,20260920
2012,sheet_503.jpg,3,ok,9731,1773987657615.jpg,C:\Users\uzj5150\Box\Philippines Panel\01 Panel\14 NSU Market Survey\NSU Market Survey Launch\data\pictures/1773987657615.jpg,deb49c866a7fcd42,20260920
2013,sheet_504.jpg,0,ok,671,1777687409747.jpg,C:\Users\uzj5150\Box\Philippines Panel\01 Panel\14 NSU Market Survey\NSU Market Survey Launch\data\pictures/1777687409747.jpg,08d34a02c2c7e3b8,20260920
2014,sheet_504.jpg,1,ok,855,1777448700919.jpg,C:\Users\uzj5150\Box\Philippines Panel\01 Panel\14 NSU Market Survey\NSU Market Survey Launch\data\pictures/1777448700919.jpg,25d92b38d3eeac29,20260920
2015,sheet_504.jpg,2,ok,9462,1773796810156.jpg,C:\Users\uzj5150\Box\Philippines Panel\01 Panel\14 NSU Market Survey\NSU Market Survey Launch\data\pictures/1773796810156.jpg,ff73c543a1de83be,20260920
2016,sheet_504.jpg,3,ok,914,1777513546558.jpg,C:\Users\uzj5150\Box\Philippines Panel\01 Panel\14 NSU Market Survey\NSU Market Survey Launch\data\pictures/1777513546558.jpg,2b80a275439cf7a9,20260920
2017,sheet_505.jpg,0,ok,7013,1774054271365.jpg,C:\Users\uzj5150\Box\Philippines Panel\01 Panel\14 NSU Market Survey\NSU Market Survey Launch\data\pictures/1774054271365.jpg,d5e5e5d379406ea0,20260920
2018,sheet_505.jpg,1,ok,6441,1774049917490.jpg,C:\Users\uzj5150\Box\Philippines Panel\01 Panel\14 NSU Market Survey\NSU Market Survey Launch\data\pictures/1774049917490.jpg,ff759339b46e405b,20260920
2019,sheet_505.jpg,2,ok,2622,1776303110616.jpg,C:\Users\uzj5150\Box\Philippines Panel\01 Panel\14 NSU Market Survey\NSU Market Survey Launch\data\pictures/1776303110616.jpg,151cd7d68f1e49a7,20260920
2020,sheet_505.jpg,3,ok,10766,1777421755758.jpg,C:\Users\uzj5150\Box\Philippines Panel\01 Panel\14 NSU Market Survey\NSU Market Survey Launch\data\pictures/1777421755758.jpg,7aca0d1ae4296bc5,20260920
2021,sheet_506.jpg,0,ok,5070,1773800189490.jpg,C:\Users\uzj5150\Box\Philippines Panel\01 Panel\14 NSU Market Survey\NSU Market Survey Launch\data\pictures/1773800189490.jpg,2c7881cf8223365f,20260920
2022,sheet_506.jpg,1,ok,5149,1775870622897.jpg,C:\Users\uzj5150\Box\Philippines Panel\01 Panel\14 NSU Market Survey\NSU Market Survey Launch\data\pictures/1775870622897.jpg,9f3942ae2bb49681,20260920
2023,sheet_506.jpg,2,ok,8519,1778719757016.jpg,C:\Users\uzj5150\Box\Philippines Panel\01 Panel\14 NSU Market Survey\NSU Market Survey Launch\data\pictures/1778719757016.jpg,bccfcb978cf73173,20260920
2024,sheet_506.jpg,3,ok,656,1777601949991.jpg,C:\Users\uzj5150\Box\Philippines Panel\01 Panel\14 NSU Market Survey\NSU Market Survey Launch\data\pictures/1777601949991.jpg,7d46eb808a31d0c7,20260920
2025,sheet_507.jpg,0,ok,7617,1774491675133.jpg,C:\Users\uzj5150\Box\Philippines Panel\01 Panel\14 NSU Market Survey\NSU Market Survey Launch\data\pictures/1774491675133.jpg,bc5cd2ded6a37912,20260920
2026,sheet_507.jpg,1,ok,959,1777253278975.jpg,C:\Users\uzj5150\Box\Philippines Panel\01 Panel\14 NSU Market Survey\NSU Market Survey Launch\data\pictures/1777253278975.jpg,713dc824f76802f7,20260920
2027,sheet_507.jpg,2,ok,9548,1773880766376.jpg,C:\Users\uzj5150\Box\Philippines Panel\01 Panel\14 NSU Market Survey\NSU Market Survey Launch\data\pictures/1773880766376.jpg,14f74b079f1896f4,20260920
2028,sheet_507.jpg,3,ok,9845,1773889635148.jpg,C:\Users\uzj5150\Box\Philippines Panel\01 Panel\14 NSU Market Survey\NSU Market Survey Launch\data\pictures/1773889635148.jpg,3774737fc8ba3618,20260920
2029,sheet_508.jpg,0,ok,9791,1773880935545.jpg,C:\Users\uzj5150\Box\Philippines Panel\01 Panel\14 NSU Market Survey\NSU Market Survey Launch\data\pictures/1773880935545.jpg,9856e1982ab86234,20260920
2030,sheet_508.jpg,1,ok,6438,1774049249659.jpg,C:\Users\uzj5150\Box\Philippines Panel\01 Panel\14 NSU Market Survey\NSU Market Survey Launch\data\pictures/1774049249659.jpg,040ad740569612c0,20260920
2031,sheet_508.jpg,2,ok,911,1777428179809.jpg,C:\Users\uzj5150\Box\Philippines Panel\01 Panel\14 NSU Market Survey\NSU Market Survey Launch\data\pictures/1777428179809.jpg,cfe31cebbe039e87,20260920
2032,sheet_508.jpg,3,ok,2474,1777084057296.jpg,C:\Users\uzj5150\Box\Philippines Panel\01 Panel\14 NSU Market Survey\NSU Market Survey Launch\data\pictures/1777084057296.jpg,da13bddf711e8f75,20260920
2033,sheet_509.jpg,0,ok,1780,1776740577575.jpg,C:\Users\uzj5150\Box\Philippines Panel\01 Panel\14 NSU Market Survey\NSU Market Survey Launch\data\pictures/1776740577575.jpg,0a9fe951f44197b7,20260920
2034,sheet_509.jpg,1,ok,921,1777517887594.jpg,C:\Users\uzj5150\Box\Philippines Panel\01 Panel\14 NSU Market Survey\NSU Market Survey Launch\data\pictures/1777517887594.jpg,85058fad7ce5afea,20260920
2035,sheet_509.jpg,2,ok,760,1777604112930.jpg,C:\Users\uzj5150\Box\Philippines Panel\01 Panel\14 NSU Market Survey\NSU Market Survey Launch\data\pictures/1777604112930.jpg,45ac7f5979d9d2d2,20260920
2036,sheet_509.jpg,3,ok,6168,1773708244006.jpg,C:\Users\uzj5150\Box\Philippines Panel\01 Panel\14 NSU Market Survey\NSU Market Survey Launch\data\pictures/1773708244006.jpg,17a2028d3e000e86,20260920
2037,sheet_510.jpg,0,ok,96,1778122218230.jpg,C:\Users\uzj5150\Box\Philippines Panel\01 Panel\14 NSU Market Survey\NSU Market Survey Launch\data\pictures/1778122218230.jpg,f89b383b81b152ad,20260920
2038,sheet_510.jpg,1,ok,9533,1773906021179.jpg,C:\Users\uzj5150\Box\Philippines Panel\01 Panel\14 NSU Market Survey\NSU Market Survey Launch\data\pictures/1773906021179.jpg,c6a2f6a3653b5fef,20260920
2039,sheet_510.jpg,2,ok,5087,1773709379973.jpg,C:\Users\uzj5150\Box\Philippines Panel\01 Panel\14 NSU Market Survey\NSU Market Survey Launch\data\pictures/1773709379973.jpg,f190879ef562d30b,20260920
2040,sheet_510.jpg,3,ok,108,1778118622131.jpg,C:\Users\uzj5150\Box\Philippines Panel\01 Panel\14 NSU Market Survey\NSU Market Survey Launch\data\pictures/1778118622131.jpg,1d5b96ea89fc91ce,20260920
2041,sheet_511.jpg,0,ok,6173,1773812164406.jpg,C:\Users\uzj5150\Box\Philippines Panel\01 Panel\14 NSU Market Survey\NSU Market Survey Launch\data\pictures/1773812164406.jpg,7d888af1281ea890,20260920
2042,sheet_511.jpg,1,ok,9763,1773887739451.jpg,C:\Users\uzj5150\Box\Philippines Panel\01 Panel\14 NSU Market Survey\NSU Market Survey Launch\data\pictures/1773887739451.jpg,92842ee920d3d3cd,20260920
2043,sheet_511.jpg,2,ok,422,1777950782257.jpg,C:\Users\uzj5150\Box\Philippines Panel\01 Panel\14 NSU Market Survey\NSU Market Survey Launch\data\pictures/1777950782257.jpg,a9d0d1642a8c69ad,20260920
2044,sheet_511.jpg,3,ok,589,1777866753074.jpg,C:\Users\uzj5150\Box\Philippines Panel\01 Panel\14 NSU Market Survey\NSU Market Survey Launch\data\pictures/1777866753074.jpg,90ecaebb830d6ff6,20260920
2045,sheet_512.jpg,0,ok,5161,1775868174809.jpg,C:\Users\uzj5150\Box\Philippines Panel\01 Panel\14 NSU Market Survey\NSU Market Survey Launch\data\pictures/1775868174809.jpg,fc3e77903a6858df,20260920
2046,sheet_512.jpg,1,ok,9368,1774061513558.jpg,C:\Users\uzj5150\Box\Philippines Panel\01 Panel\14 NSU Market Survey\NSU Market Survey Launch\data\pictures/1774061513558.jpg,fcdd64b1cb00305c,20260920
2047,sheet_512.jpg,2,ok,1914,1777078148145.jpg,C:\Users\uzj5150\Box\Philippines Panel\01 Panel\14 NSU Market Survey\NSU Market Survey Launch\data\pictures/1777078148145.jpg,51d5fd16dfae1092,20260920
2048,sheet_512.jpg,3,ok,5325,1774575668995.jpg,C:\Users\uzj5150\Box\Philippines Panel\01 Panel\14 NSU Market Survey\NSU Market Survey Launch\data\pictures/1774575668995.jpg,f85bc29752780cd6,20260920
2049,sheet_513.jpg,0,ok,58,1778470011633.jpg,C:\Users\uzj5150\Box\Philippines Panel\01 Panel\14 NSU Market Survey\NSU Market Survey Launch\data\pictures/1778470011633.jpg,a5dadb5f8576ec13,20260920
2050,sheet_513.jpg,1,ok,5090,1773715137816.jpg,C:\Users\uzj5150\Box\Philippines Panel\01 Panel\14 NSU Market Survey\NSU Market Survey Launch\data\pictures/1773715137816.jpg,10f018a3f8001f74,20260920
2051,sheet_513.jpg,2,ok,926,1777426854806.jpg,C:\Users\uzj5150\Box\Philippines Panel\01 Panel\14 NSU Market Survey\NSU Market Survey Launch\data\pictures/1777426854806.jpg,a4031a673f089e61,20260920
2052,sheet_513.jpg,3,ok,1712,1776649232786.jpg,C:\Users\uzj5150\Box\Philippines Panel\01 Panel\14 NSU Market Survey\NSU Market Survey Launch\data\pictures/1776649232786.jpg,7ef0b389de346220,20260920
2053,sheet_514.jpg,0,ok,7847,1773883189773.jpg,C:\Users\uzj5150\Box\Philippines Panel\01 Panel\14 NSU Market Survey\NSU Market Survey Launch\data\pictures/1773883189773.jpg,f52d9256973e2840,20260920
2054,sheet_514.jpg,1,ok,5429,1774581490985.jpg,C:\Users\uzj5150\Box\Philippines Panel\01 Panel\14 NSU Market Survey\NSU Market Survey Launch\data\pictures/1774581490985.jpg,11c6dd7e541e8f04,20260920
2055,sheet_514.jpg,2,ok,2439,1776995220657.jpg,C:\Users\uzj5150\Box\Philippines Panel\01 Panel\14 NSU Market Survey\NSU Market Survey Launch\data\pictures/1776995220657.jpg,3a4ec60934ddd689,20260920
2056,sheet_514.jpg,3,ok,10718,1777603487789.jpg,C:\Users\uzj5150\Box\Philippines Panel\01 Panel\14 NSU Market Survey\NSU Market Survey Launch\data\pictures/1777603487789.jpg,9fcf6c8dfda41841,20260920
2057,sheet_515.jpg,0,ok,9345,1774054991030.jpg,C:\Users\uzj5150\Box\Philippines Panel\01 Panel\14 NSU Market Survey\NSU Market Survey Launch\data\pictures/1774054991030.jpg,ac6aba73266a3133,20260920
2058,sheet_515.jpg,1,ok,4934,1775526859874.jpg,C:\Users\uzj5150\Box\Philippines Panel\01 Panel\14 NSU Market Survey\NSU Market Survey Launch\data\pictures/1775526859874.jpg,3ece0b98f7c87aae,20260920
2059,sheet_515.jpg,2,ok,2500,1776998427187.jpg,C:\Users\uzj5150\Box\Philippines Panel\01 Panel\14 NSU Market Survey\NSU Market Survey Launch\data\pictures/1776998427187.jpg,054afda9ba692dc0,20260920
2060,sheet_515.jpg,3,ok,4422,1776127113573.jpg,C:\Users\uzj5150\Box\Philippines Panel\01 Panel\14 NSU Market Survey\NSU Market Survey Launch\data\pictures/1776127113573.jpg,0342f35f0da7f1af,20260920
2061,sheet_516.jpg,0,ok,4528,1776301845969.jpg,C:\Users\uzj5150\Box\Philippines Panel\01 Panel\14 NSU Market Survey\NSU Market Survey Launch\data\pictures/1776301845969.jpg,c61c2e4ddbf6aeef,20260920
2062,sheet_516.jpg,1,ok,351,1777950244310.jpg,C:\Users\uzj5150\Box\Philippines Panel\01 Panel\14 NSU Market Survey\NSU Market Survey Launch\data\pictures/1777950244310.jpg,db27efb7ffaa3ecf,20260920
2063,sheet_516.jpg,2,ok,6194,1773711409747.jpg,C:\Users\uzj5150\Box\Philippines Panel\01 Panel\14 NSU Market Survey\NSU Market Survey Launch\data\pictures/1773711409747.jpg,961938e6afcc7a84,20260920
2064,sheet_516.jpg,3,ok,7587,1774419012187.jpg,C:\Users\uzj5150\Box\Philippines Panel\01 Panel\14 NSU Market Survey\NSU Market Survey Launch\data\pictures/1774419012187.jpg,6b536985e3d6f53d,20260920
2065,sheet_517.jpg,0,ok,10771,1777422910603.jpg,C:\Users\uzj5150\Box\Philippines Panel\01 Panel\14 NSU Market Survey\NSU Market Survey Launch\data\pictures/1777422910603.jpg,717a3c6510e5a40e,20260920
2066,sheet_517.jpg,1,ok,8116,1775877740968.jpg,C:\Users\uzj5150\Box\Philippines Panel\01 Panel\14 NSU Market Survey\NSU Market Survey Launch\data\pictures/1775877740968.jpg,97b328c062640279,20260920
2067,sheet_517.jpg,2,ok,4942,1775611159628.jpg,C:\Users\uzj5150\Box\Philippines Panel\01 Panel\14 NSU Market Survey\NSU Market Survey Launch\data\pictures/1775611159628.jpg,4bb8736595ee489f,20260920
2068,sheet_517.jpg,3,ok,6198,1773711879584.jpg,C:\Users\uzj5150\Box\Philippines Panel\01 Panel\14 NSU Market Survey\NSU Market Survey Launch\data\pictures/1773711879584.jpg,7bd4d6642b67f121,20260920
2069,sheet_518.jpg,0,ok,2601,1776216983984.jpg,C:\Users\uzj5150\Box\Philippines Panel\01 Panel\14 NSU Market Survey\NSU Market Survey Launch\data\pictures/1776216983984.jpg,56725d7e6f7d10bd,20260920
2070,sheet_518.jpg,1,ok,9705,1773989319129.jpg,C:\Users\uzj5150\Box\Philippines Panel\01 Panel\14 NSU Market Survey\NSU Market Survey Launch\data\pictures/1773989319129.jpg,4ef337f214d3b892,20260920
2071,sheet_518.jpg,2,ok,10700,1777601209121.jpg,C:\Users\uzj5150\Box\Philippines Panel\01 Panel\14 NSU Market Survey\NSU Market Survey Launch\data\pictures/1777601209121.jpg,96021dbc131e3a8e,20260920
2072,sheet_518.jpg,3,ok,1723,1776646495548.jpg,C:\Users\uzj5150\Box\Philippines Panel\01 Panel\14 NSU Market Survey\NSU Market Survey Launch\data\pictures/1776646495548.jpg,071c1aac09aa18c3,20260920
2073,sheet_519.jpg,0,ok,9382,1774058914174.jpg,C:\Users\uzj5150\Box\Philippines Panel\01 Panel\14 NSU Market Survey\NSU Market Survey Launch\data\pictures/1774058914174.jpg,328fd94847b4fe28,20260920
2074,sheet_519.jpg,1,ok,5583,1774489619717.jpg,C:\Users\uzj5150\Box\Philippines Panel\01 Panel\14 NSU Market Survey\NSU Market Survey Launch\data\pictures/1774489619717.jpg,6e2ea23538f5a3b6,20260920
2075,sheet_519.jpg,2,ok,9804,1773883963138.jpg,C:\Users\uzj5150\Box\Philippines Panel\01 Panel\14 NSU Market Survey\NSU Market Survey Launch\data\pictures/1773883963138.jpg,06f6341329900f47,20260920
2076,sheet_519.jpg,3,ok,803,1777424230746.jpg,C:\Users\uzj5150\Box\Philippines Panel\01 Panel\14 NSU Market Survey\NSU Market Survey Launch\data\pictures/1777424230746.jpg,10e336737001ec69,20260920
2077,sheet_520.jpg,0,ok,3204,1776821270331.jpg,C:\Users\uzj5150\Box\Philippines Panel\01 Panel\14 NSU Market Survey\NSU Market Survey Launch\data\pictures/1776821270331.jpg,85f4f3592202ab30,20260920
2078,sheet_520.jpg,1,ok,9643,1773994629573.jpg,C:\Users\uzj5150\Box\Philippines Panel\01 Panel\14 NSU Market Survey\NSU Market Survey Launch\data\pictures/1773994629573.jpg,d83d5d9dfba06fc9,20260920
2079,sheet_520.jpg,2,ok,6231,1773815281492.jpg,C:\Users\uzj5150\Box\Philippines Panel\01 Panel\14 NSU Market Survey\NSU Market Survey Launch\data\pictures/1773815281492.jpg,ee4b9d01f1bb0cfb,20260920
2080,sheet_520.jpg,3,ok,1714,1776649893182.jpg,C:\Users\uzj5150\Box\Philippines Panel\01 Panel\14 NSU Market Survey\NSU Market Survey Launch\data\pictures/1776649893182.jpg,84201fbb9e76cbc9,20260920
2081,sheet_521.jpg,0,ok,6490,1774054677955.jpg,C:\Users\uzj5150\Box\Philippines Panel\01 Panel\14 NSU Market Survey\NSU Market Survey Launch\data\pictures/1774054677955.jpg,20563504039987e6,20260920
2082,sheet_521.jpg,1,ok,4401,1776132886873.jpg,C:\Users\uzj5150\Box\Philippines Panel\01 Panel\14 NSU Market Survey\NSU Market Survey Launch\data\pictures/1776132886873.jpg,fb1d85dde0481395,20260920
2083,sheet_521.jpg,2,ok,10721,1777603552084.jpg,C:\Users\uzj5150\Box\Philippines Panel\01 Panel\14 NSU Market Survey\NSU Market Survey Launch\data\pictures/1777603552084.jpg,cc291db0fe603924,20260920
2084,sheet_521.jpg,3,ok,9836,1773973041380.jpg,C:\Users\uzj5150\Box\Philippines Panel\01 Panel\14 NSU Market Survey\NSU Market Survey Launch\data\pictures/1773973041380.jpg,db9e4378167b10e6,20260920
2085,sheet_522.jpg,0,ok,9563,1773879918449.jpg,C:\Users\uzj5150\Box\Philippines Panel\01 Panel\14 NSU Market Survey\NSU Market Survey Launch\data\pictures/1773879918449.jpg,a3c157112b7ec7be,20260920
2086,sheet_522.jpg,1,ok,5157,1775870147518.jpg,C:\Users\uzj5150\Box\Philippines Panel\01 Panel\14 NSU Market Survey\NSU Market Survey Launch\data\pictures/1775870147518.jpg,853253a412160c4f,20260920
2087,sheet_522.jpg,2,ok,7573,1774419506561.jpg,C:\Users\uzj5150\Box\Philippines Panel\01 Panel\14 NSU Market Survey\NSU Market Survey Launch\data\pictures/1774419506561.jpg,46073a835c38f0f9,20260920
2088,sheet_522.jpg,3,ok,5399,1774575765116.jpg,C:\Users\uzj5150\Box\Philippines Panel\01 Panel\14 NSU Market Survey\NSU Market Survey Launch\data\pictures/1774575765116.jpg,c78aa60daa79be6c,20260920
2089,sheet_523.jpg,0,ok,666,1777687783179.jpg,C:\Users\uzj5150\Box\Philippines Panel\01 Panel\14 NSU Market Survey\NSU Market Survey Launch\data\pictures/1777687783179.jpg,23805cea1705f2f8,20260920
2090,sheet_523.jpg,1,ok,5510,1774055120439.jpg,C:\Users\uzj5150\Box\Philippines Panel\01 Panel\14 NSU Market Survey\NSU Market Survey Launch\data\pictures/1774055120439.jpg,42306ea02fad8eb3,20260920
2091,sheet_523.jpg,2,ok,5486,1778811481915.jpg,C:\Users\uzj5150\Box\Philippines Panel\01 Panel\14 NSU Market Survey\NSU Market Survey Launch\data\pictures/1778811481915.jpg,41859dbef576d290,20260920
2092,sheet_523.jpg,3,ok,5963,1774404463927.jpg,C:\Users\uzj5150\Box\Philippines Panel\01 Panel\14 NSU Market Survey\NSU Market Survey Launch\data\pictures/1774404463927.jpg,6c0332dcad5a2642,20260920
2093,sheet_524.jpg,0,ok,11454,1776992550790.jpg,C:\Users\uzj5150\Box\Philippines Panel\01 Panel\14 NSU Market Survey\NSU Market Survey Launch\data\pictures/1776992550790.jpg,c5f94ab5b1ee6efe,20260920
2094,sheet_524.jpg,1,ok,5352,1774579704684.jpg,C:\Users\uzj5150\Box\Philippines Panel\01 Panel\14 NSU Market Survey\NSU Market Survey Launch\data\pictures/1774579704684.jpg,5d94926ac1e703be,20260920
2095,sheet_524.jpg,2,ok,4084,1776388434309.jpg,C:\Users\uzj5150\Box\Philippines Panel\01 Panel\14 NSU Market Survey\NSU Market Survey Launch\data\pictures/1776388434309.jpg,bef79e279a049bf0,20260920
2096,sheet_524.jpg,3,ok,11456,1776991693813.jpg,C:\Users\uzj5150\Box\Philippines Panel\01 Panel\14 NSU Market Survey\NSU Market Survey Launch\data\pictures/1776991693813.jpg,7d2aafd40e7cb88e,20260920
2097,sheet_525.jpg,0,ok,4408,1776212830564.jpg,C:\Users\uzj5150\Box\Philippines Panel\01 Panel\14 NSU Market Survey\NSU Market Survey Launch\data\pictures/1776212830564.jpg,17678bde0fbc87de,20260920
2098,sheet_525.jpg,1,ok,7589,1774491760949.jpg,C:\Users\uzj5150\Box\Philippines Panel\01 Panel\14 NSU Market Survey\NSU Market Survey Launch\data\pictures/1774491760949.jpg,b2ca7ea875c91a6c,20260920
2099,sheet_525.jpg,2,ok,9550,1773902971896.jpg,C:\Users\uzj5150\Box\Philippines Panel\01 Panel\14 NSU Market Survey\NSU Market Survey Launch\data\pictures/1773902971896.jpg,4a164393aaa63acf,20260920
2100,sheet_525.jpg,3,ok,4977,1775701664633.jpg,C:\Users\uzj5150\Box\Philippines Panel\01 Panel\14 NSU Market Survey\NSU Market Survey Launch\data\pictures/1775701664633.jpg,48a53e26f8d13c6d,20260920
2101,sheet_526.jpg,0,ok,8101,1778890771601.jpg,C:\Users\uzj5150\Box\Philippines Panel\01 Panel\14 NSU Market Survey\NSU Market Survey Launch\data\pictures/1778890771601.jpg,348bb290ac187193,20260920
2102,sheet_526.jpg,1,ok,7867,1773973930883.jpg,C:\Users\uzj5150\Box\Philippines Panel\01 Panel\14 NSU Market Survey\NSU Market Survey Launch\data\pictures/1773973930883.jpg,bdb54a353fd026a9,20260920
2103,sheet_526.jpg,2,ok,8042,1776039623609.jpg,C:\Users\uzj5150\Box\Philippines Panel\01 Panel\14 NSU Market Survey\NSU Market Survey Launch\data\pictures/1776039623609.jpg,ea138292835c85c5,20260920
2104,sheet_526.jpg,3,ok,3465,1776829009556.jpg,C:\Users\uzj5150\Box\Philippines Panel\01 Panel\14 NSU Market Survey\NSU Market Survey Launch\data\pictures/1776829009556.jpg,5537ed9355ad72a6,20260920
2105,sheet_527.jpg,0,ok,5381,1774577271150.jpg,C:\Users\uzj5150\Box\Philippines Panel\01 Panel\14 NSU Market Survey\NSU Market Survey Launch\data\pictures/1774577271150.jpg,1b5467951d58cb7f,20260920
2106,sheet_527.jpg,1,ok,9017,1775521766118.jpg,C:\Users\uzj5150\Box\Philippines Panel\01 Panel\14 NSU Market Survey\NSU Market Survey Launch\data\pictures/1775521766118.jpg,8c78b36786ddecbc,20260920
2107,sheet_527.jpg,2,ok,9301,1774052701723.jpg,C:\Users\uzj5150\Box\Philippines Panel\01 Panel\14 NSU Market Survey\NSU Market Survey Launch\data\pictures/1774052701723.jpg,5ab3fdee19269d86,20260920
2108,sheet_527.jpg,3,ok,322,1777262649463.jpg,C:\Users\uzj5150\Box\Philippines Panel\01 Panel\14 NSU Market Survey\NSU Market Survey Launch\data\pictures/1777262649463.jpg,5c1a2bd6384c6074,20260920
2109,sheet_528.jpg,0,ok,6519,1774321980544.jpg,C:\Users\uzj5150\Box\Philippines Panel\01 Panel\14 NSU Market Survey\NSU Market Survey Launch\data\pictures/1774321980544.jpg,46750a222129fdc3,20260920
2110,sheet_528.jpg,1,ok,9782,1773969797946.jpg,C:\Users\uzj5150\Box\Philippines Panel\01 Panel\14 NSU Market Survey\NSU Market Survey Launch\data\pictures/1773969797946.jpg,7920dc698345e91d,20260920
2111,sheet_528.jpg,2,ok,10685,1777602475551.jpg,C:\Users\uzj5150\Box\Philippines Panel\01 Panel\14 NSU Market Survey\NSU Market Survey Launch\data\pictures/1777602475551.jpg,205c68adec34aaf8,20260920
2112,sheet_528.jpg,3,ok,8521,1778719797959.jpg,C:\Users\uzj5150\Box\Philippines Panel\01 Panel\14 NSU Market Survey\NSU Market Survey Launch\data\pictures/1778719797959.jpg,109371e0fbdfa71e,20260920
2113,sheet_529.jpg,0,ok,9573,1773970145366.jpg,C:\Users\uzj5150\Box\Philippines Panel\01 Panel\14 NSU Market Survey\NSU Market Survey Launch\data\pictures/1773970145366.jpg,18774f48c99e1fa3,20260920
2114,sheet_529.jpg,1,ok,6176,1773710298188.jpg,C:\Users\uzj5150\Box\Philippines Panel\01 Panel\14 NSU Market Survey\NSU Market Survey Launch\data\pictures/1773710298188.jpg,8c7dc8131993162b,20260920
2115,sheet_529.jpg,2,ok,146,1778126959908.jpg,C:\Users\uzj5150\Box\Philippines Panel\01 Panel\14 NSU Market Survey\NSU Market Survey Launch\data\pictures/1778126959908.jpg,563cfb0cb66f5dd9,20260920
2116,sheet_529.jpg,3,ok,9749,1773911403883.jpg,C:\Users\uzj5150\Box\Philippines Panel\01 Panel\14 NSU Market Survey\NSU Market Survey Launch\data\pictures/1773911403883.jpg,4c3e460143908005,20260920
2117,sheet_530.jpg,0,ok,5128,1773710057903.jpg,C:\Users\uzj5150\Box\Philippines Panel\01 Panel\14 NSU Market Survey\NSU Market Survey Launch\data\pictures/1773710057903.jpg,b872ab8d227eea00,20260920
2118,sheet_530.jpg,1,ok,5155,1775870120546.jpg,C:\Users\uzj5150\Box\Philippines Panel\01 Panel\14 NSU Market Survey\NSU Market Survey Launch\data\pictures/1775870120546.jpg,f74fb07798bf3d1b,20260920
2119,sheet_530.jpg,2,ok,2447,1777087686780.jpg,C:\Users\uzj5150\Box\Philippines Panel\01 Panel\14 NSU Market Survey\NSU Market Survey Launch\data\pictures/1777087686780.jpg,79b008a68ede461a,20260920
2120,sheet_530.jpg,3,ok,7794,1776476149668.jpg,C:\Users\uzj5150\Box\Philippines Panel\01 Panel\14 NSU Market Survey\NSU Market Survey Launch\data\pictures/1776476149668.jpg,c0712c7bdfe749db,20260920
2121,sheet_531.jpg,0,ok,865,1778032137756.jpg,C:\Users\uzj5150\Box\Philippines Panel\01 Panel\14 NSU Market Survey\NSU Market Survey Launch\data\pictures/1778032137756.jpg,ec2986979ece58b8,20260920
2122,sheet_531.jpg,1,ok,2458,1776995327834.jpg,C:\Users\uzj5150\Box\Philippines Panel\01 Panel\14 NSU Market Survey\NSU Market Survey Launch\data\pictures/1776995327834.jpg,e5f2801a2146b380,20260920
2123,sheet_531.jpg,2,ok,6246,1773710910396.jpg,C:\Users\uzj5150\Box\Philippines Panel\01 Panel\14 NSU Market Survey\NSU Market Survey Launch\data\pictures/1773710910396.jpg,5ad7d02efc42dc2f,20260920
2124,sheet_531.jpg,3,ok,2489,1777089157421.jpg,C:\Users\uzj5150\Box\Philippines Panel\01 Panel\14 NSU Market Survey\NSU Market Survey Launch\data\pictures/1777089157421.jpg,fa3924e60d9e40f2,20260920
2125,sheet_532.jpg,0,ok,4945,1775610322449.jpg,C:\Users\uzj5150\Box\Philippines Panel\01 Panel\14 NSU Market Survey\NSU Market Survey Launch\data\pictures/1775610322449.jpg,3d354e760bc0db7d,20260920
2126,sheet_532.jpg,1,ok,8044,1775865773310.jpg,C:\Users\uzj5150\Box\Philippines Panel\01 Panel\14 NSU Market Survey\NSU Market Survey Launch\data\pictures/1775865773310.jpg,9c097c34e07702ab,20260920
2127,sheet_532.jpg,2,ok,9437,1773722758503.jpg,C:\Users\uzj5150\Box\Philippines Panel\01 Panel\14 NSU Market Survey\NSU Market Survey Launch\data\pictures/1773722758503.jpg,5bc01e38f272cd99,20260920
2128,sheet_532.jpg,3,ok,5627,1774403746019.jpg,C:\Users\uzj5150\Box\Philippines Panel\01 Panel\14 NSU Market Survey\NSU Market Survey Launch\data\pictures/1774403746019.jpg,0af9d01b238aa5f5,20260920
2129,sheet_533.jpg,0,ok,6620,1773802199707.jpg,C:\Users\uzj5150\Box\Philippines Panel\01 Panel\14 NSU Market Survey\NSU Market Survey Launch\data\pictures/1773802199707.jpg,a78997a62912bfa4,20260920
2130,sheet_533.jpg,1,ok,5439,1778810757045.jpg,C:\Users\uzj5150\Box\Philippines Panel\01 Panel\14 NSU Market Survey\NSU Market Survey Launch\data\pictures/1778810757045.jpg,ae2ba72b2bef551d,20260920
2131,sheet_533.jpg,2,ok,5425,1774655020459.jpg,C:\Users\uzj5150\Box\Philippines Panel\01 Panel\14 NSU Market Survey\NSU Market Survey Launch\data\pictures/1774655020459.jpg,b5e2016972076003,20260920
2132,sheet_533.jpg,3,ok,11461,1776993172642.jpg,C:\Users\uzj5150\Box\Philippines Panel\01 Panel\14 NSU Market Survey\NSU Market Survey Launch\data\pictures/1776993172642.jpg,a071191abe7ff24d,20260920
2133,sheet_534.jpg,0,ok,9683,1773895757118.jpg,C:\Users\uzj5150\Box\Philippines Panel\01 Panel\14 NSU Market Survey\NSU Market Survey Launch\data\pictures/1773895757118.jpg,4498643c4d2863d6,20260920
2134,sheet_534.jpg,1,ok,9069,1775529598136.jpg,C:\Users\uzj5150\Box\Philippines Panel\01 Panel\14 NSU Market Survey\NSU Market Survey Launch\data\pictures/1775529598136.jpg,731aac73862c6476,20260920
2135,sheet_534.jpg,2,ok,2742,1776386555126.jpg,C:\Users\uzj5150\Box\Philippines Panel\01 Panel\14 NSU Market Survey\NSU Market Survey Launch\data\pictures/1776386555126.jpg,aeed0bdb6eedbeaa,20260920
2136,sheet_534.jpg,3,ok,9708,1773882825671.jpg,C:\Users\uzj5150\Box\Philippines Panel\01 Panel\14 NSU Market Survey\NSU Market Survey Launch\data\pictures/1773882825671.jpg,ede967455c486c8e,20260920
2137,sheet_535.jpg,0,ok,2471,1776997343731.jpg,C:\Users\uzj5150\Box\Philippines Panel\01 Panel\14 NSU Market Survey\NSU Market Survey Launch\data\pictures/1776997343731.jpg,1f2bd99cb48e9ccc,20260920
2138,sheet_535.jpg,1,ok,11478,1776998458729.jpg,C:\Users\uzj5150\Box\Philippines Panel\01 Panel\14 NSU Market Survey\NSU Market Survey Launch\data\pictures/1776998458729.jpg,6dc8bb102ab94f82,20260920
2139,sheet_535.jpg,2,ok,7764,1776651813618.jpg,C:\Users\uzj5150\Box\Philippines Panel\01 Panel\14 NSU Market Survey\NSU Market Survey Launch\data\pictures/1776651813618.jpg,632ecfc62a0e8496,20260920
2140,sheet_535.jpg,3,ok,11131,1776822939034.jpg,C:\Users\uzj5150\Box\Philippines Panel\01 Panel\14 NSU Market Survey\NSU Market Survey Launch\data\pictures/1776822939034.jpg,6384bece43e78c87,20260920
2141,sheet_536.jpg,0,ok,9693,1773902858887.jpg,C:\Users\uzj5150\Box\Philippines Panel\01 Panel\14 NSU Market Survey\NSU Market Survey Launch\data\pictures/1773902858887.jpg,ed9d08fe852a6866,20260920
2142,sheet_536.jpg,1,ok,9534,1773881236191.jpg,C:\Users\uzj5150\Box\Philippines Panel\01 Panel\14 NSU Market Survey\NSU Market Survey Launch\data\pictures/1773881236191.jpg,59752e65ba24c24b,20260920
2143,sheet_536.jpg,2,ok,1474,1777426342424.jpg,C:\Users\uzj5150\Box\Philippines Panel\01 Panel\14 NSU Market Survey\NSU Market Survey Launch\data\pictures/1777426342424.jpg,96096ebc14ea35f8,20260920
2144,sheet_536.jpg,3,ok,167,1778205746623.jpg,C:\Users\uzj5150\Box\Philippines Panel\01 Panel\14 NSU Market Survey\NSU Market Survey Launch\data\pictures/1778205746623.jpg,3b1fe06be0da7b5b,20260920
2145,sheet_537.jpg,0,ok,5242,1776037487188.jpg,C:\Users\uzj5150\Box\Philippines Panel\01 Panel\14 NSU Market Survey\NSU Market Survey Launch\data\pictures/1776037487188.jpg,6fd97adc6db55f9a,20260920
2146,sheet_537.jpg,1,ok,2525,1776734991256.jpg,C:\Users\uzj5150\Box\Philippines Panel\01 Panel\14 NSU Market Survey\NSU Market Survey Launch\data\pictures/1776734991256.jpg,5b625dfbfe8a0222,20260920
2147,sheet_537.jpg,2,ok,5665,1774412785430.jpg,C:\Users\uzj5150\Box\Philippines Panel\01 Panel\14 NSU Market Survey\NSU Market Survey Launch\data\pictures/1774412785430.jpg,ac6a1acc578da2c8,20260920
2148,sheet_537.jpg,3,ok,2457,1776995305854.jpg,C:\Users\uzj5150\Box\Philippines Panel\01 Panel\14 NSU Market Survey\NSU Market Survey Launch\data\pictures/1776995305854.jpg,20519a336f13f1bd,20260920
2149,sheet_538.jpg,0,ok,9716,1773882486142.jpg,C:\Users\uzj5150\Box\Philippines Panel\01 Panel\14 NSU Market Survey\NSU Market Survey Launch\data\pictures/1773882486142.jpg,c03c52cbd63348d1,20260920
2150,sheet_538.jpg,1,ok,8417,1775696654048.jpg,C:\Users\uzj5150\Box\Philippines Panel\01 Panel\14 NSU Market Survey\NSU Market Survey Launch\data\pictures/1775696654048.jpg,d59031ae84c562c4,20260920
2151,sheet_538.jpg,2,ok,9744,1773880259655.jpg,C:\Users\uzj5150\Box\Philippines Panel\01 Panel\14 NSU Market Survey\NSU Market Survey Launch\data\pictures/1773880259655.jpg,fab58f2fe6942a20,20260920
2152,sheet_538.jpg,3,ok,9475,1773795191072.jpg,C:\Users\uzj5150\Box\Philippines Panel\01 Panel\14 NSU Market Survey\NSU Market Survey Launch\data\pictures/1773795191072.jpg,48f83948ed06c38f,20260920
2153,sheet_539.jpg,0,ok,9579,1773904871234.jpg,C:\Users\uzj5150\Box\Philippines Panel\01 Panel\14 NSU Market Survey\NSU Market Survey Launch\data\pictures/1773904871234.jpg,097e66416420c7d5,20260920
2154,sheet_539.jpg,1,ok,8532,1775704358152.jpg,C:\Users\uzj5150\Box\Philippines Panel\01 Panel\14 NSU Market Survey\NSU Market Survey Launch\data\pictures/1775704358152.jpg,8be78f094758a783,20260920
2155,sheet_539.jpg,2,ok,668,1777687162314.jpg,C:\Users\uzj5150\Box\Philippines Panel\01 Panel\14 NSU Market Survey\NSU Market Survey Launch\data\pictures/1777687162314.jpg,0e96904839f676f5,20260920
2156,sheet_539.jpg,3,ok,9529,1773902622496.jpg,C:\Users\uzj5150\Box\Philippines Panel\01 Panel\14 NSU Market Survey\NSU Market Survey Launch\data\pictures/1773902622496.jpg,1b586879669fe65a,20260920
2157,sheet_540.jpg,0,ok,5172,1776037943911.jpg,C:\Users\uzj5150\Box\Philippines Panel\01 Panel\14 NSU Market Survey\NSU Market Survey Launch\data\pictures/1776037943911.jpg,2cb65b6b33bbf442,20260920
2158,sheet_540.jpg,1,ok,9546,1773906683600.jpg,C:\Users\uzj5150\Box\Philippines Panel\01 Panel\14 NSU Market Survey\NSU Market Survey Launch\data\pictures/1773906683600.jpg,460418cb25586e99,20260920
2159,sheet_540.jpg,2,ok,5154,1775869744244.jpg,C:\Users\uzj5150\Box\Philippines Panel\01 Panel\14 NSU Market Survey\NSU Market Survey Launch\data\pictures/1775869744244.jpg,dc3e512bbfec5c7a,20260920
2160,sheet_540.jpg,3,ok,3164,1776827091594.jpg,C:\Users\uzj5150\Box\Philippines Panel\01 Panel\14 NSU Market Survey\NSU Market Survey Launch\data\pictures/1776827091594.jpg,4f8c9262ac315dff,20260920
2161,sheet_541.jpg,0,ok,1726,1776649709554.jpg,C:\Users\uzj5150\Box\Philippines Panel\01 Panel\14 NSU Market Survey\NSU Market Survey Launch\data\pictures/1776649709554.jpg,7e3365d7d3c44711,20260920
2162,sheet_541.jpg,1,ok,7603,1774420357365.jpg,C:\Users\uzj5150\Box\Philippines Panel\01 Panel\14 NSU Market Survey\NSU Market Survey Launch\data\pictures/1774420357365.jpg,e187f61b75bc2a32,20260920
2163,sheet_541.jpg,2,ok,4202,1775879095187.jpg,C:\Users\uzj5150\Box\Philippines Panel\01 Panel\14 NSU Market Survey\NSU Market Survey Launch\data\pictures/1775879095187.jpg,5e0dee47c05b7b43,20260920
2164,sheet_541.jpg,3,ok,2396,1776469431533.jpg,C:\Users\uzj5150\Box\Philippines Panel\01 Panel\14 NSU Market Survey\NSU Market Survey Launch\data\pictures/1776469431533.jpg,88ea4fc044e7379a,20260920
2165,sheet_542.jpg,0,ok,358,1777265961539.jpg,C:\Users\uzj5150\Box\Philippines Panel\01 Panel\14 NSU Market Survey\NSU Market Survey Launch\data\pictures/1777265961539.jpg,250d701f9a82b2b7,20260920
2166,sheet_542.jpg,1,ok,8039,1775880978355.jpg,C:\Users\uzj5150\Box\Philippines Panel\01 Panel\14 NSU Market Survey\NSU Market Survey Launch\data\pictures/1775880978355.jpg,30c794940bae6b51,20260920
2167,sheet_542.jpg,2,ok,6939,1775537447626.jpg,C:\Users\uzj5150\Box\Philippines Panel\01 Panel\14 NSU Market Survey\NSU Market Survey Launch\data\pictures/1775537447626.jpg,d7c1ca5552a0bf75,20260920
2168,sheet_542.jpg,3,ok,413,1777268758159.jpg,C:\Users\uzj5150\Box\Philippines Panel\01 Panel\14 NSU Market Survey\NSU Market Survey Launch\data\pictures/1777268758159.jpg,068828b168aa4f78,20260920
2169,sheet_543.jpg,0,ok,9718,1773903580895.jpg,C:\Users\uzj5150\Box\Philippines Panel\01 Panel\14 NSU Market Survey\NSU Market Survey Launch\data\pictures/1773903580895.jpg,1d35cfdd9990c4d5,20260920
2170,sheet_543.jpg,1,ok,10976,1776738833462.jpg,C:\Users\uzj5150\Box\Philippines Panel\01 Panel\14 NSU Market Survey\NSU Market Survey Launch\data\pictures/1776738833462.jpg,aa2cc81ea8290fb9,20260920
2171,sheet_543.jpg,2,ok,9478,1773794137721.jpg,C:\Users\uzj5150\Box\Philippines Panel\01 Panel\14 NSU Market Survey\NSU Market Survey Launch\data\pictures/1773794137721.jpg,fb68f6c55f7a06ae,20260920
2172,sheet_543.jpg,3,ok,1798,1776644880904.jpg,C:\Users\uzj5150\Box\Philippines Panel\01 Panel\14 NSU Market Survey\NSU Market Survey Launch\data\pictures/1776644880904.jpg,7b1a8a826e6514ef,20260920
2173,sheet_544.jpg,0,ok,6177,1773708479965.jpg,C:\Users\uzj5150\Box\Philippines Panel\01 Panel\14 NSU Market Survey\NSU Market Survey Launch\data\pictures/1773708479965.jpg,e96237c946adefdd,20260920
2174,sheet_544.jpg,1,ok,6171,1778895373926.jpg,C:\Users\uzj5150\Box\Philippines Panel\01 Panel\14 NSU Market Survey\NSU Market Survey Launch\data\pictures/1778895373926.jpg,b1d347fff201b506,20260920
2175,sheet_544.jpg,2,ok,101,1778206343210.jpg,C:\Users\uzj5150\Box\Philippines Panel\01 Panel\14 NSU Market Survey\NSU Market Survey Launch\data\pictures/1778206343210.jpg,bfd6e3fb7deb8a63,20260920
2176,sheet_544.jpg,3,ok,9623,1773969852875.jpg,C:\Users\uzj5150\Box\Philippines Panel\01 Panel\14 NSU Market Survey\NSU Market Survey Launch\data\pictures/1773969852875.jpg,7dcefb19512526b0,20260920
2177,sheet_545.jpg,0,ok,2394,1776393346150.jpg,C:\Users\uzj5150\Box\Philippines Panel\01 Panel\14 NSU Market Survey\NSU Market Survey Launch\data\pictures/1776393346150.jpg,e17fbd284d1ed769,20260920
2178,sheet_545.jpg,1,ok,6153,1773709262456.jpg,C:\Users\uzj5150\Box\Philippines Panel\01 Panel\14 NSU Market Survey\NSU Market Survey Launch\data\pictures/1773709262456.jpg,c9c331ac472a39f8,20260920
2179,sheet_545.jpg,2,ok,5079,1773711016863.jpg,C:\Users\uzj5150\Box\Philippines Panel\01 Panel\14 NSU Market Survey\NSU Market Survey Launch\data\pictures/1773711016863.jpg,f8ee1ace51a52a4b,20260920
2180,sheet_545.jpg,3,ok,8499,1775698080902.jpg,C:\Users\uzj5150\Box\Philippines Panel\01 Panel\14 NSU Market Survey\NSU Market Survey Launch\data\pictures/1775698080902.jpg,c6efdcfe39e5a5a2,20260920
2181,sheet_546.jpg,0,ok,2537,1776664198218.jpg,C:\Users\uzj5150\Box\Philippines Panel\01 Panel\14 NSU Market Survey\NSU Market Survey Launch\data\pictures/1776664198218.jpg,a2f13a2f0d10e565,20260920
2182,sheet_546.jpg,1,ok,3208,1776830018487.jpg,C:\Users\uzj5150\Box\Philippines Panel\01 Panel\14 NSU Market Survey\NSU Market Survey Launch\data\pictures/1776830018487.jpg,275d2457aa0502ac,20260920
2183,sheet_546.jpg,2,ok,7019,1774335208664.jpg,C:\Users\uzj5150\Box\Philippines Panel\01 Panel\14 NSU Market Survey\NSU Market Survey Launch\data\pictures/1774335208664.jpg,ff6f7782466c0809,20260920
2184,sheet_546.jpg,3,ok,9825,1773881460694.jpg,C:\Users\uzj5150\Box\Philippines Panel\01 Panel\14 NSU Market Survey\NSU Market Survey Launch\data\pictures/1773881460694.jpg,3b0978bb89ec9c8b,20260920
2185,sheet_547.jpg,0,ok,6945,1775546270810.jpg,C:\Users\uzj5150\Box\Philippines Panel\01 Panel\14 NSU Market Survey\NSU Market Survey Launch\data\pictures/1775546270810.jpg,4b0b4c3418a88db9,20260920
2186,sheet_547.jpg,1,ok,8359,1775702743590.jpg,C:\Users\uzj5150\Box\Philippines Panel\01 Panel\14 NSU Market Survey\NSU Market Survey Launch\data\pictures/1775702743590.jpg,96b16d6eff739d69,20260920
2187,sheet_547.jpg,2,ok,5162,1775868742792.jpg,C:\Users\uzj5150\Box\Philippines Panel\01 Panel\14 NSU Market Survey\NSU Market Survey Launch\data\pictures/1775868742792.jpg,54d6b19d73b20080,20260920
2188,sheet_547.jpg,3,ok,63,1778297547324.jpg,C:\Users\uzj5150\Box\Philippines Panel\01 Panel\14 NSU Market Survey\NSU Market Survey Launch\data\pictures/1778297547324.jpg,fc3d46760d98d3e9,20260920
2189,sheet_548.jpg,0,ok,4597,1776298459830.jpg,C:\Users\uzj5150\Box\Philippines Panel\01 Panel\14 NSU Market Survey\NSU Market Survey Launch\data\pictures/1776298459830.jpg,dadf11c3a5520a2e,20260920
2190,sheet_548.jpg,1,ok,9648,1773986875251.jpg,C:\Users\uzj5150\Box\Philippines Panel\01 Panel\14 NSU Market Survey\NSU Market Survey Launch\data\pictures/1773986875251.jpg,7dfe8d911bcfd7e6,20260920
2191,sheet_548.jpg,2,ok,4971,1775526918098.jpg,C:\Users\uzj5150\Box\Philippines Panel\01 Panel\14 NSU Market Survey\NSU Market Survey Launch\data\pictures/1775526918098.jpg,f3c741beeca5b973,20260920
2192,sheet_548.jpg,3,ok,165,1778127401460.jpg,C:\Users\uzj5150\Box\Philippines Panel\01 Panel\14 NSU Market Survey\NSU Market Survey Launch\data\pictures/1778127401460.jpg,3e868e7233e411a6,20260920
2193,sheet_549.jpg,0,ok,2428,1777001165612.jpg,C:\Users\uzj5150\Box\Philippines Panel\01 Panel\14 NSU Market Survey\NSU Market Survey Launch\data\pictures/1777001165612.jpg,3e60d0057b908890,20260920
2194,sheet_549.jpg,1,ok,2694,1776303699104.jpg,C:\Users\uzj5150\Box\Philippines Panel\01 Panel\14 NSU Market Survey\NSU Market Survey Launch\data\pictures/1776303699104.jpg,89c07ece5f5c6f49,20260920
2195,sheet_549.jpg,2,ok,2448,1776995857843.jpg,C:\Users\uzj5150\Box\Philippines Panel\01 Panel\14 NSU Market Survey\NSU Market Survey Launch\data\pictures/1776995857843.jpg,3547cd91398a8a72,20260920
2196,sheet_549.jpg,3,ok,1736,1776646622099.jpg,C:\Users\uzj5150\Box\Philippines Panel\01 Panel\14 NSU Market Survey\NSU Market Survey Launch\data\pictures/1776646622099.jpg,4bab2e7588c3b91b,20260920
2197,sheet_550.jpg,0,ok,2450,1776994624363.jpg,C:\Users\uzj5150\Box\Philippines Panel\01 Panel\14 NSU Market Survey\NSU Market Survey Launch\data\pictures/1776994624363.jpg,dd8ddf3525921a3a,20260920
2198,sheet_550.jpg,1,ok,1606,1777082752314.jpg,C:\Users\uzj5150\Box\Philippines Panel\01 Panel\14 NSU Market Survey\NSU Market Survey Launch\data\pictures/1777082752314.jpg,7ad019a179fc94fa,20260920
2199,sheet_550.jpg,2,ok,82,1778206201155.jpg,C:\Users\uzj5150\Box\Philippines Panel\01 Panel\14 NSU Market Survey\NSU Market Survey Launch\data\pictures/1778206201155.jpg,e47528d6b39fd4fa,20260920
2200,sheet_550.jpg,3,ok,2459,1777082673380.jpg,C:\Users\uzj5150\Box\Philippines Panel\01 Panel\14 NSU Market Survey\NSU Market Survey Launch\data\pictures/1777082673380.jpg,aac1b4ffc9bb5616,20260920
2201,sheet_551.jpg,0,ok,9628,1773886246825.jpg,C:\Users\uzj5150\Box\Philippines Panel\01 Panel\14 NSU Market Survey\NSU Market Survey Launch\data\pictures/1773886246825.jpg,ca1ee2410114c0a4,20260920
2202,sheet_551.jpg,1,ok,9606,1773884190809.jpg,C:\Users\uzj5150\Box\Philippines Panel\01 Panel\14 NSU Market Survey\NSU Market Survey Launch\data\pictures/1773884190809.jpg,c48343ee9fde5668,20260920
2203,sheet_551.jpg,2,ok,9867,1773883596330.jpg,C:\Users\uzj5150\Box\Philippines Panel\01 Panel\14 NSU Market Survey\NSU Market Survey Launch\data\pictures/1773883596330.jpg,4235641f47582f48,20260920
2204,sheet_551.jpg,3,ok,2415,1776391365074.jpg,C:\Users\uzj5150\Box\Philippines Panel\01 Panel\14 NSU Market Survey\NSU Market Survey Launch\data\pictures/1776391365074.jpg,f876bb3b87a54c0f,20260920
2205,sheet_552.jpg,0,ok,9847,1773891283380.jpg,C:\Users\uzj5150\Box\Philippines Panel\01 Panel\14 NSU Market Survey\NSU Market Survey Launch\data\pictures/1773891283380.jpg,4c45687d8717e79b,20260920
2206,sheet_552.jpg,1,ok,9818,1773883700236.jpg,C:\Users\uzj5150\Box\Philippines Panel\01 Panel\14 NSU Market Survey\NSU Market Survey Launch\data\pictures/1773883700236.jpg,8c05b8d0338ad7f8,20260920
2207,sheet_552.jpg,2,ok,3181,1776829224723.jpg,C:\Users\uzj5150\Box\Philippines Panel\01 Panel\14 NSU Market Survey\NSU Market Survey Launch\data\pictures/1776829224723.jpg,96c9ee2efeb014c3,20260920
2208,sheet_552.jpg,3,ok,5358,1774578240019.jpg,C:\Users\uzj5150\Box\Philippines Panel\01 Panel\14 NSU Market Survey\NSU Market Survey Launch\data\pictures/1774578240019.jpg,232d30207750d8d4,20260920
2209,sheet_553.jpg,0,ok,4950,1778900089135.jpg,C:\Users\uzj5150\Box\Philippines Panel\01 Panel\14 NSU Market Survey\NSU Market Survey Launch\data\pictures/1778900089135.jpg,9ca0ffdf31e5cc28,20260920
2210,sheet_553.jpg,1,ok,9645,1773996590729.jpg,C:\Users\uzj5150\Box\Philippines Panel\01 Panel\14 NSU Market Survey\NSU Market Survey Launch\data\pictures/1773996590729.jpg,2f7a701b966bc4b4,20260920
2211,sheet_553.jpg,2,ok,2657,1776217709047.jpg,C:\Users\uzj5150\Box\Philippines Panel\01 Panel\14 NSU Market Survey\NSU Market Survey Launch\data\pictures/1776217709047.jpg,6a3d3d6f007d116a,20260920
2212,sheet_553.jpg,3,ok,6196,1773712164338.jpg,C:\Users\uzj5150\Box\Philippines Panel\01 Panel\14 NSU Market Survey\NSU Market Survey Launch\data\pictures/1773712164338.jpg,f3965253af53729c,20260920
2213,sheet_554.jpg,0,ok,2665,1776307760923.jpg,C:\Users\uzj5150\Box\Philippines Panel\01 Panel\14 NSU Market Survey\NSU Market Survey Launch\data\pictures/1776307760923.jpg,9a6e7440b440c76e,20260920
2214,sheet_554.jpg,1,ok,8356,1778725481233.jpg,C:\Users\uzj5150\Box\Philippines Panel\01 Panel\14 NSU Market Survey\NSU Market Survey Launch\data\pictures/1778725481233.jpg,9e47eb45dae39a6b,20260920
2215,sheet_554.jpg,2,ok,5584,1774489649019.jpg,C:\Users\uzj5150\Box\Philippines Panel\01 Panel\14 NSU Market Survey\NSU Market Survey Launch\data\pictures/1774489649019.jpg,f315ca48f6ecc630,20260920
2216,sheet_554.jpg,3,ok,4638,1776300436934.jpg,C:\Users\uzj5150\Box\Philippines Panel\01 Panel\14 NSU Market Survey\NSU Market Survey Launch\data\pictures/1776300436934.jpg,f98e638df6d97f38,20260920
2217,sheet_555.jpg,0,ok,674,1777686916618.jpg,C:\Users\uzj5150\Box\Philippines Panel\01 Panel\14 NSU Market Survey\NSU Market Survey Launch\data\pictures/1777686916618.jpg,2ba3c60aceec9f8e,20260920
2218,sheet_555.jpg,1,ok,1784,1776736392936.jpg,C:\Users\uzj5150\Box\Philippines Panel\01 Panel\14 NSU Market Survey\NSU Market Survey Launch\data\pictures/1776736392936.jpg,8b9759b2f80271dc,20260920
2219,sheet_555.jpg,2,ok,9830,1778645301344.jpg,C:\Users\uzj5150\Box\Philippines Panel\01 Panel\14 NSU Market Survey\NSU Market Survey Launch\data\pictures/1778645301344.jpg,7607f78c6c312d8d,20260920
2220,sheet_555.jpg,3,ok,11156,1776826064153.jpg,C:\Users\uzj5150\Box\Philippines Panel\01 Panel\14 NSU Market Survey\NSU Market Survey Launch\data\pictures/1776826064153.jpg,bd28fe6e7fc3fc1b,20260920
2221,sheet_556.jpg,0,ok,9100,1775613273380.jpg,C:\Users\uzj5150\Box\Philippines Panel\01 Panel\14 NSU Market Survey\NSU Market Survey Launch\data\pictures/1775613273380.jpg,29239e51a09eb5aa,20260920
2222,sheet_556.jpg,1,ok,5668,1774489514501.jpg,C:\Users\uzj5150\Box\Philippines Panel\01 Panel\14 NSU Market Survey\NSU Market Survey Launch\data\pictures/1774489514501.jpg,63ed1cd62ed12772,20260920
2223,sheet_556.jpg,2,ok,676,1777686988012.jpg,C:\Users\uzj5150\Box\Philippines Panel\01 Panel\14 NSU Market Survey\NSU Market Survey Launch\data\pictures/1777686988012.jpg,0a2cf6361dce0902,20260920
2224,sheet_556.jpg,3,ok,8055,1775881103195.jpg,C:\Users\uzj5150\Box\Philippines Panel\01 Panel\14 NSU Market Survey\NSU Market Survey Launch\data\pictures/1775881103195.jpg,31c9a69e88e6452a,20260920
2225,sheet_557.jpg,0,ok,4595,1776298923766.jpg,C:\Users\uzj5150\Box\Philippines Panel\01 Panel\14 NSU Market Survey\NSU Market Survey Launch\data\pictures/1776298923766.jpg,f0872d2ea3e915d7,20260920
2226,sheet_557.jpg,1,ok,5186,1775866616903.jpg,C:\Users\uzj5150\Box\Philippines Panel\01 Panel\14 NSU Market Survey\NSU Market Survey Launch\data\pictures/1775866616903.jpg,cd543c97e005e0c5,20260920
2227,sheet_557.jpg,2,ok,9717,1773882501184.jpg,C:\Users\uzj5150\Box\Philippines Panel\01 Panel\14 NSU Market Survey\NSU Market Survey Launch\data\pictures/1773882501184.jpg,a1e5492ebf45b19f,20260920
2228,sheet_557.jpg,3,ok,9656,1773994245927.jpg,C:\Users\uzj5150\Box\Philippines Panel\01 Panel\14 NSU Market Survey\NSU Market Survey Launch\data\pictures/1773994245927.jpg,22763f0c7150ffcd,20260920
2229,sheet_558.jpg,0,ok,9815,1773907932808.jpg,C:\Users\uzj5150\Box\Philippines Panel\01 Panel\14 NSU Market Survey\NSU Market Survey Launch\data\pictures/1773907932808.jpg,577bc75cdbe538e2,20260920
2230,sheet_558.jpg,1,ok,7600,1774491955960.jpg,C:\Users\uzj5150\Box\Philippines Panel\01 Panel\14 NSU Market Survey\NSU Market Survey Launch\data\pictures/1774491955960.jpg,03bda9d36d6139a1,20260920
2231,sheet_558.jpg,2,ok,6219,1773727914271.jpg,C:\Users\uzj5150\Box\Philippines Panel\01 Panel\14 NSU Market Survey\NSU Market Survey Launch\data\pictures/1773727914271.jpg,f774190490df06ae,20260920
2232,sheet_558.jpg,3,ok,5680,1778202162943.jpg,C:\Users\uzj5150\Box\Philippines Panel\01 Panel\14 NSU Market Survey\NSU Market Survey Launch\data\pictures/1778202162943.jpg,98ee3918dd2053c7,20260920
2233,sheet_559.jpg,0,ok,9575,1773880017223.jpg,C:\Users\uzj5150\Box\Philippines Panel\01 Panel\14 NSU Market Survey\NSU Market Survey Launch\data\pictures/1773880017223.jpg,272a7b360184c2cd,20260920
2234,sheet_559.jpg,1,ok,5143,1776036692916.jpg,C:\Users\uzj5150\Box\Philippines Panel\01 Panel\14 NSU Market Survey\NSU Market Survey Launch\data\pictures/1776036692916.jpg,70fd86cde8f52e30,20260920
2235,sheet_559.jpg,2,ok,9564,1773904961875.jpg,C:\Users\uzj5150\Box\Philippines Panel\01 Panel\14 NSU Market Survey\NSU Market Survey Launch\data\pictures/1773904961875.jpg,7af472010201ed2d,20260920
2236,sheet_559.jpg,3,ok,11192,1776824531854.jpg,C:\Users\uzj5150\Box\Philippines Panel\01 Panel\14 NSU Market Survey\NSU Market Survey Launch\data\pictures/1776824531854.jpg,757214295316fb8c,20260920
2237,sheet_560.jpg,0,ok,4947,1775612130542.jpg,C:\Users\uzj5150\Box\Philippines Panel\01 Panel\14 NSU Market Survey\NSU Market Survey Launch\data\pictures/1775612130542.jpg,a5dc72d97746a53e,20260920
2238,sheet_560.jpg,1,ok,10745,1777600569159.jpg,C:\Users\uzj5150\Box\Philippines Panel\01 Panel\14 NSU Market Survey\NSU Market Survey Launch\data\pictures/1777600569159.jpg,9bf033a5c2070913,20260920
2239,sheet_560.jpg,2,ok,9714,1773989018786.jpg,C:\Users\uzj5150\Box\Philippines Panel\01 Panel\14 NSU Market Survey\NSU Market Survey Launch\data\pictures/1773989018786.jpg,5da99f0a8027a85b,20260920
2240,sheet_560.jpg,3,ok,6943,1775545770318.jpg,C:\Users\uzj5150\Box\Philippines Panel\01 Panel\14 NSU Market Survey\NSU Market Survey Launch\data\pictures/1775545770318.jpg,50dbe4c35926bfd3,20260920
2241,sheet_561.jpg,0,ok,665,1777601470609.jpg,C:\Users\uzj5150\Box\Philippines Panel\01 Panel\14 NSU Market Survey\NSU Market Survey Launch\data\pictures/1777601470609.jpg,e053b31a1c547683,20260920
2242,sheet_561.jpg,1,ok,1636,1777080111886.jpg,C:\Users\uzj5150\Box\Philippines Panel\01 Panel\14 NSU Market Survey\NSU Market Survey Launch\data\pictures/1777080111886.jpg,5c5db75fbf6d02a0,20260920
2243,sheet_561.jpg,2,ok,8058,1775867223246.jpg,C:\Users\uzj5150\Box\Philippines Panel\01 Panel\14 NSU Market Survey\NSU Market Survey Launch\data\pictures/1775867223246.jpg,41e30154199c3ae7,20260920
2244,sheet_561.jpg,3,ok,9810,1773883277998.jpg,C:\Users\uzj5150\Box\Philippines Panel\01 Panel\14 NSU Market Survey\NSU Market Survey Launch\data\pictures/1773883277998.jpg,1abae9ea28327013,20260920
2245,sheet_562.jpg,0,ok,2870,1776649814052.jpg,C:\Users\uzj5150\Box\Philippines Panel\01 Panel\14 NSU Market Survey\NSU Market Survey Launch\data\pictures/1776649814052.jpg,a7d9bddbef30afad,20260920
2246,sheet_562.jpg,1,ok,9562,1773879902283.jpg,C:\Users\uzj5150\Box\Philippines Panel\01 Panel\14 NSU Market Survey\NSU Market Survey Launch\data\pictures/1773879902283.jpg,05666ef3c8eedae1,20260920
2247,sheet_562.jpg,2,ok,6868,1775533986021.jpg,C:\Users\uzj5150\Box\Philippines Panel\01 Panel\14 NSU Market Survey\NSU Market Survey Launch\data\pictures/1775533986021.jpg,1494203af69eecda,20260920
2248,sheet_562.jpg,3,ok,9080,1775527286850.jpg,C:\Users\uzj5150\Box\Philippines Panel\01 Panel\14 NSU Market Survey\NSU Market Survey Launch\data\pictures/1775527286850.jpg,eda997b2399548b3,20260920
2249,sheet_563.jpg,0,ok,9706,1773882765110.jpg,C:\Users\uzj5150\Box\Philippines Panel\01 Panel\14 NSU Market Survey\NSU Market Survey Launch\data\pictures/1773882765110.jpg,ad068581b2fe3a06,20260920
2250,sheet_563.jpg,1,ok,9506,1773723721844.jpg,C:\Users\uzj5150\Box\Philippines Panel\01 Panel\14 NSU Market Survey\NSU Market Survey Launch\data\pictures/1773723721844.jpg,c6c0027cafebbd6d,20260920
2251,sheet_563.jpg,2,ok,9811,1773883336722.jpg,C:\Users\uzj5150\Box\Philippines Panel\01 Panel\14 NSU Market Survey\NSU Market Survey Launch\data\pictures/1773883336722.jpg,ce4b23134c7a3ee9,20260920
2252,sheet_563.jpg,3,ok,9702,1773968507179.jpg,C:\Users\uzj5150\Box\Philippines Panel\01 Panel\14 NSU Market Survey\NSU Market Survey Launch\data\pictures/1773968507179.jpg,8307eff6943c838c,20260920
2253,sheet_564.jpg,0,ok,9613,1773885833708.jpg,C:\Users\uzj5150\Box\Philippines Panel\01 Panel\14 NSU Market Survey\NSU Market Survey Launch\data\pictures/1773885833708.jpg,4b06294e1812875b,20260920
2254,sheet_564.jpg,1,ok,4979,1775701719010.jpg,C:\Users\uzj5150\Box\Philippines Panel\01 Panel\14 NSU Market Survey\NSU Market Survey Launch\data\pictures/1775701719010.jpg,c8f0f9f980fb6258,20260920
2255,sheet_564.jpg,2,ok,8130,1775873546893.jpg,C:\Users\uzj5150\Box\Philippines Panel\01 Panel\14 NSU Market Survey\NSU Market Survey Launch\data\pictures/1775873546893.jpg,407d10569b130c66,20260920
2256,sheet_564.jpg,3,ok,1732,1776649617036.jpg,C:\Users\uzj5150\Box\Philippines Panel\01 Panel\14 NSU Market Survey\NSU Market Survey Launch\data\pictures/1776649617036.jpg,941a6d57cbc90960,20260920
2257,sheet_565.jpg,0,ok,2041,1776822109517.jpg,C:\Users\uzj5150\Box\Philippines Panel\01 Panel\14 NSU Market Survey\NSU Market Survey Launch\data\pictures/1776822109517.jpg,f94a4601d7396a36,20260920
2258,sheet_565.jpg,1,ok,2430,1776994489572.jpg,C:\Users\uzj5150\Box\Philippines Panel\01 Panel\14 NSU Market Survey\NSU Market Survey Launch\data\pictures/1776994489572.jpg,2fd124a123e9ba31,20260920
2259,sheet_565.jpg,2,ok,2454,1777083908163.jpg,C:\Users\uzj5150\Box\Philippines Panel\01 Panel\14 NSU Market Survey\NSU Market Survey Launch\data\pictures/1777083908163.jpg,2d5ab6a6ac5eae0c,20260920
2260,sheet_565.jpg,3,ok,5521,1774056980157.jpg,C:\Users\uzj5150\Box\Philippines Panel\01 Panel\14 NSU Market Survey\NSU Market Survey Launch\data\pictures/1774056980157.jpg,431e2a2e0bb60ca9,20260920
2261,sheet_566.jpg,0,ok,8422,1775695875846.jpg,C:\Users\uzj5150\Box\Philippines Panel\01 Panel\14 NSU Market Survey\NSU Market Survey Launch\data\pictures/1775695875846.jpg,19a7a8e92681d7e1,20260920
2262,sheet_566.jpg,1,ok,10557,1777268437195.jpg,C:\Users\uzj5150\Box\Philippines Panel\01 Panel\14 NSU Market Survey\NSU Market Survey Launch\data\pictures/1777268437195.jpg,66bb05ebaacc9b56,20260920
2263,sheet_566.jpg,2,ok,5168,1776039269345.jpg,C:\Users\uzj5150\Box\Philippines Panel\01 Panel\14 NSU Market Survey\NSU Market Survey Launch\data\pictures/1776039269345.jpg,514d91c0fb6e0061,20260920
2264,sheet_566.jpg,3,ok,884,1777514051755.jpg,C:\Users\uzj5150\Box\Philippines Panel\01 Panel\14 NSU Market Survey\NSU Market Survey Launch\data\pictures/1777514051755.jpg,07370dafa3c96210,20260920
2265,sheet_567.jpg,0,ok,9738,1773886794639.jpg,C:\Users\uzj5150\Box\Philippines Panel\01 Panel\14 NSU Market Survey\NSU Market Survey Launch\data\pictures/1773886794639.jpg,02fce2f46c6c9a11,20260920
2266,sheet_567.jpg,1,ok,10693,1777602541850.jpg,C:\Users\uzj5150\Box\Philippines Panel\01 Panel\14 NSU Market Survey\NSU Market Survey Launch\data\pictures/1777602541850.jpg,b73fba9b5d67d1a5,20260920
2267,sheet_567.jpg,2,ok,4424,1776127149469.jpg,C:\Users\uzj5150\Box\Philippines Panel\01 Panel\14 NSU Market Survey\NSU Market Survey Launch\data\pictures/1776127149469.jpg,e29000e8c3ef1c98,20260920
2268,sheet_567.jpg,3,ok,6223,1773802325114.jpg,C:\Users\uzj5150\Box\Philippines Panel\01 Panel\14 NSU Market Survey\NSU Market Survey Launch\data\pictures/1773802325114.jpg,3ab648da39227837,20260920
2269,sheet_568.jpg,0,ok,5078,1773710986019.jpg,C:\Users\uzj5150\Box\Philippines Panel\01 Panel\14 NSU Market Survey\NSU Market Survey Launch\data\pictures/1773710986019.jpg,cdb59540aa678558,20260920
2270,sheet_568.jpg,1,ok,1725,1776649693699.jpg,C:\Users\uzj5150\Box\Philippines Panel\01 Panel\14 NSU Market Survey\NSU Market Survey Launch\data\pictures/1776649693699.jpg,004d2c03e5bfa32c,20260920
2271,sheet_568.jpg,2,ok,4127,1775873471135.jpg,C:\Users\uzj5150\Box\Philippines Panel\01 Panel\14 NSU Market Survey\NSU Market Survey Launch\data\pictures/1775873471135.jpg,d10d4d1192cfacdb,20260920
2272,sheet_568.jpg,3,ok,37,1778296827222.jpg,C:\Users\uzj5150\Box\Philippines Panel\01 Panel\14 NSU Market Survey\NSU Market Survey Launch\data\pictures/1778296827222.jpg,ae6327ddab15c68a,20260920
2273,sheet_569.jpg,0,ok,9846,1773889662528.jpg,C:\Users\uzj5150\Box\Philippines Panel\01 Panel\14 NSU Market Survey\NSU Market Survey Launch\data\pictures/1773889662528.jpg,998974df79086262,20260920
2274,sheet_569.jpg,1,ok,9330,1774066305867.jpg,C:\Users\uzj5150\Box\Philippines Panel\01 Panel\14 NSU Market Survey\NSU Market Survey Launch\data\pictures/1774066305867.jpg,0e08673a5cb75d5e,20260920
2275,sheet_569.jpg,2,ok,5604,1774403539215.jpg,C:\Users\uzj5150\Box\Philippines Panel\01 Panel\14 NSU Market Survey\NSU Market Survey Launch\data\pictures/1774403539215.jpg,755e405240bba0f8,20260920
2276,sheet_569.jpg,3,ok,2527,1776664067183.jpg,C:\Users\uzj5150\Box\Philippines Panel\01 Panel\14 NSU Market Survey\NSU Market Survey Launch\data\pictures/1776664067183.jpg,c987ee0dc107d3e3,20260920
2277,sheet_570.jpg,0,ok,9824,1773881437391.jpg,C:\Users\uzj5150\Box\Philippines Panel\01 Panel\14 NSU Market Survey\NSU Market Survey Launch\data\pictures/1773881437391.jpg,7402ebf9b5798a7f,20260920
2278,sheet_570.jpg,1,ok,2599,1776301846976.jpg,C:\Users\uzj5150\Box\Philippines Panel\01 Panel\14 NSU Market Survey\NSU Market Survey Launch\data\pictures/1776301846976.jpg,15f1d5dec6cf5f46,20260920
2279,sheet_570.jpg,2,ok,2762,1776472475505.jpg,C:\Users\uzj5150\Box\Philippines Panel\01 Panel\14 NSU Market Survey\NSU Market Survey Launch\data\pictures/1776472475505.jpg,e0fc030fb7b95a6f,20260920
2280,sheet_570.jpg,3,ok,9746,1773908577053.jpg,C:\Users\uzj5150\Box\Philippines Panel\01 Panel\14 NSU Market Survey\NSU Market Survey Launch\data\pictures/1773908577053.jpg,3d25e965e40de795,20260920
2281,sheet_571.jpg,0,ok,9447,1773726986413.jpg,C:\Users\uzj5150\Box\Philippines Panel\01 Panel\14 NSU Market Survey\NSU Market Survey Launch\data\pictures/1773726986413.jpg,73ce8602a36f1ce1,20260920
2282,sheet_571.jpg,1,ok,6105,1773800293872.jpg,C:\Users\uzj5150\Box\Philippines Panel\01 Panel\14 NSU Market Survey\NSU Market Survey Launch\data\pictures/1773800293872.jpg,c34f71ecd55ee1f8,20260920
2283,sheet_571.jpg,2,ok,141,1778201901035.jpg,C:\Users\uzj5150\Box\Philippines Panel\01 Panel\14 NSU Market Survey\NSU Market Survey Launch\data\pictures/1778201901035.jpg,90df3f220d16bdb3,20260920
2284,sheet_571.jpg,3,ok,2626,1776302518046.jpg,C:\Users\uzj5150\Box\Philippines Panel\01 Panel\14 NSU Market Survey\NSU Market Survey Launch\data\pictures/1776302518046.jpg,4d3f4c822a512855,20260920
2285,sheet_572.jpg,0,ok,1604,1777005819149.jpg,C:\Users\uzj5150\Box\Philippines Panel\01 Panel\14 NSU Market Survey\NSU Market Survey Launch\data\pictures/1777005819149.jpg,19559e27cb667b4c,20260920
2286,sheet_572.jpg,1,ok,577,1777867854599.jpg,C:\Users\uzj5150\Box\Philippines Panel\01 Panel\14 NSU Market Survey\NSU Market Survey Launch\data\pictures/1777867854599.jpg,277d4ba1c12710c0,20260920
2287,sheet_572.jpg,2,ok,5228,1775863381129.jpg,C:\Users\uzj5150\Box\Philippines Panel\01 Panel\14 NSU Market Survey\NSU Market Survey Launch\data\pictures/1775863381129.jpg,3e5e5a87cb250e05,20260920
2288,sheet_572.jpg,3,ok,8124,1775870054902.jpg,C:\Users\uzj5150\Box\Philippines Panel\01 Panel\14 NSU Market Survey\NSU Market Survey Launch\data\pictures/1775870054902.jpg,92781cf05a18717c,20260920
2289,sheet_573.jpg,0,ok,596,1777597441362.jpg,C:\Users\uzj5150\Box\Philippines Panel\01 Panel\14 NSU Market Survey\NSU Market Survey Launch\data\pictures/1777597441362.jpg,b56891f8a5927a71,20260920
2290,sheet_573.jpg,1,ok,9370,1774054564206.jpg,C:\Users\uzj5150\Box\Philippines Panel\01 Panel\14 NSU Market Survey\NSU Market Survey Launch\data\pictures/1774054564206.jpg,2daa6dd90aacbf42,20260920
2291,sheet_573.jpg,2,ok,9423,1773722303363.jpg,C:\Users\uzj5150\Box\Philippines Panel\01 Panel\14 NSU Market Survey\NSU Market Survey Launch\data\pictures/1773722303363.jpg,4ba1d8b83e6472e5,20260920
2292,sheet_573.jpg,3,ok,4529,1776301860959.jpg,C:\Users\uzj5150\Box\Philippines Panel\01 Panel\14 NSU Market Survey\NSU Market Survey Launch\data\pictures/1776301860959.jpg,59babc5afc9cd969,20260920
2293,sheet_574.jpg,0,ok,3163,1776827067355.jpg,C:\Users\uzj5150\Box\Philippines Panel\01 Panel\14 NSU Market Survey\NSU Market Survey Launch\data\pictures/1776827067355.jpg,c635ad5168437c72,20260920
2294,sheet_574.jpg,1,ok,9682,1778724253291.jpg,C:\Users\uzj5150\Box\Philippines Panel\01 Panel\14 NSU Market Survey\NSU Market Survey Launch\data\pictures/1778724253291.jpg,8799d22ae1c4c0ed,20260920
2295,sheet_574.jpg,2,ok,904,1778030154190.jpg,C:\Users\uzj5150\Box\Philippines Panel\01 Panel\14 NSU Market Survey\NSU Market Survey Launch\data\pictures/1778030154190.jpg,b75e0642a865422d,20260920
2296,sheet_574.jpg,3,ok,8047,1775866987799.jpg,C:\Users\uzj5150\Box\Philippines Panel\01 Panel\14 NSU Market Survey\NSU Market Survey Launch\data\pictures/1775866987799.jpg,8e6b1526ea30abe2,20260920
2297,sheet_575.jpg,0,ok,9634,1773886564370.jpg,C:\Users\uzj5150\Box\Philippines Panel\01 Panel\14 NSU Market Survey\NSU Market Survey Launch\data\pictures/1773886564370.jpg,1e4c8fd57c6b8e7d,20260920
2298,sheet_575.jpg,1,ok,5333,1774574690666.jpg,C:\Users\uzj5150\Box\Philippines Panel\01 Panel\14 NSU Market Survey\NSU Market Survey Launch\data\pictures/1774574690666.jpg,64ef5910d703f67a,20260920
2299,sheet_575.jpg,2,ok,7835,1773970295431.jpg,C:\Users\uzj5150\Box\Philippines Panel\01 Panel\14 NSU Market Survey\NSU Market Survey Launch\data\pictures/1773970295431.jpg,110add3b960a98dd,20260920
2300,sheet_575.jpg,3,ok,4797,1776305219475.jpg,C:\Users\uzj5150\Box\Philippines Panel\01 Panel\14 NSU Market Survey\NSU Market Survey Launch\data\pictures/1776305219475.jpg,0d672389094068fe,20260920
2301,sheet_576.jpg,0,ok,860,1778033609607.jpg,C:\Users\uzj5150\Box\Philippines Panel\01 Panel\14 NSU Market Survey\NSU Market Survey Launch\data\pictures/1778033609607.jpg,a05707cad897c606,20260920
2302,sheet_576.jpg,1,ok,2598,1776301825184.jpg,C:\Users\uzj5150\Box\Philippines Panel\01 Panel\14 NSU Market Survey\NSU Market Survey Launch\data\pictures/1776301825184.jpg,06eaaa3e629f5c0b,20260920
2303,sheet_576.jpg,2,ok,4648,1776301747946.jpg,C:\Users\uzj5150\Box\Philippines Panel\01 Panel\14 NSU Market Survey\NSU Market Survey Launch\data\pictures/1776301747946.jpg,2265994596dc56fa,20260920
2304,sheet_576.jpg,3,ok,10554,1777269071139.jpg,C:\Users\uzj5150\Box\Philippines Panel\01 Panel\14 NSU Market Survey\NSU Market Survey Launch\data\pictures/1777269071139.jpg,444dba9deee7958c,20260920
2305,sheet_577.jpg,0,ok,6201,1773812900757.jpg,C:\Users\uzj5150\Box\Philippines Panel\01 Panel\14 NSU Market Survey\NSU Market Survey Launch\data\pictures/1773812900757.jpg,87fff91c3edeb45f,20260920
2306,sheet_577.jpg,1,ok,7864,1773884072152.jpg,C:\Users\uzj5150\Box\Philippines Panel\01 Panel\14 NSU Market Survey\NSU Market Survey Launch\data\pictures/1773884072152.jpg,82545546e2fadcd3,20260920
2307,sheet_577.jpg,2,ok,2623,1776215406341.jpg,C:\Users\uzj5150\Box\Philippines Panel\01 Panel\14 NSU Market Survey\NSU Market Survey Launch\data\pictures/1776215406341.jpg,19ece8c6f1eabeaf,20260920
2308,sheet_577.jpg,3,ok,2631,1776306205710.jpg,C:\Users\uzj5150\Box\Philippines Panel\01 Panel\14 NSU Market Survey\NSU Market Survey Launch\data\pictures/1776306205710.jpg,579033fcfc88e7f7,20260920
2309,sheet_578.jpg,0,ok,748,1777595503592.jpg,C:\Users\uzj5150\Box\Philippines Panel\01 Panel\14 NSU Market Survey\NSU Market Survey Launch\data\pictures/1777595503592.jpg,9f4ac5b00276a8ad,20260920
2310,sheet_578.jpg,1,ok,10030,1778477044611.jpg,C:\Users\uzj5150\Box\Philippines Panel\01 Panel\14 NSU Market Survey\NSU Market Survey Launch\data\pictures/1778477044611.jpg,4ee9d334717eb744,20260920
2311,sheet_578.jpg,2,ok,9302,1774052718350.jpg,C:\Users\uzj5150\Box\Philippines Panel\01 Panel\14 NSU Market Survey\NSU Market Survey Launch\data\pictures/1774052718350.jpg,0cfc44a508eda4b2,20260920
2312,sheet_578.jpg,3,ok,8444,1775695381639.jpg,C:\Users\uzj5150\Box\Philippines Panel\01 Panel\14 NSU Market Survey\NSU Market Survey Launch\data\pictures/1775695381639.jpg,866c8ffd710240d6,20260920
2313,sheet_579.jpg,0,ok,2463,1777086859145.jpg,C:\Users\uzj5150\Box\Philippines Panel\01 Panel\14 NSU Market Survey\NSU Market Survey Launch\data\pictures/1777086859145.jpg,5069092ba2443891,20260920
2314,sheet_579.jpg,1,ok,2090,1776910783168.jpg,C:\Users\uzj5150\Box\Philippines Panel\01 Panel\14 NSU Market Survey\NSU Market Survey Launch\data\pictures/1776910783168.jpg,333fc3aad3ef6477,20260920
2315,sheet_579.jpg,2,ok,8930,1775705493362.jpg,C:\Users\uzj5150\Box\Philippines Panel\01 Panel\14 NSU Market Survey\NSU Market Survey Launch\data\pictures/1775705493362.jpg,655ba1652896ab2e,20260920
2316,sheet_579.jpg,3,ok,4985,1775703820780.jpg,C:\Users\uzj5150\Box\Philippines Panel\01 Panel\14 NSU Market Survey\NSU Market Survey Launch\data\pictures/1775703820780.jpg,a904c339c84460e4,20260920
2317,sheet_580.jpg,0,ok,2354,1776389395684.jpg,C:\Users\uzj5150\Box\Philippines Panel\01 Panel\14 NSU Market Survey\NSU Market Survey Launch\data\pictures/1776389395684.jpg,3617bd0afc636f8b,20260920
2318,sheet_580.jpg,1,ok,6460,1774054535931.jpg,C:\Users\uzj5150\Box\Philippines Panel\01 Panel\14 NSU Market Survey\NSU Market Survey Launch\data\pictures/1774054535931.jpg,d26b101f420fb119,20260920
2319,sheet_580.jpg,2,ok,396,1777348954310.jpg,C:\Users\uzj5150\Box\Philippines Panel\01 Panel\14 NSU Market Survey\NSU Market Survey Launch\data\pictures/1777348954310.jpg,2923620721ade836,20260920
2320,sheet_580.jpg,3,ok,9527,1773879682009.jpg,C:\Users\uzj5150\Box\Philippines Panel\01 Panel\14 NSU Market Survey\NSU Market Survey Launch\data\pictures/1773879682009.jpg,e61cfd45d4127f8a,20260920
2321,sheet_581.jpg,0,ok,5660,1774413964641.jpg,C:\Users\uzj5150\Box\Philippines Panel\01 Panel\14 NSU Market Survey\NSU Market Survey Launch\data\pictures/1774413964641.jpg,9f2456428ebf1bee,20260920
2322,sheet_581.jpg,1,ok,2718,1776307247220.jpg,C:\Users\uzj5150\Box\Philippines Panel\01 Panel\14 NSU Market Survey\NSU Market Survey Launch\data\pictures/1776307247220.jpg,319396472a9f6343,20260920
2323,sheet_581.jpg,2,ok,7567,1774418784565.jpg,C:\Users\uzj5150\Box\Philippines Panel\01 Panel\14 NSU Market Survey\NSU Market Survey Launch\data\pictures/1774418784565.jpg,6844ca2ba155ca35,20260920
2324,sheet_581.jpg,3,ok,5694,1774574791282.jpg,C:\Users\uzj5150\Box\Philippines Panel\01 Panel\14 NSU Market Survey\NSU Market Survey Launch\data\pictures/1774574791282.jpg,e757419623e4e050,20260920
2325,sheet_582.jpg,0,ok,9334,1774052340594.jpg,C:\Users\uzj5150\Box\Philippines Panel\01 Panel\14 NSU Market Survey\NSU Market Survey Launch\data\pictures/1774052340594.jpg,a37730afefd51de5,20260920
2326,sheet_582.jpg,1,ok,5091,1773715319615.jpg,C:\Users\uzj5150\Box\Philippines Panel\01 Panel\14 NSU Market Survey\NSU Market Survey Launch\data\pictures/1773715319615.jpg,f4ec2ee64f638d6e,20260920
2327,sheet_582.jpg,2,ok,8208,1773971193417.jpg,C:\Users\uzj5150\Box\Philippines Panel\01 Panel\14 NSU Market Survey\NSU Market Survey Launch\data\pictures/1773971193417.jpg,e5a39e12deb022a4,20260920
2328,sheet_582.jpg,3,ok,1733,1776649632742.jpg,C:\Users\uzj5150\Box\Philippines Panel\01 Panel\14 NSU Market Survey\NSU Market Survey Launch\data\pictures/1776649632742.jpg,3a00e2bf8d2f3a17,20260920
2329,sheet_583.jpg,0,ok,3008,1776300544641.jpg,C:\Users\uzj5150\Box\Philippines Panel\01 Panel\14 NSU Market Survey\NSU Market Survey Launch\data\pictures/1776300544641.jpg,00ea9aa80cfe2aab,20260920
2330,sheet_583.jpg,1,ok,9049,1775521680332.jpg,C:\Users\uzj5150\Box\Philippines Panel\01 Panel\14 NSU Market Survey\NSU Market Survey Launch\data\pictures/1775521680332.jpg,cf4de2bd841caa1a,20260920
2331,sheet_583.jpg,2,ok,605,1777865693797.jpg,C:\Users\uzj5150\Box\Philippines Panel\01 Panel\14 NSU Market Survey\NSU Market Survey Launch\data\pictures/1777865693797.jpg,89671f7a57148c37,20260920
2332,sheet_583.jpg,3,ok,7213,1773706365009.jpg,C:\Users\uzj5150\Box\Philippines Panel\01 Panel\14 NSU Market Survey\NSU Market Survey Launch\data\pictures/1773706365009.jpg,21a9a1c138d7f7ec,20260920
2333,sheet_584.jpg,0,ok,5183,1775866994637.jpg,C:\Users\uzj5150\Box\Philippines Panel\01 Panel\14 NSU Market Survey\NSU Market Survey Launch\data\pictures/1775866994637.jpg,3b34a86fe248b120,20260920
2334,sheet_584.jpg,1,ok,6586,1773800281542.jpg,C:\Users\uzj5150\Box\Philippines Panel\01 Panel\14 NSU Market Survey\NSU Market Survey Launch\data\pictures/1773800281542.jpg,9dee6b48771927d2,20260920
2335,sheet_584.jpg,2,ok,9724,1773896292098.jpg,C:\Users\uzj5150\Box\Philippines Panel\01 Panel\14 NSU Market Survey\NSU Market Survey Launch\data\pictures/1773896292098.jpg,e711e21dbae1a49a,20260920
2336,sheet_584.jpg,3,ok,852,1777423520722.jpg,C:\Users\uzj5150\Box\Philippines Panel\01 Panel\14 NSU Market Survey\NSU Market Survey Launch\data\pictures/1777423520722.jpg,49327c58b0ef666e,20260920
2337,sheet_585.jpg,0,ok,5662,1774413249999.jpg,C:\Users\uzj5150\Box\Philippines Panel\01 Panel\14 NSU Market Survey\NSU Market Survey Launch\data\pictures/1774413249999.jpg,e0fb15b0de6ad622,20260920
2338,sheet_585.jpg,1,ok,4598,1776298510903.jpg,C:\Users\uzj5150\Box\Philippines Panel\01 Panel\14 NSU Market Survey\NSU Market Survey Launch\data\pictures/1776298510903.jpg,80c52e171dfb9276,20260920
2339,sheet_585.jpg,2,ok,9733,1773885517689.jpg,C:\Users\uzj5150\Box\Philippines Panel\01 Panel\14 NSU Market Survey\NSU Market Survey Launch\data\pictures/1773885517689.jpg,725add9253d70518,20260920
2340,sheet_585.jpg,3,ok,6413,1774049112652.jpg,C:\Users\uzj5150\Box\Philippines Panel\01 Panel\14 NSU Market Survey\NSU Market Survey Launch\data\pictures/1774049112652.jpg,a768652d8c94bcdb,20260920
2341,sheet_586.jpg,0,ok,9551,1773903003651.jpg,C:\Users\uzj5150\Box\Philippines Panel\01 Panel\14 NSU Market Survey\NSU Market Survey Launch\data\pictures/1773903003651.jpg,d1b475ba65cfd886,20260920
2342,sheet_586.jpg,1,ok,9872,1773881745906.jpg,C:\Users\uzj5150\Box\Philippines Panel\01 Panel\14 NSU Market Survey\NSU Market Survey Launch\data\pictures/1773881745906.jpg,f910316c4e355323,20260920
2343,sheet_586.jpg,2,ok,1648,1777083385295.jpg,C:\Users\uzj5150\Box\Philippines Panel\01 Panel\14 NSU Market Survey\NSU Market Survey Launch\data\pictures/1777083385295.jpg,0327d488f2ed784b,20260920
2344,sheet_586.jpg,3,ok,8,1778293018458.jpg,C:\Users\uzj5150\Box\Philippines Panel\01 Panel\14 NSU Market Survey\NSU Market Survey Launch\data\pictures/1778293018458.jpg,5e8a433a70f4387b,20260920
2345,sheet_587.jpg,0,ok,41,1778469570765.jpg,C:\Users\uzj5150\Box\Philippines Panel\01 Panel\14 NSU Market Survey\NSU Market Survey Launch\data\pictures/1778469570765.jpg,34e433179d8f56b4,20260920
2346,sheet_587.jpg,1,ok,9829,1773968311172.jpg,C:\Users\uzj5150\Box\Philippines Panel\01 Panel\14 NSU Market Survey\NSU Market Survey Launch\data\pictures/1773968311172.jpg,28070cc07f98600b,20260920
2347,sheet_587.jpg,2,ok,100,1778206320808.jpg,C:\Users\uzj5150\Box\Philippines Panel\01 Panel\14 NSU Market Survey\NSU Market Survey Launch\data\pictures/1778206320808.jpg,b00e370e9af973bd,20260920
2348,sheet_587.jpg,3,ok,35,1778297064811.jpg,C:\Users\uzj5150\Box\Philippines Panel\01 Panel\14 NSU Market Survey\NSU Market Survey Launch\data\pictures/1778297064811.jpg,9d4e6076a9fbebb9,20260920
2349,sheet_588.jpg,0,ok,5467,1774577332057.jpg,C:\Users\uzj5150\Box\Philippines Panel\01 Panel\14 NSU Market Survey\NSU Market Survey Launch\data\pictures/1774577332057.jpg,de2a1a282be5c584,20260920
2350,sheet_588.jpg,1,ok,8113,1778889668450.jpg,C:\Users\uzj5150\Box\Philippines Panel\01 Panel\14 NSU Market Survey\NSU Market Survey Launch\data\pictures/1778889668450.jpg,d1d347c5834aa8db,20260920
2351,sheet_588.jpg,2,ok,1795,1776645496113.jpg,C:\Users\uzj5150\Box\Philippines Panel\01 Panel\14 NSU Market Survey\NSU Market Survey Launch\data\pictures/1776645496113.jpg,c48c9b03dbe1d90a,20260920
2352,sheet_588.jpg,3,ok,8498,1775700572874.jpg,C:\Users\uzj5150\Box\Philippines Panel\01 Panel\14 NSU Market Survey\NSU Market Survey Launch\data\pictures/1775700572874.jpg,f9e01ea2eb8c2e8e,20260920
2353,sheet_589.jpg,0,ok,397,1777263761511.jpg,C:\Users\uzj5150\Box\Philippines Panel\01 Panel\14 NSU Market Survey\NSU Market Survey Launch\data\pictures/1777263761511.jpg,b512acd5f360f4d5,20260920
2354,sheet_589.jpg,1,ok,117,1778124728402.jpg,C:\Users\uzj5150\Box\Philippines Panel\01 Panel\14 NSU Market Survey\NSU Market Survey Launch\data\pictures/1778124728402.jpg,59e7ba66a4df2f02,20260920
2355,sheet_589.jpg,2,ok,9596,1773906229982.jpg,C:\Users\uzj5150\Box\Philippines Panel\01 Panel\14 NSU Market Survey\NSU Market Survey Launch\data\pictures/1773906229982.jpg,ca26e2987e91fd78,20260920
2356,sheet_589.jpg,3,ok,10559,1777268936959.jpg,C:\Users\uzj5150\Box\Philippines Panel\01 Panel\14 NSU Market Survey\NSU Market Survey Launch\data\pictures/1777268936959.jpg,a5ecb39c410d3b85,20260920
2357,sheet_590.jpg,0,ok,3150,1776825532809.jpg,C:\Users\uzj5150\Box\Philippines Panel\01 Panel\14 NSU Market Survey\NSU Market Survey Launch\data\pictures/1776825532809.jpg,fa33d04378999c96,20260920
2358,sheet_590.jpg,1,ok,3184,1776910979078.jpg,C:\Users\uzj5150\Box\Philippines Panel\01 Panel\14 NSU Market Survey\NSU Market Survey Launch\data\pictures/1776910979078.jpg,8e79592282b2f15e,20260920
2359,sheet_590.jpg,2,ok,8110,1775876256860.jpg,C:\Users\uzj5150\Box\Philippines Panel\01 Panel\14 NSU Market Survey\NSU Market Survey Launch\data\pictures/1775876256860.jpg,74a5c1f2d82f22f3,20260920
2360,sheet_590.jpg,3,ok,2619,1776215955208.jpg,C:\Users\uzj5150\Box\Philippines Panel\01 Panel\14 NSU Market Survey\NSU Market Survey Launch\data\pictures/1776215955208.jpg,55fc0bcb8231779d,20260920
2361,sheet_591.jpg,0,ok,98,1778121094914.jpg,C:\Users\uzj5150\Box\Philippines Panel\01 Panel\14 NSU Market Survey\NSU Market Survey Launch\data\pictures/1778121094914.jpg,9d345ed48bfab4cf,20260920
2362,sheet_591.jpg,1,ok,2613,1776216469178.jpg,C:\Users\uzj5150\Box\Philippines Panel\01 Panel\14 NSU Market Survey\NSU Market Survey Launch\data\pictures/1776216469178.jpg,bdf6500084761bc4,20260920
2363,sheet_591.jpg,2,ok,8653,1778630688636.jpg,C:\Users\uzj5150\Box\Philippines Panel\01 Panel\14 NSU Market Survey\NSU Market Survey Launch\data\pictures/1778630688636.jpg,9bb864e3d99340b7,20260920
2364,sheet_591.jpg,3,ok,1782,1779239822529.jpg,C:\Users\uzj5150\Box\Philippines Panel\01 Panel\14 NSU Market Survey\NSU Market Survey Launch\data\pictures/1779239822529.jpg,b2977af410c0e74b,20260920
2365,sheet_592.jpg,0,ok,10905,1776996921871.jpg,C:\Users\uzj5150\Box\Philippines Panel\01 Panel\14 NSU Market Survey\NSU Market Survey Launch\data\pictures/1776996921871.jpg,86614ff7e6a51a45,20260920
2366,sheet_592.jpg,1,ok,812,1777424411909.jpg,C:\Users\uzj5150\Box\Philippines Panel\01 Panel\14 NSU Market Survey\NSU Market Survey Launch\data\pictures/1777424411909.jpg,7f5398fa34527879,20260920
2367,sheet_592.jpg,2,ok,1778,1776737789107.jpg,C:\Users\uzj5150\Box\Philippines Panel\01 Panel\14 NSU Market Survey\NSU Market Survey Launch\data\pictures/1776737789107.jpg,df5edcc286678b78,20260920
