seq,sheet,cell,status,id,filename,photo_path,img_sha16,seed
1,sheet_001.jpg,0,ok,7248,1774577739225.jpg,../outputs/rect_all\1774577739225.png,2aa0d6ccc333d0a7,20260929
2,sheet_001.jpg,1,ok,5889,1774490642588.jpg,../outputs/rect_all\1774490642588.png,1739ca6b9bb71861,20260929
3,sheet_001.jpg,2,ok,7159,1773807559077.jpg,../outputs/rect_all\1773807559077.png,0e0bc0cc9faba01c,20260929
4,sheet_001.jpg,3,ok,8268,1773977881369.jpg,../outputs/rect_all\1773977881369.png,1f27dad9635a7030,20260929
5,sheet_001.jpg,4,ok,7242,1774576265053.jpg,../outputs/rect_all\1774576265053.png,e03f9666dbf3226c,20260929
6,sheet_001.jpg,5,ok,2376,1776386165409.jpg,../outputs/rect_all\1776386165409.png,f4454dfe371d41c4,20260929
7,sheet_001.jpg,6,ok,120,1778125120724.jpg,../outputs/rect_all\1778125120724.png,642b4536dc8a2681,20260929
8,sheet_001.jpg,7,ok,2018,1776825252220.jpg,../outputs/rect_all\1776825252220.png,0c376fc0b40cfb50,20260929
9,sheet_001.jpg,8,ok,7036,1774337530159.jpg,../outputs/rect_all\1774337530159.png,aa9e7f133ac72bab,20260929
10,sheet_001.jpg,9,ok,1267,1777340605163.jpg,../outputs/rect_all\1777340605163.png,fdc4e82cdb629428,20260929
11,sheet_001.jpg,10,ok,7832,1773885375725.jpg,../outputs/rect_all\1773885375725.png,182c9243633ff748,20260929
12,sheet_001.jpg,11,ok,5673,1774574863176.jpg,../outputs/rect_all\1774574863176.png,d7295615122deb33,20260929
13,sheet_001.jpg,12,ok,5685,1774574707110.jpg,../outputs/rect_all\1774574707110.png,97e44c00de088994,20260929
14,sheet_001.jpg,13,ok,4920,1775529156585.jpg,../outputs/rect_all\1775529156585.png,0e73742e62f71133,20260929
15,sheet_001.jpg,14,ok,1258,1777344622488.jpg,../outputs/rect_all\1777344622488.png,aef7852cca5c4a49,20260929
16,sheet_001.jpg,15,ok,1103,1777945551905.jpg,../outputs/rect_all\1777945551905.png,85f10de55f64eecd,20260929
17,sheet_001.jpg,16,ok,3267,1779153780437.jpg,../outputs/rect_all\1779153780437.png,cf46b0c24a42ee99,20260929
18,sheet_002.jpg,0,ok,2464,1777083358392.jpg,../outputs/rect_all\1777083358392.png,e10610545041262b,20260929
19,sheet_002.jpg,1,ok,1006,1777263869510.jpg,../outputs/rect_all\1777263869510.png,4fdf567b40d96c64,20260929
20,sheet_002.jpg,2,ok,6813,1775531815081.jpg,../outputs/rect_all\1775531815081.png,ee97834faeef137b,20260929
21,sheet_002.jpg,3,ok,7232,1774577821458.jpg,../outputs/rect_all\1774577821458.png,9a8873ebd8e8df90,20260929
22,sheet_002.jpg,4,ok,2125,1776826126345.jpg,../outputs/rect_all\1776826126345.png,31c9945cbc89b905,20260929
23,sheet_002.jpg,5,ok,3899,1775703258617.jpg,../outputs/rect_all\1775703258617.png,6651c167567e763b,20260929
24,sheet_002.jpg,6,ok,4903,1775524901283.jpg,../outputs/rect_all\1775524901283.png,5a496e9cb80b7015,20260929
25,sheet_002.jpg,7,ok,4933,1775527830429.jpg,../outputs/rect_all\1775527830429.png,d0e03cdf985e5856,20260929
26,sheet_002.jpg,8,ok,8219,1773883571715.jpg,../outputs/rect_all\1773883571715.png,9e0e396925d57f5a,20260929
27,sheet_002.jpg,9,ok,2528,1776749435214.jpg,../outputs/rect_all\1776749435214.png,f562d4c141950b77,20260929
28,sheet_002.jpg,10,ok,3550,1775527330479.jpg,../outputs/rect_all\1775527330479.png,662fa3d96837309d,20260929
29,sheet_002.jpg,11,ok,1083,1777264408193.jpg,../outputs/rect_all\1777264408193.png,753273937949d406,20260929
30,sheet_002.jpg,12,ok,2844,1776389913849.jpg,../outputs/rect_all\1776389913849.png,c53a092eb4e4ba87,20260929
31,sheet_002.jpg,13,ok,1088,1777255187857.jpg,../outputs/rect_all\1777255187857.png,812187bda564d377,20260929
32,sheet_002.jpg,14,ok,6799,1775525239927.jpg,../outputs/rect_all\1775525239927.png,3dac5b442fd3ecdd,20260929
33,sheet_002.jpg,15,ok,4754,1776307311101.jpg,../outputs/rect_all\1776307311101.png,f411aa6d978ce2d8,20260929
34,sheet_002.jpg,16,ok,7176,1773707099260.jpg,../outputs/rect_all\1773707099260.png,9507ef319b2eb54a,20260929
35,sheet_003.jpg,0,ok,7407,1774317223204.jpg,../outputs/rect_all\1774317223204.png,d4d7607073e66527,20260929
36,sheet_003.jpg,1,ok,1465,1777425598213.jpg,../outputs/rect_all\1777425598213.png,5bc0ed3670e57cea,20260929
37,sheet_003.jpg,2,ok,6158,1773726027098.jpg,../outputs/rect_all\1773726027098.png,f95e995ec5caf329,20260929
38,sheet_003.jpg,3,ok,7551,1774062047151.jpg,../outputs/rect_all\1774062047151.png,ecf1d153e48c1186,20260929
39,sheet_003.jpg,4,ok,7887,1775875492450.jpg,../outputs/rect_all\1775875492450.png,aa75b1e1725e03a4,20260929
40,sheet_003.jpg,5,ok,5826,1774487583936.jpg,../outputs/rect_all\1774487583936.png,32f13360fd13db41,20260929
41,sheet_003.jpg,6,ok,4354,1776138291246.jpg,../outputs/rect_all\1776138291246.png,c0c10d0b2b9db1b0,20260929
42,sheet_003.jpg,7,ok,750,1777688073649.jpg,../outputs/rect_all\1777688073649.png,5ff4fa1962c9f55f,20260929
43,sheet_003.jpg,8,ok,6319,1774402411746.jpg,../outputs/rect_all\1774402411746.png,c8b79b6be84b770f,20260929
44,sheet_003.jpg,9,ok,7833,1773885416863.jpg,../outputs/rect_all\1773885416863.png,5029b549dc277934,20260929
45,sheet_003.jpg,10,ok,6536,1773722385499.jpg,../outputs/rect_all\1773722385499.png,5a7364efe232007d,20260929
46,sheet_003.jpg,11,ok,8168,1773976363007.jpg,../outputs/rect_all\1773976363007.png,d030a25b09ad92cc,20260929
47,sheet_003.jpg,12,ok,7735,1776476491296.jpg,../outputs/rect_all\1776476491296.png,5526ec9faa468e5e,20260929
48,sheet_003.jpg,13,ok,204,1777945603166.jpg,../outputs/rect_all\1777945603166.png,c9d83e06f49bbfff,20260929
49,sheet_003.jpg,14,ok,5520,1774055211729.jpg,../outputs/rect_all\1774055211729.png,c92c3899a9f60586,20260929
50,sheet_003.jpg,15,ok,5831,1774407779828.jpg,../outputs/rect_all\1774407779828.png,55cdbb34bedd7531,20260929
51,sheet_003.jpg,16,ok,1982,1776823718645.jpg,../outputs/rect_all\1776823718645.png,bab0d43a1826997c,20260929
52,sheet_004.jpg,0,ok,3612,1775614822406.jpg,../outputs/rect_all\1775614822406.png,a06951ed68bf817e,20260929
53,sheet_004.jpg,1,ok,2885,1776653304413.jpg,../outputs/rect_all\1776653304413.png,03427b6624b1dad1,20260929
54,sheet_004.jpg,2,ok,4733,1776131311145.jpg,../outputs/rect_all\1776131311145.png,2ee3c815a6e0741e,20260929
55,sheet_004.jpg,3,ok,6600,1773798595052.jpg,../outputs/rect_all\1773798595052.png,643149d00442b9fc,20260929
56,sheet_004.jpg,4,ok,5493,1774054144807.jpg,../outputs/rect_all\1774054144807.png,daeabffd17067b24,20260929
57,sheet_004.jpg,5,ok,4693,1776216267854.jpg,../outputs/rect_all\1776216267854.png,09f1d6169e84bf86,20260929
58,sheet_004.jpg,6,ok,4534,1776302427110.jpg,../outputs/rect_all\1776302427110.png,3208e769b316f996,20260929
59,sheet_004.jpg,7,ok,3234,1776228738099.jpg,../outputs/rect_all\1776228738099.png,db2d4bc1192cbd59,20260929
60,sheet_004.jpg,8,ok,3562,1775527892451.jpg,../outputs/rect_all\1775527892451.png,5ed798f902de8415,20260929
61,sheet_004.jpg,9,ok,199,1777689580085.jpg,../outputs/rect_all\1777689580085.png,08c412811c3999b1,20260929
62,sheet_004.jpg,10,ok,517,1777427044895.jpg,../outputs/rect_all\1777427044895.png,df38fc430e58b5ea,20260929
63,sheet_004.jpg,11,ok,2862,1776651640062.jpg,../outputs/rect_all\1776651640062.png,946e7fecca24b143,20260929
64,sheet_004.jpg,12,ok,6448,1774322290826.jpg,../outputs/rect_all\1774322290826.png,4619f98362db6f87,20260929
65,sheet_004.jpg,13,ok,6595,1773721984170.jpg,../outputs/rect_all\1773721984170.png,6ed67d7250464805,20260929
66,sheet_004.jpg,14,ok,2772,1776387148774.jpg,../outputs/rect_all\1776387148774.png,867554ae99f3681b,20260929
67,sheet_004.jpg,15,ok,7725,1776472573851.jpg,../outputs/rect_all\1776472573851.png,82d3e465f1c539f8,20260929
68,sheet_004.jpg,16,ok,7042,1774321617767.jpg,../outputs/rect_all\1774321617767.png,9ac31c0aaa2b4658,20260929
69,sheet_005.jpg,0,ok,4910,1775530624861.jpg,../outputs/rect_all\1775530624861.png,b18c9c7e3be3ab33,20260929
70,sheet_005.jpg,1,ok,1132,1778030827437.jpg,../outputs/rect_all\1778030827437.png,a3a7fb8d3ba5bba9,20260929
71,sheet_005.jpg,2,ok,6657,1773725179296.jpg,../outputs/rect_all\1773725179296.png,5e3d3f8d0d1ef53a,20260929
72,sheet_005.jpg,3,ok,1453,1777425317834.jpg,../outputs/rect_all\1777425317834.png,356c0062230052c4,20260929
73,sheet_005.jpg,4,ok,7038,1774337584549.jpg,../outputs/rect_all\1774337584549.png,85a2c41d57cd2ec7,20260929
74,sheet_005.jpg,5,ok,4847,1775870873514.jpg,../outputs/rect_all\1775870873514.png,02fd15bcb6e7c838,20260929
75,sheet_005.jpg,6,ok,5320,1774660826607.jpg,../outputs/rect_all\1774660826607.png,f4e139b9328678f3,20260929
76,sheet_005.jpg,7,ok,6690,1775526517905.jpg,../outputs/rect_all\1775526517905.png,ddcea8ffada2d34e,20260929
77,sheet_005.jpg,8,ok,3051,1776212847930.jpg,../outputs/rect_all\1776212847930.png,9f18fbba6aea3c7e,20260929
78,sheet_005.jpg,9,ok,2848,1776389193149.jpg,../outputs/rect_all\1776389193149.png,ff6f34583a0cb32a,20260929
79,sheet_005.jpg,10,ok,2670,1776218419930.jpg,../outputs/rect_all\1776218419930.png,2c6e7fcea4640728,20260929
80,sheet_005.jpg,11,ok,3891,1775699271135.jpg,../outputs/rect_all\1775699271135.png,1ff1a3aeddb14b4d,20260929
81,sheet_005.jpg,12,ok,7383,1774061405670.jpg,../outputs/rect_all\1774061405670.png,303fc673ee3747d3,20260929
82,sheet_005.jpg,13,ok,4636,1776307727376.jpg,../outputs/rect_all\1776307727376.png,16bb94c79983ce84,20260929
83,sheet_005.jpg,14,ok,4893,1775876098272.jpg,../outputs/rect_all\1775876098272.png,8e56f7b904b182fa,20260929
84,sheet_005.jpg,15,ok,2016,1776825068441.jpg,../outputs/rect_all\1776825068441.png,8b2772d0805a7fd0,20260929
85,sheet_005.jpg,16,ok,3986,1775875835793.jpg,../outputs/rect_all\1775875835793.png,04c3cbb43b136ffc,20260929
86,sheet_006.jpg,0,ok,5869,1774405251948.jpg,../outputs/rect_all\1774405251948.png,5110e26f0a209a4b,20260929
87,sheet_006.jpg,1,ok,7536,1774669346617.jpg,../outputs/rect_all\1774669346617.png,6bcfaab3b905b714,20260929
88,sheet_006.jpg,2,ok,7922,1775874455281.jpg,../outputs/rect_all\1775874455281.png,8066e89121fbcdca,20260929
89,sheet_006.jpg,3,ok,8309,1775782946986.jpg,../outputs/rect_all\1775782946986.png,7c61537b59fde21e,20260929
90,sheet_006.jpg,4,ok,3836,1776477944272.jpg,../outputs/rect_all\1776477944272.png,7f3e718d1162e676,20260929
91,sheet_006.jpg,5,ok,3635,1775524618197.jpg,../outputs/rect_all\1775524618197.png,e1a7e8ce55781955,20260929
92,sheet_006.jpg,6,ok,5319,1774575617661.jpg,../outputs/rect_all\1774575617661.png,fde21e0d27f7a3d5,20260929
93,sheet_006.jpg,7,ok,6678,1775525339648.jpg,../outputs/rect_all\1775525339648.png,cb068b42a7c97bf3,20260929
94,sheet_006.jpg,8,ok,3271,1776215815388.jpg,../outputs/rect_all\1776215815388.png,c6e422d4dc6b1cc7,20260929
95,sheet_006.jpg,9,ok,1226,1777255290371.jpg,../outputs/rect_all\1777255290371.png,82275298ae9ac061,20260929
96,sheet_006.jpg,10,ok,3654,1775527845815.jpg,../outputs/rect_all\1775527845815.png,d65beb20ab64f7f2,20260929
97,sheet_006.jpg,11,ok,7377,1774319044661.jpg,../outputs/rect_all\1774319044661.png,c32b7176f6a2de35,20260929
98,sheet_006.jpg,12,ok,6024,1778639739813.jpg,../outputs/rect_all\1778639739813.png,c7ff21f5cc64859e,20260929
99,sheet_006.jpg,13,ok,4314,1776137013263.jpg,../outputs/rect_all\1776137013263.png,b13851a0edd876cc,20260929
100,sheet_006.jpg,14,ok,4589,1776307540685.jpg,../outputs/rect_all\1776307540685.png,14ba68d9d95c0ff5,20260929
101,sheet_006.jpg,15,ok,4249,1776133217425.jpg,../outputs/rect_all\1776133217425.png,46765ae14ba7de6c,20260929
102,sheet_006.jpg,16,ok,8323,1775700718683.jpg,../outputs/rect_all\1775700718683.png,92aba2a5196bb877,20260929
103,sheet_007.jpg,0,ok,5522,1774055912729.jpg,../outputs/rect_all\1774055912729.png,2c568aec31b04bf5,20260929
104,sheet_007.jpg,1,ok,3787,1775790395956.jpg,../outputs/rect_all\1775790395956.png,70e99167f08e6984,20260929
105,sheet_007.jpg,2,ok,6988,1774335075374.jpg,../outputs/rect_all\1774335075374.png,8faf77bb0f1bca0f,20260929
106,sheet_007.jpg,3,ok,5684,1774574249037.jpg,../outputs/rect_all\1774574249037.png,408adc2851234d91,20260929
107,sheet_007.jpg,4,ok,7556,1774062569962.jpg,../outputs/rect_all\1774062569962.png,506522ef4b4a8f23,20260929
108,sheet_007.jpg,5,ok,431,1777455935090.jpg,../outputs/rect_all\1777455935090.png,1b0e788dc79f783f,20260929
109,sheet_007.jpg,6,ok,194,1777601311856.jpg,../outputs/rect_all\1777601311856.png,6c8859e0d127a52a,20260929
110,sheet_007.jpg,7,ok,7073,1774318770449.jpg,../outputs/rect_all\1774318770449.png,425d167ce2e6392e,20260929
111,sheet_007.jpg,8,ok,7105,1778552245192.jpg,../outputs/rect_all\1778552245192.png,42695a87bdc03966,20260929
112,sheet_007.jpg,9,ok,7181,1773707469079.jpg,../outputs/rect_all\1773707469079.png,b2da3d3f397874d6,20260929
113,sheet_007.jpg,10,ok,6855,1775550450319.jpg,../outputs/rect_all\1775550450319.png,955d4c2acecda765,20260929
114,sheet_007.jpg,11,ok,2017,1776825231648.jpg,../outputs/rect_all\1776825231648.png,cf4f7aa763b0aa7a,20260929
115,sheet_007.jpg,12,ok,7726,1776472589071.jpg,../outputs/rect_all\1776472589071.png,06ee01033ac95ef3,20260929
116,sheet_007.jpg,13,ok,5565,1774409051095.jpg,../outputs/rect_all\1774409051095.png,786fcc5e0d0826bc,20260929
117,sheet_007.jpg,14,ok,7071,1774318702731.jpg,../outputs/rect_all\1774318702731.png,f4adb0fb9844a41b,20260929
118,sheet_007.jpg,15,ok,555,1777427408000.jpg,../outputs/rect_all\1777427408000.png,e5de949e3d29422b,20260929
119,sheet_007.jpg,16,ok,5585,1774409135375.jpg,../outputs/rect_all\1774409135375.png,9587bc48386e4662,20260929
120,sheet_008.jpg,0,ok,716,1777597276120.jpg,../outputs/rect_all\1777597276120.png,5480446dc5ca5994,20260929
121,sheet_008.jpg,1,ok,4143,1775870549995.jpg,../outputs/rect_all\1775870549995.png,5bafe4429f27a4b4,20260929
122,sheet_008.jpg,2,ok,6564,1773723641520.jpg,../outputs/rect_all\1773723641520.png,1247dfad87e0bfea,20260929
123,sheet_008.jpg,3,ok,2375,1776385300353.jpg,../outputs/rect_all\1776385300353.png,24c4e693ebf5c990,20260929
124,sheet_008.jpg,4,ok,8225,1773968772708.jpg,../outputs/rect_all\1773968772708.png,0b70c89d7a8ba56d,20260929
125,sheet_008.jpg,5,ok,3637,1775525776409.jpg,../outputs/rect_all\1775525776409.png,2763d6ff2017cd9e,20260929
126,sheet_008.jpg,6,ok,213,1777598246703.jpg,../outputs/rect_all\1777598246703.png,7cd95a1bc41c8468,20260929
127,sheet_008.jpg,7,ok,210,1777599960644.jpg,../outputs/rect_all\1777599960644.png,c398749b8b9e67f9,20260929
128,sheet_008.jpg,8,ok,6550,1773808710527.jpg,../outputs/rect_all\1773808710527.png,22b3c57bd1eeafb2,20260929
129,sheet_008.jpg,9,ok,5866,1774406741691.jpg,../outputs/rect_all\1774406741691.png,13b643e7640faa0b,20260929
130,sheet_008.jpg,10,ok,6316,1774493449886.jpg,../outputs/rect_all\1774493449886.png,82e434bd84ad46eb,20260929
131,sheet_008.jpg,11,ok,5867,1774406352070.jpg,../outputs/rect_all\1774406352070.png,23a4e063f2d17ec4,20260929
132,sheet_008.jpg,12,ok,7761,1776474615671.jpg,../outputs/rect_all\1776474615671.png,7e2a0d885c7684d6,20260929
133,sheet_008.jpg,13,ok,1694,1777005959636.jpg,../outputs/rect_all\1777005959636.png,73aa42319701d766,20260929
134,sheet_008.jpg,14,ok,435,1777422085066.jpg,../outputs/rect_all\1777422085066.png,9f5127c5de925dda,20260929
135,sheet_008.jpg,15,ok,2923,1776650252257.jpg,../outputs/rect_all\1776650252257.png,2ef11b19fc78b221,20260929
136,sheet_008.jpg,16,ok,5836,1774410714471.jpg,../outputs/rect_all\1774410714471.png,f9d0338df2fbec6d,20260929
137,sheet_009.jpg,0,ok,4751,1776306689271.jpg,../outputs/rect_all\1776306689271.png,2023960cade99730,20260929
138,sheet_009.jpg,1,ok,1275,1777271055475.jpg,../outputs/rect_all\1777271055475.png,f7ed4113ed3c9435,20260929
139,sheet_009.jpg,2,ok,4364,1776134307893.jpg,../outputs/rect_all\1776134307893.png,804945518cc4cc33,20260929
140,sheet_009.jpg,3,ok,1851,1776989575703.jpg,../outputs/rect_all\1776989575703.png,4cb1d4d5883f1e89,20260929
141,sheet_009.jpg,4,ok,3318,1779154403023.jpg,../outputs/rect_all\1779154403023.png,80ce72e6ac2e4ebf,20260929
142,sheet_009.jpg,5,ok,4674,1776215045887.jpg,../outputs/rect_all\1776215045887.png,4eb66eccb15a9c59,20260929
143,sheet_009.jpg,6,ok,1845,1776990602296.jpg,../outputs/rect_all\1776990602296.png,8e84e3f64a500cd5,20260929
144,sheet_009.jpg,7,ok,3900,1775703285305.jpg,../outputs/rect_all\1775703285305.png,3090721e0dcbb332,20260929
145,sheet_009.jpg,8,ok,7132,1773708683795.jpg,../outputs/rect_all\1773708683795.png,4aac31db9d624db6,20260929
146,sheet_009.jpg,9,ok,7936,1775885995964.jpg,../outputs/rect_all\1775885995964.png,e493d52719c41b62,20260929
147,sheet_009.jpg,10,ok,484,1777456122239.jpg,../outputs/rect_all\1777456122239.png,eb74daa21a47202a,20260929
148,sheet_009.jpg,11,ok,3738,1775789011023.jpg,../outputs/rect_all\1775789011023.png,beac0ad72f3ec8d1,20260929
149,sheet_009.jpg,12,ok,238,1777597974935.jpg,../outputs/rect_all\1777597974935.png,97e41f9edf7eb735,20260929
150,sheet_009.jpg,13,ok,4351,1776138402873.jpg,../outputs/rect_all\1776138402873.png,9b995423e6ba40db,20260929
151,sheet_009.jpg,14,ok,1143,1778032436430.jpg,../outputs/rect_all\1778032436430.png,d0fb89655fefdaa5,20260929
152,sheet_009.jpg,15,ok,564,1777424897966.jpg,../outputs/rect_all\1777424897966.png,7d610c19e087a188,20260929
153,sheet_009.jpg,16,ok,4131,1775873174938.jpg,../outputs/rect_all\1775873174938.png,688d9d5d35d23ce4,20260929
154,sheet_010.jpg,0,ok,7120,1773803666651.jpg,../outputs/rect_all\1773803666651.png,930b5f18fd78a71e,20260929
155,sheet_010.jpg,1,ok,8152,1773976296502.jpg,../outputs/rect_all\1773976296502.png,e6169cec895f3b89,20260929
156,sheet_010.jpg,2,ok,3952,1775786066784.jpg,../outputs/rect_all\1775786066784.png,616de135ecb9fc80,20260929
157,sheet_010.jpg,3,ok,8318,1775700800514.jpg,../outputs/rect_all\1775700800514.png,165084d3561316fa,20260929
158,sheet_010.jpg,4,ok,6339,1774406314420.jpg,../outputs/rect_all\1774406314420.png,969441b26805eb57,20260929
159,sheet_010.jpg,5,ok,3526,1775524717796.jpg,../outputs/rect_all\1775524717796.png,4c738455a8f9048b,20260929
160,sheet_010.jpg,6,ok,6259,1774502625788.jpg,../outputs/rect_all\1774502625788.png,6ecdc057c2c6b213,20260929
161,sheet_010.jpg,7,ok,1946,1777076941816.jpg,../outputs/rect_all\1777076941816.png,ab6c1e3017964a59,20260929
162,sheet_010.jpg,8,ok,3709,1775786307891.jpg,../outputs/rect_all\1775786307891.png,c65436351fac7a32,20260929
163,sheet_010.jpg,9,ok,3403,1776910885930.jpg,../outputs/rect_all\1776910885930.png,a4e5d3c1f909ec2f,20260929
164,sheet_010.jpg,10,ok,3874,1775700183994.jpg,../outputs/rect_all\1775700183994.png,0a13a3355b063c60,20260929
165,sheet_010.jpg,11,ok,7219,1773798068630.jpg,../outputs/rect_all\1773798068630.png,6817d8ec7306f8e1,20260929
166,sheet_010.jpg,12,ok,6674,1775524127066.jpg,../outputs/rect_all\1775524127066.png,65ec5b3788e505c5,20260929
167,sheet_010.jpg,13,ok,3705,1775697499029.jpg,../outputs/rect_all\1775697499029.png,f2208305546f5d02,20260929
168,sheet_010.jpg,14,ok,2121,1776912238311.jpg,../outputs/rect_all\1776912238311.png,7271191202f4fe02,20260929
169,sheet_010.jpg,15,ok,6649,1773724133817.jpg,../outputs/rect_all\1773724133817.png,778d69ff6573ff36,20260929
170,sheet_010.jpg,16,ok,6092,1774590055546.jpg,../outputs/rect_all\1774590055546.png,7e0cc455e7a7a259,20260929
171,sheet_011.jpg,0,ok,7080,1774322007863.jpg,../outputs/rect_all\1774322007863.png,e2d7303343007db8,20260929
172,sheet_011.jpg,1,ok,1591,1776998061225.jpg,../outputs/rect_all\1776998061225.png,f85cb44d4e5f5662,20260929
173,sheet_011.jpg,2,ok,3647,1775524802203.jpg,../outputs/rect_all\1775524802203.png,8f6e8366398312ce,20260929
174,sheet_011.jpg,3,ok,4250,1776133639599.jpg,../outputs/rect_all\1776133639599.png,8ba094408b580ccf,20260929
175,sheet_011.jpg,4,ok,195,1777601022808.jpg,../outputs/rect_all\1777601022808.png,fdac0d3f92039d71,20260929
176,sheet_011.jpg,5,ok,6856,1775550477654.jpg,../outputs/rect_all\1775550477654.png,b46d158b5ee95707,20260929
177,sheet_011.jpg,6,ok,1336,1778205244314.jpg,../outputs/rect_all\1778205244314.png,8878b84e19bdeeff,20260929
178,sheet_011.jpg,7,ok,7197,1773796766519.jpg,../outputs/rect_all\1773796766519.png,8c5b43dfff1dce08,20260929
179,sheet_011.jpg,8,ok,6782,1775525363735.jpg,../outputs/rect_all\1775525363735.png,ea26435de129aa44,20260929
180,sheet_011.jpg,9,ok,556,1777427420107.jpg,../outputs/rect_all\1777427420107.png,e5351e88b870aec0,20260929
181,sheet_011.jpg,10,ok,941,1777264180502.jpg,../outputs/rect_all\1777264180502.png,e4a9e39d21f2cc48,20260929
182,sheet_011.jpg,11,ok,706,1777597839432.jpg,../outputs/rect_all\1777597839432.png,6df28451cb90de17,20260929
183,sheet_011.jpg,12,ok,4768,1776306626860.jpg,../outputs/rect_all\1776306626860.png,383e83d9d42b429a,20260929
184,sheet_011.jpg,13,ok,7728,1776473310014.jpg,../outputs/rect_all\1776473310014.png,28bf3b521402fc1c,20260929
185,sheet_011.jpg,14,ok,2693,1776303946371.jpg,../outputs/rect_all\1776303946371.png,dc952f050fe7a6d7,20260929
186,sheet_011.jpg,15,ok,5676,1774574297282.jpg,../outputs/rect_all\1774574297282.png,3dd5cf3c2ec933cf,20260929
187,sheet_011.jpg,16,ok,4293,1776135192899.jpg,../outputs/rect_all\1776135192899.png,ec448f0c4f038bc2,20260929
188,sheet_012.jpg,0,ok,5980,1778638422326.jpg,../outputs/rect_all\1778638422326.png,9636e39c929efb84,20260929
189,sheet_012.jpg,1,ok,7929,1776051106445.jpg,../outputs/rect_all\1776051106445.png,fb27f8b637bf53b4,20260929
190,sheet_012.jpg,2,ok,5880,1774405162127.jpg,../outputs/rect_all\1774405162127.png,c95848345cc7e292,20260929
191,sheet_012.jpg,3,ok,6015,1774582444066.jpg,../outputs/rect_all\1774582444066.png,16e5fa6eabeaffc9,20260929
192,sheet_012.jpg,4,ok,5507,1774054206337.jpg,../outputs/rect_all\1774054206337.png,a605d53e02b21c6a,20260929
193,sheet_012.jpg,5,ok,3994,1775877144658.jpg,../outputs/rect_all\1775877144658.png,05e3638b74916d2e,20260929
194,sheet_012.jpg,6,ok,723,1777688333480.jpg,../outputs/rect_all\1777688333480.png,9e54bd4bef0c9b4a,20260929
195,sheet_012.jpg,7,ok,4657,1776129855653.jpg,../outputs/rect_all\1776129855653.png,c6e761fa27589b45,20260929
196,sheet_012.jpg,8,ok,7230,1774576305183.jpg,../outputs/rect_all\1774576305183.png,06f40f781954a258,20260929
197,sheet_012.jpg,9,ok,1133,1778030840806.jpg,../outputs/rect_all\1778030840806.png,398e6f93486d8d98,20260929
198,sheet_012.jpg,10,ok,4138,1775870729305.jpg,../outputs/rect_all\1775870729305.png,23f7e79bade1aa58,20260929
199,sheet_012.jpg,11,ok,3813,1776479001616.jpg,../outputs/rect_all\1776479001616.png,80e901b8c9d4978f,20260929
200,sheet_012.jpg,12,ok,1272,1777270008744.jpg,../outputs/rect_all\1777270008744.png,e6ac2bfdf3b102e7,20260929
201,sheet_012.jpg,13,ok,7253,1774574136092.jpg,../outputs/rect_all\1774574136092.png,f1ef439c097553b6,20260929
202,sheet_012.jpg,14,ok,7168,1773710316442.jpg,../outputs/rect_all\1773710316442.png,ae882978567432d1,20260929
203,sheet_012.jpg,15,ok,2015,1776825057567.jpg,../outputs/rect_all\1776825057567.png,af84a9309707b9b1,20260929
204,sheet_012.jpg,16,ok,5073,1773707992799.jpg,../outputs/rect_all\1773707992799.png,c5e9e30f90d8b2a8,20260929
205,sheet_013.jpg,0,ok,5598,1774411599623.jpg,../outputs/rect_all\1774411599623.png,50f8f1c245382b27,20260929
206,sheet_013.jpg,1,ok,7029,1774326023182.jpg,../outputs/rect_all\1774326023182.png,613acb7610ea4ff0,20260929
207,sheet_013.jpg,2,ok,4290,1776137787732.jpg,../outputs/rect_all\1776137787732.png,c87112672075fd4d,20260929
208,sheet_013.jpg,3,ok,1430,1777451245718.jpg,../outputs/rect_all\1777451245718.png,e54026379e7ce27d,20260929
209,sheet_013.jpg,4,ok,714,1777597799821.jpg,../outputs/rect_all\1777597799821.png,745a1c6aed05e90b,20260929
210,sheet_013.jpg,5,ok,5951,1774406928604.jpg,../outputs/rect_all\1774406928604.png,90aac48233987006,20260929
211,sheet_013.jpg,6,ok,2270,1776389075041.jpg,../outputs/rect_all\1776389075041.png,b45e10dc2b54d836,20260929
212,sheet_013.jpg,7,ok,8000,1776047352884.jpg,../outputs/rect_all\1776047352884.png,58ef8568c59aa260,20260929
213,sheet_013.jpg,8,ok,2180,1779160926965.jpg,../outputs/rect_all\1779160926965.png,52d8529df4993fce,20260929
214,sheet_013.jpg,9,ok,5868,1774405239851.jpg,../outputs/rect_all\1774405239851.png,911f07321114a29c,20260929
215,sheet_013.jpg,10,ok,744,1777685136443.jpg,../outputs/rect_all\1777685136443.png,b62fb75e2d6ab3fa,20260929
216,sheet_013.jpg,11,ok,994,1777264288706.jpg,../outputs/rect_all\1777264288706.png,080dcdd185a806ff,20260929
217,sheet_013.jpg,12,ok,3634,1775524597302.jpg,../outputs/rect_all\1775524597302.png,888329dbb804d8e9,20260929
218,sheet_013.jpg,13,ok,1718,1776735194715.jpg,../outputs/rect_all\1776735194715.png,cc48ee68494f5d68,20260929
219,sheet_013.jpg,14,ok,4274,1776132030520.jpg,../outputs/rect_all\1776132030520.png,5a718f6f1d57a065,20260929
220,sheet_013.jpg,15,ok,7006,1774057966686.jpg,../outputs/rect_all\1774057966686.png,7e54417e5f0226a0,20260929
221,sheet_013.jpg,16,ok,6017,1774583097107.jpg,../outputs/rect_all\1774583097107.png,e0736579b6177717,20260929
222,sheet_014.jpg,0,ok,4738,1776215779761.jpg,../outputs/rect_all\1776215779761.png,b251a37b70c9253c,20260929
223,sheet_014.jpg,1,ok,1138,1778030327408.jpg,../outputs/rect_all\1778030327408.png,0809ce8b7151a16f,20260929
224,sheet_014.jpg,2,ok,8212,1773885976252.jpg,../outputs/rect_all\1773885976252.png,22a6fc76fc3dfa0c,20260929
225,sheet_014.jpg,3,ok,6655,1773720436834.jpg,../outputs/rect_all\1773720436834.png,63c6a9624998120a,20260929
226,sheet_014.jpg,4,ok,5410,1778810580322.jpg,../outputs/rect_all\1778810580322.png,726fec457e34fffd,20260929
227,sheet_014.jpg,5,ok,6297,1774405268215.jpg,../outputs/rect_all\1774405268215.png,61e0b1b6ca1fae5e,20260929
228,sheet_014.jpg,6,ok,4685,1776128980635.jpg,../outputs/rect_all\1776128980635.png,85a653e4ebe811d0,20260929
229,sheet_014.jpg,7,ok,1126,1778031106554.jpg,../outputs/rect_all\1778031106554.png,7be3cd88b26cbeeb,20260929
230,sheet_014.jpg,8,ok,2884,1776653292960.jpg,../outputs/rect_all\1776653292960.png,d825466cc541406a,20260929
231,sheet_014.jpg,9,ok,5999,1774593800389.jpg,../outputs/rect_all\1774593800389.png,0a0655b86bfef369,20260929
232,sheet_014.jpg,10,ok,6411,1774050507401.jpg,../outputs/rect_all\1774050507401.png,99f50d39e8b14455,20260929
233,sheet_014.jpg,11,ok,7757,1776475033174.jpg,../outputs/rect_all\1776475033174.png,662eaf0776e58463,20260929
234,sheet_014.jpg,12,ok,1719,1776735205364.jpg,../outputs/rect_all\1776735205364.png,688a20503f03d42a,20260929
235,sheet_014.jpg,13,ok,2203,1776470045682.jpg,../outputs/rect_all\1776470045682.png,b8f79eaa42c6c556,20260929
236,sheet_014.jpg,14,ok,5990,1778639586343.jpg,../outputs/rect_all\1778639586343.png,c5dba3ce8f5b6fbd,20260929
237,sheet_014.jpg,15,ok,2281,1776396141089.jpg,../outputs/rect_all\1776396141089.png,33f6bea0edd9d484,20260929
238,sheet_014.jpg,16,ok,3124,1776216296416.jpg,../outputs/rect_all\1776216296416.png,2fb5e439fbea37ae,20260929
239,sheet_015.jpg,0,ok,5763,1774405742295.jpg,../outputs/rect_all\1774405742295.png,739098a8df874d5a,20260929
240,sheet_015.jpg,1,ok,4345,1776216660331.jpg,../outputs/rect_all\1776216660331.png,31b14b9ec177b231,20260929
241,sheet_015.jpg,2,ok,7025,1774325255362.jpg,../outputs/rect_all\1774325255362.png,21e06c160f05e99e,20260929
242,sheet_015.jpg,3,ok,7182,1773707496101.jpg,../outputs/rect_all\1773707496101.png,602f6bc85887e43b,20260929
243,sheet_015.jpg,4,ok,3543,1775525790902.jpg,../outputs/rect_all\1775525790902.png,e56cbdf06fe68a35,20260929
244,sheet_015.jpg,5,ok,5795,1774409628549.jpg,../outputs/rect_all\1774409628549.png,2df8ee22e42f4c59,20260929
245,sheet_015.jpg,6,ok,6020,1774593880677.jpg,../outputs/rect_all\1774593880677.png,807a39feabfd21fa,20260929
246,sheet_015.jpg,7,ok,504,1777458105839.jpg,../outputs/rect_all\1777458105839.png,5b16dab616dd2884,20260929
247,sheet_015.jpg,8,ok,4385,1776213590730.jpg,../outputs/rect_all\1776213590730.png,f361cb45c6952001,20260929
248,sheet_015.jpg,9,ok,3630,1775525824387.jpg,../outputs/rect_all\1775525824387.png,b6dcbfb9cc58f439,20260929
249,sheet_015.jpg,10,ok,2334,1776388984253.jpg,../outputs/rect_all\1776388984253.png,e76205706f82f4ff,20260929
250,sheet_015.jpg,11,ok,7124,1773804585196.jpg,../outputs/rect_all\1773804585196.png,bab05ffbba40e894,20260929
251,sheet_015.jpg,12,ok,3235,1776228754524.jpg,../outputs/rect_all\1776228754524.png,96898d817413dc45,20260929
252,sheet_015.jpg,13,ok,7398,1774318810683.jpg,../outputs/rect_all\1774318810683.png,1161751efea7f44c,20260929
253,sheet_015.jpg,14,ok,1670,1777081702771.jpg,../outputs/rect_all\1777081702771.png,1cbfb42f29737307,20260929
254,sheet_015.jpg,15,ok,5596,1774412277492.jpg,../outputs/rect_all\1774412277492.png,c3322cf3ae5352d8,20260929
255,sheet_015.jpg,16,ok,1363,1778210163884.jpg,../outputs/rect_all\1778210163884.png,39ba2f4f3bbe8a6a,20260929
256,sheet_016.jpg,0,ok,1431,1777425215819.jpg,../outputs/rect_all\1777425215819.png,27a348b4ae0b7227,20260929
257,sheet_016.jpg,1,ok,645,1777599569984.jpg,../outputs/rect_all\1777599569984.png,b8f7873208d23dea,20260929
258,sheet_016.jpg,2,ok,1741,1776735749751.jpg,../outputs/rect_all\1776735749751.png,988ba5bb66859b17,20260929
259,sheet_016.jpg,3,ok,3538,1775526148868.jpg,../outputs/rect_all\1775526148868.png,a3f16f5640fedf48,20260929
260,sheet_016.jpg,4,ok,7999,1775876061315.jpg,../outputs/rect_all\1775876061315.png,dd5144b620c6c5f3,20260929
261,sheet_016.jpg,5,ok,5777,1774411060997.jpg,../outputs/rect_all\1774411060997.png,7353bbbc1150c609,20260929
262,sheet_016.jpg,6,ok,5892,1774487401593.jpg,../outputs/rect_all\1774487401593.png,0445fb07ee669254,20260929
263,sheet_016.jpg,7,ok,5566,1774409067691.jpg,../outputs/rect_all\1774409067691.png,f288321862e818c5,20260929
264,sheet_016.jpg,8,ok,2841,1776389876316.jpg,../outputs/rect_all\1776389876316.png,75f9c3ebcd131606,20260929
265,sheet_016.jpg,9,ok,327,1777263116822.jpg,../outputs/rect_all\1777263116822.png,13387f059f28db74,20260929
266,sheet_016.jpg,10,ok,2395,1776387900631.jpg,../outputs/rect_all\1776387900631.png,2e1bc4f078d03614,20260929
267,sheet_016.jpg,11,ok,7198,1773794627375.jpg,../outputs/rect_all\1773794627375.png,49c3d315b3f678f4,20260929
268,sheet_016.jpg,12,ok,1304,1777270253657.jpg,../outputs/rect_all\1777270253657.png,950f475ff82ab21c,20260929
269,sheet_016.jpg,13,ok,3547,1775528008953.jpg,../outputs/rect_all\1775528008953.png,cdbbfbc89cd15f0f,20260929
270,sheet_016.jpg,14,ok,5922,1774408069099.jpg,../outputs/rect_all\1774408069099.png,c518a5663b22ef86,20260929
271,sheet_016.jpg,15,ok,7119,1773803631318.jpg,../outputs/rect_all\1773803631318.png,d1b2ef16ec43a8db,20260929
272,sheet_016.jpg,16,ok,2775,1776389250467.jpg,../outputs/rect_all\1776389250467.png,528d89e9bfb0968a,20260929
273,sheet_017.jpg,0,ok,8160,1773970740691.jpg,../outputs/rect_all\1773970740691.png,25a1ff217131c5b8,20260929
274,sheet_017.jpg,1,ok,3918,1775704657605.jpg,../outputs/rect_all\1775704657605.png,2a2982283ca3360d,20260929
275,sheet_017.jpg,2,ok,8142,1773880399153.jpg,../outputs/rect_all\1773880399153.png,dbe947c11c35f2d6,20260929
276,sheet_017.jpg,3,ok,1262,1777339920778.jpg,../outputs/rect_all\1777339920778.png,195c6ed93aeaa73c,20260929
277,sheet_017.jpg,4,ok,1847,1776990299391.jpg,../outputs/rect_all\1776990299391.png,16bd437bf99e1c4e,20260929
278,sheet_017.jpg,5,ok,3407,1776831656775.jpg,../outputs/rect_all\1776831656775.png,74ac227039b665ee,20260929
279,sheet_017.jpg,6,ok,8079,1775873872742.jpg,../outputs/rect_all\1775873872742.png,3285e86d01999311,20260929
280,sheet_017.jpg,7,ok,7074,1774332604349.jpg,../outputs/rect_all\1774332604349.png,daff7c6225c0a0dc,20260929
281,sheet_017.jpg,8,ok,6772,1778815998920.jpg,../outputs/rect_all\1778815998920.png,ec8b66fea6e3bc82,20260929
282,sheet_017.jpg,9,ok,5597,1774489436012.jpg,../outputs/rect_all\1774489436012.png,a2cbefb49af49200,20260929
283,sheet_017.jpg,10,ok,458,1777423365999.jpg,../outputs/rect_all\1777423365999.png,8bdc608c16d8a02f,20260929
284,sheet_017.jpg,11,ok,1805,1779242599678.jpg,../outputs/rect_all\1779242599678.png,6c4c68f16b0164e9,20260929
285,sheet_017.jpg,12,ok,2864,1776649446581.jpg,../outputs/rect_all\1776649446581.png,ac943b9879ab7e4f,20260929
286,sheet_017.jpg,13,ok,6307,1774502714880.jpg,../outputs/rect_all\1774502714880.png,48d63d5be1e984ce,20260929
287,sheet_017.jpg,14,ok,8185,1773889911200.jpg,../outputs/rect_all\1773889911200.png,051c73d409b68a24,20260929
288,sheet_017.jpg,15,ok,8329,1775704015958.jpg,../outputs/rect_all\1775704015958.png,eaa5fbc16db5af97,20260929
289,sheet_017.jpg,16,ok,1108,1778030735839.jpg,../outputs/rect_all\1778030735839.png,c6d7f82700b32007,20260929
290,sheet_018.jpg,0,ok,7721,1776473865081.jpg,../outputs/rect_all\1776473865081.png,51e38302ca4a6e4c,20260929
291,sheet_018.jpg,1,ok,7895,1775874542554.jpg,../outputs/rect_all\1775874542554.png,05e9bb2c9c044b35,20260929
292,sheet_018.jpg,2,ok,2120,1779091747474.jpg,../outputs/rect_all\1779091747474.png,b1f849e1098304b7,20260929
293,sheet_018.jpg,3,ok,4264,1776133804029.jpg,../outputs/rect_all\1776133804029.png,ebea5166ee214940,20260929
294,sheet_018.jpg,4,ok,3979,1776045032307.jpg,../outputs/rect_all\1776045032307.png,5c0cd98c7a81b1cd,20260929
295,sheet_018.jpg,5,ok,6762,1775532273664.jpg,../outputs/rect_all\1775532273664.png,0e0e55d759eeff90,20260929
296,sheet_018.jpg,6,ok,3869,1775699177362.jpg,../outputs/rect_all\1775699177362.png,ea829ec164e4e20f,20260929
297,sheet_018.jpg,7,ok,3270,1776215803298.jpg,../outputs/rect_all\1776215803298.png,a3ada14795527a71,20260929
298,sheet_018.jpg,8,ok,6670,1778216675035.jpg,../outputs/rect_all\1778216675035.png,f5bf44af201872c5,20260929
299,sheet_018.jpg,9,ok,205,1777945619928.jpg,../outputs/rect_all\1777945619928.png,d72db9c3acf7f26a,20260929
300,sheet_018.jpg,10,ok,8287,1775703949172.jpg,../outputs/rect_all\1775703949172.png,67161a436d45505d,20260929
301,sheet_018.jpg,11,ok,6997,1774054161240.jpg,../outputs/rect_all\1774054161240.png,102d8ad0b9a84ca6,20260929
302,sheet_018.jpg,12,ok,6594,1773798450570.jpg,../outputs/rect_all\1773798450570.png,1724afb8cfeae234,20260929
303,sheet_018.jpg,13,ok,8018,1775888096362.jpg,../outputs/rect_all\1775888096362.png,04b20967fc586223,20260929
304,sheet_018.jpg,14,ok,6446,1774322245739.jpg,../outputs/rect_all\1774322245739.png,407a669f61c9bb8e,20260929
305,sheet_018.jpg,15,ok,7289,1774676694934.jpg,../outputs/rect_all\1774676694934.png,b63b5a4c3ebc9deb,20260929
306,sheet_018.jpg,16,ok,8081,1775873440489.jpg,../outputs/rect_all\1775873440489.png,d8d8ae9d492becc8,20260929
307,sheet_019.jpg,0,ok,2174,1776395340124.jpg,../outputs/rect_all\1776395340124.png,153f2d9a494d238d,20260929
308,sheet_019.jpg,1,ok,5393,1774576501260.jpg,../outputs/rect_all\1774576501260.png,38c403c2f0edf4a8,20260929
309,sheet_019.jpg,2,ok,4554,1776299382148.jpg,../outputs/rect_all\1776299382148.png,23bc8413a0136e8b,20260929
310,sheet_019.jpg,3,ok,5984,1774591078088.jpg,../outputs/rect_all\1774591078088.png,47dbec5e70b503d2,20260929
311,sheet_019.jpg,4,ok,7931,1776051132171.jpg,../outputs/rect_all\1776051132171.png,d64eb54a62d6c383,20260929
312,sheet_019.jpg,5,ok,7432,1774062497296.jpg,../outputs/rect_all\1774062497296.png,b942c05bea5da6de,20260929
313,sheet_019.jpg,6,ok,4628,1776305933589.jpg,../outputs/rect_all\1776305933589.png,c337dcf5c9b6fc0c,20260929
314,sheet_019.jpg,7,ok,6390,1774403884201.jpg,../outputs/rect_all\1774403884201.png,5da6fc80087779e0,20260929
315,sheet_019.jpg,8,ok,4236,1776131952299.jpg,../outputs/rect_all\1776131952299.png,aea5129933e51d9b,20260929
316,sheet_019.jpg,9,ok,7028,1774326002008.jpg,../outputs/rect_all\1774326002008.png,3535dad4227409f6,20260929
317,sheet_019.jpg,10,ok,7154,1773711839152.jpg,../outputs/rect_all\1773711839152.png,a71cc7079e8f011f,20260929
318,sheet_019.jpg,11,ok,6323,1774406102947.jpg,../outputs/rect_all\1774406102947.png,7c2029bbf4d48ac1,20260929
319,sheet_019.jpg,12,ok,1742,1776735768173.jpg,../outputs/rect_all\1776735768173.png,9c42afa5c87343d8,20260929
320,sheet_019.jpg,13,ok,3690,1775616372907.jpg,../outputs/rect_all\1775616372907.png,195ba5685858a754,20260929
321,sheet_019.jpg,14,ok,6523,1773719557693.jpg,../outputs/rect_all\1773719557693.png,1563f6bf9c91193a,20260929
322,sheet_019.jpg,15,ok,4343,1776216633725.jpg,../outputs/rect_all\1776216633725.png,8a04c46b8b633bed,20260929
323,sheet_019.jpg,16,ok,8260,1773969324855.jpg,../outputs/rect_all\1773969324855.png,9dd8107938f265a8,20260929
324,sheet_020.jpg,0,ok,4921,1775529230930.jpg,../outputs/rect_all\1775529230930.png,4c8feaa4758bf1b6,20260929
325,sheet_020.jpg,1,ok,6449,1774321746647.jpg,../outputs/rect_all\1774321746647.png,176c9390a472fbfe,20260929
326,sheet_020.jpg,2,ok,7698,1776473144293.jpg,../outputs/rect_all\1776473144293.png,acabdf7b4e82f0ab,20260929
327,sheet_020.jpg,3,ok,6775,1775549366122.jpg,../outputs/rect_all\1775549366122.png,d48236d0a53914fb,20260929
328,sheet_020.jpg,4,ok,619,1777866206664.jpg,../outputs/rect_all\1777866206664.png,441025e7803ddbb4,20260929
329,sheet_020.jpg,5,ok,2878,1776734010203.jpg,../outputs/rect_all\1776734010203.png,67d162444455deb0,20260929
330,sheet_020.jpg,6,ok,3536,1775526355377.jpg,../outputs/rect_all\1775526355377.png,a3e5a223e5ed7dd8,20260929
331,sheet_020.jpg,7,ok,6486,1774051708771.jpg,../outputs/rect_all\1774051708771.png,452a2901612820cd,20260929
332,sheet_020.jpg,8,ok,4137,1775870664782.jpg,../outputs/rect_all\1775870664782.png,89a71218e362e2b7,20260929
333,sheet_020.jpg,9,ok,4690,1776129554073.jpg,../outputs/rect_all\1776129554073.png,8f00a60ad49b8a4e,20260929
334,sheet_020.jpg,10,ok,4353,1776138266243.jpg,../outputs/rect_all\1776138266243.png,7f8ccb2df888fea8,20260929
335,sheet_020.jpg,11,ok,7384,1774316914662.jpg,../outputs/rect_all\1774316914662.png,45cbde52e1dfc445,20260929
336,sheet_020.jpg,12,ok,5742,1774573368601.jpg,../outputs/rect_all\1774573368601.png,2d9df96a25b7ffe4,20260929
337,sheet_020.jpg,13,ok,3254,1776216971586.jpg,../outputs/rect_all\1776216971586.png,5f55f20ad48ec681,20260929
338,sheet_020.jpg,14,ok,8243,1773888263722.jpg,../outputs/rect_all\1773888263722.png,ec2ff94f8243e80e,20260929
339,sheet_020.jpg,15,ok,8015,1775877487133.jpg,../outputs/rect_all\1775877487133.png,c7ad04018f3fd5d5,20260929
340,sheet_020.jpg,16,ok,272,1777602432580.jpg,../outputs/rect_all\1777602432580.png,6de9226868bbc9f3,20260929
341,sheet_021.jpg,0,ok,6692,1775527198768.jpg,../outputs/rect_all\1775527198768.png,6f121d7b9b55fb38,20260929
342,sheet_021.jpg,1,ok,5890,1774490658837.jpg,../outputs/rect_all\1774490658837.png,accee2200fa9ab95,20260929
343,sheet_021.jpg,2,ok,2691,1776303406473.jpg,../outputs/rect_all\1776303406473.png,c6ea59ad1601acf9,20260929
344,sheet_021.jpg,3,ok,7553,1774062080872.jpg,../outputs/rect_all\1774062080872.png,645f217e825ddcbf,20260929
345,sheet_021.jpg,4,ok,6450,1774321770592.jpg,../outputs/rect_all\1774321770592.png,502717b8830ccf83,20260929
346,sheet_021.jpg,5,ok,2350,1776385060264.jpg,../outputs/rect_all\1776385060264.png,146787875b52c56e,20260929
347,sheet_021.jpg,6,ok,5982,1774591634497.jpg,../outputs/rect_all\1774591634497.png,3277b2391700a132,20260929
348,sheet_021.jpg,7,ok,4245,1776212623271.jpg,../outputs/rect_all\1776212623271.png,d90aada8cdf209b8,20260929
349,sheet_021.jpg,8,ok,5702,1774576073287.jpg,../outputs/rect_all\1774576073287.png,0ea4699cb994cb68,20260929
350,sheet_021.jpg,9,ok,5783,1774411708136.jpg,../outputs/rect_all\1774411708136.png,7c1fe9f651a0be5e,20260929
351,sheet_021.jpg,10,ok,7928,1775887931329.jpg,../outputs/rect_all\1775887931329.png,6227cc579c5a4116,20260929
352,sheet_021.jpg,11,ok,201,1777599808152.jpg,../outputs/rect_all\1777599808152.png,2ce68be4d0eb785e,20260929
353,sheet_021.jpg,12,ok,1002,1777345769422.jpg,../outputs/rect_all\1777345769422.png,9e6a6ea9f6c7be24,20260929
354,sheet_021.jpg,13,ok,7533,1774060191746.jpg,../outputs/rect_all\1774060191746.png,fcbcb5031196928e,20260929
355,sheet_021.jpg,14,ok,6276,1774405215555.jpg,../outputs/rect_all\1774405215555.png,fbb76f7dd2d7c8b2,20260929
356,sheet_021.jpg,15,ok,5824,1774491786722.jpg,../outputs/rect_all\1774491786722.png,bcb89cc2020affda,20260929
357,sheet_021.jpg,16,ok,1254,1777341838885.jpg,../outputs/rect_all\1777341838885.png,fd389eb1a8d1933d,20260929
358,sheet_022.jpg,0,ok,3658,1775613514814.jpg,../outputs/rect_all\1775613514814.png,1f5016a650e0d34f,20260929
359,sheet_022.jpg,1,ok,6591,1773810835128.jpg,../outputs/rect_all\1773810835128.png,73652105a195d8c9,20260929
360,sheet_022.jpg,2,ok,6668,1775525061773.jpg,../outputs/rect_all\1775525061773.png,8d7bb877a413313f,20260929
361,sheet_022.jpg,3,ok,7145,1778553827228.jpg,../outputs/rect_all\1778553827228.png,ad3b23a0523fc963,20260929
362,sheet_022.jpg,4,ok,5859,1774490758551.jpg,../outputs/rect_all\1774490758551.png,5ca84c0786c32b1d,20260929
363,sheet_022.jpg,5,ok,3611,1775614805727.jpg,../outputs/rect_all\1775614805727.png,496d23186d77d634,20260929
364,sheet_022.jpg,6,ok,2206,1776399218743.jpg,../outputs/rect_all\1776399218743.png,25c22f2b9187a375,20260929
365,sheet_022.jpg,7,ok,4846,1775871403705.jpg,../outputs/rect_all\1775871403705.png,fef18699d0dc7df8,20260929
366,sheet_022.jpg,8,ok,4911,1775530381757.jpg,../outputs/rect_all\1775530381757.png,c5606f0aeb4cc1e3,20260929
367,sheet_022.jpg,9,ok,2462,1776997190403.jpg,../outputs/rect_all\1776997190403.png,571fb435a56aa9bb,20260929
368,sheet_022.jpg,10,ok,3430,1776832711912.jpg,../outputs/rect_all\1776832711912.png,8ebe518034db9d2c,20260929
369,sheet_022.jpg,11,ok,5960,1774407254832.jpg,../outputs/rect_all\1774407254832.png,93d79afa7c160324,20260929
370,sheet_022.jpg,12,ok,6755,1775549482076.jpg,../outputs/rect_all\1775549482076.png,6cf6902f54ae93fe,20260929
371,sheet_022.jpg,13,ok,5530,1774058455354.jpg,../outputs/rect_all\1774058455354.png,00b16759557d4682,20260929
372,sheet_022.jpg,14,ok,7484,1774064552106.jpg,../outputs/rect_all\1774064552106.png,78a4f9d7671d315e,20260929
373,sheet_022.jpg,15,ok,3252,1776216410187.jpg,../outputs/rect_all\1776216410187.png,f44ca1783376a931,20260929
374,sheet_022.jpg,16,ok,7893,1775887498140.jpg,../outputs/rect_all\1775887498140.png,6cdf12f73173a0b0,20260929
375,sheet_023.jpg,0,ok,6269,1774490752915.jpg,../outputs/rect_all\1774490752915.png,a35c1fc3bdaadcee,20260929
376,sheet_023.jpg,1,ok,7540,1774060427896.jpg,../outputs/rect_all\1774060427896.png,0103d2acd3d0cb4d,20260929
377,sheet_023.jpg,2,ok,3265,1776217319992.jpg,../outputs/rect_all\1776217319992.png,58a74d1da11e276a,20260929
378,sheet_023.jpg,3,ok,8159,1773880539295.jpg,../outputs/rect_all\1773880539295.png,028f230f7085d73d,20260929
379,sheet_023.jpg,4,ok,1996,1779089319622.jpg,../outputs/rect_all\1779089319622.png,cfe7029bb1c81152,20260929
380,sheet_023.jpg,5,ok,1366,1778210420781.jpg,../outputs/rect_all\1778210420781.png,aa3935a484246e34,20260929
381,sheet_023.jpg,6,ok,3281,1776216721735.jpg,../outputs/rect_all\1776216721735.png,4e36f0ee1e76128e,20260929
382,sheet_023.jpg,7,ok,477,1777425196944.jpg,../outputs/rect_all\1777425196944.png,f15720542f1547ea,20260929
383,sheet_023.jpg,8,ok,6572,1773723863201.jpg,../outputs/rect_all\1773723863201.png,f948456c90923570,20260929
384,sheet_023.jpg,9,ok,2774,1776387184596.jpg,../outputs/rect_all\1776387184596.png,7aa379b7559f2377,20260929
385,sheet_023.jpg,10,ok,7364,1774317044528.jpg,../outputs/rect_all\1774317044528.png,4a9fb9b7925e3d06,20260929
386,sheet_023.jpg,11,ok,5693,1774574427296.jpg,../outputs/rect_all\1774574427296.png,10acb833e7e7fc75,20260929
387,sheet_023.jpg,12,ok,6801,1775549295880.jpg,../outputs/rect_all\1775549295880.png,05743e934ceb0a48,20260929
388,sheet_023.jpg,13,ok,7899,1775888580255.jpg,../outputs/rect_all\1775888580255.png,9fa9288ff41f8666,20260929
389,sheet_023.jpg,14,ok,7793,1776475753971.jpg,../outputs/rect_all\1776475753971.png,aa13931927f0a30a,20260929
390,sheet_023.jpg,15,ok,724,1777601854353.jpg,../outputs/rect_all\1777601854353.png,f61cbe43baff3998,20260929
391,sheet_023.jpg,16,ok,2643,1776306502864.jpg,../outputs/rect_all\1776306502864.png,f325dd1df9e547b9,20260929
392,sheet_024.jpg,0,ok,7341,1778720805425.jpg,../outputs/rect_all\1778720805425.png,658d10c110f04a4d,20260929
393,sheet_024.jpg,1,ok,6062,1774582110091.jpg,../outputs/rect_all\1774582110091.png,cdd4f2007f125032,20260929
394,sheet_024.jpg,2,ok,5491,1774054109558.jpg,../outputs/rect_all\1774054109558.png,58be7d012ff4d025,20260929
395,sheet_024.jpg,3,ok,3911,1775704998287.jpg,../outputs/rect_all\1775704998287.png,f090eaeddc4de872,20260929
396,sheet_024.jpg,4,ok,4195,1775869670871.jpg,../outputs/rect_all\1775869670871.png,0f6e6abd27c5aed7,20260929
397,sheet_024.jpg,5,ok,2754,1776387841742.jpg,../outputs/rect_all\1776387841742.png,5b72305afcb8b5f0,20260929
398,sheet_024.jpg,6,ok,6389,1774403872684.jpg,../outputs/rect_all\1774403872684.png,c06cbeb7365a89ec,20260929
399,sheet_024.jpg,7,ok,3728,1775696759195.jpg,../outputs/rect_all\1775696759195.png,3809b22c208b4392,20260929
400,sheet_024.jpg,8,ok,3255,1776216540986.jpg,../outputs/rect_all\1776216540986.png,b2e794a3a7ec8a21,20260929
401,sheet_024.jpg,9,ok,193,1777689490851.jpg,../outputs/rect_all\1777689490851.png,982f8e94c6d4539a,20260929
402,sheet_024.jpg,10,ok,5344,1774662702873.jpg,../outputs/rect_all\1774662702873.png,faf90436a754871f,20260929
403,sheet_024.jpg,11,ok,4807,1775874529682.jpg,../outputs/rect_all\1775874529682.png,af29d621b4bd5103,20260929
404,sheet_024.jpg,12,ok,954,1777263040317.jpg,../outputs/rect_all\1777263040317.png,57d582a539588cf8,20260929
405,sheet_024.jpg,13,ok,3432,1776824549219.jpg,../outputs/rect_all\1776824549219.png,18fa9a078100880b,20260929
406,sheet_024.jpg,14,ok,6681,1775525294136.jpg,../outputs/rect_all\1775525294136.png,0e67c47a45097531,20260929
407,sheet_024.jpg,15,ok,6824,1775549160962.jpg,../outputs/rect_all\1775549160962.png,a1225b31bb64420f,20260929
408,sheet_024.jpg,16,ok,3801,1776477228246.jpg,../outputs/rect_all\1776477228246.png,173f6f8709d82a77,20260929
409,sheet_025.jpg,0,ok,6534,1773808974474.jpg,../outputs/rect_all\1773808974474.png,f116200f570a76eb,20260929
410,sheet_025.jpg,1,ok,2984,1776301150851.jpg,../outputs/rect_all\1776301150851.png,85bcc91b758dc7a6,20260929
411,sheet_025.jpg,2,ok,3710,1775786324622.jpg,../outputs/rect_all\1775786324622.png,a8f49f6b359e3ff3,20260929
412,sheet_025.jpg,3,ok,8265,1773882184460.jpg,../outputs/rect_all\1773882184460.png,95c1d56533a2dad8,20260929
413,sheet_025.jpg,4,ok,2869,1776649800518.jpg,../outputs/rect_all\1776649800518.png,3c114962f7f8c23d,20260929
414,sheet_025.jpg,5,ok,1951,1776994883283.jpg,../outputs/rect_all\1776994883283.png,9ec6bcb3c7c40ecb,20260929
415,sheet_025.jpg,6,ok,5068,1775710736617.jpg,../outputs/rect_all\1775710736617.png,4cb9ccabca6e8d6b,20260929
416,sheet_025.jpg,7,ok,7542,1774323080076.jpg,../outputs/rect_all\1774323080076.png,f4f5f4b14ff97d9a,20260929
417,sheet_025.jpg,8,ok,6184,1773712702548.jpg,../outputs/rect_all\1773712702548.png,4346a579b7652f32,20260929
418,sheet_025.jpg,9,ok,356,1777346203310.jpg,../outputs/rect_all\1777346203310.png,87e55a4af4df32f2,20260929
419,sheet_025.jpg,10,ok,903,1777516407554.jpg,../outputs/rect_all\1777516407554.png,fa0fa75b6dc9446c,20260929
420,sheet_025.jpg,11,ok,5103,1773797392526.jpg,../outputs/rect_all\1773797392526.png,e535474f02f3afcd,20260929
421,sheet_025.jpg,12,ok,3524,1775526048726.jpg,../outputs/rect_all\1775526048726.png,de61ccdc9141a01e,20260929
422,sheet_025.jpg,13,ok,6776,1775549384966.jpg,../outputs/rect_all\1775549384966.png,7f642a6e34db8636,20260929
423,sheet_025.jpg,14,ok,5409,1778810556920.jpg,../outputs/rect_all\1778810556920.png,0b0e1e5258ba4d29,20260929
424,sheet_025.jpg,15,ok,1454,1777425333575.jpg,../outputs/rect_all\1777425333575.png,a305f50a756c0f1b,20260929
425,sheet_025.jpg,16,ok,4537,1776302762542.jpg,../outputs/rect_all\1776302762542.png,c4f567820465ed74,20260929
426,sheet_026.jpg,0,ok,7222,1773712381488.jpg,../outputs/rect_all\1773712381488.png,746a83e60a57060d,20260929
427,sheet_026.jpg,1,ok,4734,1776131856591.jpg,../outputs/rect_all\1776131856591.png,7d32513204613077,20260929
428,sheet_026.jpg,2,ok,6007,1774591736761.jpg,../outputs/rect_all\1774591736761.png,8060d36edbbfcb69,20260929
429,sheet_026.jpg,3,ok,3873,1775700167855.jpg,../outputs/rect_all\1775700167855.png,2695c8c56956e7b0,20260929
430,sheet_026.jpg,4,ok,6291,1774404334109.jpg,../outputs/rect_all\1774404334109.png,d645766a4bf38c6b,20260929
431,sheet_026.jpg,5,ok,2738,1776387063920.jpg,../outputs/rect_all\1776387063920.png,a38cfc66cdcaafae,20260929
432,sheet_026.jpg,6,ok,6667,1775525039540.jpg,../outputs/rect_all\1775525039540.png,527029fb5204bd67,20260929
433,sheet_026.jpg,7,ok,7756,1776475017080.jpg,../outputs/rect_all\1776475017080.png,37ff430b74f9ab3c,20260929
434,sheet_026.jpg,8,ok,4036,1776304954590.jpg,../outputs/rect_all\1776304954590.png,b201d3397b5756ee,20260929
435,sheet_026.jpg,9,ok,4253,1776216012082.jpg,../outputs/rect_all\1776216012082.png,11ef8807447d64e0,20260929
436,sheet_026.jpg,10,ok,4735,1776217404674.jpg,../outputs/rect_all\1776217404674.png,cf31b646c5c43989,20260929
437,sheet_026.jpg,11,ok,4820,1775875212559.jpg,../outputs/rect_all\1775875212559.png,c6e600847283e883,20260929
438,sheet_026.jpg,12,ok,1131,1778030224584.jpg,../outputs/rect_all\1778030224584.png,7d5e5e72e2a75ae7,20260929
439,sheet_026.jpg,13,ok,5661,1774414173297.jpg,../outputs/rect_all\1774414173297.png,03624a18657e3678,20260929
440,sheet_026.jpg,14,ok,7717,1776473999140.jpg,../outputs/rect_all\1776473999140.png,a98dad7a3c75c829,20260929
441,sheet_026.jpg,15,ok,3358,1776225607488.jpg,../outputs/rect_all\1776225607488.png,948997f696720ee7,20260929
442,sheet_026.jpg,16,ok,5498,1774055068597.jpg,../outputs/rect_all\1774055068597.png,e1c488d997546f43,20260929
443,sheet_027.jpg,0,ok,1119,1778029984964.jpg,../outputs/rect_all\1778029984964.png,9e92711e00b995e6,20260929
444,sheet_027.jpg,1,ok,3616,1775529342530.jpg,../outputs/rect_all\1775529342530.png,afbdabe246e3a35b,20260929
445,sheet_027.jpg,2,ok,7016,1774323223460.jpg,../outputs/rect_all\1774323223460.png,755bd7efc51a75aa,20260929
446,sheet_027.jpg,3,ok,8011,1775877091587.jpg,../outputs/rect_all\1775877091587.png,bbfb996b25672d97,20260929
447,sheet_027.jpg,4,ok,1360,1778204554031.jpg,../outputs/rect_all\1778204554031.png,95f659f2707ce8e7,20260929
448,sheet_027.jpg,5,ok,243,1777597817117.jpg,../outputs/rect_all\1777597817117.png,821843f6b4584b7f,20260929
449,sheet_027.jpg,6,ok,8282,1775700521488.jpg,../outputs/rect_all\1775700521488.png,87f820d0341a57eb,20260929
450,sheet_027.jpg,7,ok,6552,1773808750427.jpg,../outputs/rect_all\1773808750427.png,97e99a4a07f3551d,20260929
451,sheet_027.jpg,8,ok,506,1777426623942.jpg,../outputs/rect_all\1777426623942.png,d2f3477dad7eb7b5,20260929
452,sheet_027.jpg,9,ok,7706,1776473367476.jpg,../outputs/rect_all\1776473367476.png,de2a3e17bcfe8ea5,20260929
453,sheet_027.jpg,10,ok,565,1777456223109.jpg,../outputs/rect_all\1777456223109.png,326e2c8a7491c32a,20260929
454,sheet_027.jpg,11,ok,7106,1773711464971.jpg,../outputs/rect_all\1773711464971.png,1ddb586927a93030,20260929
455,sheet_027.jpg,12,ok,2468,1776997504554.jpg,../outputs/rect_all\1776997504554.png,6b844382808371b7,20260929
456,sheet_027.jpg,13,ok,6571,1773723811656.jpg,../outputs/rect_all\1773723811656.png,37f7c2b99d88e0ad,20260929
457,sheet_027.jpg,14,ok,6298,1774405278836.jpg,../outputs/rect_all\1774405278836.png,3521c17a7a9d0472,20260929
458,sheet_027.jpg,15,ok,4119,1776048311774.jpg,../outputs/rect_all\1776048311774.png,1b43f3f1c49e4245,20260929
459,sheet_027.jpg,16,ok,470,1777422909949.jpg,../outputs/rect_all\1777422909949.png,d39af4b87d5fd9e6,20260929
460,sheet_028.jpg,0,ok,6123,1773706347077.jpg,../outputs/rect_all\1773706347077.png,cf6b0f42a0e6efa7,20260929
461,sheet_028.jpg,1,ok,6388,1774502853143.jpg,../outputs/rect_all\1774502853143.png,7cecfce9b3b13220,20260929
462,sheet_028.jpg,2,ok,5988,1774583036619.jpg,../outputs/rect_all\1774583036619.png,b254fdedb86a7e3f,20260929
463,sheet_028.jpg,3,ok,4592,1776307414052.jpg,../outputs/rect_all\1776307414052.png,2530cae017354efb,20260929
464,sheet_028.jpg,4,ok,8201,1773971148104.jpg,../outputs/rect_all\1773971148104.png,fc0abbbeb649d27e,20260929
465,sheet_028.jpg,5,ok,8335,1775708265919.jpg,../outputs/rect_all\1775708265919.png,5e0688742ee3dbf6,20260929
466,sheet_028.jpg,6,ok,1008,1777253546350.jpg,../outputs/rect_all\1777253546350.png,853711d7b026c454,20260929
467,sheet_028.jpg,7,ok,4998,1775711263110.jpg,../outputs/rect_all\1775711263110.png,da6e401419b33fec,20260929
468,sheet_028.jpg,8,ok,4696,1776217107400.jpg,../outputs/rect_all\1776217107400.png,dda46f847d67bc97,20260929
469,sheet_028.jpg,9,ok,7406,1774317211443.jpg,../outputs/rect_all\1774317211443.png,59d1c9154ed3fd51,20260929
470,sheet_028.jpg,10,ok,6609,1773810749759.jpg,../outputs/rect_all\1773810749759.png,192933d2a2e54488,20260929
471,sheet_028.jpg,11,ok,6691,1775527782097.jpg,../outputs/rect_all\1775527782097.png,82105cb8f5422bf3,20260929
472,sheet_028.jpg,12,ok,1567,1776998337757.jpg,../outputs/rect_all\1776998337757.png,e8e627de1b7b0eed,20260929
473,sheet_028.jpg,13,ok,4316,1776136313444.jpg,../outputs/rect_all\1776136313444.png,9a28c3ac4c16feec,20260929
474,sheet_028.jpg,14,ok,5574,1774489727341.jpg,../outputs/rect_all\1774489727341.png,d2de61e8399c747f,20260929
475,sheet_028.jpg,15,ok,7018,1774323248866.jpg,../outputs/rect_all\1774323248866.png,4a652a98af9b1372,20260929
476,sheet_028.jpg,16,ok,6060,1774581917078.jpg,../outputs/rect_all\1774581917078.png,52d8bfdb75971ab1,20260929
477,sheet_029.jpg,0,ok,8022,1775885301285.jpg,../outputs/rect_all\1775885301285.png,ab1765f1a65c1620,20260929
478,sheet_029.jpg,1,ok,4034,1776305352944.jpg,../outputs/rect_all\1776305352944.png,70a746fbf30d8ac4,20260929
479,sheet_029.jpg,2,ok,6566,1773720093091.jpg,../outputs/rect_all\1773720093091.png,0c3ef9949e26f91f,20260929
480,sheet_029.jpg,3,ok,3847,1775697688924.jpg,../outputs/rect_all\1775697688924.png,aa2cd6aa25f8fcb0,20260929
481,sheet_029.jpg,4,ok,3855,1775789112418.jpg,../outputs/rect_all\1775789112418.png,7bd35d043541fb05,20260929
482,sheet_029.jpg,5,ok,2123,1776912273846.jpg,../outputs/rect_all\1776912273846.png,fa085449b1b82c8f,20260929
483,sheet_029.jpg,6,ok,7368,1774667929983.jpg,../outputs/rect_all\1774667929983.png,855a39a690e77965,20260929
484,sheet_029.jpg,7,ok,1230,1777344549477.jpg,../outputs/rect_all\1777344549477.png,74d70143b85e7dca,20260929
485,sheet_029.jpg,8,ok,4028,1776305278767.jpg,../outputs/rect_all\1776305278767.png,b714e523a38e8efd,20260929
486,sheet_029.jpg,9,ok,2347,1776391403907.jpg,../outputs/rect_all\1776391403907.png,5249c89102690b98,20260929
487,sheet_029.jpg,10,ok,7938,1776051198374.jpg,../outputs/rect_all\1776051198374.png,b6f7fdd667f4c966,20260929
488,sheet_029.jpg,11,ok,2169,1776395540761.jpg,../outputs/rect_all\1776395540761.png,b6e143c1b43053d4,20260929
489,sheet_029.jpg,12,ok,2226,1776388158438.jpg,../outputs/rect_all\1776388158438.png,b3cabba891266180,20260929
490,sheet_029.jpg,13,ok,5678,1774574338982.jpg,../outputs/rect_all\1774574338982.png,f68b414b13d945fc,20260929
491,sheet_029.jpg,14,ok,3715,1775696666207.jpg,../outputs/rect_all\1775696666207.png,54ccbbd2a4e325a7,20260929
492,sheet_029.jpg,15,ok,6783,1775525381557.jpg,../outputs/rect_all\1775525381557.png,b1b6850b6d4da4fc,20260929
493,sheet_029.jpg,16,ok,5752,1774407432324.jpg,../outputs/rect_all\1774407432324.png,cb786e89ae963ca8,20260929
494,sheet_030.jpg,0,ok,2161,1776396669842.jpg,../outputs/rect_all\1776396669842.png,911dd984fc53346f,20260929
495,sheet_030.jpg,1,ok,3987,1775878232578.jpg,../outputs/rect_all\1775878232578.png,7c9594e19d873f76,20260929
496,sheet_030.jpg,2,ok,1574,1777081595204.jpg,../outputs/rect_all\1777081595204.png,27879ba9b9b97473,20260929
497,sheet_030.jpg,3,ok,1870,1779231519676.jpg,../outputs/rect_all\1779231519676.png,65c7a3f6b5ecfad5,20260929
498,sheet_030.jpg,4,ok,468,1777454416513.jpg,../outputs/rect_all\1777454416513.png,7111fa16375e50a4,20260929
499,sheet_030.jpg,5,ok,6296,1774492865786.jpg,../outputs/rect_all\1774492865786.png,f00cbc9924616704,20260929
500,sheet_030.jpg,6,ok,505,1777426610201.jpg,../outputs/rect_all\1777426610201.png,2553b8a71b4a33ff,20260929
501,sheet_030.jpg,7,ok,1240,1777254620637.jpg,../outputs/rect_all\1777254620637.png,e0dce16729d1bdb7,20260929
502,sheet_030.jpg,8,ok,2736,1776472257424.jpg,../outputs/rect_all\1776472257424.png,6b876dd04c7e0dd5,20260929
503,sheet_030.jpg,9,ok,7884,1775888200904.jpg,../outputs/rect_all\1775888200904.png,be9ddaaa49bdd082,20260929
504,sheet_030.jpg,10,ok,7526,1774668647874.jpg,../outputs/rect_all\1774668647874.png,fcf7fd5f61b89604,20260929
505,sheet_030.jpg,11,ok,4773,1776304674844.jpg,../outputs/rect_all\1776304674844.png,18366cf319c81fc3,20260929
506,sheet_030.jpg,12,ok,92,1778206460852.jpg,../outputs/rect_all\1778206460852.png,cfcdfbcc5211a12b,20260929
507,sheet_030.jpg,13,ok,432,1777455946113.jpg,../outputs/rect_all\1777455946113.png,0e75c6de58240856,20260929
508,sheet_030.jpg,14,ok,5503,1774317631400.jpg,../outputs/rect_all\1774317631400.png,1eda80788dede52a,20260929
509,sheet_030.jpg,15,ok,1117,1778120561986.jpg,../outputs/rect_all\1778120561986.png,67968a4db7b27b2d,20260929
510,sheet_030.jpg,16,ok,6774,1778816055340.jpg,../outputs/rect_all\1778816055340.png,476f13d33934423d,20260929
511,sheet_031.jpg,0,ok,2672,1776219358434.jpg,../outputs/rect_all\1776219358434.png,5b66d33ba4ab35f2,20260929
512,sheet_031.jpg,1,ok,5949,1774406024344.jpg,../outputs/rect_all\1774406024344.png,0240b70da99d1798,20260929
513,sheet_031.jpg,2,ok,3783,1775790056303.jpg,../outputs/rect_all\1775790056303.png,73cee3f3429c378a,20260929
514,sheet_031.jpg,3,ok,2194,1776399113924.jpg,../outputs/rect_all\1776399113924.png,641fd456fe18e3ee,20260929
515,sheet_031.jpg,4,ok,2035,1776824314862.jpg,../outputs/rect_all\1776824314862.png,73e987c73695a519,20260929
516,sheet_031.jpg,5,ok,1580,1779066529559.jpg,../outputs/rect_all\1779066529559.png,2527816cfea3d845,20260929
517,sheet_031.jpg,6,ok,8278,1773887042669.jpg,../outputs/rect_all\1773887042669.png,780b5f294e410d3e,20260929
518,sheet_031.jpg,7,ok,4389,1776127534709.jpg,../outputs/rect_all\1776127534709.png,3c7023ca389ddba0,20260929
519,sheet_031.jpg,8,ok,3059,1776216239814.jpg,../outputs/rect_all\1776216239814.png,91e93ed688c7f6cd,20260929
520,sheet_031.jpg,9,ok,7138,1773804704509.jpg,../outputs/rect_all\1773804704509.png,266e7498eb4123fb,20260929
521,sheet_031.jpg,10,ok,95,1778119069967.jpg,../outputs/rect_all\1778119069967.png,eba6b04127b78a59,20260929
522,sheet_031.jpg,11,ok,2642,1776305988504.jpg,../outputs/rect_all\1776305988504.png,68b74f2420709e03,20260929
523,sheet_031.jpg,12,ok,4671,1776216221575.jpg,../outputs/rect_all\1776216221575.png,3cf0cad8e8ba5c8e,20260929
524,sheet_031.jpg,13,ok,6559,1773723109463.jpg,../outputs/rect_all\1773723109463.png,6120fdbd2f60c695,20260929
525,sheet_031.jpg,14,ok,6553,1773719720143.jpg,../outputs/rect_all\1773719720143.png,1c21356413d20ba3,20260929
526,sheet_031.jpg,15,ok,4874,1776045357929.jpg,../outputs/rect_all\1776045357929.png,b93cf4f5f4e59483,20260929
527,sheet_031.jpg,16,ok,3691,1775616386088.jpg,../outputs/rect_all\1775616386088.png,2297191ef03cb04c,20260929
528,sheet_032.jpg,0,ok,1463,1777450647556.jpg,../outputs/rect_all\1777450647556.png,5d2c5bbb685b3ac2,20260929
529,sheet_032.jpg,1,ok,463,1777455899786.jpg,../outputs/rect_all\1777455899786.png,09e453d767a4737c,20260929
530,sheet_032.jpg,2,ok,8241,1773889019643.jpg,../outputs/rect_all\1773889019643.png,a4da59d1209f2043,20260929
531,sheet_032.jpg,3,ok,2803,1776385813479.jpg,../outputs/rect_all\1776385813479.png,324f1ed61119da73,20260929
532,sheet_032.jpg,4,ok,2019,1776825263770.jpg,../outputs/rect_all\1776825263770.png,bf76b5b38d536675,20260929
533,sheet_032.jpg,5,ok,7210,1773807517365.jpg,../outputs/rect_all\1773807517365.png,83b387642c23d796,20260929
534,sheet_032.jpg,6,ok,6292,1774404346347.jpg,../outputs/rect_all\1774404346347.png,eb2c0859b82a3ec9,20260929
535,sheet_032.jpg,7,ok,7363,1774317025277.jpg,../outputs/rect_all\1774317025277.png,cbdb9d51356e27dc,20260929
536,sheet_032.jpg,8,ok,2773,1776387166241.jpg,../outputs/rect_all\1776387166241.png,a9a70fe13f9f3ee8,20260929
537,sheet_032.jpg,9,ok,1090,1777344791720.jpg,../outputs/rect_all\1777344791720.png,22e00ed44e064d69,20260929
538,sheet_032.jpg,10,ok,6651,1773721333286.jpg,../outputs/rect_all\1773721333286.png,61c049043fbba63c,20260929
539,sheet_032.jpg,11,ok,7703,1776473750792.jpg,../outputs/rect_all\1776473750792.png,3d2fa910d4941d8d,20260929
540,sheet_032.jpg,12,ok,3643,1775526530772.jpg,../outputs/rect_all\1775526530772.png,dc38b36b50f0730a,20260929
541,sheet_032.jpg,13,ok,7755,1776474999875.jpg,../outputs/rect_all\1776474999875.png,6de67aa6ac1793e2,20260929
542,sheet_032.jpg,14,ok,995,1777264299327.jpg,../outputs/rect_all\1777264299327.png,8964026766645dba,20260929
543,sheet_032.jpg,15,ok,5797,1774410208020.jpg,../outputs/rect_all\1774410208020.png,4b16e4376c4bcd55,20260929
544,sheet_032.jpg,16,ok,1876,1779231554927.jpg,../outputs/rect_all\1779231554927.png,9ac05fbbf6605658,20260929
545,sheet_033.jpg,0,ok,1449,1777425368118.jpg,../outputs/rect_all\1777425368118.png,30e4a2e4d0761a73,20260929
546,sheet_033.jpg,1,ok,1425,1778212579534.jpg,../outputs/rect_all\1778212579534.png,8e28003547c01e49,20260929
547,sheet_033.jpg,2,ok,6992,1774320034895.jpg,../outputs/rect_all\1774320034895.png,232b5d7d21b39407,20260929
548,sheet_033.jpg,3,ok,3389,1776910166083.jpg,../outputs/rect_all\1776910166083.png,e8d4c29755901b6e,20260929
549,sheet_033.jpg,4,ok,3000,1779169693186.jpg,../outputs/rect_all\1779169693186.png,f11fd15936d53ba2,20260929
550,sheet_033.jpg,5,ok,1551,1777513112747.jpg,../outputs/rect_all\1777513112747.png,5864640989670845,20260929
551,sheet_033.jpg,6,ok,5927,1774408398432.jpg,../outputs/rect_all\1774408398432.png,c4dac5024a9f99ec,20260929
552,sheet_033.jpg,7,ok,7697,1776473130524.jpg,../outputs/rect_all\1776473130524.png,d9afd3fe04778466,20260929
553,sheet_033.jpg,8,ok,2992,1776215216269.jpg,../outputs/rect_all\1776215216269.png,de97eab5690be90d,20260929
554,sheet_033.jpg,9,ok,1089,1777255631608.jpg,../outputs/rect_all\1777255631608.png,98065c53df21d7a3,20260929
555,sheet_033.jpg,10,ok,6058,1774581739340.jpg,../outputs/rect_all\1774581739340.png,f42cec9a2d6ed1ba,20260929
556,sheet_033.jpg,11,ok,4145,1775871888442.jpg,../outputs/rect_all\1775871888442.png,a27b56e43ff69c53,20260929
557,sheet_033.jpg,12,ok,6788,1775525109349.jpg,../outputs/rect_all\1775525109349.png,a3d84c692396aab7,20260929
558,sheet_033.jpg,13,ok,4048,1776311527505.jpg,../outputs/rect_all\1776311527505.png,1a2f8c8af48e5ddc,20260929
559,sheet_033.jpg,14,ok,4931,1775527260046.jpg,../outputs/rect_all\1775527260046.png,fa762e68925b16ac,20260929
560,sheet_033.jpg,15,ok,3865,1775698688912.jpg,../outputs/rect_all\1775698688912.png,f8ad30af36cc2a60,20260929
561,sheet_033.jpg,16,ok,2484,1777084411956.jpg,../outputs/rect_all\1777084411956.png,6a687202518a6e4f,20260929
562,sheet_034.jpg,0,ok,5885,1774404242742.jpg,../outputs/rect_all\1774404242742.png,acec6fcf20a71c7e,20260929
563,sheet_034.jpg,1,ok,6634,1773796649086.jpg,../outputs/rect_all\1773796649086.png,cbecd9984bc2edf8,20260929
564,sheet_034.jpg,2,ok,7389,1774317502592.jpg,../outputs/rect_all\1774317502592.png,0682008b3430dac2,20260929
565,sheet_034.jpg,3,ok,1245,1777255197405.jpg,../outputs/rect_all\1777255197405.png,cbafbd8b83626d16,20260929
566,sheet_034.jpg,4,ok,8151,1773976268466.jpg,../outputs/rect_all\1773976268466.png,4a07b0cf765c4af9,20260929
567,sheet_034.jpg,5,ok,1985,1776910177334.jpg,../outputs/rect_all\1776910177334.png,665aca2af1ef5768,20260929
568,sheet_034.jpg,6,ok,192,1777689477287.jpg,../outputs/rect_all\1777689477287.png,db6b322403bc15ae,20260929
569,sheet_034.jpg,7,ok,4898,1775525847608.jpg,../outputs/rect_all\1775525847608.png,368060a78c978cb2,20260929
570,sheet_034.jpg,8,ok,8238,1773970806731.jpg,../outputs/rect_all\1773970806731.png,e174d286a35fb5db,20260929
571,sheet_034.jpg,9,ok,3867,1775699147202.jpg,../outputs/rect_all\1775699147202.png,6e5f520e818a201d,20260929
572,sheet_034.jpg,10,ok,3274,1776216147295.jpg,../outputs/rect_all\1776216147295.png,b7eb674f6eed911a,20260929
573,sheet_034.jpg,11,ok,1581,1779066545157.jpg,../outputs/rect_all\1779066545157.png,7935d61a375eb271,20260929
574,sheet_034.jpg,12,ok,7100,1778551670430.jpg,../outputs/rect_all\1778551670430.png,3df9f2cb54214f34,20260929
575,sheet_034.jpg,13,ok,7871,1773885717344.jpg,../outputs/rect_all\1773885717344.png,b857f0ec2476fe42,20260929
576,sheet_034.jpg,14,ok,7223,1773806906611.jpg,../outputs/rect_all\1773806906611.png,7e4f63d6d0b09d8b,20260929
577,sheet_034.jpg,15,ok,6740,1778213805056.jpg,../outputs/rect_all\1778213805056.png,51aa7ef272660d91,20260929
578,sheet_034.jpg,16,ok,8163,1773884926295.jpg,../outputs/rect_all\1773884926295.png,a392f78aa3b24c0b,20260929
579,sheet_035.jpg,0,ok,2758,1778900454521.jpg,../outputs/rect_all\1778900454521.png,fce58e12b37ec55c,20260929
580,sheet_035.jpg,1,ok,8324,1775700732906.jpg,../outputs/rect_all\1775700732906.png,672018c923763282,20260929
581,sheet_035.jpg,2,ok,6026,1778639781038.jpg,../outputs/rect_all\1778639781038.png,105b54ef38ff406f,20260929
582,sheet_035.jpg,3,ok,7939,1775884282272.jpg,../outputs/rect_all\1775884282272.png,a59749d56853bdf0,20260929
583,sheet_035.jpg,4,ok,3529,1775525039525.jpg,../outputs/rect_all\1775525039525.png,8691a26688479a5a,20260929
584,sheet_035.jpg,5,ok,5336,1774660902618.jpg,../outputs/rect_all\1774660902618.png,81e694412e55d12c,20260929
585,sheet_035.jpg,6,ok,780,1777597339503.jpg,../outputs/rect_all\1777597339503.png,87558aa440963ca9,20260929
586,sheet_035.jpg,7,ok,8186,1773889940873.jpg,../outputs/rect_all\1773889940873.png,ba307f26b5d60447,20260929
587,sheet_035.jpg,8,ok,6818,1775525462614.jpg,../outputs/rect_all\1775525462614.png,4b82b1e1c67845d4,20260929
588,sheet_035.jpg,9,ok,1374,1778209662571.jpg,../outputs/rect_all\1778209662571.png,f535ebff9b98b753,20260929
589,sheet_035.jpg,10,ok,7174,1773797880457.jpg,../outputs/rect_all\1773797880457.png,3245b60d23df04d3,20260929
590,sheet_035.jpg,11,ok,8193,1773886567353.jpg,../outputs/rect_all\1773886567353.png,98104f5a1e71e5d2,20260929
591,sheet_035.jpg,12,ok,3805,1776477679731.jpg,../outputs/rect_all\1776477679731.png,810d6d1ea9a3940c,20260929
592,sheet_035.jpg,13,ok,1697,1776735320014.jpg,../outputs/rect_all\1776735320014.png,779b9a6f9312bc08,20260929
593,sheet_035.jpg,14,ok,3955,1775788502467.jpg,../outputs/rect_all\1775788502467.png,cdc506d7cc711646,20260929
594,sheet_035.jpg,15,ok,1854,1776991060399.jpg,../outputs/rect_all\1776991060399.png,58eced6851a02d77,20260929
595,sheet_035.jpg,16,ok,7537,1774669363723.jpg,../outputs/rect_all\1774669363723.png,181ea4f8ffb88f59,20260929
596,sheet_036.jpg,0,ok,546,1777507707606.jpg,../outputs/rect_all\1777507707606.png,0cf7b8fb92f2bf94,20260929
597,sheet_036.jpg,1,ok,5318,1774576365448.jpg,../outputs/rect_all\1774576365448.png,b700442a74cb8f73,20260929
598,sheet_036.jpg,2,ok,6807,1778816131126.jpg,../outputs/rect_all\1778816131126.png,7e517fe122bf747c,20260929
599,sheet_036.jpg,3,ok,3971,1775875754056.jpg,../outputs/rect_all\1775875754056.png,877ebfc994963609,20260929
600,sheet_036.jpg,4,ok,4826,1775872922868.jpg,../outputs/rect_all\1775872922868.png,29ce16f9a6bf8fe9,20260929
601,sheet_036.jpg,5,ok,5562,1774060032558.jpg,../outputs/rect_all\1774060032558.png,7634ae648bd6fef7,20260929
602,sheet_036.jpg,6,ok,5599,1774411618028.jpg,../outputs/rect_all\1774411618028.png,5881b66f34d146be,20260929
603,sheet_036.jpg,7,ok,7250,1774576973933.jpg,../outputs/rect_all\1774576973933.png,574762d1be36a75f,20260929
604,sheet_036.jpg,8,ok,4741,1776215714570.jpg,../outputs/rect_all\1776215714570.png,581c045b6d854e6d,20260929
605,sheet_036.jpg,9,ok,1804,1779242584102.jpg,../outputs/rect_all\1779242584102.png,af564dc877eb861b,20260929
606,sheet_036.jpg,10,ok,6009,1774595327455.jpg,../outputs/rect_all\1774595327455.png,f419bf0472560684,20260929
607,sheet_036.jpg,11,ok,81,1778204701720.jpg,../outputs/rect_all\1778204701720.png,1f1accb78e47b3aa,20260929
608,sheet_036.jpg,12,ok,2856,1776649075685.jpg,../outputs/rect_all\1776649075685.png,ea610584575695dd,20260929
609,sheet_036.jpg,13,ok,1353,1778210802301.jpg,../outputs/rect_all\1778210802301.png,3dd5032dee0fcdcd,20260929
610,sheet_036.jpg,14,ok,236,1777597950466.jpg,../outputs/rect_all\1777597950466.png,b181711392bdb9e0,20260929
611,sheet_036.jpg,15,ok,7078,1774319262876.jpg,../outputs/rect_all\1774319262876.png,cccdb4af05893e7d,20260929
612,sheet_036.jpg,16,ok,3319,1776305187761.jpg,../outputs/rect_all\1776305187761.png,20122b49ae57333d,20260929
613,sheet_037.jpg,0,ok,5897,1774404627611.jpg,../outputs/rect_all\1774404627611.png,199ab429797310c9,20260929
614,sheet_037.jpg,1,ok,1841,1776989282366.jpg,../outputs/rect_all\1776989282366.png,ff5fcc7ebde001d5,20260929
615,sheet_037.jpg,2,ok,4279,1776212747996.jpg,../outputs/rect_all\1776212747996.png,af47379294e0836b,20260929
616,sheet_037.jpg,3,ok,3607,1775615177039.jpg,../outputs/rect_all\1775615177039.png,42ffd3af295d1cd1,20260929
617,sheet_037.jpg,4,ok,1865,1776991610069.jpg,../outputs/rect_all\1776991610069.png,76c49e2c4c87288c,20260929
618,sheet_037.jpg,5,ok,2007,1776824682299.jpg,../outputs/rect_all\1776824682299.png,b3e8b1b1d20c404e,20260929
619,sheet_037.jpg,6,ok,3907,1775790640503.jpg,../outputs/rect_all\1775790640503.png,ccb3afe1a9f2b81f,20260929
620,sheet_037.jpg,7,ok,1264,1777344009257.jpg,../outputs/rect_all\1777344009257.png,99fe6830d9df4831,20260929
621,sheet_037.jpg,8,ok,940,1777264155144.jpg,../outputs/rect_all\1777264155144.png,ee231be99504a8fc,20260929
622,sheet_037.jpg,9,ok,6814,1775525921657.jpg,../outputs/rect_all\1775525921657.png,9fbd86b8fe115823,20260929
623,sheet_037.jpg,10,ok,7549,1774323992481.jpg,../outputs/rect_all\1774323992481.png,1a668ae3b8040ab4,20260929
624,sheet_037.jpg,11,ok,7274,1774572784785.jpg,../outputs/rect_all\1774572784785.png,4acc7c464dcfec6e,20260929
625,sheet_037.jpg,12,ok,515,1777427020130.jpg,../outputs/rect_all\1777427020130.png,c20341c496908130,20260929
626,sheet_037.jpg,13,ok,2842,1776391140649.jpg,../outputs/rect_all\1776391140649.png,38bb143c88f32928,20260929
627,sheet_037.jpg,14,ok,5759,1774405778483.jpg,../outputs/rect_all\1774405778483.png,97576e3b937cab42,20260929
628,sheet_037.jpg,15,ok,6332,1774492335123.jpg,../outputs/rect_all\1774492335123.png,311149284ca7f1a6,20260929
629,sheet_037.jpg,16,ok,4536,1776302463340.jpg,../outputs/rect_all\1776302463340.png,7c3dd5bd680bfb87,20260929
630,sheet_038.jpg,0,ok,936,1777426082543.jpg,../outputs/rect_all\1777426082543.png,4cb4a0c2a861f3b6,20260929
631,sheet_038.jpg,1,ok,7926,1775887909758.jpg,../outputs/rect_all\1775887909758.png,55d0dd5a8919dc4c,20260929
632,sheet_038.jpg,2,ok,4660,1776216341429.jpg,../outputs/rect_all\1776216341429.png,643eb3127605b949,20260929
633,sheet_038.jpg,3,ok,985,1777254868634.jpg,../outputs/rect_all\1777254868634.png,a5a32ca4cf18309c,20260929
634,sheet_038.jpg,4,ok,3246,1776216666893.jpg,../outputs/rect_all\1776216666893.png,4ef02992e2781de3,20260929
635,sheet_038.jpg,5,ok,2178,1776388760994.jpg,../outputs/rect_all\1776388760994.png,b87975add3ffa688,20260929
636,sheet_038.jpg,6,ok,8167,1773881124717.jpg,../outputs/rect_all\1773881124717.png,814738964c03227d,20260929
637,sheet_038.jpg,7,ok,7114,1773711974189.jpg,../outputs/rect_all\1773711974189.png,ccce87b03caa651d,20260929
638,sheet_038.jpg,8,ok,1447,1777424636118.jpg,../outputs/rect_all\1777424636118.png,0773541a21bb9690,20260929
639,sheet_038.jpg,9,ok,7437,1774320110197.jpg,../outputs/rect_all\1774320110197.png,32cd00c6a8b3be6d,20260929
640,sheet_038.jpg,10,ok,7918,1775888636669.jpg,../outputs/rect_all\1775888636669.png,45bf50f4edce031e,20260929
641,sheet_038.jpg,11,ok,5001,1775702273613.jpg,../outputs/rect_all\1775702273613.png,33cb340881cc4012,20260929
642,sheet_038.jpg,12,ok,4604,1776306948350.jpg,../outputs/rect_all\1776306948350.png,dab2edf5187b47a8,20260929
643,sheet_038.jpg,13,ok,6308,1774502734608.jpg,../outputs/rect_all\1774502734608.png,57e37a0750976eca,20260929
644,sheet_038.jpg,14,ok,2030,1776823827669.jpg,../outputs/rect_all\1776823827669.png,bc8e553a141fd8e9,20260929
645,sheet_038.jpg,15,ok,5066,1775702454516.jpg,../outputs/rect_all\1775702454516.png,7710f5255b8f8871,20260929
646,sheet_038.jpg,16,ok,749,1777688046436.jpg,../outputs/rect_all\1777688046436.png,ba2406eb1f0badbd,20260929
647,sheet_039.jpg,0,ok,4755,1776306144232.jpg,../outputs/rect_all\1776306144232.png,8852ab7ab67f73e5,20260929
648,sheet_039.jpg,1,ok,4799,1776304501360.jpg,../outputs/rect_all\1776304501360.png,3004598094335a43,20260929
649,sheet_039.jpg,2,ok,7245,1774576937601.jpg,../outputs/rect_all\1774576937601.png,4fd9dcb737b6482e,20260929
650,sheet_039.jpg,3,ok,7903,1776051801523.jpg,../outputs/rect_all\1776051801523.png,af2b10778ca225a7,20260929
651,sheet_039.jpg,4,ok,5852,1774490424626.jpg,../outputs/rect_all\1774490424626.png,21f8550cbbbb97ae,20260929
652,sheet_039.jpg,5,ok,6141,1773726269840.jpg,../outputs/rect_all\1773726269840.png,03e34cde07c33611,20260929
653,sheet_039.jpg,6,ok,211,1777600128980.jpg,../outputs/rect_all\1777600128980.png,9325df90b2e15405,20260929
654,sheet_039.jpg,7,ok,5346,1774579108475.jpg,../outputs/rect_all\1774579108475.png,fd902a84ebbec9c5,20260929
655,sheet_039.jpg,8,ok,3433,1776911023291.jpg,../outputs/rect_all\1776911023291.png,89592ef514a3b572,20260929
656,sheet_039.jpg,9,ok,7791,1776475081517.jpg,../outputs/rect_all\1776475081517.png,f152b7f32303b033,20260929
657,sheet_039.jpg,10,ok,7045,1774056984846.jpg,../outputs/rect_all\1774056984846.png,2d5c5a780a5d83ee,20260929
658,sheet_039.jpg,11,ok,3908,1775790711941.jpg,../outputs/rect_all\1775790711941.png,8ad9b3570205aa84,20260929
659,sheet_039.jpg,12,ok,5717,1774577352481.jpg,../outputs/rect_all\1774577352481.png,afeb585e77ed276d,20260929
660,sheet_039.jpg,13,ok,3909,1775790738634.jpg,../outputs/rect_all\1775790738634.png,9db8035ee064be12,20260929
661,sheet_039.jpg,14,ok,7909,1775875617632.jpg,../outputs/rect_all\1775875617632.png,6ef21306388227cf,20260929
662,sheet_039.jpg,15,ok,4743,1776215745256.jpg,../outputs/rect_all\1776215745256.png,399c3a3adb5663aa,20260929
663,sheet_039.jpg,16,ok,1460,1778030620045.jpg,../outputs/rect_all\1778030620045.png,bc97eeba170b1071,20260929
664,sheet_040.jpg,0,ok,1907,1776992173310.jpg,../outputs/rect_all\1776992173310.png,537a426e7cfb5cca,20260929
665,sheet_040.jpg,1,ok,1123,1778030128583.jpg,../outputs/rect_all\1778030128583.png,018629da94dc2be3,20260929
666,sheet_040.jpg,2,ok,3998,1775876940757.jpg,../outputs/rect_all\1775876940757.png,5a07817b995d376c,20260929
667,sheet_040.jpg,3,ok,3729,1775696772718.jpg,../outputs/rect_all\1775696772718.png,8972e956db90dc9e,20260929
668,sheet_040.jpg,4,ok,1988,1776919135561.jpg,../outputs/rect_all\1776919135561.png,3fed9de0baa0e788,20260929
669,sheet_040.jpg,5,ok,3387,1776222888392.jpg,../outputs/rect_all\1776222888392.png,5d62609076df7673,20260929
670,sheet_040.jpg,6,ok,4885,1775871760167.jpg,../outputs/rect_all\1775871760167.png,5f10705d8b99da66,20260929
671,sheet_040.jpg,7,ok,5888,1774490304187.jpg,../outputs/rect_all\1774490304187.png,a545cff33127d6e1,20260929
672,sheet_040.jpg,8,ok,4540,1776302343329.jpg,../outputs/rect_all\1776302343329.png,1eaad9fffc1b690f,20260929
673,sheet_040.jpg,9,ok,7183,1773707812471.jpg,../outputs/rect_all\1773707812471.png,0f3d33516d86891c,20260929
674,sheet_040.jpg,10,ok,5846,1774487599062.jpg,../outputs/rect_all\1774487599062.png,39c7ca617b29e546,20260929
675,sheet_040.jpg,11,ok,3011,1776213930512.jpg,../outputs/rect_all\1776213930512.png,91d7bdc19e33cac0,20260929
676,sheet_040.jpg,12,ok,2859,1776653149539.jpg,../outputs/rect_all\1776653149539.png,d183547307ce6f54,20260929
677,sheet_040.jpg,13,ok,3014,1776215697965.jpg,../outputs/rect_all\1776215697965.png,acc925f084962533,20260929
678,sheet_040.jpg,14,ok,3104,1776227440327.jpg,../outputs/rect_all\1776227440327.png,c6987ff30375a380,20260929
679,sheet_040.jpg,15,ok,5957,1774486146958.jpg,../outputs/rect_all\1774486146958.png,1f0efc5199609442,20260929
680,sheet_040.jpg,16,ok,357,1777951557216.jpg,../outputs/rect_all\1777951557216.png,e3845a8392f0c6c0,20260929
681,sheet_041.jpg,0,ok,3243,1776301673352.jpg,../outputs/rect_all\1776301673352.png,887d1ac607c2b0a3,20260929
682,sheet_041.jpg,1,ok,3427,1779246043375.jpg,../outputs/rect_all\1779246043375.png,273d09ff618f72d7,20260929
683,sheet_041.jpg,2,ok,7382,1774061594417.jpg,../outputs/rect_all\1774061594417.png,93e4c7d758fa0bff,20260929
684,sheet_041.jpg,3,ok,2164,1776387772089.jpg,../outputs/rect_all\1776387772089.png,b60e0fa37bb4787f,20260929
685,sheet_041.jpg,4,ok,4691,1776216596763.jpg,../outputs/rect_all\1776216596763.png,563e2690b55eead6,20260929
686,sheet_041.jpg,5,ok,5872,1774406403504.jpg,../outputs/rect_all\1774406403504.png,98cf253edb1b33fe,20260929
687,sheet_041.jpg,6,ok,5877,1774405938562.jpg,../outputs/rect_all\1774405938562.png,812064bd74b05e0e,20260929
688,sheet_041.jpg,7,ok,2854,1776734502368.jpg,../outputs/rect_all\1776734502368.png,f36429ef048e503d,20260929
689,sheet_041.jpg,8,ok,4753,1776307287400.jpg,../outputs/rect_all\1776307287400.png,aeb5d15ba20a076a,20260929
690,sheet_041.jpg,9,ok,8276,1773891053037.jpg,../outputs/rect_all\1773891053037.png,41fe4d8d296c7419,20260929
691,sheet_041.jpg,10,ok,1224,1777254683411.jpg,../outputs/rect_all\1777254683411.png,37f49975cd2e18b2,20260929
692,sheet_041.jpg,11,ok,4148,1775871334759.jpg,../outputs/rect_all\1775871334759.png,6a458fa3428456ad,20260929
693,sheet_041.jpg,12,ok,3530,1775525055661.jpg,../outputs/rect_all\1775525055661.png,f6357e62fdc95e03,20260929
694,sheet_041.jpg,13,ok,1244,1777344154318.jpg,../outputs/rect_all\1777344154318.png,c61222d6efcf81fb,20260929
695,sheet_041.jpg,14,ok,482,1777425533761.jpg,../outputs/rect_all\1777425533761.png,0cfea1e2b317f142,20260929
696,sheet_041.jpg,15,ok,2000,1776823898165.jpg,../outputs/rect_all\1776823898165.png,684b6d703c63ba7e,20260929
697,sheet_041.jpg,16,ok,6443,1774052865639.jpg,../outputs/rect_all\1774052865639.png,16c4e8422574fa77,20260929
698,sheet_042.jpg,0,ok,7886,1775875477685.jpg,../outputs/rect_all\1775875477685.png,c72768738ff67894,20260929
699,sheet_042.jpg,1,ok,6387,1774502838341.jpg,../outputs/rect_all\1774502838341.png,968c9892b05beaa6,20260929
700,sheet_042.jpg,2,ok,7002,1774319887919.jpg,../outputs/rect_all\1774319887919.png,aa77f4be8ef12ebe,20260929
701,sheet_042.jpg,3,ok,2070,1776913129892.jpg,../outputs/rect_all\1776913129892.png,536d9bb46ca4753d,20260929
702,sheet_042.jpg,4,ok,715,1777597266574.jpg,../outputs/rect_all\1777597266574.png,f676a30fb1f06cd9,20260929
703,sheet_042.jpg,5,ok,8002,1776047401185.jpg,../outputs/rect_all\1776047401185.png,8540a08423b6f472,20260929
704,sheet_042.jpg,6,ok,3970,1775704326853.jpg,../outputs/rect_all\1775704326853.png,9d316ccdc6639484,20260929
705,sheet_042.jpg,7,ok,3280,1776301785903.jpg,../outputs/rect_all\1776301785903.png,194a2dee5236b748,20260929
706,sheet_042.jpg,8,ok,2982,1779169794131.jpg,../outputs/rect_all\1779169794131.png,2107033ec4b77ddf,20260929
707,sheet_042.jpg,9,ok,3258,1776216621020.jpg,../outputs/rect_all\1776216621020.png,b534ffafb513a8c2,20260929
708,sheet_042.jpg,10,ok,4287,1776137266068.jpg,../outputs/rect_all\1776137266068.png,3d23cea9e003a3f0,20260929
709,sheet_042.jpg,11,ok,3988,1776045124705.jpg,../outputs/rect_all\1776045124705.png,5df6d2e48c6238fe,20260929
710,sheet_042.jpg,12,ok,3391,1776823185732.jpg,../outputs/rect_all\1776823185732.png,7306c691342315cf,20260929
711,sheet_042.jpg,13,ok,7234,1774577023096.jpg,../outputs/rect_all\1774577023096.png,76c34106d712c143,20260929
712,sheet_042.jpg,14,ok,3914,1775705555303.jpg,../outputs/rect_all\1775705555303.png,69c3c4035f4f37ab,20260929
713,sheet_042.jpg,15,ok,4112,1776308700135.jpg,../outputs/rect_all\1776308700135.png,9c56e0ed00aba723,20260929
714,sheet_042.jpg,16,ok,6329,1774491238974.jpg,../outputs/rect_all\1774491238974.png,0efe32b27d0204c9,20260929
715,sheet_043.jpg,0,ok,2771,1776472311898.jpg,../outputs/rect_all\1776472311898.png,8b8c41ab1f7c2efe,20260929
716,sheet_043.jpg,1,ok,1554,1777514632867.jpg,../outputs/rect_all\1777514632867.png,d632ea6efed33ab8,20260929
717,sheet_043.jpg,2,ok,703,1777596747654.jpg,../outputs/rect_all\1777596747654.png,ed15288076da9157,20260929
718,sheet_043.jpg,3,ok,1235,1777344044440.jpg,../outputs/rect_all\1777344044440.png,2fc515a47e4eaa3d,20260929
719,sheet_043.jpg,4,ok,1372,1778205341750.jpg,../outputs/rect_all\1778205341750.png,292a84c59c2a5077,20260929
720,sheet_043.jpg,5,ok,3796,1776476777324.jpg,../outputs/rect_all\1776476777324.png,16524b5cb784f1f6,20260929
721,sheet_043.jpg,6,ok,1674,1776998693304.jpg,../outputs/rect_all\1776998693304.png,ea489647342b5c18,20260929
722,sheet_043.jpg,7,ok,1444,1777425497295.jpg,../outputs/rect_all\1777425497295.png,4670d4192460a068,20260929
723,sheet_043.jpg,8,ok,8274,1773890733537.jpg,../outputs/rect_all\1773890733537.png,0b2fada3b52e9ae0,20260929
724,sheet_043.jpg,9,ok,4120,1775876631608.jpg,../outputs/rect_all\1775876631608.png,e6506013ec4cf310,20260929
725,sheet_043.jpg,10,ok,1223,1777254672392.jpg,../outputs/rect_all\1777254672392.png,d557711bb19242de,20260929
726,sheet_043.jpg,11,ok,7127,1773711788348.jpg,../outputs/rect_all\1773711788348.png,0ed107f66283b915,20260929
727,sheet_043.jpg,12,ok,3641,1775526223628.jpg,../outputs/rect_all\1775526223628.png,cd4d989fba890c6c,20260929
728,sheet_043.jpg,13,ok,4928,1775527759489.jpg,../outputs/rect_all\1775527759489.png,18ffa7454bebdb68,20260929
729,sheet_043.jpg,14,ok,5743,1774577057490.jpg,../outputs/rect_all\1774577057490.png,6645c3c0b5729837,20260929
730,sheet_043.jpg,15,ok,6789,1775524576476.jpg,../outputs/rect_all\1775524576476.png,a68c9e5fa85e0211,20260929
731,sheet_043.jpg,16,ok,7033,1774054968049.jpg,../outputs/rect_all\1774054968049.png,afd9afb48ddf59ee,20260929
732,sheet_044.jpg,0,ok,269,1777602745519.jpg,../outputs/rect_all\1777602745519.png,d5aa5104a765e4fe,20260929
733,sheet_044.jpg,1,ok,6264,1774406743636.jpg,../outputs/rect_all\1774406743636.png,7393c0c66ae26bef,20260929
734,sheet_044.jpg,2,ok,984,1777263220981.jpg,../outputs/rect_all\1777263220981.png,d0c4dc51af3859ed,20260929
735,sheet_044.jpg,3,ok,4978,1775702976164.jpg,../outputs/rect_all\1775702976164.png,d673e9e7f5e8e981,20260929
736,sheet_044.jpg,4,ok,4357,1776136165067.jpg,../outputs/rect_all\1776136165067.png,03e5873490cb44e8,20260929
737,sheet_044.jpg,5,ok,483,1777456092658.jpg,../outputs/rect_all\1777456092658.png,0c563a15cab4b871,20260929
738,sheet_044.jpg,6,ok,4917,1775529692680.jpg,../outputs/rect_all\1775529692680.png,b1e80f421924ecd6,20260929
739,sheet_044.jpg,7,ok,7479,1774322382422.jpg,../outputs/rect_all\1774322382422.png,89de5bb3dd9ec41c,20260929
740,sheet_044.jpg,8,ok,951,1777263776048.jpg,../outputs/rect_all\1777263776048.png,5c49d082cf1af0eb,20260929
741,sheet_044.jpg,9,ok,8198,1773888840294.jpg,../outputs/rect_all\1773888840294.png,86b4a64f5149b8ef,20260929
742,sheet_044.jpg,10,ok,6318,1774402391755.jpg,../outputs/rect_all\1774402391755.png,e6c41705b605b315,20260929
743,sheet_044.jpg,11,ok,2805,1776385434449.jpg,../outputs/rect_all\1776385434449.png,e877a8e828cf5de6,20260929
744,sheet_044.jpg,12,ok,3573,1775530458855.jpg,../outputs/rect_all\1775530458855.png,4ee099604995da5c,20260929
745,sheet_044.jpg,13,ok,8319,1775782846383.jpg,../outputs/rect_all\1775782846383.png,9eb8b347a1d41477,20260929
746,sheet_044.jpg,14,ok,2024,1776910286607.jpg,../outputs/rect_all\1776910286607.png,d18b2a912c24cfe9,20260929
747,sheet_044.jpg,15,ok,3292,1776219740792.jpg,../outputs/rect_all\1776219740792.png,965e3f419af3782c,20260929
748,sheet_044.jpg,16,ok,4046,1776305441237.jpg,../outputs/rect_all\1776305441237.png,f4c32365361124c7,20260929
749,sheet_045.jpg,0,ok,7099,1773807019951.jpg,../outputs/rect_all\1773807019951.png,76151092ca20557a,20260929
750,sheet_045.jpg,1,ok,3981,1775876303421.jpg,../outputs/rect_all\1775876303421.png,e486f3629fa86725,20260929
751,sheet_045.jpg,2,ok,7218,1773798042002.jpg,../outputs/rect_all\1773798042002.png,d8c5faa70c9c8b96,20260929
752,sheet_045.jpg,3,ok,3519,1775525401399.jpg,../outputs/rect_all\1775525401399.png,a7615e62034ca7dd,20260929
753,sheet_045.jpg,4,ok,7362,1774317007269.jpg,../outputs/rect_all\1774317007269.png,05f6228b984355fb,20260929
754,sheet_045.jpg,5,ok,6260,1774502642998.jpg,../outputs/rect_all\1774502642998.png,98dfabe8b1108fb9,20260929
755,sheet_045.jpg,6,ok,4809,1775875121422.jpg,../outputs/rect_all\1775875121422.png,0899094bf132897d,20260929
756,sheet_045.jpg,7,ok,3535,1775526341787.jpg,../outputs/rect_all\1775526341787.png,a54b9dd80fbe90f0,20260929
757,sheet_045.jpg,8,ok,1844,1779231378782.jpg,../outputs/rect_all\1779231378782.png,6a0020d1894f3628,20260929
758,sheet_045.jpg,9,ok,6265,1774406774884.jpg,../outputs/rect_all\1774406774884.png,45dc090dc0896e9c,20260929
759,sheet_045.jpg,10,ok,2061,1779087994189.jpg,../outputs/rect_all\1779087994189.png,5f9f6b19108dcaf4,20260929
760,sheet_045.jpg,11,ok,1695,1779239265487.jpg,../outputs/rect_all\1779239265487.png,c621c940efd8b2f0,20260929
761,sheet_045.jpg,12,ok,1861,1779231464537.jpg,../outputs/rect_all\1779231464537.png,327401946435aef3,20260929
762,sheet_045.jpg,13,ok,6159,1773726119799.jpg,../outputs/rect_all\1773726119799.png,bcb7f9e4f8e7f1df,20260929
763,sheet_045.jpg,14,ok,7167,1773710288062.jpg,../outputs/rect_all\1773710288062.png,b7e912842dea59a2,20260929
764,sheet_045.jpg,15,ok,6603,1773721239923.jpg,../outputs/rect_all\1773721239923.png,175f5d0b8ce9c648,20260929
765,sheet_045.jpg,16,ok,6273,1774492970159.jpg,../outputs/rect_all\1774492970159.png,0306ad842c6fe262,20260929
766,sheet_046.jpg,0,ok,5527,1774057885629.jpg,../outputs/rect_all\1774057885629.png,ed274602939336aa,20260929
767,sheet_046.jpg,1,ok,3431,1776832731893.jpg,../outputs/rect_all\1776832731893.png,eb4c74ba460a5e1c,20260929
768,sheet_046.jpg,2,ok,4241,1776132440691.jpg,../outputs/rect_all\1776132440691.png,5c332a3d6b27d124,20260929
769,sheet_046.jpg,3,ok,696,1777685927737.jpg,../outputs/rect_all\1777685927737.png,72239aaa3168f7d6,20260929
770,sheet_046.jpg,4,ok,7396,1774318785648.jpg,../outputs/rect_all\1774318785648.png,320325a67122a534,20260929
771,sheet_046.jpg,5,ok,6756,1775528068272.jpg,../outputs/rect_all\1775528068272.png,4292aeeb327aad86,20260929
772,sheet_046.jpg,6,ok,6781,1775525334769.jpg,../outputs/rect_all\1775525334769.png,e6eaee23c7fc9abb,20260929
773,sheet_046.jpg,7,ok,3295,1776220243692.jpg,../outputs/rect_all\1776220243692.png,2771d406c343e1e7,20260929
774,sheet_046.jpg,8,ok,1545,1777438302093.jpg,../outputs/rect_all\1777438302093.png,aaa01d1c38fee8f0,20260929
775,sheet_046.jpg,9,ok,2271,1776389102660.jpg,../outputs/rect_all\1776389102660.png,d52c2dce59021c0b,20260929
776,sheet_046.jpg,10,ok,6279,1774491992315.jpg,../outputs/rect_all\1774491992315.png,48841ca4dd804570,20260929
777,sheet_046.jpg,11,ok,2322,1776391331768.jpg,../outputs/rect_all\1776391331768.png,a9ebdb356a1131a1,20260929
778,sheet_046.jpg,12,ok,3963,1775784621084.jpg,../outputs/rect_all\1775784621084.png,1e22fad82e987c59,20260929
779,sheet_046.jpg,13,ok,6003,1774593834099.jpg,../outputs/rect_all\1774593834099.png,1a911a781e1e50f1,20260929
780,sheet_046.jpg,14,ok,8014,1775888507516.jpg,../outputs/rect_all\1775888507516.png,a3557200cef78bc9,20260929
781,sheet_046.jpg,15,ok,1717,1776735176949.jpg,../outputs/rect_all\1776735176949.png,f7b45dd54cdb6ae7,20260929
782,sheet_046.jpg,16,ok,7195,1773806483956.jpg,../outputs/rect_all\1773806483956.png,daca5fdf5ab59acf,20260929
783,sheet_047.jpg,0,ok,4824,1775874628600.jpg,../outputs/rect_all\1775874628600.png,e919621164541fb3,20260929
784,sheet_047.jpg,1,ok,4805,1775874126038.jpg,../outputs/rect_all\1775874126038.png,8db3d5dcfb119067,20260929
785,sheet_047.jpg,2,ok,7231,1774577055724.jpg,../outputs/rect_all\1774577055724.png,b8d95c65f259e617,20260929
786,sheet_047.jpg,3,ok,7415,1774061459481.jpg,../outputs/rect_all\1774061459481.png,fe7c7b76de80381b,20260929
787,sheet_047.jpg,4,ok,7477,1774322311716.jpg,../outputs/rect_all\1774322311716.png,af79b56ddf4494bd,20260929
788,sheet_047.jpg,5,ok,4153,1775878168227.jpg,../outputs/rect_all\1775878168227.png,14683d98483872ff,20260929
789,sheet_047.jpg,6,ok,8213,1773885545805.jpg,../outputs/rect_all\1773885545805.png,31ebb495ae5145d1,20260929
790,sheet_047.jpg,7,ok,6679,1775525239018.jpg,../outputs/rect_all\1775525239018.png,0641d2988dc80d24,20260929
791,sheet_047.jpg,8,ok,5870,1774405271070.jpg,../outputs/rect_all\1774405271070.png,58eae543bbddb5c9,20260929
792,sheet_047.jpg,9,ok,5529,1774058196691.jpg,../outputs/rect_all\1774058196691.png,e052b94139658b2d,20260929
793,sheet_047.jpg,10,ok,4801,1776305946674.jpg,../outputs/rect_all\1776305946674.png,15ddba1dc7afbe4f,20260929
794,sheet_047.jpg,11,ok,1250,1777339476774.jpg,../outputs/rect_all\1777339476774.png,dfafdac74470bf8d,20260929
795,sheet_047.jpg,12,ok,8292,1775782588656.jpg,../outputs/rect_all\1775782588656.png,618c00625e564057,20260929
796,sheet_047.jpg,13,ok,1116,1778029470475.jpg,../outputs/rect_all\1778029470475.png,4384342134566931,20260929
797,sheet_047.jpg,14,ok,1082,1777344585745.jpg,../outputs/rect_all\1777344585745.png,abf89f4cf5155c18,20260929
798,sheet_047.jpg,15,ok,3016,1776213677826.jpg,../outputs/rect_all\1776213677826.png,f036adea952c56e5,20260929
799,sheet_047.jpg,16,ok,4533,1776299722357.jpg,../outputs/rect_all\1776299722357.png,990c6e681d64da84,20260929
800,sheet_048.jpg,0,ok,1746,1776739922456.jpg,../outputs/rect_all\1776739922456.png,8df8629c5715ec54,20260929
801,sheet_048.jpg,1,ok,5979,1778638397056.jpg,../outputs/rect_all\1778638397056.png,fd9246b67e130cf6,20260929
802,sheet_048.jpg,2,ok,4527,1776129078512.jpg,../outputs/rect_all\1776129078512.png,b5ec29d7c898020b,20260929
803,sheet_048.jpg,3,ok,7425,1774317139681.jpg,../outputs/rect_all\1774317139681.png,6ff074bd0c4f5098,20260929
804,sheet_048.jpg,4,ok,3915,1775705581946.jpg,../outputs/rect_all\1775705581946.png,6314bc475258fb32,20260929
805,sheet_048.jpg,5,ok,1085,1777264434366.jpg,../outputs/rect_all\1777264434366.png,e1cffbc49417c23c,20260929
806,sheet_048.jpg,6,ok,6768,1775610142179.jpg,../outputs/rect_all\1775610142179.png,1ba7241d38c616de,20260929
807,sheet_048.jpg,7,ok,1362,1778210153642.jpg,../outputs/rect_all\1778210153642.png,9bdc6392be45a6ad,20260929
808,sheet_048.jpg,8,ok,8296,1775703216713.jpg,../outputs/rect_all\1775703216713.png,436122f2143464c7,20260929
809,sheet_048.jpg,9,ok,3527,1775524735811.jpg,../outputs/rect_all\1775524735811.png,cc71b9e1779200c4,20260929
810,sheet_048.jpg,10,ok,3980,1776045049213.jpg,../outputs/rect_all\1776045049213.png,1de393b16975b6b3,20260929
811,sheet_048.jpg,11,ok,5856,1774405499164.jpg,../outputs/rect_all\1774405499164.png,18d961730bd58fbb,20260929
812,sheet_048.jpg,12,ok,8217,1773886240239.jpg,../outputs/rect_all\1773886240239.png,cf0a1ee3d50be4e0,20260929
813,sheet_048.jpg,13,ok,1873,1776997649030.jpg,../outputs/rect_all\1776997649030.png,db406e18bf2043d6,20260929
814,sheet_048.jpg,14,ok,7796,1776475814909.jpg,../outputs/rect_all\1776475814909.png,29274a076cb8d27c,20260929
815,sheet_048.jpg,15,ok,5560,1774319489543.jpg,../outputs/rect_all\1774319489543.png,7c79d91b0666314c,20260929
816,sheet_048.jpg,16,ok,6859,1775527205317.jpg,../outputs/rect_all\1775527205317.png,aca78d6dabc3fa5a,20260929
817,sheet_049.jpg,0,ok,3429,1776832691023.jpg,../outputs/rect_all\1776832691023.png,28fb0369ece6b863,20260929
818,sheet_049.jpg,1,ok,7129,1778553982249.jpg,../outputs/rect_all\1778553982249.png,456afab8e9941d44,20260929
819,sheet_049.jpg,2,ok,3537,1775526367105.jpg,../outputs/rect_all\1775526367105.png,f7a4771ed0dfff2d,20260929
820,sheet_049.jpg,3,ok,7186,1773713612478.jpg,../outputs/rect_all\1773713612478.png,57acbf2649339e77,20260929
821,sheet_049.jpg,4,ok,1107,1778030724777.jpg,../outputs/rect_all\1778030724777.png,c4673efc13e60f52,20260929
822,sheet_049.jpg,5,ok,1118,1778030553103.jpg,../outputs/rect_all\1778030553103.png,96cc0366488d4241,20260929
823,sheet_049.jpg,6,ok,7108,1773711510551.jpg,../outputs/rect_all\1773711510551.png,0cf9366c1db8e513,20260929
824,sheet_049.jpg,7,ok,200,1777599777409.jpg,../outputs/rect_all\1777599777409.png,22fc1c99ec49ddfc,20260929
825,sheet_049.jpg,8,ok,4546,1776302509664.jpg,../outputs/rect_all\1776302509664.png,ebc1ba1987d4c7d0,20260929
826,sheet_049.jpg,9,ok,3953,1775788458412.jpg,../outputs/rect_all\1775788458412.png,2db61cbcb738e345,20260929
827,sheet_049.jpg,10,ok,3260,1776217067200.jpg,../outputs/rect_all\1776217067200.png,8cd019c17f58450e,20260929
828,sheet_049.jpg,11,ok,6181,1774055477688.jpg,../outputs/rect_all\1774055477688.png,58e50a77b590df66,20260929
829,sheet_049.jpg,12,ok,1307,1777270736847.jpg,../outputs/rect_all\1777270736847.png,b1fb20c1644f8c93,20260929
830,sheet_049.jpg,13,ok,186,1777600413911.jpg,../outputs/rect_all\1777600413911.png,d3ee41f42f3a5782,20260929
831,sheet_049.jpg,14,ok,7995,1775888983902.jpg,../outputs/rect_all\1775888983902.png,6a6e6d85889c95b4,20260929
832,sheet_049.jpg,15,ok,6542,1773725928436.jpg,../outputs/rect_all\1773725928436.png,ccd26f125804bfda,20260929
833,sheet_049.jpg,16,ok,3575,1775529555083.jpg,../outputs/rect_all\1775529555083.png,22ab081d76ce3e5e,20260929
834,sheet_050.jpg,0,ok,3120,1776216672673.jpg,../outputs/rect_all\1776216672673.png,ebf0ceee43838955,20260929
835,sheet_050.jpg,1,ok,5864,1774486630004.jpg,../outputs/rect_all\1774486630004.png,fb84dfff8fb45070,20260929
836,sheet_050.jpg,2,ok,3966,1775704237408.jpg,../outputs/rect_all\1775704237408.png,d696774405f501d3,20260929
837,sheet_050.jpg,3,ok,1225,1777340438106.jpg,../outputs/rect_all\1777340438106.png,08489411394971d6,20260929
838,sheet_050.jpg,4,ok,7876,1775874975284.jpg,../outputs/rect_all\1775874975284.png,b60fe16af12ccb4a,20260929
839,sheet_050.jpg,5,ok,4652,1776215591322.jpg,../outputs/rect_all\1776215591322.png,f452e035dacc361f,20260929
840,sheet_050.jpg,6,ok,6312,1774490849228.jpg,../outputs/rect_all\1774490849228.png,c60c6dd641bb57c4,20260929
841,sheet_050.jpg,7,ok,1589,1777080916670.jpg,../outputs/rect_all\1777080916670.png,985a56161bbc2fa8,20260929
842,sheet_050.jpg,8,ok,1999,1776919753203.jpg,../outputs/rect_all\1776919753203.png,8407682d3ff3de4f,20260929
843,sheet_050.jpg,9,ok,6451,1774321822986.jpg,../outputs/rect_all\1774321822986.png,beeb2ba9737d7c1f,20260929
844,sheet_050.jpg,10,ok,5517,1774320155455.jpg,../outputs/rect_all\1774320155455.png,07c8426aa8204d80,20260929
845,sheet_050.jpg,11,ok,3241,1779153888699.jpg,../outputs/rect_all\1779153888699.png,b50156d95139ac57,20260929
846,sheet_050.jpg,12,ok,8302,1775783573484.jpg,../outputs/rect_all\1775783573484.png,5dd59b41fdddead6,20260929
847,sheet_050.jpg,13,ok,7927,1775887920324.jpg,../outputs/rect_all\1775887920324.png,18dcd3795956e70b,20260929
848,sheet_050.jpg,14,ok,3719,1775697189379.jpg,../outputs/rect_all\1775697189379.png,345fe49a93d052f1,20260929
849,sheet_050.jpg,15,ok,1299,1777339680058.jpg,../outputs/rect_all\1777339680058.png,e20bca0f99987941,20260929
850,sheet_050.jpg,16,ok,6760,1775531581424.jpg,../outputs/rect_all\1775531581424.png,1815436265d75819,20260929
851,sheet_051.jpg,0,ok,6852,1775526648012.jpg,../outputs/rect_all\1775526648012.png,46b6a1bf0cb06dcc,20260929
852,sheet_051.jpg,1,ok,6601,1773721135579.jpg,../outputs/rect_all\1773721135579.png,202524502a8d43bb,20260929
853,sheet_051.jpg,2,ok,718,1777596863698.jpg,../outputs/rect_all\1777596863698.png,131bbe74720a0db0,20260929
854,sheet_051.jpg,3,ok,1259,1777344631815.jpg,../outputs/rect_all\1777344631815.png,9843658fd2356a1c,20260929
855,sheet_051.jpg,4,ok,2132,1776825719165.jpg,../outputs/rect_all\1776825719165.png,6775643bc2cd88d9,20260929
856,sheet_051.jpg,5,ok,2272,1776389476028.jpg,../outputs/rect_all\1776389476028.png,80fe5cefd1c57934,20260929
857,sheet_051.jpg,6,ok,6584,1773801490004.jpg,../outputs/rect_all\1773801490004.png,18eb03ed63219ff8,20260929
858,sheet_051.jpg,7,ok,6508,1774054858972.jpg,../outputs/rect_all\1774054858972.png,cf938246324f09cc,20260929
859,sheet_051.jpg,8,ok,3402,1779245925421.jpg,../outputs/rect_all\1779245925421.png,3525e04c74319473,20260929
860,sheet_051.jpg,9,ok,3964,1775785105647.jpg,../outputs/rect_all\1775785105647.png,3972aea9f7698fb4,20260929
861,sheet_051.jpg,10,ok,562,1777426004194.jpg,../outputs/rect_all\1777426004194.png,7c51cbfb963a49cc,20260929
862,sheet_051.jpg,11,ok,1079,1777342841503.jpg,../outputs/rect_all\1777342841503.png,bf318e7b0846c30e,20260929
863,sheet_051.jpg,12,ok,4261,1776217402828.jpg,../outputs/rect_all\1776217402828.png,b2c68703df705235,20260929
864,sheet_051.jpg,13,ok,5550,1774057061789.jpg,../outputs/rect_all\1774057061789.png,b9dccb8cb163fe08,20260929
865,sheet_051.jpg,14,ok,4359,1776135811558.jpg,../outputs/rect_all\1776135811558.png,9c58840d81dce4a6,20260929
866,sheet_051.jpg,15,ok,3233,1776305995620.jpg,../outputs/rect_all\1776305995620.png,2f9dfdf441cd6f11,20260929
867,sheet_051.jpg,16,ok,7920,1775874432536.jpg,../outputs/rect_all\1775874432536.png,e4652c346aac6cf5,20260929
868,sheet_052.jpg,0,ok,6944,1775608499141.jpg,../outputs/rect_all\1775608499141.png,cff4fd2760ac90de,20260929
869,sheet_052.jpg,1,ok,7408,1774318874352.jpg,../outputs/rect_all\1774318874352.png,4fae38d69e7fc44a,20260929
870,sheet_052.jpg,2,ok,7413,1774060663367.jpg,../outputs/rect_all\1774060663367.png,b79a6567430940ef,20260929
871,sheet_052.jpg,3,ok,1862,1776990651796.jpg,../outputs/rect_all\1776990651796.png,33be09de2b73bafa,20260929
872,sheet_052.jpg,4,ok,4273,1776132015525.jpg,../outputs/rect_all\1776132015525.png,0899c8c1397916f9,20260929
873,sheet_052.jpg,5,ok,4021,1776306574549.jpg,../outputs/rect_all\1776306574549.png,62048caab3ac3c30,20260929
874,sheet_052.jpg,6,ok,2199,1776395424324.jpg,../outputs/rect_all\1776395424324.png,0cdbb56ad25783ed,20260929
875,sheet_052.jpg,7,ok,7722,1776473882133.jpg,../outputs/rect_all\1776473882133.png,a2d5c6010feb7de9,20260929
876,sheet_052.jpg,8,ok,2887,1776649238008.jpg,../outputs/rect_all\1776649238008.png,cae957f52c20b6af,20260929
877,sheet_052.jpg,9,ok,6712,1775522118771.jpg,../outputs/rect_all\1775522118771.png,59a7a1420460250a,20260929
878,sheet_052.jpg,10,ok,1850,1776991521187.jpg,../outputs/rect_all\1776991521187.png,e594122ff03d6553,20260929
879,sheet_052.jpg,11,ok,787,1777595860448.jpg,../outputs/rect_all\1777595860448.png,0dcb6f20c8fddc6f,20260929
880,sheet_052.jpg,12,ok,3363,1779154761917.jpg,../outputs/rect_all\1779154761917.png,787592590694a8d2,20260929
881,sheet_052.jpg,13,ok,3856,1775789146741.jpg,../outputs/rect_all\1775789146741.png,6f929d6c0e75bc57,20260929
882,sheet_052.jpg,14,ok,190,1777599682767.jpg,../outputs/rect_all\1777599682767.png,1288b12fb8674817,20260929
883,sheet_052.jpg,15,ok,3665,1775527550757.jpg,../outputs/rect_all\1775527550757.png,aebca1586053ecb7,20260929
884,sheet_052.jpg,16,ok,2208,1776387273494.jpg,../outputs/rect_all\1776387273494.png,8144f34d7a6e0b71,20260929
885,sheet_053.jpg,0,ok,125,1778117802762.jpg,../outputs/rect_all\1778117802762.png,77265455dfcc8f7b,20260929
886,sheet_053.jpg,1,ok,4355,1776138345985.jpg,../outputs/rect_all\1776138345985.png,d609c0e8489b37c0,20260929
887,sheet_053.jpg,2,ok,8013,1775888496598.jpg,../outputs/rect_all\1775888496598.png,5a109c0cce6593dd,20260929
888,sheet_053.jpg,3,ok,7733,1776476447979.jpg,../outputs/rect_all\1776476447979.png,476514b9e5239a14,20260929
889,sheet_053.jpg,4,ok,7532,1774059912894.jpg,../outputs/rect_all\1774059912894.png,1e73b3193367f558,20260929
890,sheet_053.jpg,5,ok,6893,1775535912865.jpg,../outputs/rect_all\1775535912865.png,dae18555661e4bff,20260929
891,sheet_053.jpg,6,ok,4374,1776127432214.jpg,../outputs/rect_all\1776127432214.png,ca3f82b3872176c6,20260929
892,sheet_053.jpg,7,ok,7243,1774576888350.jpg,../outputs/rect_all\1774576888350.png,147416b5cfad471c,20260929
893,sheet_053.jpg,8,ok,4811,1775875160724.jpg,../outputs/rect_all\1775875160724.png,a84a4e5216df7420,20260929
894,sheet_053.jpg,9,ok,3259,1776217055689.jpg,../outputs/rect_all\1776217055689.png,017100baaf7df26e,20260929
895,sheet_053.jpg,10,ok,1577,1777081166439.jpg,../outputs/rect_all\1777081166439.png,531245972a700012,20260929
896,sheet_053.jpg,11,ok,1943,1776995107763.jpg,../outputs/rect_all\1776995107763.png,18d09e0603fd096d,20260929
897,sheet_053.jpg,12,ok,2976,1776214701480.jpg,../outputs/rect_all\1776214701480.png,9c8a3c5040466e46,20260929
898,sheet_053.jpg,13,ok,4276,1776133320445.jpg,../outputs/rect_all\1776133320445.png,9bc027cb6a8e34a8,20260929
899,sheet_053.jpg,14,ok,283,1777597259577.jpg,../outputs/rect_all\1777597259577.png,62844e5d44721167,20260929
900,sheet_053.jpg,15,ok,6567,1773720115428.jpg,../outputs/rect_all\1773720115428.png,784bf97a6dc35333,20260929
901,sheet_053.jpg,16,ok,5772,1774491988527.jpg,../outputs/rect_all\1774491988527.png,7b6d2a65f9ee3108,20260929
902,sheet_054.jpg,0,ok,3657,1775616729142.jpg,../outputs/rect_all\1775616729142.png,2ff4f9e4bc3d3897,20260929
903,sheet_054.jpg,1,ok,552,1777457200304.jpg,../outputs/rect_all\1777457200304.png,7e22fb54dd77901b,20260929
904,sheet_054.jpg,2,ok,956,1777263113190.jpg,../outputs/rect_all\1777263113190.png,bb9dad51c3c2dbea,20260929
905,sheet_054.jpg,3,ok,240,1777597604606.jpg,../outputs/rect_all\1777597604606.png,062685315fcb7142,20260929
906,sheet_054.jpg,4,ok,6328,1774405957360.jpg,../outputs/rect_all\1774405957360.png,e69082177a91673c,20260929
907,sheet_054.jpg,5,ok,4810,1775875144618.jpg,../outputs/rect_all\1775875144618.png,c6b60c07057009b0,20260929
908,sheet_054.jpg,6,ok,7550,1774324011981.jpg,../outputs/rect_all\1774324011981.png,2a35e7385a93f7d7,20260929
909,sheet_054.jpg,7,ok,1801,1776735594645.jpg,../outputs/rect_all\1776735594645.png,2eaf8cbcf64ad7ec,20260929
910,sheet_054.jpg,8,ok,4813,1775874254496.jpg,../outputs/rect_all\1775874254496.png,67fb0579098486aa,20260929
911,sheet_054.jpg,9,ok,2956,1776652223480.jpg,../outputs/rect_all\1776652223480.png,a515e11962f963a1,20260929
912,sheet_054.jpg,10,ok,8138,1778889992283.jpg,../outputs/rect_all\1778889992283.png,f78f28010d255810,20260929
913,sheet_054.jpg,11,ok,6705,1775523177747.jpg,../outputs/rect_all\1775523177747.png,0c40389cc1d52f2c,20260929
914,sheet_054.jpg,12,ok,7079,1774319294162.jpg,../outputs/rect_all\1774319294162.png,ff9c97c94c0efffc,20260929
915,sheet_054.jpg,13,ok,5698,1774575625617.jpg,../outputs/rect_all\1774575625617.png,a5d4abe73e79ca69,20260929
916,sheet_054.jpg,14,ok,7941,1775884527077.jpg,../outputs/rect_all\1775884527077.png,464d7122a81490a1,20260929
917,sheet_054.jpg,15,ok,4759,1776306911971.jpg,../outputs/rect_all\1776306911971.png,5f200127473edfc1,20260929
918,sheet_054.jpg,16,ok,4670,1776216044412.jpg,../outputs/rect_all\1776216044412.png,42516b77b424350f,20260929
919,sheet_055.jpg,0,ok,3006,1776213483283.jpg,../outputs/rect_all\1776213483283.png,87fc6b1361c157e7,20260929
920,sheet_055.jpg,1,ok,5072,1773707965821.jpg,../outputs/rect_all\1773707965821.png,f8fd2c7902758a7e,20260929
921,sheet_055.jpg,2,ok,6998,1774054190327.jpg,../outputs/rect_all\1774054190327.png,a2f06d9c670e1780,20260929
922,sheet_055.jpg,3,ok,7718,1776473504870.jpg,../outputs/rect_all\1776473504870.png,f67b2ad1b5f842d8,20260929
923,sheet_055.jpg,4,ok,6561,1773723156307.jpg,../outputs/rect_all\1773723156307.png,7f57cb8baccf9d3a,20260929
924,sheet_055.jpg,5,ok,4654,1776129436869.jpg,../outputs/rect_all\1776129436869.png,e02a080061e931e7,20260929
925,sheet_055.jpg,6,ok,975,1777253669811.jpg,../outputs/rect_all\1777253669811.png,bad6461cfd37eb51,20260929
926,sheet_055.jpg,7,ok,3406,1776831614608.jpg,../outputs/rect_all\1776831614608.png,615bf06248f5b39a,20260929
927,sheet_055.jpg,8,ok,2162,1776396695098.jpg,../outputs/rect_all\1776396695098.png,c799e64039fe03c7,20260929
928,sheet_055.jpg,9,ok,2768,1776386702691.jpg,../outputs/rect_all\1776386702691.png,40097d2eb0f1a87d,20260929
929,sheet_055.jpg,10,ok,1947,1777076953370.jpg,../outputs/rect_all\1777076953370.png,e8aa90ae6bf17754,20260929
930,sheet_055.jpg,11,ok,1593,1776998085673.jpg,../outputs/rect_all\1776998085673.png,89a96d1cc211a19c,20260929
931,sheet_055.jpg,12,ok,4140,1775871451230.jpg,../outputs/rect_all\1775871451230.png,fb1fdb95cdbd86a9,20260929
932,sheet_055.jpg,13,ok,6160,1773726157895.jpg,../outputs/rect_all\1773726157895.png,7413aa5b936f7e9b,20260929
933,sheet_055.jpg,14,ok,3577,1775529588620.jpg,../outputs/rect_all\1775529588620.png,dc85e3c8fadc5e11,20260929
934,sheet_055.jpg,15,ok,1063,1777345124831.jpg,../outputs/rect_all\1777345124831.png,3c99d23dbadf8eb7,20260929
935,sheet_055.jpg,16,ok,5961,1774407292806.jpg,../outputs/rect_all\1774407292806.png,7dcb464dbb214fa0,20260929
936,sheet_056.jpg,0,ok,4358,1776136192446.jpg,../outputs/rect_all\1776136192446.png,a0f3d05e362be381,20260929
937,sheet_056.jpg,1,ok,832,1777426615407.jpg,../outputs/rect_all\1777426615407.png,d40753b77fe85034,20260929
938,sheet_056.jpg,2,ok,5704,1774576357809.jpg,../outputs/rect_all\1774576357809.png,3ed39ae7b7edd762,20260929
939,sheet_056.jpg,3,ok,8310,1775782959590.jpg,../outputs/rect_all\1775782959590.png,03f617505f68bba4,20260929
940,sheet_056.jpg,4,ok,4650,1776216534634.jpg,../outputs/rect_all\1776216534634.png,7d3796293b2dca5c,20260929
941,sheet_056.jpg,5,ok,7930,1776051119681.jpg,../outputs/rect_all\1776051119681.png,d1f282c084864901,20260929
942,sheet_056.jpg,6,ok,2126,1776826141791.jpg,../outputs/rect_all\1776826141791.png,6c2fef18921d8836,20260929
943,sheet_056.jpg,7,ok,4026,1776305252392.jpg,../outputs/rect_all\1776305252392.png,33daaa94e9c19bf6,20260929
944,sheet_056.jpg,8,ok,6780,1775524189905.jpg,../outputs/rect_all\1775524189905.png,52665b94d27ff7f4,20260929
945,sheet_056.jpg,9,ok,8242,1773888912102.jpg,../outputs/rect_all\1773888912102.png,0b9f9712bcbcb31f,20260929
946,sheet_056.jpg,10,ok,2012,1779089495114.jpg,../outputs/rect_all\1779089495114.png,ba194788cd39ca00,20260929
947,sheet_056.jpg,11,ok,4878,1775875281831.jpg,../outputs/rect_all\1775875281831.png,455977574c5cc32d,20260929
948,sheet_056.jpg,12,ok,3013,1776215686568.jpg,../outputs/rect_all\1776215686568.png,c1cb3433e5f865eb,20260929
949,sheet_056.jpg,13,ok,7180,1773707442728.jpg,../outputs/rect_all\1773707442728.png,56b4db766dc125de,20260929
950,sheet_056.jpg,14,ok,2751,1776472420122.jpg,../outputs/rect_all\1776472420122.png,4cacc2c26cb30990,20260929
951,sheet_056.jpg,15,ok,8293,1775782767323.jpg,../outputs/rect_all\1775782767323.png,583bd6623bb13e2c,20260929
952,sheet_056.jpg,16,ok,4827,1775872942711.jpg,../outputs/rect_all\1775872942711.png,9694631403903b88,20260929
953,sheet_057.jpg,0,ok,591,1778292061389.jpg,../outputs/rect_all\1778292061389.png,6b764ea3a2b2a9a2,20260929
954,sheet_057.jpg,1,ok,709,1777863901938.jpg,../outputs/rect_all\1777863901938.png,5698ec33146595e1,20260929
955,sheet_057.jpg,2,ok,7473,1774064787571.jpg,../outputs/rect_all\1774064787571.png,46ceb1861e9421b1,20260929
956,sheet_057.jpg,3,ok,7140,1773807094046.jpg,../outputs/rect_all\1773807094046.png,8f6eb58772f14488,20260929
957,sheet_057.jpg,4,ok,3141,1776827171068.jpg,../outputs/rect_all\1776827171068.png,3a2d3d9dbb5b85cb,20260929
958,sheet_057.jpg,5,ok,7760,1776474403222.jpg,../outputs/rect_all\1776474403222.png,e68b3edf00a083f6,20260929
959,sheet_057.jpg,6,ok,7434,1774063735490.jpg,../outputs/rect_all\1774063735490.png,e363d16e32550af1,20260929
960,sheet_057.jpg,7,ok,6180,1774055447078.jpg,../outputs/rect_all\1774055447078.png,2864e880344f5561,20260929
961,sheet_057.jpg,8,ok,1458,1778030599246.jpg,../outputs/rect_all\1778030599246.png,891ead60fd401a22,20260929
962,sheet_057.jpg,9,ok,6551,1773808734775.jpg,../outputs/rect_all\1773808734775.png,83b6778a3352a138,20260929
963,sheet_057.jpg,10,ok,267,1777602724030.jpg,../outputs/rect_all\1777602724030.png,c011d0c128adb961,20260929
964,sheet_057.jpg,11,ok,1853,1776989607634.jpg,../outputs/rect_all\1776989607634.png,274f0ab817ae6e32,20260929
965,sheet_057.jpg,12,ok,7214,1773706388370.jpg,../outputs/rect_all\1773706388370.png,d6805574c7073c70,20260929
966,sheet_057.jpg,13,ok,7229,1774576845320.jpg,../outputs/rect_all\1774576845320.png,63b42ebbca396ffa,20260929
967,sheet_057.jpg,14,ok,7148,1773711356850.jpg,../outputs/rect_all\1773711356850.png,7df5a4433807cf7d,20260929
968,sheet_057.jpg,15,ok,4462,1776131363825.jpg,../outputs/rect_all\1776131363825.png,4e5d4db1158f3a03,20260929
969,sheet_057.jpg,16,ok,5959,1774407205521.jpg,../outputs/rect_all\1774407205521.png,4de178cdeac648d3,20260929
970,sheet_058.jpg,0,ok,7559,1774320244994.jpg,../outputs/rect_all\1774320244994.png,cb96f5d00b0ca1bf,20260929
971,sheet_058.jpg,1,ok,1247,1777255218416.jpg,../outputs/rect_all\1777255218416.png,8331fa7ef038696b,20260929
972,sheet_058.jpg,2,ok,1864,1776990677077.jpg,../outputs/rect_all\1776990677077.png,ccf1243ee83f30b0,20260929
973,sheet_058.jpg,3,ok,5549,1774057043709.jpg,../outputs/rect_all\1774057043709.png,88c9ee171bf85ada,20260929
974,sheet_058.jpg,4,ok,4635,1776307708258.jpg,../outputs/rect_all\1776307708258.png,1558363deab8fcf4,20260929
975,sheet_058.jpg,5,ok,3995,1775877168425.jpg,../outputs/rect_all\1775877168425.png,0762c780db38d5be,20260929
976,sheet_058.jpg,6,ok,2181,1776387859249.jpg,../outputs/rect_all\1776387859249.png,aa47b436167e325b,20260929
977,sheet_058.jpg,7,ok,5600,1774411641340.jpg,../outputs/rect_all\1774411641340.png,19437587e8090ad1,20260929
978,sheet_058.jpg,8,ok,5435,1774656441718.jpg,../outputs/rect_all\1774656441718.png,92aa186a2aa34cea,20260929
979,sheet_058.jpg,9,ok,6666,1775525023515.jpg,../outputs/rect_all\1775525023515.png,37ada2d878d9cc85,20260929
980,sheet_058.jpg,10,ok,4887,1775873487651.jpg,../outputs/rect_all\1775873487651.png,77cfe89be277f7e3,20260929
981,sheet_058.jpg,11,ok,792,1777688421450.jpg,../outputs/rect_all\1777688421450.png,2ccfd4d6cbae0fe6,20260929
982,sheet_058.jpg,12,ok,953,1777263815508.jpg,../outputs/rect_all\1777263815508.png,5c20b9f6107ecbcf,20260929
983,sheet_058.jpg,13,ok,1437,1778030798650.jpg,../outputs/rect_all\1778030798650.png,24883434c62337af,20260929
984,sheet_058.jpg,14,ok,5708,1774659399895.jpg,../outputs/rect_all\1774659399895.png,5e431a4bf8ac76cc,20260929
985,sheet_058.jpg,15,ok,952,1777263795757.jpg,../outputs/rect_all\1777263795757.png,b14abb4b004bcd7f,20260929
986,sheet_058.jpg,16,ok,6588,1773720950490.jpg,../outputs/rect_all\1773720950490.png,663bb29900d74d25,20260929
987,sheet_059.jpg,0,ok,5699,1774575643413.jpg,../outputs/rect_all\1774575643413.png,ac7a74b737e81067,20260929
988,sheet_059.jpg,1,ok,3692,1775616400184.jpg,../outputs/rect_all\1775616400184.png,be001e0a4b88d0a1,20260929
989,sheet_059.jpg,2,ok,2770,1776387524520.jpg,../outputs/rect_all\1776387524520.png,c3717849c199ce17,20260929
990,sheet_059.jpg,3,ok,5767,1774407835635.jpg,../outputs/rect_all\1774407835635.png,fb032a1196bf1924,20260929
991,sheet_059.jpg,4,ok,6014,1774582433149.jpg,../outputs/rect_all\1774582433149.png,62cb9beb47e1ea9a,20260929
992,sheet_059.jpg,5,ok,2925,1776650290953.jpg,../outputs/rect_all\1776650290953.png,7c2cf22f954d87e0,20260929
993,sheet_059.jpg,6,ok,955,1777263059578.jpg,../outputs/rect_all\1777263059578.png,3610cf81e8d51ea6,20260929
994,sheet_059.jpg,7,ok,8286,1775703936194.jpg,../outputs/rect_all\1775703936194.png,7a90bf1fdbb5487b,20260929
995,sheet_059.jpg,8,ok,7130,1778552081068.jpg,../outputs/rect_all\1778552081068.png,e5b058efb477128a,20260929
996,sheet_059.jpg,9,ok,6706,1775523208146.jpg,../outputs/rect_all\1775523208146.png,045018c14e573c85,20260929
997,sheet_059.jpg,10,ok,4463,1776131380139.jpg,../outputs/rect_all\1776131380139.png,5ef01499dd6b5eb1,20260929
998,sheet_059.jpg,11,ok,7010,1774321172002.jpg,../outputs/rect_all\1774321172002.png,fe497b6f821c852a,20260929
999,sheet_059.jpg,12,ok,558,1777427903780.jpg,../outputs/rect_all\1777427903780.png,e0efe373c8ffe607,20260929
1000,sheet_059.jpg,13,ok,2995,1776214343256.jpg,../outputs/rect_all\1776214343256.png,0034f8f6abd0908d,20260929
1001,sheet_059.jpg,14,ok,3717,1775788784128.jpg,../outputs/rect_all\1775788784128.png,2934eebf546f0424,20260929
1002,sheet_059.jpg,15,ok,8270,1773890062051.jpg,../outputs/rect_all\1773890062051.png,d7960fe9350d2a18,20260929
1003,sheet_059.jpg,16,ok,7731,1776475611415.jpg,../outputs/rect_all\1776475611415.png,79d937d013b65bf6,20260929
1004,sheet_060.jpg,0,ok,4748,1776215214291.jpg,../outputs/rect_all\1776215214291.png,34654da19f338b39,20260929
1005,sheet_060.jpg,1,ok,4299,1776137365641.jpg,../outputs/rect_all\1776137365641.png,11effc78b5e5d336,20260929
1006,sheet_060.jpg,2,ok,5833,1774409862040.jpg,../outputs/rect_all\1774409862040.png,0ff53cdf7c5dfeee,20260929
1007,sheet_060.jpg,3,ok,4256,1776133399447.jpg,../outputs/rect_all\1776133399447.png,cf42a905802930de,20260929
1008,sheet_060.jpg,4,ok,4106,1776307717381.jpg,../outputs/rect_all\1776307717381.png,d8e862c65ab361ff,20260929
1009,sheet_060.jpg,5,ok,6643,1773720247026.jpg,../outputs/rect_all\1773720247026.png,18a5aade15739638,20260929
1010,sheet_060.jpg,6,ok,3713,1775696629058.jpg,../outputs/rect_all\1775696629058.png,c7fb3c3e6465ae49,20260929
1011,sheet_060.jpg,7,ok,4818,1775874201228.jpg,../outputs/rect_all\1775874201228.png,9786ffa531c5f58b,20260929
1012,sheet_060.jpg,8,ok,5514,1774055787001.jpg,../outputs/rect_all\1774055787001.png,95bc1a4c49c815e0,20260929
1013,sheet_060.jpg,9,ok,1452,1777425304549.jpg,../outputs/rect_all\1777425304549.png,bf2acf71bf6a00d3,20260929
1014,sheet_060.jpg,10,ok,1248,1777339441550.jpg,../outputs/rect_all\1777339441550.png,c236a81afc558089,20260929
1015,sheet_060.jpg,11,ok,1711,1779238260988.jpg,../outputs/rect_all\1779238260988.png,75fccc6b9420a75d,20260929
1016,sheet_060.jpg,12,ok,3920,1775792856485.jpg,../outputs/rect_all\1775792856485.png,abcf731fb1b9532c,20260929
1017,sheet_060.jpg,13,ok,2032,1776823244281.jpg,../outputs/rect_all\1776823244281.png,5b361d8ab8ad85b1,20260929
1018,sheet_060.jpg,14,ok,5516,1774318617719.jpg,../outputs/rect_all\1774318617719.png,3ee27d456e69c72d,20260929
1019,sheet_060.jpg,15,ok,3892,1775699282627.jpg,../outputs/rect_all\1775699282627.png,7af54fe57d962ff2,20260929
1020,sheet_060.jpg,16,ok,8311,1775781532724.jpg,../outputs/rect_all\1775781532724.png,386d8076c3f6981e,20260929
1021,sheet_061.jpg,0,ok,8272,1773886635478.jpg,../outputs/rect_all\1773886635478.png,2740ef588c779888,20260929
1022,sheet_061.jpg,1,ok,171,1777948261688.jpg,../outputs/rect_all\1777948261688.png,003610fcac30d067,20260929
1023,sheet_061.jpg,2,ok,7178,1778555633663.jpg,../outputs/rect_all\1778555633663.png,c7dc80e8d8a087f4,20260929
1024,sheet_061.jpg,3,ok,6798,1775525219116.jpg,../outputs/rect_all\1775525219116.png,51b3b4fed29b8248,20260929
1025,sheet_061.jpg,4,ok,5761,1774405810582.jpg,../outputs/rect_all\1774405810582.png,71c8863526f9c30e,20260929
1026,sheet_061.jpg,5,ok,2741,1776386535299.jpg,../outputs/rect_all\1776386535299.png,c848279906b4d27f,20260929
1027,sheet_061.jpg,6,ok,3757,1775789751837.jpg,../outputs/rect_all\1775789751837.png,00653f09b9649bb5,20260929
1028,sheet_061.jpg,7,ok,1305,1777341915440.jpg,../outputs/rect_all\1777341915440.png,380faffd5f2a828e,20260929
1029,sheet_061.jpg,8,ok,4038,1776304985889.jpg,../outputs/rect_all\1776304985889.png,8d369214a3e7a38a,20260929
1030,sheet_061.jpg,9,ok,2858,1776735872210.jpg,../outputs/rect_all\1776735872210.png,62aeb629ba5d8a04,20260929
1031,sheet_061.jpg,10,ok,2780,1776385974113.jpg,../outputs/rect_all\1776385974113.png,d8f06f344e685ff2,20260929
1032,sheet_061.jpg,11,ok,8307,1775703362078.jpg,../outputs/rect_all\1775703362078.png,ba3e8ba15ac8357f,20260929
1033,sheet_061.jpg,12,ok,1219,1777341788886.jpg,../outputs/rect_all\1777341788886.png,068132e4e53b19e0,20260929
1034,sheet_061.jpg,13,ok,1073,1777261125774.jpg,../outputs/rect_all\1777261125774.png,0831e20b75aa8e6e,20260929
1035,sheet_061.jpg,14,ok,2979,1776214214028.jpg,../outputs/rect_all\1776214214028.png,1973268c91477a3a,20260929
1036,sheet_061.jpg,15,ok,1948,1779229810391.jpg,../outputs/rect_all\1779229810391.png,dec0fb52cb29e6e8,20260929
1037,sheet_061.jpg,16,ok,5528,1774058170310.jpg,../outputs/rect_all\1774058170310.png,ead38324d78e0348,20260929
1038,sheet_062.jpg,0,ok,4114,1776308726533.jpg,../outputs/rect_all\1776308726533.png,f89d7384359b7c48,20260929
1039,sheet_062.jpg,1,ok,3423,1776910971013.jpg,../outputs/rect_all\1776910971013.png,f1b26032955d56f5,20260929
1040,sheet_062.jpg,2,ok,3290,1776219702283.jpg,../outputs/rect_all\1776219702283.png,4a1f6384164d16c2,20260929
1041,sheet_062.jpg,3,ok,4756,1776306175201.jpg,../outputs/rect_all\1776306175201.png,69518f4b485cfedb,20260929
1042,sheet_062.jpg,4,ok,7287,1774573281101.jpg,../outputs/rect_all\1774573281101.png,fb4323e10207b9ba,20260929
1043,sheet_062.jpg,5,ok,3870,1775698522741.jpg,../outputs/rect_all\1775698522741.png,1366941d82714259,20260929
1044,sheet_062.jpg,6,ok,5500,1774056530912.jpg,../outputs/rect_all\1774056530912.png,1b0edb0c37c6ac5c,20260929
1045,sheet_062.jpg,7,ok,6713,1775522157006.jpg,../outputs/rect_all\1775522157006.png,69a9701bb92eb01f,20260929
1046,sheet_062.jpg,8,ok,3394,1776833332646.jpg,../outputs/rect_all\1776833332646.png,14502a7f228bf3c5,20260929
1047,sheet_062.jpg,9,ok,4329,1776217821430.jpg,../outputs/rect_all\1776217821430.png,d48452ae2498d528,20260929
1048,sheet_062.jpg,10,ok,8254,1773882775063.jpg,../outputs/rect_all\1773882775063.png,ff0ba4f4893e4ce2,20260929
1049,sheet_062.jpg,11,ok,4750,1776306675359.jpg,../outputs/rect_all\1776306675359.png,58affb1cbe5cb0b4,20260929
1050,sheet_062.jpg,12,ok,2867,1776736403272.jpg,../outputs/rect_all\1776736403272.png,50fd402fb9283bf5,20260929
1051,sheet_062.jpg,13,ok,752,1777595127297.jpg,../outputs/rect_all\1777595127297.png,3ec59848041a5784,20260929
1052,sheet_062.jpg,14,ok,4262,1776217418667.jpg,../outputs/rect_all\1776217418667.png,0403f292039de6b8,20260929
1053,sheet_062.jpg,15,ok,207,1777600644420.jpg,../outputs/rect_all\1777600644420.png,9d67ecab9ad9c4b2,20260929
1054,sheet_062.jpg,16,ok,1216,1777339294950.jpg,../outputs/rect_all\1777339294950.png,b7f1f688df35ce07,20260929
1055,sheet_063.jpg,0,ok,6385,1774403765016.jpg,../outputs/rect_all\1774403765016.png,b19819499a4cf00a,20260929
1056,sheet_063.jpg,1,ok,1091,1777945461237.jpg,../outputs/rect_all\1777945461237.png,2c134bdba943f75a,20260929
1057,sheet_063.jpg,2,ok,1855,1776991078755.jpg,../outputs/rect_all\1776991078755.png,c3a8455e7866eb64,20260929
1058,sheet_063.jpg,3,ok,7171,1773704998010.jpg,../outputs/rect_all\1773704998010.png,f741fb362bf36109,20260929
1059,sheet_063.jpg,4,ok,3996,1775877186665.jpg,../outputs/rect_all\1775877186665.png,7c7518efb1221b1b,20260929
1060,sheet_063.jpg,5,ok,4051,1776308548941.jpg,../outputs/rect_all\1776308548941.png,a0ab515f1f3200ea,20260929
1061,sheet_063.jpg,6,ok,6978,1778029881398.jpg,../outputs/rect_all\1778029881398.png,76d9429a5eee2182,20260929
1062,sheet_063.jpg,7,ok,1457,1777424970460.jpg,../outputs/rect_all\1777424970460.png,26068c04490568e8,20260929
1063,sheet_063.jpg,8,ok,7524,1774668594627.jpg,../outputs/rect_all\1774668594627.png,6bb7c789c4f37a9f,20260929
1064,sheet_063.jpg,9,ok,2138,1776910519037.jpg,../outputs/rect_all\1776910519037.png,3bfb1797d1e1ef28,20260929
1065,sheet_063.jpg,10,ok,694,1777685495301.jpg,../outputs/rect_all\1777685495301.png,b0a1a27770b487d9,20260929
1066,sheet_063.jpg,11,ok,75,1778117166756.jpg,../outputs/rect_all\1778117166756.png,146996eacc151328,20260929
1067,sheet_063.jpg,12,ok,6261,1774501682568.jpg,../outputs/rect_all\1774501682568.png,43eec5958ae01093,20260929
1068,sheet_063.jpg,13,ok,2873,1776649907828.jpg,../outputs/rect_all\1776649907828.png,1298c21ca900192e,20260929
1069,sheet_063.jpg,14,ok,1866,1776991625257.jpg,../outputs/rect_all\1776991625257.png,c93e043622b6cb2c,20260929
1070,sheet_063.jpg,15,ok,5317,1774662628777.jpg,../outputs/rect_all\1774662628777.png,2b116d260a6491f4,20260929
1071,sheet_063.jpg,16,ok,1321,1778210668408.jpg,../outputs/rect_all\1778210668408.png,eb97277cce5f9526,20260929
1072,sheet_064.jpg,0,ok,3574,1775530490358.jpg,../outputs/rect_all\1775530490358.png,d6e6c9a57068b888,20260929
1073,sheet_064.jpg,1,ok,947,1777254105642.jpg,../outputs/rect_all\1777254105642.png,ab568f63f5ed93ef,20260929
1074,sheet_064.jpg,2,ok,2974,1776300343175.jpg,../outputs/rect_all\1776300343175.png,7cfd155e1fd895a1,20260929
1075,sheet_064.jpg,3,ok,1987,1776919123092.jpg,../outputs/rect_all\1776919123092.png,210192abda6e8bb6,20260929
1076,sheet_064.jpg,4,ok,6711,1775522102011.jpg,../outputs/rect_all\1775522102011.png,b0e81ed13a6d9a7f,20260929
1077,sheet_064.jpg,5,ok,3755,1775698679102.jpg,../outputs/rect_all\1775698679102.png,10daa900d8beb0bf,20260929
1078,sheet_064.jpg,6,ok,3320,1776217679450.jpg,../outputs/rect_all\1776217679450.png,598bc914142efed1,20260929
1079,sheet_064.jpg,7,ok,1434,1777511845216.jpg,../outputs/rect_all\1777511845216.png,8b38169498b3a81f,20260929
1080,sheet_064.jpg,8,ok,7118,1773803574846.jpg,../outputs/rect_all\1773803574846.png,4aef19e352638f72,20260929
1081,sheet_064.jpg,9,ok,69,1778118520686.jpg,../outputs/rect_all\1778118520686.png,c459d038ec8f68a8,20260929
1082,sheet_064.jpg,10,ok,3816,1778899815923.jpg,../outputs/rect_all\1778899815923.png,f332688d8af5a982,20260929
1083,sheet_064.jpg,11,ok,5766,1774408734613.jpg,../outputs/rect_all\1774408734613.png,f99579a1655d660b,20260929
1084,sheet_064.jpg,12,ok,4272,1776216575449.jpg,../outputs/rect_all\1776216575449.png,e28f5ed6c7e700bb,20260929
1085,sheet_064.jpg,13,ok,5975,1774594681867.jpg,../outputs/rect_all\1774594681867.png,d019e1fb63a44a90,20260929
1086,sheet_064.jpg,14,ok,5561,1774059641092.jpg,../outputs/rect_all\1774059641092.png,422535590a7ca44a,20260929
1087,sheet_064.jpg,15,ok,1860,1779231450736.jpg,../outputs/rect_all\1779231450736.png,bcc4afb458596d40,20260929
1088,sheet_064.jpg,16,ok,8204,1773971909950.jpg,../outputs/rect_all\1773971909950.png,ef771efc53a60662,20260929
1089,sheet_065.jpg,0,ok,4464,1776131396353.jpg,../outputs/rect_all\1776131396353.png,4fc161997cdb60f7,20260929
1090,sheet_065.jpg,1,ok,8016,1775877499565.jpg,../outputs/rect_all\1775877499565.png,663e1bb1064a9503,20260929
1091,sheet_065.jpg,2,ok,3532,1775525263737.jpg,../outputs/rect_all\1775525263737.png,70cda9a7dfd35d98,20260929
1092,sheet_065.jpg,3,ok,2205,1776399208413.jpg,../outputs/rect_all\1776399208413.png,26438ace57ea7757,20260929
1093,sheet_065.jpg,4,ok,7915,1775875132139.jpg,../outputs/rect_all\1775875132139.png,7eec1ad115fc3b85,20260929
1094,sheet_065.jpg,5,ok,1869,1779231503772.jpg,../outputs/rect_all\1779231503772.png,3596ba6b346d7cae,20260929
1095,sheet_065.jpg,6,ok,3789,1775698818685.jpg,../outputs/rect_all\1775698818685.png,e13f892f81d77cfc,20260929
1096,sheet_065.jpg,7,ok,4851,1775871929123.jpg,../outputs/rect_all\1775871929123.png,bac2edd183fadc8a,20260929
1097,sheet_065.jpg,8,ok,3012,1776300576166.jpg,../outputs/rect_all\1776300576166.png,a1a47b32d16de186,20260929
1098,sheet_065.jpg,9,ok,5741,1774573542940.jpg,../outputs/rect_all\1774573542940.png,c25039cf274c0083,20260929
1099,sheet_065.jpg,10,ok,1365,1778210407614.jpg,../outputs/rect_all\1778210407614.png,6b1c6e2eddad0b4b,20260929
1100,sheet_065.jpg,11,ok,5769,1774407884975.jpg,../outputs/rect_all\1774407884975.png,bb122e9c513ef627,20260929
1101,sheet_065.jpg,12,ok,5642,1774413736255.jpg,../outputs/rect_all\1774413736255.png,87f74aec0e8e6e74,20260929
1102,sheet_065.jpg,13,ok,550,1777428133332.jpg,../outputs/rect_all\1777428133332.png,d1059f8adfd8a9d7,20260929
1103,sheet_065.jpg,14,ok,6853,1775526666428.jpg,../outputs/rect_all\1775526666428.png,2ec41c25b9a92904,20260929
1104,sheet_065.jpg,15,ok,8170,1773880486688.jpg,../outputs/rect_all\1773880486688.png,c827d8846f99085b,20260929
1105,sheet_065.jpg,16,ok,218,1777599049664.jpg,../outputs/rect_all\1777599049664.png,2ad2fe0230df07ad,20260929
1106,sheet_066.jpg,0,ok,3056,1776215956013.jpg,../outputs/rect_all\1776215956013.png,0be6af6366fd2f9c,20260929
1107,sheet_066.jpg,1,ok,5348,1774579148371.jpg,../outputs/rect_all\1774579148371.png,58439a9b17f76cfd,20260929
1108,sheet_066.jpg,2,ok,6541,1773725912652.jpg,../outputs/rect_all\1773725912652.png,cbff22385a48ca93,20260929
1109,sheet_066.jpg,3,ok,3725,1775697687944.jpg,../outputs/rect_all\1775697687944.png,3cbb285470ba8ca8,20260929
1110,sheet_066.jpg,4,ok,5845,1774487569286.jpg,../outputs/rect_all\1774487569286.png,6f85cd11b9c7cc81,20260929
1111,sheet_066.jpg,5,ok,6669,1778216648448.jpg,../outputs/rect_all\1778216648448.png,ea0c9d82a2ae1cfc,20260929
1112,sheet_066.jpg,6,ok,6142,1773726301793.jpg,../outputs/rect_all\1773726301793.png,a4b878e802e4a0ae,20260929
1113,sheet_066.jpg,7,ok,7888,1776051738073.jpg,../outputs/rect_all\1776051738073.png,63eb262bd2c15136,20260929
1114,sheet_066.jpg,8,ok,7801,1776476576456.jpg,../outputs/rect_all\1776476576456.png,be23a5a610dff6bb,20260929
1115,sheet_066.jpg,9,ok,465,1777423828957.jpg,../outputs/rect_all\1777423828957.png,8739bb5ea0051fb5,20260929
1116,sheet_066.jpg,10,ok,2176,1776469963383.jpg,../outputs/rect_all\1776469963383.png,19aeee9aadd7e2a2,20260929
1117,sheet_066.jpg,11,ok,5508,1774054222229.jpg,../outputs/rect_all\1774054222229.png,891e7e9bebfda092,20260929
1118,sheet_066.jpg,12,ok,4526,1776129042943.jpg,../outputs/rect_all\1776129042943.png,cb25204e2836de43,20260929
1119,sheet_066.jpg,13,ok,2202,1776470031568.jpg,../outputs/rect_all\1776470031568.png,588ecce59ebde719,20260929
1120,sheet_066.jpg,14,ok,455,1777423240897.jpg,../outputs/rect_all\1777423240897.png,c29bb8da967588c1,20260929
1121,sheet_066.jpg,15,ok,451,1777422771820.jpg,../outputs/rect_all\1777422771820.png,4c8b83fc017fb822,20260929
1122,sheet_066.jpg,16,ok,5796,1774409650923.jpg,../outputs/rect_all\1774409650923.png,596dbd659a332e86,20260929
1123,sheet_067.jpg,0,ok,4426,1776128774170.jpg,../outputs/rect_all\1776128774170.png,29a33f567da1556d,20260929
1124,sheet_067.jpg,1,ok,510,1777455161444.jpg,../outputs/rect_all\1777455161444.png,17bd75f0ee5e58b7,20260929
1125,sheet_067.jpg,2,ok,1973,1776989755491.jpg,../outputs/rect_all\1776989755491.png,539b4531e1abc77b,20260929
1126,sheet_067.jpg,3,ok,4110,1776311609852.jpg,../outputs/rect_all\1776311609852.png,22480a8350ae7cd6,20260929
1127,sheet_067.jpg,4,ok,3863,1775787510738.jpg,../outputs/rect_all\1775787510738.png,7305bced6bc32c79,20260929
1128,sheet_067.jpg,5,ok,3397,1776832829857.jpg,../outputs/rect_all\1776832829857.png,28de59d5269f72ae,20260929
1129,sheet_067.jpg,6,ok,4825,1775874640234.jpg,../outputs/rect_all\1775874640234.png,8e3df09e4fd3119d,20260929
1130,sheet_067.jpg,7,ok,513,1777455699817.jpg,../outputs/rect_all\1777455699817.png,2c058f1bef5b328b,20260929
1131,sheet_067.jpg,8,ok,830,1777511189405.jpg,../outputs/rect_all\1777511189405.png,79328dc73311bb63,20260929
1132,sheet_067.jpg,9,ok,2278,1776389302154.jpg,../outputs/rect_all\1776389302154.png,a7f0cc830f70afbe,20260929
1133,sheet_067.jpg,10,ok,6278,1774404931440.jpg,../outputs/rect_all\1774404931440.png,1edd291e97123517,20260929
1134,sheet_067.jpg,11,ok,4692,1776215109811.jpg,../outputs/rect_all\1776215109811.png,5af72f9339dbc98b,20260929
1135,sheet_067.jpg,12,ok,119,1778210821415.jpg,../outputs/rect_all\1778210821415.png,8565b470425cac79,20260929
1136,sheet_067.jpg,13,ok,7529,1774669884144.jpg,../outputs/rect_all\1774669884144.png,94b76d476419b6bb,20260929
1137,sheet_067.jpg,14,ok,1868,1776998515325.jpg,../outputs/rect_all\1776998515325.png,2b697223bd87c005,20260929
1138,sheet_067.jpg,15,ok,276,1777601920263.jpg,../outputs/rect_all\1777601920263.png,5681536e579d4605,20260929
1139,sheet_067.jpg,16,ok,6008,1774591749584.jpg,../outputs/rect_all\1774591749584.png,f24cad1926081998,20260929
1140,sheet_068.jpg,0,ok,6602,1773721189534.jpg,../outputs/rect_all\1773721189534.png,04cce25795f899fe,20260929
1141,sheet_068.jpg,1,ok,5682,1774575232350.jpg,../outputs/rect_all\1774575232350.png,6680207ca2e4f6c7,20260929
1142,sheet_068.jpg,2,ok,1327,1778210475129.jpg,../outputs/rect_all\1778210475129.png,085bfb3f4c00cd5b,20260929
1143,sheet_068.jpg,3,ok,444,1777423704698.jpg,../outputs/rect_all\1777423704698.png,f5bb9dfb653851de,20260929
1144,sheet_068.jpg,4,ok,4280,1776212763378.jpg,../outputs/rect_all\1776212763378.png,a6bf1c2d2e789105,20260929
1145,sheet_068.jpg,5,ok,8182,1773890308953.jpg,../outputs/rect_all\1773890308953.png,543a695c4e2c5bbd,20260929
1146,sheet_068.jpg,6,ok,5424,1774654942048.jpg,../outputs/rect_all\1774654942048.png,e0e4991ec1bdcfba,20260929
1147,sheet_068.jpg,7,ok,3613,1775614847789.jpg,../outputs/rect_all\1775614847789.png,5b969cc1f6a537db,20260929
1148,sheet_068.jpg,8,ok,7347,1778721719502.jpg,../outputs/rect_all\1778721719502.png,ca583551dcd6c131,20260929
1149,sheet_068.jpg,9,ok,4804,1775874104056.jpg,../outputs/rect_all\1775874104056.png,a3bc9be01cd69775,20260929
1150,sheet_068.jpg,10,ok,7998,1775876050394.jpg,../outputs/rect_all\1775876050394.png,8f40f4fc64615019,20260929
1151,sheet_068.jpg,11,ok,4879,1775875299759.jpg,../outputs/rect_all\1775875299759.png,77a45f69adf5e678,20260929
1152,sheet_068.jpg,12,ok,2002,1776912009591.jpg,../outputs/rect_all\1776912009591.png,71de66ba546c9dd8,20260929
1153,sheet_068.jpg,13,ok,3650,1775525674207.jpg,../outputs/rect_all\1775525674207.png,6f4d573bae5b12aa,20260929
1154,sheet_068.jpg,14,ok,1467,1777425622556.jpg,../outputs/rect_all\1777425622556.png,3a2a7e743cdc922a,20260929
1155,sheet_068.jpg,15,ok,4022,1776306588888.jpg,../outputs/rect_all\1776306588888.png,646980cf909e60a6,20260929
1156,sheet_068.jpg,16,ok,6819,1775525473692.jpg,../outputs/rect_all\1775525473692.png,23d01153269f9022,20260929
1157,sheet_069.jpg,0,ok,1994,1776823147090.jpg,../outputs/rect_all\1776823147090.png,f857617c17039acd,20260929
1158,sheet_069.jpg,1,ok,1871,1776997700133.jpg,../outputs/rect_all\1776997700133.png,8c6ef797a71fb1a0,20260929
1159,sheet_069.jpg,2,ok,7288,1774573297184.jpg,../outputs/rect_all\1774573297184.png,79f3362192894345,20260929
1160,sheet_069.jpg,3,ok,3895,1775704118953.jpg,../outputs/rect_all\1775704118953.png,e90a9864a23dd555,20260929
1161,sheet_069.jpg,4,ok,5675,1774574904518.jpg,../outputs/rect_all\1774574904518.png,34890cbc0b63e984,20260929
1162,sheet_069.jpg,5,ok,311,1777949901066.jpg,../outputs/rect_all\1777949901066.png,7ce948ea6ddca304,20260929
1163,sheet_069.jpg,6,ok,4708,1776217469037.jpg,../outputs/rect_all\1776217469037.png,9cf9e297944d6d9d,20260929
1164,sheet_069.jpg,7,ok,3878,1775789785328.jpg,../outputs/rect_all\1775789785328.png,7c6a3cd062c81c42,20260929
1165,sheet_069.jpg,8,ok,5703,1774576337585.jpg,../outputs/rect_all\1774576337585.png,db620c7b27929854,20260929
1166,sheet_069.jpg,9,ok,2845,1778901233003.jpg,../outputs/rect_all\1778901233003.png,95c0b70dd479ace2,20260929
1167,sheet_069.jpg,10,ok,4904,1775525970126.jpg,../outputs/rect_all\1775525970126.png,fb2e4f072c991df0,20260929
1168,sheet_069.jpg,11,ok,173,1777948376843.jpg,../outputs/rect_all\1777948376843.png,761f59f7e6f82679,20260929
1169,sheet_069.jpg,12,ok,5501,1774057451870.jpg,../outputs/rect_all\1774057451870.png,9a9cbbb6f4f67dcc,20260929
1170,sheet_069.jpg,13,ok,7041,1774322929938.jpg,../outputs/rect_all\1774322929938.png,374c9565a53030ad,20260929
1171,sheet_069.jpg,14,ok,6981,1778030109590.jpg,../outputs/rect_all\1778030109590.png,66a60ec8c704547c,20260929
1172,sheet_069.jpg,15,ok,688,1777859811373.jpg,../outputs/rect_all\1777859811373.png,befc2e253144734a,20260929
1173,sheet_069.jpg,16,ok,1113,1778029630731.jpg,../outputs/rect_all\1778029630731.png,8dd896624380d6f6,20260929
1174,sheet_070.jpg,0,ok,7030,1774337338799.jpg,../outputs/rect_all\1774337338799.png,e57b03e59f38624e,20260929
1175,sheet_070.jpg,1,ok,1451,1777425656726.jpg,../outputs/rect_all\1777425656726.png,948232ffb647b18e,20260929
1176,sheet_070.jpg,2,ok,3858,1775699410140.jpg,../outputs/rect_all\1775699410140.png,c1e8aa7ab2a64bf6,20260929
1177,sheet_070.jpg,3,ok,74,1778117145773.jpg,../outputs/rect_all\1778117145773.png,15616ac9c4bb9b3b,20260929
1178,sheet_070.jpg,4,ok,7161,1773706476613.jpg,../outputs/rect_all\1773706476613.png,14cf2d137ebccb7d,20260929
1179,sheet_070.jpg,5,ok,6827,1775530859491.jpg,../outputs/rect_all\1775530859491.png,d4cf5a61762b2280,20260929
1180,sheet_070.jpg,6,ok,2188,1776469376401.jpg,../outputs/rect_all\1776469376401.png,890245b82ed85d92,20260929
1181,sheet_070.jpg,7,ok,6802,1775549308825.jpg,../outputs/rect_all\1775549308825.png,19b68d89f8aaac3f,20260929
1182,sheet_070.jpg,8,ok,4392,1776127568220.jpg,../outputs/rect_all\1776127568220.png,3caa906390a22059,20260929
1183,sheet_070.jpg,9,ok,4348,1776213089320.jpg,../outputs/rect_all\1776213089320.png,80b85620d0305b71,20260929
1184,sheet_070.jpg,10,ok,2183,1776387881561.jpg,../outputs/rect_all\1776387881561.png,a27930f0375d4c38,20260929
1185,sheet_070.jpg,11,ok,7859,1773970557152.jpg,../outputs/rect_all\1773970557152.png,a4ce11ec6f1c5911,20260929
1186,sheet_070.jpg,12,ok,2228,1776388206638.jpg,../outputs/rect_all\1776388206638.png,90b3730aff580c7c,20260929
1187,sheet_070.jpg,13,ok,441,1777423495539.jpg,../outputs/rect_all\1777423495539.png,b32f3e42314208d6,20260929
1188,sheet_070.jpg,14,ok,6444,1774052897301.jpg,../outputs/rect_all\1774052897301.png,c961b23751f3fb12,20260929
1189,sheet_070.jpg,15,ok,3395,1776833348207.jpg,../outputs/rect_all\1776833348207.png,75f138f3686c1a7e,20260929
1190,sheet_070.jpg,16,ok,471,1777422933985.jpg,../outputs/rect_all\1777422933985.png,ebbf4c004de63fdc,20260929
1191,sheet_071.jpg,0,ok,1137,1778029718762.jpg,../outputs/rect_all\1778029718762.png,d91d60feec86b2a0,20260929
1192,sheet_071.jpg,1,ok,511,1777426132190.jpg,../outputs/rect_all\1777426132190.png,74dd93ab33dd5ea3,20260929
1193,sheet_071.jpg,2,ok,3726,1775697699850.jpg,../outputs/rect_all\1775697699850.png,5e5ccabe157a18c6,20260929
1194,sheet_071.jpg,3,ok,3835,1776477922796.jpg,../outputs/rect_all\1776477922796.png,fcfbbaaa8378bb46,20260929
1195,sheet_071.jpg,4,ok,6771,1775609387521.jpg,../outputs/rect_all\1775609387521.png,4625ddb9e31885ea,20260929
1196,sheet_071.jpg,5,ok,3799,1776477566421.jpg,../outputs/rect_all\1776477566421.png,7cc512d484bb7f78,20260929
1197,sheet_071.jpg,6,ok,1632,1779068511240.jpg,../outputs/rect_all\1779068511240.png,cd0a2b38834e4d80,20260929
1198,sheet_071.jpg,7,ok,8275,1773891040179.jpg,../outputs/rect_all\1773891040179.png,a0d788cda45ef717,20260929
1199,sheet_071.jpg,8,ok,1469,1777426088663.jpg,../outputs/rect_all\1777426088663.png,099bfe1eca6a9420,20260929
1200,sheet_071.jpg,9,ok,7252,1774664737240.jpg,../outputs/rect_all\1774664737240.png,6fed34b937974d8d,20260929
1201,sheet_071.jpg,10,ok,6590,1773721044988.jpg,../outputs/rect_all\1773721044988.png,7575d5eadc102187,20260929
1202,sheet_071.jpg,11,ok,5509,1774054240293.jpg,../outputs/rect_all\1774054240293.png,5ea99330bb5578a8,20260929
1203,sheet_071.jpg,12,ok,6281,1774405154059.jpg,../outputs/rect_all\1774405154059.png,5e8290153dea68c1,20260929
1204,sheet_071.jpg,13,ok,187,1777600426741.jpg,../outputs/rect_all\1777600426741.png,04d9d21291bcc413,20260929
1205,sheet_071.jpg,14,ok,7084,1774322538577.jpg,../outputs/rect_all\1774322538577.png,343e803c7d67f405,20260929
1206,sheet_071.jpg,15,ok,4103,1776306980783.jpg,../outputs/rect_all\1776306980783.png,0509d42116e63d52,20260929
1207,sheet_071.jpg,16,ok,6630,1773800078224.jpg,../outputs/rect_all\1773800078224.png,11fcfaaad23937e4,20260929
1208,sheet_072.jpg,0,ok,3875,1775700201107.jpg,../outputs/rect_all\1775700201107.png,7f993417bcf293c8,20260929
1209,sheet_072.jpg,1,ok,6570,1773725335747.jpg,../outputs/rect_all\1773725335747.png,5a45bddf4ef6b5c7,20260929
1210,sheet_072.jpg,2,ok,1000,1777344536600.jpg,../outputs/rect_all\1777344536600.png,256d55500031d11b,20260929
1211,sheet_072.jpg,3,ok,6531,1773800590651.jpg,../outputs/rect_all\1773800590651.png,e480b392b7e852e6,20260929
1212,sheet_072.jpg,4,ok,8334,1775783142438.jpg,../outputs/rect_all\1775783142438.png,286b02d30909ccb1,20260929
1213,sheet_072.jpg,5,ok,4362,1776137942622.jpg,../outputs/rect_all\1776137942622.png,e174cbe64dcf0dde,20260929
1214,sheet_072.jpg,6,ok,3974,1775875262064.jpg,../outputs/rect_all\1775875262064.png,0b7397a90ff9a025,20260929
1215,sheet_072.jpg,7,ok,3411,1779245081163.jpg,../outputs/rect_all\1779245081163.png,5d320269e3ba71d5,20260929
1216,sheet_072.jpg,8,ok,4243,1776132469451.jpg,../outputs/rect_all\1776132469451.png,5a48142c700c6e59,20260929
1217,sheet_072.jpg,9,ok,2234,1776470585942.jpg,../outputs/rect_all\1776470585942.png,28e0f73182d780b2,20260929
1218,sheet_072.jpg,10,ok,2034,1776824304218.jpg,../outputs/rect_all\1776824304218.png,cd77d65bedbfc49f,20260929
1219,sheet_072.jpg,11,ok,7877,1775874998173.jpg,../outputs/rect_all\1775874998173.png,0e354965928b5a0c,20260929
1220,sheet_072.jpg,12,ok,2509,1777086015780.jpg,../outputs/rect_all\1777086015780.png,c917281e535d3407,20260929
1221,sheet_072.jpg,13,ok,5753,1774405290802.jpg,../outputs/rect_all\1774405290802.png,bb7b18012c3c31d1,20260929
1222,sheet_072.jpg,14,ok,3263,1776217300623.jpg,../outputs/rect_all\1776217300623.png,0d578a948e7b3982,20260929
1223,sheet_072.jpg,15,ok,8161,1773974892433.jpg,../outputs/rect_all\1773974892433.png,c457d5a0d39c42f0,20260929
1224,sheet_072.jpg,16,ok,7133,1773708300752.jpg,../outputs/rect_all\1773708300752.png,aaf4ab674f3faf03,20260929
1225,sheet_073.jpg,0,ok,7372,1774060567298.jpg,../outputs/rect_all\1774060567298.png,bb89ec7cb3d0b0f2,20260929
1226,sheet_073.jpg,1,ok,172,1777948332131.jpg,../outputs/rect_all\1777948332131.png,745c0aa5b1980b4c,20260929
1227,sheet_073.jpg,2,ok,174,1777600214709.jpg,../outputs/rect_all\1777600214709.png,44737409c53f284b,20260929
1228,sheet_073.jpg,3,ok,1343,1778210866276.jpg,../outputs/rect_all\1778210866276.png,99bf9490bf9892bf,20260929
1229,sheet_073.jpg,4,ok,6183,1773712668292.jpg,../outputs/rect_all\1773712668292.png,35b60099dd6de1a2,20260929
1230,sheet_073.jpg,5,ok,7185,1773707866408.jpg,../outputs/rect_all\1773707866408.png,fbe7603151aa2766,20260929
1231,sheet_073.jpg,6,ok,2280,1776389346287.jpg,../outputs/rect_all\1776389346287.png,66c6e1907825cb2d,20260929
1232,sheet_073.jpg,7,ok,5835,1774410682286.jpg,../outputs/rect_all\1774410682286.png,69eb9f8d45a87714,20260929
1233,sheet_073.jpg,8,ok,5855,1774405099317.jpg,../outputs/rect_all\1774405099317.png,29cbb01606965203,20260929
1234,sheet_073.jpg,9,ok,242,1777597804692.jpg,../outputs/rect_all\1777597804692.png,6cc8d148c7b786fa,20260929
1235,sheet_073.jpg,10,ok,6380,1774406600837.jpg,../outputs/rect_all\1774406600837.png,a36c8b69ffd5b792,20260929
1236,sheet_073.jpg,11,ok,3236,1776228767853.jpg,../outputs/rect_all\1776228767853.png,8db1af062c8268bf,20260929
1237,sheet_073.jpg,12,ok,3555,1775528340807.jpg,../outputs/rect_all\1775528340807.png,9507ffaca4bb8da8,20260929
1238,sheet_073.jpg,13,ok,6320,1774490686396.jpg,../outputs/rect_all\1774490686396.png,9fa3aeb9e9416b99,20260929
1239,sheet_073.jpg,14,ok,8005,1776045992872.jpg,../outputs/rect_all\1776045992872.png,69d1a2977b03fba2,20260929
1240,sheet_073.jpg,15,ok,3669,1775527299806.jpg,../outputs/rect_all\1775527299806.png,9d3305b881efaf20,20260929
1241,sheet_073.jpg,16,ok,3140,1776827149712.jpg,../outputs/rect_all\1776827149712.png,41f0cc8891197c6f,20260929
1242,sheet_074.jpg,0,ok,4894,1776051881973.jpg,../outputs/rect_all\1776051881973.png,c214998e5bdc7372,20260929
1243,sheet_074.jpg,1,ok,5681,1774573885790.jpg,../outputs/rect_all\1774573885790.png,5337129588389fb9,20260929
1244,sheet_074.jpg,2,ok,4675,1776215060922.jpg,../outputs/rect_all\1776215060922.png,56c20c917710b352,20260929
1245,sheet_074.jpg,3,ok,6285,1774404514913.jpg,../outputs/rect_all\1774404514913.png,4c56afbf3de04988,20260929
1246,sheet_074.jpg,4,ok,3861,1775787469318.jpg,../outputs/rect_all\1775787469318.png,b2bf69d7c8d65cc5,20260929
1247,sheet_074.jpg,5,ok,7147,1778553900701.jpg,../outputs/rect_all\1778553900701.png,7b9725fdcfa955ac,20260929
1248,sheet_074.jpg,6,ok,7996,1775888998907.jpg,../outputs/rect_all\1775888998907.png,c6306ebe9e855f8f,20260929
1249,sheet_074.jpg,7,ok,3572,1775530438227.jpg,../outputs/rect_all\1775530438227.png,e798b34d6feb7bfe,20260929
1250,sheet_074.jpg,8,ok,4380,1776126839261.jpg,../outputs/rect_all\1776126839261.png,4a328ff0022f4471,20260929
1251,sheet_074.jpg,9,ok,5505,1774056594297.jpg,../outputs/rect_all\1774056594297.png,6d25af1722170fdb,20260929
1252,sheet_074.jpg,10,ok,3693,1775527060040.jpg,../outputs/rect_all\1775527060040.png,64b3137eec19dcff,20260929
1253,sheet_074.jpg,11,ok,2466,1777084005736.jpg,../outputs/rect_all\1777084005736.png,421f336c29e04670,20260929
1254,sheet_074.jpg,12,ok,8314,1775704065356.jpg,../outputs/rect_all\1775704065356.png,2f43a87731d03d31,20260929
1255,sheet_074.jpg,13,ok,4254,1776132100785.jpg,../outputs/rect_all\1776132100785.png,2b66d9795e49b338,20260929
1256,sheet_074.jpg,14,ok,4146,1775871978701.jpg,../outputs/rect_all\1775871978701.png,eb067ba6abee8d2a,20260929
1257,sheet_074.jpg,15,ok,1233,1777254921132.jpg,../outputs/rect_all\1777254921132.png,70a9a0eb7b4b3179,20260929
1258,sheet_074.jpg,16,ok,2744,1776472347788.jpg,../outputs/rect_all\1776472347788.png,04b4a5af022956d7,20260929
1259,sheet_075.jpg,0,ok,1443,1777425470956.jpg,../outputs/rect_all\1777425470956.png,0bea1cd2d8eb4e2a,20260929
1260,sheet_075.jpg,1,ok,3322,1776218015761.jpg,../outputs/rect_all\1776218015761.png,1e39a1c9c38e33ba,20260929
1261,sheet_075.jpg,2,ok,281,1777945455346.jpg,../outputs/rect_all\1777945455346.png,bb581b0c88c6917e,20260929
1262,sheet_075.jpg,3,ok,5577,1774409232908.jpg,../outputs/rect_all\1774409232908.png,6d621e19ae79547e,20260929
1263,sheet_075.jpg,4,ok,3608,1775614596051.jpg,../outputs/rect_all\1775614596051.png,b37c8079d57104c2,20260929
1264,sheet_075.jpg,5,ok,2023,1776910275632.jpg,../outputs/rect_all\1776910275632.png,338585e2343ecf5f,20260929
1265,sheet_075.jpg,6,ok,3517,1775525694679.jpg,../outputs/rect_all\1775525694679.png,4bbf80aa74acd047,20260929
1266,sheet_075.jpg,7,ok,2003,1776911595593.jpg,../outputs/rect_all\1776911595593.png,40b3f85b34ad4db9,20260929
1267,sheet_075.jpg,8,ok,2997,1776214797433.jpg,../outputs/rect_all\1776214797433.png,c9a9c1c72d9aba17,20260929
1268,sheet_075.jpg,9,ok,8271,1773886619895.jpg,../outputs/rect_all\1773886619895.png,df76157f4f8ad666,20260929
1269,sheet_075.jpg,10,ok,4901,1775524863758.jpg,../outputs/rect_all\1775524863758.png,8459a41932b44947,20260929
1270,sheet_075.jpg,11,ok,8284,1775700557336.jpg,../outputs/rect_all\1775700557336.png,f97bba3cff6a118f,20260929
1271,sheet_075.jpg,12,ok,7089,1774056166529.jpg,../outputs/rect_all\1774056166529.png,19d91b40b5c5cc86,20260929
1272,sheet_075.jpg,13,ok,7471,1774064721392.jpg,../outputs/rect_all\1774064721392.png,9e0207d5301b50fb,20260929
1273,sheet_075.jpg,14,ok,1874,1776998449759.jpg,../outputs/rect_all\1776998449759.png,7e1a814f800bc302,20260929
1274,sheet_075.jpg,15,ok,3897,1775702561561.jpg,../outputs/rect_all\1775702561561.png,a6cf1e3910dc6032,20260929
1275,sheet_075.jpg,16,ok,1329,1778207636424.jpg,../outputs/rect_all\1778207636424.png,4c35a61370674651,20260929
1276,sheet_076.jpg,0,ok,1142,1778032339703.jpg,../outputs/rect_all\1778032339703.png,2ab77987c84124fe,20260929
1277,sheet_076.jpg,1,ok,1265,1777270172901.jpg,../outputs/rect_all\1777270172901.png,85d3ac3e5cb07467,20260929
1278,sheet_076.jpg,2,ok,3959,1775786949335.jpg,../outputs/rect_all\1775786949335.png,99de92543526be97,20260929
1279,sheet_076.jpg,3,ok,3275,1776228924415.jpg,../outputs/rect_all\1776228924415.png,15be02105a31caf8,20260929
1280,sheet_076.jpg,4,ok,4037,1776304973896.jpg,../outputs/rect_all\1776304973896.png,c5ea2134080d20d8,20260929
1281,sheet_076.jpg,5,ok,6288,1774404013611.jpg,../outputs/rect_all\1774404013611.png,009461ca78f3dc16,20260929
1282,sheet_076.jpg,6,ok,8019,1775888107116.jpg,../outputs/rect_all\1775888107116.png,d28020b7582849f5,20260929
1283,sheet_076.jpg,7,ok,7419,1774317703522.jpg,../outputs/rect_all\1774317703522.png,84765577d1b515ba,20260929
1284,sheet_076.jpg,8,ok,6533,1773808955346.jpg,../outputs/rect_all\1773808955346.png,96e8acc9e9c66d98,20260929
1285,sheet_076.jpg,9,ok,5740,1774573688641.jpg,../outputs/rect_all\1774573688641.png,61b98bc1fac20044,20260929
1286,sheet_076.jpg,10,ok,7713,1776472725964.jpg,../outputs/rect_all\1776472725964.png,7684897e50b1697a,20260929
1287,sheet_076.jpg,11,ok,1849,1776991507185.jpg,../outputs/rect_all\1776991507185.png,11d060b1fe479811,20260929
1288,sheet_076.jpg,12,ok,713,1777597791058.jpg,../outputs/rect_all\1777597791058.png,39862d890ee00e66,20260929
1289,sheet_076.jpg,13,ok,6684,1775524060053.jpg,../outputs/rect_all\1775524060053.png,1f0867ce1da063d4,20260929
1290,sheet_076.jpg,14,ok,7485,1774064567529.jpg,../outputs/rect_all\1774064567529.png,e6d592847e20c532,20260929
1291,sheet_076.jpg,15,ok,3414,1776832939833.jpg,../outputs/rect_all\1776832939833.png,d55e2ea95a651ff4,20260929
1292,sheet_076.jpg,16,ok,1115,1778029662822.jpg,../outputs/rect_all\1778029662822.png,cb8098f96feb7fa5,20260929
1293,sheet_077.jpg,0,ok,3398,1776832855372.jpg,../outputs/rect_all\1776832855372.png,4815c9bb09bbb523,20260929
1294,sheet_077.jpg,1,ok,7907,1776052383322.jpg,../outputs/rect_all\1776052383322.png,7736fdc85f9fafa0,20260929
1295,sheet_077.jpg,2,ok,5328,1774662771163.jpg,../outputs/rect_all\1774662771163.png,75535c5db4ed973c,20260929
1296,sheet_077.jpg,3,ok,3848,1775697728602.jpg,../outputs/rect_all\1775697728602.png,75d147e5d4019e2b,20260929
1297,sheet_077.jpg,4,ok,7380,1774061555858.jpg,../outputs/rect_all\1774061555858.png,96f4767ef55f543f,20260929
1298,sheet_077.jpg,5,ok,7394,1774061121647.jpg,../outputs/rect_all\1774061121647.png,cac93753443a0a66,20260929
1299,sheet_077.jpg,6,ok,3380,1776219859019.jpg,../outputs/rect_all\1776219859019.png,ae9a5e1aa3eeae03,20260929
1300,sheet_077.jpg,7,ok,8144,1773880428316.jpg,../outputs/rect_all\1773880428316.png,1580a2c09e6bfb1f,20260929
1301,sheet_077.jpg,8,ok,1466,1777425611344.jpg,../outputs/rect_all\1777425611344.png,09b4e6d533b466c8,20260929
1302,sheet_077.jpg,9,ok,8173,1773879862959.jpg,../outputs/rect_all\1773879862959.png,1b7b8b120be2e66b,20260929
1303,sheet_077.jpg,10,ok,7221,1773805578473.jpg,../outputs/rect_all\1773805578473.png,e89fbde48af64487,20260929
1304,sheet_077.jpg,11,ok,3656,1775616704910.jpg,../outputs/rect_all\1775616704910.png,21d1c089c615bbe3,20260929
1305,sheet_077.jpg,12,ok,5863,1774486576266.jpg,../outputs/rect_all\1774486576266.png,588a380826b4d339,20260929
1306,sheet_077.jpg,13,ok,989,1777343633923.jpg,../outputs/rect_all\1777343633923.png,c556726e7995b1c9,20260929
1307,sheet_077.jpg,14,ok,972,1777343069764.jpg,../outputs/rect_all\1777343069764.png,8d932cdb4bcaed0a,20260929
1308,sheet_077.jpg,15,ok,6526,1773723011793.jpg,../outputs/rect_all\1773723011793.png,1c0d936bae534591,20260929
1309,sheet_077.jpg,16,ok,4653,1776215608139.jpg,../outputs/rect_all\1776215608139.png,45fe611f696e0a85,20260929
1310,sheet_078.jpg,0,ok,2988,1776214583906.jpg,../outputs/rect_all\1776214583906.png,6109bb2f6f33757a,20260929
1311,sheet_078.jpg,1,ok,3975,1775874400565.jpg,../outputs/rect_all\1775874400565.png,7f6533fdad68abe8,20260929
1312,sheet_078.jpg,2,ok,181,1777945737848.jpg,../outputs/rect_all\1777945737848.png,84eaab6ff54218e9,20260929
1313,sheet_078.jpg,3,ok,1588,1779067234971.jpg,../outputs/rect_all\1779067234971.png,03fad3f30e52caad,20260929
1314,sheet_078.jpg,4,ok,3605,1775615140723.jpg,../outputs/rect_all\1775615140723.png,3fe763df019543fc,20260929
1315,sheet_078.jpg,5,ok,2855,1776734528933.jpg,../outputs/rect_all\1776734528933.png,9991a7f111b8bd36,20260929
1316,sheet_078.jpg,6,ok,4102,1776306970263.jpg,../outputs/rect_all\1776306970263.png,89458ce2d04bafb5,20260929
1317,sheet_078.jpg,7,ok,2011,1779089468290.jpg,../outputs/rect_all\1779089468290.png,062fab20239ce28b,20260929
1318,sheet_078.jpg,8,ok,3360,1776228862626.jpg,../outputs/rect_all\1776228862626.png,80c256193f30213f,20260929
1319,sheet_078.jpg,9,ok,4661,1776216355938.jpg,../outputs/rect_all\1776216355938.png,e8473a4fa5a16d01,20260929
1320,sheet_078.jpg,10,ok,8239,1773968911873.jpg,../outputs/rect_all\1773968911873.png,ef3d1cbd08d7d9a0,20260929
1321,sheet_078.jpg,11,ok,3736,1775697140116.jpg,../outputs/rect_all\1775697140116.png,8ee748d831e569dc,20260929
1322,sheet_078.jpg,12,ok,2888,1776649260913.jpg,../outputs/rect_all\1776649260913.png,fa762bfeddb294cb,20260929
1323,sheet_078.jpg,13,ok,8147,1773970641625.jpg,../outputs/rect_all\1773970641625.png,dea0103f74d0389f,20260929
1324,sheet_078.jpg,14,ok,3232,1776305959742.jpg,../outputs/rect_all\1776305959742.png,bcfa98847331f75a,20260929
1325,sheet_078.jpg,15,ok,2469,1777084846273.jpg,../outputs/rect_all\1777084846273.png,728d102ccb873f68,20260929
1326,sheet_078.jpg,16,ok,7191,1773796872582.jpg,../outputs/rect_all\1773796872582.png,5744c9d2dbfcf9f8,20260929
1327,sheet_079.jpg,0,ok,1584,1779066846227.jpg,../outputs/rect_all\1779066846227.png,2aae4a3a5f579f95,20260929
1328,sheet_079.jpg,1,ok,6025,1778639757380.jpg,../outputs/rect_all\1778639757380.png,676b2b97146d23d0,20260929
1329,sheet_079.jpg,2,ok,8008,1776050829072.jpg,../outputs/rect_all\1776050829072.png,baeb2b885921f88c,20260929
1330,sheet_079.jpg,3,ok,7448,1774071140268.jpg,../outputs/rect_all\1774071140268.png,9073b19f5e9c2b5e,20260929
1331,sheet_079.jpg,4,ok,223,1777948504492.jpg,../outputs/rect_all\1777948504492.png,52677166379e52ef,20260929
1332,sheet_079.jpg,5,ok,7758,1776474368219.jpg,../outputs/rect_all\1776474368219.png,273af1a7c9cfa840,20260929
1333,sheet_079.jpg,6,ok,440,1777423482870.jpg,../outputs/rect_all\1777423482870.png,bf337e0c7e1eb321,20260929
1334,sheet_079.jpg,7,ok,3544,1778894959900.jpg,../outputs/rect_all\1778894959900.png,3ff89ace93ae51d1,20260929
1335,sheet_079.jpg,8,ok,4637,1776307744906.jpg,../outputs/rect_all\1776307744906.png,6e887c92f2d45069,20260929
1336,sheet_079.jpg,9,ok,4927,1775527747904.jpg,../outputs/rect_all\1775527747904.png,037fa368484b83ba,20260929
1337,sheet_079.jpg,10,ok,3951,1775786031251.jpg,../outputs/rect_all\1775786031251.png,b9fa5925258e8fd8,20260929
1338,sheet_079.jpg,11,ok,4315,1776137038621.jpg,../outputs/rect_all\1776137038621.png,e7a764c8a771a17b,20260929
1339,sheet_079.jpg,12,ok,6779,1775524173196.jpg,../outputs/rect_all\1775524173196.png,2d223560a4b0e254,20260929
1340,sheet_079.jpg,13,ok,442,1777423682689.jpg,../outputs/rect_all\1777423682689.png,4803361ce8ca7153,20260929
1341,sheet_079.jpg,14,ok,2155,1776469678831.jpg,../outputs/rect_all\1776469678831.png,10661403c10acdf7,20260929
1342,sheet_079.jpg,15,ok,3646,1775524787530.jpg,../outputs/rect_all\1775524787530.png,175203f8e827a158,20260929
1343,sheet_079.jpg,16,ok,2752,1776388168676.jpg,../outputs/rect_all\1776388168676.png,14cea7b9a46410e7,20260929
1344,sheet_080.jpg,0,ok,2028,1779089424770.jpg,../outputs/rect_all\1779089424770.png,99d0638edc45c26b,20260929
1345,sheet_080.jpg,1,ok,4411,1776128376943.jpg,../outputs/rect_all\1776128376943.png,2eebcc5152a49a75,20260929
1346,sheet_080.jpg,2,ok,4030,1776306215021.jpg,../outputs/rect_all\1776306215021.png,802fd1592c51f6f7,20260929
1347,sheet_080.jpg,3,ok,8235,1773970889053.jpg,../outputs/rect_all\1773970889053.png,f14e7bfda84820e3,20260929
1348,sheet_080.jpg,4,ok,3115,1776216784257.jpg,../outputs/rect_all\1776216784257.png,a5659d7e6bb9fc38,20260929
1349,sheet_080.jpg,5,ok,943,1777343433186.jpg,../outputs/rect_all\1777343433186.png,763023e490e6897d,20260929
1350,sheet_080.jpg,6,ok,2843,1776391157401.jpg,../outputs/rect_all\1776391157401.png,04c55062b8de7c7f,20260929
1351,sheet_080.jpg,7,ok,5587,1774409178258.jpg,../outputs/rect_all\1774409178258.png,0afcbee30b00842c,20260929
1352,sheet_080.jpg,8,ok,5321,1774574616392.jpg,../outputs/rect_all\1774574616392.png,802bb9d5836aa9fe,20260929
1353,sheet_080.jpg,9,ok,6530,1773723520699.jpg,../outputs/rect_all\1773723520699.png,a55a772222b4a2bd,20260929
1354,sheet_080.jpg,10,ok,1835,1776990497648.jpg,../outputs/rect_all\1776990497648.png,2afc1a403a149f69,20260929
1355,sheet_080.jpg,11,ok,1539,1777438402177.jpg,../outputs/rect_all\1777438402177.png,40f4eb79bc9acad1,20260929
1356,sheet_080.jpg,12,ok,6597,1773722026812.jpg,../outputs/rect_all\1773722026812.png,751295d452fb0373,20260929
1357,sheet_080.jpg,13,ok,3879,1775697997357.jpg,../outputs/rect_all\1775697997357.png,78317c22ccc3a3a5,20260929
1358,sheet_080.jpg,14,ok,5586,1774409153347.jpg,../outputs/rect_all\1774409153347.png,004a3cb4ca9edcb3,20260929
1359,sheet_080.jpg,15,ok,5568,1774408675060.jpg,../outputs/rect_all\1774408675060.png,c16e011eae770af5,20260929
1360,sheet_080.jpg,16,ok,1690,1779069229690.jpg,../outputs/rect_all\1779069229690.png,a1407c3cdc2dab3c,20260929
1361,sheet_081.jpg,0,ok,6537,1773722423844.jpg,../outputs/rect_all\1773722423844.png,3412521bfa567ca7,20260929
1362,sheet_081.jpg,1,ok,788,1777601913154.jpg,../outputs/rect_all\1777601913154.png,ca74f0f876db5a2e,20260929
1363,sheet_081.jpg,2,ok,472,1777422953326.jpg,../outputs/rect_all\1777422953326.png,94046f57f0448aca,20260929
1364,sheet_081.jpg,3,ok,3264,1776217309734.jpg,../outputs/rect_all\1776217309734.png,515b6307e728d35f,20260929
1365,sheet_081.jpg,4,ok,5857,1774405521785.jpg,../outputs/rect_all\1774405521785.png,94a66107e8e0cdf3,20260929
1366,sheet_081.jpg,5,ok,8277,1773887030775.jpg,../outputs/rect_all\1773887030775.png,d7820da4a05cc838,20260929
1367,sheet_081.jpg,6,ok,3687,1775611985338.jpg,../outputs/rect_all\1775611985338.png,294662646249077c,20260929
1368,sheet_081.jpg,7,ok,8001,1776047384540.jpg,../outputs/rect_all\1776047384540.png,f1a13931cf1e82ee,20260929
1369,sheet_081.jpg,8,ok,1572,1777080860697.jpg,../outputs/rect_all\1777080860697.png,13baff21ad0d9d59,20260929
1370,sheet_081.jpg,9,ok,1376,1778207065688.jpg,../outputs/rect_all\1778207065688.png,f03009be1f2ce841,20260929
1371,sheet_081.jpg,10,ok,2020,1776911498600.jpg,../outputs/rect_all\1776911498600.png,dcb026b599788064,20260929
1372,sheet_081.jpg,11,ok,553,1777457218898.jpg,../outputs/rect_all\1777457218898.png,c0ef3fc11383bd94,20260929
1373,sheet_081.jpg,12,ok,7194,1773806462751.jpg,../outputs/rect_all\1773806462751.png,3b118c5406391991,20260929
1374,sheet_081.jpg,13,ok,6923,1775524504750.jpg,../outputs/rect_all\1775524504750.png,fd5ea4c5a336b3a2,20260929
1375,sheet_081.jpg,14,ok,2846,1778901241909.jpg,../outputs/rect_all\1778901241909.png,60c094b45d0821d6,20260929
1376,sheet_081.jpg,15,ok,4024,1776305783304.jpg,../outputs/rect_all\1776305783304.png,cb3b8b0f39ec8763,20260929
1377,sheet_081.jpg,16,ok,6287,1774404539954.jpg,../outputs/rect_all\1774404539954.png,aae89837532f26d1,20260929
1378,sheet_082.jpg,0,ok,3425,1776832635313.jpg,../outputs/rect_all\1776832635313.png,60e9f3a5161dd171,20260929
1379,sheet_082.jpg,1,ok,1084,1777264424155.jpg,../outputs/rect_all\1777264424155.png,f40e43347495cc81,20260929
1380,sheet_082.jpg,2,ok,786,1777596198775.jpg,../outputs/rect_all\1777596198775.png,dc06507f2a6602d6,20260929
1381,sheet_082.jpg,3,ok,2185,1776470358399.jpg,../outputs/rect_all\1776470358399.png,fd716f62906e4eaa,20260929
1382,sheet_082.jpg,4,ok,4514,1776131479952.jpg,../outputs/rect_all\1776131479952.png,c5b2ec5810a12672,20260929
1383,sheet_082.jpg,5,ok,7378,1774319060756.jpg,../outputs/rect_all\1774319060756.png,3476d80f0100b94f,20260929
1384,sheet_082.jpg,6,ok,5705,1774576378177.jpg,../outputs/rect_all\1774576378177.png,e0c9667768e0bd7e,20260929
1385,sheet_082.jpg,7,ok,4015,1775877485962.jpg,../outputs/rect_all\1775877485962.png,403b1e58bebe9bad,20260929
1386,sheet_082.jpg,8,ok,6822,1775609319719.jpg,../outputs/rect_all\1775609319719.png,6dff0c39ce48432c,20260929
1387,sheet_082.jpg,9,ok,3412,1776823517679.jpg,../outputs/rect_all\1776823517679.png,14cae6d6637cc173,20260929
1388,sheet_082.jpg,10,ok,2008,1776910434294.jpg,../outputs/rect_all\1776910434294.png,3fbf3f4ae77f0b37,20260929
1389,sheet_082.jpg,11,ok,3812,1776477641456.jpg,../outputs/rect_all\1776477641456.png,636ac13a075c46c3,20260929
1390,sheet_082.jpg,12,ok,3957,1775785693963.jpg,../outputs/rect_all\1775785693963.png,196176d46c3782bc,20260929
1391,sheet_082.jpg,13,ok,2735,1776387461837.jpg,../outputs/rect_all\1776387461837.png,d823092db275179f,20260929
1392,sheet_082.jpg,14,ok,8216,1773886211908.jpg,../outputs/rect_all\1773886211908.png,4a42b54c45fd4734,20260929
1393,sheet_082.jpg,15,ok,8325,1775781242224.jpg,../outputs/rect_all\1775781242224.png,ce45519160988dde,20260929
1394,sheet_082.jpg,16,ok,3390,1776910178735.jpg,../outputs/rect_all\1776910178735.png,a07d38467541141c,20260929
1395,sheet_083.jpg,0,ok,2980,1776214228631.jpg,../outputs/rect_all\1776214228631.png,1a959750934464c8,20260929
1396,sheet_083.jpg,1,ok,7172,1773797820408.jpg,../outputs/rect_all\1773797820408.png,9a3dfc1d0a8618ae,20260929
1397,sheet_083.jpg,2,ok,5715,1774577297229.jpg,../outputs/rect_all\1774577297229.png,e9d425a1d8d9aad7,20260929
1398,sheet_083.jpg,3,ok,1255,1777341849509.jpg,../outputs/rect_all\1777341849509.png,95c2be67295ce7e3,20260929
1399,sheet_083.jpg,4,ok,5019,1775699908964.jpg,../outputs/rect_all\1775699908964.png,475db24d21fd609b,20260929
1400,sheet_083.jpg,5,ok,967,1777945958518.jpg,../outputs/rect_all\1777945958518.png,9a64178c58ce2e58,20260929
1401,sheet_083.jpg,6,ok,3866,1775699050344.jpg,../outputs/rect_all\1775699050344.png,1b75ca6bca471a2c,20260929
1402,sheet_083.jpg,7,ok,7337,1774660258352.jpg,../outputs/rect_all\1774660258352.png,d9ff8a4897eb1a0c,20260929
1403,sheet_083.jpg,8,ok,2275,1776471586505.jpg,../outputs/rect_all\1776471586505.png,4a22af4993be9c0e,20260929
1404,sheet_083.jpg,9,ok,7291,1774676793396.jpg,../outputs/rect_all\1774676793396.png,c00df4a64012b6b7,20260929
1405,sheet_083.jpg,10,ok,3618,1775530316095.jpg,../outputs/rect_all\1775530316095.png,950feb55a2e8ba72,20260929
1406,sheet_083.jpg,11,ok,4668,1776216626958.jpg,../outputs/rect_all\1776216626958.png,fc199bb6fcda1499,20260929
1407,sheet_083.jpg,12,ok,4888,1775873026351.jpg,../outputs/rect_all\1775873026351.png,3fc3b4684ab1705d,20260929
1408,sheet_083.jpg,13,ok,2006,1776824667484.jpg,../outputs/rect_all\1776824667484.png,0ecd603e02991490,20260929
1409,sheet_083.jpg,14,ok,6325,1774406131986.jpg,../outputs/rect_all\1774406131986.png,0beac4bbecc5468c,20260929
1410,sheet_083.jpg,15,ok,2116,1776825920002.jpg,../outputs/rect_all\1776825920002.png,7066224091abffb9,20260929
1411,sheet_083.jpg,16,ok,7139,1773807076312.jpg,../outputs/rect_all\1773807076312.png,fc83ae7343dd0480,20260929
1412,sheet_084.jpg,0,ok,436,1777454482014.jpg,../outputs/rect_all\1777454482014.png,63d91fb1bd4080d4,20260929
1413,sheet_084.jpg,1,ok,241,1777597615990.jpg,../outputs/rect_all\1777597615990.png,da3477f2fbe588b3,20260929
1414,sheet_084.jpg,2,ok,3393,1776823222168.jpg,../outputs/rect_all\1776823222168.png,6c4d40fe26f07afd,20260929
1415,sheet_084.jpg,3,ok,3797,1776476794364.jpg,../outputs/rect_all\1776476794364.png,2750a625215b567e,20260929
1416,sheet_084.jpg,4,ok,3883,1775789740005.jpg,../outputs/rect_all\1775789740005.png,fc990e834e65327c,20260929
1417,sheet_084.jpg,5,ok,1269,1777270579900.jpg,../outputs/rect_all\1777270579900.png,e0176966584a0e8a,20260929
1418,sheet_084.jpg,6,ok,3703,1775790491270.jpg,../outputs/rect_all\1775790491270.png,6d19103a63f4474e,20260929
1419,sheet_084.jpg,7,ok,7000,1774319862417.jpg,../outputs/rect_all\1774319862417.png,41493228fa82e380,20260929
1420,sheet_084.jpg,8,ok,7480,1774321369213.jpg,../outputs/rect_all\1774321369213.png,157f662647988e52,20260929
1421,sheet_084.jpg,9,ok,4270,1776216550243.jpg,../outputs/rect_all\1776216550243.png,bfabafc9d599a4fa,20260929
1422,sheet_084.jpg,10,ok,3724,1775697674780.jpg,../outputs/rect_all\1775697674780.png,17319b98d1610a91,20260929
1423,sheet_084.jpg,11,ok,4111,1776311632057.jpg,../outputs/rect_all\1776311632057.png,845cd20aee70dd2b,20260929
1424,sheet_084.jpg,12,ok,3655,1775527916547.jpg,../outputs/rect_all\1775527916547.png,886b960718f10945,20260929
1425,sheet_084.jpg,13,ok,1424,1778211222969.jpg,../outputs/rect_all\1778211222969.png,0a9a7db977ada13b,20260929
1426,sheet_084.jpg,14,ok,1578,1777081633603.jpg,../outputs/rect_all\1777081633603.png,e5a370016ea5a8c5,20260929
1427,sheet_084.jpg,15,ok,4535,1776302443217.jpg,../outputs/rect_all\1776302443217.png,92ceb48a1acd630c,20260929
1428,sheet_084.jpg,16,ok,979,1777264501596.jpg,../outputs/rect_all\1777264501596.png,70bb8fd217c685ca,20260929
1429,sheet_085.jpg,0,ok,453,1777423937958.jpg,../outputs/rect_all\1777423937958.png,34953666d126ed29,20260929
1430,sheet_085.jpg,1,ok,3386,1776225307704.jpg,../outputs/rect_all\1776225307704.png,52a30f434b93e00e,20260929
1431,sheet_085.jpg,2,ok,7709,1776473446356.jpg,../outputs/rect_all\1776473446356.png,122512172bb1264d,20260929
1432,sheet_085.jpg,3,ok,6271,1774490793736.jpg,../outputs/rect_all\1774490793736.png,977084de2a663e70,20260929
1433,sheet_085.jpg,4,ok,1110,1778030258806.jpg,../outputs/rect_all\1778030258806.png,160ceb33e0f0c751,20260929
1434,sheet_085.jpg,5,ok,5851,1774490405567.jpg,../outputs/rect_all\1774490405567.png,e698ffe640006344,20260929
1435,sheet_085.jpg,6,ok,4557,1776301659912.jpg,../outputs/rect_all\1776301659912.png,f093df506e7d18ce,20260929
1436,sheet_085.jpg,7,ok,3428,1779246087315.jpg,../outputs/rect_all\1779246087315.png,48544897c7af717c,20260929
1437,sheet_085.jpg,8,ok,6683,1775525142183.jpg,../outputs/rect_all\1775525142183.png,edba28a612033267,20260929
1438,sheet_085.jpg,9,ok,5224,1778545907942.jpg,../outputs/rect_all\1778545907942.png,9c93841d9d844f69,20260929
1439,sheet_085.jpg,10,ok,902,1777516783306.jpg,../outputs/rect_all\1777516783306.png,dc9b847b52976dd7,20260929
1440,sheet_085.jpg,11,ok,1369,1778206453530.jpg,../outputs/rect_all\1778206453530.png,1f7ec587921beabc,20260929
1441,sheet_085.jpg,12,ok,4803,1775874071996.jpg,../outputs/rect_all\1775874071996.png,f06dba7b6253f082,20260929
1442,sheet_085.jpg,13,ok,7430,1774323833120.jpg,../outputs/rect_all\1774323833120.png,823bfa07e1efce6b,20260929
1443,sheet_085.jpg,14,ok,1730,1776735060720.jpg,../outputs/rect_all\1776735060720.png,5ab701dc0270d6cb,20260929
1444,sheet_085.jpg,15,ok,5887,1774490274538.jpg,../outputs/rect_all\1774490274538.png,169e33cb8127d0e5,20260929
1445,sheet_085.jpg,16,ok,8200,1773971097318.jpg,../outputs/rect_all\1773971097318.png,968ecd671bc0e2d9,20260929
1446,sheet_086.jpg,0,ok,4035,1776305364584.jpg,../outputs/rect_all\1776305364584.png,6504badca41aee4f,20260929
1447,sheet_086.jpg,1,ok,1429,1777451235176.jpg,../outputs/rect_all\1777451235176.png,00ecf678bff26f50,20260929
1448,sheet_086.jpg,2,ok,5751,1774407201555.jpg,../outputs/rect_all\1774407201555.png,5a261daedf98f3b8,20260929
1449,sheet_086.jpg,3,ok,3153,1776819535488.jpg,../outputs/rect_all\1776819535488.png,1863ffd3923c369f,20260929
1450,sheet_086.jpg,4,ok,4033,1776305337908.jpg,../outputs/rect_all\1776305337908.png,cc1c67de0c1f8782,20260929
1451,sheet_086.jpg,5,ok,7136,1773804663380.jpg,../outputs/rect_all\1773804663380.png,d70d3f76bc9cb74b,20260929
1452,sheet_086.jpg,6,ok,3362,1779154745713.jpg,../outputs/rect_all\1779154745713.png,78d24cf7c4f2604e,20260929
1453,sheet_086.jpg,7,ok,1125,1778120686173.jpg,../outputs/rect_all\1778120686173.png,0f81bf328f862e33,20260929
1454,sheet_086.jpg,8,ok,4800,1776304161892.jpg,../outputs/rect_all\1776304161892.png,ff3217fd287f2108,20260929
1455,sheet_086.jpg,9,ok,2212,1779162331029.jpg,../outputs/rect_all\1779162331029.png,22f377b6368c0c4a,20260929
1456,sheet_086.jpg,10,ok,6682,1775525128939.jpg,../outputs/rect_all\1775525128939.png,827456c0989ed1d0,20260929
1457,sheet_086.jpg,11,ok,6589,1773720993577.jpg,../outputs/rect_all\1773720993577.png,5dd2965618f9b728,20260929
1458,sheet_086.jpg,12,ok,2779,1776385958341.jpg,../outputs/rect_all\1776385958341.png,1ab6e8b069383e17,20260929
1459,sheet_086.jpg,13,ok,2985,1776215380003.jpg,../outputs/rect_all\1776215380003.png,e0dcc20c46a4741d,20260929
1460,sheet_086.jpg,14,ok,6313,1774490869350.jpg,../outputs/rect_all\1774490869350.png,11900cbfe0956532,20260929
1461,sheet_086.jpg,15,ok,4845,1775871382477.jpg,../outputs/rect_all\1775871382477.png,0908c01e3ccaeb0c,20260929
1462,sheet_086.jpg,16,ok,7235,1774577773242.jpg,../outputs/rect_all\1774577773242.png,15f0b311cfa5cce8,20260929
1463,sheet_087.jpg,0,ok,5492,1774054124362.jpg,../outputs/rect_all\1774054124362.png,a79f79cd2a3c9b20,20260929
1464,sheet_087.jpg,1,ok,5832,1774490146123.jpg,../outputs/rect_all\1774490146123.png,7d5a7a90a6681400,20260929
1465,sheet_087.jpg,2,ok,4139,1775871422685.jpg,../outputs/rect_all\1775871422685.png,d06eb8bf44c4616c,20260929
1466,sheet_087.jpg,3,ok,3122,1779170299608.jpg,../outputs/rect_all\1779170299608.png,c5ee30e0d30db49c,20260929
1467,sheet_087.jpg,4,ok,355,1777264500264.jpg,../outputs/rect_all\1777264500264.png,9a176d4c90433354,20260929
1468,sheet_087.jpg,5,ok,2064,1776820468425.jpg,../outputs/rect_all\1776820468425.png,e98047722d15fb2b,20260929
1469,sheet_087.jpg,6,ok,993,1777264274631.jpg,../outputs/rect_all\1777264274631.png,fd4532e731b28a4d,20260929
1470,sheet_087.jpg,7,ok,2140,1776822227806.jpg,../outputs/rect_all\1776822227806.png,932bc7a6074735a1,20260929
1471,sheet_087.jpg,8,ok,6205,1773806945286.jpg,../outputs/rect_all\1773806945286.png,e1ed7239f98b2215,20260929
1472,sheet_087.jpg,9,ok,6326,1774405915392.jpg,../outputs/rect_all\1774405915392.png,e1d66a098c180c42,20260929
1473,sheet_087.jpg,10,ok,1993,1776823123227.jpg,../outputs/rect_all\1776823123227.png,86fede1084614a13,20260929
1474,sheet_087.jpg,11,ok,2756,1778900413007.jpg,../outputs/rect_all\1778900413007.png,c37646dee99692db,20260929
1475,sheet_087.jpg,12,ok,2042,1776910346175.jpg,../outputs/rect_all\1776910346175.png,b4316b474767d3b8,20260929
1476,sheet_087.jpg,13,ok,8262,1773969363420.jpg,../outputs/rect_all\1773969363420.png,49d4dafb0cb56ce9,20260929
1477,sheet_087.jpg,14,ok,6858,1775527184719.jpg,../outputs/rect_all\1775527184719.png,2ebe033d87d190c0,20260929
1478,sheet_087.jpg,15,ok,5575,1774489754526.jpg,../outputs/rect_all\1774489754526.png,d13088a9ecb51526,20260929
1479,sheet_087.jpg,16,ok,6314,1774490887150.jpg,../outputs/rect_all\1774490887150.png,06c85a2d991f968f,20260929
1480,sheet_088.jpg,0,ok,7284,1778718780783.jpg,../outputs/rect_all\1778718780783.png,c1e1f3770af0550c,20260929
1481,sheet_088.jpg,1,ok,7077,1774319244133.jpg,../outputs/rect_all\1774319244133.png,43b0bfeed65a75d3,20260929
1482,sheet_088.jpg,2,ok,3968,1775704184059.jpg,../outputs/rect_all\1775704184059.png,1141d10557658a6b,20260929
1483,sheet_088.jpg,3,ok,4332,1776214572591.jpg,../outputs/rect_all\1776214572591.png,3551e7a70c72791d,20260929
1484,sheet_088.jpg,4,ok,1309,1777270691333.jpg,../outputs/rect_all\1777270691333.png,c3702ad86ef81b24,20260929
1485,sheet_088.jpg,5,ok,6140,1773726243031.jpg,../outputs/rect_all\1773726243031.png,0dc2532ef6064582,20260929
1486,sheet_088.jpg,6,ok,2276,1776471155245.jpg,../outputs/rect_all\1776471155245.png,ed823c37d60c6292,20260929
1487,sheet_088.jpg,7,ok,1324,1778206073252.jpg,../outputs/rect_all\1778206073252.png,3d73f29e9c0ec720,20260929
1488,sheet_088.jpg,8,ok,4634,1776305695328.jpg,../outputs/rect_all\1776305695328.png,430a6ce1e04c187b,20260929
1489,sheet_088.jpg,9,ok,4346,1776213043341.jpg,../outputs/rect_all\1776213043341.png,f8a6e74bfb8b1e6d,20260929
1490,sheet_088.jpg,10,ok,6820,1775609295014.jpg,../outputs/rect_all\1775609295014.png,8b548285e7e175f6,20260929
1491,sheet_088.jpg,11,ok,4283,1776132542968.jpg,../outputs/rect_all\1776132542968.png,835a0adc1403075a,20260929
1492,sheet_088.jpg,12,ok,7897,1775888551014.jpg,../outputs/rect_all\1775888551014.png,de95cce146199977,20260929
1493,sheet_088.jpg,13,ok,2189,1776469387987.jpg,../outputs/rect_all\1776469387987.png,30bed9829d5941be,20260929
1494,sheet_088.jpg,14,ok,2133,1776820975475.jpg,../outputs/rect_all\1776820975475.png,5771b51c8fe59a2e,20260929
1495,sheet_088.jpg,15,ok,8003,1776045961285.jpg,../outputs/rect_all\1776045961285.png,1bb282330859b108,20260929
1496,sheet_088.jpg,16,ok,8301,1775783508626.jpg,../outputs/rect_all\1775783508626.png,29bf7ce8562a842d,20260929
1497,sheet_089.jpg,0,ok,2150,1779161567933.jpg,../outputs/rect_all\1779161567933.png,e0dcc9aaa5f8b398,20260929
1498,sheet_089.jpg,1,ok,6258,1774502611829.jpg,../outputs/rect_all\1774502611829.png,f6a30df6f343217b,20260929
1499,sheet_089.jpg,2,ok,3009,1779169960921.jpg,../outputs/rect_all\1779169960921.png,8eb25b9e47b3f144,20260929
1500,sheet_089.jpg,3,ok,7275,1774572807119.jpg,../outputs/rect_all\1774572807119.png,978280f18a62547f,20260929
1501,sheet_089.jpg,4,ok,274,1777689626961.jpg,../outputs/rect_all\1777689626961.png,208c942543d1fa16,20260929
1502,sheet_089.jpg,5,ok,3857,1775789166860.jpg,../outputs/rect_all\1775789166860.png,186305e2eb72a620,20260929
1503,sheet_089.jpg,6,ok,1325,1778206090224.jpg,../outputs/rect_all\1778206090224.png,90ccb20e4d5fb204,20260929
1504,sheet_089.jpg,7,ok,3361,1776228876928.jpg,../outputs/rect_all\1776228876928.png,e5022ada66d2b489,20260929
1505,sheet_089.jpg,8,ok,7282,1774573114233.jpg,../outputs/rect_all\1774573114233.png,1448bfee49d59ce3,20260929
1506,sheet_089.jpg,9,ok,5952,1774406946278.jpg,../outputs/rect_all\1774406946278.png,3f62f78a6fb753b0,20260929
1507,sheet_089.jpg,10,ok,4513,1776131184910.jpg,../outputs/rect_all\1776131184910.png,97dcd8f5e15c0371,20260929
1508,sheet_089.jpg,11,ok,7187,1773713398937.jpg,../outputs/rect_all\1773713398937.png,18dcb224ed4b7437,20260929
1509,sheet_089.jpg,12,ok,3786,1775790381708.jpg,../outputs/rect_all\1775790381708.png,80d6cad0d9ba8ab1,20260929
1510,sheet_089.jpg,13,ok,4269,1776213333631.jpg,../outputs/rect_all\1776213333631.png,ad32aff2d4363e7e,20260929
1511,sheet_089.jpg,14,ok,8190,1773886976015.jpg,../outputs/rect_all\1773886976015.png,6fcba30b2bdabe44,20260929
1512,sheet_089.jpg,15,ok,1456,1777424955157.jpg,../outputs/rect_all\1777424955157.png,5cea5d8a75eb397c,20260929
1513,sheet_089.jpg,16,ok,7800,1776476225743.jpg,../outputs/rect_all\1776476225743.png,e9b91a71d62f3ad1,20260929
1514,sheet_090.jpg,0,ok,5829,1774407751576.jpg,../outputs/rect_all\1774407751576.png,a4b94f07548f4d14,20260929
1515,sheet_090.jpg,1,ok,1334,1778204457021.jpg,../outputs/rect_all\1778204457021.png,3e3b33ceb3163a2e,20260929
1516,sheet_090.jpg,2,ok,7923,1776051612509.jpg,../outputs/rect_all\1776051612509.png,ebc635cca3f6d88a,20260929
1517,sheet_090.jpg,3,ok,7699,1776473245055.jpg,../outputs/rect_all\1776473245055.png,53f710c842510717,20260929
1518,sheet_090.jpg,4,ok,3666,1775527575071.jpg,../outputs/rect_all\1775527575071.png,1e510da07816674a,20260929
1519,sheet_090.jpg,5,ok,6642,1773800650882.jpg,../outputs/rect_all\1773800650882.png,c78c1b6559f35dbc,20260929
1520,sheet_090.jpg,6,ok,2776,1776388737566.jpg,../outputs/rect_all\1776388737566.png,8afde6b0103b4615,20260929
1521,sheet_090.jpg,7,ok,1569,1777081460325.jpg,../outputs/rect_all\1777081460325.png,e9b179c366da4882,20260929
1522,sheet_090.jpg,8,ok,7431,1774062163385.jpg,../outputs/rect_all\1774062163385.png,452303152a93837a,20260929
1523,sheet_090.jpg,9,ok,3545,1778894985958.jpg,../outputs/rect_all\1778894985958.png,49ff5849d6dc4e6a,20260929
1524,sheet_090.jpg,10,ok,3919,1775792823588.jpg,../outputs/rect_all\1775792823588.png,411147b090e2d6bc,20260929
1525,sheet_090.jpg,11,ok,1227,1777255312092.jpg,../outputs/rect_all\1777255312092.png,5fce4dba159f161a,20260929
1526,sheet_090.jpg,12,ok,4902,1775524884436.jpg,../outputs/rect_all\1775524884436.png,a03e0349f9eec69e,20260929
1527,sheet_090.jpg,13,ok,4929,1775527780673.jpg,../outputs/rect_all\1775527780673.png,eefbaefea701a9af,20260929
1528,sheet_090.jpg,14,ok,7206,1773794165696.jpg,../outputs/rect_all\1773794165696.png,2fb48a97b7444315,20260929
1529,sheet_090.jpg,15,ok,6182,1773712625652.jpg,../outputs/rect_all\1773712625652.png,77fbd2caf30b08a8,20260929
1530,sheet_090.jpg,16,ok,1728,1776735017480.jpg,../outputs/rect_all\1776735017480.png,169017cebce08d7e,20260929
1531,sheet_091.jpg,0,ok,8175,1773970677651.jpg,../outputs/rect_all\1773970677651.png,2726d6ff5d084477,20260929
1532,sheet_091.jpg,1,ok,784,1777689113081.jpg,../outputs/rect_all\1777689113081.png,32bb869bb4eeeca1,20260929
1533,sheet_091.jpg,2,ok,3961,1775786982641.jpg,../outputs/rect_all\1775786982641.png,7d74a4e59de71e29,20260929
1534,sheet_091.jpg,3,ok,7024,1774325203153.jpg,../outputs/rect_all\1774325203153.png,037d1edf7c8eaaa9,20260929
1535,sheet_091.jpg,4,ok,3804,1778899532505.jpg,../outputs/rect_all\1778899532505.png,4d382aba699b3346,20260929
1536,sheet_091.jpg,5,ok,6793,1775610990247.jpg,../outputs/rect_all\1775610990247.png,d572e300f5f526bb,20260929
1537,sheet_091.jpg,6,ok,73,1778117129144.jpg,../outputs/rect_all\1778117129144.png,b6c60122a2661b4f,20260929
1538,sheet_091.jpg,7,ok,8266,1773977793516.jpg,../outputs/rect_all\1773977793516.png,4fe21da8b3934002,20260929
1539,sheet_091.jpg,8,ok,1367,1778210431358.jpg,../outputs/rect_all\1778210431358.png,bbdc39c556c7f15c,20260929
1540,sheet_091.jpg,9,ok,6522,1773719533778.jpg,../outputs/rect_all\1773719533778.png,9628129bd445c8a1,20260929
1541,sheet_091.jpg,10,ok,3853,1775699867584.jpg,../outputs/rect_all\1775699867584.png,b255164bfaeb337d,20260929
1542,sheet_091.jpg,11,ok,4237,1776131969413.jpg,../outputs/rect_all\1776131969413.png,2adf9873d8ed85d6,20260929
1543,sheet_091.jpg,12,ok,3399,1776832868234.jpg,../outputs/rect_all\1776832868234.png,8af22e70058a6be5,20260929
1544,sheet_091.jpg,13,ok,5755,1774405322928.jpg,../outputs/rect_all\1774405322928.png,4ed92581d5e83c5b,20260929
1545,sheet_091.jpg,14,ok,6234,1773793805134.jpg,../outputs/rect_all\1773793805134.png,b67e4a4c683f558b,20260929
1546,sheet_091.jpg,15,ok,1249,1777339451614.jpg,../outputs/rect_all\1777339451614.png,8f57031249dad4ee,20260929
1547,sheet_091.jpg,16,ok,4914,1775526059012.jpg,../outputs/rect_all\1775526059012.png,136d457e89977be8,20260929
1548,sheet_092.jpg,0,ok,2191,1776388661790.jpg,../outputs/rect_all\1776388661790.png,20e1bc1b94c1d6b8,20260929
1549,sheet_092.jpg,1,ok,8305,1775703338408.jpg,../outputs/rect_all\1775703338408.png,0883085a626f8381,20260929
1550,sheet_092.jpg,2,ok,4319,1776136606827.jpg,../outputs/rect_all\1776136606827.png,842001f833118929,20260929
1551,sheet_092.jpg,3,ok,6293,1774404357769.jpg,../outputs/rect_all\1774404357769.png,e7637fa6315246b6,20260929
1552,sheet_092.jpg,4,ok,2998,1776300385404.jpg,../outputs/rect_all\1776300385404.png,733e9d28cd2ab8ab,20260929
1553,sheet_092.jpg,5,ok,6816,1775525962199.jpg,../outputs/rect_all\1775525962199.png,078e80d960089caf,20260929
1554,sheet_092.jpg,6,ok,7227,1774576114810.jpg,../outputs/rect_all\1774576114810.png,e510f197797223f0,20260929
1555,sheet_092.jpg,7,ok,2063,1779088065763.jpg,../outputs/rect_all\1779088065763.png,954507994f47a9a1,20260929
1556,sheet_092.jpg,8,ok,6452,1774322655852.jpg,../outputs/rect_all\1774322655852.png,302f99f028a67803,20260929
1557,sheet_092.jpg,9,ok,4532,1776299684699.jpg,../outputs/rect_all\1776299684699.png,5e3a83ec4992f79d,20260929
1558,sheet_092.jpg,10,ok,3806,1776476847985.jpg,../outputs/rect_all\1776476847985.png,8694f54ab17263a5,20260929
1559,sheet_092.jpg,11,ok,6557,1773808849761.jpg,../outputs/rect_all\1773808849761.png,eab649fdea164743,20260929
1560,sheet_092.jpg,12,ok,448,1777454338078.jpg,../outputs/rect_all\1777454338078.png,f888cb80230c7b07,20260929
1561,sheet_092.jpg,13,ok,2274,1776389535142.jpg,../outputs/rect_all\1776389535142.png,deb7aaa4a361147b,20260929
1562,sheet_092.jpg,14,ok,1689,1779069189917.jpg,../outputs/rect_all\1779069189917.png,4f1a90c60b4a708f,20260929
1563,sheet_092.jpg,15,ok,4376,1776128242425.jpg,../outputs/rect_all\1776128242425.png,6f25dedb09c5e5f7,20260929
1564,sheet_092.jpg,16,ok,1909,1779230904351.jpg,../outputs/rect_all\1779230904351.png,299d811a946ecba3,20260929
1565,sheet_093.jpg,0,ok,7004,1774057904957.jpg,../outputs/rect_all\1774057904957.png,284318a8ed41fd43,20260929
1566,sheet_093.jpg,1,ok,5696,1774574823231.jpg,../outputs/rect_all\1774574823231.png,dc172f4b2c9e279e,20260929
1567,sheet_093.jpg,2,ok,4242,1776132452255.jpg,../outputs/rect_all\1776132452255.png,991171ba5a1e330d,20260929
1568,sheet_093.jpg,3,ok,3653,1775526641000.jpg,../outputs/rect_all\1775526641000.png,0d4ae9fd8be934b0,20260929
1569,sheet_093.jpg,4,ok,3712,1775697055338.jpg,../outputs/rect_all\1775697055338.png,c54cdddfc03f9f3a,20260929
1570,sheet_093.jpg,5,ok,203,1777945583631.jpg,../outputs/rect_all\1777945583631.png,b94c6649acf1a9ff,20260929
1571,sheet_093.jpg,6,ok,5140,1776041327628.jpg,../outputs/rect_all\1776041327628.png,62f7ba6ecf842acd,20260929
1572,sheet_093.jpg,7,ok,6392,1774404253415.jpg,../outputs/rect_all\1774404253415.png,03901b2793d48d16,20260929
1573,sheet_093.jpg,8,ok,2027,1776911957176.jpg,../outputs/rect_all\1776911957176.png,4167b05b911fc102,20260929
1574,sheet_093.jpg,9,ok,3862,1775787490705.jpg,../outputs/rect_all\1775787490705.png,eff7262307b4fd49,20260929
1575,sheet_093.jpg,10,ok,4709,1776216831848.jpg,../outputs/rect_all\1776216831848.png,bfc4f7d472f560f7,20260929
1576,sheet_093.jpg,11,ok,189,1777599666248.jpg,../outputs/rect_all\1777599666248.png,e44160b08304caae,20260929
1577,sheet_093.jpg,12,ok,3711,1775697042670.jpg,../outputs/rect_all\1775697042670.png,2c437d81f9be950d,20260929
1578,sheet_093.jpg,13,ok,8143,1773880413820.jpg,../outputs/rect_all\1773880413820.png,0be802283730cfc7,20260929
1579,sheet_093.jpg,14,ok,6064,1778639212669.jpg,../outputs/rect_all\1778639212669.png,1f44127837e826c5,20260929
1580,sheet_093.jpg,15,ok,7734,1776476477279.jpg,../outputs/rect_all\1776476477279.png,645ad48e49f57eb2,20260929
1581,sheet_093.jpg,16,ok,755,1777689371136.jpg,../outputs/rect_all\1777689371136.png,1ba58109b12f0075,20260929
1582,sheet_094.jpg,0,ok,3113,1776216563342.jpg,../outputs/rect_all\1776216563342.png,d285c61da1f1bfa2,20260929
1583,sheet_094.jpg,1,ok,461,1777455874911.jpg,../outputs/rect_all\1777455874911.png,987169da85d6980a,20260929
1584,sheet_094.jpg,2,ok,4301,1776134524006.jpg,../outputs/rect_all\1776134524006.png,87702b9da42d8dce,20260929
1585,sheet_094.jpg,3,ok,2767,1776386661692.jpg,../outputs/rect_all\1776386661692.png,4c2bb451ab53c6e7,20260929
1586,sheet_094.jpg,4,ok,6823,1775609253353.jpg,../outputs/rect_all\1775609253353.png,c05d527353daf3fb,20260929
1587,sheet_094.jpg,5,ok,5920,1774407692322.jpg,../outputs/rect_all\1774407692322.png,2ce09d6a222cadba,20260929
1588,sheet_094.jpg,6,ok,7940,1776052636499.jpg,../outputs/rect_all\1776052636499.png,3cd84399a29d9d76,20260929
1589,sheet_094.jpg,7,ok,4049,1776311540313.jpg,../outputs/rect_all\1776311540313.png,c4c8801f71971bcc,20260929
1590,sheet_094.jpg,8,ok,2983,1779169806513.jpg,../outputs/rect_all\1779169806513.png,0527cd2c2e0f9362,20260929
1591,sheet_094.jpg,9,ok,6529,1773723494415.jpg,../outputs/rect_all\1773723494415.png,b88b695e5500bcd3,20260929
1592,sheet_094.jpg,10,ok,4548,1776302542165.jpg,../outputs/rect_all\1776302542165.png,f3809020066e6e37,20260929
1593,sheet_094.jpg,11,ok,3921,1775792875957.jpg,../outputs/rect_all\1775792875957.png,fa95da0aabfd5c5c,20260929
1594,sheet_094.jpg,12,ok,7165,1773706110595.jpg,../outputs/rect_all\1773706110595.png,b89b6da47a79331f,20260929
1595,sheet_094.jpg,13,ok,3706,1775697515122.jpg,../outputs/rect_all\1775697515122.png,165683fc77e5cc2b,20260929
1596,sheet_094.jpg,14,ok,6637,1773801626671.jpg,../outputs/rect_all\1773801626671.png,b3b291fac922bf17,20260929
1597,sheet_094.jpg,15,ok,5948,1774406013537.jpg,../outputs/rect_all\1774406013537.png,904366c4e7dc6360,20260929
1598,sheet_094.jpg,16,ok,2374,1776387257803.jpg,../outputs/rect_all\1776387257803.png,7290f7d58ec4870e,20260929
1599,sheet_095.jpg,0,ok,5830,1774407766544.jpg,../outputs/rect_all\1774407766544.png,b83bf89a717e301d,20260929
1600,sheet_095.jpg,1,ok,7070,1774056667956.jpg,../outputs/rect_all\1774056667956.png,94d562374c8dda01,20260929
1601,sheet_095.jpg,2,ok,5884,1774404222313.jpg,../outputs/rect_all\1774404222313.png,6e50a5bae3f7a427,20260929
1602,sheet_095.jpg,3,ok,6815,1775525950141.jpg,../outputs/rect_all\1775525950141.png,15427b6f9bed6da6,20260929
1603,sheet_095.jpg,4,ok,5178,1775866405480.jpg,../outputs/rect_all\1775866405480.png,35349322c7075159,20260929
1604,sheet_095.jpg,5,ok,4352,1776135683167.jpg,../outputs/rect_all\1776135683167.png,3cf190ef6b24c01c,20260929
1605,sheet_095.jpg,6,ok,1575,1779066777577.jpg,../outputs/rect_all\1779066777577.png,77dfcb96db161655,20260929
1606,sheet_095.jpg,7,ok,7881,1776051036309.jpg,../outputs/rect_all\1776051036309.png,7cee796ee1dd0008,20260929
1607,sheet_095.jpg,8,ok,4281,1776212774836.jpg,../outputs/rect_all\1776212774836.png,72e49a3bb19517ac,20260929
1608,sheet_095.jpg,9,ok,2747,1776387233167.jpg,../outputs/rect_all\1776387233167.png,f4610536399ae4c6,20260929
1609,sheet_095.jpg,10,ok,2273,1776389499099.jpg,../outputs/rect_all\1776389499099.png,dacf9718b7b60767,20260929
1610,sheet_095.jpg,11,ok,6825,1775531483908.jpg,../outputs/rect_all\1775531483908.png,4cf7aceac724e357,20260929
1611,sheet_095.jpg,12,ok,2777,1776385898459.jpg,../outputs/rect_all\1776385898459.png,0f46e7c19b13c628,20260929
1612,sheet_095.jpg,13,ok,7035,1774055026198.jpg,../outputs/rect_all\1774055026198.png,bc346c8d9c5cb07e,20260929
1613,sheet_095.jpg,14,ok,7256,1774574356107.jpg,../outputs/rect_all\1774574356107.png,00999085dc8a54d2,20260929
1614,sheet_095.jpg,15,ok,973,1777343092239.jpg,../outputs/rect_all\1777343092239.png,5634ae588582850b,20260929
1615,sheet_095.jpg,16,ok,8203,1773971871719.jpg,../outputs/rect_all\1773971871719.png,9902dc5c1d2f7ca6,20260929
1616,sheet_096.jpg,0,ok,3400,1779245855808.jpg,../outputs/rect_all\1779245855808.png,fe238a7ef68b872b,20260929
1617,sheet_096.jpg,1,ok,273,1777689616664.jpg,../outputs/rect_all\1777689616664.png,321b5848f5930ac9,20260929
1618,sheet_096.jpg,2,ok,3841,1776478465485.jpg,../outputs/rect_all\1776478465485.png,bfaabf3731175a11,20260929
1619,sheet_096.jpg,3,ok,1710,1776735415758.jpg,../outputs/rect_all\1776735415758.png,4e3d9efa41a53df8,20260929
1620,sheet_096.jpg,4,ok,4662,1776216379956.jpg,../outputs/rect_all\1776216379956.png,f0ba1c8c3502c113,20260929
1621,sheet_096.jpg,5,ok,1319,1778206379469.jpg,../outputs/rect_all\1778206379469.png,a347bc94fd421433,20260929
1622,sheet_096.jpg,6,ok,977,1777253727870.jpg,../outputs/rect_all\1777253727870.png,7de5cd57819550e0,20260929
1623,sheet_096.jpg,7,ok,7111,1773804806072.jpg,../outputs/rect_all\1773804806072.png,62bc610cdde7deed,20260929
1624,sheet_096.jpg,8,ok,7244,1774576918328.jpg,../outputs/rect_all\1774576918328.png,a49d2ada8c24fe4c,20260929
1625,sheet_096.jpg,9,ok,221,1777598899133.jpg,../outputs/rect_all\1777598899133.png,7c2d3f32e25dade1,20260929
1626,sheet_096.jpg,10,ok,4701,1776215552729.jpg,../outputs/rect_all\1776215552729.png,eb3e45765adef25d,20260929
1627,sheet_096.jpg,11,ok,1331,1778207697036.jpg,../outputs/rect_all\1778207697036.png,71130db55549f53c,20260929
1628,sheet_096.jpg,12,ok,1601,1777005686886.jpg,../outputs/rect_all\1777005686886.png,bad130a851fa90e4,20260929
1629,sheet_096.jpg,13,ok,8196,1773972787723.jpg,../outputs/rect_all\1773972787723.png,624444baa9ce6e4a,20260929
1630,sheet_096.jpg,14,ok,7146,1778553863143.jpg,../outputs/rect_all\1778553863143.png,bab0c1dcae04ccb5,20260929
1631,sheet_096.jpg,15,ok,6569,1773725310461.jpg,../outputs/rect_all\1773725310461.png,30d89f8da21c8373,20260929
1632,sheet_096.jpg,16,ok,4757,1776306193542.jpg,../outputs/rect_all\1776306193542.png,550698ba5e27d1e8,20260929
1633,sheet_097.jpg,0,ok,5720,1774576925249.jpg,../outputs/rect_all\1774576925249.png,168b8ca6b88f4e0e,20260929
1634,sheet_097.jpg,1,ok,5895,1774408880613.jpg,../outputs/rect_all\1774408880613.png,b127ca56f5a399cb,20260929
1635,sheet_097.jpg,2,ok,8316,1775700774440.jpg,../outputs/rect_all\1775700774440.png,d341e3411098ec15,20260929
1636,sheet_097.jpg,3,ok,4997,1775711150976.jpg,../outputs/rect_all\1775711150976.png,32dfe910d108b8ae,20260929
1637,sheet_097.jpg,4,ok,7388,1774668705972.jpg,../outputs/rect_all\1774668705972.png,deb9e5d64a127071,20260929
1638,sheet_097.jpg,5,ok,7410,1774318902457.jpg,../outputs/rect_all\1774318902457.png,8fe674a76d5e6c79,20260929
1639,sheet_097.jpg,6,ok,942,1777264197299.jpg,../outputs/rect_all\1777264197299.png,c9f7f311eea72644,20260929
1640,sheet_097.jpg,7,ok,6803,1775549321413.jpg,../outputs/rect_all\1775549321413.png,f7ea70bff1217889,20260929
1641,sheet_097.jpg,8,ok,447,1777423036427.jpg,../outputs/rect_all\1777423036427.png,ce16c451f577ee32,20260929
1642,sheet_097.jpg,9,ok,5506,1774056615436.jpg,../outputs/rect_all\1774056615436.png,cf06f7e837f5f893,20260929
1643,sheet_097.jpg,10,ok,212,1777945826101.jpg,../outputs/rect_all\1777945826101.png,b6e3ebbe5f60fe1c,20260929
1644,sheet_097.jpg,11,ok,239,1777597588053.jpg,../outputs/rect_all\1777597588053.png,2ec535cbeee1a488,20260929
1645,sheet_097.jpg,12,ok,2874,1776649947084.jpg,../outputs/rect_all\1776649947084.png,b33d918c6487854e,20260929
1646,sheet_097.jpg,13,ok,439,1777423467824.jpg,../outputs/rect_all\1777423467824.png,070763eb17e96988,20260929
1647,sheet_097.jpg,14,ok,6652,1773721384730.jpg,../outputs/rect_all\1773721384730.png,925ba379cd64023c,20260929
1648,sheet_097.jpg,15,ok,3622,1775527280073.jpg,../outputs/rect_all\1775527280073.png,165a6d03ce8a5f90,20260929
1649,sheet_097.jpg,16,ok,443,1777423693042.jpg,../outputs/rect_all\1777423693042.png,27df475e51f9d3dd,20260929
1650,sheet_098.jpg,0,ok,7075,1774332623505.jpg,../outputs/rect_all\1774332623505.png,8fb11df403f15060,20260929
1651,sheet_098.jpg,1,ok,7001,1774319876543.jpg,../outputs/rect_all\1774319876543.png,b7e0fb1be12398f6,20260929
1652,sheet_098.jpg,2,ok,7420,1774061004276.jpg,../outputs/rect_all\1774061004276.png,0e782436aa350410,20260929
1653,sheet_098.jpg,3,ok,5781,1774411468263.jpg,../outputs/rect_all\1774411468263.png,1248fb26b4847939,20260929
1654,sheet_098.jpg,4,ok,3617,1775530290020.jpg,../outputs/rect_all\1775530290020.png,424a048fc2b6c0ac,20260929
1655,sheet_098.jpg,5,ok,8166,1773881110587.jpg,../outputs/rect_all\1773881110587.png,0c25dd69d3208dd0,20260929
1656,sheet_098.jpg,6,ok,2808,1776385147732.jpg,../outputs/rect_all\1776385147732.png,0bd38fca7d1340df,20260929
1657,sheet_098.jpg,7,ok,690,1777597150703.jpg,../outputs/rect_all\1777597150703.png,255552344a1e524b,20260929
1658,sheet_098.jpg,8,ok,4240,1776216465982.jpg,../outputs/rect_all\1776216465982.png,2287b2f2eb15b19f,20260929
1659,sheet_098.jpg,9,ok,2233,1776398866020.jpg,../outputs/rect_all\1776398866020.png,02461174ed84fb05,20260929
1660,sheet_098.jpg,10,ok,2129,1779089599445.jpg,../outputs/rect_all\1779089599445.png,a19d7a9bd762d155,20260929
1661,sheet_098.jpg,11,ok,753,1777595146101.jpg,../outputs/rect_all\1777595146101.png,2421894f87c4d093,20260929
1662,sheet_098.jpg,12,ok,4992,1775703277569.jpg,../outputs/rect_all\1775703277569.png,c4f9bb6fc00330ad,20260929
1663,sheet_098.jpg,13,ok,277,1777601971598.jpg,../outputs/rect_all\1777601971598.png,448541b94b25f8ef,20260929
1664,sheet_098.jpg,14,ok,5956,1774404335561.jpg,../outputs/rect_all\1774404335561.png,f2986c55b4f0587d,20260929
1665,sheet_098.jpg,15,ok,4298,1776137350410.jpg,../outputs/rect_all\1776137350410.png,db64353a6a8e629c,20260929
1666,sheet_098.jpg,16,ok,4793,1776308237589.jpg,../outputs/rect_all\1776308237589.png,f1a6115a4c22fc63,20260929
1667,sheet_099.jpg,0,ok,1562,1777512037445.jpg,../outputs/rect_all\1777512037445.png,749f71296df2fcc2,20260929
1668,sheet_099.jpg,1,ok,6324,1774406117159.jpg,../outputs/rect_all\1774406117159.png,197fef0bd61635ba,20260929
1669,sheet_099.jpg,2,ok,6272,1774492940347.jpg,../outputs/rect_all\1774492940347.png,fee55db648ea11df,20260929
1670,sheet_099.jpg,3,ok,7017,1774323236179.jpg,../outputs/rect_all\1774323236179.png,1b010e335667961f,20260929
1671,sheet_099.jpg,4,ok,8162,1773881194273.jpg,../outputs/rect_all\1773881194273.png,9bc974f3b5c4d247,20260929
1672,sheet_099.jpg,5,ok,4194,1775869654124.jpg,../outputs/rect_all\1775869654124.png,6c05c311d78bc4e6,20260929
1673,sheet_099.jpg,6,ok,1590,1777080935218.jpg,../outputs/rect_all\1777080935218.png,b5fdaf9517c6cfea,20260929
1674,sheet_099.jpg,7,ok,6236,1773793850805.jpg,../outputs/rect_all\1773793850805.png,bacd53c1e2f31f4d,20260929
1675,sheet_099.jpg,8,ok,1598,1777081532426.jpg,../outputs/rect_all\1777081532426.png,c887e644b15b3f1c,20260929
1676,sheet_099.jpg,9,ok,1253,1777254979084.jpg,../outputs/rect_all\1777254979084.png,f157ccdd7abb57e4,20260929
1677,sheet_099.jpg,10,ok,4257,1776132704441.jpg,../outputs/rect_all\1776132704441.png,37c237ec3a12957c,20260929
1678,sheet_099.jpg,11,ok,4101,1776306949736.jpg,../outputs/rect_all\1776306949736.png,2b1cc36f4a55f8ea,20260929
1679,sheet_099.jpg,12,ok,7475,1774321826366.jpg,../outputs/rect_all\1774321826366.png,fa6a2dd82331aa6d,20260929
1680,sheet_099.jpg,13,ok,8240,1773888992898.jpg,../outputs/rect_all\1773888992898.png,31348cc16de07150,20260929
1681,sheet_099.jpg,14,ok,7732,1776475675072.jpg,../outputs/rect_all\1776475675072.png,276da96f7890ec09,20260929
1682,sheet_099.jpg,15,ok,7714,1776472739887.jpg,../outputs/rect_all\1776472739887.png,e2bb2aedd99ac702,20260929
1683,sheet_099.jpg,16,ok,2880,1776649612716.jpg,../outputs/rect_all\1776649612716.png,5187f819d885ad7c,20260929
1684,sheet_100.jpg,0,ok,621,1777600461084.jpg,../outputs/rect_all\1777600461084.png,d2c47af100b5f603,20260929
1685,sheet_100.jpg,1,ok,2987,1776214836346.jpg,../outputs/rect_all\1776214836346.png,ead7e34f12f57bd5,20260929
1686,sheet_100.jpg,2,ok,1081,1777344575418.jpg,../outputs/rect_all\1777344575418.png,d19392fa2c16aa4e,20260929
1687,sheet_100.jpg,3,ok,7910,1775875632919.jpg,../outputs/rect_all\1775875632919.png,78332a8c0e6e479e,20260929
1688,sheet_100.jpg,4,ok,647,1777599636027.jpg,../outputs/rect_all\1777599636027.png,0bcbabe2cf8c9db8,20260929
1689,sheet_100.jpg,5,ok,8080,1776041788173.jpg,../outputs/rect_all\1776041788173.png,deddad8516a2354d,20260929
1690,sheet_100.jpg,6,ok,6277,1774405230884.jpg,../outputs/rect_all\1774405230884.png,258ec6683f6ee2a5,20260929
1691,sheet_100.jpg,7,ok,2235,1776472358879.jpg,../outputs/rect_all\1776472358879.png,6360789d92844119,20260929
1692,sheet_100.jpg,8,ok,964,1777944971909.jpg,../outputs/rect_all\1777944971909.png,0ae7b9c8e91be840,20260929
1693,sheet_100.jpg,9,ok,7012,1774321245000.jpg,../outputs/rect_all\1774321245000.png,de3eb9dafafb3e35,20260929
1694,sheet_100.jpg,10,ok,6330,1774491266707.jpg,../outputs/rect_all\1774491266707.png,3eb0ce14c96805cd,20260929
1695,sheet_100.jpg,11,ok,1124,1778030160570.jpg,../outputs/rect_all\1778030160570.png,c83a7609900dcc50,20260929
1696,sheet_100.jpg,12,ok,2737,1776387038904.jpg,../outputs/rect_all\1776387038904.png,ce99caa6ffbbadc7,20260929
1697,sheet_100.jpg,13,ok,3563,1775527914859.jpg,../outputs/rect_all\1775527914859.png,e59eb4506e1be988,20260929
1698,sheet_100.jpg,14,ok,1568,1776998762183.jpg,../outputs/rect_all\1776998762183.png,69c7bc90008474a7,20260929
1699,sheet_100.jpg,15,ok,791,1777685690204.jpg,../outputs/rect_all\1777685690204.png,590f4d6c470a53e1,20260929
1700,sheet_100.jpg,16,ok,464,1777423818097.jpg,../outputs/rect_all\1777423818097.png,0ded00a64740d89d,20260929
1701,sheet_101.jpg,0,ok,4109,1776311594957.jpg,../outputs/rect_all\1776311594957.png,00d5627c52b3aba6,20260929
1702,sheet_101.jpg,1,ok,8267,1773977822851.jpg,../outputs/rect_all\1773977822851.png,7a6b2b4bd0e733eb,20260929
1703,sheet_101.jpg,2,ok,1379,1778212828018.jpg,../outputs/rect_all\1778212828018.png,c0c05abc150ded7c,20260929
1704,sheet_101.jpg,3,ok,1370,1778206464975.jpg,../outputs/rect_all\1778206464975.png,59a8c65e8544a9f3,20260929
1705,sheet_101.jpg,4,ok,6926,1775534464022.jpg,../outputs/rect_all\1775534464022.png,9498d99692aceeab,20260929
1706,sheet_101.jpg,5,ok,4300,1776134501189.jpg,../outputs/rect_all\1776134501189.png,c46d92c63aad0030,20260929
1707,sheet_101.jpg,6,ok,5512,1774055149227.jpg,../outputs/rect_all\1774055149227.png,a9aa91d8201b0c82,20260929
1708,sheet_101.jpg,7,ok,2175,1776387920788.jpg,../outputs/rect_all\1776387920788.png,17fcb7b8cb41e645,20260929
1709,sheet_101.jpg,8,ok,7068,1774056622015.jpg,../outputs/rect_all\1774056622015.png,17ab95f6db9015d4,20260929
1710,sheet_101.jpg,9,ok,312,1777949927106.jpg,../outputs/rect_all\1777949927106.png,e5cdad639bfd8b0d,20260929
1711,sheet_101.jpg,10,ok,3982,1776044636099.jpg,../outputs/rect_all\1776044636099.png,25b25eeb80c85a35,20260929
1712,sheet_101.jpg,11,ok,4415,1776127632988.jpg,../outputs/rect_all\1776127632988.png,0ead182ab87d3e75,20260929
1713,sheet_101.jpg,12,ok,957,1777253204061.jpg,../outputs/rect_all\1777253204061.png,763e8bbdb954072f,20260929
1714,sheet_101.jpg,13,ok,2801,1776385764828.jpg,../outputs/rect_all\1776385764828.png,6cc052728777df27,20260929
1715,sheet_101.jpg,14,ok,2224,1779159724839.jpg,../outputs/rect_all\1779159724839.png,d032c24c4df4acb9,20260929
1716,sheet_101.jpg,15,ok,6758,1775532204083.jpg,../outputs/rect_all\1775532204083.png,f00b1a13b24096a1,20260929
1717,sheet_101.jpg,16,ok,6321,1774403327685.jpg,../outputs/rect_all\1774403327685.png,c511e0917805bc96,20260929
1718,sheet_102.jpg,0,ok,3851,1775789633832.jpg,../outputs/rect_all\1775789633832.png,b05ee01a151d4783,20260929
1719,sheet_102.jpg,1,ok,949,1777345563925.jpg,../outputs/rect_all\1777345563925.png,1874de60907240f1,20260929
1720,sheet_102.jpg,2,ok,8327,1775703990358.jpg,../outputs/rect_all\1775703990358.png,37ff55c5a185f4d9,20260929
1721,sheet_102.jpg,3,ok,721,1777859892878.jpg,../outputs/rect_all\1777859892878.png,a7a6b507603063c9,20260929
1722,sheet_102.jpg,4,ok,2220,1776398693608.jpg,../outputs/rect_all\1776398693608.png,4490cc2633ca61a8,20260929
1723,sheet_102.jpg,5,ok,4849,1775870961973.jpg,../outputs/rect_all\1775870961973.png,7739d585b2b041ab,20260929
1724,sheet_102.jpg,6,ok,7007,1774320640596.jpg,../outputs/rect_all\1774320640596.png,9449d630b6f6be34,20260929
1725,sheet_102.jpg,7,ok,4420,1776216209332.jpg,../outputs/rect_all\1776216209332.png,c597991dc606b136,20260929
1726,sheet_102.jpg,8,ok,7762,1776474636193.jpg,../outputs/rect_all\1776474636193.png,1808dada5ea3a05e,20260929
1727,sheet_102.jpg,9,ok,6022,1774593915547.jpg,../outputs/rect_all\1774593915547.png,4583c9d545988c01,20260929
1728,sheet_102.jpg,10,ok,3894,1775704088004.jpg,../outputs/rect_all\1775704088004.png,efa5f18e2c6bc7c0,20260929
1729,sheet_102.jpg,11,ok,4129,1775873128992.jpg,../outputs/rect_all\1775873128992.png,4ed47d23dd8b8d72,20260929
1730,sheet_102.jpg,12,ok,8322,1775700701637.jpg,../outputs/rect_all\1775700701637.png,0bd98186f1670179,20260929
1731,sheet_102.jpg,13,ok,7086,1774055496020.jpg,../outputs/rect_all\1774055496020.png,5df11a6dedf68b46,20260929
1732,sheet_102.jpg,14,ok,1687,1777006022300.jpg,../outputs/rect_all\1777006022300.png,72e4d9133b71eb0e,20260929
1733,sheet_102.jpg,15,ok,6805,1778816109314.jpg,../outputs/rect_all\1778816109314.png,98ad70636721c48e,20260929
1734,sheet_102.jpg,16,ok,4673,1776215028158.jpg,../outputs/rect_all\1776215028158.png,56caed5e0d1b911e,20260929
1735,sheet_103.jpg,0,ok,1359,1778207567366.jpg,../outputs/rect_all\1778207567366.png,8e042cf51448acef,20260929
1736,sheet_103.jpg,1,ok,85,1778207236400.jpg,../outputs/rect_all\1778207236400.png,16e4e2b0f4f43392,20260929
1737,sheet_103.jpg,2,ok,4136,1775872130365.jpg,../outputs/rect_all\1775872130365.png,c6c9ec03c003fa59,20260929
1738,sheet_103.jpg,3,ok,3686,1775611963508.jpg,../outputs/rect_all\1775611963508.png,6f354405e1318531,20260929
1739,sheet_103.jpg,4,ok,8269,1773890046434.jpg,../outputs/rect_all\1773890046434.png,b0d0075172250dbb,20260929
1740,sheet_103.jpg,5,ok,3721,1775790984768.jpg,../outputs/rect_all\1775790984768.png,7f73bab296529d9a,20260929
1741,sheet_103.jpg,6,ok,7387,1774062831848.jpg,../outputs/rect_all\1774062831848.png,87d032121c961ff4,20260929
1742,sheet_103.jpg,7,ok,986,1777254889945.jpg,../outputs/rect_all\1777254889945.png,428e13ce17b1b8d4,20260929
1743,sheet_103.jpg,8,ok,4039,1776304885714.jpg,../outputs/rect_all\1776304885714.png,8e51792a83ded827,20260929
1744,sheet_103.jpg,9,ok,1141,1778032312515.jpg,../outputs/rect_all\1778032312515.png,11523e3999fed04e,20260929
1745,sheet_103.jpg,10,ok,5861,1774486845790.jpg,../outputs/rect_all\1774486845790.png,cc14c0ea0ae2391e,20260929
1746,sheet_103.jpg,11,ok,7543,1774323217478.jpg,../outputs/rect_all\1774323217478.png,66a3f11ab51a25b1,20260929
1747,sheet_103.jpg,12,ok,4044,1776306688412.jpg,../outputs/rect_all\1776306688412.png,5391ebcfd1b7cde1,20260929
1748,sheet_103.jpg,13,ok,7158,1773704850651.jpg,../outputs/rect_all\1773704850651.png,8539fbf127803b4c,20260929
1749,sheet_103.jpg,14,ok,6918,1775526077359.jpg,../outputs/rect_all\1775526077359.png,a4e062c283ce3e05,20260929
1750,sheet_103.jpg,15,ok,7156,1773711867717.jpg,../outputs/rect_all\1773711867717.png,e2ac03b5abd787b2,20260929
1751,sheet_103.jpg,16,ok,3551,1775527354192.jpg,../outputs/rect_all\1775527354192.png,aaf50f9a4e82350a,20260929
1752,sheet_104.jpg,0,ok,4187,1775869853884.jpg,../outputs/rect_all\1775869853884.png,bdba89eab3222749,20260929
1753,sheet_104.jpg,1,ok,4107,1776311663128.jpg,../outputs/rect_all\1776311663128.png,ca26ee80f7fa6fca,20260929
1754,sheet_104.jpg,2,ok,7082,1774322117745.jpg,../outputs/rect_all\1774322117745.png,0eeab620151588f0,20260929
1755,sheet_104.jpg,3,ok,1357,1778207196809.jpg,../outputs/rect_all\1778207196809.png,2b1739369ff00a45,20260929
1756,sheet_104.jpg,4,ok,3962,1775785352790.jpg,../outputs/rect_all\1775785352790.png,9cdf68ee1de1b271,20260929
1757,sheet_104.jpg,5,ok,582,1777864518697.jpg,../outputs/rect_all\1777864518697.png,ffe760473693b5bd,20260929
1758,sheet_104.jpg,6,ok,4340,1776217551972.jpg,../outputs/rect_all\1776217551972.png,1b3acac890454bcf,20260929
1759,sheet_104.jpg,7,ok,2881,1776649624182.jpg,../outputs/rect_all\1776649624182.png,2fcb939863c08a57,20260929
1760,sheet_104.jpg,8,ok,123,1778118273185.jpg,../outputs/rect_all\1778118273185.png,1404d1d2636ac5c5,20260929
1761,sheet_104.jpg,9,ok,6284,1774491938479.jpg,../outputs/rect_all\1774491938479.png,1fef478f249ad0d0,20260929
1762,sheet_104.jpg,10,ok,8321,1775782872567.jpg,../outputs/rect_all\1775782872567.png,c2468f5e26f359cb,20260929
1763,sheet_104.jpg,11,ok,7894,1775874531367.jpg,../outputs/rect_all\1775874531367.png,69c1853092baca7a,20260929
1764,sheet_104.jpg,12,ok,4706,1776131640427.jpg,../outputs/rect_all\1776131640427.png,7a888cc907bf23ed,20260929
1765,sheet_104.jpg,13,ok,8157,1773975012033.jpg,../outputs/rect_all\1773975012033.png,5565fae7b4150391,20260929
1766,sheet_104.jpg,14,ok,2807,1776385126349.jpg,../outputs/rect_all\1776385126349.png,2892d9d3d5338f44,20260929
1767,sheet_104.jpg,15,ok,7710,1776472639132.jpg,../outputs/rect_all\1776472639132.png,c957839f33db917b,20260929
1768,sheet_104.jpg,16,ok,6573,1773723885877.jpg,../outputs/rect_all\1773723885877.png,3211cb5fa978c4f7,20260929
1769,sheet_105.jpg,0,ok,1273,1777270026602.jpg,../outputs/rect_all\1777270026602.png,5ed12f6763776b64,20260929
1770,sheet_105.jpg,1,ok,7896,1775874559096.jpg,../outputs/rect_all\1775874559096.png,af62cee71282e14f,20260929
1771,sheet_105.jpg,2,ok,8248,1773889407631.jpg,../outputs/rect_all\1773889407631.png,4ab8c1310ba6acb6,20260929
1772,sheet_105.jpg,3,ok,7436,1774319533623.jpg,../outputs/rect_all\1774319533623.png,d35debd6cd17eb24,20260929
1773,sheet_105.jpg,4,ok,3282,1776216734082.jpg,../outputs/rect_all\1776216734082.png,5fb7d66e36eaa6d0,20260929
1774,sheet_105.jpg,5,ok,6338,1774406285283.jpg,../outputs/rect_all\1774406285283.png,ecfd730cb1a257fa,20260929
1775,sheet_105.jpg,6,ok,1984,1776910165206.jpg,../outputs/rect_all\1776910165206.png,fef816d267fc54f3,20260929
1776,sheet_105.jpg,7,ok,2190,1776388637222.jpg,../outputs/rect_all\1776388637222.png,f99e08c7b4d0838e,20260929
1777,sheet_105.jpg,8,ok,4695,1776216298524.jpg,../outputs/rect_all\1776216298524.png,5262cd355861c06d,20260929
1778,sheet_105.jpg,9,ok,3520,1775525420625.jpg,../outputs/rect_all\1775525420625.png,2cc7074ec8a93e34,20260929
1779,sheet_105.jpg,10,ok,6577,1773809222335.jpg,../outputs/rect_all\1773809222335.png,2bacec3ddea9e45a,20260929
1780,sheet_105.jpg,11,ok,2159,1776398620458.jpg,../outputs/rect_all\1776398620458.png,5f57b7f364eab7a6,20260929
1781,sheet_105.jpg,12,ok,8306,1775703350083.jpg,../outputs/rect_all\1775703350083.png,9eb0cbee10bbf573,20260929
1782,sheet_105.jpg,13,ok,1127,1778030646011.jpg,../outputs/rect_all\1778030646011.png,abff92a0fac34fdd,20260929
1783,sheet_105.jpg,14,ok,1355,1778210826205.jpg,../outputs/rect_all\1778210826205.png,094ea491e93ca86b,20260929
1784,sheet_105.jpg,15,ok,202,1777599824936.jpg,../outputs/rect_all\1777599824936.png,f006c0c329fa2ac7,20260929
1785,sheet_105.jpg,16,ok,6761,1775549450293.jpg,../outputs/rect_all\1775549450293.png,c3619a066a7672db,20260929
1786,sheet_106.jpg,0,ok,7736,1776476065674.jpg,../outputs/rect_all\1776476065674.png,6341e5f24602e77a,20260929
1787,sheet_106.jpg,1,ok,4189,1775869884319.jpg,../outputs/rect_all\1775869884319.png,5fdea36ffa5d9e2f,20260929
1788,sheet_106.jpg,2,ok,7917,1775888615161.jpg,../outputs/rect_all\1775888615161.png,4a2d956a31090842,20260929
1789,sheet_106.jpg,3,ok,3417,1776833261063.jpg,../outputs/rect_all\1776833261063.png,412b7f2128109616,20260929
1790,sheet_106.jpg,4,ok,434,1777422071466.jpg,../outputs/rect_all\1777422071466.png,f2ba668b5c6be6f5,20260929
1791,sheet_106.jpg,5,ok,5882,1774405193241.jpg,../outputs/rect_all\1774405193241.png,61e7bddbdeb38913,20260929
1792,sheet_106.jpg,6,ok,6016,1774582456660.jpg,../outputs/rect_all\1774582456660.png,8ea3f32ab39fd2fc,20260929
1793,sheet_106.jpg,7,ok,8313,1775704054260.jpg,../outputs/rect_all\1775704054260.png,f734c4861a1ee061,20260929
1794,sheet_106.jpg,8,ok,5798,1774410261864.jpg,../outputs/rect_all\1774410261864.png,39a153a006299bc2,20260929
1795,sheet_106.jpg,9,ok,1680,1776998144566.jpg,../outputs/rect_all\1776998144566.png,0817154c22d34544,20260929
1796,sheet_106.jpg,10,ok,3123,1779170309982.jpg,../outputs/rect_all\1779170309982.png,b7e0ffd6ff13cab2,20260929
1797,sheet_106.jpg,11,ok,7081,1774322048868.jpg,../outputs/rect_all\1774322048868.png,dbd03a124dddfb08,20260929
1798,sheet_106.jpg,12,ok,8154,1773879782813.jpg,../outputs/rect_all\1773879782813.png,c4727c1eb8848309,20260929
1799,sheet_106.jpg,13,ok,5564,1774409034715.jpg,../outputs/rect_all\1774409034715.png,c697278fc4a582f9,20260929
1800,sheet_106.jpg,14,ok,1011,1777346428766.jpg,../outputs/rect_all\1777346428766.png,80984decba7bd8bb,20260929
1801,sheet_106.jpg,15,ok,3795,1776476763232.jpg,../outputs/rect_all\1776476763232.png,dce910e07f84fcc8,20260929
1802,sheet_106.jpg,16,ok,7799,1776476208846.jpg,../outputs/rect_all\1776476208846.png,80133052a90b1200,20260929
1803,sheet_107.jpg,0,ok,7427,1774319758086.jpg,../outputs/rect_all\1774319758086.png,a2d95db4ceeafb0c,20260929
1804,sheet_107.jpg,1,ok,7700,1776472416130.jpg,../outputs/rect_all\1776472416130.png,ecdf9abf644a7f4b,20260929
1805,sheet_107.jpg,2,ok,7237,1774576567447.jpg,../outputs/rect_all\1774576567447.png,7ce90f2b39e5a824,20260929
1806,sheet_107.jpg,3,ok,196,1777600685273.jpg,../outputs/rect_all\1777600685273.png,c36eda0c19c356df,20260929
1807,sheet_107.jpg,4,ok,2861,1776651621534.jpg,../outputs/rect_all\1776651621534.png,28f795d8ac1efab7,20260929
1808,sheet_107.jpg,5,ok,2847,1778901250955.jpg,../outputs/rect_all\1778901250955.png,5dd7bee5d8a886b8,20260929
1809,sheet_107.jpg,6,ok,7217,1773710565553.jpg,../outputs/rect_all\1773710565553.png,c64b92daa88c3657,20260929
1810,sheet_107.jpg,7,ok,217,1777599029081.jpg,../outputs/rect_all\1777599029081.png,a4e1e3a89853371e,20260929
1811,sheet_107.jpg,8,ok,745,1777685158014.jpg,../outputs/rect_all\1777685158014.png,ad2139808f85c1e7,20260929
1812,sheet_107.jpg,9,ok,3601,1775613852456.jpg,../outputs/rect_all\1775613852456.png,9ee3329e410b5318,20260929
1813,sheet_107.jpg,10,ok,5497,1774055047039.jpg,../outputs/rect_all\1774055047039.png,3037d397a1f57d08,20260929
1814,sheet_107.jpg,11,ok,3969,1775703072239.jpg,../outputs/rect_all\1775703072239.png,a3cdbe9f846a1a11,20260929
1815,sheet_107.jpg,12,ok,2062,1779088029041.jpg,../outputs/rect_all\1779088029041.png,988c021cdac3b624,20260929
1816,sheet_107.jpg,13,ok,3522,1775526004941.jpg,../outputs/rect_all\1775526004941.png,81758fa9c56bf037,20260929
1817,sheet_107.jpg,14,ok,2004,1776823313872.jpg,../outputs/rect_all\1776823313872.png,a51a08d19e32e7e1,20260929
1818,sheet_107.jpg,15,ok,8249,1773972269135.jpg,../outputs/rect_all\1773972269135.png,1f27a5e149632067,20260929
1819,sheet_107.jpg,16,ok,6336,1774491623233.jpg,../outputs/rect_all\1774491623233.png,baaa5067070752a0,20260929
1820,sheet_108.jpg,0,ok,7393,1774061109203.jpg,../outputs/rect_all\1774061109203.png,9a4b14de227f3823,20260929
1821,sheet_108.jpg,1,ok,969,1777254300323.jpg,../outputs/rect_all\1777254300323.png,20723713637f42b2,20260929
1822,sheet_108.jpg,2,ok,8215,1773885587197.jpg,../outputs/rect_all\1773885587197.png,2d82030d561487d4,20260929
1823,sheet_108.jpg,3,ok,4603,1776306929726.jpg,../outputs/rect_all\1776306929726.png,7d1cb577eb3e1f5b,20260929
1824,sheet_108.jpg,4,ok,2072,1776821695728.jpg,../outputs/rect_all\1776821695728.png,23eaf6fc6320d44c,20260929
1825,sheet_108.jpg,5,ok,2009,1776910447536.jpg,../outputs/rect_all\1776910447536.png,578bcc4ef3ecac7d,20260929
1826,sheet_108.jpg,6,ok,992,1777254790162.jpg,../outputs/rect_all\1777254790162.png,d5ab687c07327981,20260929
1827,sheet_108.jpg,7,ok,4814,1775876604432.jpg,../outputs/rect_all\1775876604432.png,129137e503c5485a,20260929
1828,sheet_108.jpg,8,ok,4072,1776307885310.jpg,../outputs/rect_all\1776307885310.png,8d00feedbb4beab8,20260929
1829,sheet_108.jpg,9,ok,7789,1776474818865.jpg,../outputs/rect_all\1776474818865.png,b3c468d455a80da3,20260929
1830,sheet_108.jpg,10,ok,2201,1776395459164.jpg,../outputs/rect_all\1776395459164.png,73047dc9d38e2a28,20260929
1831,sheet_108.jpg,11,ok,7418,1774317691238.jpg,../outputs/rect_all\1774317691238.png,2d05bee66a450a0c,20260929
1832,sheet_108.jpg,12,ok,8010,1775877073413.jpg,../outputs/rect_all\1775877073413.png,007d7a84bd887fa7,20260929
1833,sheet_108.jpg,13,ok,3144,1776821511521.jpg,../outputs/rect_all\1776821511521.png,156a21c5e6b27171,20260929
1834,sheet_108.jpg,14,ok,6235,1773793828015.jpg,../outputs/rect_all\1773793828015.png,3b7d650faa19994e,20260929
1835,sheet_108.jpg,15,ok,21,1778297799298.jpg,../outputs/rect_all\1778297799298.png,e4e5a147e9f9d495,20260929
1836,sheet_108.jpg,16,ok,1306,1777344749547.jpg,../outputs/rect_all\1777344749547.png,421565522dbd4df2,20260929
1837,sheet_109.jpg,0,ok,278,1777601991617.jpg,../outputs/rect_all\1777601991617.png,615ebe941ab89196,20260929
1838,sheet_109.jpg,1,ok,987,1777254907301.jpg,../outputs/rect_all\1777254907301.png,9c2c1f47d31d4ba2,20260929
1839,sheet_109.jpg,2,ok,4296,1776135282830.jpg,../outputs/rect_all\1776135282830.png,614acf4bd0417134,20260929
1840,sheet_109.jpg,3,ok,7026,1774325344819.jpg,../outputs/rect_all\1774325344819.png,1662d4bfb4d4f5a6,20260929
1841,sheet_109.jpg,4,ok,2025,1776910306273.jpg,../outputs/rect_all\1776910306273.png,60063ef89e3f55ca,20260929
1842,sheet_109.jpg,5,ok,3119,1776216655830.jpg,../outputs/rect_all\1776216655830.png,9551e44195250fa3,20260929
1843,sheet_109.jpg,6,ok,7144,1778555404563.jpg,../outputs/rect_all\1778555404563.png,b00a4d256f3f2c9a,20260929
1844,sheet_109.jpg,7,ok,5860,1774490776945.jpg,../outputs/rect_all\1774490776945.png,13ff53fb09d695b3,20260929
1845,sheet_109.jpg,8,ok,7902,1775877364587.jpg,../outputs/rect_all\1775877364587.png,bb8c94264c05d719,20260929
1846,sheet_109.jpg,9,ok,7730,1776475582690.jpg,../outputs/rect_all\1776475582690.png,f44ae496a077e6e7,20260929
1847,sheet_109.jpg,10,ok,4465,1776131004317.jpg,../outputs/rect_all\1776131004317.png,57ed664afb3f9bc7,20260929
1848,sheet_109.jpg,11,ok,5862,1774486878151.jpg,../outputs/rect_all\1774486878151.png,5d087203ea8eff5a,20260929
1849,sheet_109.jpg,12,ok,126,1778123273053.jpg,../outputs/rect_all\1778123273053.png,0955e288e535f5ac,20260929
1850,sheet_109.jpg,13,ok,6528,1773723474198.jpg,../outputs/rect_all\1773723474198.png,c5b9078652b3661f,20260929
1851,sheet_109.jpg,14,ok,5849,1774404138087.jpg,../outputs/rect_all\1774404138087.png,682c5223ed39228a,20260929
1852,sheet_109.jpg,15,ok,457,1777423282038.jpg,../outputs/rect_all\1777423282038.png,ed2f2448577aee3b,20260929
1853,sheet_109.jpg,16,ok,729,1777688932304.jpg,../outputs/rect_all\1777688932304.png,d3dbb0e28deb3017,20260929
1854,sheet_110.jpg,0,ok,7290,1774676735930.jpg,../outputs/rect_all\1774676735930.png,8444e9f504cd5a3b,20260929
1855,sheet_110.jpg,1,ok,1536,1777438366128.jpg,../outputs/rect_all\1777438366128.png,9aeb3d0dde1cd7d4,20260929
1856,sheet_110.jpg,2,ok,8332,1775703284063.jpg,../outputs/rect_all\1775703284063.png,1a9c3e192337d06d,20260929
1857,sheet_110.jpg,3,ok,1843,1776989338313.jpg,../outputs/rect_all\1776989338313.png,60c9d31b960379ab,20260929
1858,sheet_110.jpg,4,ok,1246,1777255207641.jpg,../outputs/rect_all\1777255207641.png,dcda16256dda1c66,20260929
1859,sheet_110.jpg,5,ok,7397,1774318798759.jpg,../outputs/rect_all\1774318798759.png,03edd116006b71b3,20260929
1860,sheet_110.jpg,6,ok,4286,1776137247491.jpg,../outputs/rect_all\1776137247491.png,2fe04d8ad1b94ae1,20260929
1861,sheet_110.jpg,7,ok,5086,1778640835487.jpg,../outputs/rect_all\1778640835487.png,49f0088d649dd172,20260929
1862,sheet_110.jpg,8,ok,5674,1774574880912.jpg,../outputs/rect_all\1774574880912.png,be7175e6b13b1ca9,20260929
1863,sheet_110.jpg,9,ok,2763,1776387912825.jpg,../outputs/rect_all\1776387912825.png,c5ac8585f9c988c9,20260929
1864,sheet_110.jpg,10,ok,7134,1773708317433.jpg,../outputs/rect_all\1773708317433.png,ac15b0276c57764e,20260929
1865,sheet_110.jpg,11,ok,7085,1774322580368.jpg,../outputs/rect_all\1774322580368.png,30c18ecaf3c6f715,20260929
1866,sheet_110.jpg,12,ok,5347,1774579128157.jpg,../outputs/rect_all\1774579128157.png,228182fb6389a0c7,20260929
1867,sheet_110.jpg,13,ok,473,1777425579382.jpg,../outputs/rect_all\1777425579382.png,7d1f891f0d9483b6,20260929
1868,sheet_110.jpg,14,ok,5976,1774593954512.jpg,../outputs/rect_all\1774593954512.png,d73316a399a96fa1,20260929
1869,sheet_110.jpg,15,ok,3015,1776215714343.jpg,../outputs/rect_all\1776215714343.png,97e4837672606ed3,20260929
1870,sheet_110.jpg,16,ok,697,1777601675586.jpg,../outputs/rect_all\1777601675586.png,911b17a555ecad7f,20260929
1871,sheet_111.jpg,0,ok,4968,1775533119920.jpg,../outputs/rect_all\1775533119920.png,b00c52d85bcf1558,20260929
1872,sheet_111.jpg,1,ok,3881,1775789698586.jpg,../outputs/rect_all\1775789698586.png,43b10cae55bbbb5c,20260929
1873,sheet_111.jpg,2,ok,2172,1776387394923.jpg,../outputs/rect_all\1776387394923.png,0732c77c600d2049,20260929
1874,sheet_111.jpg,3,ok,7875,1776052173222.jpg,../outputs/rect_all\1776052173222.png,de07e459d4ca29db,20260929
1875,sheet_111.jpg,4,ok,1734,1779239298231.jpg,../outputs/rect_all\1779239298231.png,c4b28ae06b9f115d,20260929
1876,sheet_111.jpg,5,ok,6268,1774493387140.jpg,../outputs/rect_all\1774493387140.png,eafccbc5f3abad0c,20260929
1877,sheet_111.jpg,6,ok,7882,1775888166945.jpg,../outputs/rect_all\1775888166945.png,754e84f889f4d81d,20260929
1878,sheet_111.jpg,7,ok,474,1777424688190.jpg,../outputs/rect_all\1777424688190.png,f748c31579ca2882,20260929
1879,sheet_111.jpg,8,ok,2345,1776398238544.jpg,../outputs/rect_all\1776398238544.png,57b98b9605960651,20260929
1880,sheet_111.jpg,9,ok,4678,1776129654239.jpg,../outputs/rect_all\1776129654239.png,3d38e03b922a5dab,20260929
1881,sheet_111.jpg,10,ok,2124,1776826115342.jpg,../outputs/rect_all\1776826115342.png,f793bddc9792d0c7,20260929
1882,sheet_111.jpg,11,ok,1603,1776998403793.jpg,../outputs/rect_all\1776998403793.png,c51f7bf60d2259a6,20260929
1883,sheet_111.jpg,12,ok,4916,1775529669274.jpg,../outputs/rect_all\1775529669274.png,cf49a8e713ec03d8,20260929
1884,sheet_111.jpg,13,ok,4806,1775874509966.jpg,../outputs/rect_all\1775874509966.png,4021c2d6abc7fc85,20260929
1885,sheet_111.jpg,14,ok,7478,1774322338671.jpg,../outputs/rect_all\1774322338671.png,6ef8749f56d7b676,20260929
1886,sheet_111.jpg,15,ok,8082,1775874343387.jpg,../outputs/rect_all\1775874343387.png,aa4c7e1114f72e24,20260929
1887,sheet_111.jpg,16,ok,7808,1773881760329.jpg,../outputs/rect_all\1773881760329.png,71eccd70a1ccbf90,20260929
1888,sheet_112.jpg,0,ok,7873,1776052131872.jpg,../outputs/rect_all\1776052131872.png,45a97ff664a8cfed,20260929
1889,sheet_112.jpg,1,ok,7151,1778552133246.jpg,../outputs/rect_all\1778552133246.png,d9aa8392311ee26c,20260929
1890,sheet_112.jpg,2,ok,20,1778297376115.jpg,../outputs/rect_all\1778297376115.png,ff164e1a839d26fc,20260929
1891,sheet_112.jpg,3,ok,5954,1774404300166.jpg,../outputs/rect_all\1774404300166.png,d97d0726f0ac4ae9,20260929
1892,sheet_112.jpg,4,ok,1990,1776911416243.jpg,../outputs/rect_all\1776911416243.png,c77b46c712ef690e,20260929
1893,sheet_112.jpg,5,ok,3809,1776476881177.jpg,../outputs/rect_all\1776476881177.png,f5b60888dd5d5701,20260929
1894,sheet_112.jpg,6,ok,5677,1774574319846.jpg,../outputs/rect_all\1774574319846.png,000a54005759cb50,20260929
1895,sheet_112.jpg,7,ok,1215,1777339279987.jpg,../outputs/rect_all\1777339279987.png,2778e426b8fe27ff,20260929
1896,sheet_112.jpg,8,ok,1232,1777341320540.jpg,../outputs/rect_all\1777341320540.png,d358cac5f5af5093,20260929
1897,sheet_112.jpg,9,ok,4122,1775876816023.jpg,../outputs/rect_all\1775876816023.png,6b3bb1eb03998061,20260929
1898,sheet_112.jpg,10,ok,2555,1779161981810.jpg,../outputs/rect_all\1779161981810.png,50225b45be097eee,20260929
1899,sheet_112.jpg,11,ok,4555,1776301617874.jpg,../outputs/rect_all\1776301617874.png,88d64c6f6a01da67,20260929
1900,sheet_112.jpg,12,ok,2184,1776470347319.jpg,../outputs/rect_all\1776470347319.png,9ba0f2eacd9fcd37,20260929
1901,sheet_112.jpg,13,ok,4930,1775527241505.jpg,../outputs/rect_all\1775527241505.png,105b15ae2a134424,20260929
1902,sheet_112.jpg,14,ok,8007,1776050806928.jpg,../outputs/rect_all\1776050806928.png,8256d71d7051619e,20260929
1903,sheet_112.jpg,15,ok,710,1777863927522.jpg,../outputs/rect_all\1777863927522.png,4c9a9821528d8097,20260929
1904,sheet_112.jpg,16,ok,270,1777602410497.jpg,../outputs/rect_all\1777602410497.png,7ceee453fb51e3d2,20260929
1905,sheet_113.jpg,0,ok,1332,1778204407860.jpg,../outputs/rect_all\1778204407860.png,8093b8005bbd2e8c,20260929
1906,sheet_113.jpg,1,ok,70,1778118547735.jpg,../outputs/rect_all\1778118547735.png,485b10efe240fdc5,20260929
1907,sheet_113.jpg,2,ok,7003,1774335310453.jpg,../outputs/rect_all\1774335310453.png,03a8d87e888c0b54,20260929
1908,sheet_113.jpg,3,ok,7113,1773711956390.jpg,../outputs/rect_all\1773711956390.png,7072482d92034bcd,20260929
1909,sheet_113.jpg,4,ok,4025,1776305796006.jpg,../outputs/rect_all\1776305796006.png,43dfafe101d3b33e,20260929
1910,sheet_113.jpg,5,ok,8250,1773882423288.jpg,../outputs/rect_all\1773882423288.png,aa0b643ea4282f9b,20260929
1911,sheet_113.jpg,6,ok,6633,1773796618909.jpg,../outputs/rect_all\1773796618909.png,3e8ce03f2707897c,20260929
1912,sheet_113.jpg,7,ok,88,1778117528882.jpg,../outputs/rect_all\1778117528882.png,aabc6ca1c1e220d1,20260929
1913,sheet_113.jpg,8,ok,6270,1774490773623.jpg,../outputs/rect_all\1774490773623.png,7c000344d5ada8a3,20260929
1914,sheet_113.jpg,9,ok,4124,1776048246608.jpg,../outputs/rect_all\1776048246608.png,e1904ee88beb5026,20260929
1915,sheet_113.jpg,10,ok,4430,1776129478197.jpg,../outputs/rect_all\1776129478197.png,34f93dc330e23a98,20260929
1916,sheet_113.jpg,11,ok,2118,1779091715954.jpg,../outputs/rect_all\1779091715954.png,9ba6507deab4b86c,20260929
1917,sheet_113.jpg,12,ok,5554,1774058768511.jpg,../outputs/rect_all\1774058768511.png,c98b63a5560f9d70,20260929
1918,sheet_113.jpg,13,ok,7798,1776476190735.jpg,../outputs/rect_all\1776476190735.png,77bf81e8cc04b917,20260929
1919,sheet_113.jpg,14,ok,1735,1779239307576.jpg,../outputs/rect_all\1779239307576.png,a124b1d230451dc9,20260929
1920,sheet_113.jpg,15,ok,2073,1776821725168.jpg,../outputs/rect_all\1776821725168.png,819f9a33203a00f7,20260929
1921,sheet_113.jpg,16,ok,970,1777254315282.jpg,../outputs/rect_all\1777254315282.png,9d7f6e8a41d6b010,20260929
1922,sheet_114.jpg,0,ok,1220,1777254850596.jpg,../outputs/rect_all\1777254850596.png,3f497ad033b508c6,20260929
1923,sheet_114.jpg,1,ok,1136,1778029707475.jpg,../outputs/rect_all\1778029707475.png,cda83e4ed9a1dbaf,20260929
1924,sheet_114.jpg,2,ok,1910,1779231167288.jpg,../outputs/rect_all\1779231167288.png,a4eb95bbc07df1b4,20260929
1925,sheet_114.jpg,3,ok,7173,1773797854682.jpg,../outputs/rect_all\1773797854682.png,9bbab72e0be53c66,20260929
1926,sheet_114.jpg,4,ok,4013,1775877701595.jpg,../outputs/rect_all\1775877701595.png,576e4608610a9e84,20260929
1927,sheet_114.jpg,5,ok,2753,1776387813563.jpg,../outputs/rect_all\1776387813563.png,c563fd17adc892e0,20260929
1928,sheet_114.jpg,6,ok,2740,1776386518921.jpg,../outputs/rect_all\1776386518921.png,fd49c69a162ef62d,20260929
1929,sheet_114.jpg,7,ok,4823,1775874615817.jpg,../outputs/rect_all\1775874615817.png,27cb8b4ee8c43796,20260929
1930,sheet_114.jpg,8,ok,708,1777597631573.jpg,../outputs/rect_all\1777597631573.png,ab75696bf1d61d8e,20260929
1931,sheet_114.jpg,9,ok,4244,1776212608071.jpg,../outputs/rect_all\1776212608071.png,755b3bbb6536b00f,20260929
1932,sheet_114.jpg,10,ok,6023,1774591145049.jpg,../outputs/rect_all\1774591145049.png,c3f11cfaab3423f2,20260929
1933,sheet_114.jpg,11,ok,3884,1775697816436.jpg,../outputs/rect_all\1775697816436.png,91eea502c1174047,20260929
1934,sheet_114.jpg,12,ok,4871,1776045302046.jpg,../outputs/rect_all\1776045302046.png,f048bfe41fa00d8a,20260929
1935,sheet_114.jpg,13,ok,5896,1774408897344.jpg,../outputs/rect_all\1774408897344.png,5bd85986d5f063da,20260929
1936,sheet_114.jpg,14,ok,1440,1777450565183.jpg,../outputs/rect_all\1777450565183.png,9e307824c00d8878,20260929
1937,sheet_114.jpg,15,ok,4050,1776308534219.jpg,../outputs/rect_all\1776308534219.png,f51cf3a1be6c58a2,20260929
1938,sheet_114.jpg,16,ok,4118,1775873748276.jpg,../outputs/rect_all\1775873748276.png,b058d51fb4c7227a,20260929
1939,sheet_115.jpg,0,ok,2187,1776469365047.jpg,../outputs/rect_all\1776469365047.png,b33db9a0f8027011,20260929
1940,sheet_115.jpg,1,ok,3118,1776300266027.jpg,../outputs/rect_all\1776300266027.png,2fcfb7b461f02b7f,20260929
1941,sheet_115.jpg,2,ok,7404,1774317781755.jpg,../outputs/rect_all\1774317781755.png,8dddeda971e55954,20260929
1942,sheet_115.jpg,3,ok,7254,1774573718035.jpg,../outputs/rect_all\1774573718035.png,7d3d063744654e9a,20260929
1943,sheet_115.jpg,4,ok,4042,1776305471920.jpg,../outputs/rect_all\1776305471920.png,053d1fa07378bb77,20260929
1944,sheet_115.jpg,5,ok,8205,1773889463155.jpg,../outputs/rect_all\1773889463155.png,387d7511835ff7ae,20260929
1945,sheet_115.jpg,6,ok,1349,1778204760119.jpg,../outputs/rect_all\1778204760119.png,bd35dbed09acf250,20260929
1946,sheet_115.jpg,7,ok,3561,1775527868978.jpg,../outputs/rect_all\1775527868978.png,4222fcc990b04989,20260929
1947,sheet_115.jpg,8,ok,3807,1776477313850.jpg,../outputs/rect_all\1776477313850.png,a972fbf5a59edc6c,20260929
1948,sheet_115.jpg,9,ok,8171,1773880499255.jpg,../outputs/rect_all\1773880499255.png,941b4cbc77501dbf,20260929
1949,sheet_115.jpg,10,ok,1303,1777271002358.jpg,../outputs/rect_all\1777271002358.png,8bd7db931ef1b7aa,20260929
1950,sheet_115.jpg,11,ok,4373,1776127418713.jpg,../outputs/rect_all\1776127418713.png,7d4683dbb2845260,20260929
1951,sheet_115.jpg,12,ok,514,1777455719456.jpg,../outputs/rect_all\1777455719456.png,d6532d0d7df19099,20260929
1952,sheet_115.jpg,13,ok,6596,1773722002886.jpg,../outputs/rect_all\1773722002886.png,dfff5fc1b86083c8,20260929
1953,sheet_115.jpg,14,ok,1748,1776741168767.jpg,../outputs/rect_all\1776741168767.png,bdca9c14e27e38a9,20260929
1954,sheet_115.jpg,15,ok,2981,1779169782105.jpg,../outputs/rect_all\1779169782105.png,692a9db4b87dcf53,20260929
1955,sheet_115.jpg,16,ok,2209,1776387286406.jpg,../outputs/rect_all\1776387286406.png,cbe60d2fc6350ac5,20260929
1956,sheet_116.jpg,0,ok,7209,1773705557953.jpg,../outputs/rect_all\1773705557953.png,ce23b7b46bb2b712,20260929
1957,sheet_116.jpg,1,ok,1368,1778206440799.jpg,../outputs/rect_all\1778206440799.png,f23d66f7351cbd7f,20260929
1958,sheet_116.jpg,2,ok,8245,1773888340227.jpg,../outputs/rect_all\1773888340227.png,6f42305078bb46ce,20260929
1959,sheet_116.jpg,3,ok,1361,1778204568217.jpg,../outputs/rect_all\1778204568217.png,862adc1ed82c0b65,20260929
1960,sheet_116.jpg,4,ok,6373,1774407245843.jpg,../outputs/rect_all\1774407245843.png,621295fd8e406b51,20260929
1961,sheet_116.jpg,5,ok,2074,1776918269442.jpg,../outputs/rect_all\1776918269442.png,1e457d5649b22fd2,20260929
1962,sheet_116.jpg,6,ok,6854,1775550429859.jpg,../outputs/rect_all\1775550429859.png,39a636de852d5a65,20260929
1963,sheet_116.jpg,7,ok,4684,1776129959940.jpg,../outputs/rect_all\1776129959940.png,2d7c2775e278cd9f,20260929
1964,sheet_116.jpg,8,ok,2883,1776653269588.jpg,../outputs/rect_all\1776653269588.png,4c9558b5f6b83e70,20260929
1965,sheet_116.jpg,9,ok,2804,1776385416246.jpg,../outputs/rect_all\1776385416246.png,d153bc942f82ac60,20260929
1966,sheet_116.jpg,10,ok,7247,1774577719918.jpg,../outputs/rect_all\1774577719918.png,4b9bb97154a53ba5,20260929
1967,sheet_116.jpg,11,ok,7578,1774419867285.jpg,../outputs/rect_all\1774419867285.png,eab4d4d7e9d9a48c,20260929
1968,sheet_116.jpg,12,ok,507,1777426635621.jpg,../outputs/rect_all\1777426635621.png,795a627c2b3d279e,20260929
1969,sheet_116.jpg,13,ok,7715,1776473970847.jpg,../outputs/rect_all\1776473970847.png,6532084da8d64f14,20260929
1970,sheet_116.jpg,14,ok,2886,1776649219377.jpg,../outputs/rect_all\1776649219377.png,44060b71293d0a56,20260929
1971,sheet_116.jpg,15,ok,191,1777689462431.jpg,../outputs/rect_all\1777689462431.png,2fd3e34b5f641a56,20260929
1972,sheet_116.jpg,16,ok,7469,1774064347078.jpg,../outputs/rect_all\1774064347078.png,d38a00e5d4825de7,20260929
1973,sheet_117.jpg,0,ok,7374,1774060885112.jpg,../outputs/rect_all\1774060885112.png,57d7a522d942fb70,20260929
1974,sheet_117.jpg,1,ok,978,1777263929393.jpg,../outputs/rect_all\1777263929393.png,d1aefa8eb8a3e007,20260929
1975,sheet_117.jpg,2,ok,7889,1776051753599.jpg,../outputs/rect_all\1776051753599.png,145fec7c2a4ce778,20260929
1976,sheet_117.jpg,3,ok,1599,1777081550160.jpg,../outputs/rect_all\1777081550160.png,7b6e805f863d2630,20260929
1977,sheet_117.jpg,4,ok,1147,1778032198019.jpg,../outputs/rect_all\1778032198019.png,91bb305990c8b266,20260929
1978,sheet_117.jpg,5,ok,3798,1776477548760.jpg,../outputs/rect_all\1776477548760.png,1fb1acf26b4180ef,20260929
1979,sheet_117.jpg,6,ok,3521,1775525438959.jpg,../outputs/rect_all\1775525438959.png,98786cb4638cc1cf,20260929
1980,sheet_117.jpg,7,ok,7011,1774321190842.jpg,../outputs/rect_all\1774321190842.png,43387ebbc38db8bc,20260929
1981,sheet_117.jpg,8,ok,6027,1774581285820.jpg,../outputs/rect_all\1774581285820.png,71db529115367970,20260929
1982,sheet_117.jpg,9,ok,5823,1774491764681.jpg,../outputs/rect_all\1774491764681.png,dc5aab3b775feb2a,20260929
1983,sheet_117.jpg,10,ok,1164,1778120770488.jpg,../outputs/rect_all\1778120770488.png,04e23e5c73628cbe,20260929
1984,sheet_117.jpg,11,ok,7727,1776473298652.jpg,../outputs/rect_all\1776473298652.png,d894ff241ed06199,20260929
1985,sheet_117.jpg,12,ok,2605,1776216288563.jpg,../outputs/rect_all\1776216288563.png,844c1cb2c4ffae8e,20260929
1986,sheet_117.jpg,13,ok,7200,1773795257039.jpg,../outputs/rect_all\1773795257039.png,fd9bd38b4d599763,20260929
1987,sheet_117.jpg,14,ok,4991,1775703253282.jpg,../outputs/rect_all\1775703253282.png,11a5a067f7447c27,20260929
1988,sheet_117.jpg,15,ok,2122,1776912253413.jpg,../outputs/rect_all\1776912253413.png,1e5cfdff7202149f,20260929
1989,sheet_117.jpg,16,ok,1739,1776735362754.jpg,../outputs/rect_all\1776735362754.png,859f2be07a55bcd4,20260929
1990,sheet_118.jpg,0,ok,197,1777689559565.jpg,../outputs/rect_all\1777689559565.png,9078bc8844811d38,20260929
1991,sheet_118.jpg,1,ok,8259,1773973359286.jpg,../outputs/rect_all\1773973359286.png,2e89532bfcae3cdb,20260929
1992,sheet_118.jpg,2,ok,3803,1778899464627.jpg,../outputs/rect_all\1778899464627.png,356945b32de8e4ad,20260929
1993,sheet_118.jpg,3,ok,4419,1776216197086.jpg,../outputs/rect_all\1776216197086.png,4f9a6fc21187e0a4,20260929
1994,sheet_118.jpg,4,ok,2033,1776823254051.jpg,../outputs/rect_all\1776823254051.png,bf899b4b0a551bc2,20260929
1995,sheet_118.jpg,5,ok,2373,1776396557928.jpg,../outputs/rect_all\1776396557928.png,f250a4f3fa927933,20260929
1996,sheet_118.jpg,6,ok,7560,1774320264203.jpg,../outputs/rect_all\1774320264203.png,594c30186753ae76,20260929
1997,sheet_118.jpg,7,ok,4271,1776216562940.jpg,../outputs/rect_all\1776216562940.png,5d432999b3a4fd16,20260929
1998,sheet_118.jpg,8,ok,3956,1775785678514.jpg,../outputs/rect_all\1775785678514.png,a3c939e26b7decbc,20260929
1999,sheet_118.jpg,9,ok,3005,1776213867838.jpg,../outputs/rect_all\1776213867838.png,c9c580d6944db892,20260929
2000,sheet_118.jpg,10,ok,4899,1775525865758.jpg,../outputs/rect_all\1775525865758.png,2cda38c526b72dfc,20260929
2001,sheet_118.jpg,11,ok,7557,1774063612719.jpg,../outputs/rect_all\1774063612719.png,40350551279dc973,20260929
2002,sheet_118.jpg,12,ok,3579,1775530055232.jpg,../outputs/rect_all\1775530055232.png,72c445ed57d0d27a,20260929
2003,sheet_118.jpg,13,ok,7919,1775888652210.jpg,../outputs/rect_all\1775888652210.png,49de8248f6619eb8,20260929
2004,sheet_118.jpg,14,ok,3876,1775699348636.jpg,../outputs/rect_all\1775699348636.png,462576f7db87c987,20260929
2005,sheet_118.jpg,15,ok,3145,1776821530431.jpg,../outputs/rect_all\1776821530431.png,bc23cae724388f90,20260929
2006,sheet_118.jpg,16,ok,4829,1775873533320.jpg,../outputs/rect_all\1775873533320.png,eda175863baca117,20260929
2007,sheet_119.jpg,0,ok,6990,1774319993370.jpg,../outputs/rect_all\1774319993370.png,d789b00c01227a3b,20260929
2008,sheet_119.jpg,1,ok,3114,1776216773762.jpg,../outputs/rect_all\1776216773762.png,495c188e1b76cc6d,20260929
2009,sheet_119.jpg,2,ok,982,1777263199770.jpg,../outputs/rect_all\1777263199770.png,8114e8b2290feffe,20260929
2010,sheet_119.jpg,3,ok,6784,1778815579903.jpg,../outputs/rect_all\1778815579903.png,e645b909dfeeee75,20260929
2011,sheet_119.jpg,4,ok,7426,1774668026534.jpg,../outputs/rect_all\1774668026534.png,c6e3939d1c03b1d1,20260929
2012,sheet_119.jpg,5,ok,7040,1774322912752.jpg,../outputs/rect_all\1774322912752.png,d6c76cdf71a18123,20260929
2013,sheet_119.jpg,6,ok,1671,1777081715558.jpg,../outputs/rect_all\1777081715558.png,898cc9eedce160e9,20260929
2014,sheet_119.jpg,7,ok,4656,1776129487503.jpg,../outputs/rect_all\1776129487503.png,81457fd1091e687b,20260929
2015,sheet_119.jpg,8,ok,6576,1773809197829.jpg,../outputs/rect_all\1773809197829.png,9c1e6fe0541fa2e9,20260929
2016,sheet_119.jpg,9,ok,5339,1774576813803.jpg,../outputs/rect_all\1774576813803.png,d29dafcc9ff86987,20260929
2017,sheet_119.jpg,10,ok,6638,1773801645182.jpg,../outputs/rect_all\1773801645182.png,2e6abe600298852d,20260929
2018,sheet_119.jpg,11,ok,5865,1774486673597.jpg,../outputs/rect_all\1774486673597.png,633cafad3140bb7b,20260929
2019,sheet_119.jpg,12,ok,1442,1777512886988.jpg,../outputs/rect_all\1777512886988.png,8dcd30f48479f1d6,20260929
2020,sheet_119.jpg,13,ok,1842,1776989320801.jpg,../outputs/rect_all\1776989320801.png,a63881d384e2a9b8,20260929
2021,sheet_119.jpg,14,ok,1338,1778203882658.jpg,../outputs/rect_all\1778203882658.png,06c602c2c1341563,20260929
2022,sheet_119.jpg,15,ok,3917,1775704640534.jpg,../outputs/rect_all\1775704640534.png,ab05c3a72c1372f9,20260929
2023,sheet_119.jpg,16,ok,5973,1774594629428.jpg,../outputs/rect_all\1774594629428.png,943abb0628396b3e,20260929
2024,sheet_120.jpg,0,ok,6644,1773795628655.jpg,../outputs/rect_all\1773795628655.png,c52738d23df9dcc2,20260929
2025,sheet_120.jpg,1,ok,6919,1775609042974.jpg,../outputs/rect_all\1775609042974.png,5db183eb452a6f55,20260929
2026,sheet_120.jpg,2,ok,7163,1773706043577.jpg,../outputs/rect_all\1773706043577.png,baa6e95ee146e315,20260929
2027,sheet_120.jpg,3,ok,7104,1778552224625.jpg,../outputs/rect_all\1778552224625.png,ea76802b7d8b02ae,20260929
2028,sheet_120.jpg,4,ok,220,1777598401746.jpg,../outputs/rect_all\1777598401746.png,71787a91985c0a56,20260929
2029,sheet_120.jpg,5,ok,747,1777595478586.jpg,../outputs/rect_all\1777595478586.png,363802810e43593e,20260929
2030,sheet_120.jpg,6,ok,2158,1776398483759.jpg,../outputs/rect_all\1776398483759.png,b8b84094bf6f429b,20260929
2031,sheet_120.jpg,7,ok,6658,1773725195990.jpg,../outputs/rect_all\1773725195990.png,fd8bd99e1f7639d5,20260929
2032,sheet_120.jpg,8,ok,7906,1775888234993.jpg,../outputs/rect_all\1775888234993.png,240da35267d4747b,20260929
2033,sheet_120.jpg,9,ok,6685,1778216741483.jpg,../outputs/rect_all\1778216741483.png,74b94b834a0b1c36,20260929
2034,sheet_120.jpg,10,ok,4830,1775872511316.jpg,../outputs/rect_all\1775872511316.png,91f2c3c763e41f62,20260929
2035,sheet_120.jpg,11,ok,1317,1778206350499.jpg,../outputs/rect_all\1778206350499.png,36368c37fb8a5f2d,20260929
2036,sheet_120.jpg,12,ok,7711,1776473830316.jpg,../outputs/rect_all\1776473830316.png,861ee1f616d426af,20260929
2037,sheet_120.jpg,13,ok,7375,1774060920535.jpg,../outputs/rect_all\1774060920535.png,0ed2a6b09b0405d0,20260929
2038,sheet_120.jpg,14,ok,3664,1775527528818.jpg,../outputs/rect_all\1775527528818.png,4b81d9fc9015a21e,20260929
2039,sheet_120.jpg,15,ok,624,1777599984560.jpg,../outputs/rect_all\1777599984560.png,ed58de99da09e478,20260929
2040,sheet_120.jpg,16,ok,4689,1776129542419.jpg,../outputs/rect_all\1776129542419.png,d623895fc7124731,20260929
2041,sheet_121.jpg,0,ok,1956,1776991176543.jpg,../outputs/rect_all\1776991176543.png,ae7fc18734df15f3,20260929
2042,sheet_121.jpg,1,ok,5827,1774487598962.jpg,../outputs/rect_all\1774487598962.png,f1f6fc6facaa8e4b,20260929
2043,sheet_121.jpg,2,ok,188,1777599649353.jpg,../outputs/rect_all\1777599649353.png,e22b8e898cf0f512,20260929
2044,sheet_121.jpg,3,ok,2781,1776388780338.jpg,../outputs/rect_all\1776388780338.png,90732e56cbccc73e,20260929
2045,sheet_121.jpg,4,ok,6317,1774402371638.jpg,../outputs/rect_all\1774402371638.png,73c706f612676288,20260929
2046,sheet_121.jpg,5,ok,693,1777685459297.jpg,../outputs/rect_all\1777685459297.png,18b055876b4ee5f2,20260929
2047,sheet_121.jpg,6,ok,7417,1774317677477.jpg,../outputs/rect_all\1774317677477.png,3ad710c784143659,20260929
2048,sheet_121.jpg,7,ok,6797,1775526242564.jpg,../outputs/rect_all\1775526242564.png,45dddcd38ec7227a,20260929
2049,sheet_121.jpg,8,ok,4655,1776129465005.jpg,../outputs/rect_all\1776129465005.png,9384ec148b86992b,20260929
2050,sheet_121.jpg,9,ok,3704,1775790505877.jpg,../outputs/rect_all\1775790505877.png,68dd99d42722569f,20260929
2051,sheet_121.jpg,10,ok,7984,1776049678880.jpg,../outputs/rect_all\1776049678880.png,7faee9fd872fb0c5,20260929
2052,sheet_121.jpg,11,ok,3735,1775697124899.jpg,../outputs/rect_all\1775697124899.png,fec2d81375af2517,20260929
2053,sheet_121.jpg,12,ok,6808,1778815511851.jpg,../outputs/rect_all\1778815511851.png,1e856b10ea86cbd9,20260929
2054,sheet_121.jpg,13,ok,1629,1779066137249.jpg,../outputs/rect_all\1779066137249.png,586a60f1d4ebe2a5,20260929
2055,sheet_121.jpg,14,ok,8291,1775782571118.jpg,../outputs/rect_all\1775782571118.png,9d1e11053fa65a76,20260929
2056,sheet_121.jpg,15,ok,4238,1776216429966.jpg,../outputs/rect_all\1776216429966.png,d0e1b6a9d135d4a1,20260929
2057,sheet_121.jpg,16,ok,3244,1776301686827.jpg,../outputs/rect_all\1776301686827.png,23d88211a76a20fb,20260929
2058,sheet_122.jpg,0,ok,8315,1775704079988.jpg,../outputs/rect_all\1775704079988.png,7149e086970c7581,20260929
2059,sheet_122.jpg,1,ok,6925,1775534452986.jpg,../outputs/rect_all\1775534452986.png,0fd66683990b6dfd,20260929
2060,sheet_122.jpg,2,ok,5573,1774489705450.jpg,../outputs/rect_all\1774489705450.png,54f3da54d7a574d0,20260929
2061,sheet_122.jpg,3,ok,8146,1773970628066.jpg,../outputs/rect_all\1773970628066.png,cc4aff22d6fe02d6,20260929
2062,sheet_122.jpg,4,ok,1423,1778211856793.jpg,../outputs/rect_all\1778211856793.png,3d53e40290e941c2,20260929
2063,sheet_122.jpg,5,ok,4054,1776308462621.jpg,../outputs/rect_all\1776308462621.png,0cd2d4084065629a,20260929
2064,sheet_122.jpg,6,ok,466,1777423838924.jpg,../outputs/rect_all\1777423838924.png,d96cb6505346593f,20260929
2065,sheet_122.jpg,7,ok,549,1777428118754.jpg,../outputs/rect_all\1777428118754.png,d8fe2353d8ff1260,20260929
2066,sheet_122.jpg,8,ok,6554,1773719739575.jpg,../outputs/rect_all\1773719739575.png,b44606880e6fb2ce,20260929
2067,sheet_122.jpg,9,ok,2195,1776399124536.jpg,../outputs/rect_all\1776399124536.png,b195aed1cd010c03,20260929
2068,sheet_122.jpg,10,ok,4682,1776129931620.jpg,../outputs/rect_all\1776129931620.png,a494f4699967995d,20260929
2069,sheet_122.jpg,11,ok,459,1777423387399.jpg,../outputs/rect_all\1777423387399.png,0607eb84e3a88342,20260929
2070,sheet_122.jpg,12,ok,7472,1774064763042.jpg,../outputs/rect_all\1774064763042.png,13c27e6a0555e638,20260929
2071,sheet_122.jpg,13,ok,7115,1778551020180.jpg,../outputs/rect_all\1778551020180.png,db3ee37e70311259,20260929
2072,sheet_122.jpg,14,ok,1438,1778030809011.jpg,../outputs/rect_all\1778030809011.png,0f551616cdd71ae9,20260929
2073,sheet_122.jpg,15,ok,7402,1774317756515.jpg,../outputs/rect_all\1774317756515.png,9518148dfa432299,20260929
2074,sheet_122.jpg,16,ok,1755,1776739993670.jpg,../outputs/rect_all\1776739993670.png,2f7986b636648dda,20260929
2075,sheet_123.jpg,0,ok,6826,1775527611937.jpg,../outputs/rect_all\1775527611937.png,6145721c2263c729,20260929
2076,sheet_123.jpg,1,ok,4683,1776129946322.jpg,../outputs/rect_all\1776129946322.png,deab3036dbd1633e,20260929
2077,sheet_123.jpg,2,ok,5985,1774591093982.jpg,../outputs/rect_all\1774591093982.png,cd6452dcd1608dff,20260929
2078,sheet_123.jpg,3,ok,7238,1774576579020.jpg,../outputs/rect_all\1774576579020.png,d291a6dfaadace84,20260929
2079,sheet_123.jpg,4,ok,3667,1775526937838.jpg,../outputs/rect_all\1775526937838.png,e2c32e8892778a66,20260929
2080,sheet_123.jpg,5,ok,6309,1774404871800.jpg,../outputs/rect_all\1774404871800.png,649f61d3f8dd9f6b,20260929
2081,sheet_123.jpg,6,ok,3237,1776215619713.jpg,../outputs/rect_all\1776215619713.png,3de07f93b1940717,20260929
2082,sheet_123.jpg,7,ok,5902,1774487829940.jpg,../outputs/rect_all\1774487829940.png,e35fea4f392192ce,20260929
2083,sheet_123.jpg,8,ok,3872,1775698574665.jpg,../outputs/rect_all\1775698574665.png,02bb2e29c3145147,20260929
2084,sheet_123.jpg,9,ok,5337,1774660926050.jpg,../outputs/rect_all\1774660926050.png,a4655f4963847073,20260929
2085,sheet_123.jpg,10,ok,3814,1776479324608.jpg,../outputs/rect_all\1776479324608.png,83f0be84f48e5ca7,20260929
2086,sheet_123.jpg,11,ok,8214,1773885567657.jpg,../outputs/rect_all\1773885567657.png,64a2ccca074e4f8b,20260929
2087,sheet_123.jpg,12,ok,7090,1774325539405.jpg,../outputs/rect_all\1774325539405.png,35ded4df09951aac,20260929
2088,sheet_123.jpg,13,ok,1001,1777345725018.jpg,../outputs/rect_all\1777345725018.png,ce860e43b25a703c,20260929
2089,sheet_123.jpg,14,ok,3889,1775787601969.jpg,../outputs/rect_all\1775787601969.png,3a07f6be731f75b9,20260929
2090,sheet_123.jpg,15,ok,6896,1775536049704.jpg,../outputs/rect_all\1775536049704.png,9fc0bcef511548de,20260929
2091,sheet_123.jpg,16,ok,4969,1775527871691.jpg,../outputs/rect_all\1775527871691.png,a8d1d28caf129e67,20260929
2092,sheet_124.jpg,0,ok,8218,1773886272039.jpg,../outputs/rect_all\1773886272039.png,552be502a77eafd4,20260929
2093,sheet_124.jpg,1,ok,3239,1776215654968.jpg,../outputs/rect_all\1776215654968.png,97da5343cc238f36,20260929
2094,sheet_124.jpg,2,ok,6922,1775524491105.jpg,../outputs/rect_all\1775524491105.png,8a210cff787bed12,20260929
2095,sheet_124.jpg,3,ok,1239,1777254610698.jpg,../outputs/rect_all\1777254610698.png,a8cca84ee5318ab7,20260929
2096,sheet_124.jpg,4,ok,89,1778121710534.jpg,../outputs/rect_all\1778121710534.png,6089fc1d7386ac1c,20260929
2097,sheet_124.jpg,5,ok,2014,1776825039914.jpg,../outputs/rect_all\1776825039914.png,028ac250a0eb022e,20260929
2098,sheet_124.jpg,6,ok,4266,1776133845951.jpg,../outputs/rect_all\1776133845951.png,61b5235e560c6abe,20260929
2099,sheet_124.jpg,7,ok,4704,1776130641990.jpg,../outputs/rect_all\1776130641990.png,a495e4568860bee7,20260929
2100,sheet_124.jpg,8,ok,7829,1773882014961.jpg,../outputs/rect_all\1773882014961.png,f88b8d49977be4ea,20260929
2101,sheet_124.jpg,9,ok,6995,1774320846164.jpg,../outputs/rect_all\1774320846164.png,92b0f7e722911e4f,20260929
2102,sheet_124.jpg,10,ok,7900,1775888432795.jpg,../outputs/rect_all\1775888432795.png,5c04057e4ead5072,20260929
2103,sheet_124.jpg,11,ok,1696,1776735260936.jpg,../outputs/rect_all\1776735260936.png,15d0121caf331c90,20260929
2104,sheet_124.jpg,12,ok,4707,1776131660641.jpg,../outputs/rect_all\1776131660641.png,0d79d67612a1d83f,20260929
2105,sheet_124.jpg,13,ok,7912,1775887620060.jpg,../outputs/rect_all\1775887620060.png,cad7768fe7bd1a8c,20260929
2106,sheet_124.jpg,14,ok,4700,1776215532085.jpg,../outputs/rect_all\1776215532085.png,25242e4b17b45a16,20260929
2107,sheet_124.jpg,15,ok,7110,1773804790547.jpg,../outputs/rect_all\1773804790547.png,e05852cb0efb93c8,20260929
2108,sheet_124.jpg,16,ok,1318,1778206366085.jpg,../outputs/rect_all\1778206366085.png,1be1842750d31289,20260929
2109,sheet_125.jpg,0,ok,1677,1777081078583.jpg,../outputs/rect_all\1777081078583.png,6f5833a7ac4c1a58,20260929
2110,sheet_125.jpg,1,ok,5639,1774413474013.jpg,../outputs/rect_all\1774413474013.png,c0e0b322ad022b51,20260929
2111,sheet_125.jpg,2,ok,1134,1778030852829.jpg,../outputs/rect_all\1778030852829.png,e7ab60d241e3e066,20260929
2112,sheet_125.jpg,3,ok,5141,1776041350948.jpg,../outputs/rect_all\1776041350948.png,967387f4cf7d1b74,20260929
2113,sheet_125.jpg,4,ok,990,1777254761122.jpg,../outputs/rect_all\1777254761122.png,dae092198e3d8637,20260929
2114,sheet_125.jpg,5,ok,4687,1776129004863.jpg,../outputs/rect_all\1776129004863.png,053fb3a31601346e,20260929
2115,sheet_125.jpg,6,ok,7149,1773711376138.jpg,../outputs/rect_all\1773711376138.png,baa1cd0a1a4f94f5,20260929
2116,sheet_125.jpg,7,ok,6794,1775611003402.jpg,../outputs/rect_all\1775611003402.png,3f78cfebb35b75c8,20260929
2117,sheet_125.jpg,8,ok,3284,1779154905825.jpg,../outputs/rect_all\1779154905825.png,41b958d033bbfd72,20260929
2118,sheet_125.jpg,9,ok,6011,1774594730002.jpg,../outputs/rect_all\1774594730002.png,96cc724592e52245,20260929
2119,sheet_125.jpg,10,ok,4666,1776128876010.jpg,../outputs/rect_all\1776128876010.png,585fe861aeff097d,20260929
2120,sheet_125.jpg,11,ok,6061,1774582068382.jpg,../outputs/rect_all\1774582068382.png,a63c1fefa5202167,20260929
2121,sheet_125.jpg,12,ok,6565,1773720047327.jpg,../outputs/rect_all\1773720047327.png,fff3ea8298c4add4,20260929
2122,sheet_125.jpg,13,ok,7369,1774667949434.jpg,../outputs/rect_all\1774667949434.png,fb48be4be46c92b7,20260929
2123,sheet_125.jpg,14,ok,1944,1776995133374.jpg,../outputs/rect_all\1776995133374.png,a3ae1dfbfd8f68b4,20260929
2124,sheet_125.jpg,15,ok,578,1777598218722.jpg,../outputs/rect_all\1777598218722.png,5ea910e3c6a6d9e2,20260929
2125,sheet_125.jpg,16,ok,2117,1776825931798.jpg,../outputs/rect_all\1776825931798.png,3522f9f697161d60,20260929
2126,sheet_126.jpg,0,ok,5690,1774573990512.jpg,../outputs/rect_all\1774573990512.png,51524a3fbeb0298a,20260929
2127,sheet_126.jpg,1,ok,4698,1776130953194.jpg,../outputs/rect_all\1776130953194.png,68d120efb88c1363,20260929
2128,sheet_126.jpg,2,ok,3954,1775788483554.jpg,../outputs/rect_all\1775788483554.png,1c76d3a9100406b7,20260929
2129,sheet_126.jpg,3,ok,6538,1773808659208.jpg,../outputs/rect_all\1773808659208.png,25525c0722452197,20260929
2130,sheet_126.jpg,4,ok,7212,1773806572725.jpg,../outputs/rect_all\1773806572725.png,21132a4b9fa8de65,20260929
2131,sheet_126.jpg,5,ok,1121,1778120624533.jpg,../outputs/rect_all\1778120624533.png,8b2f9d482b6c474f,20260929
2132,sheet_126.jpg,6,ok,5900,1774487796133.jpg,../outputs/rect_all\1774487796133.png,16520d4027a1203c,20260929
2133,sheet_126.jpg,7,ok,2168,1779162263658.jpg,../outputs/rect_all\1779162263658.png,d31a34c5b7dd4702,20260929
2134,sheet_126.jpg,8,ok,1146,1778032684007.jpg,../outputs/rect_all\1778032684007.png,c2fa932925393543,20260929
2135,sheet_126.jpg,9,ok,314,1777262158877.jpg,../outputs/rect_all\1777262158877.png,a754d0d93880bda2,20260929
2136,sheet_126.jpg,10,ok,695,1777685509030.jpg,../outputs/rect_all\1777685509030.png,71827403a6854032,20260929
2137,sheet_126.jpg,11,ok,1352,1778212022293.jpg,../outputs/rect_all\1778212022293.png,0a1cb948a44a0d05,20260929
2138,sheet_126.jpg,12,ok,6250,1773712900884.jpg,../outputs/rect_all\1773712900884.png,80c2800b85969a47,20260929
2139,sheet_126.jpg,13,ok,6626,1773800769417.jpg,../outputs/rect_all\1773800769417.png,c6330cbb0d085115,20260929
2140,sheet_126.jpg,14,ok,7438,1774320151638.jpg,../outputs/rect_all\1774320151638.png,1ca87bb37f19cb77,20260929
2141,sheet_126.jpg,15,ok,3886,1775697851846.jpg,../outputs/rect_all\1775697851846.png,fca8efe1281ef17f,20260929
2142,sheet_126.jpg,16,ok,5515,1774055801839.jpg,../outputs/rect_all\1774055801839.png,15f2a9987c0b88e5,20260929
2143,sheet_127.jpg,0,ok,4010,1775878063146.jpg,../outputs/rect_all\1775878063146.png,d0efd10ff2bafd79,20260929
2144,sheet_127.jpg,1,ok,6315,1774493438175.jpg,../outputs/rect_all\1774493438175.png,e0080c1ac3be9d07,20260929
2145,sheet_127.jpg,2,ok,996,1777263144561.jpg,../outputs/rect_all\1777263144561.png,832311573ee82101,20260929
2146,sheet_127.jpg,3,ok,3552,1775527371383.jpg,../outputs/rect_all\1775527371383.png,31dadb43d977c81a,20260929
2147,sheet_127.jpg,4,ok,5000,1775702242343.jpg,../outputs/rect_all\1775702242343.png,67c9b84008a82980,20260929
2148,sheet_127.jpg,5,ok,3111,1776216522156.jpg,../outputs/rect_all\1776216522156.png,e198f1a5d64b28e1,20260929
2149,sheet_127.jpg,6,ok,5794,1774409590122.jpg,../outputs/rect_all\1774409590122.png,6634af76ac1ec4e3,20260929
2150,sheet_127.jpg,7,ok,1848,1776991494255.jpg,../outputs/rect_all\1776991494255.png,e35d8cfda840f99e,20260929
2151,sheet_127.jpg,8,ok,3401,1779245884184.jpg,../outputs/rect_all\1779245884184.png,d7ba0036e22cb8bf,20260929
2152,sheet_127.jpg,9,ok,6608,1773810679346.jpg,../outputs/rect_all\1773810679346.png,1c436cff2599131b,20260929
2153,sheet_127.jpg,10,ok,5005,1775710604221.jpg,../outputs/rect_all\1775710604221.png,5a49613981dac9d6,20260929
2154,sheet_127.jpg,11,ok,7486,1774064588799.jpg,../outputs/rect_all\1774064588799.png,b6d006aa89dab9ff,20260929
2155,sheet_127.jpg,12,ok,3549,1775528055183.jpg,../outputs/rect_all\1775528055183.png,654b6410b4958adb,20260929
2156,sheet_127.jpg,13,ok,3364,1779154783322.jpg,../outputs/rect_all\1779154783322.png,33ea0ff9c12e5c17,20260929
2157,sheet_127.jpg,14,ok,5139,1776041292675.jpg,../outputs/rect_all\1776041292675.png,e010b2a9d64fbde5,20260929
2158,sheet_127.jpg,15,ok,6796,1775526230412.jpg,../outputs/rect_all\1775526230412.png,3925ae787f0b8d2a,20260929
2159,sheet_127.jpg,16,ok,3896,1775702532319.jpg,../outputs/rect_all\1775702532319.png,5fad42dc333d55be,20260929
2160,sheet_128.jpg,0,ok,963,1777254262291.jpg,../outputs/rect_all\1777254262291.png,839f86f4eee82066,20260929
2161,sheet_128.jpg,1,ok,2879,1776649601128.jpg,../outputs/rect_all\1776649601128.png,e431564720ffbb37,20260929
2162,sheet_128.jpg,2,ok,8009,1775877049937.jpg,../outputs/rect_all\1775877049937.png,d36d5def4220419c,20260929
2163,sheet_128.jpg,3,ok,7483,1774073910716.jpg,../outputs/rect_all\1774073910716.png,ca2b6d7cf001056c,20260929
2164,sheet_128.jpg,4,ok,6660,1773724018009.jpg,../outputs/rect_all\1773724018009.png,30c8e88cfa71adf1,20260929
2165,sheet_128.jpg,5,ok,6563,1773723624439.jpg,../outputs/rect_all\1773723624439.png,a80afbd5af4ad891,20260929
2166,sheet_128.jpg,6,ok,7809,1773881799501.jpg,../outputs/rect_all\1773881799501.png,fc6f2052873489f0,20260929
2167,sheet_128.jpg,7,ok,7932,1776052269167.jpg,../outputs/rect_all\1776052269167.png,bffac1da3f56d2f9,20260929
2168,sheet_128.jpg,8,ok,7142,1778555375783.jpg,../outputs/rect_all\1778555375783.png,1c81ff325e3e09fb,20260929
2169,sheet_128.jpg,9,ok,2166,1779162237042.jpg,../outputs/rect_all\1779162237042.png,d98f45bd3a6154ea,20260929
2170,sheet_128.jpg,10,ok,6306,1774502696367.jpg,../outputs/rect_all\1774502696367.png,fb16e46bb5a451ee,20260929
2171,sheet_128.jpg,11,ok,5020,1775700143608.jpg,../outputs/rect_all\1775700143608.png,05cdf3d2ceb2dc60,20260929
2172,sheet_128.jpg,12,ok,7126,1778555292804.jpg,../outputs/rect_all\1778555292804.png,cf8fe9abfd05516d,20260929
2173,sheet_128.jpg,13,ok,7409,1774318886422.jpg,../outputs/rect_all\1774318886422.png,16314e2650cefd8a,20260929
2174,sheet_128.jpg,14,ok,3644,1775526550938.jpg,../outputs/rect_all\1775526550938.png,2a1c1e1d71d70184,20260929
2175,sheet_128.jpg,15,ok,3846,1775697652648.jpg,../outputs/rect_all\1775697652648.png,7e07348490fc0e7f,20260929
2176,sheet_128.jpg,16,ok,7279,1778720014273.jpg,../outputs/rect_all\1778720014273.png,4e23b7280a29d748,20260929
2177,sheet_129.jpg,0,ok,7336,1774661189680.jpg,../outputs/rect_all\1774661189680.png,33db07606fdbf0ca,20260929
2178,sheet_129.jpg,1,ok,4105,1776306047952.jpg,../outputs/rect_all\1776306047952.png,7debc28cf96ddb7b,20260929
2179,sheet_129.jpg,2,ok,5494,1774055671946.jpg,../outputs/rect_all\1774055671946.png,ada04b99b1d63a34,20260929
2180,sheet_129.jpg,3,ok,6790,1775524588345.jpg,../outputs/rect_all\1775524588345.png,1b8c9efb717bf4aa,20260929
2181,sheet_129.jpg,4,ok,6999,1778750509778.jpg,../outputs/rect_all\1778750509778.png,7a26f5187200b486,20260929
2182,sheet_129.jpg,5,ok,3556,1775528364357.jpg,../outputs/rect_all\1775528364357.png,0f3906b09079a3b4,20260929
2183,sheet_129.jpg,6,ok,3253,1776217431743.jpg,../outputs/rect_all\1776217431743.png,04b0ab75f7b5f95c,20260929
2184,sheet_129.jpg,7,ok,7712,1776472708122.jpg,../outputs/rect_all\1776472708122.png,69c77ff66daf681d,20260929
2185,sheet_129.jpg,8,ok,446,1777423877319.jpg,../outputs/rect_all\1777423877319.png,4e456832fc7e449d,20260929
2186,sheet_129.jpg,9,ok,7530,1774059873394.jpg,../outputs/rect_all\1774059873394.png,b33289b3f3dc92b1,20260929
2187,sheet_129.jpg,10,ok,8294,1775703180573.jpg,../outputs/rect_all\1775703180573.png,619ce11147388ad6,20260929
2188,sheet_129.jpg,11,ok,6527,1773723039186.jpg,../outputs/rect_all\1773723039186.png,580e9e01c8d9dc19,20260929
2189,sheet_129.jpg,12,ok,214,1777946516075.jpg,../outputs/rect_all\1777946516075.png,9efcd5204952d993,20260929
2190,sheet_129.jpg,13,ok,3279,1776301776699.jpg,../outputs/rect_all\1776301776699.png,0f204bcba099aae3,20260929
2191,sheet_129.jpg,14,ok,1004,1777254193498.jpg,../outputs/rect_all\1777254193498.png,552f8e781e7e0377,20260929
2192,sheet_129.jpg,15,ok,6560,1773723139557.jpg,../outputs/rect_all\1773723139557.png,82d1a42605e5f6b2,20260929
2193,sheet_129.jpg,16,ok,7555,1774062557914.jpg,../outputs/rect_all\1774062557914.png,7fc1c3015dc04c74,20260929
2194,sheet_130.jpg,0,ok,551,1777428145854.jpg,../outputs/rect_all\1777428145854.png,d29abddb41f9ce98,20260929
2195,sheet_130.jpg,1,ok,6562,1773723604462.jpg,../outputs/rect_all\1773723604462.png,95bc676672d029c1,20260929
2196,sheet_130.jpg,2,ok,3155,1776829168618.jpg,../outputs/rect_all\1776829168618.png,b939b1f6a4f3bf62,20260929
2197,sheet_130.jpg,3,ok,8052,1775880727066.jpg,../outputs/rect_all\1775880727066.png,00797eac2da0a838,20260929
2198,sheet_130.jpg,4,ok,5689,1774573968344.jpg,../outputs/rect_all\1774573968344.png,4d7ff649351d11a2,20260929
2199,sheet_130.jpg,5,ok,3631,1775525865548.jpg,../outputs/rect_all\1775525865548.png,e186134e36512131,20260929
2200,sheet_130.jpg,6,ok,2031,1776823228497.jpg,../outputs/rect_all\1776823228497.png,663fde23b85b710d,20260929
2201,sheet_130.jpg,7,ok,4288,1776137738112.jpg,../outputs/rect_all\1776137738112.png,4600393b6e7d3065,20260929
2202,sheet_130.jpg,8,ok,3649,1775525657371.jpg,../outputs/rect_all\1775525657371.png,a285750ec64eafea,20260929
2203,sheet_130.jpg,9,ok,548,1777507735817.jpg,../outputs/rect_all\1777507735817.png,315286f77917ddd3,20260929
2204,sheet_130.jpg,10,ok,983,1777263210374.jpg,../outputs/rect_all\1777263210374.png,53fe8cf0c7ec010c,20260929
2205,sheet_130.jpg,11,ok,481,1777510383359.jpg,../outputs/rect_all\1777510383359.png,64256be6e4e2c925,20260929
2206,sheet_130.jpg,12,ok,5718,1774576879255.jpg,../outputs/rect_all\1774576879255.png,add77ec1242e1505,20260929
2207,sheet_130.jpg,13,ok,4247,1776133186256.jpg,../outputs/rect_all\1776133186256.png,13e2bbfb07131c4d,20260929
2208,sheet_130.jpg,14,ok,6131,1773706460809.jpg,../outputs/rect_all\1773706460809.png,6cbf6e7a2c1b491f,20260929
2209,sheet_130.jpg,15,ok,1122,1778031025699.jpg,../outputs/rect_all\1778031025699.png,542e89ac421ba075,20260929
2210,sheet_130.jpg,16,ok,4190,1775870066154.jpg,../outputs/rect_all\1775870066154.png,ce7761191380a453,20260929
2211,sheet_131.jpg,0,ok,4043,1776304791216.jpg,../outputs/rect_all\1776304791216.png,d69e9208b45dc30f,20260929
2212,sheet_131.jpg,1,ok,4993,1775703299235.jpg,../outputs/rect_all\1775703299235.png,1db91454a228bfa9,20260929
2213,sheet_131.jpg,2,ok,1681,1776998158345.jpg,../outputs/rect_all\1776998158345.png,41df8c9ddeb108e9,20260929
2214,sheet_131.jpg,3,ok,6132,1773706491384.jpg,../outputs/rect_all\1773706491384.png,cdbe376e482f9dc3,20260929
2215,sheet_131.jpg,4,ok,7031,1774337374571.jpg,../outputs/rect_all\1774337374571.png,05bff96018287718,20260929
2216,sheet_131.jpg,5,ok,177,1777946141292.jpg,../outputs/rect_all\1777946141292.png,5b81dccc0eb45c6e,20260929
2217,sheet_131.jpg,6,ok,3372,1776219313784.jpg,../outputs/rect_all\1776219313784.png,d42495761893614c,20260929
2218,sheet_131.jpg,7,ok,1983,1776823737204.jpg,../outputs/rect_all\1776823737204.png,40fd808b01f72d5b,20260929
2219,sheet_131.jpg,8,ok,8012,1775888486690.jpg,../outputs/rect_all\1775888486690.png,6ecf553246f177a6,20260929
2220,sheet_131.jpg,9,ok,7224,1773706663365.jpg,../outputs/rect_all\1773706663365.png,6ef58b042107bb63,20260929
2221,sheet_131.jpg,10,ok,974,1777343109377.jpg,../outputs/rect_all\1777343109377.png,82f1d3ab3e2fa3a5,20260929
2222,sheet_131.jpg,11,ok,3240,1779153868136.jpg,../outputs/rect_all\1779153868136.png,c0797da7fbb39c64,20260929
2223,sheet_131.jpg,12,ok,4672,1776130305144.jpg,../outputs/rect_all\1776130305144.png,567ef23e0b6988f7,20260929
2224,sheet_131.jpg,13,ok,6012,1774594752049.jpg,../outputs/rect_all\1774594752049.png,968d437985db2179,20260929
2225,sheet_131.jpg,14,ok,3230,1776216011477.jpg,../outputs/rect_all\1776216011477.png,1a7e2899000f0a57,20260929
2226,sheet_131.jpg,15,ok,476,1777424718690.jpg,../outputs/rect_all\1777424718690.png,efbbe7eea95148d3,20260929
2227,sheet_131.jpg,16,ok,1078,1777342808270.jpg,../outputs/rect_all\1777342808270.png,c01e2df7df9ee191,20260929
2228,sheet_132.jpg,0,ok,5686,1774574727620.jpg,../outputs/rect_all\1774574727620.png,80faf2f181e68500,20260929
2229,sheet_132.jpg,1,ok,593,1778292102504.jpg,../outputs/rect_all\1778292102504.png,edf5cfc7dcfa3d0c,20260929
2230,sheet_132.jpg,2,ok,8061,1778889561394.jpg,../outputs/rect_all\1778889561394.png,23849abd06e3f53b,20260929
2231,sheet_132.jpg,3,ok,5983,1774591664514.jpg,../outputs/rect_all\1774591664514.png,57309bd02712ca80,20260929
2232,sheet_132.jpg,4,ok,3413,1776832928154.jpg,../outputs/rect_all\1776832928154.png,c2982d5a08849c83,20260929
2233,sheet_132.jpg,5,ok,5225,1778545926538.jpg,../outputs/rect_all\1778545926538.png,2876fb8fdd4844c5,20260929
2234,sheet_132.jpg,6,ok,646,1777599596759.jpg,../outputs/rect_all\1777599596759.png,cfbb07ef08851d18,20260929
2235,sheet_132.jpg,7,ok,4341,1776217563203.jpg,../outputs/rect_all\1776217563203.png,986a8864992a7cb7,20260929
2236,sheet_132.jpg,8,ok,3317,1779154367633.jpg,../outputs/rect_all\1779154367633.png,22c0a3183886713f,20260929
2237,sheet_132.jpg,9,ok,8180,1773890920280.jpg,../outputs/rect_all\1773890920280.png,4fd0d046c52b7dbd,20260929
2238,sheet_132.jpg,10,ok,3648,1775524816893.jpg,../outputs/rect_all\1775524816893.png,b1e758a3cc6c2d30,20260929
2239,sheet_132.jpg,11,ok,1955,1776991163228.jpg,../outputs/rect_all\1776991163228.png,1a1dede9ceb762b3,20260929
2240,sheet_132.jpg,12,ok,3057,1776216203834.jpg,../outputs/rect_all\1776216203834.png,1120e2e76bf980d9,20260929
2241,sheet_132.jpg,13,ok,4390,1776126991941.jpg,../outputs/rect_all\1776126991941.png,44da4713825cbd26,20260929
2242,sheet_132.jpg,14,ok,1005,1777254206639.jpg,../outputs/rect_all\1777254206639.png,1f86bf71b4f081c7,20260929
2243,sheet_132.jpg,15,ok,4633,1776305673726.jpg,../outputs/rect_all\1776305673726.png,7743e3c7a589d25b,20260929
2244,sheet_132.jpg,16,ok,6579,1773800850844.jpg,../outputs/rect_all\1773800850844.png,9afbc5581154c1c8,20260929
2245,sheet_133.jpg,0,ok,8165,1773881098365.jpg,../outputs/rect_all\1773881098365.png,a5e1dc40f3e90182,20260929
2246,sheet_133.jpg,1,ok,998,1777263167149.jpg,../outputs/rect_all\1777263167149.png,4a0c55987a2a5be9,20260929
2247,sheet_133.jpg,2,ok,7342,1778720875941.jpg,../outputs/rect_all\1778720875941.png,2646d2cbb2b2f8ad,20260929
2248,sheet_133.jpg,3,ok,6322,1774403048018.jpg,../outputs/rect_all\1774403048018.png,03414501a8cff363,20260929
2249,sheet_133.jpg,4,ok,10,1778295093966.jpg,../outputs/rect_all\1778295093966.png,2159e66426b9f5fe,20260929
2250,sheet_133.jpg,5,ok,4391,1776128323100.jpg,../outputs/rect_all\1776128323100.png,9fe36a93607e4b3e,20260929
2251,sheet_133.jpg,6,ok,3272,1776216121938.jpg,../outputs/rect_all\1776216121938.png,ef7e4313c90f4968,20260929
2252,sheet_133.jpg,7,ok,3262,1776301819968.jpg,../outputs/rect_all\1776301819968.png,f97886d880d2eefb,20260929
2253,sheet_133.jpg,8,ok,4553,1776299343887.jpg,../outputs/rect_all\1776299343887.png,138ba200832b0871,20260929
2254,sheet_133.jpg,9,ok,6656,1773725160004.jpg,../outputs/rect_all\1773725160004.png,98d883650620596a,20260929
2255,sheet_133.jpg,10,ok,7905,1775877161586.jpg,../outputs/rect_all\1775877161586.png,b589c68ab7a70883,20260929
2256,sheet_133.jpg,11,ok,2978,1776215167058.jpg,../outputs/rect_all\1776215167058.png,f7e7e62a561d26cb,20260929
2257,sheet_133.jpg,12,ok,2802,1776385787538.jpg,../outputs/rect_all\1776385787538.png,06982bc715e99c10,20260929
2258,sheet_133.jpg,13,ok,6410,1774050484883.jpg,../outputs/rect_all\1774050484883.png,c73839b19a1b87e1,20260929
2259,sheet_133.jpg,14,ok,2769,1776387513063.jpg,../outputs/rect_all\1776387513063.png,6762f88fcc8700f1,20260929
2260,sheet_133.jpg,15,ok,4,1778292459754.jpg,../outputs/rect_all\1778292459754.png,e0bf18f866f7f7c9,20260929
2261,sheet_133.jpg,16,ok,2112,1779092440339.jpg,../outputs/rect_all\1779092440339.png,fa79863d43257f1c,20260929
2262,sheet_134.jpg,0,ok,2160,1776396637813.jpg,../outputs/rect_all\1776396637813.png,80b8db242c2d73e9,20260929
2263,sheet_134.jpg,1,ok,7135,1773708331124.jpg,../outputs/rect_all\1773708331124.png,1c1ffa78ab482a11,20260929
2264,sheet_134.jpg,2,ok,2182,1776387870709.jpg,../outputs/rect_all\1776387870709.png,77d2046422545e09,20260929
2265,sheet_134.jpg,3,ok,6013,1774594765398.jpg,../outputs/rect_all\1774594765398.png,cf9fda67a555c8e8,20260929
2266,sheet_134.jpg,4,ok,467,1777454402856.jpg,../outputs/rect_all\1777454402856.png,e82b1c37ddbceebb,20260929
2267,sheet_134.jpg,5,ok,315,1777262177186.jpg,../outputs/rect_all\1777262177186.png,2bb6b5cc56cd9d4d,20260929
2268,sheet_134.jpg,6,ok,4556,1776301642394.jpg,../outputs/rect_all\1776301642394.png,3a2d204929267b87,20260929
2269,sheet_134.jpg,7,ok,5102,1773797249713.jpg,../outputs/rect_all\1773797249713.png,ac6e4b3bb0f73590,20260929
2270,sheet_134.jpg,8,ok,6333,1774492372165.jpg,../outputs/rect_all\1774492372165.png,70c9045f51ed6991,20260929
2271,sheet_134.jpg,9,ok,3291,1776219724244.jpg,../outputs/rect_all\1776219724244.png,a2c699e75bd4fa3b,20260929
2272,sheet_134.jpg,10,ok,3416,1776833250600.jpg,../outputs/rect_all\1776833250600.png,4ce3ca20e3f0d392,20260929
2273,sheet_134.jpg,11,ok,437,1777454515750.jpg,../outputs/rect_all\1777454515750.png,1cc3055224ecdf13,20260929
2274,sheet_134.jpg,12,ok,4251,1776134168761.jpg,../outputs/rect_all\1776134168761.png,1413ee824d51d4d8,20260929
2275,sheet_134.jpg,13,ok,7207,1773705522097.jpg,../outputs/rect_all\1773705522097.png,febd3de992dd6414,20260929
2276,sheet_134.jpg,14,ok,6765,1775526169401.jpg,../outputs/rect_all\1775526169401.png,0bb3d9f144b88928,20260929
2277,sheet_134.jpg,15,ok,4538,1776302962483.jpg,../outputs/rect_all\1776302962483.png,90eb77af704428be,20260929
2278,sheet_134.jpg,16,ok,6921,1775609071215.jpg,../outputs/rect_all\1775609071215.png,7e49ea2ced16aab3,20260929
2279,sheet_135.jpg,0,ok,4815,1775871041357.jpg,../outputs/rect_all\1775871041357.png,42dee0275aa7d043,20260929
2280,sheet_135.jpg,1,ok,2154,1776469667290.jpg,../outputs/rect_all\1776469667290.png,900275317eac692c,20260929
2281,sheet_135.jpg,2,ok,3054,1776215910782.jpg,../outputs/rect_all\1776215910782.png,dc90d7fa9f8a69ee,20260929
2282,sheet_135.jpg,3,ok,3633,1775524574262.jpg,../outputs/rect_all\1775524574262.png,6eafde9b35390b50,20260929
2283,sheet_135.jpg,4,ok,976,1777253708221.jpg,../outputs/rect_all\1777253708221.png,76674fb545b814ee,20260929
2284,sheet_135.jpg,5,ok,7032,1774337396057.jpg,../outputs/rect_all\1774337396057.png,c91383badb8b2513,20260929
2285,sheet_135.jpg,6,ok,1356,1778207180842.jpg,../outputs/rect_all\1778207180842.png,5814cbe875da2b54,20260929
2286,sheet_135.jpg,7,ok,6384,1774403753073.jpg,../outputs/rect_all\1774403753073.png,3b9ed9b5e36de355,20260929
2287,sheet_135.jpg,8,ok,3741,1775786541035.jpg,../outputs/rect_all\1775786541035.png,aecf3c0e9ee543d4,20260929
2288,sheet_135.jpg,9,ok,2022,1776911544844.jpg,../outputs/rect_all\1776911544844.png,57fe2c309e76eca2,20260929
2289,sheet_135.jpg,10,ok,1333,1778204440934.jpg,../outputs/rect_all\1778204440934.png,f9d43178ab25700a,20260929
2290,sheet_135.jpg,11,ok,3321,1776217820777.jpg,../outputs/rect_all\1776217820777.png,4d54947d17cab2d1,20260929
2291,sheet_135.jpg,12,ok,7401,1774063287561.jpg,../outputs/rect_all\1774063287561.png,6b8cbd780977cc87,20260929
2292,sheet_135.jpg,13,ok,2553,1776736594498.jpg,../outputs/rect_all\1776736594498.png,5337e995503d50c0,20260929
2293,sheet_135.jpg,14,ok,1015,1777255770311.jpg,../outputs/rect_all\1777255770311.png,a2a63845ca188579,20260929
2294,sheet_135.jpg,15,ok,1140,1778030359829.jpg,../outputs/rect_all\1778030359829.png,dd31bd034a9e4753,20260929
2295,sheet_135.jpg,16,ok,7911,1775887608022.jpg,../outputs/rect_all\1775887608022.png,30581bc5153e8b01,20260929
2296,sheet_136.jpg,0,ok,7830,1773882058790.jpg,../outputs/rect_all\1773882058790.png,fce6e4eb9fd18ce0,20260929
2297,sheet_136.jpg,1,ok,2556,1776751310754.jpg,../outputs/rect_all\1776751310754.png,d6fbc07e36fd05b2,20260929
2298,sheet_136.jpg,2,ok,8251,1773882436259.jpg,../outputs/rect_all\1773882436259.png,d9fef39f77056ed5,20260929
2299,sheet_136.jpg,3,ok,2001,1776824362051.jpg,../outputs/rect_all\1776824362051.png,0da93fb7633b3b27,20260929
2300,sheet_136.jpg,4,ok,6773,1778816021963.jpg,../outputs/rect_all\1778816021963.png,dc1939c73095e2af,20260929
2301,sheet_136.jpg,5,ok,4383,1776216095271.jpg,../outputs/rect_all\1776216095271.png,46dcc2039150ac48,20260929
2302,sheet_136.jpg,6,ok,3850,1775789602425.jpg,../outputs/rect_all\1775789602425.png,72e1df8f55661fd9,20260929
2303,sheet_136.jpg,7,ok,3558,1775528890234.jpg,../outputs/rect_all\1775528890234.png,e2f7d3ebf54ca8bd,20260929
2304,sheet_136.jpg,8,ok,6582,1773801975404.jpg,../outputs/rect_all\1773801975404.png,a2a1c0330d75a89f,20260929
2305,sheet_136.jpg,9,ok,3732,1775786396272.jpg,../outputs/rect_all\1775786396272.png,31767aa0f0420273,20260929
2306,sheet_136.jpg,10,ok,3652,1775526629456.jpg,../outputs/rect_all\1775526629456.png,273f03ea6aeb8f6a,20260929
2307,sheet_136.jpg,11,ok,5762,1774406353222.jpg,../outputs/rect_all\1774406353222.png,1c9c8786d9a3c712,20260929
2308,sheet_136.jpg,12,ok,722,1777859904494.jpg,../outputs/rect_all\1777859904494.png,9b499d8b28a12e19,20260929
2309,sheet_136.jpg,13,ok,7087,1774055554297.jpg,../outputs/rect_all\1774055554297.png,7352b7e87affec6c,20260929
2310,sheet_136.jpg,14,ok,701,1777688266594.jpg,../outputs/rect_all\1777688266594.png,257415b87f791936,20260929
2311,sheet_136.jpg,15,ok,6001,1774582891984.jpg,../outputs/rect_all\1774582891984.png,4f3b22a795a968bf,20260929
2312,sheet_136.jpg,16,ok,280,1777945433265.jpg,../outputs/rect_all\1777945433265.png,a2b93e15032e7917,20260929
2313,sheet_137.jpg,0,ok,1698,1776735681849.jpg,../outputs/rect_all\1776735681849.png,62781de1f6641fa6,20260929
2314,sheet_137.jpg,1,ok,3701,1775789987683.jpg,../outputs/rect_all\1775789987683.png,2f51fe63f8f4a596,20260929
2315,sheet_137.jpg,2,ok,6916,1775526051736.jpg,../outputs/rect_all\1775526051736.png,fba86b95b2924702,20260929
2316,sheet_137.jpg,3,ok,6252,1774404613763.jpg,../outputs/rect_all\1774404613763.png,dfa2d37056242fc7,20260929
2317,sheet_137.jpg,4,ok,7255,1774573770276.jpg,../outputs/rect_all\1774573770276.png,2be585e3f1321d32,20260929
2318,sheet_137.jpg,5,ok,1252,1777254967416.jpg,../outputs/rect_all\1777254967416.png,6effe6fee616bfb7,20260929
2319,sheet_137.jpg,6,ok,3877,1775787741869.jpg,../outputs/rect_all\1775787741869.png,f338a6f4bd23272c,20260929
2320,sheet_137.jpg,7,ok,7109,1773804768320.jpg,../outputs/rect_all\1773804768320.png,76a627de33ff7524,20260929
2321,sheet_137.jpg,8,ok,5700,1774576035784.jpg,../outputs/rect_all\1774576035784.png,a6ecafa57e310d86,20260929
2322,sheet_137.jpg,9,ok,3286,1779154968971.jpg,../outputs/rect_all\1779154968971.png,a1ec717173dad9ff,20260929
2323,sheet_137.jpg,10,ok,1257,1777344613399.jpg,../outputs/rect_all\1777344613399.png,b7eec4c9908bb41d,20260929
2324,sheet_137.jpg,11,ok,3388,1776910155165.jpg,../outputs/rect_all\1776910155165.png,de485e9bc0f24dae,20260929
2325,sheet_137.jpg,12,ok,4694,1776216282672.jpg,../outputs/rect_all\1776216282672.png,26b804cbc02cb213,20260929
2326,sheet_137.jpg,13,ok,6662,1773801323406.jpg,../outputs/rect_all\1773801323406.png,2435bea963ee8eff,20260929
2327,sheet_137.jpg,14,ok,7365,1774317578843.jpg,../outputs/rect_all\1774317578843.png,b5ee9d7b9f248701,20260929
2328,sheet_137.jpg,15,ok,445,1777424230988.jpg,../outputs/rect_all\1777424230988.png,db5c3b4d9d6ce06a,20260929
2329,sheet_137.jpg,16,ok,2333,1776471490691.jpg,../outputs/rect_all\1776471490691.png,e4f5db36d7dc093b,20260929
2330,sheet_138.jpg,0,ok,6664,1775524465278.jpg,../outputs/rect_all\1775524465278.png,b8b072747769b53b,20260929
2331,sheet_138.jpg,1,ok,8299,1775703838031.jpg,../outputs/rect_all\1775703838031.png,5e73111aa3ee0f65,20260929
2332,sheet_138.jpg,2,ok,7276,1774572836914.jpg,../outputs/rect_all\1774572836914.png,afa2933f33ec54ee,20260929
2333,sheet_138.jpg,3,ok,7188,1773714933423.jpg,../outputs/rect_all\1773714933423.png,a7ce8b1712021ac9,20260929
2334,sheet_138.jpg,4,ok,127,1778211310949.jpg,../outputs/rect_all\1778211310949.png,75e4ccb72810425f,20260929
2335,sheet_138.jpg,5,ok,2609,1776217805735.jpg,../outputs/rect_all\1776217805735.png,51a8517af3e99f31,20260929
2336,sheet_138.jpg,6,ok,2749,1776472389813.jpg,../outputs/rect_all\1776472389813.png,856885921a5fe33e,20260929
2337,sheet_138.jpg,7,ok,7281,1774573095788.jpg,../outputs/rect_all\1774573095788.png,ed759ee0e71a72d8,20260929
2338,sheet_138.jpg,8,ok,7088,1774055613313.jpg,../outputs/rect_all\1774055613313.png,6c775d2e4878d730,20260929
2339,sheet_138.jpg,9,ok,2152,1776388296692.jpg,../outputs/rect_all\1776388296692.png,c6d250b7fffafa1e,20260929
2340,sheet_138.jpg,10,ok,1342,1778210117824.jpg,../outputs/rect_all\1778210117824.png,719ee38d38cd12f0,20260929
2341,sheet_138.jpg,11,ok,1699,1776735697495.jpg,../outputs/rect_all\1776735697495.png,b6d4dba744b150e6,20260929
2342,sheet_138.jpg,12,ok,7103,1778552205297.jpg,../outputs/rect_all\1778552205297.png,128b9d761cac4c96,20260929
2343,sheet_138.jpg,13,ok,2217,1776396755434.jpg,../outputs/rect_all\1776396755434.png,6ee3f84cd983da82,20260929
2344,sheet_138.jpg,14,ok,6000,1774594824900.jpg,../outputs/rect_all\1774594824900.png,8eeeea9cc9b42191,20260929
2345,sheet_138.jpg,15,ok,3419,1779245999207.jpg,../outputs/rect_all\1779245999207.png,ad094a7466cc0bec,20260929
2346,sheet_138.jpg,16,ok,4275,1776132054677.jpg,../outputs/rect_all\1776132054677.png,d338c273b04f6628,20260929
2347,sheet_139.jpg,0,ok,1165,1778031811024.jpg,../outputs/rect_all\1778031811024.png,66b4d883464ddafe,20260929
2348,sheet_139.jpg,1,ok,7539,1774060414624.jpg,../outputs/rect_all\1774060414624.png,2901a925a9c53dcb,20260929
2349,sheet_139.jpg,2,ok,4149,1775871356176.jpg,../outputs/rect_all\1775871356176.png,2eedf490a6ac47a6,20260929
2350,sheet_139.jpg,3,ok,433,1777422059546.jpg,../outputs/rect_all\1777422059546.png,c2ad64b910674909,20260929
2351,sheet_139.jpg,4,ok,5223,1778545890817.jpg,../outputs/rect_all\1778545890817.png,e0bfd889b2fe2477,20260929
2352,sheet_139.jpg,5,ok,5065,1775710686031.jpg,../outputs/rect_all\1775710686031.png,93f08799e8d52046,20260929
2353,sheet_139.jpg,6,ok,3800,1776477581842.jpg,../outputs/rect_all\1776477581842.png,c3a15e5726c88ca0,20260929
2354,sheet_139.jpg,7,ok,4125,1776048266544.jpg,../outputs/rect_all\1776048266544.png,267d86e28edb7c84,20260929
2355,sheet_139.jpg,8,ok,206,1777600635185.jpg,../outputs/rect_all\1777600635185.png,0925ae1fcced7baf,20260929
2356,sheet_139.jpg,9,ok,6558,1773808866743.jpg,../outputs/rect_all\1773808866743.png,4cbf0c3a7fe43d9b,20260929
2357,sheet_139.jpg,10,ok,3621,1775528451192.jpg,../outputs/rect_all\1775528451192.png,0887cdb9b161902a,20260929
2358,sheet_139.jpg,11,ok,5098,1778639563834.jpg,../outputs/rect_all\1778639563834.png,5e11b9899d4748b9,20260929
2359,sheet_139.jpg,12,ok,5757,1774406407918.jpg,../outputs/rect_all\1774406407918.png,f2c5fa9f4bbe1f5d,20260929
2360,sheet_139.jpg,13,ok,7346,1774577225423.jpg,../outputs/rect_all\1774577225423.png,f8903c944b949f2b,20260929
2361,sheet_139.jpg,14,ok,8195,1773972773279.jpg,../outputs/rect_all\1773972773279.png,7c26361871bf9d72,20260929
2362,sheet_139.jpg,15,ok,4659,1776129889758.jpg,../outputs/rect_all\1776129889758.png,f7f3e56bbfd04cb6,20260929
2363,sheet_139.jpg,16,ok,8199,1773971120825.jpg,../outputs/rect_all\1773971120825.png,65152e3597b6432b,20260929
2364,sheet_140.jpg,0,ok,3288,1776218784269.jpg,../outputs/rect_all\1776218784269.png,31b0908ee3b0444f,20260929
2365,sheet_140.jpg,1,ok,1995,1779089298810.jpg,../outputs/rect_all\1779089298810.png,5dbd5615ddb19356,20260929
2366,sheet_140.jpg,2,ok,7834,1773885455691.jpg,../outputs/rect_all\1773885455691.png,58866cb2cf9fd68c,20260929
2367,sheet_140.jpg,3,ok,8224,1773972436575.jpg,../outputs/rect_all\1773972436575.png,0ce2c397a764c0e5,20260929
2368,sheet_140.jpg,4,ok,7933,1776052295423.jpg,../outputs/rect_all\1776052295423.png,e307dcaaf1e0e93f,20260929
2369,sheet_140.jpg,5,ok,4848,1775870913436.jpg,../outputs/rect_all\1775870913436.png,6691925158bea903,20260929
2370,sheet_140.jpg,6,ok,1076,1777263255667.jpg,../outputs/rect_all\1777263255667.png,63111ffdc06fe71f,20260929
2371,sheet_140.jpg,7,ok,7872,1773885786647.jpg,../outputs/rect_all\1773885786647.png,4046f02bd01b4030,20260929
2372,sheet_140.jpg,8,ok,4539,1776302869527.jpg,../outputs/rect_all\1776302869527.png,a1c03de8727b366f,20260929
2373,sheet_140.jpg,9,ok,6540,1773799341548.jpg,../outputs/rect_all\1773799341548.png,5eaaaff69e10d099,20260929
2374,sheet_140.jpg,10,ok,3802,1778899422769.jpg,../outputs/rect_all\1778899422769.png,700497e7d85b7ec6,20260929
2375,sheet_140.jpg,11,ok,1214,1777339245174.jpg,../outputs/rect_all\1777339245174.png,2931765578118677,20260929
2376,sheet_140.jpg,12,ok,8255,1773882790984.jpg,../outputs/rect_all\1773882790984.png,305d0c7ae7ce5f72,20260929
2377,sheet_140.jpg,13,ok,8247,1773889390440.jpg,../outputs/rect_all\1773889390440.png,1fdeecc36095b372,20260929
2378,sheet_140.jpg,14,ok,5003,1775710519506.jpg,../outputs/rect_all\1775710519506.png,7653de7c96b0ff0f,20260929
2379,sheet_140.jpg,15,ok,7554,1774062546841.jpg,../outputs/rect_all\1774062546841.png,c7c5a6939304f057,20260929
2380,sheet_140.jpg,16,ok,2221,1776398704883.jpg,../outputs/rect_all\1776398704883.png,ad156b318bb35e26,20260929
2381,sheet_141.jpg,0,ok,1237,1777340503047.jpg,../outputs/rect_all\1777340503047.png,e9b20f56e2f2223a,20260929
2382,sheet_141.jpg,1,ok,4918,1775529748230.jpg,../outputs/rect_all\1775529748230.png,75a6e5423aebce97,20260929
2383,sheet_141.jpg,2,ok,1371,1778205321452.jpg,../outputs/rect_all\1778205321452.png,ff907771f433a8a1,20260929
2384,sheet_141.jpg,3,ok,3540,1775526188689.jpg,../outputs/rect_all\1775526188689.png,69e4a034a21eff8e,20260929
2385,sheet_141.jpg,4,ok,6924,1775524522829.jpg,../outputs/rect_all\1775524522829.png,4529c6350785d88b,20260929
2386,sheet_141.jpg,5,ok,128,1778124662247.jpg,../outputs/rect_all\1778124662247.png,424e0593fd9ec293,20260929
2387,sheet_141.jpg,6,ok,6337,1774406260800.jpg,../outputs/rect_all\1774406260800.png,c09a6f3a4f8e08d4,20260929
2388,sheet_141.jpg,7,ok,4071,1776307832214.jpg,../outputs/rect_all\1776307832214.png,cbf3c4528a3d9499,20260929
2389,sheet_141.jpg,8,ok,8183,1773890337359.jpg,../outputs/rect_all\1773890337359.png,29c6b6a358e56ed8,20260929
2390,sheet_141.jpg,9,ok,960,1777344327009.jpg,../outputs/rect_all\1777344327009.png,2d26b971ecf6ef80,20260929
2391,sheet_141.jpg,10,ok,509,1777455134046.jpg,../outputs/rect_all\1777455134046.png,bc264f64329ead80,20260929
2392,sheet_141.jpg,11,ok,8192,1773886543585.jpg,../outputs/rect_all\1773886543585.png,905b13c26795118f,20260929
2393,sheet_141.jpg,12,ok,4967,1775533330579.jpg,../outputs/rect_all\1775533330579.png,6b1141d3adb0d2dc,20260929
2394,sheet_141.jpg,13,ok,4191,1775870084481.jpg,../outputs/rect_all\1775870084481.png,e237bd8ebc180b47,20260929
2395,sheet_141.jpg,14,ok,4285,1776137227945.jpg,../outputs/rect_all\1776137227945.png,9ce519e27fbfe372,20260929
2396,sheet_141.jpg,15,ok,6672,1775524705333.jpg,../outputs/rect_all\1775524705333.png,c5c450be670baf7c,20260929
2397,sheet_141.jpg,16,ok,6593,1773798434604.jpg,../outputs/rect_all\1773798434604.png,77d64736578fdee5,20260929
2398,sheet_142.jpg,0,ok,5994,1774582537882.jpg,../outputs/rect_all\1774582537882.png,3c6c328692b3422d,20260929
2399,sheet_142.jpg,1,ok,8326,1775781254075.jpg,../outputs/rect_all\1775781254075.png,813ea6102a06e3c7,20260929
2400,sheet_142.jpg,2,ok,3269,1776215791243.jpg,../outputs/rect_all\1776215791243.png,901d9ab0baa3020f,20260929
2401,sheet_142.jpg,3,ok,1585,1779066864994.jpg,../outputs/rect_all\1779066864994.png,cebac2fd628dfe9d,20260929
2402,sheet_142.jpg,4,ok,8222,1773883365265.jpg,../outputs/rect_all\1773883365265.png,0e116f9c6139d77d,20260929
2403,sheet_142.jpg,5,ok,7435,1774319515727.jpg,../outputs/rect_all\1774319515727.png,0617f41c47cce300,20260929
2404,sheet_142.jpg,6,ok,1573,1777080978454.jpg,../outputs/rect_all\1777080978454.png,d504e86888bb3f36,20260929
2405,sheet_142.jpg,7,ok,3950,1775786000490.jpg,../outputs/rect_all\1775786000490.png,f7b91c0748f78f5f,20260929
2406,sheet_142.jpg,8,ok,4975,1775529798152.jpg,../outputs/rect_all\1775529798152.png,26e9bf662b2cfedd,20260929
2407,sheet_142.jpg,9,ok,8303,1775783591517.jpg,../outputs/rect_all\1775783591517.png,0388262ae63d3ac1,20260929
2408,sheet_142.jpg,10,ok,486,1777424524914.jpg,../outputs/rect_all\1777424524914.png,4aa47a113534ba38,20260929
2409,sheet_142.jpg,11,ok,2755,1776387852847.jpg,../outputs/rect_all\1776387852847.png,44fc971db13f623e,20260929
2410,sheet_142.jpg,12,ok,5873,1774406422950.jpg,../outputs/rect_all\1774406422950.png,e2f6c80774006958,20260929
2411,sheet_142.jpg,13,ok,8331,1775703272521.jpg,../outputs/rect_all\1775703272521.png,d6159ee8f0a3a570,20260929
2412,sheet_142.jpg,14,ok,4890,1775873058971.jpg,../outputs/rect_all\1775873058971.png,8b6e67f944414c97,20260929
2413,sheet_142.jpg,15,ok,6381,1774406613325.jpg,../outputs/rect_all\1774406613325.png,f961429ee2338bab,20260929
2414,sheet_142.jpg,16,ok,2465,1776996989605.jpg,../outputs/rect_all\1776996989605.png,8571e3b281a83d5d,20260929
2415,sheet_143.jpg,0,ok,6795,1775526217098.jpg,../outputs/rect_all\1775526217098.png,282e0ac8260c2649,20260929
2416,sheet_143.jpg,1,ok,1857,1776989681604.jpg,../outputs/rect_all\1776989681604.png,5112882f1c0859f4,20260929
2417,sheet_143.jpg,2,ok,4915,1775525375875.jpg,../outputs/rect_all\1775525375875.png,66f4f99aa6e80abc,20260929
2418,sheet_143.jpg,3,ok,5886,1774490255796.jpg,../outputs/rect_all\1774490255796.png,51ae0a3abad73630,20260929
2419,sheet_143.jpg,4,ok,5950,1774406037795.jpg,../outputs/rect_all\1774406037795.png,37389053f510e762,20260929
2420,sheet_143.jpg,5,ok,7405,1774317200402.jpg,../outputs/rect_all\1774317200402.png,9dacfbac96ab3a9d,20260929
2421,sheet_143.jpg,6,ok,2761,1776388115442.jpg,../outputs/rect_all\1776388115442.png,0242fae098736c60,20260929
2422,sheet_143.jpg,7,ok,4973,1775529344173.jpg,../outputs/rect_all\1775529344173.png,14a6ac1fca28cb34,20260929
2423,sheet_143.jpg,8,ok,2977,1776215150230.jpg,../outputs/rect_all\1776215150230.png,6544e81d7693372e,20260929
2424,sheet_143.jpg,9,ok,5901,1774487815281.jpg,../outputs/rect_all\1774487815281.png,8084d0f244a7db85,20260929
2425,sheet_143.jpg,10,ok,8280,1775705201202.jpg,../outputs/rect_all\1775705201202.png,b3e3c3218e441519,20260929
2426,sheet_143.jpg,11,ok,2346,1776390876226.jpg,../outputs/rect_all\1776390876226.png,2e09133095b90cdb,20260929
2427,sheet_143.jpg,12,ok,1120,1778030612553.jpg,../outputs/rect_all\1778030612553.png,f8c99913729477d4,20260929
2428,sheet_143.jpg,13,ok,7022,1774056030755.jpg,../outputs/rect_all\1774056030755.png,ac7b529e279b6d63,20260929
2429,sheet_143.jpg,14,ok,3261,1776217077510.jpg,../outputs/rect_all\1776217077510.png,af49fc4eff790359,20260929
2430,sheet_143.jpg,15,ok,1952,1776994898809.jpg,../outputs/rect_all\1776994898809.png,fbfaf6565f60412b,20260929
2431,sheet_143.jpg,16,ok,7157,1773797951516.jpg,../outputs/rect_all\1773797951516.png,9a0cca7a40f3d7fd,20260929
2432,sheet_144.jpg,0,ok,8258,1773973332390.jpg,../outputs/rect_all\1773973332390.png,b87090d4e102c6c7,20260929
2433,sheet_144.jpg,1,ok,1953,1776994915614.jpg,../outputs/rect_all\1776994915614.png,8b9a9cb6104c86e3,20260929
2434,sheet_144.jpg,2,ok,1807,1779241763206.jpg,../outputs/rect_all\1779241763206.png,5c1394ed78185da4,20260929
2435,sheet_144.jpg,3,ok,810,1777424355486.jpg,../outputs/rect_all\1777424355486.png,61e80c647ba7560f,20260929
2436,sheet_144.jpg,4,ok,6632,1773796586851.jpg,../outputs/rect_all\1773796586851.png,9ec6981e6e5ac531,20260929
2437,sheet_144.jpg,5,ok,7216,1773710545267.jpg,../outputs/rect_all\1773710545267.png,089a8e52880e56c5,20260929
2438,sheet_144.jpg,6,ok,2745,1776470135884.jpg,../outputs/rect_all\1776470135884.png,95e7b769dedf390f,20260929
2439,sheet_144.jpg,7,ok,1271,1777343970188.jpg,../outputs/rect_all\1777343970188.png,366f160efba6efa1,20260929
2440,sheet_144.jpg,8,ok,2875,1776649965903.jpg,../outputs/rect_all\1776649965903.png,8289fe36e268761c,20260929
2441,sheet_144.jpg,9,ok,1679,1776998134366.jpg,../outputs/rect_all\1776998134366.png,4304a64f008484b2,20260929
2442,sheet_144.jpg,10,ok,3854,1775699889741.jpg,../outputs/rect_all\1775699889741.png,683d6b0904764b5c,20260929
2443,sheet_144.jpg,11,ok,1945,1776995148674.jpg,../outputs/rect_all\1776995148674.png,57a5edbba98b492f,20260929
2444,sheet_144.jpg,12,ok,4467,1776131066272.jpg,../outputs/rect_all\1776131066272.png,6b71a06c08cf6bf1,20260929
2445,sheet_144.jpg,13,ok,4688,1776129530070.jpg,../outputs/rect_all\1776129530070.png,2e4de70f238c23ac,20260929
2446,sheet_144.jpg,14,ok,7153,1778552161696.jpg,../outputs/rect_all\1778552161696.png,32e50f3dfd75ae3a,20260929
2447,sheet_144.jpg,15,ok,8283,1775700540290.jpg,../outputs/rect_all\1775700540290.png,ebcc6162b54db39d,20260929
2448,sheet_144.jpg,16,ok,2210,1776387300158.jpg,../outputs/rect_all\1776387300158.png,c87888039d0b5b0e,20260929
2449,sheet_145.jpg,0,ok,4113,1776308713133.jpg,../outputs/rect_all\1776308713133.png,64161129033bfc2b,20260929
2450,sheet_145.jpg,1,ok,1007,1777253515953.jpg,../outputs/rect_all\1777253515953.png,2ffee3c4b8069df3,20260929
2451,sheet_145.jpg,2,ok,449,1777422723168.jpg,../outputs/rect_all\1777422723168.png,638c1b1333453996,20260929
2452,sheet_145.jpg,3,ok,2993,1776215231269.jpg,../outputs/rect_all\1776215231269.png,394b7c56139b13c3,20260929
2453,sheet_145.jpg,4,ok,5780,1774411452323.jpg,../outputs/rect_all\1774411452323.png,0d618663e47257c4,20260929
2454,sheet_145.jpg,5,ok,4384,1776216117081.jpg,../outputs/rect_all\1776216117081.png,a6d836d771a9c798,20260929
2455,sheet_145.jpg,6,ok,3668,1775527263714.jpg,../outputs/rect_all\1775527263714.png,a9be0fdaf61a2bd1,20260929
2456,sheet_145.jpg,7,ok,7166,1773710244299.jpg,../outputs/rect_all\1773710244299.png,f530a5be2e780db7,20260929
2457,sheet_145.jpg,8,ok,7707,1776472507458.jpg,../outputs/rect_all\1776472507458.png,a2503f711aa05fc7,20260929
2458,sheet_145.jpg,9,ok,1445,1777425508077.jpg,../outputs/rect_all\1777425508077.png,467e3dc0fd47e769,20260929
2459,sheet_145.jpg,10,ok,7403,1774317768238.jpg,../outputs/rect_all\1774317768238.png,bd2543ed7ee81be7,20260929
2460,sheet_145.jpg,11,ok,2279,1776389325569.jpg,../outputs/rect_all\1776389325569.png,d588b6626cfde7c8,20260929
2461,sheet_145.jpg,12,ok,5790,1774409496787.jpg,../outputs/rect_all\1774409496787.png,914b8550b348c145,20260929
2462,sheet_145.jpg,13,ok,3716,1775697844019.jpg,../outputs/rect_all\1775697844019.png,ab3d1e020745330a,20260929
2463,sheet_145.jpg,14,ok,6673,1775525178714.jpg,../outputs/rect_all\1775525178714.png,2afcdad0d0726a7c,20260929
2464,sheet_145.jpg,15,ok,182,1777688576107.jpg,../outputs/rect_all\1777688576107.png,77bc0e38d0e96d0f,20260929
2465,sheet_145.jpg,16,ok,4547,1776302523535.jpg,../outputs/rect_all\1776302523535.png,286c694b93596d4a,20260929
2466,sheet_146.jpg,0,ok,3965,1775703009222.jpg,../outputs/rect_all\1775703009222.png,fcb5e47bef2a0700,20260929
2467,sheet_146.jpg,1,ok,962,1777344348597.jpg,../outputs/rect_all\1777344348597.png,6e0d85feb54752b0,20260929
2468,sheet_146.jpg,2,ok,8187,1773889959684.jpg,../outputs/rect_all\1773889959684.png,af460d5912329920,20260929
2469,sheet_146.jpg,3,ok,2040,1779091022493.jpg,../outputs/rect_all\1779091022493.png,b205c2538777d685,20260929
2470,sheet_146.jpg,4,ok,4141,1775870485100.jpg,../outputs/rect_all\1775870485100.png,9e3df0c99ec54776,20260929
2471,sheet_146.jpg,5,ok,7072,1774318750484.jpg,../outputs/rect_all\1774318750484.png,7fd33ef46ffec198,20260929
2472,sheet_146.jpg,6,ok,6295,1774492847120.jpg,../outputs/rect_all\1774492847120.png,4d76cd70b5ad2c20,20260929
2473,sheet_146.jpg,7,ok,692,1777597199258.jpg,../outputs/rect_all\1777597199258.png,38ad73d38bb66dc3,20260929
2474,sheet_146.jpg,8,ok,7069,1774056643631.jpg,../outputs/rect_all\1774056643631.png,74583dea929d60dd,20260929
2475,sheet_146.jpg,9,ok,4258,1776215576956.jpg,../outputs/rect_all\1776215576956.png,3cafcb114cdb8a0c,20260929
2476,sheet_146.jpg,10,ok,4192,1775870100565.jpg,../outputs/rect_all\1775870100565.png,e6eae47d1f322ca2,20260929
2477,sheet_146.jpg,11,ok,7883,1775888188412.jpg,../outputs/rect_all\1775888188412.png,3bbdd038c70522a0,20260929
2478,sheet_146.jpg,12,ok,8164,1773976403280.jpg,../outputs/rect_all\1773976403280.png,8748b381d6d6325d,20260929
2479,sheet_146.jpg,13,ok,829,1778033767929.jpg,../outputs/rect_all\1778033767929.png,420f407642c5f363,20260929
2480,sheet_146.jpg,14,ok,3756,1775791084430.jpg,../outputs/rect_all\1775791084430.png,78eb4c1df014c807,20260929
2481,sheet_146.jpg,15,ok,8202,1773971754654.jpg,../outputs/rect_all\1773971754654.png,5f63d4871c498779,20260929
2482,sheet_146.jpg,16,ok,3426,1776911060624.jpg,../outputs/rect_all\1776911060624.png,0ee7ffea18c74f37,20260929
2483,sheet_147.jpg,0,ok,7738,1776476108032.jpg,../outputs/rect_all\1776476108032.png,824076ed4d6ac148,20260929
2484,sheet_147.jpg,1,ok,2211,1779162318591.jpg,../outputs/rect_all\1779162318591.png,78995904feb6f3fe,20260929
2485,sheet_147.jpg,2,ok,1347,1778210344354.jpg,../outputs/rect_all\1778210344354.png,7da05ca992fd898d,20260929
2486,sheet_147.jpg,3,ok,4798,1776305563752.jpg,../outputs/rect_all\1776305563752.png,9047d6adff998e5a,20260929
2487,sheet_147.jpg,4,ok,5101,1773712862861.jpg,../outputs/rect_all\1773712862861.png,5ae95d1f1d683edb,20260929
2488,sheet_147.jpg,5,ok,7376,1774060947871.jpg,../outputs/rect_all\1774060947871.png,3ad5961488979294,20260929
2489,sheet_147.jpg,6,ok,1666,1776999485220.jpg,../outputs/rect_all\1776999485220.png,e27d4c2d9ae9fe22,20260929
2490,sheet_147.jpg,7,ok,6598,1773798508775.jpg,../outputs/rect_all\1773798508775.png,3a55a0a41f6c8ca5,20260929
2491,sheet_147.jpg,8,ok,176,1777600238997.jpg,../outputs/rect_all\1777600238997.png,b68044c46e6415c6,20260929
2492,sheet_147.jpg,9,ok,7345,1774578964675.jpg,../outputs/rect_all\1774578964675.png,c6efa36fd4143b47,20260929
2493,sheet_147.jpg,10,ok,8176,1773970688600.jpg,../outputs/rect_all\1773970688600.png,5ce589ffa850c78a,20260929
2494,sheet_147.jpg,11,ok,8191,1773886519819.jpg,../outputs/rect_all\1773886519819.png,a64b1c45f98254ab,20260929
2495,sheet_147.jpg,12,ok,5825,1774491817861.jpg,../outputs/rect_all\1774491817861.png,4006cb0f4cad942e,20260929
2496,sheet_147.jpg,13,ok,6599,1773798544156.jpg,../outputs/rect_all\1773798544156.png,4ac38c478ff128c1,20260929
2497,sheet_147.jpg,14,ok,4466,1776131022828.jpg,../outputs/rect_all\1776131022828.png,e4f99d58b9150c5e,20260929
2498,sheet_147.jpg,15,ok,6654,1773720413870.jpg,../outputs/rect_all\1773720413870.png,b9a9abf396a6ebff,20260929
2499,sheet_147.jpg,16,ok,4360,1776135845255.jpg,../outputs/rect_all\1776135845255.png,3a7c83ef1d4ba0f9,20260929
2500,sheet_148.jpg,0,ok,5679,1774575268862.jpg,../outputs/rect_all\1774575268862.png,63ae1576b5a8cbbd,20260929
2501,sheet_148.jpg,1,ok,727,1777596068395.jpg,../outputs/rect_all\1777596068395.png,68b7815040e66d01,20260929
2502,sheet_148.jpg,2,ok,6275,1774405198665.jpg,../outputs/rect_all\1774405198665.png,7223b3c7fff1b2e6,20260929
2503,sheet_148.jpg,3,ok,5977,1774593970924.jpg,../outputs/rect_all\1774593970924.png,227ff6f2af1c7cde,20260929
2504,sheet_148.jpg,4,ok,5875,1774405638720.jpg,../outputs/rect_all\1774405638720.png,222cd633670e820c,20260929
2505,sheet_148.jpg,5,ok,3977,1775874440228.jpg,../outputs/rect_all\1775874440228.png,599d4e749634e3b7,20260929
2506,sheet_148.jpg,6,ok,7541,1774060438989.jpg,../outputs/rect_all\1774060438989.png,6bcb95eb55f5bf63,20260929
2507,sheet_148.jpg,7,ok,5874,1774405614736.jpg,../outputs/rect_all\1774405614736.png,9e930e7d51dd40b7,20260929
2508,sheet_148.jpg,8,ok,1109,1778030749057.jpg,../outputs/rect_all\1778030749057.png,bc928a31638e854f,20260929
2509,sheet_148.jpg,9,ok,1992,1776823112661.jpg,../outputs/rect_all\1776823112661.png,3b725f8be4e79d19,20260929
2510,sheet_148.jpg,10,ok,3880,1775699948949.jpg,../outputs/rect_all\1775699948949.png,66af14faf20a2c41,20260929
2511,sheet_148.jpg,11,ok,3316,1779154287478.jpg,../outputs/rect_all\1779154287478.png,af4403c41b6ddcf1,20260929
2512,sheet_148.jpg,12,ok,6806,1778816120394.jpg,../outputs/rect_all\1778816120394.png,498af73a7c613421,20260929
2513,sheet_148.jpg,13,ok,1872,1776998069225.jpg,../outputs/rect_all\1776998069225.png,7b67faf766b6358e,20260929
2514,sheet_148.jpg,14,ok,3898,1775702599357.jpg,../outputs/rect_all\1775702599357.png,30bb7ee994e67514,20260929
2515,sheet_148.jpg,15,ok,8149,1773880979405.jpg,../outputs/rect_all\1773880979405.png,c1bb996db77440b4,20260929
2516,sheet_148.jpg,16,ok,1128,1778120731965.jpg,../outputs/rect_all\1778120731965.png,10be2de836c7132c,20260929
2517,sheet_149.jpg,0,ok,1836,1776990537445.jpg,../outputs/rect_all\1776990537445.png,06b23a460924ce7c,20260929
2518,sheet_149.jpg,1,ok,991,1777254775968.jpg,../outputs/rect_all\1777254775968.png,5a607669de368852,20260929
2519,sheet_149.jpg,2,ok,3408,1776831670170.jpg,../outputs/rect_all\1776831670170.png,243a1be26766f5e8,20260929
2520,sheet_149.jpg,3,ok,5986,1774583011687.jpg,../outputs/rect_all\1774583011687.png,3d6dd5fc8b0aec9f,20260929
2521,sheet_149.jpg,4,ok,5878,1774405951331.jpg,../outputs/rect_all\1774405951331.png,657ce1c8faf93913,20260929
2522,sheet_149.jpg,5,ok,244,1777597829071.jpg,../outputs/rect_all\1777597829071.png,f664714a4bdf675e,20260929
2523,sheet_149.jpg,6,ok,1320,1778210658218.jpg,../outputs/rect_all\1778210658218.png,9984adbc66ffa00a,20260929
2524,sheet_149.jpg,7,ok,4045,1776304726466.jpg,../outputs/rect_all\1776304726466.png,512646aa61227784,20260929
2525,sheet_149.jpg,8,ok,185,1777600383844.jpg,../outputs/rect_all\1777600383844.png,80f4c504286d227d,20260929
2526,sheet_149.jpg,9,ok,6094,1774581044882.jpg,../outputs/rect_all\1774581044882.png,25de83b20260105c,20260929
2527,sheet_149.jpg,10,ok,6280,1774404574547.jpg,../outputs/rect_all\1774404574547.png,4a80b0f0af523a71,20260929
2528,sheet_149.jpg,11,ok,4339,1776132822862.jpg,../outputs/rect_all\1776132822862.png,72a76c80818f5034,20260929
2529,sheet_149.jpg,12,ok,3640,1775526203400.jpg,../outputs/rect_all\1775526203400.png,df86668e62187144,20260929
2530,sheet_149.jpg,13,ok,1595,1776998833934.jpg,../outputs/rect_all\1776998833934.png,06df8cf8fa9b2154,20260929
2531,sheet_149.jpg,14,ok,1439,1777450549857.jpg,../outputs/rect_all\1777450549857.png,922f51eaed2e0fe6,20260929
2532,sheet_149.jpg,15,ok,5099,1773712657844.jpg,../outputs/rect_all\1773712657844.png,1542780d46cc7de5,20260929
2533,sheet_149.jpg,16,ok,4470,1776130626592.jpg,../outputs/rect_all\1776130626592.png,f23505760a36a04c,20260929
2534,sheet_150.jpg,0,ok,1263,1777344710588.jpg,../outputs/rect_all\1777344710588.png,05c05b847e0df613,20260929
2535,sheet_150.jpg,1,ok,4808,1775874550312.jpg,../outputs/rect_all\1775874550312.png,1c202db8578db3ce,20260929
2536,sheet_150.jpg,2,ok,7211,1773710875092.jpg,../outputs/rect_all\1773710875092.png,002543cd1c3372a6,20260929
2537,sheet_150.jpg,3,ok,2645,1776305646550.jpg,../outputs/rect_all\1776305646550.png,60e8eaac829d6a3d,20260929
2538,sheet_150.jpg,4,ok,5771,1774491963015.jpg,../outputs/rect_all\1774491963015.png,3899483d215201db,20260929
2539,sheet_150.jpg,5,ok,3739,1775699098674.jpg,../outputs/rect_all\1775699098674.png,ac87cc815d7445a2,20260929
2540,sheet_150.jpg,6,ok,2148,1779161531323.jpg,../outputs/rect_all\1779161531323.png,27396ae91d026ebd,20260929
2541,sheet_150.jpg,7,ok,6763,1775526144958.jpg,../outputs/rect_all\1775526144958.png,101915b66b555f13,20260929
2542,sheet_150.jpg,8,ok,508,1777455080345.jpg,../outputs/rect_all\1777455080345.png,4135472d47649519,20260929
2543,sheet_150.jpg,9,ok,7892,1775887487867.jpg,../outputs/rect_all\1775887487867.png,06417d0903de3ee3,20260929
2544,sheet_150.jpg,10,ok,560,1777427927770.jpg,../outputs/rect_all\1777427927770.png,d303d4e8955da975,20260929
2545,sheet_150.jpg,11,ok,3740,1775699122883.jpg,../outputs/rect_all\1775699122883.png,ba6a62beed8f2797,20260929
2546,sheet_150.jpg,12,ok,5180,1778545050412.jpg,../outputs/rect_all\1778545050412.png,8c1c2bb3ef452a4c,20260929
2547,sheet_150.jpg,13,ok,268,1777602733272.jpg,../outputs/rect_all\1777602733272.png,05f76aa7b38fcdf8,20260929
2548,sheet_150.jpg,14,ok,7386,1774318721975.jpg,../outputs/rect_all\1774318721975.png,3cb60d0964cf5465,20260929
2549,sheet_150.jpg,15,ok,1251,1777254956050.jpg,../outputs/rect_all\1777254956050.png,e0c7760acd61f4fd,20260929
2550,sheet_150.jpg,16,ok,2198,1776387486196.jpg,../outputs/rect_all\1776387486196.png,548104e8131608a4,20260929
2551,sheet_151.jpg,0,ok,4356,1776136142590.jpg,../outputs/rect_all\1776136142590.png,6f827db2eb892ede,20260929
2552,sheet_151.jpg,1,ok,1729,1776735043784.jpg,../outputs/rect_all\1776735043784.png,a898ea9efc10b4e3,20260929
2553,sheet_151.jpg,2,ok,2179,1776470301012.jpg,../outputs/rect_all\1776470301012.png,844052ed79fc25d8,20260929
2554,sheet_151.jpg,3,ok,4752,1776306703984.jpg,../outputs/rect_all\1776306703984.png,1c4fe84ba0b260fb,20260929
2555,sheet_151.jpg,4,ok,4552,1776299320082.jpg,../outputs/rect_all\1776299320082.png,d4c548e8ee0ce064,20260929
2556,sheet_151.jpg,5,ok,1162,1778031536093.jpg,../outputs/rect_all\1778031536093.png,4bfbbc65cd011c02,20260929
2557,sheet_151.jpg,6,ok,782,1777597358250.jpg,../outputs/rect_all\1777597358250.png,f5020ad41df24ac4,20260929
2558,sheet_151.jpg,7,ok,8244,1773888316062.jpg,../outputs/rect_all\1773888316062.png,74679b6d2a6798f4,20260929
2559,sheet_151.jpg,8,ok,2734,1776387446564.jpg,../outputs/rect_all\1776387446564.png,1bd6f07a51d92eb2,20260929
2560,sheet_151.jpg,9,ok,3737,1775697152068.jpg,../outputs/rect_all\1775697152068.png,0cf2147d427161f8,20260929
2561,sheet_151.jpg,10,ok,4098,1776307243139.jpg,../outputs/rect_all\1776307243139.png,3ae02b872b0e06d6,20260929
2562,sheet_151.jpg,11,ok,7428,1774320468139.jpg,../outputs/rect_all\1774320468139.png,3be275f31b45465f,20260929
2563,sheet_151.jpg,12,ok,1222,1777254877221.jpg,../outputs/rect_all\1777254877221.png,ac4d83f2fbb9dbae,20260929
2564,sheet_151.jpg,13,ok,1435,1777511866389.jpg,../outputs/rect_all\1777511866389.png,07d28f895876913e,20260929
2565,sheet_151.jpg,14,ok,7125,1778551589954.jpg,../outputs/rect_all\1778551589954.png,8269a0d7def74c45,20260929
2566,sheet_151.jpg,15,ok,7577,1774420873383.jpg,../outputs/rect_all\1774420873383.png,b4d34b3e4b9b53b8,20260929
2567,sheet_151.jpg,16,ok,2151,1776388279278.jpg,../outputs/rect_all\1776388279278.png,2d01bd4581fc3bdf,20260929
2568,sheet_152.jpg,0,ok,7937,1775885557253.jpg,../outputs/rect_all\1775885557253.png,fcfa6359e390b182,20260929
2569,sheet_152.jpg,1,ok,4123,1776048222989.jpg,../outputs/rect_all\1776048222989.png,8681dcc91597113c,20260929
2570,sheet_152.jpg,2,ok,2067,1776821351690.jpg,../outputs/rect_all\1776821351690.png,e9f64111d80c3f22,20260929
2571,sheet_152.jpg,3,ok,5758,1774406436979.jpg,../outputs/rect_all\1774406436979.png,7d64cce2dfedad56,20260929
2572,sheet_152.jpg,4,ok,4023,1776305773202.jpg,../outputs/rect_all\1776305773202.png,4bc9290500854966,20260929
2573,sheet_152.jpg,5,ok,6749,1778213400795.jpg,../outputs/rect_all\1778213400795.png,abe1c3d70154f553,20260929
2574,sheet_152.jpg,6,ok,3553,1775526847943.jpg,../outputs/rect_all\1775526847943.png,2a7f2a66b6a1d935,20260929
2575,sheet_152.jpg,7,ok,4260,1776215606669.jpg,../outputs/rect_all\1776215606669.png,95bb2ea2bbd7bbc9,20260929
2576,sheet_152.jpg,8,ok,3609,1775614611922.jpg,../outputs/rect_all\1775614611922.png,b4413dcada67cceb,20260929
2577,sheet_152.jpg,9,ok,691,1777597172755.jpg,../outputs/rect_all\1777597172755.png,01ca7a6eb5f05d12,20260929
2578,sheet_152.jpg,10,ok,4676,1776129630635.jpg,../outputs/rect_all\1776129630635.png,df08f663ed8d041d,20260929
2579,sheet_152.jpg,11,ok,1130,1778031142161.jpg,../outputs/rect_all\1778031142161.png,6e274e27141a1c7a,20260929
2580,sheet_152.jpg,12,ok,4429,1776129444742.jpg,../outputs/rect_all\1776129444742.png,f1033016f1c07e3f,20260929
2581,sheet_152.jpg,13,ok,7196,1773796255273.jpg,../outputs/rect_all\1773796255273.png,d4787cc68f66bd76,20260929
2582,sheet_152.jpg,14,ok,7879,1776050938118.jpg,../outputs/rect_all\1776050938118.png,c575de4506a877bf,20260929
2583,sheet_152.jpg,15,ok,4193,1775869632206.jpg,../outputs/rect_all\1775869632206.png,f79a44517992fffa,20260929
2584,sheet_152.jpg,16,ok,1080,1777344566362.jpg,../outputs/rect_all\1777344566362.png,fa5e96a2f7a76690,20260929
2585,sheet_153.jpg,0,ok,7925,1776051661652.jpg,../outputs/rect_all\1776051661652.png,932ea84cd76dcca3,20260929
2586,sheet_153.jpg,1,ok,1276,1777342091316.jpg,../outputs/rect_all\1777342091316.png,fee9aa19aa744031,20260929
2587,sheet_153.jpg,2,ok,3250,1776216187416.jpg,../outputs/rect_all\1776216187416.png,2db7f26f018c40cc,20260929
2588,sheet_153.jpg,3,ok,4363,1776134283364.jpg,../outputs/rect_all\1776134283364.png,761cfc706f19ab0a,20260929
2589,sheet_153.jpg,4,ok,7143,1778555391545.jpg,../outputs/rect_all\1778555391545.png,0bd8150636cea914,20260929
2590,sheet_153.jpg,5,ok,3960,1775786963998.jpg,../outputs/rect_all\1775786963998.png,bbaa044b46fc1bba,20260929
2591,sheet_153.jpg,6,ok,3734,1775788953229.jpg,../outputs/rect_all\1775788953229.png,73cb3ad4fa89a2cb,20260929
2592,sheet_153.jpg,7,ok,6809,1775610864157.jpg,../outputs/rect_all\1775610864157.png,e8a2c4532bf2bbc0,20260929
2593,sheet_153.jpg,8,ok,7277,1778719957286.jpg,../outputs/rect_all\1778719957286.png,b50c3e1d100016e5,20260929
2594,sheet_153.jpg,9,ok,4040,1776304901702.jpg,../outputs/rect_all\1776304901702.png,4a760bb4c7c46137,20260929
2595,sheet_153.jpg,10,ok,8253,1773882761259.jpg,../outputs/rect_all\1773882761259.png,649d86422e272655,20260929
2596,sheet_153.jpg,11,ok,93,1778118686522.jpg,../outputs/rect_all\1778118686522.png,d6280a27c31553ec,20260929
2597,sheet_153.jpg,12,ok,4016,1775876878945.jpg,../outputs/rect_all\1775876878945.png,f92f3a5e6863ddc0,20260929
2598,sheet_153.jpg,13,ok,2868,1776649788833.jpg,../outputs/rect_all\1776649788833.png,3eddf04183c4ada1,20260929
2599,sheet_153.jpg,14,ok,4413,1776127609438.jpg,../outputs/rect_all\1776127609438.png,e06dcf4fe43f1993,20260929
2600,sheet_153.jpg,15,ok,1709,1776735885671.jpg,../outputs/rect_all\1776735885671.png,eef6590a03f53c1c,20260929
2601,sheet_153.jpg,16,ok,3143,1776821493157.jpg,../outputs/rect_all\1776821493157.png,acfb097da79c3a06,20260929
2602,sheet_154.jpg,0,ok,1340,1778210097169.jpg,../outputs/rect_all\1778210097169.png,aae1d6431758efa8,20260929
2603,sheet_154.jpg,1,ok,3405,1776910913762.jpg,../outputs/rect_all\1776910913762.png,11282a9690122a6a,20260929
2604,sheet_154.jpg,2,ok,1375,1778205448015.jpg,../outputs/rect_all\1778205448015.png,6a55d225db5afd9c,20260929
2605,sheet_154.jpg,3,ok,6769,1775609361212.jpg,../outputs/rect_all\1775609361212.png,f4d396820e88c44e,20260929
2606,sheet_154.jpg,4,ok,7190,1773795630017.jpg,../outputs/rect_all\1773795630017.png,1d197cd4b3857d62,20260929
2607,sheet_154.jpg,5,ok,1803,1779242570205.jpg,../outputs/rect_all\1779242570205.png,7f68d51f7fab57e5,20260929
2608,sheet_154.jpg,6,ok,3700,1775788876481.jpg,../outputs/rect_all\1775788876481.png,de4b59ad97d3c598,20260929
2609,sheet_154.jpg,7,ok,5100,1773712700977.jpg,../outputs/rect_all\1773712700977.png,e44080f01b290061,20260929
2610,sheet_154.jpg,8,ok,6283,1774405524665.jpg,../outputs/rect_all\1774405524665.png,3bae3a180636506e,20260929
2611,sheet_154.jpg,9,ok,7096,1774056305128.jpg,../outputs/rect_all\1774056305128.png,7324f37f39d3fa56,20260929
2612,sheet_154.jpg,10,ok,7724,1776472559124.jpg,../outputs/rect_all\1776472559124.png,683cca80360c599f,20260929
2613,sheet_154.jpg,11,ok,3868,1775699161474.jpg,../outputs/rect_all\1775699161474.png,5505882ec147ef82,20260929
2614,sheet_154.jpg,12,ok,7934,1776052312051.jpg,../outputs/rect_all\1776052312051.png,f042007730e7ea5d,20260929
2615,sheet_154.jpg,13,ok,2207,1776399229264.jpg,../outputs/rect_all\1776399229264.png,c99177a7f59b6e93,20260929
2616,sheet_154.jpg,14,ok,6394,1774404276430.jpg,../outputs/rect_all\1774404276430.png,5b929492ae4ae63f,20260929
2617,sheet_154.jpg,15,ok,7283,1778718731910.jpg,../outputs/rect_all\1778718731910.png,456015edf3234d2f,20260929
2618,sheet_154.jpg,16,ok,8156,1773974995474.jpg,../outputs/rect_all\1773974995474.png,1da129abd906d93f,20260929
2619,sheet_155.jpg,0,ok,8263,1773882135865.jpg,../outputs/rect_all\1773882135865.png,898416b47792e573,20260929
2620,sheet_155.jpg,1,ok,6391,1774403896294.jpg,../outputs/rect_all\1774403896294.png,8d21f3e812969356,20260929
2621,sheet_155.jpg,2,ok,6133,1778893556777.jpg,../outputs/rect_all\1778893556777.png,f5436b81c82b099e,20260929
2622,sheet_155.jpg,3,ok,7552,1774062063628.jpg,../outputs/rect_all\1774062063628.png,45ac786d9fd3ebbb,20260929
2623,sheet_155.jpg,4,ok,6987,1774335056661.jpg,../outputs/rect_all\1774335056661.png,8acb45e514ff09c3,20260929
2624,sheet_155.jpg,5,ok,5338,1774576774748.jpg,../outputs/rect_all\1774576774748.png,96734298db42f909,20260929
2625,sheet_155.jpg,6,ok,8256,1773975132711.jpg,../outputs/rect_all\1773975132711.png,16de3dafaaa06348,20260929
2626,sheet_155.jpg,7,ok,6347,1774503098688.jpg,../outputs/rect_all\1774503098688.png,bc1eef7dffa0fef1,20260929
2627,sheet_155.jpg,8,ok,3864,1775699980497.jpg,../outputs/rect_all\1775699980497.png,f9e7e7a059f3f0cc,20260929
2628,sheet_155.jpg,9,ok,2349,1776385028124.jpg,../outputs/rect_all\1776385028124.png,3e48846c212fc81d,20260929
2629,sheet_155.jpg,10,ok,3112,1776216547132.jpg,../outputs/rect_all\1776216547132.png,5449315eacb95f9c,20260929
2630,sheet_155.jpg,11,ok,4412,1776128394642.jpg,../outputs/rect_all\1776128394642.png,4b2b514f4e0d3e6a,20260929
2631,sheet_155.jpg,12,ok,2608,1776217785506.jpg,../outputs/rect_all\1776217785506.png,eb5251e6a88f820c,20260929
2632,sheet_155.jpg,13,ok,1720,1776735828550.jpg,../outputs/rect_all\1776735828550.png,5b14c9e26c34529b,20260929
2633,sheet_155.jpg,14,ok,460,1777423402748.jpg,../outputs/rect_all\1777423402748.png,6a1e9cb660fde680,20260929
2634,sheet_155.jpg,15,ok,6575,1773809171644.jpg,../outputs/rect_all\1773809171644.png,bd125014b1133a45,20260929
2635,sheet_155.jpg,16,ok,4291,1776135156489.jpg,../outputs/rect_all\1776135156489.png,7198750211282f5d,20260929
2636,sheet_156.jpg,0,ok,7117,1778551133438.jpg,../outputs/rect_all\1778551133438.png,d982e69e146c99ba,20260929
2637,sheet_156.jpg,1,ok,2213,1779162349744.jpg,../outputs/rect_all\1779162349744.png,4ffa5136e0b6c57b,20260929
2638,sheet_156.jpg,2,ok,2277,1776471409017.jpg,../outputs/rect_all\1776471409017.png,9ddc462cb5b120e8,20260929
2639,sheet_156.jpg,3,ok,6708,1775522873229.jpg,../outputs/rect_all\1775522873229.png,df44a8722d147958,20260929
2640,sheet_156.jpg,4,ok,3121,1779170284139.jpg,../outputs/rect_all\1779170284139.png,cef5f0445c9d5dd5,20260929
2641,sheet_156.jpg,5,ok,5799,1774410299727.jpg,../outputs/rect_all\1774410299727.png,244ed6a09de2e0e4,20260929
2642,sheet_156.jpg,6,ok,5987,1774583025313.jpg,../outputs/rect_all\1774583025313.png,35ca1630e5e757a6,20260929
2643,sheet_156.jpg,7,ok,6648,1773724112653.jpg,../outputs/rect_all\1773724112653.png,f0e770dc15394232,20260929
2644,sheet_156.jpg,8,ok,7021,1774055991254.jpg,../outputs/rect_all\1774055991254.png,52560c8f56516aa7,20260929
2645,sheet_156.jpg,9,ok,5899,1774404701983.jpg,../outputs/rect_all\1774404701983.png,e5577c78e7fec1d1,20260929
2646,sheet_156.jpg,10,ok,2521,1776665072016.jpg,../outputs/rect_all\1776665072016.png,3c632430b6bee4e6,20260929
2647,sheet_156.jpg,11,ok,2865,1776649459220.jpg,../outputs/rect_all\1776649459220.png,5746d4d3243fb67e,20260929
2648,sheet_156.jpg,12,ok,581,1777864498101.jpg,../outputs/rect_all\1777864498101.png,deb8fa3801b2706e,20260929
2649,sheet_156.jpg,13,ok,2857,1776649099597.jpg,../outputs/rect_all\1776649099597.png,77f6f935cde81fc5,20260929
2650,sheet_156.jpg,14,ok,4669,1776129595386.jpg,../outputs/rect_all\1776129595386.png,4835b503fd9be06f,20260929
2651,sheet_156.jpg,15,ok,7097,1773806971404.jpg,../outputs/rect_all\1773806971404.png,7ad26ce68fc82c2d,20260929
2652,sheet_156.jpg,16,ok,6686,1778216761800.jpg,../outputs/rect_all\1778216761800.png,5822c20634612969,20260929
2653,sheet_157.jpg,0,ok,219,1777946461797.jpg,../outputs/rect_all\1777946461797.png,0969060168541a50,20260929
2654,sheet_157.jpg,1,ok,2214,1776387998767.jpg,../outputs/rect_all\1776387998767.png,a8e390afd55cee2c,20260929
2655,sheet_157.jpg,2,ok,6710,1775522929037.jpg,../outputs/rect_all\1775522929037.png,e685955105ccbafc,20260929
2656,sheet_157.jpg,3,ok,6286,1774404528469.jpg,../outputs/rect_all\1774404528469.png,3967d6942a12005e,20260929
2657,sheet_157.jpg,4,ok,6627,1773800791904.jpg,../outputs/rect_all\1773800791904.png,310466dd0c2df666,20260929
2658,sheet_157.jpg,5,ok,7101,1778551688039.jpg,../outputs/rect_all\1778551688039.png,f9c755d3bf313089,20260929
2659,sheet_157.jpg,6,ok,946,1777254069673.jpg,../outputs/rect_all\1777254069673.png,2f79f1b58b2b347d,20260929
2660,sheet_157.jpg,7,ok,828,1777426365230.jpg,../outputs/rect_all\1777426365230.png,8cfda12d882a8bcc,20260929
2661,sheet_157.jpg,8,ok,2219,1776396779136.jpg,../outputs/rect_all\1776396779136.png,6c8bbb281fec8298,20260929
2662,sheet_157.jpg,9,ok,1364,1778210176027.jpg,../outputs/rect_all\1778210176027.png,433f8bfcc09d4568,20260929
2663,sheet_157.jpg,10,ok,6386,1774502824936.jpg,../outputs/rect_all\1774502824936.png,2cde513b0f42e9c3,20260929
2664,sheet_157.jpg,11,ok,1587,1779067210365.jpg,../outputs/rect_all\1779067210365.png,fae6cd480787f86f,20260929
2665,sheet_157.jpg,12,ok,4665,1776128860132.jpg,../outputs/rect_all\1776128860132.png,7266fc208bc3eee8,20260929
2666,sheet_157.jpg,13,ok,4469,1776130605147.jpg,../outputs/rect_all\1776130605147.png,547c6e2e0a60607e,20260929
2667,sheet_157.jpg,14,ok,1242,1777344123860.jpg,../outputs/rect_all\1777344123860.png,57bd2bc3f4efc25b,20260929
2668,sheet_157.jpg,15,ok,8236,1773970847850.jpg,../outputs/rect_all\1773970847850.png,f70fe9aa4f57b273,20260929
2669,sheet_157.jpg,16,ok,1949,1779229821784.jpg,../outputs/rect_all\1779229821784.png,d2a033209284a00d,20260929
2670,sheet_158.jpg,0,ok,5672,1774575368668.jpg,../outputs/rect_all\1774575368668.png,f58b156c639ac819,20260929
2671,sheet_158.jpg,1,ok,3581,1778896064432.jpg,../outputs/rect_all\1778896064432.png,cc0301d620385e65,20260929
2672,sheet_158.jpg,2,ok,7913,1775887638999.jpg,../outputs/rect_all\1775887638999.png,763521cf595f1b9e,20260929
2673,sheet_158.jpg,3,ok,5853,1774405058155.jpg,../outputs/rect_all\1774405058155.png,24074a9aec9273c2,20260929
2674,sheet_158.jpg,4,ok,6636,1773795880552.jpg,../outputs/rect_all\1773795880552.png,c1c56a7852237759,20260929
2675,sheet_158.jpg,5,ok,6289,1774404027430.jpg,../outputs/rect_all\1774404027430.png,e76af9dd5642ba22,20260929
2676,sheet_158.jpg,6,ok,2215,1776388010175.jpg,../outputs/rect_all\1776388010175.png,071d7c8ed8d8ff6a,20260929
2677,sheet_158.jpg,7,ok,8290,1775781198613.jpg,../outputs/rect_all\1775781198613.png,3ebbeb55049bd212,20260929
2678,sheet_158.jpg,8,ok,178,1777946217086.jpg,../outputs/rect_all\1777946217086.png,f5d38d0ef6ddeede,20260929
2679,sheet_158.jpg,9,ok,4302,1776134539181.jpg,../outputs/rect_all\1776134539181.png,527633200a60ab00,20260929
2680,sheet_158.jpg,10,ok,2351,1776385087273.jpg,../outputs/rect_all\1776385087273.png,cc37a378a265a647,20260929
2681,sheet_158.jpg,11,ok,6334,1774491559961.jpg,../outputs/rect_all\1774491559961.png,36e22cc40c233aa6,20260929
2682,sheet_158.jpg,12,ok,4246,1776212636989.jpg,../outputs/rect_all\1776212636989.png,8489380c8f24559c,20260929
2683,sheet_158.jpg,13,ok,5978,1774593994614.jpg,../outputs/rect_all\1774593994614.png,adcb0cfb7c66c9ec,20260929
2684,sheet_158.jpg,14,ok,3689,1775613211695.jpg,../outputs/rect_all\1775613211695.png,c04c1dc257a55357,20260929
2685,sheet_158.jpg,15,ok,7251,1774576417060.jpg,../outputs/rect_all\1774576417060.png,4631533ffd6c777d,20260929
2686,sheet_158.jpg,16,ok,480,1777425108655.jpg,../outputs/rect_all\1777425108655.png,90cf9d1119297c07,20260929
2687,sheet_159.jpg,0,ok,4816,1775876336138.jpg,../outputs/rect_all\1775876336138.png,d155dc975a4ec8e8,20260929
2688,sheet_159.jpg,1,ok,6135,1773808193507.jpg,../outputs/rect_all\1773808193507.png,b74b4a526f980163,20260929
2689,sheet_159.jpg,2,ok,7545,1774323762087.jpg,../outputs/rect_all\1774323762087.png,eadfcb463633dd6b,20260929
2690,sheet_159.jpg,3,ok,4742,1776215729648.jpg,../outputs/rect_all\1776215729648.png,1663779e555c4871,20260929
2691,sheet_159.jpg,4,ok,3810,1776476892987.jpg,../outputs/rect_all\1776476892987.png,4b1459ff0d50b869,20260929
2692,sheet_159.jpg,5,ok,3287,1776218754546.jpg,../outputs/rect_all\1776218754546.png,c81e2f26982c0e1b,20260929
2693,sheet_159.jpg,6,ok,1571,1776997945820.jpg,../outputs/rect_all\1776997945820.png,867a4aa019ac34b8,20260929
2694,sheet_159.jpg,7,ok,7720,1776473532688.jpg,../outputs/rect_all\1776473532688.png,2cf1ba9dd8f6dba8,20260929
2695,sheet_159.jpg,8,ok,2200,1776395439002.jpg,../outputs/rect_all\1776395439002.png,4fb6798e3701c746,20260929
2696,sheet_159.jpg,9,ok,3418,1776833271012.jpg,../outputs/rect_all\1776833271012.png,7bf413f3c48ba4ef,20260929
2697,sheet_159.jpg,10,ok,3116,1776216799100.jpg,../outputs/rect_all\1776216799100.png,f0e4393501d35d81,20260929
2698,sheet_159.jpg,11,ok,1218,1777341764404.jpg,../outputs/rect_all\1777341764404.png,bf5aed37b85a6b68,20260929
2699,sheet_159.jpg,12,ok,1231,1777344571167.jpg,../outputs/rect_all\1777344571167.png,f27dc1c564312b59,20260929
2700,sheet_159.jpg,13,ok,1337,1778205261910.jpg,../outputs/rect_all\1778205261910.png,c720dd2506953308,20260929
2701,sheet_159.jpg,14,ok,1596,1776998858498.jpg,../outputs/rect_all\1776998858498.png,89718ffd72cd4482,20260929
2702,sheet_159.jpg,15,ok,2766,1776386632273.jpg,../outputs/rect_all\1776386632273.png,0fb859b53c075b73,20260929
2703,sheet_159.jpg,16,ok,1229,1777344533530.jpg,../outputs/rect_all\1777344533530.png,c848247dc4a51cf1,20260929
2704,sheet_160.jpg,0,ok,7225,1773714515678.jpg,../outputs/rect_all\1773714515678.png,f465f94991e9b7b7,20260929
2705,sheet_160.jpg,1,ok,7702,1776472452918.jpg,../outputs/rect_all\1776472452918.png,f1291c6e7b13044d,20260929
2706,sheet_160.jpg,2,ok,8211,1773885959568.jpg,../outputs/rect_all\1773885959568.png,2f31e815c22bda41,20260929
2707,sheet_160.jpg,3,ok,8328,1775704004652.jpg,../outputs/rect_all\1775704004652.png,75cab2cbe9f32d83,20260929
2708,sheet_160.jpg,4,ok,2877,1776733993363.jpg,../outputs/rect_all\1776733993363.png,c69d53ec0b5ee6ba,20260929
2709,sheet_160.jpg,5,ok,5981,1774591569008.jpg,../outputs/rect_all\1774591569008.png,79f9100c3fe1c058,20260929
2710,sheet_160.jpg,6,ok,4344,1776216647672.jpg,../outputs/rect_all\1776216647672.png,a5d5a5ce7470ca6f,20260929
2711,sheet_160.jpg,7,ok,1837,1776990556540.jpg,../outputs/rect_all\1776990556540.png,18d5344f9c91e79f,20260929
2712,sheet_160.jpg,8,ok,4831,1775872542707.jpg,../outputs/rect_all\1775872542707.png,b45a59e1786ab3a9,20260929
2713,sheet_160.jpg,9,ok,1016,1777346020569.jpg,../outputs/rect_all\1777346020569.png,3c31042dfc6fbcbd,20260929
2714,sheet_160.jpg,10,ok,8295,1775703203015.jpg,../outputs/rect_all\1775703203015.png,257e3482451e2015,20260929
2715,sheet_160.jpg,11,ok,7908,1775875596875.jpg,../outputs/rect_all\1775875596875.png,07cc8462e92d41c1,20260929
2716,sheet_160.jpg,12,ok,94,1778207432198.jpg,../outputs/rect_all\1778207432198.png,4eec76a25241a715,20260929
2717,sheet_160.jpg,13,ok,222,1777598874930.jpg,../outputs/rect_all\1777598874930.png,169927d51c55de61,20260929
2718,sheet_160.jpg,14,ok,1077,1777263268866.jpg,../outputs/rect_all\1777263268866.png,58cd4ce2eb5ef5f3,20260929
2719,sheet_160.jpg,15,ok,8017,1775877515999.jpg,../outputs/rect_all\1775877515999.png,1035e9741452a16c,20260929
2720,sheet_160.jpg,16,ok,1075,1777261152001.jpg,../outputs/rect_all\1777261152001.png,7ab9c17f62de1807,20260929
2721,sheet_161.jpg,0,ok,7385,1774060497561.jpg,../outputs/rect_all\1774060497561.png,9d17e03e593d8e2d,20260929
2722,sheet_161.jpg,1,ok,6920,1775609057286.jpg,../outputs/rect_all\1775609057286.png,5291c6909085b42d,20260929
2723,sheet_161.jpg,2,ok,1859,1776989709245.jpg,../outputs/rect_all\1776989709245.png,98faae5e2c4df3a9,20260929
2724,sheet_161.jpg,3,ok,8320,1775782860668.jpg,../outputs/rect_all\1775782860668.png,e6476f89c59e82d0,20260929
2725,sheet_161.jpg,4,ok,8189,1773886952332.jpg,../outputs/rect_all\1773886952332.png,40a9abb22e08abd0,20260929
2726,sheet_161.jpg,5,ok,5926,1774408384718.jpg,../outputs/rect_all\1774408384718.png,c34f27cc73b1a645,20260929
2727,sheet_161.jpg,6,ok,6680,1775525256054.jpg,../outputs/rect_all\1775525256054.png,9c94e57d93e78725,20260929
2728,sheet_161.jpg,7,ok,3251,1776305259825.jpg,../outputs/rect_all\1776305259825.png,2bfe212112eea249,20260929
2729,sheet_161.jpg,8,ok,2610,1776217828702.jpg,../outputs/rect_all\1776217828702.png,12d015c78f807b3e,20260929
2730,sheet_161.jpg,9,ok,7803,1776476615846.jpg,../outputs/rect_all\1776476615846.png,ee690b09bbb1b94e,20260929
2731,sheet_161.jpg,10,ok,620,1777867098502.jpg,../outputs/rect_all\1777867098502.png,b043d78e93cdb96c,20260929
2732,sheet_161.jpg,11,ok,7189,1773805374913.jpg,../outputs/rect_all\1773805374913.png,bd8f87f2e1578e40,20260929
2733,sheet_161.jpg,12,ok,7885,1775875460345.jpg,../outputs/rect_all\1775875460345.png,6a8afffff73a4e70,20260929
2734,sheet_161.jpg,13,ok,2039,1776822697434.jpg,../outputs/rect_all\1776822697434.png,02a8104d66fe9adb,20260929
2735,sheet_161.jpg,14,ok,6019,1774583124707.jpg,../outputs/rect_all\1774583124707.png,902f915d6601c57a,20260929
2736,sheet_161.jpg,15,ok,2170,1776395571609.jpg,../outputs/rect_all\1776395571609.png,11213fc8481e5678,20260929
2737,sheet_161.jpg,16,ok,2231,1776469743599.jpg,../outputs/rect_all\1776469743599.png,e0cf658e8676d98a,20260929
2738,sheet_162.jpg,0,ok,1260,1777342034159.jpg,../outputs/rect_all\1777342034159.png,d25437a3abdc7029,20260929
2739,sheet_162.jpg,1,ok,3910,1775704980128.jpg,../outputs/rect_all\1775704980128.png,e02ce3f47929e5bd,20260929
2740,sheet_162.jpg,2,ok,1464,1777450657332.jpg,../outputs/rect_all\1777450657332.png,160f1c02e8089a97,20260929
2741,sheet_162.jpg,3,ok,965,1777254832280.jpg,../outputs/rect_all\1777254832280.png,4c2bb979c0ea2c3e,20260929
2742,sheet_162.jpg,4,ok,7367,1774317607139.jpg,../outputs/rect_all\1774317607139.png,14e33ec3752096ef,20260929
2743,sheet_162.jpg,5,ok,1600,1777005671470.jpg,../outputs/rect_all\1777005671470.png,7a94d36fa4a09e8d,20260929
2744,sheet_162.jpg,6,ok,4764,1776306251373.jpg,../outputs/rect_all\1776306251373.png,e3e9a47b56eddb31,20260929
2745,sheet_162.jpg,7,ok,5641,1774413662831.jpg,../outputs/rect_all\1774413662831.png,79a8ff679eb4c9d2,20260929
2746,sheet_162.jpg,8,ok,4014,1775874728153.jpg,../outputs/rect_all\1775874728153.png,33ce83b372955435,20260929
2747,sheet_162.jpg,9,ok,8234,1773972377330.jpg,../outputs/rect_all\1773972377330.png,9326f5faf6089628,20260929
2748,sheet_162.jpg,10,ok,4908,1775526020561.jpg,../outputs/rect_all\1775526020561.png,1717b0ca9c1b8c23,20260929
2749,sheet_162.jpg,11,ok,3890,1775699259371.jpg,../outputs/rect_all\1775699259371.png,5f6a27876e99d994,20260929
2750,sheet_162.jpg,12,ok,5953,1774406969645.jpg,../outputs/rect_all\1774406969645.png,ffa4c754a98e5627,20260929
2751,sheet_162.jpg,13,ok,2757,1778900444157.jpg,../outputs/rect_all\1778900444157.png,321f06785383a5d5,20260929
2752,sheet_162.jpg,14,ok,4235,1776131940198.jpg,../outputs/rect_all\1776131940198.png,1c551ab57d5928e4,20260929
2753,sheet_162.jpg,15,ok,5850,1774490359139.jpg,../outputs/rect_all\1774490359139.png,cd41452ad82776d0,20260929
2754,sheet_162.jpg,16,ok,7416,1774061471080.jpg,../outputs/rect_all\1774061471080.png,47bd4c054d1acd7d,20260929
2755,sheet_163.jpg,0,ok,3516,1775525667639.jpg,../outputs/rect_all\1775525667639.png,2ef21de982cf3cab,20260929
2756,sheet_163.jpg,1,ok,699,1777688232873.jpg,../outputs/rect_all\1777688232873.png,db64c7b7371a78d7,20260929
2757,sheet_163.jpg,2,ok,7994,1775888971903.jpg,../outputs/rect_all\1775888971903.png,9d79b38f8ecd6a73,20260929
2758,sheet_163.jpg,3,ok,4375,1776127450020.jpg,../outputs/rect_all\1776127450020.png,69771e0da8fe7427,20260929
2759,sheet_163.jpg,4,ok,8004,1776045976500.jpg,../outputs/rect_all\1776045976500.png,c6f0275576867754,20260929
2760,sheet_163.jpg,5,ok,1586,1779067183126.jpg,../outputs/rect_all\1779067183126.png,0fbcf573b557c901,20260929
2761,sheet_163.jpg,6,ok,7795,1776475802840.jpg,../outputs/rect_all\1776475802840.png,28a7b48cf027b9ec,20260929
2762,sheet_163.jpg,7,ok,7076,1774332636461.jpg,../outputs/rect_all\1774332636461.png,2df4bfec71c5edf1,20260929
2763,sheet_163.jpg,8,ok,7150,1773711395081.jpg,../outputs/rect_all\1773711395081.png,4b94984d88b0671d,20260929
2764,sheet_163.jpg,9,ok,2849,1776386041737.jpg,../outputs/rect_all\1776386041737.png,d6e13818b2d5cb76,20260929
2765,sheet_163.jpg,10,ok,1846,1776989644210.jpg,../outputs/rect_all\1776989644210.png,6bf28911ace4b75f,20260929
2766,sheet_163.jpg,11,ok,7175,1773707076181.jpg,../outputs/rect_all\1773707076181.png,198f7072672a4e46,20260929
2767,sheet_163.jpg,12,ok,4919,1775529119674.jpg,../outputs/rect_all\1775529119674.png,e5c382e6b91e6519,20260929
2768,sheet_163.jpg,13,ok,7122,1773708574199.jpg,../outputs/rect_all\1773708574199.png,62138d71e9bc3117,20260929
2769,sheet_163.jpg,14,ok,86,1778207273700.jpg,../outputs/rect_all\1778207273700.png,1c9d17da2733a82d,20260929
2770,sheet_163.jpg,15,ok,6810,1775610895864.jpg,../outputs/rect_all\1775610895864.png,8ef1bfa3cfdc8712,20260929
2771,sheet_163.jpg,16,ok,1213,1777344317016.jpg,../outputs/rect_all\1777344317016.png,d8e8b342ee791426,20260929
2772,sheet_164.jpg,0,ok,1072,1777943451467.jpg,../outputs/rect_all\1777943451467.png,582c804193ad625a,20260929
2773,sheet_164.jpg,1,ok,1547,1777512158728.jpg,../outputs/rect_all\1777512158728.png,7c26ef14a692087f,20260929
2774,sheet_164.jpg,2,ok,7792,1776476543345.jpg,../outputs/rect_all\1776476543345.png,cc5fc03473f5ceb6,20260929
2775,sheet_164.jpg,3,ok,1631,1779068485747.jpg,../outputs/rect_all\1779068485747.png,9b542f6d39e52f95,20260929
2776,sheet_164.jpg,4,ok,7399,1774063253574.jpg,../outputs/rect_all\1774063253574.png,c66efd6198af10b0,20260929
2777,sheet_164.jpg,5,ok,4710,1776216855689.jpg,../outputs/rect_all\1776216855689.png,8cc9b3ee45bc6d1e,20260929
2778,sheet_164.jpg,6,ok,1740,1776735376205.jpg,../outputs/rect_all\1776735376205.png,9815b8b296007740,20260929
2779,sheet_164.jpg,7,ok,7874,1776052154477.jpg,../outputs/rect_all\1776052154477.png,a81cf41c0da28841,20260929
2780,sheet_164.jpg,8,ok,1274,1777339882233.jpg,../outputs/rect_all\1777339882233.png,b19aaab02e559f2f,20260929
2781,sheet_164.jpg,9,ok,6305,1774406882412.jpg,../outputs/rect_all\1774406882412.png,1297127fdc1c2e73,20260929
2782,sheet_164.jpg,10,ok,6304,1774406866676.jpg,../outputs/rect_all\1774406866676.png,040af4528b859d31,20260929
2783,sheet_164.jpg,11,ok,8178,1773975072649.jpg,../outputs/rect_all\1773975072649.png,f64995161a6c47ed,20260929
2784,sheet_164.jpg,12,ok,7037,1774337549386.jpg,../outputs/rect_all\1774337549386.png,9a2efa2cad7c160c,20260929
2785,sheet_164.jpg,13,ok,2348,1776469073892.jpg,../outputs/rect_all\1776469073892.png,a2ce0027aa4841da,20260929
2786,sheet_164.jpg,14,ok,6607,1773810607899.jpg,../outputs/rect_all\1773810607899.png,4ccf829b02aeb09e,20260929
2787,sheet_164.jpg,15,ok,8174,1773879883006.jpg,../outputs/rect_all\1773879883006.png,5c984b9126360d8d,20260929
2788,sheet_164.jpg,16,ok,6555,1773719773758.jpg,../outputs/rect_all\1773719773758.png,56ff55e63b8c3a29,20260929
2789,sheet_165.jpg,0,ok,1322,1778210679031.jpg,../outputs/rect_all\1778210679031.png,9492e37e100b82e9,20260929
2790,sheet_165.jpg,1,ok,6606,1773721913172.jpg,../outputs/rect_all\1773721913172.png,977aefb760abdaa4,20260929
2791,sheet_165.jpg,2,ok,8020,1775888121372.jpg,../outputs/rect_all\1775888121372.png,860ac3983c9acd5c,20260929
2792,sheet_165.jpg,3,ok,4073,1776307589914.jpg,../outputs/rect_all\1776307589914.png,aa06086e1071e5a5,20260929
2793,sheet_165.jpg,4,ok,5756,1774406391017.jpg,../outputs/rect_all\1774406391017.png,53c92bb88c580757,20260929
2794,sheet_165.jpg,5,ok,7009,1774320724928.jpg,../outputs/rect_all\1774320724928.png,487fc868ff4c9be6,20260929
2795,sheet_165.jpg,6,ok,7102,1778551705250.jpg,../outputs/rect_all\1778551705250.png,3c903e46dc1dafe0,20260929
2796,sheet_165.jpg,7,ok,3852,1775699854839.jpg,../outputs/rect_all\1775699854839.png,ed0b871e59cc5735,20260929
2797,sheet_165.jpg,8,ok,6266,1774493352956.jpg,../outputs/rect_all\1774493352956.png,53b4c07440b17a61,20260929
2798,sheet_165.jpg,9,ok,7034,1774054997357.jpg,../outputs/rect_all\1774054997357.png,4574d6b61f39fd8d,20260929
2799,sheet_165.jpg,10,ok,5329,1774662787804.jpg,../outputs/rect_all\1774662787804.png,61c9696df15cc4ac,20260929
2800,sheet_165.jpg,11,ok,7005,1774057926487.jpg,../outputs/rect_all\1774057926487.png,00b291b7419cc616,20260929
2801,sheet_165.jpg,12,ok,8172,1773879844033.jpg,../outputs/rect_all\1773879844033.png,ff0ccf13a45dad22,20260929
2802,sheet_165.jpg,13,ok,5148,1778546696545.jpg,../outputs/rect_all\1778546696545.png,f1d6fe078fdf7ecb,20260929
2803,sheet_165.jpg,14,ok,4428,1776129410297.jpg,../outputs/rect_all\1776129410297.png,7660ba7a0328ed23,20260929
2804,sheet_165.jpg,15,ok,7538,1774669377635.jpg,../outputs/rect_all\1774669377635.png,2815083a6e022919,20260929
2805,sheet_165.jpg,16,ok,3901,1775703309171.jpg,../outputs/rect_all\1775703309171.png,59889228110f369d,20260929
2806,sheet_166.jpg,0,ok,6256,1774404828899.jpg,../outputs/rect_all\1774404828899.png,2120548b91762288,20260929
2807,sheet_166.jpg,1,ok,7422,1774061033868.jpg,../outputs/rect_all\1774061033868.png,3d4351a675748c48,20260929
2808,sheet_166.jpg,2,ok,8221,1773884098437.jpg,../outputs/rect_all\1773884098437.png,5dba4e5abb53fce4,20260929
2809,sheet_166.jpg,3,ok,3410,1779246492754.jpg,../outputs/rect_all\1779246492754.png,57b95f23b3b2fd58,20260929
2810,sheet_166.jpg,4,ok,452,1777423926770.jpg,../outputs/rect_all\1777423926770.png,3146d35d080e024a,20260929
2811,sheet_166.jpg,5,ok,2760,1776388103641.jpg,../outputs/rect_all\1776388103641.png,9af1207192ca35fe,20260929
2812,sheet_166.jpg,6,ok,6624,1773801908981.jpg,../outputs/rect_all\1773801908981.png,cc5a096c763dd783,20260929
2813,sheet_166.jpg,7,ok,3385,1776224072628.jpg,../outputs/rect_all\1776224072628.png,1e653c0488089c54,20260929
2814,sheet_166.jpg,8,ok,1354,1778210814748.jpg,../outputs/rect_all\1778210814748.png,1e2ad8cfcb4d303f,20260929
2815,sheet_166.jpg,9,ok,1750,1776648432731.jpg,../outputs/rect_all\1776648432731.png,3791a06a47938b3b,20260929
2816,sheet_166.jpg,10,ok,3541,1775525764732.jpg,../outputs/rect_all\1775525764732.png,e26b067cf9e8d958,20260929
2817,sheet_166.jpg,11,ok,4697,1776217128591.jpg,../outputs/rect_all\1776217128591.png,f2c2eaf7290fff9b,20260929
2818,sheet_166.jpg,12,ok,3632,1775525880420.jpg,../outputs/rect_all\1775525880420.png,d2d82cc8ffb65546,20260929
2819,sheet_166.jpg,13,ok,7343,1778720895993.jpg,../outputs/rect_all\1778720895993.png,349620d666f702ea,20260929
2820,sheet_166.jpg,14,ok,554,1777457230564.jpg,../outputs/rect_all\1777457230564.png,0dcdf78ea8c54883,20260929
2821,sheet_166.jpg,15,ok,6021,1774593897686.jpg,../outputs/rect_all\1774593897686.png,172e73c0179e8fe0,20260929
2822,sheet_166.jpg,16,ok,2193,1776399103819.jpg,../outputs/rect_all\1776399103819.png,04e95a534e42b3eb,20260929
2823,sheet_167.jpg,0,ok,1346,1778204707710.jpg,../outputs/rect_all\1778204707710.png,7f33a20dc6143e59,20260929
2824,sheet_167.jpg,1,ok,6251,1773712931865.jpg,../outputs/rect_all\1773712931865.png,64a48e84c12ef5b7,20260929
2825,sheet_167.jpg,2,ok,1344,1778206613207.jpg,../outputs/rect_all\1778206613207.png,c401f2761ec2d3b3,20260929
2826,sheet_167.jpg,3,ok,3396,1776833358610.jpg,../outputs/rect_all\1776833358610.png,64df7dcd2444870c,20260929
2827,sheet_167.jpg,4,ok,2838,1776391244976.jpg,../outputs/rect_all\1776391244976.png,0eaa32e08c985f7b,20260929
2828,sheet_167.jpg,5,ok,1266,1777270186353.jpg,../outputs/rect_all\1777270186353.png,a344978c66f473e5,20260929
2829,sheet_167.jpg,6,ok,1576,1779067273964.jpg,../outputs/rect_all\1779067273964.png,6dd8d19f0bd7994d,20260929
2830,sheet_167.jpg,7,ok,7558,1774063623823.jpg,../outputs/rect_all\1774063623823.png,1097a1046d57a109,20260929
2831,sheet_167.jpg,8,ok,1261,1777271250859.jpg,../outputs/rect_all\1777271250859.png,1cc9cb57da187c62,20260929
2832,sheet_167.jpg,9,ok,7169,1773704961692.jpg,../outputs/rect_all\1773704961692.png,1af921c1e87b3bd2,20260929
2833,sheet_167.jpg,10,ok,1628,1779066110100.jpg,../outputs/rect_all\1779066110100.png,cd4e0a4d53f40a33,20260929
2834,sheet_167.jpg,11,ok,3238,1776215641178.jpg,../outputs/rect_all\1776215641178.png,81069eed1c5ff5a1,20260929
2835,sheet_167.jpg,12,ok,7935,1775885165440.jpg,../outputs/rect_all\1775885165440.png,38e71544d6eccb23,20260929
2836,sheet_167.jpg,13,ok,4027,1776305262566.jpg,../outputs/rect_all\1776305262566.png,270cc44aefebb3b2,20260929
2837,sheet_167.jpg,14,ok,4052,1776308406940.jpg,../outputs/rect_all\1776308406940.png,a6b5993554de6b53,20260929
2838,sheet_167.jpg,15,ok,7392,1774063099212.jpg,../outputs/rect_all\1774063099212.png,b7db146868ff3d30,20260929
2839,sheet_167.jpg,16,ok,1838,1776990198398.jpg,../outputs/rect_all\1776990198398.png,7f30a65e23c8c0d8,20260929
2840,sheet_168.jpg,0,ok,1421,1778204902472.jpg,../outputs/rect_all\1778204902472.png,d687ae6b41914e6b,20260929
2841,sheet_168.jpg,1,ok,7043,1774321655026.jpg,../outputs/rect_all\1774321655026.png,21b55335b4a6f4da,20260929
2842,sheet_168.jpg,2,ok,3610,1775614628421.jpg,../outputs/rect_all\1775614628421.png,7406b72d0dc2d7ad,20260929
2843,sheet_168.jpg,3,ok,1234,1777254552177.jpg,../outputs/rect_all\1777254552177.png,7ccb78f053996a1c,20260929
2844,sheet_168.jpg,4,ok,2236,1776393146402.jpg,../outputs/rect_all\1776393146402.png,8c8ec1dbb79b025d,20260929
2845,sheet_168.jpg,5,ok,7083,1774322507122.jpg,../outputs/rect_all\1774322507122.png,21f001288a922b81,20260929
2846,sheet_168.jpg,6,ok,4318,1776136348037.jpg,../outputs/rect_all\1776136348037.png,a70bf5294c940d52,20260929
2847,sheet_168.jpg,7,ok,6646,1773801399268.jpg,../outputs/rect_all\1773801399268.png,65fb0948d1a98c7b,20260929
2848,sheet_168.jpg,8,ok,3359,1776228847094.jpg,../outputs/rect_all\1776228847094.png,0e08578b498372a0,20260929
2849,sheet_168.jpg,9,ok,8273,1773886646951.jpg,../outputs/rect_all\1773886646951.png,0e81febae8513783,20260929
2850,sheet_168.jpg,10,ok,4512,1776130736618.jpg,../outputs/rect_all\1776130736618.png,9e80e70421585339,20260929
2851,sheet_168.jpg,11,ok,7202,1773796817318.jpg,../outputs/rect_all\1773796817318.png,3a1d2748c8dbef23,20260929
2852,sheet_168.jpg,12,ok,7170,1773705082461.jpg,../outputs/rect_all\1773705082461.png,5419425c719cbe5c,20260929
2853,sheet_168.jpg,13,ok,3093,1776227342075.jpg,../outputs/rect_all\1776227342075.png,6d7e418bb63e4d81,20260929
2854,sheet_168.jpg,14,ok,4766,1776306600266.jpg,../outputs/rect_all\1776306600266.png,a99fee90586ea0f0,20260929
2855,sheet_168.jpg,15,ok,1144,1778032770750.jpg,../outputs/rect_all\1778032770750.png,4fd002a47f1077f4,20260929
2856,sheet_168.jpg,16,ok,4386,1776213617239.jpg,../outputs/rect_all\1776213617239.png,91950134b154bb5a,20260929
2857,sheet_169.jpg,0,ok,5683,1774574039860.jpg,../outputs/rect_all\1774574039860.png,57bed3d7c1dc291e,20260929
2858,sheet_169.jpg,1,ok,7027,1774325980171.jpg,../outputs/rect_all\1774325980171.png,84659184106197b9,20260929
2859,sheet_169.jpg,2,ok,5294,1778547403068.jpg,../outputs/rect_all\1778547403068.png,35999c6b87083252,20260929
2860,sheet_169.jpg,3,ok,2490,1777088400085.jpg,../outputs/rect_all\1777088400085.png,3a2e326763be1d40,20260929
2861,sheet_169.jpg,4,ok,4677,1776129642340.jpg,../outputs/rect_all\1776129642340.png,1a49cdcadbfd4441,20260929
2862,sheet_169.jpg,5,ok,3117,1776300253094.jpg,../outputs/rect_all\1776300253094.png,476cfb51fadcdd75,20260929
2863,sheet_169.jpg,6,ok,8060,1775865949310.jpg,../outputs/rect_all\1775865949310.png,fa14f85dc7fb60cf,20260929
2864,sheet_169.jpg,7,ok,7904,1775877734676.jpg,../outputs/rect_all\1775877734676.png,b2da8f3ec6d79aec,20260929
2865,sheet_169.jpg,8,ok,2171,1776387376849.jpg,../outputs/rect_all\1776387376849.png,6d4f569b8fee9dea,20260929
2866,sheet_169.jpg,9,ok,3967,1775702434928.jpg,../outputs/rect_all\1775702434928.png,6ce5b58bfafd010d,20260929
2867,sheet_169.jpg,10,ok,5923,1774408087646.jpg,../outputs/rect_all\1774408087646.png,29adf4e9766b4869,20260929
2868,sheet_169.jpg,11,ok,7916,1775875142049.jpg,../outputs/rect_all\1775875142049.png,676a8d17fae97c0b,20260929
2869,sheet_169.jpg,12,ok,7429,1774063810407.jpg,../outputs/rect_all\1774063810407.png,9b530a10dd7765bd,20260929
2870,sheet_169.jpg,13,ok,4892,1776050887678.jpg,../outputs/rect_all\1776050887678.png,3a971972af378d2f,20260929
2871,sheet_169.jpg,14,ok,4705,1776130665192.jpg,../outputs/rect_all\1776130665192.png,9b2a063f0984f01c,20260929
2872,sheet_169.jpg,15,ok,1086,1777945877454.jpg,../outputs/rect_all\1777945877454.png,bec5bc4d73cf91bc,20260929
2873,sheet_169.jpg,16,ok,6447,1774322264519.jpg,../outputs/rect_all\1774322264519.png,854a4f8e1da9c5a7,20260929
2874,sheet_170.jpg,0,ok,5995,1774595253156.jpg,../outputs/rect_all\1774595253156.png,afe751d32835a917,20260929
2875,sheet_170.jpg,1,ok,6993,1774320814232.jpg,../outputs/rect_all\1774320814232.png,0a794586cb6426a8,20260929
2876,sheet_170.jpg,2,ok,2669,1776307681001.jpg,../outputs/rect_all\1776307681001.png,682dabd6fa4a37e1,20260929
2877,sheet_170.jpg,3,ok,3790,1775699251371.jpg,../outputs/rect_all\1775699251371.png,eadfcb463633dd6b,20260929
2878,sheet_170.jpg,4,ok,1217,1777341742709.jpg,../outputs/rect_all\1777341742709.png,734e0d934cd1266b,20260929
2879,sheet_170.jpg,5,ok,7278,1778719985353.jpg,../outputs/rect_all\1778719985353.png,d30087ca691257ae,20260929
2880,sheet_170.jpg,6,ok,5793,1774409950720.jpg,../outputs/rect_all\1774409950720.png,a84a4470ac1f594f,20260929
2881,sheet_170.jpg,7,ok,3973,1775875243329.jpg,../outputs/rect_all\1775875243329.png,ef5f7ba4c6944708,20260929
2882,sheet_170.jpg,8,ok,1977,1779231609869.jpg,../outputs/rect_all\1779231609869.png,43622c189f81ad0d,20260929
2883,sheet_170.jpg,9,ok,1071,1777943420495.jpg,../outputs/rect_all\1777943420495.png,f257daf8db4b06ef,20260929
2884,sheet_170.jpg,10,ok,3257,1776216610620.jpg,../outputs/rect_all\1776216610620.png,306bae9739555d49,20260929
2885,sheet_170.jpg,11,ok,702,1777596732146.jpg,../outputs/rect_all\1777596732146.png,a2e9b63a02636805,20260929
2886,sheet_170.jpg,12,ok,1594,1776998823286.jpg,../outputs/rect_all\1776998823286.png,42285641e4ee3707,20260929
2887,sheet_170.jpg,13,ok,4330,1776215301571.jpg,../outputs/rect_all\1776215301571.png,572c9b497674eddc,20260929
2888,sheet_170.jpg,14,ok,1858,1776989692479.jpg,../outputs/rect_all\1776989692479.png,ab030673cf28f30c,20260929
2889,sheet_170.jpg,15,ok,980,1777264518736.jpg,../outputs/rect_all\1777264518736.png,c3912315238c9620,20260929
2890,sheet_170.jpg,16,ok,4886,1775872402273.jpg,../outputs/rect_all\1775872402273.png,b39c5bc2206b3252,20260929
2891,sheet_171.jpg,0,ok,950,1777345580141.jpg,../outputs/rect_all\1777345580141.png,07502a6e48fb6fb9,20260929
2892,sheet_171.jpg,1,ok,1459,1778030608761.jpg,../outputs/rect_all\1778030608761.png,842af8ddcf3fad87,20260929
2893,sheet_171.jpg,2,ok,3554,1775526865274.jpg,../outputs/rect_all\1775526865274.png,b63bb0217755076e,20260929
2894,sheet_171.jpg,3,ok,6605,1773721873261.jpg,../outputs/rect_all\1773721873261.png,06997c831c1faf64,20260929
2895,sheet_171.jpg,4,ok,4819,1775874215481.jpg,../outputs/rect_all\1775874215481.png,a2ab6a02ec98e543,20260929
2896,sheet_171.jpg,5,ok,719,1777596887554.jpg,../outputs/rect_all\1777596887554.png,3a94178832a062f4,20260929
2897,sheet_171.jpg,6,ok,3424,1776824351418.jpg,../outputs/rect_all\1776824351418.png,ac1f6ca8206a3ca6,20260929
2898,sheet_171.jpg,7,ok,1373,1778205353210.jpg,../outputs/rect_all\1778205353210.png,19f8662c90b98b4f,20260929
2899,sheet_171.jpg,8,ok,4980,1775703066476.jpg,../outputs/rect_all\1775703066476.png,497f62696d9792bd,20260929
2900,sheet_171.jpg,9,ok,5174,1775864996679.jpg,../outputs/rect_all\1775864996679.png,c7fcb32a628c37a2,20260929
2901,sheet_171.jpg,10,ok,559,1777427914297.jpg,../outputs/rect_all\1777427914297.png,1d5983c640939fc1,20260929
2902,sheet_171.jpg,11,ok,3409,1776823346968.jpg,../outputs/rect_all\1776823346968.png,421eb6cc07658d38,20260929
2903,sheet_171.jpg,12,ok,1906,1776992404561.jpg,../outputs/rect_all\1776992404561.png,d2d344af1f0ffe49,20260929
2904,sheet_171.jpg,13,ok,124,1778117767606.jpg,../outputs/rect_all\1778117767606.png,8625d85fde42205a,20260929
2905,sheet_171.jpg,14,ok,1863,1776990663734.jpg,../outputs/rect_all\1776990663734.png,45c7a80e37f219e9,20260929
2906,sheet_171.jpg,15,ok,7373,1774060585608.jpg,../outputs/rect_all\1774060585608.png,c0e91991b8bb638c,20260929
2907,sheet_171.jpg,16,ok,1135,1778029696437.jpg,../outputs/rect_all\1778029696437.png,a1f1683616af7155,20260929
2908,sheet_172.jpg,0,ok,4282,1776132518743.jpg,../outputs/rect_all\1776132518743.png,ca261f5cdbaec295,20260929
2909,sheet_172.jpg,1,ok,8257,1773975153639.jpg,../outputs/rect_all\1773975153639.png,065ca43233733b5b,20260929
2910,sheet_172.jpg,2,ok,3782,1775698142887.jpg,../outputs/rect_all\1775698142887.png,5130870aaa001923,20260929
2911,sheet_172.jpg,3,ok,2128,1779089579546.jpg,../outputs/rect_all\1779089579546.png,59c03855fce7427c,20260929
2912,sheet_172.jpg,4,ok,5791,1774409513413.jpg,../outputs/rect_all\1774409513413.png,ed7b54f4451c9f0c,20260929
2913,sheet_172.jpg,5,ok,5876,1774405653791.jpg,../outputs/rect_all\1774405653791.png,3545d771bef07828,20260929
2914,sheet_172.jpg,6,ok,7729,1776473321567.jpg,../outputs/rect_all\1776473321567.png,b53c613a5e05b2d0,20260929
2915,sheet_172.jpg,7,ok,8194,1773972755708.jpg,../outputs/rect_all\1773972755708.png,5a6fbefe91046712,20260929
2916,sheet_172.jpg,8,ok,7121,1773708539542.jpg,../outputs/rect_all\1773708539542.png,63e1ce4d832e62da,20260929
2917,sheet_172.jpg,9,ok,7241,1774576252967.jpg,../outputs/rect_all\1774576252967.png,e589c89122bb4c93,20260929
2918,sheet_172.jpg,10,ok,3278,1776301767407.jpg,../outputs/rect_all\1776301767407.png,827a8bf4cc6edc6e,20260929
2919,sheet_172.jpg,11,ok,6267,1774493369177.jpg,../outputs/rect_all\1774493369177.png,278cee0ce401801a,20260929
2920,sheet_172.jpg,12,ok,7421,1774061018321.jpg,../outputs/rect_all\1774061018321.png,ff332218785d58d3,20260929
2921,sheet_172.jpg,13,ok,4772,1776304925292.jpg,../outputs/rect_all\1776304925292.png,e0d4e34575d74f48,20260929
2922,sheet_172.jpg,14,ok,5706,1774666141532.jpg,../outputs/rect_all\1774666141532.png,76bd17371f9f5ad1,20260929
2923,sheet_172.jpg,15,ok,456,1777423264275.jpg,../outputs/rect_all\1777423264275.png,ce09746e7998c108,20260929
2924,sheet_172.jpg,16,ok,7023,1774056068884.jpg,../outputs/rect_all\1774056068884.png,f2c08a3146e5818d,20260929
2925,sheet_173.jpg,0,ok,700,1777688256063.jpg,../outputs/rect_all\1777688256063.png,1e6d45dcebfaf331,20260929
2926,sheet_173.jpg,1,ok,7942,1775884820756.jpg,../outputs/rect_all\1775884820756.png,92f5047bb2b60d62,20260929
2927,sheet_173.jpg,2,ok,4295,1776135262870.jpg,../outputs/rect_all\1776135262870.png,4b1b7d90fded0b36,20260929
2928,sheet_173.jpg,3,ok,7215,1773706408576.jpg,../outputs/rect_all\1773706408576.png,c86ef79e7ebf8051,20260929
2929,sheet_173.jpg,4,ok,6335,1774491588134.jpg,../outputs/rect_all\1774491588134.png,45de4790548aa305,20260929
2930,sheet_173.jpg,5,ok,6311,1774404896405.jpg,../outputs/rect_all\1774404896405.png,10650596c0183ac8,20260929
2931,sheet_173.jpg,6,ok,184,1777688643252.jpg,../outputs/rect_all\1777688643252.png,ac5889cd6e74280d,20260929
2932,sheet_173.jpg,7,ok,6254,1774404636064.jpg,../outputs/rect_all\1774404636064.png,d8df2ef49fa5a17d,20260929
2933,sheet_173.jpg,8,ok,1145,1778032801680.jpg,../outputs/rect_all\1778032801680.png,8a3f2274993f8a4d,20260929
2934,sheet_173.jpg,9,ok,6811,1775610913800.jpg,../outputs/rect_all\1775610913800.png,c4503d23983639ee,20260929
2935,sheet_173.jpg,10,ok,2177,1776399176457.jpg,../outputs/rect_all\1776399176457.png,ebed5bac9fbdb6cc,20260929
2936,sheet_173.jpg,11,ok,2533,1776749899227.jpg,../outputs/rect_all\1776749899227.png,6ddd817447da17a3,20260929
2937,sheet_173.jpg,12,ok,3985,1775875699770.jpg,../outputs/rect_all\1775875699770.png,e1bcd0ba76605c80,20260929
2938,sheet_173.jpg,13,ok,5858,1774405538865.jpg,../outputs/rect_all\1774405538865.png,eb4b0419227b2d3c,20260929
2939,sheet_173.jpg,14,ok,6282,1774405624640.jpg,../outputs/rect_all\1774405624640.png,c05b24f5f8fd539a,20260929
2940,sheet_173.jpg,15,ok,1950,1779229836091.jpg,../outputs/rect_all\1779229836091.png,5e86ebeab38e54dd,20260929
2941,sheet_173.jpg,16,ok,7901,1775887576838.jpg,../outputs/rect_all\1775887576838.png,4d652e1fbf2476b9,20260929
2942,sheet_174.jpg,0,ok,5844,1774487545411.jpg,../outputs/rect_all\1774487545411.png,289ef5b5f8888f31,20260929
2943,sheet_174.jpg,1,ok,7807,1773881687984.jpg,../outputs/rect_all\1773881687984.png,32cfc0508139617c,20260929
2944,sheet_174.jpg,2,ok,7528,1774669864603.jpg,../outputs/rect_all\1774669864603.png,22e7f426edd85b81,20260929
2945,sheet_174.jpg,3,ok,3231,1776305919619.jpg,../outputs/rect_all\1776305919619.png,e1001c16a5994a70,20260929
2946,sheet_174.jpg,4,ok,7548,1774323979562.jpg,../outputs/rect_all\1774323979562.png,3c2349cd0175ae2c,20260929
2947,sheet_174.jpg,5,ok,6543,1773725947569.jpg,../outputs/rect_all\1773725947569.png,ffee1882f001e200,20260929
2948,sheet_174.jpg,6,ok,687,1777597736145.jpg,../outputs/rect_all\1777597736145.png,b3a453f13d03acb4,20260929
2949,sheet_174.jpg,7,ok,2876,1776649980885.jpg,../outputs/rect_all\1776649980885.png,d60dac0e14232343,20260929
2950,sheet_174.jpg,8,ok,7898,1775888569287.jpg,../outputs/rect_all\1775888569287.png,6a0e834d96b72eea,20260929
2951,sheet_174.jpg,9,ok,3539,1775526173340.jpg,../outputs/rect_all\1775526173340.png,031d007584cbdec3,20260929
2952,sheet_174.jpg,10,ok,5974,1774594651075.jpg,../outputs/rect_all\1774594651075.png,57d539b0e83efdc1,20260929
2953,sheet_174.jpg,11,ok,6996,1774054133895.jpg,../outputs/rect_all\1774054133895.png,213d1c0f0a389c0c,20260929
2954,sheet_174.jpg,12,ok,1221,1777254865114.jpg,../outputs/rect_all\1777254865114.png,07e1d875851a5934,20260929
2955,sheet_174.jpg,13,ok,6707,1775523240629.jpg,../outputs/rect_all\1775523240629.png,9f1a1313840ea042,20260929
2956,sheet_174.jpg,14,ok,707,1777688302619.jpg,../outputs/rect_all\1777688302619.png,212c3b8c01c4cee9,20260929
2957,sheet_174.jpg,15,ok,4252,1776134905155.jpg,../outputs/rect_all\1776134905155.png,6d18b9f9d5264000,20260929
2958,sheet_174.jpg,16,ok,3614,1775529281195.jpg,../outputs/rect_all\1775529281195.png,2eb923fdd49946be,20260929
2959,sheet_175.jpg,0,ok,1673,1776998673537.jpg,../outputs/rect_all\1776998673537.png,276ac26dff3af0b3,20260929
2960,sheet_175.jpg,1,ok,1802,1776735610494.jpg,../outputs/rect_all\1776735610494.png,930a46c1985e9d28,20260929
2961,sheet_175.jpg,2,ok,6581,1773795735922.jpg,../outputs/rect_all\1773795735922.png,eeb532068c535bd4,20260929
2962,sheet_175.jpg,3,ok,4844,1775871360045.jpg,../outputs/rect_all\1775871360045.png,3c9367308f2804cd,20260929
2963,sheet_175.jpg,4,ok,8148,1773880963228.jpg,../outputs/rect_all\1773880963228.png,523435a957ffbb39,20260929
2964,sheet_175.jpg,5,ok,8237,1773972323536.jpg,../outputs/rect_all\1773972323536.png,ceff2923e42cd819,20260929
2965,sheet_175.jpg,6,ok,1270,1777340570308.jpg,../outputs/rect_all\1777340570308.png,442f031496a5bad3,20260929
2966,sheet_175.jpg,7,ok,8155,1773879797015.jpg,../outputs/rect_all\1773879797015.png,e3b8c773c68b666b,20260929
2967,sheet_175.jpg,8,ok,4378,1776128275079.jpg,../outputs/rect_all\1776128275079.png,7693353d22517f01,20260929
2968,sheet_175.jpg,9,ok,5691,1774574383540.jpg,../outputs/rect_all\1774574383540.png,b5fb15f33b3d25c0,20260929
2969,sheet_175.jpg,10,ok,4337,1776132778515.jpg,../outputs/rect_all\1776132778515.png,297283093ad24207,20260929
2970,sheet_175.jpg,11,ok,179,1777945687876.jpg,../outputs/rect_all\1777945687876.png,a07fcc39e733ad53,20260929
2971,sheet_175.jpg,12,ok,4630,1776306064372.jpg,../outputs/rect_all\1776306064372.png,0ff1f03a1a900374,20260929
2972,sheet_175.jpg,13,ok,1751,1776647874705.jpg,../outputs/rect_all\1776647874705.png,86b36b9d3be82a27,20260929
2973,sheet_175.jpg,14,ok,3615,1775529310477.jpg,../outputs/rect_all\1775529310477.png,2e524a51c1804f6e,20260929
2974,sheet_175.jpg,15,ok,479,1777456037018.jpg,../outputs/rect_all\1777456037018.png,417e4e8d18a7f198,20260929
2975,sheet_175.jpg,16,ok,5495,1774055698478.jpg,../outputs/rect_all\1774055698478.png,36d39a8fd870977c,20260929
2976,sheet_176.jpg,0,ok,6532,1773808929549.jpg,../outputs/rect_all\1773808929549.png,b81aced2d40db3c7,20260929
2977,sheet_176.jpg,1,ok,7423,1774317105769.jpg,../outputs/rect_all\1774317105769.png,f8a6b59e2eb29e6c,20260929
2978,sheet_176.jpg,2,ok,8145,1773970616856.jpg,../outputs/rect_all\1773970616856.png,259f63351fd224f8,20260929
2979,sheet_176.jpg,3,ok,4414,1776127620773.jpg,../outputs/rect_all\1776127620773.png,5ed290251aa8f718,20260929
2980,sheet_176.jpg,4,ok,4658,1776129872283.jpg,../outputs/rect_all\1776129872283.png,e4fd9f76c566a07d,20260929
2981,sheet_176.jpg,5,ok,1875,1776998142497.jpg,../outputs/rect_all\1776998142497.png,47be54998de83c02,20260929
2982,sheet_176.jpg,6,ok,5854,1774405079210.jpg,../outputs/rect_all\1774405079210.png,bf005b2b44ac4de6,20260929
2983,sheet_176.jpg,7,ok,3811,1776476906355.jpg,../outputs/rect_all\1776476906355.png,1316d6faddb3cea2,20260929
2984,sheet_176.jpg,8,ok,4222,1775870809312.jpg,../outputs/rect_all\1775870809312.png,e55037e1b1ae1a61,20260929
2985,sheet_176.jpg,9,ok,1351,1778210068146.jpg,../outputs/rect_all\1778210068146.png,c656380b249171ad,20260929
2986,sheet_176.jpg,10,ok,4220,1776047761792.jpg,../outputs/rect_all\1776047761792.png,6a406e95d6ade489,20260929
2987,sheet_176.jpg,11,ok,4763,1776306238970.jpg,../outputs/rect_all\1776306238970.png,9060bea1050c928a,20260929
2988,sheet_176.jpg,12,ok,1446,1777424623727.jpg,../outputs/rect_all\1777424623727.png,73ad7d288271cd06,20260929
2989,sheet_176.jpg,13,ok,1358,1778203998789.jpg,../outputs/rect_all\1778203998789.png,bbb0d5c9e69a5d21,20260929
2990,sheet_176.jpg,14,ok,2186,1776470370534.jpg,../outputs/rect_all\1776470370534.png,6711d1f586f548a4,20260929
2991,sheet_176.jpg,15,ok,215,1777598532690.jpg,../outputs/rect_all\1777598532690.png,20cb16f1b1aedbbc,20260929
2992,sheet_176.jpg,16,ok,4259,1776215591838.jpg,../outputs/rect_all\1776215591838.png,aa97ea24a5711503,20260929
2993,sheet_177.jpg,0,ok,1212,1777344287947.jpg,../outputs/rect_all\1777344287947.png,9591d3bdaee2344e,20260929
2994,sheet_177.jpg,1,ok,6018,1774583107881.jpg,../outputs/rect_all\1774583107881.png,d19adb65714269f8,20260929
2995,sheet_177.jpg,2,ok,2153,1776388312469.jpg,../outputs/rect_all\1776388312469.png,b311b55e0254c3da,20260929
2996,sheet_177.jpg,3,ok,7379,1774319082450.jpg,../outputs/rect_all\1774319082450.png,903571faa5c89995,20260929
2997,sheet_177.jpg,4,ok,5716,1774577313664.jpg,../outputs/rect_all\1774577313664.png,05a4b6ff53d98891,20260929
2998,sheet_177.jpg,5,ok,3384,1776219181920.jpg,../outputs/rect_all\1776219181920.png,71895c3b770fa061,20260929
2999,sheet_177.jpg,6,ok,2743,1776386751248.jpg,../outputs/rect_all\1776386751248.png,f2109d353b06a842,20260929
3000,sheet_177.jpg,7,ok,5921,1774407708725.jpg,../outputs/rect_all\1774407708725.png,e2d0f7b01f0eaf85,20260929
3001,sheet_177.jpg,8,ok,3283,1776216745174.jpg,../outputs/rect_all\1776216745174.png,ffbf7e8ae7d73032,20260929
3002,sheet_177.jpg,9,ok,4100,1776307265715.jpg,../outputs/rect_all\1776307265715.png,40ad3cf327a062f2,20260929
3003,sheet_177.jpg,10,ok,2036,1776824327473.jpg,../outputs/rect_all\1776824327473.png,2c76a3abc14c6a5e,20260929
3004,sheet_177.jpg,11,ok,4761,1776307371717.jpg,../outputs/rect_all\1776307371717.png,80e5a9ac1729b4bd,20260929
3005,sheet_177.jpg,12,ok,705,1777864356729.jpg,../outputs/rect_all\1777864356729.png,bc6373e777ae33ec,20260929
3006,sheet_177.jpg,13,ok,5775,1774405235442.jpg,../outputs/rect_all\1774405235442.png,4ac3f77016415939,20260929
3007,sheet_177.jpg,14,ok,1839,1776990221269.jpg,../outputs/rect_all\1776990221269.png,170025c7fdcdab51,20260929
3008,sheet_177.jpg,15,ok,7240,1774576224271.jpg,../outputs/rect_all\1774576224271.png,7827091e4ce74b29,20260929
3009,sheet_177.jpg,16,ok,7414,1774061442583.jpg,../outputs/rect_all\1774061442583.png,dcef11ee7a9ba508,20260929
3010,sheet_178.jpg,0,ok,353,1777950168166.jpg,../outputs/rect_all\1777950168166.png,5356ef692f004517,20260929
3011,sheet_178.jpg,1,ok,7155,1773711853500.jpg,../outputs/rect_all\1773711853500.png,58d3b793b5c1caf5,20260929
3012,sheet_178.jpg,2,ok,4760,1776307354849.jpg,../outputs/rect_all\1776307354849.png,45a7014d9910a325,20260929
3013,sheet_178.jpg,3,ok,7890,1776051765762.jpg,../outputs/rect_all\1776051765762.png,b43058db6c8a73d9,20260929
3014,sheet_178.jpg,4,ok,971,1777254325755.jpg,../outputs/rect_all\1777254325755.png,faa61f34b020d0fc,20260929
3015,sheet_178.jpg,5,ok,8169,1773880474048.jpg,../outputs/rect_all\1773880474048.png,32795b45b86936b9,20260929
3016,sheet_178.jpg,6,ok,8264,1773882161987.jpg,../outputs/rect_all\1773882161987.png,5bc5f156a8981f28,20260929
3017,sheet_178.jpg,7,ok,7544,1774323328983.jpg,../outputs/rect_all\1774323328983.png,2540341ed90759b3,20260929
3018,sheet_178.jpg,8,ok,5779,1774411435278.jpg,../outputs/rect_all\1774411435278.png,bda58fdf86f2325a,20260929
3019,sheet_178.jpg,9,ok,3266,1779153766743.jpg,../outputs/rect_all\1779153766743.png,ab40834c153b892e,20260929
3020,sheet_178.jpg,10,ok,4852,1775871951370.jpg,../outputs/rect_all\1775871951370.png,0f2468b4b13bd091,20260929
3021,sheet_178.jpg,11,ok,1597,1777081515115.jpg,../outputs/rect_all\1777081515115.png,cab933fad138dc65,20260929
3022,sheet_178.jpg,12,ok,3404,1776910901145.jpg,../outputs/rect_all\1776910901145.png,c1e320a6bce090e6,20260929
3023,sheet_178.jpg,13,ok,579,1777598240179.jpg,../outputs/rect_all\1777598240179.png,e055f660c576f51c,20260929
3024,sheet_178.jpg,14,ok,1450,1777425006135.jpg,../outputs/rect_all\1777425006135.png,5707c6d4621ed292,20260929
3025,sheet_178.jpg,15,ok,5879,1774405966232.jpg,../outputs/rect_all\1774405966232.png,10277c4625dd3cbb,20260929
3026,sheet_178.jpg,16,ok,5496,1774055729973.jpg,../outputs/rect_all\1774055729973.png,506d8558dd9b8023,20260929
3027,sheet_179.jpg,0,ok,4108,1776308602175.jpg,../outputs/rect_all\1776308602175.png,8e365323fedbba4d,20260929
3028,sheet_179.jpg,1,ok,2225,1779159744156.jpg,../outputs/rect_all\1779159744156.png,bc2aac7d0682eb3c,20260929
3029,sheet_179.jpg,2,ok,3958,1775785707276.jpg,../outputs/rect_all\1775785707276.png,ff793aea87abca86,20260929
3030,sheet_179.jpg,3,ok,2167,1779162250650.jpg,../outputs/rect_all\1779162250650.png,3c8367d6cd490684,20260929
3031,sheet_179.jpg,4,ok,5834,1774409896223.jpg,../outputs/rect_all\1774409896223.png,20be8a7e21578a96,20260929
3032,sheet_179.jpg,5,ok,5991,1778639606797.jpg,../outputs/rect_all\1778639606797.png,2f13af289e670d74,20260929
3033,sheet_179.jpg,6,ok,6587,1773796298813.jpg,../outputs/rect_all\1773796298813.png,d5525353a9f72a48,20260929
3034,sheet_179.jpg,7,ok,5760,1774405794745.jpg,../outputs/rect_all\1774405794745.png,b8957128e404cda7,20260929
3035,sheet_179.jpg,8,ok,2393,1776394223251.jpg,../outputs/rect_all\1776394223251.png,e0dd80c83a59d167,20260929
3036,sheet_179.jpg,9,ok,2229,1776469720962.jpg,../outputs/rect_all\1776469720962.png,565ebaff67068bed,20260929
3037,sheet_179.jpg,10,ok,2222,1776398715462.jpg,../outputs/rect_all\1776398715462.png,7a696dd9f1ed1a38,20260929
3038,sheet_179.jpg,11,ok,7481,1774321393379.jpg,../outputs/rect_all\1774321393379.png,f47f67e06de43844,20260929
3039,sheet_179.jpg,12,ok,2139,1779091306071.jpg,../outputs/rect_all\1779091306071.png,09539f2fb9e7f7de,20260929
3040,sheet_179.jpg,13,ok,6791,1775524601717.jpg,../outputs/rect_all\1775524601717.png,8d7b0d4dca64e5be,20260929
3041,sheet_179.jpg,14,ok,4387,1776213642191.jpg,../outputs/rect_all\1776213642191.png,8a8f3ea25c755ad8,20260929
3042,sheet_179.jpg,15,ok,1238,1777340516598.jpg,../outputs/rect_all\1777340516598.png,2707c1cb52be633f,20260929
3043,sheet_179.jpg,16,ok,4031,1776306227474.jpg,../outputs/rect_all\1776306227474.png,548dfe099c0d06db,20260929
3044,sheet_180.jpg,0,ok,6301,1774404695964.jpg,../outputs/rect_all\1774404695964.png,c97d48e99f256ec8,20260929
3045,sheet_180.jpg,1,ok,7391,1774063087742.jpg,../outputs/rect_all\1774063087742.png,13335da165a7c6c1,20260929
3046,sheet_180.jpg,2,ok,354,1777265039968.jpg,../outputs/rect_all\1777265039968.png,3bb388456ca45c2c,20260929
3047,sheet_180.jpg,3,ok,516,1777427031548.jpg,../outputs/rect_all\1777427031548.png,20c32cb01fcf5b54,20260929
3048,sheet_180.jpg,4,ok,4631,1776306094903.jpg,../outputs/rect_all\1776306094903.png,c9d1b3ef127d74e7,20260929
3049,sheet_180.jpg,5,ok,592,1778292080842.jpg,../outputs/rect_all\1778292080842.png,8d9632a8edf725ea,20260929
3050,sheet_180.jpg,6,ok,2109,1779092517323.jpg,../outputs/rect_all\1779092517323.png,9a4f38a507ea00cc,20260929
3051,sheet_180.jpg,7,ok,485,1777424500448.jpg,../outputs/rect_all\1777424500448.png,fd61f6447b962b30,20260929
3052,sheet_180.jpg,8,ok,3151,1776819469331.jpg,../outputs/rect_all\1776819469331.png,f45d89c882ecd590,20260929
3053,sheet_180.jpg,9,ok,3916,1775704624372.jpg,../outputs/rect_all\1775704624372.png,eff3340ec9356f92,20260929
3054,sheet_180.jpg,10,ok,1256,1777341862412.jpg,../outputs/rect_all\1777341862412.png,6ebe12e7b93bf32a,20260929
3055,sheet_180.jpg,11,ok,7044,1774321672985.jpg,../outputs/rect_all\1774321672985.png,658e3c7ed6a209cc,20260929
3056,sheet_180.jpg,12,ok,561,1777426952170.jpg,../outputs/rect_all\1777426952170.png,63e1e61e4d8f40ba,20260929
3057,sheet_180.jpg,13,ok,3785,1775790081418.jpg,../outputs/rect_all\1775790081418.png,16bd5caa32568edb,20260929
3058,sheet_180.jpg,14,ok,4320,1776136646686.jpg,../outputs/rect_all\1776136646686.png,5f39c903766a8aec,20260929
3059,sheet_180.jpg,15,ok,4277,1776133335871.jpg,../outputs/rect_all\1776133335871.png,a7c4e515a22e83f6,20260929
3060,sheet_180.jpg,16,ok,3242,1779153927646.jpg,../outputs/rect_all\1779153927646.png,e07083ae13e881ea,20260929
3061,sheet_181.jpg,0,ok,746,1777595451943.jpg,../outputs/rect_all\1777595451943.png,65e735256cefc4f1,20260929
3062,sheet_181.jpg,1,ok,3245,1776216656129.jpg,../outputs/rect_all\1776216656129.png,5365436fd1f51ee0,20260929
3063,sheet_181.jpg,2,ok,7704,1776473764555.jpg,../outputs/rect_all\1776473764555.png,65699d941a839a9b,20260929
3064,sheet_181.jpg,3,ok,6800,1775525261055.jpg,../outputs/rect_all\1775525261055.png,e706b9cc874931f6,20260929
3065,sheet_181.jpg,4,ok,5993,1774582524329.jpg,../outputs/rect_all\1774582524329.png,daaccda8dbc5c206,20260929
3066,sheet_181.jpg,5,ok,3,1778292436793.jpg,../outputs/rect_all\1778292436793.png,2d17e49bff20a347,20260929
3067,sheet_181.jpg,6,ok,7112,1773711938502.jpg,../outputs/rect_all\1773711938502.png,69cfe39a281099ef,20260929
3068,sheet_181.jpg,7,ok,6524,1773719594926.jpg,../outputs/rect_all\1773719594926.png,c87d6af541d77982,20260929
3069,sheet_181.jpg,8,ok,547,1777507720215.jpg,../outputs/rect_all\1777507720215.png,b2ef5a2e01ff8cc1,20260929
3070,sheet_181.jpg,9,ok,7107,1773711497273.jpg,../outputs/rect_all\1773711497273.png,8eecd7797c5c0b7e,20260929
3071,sheet_181.jpg,10,ok,2994,1776215244770.jpg,../outputs/rect_all\1776215244770.png,004792bedc029b18,20260929
3072,sheet_181.jpg,11,ok,7177,1773707120744.jpg,../outputs/rect_all\1773707120744.png,1036edb5f1326689,20260929
3073,sheet_181.jpg,12,ok,4410,1776128359425.jpg,../outputs/rect_all\1776128359425.png,2fb7a40e02fea93d,20260929
3074,sheet_181.jpg,13,ok,2130,1776825695988.jpg,../outputs/rect_all\1776825695988.png,2c306b0994d3720f,20260929
3075,sheet_181.jpg,14,ok,580,1777598270640.jpg,../outputs/rect_all\1777598270640.png,684eaf3d36bb5c52,20260929
3076,sheet_181.jpg,15,ok,3651,1775526614247.jpg,../outputs/rect_all\1775526614247.png,f1b5af5cbf61e4ee,20260929
3077,sheet_181.jpg,16,ok,1678,1777081093436.jpg,../outputs/rect_all\1777081093436.png,8a86d3c5afc7733a,20260929
3078,sheet_182.jpg,0,ok,5768,1774407848609.jpg,../outputs/rect_all\1774407848609.png,15e271f0fb53d922,20260929
3079,sheet_182.jpg,1,ok,6635,1773795801073.jpg,../outputs/rect_all\1773795801073.png,a84cc4595ab29494,20260929
3080,sheet_182.jpg,2,ok,5002,1775702325985.jpg,../outputs/rect_all\1775702325985.png,372072f54d84990e,20260929
3081,sheet_182.jpg,3,ok,1009,1777253577746.jpg,../outputs/rect_all\1777253577746.png,5f1be8966074f3d8,20260929
3082,sheet_182.jpg,4,ok,5924,1774408109295.jpg,../outputs/rect_all\1774408109295.png,140e32620c841738,20260929
3083,sheet_182.jpg,5,ok,5104,1773797453542.jpg,../outputs/rect_all\1773797453542.png,1fcdd2e4a44ff43d,20260929
3084,sheet_182.jpg,6,ok,1236,1777255258309.jpg,../outputs/rect_all\1777255258309.png,b0b58bc081c9fd36,20260929
3085,sheet_182.jpg,7,ok,6778,1775524157376.jpg,../outputs/rect_all\1775524157376.png,6418313cbf00260e,20260929
3086,sheet_182.jpg,8,ok,6764,1775526158421.jpg,../outputs/rect_all\1775526158421.png,4e02964c9ff7af6a,20260929
3087,sheet_182.jpg,9,ok,313,1777262137555.jpg,../outputs/rect_all\1777262137555.png,523b1a44c466e667,20260929
3088,sheet_182.jpg,10,ok,7716,1776473986371.jpg,../outputs/rect_all\1776473986371.png,5036db656d1e582e,20260929
3089,sheet_182.jpg,11,ok,2759,1776388093581.jpg,../outputs/rect_all\1776388093581.png,96f517f37d94f2d8,20260929
3090,sheet_182.jpg,12,ok,1602,1777005698340.jpg,../outputs/rect_all\1777005698340.png,e9566d1821edff7f,20260929
3091,sheet_182.jpg,13,ok,4263,1776217437987.jpg,../outputs/rect_all\1776217437987.png,ff129ae565be355f,20260929
3092,sheet_182.jpg,14,ok,958,1777253226174.jpg,../outputs/rect_all\1777253226174.png,db4ad1410e2cb8b7,20260929
3093,sheet_182.jpg,15,ok,3733,1775788936858.jpg,../outputs/rect_all\1775788936858.png,55816dba9baad252,20260929
3094,sheet_182.jpg,16,ok,7137,1773804684909.jpg,../outputs/rect_all\1773804684909.png,fd9d65bfe37ed259,20260929
3095,sheet_183.jpg,0,ok,1323,1778206059617.jpg,../outputs/rect_all\1778206059617.png,da90931eba9296a3,20260929
3096,sheet_183.jpg,1,ok,7123,1773708587385.jpg,../outputs/rect_all\1773708587385.png,ae78178e39c15922,20260929
3097,sheet_183.jpg,2,ok,6991,1774320007993.jpg,../outputs/rect_all\1774320007993.png,1d0f5c834032f25f,20260929
3098,sheet_183.jpg,3,ok,2197,1776387465373.jpg,../outputs/rect_all\1776387465373.png,31294b4799457d67,20260929
3099,sheet_183.jpg,4,ok,2173,1776387414318.jpg,../outputs/rect_all\1776387414318.png,b2e222862ac41d23,20260929
3100,sheet_183.jpg,5,ok,7790,1776475237876.jpg,../outputs/rect_all\1776475237876.png,8bf9b9493b68af3e,20260929
3101,sheet_183.jpg,6,ok,198,1777689569893.jpg,../outputs/rect_all\1777689569893.png,f88bf35780d5ac4d,20260929
3102,sheet_183.jpg,7,ok,5881,1774405180714.jpg,../outputs/rect_all\1774405180714.png,8da8ac1cca4c6c13,20260929
3103,sheet_183.jpg,8,ok,5919,1774407667266.jpg,../outputs/rect_all\1774407667266.png,efe48d5095be4bd0,20260929
3104,sheet_183.jpg,9,ok,1998,1776919742417.jpg,../outputs/rect_all\1776919742417.png,2b377254c68dadb1,20260929
3105,sheet_183.jpg,10,ok,7203,1773796305102.jpg,../outputs/rect_all\1773796305102.png,ac49b6c668bdd617,20260929
3106,sheet_183.jpg,11,ok,1852,1776989589490.jpg,../outputs/rect_all\1776989589490.png,20c138107d737295,20260929
3107,sheet_183.jpg,12,ok,1412,1778206568360.jpg,../outputs/rect_all\1778206568360.png,19ddb9ab3623edd9,20260929
3108,sheet_183.jpg,13,ok,3420,1779246011264.jpg,../outputs/rect_all\1779246011264.png,fc0577514d292135,20260929
3109,sheet_183.jpg,14,ok,7737,1776476087832.jpg,../outputs/rect_all\1776476087832.png,acac721e072ea87e,20260929
3110,sheet_183.jpg,15,ok,4427,1776128813375.jpg,../outputs/rect_all\1776128813375.png,649ea873517a3b59,20260929
3111,sheet_183.jpg,16,ok,7366,1774317592905.jpg,../outputs/rect_all\1774317592905.png,6c18836d06e64fe4,20260929
3112,sheet_184.jpg,0,ok,4394,1776213100945.jpg,../outputs/rect_all\1776213100945.png,2035221c6e24360d,20260929
3113,sheet_184.jpg,1,ok,7179,1778555457541.jpg,../outputs/rect_all\1778555457541.png,f34f6d8540e9f0d3,20260929
3114,sheet_184.jpg,2,ok,725,1777689008860.jpg,../outputs/rect_all\1777689008860.png,4ec2e3d89ef4eaf6,20260929
3115,sheet_184.jpg,3,ok,5958,1774486217797.jpg,../outputs/rect_all\1774486217797.png,584c79cb35c22a2e,20260929
3116,sheet_184.jpg,4,ok,6857,1775527148911.jpg,../outputs/rect_all\1775527148911.png,0fab56c25f388d72,20260929
3117,sheet_184.jpg,5,ok,2013,1779089510853.jpg,../outputs/rect_all\1779089510853.png,89db3422445b4188,20260929
3118,sheet_184.jpg,6,ok,2010,1776910465553.jpg,../outputs/rect_all\1776910465553.png,8a03417103ae7ac7,20260929
3119,sheet_184.jpg,7,ok,4104,1776306030859.jpg,../outputs/rect_all\1776306030859.png,d8b08a6c58c03f89,20260929
3120,sheet_184.jpg,8,ok,1277,1777344665679.jpg,../outputs/rect_all\1777344665679.png,1441302489edc15f,20260929
3121,sheet_184.jpg,9,ok,5670,1774575338852.jpg,../outputs/rect_all\1774575338852.png,e23dc9eb27286a58,20260929
3122,sheet_184.jpg,10,ok,3256,1776216600352.jpg,../outputs/rect_all\1776216600352.png,a3cdf9e4f1cfa251,20260929
3123,sheet_184.jpg,11,ok,7286,1774573254150.jpg,../outputs/rect_all\1774573254150.png,b4eda73d61bfacfc,20260929
3124,sheet_184.jpg,12,ok,5848,1774404116394.jpg,../outputs/rect_all\1774404116394.png,e24b2ca3530c4dbc,20260929
3125,sheet_184.jpg,13,ok,450,1777422747594.jpg,../outputs/rect_all\1777422747594.png,e87bd187b66fa1f0,20260929
3126,sheet_184.jpg,14,ok,3839,1776478164846.jpg,../outputs/rect_all\1776478164846.png,22d58021c75b2f08,20260929
3127,sheet_184.jpg,15,ok,3228,1776215982319.jpg,../outputs/rect_all\1776215982319.png,cf5e27994e9bd7b8,20260929
3128,sheet_184.jpg,16,ok,6274,1774492993726.jpg,../outputs/rect_all\1774492993726.png,ef778a5df9a3f880,20260929
3129,sheet_185.jpg,0,ok,7525,1774668625861.jpg,../outputs/rect_all\1774668625861.png,92fd4c363757337e,20260929
3130,sheet_185.jpg,1,ok,8006,1776050785357.jpg,../outputs/rect_all\1776050785357.png,12486ba9efc4baac,20260929
3131,sheet_185.jpg,2,ok,7621,1774420565634.jpg,../outputs/rect_all\1774420565634.png,efaac5e31b2c5259,20260929
3132,sheet_185.jpg,3,ok,7395,1774061142860.jpg,../outputs/rect_all\1774061142860.png,c78e2699f1424bc0,20260929
3133,sheet_185.jpg,4,ok,2069,1776913112778.jpg,../outputs/rect_all\1776913112778.png,2088420eb1fc48f7,20260929
3134,sheet_185.jpg,5,ok,4425,1776128750654.jpg,../outputs/rect_all\1776128750654.png,e10c98854b6d8415,20260929
3135,sheet_185.jpg,6,ok,6059,1774581764615.jpg,../outputs/rect_all\1774581764615.png,185b10e0632efa25,20260929
3136,sheet_185.jpg,7,ok,3978,1776045017227.jpg,../outputs/rect_all\1776045017227.png,ee7cc5c258993343,20260929
3137,sheet_185.jpg,8,ok,7233,1774577012587.jpg,../outputs/rect_all\1774577012587.png,d63dd0d8cd6bf35d,20260929
3138,sheet_185.jpg,9,ok,1074,1777261139508.jpg,../outputs/rect_all\1777261139508.png,e62ba85082b92a9c,20260929
3139,sheet_185.jpg,10,ok,4711,1776217753070.jpg,../outputs/rect_all\1776217753070.png,f90b78455971af11,20260929
3140,sheet_185.jpg,11,ok,4822,1775875246406.jpg,../outputs/rect_all\1775875246406.png,03f73393468be184,20260929
3141,sheet_185.jpg,12,ok,3548,1775528036496.jpg,../outputs/rect_all\1775528036496.png,791a5d48674c7df3,20260929
3142,sheet_185.jpg,13,ok,1867,1776991638928.jpg,../outputs/rect_all\1776991638928.png,59e4357cff7d289c,20260929
3143,sheet_185.jpg,14,ok,6592,1773798417339.jpg,../outputs/rect_all\1773798417339.png,1597b0ace7da6705,20260929
3144,sheet_185.jpg,15,ok,6631,1773800127066.jpg,../outputs/rect_all\1773800127066.png,470db85a4d455af7,20260929
3145,sheet_185.jpg,16,ok,3421,1776910949273.jpg,../outputs/rect_all\1776910949273.png,800450516967b9d5,20260929
3146,sheet_186.jpg,0,ok,4029,1779237383122.jpg,../outputs/rect_all\1779237383122.png,cad02217fa5bdea7,20260929
3147,sheet_186.jpg,1,ok,4268,1776213322249.jpg,../outputs/rect_all\1776213322249.png,985b5d6156b67908,20260929
3148,sheet_186.jpg,2,ok,6546,1773722640581.jpg,../outputs/rect_all\1773722640581.png,f606d92b15e76835,20260929
3149,sheet_186.jpg,3,ok,6792,1775610979183.jpg,../outputs/rect_all\1775610979183.png,77f345f32555c3c1,20260929
3150,sheet_186.jpg,4,ok,2157,1776398462758.jpg,../outputs/rect_all\1776398462758.png,75c1c3c1f818ddbd,20260929
3151,sheet_186.jpg,5,ok,3976,1775874420713.jpg,../outputs/rect_all\1775874420713.png,a46ba8d778837de2,20260929
3152,sheet_186.jpg,6,ok,4278,1776133354441.jpg,../outputs/rect_all\1776133354441.png,26365b45dd0bbbf3,20260929
3153,sheet_186.jpg,7,ok,7239,1774576592196.jpg,../outputs/rect_all\1774576592196.png,49c7961d59a5b929,20260929
3154,sheet_186.jpg,8,ok,4906,1775525229526.jpg,../outputs/rect_all\1775525229526.png,7b9c9ad745a66940,20260929
3155,sheet_186.jpg,9,ok,4255,1776216370068.jpg,../outputs/rect_all\1776216370068.png,9f8b29c33338a51c,20260929
3156,sheet_186.jpg,10,ok,3639,1775525561172.jpg,../outputs/rect_all\1775525561172.png,1ebb466876390098,20260929
3157,sheet_186.jpg,11,ok,711,1777863937717.jpg,../outputs/rect_all\1777863937717.png,98f087f976c30aba,20260929
3158,sheet_186.jpg,12,ok,6927,1775534475004.jpg,../outputs/rect_all\1775534475004.png,49ca06676fae6926,20260929
3159,sheet_186.jpg,13,ok,1241,1777254632017.jpg,../outputs/rect_all\1777254632017.png,0edd7ee3da1d52ea,20260929
3160,sheet_186.jpg,14,ok,1339,1778203903700.jpg,../outputs/rect_all\1778203903700.png,d7e47e939726906f,20260929
3161,sheet_186.jpg,15,ok,2882,1776651710956.jpg,../outputs/rect_all\1776651710956.png,3039ee8675c78910,20260929
3162,sheet_186.jpg,16,ok,7878,1775875013934.jpg,../outputs/rect_all\1775875013934.png,0d6520a21ccb3924,20260929
3163,sheet_187.jpg,0,ok,6804,1775524429728.jpg,../outputs/rect_all\1775524429728.png,d93d3d693af6d82b,20260929
3164,sheet_187.jpg,1,ok,209,1777599949113.jpg,../outputs/rect_all\1777599949113.png,526e58eea185097f,20260929
3165,sheet_187.jpg,2,ok,5502,1774318578056.jpg,../outputs/rect_all\1774318578056.png,d45b5bac9d3a86b8,20260929
3166,sheet_187.jpg,3,ok,8288,1775781161811.jpg,../outputs/rect_all\1775781161811.png,b3ae62f94dbf2c38,20260929
3167,sheet_187.jpg,4,ok,6604,1773721806677.jpg,../outputs/rect_all\1773721806677.png,069f0f65622dd70f,20260929
3168,sheet_187.jpg,5,ok,3815,1776478691188.jpg,../outputs/rect_all\1776478691188.png,cfc33488db04949f,20260929
3169,sheet_187.jpg,6,ok,2127,1779089560372.jpg,../outputs/rect_all\1779089560372.png,0068142bdea9b002,20260929
3170,sheet_187.jpg,7,ok,3860,1775699445530.jpg,../outputs/rect_all\1775699445530.png,15d120a8e0b681ff,20260929
3171,sheet_187.jpg,8,ok,175,1777600228038.jpg,../outputs/rect_all\1777600228038.png,21ef0774961ac8dc,20260929
3172,sheet_187.jpg,9,ok,7482,1774321428931.jpg,../outputs/rect_all\1774321428931.png,a799bdfacb411d46,20260929
3173,sheet_187.jpg,10,ok,938,1777254692629.jpg,../outputs/rect_all\1777254692629.png,73731fceb6bce0ec,20260929
3174,sheet_187.jpg,11,ok,5776,1774411038070.jpg,../outputs/rect_all\1774411038070.png,3a15b0c0a5625f3b,20260929
3175,sheet_187.jpg,12,ok,3754,1775698712387.jpg,../outputs/rect_all\1775698712387.png,9329e8018d69198d,20260929
3176,sheet_187.jpg,13,ok,4794,1776308251360.jpg,../outputs/rect_all\1776308251360.png,b4a99c0f657c2f78,20260929
3177,sheet_187.jpg,14,ok,3718,1775697798788.jpg,../outputs/rect_all\1775697798788.png,dfe5186e889d19db,20260929
3178,sheet_187.jpg,15,ok,3849,1775789577058.jpg,../outputs/rect_all\1775789577058.png,b61e79c2af14dccd,20260929
3179,sheet_187.jpg,16,ok,3277,1776228947186.jpg,../outputs/rect_all\1776228947186.png,fcc0d4fac187cd5b,20260929
3180,sheet_188.jpg,0,ok,3273,1776216135171.jpg,../outputs/rect_all\1776216135171.png,23dceb570faf1913,20260929
3181,sheet_188.jpg,1,ok,1840,1776990239014.jpg,../outputs/rect_all\1776990239014.png,f70a86b2a85c5983,20260929
3182,sheet_188.jpg,2,ok,4342,1776217575728.jpg,../outputs/rect_all\1776217575728.png,52b2d8e12bc982ce,20260929
3183,sheet_188.jpg,3,ok,1350,1778206650546.jpg,../outputs/rect_all\1778206650546.png,1dd94000c883ff7d,20260929
3184,sheet_188.jpg,4,ok,3276,1776228937587.jpg,../outputs/rect_all\1776228937587.png,4334eced54d4c12a,20260929
3185,sheet_188.jpg,5,ok,1908,1776992610335.jpg,../outputs/rect_all\1776992610335.png,60103bd185c327b6,20260929
3186,sheet_188.jpg,6,ok,1555,1778031282577.jpg,../outputs/rect_all\1778031282577.png,eaf8fdda5a776071,20260929
3187,sheet_188.jpg,7,ok,6294,1774492831256.jpg,../outputs/rect_all\1774492831256.png,e424225997e9ce40,20260929
3188,sheet_188.jpg,8,ok,7535,1774060216786.jpg,../outputs/rect_all\1774060216786.png,09b5855f4186aa40,20260929
3189,sheet_188.jpg,9,ok,6817,1775525448453.jpg,../outputs/rect_all\1775525448453.png,40d9e11ecb463fa6,20260929
3190,sheet_188.jpg,10,ok,1378,1778204660956.jpg,../outputs/rect_all\1778204660956.png,cc900aadc01c1e3f,20260929
3191,sheet_188.jpg,11,ok,3053,1776212891833.jpg,../outputs/rect_all\1776212891833.png,6508f45351d3acae,20260929
3192,sheet_188.jpg,12,ok,8330,1775703261585.jpg,../outputs/rect_all\1775703261585.png,797a500d3c9807f4,20260929
3193,sheet_188.jpg,13,ok,3707,1775697529959.jpg,../outputs/rect_all\1775697529959.png,3e3edf78f0784688,20260929
3194,sheet_188.jpg,14,ok,4703,1776215150446.jpg,../outputs/rect_all\1776215150446.png,a9aed691d340703e,20260929
3195,sheet_188.jpg,15,ok,8298,1775703719647.jpg,../outputs/rect_all\1775703719647.png,f35beb6a3138ad2d,20260929
3196,sheet_188.jpg,16,ok,4377,1776128257830.jpg,../outputs/rect_all\1776128257830.png,36161c6711788d36,20260929
3197,sheet_189.jpg,0,ok,8304,1775783604564.jpg,../outputs/rect_all\1775783604564.png,29f38918f6704713,20260929
3198,sheet_189.jpg,1,ok,8312,1775781551515.jpg,../outputs/rect_all\1775781551515.png,827c0fc2599dbf10,20260929
3199,sheet_189.jpg,2,ok,4739,1776215266467.jpg,../outputs/rect_all\1776215266467.png,0d05c95067c5fece,20260929
3200,sheet_189.jpg,3,ok,4188,1775869869020.jpg,../outputs/rect_all\1775869869020.png,f855ea2b9e159656,20260929
3201,sheet_189.jpg,4,ok,3808,1776477269330.jpg,../outputs/rect_all\1776477269330.png,a8fba465b4442fa4,20260929
3202,sheet_189.jpg,5,ok,3893,1775704059900.jpg,../outputs/rect_all\1775704059900.png,e91bf30dd13d2d29,20260929
3203,sheet_189.jpg,6,ok,7184,1773707833690.jpg,../outputs/rect_all\1773707833690.png,76de7ae98e6971ac,20260929
3204,sheet_189.jpg,7,ok,87,1778121245305.jpg,../outputs/rect_all\1778121245305.png,18ac250d0788a654,20260929
3205,sheet_189.jpg,8,ok,8220,1773968822378.jpg,../outputs/rect_all\1773968822378.png,722463b5ccb5c823,20260929
3206,sheet_189.jpg,9,ok,6661,1773724047324.jpg,../outputs/rect_all\1773724047324.png,2eda0bd3db6b3db7,20260929
3207,sheet_189.jpg,10,ok,3560,1775528930429.jpg,../outputs/rect_all\1775528930429.png,fc39dca4f716a8d6,20260929
3208,sheet_189.jpg,11,ok,2021,1776911525845.jpg,../outputs/rect_all\1776911525845.png,9dc07ddc9afab906,20260929
3209,sheet_189.jpg,12,ok,2746,1776388398699.jpg,../outputs/rect_all\1776388398699.png,81925c5779422296,20260929
3210,sheet_189.jpg,13,ok,1552,1777426578774.jpg,../outputs/rect_all\1777426578774.png,8ab98e6520ecab21,20260929
3211,sheet_189.jpg,14,ok,5828,1774487615562.jpg,../outputs/rect_all\1774487615562.png,f41795171216f9c3,20260929
3212,sheet_189.jpg,15,ok,698,1777601697271.jpg,../outputs/rect_all\1777601697271.png,20fca9e960423b9d,20260929
3213,sheet_189.jpg,16,ok,2,1778292405639.jpg,../outputs/rect_all\1778292405639.png,a3dafb220334210b,20260929
3214,sheet_190.jpg,0,ok,6917,1775526065276.jpg,../outputs/rect_all\1775526065276.png,71dc725b75eea079,20260929
3215,sheet_190.jpg,1,ok,937,1777254666401.jpg,../outputs/rect_all\1777254666401.png,dfea7d13fe4f6aa3,20260929
3216,sheet_190.jpg,2,ok,1377,1778204049398.jpg,../outputs/rect_all\1778204049398.png,d823bcedd9beefa3,20260929
3217,sheet_190.jpg,3,ok,1432,1777425230051.jpg,../outputs/rect_all\1777425230051.png,73dc6d5479d9a555,20260929
3218,sheet_190.jpg,4,ok,961,1777344337156.jpg,../outputs/rect_all\1777344337156.png,b633ddb45ef3dce7,20260929
3219,sheet_190.jpg,5,ok,8261,1773969347012.jpg,../outputs/rect_all\1773969347012.png,0fdbef7c9e9f6863,20260929
3220,sheet_190.jpg,6,ok,216,1777948540990.jpg,../outputs/rect_all\1777948540990.png,490d85d563c24403,20260929
3221,sheet_190.jpg,7,ok,1087,1777255112802.jpg,../outputs/rect_all\1777255112802.png,d040882d3a83c724,20260929
3222,sheet_190.jpg,8,ok,4593,1776307445416.jpg,../outputs/rect_all\1776307445416.png,4259ff5ffe57d557,20260929
3223,sheet_190.jpg,9,ok,3837,1776477963886.jpg,../outputs/rect_all\1776477963886.png,0e1e78e4220edd4b,20260929
3224,sheet_190.jpg,10,ok,2467,1777082770910.jpg,../outputs/rect_all\1777082770910.png,01467ca91080b39e,20260929
3225,sheet_190.jpg,11,ok,5754,1774405305892.jpg,../outputs/rect_all\1774405305892.png,35bb858a9e4cea62,20260929
3226,sheet_190.jpg,12,ok,5992,1774582508054.jpg,../outputs/rect_all\1774582508054.png,c5b18d431dd77a4c,20260929
3227,sheet_190.jpg,13,ok,7160,1773805512142.jpg,../outputs/rect_all\1773805512142.png,b541b28295300406,20260929
3228,sheet_190.jpg,14,ok,1326,1778210463286.jpg,../outputs/rect_all\1778210463286.png,96c80f2ada425b77,20260929
3229,sheet_190.jpg,15,ok,3528,1775524754881.jpg,../outputs/rect_all\1775524754881.png,f3ed90f555d248e3,20260929
3230,sheet_190.jpg,16,ok,6785,1775535225999.jpg,../outputs/rect_all\1775535225999.png,9a66668e32ad0a25,20260929
3231,sheet_191.jpg,0,ok,282,1777597464313.jpg,../outputs/rect_all\1777597464313.png,5c8a6977983058c6,20260929
3232,sheet_191.jpg,1,ok,1997,1779089338881.jpg,../outputs/rect_all\1779089338881.png,1f1c898da018a1d0,20260929
3233,sheet_191.jpg,2,ok,8300,1775700979516.jpg,../outputs/rect_all\1775700979516.png,15b4dbd3a9ed6990,20260929
3234,sheet_191.jpg,3,ok,4828,1775872968309.jpg,../outputs/rect_all\1775872968309.png,e1b185ca2371d753,20260929
3235,sheet_191.jpg,4,ok,4542,1776302371216.jpg,../outputs/rect_all\1776302371216.png,bc07a6bbda45e5f3,20260929
3236,sheet_191.jpg,5,ok,7411,1774060639634.jpg,../outputs/rect_all\1774060639634.png,284c9309e8725371,20260929
3237,sheet_191.jpg,6,ok,1003,1777254179845.jpg,../outputs/rect_all\1777254179845.png,12e1c074e2ba2c93,20260929
3238,sheet_191.jpg,7,ok,1341,1778210107307.jpg,../outputs/rect_all\1778210107307.png,3596e9ee749f9f08,20260929
3239,sheet_191.jpg,8,ok,6303,1774406853239.jpg,../outputs/rect_all\1774406853239.png,52434ec28c3b3bba,20260929
3240,sheet_191.jpg,9,ok,6663,1773801344873.jpg,../outputs/rect_all\1773801344873.png,88c750108cf5e50a,20260929
3241,sheet_191.jpg,10,ok,7701,1776472433118.jpg,../outputs/rect_all\1776472433118.png,760384b2e9463675,20260929
3242,sheet_191.jpg,11,ok,1163,1778032002100.jpg,../outputs/rect_all\1778032002100.png,ae1a1607469ff026,20260929
3243,sheet_191.jpg,12,ok,7531,1774059898274.jpg,../outputs/rect_all\1774059898274.png,d41d7539e421c73b,20260929
3244,sheet_191.jpg,13,ok,7128,1778553418798.jpg,../outputs/rect_all\1778553418798.png,71c258f89aef60f5,20260929
3245,sheet_191.jpg,14,ok,3285,1779154929540.jpg,../outputs/rect_all\1779154929540.png,92270715529ed9d8,20260929
3246,sheet_191.jpg,15,ok,2005,1776824649029.jpg,../outputs/rect_all\1776824649029.png,47d12d511f5d7dec,20260929
3247,sheet_191.jpg,16,ok,8179,1773890882316.jpg,../outputs/rect_all\1773890882316.png,8d29ed2cf36d9590,20260929
3248,sheet_192.jpg,0,ok,1243,1777344140639.jpg,../outputs/rect_all\1777344140639.png,ee90a591fcafd8eb,20260929
3249,sheet_192.jpg,1,ok,6302,1774404709367.jpg,../outputs/rect_all\1774404709367.png,b8dae96c0704c807,20260929
3250,sheet_192.jpg,2,ok,3720,1775790966959.jpg,../outputs/rect_all\1775790966959.png,ef74b2e7eec700ac,20260929
3251,sheet_192.jpg,3,ok,7797,1776475826152.jpg,../outputs/rect_all\1776475826152.png,1f8031ddf89ea4f7,20260929
3252,sheet_192.jpg,4,ok,3379,1776219126068.jpg,../outputs/rect_all\1776219126068.png,c859b18359e7e9b7,20260929
3253,sheet_192.jpg,5,ok,4762,1776307385961.jpg,../outputs/rect_all\1776307385961.png,3701b8d30c18d35e,20260929
3254,sheet_192.jpg,6,ok,7131,1773711296938.jpg,../outputs/rect_all\1773711296938.png,b9b4b8ff302eb477,20260929
3255,sheet_192.jpg,7,ok,6383,1774403737075.jpg,../outputs/rect_all\1774403737075.png,1926ce4453efc975,20260929
3256,sheet_192.jpg,8,ok,4334,1776214529629.jpg,../outputs/rect_all\1776214529629.png,c96d7f66e031423f,20260929
3257,sheet_192.jpg,9,ok,7390,1774063072066.jpg,../outputs/rect_all\1774063072066.png,20c4c58dfc95ab9b,20260929
3258,sheet_192.jpg,10,ok,5594,1774412211248.jpg,../outputs/rect_all\1774412211248.png,1e04467aee19cf28,20260929
3259,sheet_192.jpg,11,ok,1954,1776991150010.jpg,../outputs/rect_all\1776991150010.png,8658687940d3ae30,20260929
3260,sheet_192.jpg,12,ok,4047,1776306640845.jpg,../outputs/rect_all\1776306640845.png,0c29daa9ed71ddbe,20260929
3261,sheet_192.jpg,13,ok,6821,1775609307920.jpg,../outputs/rect_all\1775609307920.png,c8f66399fe47fe8b,20260929
3262,sheet_192.jpg,14,ok,475,1777424704630.jpg,../outputs/rect_all\1777424704630.png,bf0bfaa52cd137f0,20260929
3263,sheet_192.jpg,15,ok,1129,1778030678180.jpg,../outputs/rect_all\1778030678180.png,e151c7608ff34afc,20260929
3264,sheet_192.jpg,16,ok,894,1777517400737.jpg,../outputs/rect_all\1777517400737.png,35782fdae81c43f9,20260929
3265,sheet_193.jpg,0,ok,5513,1774055773592.jpg,../outputs/rect_all\1774055773592.png,749443cd37262ccd,20260929
3266,sheet_193.jpg,1,ok,4248,1776133203265.jpg,../outputs/rect_all\1776133203265.png,1532c81ff66f0679,20260929
3267,sheet_193.jpg,2,ok,3289,1776218810831.jpg,../outputs/rect_all\1776218810831.png,eddcb04e82d69c6d,20260929
3268,sheet_193.jpg,3,ok,781,1777597348800.jpg,../outputs/rect_all\1777597348800.png,af6bfcc37c25af80,20260929
3269,sheet_193.jpg,4,ok,4289,1776137764450.jpg,../outputs/rect_all\1776137764450.png,b8b02ec71cdaaf51,20260929
3270,sheet_193.jpg,5,ok,7759,1776474381897.jpg,../outputs/rect_all\1776474381897.png,9c7628f6869a11f6,20260929
3271,sheet_193.jpg,6,ok,4331,1776213624662.jpg,../outputs/rect_all\1776213624662.png,dcdeb94ca9bc3966,20260929
3272,sheet_193.jpg,7,ok,6257,1774404840399.jpg,../outputs/rect_all\1774404840399.png,ad7d6914d6c7525a,20260929
3273,sheet_193.jpg,8,ok,5074,1773708046134.jpg,../outputs/rect_all\1773708046134.png,10f34559a728699e,20260929
3274,sheet_193.jpg,9,ok,3578,1775529956265.jpg,../outputs/rect_all\1775529956265.png,85b2c78a697685fd,20260929
3275,sheet_193.jpg,10,ok,1348,1778210903984.jpg,../outputs/rect_all\1778210903984.png,cfcebb90e9d944fb,20260929
3276,sheet_193.jpg,11,ok,80,1778204665954.jpg,../outputs/rect_all\1778204665954.png,bfc4add2993a24db,20260929
3277,sheet_193.jpg,12,ok,3126,1776213185236.jpg,../outputs/rect_all\1776213185236.png,a96fb7a88ee9c953,20260929
3278,sheet_193.jpg,13,ok,8308,1775782933877.jpg,../outputs/rect_all\1775782933877.png,2a52ab9a225b77b4,20260929
3279,sheet_193.jpg,14,ok,3576,1775529570117.jpg,../outputs/rect_all\1775529570117.png,4c8d1461607be0b5,20260929
3280,sheet_193.jpg,15,ok,557,1777427433089.jpg,../outputs/rect_all\1777427433089.png,fb47d5a948fd6d4b,20260929
3281,sheet_193.jpg,16,ok,5504,1774056578548.jpg,../outputs/rect_all\1774056578548.png,2acc3694b3b5acca,20260929
3282,sheet_194.jpg,0,ok,2999,1779169679646.jpg,../outputs/rect_all\1779169679646.png,b02ef6e8e9eaded6,20260929
3283,sheet_194.jpg,1,ok,5640,1774413500889.jpg,../outputs/rect_all\1774413500889.png,b84da169f34ada13,20260929
3284,sheet_194.jpg,2,ok,8209,1773975943216.jpg,../outputs/rect_all\1773975943216.png,18279ca27f6b85fe,20260929
3285,sheet_194.jpg,3,ok,7246,1774577702762.jpg,../outputs/rect_all\1774577702762.png,c3fe61ec1317d102,20260929
3286,sheet_194.jpg,4,ok,3248,1776215851300.jpg,../outputs/rect_all\1776215851300.png,140bb88d40890ab2,20260929
3287,sheet_194.jpg,5,ok,3882,1775789712844.jpg,../outputs/rect_all\1775789712844.png,b21387159a79cbe0,20260929
3288,sheet_194.jpg,6,ok,8246,1773889371082.jpg,../outputs/rect_all\1773889371082.png,918ec7f42d083bc9,20260929
3289,sheet_194.jpg,7,ok,4679,1776130001228.jpg,../outputs/rect_all\1776130001228.png,7b52f91e8bc214a5,20260929
3290,sheet_194.jpg,8,ok,6767,1775610124243.jpg,../outputs/rect_all\1775610124243.png,041cc7e53033ab00,20260929
3291,sheet_194.jpg,9,ok,5519,1774320196215.jpg,../outputs/rect_all\1774320196215.png,b82baaa9a53b4324,20260929
3292,sheet_194.jpg,10,ok,7371,1774060554851.jpg,../outputs/rect_all\1774060554851.png,3e62246c4b98e776,20260929
3293,sheet_194.jpg,11,ok,5998,1774582949711.jpg,../outputs/rect_all\1774582949711.png,e19d24b61f271230,20260929
3294,sheet_194.jpg,12,ok,6942,1775536941517.jpg,../outputs/rect_all\1775536941517.png,f8cd92979afc4ba6,20260929
3295,sheet_194.jpg,13,ok,6786,1775608774792.jpg,../outputs/rect_all\1775608774792.png,6464172c3bf8248d,20260929
3296,sheet_194.jpg,14,ok,6928,1775527404259.jpg,../outputs/rect_all\1775527404259.png,22d11b07352ebc37,20260929
3297,sheet_194.jpg,15,ok,7193,1773796359057.jpg,../outputs/rect_all\1773796359057.png,990eebca7a9703dc,20260929
3298,sheet_194.jpg,16,ok,5018,1775699829199.jpg,../outputs/rect_all\1775699829199.png,cd212557de60c107,20260929
3299,sheet_195.jpg,0,ok,2872,1776733843161.jpg,../outputs/rect_all\1776733843161.png,70e2cec24dd310e6,20260929
3300,sheet_195.jpg,1,ok,5789,1774409474608.jpg,../outputs/rect_all\1774409474608.png,cbe1faa7c3c95a26,20260929
3301,sheet_195.jpg,2,ok,622,1777598815541.jpg,../outputs/rect_all\1777598815541.png,51c46bb4aa0c6f8a,20260929
3302,sheet_195.jpg,3,ok,8297,1775784793850.jpg,../outputs/rect_all\1775784793850.png,e3bc5aec176f0a15,20260929
3303,sheet_195.jpg,4,ok,3859,1775699429245.jpg,../outputs/rect_all\1775699429245.png,dee8716b79085704,20260929
3304,sheet_195.jpg,5,ok,4032,1776306247430.jpg,../outputs/rect_all\1776306247430.png,dedb5f6efc1a032c,20260929
3305,sheet_195.jpg,6,ok,4130,1775873150676.jpg,../outputs/rect_all\1775873150676.png,f66a8ce3d2c2bdf8,20260929
3306,sheet_195.jpg,7,ok,3912,1775705017574.jpg,../outputs/rect_all\1775705017574.png,b0dcd855eeda9ef5,20260929
3307,sheet_195.jpg,8,ok,4020,1776306565206.jpg,../outputs/rect_all\1776306565206.png,5ab575a73a526687,20260929
3308,sheet_195.jpg,9,ok,5553,1774057974734.jpg,../outputs/rect_all\1774057974734.png,03dce00ae06caa92,20260929
3309,sheet_195.jpg,10,ok,2131,1776825707469.jpg,../outputs/rect_all\1776825707469.png,adc90bf6440fe780,20260929
3310,sheet_195.jpg,11,ok,2165,1776387782490.jpg,../outputs/rect_all\1776387782490.png,12ed04a1199b214a,20260929
3311,sheet_195.jpg,12,ok,3010,1779169982157.jpg,../outputs/rect_all\1779169982157.png,ba77a3de385cebf4,20260929
3312,sheet_195.jpg,13,ok,6300,1774404679914.jpg,../outputs/rect_all\1774404679914.png,7b5ff80d9d068197,20260929
3313,sheet_195.jpg,14,ok,4041,1776304911338.jpg,../outputs/rect_all\1776304911338.png,3bce3167ab935aff,20260929
3314,sheet_195.jpg,15,ok,2671,1776218957408.jpg,../outputs/rect_all\1776218957408.png,26ec7b897d65fa57,20260929
3315,sheet_195.jpg,16,ok,4699,1776130975993.jpg,../outputs/rect_all\1776130975993.png,802eeda18b756dc4,20260929
3316,sheet_196.jpg,0,ok,3781,1775698126174.jpg,../outputs/rect_all\1775698126174.png,a04587518949df15,20260929
3317,sheet_196.jpg,1,ok,5692,1774574409699.jpg,../outputs/rect_all\1774574409699.png,5f95c98f2c43b35d,20260929
3318,sheet_196.jpg,2,ok,6709,1775522899915.jpg,../outputs/rect_all\1775522899915.png,9d44f54ca0e10577,20260929
3319,sheet_196.jpg,3,ok,7534,1774060204083.jpg,../outputs/rect_all\1774060204083.png,99d7c946c1dd00d1,20260929
3320,sheet_196.jpg,4,ok,3784,1775790068654.jpg,../outputs/rect_all\1775790068654.png,7ec58f57f81fd10f,20260929
3321,sheet_196.jpg,5,ok,1583,1779066829361.jpg,../outputs/rect_all\1779066829361.png,3678936252e1e963,20260929
3322,sheet_196.jpg,6,ok,5997,1774582382062.jpg,../outputs/rect_all\1774582382062.png,bf6fc2b2d30899c1,20260929
3323,sheet_196.jpg,7,ok,5996,1774595191395.jpg,../outputs/rect_all\1774595191395.png,2a5ce2f5ed28c054,20260929
3324,sheet_196.jpg,8,ok,7116,1778551050513.jpg,../outputs/rect_all\1778551050513.png,e69a9b3b6900694a,20260929
3325,sheet_196.jpg,9,ok,4321,1776136670132.jpg,../outputs/rect_all\1776136670132.png,66c8e4d21bc772fb,20260929
3326,sheet_196.jpg,10,ok,1579,1777081645745.jpg,../outputs/rect_all\1777081645745.png,3228da4559f00a10,20260929
3327,sheet_196.jpg,11,ok,8177,1773970707443.jpg,../outputs/rect_all\1773970707443.png,5b3632d288f62cb5,20260929
3328,sheet_196.jpg,12,ok,512,1777454674545.jpg,../outputs/rect_all\1777454674545.png,b4859f45863fd86a,20260929
3329,sheet_196.jpg,13,ok,3688,1775613186216.jpg,../outputs/rect_all\1775613186216.png,e18bfbcaf7f3db35,20260929
3330,sheet_196.jpg,14,ok,2216,1776388022413.jpg,../outputs/rect_all\1776388022413.png,1b030df42089e66e,20260929
3331,sheet_196.jpg,15,ok,2134,1776821548744.jpg,../outputs/rect_all\1776821548744.png,68fe298dfe4e0e91,20260929
3332,sheet_196.jpg,16,ok,2230,1776469732987.jpg,../outputs/rect_all\1776469732987.png,1982cba822169017,20260929
3333,sheet_197.jpg,0,ok,3699,1775788852465.jpg,../outputs/rect_all\1775788852465.png,d594bbcdd3e213aa,20260929
3334,sheet_197.jpg,1,ok,3606,1775615165752.jpg,../outputs/rect_all\1775615165752.png,776ea0bfc4c4c99d,20260929
3335,sheet_197.jpg,2,ok,3645,1775526563134.jpg,../outputs/rect_all\1775526563134.png,9fdcc22db9f4ef81,20260929
3336,sheet_197.jpg,3,ok,4795,1776308410734.jpg,../outputs/rect_all\1776308410734.png,d2a7993f82d2e02d,20260929
3337,sheet_197.jpg,4,ok,4239,1776216453263.jpg,../outputs/rect_all\1776216453263.png,50264b1ec678c844,20260929
3338,sheet_197.jpg,5,ok,3268,1779153796572.jpg,../outputs/rect_all\1779153796572.png,61224e6add35f596,20260929
3339,sheet_197.jpg,6,ok,6914,1775548249231.jpg,../outputs/rect_all\1775548249231.png,0fc9b5ccbd57bc1c,20260929
3340,sheet_197.jpg,7,ok,7470,1774064367485.jpg,../outputs/rect_all\1774064367485.png,8ecccfbd19680896,20260929
3341,sheet_197.jpg,8,ok,1672,1776998656997.jpg,../outputs/rect_all\1776998656997.png,9e6f6c630fa7f42f,20260929
3342,sheet_197.jpg,9,ok,4099,1776307255210.jpg,../outputs/rect_all\1776307255210.png,eb5723829cb3e578,20260929
3343,sheet_197.jpg,10,ok,7527,1774669837936.jpg,../outputs/rect_all\1774669837936.png,e0e1fa070e51c721,20260929
3344,sheet_197.jpg,11,ok,3392,1776823204214.jpg,../outputs/rect_all\1776823204214.png,47d993180b795b54,20260929
3345,sheet_197.jpg,12,ok,183,1777688626559.jpg,../outputs/rect_all\1777688626559.png,7a419605d38580e2,20260929
3346,sheet_197.jpg,13,ok,4812,1775874674064.jpg,../outputs/rect_all\1775874674064.png,a92e52b19e320dd3,20260929
3347,sheet_197.jpg,14,ok,7802,1776476598470.jpg,../outputs/rect_all\1776476598470.png,33213887ba393df0,20260929
3348,sheet_197.jpg,15,ok,1592,1776998075804.jpg,../outputs/rect_all\1776998075804.png,e7e102d667487c58,20260929
3349,sheet_197.jpg,16,ok,5697,1774575604146.jpg,../outputs/rect_all\1774575604146.png,0dd9252a902bf61f,20260929
3350,sheet_198.jpg,0,ok,2748,1778900494853.jpg,../outputs/rect_all\1778900494853.png,e2e5110d77fca536,20260929
3351,sheet_198.jpg,1,ok,7164,1773706070522.jpg,../outputs/rect_all\1773706070522.png,3bfbe18e569c6a9e,20260929
3352,sheet_198.jpg,2,ok,4350,1776136266857.jpg,../outputs/rect_all\1776136266857.png,5ff337c44083583b,20260929
3353,sheet_198.jpg,3,ok,3557,1775528378318.jpg,../outputs/rect_all\1775528378318.png,f7d44947f8133bb0,20260929
3354,sheet_198.jpg,4,ok,5345,1774662726675.jpg,../outputs/rect_all\1774662726675.png,48cd6d054cdb17b4,20260929
3355,sheet_198.jpg,5,ok,4767,1776306614921.jpg,../outputs/rect_all\1776306614921.png,f54c5b692cc74fdd,20260929
3356,sheet_198.jpg,6,ok,1114,1778029645002.jpg,../outputs/rect_all\1778029645002.png,339408b5dbf97adb,20260929
3357,sheet_198.jpg,7,ok,4821,1775875230478.jpg,../outputs/rect_all\1775875230478.png,f6dd80925d7c274a,20260929
3358,sheet_198.jpg,8,ok,454,1777423949883.jpg,../outputs/rect_all\1777423949883.png,9f10a7815fc82337,20260929
3359,sheet_198.jpg,9,ok,6445,1774052929209.jpg,../outputs/rect_all\1774052929209.png,e33fa1a0d554f53e,20260929
3360,sheet_198.jpg,10,ok,2986,1776214290554.jpg,../outputs/rect_all\1776214290554.png,0e67ec73da0cfcbc,20260929
3361,sheet_198.jpg,11,ok,3972,1775875768291.jpg,../outputs/rect_all\1775875768291.png,5a95d289b5a788f6,20260929
3362,sheet_198.jpg,12,ok,3714,1775696645146.jpg,../outputs/rect_all\1775696645146.png,3b5d657d342ab60d,20260929
3363,sheet_198.jpg,13,ok,3247,1776216680052.jpg,../outputs/rect_all\1776216680052.png,61d4e4c73f01c2c8,20260929
3364,sheet_198.jpg,14,ok,2975,1776214689873.jpg,../outputs/rect_all\1776214689873.png,cf5d6af423ba8516,20260929
3365,sheet_198.jpg,15,ok,5569,1774408692092.jpg,../outputs/rect_all\1774408692092.png,720b79e708474dba,20260929
3366,sheet_198.jpg,16,ok,1111,1778030275233.jpg,../outputs/rect_all\1778030275233.png,4d36e388eb4566c9,20260929
3367,sheet_199.jpg,0,ok,7921,1775874444362.jpg,../outputs/rect_all\1775874444362.png,84f02197df88524f,20260929
3368,sheet_199.jpg,1,ok,968,1777345928884.jpg,../outputs/rect_all\1777345928884.png,c9278bf2dbb1fd0a,20260929
3369,sheet_199.jpg,2,ok,4265,1776133829443.jpg,../outputs/rect_all\1776133829443.png,79df6e0bd3317c44,20260929
3370,sheet_199.jpg,3,ok,3152,1776819511112.jpg,../outputs/rect_all\1776819511112.png,ca8403e7572a2410,20260929
3371,sheet_199.jpg,4,ok,6989,1774335095515.jpg,../outputs/rect_all\1774335095515.png,b3d29245fc42d974,20260929
3372,sheet_199.jpg,5,ok,2163,1776387755233.jpg,../outputs/rect_all\1776387755233.png,a2ec2aeddc128844,20260929
3373,sheet_199.jpg,6,ok,1991,1776911436653.jpg,../outputs/rect_all\1776911436653.png,494b1b9e1fd731b5,20260929
3374,sheet_199.jpg,7,ok,1979,1776824221812.jpg,../outputs/rect_all\1776824221812.png,774bc46870e6bc43,20260929
3375,sheet_199.jpg,8,ok,7162,1773710397596.jpg,../outputs/rect_all\1773710397596.png,bb082f26dd8e2208,20260929
3376,sheet_199.jpg,9,ok,3249,1779153630230.jpg,../outputs/rect_all\1779153630230.png,5bc1908b26726bb9,20260929
3377,sheet_199.jpg,10,ok,720,1777596897473.jpg,../outputs/rect_all\1777596897473.png,cd53d5d61d533d02,20260929
3378,sheet_199.jpg,11,ok,6625,1773801931552.jpg,../outputs/rect_all\1773801931552.png,5ad521267bb41602,20260929
3379,sheet_199.jpg,12,ok,1455,1777424944483.jpg,../outputs/rect_all\1777424944483.png,a72e68f44cb68d17,20260929
3380,sheet_199.jpg,13,ok,7880,1776051010518.jpg,../outputs/rect_all\1776051010518.png,24880f54a71e98e8,20260929
3381,sheet_199.jpg,14,ok,6382,1774406623715.jpg,../outputs/rect_all\1774406623715.png,efd9656e20d368b1,20260929
3382,sheet_199.jpg,15,ok,3619,1775530356505.jpg,../outputs/rect_all\1775530356505.png,f6948564ccd9cd4c,20260929
3383,sheet_199.jpg,16,ok,4347,1776213055437.jpg,../outputs/rect_all\1776213055437.png,e3d3e3bc66b69f72,20260929
3384,sheet_200.jpg,0,ok,5883,1774404204199.jpg,../outputs/rect_all\1774404204199.png,4cfc568a233d599d,20260929
3385,sheet_200.jpg,1,ok,3871,1775698546872.jpg,../outputs/rect_all\1775698546872.png,399a63d6e4c3f2b4,20260929
3386,sheet_200.jpg,2,ok,999,1777344525466.jpg,../outputs/rect_all\1777344525466.png,15eed16fd27721e2,20260929
3387,sheet_200.jpg,3,ok,2644,1776215908367.jpg,../outputs/rect_all\1776215908367.png,d7a791df4562699a,20260929
3388,sheet_200.jpg,4,ok,4667,1776128890015.jpg,../outputs/rect_all\1776128890015.png,f5d2f7aa015f644f,20260929
3389,sheet_200.jpg,5,ok,4900,1775525890136.jpg,../outputs/rect_all\1775525890136.png,0c162c6251be9345,20260929
3390,sheet_200.jpg,6,ok,3983,1775874609519.jpg,../outputs/rect_all\1775874609519.png,90df84a17079500c,20260929
3391,sheet_200.jpg,7,ok,1721,1776735843572.jpg,../outputs/rect_all\1776735843572.png,cfacae200cd971f1,20260929
3392,sheet_200.jpg,8,ok,7039,1774322896391.jpg,../outputs/rect_all\1774322896391.png,013e8a853176bc47,20260929
3393,sheet_200.jpg,9,ok,4880,1775875317827.jpg,../outputs/rect_all\1775875317827.png,fd1115e24a7c45d1,20260929
3394,sheet_200.jpg,10,ok,7412,1774060651311.jpg,../outputs/rect_all\1774060651311.png,1d5fd2b75e0cf5e1,20260929
3395,sheet_200.jpg,11,ok,7220,1773798087058.jpg,../outputs/rect_all\1773798087058.png,40d47adc5ce81114,20260929
3396,sheet_200.jpg,12,ok,7370,1774667970459.jpg,../outputs/rect_all\1774667970459.png,dd6ad2e91c790abd,20260929
3397,sheet_200.jpg,13,ok,6759,1775528173022.jpg,../outputs/rect_all\1775528173022.png,a78111e076f2a54f,20260929
3398,sheet_200.jpg,14,ok,8289,1775781181702.jpg,../outputs/rect_all\1775781181702.png,7276a2eeab29f55b,20260929
3399,sheet_200.jpg,15,ok,6412,1774050526807.jpg,../outputs/rect_all\1774050526807.png,f2d10d2c636ea345,20260929
3400,sheet_200.jpg,16,ok,4765,1776306263826.jpg,../outputs/rect_all\1776306263826.png,885c2805fdf03c83,20260929
3401,sheet_201.jpg,0,ok,4796,1776308421978.jpg,../outputs/rect_all\1776308421978.png,49d1efe94158db6c,20260929
3402,sheet_201.jpg,1,ok,7192,1773794691642.jpg,../outputs/rect_all\1773794691642.png,e0d10e3959c20003,20260929
3403,sheet_201.jpg,2,ok,1688,1777006036816.jpg,../outputs/rect_all\1777006036816.png,4f284d834cf4b4e0,20260929
3404,sheet_201.jpg,3,ok,6688,1775524622825.jpg,../outputs/rect_all\1775524622825.png,1f12453f9ad94f80,20260929
3405,sheet_201.jpg,4,ok,8279,1773887059709.jpg,../outputs/rect_all\1773887059709.png,a4c91e0110cb38e4,20260929
3406,sheet_201.jpg,5,ok,3997,1775876616256.jpg,../outputs/rect_all\1775876616256.png,71d6955d6ac21fab,20260929
3407,sheet_201.jpg,6,ok,7723,1776473906436.jpg,../outputs/rect_all\1776473906436.png,0c8458e3514273b0,20260929
3408,sheet_201.jpg,7,ok,7098,1773806992271.jpg,../outputs/rect_all\1773806992271.png,88c83b6715cdb527,20260929
3409,sheet_201.jpg,8,ok,3531,1775525069393.jpg,../outputs/rect_all\1775525069393.png,ca26f95b978b4192,20260929
3410,sheet_201.jpg,9,ok,6539,1773810411218.jpg,../outputs/rect_all\1773810411218.png,ede73e1bfa430395,20260929
3411,sheet_201.jpg,10,ok,275,1777689638361.jpg,../outputs/rect_all\1777689638361.png,1ebc139b1ba98728,20260929
3412,sheet_201.jpg,11,ok,4147,1775871310956.jpg,../outputs/rect_all\1775871310956.png,6cefd67682327fdc,20260929
3413,sheet_201.jpg,12,ok,6535,1773722367577.jpg,../outputs/rect_all\1773722367577.png,d75ef22f2a24533f,20260929
3414,sheet_201.jpg,13,ok,1112,1778030290295.jpg,../outputs/rect_all\1778030290295.png,0d4ac0f6ee12dca4,20260929
3415,sheet_201.jpg,14,ok,5563,1774059267201.jpg,../outputs/rect_all\1774059267201.png,96a2b00eb102e4a0,20260929
3416,sheet_201.jpg,15,ok,6310,1774404885504.jpg,../outputs/rect_all\1774404885504.png,714744a003a895dd,20260929
3417,sheet_201.jpg,16,ok,3294,1776220230076.jpg,../outputs/rect_all\1776220230076.png,cbcd30647b7424fb,20260929
3418,sheet_202.jpg,0,ok,7705,1776473777900.jpg,../outputs/rect_all\1776473777900.png,5a680fe0043ab3cb,20260929
3419,sheet_202.jpg,1,ok,122,1778122843326.jpg,../outputs/rect_all\1778122843326.png,161b6a85eb468243,20260929
3420,sheet_202.jpg,2,ok,2227,1776388188129.jpg,../outputs/rect_all\1776388188129.png,699946c639f6a5f9,20260929
3421,sheet_202.jpg,3,ok,6687,1778216788537.jpg,../outputs/rect_all\1778216788537.png,140545cf4117a688,20260929
3422,sheet_202.jpg,4,ok,1669,1777081690740.jpg,../outputs/rect_all\1777081690740.png,0bb31d9f75ac3167,20260929
3423,sheet_202.jpg,5,ok,2196,1776387454217.jpg,../outputs/rect_all\1776387454217.png,8f0edfae440132d6,20260929
3424,sheet_202.jpg,6,ok,6653,1773721433440.jpg,../outputs/rect_all\1773721433440.png,4237a898a9c5086c,20260929
3425,sheet_202.jpg,7,ok,3780,1775698111689.jpg,../outputs/rect_all\1775698111689.png,3c54bc81b2f62c56,20260929
3426,sheet_202.jpg,8,ok,3731,1775786382803.jpg,../outputs/rect_all\1775786382803.png,9f396e668fd76268,20260929
3427,sheet_202.jpg,9,ok,583,1777864539528.jpg,../outputs/rect_all\1777864539528.png,48d6a9c09d562257,20260929
3428,sheet_202.jpg,10,ok,4313,1776136993422.jpg,../outputs/rect_all\1776136993422.png,ecaf72f1813c6656,20260929
3429,sheet_202.jpg,11,ok,4541,1776302356778.jpg,../outputs/rect_all\1776302356778.png,9bbcd6421f6b2853,20260929
3430,sheet_202.jpg,12,ok,7465,1774069589077.jpg,../outputs/rect_all\1774069589077.png,6fa5e2d0a64f092e,20260929
3431,sheet_202.jpg,13,ok,4531,1776299668879.jpg,../outputs/rect_all\1776299668879.png,5472e63c4662017e,20260929
3432,sheet_202.jpg,14,ok,5782,1774411692858.jpg,../outputs/rect_all\1774411692858.png,4e476b006bd360a5,20260929
3433,sheet_202.jpg,15,ok,4284,1776132558876.jpg,../outputs/rect_all\1776132558876.png,98a49617d3c5e50a,20260929
3434,sheet_202.jpg,16,ok,6787,1775535059012.jpg,../outputs/rect_all\1775535059012.png,d6fce8b469dc7b74,20260929
3435,sheet_203.jpg,0,ok,1675,1776998437609.jpg,../outputs/rect_all\1776998437609.png,e3282d7d1ca9858f,20260929
3436,sheet_203.jpg,1,ok,1345,1778209979724.jpg,../outputs/rect_all\1778209979724.png,63b52c79f9cb4e0d,20260929
3437,sheet_203.jpg,2,ok,7381,1774061582213.jpg,../outputs/rect_all\1774061582213.png,9218361de529b426,20260929
3438,sheet_203.jpg,3,ok,3422,1776910961038.jpg,../outputs/rect_all\1776910961038.png,671de368fdb9711a,20260929
3439,sheet_203.jpg,4,ok,6770,1775609373983.jpg,../outputs/rect_all\1775609373983.png,2db4f390649e2bd1,20260929
3440,sheet_203.jpg,5,ok,2924,1776650272399.jpg,../outputs/rect_all\1776650272399.png,1d3fe6962867f1b7,20260929
3441,sheet_203.jpg,6,ok,563,1777426417336.jpg,../outputs/rect_all\1777426417336.png,66ea8a5340196246,20260929
3442,sheet_203.jpg,7,ok,783,1777597970985.jpg,../outputs/rect_all\1777597970985.png,5edd9f0e8a02fb74,20260929
3443,sheet_203.jpg,8,ok,8336,1775708278284.jpg,../outputs/rect_all\1775708278284.png,c8f8c698f5e3c62f,20260929
3444,sheet_203.jpg,9,ok,1160,1778031496518.jpg,../outputs/rect_all\1778031496518.png,a7c854662749449b,20260929
3445,sheet_203.jpg,10,ok,8181,1773890939709.jpg,../outputs/rect_all\1773890939709.png,e601c0a5321c5ecf,20260929
3446,sheet_203.jpg,11,ok,717,1777597286791.jpg,../outputs/rect_all\1777597286791.png,2f72a46a9b704a72,20260929
3447,sheet_203.jpg,12,ok,2397,1776393603254.jpg,../outputs/rect_all\1776393603254.png,aa2516dcd50bd731,20260929
3448,sheet_203.jpg,13,ok,5792,1774410511092.jpg,../outputs/rect_all\1774410511092.png,1116c2219aa0d371,20260929
3449,sheet_203.jpg,14,ok,988,1777343612262.jpg,../outputs/rect_all\1777343612262.png,7f93f7795a9b2f51,20260929
3450,sheet_203.jpg,15,ok,1268,1777271099086.jpg,../outputs/rect_all\1777271099086.png,dee60ca118ae2914,20260929
3451,sheet_203.jpg,16,ok,3636,1775526676971.jpg,../outputs/rect_all\1775526676971.png,43d35b072c82afda,20260929
3452,sheet_204.jpg,0,ok,1328,1778210489741.jpg,../outputs/rect_all\1778210489741.png,d98afc6d9900ebba,20260929
3453,sheet_204.jpg,1,ok,3103,1776301403392.jpg,../outputs/rect_all\1776301403392.png,1bd86a303dc5a290,20260929
3454,sheet_204.jpg,2,ok,6757,1775531664203.jpg,../outputs/rect_all\1775531664203.png,64744077e3a89923,20260929
3455,sheet_204.jpg,3,ok,6255,1774404817907.jpg,../outputs/rect_all\1774404817907.png,4ad0fd9ae68af5ce,20260929
3456,sheet_204.jpg,4,ok,712,1777597772992.jpg,../outputs/rect_all\1777597772992.png,a14d8f01c72563d8,20260929
3457,sheet_204.jpg,5,ok,1161,1778031517365.jpg,../outputs/rect_all\1778031517365.png,b935bb073daadc9e,20260929
3458,sheet_204.jpg,6,ok,7997,1775876035454.jpg,../outputs/rect_all\1775876035454.png,1dacb6362d339ba2,20260929
3459,sheet_204.jpg,7,ok,3559,1775528911037.jpg,../outputs/rect_all\1775528911037.png,a78a5e1ee701c527,20260929
3460,sheet_204.jpg,8,ok,3001,1779169703742.jpg,../outputs/rect_all\1779169703742.png,44fed320824ea179,20260929
3461,sheet_204.jpg,9,ok,966,1777253799133.jpg,../outputs/rect_all\1777253799133.png,a7f058fed174bfff,20260929
3462,sheet_204.jpg,10,ok,6327,1774405938369.jpg,../outputs/rect_all\1774405938369.png,3bab0a8178e12f61,20260929
3463,sheet_204.jpg,11,ok,438,1777454534969.jpg,../outputs/rect_all\1777454534969.png,1af0ebef08a622bd,20260929
3464,sheet_204.jpg,12,ok,4292,1776135173699.jpg,../outputs/rect_all\1776135173699.png,4ba2aa02e5c5aa46,20260929
3465,sheet_204.jpg,13,ok,7424,1774317122655.jpg,../outputs/rect_all\1774317122655.png,50b13b4698390906,20260929
3466,sheet_204.jpg,14,ok,6851,1775526623138.jpg,../outputs/rect_all\1775526623138.png,a72bf15ca10efe00,20260929
3467,sheet_204.jpg,15,ok,6331,1774491306939.jpg,../outputs/rect_all\1774491306939.png,71d7dbd199b1bf04,20260929
3468,sheet_204.jpg,16,ok,1856,1776991092018.jpg,../outputs/rect_all\1776991092018.png,dd3b376e3013537e,20260929
3469,sheet_205.jpg,0,ok,3742,1775786564532.jpg,../outputs/rect_all\1775786564532.png,ec97ed5197727e51,20260929
3470,sheet_205.jpg,1,ok,3580,1775530074029.jpg,../outputs/rect_all\1775530074029.png,79d9ce20d6172aad,20260929
3471,sheet_205.jpg,2,ok,4053,1776308431282.jpg,../outputs/rect_all\1776308431282.png,3869843b80c2f920,20260929
3472,sheet_205.jpg,3,ok,3638,1775524920483.jpg,../outputs/rect_all\1775524920483.png,1ea6d85ce5ef5080,20260929
3473,sheet_205.jpg,4,ok,4338,1776132795913.jpg,../outputs/rect_all\1776132795913.png,02fde3bf2b9bf471,20260929
3474,sheet_205.jpg,5,ok,6812,1775531753730.jpg,../outputs/rect_all\1775531753730.png,71c2a4b3867ed133,20260929
3475,sheet_205.jpg,6,ok,3058,1776216226233.jpg,../outputs/rect_all\1776216226233.png,e1bc7e988bfd6886,20260929
3476,sheet_205.jpg,7,ok,5719,1774576903982.jpg,../outputs/rect_all\1774576903982.png,41d5da70e72a7619,20260929
3477,sheet_205.jpg,8,ok,6913,1775535990538.jpg,../outputs/rect_all\1775535990538.png,3a7ad972d7f8c6a1,20260929
3478,sheet_205.jpg,9,ok,3125,1776216017896.jpg,../outputs/rect_all\1776216017896.png,57cd0c1cf67ff54b,20260929
3479,sheet_205.jpg,10,ok,6299,1774405289516.jpg,../outputs/rect_all\1774405289516.png,84649dcf349d9e59,20260929
3480,sheet_205.jpg,11,ok,5955,1774404316487.jpg,../outputs/rect_all\1774404316487.png,98cf3a95854ffbc1,20260929
3481,sheet_205.jpg,12,ok,5707,1774664991961.jpg,../outputs/rect_all\1774664991961.png,5fb35f8b948b87a4,20260929
3482,sheet_205.jpg,13,ok,2232,1776470946960.jpg,../outputs/rect_all\1776470946960.png,1532a69e58e1c0a7,20260929
3483,sheet_205.jpg,14,ok,7249,1774577860704.jpg,../outputs/rect_all\1774577860704.png,0ea0aa094b0a918f,20260929
3484,sheet_205.jpg,15,ok,6766,1775610089238.jpg,../outputs/rect_all\1775610089238.png,e3c4223910e7f6f2,20260929
3485,sheet_205.jpg,16,ok,4317,1776136329709.jpg,../outputs/rect_all\1776136329709.png,b6c20bdbbda8666d,20260929
3486,sheet_206.jpg,0,ok,4686,1776128992837.jpg,../outputs/rect_all\1776128992837.png,04ab0a7ef8a8f657,20260929
3487,sheet_206.jpg,1,ok,3055,1776215926337.jpg,../outputs/rect_all\1776215926337.png,bfc2ad827e4cf6f6,20260929
3488,sheet_206.jpg,2,ok,224,1777598191890.jpg,../outputs/rect_all\1777598191890.png,f6748666ab0aee9e,20260929
3489,sheet_206.jpg,3,ok,5518,1774320174187.jpg,../outputs/rect_all\1774320174187.png,9fc38e59d00b2bff,20260929
3490,sheet_206.jpg,4,ok,2156,1776469689530.jpg,../outputs/rect_all\1776469689530.png,a1a1850df8aae946,20260929
3491,sheet_206.jpg,5,ok,3293,1776220197292.jpg,../outputs/rect_all\1776220197292.png,b17dc9da70f19911,20260929
3492,sheet_206.jpg,6,ok,5340,1774576842617.jpg,../outputs/rect_all\1774576842617.png,e0cfdca79634aaed,20260929
3493,sheet_206.jpg,7,ok,2223,1779159708222.jpg,../outputs/rect_all\1779159708222.png,c44e856cbaf2885f,20260929
3494,sheet_206.jpg,8,ok,4421,1776216225652.jpg,../outputs/rect_all\1776216225652.png,e08ca0aab5db313d,20260929
3495,sheet_206.jpg,9,ok,7891,1775887473824.jpg,../outputs/rect_all\1775887473824.png,2f88d208b14812ea,20260929
3496,sheet_206.jpg,10,ok,6096,1773706200971.jpg,../outputs/rect_all\1773706200971.png,bdad42a37a72c337,20260929
3497,sheet_206.jpg,11,ok,478,1777425207560.jpg,../outputs/rect_all\1777425207560.png,e95fcbce5c13f084,20260929
3498,sheet_206.jpg,12,ok,5773,1774406470601.jpg,../outputs/rect_all\1774406470601.png,56d090df9672b1f6,20260929
3499,sheet_206.jpg,13,ok,462,1777455886747.jpg,../outputs/rect_all\1777455886747.png,f846fd8df9c126ad,20260929
3500,sheet_206.jpg,14,ok,5891,1774490689044.jpg,../outputs/rect_all\1774490689044.png,f25df26817170d44,20260929
3501,sheet_206.jpg,15,ok,3415,1776832950715.jpg,../outputs/rect_all\1776832950715.png,2b5eb88cb84634c5,20260929
3502,sheet_206.jpg,16,ok,5511,1774055135117.jpg,../outputs/rect_all\1774055135117.png,5e7f6ebf9231a632,20260929
3503,sheet_207.jpg,0,ok,6010,1774595342711.jpg,../outputs/rect_all\1774595342711.png,0aa73b3ff2782b1a,20260929
3504,sheet_207.jpg,1,ok,7008,1774320696808.jpg,../outputs/rect_all\1774320696808.png,41fa9a79ec7573a9,20260929
3505,sheet_207.jpg,2,ok,3642,1775526237224.jpg,../outputs/rect_all\1775526237224.png,063abbd74fbbad2e,20260929
3506,sheet_207.jpg,3,ok,2996,1776214357183.jpg,../outputs/rect_all\1776214357183.png,f5b6d68fd42a4826,20260929
3507,sheet_207.jpg,4,ok,359,1777352046780.jpg,../outputs/rect_all\1777352046780.png,56ec31b99e7c2b75,20260929
3508,sheet_207.jpg,5,ok,2871,1776650029092.jpg,../outputs/rect_all\1776650029092.png,9e24188969c78f92,20260929
3509,sheet_207.jpg,6,ok,1582,1779066567669.jpg,../outputs/rect_all\1779066567669.png,0c286d475a606fc8,20260929
3510,sheet_207.jpg,7,ok,4297,1776137331787.jpg,../outputs/rect_all\1776137331787.png,6c2327bb72b5095b,20260929
3511,sheet_207.jpg,8,ok,8126,1778889874263.jpg,../outputs/rect_all\1778889874263.png,40bf8565e816d44d,20260929
3512,sheet_207.jpg,9,ok,7914,1775875121404.jpg,../outputs/rect_all\1775875121404.png,c00e25884a96f51b,20260929
3513,sheet_207.jpg,10,ok,2119,1779091736567.jpg,../outputs/rect_all\1779091736567.png,82d995be01122a6f,20260929
3514,sheet_207.jpg,11,ok,4817,1775874182345.jpg,../outputs/rect_all\1775874182345.png,102dc27773837c8d,20260929
3515,sheet_207.jpg,12,ok,997,1777263156848.jpg,../outputs/rect_all\1777263156848.png,f366b28e10b54a03,20260929
3516,sheet_207.jpg,13,ok,7228,1774577665683.jpg,../outputs/rect_all\1774577665683.png,3949a92d68e9b60e,20260929
3517,sheet_207.jpg,14,ok,8150,1773880992694.jpg,../outputs/rect_all\1773880992694.png,d74655b00ac282df,20260929
3518,sheet_207.jpg,15,ok,6262,1774501694795.jpg,../outputs/rect_all\1774501694795.png,4c63657d2c573fe4,20260929
3519,sheet_207.jpg,16,ok,981,1777264530255.jpg,../outputs/rect_all\1777264530255.png,5c57444d2dab3536,20260929
3520,sheet_208.jpg,0,ok,2750,1776472404267.jpg,../outputs/rect_all\1776472404267.png,c43f8442bd3e9572,20260929
3521,sheet_208.jpg,1,ok,8197,1773888457821.jpg,../outputs/rect_all\1773888457821.png,766771bd541c9ed5,20260929
3522,sheet_208.jpg,2,ok,4712,1776131414307.jpg,../outputs/rect_all\1776131414307.png,4ab96243ebd0dfe7,20260929
3523,sheet_208.jpg,3,ok,5595,1774412248758.jpg,../outputs/rect_all\1774412248758.png,bc01d6a97942b8a2,20260929
3524,sheet_208.jpg,4,ok,4982,1775703169306.jpg,../outputs/rect_all\1775703169306.png,bd2e8e0a81571da7,20260929
3525,sheet_208.jpg,5,ok,2065,1776820490774.jpg,../outputs/rect_all\1776820490774.png,a415534c6737d0b0,20260929
3526,sheet_208.jpg,6,ok,4074,1776307654880.jpg,../outputs/rect_all\1776307654880.png,6afe4a9afb41a751,20260929
3527,sheet_208.jpg,7,ok,7152,1778552144152.jpg,../outputs/rect_all\1778552144152.png,3888a4634e9d7139,20260929
3528,sheet_208.jpg,8,ok,5402,1774661007057.jpg,../outputs/rect_all\1774661007057.png,9e89da65b4cc6630,20260929
3529,sheet_208.jpg,9,ok,5925,1774408369654.jpg,../outputs/rect_all\1774408369654.png,94b0e6dea4075aed,20260929
3530,sheet_208.jpg,10,ok,7474,1774321790197.jpg,../outputs/rect_all\1774321790197.png,d78bc9d775d90c78,20260929
3531,sheet_208.jpg,11,ok,7763,1776474653415.jpg,../outputs/rect_all\1776474653415.png,c16cb59abfd9b025,20260929
3532,sheet_208.jpg,12,ok,5847,1774404089747.jpg,../outputs/rect_all\1774404089747.png,3e568b8f3566f687,20260929
3533,sheet_208.jpg,13,ok,1676,1777081058893.jpg,../outputs/rect_all\1777081058893.png,77d62e625de410d7,20260929
3534,sheet_208.jpg,14,ok,7208,1773705539850.jpg,../outputs/rect_all\1773705539850.png,a6c18ac8e7e46c32,20260929
3535,sheet_208.jpg,15,ok,2149,1779161552590.jpg,../outputs/rect_all\1779161552590.png,637b43cdc597f7fa,20260929
3536,sheet_208.jpg,16,ok,5302,1776037827486.jpg,../outputs/rect_all\1776037827486.png,24719951578bb6f9,20260929
3537,sheet_209.jpg,0,ok,1462,1777511954442.jpg,../outputs/rect_all\1777511954442.png,7c40044394c5e982,20260929
3538,sheet_209.jpg,1,ok,6994,1774320828267.jpg,../outputs/rect_all\1774320828267.png,162d2be878034f02,20260929
3539,sheet_209.jpg,2,ok,8184,1773890371149.jpg,../outputs/rect_all\1773890371149.png,a413aebe5cce33c0,20260929
3540,sheet_209.jpg,3,ok,8333,1775784941461.jpg,../outputs/rect_all\1775784941461.png,dd0e89d0e0c0262a,20260929
3541,sheet_209.jpg,4,ok,2889,1776650433571.jpg,../outputs/rect_all\1776650433571.png,8a39185b76a1dc17,20260929
3542,sheet_209.jpg,5,ok,8317,1775700786760.jpg,../outputs/rect_all\1775700786760.png,da15a125e569e471,20260929
3543,sheet_209.jpg,6,ok,7708,1776476788688.jpg,../outputs/rect_all\1776476788688.png,e839f9092c57155d,20260929
3544,sheet_209.jpg,7,ok,4850,1775871905098.jpg,../outputs/rect_all\1775871905098.png,9463660bb673e4bb,20260929
3545,sheet_209.jpg,8,ok,4932,1775527280737.jpg,../outputs/rect_all\1775527280737.png,47ce845b39ccf105,20260929
3546,sheet_209.jpg,9,ok,3913,1775705540146.jpg,../outputs/rect_all\1775705540146.png,8121bfce1abce5cc,20260929
3547,sheet_209.jpg,10,ok,5567,1774408611771.jpg,../outputs/rect_all\1774408611771.png,5988a8fe66c28a80,20260929
3548,sheet_209.jpg,11,ok,1335,1778205220937.jpg,../outputs/rect_all\1778205220937.png,82d742d6babdac73,20260929
3549,sheet_209.jpg,12,ok,3142,1776827199808.jpg,../outputs/rect_all\1776827199808.png,06cbac79c1231675,20260929
3550,sheet_209.jpg,13,ok,5173,1775864974974.jpg,../outputs/rect_all\1775864974974.png,16ab673519fc2301,20260929
3551,sheet_209.jpg,14,ok,6659,1773723999969.jpg,../outputs/rect_all\1773723999969.png,3a32ad9abf939499,20260929
3552,sheet_209.jpg,15,ok,1461,1777511943009.jpg,../outputs/rect_all\1777511943009.png,9183793b88167154,20260929
3553,sheet_209.jpg,16,ok,7199,1773794092599.jpg,../outputs/rect_all\1773794092599.png,97e3771d26c94376,20260929
3554,sheet_210.jpg,0,ok,5293,1778547333693.jpg,../outputs/rect_all\1778547333693.png,19262f4708726c2d,20260929
3555,sheet_210.jpg,1,ok,8188,1773886893967.jpg,../outputs/rect_all\1773886893967.png,19122b9638cfc3cd,20260929
3556,sheet_210.jpg,2,ok,7433,1774063701368.jpg,../outputs/rect_all\1774063701368.png,d797d1f0fbbdb3dc,20260929
3557,sheet_210.jpg,3,ok,8285,1775703924352.jpg,../outputs/rect_all\1775703924352.png,814f1c5b1dcafd2a,20260929
3558,sheet_210.jpg,4,ok,7561,1774320301583.jpg,../outputs/rect_all\1774320301583.png,5b0475ef39207e3a,20260929
3559,sheet_210.jpg,5,ok,8210,1773885945177.jpg,../outputs/rect_all\1773885945177.png,44ab63d2b8ded822,20260929
3560,sheet_210.jpg,6,ok,3702,1775790016116.jpg,../outputs/rect_all\1775790016116.png,dbf8552447c6477b,20260929
3561,sheet_210.jpg,7,ok,6005,1774582673174.jpg,../outputs/rect_all\1774582673174.png,a5081f51e36c9e34,20260929
3562,sheet_210.jpg,8,ok,6253,1774404623495.jpg,../outputs/rect_all\1774404623495.png,787aacf0c2aed55a,20260929
3563,sheet_210.jpg,9,ok,5499,1774055851070.jpg,../outputs/rect_all\1774055851070.png,44924ff7335a039a,20260929
3564,sheet_210.jpg,10,ok,2026,1776911936795.jpg,../outputs/rect_all\1776911936795.png,db54211e27e818fd,20260929
3565,sheet_210.jpg,11,ok,271,1777602421219.jpg,../outputs/rect_all\1777602421219.png,b65dc6e05323d932,20260929
3566,sheet_210.jpg,12,ok,6290,1774404038621.jpg,../outputs/rect_all\1774404038621.png,4e32434deb9064c5,20260929
3567,sheet_210.jpg,13,ok,3620,1775528092546.jpg,../outputs/rect_all\1775528092546.png,d3b968ca89d698d0,20260929
3568,sheet_210.jpg,14,ok,6574,1773800896513.jpg,../outputs/rect_all\1773800896513.png,2e7fd3c0e4cb3b50,20260929
3569,sheet_210.jpg,15,ok,3885,1775697837640.jpg,../outputs/rect_all\1775697837640.png,4c2c31eadfddb065,20260929
3570,sheet_210.jpg,16,ok,237,1777597963151.jpg,../outputs/rect_all\1777597963151.png,d86d9979f4a74462,20260929
3571,sheet_211.jpg,0,ok,6777,1775549398785.jpg,../outputs/rect_all\1775549398785.png,97f38b77e39df206,20260929
3572,sheet_211.jpg,1,ok,3052,1776212867394.jpg,../outputs/rect_all\1776212867394.png,057a6b7a9f251f84,20260929
3573,sheet_211.jpg,2,ok,279,1777945404298.jpg,../outputs/rect_all\1777945404298.png,d1f4fc1112f8a574,20260929
3574,sheet_211.jpg,3,ok,2863,1776733937086.jpg,../outputs/rect_all\1776733937086.png,0f161a40466a5bba,20260929
3575,sheet_211.jpg,4,ok,3708,1775786292339.jpg,../outputs/rect_all\1775786292339.png,ea1f385ed9d9c8eb,20260929
3576,sheet_211.jpg,5,ok,1139,1778030339169.jpg,../outputs/rect_all\1778030339169.png,a5d3c53e2a6ffa27,20260929
3577,sheet_211.jpg,6,ok,5871,1774406389672.jpg,../outputs/rect_all\1774406389672.png,7eb9eb964c0192c5,20260929
3578,sheet_211.jpg,7,ok,1422,1778211496680.jpg,../outputs/rect_all\1778211496680.png,a152d6d5ad4dfc9f,20260929
3579,sheet_211.jpg,8,ok,8252,1773882451332.jpg,../outputs/rect_all\1773882451332.png,89982788dac02350,20260929
3580,sheet_211.jpg,9,ok,6665,1775523797456.jpg,../outputs/rect_all\1775523797456.png,edd8a7f491133ad0,20260929
3581,sheet_211.jpg,10,ok,7280,1774573078998.jpg,../outputs/rect_all\1774573078998.png,43f2339477f2bfd5,20260929
3582,sheet_211.jpg,11,ok,6263,1774406814858.jpg,../outputs/rect_all\1774406814858.png,56b76f54f5e0c4ad,20260929
3583,sheet_211.jpg,12,ok,5411,1778810610291.jpg,../outputs/rect_all\1778810610291.png,07e249122e9cb6c1,20260929
3584,sheet_211.jpg,13,ok,2204,1776470061483.jpg,../outputs/rect_all\1776470061483.png,62f43a02adfad0f6,20260929
3585,sheet_211.jpg,14,ok,1330,1778207680489.jpg,../outputs/rect_all\1778207680489.png,44539ef883c372cd,20260929
3586,sheet_211.jpg,15,ok,469,1777454434785.jpg,../outputs/rect_all\1777454434785.png,0736932f85f005a9,20260929
3587,sheet_211.jpg,16,ok,5701,1774576055553.jpg,../outputs/rect_all\1774576055553.png,b1e25543dc49cc81,20260929
3588,sheet_212.jpg,0,ok,6525,1773722988521.jpg,../outputs/rect_all\1773722988521.png,b357c07864569236,20260929
3589,sheet_212.jpg,1,ok,7344,1774578864535.jpg,../outputs/rect_all\1774578864535.png,879c1af6ede4fbc6,20260929
3590,sheet_212.jpg,2,ok,5989,1778639562417.jpg,../outputs/rect_all\1778639562417.png,ad873653be35fe46,20260929
3591,sheet_212.jpg,3,ok,831,1777448799218.jpg,../outputs/rect_all\1777448799218.png,6eb6055a81b613f3,20260929
3592,sheet_212.jpg,4,ok,7831,1773882088874.jpg,../outputs/rect_all\1773882088874.png,11e0408c00e64776,20260929
3593,sheet_212.jpg,5,ok,7476,1774321851517.jpg,../outputs/rect_all\1774321851517.png,bcd3ccc492553599,20260929
3594,sheet_212.jpg,6,ok,208,1777600655297.jpg,../outputs/rect_all\1777600655297.png,37363209946bd842,20260929
3595,sheet_212.jpg,7,ok,7400,1774063269835.jpg,../outputs/rect_all\1774063269835.png,f23cfd811d8a1e6b,20260929
3596,sheet_212.jpg,8,ok,1228,1777255328239.jpg,../outputs/rect_all\1777255328239.png,c61235dfb4cb7e20,20260929
3597,sheet_212.jpg,9,ok,6568,1773725283116.jpg,../outputs/rect_all\1773725283116.png,4f51b162f24527f1,20260929
3598,sheet_212.jpg,10,ok,6393,1774404263403.jpg,../outputs/rect_all\1774404263403.png,05f21dff3610bc0a,20260929
3599,sheet_212.jpg,11,ok,4142,1775870524126.jpg,../outputs/rect_all\1775870524126.png,7fdab993a2d5a64f,20260929
3600,sheet_212.jpg,12,ok,2218,1776396767713.jpg,../outputs/rect_all\1776396767713.png,d16105a0148fff41,20260929
3601,sheet_212.jpg,13,ok,6647,1773720307294.jpg,../outputs/rect_all\1773720307294.png,eae567cbb42d386d,20260929
3602,sheet_212.jpg,14,ok,180,1777945714698.jpg,../outputs/rect_all\1777945714698.png,ddc34a097c4cd7f2,20260929
3603,sheet_212.jpg,15,ok,284,1777948709826.jpg,../outputs/rect_all\1777948709826.png,76ab76c33a3d80f5,20260929
3604,sheet_212.jpg,16,ok,7141,1773807111313.jpg,../outputs/rect_all\1773807111313.png,3cf9ec2dc21ab44b,20260929
3605,sheet_213.jpg,0,ok,8223,1773975309477.jpg,../outputs/rect_all\1773975309477.png,ca99a90edbcd9098,20260929
3606,sheet_213.jpg,1,ok,2192,1776388676966.jpg,../outputs/rect_all\1776388676966.png,1d6e897d74c8a8b7,20260929
3607,sheet_213.jpg,2,ok,7924,1776051635472.jpg,../outputs/rect_all\1776051635472.png,b4a6416e1f90ccb6,20260929
3608,sheet_213.jpg,3,ok,4999,1775711274903.jpg,../outputs/rect_all\1775711274903.png,48446edc16ecf9af,20260929
3609,sheet_213.jpg,4,ok,4629,1776305950948.jpg,../outputs/rect_all\1776305950948.png,ed80f9e5e78a4ab8,20260929
3610,sheet_213.jpg,5,ok,4632,1776305650827.jpg,../outputs/rect_all\1776305650827.png,0a589681ca2aaa9e,20260929
3611,sheet_213.jpg,6,ok,4294,1776135247268.jpg,../outputs/rect_all\1776135247268.png,f5b2b45f70551ffc,20260929
3612,sheet_213.jpg,7,ok,7719,1776473519098.jpg,../outputs/rect_all\1776473519098.png,c259af0a74d743fd,20260929
3613,sheet_213.jpg,8,ok,6063,1778638620265.jpg,../outputs/rect_all\1778638620265.png,5014fd7077cde62e,20260929
3614,sheet_213.jpg,9,ok,3229,1776215999008.jpg,../outputs/rect_all\1776215999008.png,47ecb0400686a021,20260929
3615,sheet_213.jpg,10,ok,4907,1775525293840.jpg,../outputs/rect_all\1775525293840.png,8c9e5f883214a867,20260929
