image_code,mag_status,uncertain_reason,first_nonzero_position,image_magnitude_g,confidence,grid_x,grid_pitch,grid_y,grid_height,fit_quality,cell_offsets,dot_found,dot_contrast,leftmost_lit,leftmost_lit_n,span,seconds,p1_state,p1_pattern,p1_cands,p1_outer_min,p1_g,p1_margin,p2_state,p2_pattern,p2_cands,p2_outer_min,p2_g,p2_margin,p3_state,p3_pattern,p3_cands,p3_outer_min,p3_g,p3_margin,p4_state,p4_pattern,p4_cands,p4_outer_min,p4_g,p4_margin
1773706365009,ok,,2,100,0.288,285.8,102.0,72.0,160.0,0.448,"-2,+8;+0,+6;+0,+4;+0,-2;+2,-6",True,1.116,False,0,122.7,0.49,zero,1111110,0,1.102,-0.205,0.288,nonzero,0110000,1,-0.141,-0.126,0.289,nonzero,1111111,8,0.736,0.98,0.006,zero,1111110,0,0.895,-0.177,0.196
1773706616800,uncertain,p3_unstable_across_repeats,,,,263.5,106.0,63.0,170.0,0.731,"-4,+4;-2,+2;+0,+0;+2,+0;+4,-2",True,0.772,False,0,98.2,0.384,zero,1111110,0,0.99,-0.315,0.202,zero,1111110,0,1.011,-0.319,0.334,uncertain,1111111,8,0.772,0.781,0.011,nonzero,1011011,5,-0.444,1.039,0.239
1773706650413,ok,,2,100,0.071,263.5,106.0,63.0,167.0,0.655,"+0,+4;+0,+2;+0,+0;+0,-2;+2,-2",True,1.091,False,0,107.4,0.37,zero,1111110,0,1.043,-0.3,0.306,nonzero,0110000,1,-0.014,0.06,0.071,nonzero,1111111,8,0.808,0.826,0.014,zero,1111110,0,0.991,-0.347,0.25
1773706675174,ok,,2,100,0.163,261.5,106.0,64.0,170.0,0.653,"-4,+4;-4,+2;-2,+0;+0,+0;+2,-2",True,1.006,False,0,95.6,0.264,zero,1111110,0,1.01,-0.231,0.194,nonzero,1111001,3,-0.267,1.075,0.163,zero,1111110,0,0.965,-0.2,0.192,nonzero,1011011,5,-0.383,0.963,0.155
1773706870198,ok,,2,100,0.01,250.8,109.5,63.0,171.5,0.461,"+4,+2;+2,+0;+0,+0;+0,+0;+4,-2",True,1.082,False,0,79.2,0.604,zero,1111110,0,0.794,-0.545,0.05,nonzero,0110000,1,-0.182,0.014,0.01,nonzero,0110011,4,-0.798,1.228,0.403,zero,1111110,0,0.98,-0.684,0.151
1773708063594,ok,,2,100,0.251,250.0,109.5,63.0,174.5,0.604,"+2,+8;+2,+2;+0,+2;+0,+0;+0,-2",True,1.034,False,0,102.8,0.337,zero,1111110,0,1.061,-0.641,0.251,nonzero,1111001,3,-0.609,1.096,0.275,nonzero,1101101,2,-0.561,0.938,0.208,zero,1111110,0,0.916,-0.539,0.218
1773708100897,ok,,2,100,0.023,265.0,106.0,72.0,171.5,0.702,"-2,+4;-2,+2;+0,+0;+2,-2;+2,-4",True,0.816,False,0,81.5,0.27,zero,1111110,0,0.962,-0.535,0.093,nonzero,1111111,8,0.835,0.841,0.023,nonzero,1011111,6,-0.665,1.061,0.334,zero,1111110,0,1.074,-0.567,0.249
1773708130557,ok,,2,100,0.007,252.2,109.5,67.0,177.0,0.526,"+2,+2;+2,+2;+2,+2;-2,-2;+0,-2",True,1.026,False,0,62.1,0.184,zero,1111110,0,1.059,-0.734,0.223,nonzero,1111011,9,-0.888,0.888,0.007,nonzero,1110000,7,-0.375,-0.269,0.294,zero,1111110,0,0.991,-0.758,0.192
1773708191456,ok,,2,100,0.162,244.2,109.5,68.0,171.5,0.471,"+2,-2;+2,+0;+0,-2;+0,-2;+0,+0",True,0.918,False,0,136.5,0.214,zero,1111110,0,0.95,-0.269,0.162,nonzero,0110000,1,-0.049,-0.019,0.227,nonzero,0110000,1,-0.06,-0.031,0.269,nonzero,1011011,5,-0.353,1.002,0.24
1773708204305,ok,,3,10,0.161,263.5,106.0,63.0,170.0,0.676,"-4,+4;-2,+2;+2,+0;+2,-2;+4,-2",True,0.774,False,0,105.8,0.249,zero,1111110,0,0.987,-0.395,0.161,zero,1111110,0,1.088,-0.467,0.346,nonzero,1111011,9,-0.604,0.985,0.173,nonzero,1011011,5,-0.656,1.085,0.283
1773708220998,ok,,2,100,0.199,259.2,106.5,67.0,171.5,0.535,"-4,+0;-2,+0;-2,-2;+0,-2;+2,+0",True,0.957,False,0,139.8,0.259,zero,1111110,0,0.942,-0.318,0.199,nonzero,0110000,1,-0.128,-0.063,0.225,nonzero,0110011,4,-0.351,1.136,0.352,zero,1111110,0,0.944,-0.296,0.189
1773708224124,ok,,2,100,0.254,260.8,106.5,63.0,170.0,0.567,"-8,+6;-4,+2;-2,+0;-2,+0;+2,-2",True,0.71,False,0,136.1,0.368,zero,1111110,0,1.001,-0.336,0.275,nonzero,1101101,2,-0.396,1.0,0.254,nonzero,0110000,1,-0.132,-0.065,0.302,zero,1111110,0,0.98,-0.352,0.277
1773708244006,ok,,2,100,0.171,261.5,106.0,63.0,168.5,0.657,"-6,+2;-4,+2;-2,+0;+0,+0;+4,-2",True,1.054,False,0,119.1,0.399,zero,1111110,0,0.975,-0.313,0.171,nonzero,0110011,4,-0.467,1.178,0.389,zero,1111110,0,0.99,-0.322,0.219,zero,1111110,0,0.983,-0.36,0.213
1773708244116,ok,,2,100,0.221,263.5,106.0,62.0,167.0,0.709,"-4,+4;-2,+2;-2,+0;+0,+0;+0,+0",True,0.747,False,0,154.7,0.426,zero,1111110,0,0.943,-0.21,0.229,nonzero,1101101,2,-0.239,1.054,0.221,nonzero,1011011,5,-0.259,1.047,0.295,zero,1111110,0,0.957,-0.209,0.196
1773708302284,ok,,2,100,0.243,250.8,110.0,61.0,168.5,0.597,"+4,+4;+4,+2;+0,+2;+0,+0;-2,-2",True,1.078,False,0,128.2,0.374,zero,1111110,0,1.008,-0.325,0.257,nonzero,0110000,1,-0.092,-0.022,0.243,zero,1111110,0,0.984,-0.374,0.231,zero,1111110,0,0.957,-0.414,0.222
1773708330265,ok,,2,100,0.19,248.8,109.0,60.0,170.0,0.598,"+0,+4;+0,+2;+0,+0;+0,-2;+0,-4",True,0.753,False,0,118.9,0.367,zero,1111110,0,1.02,-0.416,0.267,nonzero,1101101,2,-0.448,1.0,0.19,nonzero,1101101,2,-0.548,0.963,0.227,nonzero,1011011,5,-0.643,1.0,0.234
1773708349461,ok,,2,100,0.214,261.5,106.0,61.0,170.0,0.579,"-4,+2;-2,+2;+2,+0;+0,-2;+6,-2",True,0.786,False,0,108.4,0.277,zero,1111110,0,0.995,-0.453,0.267,nonzero,1101101,2,-0.606,1.007,0.214,nonzero,1110000,7,-0.276,-0.115,0.23,zero,1111110,0,0.905,-0.46,0.199
1773708410254,ok,,2,100,0.184,263.5,106.0,61.0,168.5,0.6,"-4,+4;-2,+2;-2,+2;+0,+0;+2,-2",True,1.091,False,0,119.0,0.253,zero,1111110,0,0.994,-0.35,0.262,nonzero,0110000,1,-0.123,0.024,0.184,nonzero,1111011,9,-0.49,0.998,0.238,zero,1111110,0,0.996,-0.387,0.303
1773708442153,ok,,2,100,0.157,251.0,108.5,63.0,168.5,0.573,"+0,+2;+0,+2;+0,+0;+2,+0;+0,+0",True,0.929,False,0,149.8,0.209,zero,1111110,0,0.913,-0.257,0.157,nonzero,0110000,1,-0.067,-0.04,0.257,nonzero,1011011,5,-0.263,1.04,0.187,nonzero,1011011,5,-0.266,1.028,0.252
1773708479965,ok,,2,100,0.177,261.5,106.0,61.0,168.5,0.475,"-4,+4;-2,+2;+0,+0;+0,-2;+4,-2",True,1.064,False,0,119.3,0.23,zero,1111110,0,0.993,-0.43,0.281,nonzero,0110000,1,-0.091,-0.061,0.177,nonzero,1110000,7,-0.185,-0.158,0.303,zero,1111110,0,0.952,-0.475,0.237
1773708485429,ok,,2,100,0.111,247.2,109.5,61.0,168.5,0.655,"+0,+2;+2,+2;+0,+0;+2,+0;+0,+0",True,0.841,False,0,145.1,0.245,zero,1111110,0,0.888,-0.254,0.111,nonzero,1111001,3,-0.274,1.152,0.261,nonzero,1101101,2,-0.296,1.075,0.196,nonzero,1011011,5,-0.336,0.983,0.238
1773708514270,ok,,2,100,0.295,258.5,106.0,61.0,168.5,0.71,"-4,+4;-2,+2;+0,+0;+2,+0;+4,+0",True,0.873,False,0,132.9,0.185,zero,1111110,0,0.953,-0.24,0.295,nonzero,1011011,5,-0.241,1.119,0.328,nonzero,1111111,8,0.823,0.989,0.139,nonzero,1011011,5,-0.305,1.068,0.3
1773708595920,ok,,2,100,0.246,250.0,110.0,60.0,170.0,0.636,"+2,+4;+2,+2;+0,+0;+0,-2;-2,-2",True,0.795,False,0,117.5,0.183,zero,1111110,0,1.038,-0.437,0.279,nonzero,1101101,2,-0.477,1.034,0.246,zero,1111110,0,0.954,-0.457,0.227,nonzero,1011011,5,-0.621,0.989,0.238
1773708620870,ok,,2,100,0.236,247.8,109.5,58.0,174.0,0.563,"+0,+4;+0,+0;+4,+0;-2,+0;+4,-2",True,0.754,False,0,98.3,0.217,zero,1111110,0,0.993,-0.614,0.25,nonzero,1101101,2,-0.69,1.023,0.236,nonzero,1111001,3,-0.688,1.08,0.252,zero,1111110,0,0.898,-0.636,0.105
1773709169064,ok,,2,100,0.148,250.8,109.5,71.0,171.5,0.529,"+4,+2;+4,+2;+2,+0;+0,-2;+0,-2",True,0.851,False,0,81.4,0.252,zero,1111110,0,0.946,-0.384,0.148,nonzero,1011011,5,-0.508,1.028,0.249,nonzero,0110000,1,-0.15,-0.048,0.209,nonzero,1011011,5,-0.575,1.001,0.22
1773709194717,ok,,2,100,0.006,261.5,106.5,71.0,173.0,0.693,"-4,+4;-2,+4;+0,+2;+0,+0;+2,-2",True,0.817,False,0,74.9,0.249,zero,1111110,0,1.069,-0.411,0.232,nonzero,1111111,8,0.857,0.891,0.006,nonzero,1111011,9,-0.492,1.002,0.159,nonzero,1011011,5,-0.59,1.118,0.345
1773709262456,ok,,2,100,0.043,249.2,109.5,71.0,173.0,0.574,"+2,+6;+2,+2;+0,+0;+0,+0;+0,-2",True,1.116,False,0,69.5,0.562,zero,1111110,0,0.971,-0.496,0.104,nonzero,0110000,1,-0.156,-0.057,0.043,zero,1111110,0,0.974,-0.481,0.237,zero,1111110,0,0.935,-0.518,0.174
1773709282828,ok,,2,100,0.092,263.5,106.5,69.0,173.0,0.493,"-6,+2;-4,+2;-2,+0;-2,-2;+2,-2",True,1.002,False,0,84.3,0.384,zero,1111110,0,0.945,-0.353,0.092,nonzero,0110000,1,-0.11,-0.04,0.179,nonzero,1110000,7,-0.227,-0.132,0.289,zero,1111110,0,0.959,-0.334,0.14
1773709358642,ok,,3,10,0.172,261.5,106.5,67.0,173.0,0.599,"-4,+4;-2,+2;+0,+0;+0,+0;+2,-2",True,0.721,False,0,87.3,0.234,zero,1111110,0,0.978,-0.318,0.195,zero,1111110,0,0.976,-0.3,0.172,nonzero,1110000,7,-0.212,-0.105,0.292,nonzero,1011011,5,-0.46,1.005,0.213
1773709378840,ok,,2,100,0.078,263.5,106.0,68.0,171.5,0.552,"-6,+2;-4,+2;-2,+0;+2,+0;+4,-2",True,0.97,False,0,88.3,0.224,zero,1111110,0,0.945,-0.31,0.078,nonzero,0110000,1,-0.104,0.005,0.18,nonzero,1011011,5,-0.326,1.005,0.206,nonzero,1011011,5,-0.454,1.009,0.236
1773709379973,ok,,2,100,0.077,273.5,106.0,54.0,168.5,0.602,"-6,+8;-2,+2;+0,+0;+0,+0;+2,+0",True,0.489,False,0,87.3,0.168,zero,1111110,0,0.952,-0.317,0.158,nonzero,1011111,6,-0.5,0.999,0.077,nonzero,1101101,2,-0.421,1.001,0.185,nonzero,1011011,5,-0.434,1.058,0.296
1773709435593,ok,,2,100,0.111,261.5,106.5,69.0,170.0,0.523,"-6,+4;-2,+2;-2,+0;+0,+0;+2,-2",True,1.018,False,0,81.4,0.169,zero,1111110,0,0.968,-0.338,0.111,nonzero,0110000,1,-0.133,-0.04,0.23,nonzero,1011011,5,-0.364,0.994,0.191,nonzero,1011011,5,-0.524,1.01,0.227
1773710057903,ok,,3,10,0.118,271.5,106.0,53.0,167.0,0.575,"-6,+8;-2,+0;+0,+0;-2,-2;+2,+0",True,0.776,False,0,102.2,0.237,zero,1111110,0,0.862,-0.102,0.118,zero,1111110,0,1.023,-0.285,0.272,nonzero,1110000,7,-0.145,-0.043,0.298,nonzero,1011011,5,-0.238,0.887,0.058
1773710159932,ok,,3,10,0.042,250.8,110.0,65.0,170.0,0.769,"+4,+2;+2,+2;+0,+0;+0,-2;-2,-2",True,0.766,False,0,103.6,0.192,zero,1111110,0,0.929,-0.274,0.141,zero,1111110,0,0.95,-0.245,0.231,nonzero,1111111,8,0.85,0.877,0.042,zero,1111110,0,1.0,-0.352,0.235
1773710185455,ok,,2,100,0.165,265.0,106.5,65.0,170.0,0.572,"-4,+2;-2,+2;-2,+0;+0,-2;+2,-2",True,0.945,False,0,105.7,0.175,zero,1111110,0,1.006,-0.279,0.292,nonzero,0110000,1,-0.038,0.023,0.165,nonzero,1101101,2,-0.493,0.936,0.16,nonzero,1011011,5,-0.402,1.0,0.254
1773710208725,ok,,2,100,0.084,245.8,109.5,65.0,171.5,0.526,"+0,+2;+0,+2;+2,+0;+0,-2;+2,-2",True,0.773,False,0,84.8,0.179,zero,1111110,0,0.974,-0.45,0.177,nonzero,1101101,2,-0.6,1.0,0.084,nonzero,0110000,1,-0.191,0.091,0.02,nonzero,1011011,5,-0.595,1.154,0.287
1773710298188,ok,,2,100,0.093,250.8,110.0,66.0,170.0,0.716,"+4,+2;+2,+2;+0,+0;+0,-2;-2,-2",True,0.747,False,0,92.1,0.178,zero,1111110,0,0.952,-0.354,0.093,nonzero,1101101,2,-0.408,1.033,0.218,zero,1111110,0,0.969,-0.346,0.226,zero,1111110,0,0.968,-0.432,0.173
1773710372730,ok,,2,100,0.225,264.2,106.5,65.0,170.0,0.593,"-4,+2;-2,+2;+0,+0;+0,-2;+4,-2",True,0.686,False,0,108.7,0.182,zero,1111110,0,1.022,-0.246,0.257,nonzero,1101101,2,-0.344,0.998,0.225,nonzero,0110000,1,-0.042,0.05,0.196,nonzero,1011011,5,-0.363,0.999,0.22
1773710825223,ok,,2,100,0.198,273.5,106.0,64.0,167.0,0.56,"-8,+4;+0,+2;-2,+0;+2,+0;+2,-2",True,1.169,False,0,99.9,0.19,zero,1111110,0,1.114,-0.481,0.368,nonzero,0110000,1,-0.156,-0.193,0.198,nonzero,1011111,6,-0.569,1.011,0.23,zero,1111110,0,0.848,-0.328,0.129
1773710910396,ok,,2,100,0.226,255.8,106.5,80.0,168.5,0.631,"-4,+4;-2,+2;+0,+0;-2,-2;+2,-4",True,0.692,False,0,109.8,0.173,zero,1111110,0,0.972,-0.301,0.226,nonzero,1101101,2,-0.326,1.007,0.245,nonzero,1110000,7,-0.136,-0.07,0.347,nonzero,1011011,5,-0.407,0.976,0.251
1773711409747,ok,,2,100,0.072,260.8,106.5,65.0,168.5,0.725,"-6,+4;-4,+2;-2,+0;-2,+0;+2,-2",True,0.901,False,0,126.3,0.175,zero,1111110,0,0.947,-0.07,0.175,nonzero,1011111,6,-0.125,1.041,0.072,nonzero,1111001,3,-0.095,1.14,0.268,zero,1111110,0,0.955,-0.113,0.165
1773711842619,ok,,2,100,0.041,267.8,106.0,56.0,160.0,0.494,"-2,+6;-2,+2;+0,+0;+0,+0;+2,-2",True,0.618,False,0,84.9,0.197,zero,1111110,0,0.696,0.002,0.041,nonzero,1101101,2,0.007,1.083,0.094,nonzero,1111001,3,-0.021,1.251,0.228,zero,1111110,0,0.943,0.065,0.039
1773711879584,ok,,2,100,0.076,263.5,106.5,71.0,168.5,0.417,"-6,+4;-4,+2;-2,+2;+0,+0;+2,+0",True,0.972,False,0,89.6,0.208,zero,1111110,0,0.76,-0.046,0.076,nonzero,1111001,3,-0.054,1.136,0.152,nonzero,1111001,3,-0.047,1.077,0.135,nonzero,1011011,5,-0.099,1.061,0.259
1773711907574,ok,,2,100,0.021,263.5,106.5,57.0,164.0,0.463,"-2,+6;-2,+2;+0,+2;+0,+0;+2,-2",True,0.791,False,0,95.3,0.15,zero,1111110,0,0.78,-0.055,0.021,nonzero,0110011,4,-0.108,1.139,0.2,nonzero,0110000,1,0.048,0.021,0.198,nonzero,1011011,5,-0.177,1.127,0.105
1773711910401,ok,,2,100,0.084,250.8,109.5,73.0,167.0,0.417,"+4,+4;+4,+2;+2,+0;+2,+0;+0,-2",True,1.126,False,0,88.6,0.151,zero,1111110,0,0.904,-0.012,0.084,nonzero,1111001,3,-0.04,1.1,0.183,nonzero,1011011,5,-0.014,1.078,0.11,zero,1111110,0,0.929,-0.022,0.112
1773711932716,ok,,2,100,0.056,250.8,110.0,74.0,168.5,0.411,"+4,+4;+2,+2;+2,+0;+0,+0;-2,-2",True,1.045,False,0,71.0,0.159,zero,1111110,0,0.971,-0.033,0.056,nonzero,1011111,6,-0.038,1.032,0.159,nonzero,1111111,8,0.92,0.912,0.07,zero,1111110,0,0.987,-0.058,0.135
1773712045998,ok,,2,100,0.018,265.8,106.5,48.0,168.5,0.377,"-4,+2;-4,+2;-2,+0;-2,+0;+0,-2",True,0.637,False,0,69.0,0.172,zero,1111110,0,0.756,0.083,0.043,nonzero,1011011,5,-0.168,1.166,0.018,nonzero,1011011,5,-0.099,1.144,0.029,zero,1111110,0,1.009,-0.074,0.131
1773712164338,ok,,2,100,0.017,252.2,109.5,72.0,168.5,0.413,"+4,+4;+2,+2;+2,+2;+0,+0;+0,-2",True,1.001,False,0,89.0,0.169,zero,1111110,0,0.804,0.027,0.017,nonzero,0110011,4,0.012,1.162,0.129,nonzero,1111011,9,-0.052,1.005,0.082,nonzero,1011011,5,-0.071,1.058,0.19
1773712186913,ok,,2,100,0.102,267.8,106.5,76.0,168.5,0.457,"-6,+4;-4,+2;-2,+0;+0,+0;+2,-2",True,0.911,False,0,90.4,0.201,zero,1111110,0,0.72,0.02,0.102,nonzero,1011011,5,-0.024,1.072,0.192,nonzero,1111011,9,-0.057,0.984,0.14,zero,1111110,0,0.983,0.006,0.27
1773712317488,ok,,2,100,0.036,266.5,106.0,55.0,166.0,0.532,"-4,+8;-2,+2;+0,+2;+2,+0;+2,+0",True,0.577,False,0,89.3,0.294,zero,1111110,0,0.812,-0.018,0.036,nonzero,1111001,3,-0.045,1.179,0.158,nonzero,1111011,9,-0.005,0.963,0.11,nonzero,1011011,5,-0.191,1.061,0.186
1773712378167,ok,,2,100,0.068,263.5,106.0,58.0,165.5,0.421,"-6,+6;-2,+2;+0,+2;+2,+0;+4,-2",True,0.502,False,0,82.1,0.614,zero,1111110,0,0.853,-0.114,0.162,nonzero,1011111,6,-0.065,1.148,0.068,zero,1111110,0,0.99,-0.021,0.251,nonzero,1011011,5,-0.249,1.044,0.132
1773712827294,ok,,3,10,0.114,255.8,106.5,66.0,170.0,0.749,"-4,+2;-4,+2;-2,+0;+0,+0;+2,-2",True,0.852,False,0,122.3,0.732,zero,1111110,0,0.912,-0.09,0.114,zero,1111110,0,0.981,-0.073,0.237,nonzero,1011111,6,-0.121,0.996,0.204,nonzero,1011011,5,-0.174,1.055,0.3
1773713429171,ok,,2,100,0.267,261.5,106.5,65.0,173.0,0.663,"-6,+2;-2,+2;+0,+0;+2,+0;+2,-2",True,0.803,False,0,91.9,0.368,zero,1111110,0,1.078,-0.564,0.366,nonzero,1101101,2,-0.549,1.068,0.267,nonzero,1011111,6,-0.601,0.961,0.193,zero,1111110,0,1.0,-0.542,0.2
1773713566210,ok,,2,100,0.009,266.5,106.0,58.0,160.0,0.298,"-2,+4;-2,+2;+0,+2;+2,+0;+2,-2",True,0.539,False,0,46.8,0.3,zero,1111110,0,0.706,-0.007,0.01,nonzero,0110011,4,-0.12,1.291,0.009,zero,1111110,0,1.149,-0.066,0.191,zero,1111?10,0,0.563,0.109,0.003
1773713617921,ok,,2,100,0.003,266.5,106.0,56.0,160.0,0.336,"-4,+8;-2,+4;+0,+2;+0,+0;+2,-2",True,0.484,False,0,59.0,0.229,zero,?111110,0,0.47,-0.095,0.003,nonzero,1011?11,56,-0.179,1.429,0.201,nonzero,1111011,9,-0.191,1.06,0.031,nonzero,1011011,5,-0.202,1.199,0.09
1773713740657,ok,,2,100,0.004,267.8,106.0,48.0,168.5,0.324,"-4,+2;-2,+2;+0,+0;+0,+0;+2,-2",True,0.441,False,0,50.1,0.222,zero,1111110,0,0.639,-0.106,0.004,nonzero,1011111,6,-0.144,0.987,0.005,zero,1111110,0,1.0,-0.099,0.211,zero,1111110,0,0.952,-0.246,0.191
1773713837286,ok,,2,100,0.019,265.0,106.0,47.0,168.5,0.252,"-2,+4;-2,+2;+0,+2;+2,+0;+2,-2",True,0.755,False,0,43.7,0.239,zero,1111110,0,0.685,0.065,0.019,nonzero,1011011,5,0.029,1.427,0.055,nonzero,1111011,9,-0.335,1.095,0.002,nonzero,1011011,5,-0.431,1.202,0.078
1773713849455,ok,,2,100,0.21,265.0,106.5,71.0,174.5,0.607,"-8,+0;-4,+2;+0,+0;-2,+0;+2,+0",True,0.715,False,0,84.9,0.391,zero,1111110,0,1.013,-0.39,0.301,nonzero,1101101,2,-0.51,0.992,0.21,nonzero,1110000,7,-0.189,-0.113,0.274,zero,1111110,0,0.999,-0.455,0.301
1773713918002,ok,,2,100,0.028,267.2,106.0,58.0,160.0,0.269,"-2,+8;-2,+2;-2,+2;+0,+0;+2,-4",True,0.638,False,0,31.2,0.307,zero,1111110,0,0.711,-0.076,0.028,nonzero,0110011,4,-0.277,1.239,0.24,zero,1111110,0,0.722,-0.092,0.108,zero,1111110,0,1.333,-0.202,0.381
1773714159551,ok,,2,100,0.148,260.0,107.0,65.0,170.0,0.566,"-2,+2;-2,+2;-2,+0;+0,-2;+2,-2",True,1.13,False,0,103.4,0.364,zero,1111110,0,1.054,-0.341,0.21,nonzero,1110000,7,-0.25,-0.094,0.148,nonzero,1111001,3,-0.479,0.999,0.076,nonzero,1011011,5,-0.39,0.918,0.002
1773714933886,ok,,2,100,0.173,268.5,106.0,50.0,170.0,0.603,"-4,+2;-2,+2;+0,+0;+0,+0;+2,-2",True,0.669,False,0,112.6,0.337,zero,1111110,0,0.955,-0.169,0.173,nonzero,1011111,6,-0.373,1.017,0.188,nonzero,1110000,7,-0.157,-0.086,0.348,nonzero,1011011,5,-0.435,1.002,0.226
1773714978189,ok,,1,1000,0.154,266.5,106.0,54.0,166.0,0.509,"-2,+8;-4,+6;+0,+0;+0,+0;+2,+0",True,0.689,False,0,110.5,0.29,nonzero,0110000,1,-0.053,-0.1,0.154,nonzero,1101101,2,-0.468,1.12,0.101,nonzero,1101101,2,-0.413,0.997,0.101,zero,1111110,0,0.945,-0.298,0.161
1773715080261,ok,,3,10,0.226,263.5,106.5,55.0,167.0,0.633,"-6,+8;-2,+2;+0,+0;+0,+0;+2,+0",True,0.561,False,0,104.6,0.321,zero,1111110,0,0.936,-0.37,0.227,zero,1111110,0,0.99,-0.341,0.232,nonzero,1101101,2,-0.358,1.047,0.226,nonzero,1011011,5,-0.491,1.052,0.243
1773715106734,ok,,3,10,0.163,271.5,105.5,55.0,168.5,0.681,"-2,+8;+0,+2;+0,+2;+0,+0;+2,+0",True,0.675,False,0,114.5,0.193,zero,1111110,0,0.887,-0.299,0.163,zero,1111110,0,0.968,-0.403,0.265,nonzero,1011011,5,-0.258,1.099,0.253,zero,1111110,0,0.929,-0.333,0.225
1773715137816,ok,,3,10,0.173,271.5,106.0,57.0,167.0,0.696,"-6,+8;-2,+2;-2,+2;+0,+0;+2,+0",True,0.597,False,0,112.4,0.258,zero,1111110,0,0.956,-0.263,0.236,zero,1111110,0,0.929,-0.223,0.222,nonzero,1111011,9,-0.353,0.93,0.173,nonzero,1011011,5,-0.48,1.098,0.301
1773715319615,ok,,2,100,0.233,270.0,106.0,53.0,167.0,0.546,"-6,+8;-2,+0;+0,+0;+0,-2;+2,+0",True,0.686,False,0,96.8,0.164,zero,1111110,0,1.033,-0.381,0.251,nonzero,1101101,2,-0.541,0.997,0.233,nonzero,1110000,7,-0.258,-0.23,0.255,zero,1111110,0,0.997,-0.483,0.299
1773715357404,ok,,2,100,0.177,270.0,106.0,55.0,168.5,0.609,"-2,-8;+0,+2;+0,+2;-2,+0;+2,-4",True,0.748,False,0,93.1,0.178,zero,1111110,0,1.032,-0.507,0.177,nonzero,1101101,2,-0.538,1.102,0.36,nonzero,1111011,9,-0.721,0.999,0.254,zero,1111110,0,0.808,-0.436,0.127
1773715380789,ok,,2,100,0.19,267.8,106.0,46.0,170.0,0.63,"-2,-8;+0,+2;-2,+2;+0,+0;+2,+0",True,0.83,False,0,115.0,0.199,zero,1111110,0,1.0,-0.366,0.273,nonzero,1111001,3,-0.451,0.917,0.19,nonzero,1011111,6,-0.556,0.859,0.092,zero,1111110,0,1.038,-0.355,0.35
1773717693637,ok,,3,10,0.057,275.8,106.0,47.0,165.5,0.376,"+0,+2;+0,+2;+0,+2;+0,+0;+0,+0",True,0.494,False,0,78.2,0.221,zero,1111110,0,0.813,0.046,0.057,zero,1111110,0,0.883,0.054,0.129,nonzero,1011111,6,0.029,0.919,0.085,nonzero,1011011,5,-0.175,1.149,0.18
1773717854700,ok,,3,10,0.115,263.5,106.5,59.0,165.5,0.591,"-8,+4;-4,+0;-2,+0;+0,-2;+2,-2",True,0.651,False,0,127.4,0.172,zero,1111110,0,0.913,-0.117,0.148,zero,1111110,0,0.978,-0.071,0.215,nonzero,1011111,6,-0.088,0.967,0.115,zero,1111110,0,0.986,-0.074,0.273
1773717891498,ok,,3,10,0.018,269.2,106.5,56.0,165.5,0.601,"-6,+8;-4,+2;-2,+2;+0,+0;+0,+0",True,0.768,False,0,115.7,0.188,zero,1111110,0,0.752,0.003,0.018,zero,1111110,0,0.939,-0.088,0.137,nonzero,1011111,6,-0.155,1.111,0.164,nonzero,1011011,5,-0.186,1.138,0.26
1773717926993,ok,,2,100,0.004,271.5,106.0,57.0,163.0,0.385,"-4,+6;-2,+2;-2,+2;+0,-2;+2,-2",True,0.76,False,0,104.3,0.215,zero,1111110,0,0.775,0.1,0.087,nonzero,0110000,1,0.081,0.124,0.004,nonzero,1110000,7,0.072,0.146,0.194,zero,1111110,0,0.887,0.062,0.097
1773718137623,ok,,3,10,0.006,255.0,109.5,60.0,166.0,0.458,"+2,+4;+2,+0;+2,+0;+2,+0;+0,-2",True,0.806,False,0,104.2,0.207,zero,1111110,0,0.722,0.28,0.006,zero,1111110,0,0.843,-0.03,0.11,nonzero,1011111,6,-0.054,1.156,0.102,nonzero,1011011,5,-0.144,1.231,0.319
1773718811362,ok,,2,100,0.123,268.5,106.0,51.0,167.0,0.619,"-2,+2;-2,+2;+0,+0;+2,+0;+2,-2",True,0.695,False,0,122.8,0.258,zero,1111110,0,0.888,-0.162,0.123,nonzero,1101101,2,-0.132,1.033,0.263,nonzero,1011011,5,-0.236,0.903,0.095,zero,1111110,0,1.008,-0.196,0.204
1773719167310,ok,,2,100,0.17,268.5,106.5,62.0,167.5,0.604,"-4,+2;-2,+0;-2,+0;+0,-2;+2,-2",True,0.875,False,0,151.2,0.265,zero,1111110,0,0.919,-0.127,0.202,nonzero,0110000,1,-0.009,0.051,0.17,nonzero,1111001,3,-0.252,1.021,0.242,nonzero,1011011,5,-0.342,1.018,0.256
1773719996651,ok,,2,100,0.125,265.8,106.0,63.0,166.0,0.744,"-2,+2;+0,+0;-2,+0;+0,-2;+0,-2",True,0.873,False,0,163.5,0.276,zero,1111110,0,0.883,-0.019,0.177,nonzero,1110000,7,0.106,0.172,0.125,nonzero,1101101,2,0.025,1.034,0.198,zero,1111110,0,0.932,0.058,0.153
1773720034673,ok,,2,100,0.096,263.5,106.0,70.0,166.0,0.713,"-2,+2;+0,+2;+0,+0;+0,-2;+2,-2",True,1.151,False,0,117.0,0.232,zero,1111110,0,1.141,0.004,0.25,nonzero,1111011,9,0.187,1.005,0.096,nonzero,0110000,1,-0.042,0.252,0.002,zero,1111110,0,0.935,-0.01,0.132
1773722241975,ok,,2,100,0.002,250.0,110.0,63.0,165.5,0.617,"+4,+4;+2,+4;+0,+0;+0,+0;-2,-2",True,0.953,False,0,121.3,0.287,zero,1111110,0,0.825,-0.04,0.002,nonzero,0110011,4,-0.076,1.087,0.209,nonzero,1011111,6,-0.088,1.108,0.129,zero,1111110,0,0.992,-0.085,0.171
1773722272206,ok,,2,100,0.032,265.0,106.0,55.0,167.0,0.682,"-2,+8;-2,+4;+0,+2;+0,-2;+0,-4",True,0.72,False,0,130.1,0.148,zero,1111110,0,0.89,0.063,0.122,nonzero,1011111,6,-0.183,0.892,0.032,nonzero,1011111,6,-0.067,1.055,0.164,zero,1111110,0,0.902,-0.134,0.164
1773722303363,ok,,2,100,0.005,263.5,106.0,57.0,165.5,0.586,"-6,+8;-4,+4;-2,+2;+0,+0;+2,-4",True,0.93,False,0,132.3,0.185,zero,1111110,0,0.751,0.11,0.005,nonzero,1110000,7,0.082,0.164,0.037,nonzero,1111011,9,0.018,1.044,0.088,zero,1111110,0,1.042,-0.013,0.226
1773722601564,ok,,3,10,0.014,263.5,106.5,44.0,180.0,0.47,"-8,-6;-4,+4;+0,+2;+0,+2;+2,-4",True,0.433,False,0,43.2,0.328,zero,1111110,0,0.663,-0.172,0.019,zero,1111110,0,0.795,-0.189,0.014,nonzero,1110000,7,-0.048,-0.095,0.223,nonzero,1011011,5,-0.206,0.834,0.002
1773722620178,ok,,3,10,0.008,267.2,106.0,61.0,163.0,0.654,"-2,+6;-2,+4;+0,+0;+0,-2;+0,-4",True,0.764,False,0,110.7,0.483,zero,1111110,0,0.768,0.002,0.053,zero,1111110,0,0.931,0.12,0.008,nonzero,1111011,9,0.118,1.125,0.057,zero,1111110,0,1.113,0.129,0.25
1773722622896,uncertain,p3_ambiguous,,,,263.5,106.5,52.0,170.0,0.408,"-8,+6;-4,+2;+0,+0;+0,-2;+2,-4",True,0.386,False,0,62.1,0.435,zero,1111110,0,0.619,-0.156,0.019,zero,11?1110,0,0.531,-0.076,0.296,uncertain,111????,03789,0.332,0.595,0.002,nonzero,?01?0??,5,-0.081,0.59,0.001
1773722725790,ok,,3,10,0.053,267.2,106.0,53.0,163.0,0.591,"+0,+8;+0,+2;+0,+2;+0,-2;+0,-4",True,0.542,False,0,119.1,0.489,zero,1111110,0,0.834,0.039,0.126,zero,1111110,0,0.791,0.146,0.07,nonzero,1111011,9,0.232,1.085,0.053,nonzero,1011011,5,-0.02,1.067,0.037
1773722758503,ok,,2,100,0.008,264.2,106.0,49.0,167.0,0.414,"+0,+8;+0,+6;+0,+2;+0,+0;+0,-4",True,0.814,False,0,93.3,0.316,zero,1111110,0,0.781,0.065,0.008,nonzero,0110000,1,0.017,0.203,0.02,nonzero,1111001,3,0.1,1.187,0.007,nonzero,1011011,5,-0.066,1.135,0.171
1773722809066,ok,,2,100,0.023,263.5,106.0,61.0,164.5,0.732,"-4,+4;-2,+2;+0,+0;+0,-2;+2,-4",True,0.74,False,0,155.5,0.438,zero,1111110,0,0.902,0.127,0.023,nonzero,1101101,2,0.15,0.986,0.051,zero,1111110,0,1.0,0.158,0.186,zero,1111110,0,0.991,0.102,0.234
1773722899197,ok,,2,100,0.001,250.8,109.5,64.0,164.5,0.544,"+4,+4;+4,+4;+2,+0;+0,-2;-2,-4",True,0.891,False,0,116.2,1.018,zero,1111110,0,0.9,0.203,0.032,nonzero,?1100?0,17,0.281,0.331,0.001,nonzero,0110011,4,0.213,1.065,0.007,zero,1111110,0,0.872,0.295,0.055
1773722935812,ok,,2,100,0.012,265.8,106.0,59.0,162.5,0.454,"+0,+8;+0,+4;+0,+2;+0,+0;+0,-4",True,0.705,False,1,99.0,0.534,zero,1111110,0,0.994,0.151,0.04,nonzero,1101101,2,0.182,0.99,0.012,nonzero,0110011,4,-0.097,1.14,0.08,zero,1111110,0,0.862,0.158,0.006
1773722963286,ok,,2,100,0.06,263.5,106.0,58.0,165.5,0.509,"-4,+6;-2,+4;+0,+2;+0,+0;+0,-2",True,0.89,False,0,98.4,0.702,zero,1111110,0,1.006,0.185,0.083,nonzero,11110?1,39,0.19,1.045,0.06,nonzero,11?1101,2,0.028,0.867,0.002,zero,1111110,0,0.929,0.334,0.012
1773723041148,ok,,2,100,0.044,261.5,106.0,62.0,165.5,0.601,"-4,+8;-4,+4;+0,+2;+0,-2;+2,-4",True,0.927,False,0,108.3,0.772,zero,1111110,0,0.969,0.068,0.053,nonzero,11?1101,2,0.134,1.197,0.044,zero,1111110,0,0.918,0.173,0.035,nonzero,1011011,5,0.02,0.936,0.118
1773723160425,ok,,2,100,0.079,265.8,106.0,55.0,163.0,0.35,"-2,+8;+0,+6;+0,+6;+0,+0;+0,-4",True,0.948,False,0,73.3,0.884,zero,1111110,0,0.767,-0.026,0.091,nonzero,011?000,1,-0.207,0.124,0.079,nonzero,1111111,8,0.889,0.974,0.065,nonzero,1011011,5,0.013,1.077,0.029
1773723476270,ok,,2,100,0.051,265.0,106.0,53.0,164.5,0.55,"-2,+8;+0,+4;+0,+6;+0,+0;+2,-4",True,0.927,False,0,75.9,0.57,zero,1111110,0,0.815,0.054,0.051,nonzero,0110000,1,-0.255,0.14,0.103,nonzero,1111111,8,0.771,1.102,0.066,nonzero,1011011,5,-0.234,1.107,0.015
1773723661219,ok,,2,100,0.238,263.5,106.0,51.0,170.0,0.558,"-6,+8;-2,+4;+2,+0;+0,-2;+4,-6",True,0.679,False,0,112.5,0.33,zero,1111110,0,0.905,-0.182,0.238,nonzero,1011111,6,-0.29,1.044,0.251,nonzero,1110000,7,-0.21,0.037,0.352,nonzero,1011011,5,-0.298,0.993,0.203
1773723721844,ok,,2,100,0.158,265.0,106.0,49.0,168.5,0.645,"-4,+6;-2,+4;+0,+2;+0,+0;+2,-2",True,0.674,False,0,117.9,0.364,zero,1111110,0,1.018,-0.123,0.259,nonzero,1101101,2,-0.202,0.938,0.158,nonzero,1111011,9,-0.306,1.001,0.218,zero,1111110,0,0.944,-0.118,0.167
1773723770040,ok,,2,100,0.118,250.8,110.0,55.0,166.0,0.653,"+4,+8;+2,+4;+0,+2;+0,+0;-2,-4",True,0.761,False,0,133.2,0.33,zero,1111110,0,1.064,-0.172,0.235,nonzero,1111001,3,-0.189,1.055,0.118,nonzero,1111111,8,0.922,0.997,0.036,nonzero,1011011,5,-0.264,0.928,0.188
1773723866617,ok,,2,100,0.149,265.8,106.0,45.0,168.5,0.603,"-2,-4;+0,+4;+0,+2;+0,+0;+2,-4",True,0.737,False,0,122.2,0.429,zero,1111110,0,0.892,-0.125,0.198,nonzero,1101101,2,-0.15,0.951,0.149,zero,1111110,0,0.962,-0.077,0.21,nonzero,1011011,5,-0.193,1.015,0.149
1773723995404,ok,,3,10,0.141,269.2,105.5,43.0,168.5,0.562,"-4,-8;+2,+6;+2,+2;+0,-2;+2,-4",True,0.681,False,0,112.3,0.4,zero,1111110,0,0.928,-0.151,0.153,zero,1111110,0,0.88,-0.146,0.141,nonzero,0110011,4,-0.291,1.112,0.22,zero,1111110,0,0.979,-0.145,0.245
1773724826947,ok,,3,10,0.107,256.0,108.5,56.0,170.0,0.696,"-2,+8;+0,+4;+0,+2;+0,+0;+0,-2",True,0.754,False,0,143.7,0.354,zero,1111110,0,0.95,-0.128,0.268,zero,1111110,0,0.954,-0.075,0.141,nonzero,1011111,6,-0.239,0.96,0.107,zero,1111110,0,1.059,-0.176,0.197
1773724889589,ok,,2,100,0.06,250.0,110.0,42.0,170.0,0.542,"+2,-8;+2,+6;+0,-6;+0,+0;+0,-4",True,0.885,False,0,125.7,0.456,zero,1111110,0,0.868,-0.165,0.06,nonzero,0110000,1,-0.087,-0.025,0.269,zero,1111110,0,0.911,-0.157,0.105,zero,1111110,0,0.996,-0.188,0.125
1773724910161,ok,,2,100,0.165,250.8,110.0,41.0,173.0,0.428,"-4,-8;+2,+4;+0,-6;-2,-8;-2,-4",True,0.828,False,0,118.1,0.282,zero,1111110,0,0.932,-0.229,0.165,nonzero,0110000,1,-0.128,-0.049,0.211,nonzero,0110000,1,-0.093,-0.039,0.165,zero,1111110,0,0.911,-0.317,0.032
1773724926675,ok,,2,100,0.097,250.8,109.5,53.0,169.0,0.462,"+2,+8;+2,+4;+2,+6;+0,+0;+0,-4",True,0.898,False,0,152.6,0.288,zero,1111110,0,0.897,-0.143,0.097,nonzero,0110000,1,-0.005,-0.022,0.216,nonzero,0110011,4,-0.227,1.093,0.236,nonzero,1011011,5,-0.174,1.061,0.236
1773725028672,ok,,2,100,0.102,263.5,106.5,45.0,170.0,0.487,"-6,+8;-2,+4;+0,+2;+0,-2;+2,-4",True,0.71,False,1,131.0,0.449,zero,1111110,0,0.852,-0.2,0.102,nonzero,1101101,2,-0.144,0.991,0.232,nonzero,0110000,1,-0.057,-0.025,0.202,nonzero,1011011,5,-0.212,1.032,0.229
1773725109274,ok,,2,100,0.037,249.2,109.5,55.0,168.5,0.688,"+0,+4;+2,+2;+2,+0;+0,+0;+0,-2",True,0.667,False,0,150.9,0.392,zero,1111110,0,0.99,-0.175,0.262,nonzero,1111111,8,0.889,0.956,0.037,nonzero,1110000,7,-0.065,-0.089,0.28,zero,1111110,0,0.979,-0.256,0.188
1773725397529,ok,,3,10,0.017,265.0,106.0,44.0,170.0,0.592,"-6,-8;-2,+4;+0,+2;+2,-2;+4,-4",True,0.643,False,0,137.7,0.305,zero,1111110,0,0.756,-0.083,0.017,zero,1111110,0,0.974,-0.145,0.297,nonzero,1011011,5,-0.285,1.084,0.247,nonzero,1011011,5,-0.353,1.069,0.006
1773725500205,ok,,2,100,0.19,263.5,106.0,49.0,171.5,0.625,"-6,+6;-4,+2;+0,+0;+0,-2;+4,-4",True,0.805,False,0,130.1,0.219,zero,1111110,0,0.99,-0.234,0.19,nonzero,1101101,2,-0.357,1.006,0.202,nonzero,1111011,9,-0.186,0.948,0.167,zero,1111110,0,0.911,-0.094,0.245
1773725556768,ok,,2,100,0.215,250.0,110.0,42.0,174.0,0.65,"+0,-8;+2,+2;+0,+2;+0,+0;-2,-2",True,0.86,False,0,121.2,0.251,zero,1111110,0,0.957,-0.268,0.215,nonzero,1111001,3,-0.246,1.146,0.293,nonzero,1111111,8,0.731,0.86,0.035,nonzero,1011011,5,-0.336,1.008,0.145
1773725604017,ok,,2,100,0.12,285.8,102.0,55.0,168.5,0.572,"-8,-8;-2,+4;+0,+2;-2,+0;+2,-4",True,0.713,False,0,125.2,0.295,zero,1111110,0,1.002,-0.221,0.12,nonzero,1011111,6,-0.331,0.994,0.19,nonzero,1110000,7,-0.101,0.009,0.18,nonzero,1011011,5,-0.259,0.981,0.203
1773725726935,ok,,2,100,0.221,252.2,109.5,70.0,168.5,0.623,"+0,+0;+2,+2;+2,+2;+0,+0;+0,+0",True,0.736,False,0,143.9,0.289,zero,1111110,0,0.993,-0.178,0.221,nonzero,1101101,2,-0.271,1.003,0.255,nonzero,1110000,7,-0.145,-0.01,0.277,zero,1111110,0,0.954,-0.238,0.198
1773725735542,ok,,2,100,0.056,250.8,110.0,47.0,170.0,0.623,"+0,+6;+2,+2;+0,+0;+0,-2;-2,-4",True,0.676,False,0,126.0,0.35,zero,1111110,0,1.004,-0.215,0.15,nonzero,1101101,2,-0.271,0.943,0.056,zero,1111110,0,0.916,-0.165,0.163,nonzero,1011011,5,-0.251,1.018,0.191
1773725750413,ok,,2,100,0.168,253.8,109.0,66.0,170.0,0.796,"+0,+2;+0,+2;+2,+0;+0,+0;+0,-2",True,0.689,False,0,134.9,0.372,zero,1111110,0,0.965,-0.236,0.168,nonzero,1011111,6,-0.234,1.007,0.225,nonzero,1111111,8,0.84,0.924,0.007,nonzero,1011011,5,-0.301,1.047,0.284
1773725781491,ok,,2,100,0.158,266.5,106.0,67.0,167.0,0.712,"-4,+2;-2,+2;+0,+0;+0,-2;+2,-4",True,0.738,False,0,155.4,0.498,zero,1111110,0,0.956,-0.171,0.205,nonzero,1111111,8,0.865,0.969,0.158,nonzero,0110011,4,-0.231,1.103,0.316,zero,1111110,0,0.989,-0.191,0.253
1773726122673,ok,,1,1000,0.298,273.5,105.5,54.0,164.5,0.347,"-2,-8;+0,+6;+0,+2;+0,-2;+2,-4",True,0.734,False,0,104.0,0.474,nonzero,0110000,1,-0.045,-0.025,0.298,nonzero,1101101,2,-0.198,1.049,0.139,nonzero,0110000,1,-0.048,-0.03,0.271,nonzero,1011011,5,-0.361,0.859,0.02
1773726185027,ok,,2,100,0.205,250.8,110.0,45.0,168.5,0.64,"-4,-8;+2,+6;+2,+2;+0,-2;-2,-4",True,0.701,False,0,103.7,0.774,zero,1111110,0,0.936,-0.188,0.215,nonzero,1011111,6,-0.209,1.046,0.205,nonzero,1111111,8,0.728,0.926,0.075,zero,1111110,0,0.85,-0.205,0.058
1773726373086,ok,,2,100,0.093,269.2,106.5,62.0,166.0,0.503,"-8,+4;-4,+2;-2,+0;-2,-2;+0,-4",True,0.898,False,0,94.7,0.358,zero,1111110,0,0.758,-0.061,0.093,nonzero,0110000,1,-0.002,0.025,0.156,nonzero,1111001,3,-0.058,1.044,0.144,zero,1111110,0,0.932,-0.069,0.061
1773726593878,ok,,2,100,0.008,255.0,110.0,68.0,168.5,0.383,"+4,+0;+4,+4;+0,-2;-2,+0;-2,-2",True,0.877,False,0,52.9,0.236,zero,1111110,0,0.769,-0.108,0.008,nonzero,0110000,1,0.001,0.025,0.242,nonzero,1110000,7,-0.035,-0.005,0.271,zero,1111110,0,0.674,-0.114,0.029
1773726694680,ok,,3,10,0.061,266.5,106.0,58.0,164.0,0.439,"-4,+8;-2,+6;+0,+2;+0,-2;+2,-4",True,0.69,False,0,68.8,0.463,zero,1111110,0,0.839,0.057,0.061,zero,1111110,0,0.9,0.031,0.061,nonzero,1111011,9,0.23,1.056,0.07,nonzero,1011011,5,-0.071,0.965,0.029
1773726701199,ok,,2,100,0.008,258.8,109.0,54.0,166.0,0.498,"+0,+6;+0,+2;+2,+0;+0,-2;-2,-6",True,0.792,False,0,98.9,0.297,zero,1111110,0,0.871,0.227,0.008,nonzero,1011111,6,0.171,1.108,0.122,nonzero,1111111,8,0.833,0.923,0.064,zero,1111110,0,0.783,0.016,0.015
1773726748950,ok,,1,1000,0.066,275.8,105.5,40.0,180.0,0.445,"+4,-2;+0,-2;+0,+6;+0,-4;+2,+0",True,0.774,False,1,69.0,0.293,nonzero,1110000,7,0.112,0.042,0.066,nonzero,1101101,2,-0.075,0.994,0.027,nonzero,0110011,4,0.006,1.097,0.021,zero,1111110,0,0.815,-0.114,0.043
1773726792228,ok,,3,10,0.001,265.0,106.0,57.0,160.0,0.523,"-4,+6;-2,+4;+0,+2;+2,+0;+2,-4",True,0.824,False,0,92.4,0.447,zero,1111110,0,0.768,0.111,0.168,zero,1111110,0,0.771,0.141,0.001,nonzero,1011111,6,0.151,1.136,0.057,zero,1111110,0,0.915,0.155,0.048
1773726831753,ok,,2,100,0.022,270.0,105.5,43.0,168.5,0.411,"+4,-8;+2,+6;+2,+4;+0,+2;+0,-2",True,0.734,False,0,75.4,0.211,zero,1111110,0,0.811,0.026,0.022,nonzero,0110000,1,0.099,0.144,0.113,nonzero,1101101,2,-0.062,1.005,0.043,nonzero,1011011,5,0.018,1.075,0.157
1773726862367,ok,,2,100,0.001,265.0,106.0,56.0,160.0,0.497,"-2,+8;+0,+4;+0,+2;+2,-2;+2,-4",True,0.699,False,0,86.1,0.332,zero,1111110,0,0.907,0.024,0.259,nonzero,1101101,2,-0.07,1.012,0.001,zero,1111110,0,0.761,0.141,0.017,nonzero,1011011,5,0.061,1.123,0.066
1773726939000,ok,,3,10,0.002,250.0,110.0,61.0,164.5,0.687,"+2,+4;+2,+2;+2,+0;+0,-2;-4,-4",True,0.847,False,0,110.2,0.388,zero,1111110,0,0.953,0.016,0.039,zero,1111110,0,0.909,0.049,0.008,nonzero,1111111,8,0.904,1.125,0.002,zero,1111110,0,0.972,-0.014,0.014
1773726960695,ok,,2,100,0.11,260.0,106.0,62.0,164.5,0.571,"-6,+6;-2,+4;+0,+0;+2,-2;+2,-4",True,0.865,False,0,117.9,0.188,zero,1111110,0,0.928,0.064,0.111,nonzero,0110000,1,0.102,0.144,0.11,nonzero,1011011,5,0.073,1.072,0.045,zero,1111110,0,0.884,0.036,0.041
1773726986413,ok,,2,100,0.068,277.2,102.0,62.0,160.0,0.559,"-2,+8;+0,+4;+0,+2;+0,-2;+2,-4",True,0.79,False,0,98.2,0.107,zero,1111110,0,0.942,0.109,0.068,nonzero,1101101,2,0.076,1.075,0.142,nonzero,1101101,2,0.1,1.026,0.042,nonzero,1011011,5,0.056,1.156,0.113
1773727248322,ok,,2,100,0.057,266.5,106.0,58.0,164.0,0.441,"+0,+8;+0,+6;+0,+4;+0,+0;+0,-4",True,0.868,False,0,90.5,0.222,zero,1111110,0,0.837,0.018,0.057,nonzero,0110000,1,0.102,0.099,0.104,nonzero,1111011,9,0.012,1.094,0.099,nonzero,1011011,5,0.074,1.097,0.087
1773727305941,ok,,2,100,0.006,265.8,106.0,55.0,163.0,0.567,"+2,+8;+0,+4;+0,+2;+0,-2;+0,-6",True,0.791,False,0,101.2,0.181,zero,1111110,0,0.83,0.037,0.006,nonzero,1101101,2,0.074,1.027,0.016,zero,1111110,0,0.943,0.106,0.03,zero,1111110,0,0.949,0.075,0.021
1773727390688,ok,,2,100,0.004,254.2,109.5,70.0,168.5,0.473,"+4,+4;+4,+4;+2,+0;+0,+0;+0,+0",True,0.764,False,0,92.4,0.158,zero,1111110,0,0.672,-0.094,0.035,nonzero,0110011,4,-0.558,1.099,0.004,nonzero,1110000,7,-0.135,0.055,0.005,zero,1111110,0,1.025,-0.155,0.135
1773727456601,ok,,2,100,0.18,268.5,106.5,71.0,166.0,0.536,"-6,+0;-2,+2;+0,+0;-2,-2;+2,-2",True,0.649,False,0,125.7,0.12,zero,1111110,0,0.886,-0.167,0.18,nonzero,1011011,5,-0.186,1.018,0.2,nonzero,0110000,1,-0.037,-0.018,0.195,nonzero,1011011,5,-0.225,1.006,0.233
1773727459221,ok,,2,100,0.163,255.8,109.5,50.0,170.0,0.564,"+0,+4;+2,+4;+0,+2;+2,+0;+2,-2",True,0.977,False,0,142.5,0.13,zero,1111110,0,0.965,-0.315,0.163,nonzero,1110000,7,-0.094,-0.078,0.261,zero,1111110,0,0.964,-0.3,0.227,nonzero,1011011,5,-0.36,1.001,0.21
1773727501801,ok,,2,100,0.024,267.8,106.5,74.0,168.5,0.599,"-4,+0;-2,+4;-2,+2;+0,+0;+0,-2",True,0.669,False,0,87.8,0.139,zero,1111110,0,0.785,0.015,0.024,nonzero,1110000,7,-0.151,0.055,0.046,zero,1111110,0,1.08,0.183,0.227,zero,1111110,0,0.803,0.034,0.008
1773727536899,ok,,1,1000,0.324,255.8,110.0,42.0,171.5,0.453,"+6,-8;+2,-4;+0,+2;+0,+0;-2,-2",True,1.043,False,0,139.5,0.198,nonzero,0110000,1,-0.122,-0.073,0.324,nonzero,0110011,4,-0.386,1.171,0.316,nonzero,1111011,9,-0.45,0.921,0.157,nonzero,1011011,5,-0.372,1.0,0.247
1773727630807,ok,,2,100,0.144,255.8,109.5,70.0,168.5,0.565,"+4,+4;+4,+4;+2,+2;+2,+0;+0,-2",True,0.703,False,0,85.4,0.137,zero,1111110,0,0.971,-0.099,0.215,nonzero,0110000,1,-0.22,-0.069,0.144,zero,1111110,0,0.992,0.358,0.044,zero,1111110,0,0.914,-0.039,0.102
1773727661735,ok,,2,100,0.006,268.5,106.0,73.0,168.5,0.518,"-4,+4;-2,+4;-2,+0;+0,+0;+2,-2",True,0.636,False,0,82.7,0.154,zero,1111110,0,0.888,-0.26,0.095,nonzero,0110000,1,-0.317,0.36,0.006,nonzero,1111001,3,-0.161,0.847,0.044,zero,1111110,0,1.126,-0.306,0.367
1773727684484,ok,,2,100,0.006,269.2,106.0,75.0,167.0,0.525,"-6,+2;-2,+4;-2,-2;+0,+0;+2,-2",True,0.753,False,0,100.7,0.151,zero,1111110,0,0.896,-0.154,0.17,nonzero,0110000,1,-0.251,0.064,0.006,nonzero,0110011,4,-0.344,1.155,0.076,zero,1111110,0,0.998,-0.074,0.263
1773727761275,ok,,2,100,0.008,268.5,106.0,61.0,160.0,0.409,"+2,+6;+2,+4;+0,+0;+0,-2;+0,-4",True,0.572,False,0,80.4,0.144,zero,1111110,0,0.7,0.199,0.008,nonzero,1101101,2,0.079,0.986,0.017,zero,1111110,0,1.0,0.362,0.022,zero,1111110,0,0.863,0.417,0.007
1773727834863,ok,,2,100,0.14,268.5,106.0,69.0,167.5,0.631,"-6,+0;-2,+2;-2,+0;+0,+0;+2,-2",True,0.839,False,0,139.6,0.167,zero,1111110,0,0.962,-0.167,0.175,nonzero,1110000,7,-0.045,-0.064,0.14,zero,1111110,0,0.942,-0.132,0.188,zero,1111110,0,0.969,-0.113,0.253
1773727914271,ok,,2,100,0.115,250.0,110.0,66.0,170.0,0.584,"-2,+2;+0,+2;+0,+0;+0,+0;+0,-2",True,1.049,False,0,90.2,0.142,zero,1111110,0,0.733,-0.263,0.115,nonzero,0110011,4,-0.347,1.221,0.183,nonzero,1011011,5,-0.18,1.085,0.298,zero,1111110,0,0.866,-0.194,0.094
1773728092839,ok,,2,100,0.062,252.2,109.5,62.0,164.5,0.631,"+0,+4;+2,+2;+2,+0;+0,-2;+0,-4",True,0.738,False,2,147.6,0.197,zero,1111110,0,0.927,-0.017,0.062,nonzero,1101101,2,-0.082,1.062,0.106,nonzero,0110011,4,-0.08,1.165,0.288,nonzero,1011011,5,-0.113,1.05,0.129
1773728655187,ok,,2,100,0.023,280.8,102.0,58.0,164.0,0.571,"-8,+8;-4,+6;-2,+2;+0,-2;+2,-4",True,0.771,False,0,97.6,0.241,zero,1111110,0,0.856,-0.054,0.023,nonzero,1101101,2,-0.065,1.15,0.094,nonzero,1111011,9,-0.088,1.04,0.206,zero,1111110,0,0.976,-0.065,0.209
1773728678859,ok,,2,100,0.02,250.0,110.0,61.0,164.5,0.492,"+4,+4;+2,+2;+2,+0;-2,-2;-2,-4",True,0.848,False,0,119.0,0.117,zero,1111110,0,0.8,0.014,0.043,nonzero,0110011,4,-0.043,1.006,0.02,nonzero,1110000,7,0.026,0.071,0.231,zero,1111110,0,0.982,-0.023,0.07
1773728699938,ok,,2,100,0.074,263.5,106.0,59.0,165.5,0.585,"-6,+8;-2,+4;+0,+2;+0,-2;+2,-4",True,0.751,False,0,124.5,0.179,zero,1111110,0,0.891,-0.082,0.074,nonzero,1011111,6,-0.102,1.07,0.074,nonzero,1110000,7,-0.021,-0.008,0.217,zero,1111110,0,0.963,-0.001,0.102
1773730902464,ok,,1,1000,0.005,255.0,110.0,61.0,163.0,0.343,"+2,+6;+0,+4;+2,+0;-2,-2;-2,-4",True,0.443,False,0,69.5,0.163,nonzero,0110000,1,0.171,0.244,0.005,nonzero,1111111,8,0.649,1.275,0.003,nonzero,1111001,3,0.106,0.995,0.079,zero,1111110,0,0.749,0.205,0.035
1773793420165,ok,,2,100,0.187,266.5,106.0,73.0,174.0,0.55,"-4,+4;-2,+4;-2,+2;+2,+0;+4,-2",True,0.995,False,0,96.7,0.136,zero,1111110,0,0.978,-0.435,0.201,nonzero,0110000,1,-0.083,-0.029,0.187,nonzero,1011011,5,-0.363,1.021,0.252,nonzero,1011011,5,-0.529,0.998,0.229
1773793442228,ok,,2,100,0.199,270.0,106.5,73.0,171.5,0.504,"-6,+2;-2,+2;-2,+0;-2,+0;+2,-2",True,0.956,False,0,105.0,0.122,zero,1111110,0,0.986,-0.358,0.283,nonzero,0110000,1,-0.084,-0.044,0.199,nonzero,1110000,7,-0.169,-0.118,0.288,zero,1111110,0,0.894,-0.375,0.126
1773793463483,ok,,2,100,0.097,255.8,109.5,74.0,174.0,0.571,"+4,+2;+4,+2;+4,+0;-2,-2;+0,-2",True,0.724,False,0,89.4,0.173,zero,1111110,0,0.993,-0.471,0.241,nonzero,1101101,2,-0.585,1.02,0.097,nonzero,0110000,1,-0.126,-0.038,0.179,zero,1111110,0,0.948,-0.465,0.131
1773794076602,ok,,2,100,0.131,250.8,110.0,50.0,170.0,0.62,"+2,+8;+2,+6;+0,+2;+0,-2;-2,-4",True,0.973,False,0,151.2,0.273,zero,1111110,0,0.929,-0.228,0.131,nonzero,0110011,4,-0.25,1.136,0.359,nonzero,1111111,8,0.866,0.928,0.087,zero,1111110,0,0.99,-0.258,0.231
1773794111803,ok,,2,100,0.291,263.5,106.0,50.0,170.0,0.617,"-6,+8;-2,+4;+0,+2;+0,+0;+2,-4",True,0.921,False,0,156.6,0.158,zero,1111110,0,0.971,-0.14,0.291,nonzero,0110011,4,-0.196,1.113,0.3,nonzero,1111011,9,-0.24,0.997,0.14,zero,1111110,0,0.925,-0.193,0.23
1773794137721,ok,,2,100,0.3,263.5,106.0,51.0,170.0,0.673,"-6,+8;-2,+4;+0,+0;+0,-2;+2,-4",True,0.832,False,0,137.5,0.162,zero,1111110,0,0.97,-0.17,0.337,nonzero,1011011,5,-0.2,1.041,0.3,nonzero,1111011,9,-0.268,0.99,0.243,zero,1111110,0,0.953,-0.2,0.256
1773794488084,ok,,2,100,0.189,250.0,110.0,46.0,168.5,0.496,"+0,+4;+0,+4;+0,+2;-2,-2;-2,-4",True,0.972,False,0,102.5,0.253,zero,1111110,0,1.025,-0.087,0.193,nonzero,1011011,5,-0.268,1.007,0.189,nonzero,0110011,4,-0.576,0.974,0.02,nonzero,1011011,5,-0.322,0.848,0.003
1773794528338,ok,,2,100,0.153,252.8,109.5,53.0,167.5,0.573,"+0,+8;+2,+4;+2,+2;+0,-2;+0,-4",True,0.77,False,0,113.8,0.126,zero,1111110,0,0.944,-0.108,0.153,nonzero,1011111,6,-0.136,1.087,0.19,zero,1111110,0,0.843,-0.347,0.064,nonzero,1011011,5,-0.529,0.758,0.041
1773794550120,ok,,2,100,0.162,247.8,110.0,47.0,170.0,0.591,"+0,+8;+0,+4;+2,+2;+0,-2;-2,-4",True,0.745,False,0,98.6,0.381,zero,1111110,0,0.877,-0.133,0.162,nonzero,1011111,6,-0.19,1.123,0.258,nonzero,1101101,2,-0.385,1.0,0.084,zero,1111110,0,0.89,0.035,0.064
1773795102874,ok,,2,100,0.062,250.0,110.0,58.0,165.5,0.615,"+0,+4;+2,+2;+0,+0;+0,-2;-2,-4",True,0.819,False,0,122.2,0.26,zero,1111110,0,0.831,0.105,0.062,nonzero,0110011,4,-0.011,1.118,0.147,nonzero,1111011,9,0.026,1.034,0.22,zero,1111110,0,0.842,0.145,0.043
1773795164091,ok,,2,100,0.008,249.2,110.0,60.0,165.5,0.426,"+2,+2;+2,+0;+2,+0;+0,-2;-2,-4",True,0.697,False,0,90.8,0.235,zero,1111110,0,0.781,0.097,0.143,nonzero,1011011,5,0.061,0.988,0.008,nonzero,0110011,4,-0.012,1.087,0.143,zero,1111110,0,0.926,0.132,0.041
1773795191072,ok,,2,100,0.006,250.8,109.5,59.0,165.5,0.582,"+0,+4;+2,+2;+2,+0;+0,-2;+0,-2",True,0.849,False,0,118.4,0.106,zero,1111110,0,0.811,0.076,0.06,nonzero,1011011,5,0.076,1.018,0.006,nonzero,1110000,7,0.074,0.188,0.119,nonzero,1011011,5,0.019,1.096,0.17
1773795261509,ok,,1,1000,0.029,271.5,106.0,27.0,180.0,0.17,"+0,+2;-2,+0;+0,+0;+0,-4;+2,-4",True,1.002,False,1,40.0,0.123,nonzero,1110000,7,0.157,0.143,0.029,nonzero,110110?,2,0.075,0.622,0.038,nonzero,11100?0,7,0.268,0.129,0.003,nonzero,1111011,9,0.111,0.781,0.002
1773795717766,ok,,3,10,0.083,245.8,109.5,39.0,173.0,0.678,"+2,+0;+4,+6;+2,+2;+0,+0;+0,-4",True,0.686,False,0,118.2,0.221,zero,1111110,0,0.975,-0.366,0.193,zero,1111110,0,0.981,-0.32,0.229,nonzero,1111011,9,-0.436,0.893,0.083,zero,1111110,0,0.977,-0.338,0.265
1773796034639,ok,,3,10,0.016,267.8,106.5,57.0,165.5,0.573,"-6,+8;-4,+4;-2,+2;+0,+0;+2,-2",True,0.715,False,0,101.1,0.267,zero,1111110,0,0.906,-0.012,0.125,zero,1111110,0,0.941,-0.01,0.206,nonzero,1111001,3,-0.264,0.911,0.016,nonzero,1011011,5,-0.106,0.766,0.019
1773796063992,ok,,2,100,0.054,263.5,106.0,61.0,166.0,0.584,"-6,+4;-4,+2;+0,+0;+0,-2;+4,-4",True,0.725,False,0,119.2,0.408,zero,1111110,0,0.799,0.146,0.054,nonzero,1111001,3,0.113,1.0,0.059,nonzero,1110000,7,0.157,0.212,0.044,nonzero,1011011,5,0.077,1.083,0.207
1773796157551,ok,,3,10,0.022,247.2,110.0,59.0,168.5,0.487,"+2,+2;+2,+2;+2,+0;+0,+0;-2,-2",True,0.676,False,0,90.3,0.207,zero,1111110,0,0.83,0.132,0.13,zero,1111110,0,0.81,0.146,0.022,nonzero,1011111,6,0.073,0.999,0.157,zero,1111110,0,0.783,0.178,0.101
1773796184015,ok,,2,100,0.013,261.5,106.5,57.0,163.0,0.454,"-6,+8;-4,+4;-2,+0;-2,-2;+0,-2",True,0.744,False,0,87.8,0.122,zero,1111110,0,0.804,0.071,0.092,nonzero,1101101,2,0.067,1.035,0.013,nonzero,1110000,7,0.124,0.113,0.128,zero,1111110,0,0.993,-0.001,0.129
1773796204071,ok,,1,1000,0.004,266.5,106.0,32.0,180.0,0.196,"-4,+6;-2,+4;+0,+2;+2,+0;+2,-2",True,0.649,False,1,44.1,0.176,nonzero,011??1?,4,0.239,0.568,0.004,nonzero,11?1111,8,0.517,1.106,0.007,nonzero,11?1111,8,0.506,1.151,0.006,nonzero,1?11?11,5689,0.505,1.213,0.0
1773796206237,ok,,2,100,0.014,250.8,109.0,61.0,166.0,0.588,"+0,+2;+0,+0;+0,-2;+2,-2;+0,-2",True,0.798,False,0,96.7,0.389,zero,1111110,0,0.904,0.135,0.014,nonzero,0110011,4,0.076,1.124,0.088,nonzero,1011111,6,-0.008,0.973,0.082,nonzero,1011011,5,0.032,1.171,0.135
1773796250442,ok,,2,100,0.022,255.8,109.0,63.0,178.5,0.469,"+0,+2;+6,+2;-4,+0;+4,+0;+4,-2",True,1.277,False,1,58.5,0.368,zero,1111110,0,0.783,-0.882,0.022,nonzero,0110??0,1,-0.057,-0.026,0.174,zero,1111110,0,1.067,-0.814,0.063,nonzero,1011011,5,-1.236,1.0,0.021
1773796269194,uncertain,leftmost_position_lit,,,,243.8,109.0,60.0,178.5,0.38,"+2,+2;+0,+0;-2,+0;+8,+0;+8,+2",True,1.92,True,3,53.5,0.375,zero,1111110,0,1.033,-0.977,0.009,nonzero,01100?0,1,-0.516,-0.064,0.001,nonzero,1011111,6,-0.687,0.953,0.007,nonzero,1011011,5,-1.169,0.992,0.032
1773796287155,ok,,2,100,0.015,261.5,106.0,65.0,177.0,0.45,"-2,+2;-4,+0;+2,+0;+0,+2;+8,+0",True,1.113,False,0,66.3,0.321,zero,1111110,0,0.995,-0.705,0.015,nonzero,1101101,2,-1.198,1.073,0.048,nonzero,0110011,4,-1.512,1.422,0.139,zero,1111110,0,0.837,-0.76,0.049
1773796774872,ok,,3,10,0.106,265.0,106.0,59.0,165.5,0.694,"-2,+6;+0,+2;+0,+0;+0,+0;+2,-2",True,0.722,False,0,161.3,0.197,zero,1111110,0,0.987,-0.009,0.114,zero,1111110,0,0.923,-0.057,0.106,nonzero,0110011,4,-0.095,1.046,0.196,zero,1111110,0,0.976,-0.088,0.121
1773796810156,ok,,2,100,0.083,250.0,109.5,55.0,165.5,0.632,"+2,+6;+2,+4;+0,+2;+0,+0;+0,-2",True,0.853,False,0,142.3,0.183,zero,1111110,0,0.898,-0.058,0.083,nonzero,0110011,4,-0.092,1.066,0.239,nonzero,1111001,3,-0.043,1.069,0.162,zero,1111110,0,0.933,-0.106,0.089
1773797265664,ok,,3,10,0.021,250.8,109.5,60.0,168.5,0.538,"+0,+4;+2,+2;+2,+2;+0,+0;+0,-2",True,0.613,False,0,30.9,0.176,zero,1111110,0,0.778,-0.169,0.021,zero,1111110,0,0.844,-0.135,0.115,nonzero,1111001,3,-0.117,1.306,0.238,nonzero,1011011,5,-0.152,1.374,0.36
1773797286968,uncertain,p1_invalid_pattern,,,,252.2,109.5,58.0,164.0,0.538,"+2,+6;+2,+2;+2,+0;+0,+0;+0,-4",True,0.939,False,0,71.6,0.335,uncertain,11110?0,,0.262,0.19,0.005,nonzero,11?10?1,39,-0.017,1.038,0.008,nonzero,11110?1,39,-0.384,1.498,0.022,uncertain,111111?,08,0.793,0.675,0.01
1773797402365,ok,,2,100,0.006,273.5,106.0,32.0,174.5,0.28,"+0,+0;+0,+6;+0,+4;+0,+0;+2,-2",True,0.431,False,0,56.0,0.227,zero,1111110,0,0.702,0.173,0.006,nonzero,101?111,6,0.285,0.74,0.012,nonzero,1110??0,7,0.286,0.367,0.009,nonzero,1011011,5,0.11,1.453,0.054
1773797422524,ok,,2,100,0.117,265.0,106.5,65.0,170.0,0.743,"-4,+4;-4,+4;-2,+2;+0,+0;+2,-4",True,0.854,False,0,130.5,0.207,zero,1111110,0,1.034,-0.124,0.315,nonzero,1011111,6,0.125,0.975,0.117,nonzero,1111111,8,0.883,0.947,0.096,nonzero,1011011,5,-0.251,1.164,0.313
1773797483819,ok,,1,1000,0.201,269.2,106.0,65.0,168.5,0.574,"-4,+4;-4,+2;-2,+2;+0,+0;+2,-2",True,0.865,False,0,138.9,0.239,nonzero,0110000,1,-0.025,0.008,0.201,nonzero,1101101,2,-0.202,1.005,0.235,zero,1111110,0,0.834,-0.134,0.165,zero,1111110,0,0.979,-0.2,0.226
1773797664120,ok,,2,100,0.004,273.5,106.0,55.0,158.5,0.244,"+2,+8;+2,+4;+0,+2;+0,+2;+0,-2",True,0.845,False,0,39.8,0.371,zero,1111110,0,0.604,0.275,0.004,nonzero,?1110?1,39,0.212,1.046,0.015,nonzero,011??11,4,-0.154,1.264,0.02,zero,1111110,0,0.94,0.335,0.018
1773797771519,ok,,1,1000,0.011,252.2,110.0,61.0,164.5,0.386,"+2,+2;+0,+2;+0,+0;+0,-2;+0,-2",True,0.52,False,0,65.4,0.652,nonzero,011?000,1,0.183,0.271,0.011,zero,1111110,0,0.914,0.246,0.007,nonzero,?110011,49,0.207,1.166,0.005,zero,1111110,0,0.836,0.348,0.023
1773797794747,ok,,2,100,0.005,275.8,106.0,55.0,158.5,0.199,"+0,+6;+0,+4;+0,+2;+0,+0;+0,-2",True,0.442,False,0,27.4,0.242,zero,?111110,0,0.451,0.234,0.005,nonzero,?011011,5,0.2,1.126,0.014,nonzero,1111111,8,0.667,1.081,0.054,nonzero,1?11?11,5689,0.36,1.126,0.009
1773798034060,ok,,3,10,0.026,250.8,110.0,55.0,166.0,0.565,"+2,+4;+2,+2;+2,+0;-2,+0;-2,-2",True,0.698,False,0,120.6,0.211,zero,1111110,0,0.861,-0.083,0.026,zero,1111110,0,0.91,-0.103,0.103,nonzero,1110000,7,-0.089,-0.067,0.099,nonzero,1011011,5,-0.311,0.984,0.07
1773798048162,ok,,2,100,0.026,263.5,106.5,55.0,163.0,0.591,"-6,+8;-2,+2;+0,+2;+0,+0;+2,-4",True,0.741,False,0,111.0,0.281,zero,1111110,0,0.889,-0.169,0.044,nonzero,1011011,5,-0.088,1.042,0.026,nonzero,1011011,5,-0.115,1.172,0.035,nonzero,1011011,5,-0.135,1.046,0.04
1773798068433,ok,,2,100,0.103,263.5,106.5,50.0,168.5,0.636,"-6,+8;-4,+4;-2,+2;+0,+0;+2,-2",True,0.733,False,0,94.2,0.309,zero,1111110,0,0.863,-0.118,0.115,nonzero,1111111,8,0.842,1.016,0.103,zero,1111110,0,1.159,-0.158,0.405,nonzero,1011011,5,-0.156,0.998,0.155
1773798497274,ok,,2,100,0.117,261.5,106.5,65.0,168.5,0.577,"-4,+2;-2,+2;+0,+0;+0,+0;+2,-2",True,0.809,False,0,102.5,0.147,zero,1111110,0,0.887,0.12,0.144,nonzero,1101101,2,0.116,1.075,0.117,nonzero,1111001,3,0.102,1.037,0.158,nonzero,1011011,5,0.098,1.012,0.134
1773798527361,ok,,2,100,0.098,261.5,106.5,63.0,167.0,0.632,"-4,+4;-2,+2;+0,+0;+0,-2;+2,-2",True,0.871,False,0,119.8,0.281,zero,1111110,0,0.898,0.191,0.126,nonzero,1011011,5,0.19,0.992,0.098,nonzero,1111001,3,0.171,1.051,0.119,nonzero,1011011,5,0.106,1.066,0.099
1773798610241,ok,,2,100,0.0,266.5,106.5,68.0,168.5,0.451,"-4,+4;-2,+4;-2,+0;+0,-2;+2,-2",True,0.762,False,0,67.6,0.182,zero,1111110,0,0.73,0.003,0.0,nonzero,1110000,7,0.084,0.08,0.112,nonzero,1110000,7,0.071,0.144,0.152,zero,1111110,0,0.889,0.059,0.089
1773798664281,ok,,2,100,0.054,265.8,106.5,71.0,168.5,0.471,"-4,+2;-2,+4;-2,+0;+0,+0;+0,-2",True,0.86,False,1,107.5,0.26,zero,1111110,0,0.792,-0.097,0.074,nonzero,0110000,1,0.065,0.101,0.054,nonzero,0110000,1,0.067,0.104,0.063,nonzero,1011011,5,-0.129,1.044,0.166
1773798689344,ok,,2,100,0.156,250.8,109.5,66.0,168.5,0.483,"+4,+2;+4,+2;+2,+0;+0,+0;+0,-2",True,0.578,False,0,81.8,0.126,zero,1111110,0,0.837,-0.134,0.156,nonzero,0110000,1,-0.038,-0.005,0.266,uncertain,1?1????,0356789,0.465,0.553,0.001,zero,1?11110,0,0.56,-0.11,0.004
1773798724393,ok,,2,100,0.085,280.8,102.5,69.0,167.0,0.691,"-2,+4;-2,+2;+0,+0;+0,-2;+2,-2",True,0.904,False,0,86.2,0.211,zero,1111110,0,0.873,0.01,0.11,nonzero,1101101,2,-0.019,1.17,0.085,nonzero,1111111,8,0.92,1.032,0.099,nonzero,1011011,5,-0.005,1.12,0.234
1773798791755,ok,,2,100,0.114,245.8,110.0,66.0,168.5,0.635,"+0,+2;+0,+2;-2,+0;+0,+0;+0,+0",True,1.044,False,0,113.0,0.333,zero,1111110,0,0.916,0.046,0.17,nonzero,0110000,1,0.108,0.174,0.114,nonzero,1011111,6,-0.019,0.983,0.033,zero,1111110,0,0.912,0.015,0.122
1773798851157,ok,,2,100,0.003,245.0,109.5,66.0,168.5,0.472,"+2,+2;+2,+2;+0,+0;+0,+0;+0,-2",True,0.944,False,0,90.3,0.189,zero,1111110,0,0.787,0.266,0.063,nonzero,?11?0?0,17,0.289,0.369,0.003,nonzero,1111001,3,0.174,1.054,0.063,zero,1111110,0,0.743,0.159,0.004
1773798921921,ok,,2,100,0.038,244.2,110.0,65.0,170.0,0.449,"+0,+2;+0,+2;+0,+0;+0,+0;+0,-2",True,1.087,False,0,65.4,0.417,zero,1111110,0,0.898,0.146,0.175,nonzero,1111001,3,0.148,1.0,0.038,nonzero,1111001,3,0.171,1.247,0.053,nonzero,1011011,5,0.103,1.14,0.095
1773799224074,ok,,3,10,0.001,259.2,106.5,38.0,176.0,0.406,"-4,+2;-2,+4;+0,+2;+0,-2;+0,-4",True,0.719,False,1,70.3,0.321,zero,1111110,0,0.89,0.06,0.086,zero,1111110,0,0.881,0.073,0.148,nonzero,1110000,7,0.087,0.133,0.001,nonzero,1011011,5,0.035,1.014,0.029
1773799243548,ok,,2,100,0.032,263.5,106.0,45.0,171.5,0.396,"+0,+8;+0,+6;-2,-2;-2,-2;+0,-6",True,0.79,False,1,53.2,0.296,zero,1111110,0,0.871,-0.13,0.081,nonzero,1110000,7,0.056,0.15,0.032,nonzero,1111001,3,-0.094,0.956,0.035,nonzero,1011011,5,-0.069,0.892,0.016
1773799244319,ok,,2,100,0.002,273.5,106.0,60.0,163.0,0.331,"-2,+6;+0,+2;+0,+0;+0,-2;+0,-4",True,0.595,False,1,37.2,0.29,zero,11?1110,0,0.479,0.091,0.002,nonzero,1011111,6,0.021,1.25,0.046,nonzero,1011111,6,-0.001,0.908,0.09,nonzero,1011011,5,0.017,1.062,0.188
1773799262279,ok,,2,100,0.025,245.8,109.5,31.0,174.5,0.352,"+2,+0;+2,+0;+2,+0;+0,+0;+0,-4",True,0.732,False,1,73.3,0.396,zero,1111110,0,0.898,0.152,0.025,nonzero,1101101,2,0.145,1.115,0.026,nonzero,1111001,3,0.125,1.224,0.021,zero,1111110,0,0.846,0.144,0.118
1773799344987,ok,,3,10,0.011,252.8,110.0,65.0,167.0,0.55,"+2,+2;+2,+2;+0,+0;-2,-2;-2,-2",True,0.783,False,0,71.7,0.437,zero,1111110,0,0.895,0.051,0.033,zero,1111110,0,0.663,0.056,0.011,nonzero,1110000,7,0.108,0.083,0.07,zero,1111110,0,1.101,0.049,0.185
1773799370823,ok,,2,100,0.009,250.8,110.0,65.0,165.5,0.392,"+2,+2;+4,+2;+0,+0;+0,+0;-2,-2",True,0.672,False,0,56.4,0.34,zero,11?1110,0,0.516,0.162,0.009,nonzero,?1100?0,17,0.103,0.138,0.016,nonzero,1011011,5,0.094,0.913,0.049,nonzero,1011011,5,0.152,1.241,0.124
1773799398937,ok,,2,100,0.046,277.8,102.5,80.0,160.0,0.576,"-6,+6;-2,+4;-2,+0;+2,-2;+2,-4",True,0.962,False,0,73.0,0.328,zero,1111110,0,0.823,0.118,0.072,nonzero,1111001,3,0.171,1.055,0.046,zero,1111110,0,0.875,0.409,0.041,zero,1111110,0,0.662,0.388,0.011
1773799544259,ok,,2,100,0.005,267.8,106.5,64.0,168.5,0.354,"-6,+4;-4,+2;-2,+2;+0,+0;+2,-2",True,1.055,False,0,46.6,0.325,zero,1111110,0,0.917,0.105,0.081,nonzero,1111111,8,0.68,0.834,0.005,nonzero,1111011,9,0.112,1.333,0.018,zero,1111110,0,0.794,0.013,0.045
1773799647559,ok,,2,100,0.002,271.5,106.0,64.0,165.5,0.314,"-4,+2;-2,+2;+0,-2;+0,-2;+2,-4",True,0.991,False,0,57.8,0.451,zero,1111110,0,0.792,0.205,0.037,nonzero,?1100?0,17,0.23,0.302,0.002,uncertain,?11???0,017,0.317,0.385,0.0,zero,1111110,0,0.991,0.293,0.077
1773799670502,uncertain,p2_ambiguous,,,,275.0,106.0,64.0,165.5,0.349,"-2,+4;-2,+2;+0,+0;+0,-2;+2,-4",True,0.866,False,0,65.7,0.335,zero,1111110,0,0.726,0.339,0.059,uncertain,?11???0,017,0.349,0.423,0.0,uncertain,111???0,07,0.386,0.446,0.002,uncertain,111111?,08,0.877,0.48,0.051
1773799726236,uncertain,p2_ambiguous,,,,260.0,110.0,63.0,167.0,0.583,"+2,+2;+2,+2;+0,+0;+0,+0;-2,-2",True,0.841,False,0,111.1,0.329,zero,1111110,0,0.806,0.253,0.063,uncertain,?11???0,017,0.326,0.385,0.003,zero,1111110,0,0.883,0.303,0.043,zero,1111110,0,0.87,0.305,0.136
1773799754040,ok,,2,100,0.057,260.0,110.0,67.0,167.0,0.584,"+2,+2;+2,+2;+2,+0;+0,-2;-2,-2",True,0.741,False,0,128.4,0.316,zero,1111110,0,0.903,0.254,0.077,nonzero,1101101,2,0.214,1.041,0.057,nonzero,0110011,4,0.234,1.035,0.018,nonzero,1011011,5,0.151,1.083,0.037
1773799808080,ok,,2,100,0.071,260.8,109.0,64.0,168.5,0.462,"+2,+2;+2,+2;+0,+0;+0,-2;+0,-2",True,0.963,False,0,92.6,0.34,zero,1111110,0,0.857,0.112,0.071,nonzero,0110011,4,0.079,1.079,0.178,nonzero,0110011,4,0.136,1.101,0.13,nonzero,1011011,5,0.036,0.95,0.161
1773799865655,ok,,2,100,0.048,269.2,106.5,63.0,168.5,0.462,"-6,+2;-4,+2;-2,+0;+0,-2;+2,-2",True,0.889,False,0,92.9,0.394,zero,1111110,0,0.798,0.042,0.048,nonzero,1101101,2,0.031,1.008,0.098,nonzero,1110000,7,0.097,0.125,0.161,zero,1111110,0,1.003,0.098,0.252
1773799922423,ok,,2,100,0.018,263.0,108.5,65.0,168.5,0.442,"+0,+4;+0,+2;+0,+0;+2,+0;+0,+0",True,1.042,False,0,78.4,0.266,zero,1111110,0,0.835,0.129,0.048,nonzero,0110000,1,0.219,0.255,0.018,nonzero,1011111,6,0.114,1.052,0.167,zero,1111110,0,0.872,0.114,0.06
1773799978535,ok,,2,100,0.011,257.2,109.5,64.0,170.0,0.413,"+4,+4;+2,+2;+2,+0;+0,+0;+0,-2",True,0.856,False,0,74.7,0.329,zero,1111110,0,0.728,0.197,0.017,nonzero,0110000,1,0.243,0.263,0.011,nonzero,1111001,3,0.128,1.188,0.151,zero,1111110,0,0.708,0.151,0.037
1773800048867,ok,,2,100,0.001,271.5,106.0,60.0,160.0,0.325,"+2,+2;+2,+2;+0,+0;+0,+0;+0,-2",True,0.582,False,0,36.9,0.339,zero,11?1110,0,0.428,0.411,0.017,nonzero,?1100?0,17,0.045,0.279,0.001,nonzero,11011?1,2,0.138,0.973,0.01,zero,1111110,0,0.82,0.234,0.066
1773800189490,ok,,2,100,0.016,267.2,106.0,58.0,160.0,0.298,"+2,+4;+0,+2;+0,+0;+0,-2;+0,-2",True,0.455,False,0,34.9,0.278,zero,1111110,0,0.634,0.241,0.016,nonzero,1111111,8,0.972,1.41,0.068,nonzero,11011?1,2,0.242,1.017,0.006,nonzero,1011011,5,0.233,0.983,0.037
1773800221515,ok,,3,10,0.119,263.5,106.5,41.0,171.5,0.621,"-6,+2;-4,+2;-2,+0;+0,-2;+2,-4",True,0.632,False,0,107.4,0.234,zero,1111110,0,0.87,0.095,0.119,zero,1111110,0,0.964,0.132,0.255,nonzero,1111001,3,0.113,1.034,0.168,zero,1111110,0,0.876,0.145,0.157
1773800235423,ok,,2,100,0.007,268.5,106.0,59.0,160.0,0.433,"+2,+4;+2,+2;+0,+0;+0,+0;+0,-2",True,0.644,False,0,44.1,0.318,zero,1111110,0,0.758,0.101,0.043,nonzero,1111011,9,-0.019,1.538,0.007,nonzero,1101101,2,0.142,1.026,0.038,zero,1111110,0,0.94,0.333,0.013
1773800281542,ok,,2,100,0.035,268.5,106.0,38.0,166.0,0.578,"-2,+2;+0,+2;+0,+0;+0,-2;+2,-4",True,0.597,False,1,90.3,0.248,zero,1111110,0,0.944,0.042,0.07,nonzero,1101101,2,0.07,0.947,0.035,nonzero,1111011,9,0.055,0.881,0.008,zero,1111110,0,0.802,0.069,0.086
1773800293872,ok,,2,100,0.284,263.5,106.0,62.0,167.0,0.629,"-4,+4;-2,+2;-2,+0;+2,+0;+4,-2",True,0.818,False,0,145.5,0.293,zero,1111110,0,0.992,-0.098,0.313,nonzero,1111001,3,-0.086,1.013,0.284,nonzero,0110000,1,0.124,0.163,0.062,nonzero,1011011,5,-0.199,0.977,0.237
1773800348557,ok,,2,100,0.001,265.0,106.5,64.0,167.0,0.699,"-4,+4;-2,+2;-2,+0;+0,-2;+2,-4",True,0.874,False,0,155.1,0.159,zero,1111110,0,1.0,0.101,0.303,nonzero,0110000,1,0.244,0.275,0.001,nonzero,1011011,5,0.064,1.001,0.201,zero,1111110,0,0.935,0.029,0.239
1773800369197,ok,,2,100,0.094,267.8,106.5,61.0,168.5,0.68,"-4,+4;-2,+2;-2,+0;+0,+0;+2,-2",True,0.959,False,0,144.9,0.314,zero,1111110,0,0.994,-0.061,0.33,nonzero,0110000,1,0.131,0.224,0.094,nonzero,1111111,8,0.884,0.94,0.138,zero,1111110,0,0.974,-0.07,0.32
1773800416323,ok,,2,100,0.008,255.0,109.5,63.0,171.5,0.61,"+4,+2;+2,+0;+0,+0;+0,-2;+0,-2",True,0.953,False,0,145.4,0.327,zero,1111110,0,0.882,-0.062,0.047,nonzero,011000?,1,0.051,0.499,0.008,nonzero,0110011,4,0.013,1.103,0.156,zero,1111110,0,0.971,-0.003,0.246
1773800517810,ok,,2,100,0.003,269.2,106.5,65.0,167.0,0.635,"-2,+4;+0,+2;-4,+2;+0,-2;+0,-4",True,0.835,False,0,131.7,0.18,zero,1111110,0,0.804,-0.103,0.13,nonzero,011??00,1,-0.039,0.026,0.003,nonzero,1011111,6,-0.214,1.101,0.14,zero,1111110,0,0.988,-0.105,0.292
1773800535487,ok,,3,10,0.002,273.5,105.5,57.0,160.0,0.419,"+2,+6;+0,+2;+0,+2;+0,+0;+0,-2",True,0.71,False,0,39.8,0.313,zero,111?110,0,0.591,-0.098,0.003,zero,1111110,0,0.757,0.149,0.01,nonzero,1111111,8,0.749,1.297,0.002,nonzero,1011011,5,0.015,1.05,0.135
1773800571177,ok,,2,100,0.192,263.5,106.5,63.0,168.5,0.648,"-4,+4;-2,+2;-2,+0;+0,+0;+2,-2",True,0.922,False,0,134.5,0.294,zero,1111110,0,0.925,-0.149,0.224,nonzero,0110000,1,0.042,0.062,0.192,nonzero,1011111,6,-0.157,0.981,0.139,zero,1111110,0,0.983,-0.148,0.288
1773800623728,ok,,2,100,0.171,253.0,108.5,58.0,170.0,0.708,"-2,+4;+0,+2;+2,+0;+0,+0;+2,-2",True,0.735,False,0,145.3,0.235,zero,1111110,0,0.931,-0.2,0.171,nonzero,1011011,5,-0.291,1.085,0.333,nonzero,1111001,3,-0.337,1.025,0.193,zero,1111110,0,0.948,-0.309,0.151
1773801034616,ok,,2,100,0.021,276.5,106.0,47.0,167.0,0.454,"+2,-8;+2,+2;+0,+2;+0,-2;+0,-4",True,0.636,False,0,43.2,0.193,zero,1111110,0,0.759,-0.167,0.121,nonzero,1101101,2,-0.128,0.873,0.021,zero,1111110,0,0.727,-0.054,0.011,zero,1111110,0,0.919,-0.177,0.199
1773801430653,ok,,2,100,0.213,263.5,106.5,67.0,168.5,0.688,"-6,+2;-2,+2;-2,+0;+0,+0;+2,-2",True,1.047,False,0,123.6,0.284,zero,1111110,0,0.95,-0.129,0.213,nonzero,1111001,3,-0.194,1.151,0.223,nonzero,1111111,8,0.789,0.929,0.059,zero,1111110,0,1.017,-0.212,0.253
1773801455186,ok,,3,10,0.135,263.5,106.5,48.0,170.0,0.71,"-4,+0;-2,+4;+0,+0;+0,+0;+2,-4",True,0.552,False,0,128.2,0.286,zero,1111110,0,0.976,-0.197,0.232,zero,1111110,0,0.976,-0.168,0.254,nonzero,1111011,9,-0.263,0.946,0.135,zero,1111110,0,1.005,-0.16,0.305
1773801489787,ok,,2,100,0.177,265.0,106.0,68.0,168.5,0.711,"-6,+0;-4,+2;-2,+0;+2,+0;+4,-2",True,1.006,False,0,142.3,0.206,zero,1111110,0,0.946,-0.243,0.177,nonzero,0110011,4,-0.24,1.151,0.356,nonzero,1111111,8,0.9,0.917,0.148,zero,1111110,0,0.982,-0.188,0.281
1773801550035,ok,,2,100,0.132,266.5,106.0,67.0,170.0,0.65,"-6,+4;-2,+2;+0,+0;+0,-2;+4,-2",True,0.756,False,0,143.0,0.157,zero,1111110,0,0.978,-0.177,0.225,nonzero,1011111,6,-0.265,0.952,0.132,nonzero,1110000,7,-0.117,-0.116,0.038,zero,1111110,0,0.979,-0.182,0.225
1773801717143,ok,,2,100,0.071,255.0,110.0,67.0,168.5,0.645,"+0,-2;+4,+2;-2,+0;+0,+0;-2,+0",True,0.899,False,0,150.5,0.306,zero,1111110,0,0.858,-0.193,0.071,nonzero,1111001,3,-0.141,1.039,0.24,nonzero,1011011,5,-0.152,1.043,0.146,nonzero,1011011,5,-0.187,1.002,0.291
1773801822575,uncertain,p2_unstable_across_repeats,,,,250.8,110.0,48.0,185.5,0.391,"+0,-8;-2,+2;+4,+0;-8,+0;+2,-2",True,1.174,False,0,57.4,0.311,zero,1111110,0,1.206,-1.323,0.02,uncertain,1011111,6,-1.907,1.0,0.007,nonzero,1110000,7,-0.733,-0.562,0.128,uncertain,1111110,0,0.892,-1.182,0.004
1773801973728,ok,,3,10,0.136,257.2,110.0,53.0,170.0,0.665,"-6,+6;+0,+2;+2,+2;+0,+0;+2,-2",True,0.774,False,0,155.7,0.238,zero,1111110,0,0.894,-0.211,0.136,zero,1111110,0,0.969,-0.22,0.27,nonzero,1111001,3,-0.256,1.072,0.264,nonzero,1011011,5,-0.256,0.978,0.242
1773802035860,ok,,3,10,0.05,242.8,110.0,30.0,176.0,0.395,"-4,+0;+0,+4;+0,+0;+0,-6;+0,-4",True,0.609,False,1,72.1,0.302,zero,1111110,0,0.805,-0.218,0.128,zero,1111110,0,0.918,-0.198,0.119,nonzero,?110011,49,-0.161,0.989,0.05,zero,1111110,0,0.818,-0.318,0.13
1773802180757,ok,,3,10,0.002,263.5,106.0,34.0,170.0,0.445,"-8,+6;-4,+4;+0,+0;+2,+0;+4,-2",True,0.625,False,1,91.3,0.306,zero,1111110,0,0.826,-0.192,0.003,zero,1111110,0,0.873,-0.134,0.022,nonzero,1011011,5,-0.184,1.034,0.002,nonzero,1011011,5,-0.243,1.011,0.092
1773802199707,ok,,3,10,0.028,265.8,106.5,38.0,170.0,0.49,"-6,+4;-4,+4;-2,+2;+0,-2;+0,-4",True,0.784,False,1,82.2,0.296,zero,1111110,0,0.864,-0.135,0.028,zero,1111110,0,0.827,-0.131,0.028,nonzero,1011111,6,-0.251,0.949,0.097,zero,1111110,0,0.95,-0.263,0.215
1773802209837,ok,,2,100,0.035,267.8,106.5,69.0,168.5,0.616,"-6,+4;-4,+4;-2,+0;+0,+0;+2,-2",True,0.929,False,0,121.8,0.147,zero,1111110,0,0.9,0.136,0.035,nonzero,1111001,3,0.126,1.146,0.161,nonzero,1111111,8,0.941,0.943,0.133,nonzero,1011011,5,0.036,0.995,0.106
1773802260009,ok,,2,100,0.048,268.5,106.5,65.0,167.0,0.564,"-6,+2;-4,+2;-2,+0;+0,-2;+2,-2",True,1.005,False,0,136.7,0.29,zero,1111110,0,0.858,0.17,0.048,nonzero,0110011,4,0.028,1.103,0.168,nonzero,1110000,7,0.133,0.127,0.076,nonzero,1011011,5,0.011,1.101,0.249
1773802325114,ok,,2,100,0.095,269.2,106.5,64.0,168.5,0.724,"-6,+4;-2,+2;-2,+2;+0,+0;+2,-2",True,0.758,False,0,140.7,0.272,zero,1111110,0,0.921,0.017,0.175,nonzero,1011111,6,-0.015,1.02,0.095,nonzero,1011111,6,-0.009,0.967,0.149,nonzero,1011011,5,-0.04,1.083,0.184
1773802376971,ok,,2,100,0.027,271.5,106.0,39.0,168.5,0.534,"-4,-8;+0,+2;+0,-2;+2,+0;+2,+0",True,0.686,False,0,85.9,0.29,zero,1111110,0,0.885,-0.231,0.154,nonzero,0110011,4,-0.236,1.0,0.027,nonzero,1011111,6,-0.21,0.864,0.02,nonzero,1011011,5,-0.264,1.35,0.408
1773802406489,ok,,2,100,0.015,268.5,106.0,37.0,168.5,0.475,"-4,-8;-2,+0;+0,+2;+0,+2;+2,+0",True,0.615,False,0,78.3,0.314,zero,1111110,0,0.769,-0.152,0.015,nonzero,1011111,6,-0.186,0.849,0.022,nonzero,1110000,7,-0.11,-0.017,0.134,zero,1111110,0,1.013,-0.191,0.206
1773802465492,ok,,3,10,0.129,277.8,106.5,65.0,170.0,0.613,"-6,+2;-4,+2;-2,+0;+0,+0;+2,-2",True,0.82,False,0,120.2,0.163,zero,1111110,0,0.92,-0.109,0.129,zero,1111110,0,0.877,-0.039,0.136,nonzero,1101101,2,-0.119,1.143,0.212,nonzero,1011011,5,-0.111,1.195,0.265
1773802488482,ok,,3,10,0.152,269.2,106.5,64.0,168.5,0.774,"-6,+4;-4,+2;-2,+2;+0,+0;+2,-2",True,0.686,False,0,140.5,0.248,zero,1111110,0,0.932,-0.005,0.244,zero,1111110,0,0.954,0.02,0.306,nonzero,1011111,6,-0.045,0.93,0.152,zero,1111110,0,0.963,0.052,0.194
1773802519770,ok,,2,100,0.025,268.5,106.5,66.0,168.5,0.577,"-6,+2;-4,+2;-2,+0;+0,+0;+2,-4",True,0.941,False,0,130.1,0.305,zero,1111110,0,0.908,0.101,0.146,nonzero,0110000,1,0.176,0.223,0.025,zero,1111110,0,0.945,0.137,0.206,zero,1111110,0,0.948,0.201,0.17
1773802701911,ok,,2,100,0.089,267.8,106.5,67.0,167.0,0.567,"-6,+2;-4,+2;-2,+0;+0,-2;+2,-4",True,0.867,False,0,108.9,0.292,zero,1111110,0,0.805,0.312,0.089,nonzero,1011011,5,0.152,1.068,0.124,zero,1111110,0,1.001,0.184,0.194,zero,1111110,0,0.857,0.27,0.066
1773802729193,ok,,2,100,0.063,271.5,106.0,65.0,167.0,0.644,"-6,+2;-2,+2;+0,+0;+2,-2;+2,-4",True,0.825,False,0,117.4,0.359,zero,1111110,0,0.825,0.192,0.063,nonzero,1011111,6,0.082,1.096,0.168,nonzero,1111111,8,0.993,1.003,0.158,nonzero,1011011,5,0.052,1.153,0.194
1773802738941,ok,,1,1000,0.133,297.8,102.0,43.0,168.5,0.505,"+2,+4;+0,+4;+0,+0;+0,+2;+2,-2",True,0.96,False,0,112.1,0.275,nonzero,0110000,1,-0.046,-0.08,0.133,nonzero,0110000,1,0.006,-0.037,0.001,nonzero,1011111,6,-0.188,0.809,0.011,zero,1111110,0,0.963,-0.255,0.285
1773802824028,ok,,1,1000,0.054,271.5,106.0,63.0,167.0,0.503,"-4,+4;-4,+2;-2,+2;+0,+0;+2,-2",True,0.708,False,0,121.7,0.305,nonzero,0110000,1,0.123,0.196,0.054,nonzero,1101101,2,0.08,0.961,0.149,nonzero,0110011,4,0.042,0.931,0.145,nonzero,1011011,5,-0.008,1.124,0.229
1773803103151,ok,,2,100,0.098,266.5,106.0,61.0,166.0,0.43,"-4,+2;-2,+2;+0,+0;+0,-2;+2,-2",True,0.648,False,0,80.6,0.259,zero,1111110,0,0.803,0.134,0.14,nonzero,1011111,6,0.125,1.013,0.098,nonzero,1110000,7,0.231,0.26,0.0,nonzero,1011011,5,0.083,1.219,0.19
1773803206170,uncertain,p1_ambiguous,,,,265.8,106.5,60.0,164.0,0.376,"-2,+2;-4,+0;-2,+0;+0,-2;+0,-2",True,0.651,False,1,58.0,0.296,uncertain,?11????,0134789,0.304,0.583,0.0,nonzero,11?11?1,28,0.369,1.029,0.029,uncertain,111111?,08,0.903,0.528,0.004,zero,1111110,0,0.963,0.448,0.002
1773804233190,ok,,2,100,0.055,267.8,106.5,59.0,164.0,0.398,"-6,+4;-4,+2;-2,+0;+0,-2;+2,-2",True,0.933,False,0,101.0,0.302,zero,1111110,0,0.869,0.201,0.072,nonzero,1011011,5,0.184,1.006,0.055,nonzero,1011011,5,0.169,1.07,0.123,zero,1111110,0,0.971,0.189,0.163
1773805916177,ok,,2,100,0.025,285.8,102.5,36.0,170.0,0.405,"-6,+4;-2,+8;-2,+4;+0,-2;+2,-4",True,0.764,False,0,89.9,0.187,zero,1111110,0,0.764,-0.132,0.025,nonzero,1110000,7,0.001,0.061,0.187,nonzero,0110011,4,-0.117,1.128,0.028,nonzero,1011011,5,-0.271,0.986,0.167
1773805945639,ok,,1,1000,0.03,270.0,106.0,32.0,180.0,0.328,"+0,+2;-2,-2;+0,+4;+0,+2;+2,-2",True,0.564,False,1,55.0,0.235,nonzero,1110000,7,0.205,0.033,0.03,nonzero,1111111,8,0.786,1.175,0.038,nonzero,1111001,3,0.005,1.245,0.167,nonzero,101?011,5,0.101,0.782,0.001
1773806700581,ok,,2,100,0.16,266.5,106.5,67.0,168.5,0.753,"-6,+4;-4,+2;-2,+0;+0,+0;+2,-2",True,0.753,False,0,141.9,0.293,zero,1111110,0,1.004,0.105,0.16,nonzero,1101101,2,0.081,1.046,0.204,zero,1111110,0,0.982,0.053,0.24,zero,1111110,0,0.971,0.116,0.224
1773806888949,ok,,2,100,0.059,277.2,105.5,33.0,168.5,0.677,"+0,-6;+2,+4;+0,+2;+0,+0;+0,-2",True,0.969,False,0,123.7,0.25,zero,1111110,0,0.896,-0.188,0.059,nonzero,1111001,3,-0.189,1.077,0.28,nonzero,1111111,8,0.811,0.85,0.007,zero,1111110,0,0.965,-0.177,0.132
1773807561400,ok,,1,1000,0.116,267.8,106.0,43.0,171.5,0.455,"-4,-8;-2,+6;+0,+2;+0,+0;+2,-2",True,0.68,False,0,143.8,0.292,nonzero,0110000,1,0.01,0.037,0.116,nonzero,1101101,2,-0.132,0.966,0.208,nonzero,0110011,4,-0.118,1.02,0.3,zero,1111110,0,0.85,-0.135,0.155
1773808828295,ok,,3,10,0.037,242.8,110.0,42.0,174.0,0.575,"-6,-2;+0,+6;+0,+2;+0,+0;+0,-4",True,0.77,False,0,79.9,0.257,zero,1111110,0,0.826,-0.314,0.173,zero,1111110,0,0.936,-0.291,0.155,nonzero,1111111,8,0.848,0.859,0.037,zero,1111110,0,1.004,-0.332,0.259
1773808882865,ok,,2,100,0.008,258.5,106.0,67.0,170.0,0.508,"-8,+4;-2,+2;+0,+0;+0,+0;+4,-2",True,0.951,False,0,131.1,0.32,zero,1??1110,0,0.559,-0.086,0.008,nonzero,0110011,4,-0.277,1.14,0.287,nonzero,1110000,7,-0.121,-0.103,0.307,nonzero,1011011,5,-0.349,0.997,0.252
1773808941897,ok,,2,100,0.021,261.5,106.5,66.0,170.0,0.586,"-6,+8;-2,+2;+0,+0;+0,-2;+2,-4",True,0.734,False,0,125.4,0.24,zero,1111110,0,0.963,-0.392,0.142,nonzero,1011111,6,-0.092,0.775,0.021,nonzero,11100?0,7,-0.221,-0.172,0.019,nonzero,1011011,5,-0.399,1.057,0.286
1773809131999,ok,,2,100,0.116,257.8,106.5,64.0,170.0,0.624,"-8,+8;-4,+2;-2,+0;+0,-2;+2,-2",True,0.882,False,0,137.6,0.245,zero,1111110,0,0.892,-0.25,0.116,nonzero,0110011,4,-0.296,1.165,0.355,nonzero,1111011,9,-0.321,0.904,0.152,nonzero,1011011,5,-0.332,1.004,0.229
1773809154995,ok,,2,100,0.002,245.8,110.0,67.0,170.0,0.714,"+2,+8;+2,+2;+2,+2;+0,+0;-2,-2",True,0.771,False,0,129.5,0.304,zero,1111110,0,0.759,-0.277,0.002,nonzero,1011111,6,-0.333,1.024,0.205,nonzero,1011111,6,-0.304,1.011,0.263,zero,1111110,0,0.97,-0.318,0.205
1773809305663,ok,,2,100,0.045,260.0,106.0,67.0,170.0,0.677,"+2,+0;-4,+2;-2,+0;+2,+0;+4,-2",True,0.645,False,1,125.8,0.319,zero,1111110,0,0.838,-0.151,0.045,nonzero,1111001,3,-0.205,0.962,0.15,zero,1111110,0,1.033,-0.291,0.267,nonzero,1011011,5,-0.32,1.144,0.313
1773809326316,ok,,2,100,0.037,263.5,106.5,66.0,168.5,0.641,"-4,+4;-2,+2;+0,+2;+0,+0;+2,-2",True,1.141,False,0,109.3,0.303,zero,1111110,0,0.951,-0.115,0.14,nonzero,1111001,3,-0.334,0.978,0.037,nonzero,1111001,3,-0.188,1.039,0.173,nonzero,1011011,5,-0.243,1.236,0.133
1773810007262,ok,,3,10,0.212,263.5,106.0,67.0,168.5,0.837,"-4,+4;-2,+2;+0,+0;+0,-2;+4,-2",True,0.747,False,0,146.4,0.308,zero,1111110,0,1.008,-0.004,0.317,zero,1111110,0,1.0,0.017,0.296,nonzero,1111011,9,-0.066,0.948,0.212,nonzero,1011011,5,-0.125,0.966,0.232
1773811538004,uncertain,grid_at_search_bound,,,,273.5,106.0,24.0,187.0,0.151,"-2,+6;-2,+4;-2,+8;+0,-2;+0,-2",True,0.675,False,1,29.6,0.271,nonzero,1110000,7,-0.019,-0.04,0.23,uncertain,110?101,2,-0.316,0.901,0.004,nonzero,11100?0,7,0.107,-0.007,0.037,uncertain,1011011,5,-0.184,0.932,0.008
1773812140109,ok,,2,100,0.027,269.2,106.5,55.0,160.0,0.346,"-4,+6;-2,+2;+0,+2;+2,+0;+2,-2",True,1.059,False,0,72.6,0.313,zero,1111110,0,1.014,0.063,0.027,nonzero,0110000,1,0.069,0.2,0.085,nonzero,1111011,9,-0.119,0.986,0.046,nonzero,?011011,5,-0.039,0.914,0.02
1773812164406,ok,,2,100,0.005,271.5,106.0,56.0,160.0,0.384,"-4,+6;-2,+2;+0,+0;+0,-2;+2,-4",True,0.913,False,0,70.2,0.348,zero,1111110,0,1.059,0.272,0.178,nonzero,11011?1,2,0.295,1.33,0.005,nonzero,1111011,9,-0.076,0.977,0.015,zero,?111110,0,0.538,0.332,0.001
1773812272836,ok,,2,100,0.006,255.8,110.0,56.0,160.0,0.359,"+4,+4;+2,+2;+2,+0;+0,-2;-2,-2",True,0.969,False,0,69.2,0.293,zero,1111110,0,0.917,0.203,0.092,nonzero,1011011,5,-0.067,1.062,0.006,zero,1111110,0,0.665,0.417,0.003,zero,1111110,0,1.0,0.314,0.105
1773812324218,ok,,2,100,0.008,268.5,106.0,56.0,160.0,0.345,"-4,+4;-2,+0;+0,+0;+0,-2;+2,-2",True,0.84,False,0,74.9,0.329,zero,1111110,0,0.963,0.246,0.037,nonzero,1011111,6,0.267,0.86,0.008,nonzero,11100?0,7,0.054,0.377,0.005,zero,1111110,0,0.957,0.301,0.049
1773812421087,ok,,1,1000,0.028,273.5,106.0,29.0,187.0,0.362,"-2,+0;-4,-2;-2,+4;+0,-4;+0,+0",True,0.705,False,1,72.3,0.406,nonzero,1110000,7,0.208,-0.019,0.028,nonzero,1101101,2,0.06,0.893,0.009,uncertain,111???0,07,0.302,0.053,0.005,nonzero,?011011,5,0.081,0.844,0.008
1773812504533,no_display,no_ghost_to_lit_contrast,,,,263.0,108.5,57.0,160.0,0.442,"+0,+4;+0,+2;+0,+0;+0,-2;+0,-2",,,,,,0.254,,,,,,,,,,,,,,,,,,,,,,,,
1773812556318,ok,,2,100,0.002,271.5,106.0,56.0,160.0,0.486,"-2,+8;+0,+2;+2,+2;+0,+0;+0,-4",True,0.811,False,0,86.2,0.268,zero,1111110,0,0.925,0.018,0.002,nonzero,?101101,2,-0.072,0.888,0.016,nonzero,1111011,9,-0.1,1.065,0.018,nonzero,1011011,5,-0.024,1.2,0.128
1773812716719,ok,,2,100,0.003,270.0,106.5,55.0,164.5,0.475,"-4,+6;-2,+4;-2,+0;+0,+0;+0,-2",True,0.784,False,0,102.5,0.246,zero,1111110,0,0.962,0.366,0.024,nonzero,11?11?1,28,0.339,1.079,0.003,nonzero,1011111,6,0.236,0.813,0.058,nonzero,1?11?11,5689,0.337,1.039,0.011
1773812805842,ok,,3,10,0.006,268.5,106.5,32.0,181.5,0.452,"-6,+0;-4,+2;-2,+0;+0,+0;+2,-4",True,0.8,False,1,83.4,0.319,zero,1111110,0,0.63,0.103,0.006,zero,1111110,0,0.739,0.117,0.065,nonzero,1111001,3,0.22,1.004,0.006,zero,1111110,0,0.69,0.094,0.033
1773812900757,uncertain,p1_unstable_across_repeats,,,,268.5,106.5,55.0,160.0,0.434,"-4,+4;-2,+2;-2,+0;+0,-2;+2,-2",True,0.745,False,0,97.9,0.289,uncertain,1111110,0,0.673,0.376,0.0,uncertain,111111?,08,0.751,0.455,0.0,nonzero,1?11111,68,0.482,1.038,0.0,uncertain,111111?,08,0.683,0.558,0.0
1773815281492,ok,,2,100,0.008,265.8,106.5,65.0,167.0,0.53,"-4,+2;-2,+2;-2,+0;+0,+0;+2,-4",True,0.968,False,0,94.9,0.246,zero,1111110,0,0.951,0.348,0.092,nonzero,?11?0?0,17,0.291,0.428,0.008,nonzero,1111111,8,0.925,0.996,0.108,zero,1111110,0,0.896,0.358,0.037
1773815308308,ok,,2,100,0.03,266.5,106.0,65.0,165.5,0.589,"-4,+4;-2,+2;+0,+0;+2,-2;+2,-4",True,0.939,False,0,97.5,0.186,zero,1111110,0,0.876,0.38,0.062,nonzero,11?11?1,28,0.333,1.122,0.03,nonzero,1011?11,56,0.294,1.06,0.006,nonzero,1011?11,56,0.182,1.047,0.029
1773815344186,uncertain,p1_ambiguous,,,,263.5,106.0,65.0,167.0,0.553,"-2,+4;-2,+2;+0,+0;+0,-2;+2,-4",True,0.923,False,0,94.3,0.315,uncertain,111111?,08,0.914,0.465,0.052,nonzero,1111??1,389,0.425,1.171,0.009,nonzero,?11??11,489,0.407,1.083,0.006,nonzero,1011?11,56,0.28,0.971,0.008
1773879637871,ok,,2,100,0.113,244.2,109.5,61.0,168.5,0.718,"+2,+4;+2,+2;+2,+0;+0,+0;+0,-2",True,0.893,False,0,148.3,0.302,zero,1111110,0,0.925,0.079,0.113,nonzero,0110011,4,0.048,1.111,0.214,nonzero,1111011,9,-0.038,1.022,0.244,zero,1111110,0,0.935,-0.024,0.191
1773879662288,ok,,2,100,0.21,248.8,109.0,64.0,168.5,0.753,"-2,+4;+2,+4;+2,+2;+2,+0;+0,-2",True,0.988,False,0,116.2,0.232,zero,1111110,0,0.877,-0.061,0.21,nonzero,1011011,5,-0.11,0.98,0.214,nonzero,1011111,6,-0.157,1.036,0.215,zero,1111110,0,0.99,-0.096,0.248
1773879682009,ok,,2,100,0.014,263.5,106.0,71.0,167.0,0.632,"-2,+8;+0,+6;+0,+2;+0,+0;+2,-4",True,0.725,False,0,120.6,0.266,zero,1111110,0,0.924,-0.358,0.266,nonzero,1111111,8,0.716,0.865,0.014,nonzero,0110011,4,-0.289,0.974,0.219,nonzero,1011011,5,-0.468,1.129,0.365
1773879797858,ok,,2,100,0.155,267.8,106.0,65.0,167.0,0.581,"-2,+8;+0,+4;+0,+2;+0,-2;+2,-2",True,0.885,False,0,144.5,0.27,zero,1111110,0,0.924,-0.178,0.215,nonzero,0110000,1,0.072,0.11,0.155,nonzero,1110000,7,-0.017,-0.004,0.237,nonzero,1011011,5,-0.218,0.987,0.196
1773879885975,ok,,2,100,0.002,250.8,109.0,61.0,167.5,0.664,"+0,+2;+2,+2;+0,+0;+0,-2;+0,-2",True,0.887,False,0,157.9,0.274,zero,1111110,0,0.984,0.175,0.181,nonzero,?11?0?0,17,0.298,0.354,0.002,nonzero,?11?000,17,0.261,0.332,0.013,zero,1111110,0,0.899,0.156,0.053
1773879902283,ok,,2,100,0.039,250.8,110.0,60.0,167.5,0.625,"+0,+4;+0,+2;-2,+0;+0,+0;-2,-2",True,1.016,False,0,140.3,0.264,zero,1111110,0,0.842,-0.022,0.039,nonzero,0110000,1,0.083,0.123,0.179,nonzero,1011011,5,-0.048,1.024,0.238,zero,1111110,0,0.847,-0.064,0.019
1773879918449,ok,,2,100,0.196,256.2,107.0,64.0,168.5,0.778,"-2,+4;+0,+2;+0,+0;+2,+0;+2,-4",True,0.726,False,0,139.1,0.22,zero,1111110,0,1.01,0.157,0.256,nonzero,1101101,2,0.073,1.035,0.196,nonzero,1101101,2,0.05,0.996,0.221,zero,1111110,0,0.921,0.093,0.132
1773880017223,ok,,3,10,0.081,247.8,110.0,62.0,170.0,0.822,"+0,+2;+0,+2;+2,+0;+0,-2;+0,-2",True,0.764,False,0,153.8,0.229,zero,1111110,0,0.989,-0.078,0.081,zero,1111110,0,1.028,-0.064,0.265,nonzero,1111011,9,-0.125,0.995,0.2,zero,1111110,0,0.965,-0.085,0.183
1773880056793,ok,,2,100,0.07,250.8,109.5,63.0,170.0,0.607,"+2,+2;+2,+2;+2,+0;+0,+0;+0,-2",True,0.917,False,0,154.4,0.282,zero,1111110,0,0.955,-0.056,0.167,nonzero,0110000,1,0.173,0.205,0.07,nonzero,0110000,1,0.164,0.185,0.058,nonzero,1011011,5,-0.084,1.008,0.203
1773880058913,ok,,2,100,0.255,260.8,106.5,72.0,168.5,0.71,"-6,+6;-4,+4;-2,+2;+0,-2;+0,-4",True,0.769,False,0,106.0,0.257,zero,1111110,0,1.003,-0.007,0.255,nonzero,1101101,2,-0.035,1.068,0.272,nonzero,1101101,2,-0.019,0.968,0.121,zero,1111110,0,0.835,0.113,0.089
1773880075808,ok,,2,100,0.066,252.2,109.5,61.0,168.5,0.703,"+0,+2;+2,+2;+0,+0;+2,+0;+0,+0",True,0.894,False,0,156.0,0.287,zero,1111110,0,0.938,-0.017,0.165,nonzero,0110000,1,0.173,0.204,0.066,nonzero,1101101,2,0.014,1.042,0.22,zero,1111110,0,0.924,0.005,0.045
1773880172961,ok,,2,100,0.051,261.5,106.5,66.0,167.0,0.67,"-6,+4;-4,+4;-2,+2;+0,+0;+2,-2",True,0.907,False,0,144.5,0.264,zero,1111110,0,0.902,0.0,0.106,nonzero,0110011,4,0.003,1.043,0.051,nonzero,1011011,5,-0.031,1.022,0.022,nonzero,1011011,5,0.05,1.007,0.149
1773880259655,ok,,2,100,0.126,261.5,106.5,64.0,168.5,0.783,"-6,+4;-2,+4;+0,+2;+0,+0;+2,-2",True,0.799,False,0,143.8,0.272,zero,1111110,0,0.96,0.061,0.285,nonzero,1011111,6,0.174,0.998,0.126,nonzero,1111111,8,0.857,0.95,0.06,nonzero,1011011,5,0.105,1.09,0.155
1773880419198,ok,,2,100,0.047,263.5,106.0,65.0,167.0,0.624,"-6,+4;-4,+2;+0,+0;+2,-2;+4,-4",True,0.996,False,0,129.6,0.253,zero,1111110,0,0.943,0.004,0.16,nonzero,0110000,1,0.089,0.124,0.047,nonzero,1101101,2,0.009,0.981,0.186,nonzero,1011011,5,0.008,0.967,0.162
1773880609490,ok,,2,100,0.002,252.8,109.5,62.0,168.5,0.662,"+0,+6;+2,+4;+2,+2;+0,+0;+0,-2",True,0.915,False,0,132.6,0.342,zero,1111110,0,0.845,0.216,0.102,nonzero,?11000?,17,0.085,0.542,0.002,nonzero,1111001,3,0.183,1.153,0.107,zero,1111110,0,0.921,0.268,0.151
1773880635185,ok,,2,100,0.001,255.0,109.5,62.0,166.0,0.629,"+2,+6;+2,+2;+2,+0;+0,-2;+0,-4",True,0.916,False,0,151.8,0.27,zero,1111110,0,0.911,0.16,0.115,nonzero,?11?000,17,0.292,0.354,0.001,nonzero,111?0?0,7,0.284,0.329,0.001,zero,1111110,0,0.938,0.204,0.114
1773880660965,ok,,2,100,0.059,255.0,110.0,63.0,167.0,0.716,"+2,+4;+2,+2;+0,+0;+0,-2;-2,-4",True,0.688,False,0,121.9,0.345,zero,1111110,0,0.869,0.148,0.059,nonzero,1101101,2,0.056,1.0,0.091,nonzero,1111011,9,0.126,1.117,0.131,zero,1111110,0,1.041,0.247,0.145
1773880766376,ok,,2,100,0.057,255.0,109.5,61.0,166.0,0.601,"+4,+4;+4,+2;+0,+0;+0,-2;+0,-4",True,0.933,False,0,139.3,0.29,zero,1111110,0,0.947,-0.04,0.213,nonzero,0110000,1,0.197,0.306,0.057,nonzero,1110000,7,0.124,0.154,0.099,zero,1111110,0,0.982,-0.057,0.263
1773880872149,ok,,2,100,0.0,268.5,106.5,61.0,164.5,0.578,"-4,+6;-4,+2;-2,+0;+0,-2;+0,-4",True,0.828,False,0,154.5,0.299,zero,1111110,0,0.852,0.169,0.016,nonzero,0110??0,1,0.271,0.382,0.0,nonzero,0110011,4,0.193,1.075,0.046,nonzero,1011011,5,0.108,1.038,0.151
1773880891110,ok,,2,100,0.042,267.8,106.5,62.0,167.0,0.719,"-6,+2;-4,+2;-2,+0;+0,+0;+2,-2",True,0.888,False,0,141.9,0.233,zero,1111110,0,0.893,0.019,0.124,nonzero,0110000,1,0.157,0.247,0.042,nonzero,1111011,9,0.03,0.968,0.181,zero,1111110,0,0.927,0.106,0.166
1773880892030,ok,,3,10,0.127,265.8,106.0,59.0,164.5,0.676,"+0,+8;+0,+4;+0,+2;+0,+0;-2,-2",True,0.853,False,0,129.1,0.249,zero,1111110,0,1.033,0.033,0.226,zero,1111110,0,0.964,0.07,0.148,nonzero,1101101,2,0.054,1.048,0.127,nonzero,1011011,5,-0.044,0.908,0.013
1773880917392,ok,,2,100,0.018,255.0,110.0,62.0,168.5,0.747,"+0,+2;+2,+2;+0,+0;+0,-2;-2,-2",True,0.852,False,0,163.4,0.408,zero,1111110,0,0.808,0.03,0.018,nonzero,1111001,3,0.039,1.087,0.238,zero,1111110,0,0.903,0.055,0.044,nonzero,1011011,5,0.007,1.063,0.233
1773880935545,ok,,3,10,0.065,263.5,106.0,67.0,167.0,0.721,"-8,+2;-4,+2;+0,+0;+2,-2;+4,-2",True,0.808,False,0,117.3,0.562,zero,1111110,0,0.951,0.039,0.226,zero,1111110,0,0.902,-0.016,0.242,nonzero,0110011,4,-0.119,1.053,0.065,nonzero,1011011,5,-0.055,0.981,0.181
1773880960957,ok,,3,10,0.115,265.0,106.0,65.0,165.5,0.712,"-4,+4;-2,+2;+0,+0;+2,-2;+2,-4",True,0.748,False,0,131.9,0.397,zero,1111110,0,0.955,0.056,0.195,zero,1111110,0,0.985,0.061,0.174,nonzero,1011011,5,0.028,0.99,0.115,nonzero,1011011,5,0.036,1.03,0.184
1773881150171,ok,,3,10,0.043,265.8,106.0,62.0,164.5,0.702,"-6,+6;-2,+4;+0,+0;+0,-2;+2,-4",True,0.744,False,0,144.6,0.314,zero,1111110,0,0.945,0.011,0.134,zero,1111110,0,0.914,0.041,0.043,nonzero,1111001,3,0.013,1.075,0.099,zero,1111110,0,0.921,0.082,0.148
1773881173619,ok,,3,10,0.031,250.8,110.0,64.0,168.5,0.756,"+2,+6;+2,+4;+0,+2;+0,-2;-2,-2",True,0.847,False,0,140.0,0.217,zero,1111110,0,0.954,0.004,0.175,zero,1111110,0,0.949,0.064,0.101,nonzero,1011111,6,0.208,1.044,0.031,zero,1111110,0,0.925,0.139,0.152
1773881236191,ok,,2,100,0.154,263.5,106.0,61.0,168.5,0.741,"-6,+4;-4,+2;+0,+0;+0,-2;+2,-2",True,0.862,False,0,144.9,0.337,zero,1111110,0,0.959,-0.163,0.154,nonzero,1011011,5,-0.168,1.059,0.331,nonzero,1101101,2,-0.204,1.018,0.279,zero,1111110,0,0.938,-0.204,0.217
1773881255793,ok,,2,100,0.149,252.2,109.5,61.0,168.5,0.716,"+2,+4;+2,+2;+2,+0;+0,+0;+0,-2",True,0.751,False,0,146.3,0.3,zero,1111110,0,0.955,-0.106,0.205,nonzero,1011111,6,-0.154,0.97,0.149,nonzero,1011011,5,-0.071,1.038,0.289,nonzero,1011011,5,-0.16,1.013,0.242
1773881273443,ok,,2,100,0.152,252.2,109.5,61.0,168.5,0.663,"+2,+4;+2,+2;+0,+0;+0,-2;+0,-4",True,0.966,False,0,146.4,0.341,zero,1111110,0,0.945,-0.18,0.152,nonzero,1110000,7,-0.011,0.007,0.253,nonzero,1011011,5,-0.174,1.037,0.264,zero,1111110,0,0.923,-0.193,0.191
1773881342554,ok,,3,10,0.163,250.8,110.0,62.0,170.0,0.739,"+2,+2;+2,+2;+0,+0;-2,-2;-2,-2",True,0.77,False,0,144.8,0.27,zero,1111110,0,0.966,-0.13,0.211,zero,1111110,0,0.955,-0.128,0.163,nonzero,1111011,9,-0.18,0.969,0.169,nonzero,1011011,5,-0.175,1.013,0.261
1773881367462,ok,,2,100,0.102,250.8,110.0,61.0,170.0,0.603,"+2,+2;+2,+2;+0,+0;-2,+0;-2,-2",True,0.953,False,0,147.2,0.546,zero,1111110,0,0.907,-0.206,0.102,nonzero,0110000,1,0.026,0.08,0.171,nonzero,1111001,3,-0.159,1.043,0.285,nonzero,1011011,5,-0.245,1.001,0.23
1773881388696,ok,,3,10,0.171,263.5,106.0,64.0,168.5,0.73,"-6,+6;-2,+4;+0,+2;+2,+0;+2,-2",True,0.832,False,0,145.8,0.498,zero,1111110,0,0.933,0.042,0.238,zero,1111110,0,0.918,0.047,0.191,nonzero,1111001,3,-0.024,1.02,0.171,nonzero,1011011,5,0.068,1.051,0.147
1773881389755,ok,,2,100,0.17,252.2,109.5,61.0,168.5,0.631,"+0,+4;+2,+2;+0,+0;+2,+0;+0,-2",True,0.96,False,0,150.2,0.659,zero,1111110,0,0.978,-0.165,0.219,nonzero,0110000,1,0.034,0.092,0.17,nonzero,1011111,6,-0.185,0.978,0.209,nonzero,1011011,5,-0.211,1.025,0.245
1773881437391,ok,,3,10,0.09,263.5,106.0,67.0,167.0,0.777,"-6,+4;-4,+2;+0,+0;+2,-2;+4,-4",True,0.786,False,0,137.4,0.847,zero,1111110,0,0.902,-0.041,0.129,zero,1111110,0,0.94,-0.001,0.295,nonzero,1011011,5,-0.065,1.05,0.09,zero,1111110,0,0.926,0.086,0.25
1773881448130,ok,,2,100,0.174,250.8,109.5,61.0,167.5,0.524,"+2,+4;+2,+2;+2,+0;+0,-2;+0,-2",True,0.958,False,0,143.3,0.924,zero,1111110,0,0.958,-0.256,0.174,nonzero,0110000,1,-0.045,0.085,0.215,nonzero,1110000,7,-0.004,-0.033,0.24,nonzero,1011011,5,-0.259,0.932,0.125
1773881460694,ok,,3,10,0.007,250.8,110.0,67.0,167.0,0.749,"+2,+4;+2,+2;+2,+0;+0,+0;-2,-2",True,0.903,False,0,127.3,0.327,zero,1111110,0,0.964,0.067,0.167,zero,1111110,0,0.985,0.109,0.194,nonzero,1011111,6,0.084,0.989,0.007,zero,1111110,0,0.908,0.217,0.107
1773881509842,ok,,2,100,0.092,254.2,109.5,60.0,168.5,0.641,"+0,+4;+2,+2;+0,+0;+0,+0;+0,-2",True,0.91,False,0,144.8,0.608,zero,1111110,0,0.953,-0.053,0.155,nonzero,0110000,1,0.119,0.169,0.092,nonzero,1111001,3,-0.01,1.059,0.237,nonzero,1011011,5,-0.156,0.983,0.187
1773881530966,ok,,2,100,0.208,252.2,110.0,58.0,168.5,0.563,"+2,+8;+2,+4;+0,+4;+0,+0;-2,-2",True,0.991,False,0,145.3,0.638,zero,1111110,0,0.956,-0.259,0.208,nonzero,0110000,1,-0.042,-0.021,0.243,nonzero,1011011,5,-0.265,1.026,0.248,zero,1111110,0,0.925,-0.262,0.127
1773881537976,ok,,3,10,0.112,263.5,106.0,70.0,166.0,0.733,"-4,+4;-2,+2;+0,+0;+2,-2;+2,-4",True,0.933,False,0,118.5,0.426,zero,1111110,0,1.003,0.153,0.198,zero,1111110,0,0.962,0.091,0.165,nonzero,1011111,6,0.069,1.005,0.112,zero,1111110,0,0.901,0.151,0.107
1773881550993,ok,,2,100,0.111,250.8,109.5,60.0,168.5,0.69,"+2,+6;+2,+2;+2,+2;+0,+0;+0,-2",True,0.742,False,0,131.5,0.329,zero,1111110,0,0.934,-0.295,0.111,nonzero,1101101,2,-0.343,1.04,0.195,nonzero,1111001,3,-0.314,1.068,0.283,zero,1111110,0,0.921,-0.259,0.174
1773881573535,ok,,2,100,0.074,263.5,106.5,68.0,168.5,0.71,"-6,+4;-4,+2;-2,+0;+0,-2;+2,-4",True,0.821,False,0,130.2,0.324,zero,1111110,0,0.885,-0.02,0.074,nonzero,1101101,2,0.085,1.09,0.195,nonzero,1101101,2,-0.006,1.022,0.161,zero,1111110,0,0.964,0.152,0.237
1773881589995,ok,,2,100,0.073,247.8,110.0,69.0,168.5,0.67,"+0,+2;+2,+2;+0,+0;+0,+0;-2,-2",True,0.917,False,0,128.3,0.299,zero,1111110,0,0.899,0.017,0.073,nonzero,0110011,4,0.008,1.074,0.173,nonzero,1101101,2,-0.049,1.027,0.136,nonzero,1011011,5,-0.0,1.038,0.024
1773881745906,ok,,2,100,0.04,247.8,110.0,68.0,168.5,0.686,"+2,+4;+2,+2;+0,+0;+0,-2;-2,-2",True,0.772,False,0,117.0,0.278,zero,1111110,0,1.072,0.015,0.288,nonzero,1101101,2,0.03,1.006,0.04,zero,1111110,0,0.86,0.058,0.044,nonzero,1011011,5,0.037,1.005,0.141
1773881778804,ok,,2,100,0.138,267.8,106.0,55.0,163.0,0.589,"+0,+8;+0,+2;+0,+0;+0,-4;+0,-6",True,0.735,False,0,141.4,0.278,zero,1111110,0,0.98,-0.069,0.141,nonzero,1101101,2,0.035,1.041,0.138,nonzero,1101101,2,-0.003,1.007,0.203,nonzero,1011011,5,-0.094,0.944,0.026
1773881875667,ok,,2,100,0.121,252.2,110.0,67.0,170.0,0.515,"+0,+2;+2,+2;+0,-2;-2,-2;+0,-2",True,1.007,False,0,119.9,0.347,zero,1111110,0,0.985,-0.418,0.242,nonzero,0110000,1,-0.094,-0.068,0.121,nonzero,0110000,1,-0.012,0.121,0.141,zero,1111110,0,0.971,-0.378,0.134
1773881905519,ok,,2,100,0.131,255.0,109.5,67.0,168.5,0.553,"+2,+2;+2,+2;+0,-2;+0,-2;+0,-2",True,0.926,False,0,134.2,0.307,zero,1111110,0,0.941,-0.153,0.196,nonzero,0110000,1,0.021,-0.005,0.131,nonzero,0110011,4,-0.308,1.021,0.3,nonzero,1011011,5,-0.342,1.001,0.275
1773881937628,ok,,2,100,0.186,250.8,110.0,68.0,171.5,0.69,"+0,+0;+0,+0;+0,+0;+0,+0;-2,-2",True,0.713,False,0,123.9,0.343,zero,1111110,0,0.999,-0.193,0.186,nonzero,1101101,2,-0.277,1.0,0.262,nonzero,1101101,2,-0.348,1.0,0.238,nonzero,1011011,5,-0.387,1.019,0.295
1773882100262,ok,,2,100,0.071,252.8,110.0,63.0,168.5,0.682,"+2,+4;+2,+2;+0,+0;+0,-2;-2,-2",True,0.792,False,0,140.4,0.291,zero,1111110,0,0.968,0.005,0.156,nonzero,1101101,2,-0.011,1.008,0.071,nonzero,1101101,2,-0.004,1.0,0.162,nonzero,1011011,5,-0.179,1.069,0.29
1773882134028,ok,,2,100,0.139,255.8,109.5,61.0,167.5,0.709,"+2,+2;+2,+2;+2,+0;+0,+0;+0,-2",True,0.724,False,0,146.8,0.259,zero,1111110,0,0.895,-0.051,0.139,nonzero,1101101,2,-0.026,1.076,0.188,nonzero,1111001,3,-0.015,1.095,0.236,nonzero,1011011,5,-0.23,1.047,0.235
1773882171243,ok,,2,100,0.138,263.5,106.0,62.0,167.5,0.709,"-6,+4;-4,+2;-2,+0;+0,-2;+2,-4",True,0.881,False,0,155.5,0.362,zero,1111110,0,0.901,-0.074,0.138,nonzero,1111001,3,-0.011,1.074,0.206,nonzero,1111001,3,-0.025,1.039,0.232,zero,1111110,0,0.946,-0.041,0.226
1773882464100,ok,,2,100,0.075,261.0,108.5,67.0,168.5,0.694,"-2,+2;+0,+2;+0,+2;+0,+0;+2,-2",True,0.809,False,0,117.4,0.593,zero,1111110,0,0.868,-0.208,0.075,nonzero,1101101,2,-0.198,1.02,0.155,zero,1111110,0,0.902,-0.208,0.149,nonzero,1011011,5,-0.234,1.188,0.398
1773882486142,ok,,2,100,0.076,255.8,110.0,67.0,168.5,0.573,"+2,+2;+2,+2;+0,+0;-2,-2;-2,-2",True,0.733,False,0,120.3,0.515,zero,1111110,0,0.917,-0.222,0.132,nonzero,1101101,2,-0.229,1.043,0.076,nonzero,0110000,1,-0.04,-0.012,0.216,zero,1111110,0,0.907,-0.196,0.049
1773882501184,ok,,2,100,0.036,255.8,109.0,62.0,170.0,0.731,"-2,+2;+0,+2;+2,+0;+0,+0;+2,-2",True,0.812,False,0,125.0,0.366,zero,1111110,0,0.9,-0.224,0.036,nonzero,1101101,2,-0.221,1.035,0.199,nonzero,1111011,9,-0.249,1.017,0.223,zero,1111110,0,0.975,-0.206,0.194
1773882691087,ok,,2,100,0.195,263.5,106.5,59.0,167.0,0.627,"-4,+8;-2,+2;+0,+0;+0,+0;+2,-2",True,0.716,False,0,142.2,0.285,zero,1111110,0,0.934,-0.25,0.195,nonzero,1101101,2,-0.217,1.057,0.294,nonzero,0110011,4,-0.264,1.058,0.273,zero,1111110,0,0.969,-0.222,0.325
1773882713802,ok,,2,100,0.255,249.2,109.5,59.0,167.0,0.69,"+2,+6;+2,+2;+2,+0;+0,+0;+0,-2",True,0.874,False,0,131.1,0.258,zero,1111110,0,0.999,-0.288,0.255,nonzero,1011011,5,-0.254,1.001,0.259,zero,1111110,0,0.923,-0.281,0.184,zero,1111110,0,0.998,-0.29,0.279
1773882737984,ok,,2,100,0.229,245.0,109.5,56.0,170.0,0.499,"+0,+8;+2,+2;+0,+2;+0,+0;+0,-2",True,0.908,False,0,135.2,0.308,zero,1111110,0,0.984,-0.292,0.332,nonzero,1110000,7,-0.072,-0.037,0.229,nonzero,1110000,7,-0.085,-0.059,0.247,nonzero,1011011,5,-0.309,0.868,0.129
1773882765110,ok,,2,100,0.015,261.2,107.5,67.0,168.5,0.646,"-4,+4;-2,+2;-2,+0;+0,+0;+0,-2",True,0.902,False,0,148.4,0.247,zero,1111110,0,0.952,0.04,0.245,nonzero,0110000,1,0.217,0.239,0.015,nonzero,0110011,4,0.108,1.107,0.162,zero,1111110,0,0.936,0.096,0.111
1773882796568,ok,,2,100,0.228,250.0,110.0,63.0,173.0,0.655,"-2,+2;+0,+0;+0,+0;+0,+0;+0,-2",True,0.728,False,0,130.4,0.383,zero,1111110,0,1.02,-0.31,0.253,nonzero,1101101,2,-0.324,0.97,0.228,nonzero,0110011,4,-0.301,1.091,0.338,nonzero,1011011,5,-0.408,0.98,0.266
1773882825671,ok,,2,100,0.188,261.5,106.5,67.0,171.5,0.63,"-6,+2;-2,+2;+0,+0;+0,+0;+2,-2",True,0.749,False,0,142.2,0.566,zero,1111110,0,0.943,-0.277,0.188,nonzero,1101101,2,-0.307,1.018,0.216,nonzero,1110000,7,-0.13,-0.064,0.299,nonzero,1011011,5,-0.336,1.01,0.266
1773883189773,ok,,3,10,0.083,257.2,109.5,59.0,165.5,0.589,"+0,+6;+2,+2;+2,+2;+0,+0;+0,-2",True,0.745,False,0,78.5,0.555,zero,1111110,0,0.81,-0.003,0.083,zero,1111110,0,0.944,-0.145,0.222,nonzero,1111011,9,-0.128,1.088,0.15,zero,1111110,0,0.979,-0.23,0.213
1773883233206,ok,,2,100,0.041,257.8,110.0,58.0,164.0,0.505,"+2,+8;+2,+2;+0,+2;+0,+0;-2,-2",True,0.803,False,0,82.1,0.408,zero,1111110,0,0.828,-0.214,0.135,nonzero,0110?00,1,0.008,0.02,0.041,nonzero,1011111,6,-0.155,0.922,0.029,zero,1111110,0,0.856,-0.189,0.05
1773883264566,ok,,2,100,0.015,257.8,110.0,58.0,165.5,0.491,"+2,+6;+2,+2;+0,+0;+0,-2;+0,-2",True,0.597,False,0,66.4,0.559,zero,1111110,0,0.742,-0.079,0.015,nonzero,1101101,2,-0.352,1.152,0.054,nonzero,1111111,8,0.901,1.076,0.09,nonzero,1011011,5,-0.181,1.293,0.4
1773883277998,ok,,2,100,0.064,268.5,106.0,38.0,170.0,0.433,"-4,-6;+0,+6;+0,-8;+0,+0;+2,-4",True,0.854,False,0,125.6,0.514,zero,1111110,0,0.83,-0.236,0.064,nonzero,0110000,1,-0.123,-0.082,0.096,nonzero,1110000,7,-0.247,-0.157,0.325,nonzero,1011011,5,-0.317,0.994,0.235
1773883336722,ok,,2,100,0.079,273.8,105.0,40.0,170.0,0.637,"-4,-4;+0,+6;-2,+2;+0,-2;+0,-6",True,0.753,False,0,140.3,0.369,zero,1111110,0,0.813,-0.272,0.079,nonzero,1111001,3,-0.262,0.971,0.221,zero,1111110,0,0.989,-0.279,0.31,zero,1111110,0,0.954,-0.318,0.244
1773883596330,ok,,2,100,0.035,265.0,106.0,34.0,172.5,0.544,"-2,-2;+2,+6;+0,+2;-2,+0;+0,-4",True,0.716,False,0,124.8,0.409,zero,1111110,0,0.89,-0.323,0.035,nonzero,0110011,4,-0.339,1.173,0.332,nonzero,1111001,3,-0.41,0.956,0.12,zero,1111110,0,0.936,-0.354,0.247
1773883700236,ok,,2,100,0.085,282.8,102.0,37.0,170.0,0.574,"-2,+0;+0,+6;+0,+2;+0,-2;+2,-6",True,0.687,False,0,134.0,0.471,zero,1111110,0,0.876,-0.279,0.085,nonzero,1111001,3,-0.3,0.921,0.114,nonzero,0110011,4,-0.313,1.091,0.3,zero,1111110,0,0.922,-0.256,0.218
1773884022928,ok,,2,100,0.13,283.5,102.0,38.0,167.5,0.572,"+0,+2;+2,+6;+0,+2;+0,-2;+0,-8",True,0.61,False,0,120.3,0.348,zero,1111110,0,0.827,-0.315,0.13,nonzero,1101101,2,-0.331,0.976,0.13,nonzero,1011011,5,-0.342,1.0,0.205,zero,1111110,0,0.993,-0.281,0.267
1773884072152,ok,,2,100,0.191,267.8,106.5,57.0,170.0,0.533,"-4,+8;-4,+2;-2,+4;+0,+0;+2,-2",True,1.113,False,0,105.8,0.232,zero,1111110,0,0.993,-0.364,0.191,nonzero,0110011,4,-0.492,1.085,0.218,uncertain,1111111,8,0.735,0.739,0.001,zero,1111110,0,0.983,-0.342,0.141
1773884142105,ok,,2,100,0.098,263.5,106.5,59.0,170.0,0.494,"-4,+4;-4,+2;+0,+0;+0,+0;+2,-2",True,0.853,False,0,94.1,0.487,zero,1111110,0,0.969,-0.408,0.158,nonzero,1011111,6,-0.589,0.847,0.098,nonzero,1110000,7,-0.184,-0.022,0.204,nonzero,1011011,5,-0.626,1.052,0.168
1773884142426,ok,,2,100,0.149,277.8,102.5,35.0,170.0,0.537,"-8,-2;-4,+6;-2,+2;+0,+0;+2,-4",True,0.746,False,0,130.8,0.338,zero,1111110,0,0.866,-0.248,0.149,nonzero,0110011,4,-0.312,1.063,0.286,nonzero,1111001,3,-0.339,0.988,0.238,nonzero,1011011,5,-0.342,0.988,0.219
1773884190809,ok,,2,100,0.017,255.8,109.5,81.0,170.0,0.68,"+2,+0;+2,+2;+2,+0;+0,+0;+0,-2",True,0.785,False,0,134.3,0.295,zero,1111110,0,0.993,-0.267,0.211,nonzero,1111111,8,0.786,0.877,0.017,nonzero,1110000,7,-0.062,-0.024,0.254,zero,1111110,0,0.96,-0.22,0.202
1773884278378,ok,,2,100,0.02,267.8,106.0,34.0,174.0,0.53,"-4,+0;+0,+6;-2,-6;+0,+0;+0,-4",True,0.809,False,0,133.5,0.204,zero,1111110,0,0.836,-0.349,0.104,nonzero,0110000,1,-0.119,-0.052,0.02,nonzero,1011011,5,-0.389,0.95,0.191,zero,1111110,0,1.001,-0.408,0.275
1773884279828,ok,,2,100,0.071,266.5,106.0,46.0,180.0,0.442,"-2,-8;+0,+2;-2,+2;+2,-2;+4,-4",True,1.194,False,0,94.1,0.32,zero,1111110,0,0.974,-0.644,0.195,nonzero,0110000,1,-0.214,-0.09,0.071,nonzero,1111011,9,-0.771,0.819,0.046,nonzero,1011011,5,-0.843,1.011,0.113
1773884301761,ok,,2,100,0.085,255.8,110.0,81.0,170.0,0.703,"+0,+2;+0,+2;+0,+0;+0,+0;-2,-2",True,0.774,False,0,139.8,0.153,zero,1111110,0,0.963,-0.233,0.085,nonzero,1101101,2,-0.232,1.019,0.134,zero,1111110,0,0.972,-0.204,0.202,nonzero,1011011,5,-0.273,1.001,0.256
1773884316716,ok,,2,100,0.006,268.5,106.0,42.0,180.0,0.563,"-2,-8;+0,+2;+0,+2;+0,+0;+2,-2",True,0.87,False,0,91.7,0.25,zero,1111110,0,0.897,-0.618,0.006,nonzero,1101101,2,-0.617,1.025,0.025,uncertain,1111111,8,0.729,0.779,0.004,nonzero,1011011,5,-0.879,1.05,0.135
1773884336792,ok,,2,100,0.213,257.8,109.5,78.0,170.0,0.65,"+0,+4;+2,+2;+2,+0;+0,+0;+0,-2",True,0.744,False,0,145.3,0.273,zero,1111110,0,0.972,-0.241,0.249,nonzero,1101101,2,-0.293,1.015,0.213,nonzero,1111001,3,-0.302,1.04,0.27,nonzero,1011011,5,-0.289,0.978,0.24
1773884572418,ok,,2,100,0.05,267.8,106.0,45.0,168.5,0.383,"-4,-8;+2,+6;+0,+2;+0,+0;-2,-2",True,0.739,False,0,69.4,0.285,zero,1111110,0,0.742,-0.067,0.05,nonzero,0110000,1,0.021,-0.002,0.125,nonzero,0110011,4,-0.222,1.146,0.208,nonzero,1011011,5,-0.175,1.125,0.028
1773884648703,ok,,2,100,0.033,264.2,106.5,54.0,164.5,0.582,"-4,+8;-2,+4;-2,+2;+0,-2;+0,-6",True,0.755,False,0,101.3,0.327,zero,1111110,0,0.874,-0.027,0.033,nonzero,1111001,3,-0.094,1.125,0.091,nonzero,1011011,5,-0.126,1.127,0.102,zero,1111110,0,0.92,-0.032,0.295
1773884706627,ok,,3,10,0.004,265.0,106.5,63.0,163.0,0.319,"-2,+4;-2,+2;+0,+0;+0,-2;+0,-4",True,1.003,False,0,56.7,0.283,zero,1111110,0,0.901,0.366,0.004,zero,1111110,0,0.822,0.328,0.091,nonzero,1?11?11,5689,0.338,1.409,0.024,nonzero,1?11?11,5689,0.349,1.016,0.02
1773884755283,ok,,2,100,0.092,265.0,106.0,57.0,165.5,0.438,"+0,+8;+2,+4;+0,+2;+0,-2;+0,-4",True,0.728,False,0,92.2,0.323,zero,1111110,0,0.837,-0.072,0.092,nonzero,0110000,1,-0.024,0.033,0.226,nonzero,1110000,7,-0.108,-0.054,0.166,zero,1111110,0,0.986,-0.033,0.235
1773884813993,ok,,3,10,0.004,263.5,106.5,59.0,160.0,0.428,"-2,+4;-2,+2;+0,+0;+0,+0;+0,-2",True,0.571,False,0,58.0,0.407,zero,1111110,0,0.846,0.329,0.119,zero,1111110,0,0.895,0.392,0.038,nonzero,1?11111,68,0.39,1.0,0.004,uncertain,111111?,08,0.915,0.483,0.075
1773884873438,ok,,2,100,0.03,265.8,106.0,57.0,167.0,0.571,"+0,+8;+0,+6;+0,+2;+0,+0;+0,-2",True,0.976,False,0,85.4,0.573,zero,1111110,0,0.808,-0.073,0.03,nonzero,1111001,3,-0.07,1.141,0.061,nonzero,1011111,6,0.005,1.075,0.159,nonzero,1011011,5,-0.068,1.001,0.15
1773884885815,ok,,2,100,0.11,247.8,110.0,62.0,168.5,0.595,"+0,+6;+2,+4;+0,+0;+0,+0;+0,-2",True,0.969,False,0,150.4,0.638,zero,1111110,0,0.943,-0.301,0.11,nonzero,0110000,1,-0.071,-0.049,0.25,nonzero,1111011,9,-0.373,1.003,0.218,zero,1111110,0,0.964,-0.323,0.183
1773884906484,ok,,2,100,0.132,247.8,110.0,62.0,168.5,0.608,"+0,+4;+2,+2;+0,+0;+0,-2;+0,-2",True,0.832,False,0,158.9,0.286,zero,1111110,0,0.953,-0.235,0.132,nonzero,1111001,3,-0.239,1.052,0.307,nonzero,0110011,4,-0.279,1.05,0.294,nonzero,1011011,5,-0.343,0.939,0.179
1773884930613,ok,,2,100,0.133,245.8,109.5,62.0,168.5,0.516,"+0,+4;+4,+2;+2,+0;+0,-2;+0,-2",True,0.902,False,0,156.2,0.35,zero,1111110,0,0.989,-0.212,0.274,nonzero,1110000,7,-0.128,0.245,0.133,nonzero,0110000,1,-0.067,-0.011,0.269,zero,1111110,0,0.889,-0.234,0.052
1773884976006,ok,,2,100,0.016,261.5,106.0,58.0,164.0,0.622,"-2,+8;-2,+4;+0,+2;+2,-2;+2,-4",True,0.882,False,0,78.2,0.339,zero,1111110,0,0.976,-0.113,0.135,nonzero,1011111,6,-0.039,0.978,0.016,nonzero,1011111,6,-0.03,1.04,0.093,nonzero,1011011,5,-0.13,1.308,0.183
1773885517689,ok,,2,100,0.134,269.2,105.5,44.0,168.5,0.528,"-2,-8;+2,+6;+0,+4;+2,+0;+0,-2",True,0.817,False,0,133.2,0.298,zero,1111110,0,0.936,-0.25,0.134,nonzero,0110000,1,-0.044,-0.007,0.263,nonzero,1011111,6,-0.24,0.937,0.068,zero,1111110,0,0.928,-0.228,0.209
1773885560527,uncertain,grid_at_search_bound,,,,231.5,98.0,66.0,154.0,0.221,"-4,+4;-8,+0;+6,+6;-2,+0;-8,-4",False,-0.042,False,0,101.0,0.354,uncertain,0000000,,-0.013,-0.005,0.036,uncertain,1111110,0,0.649,-0.404,0.012,nonzero,0110011,4,-0.635,1.108,0.008,nonzero,1110000,7,-0.37,-0.127,0.276
1773885596912,ok,,3,10,0.057,268.5,106.0,55.0,163.0,0.716,"-4,+8;-2,+2;+0,+0;+2,-2;+2,-4",True,0.739,False,0,148.4,0.365,zero,1111110,0,0.922,0.002,0.126,zero,1111110,0,1.0,-0.108,0.151,nonzero,1111111,8,0.899,1.023,0.057,zero,1111110,0,0.984,-0.134,0.147
1773885616038,ok,,3,10,0.201,268.5,106.0,54.0,166.0,0.678,"-2,+6;+0,+4;+0,+0;+0,-2;+0,-4",True,0.81,False,0,156.1,0.335,zero,1111110,0,0.928,-0.122,0.217,zero,1111110,0,0.956,-0.082,0.205,nonzero,1111011,9,-0.181,1.033,0.201,nonzero,1011011,5,-0.141,1.015,0.189
1773885621507,ok,,2,100,0.111,265.0,106.5,40.0,170.0,0.561,"-8,-8;-4,+4;-2,+2;-2,+0;+2,-4",True,0.699,False,0,120.7,0.365,zero,1111110,0,0.952,-0.227,0.266,nonzero,1011111,6,-0.31,0.893,0.111,nonzero,1110000,7,-0.08,-0.139,0.29,zero,1111110,0,0.992,-0.287,0.288
1773885833708,ok,,2,100,0.02,254.2,109.5,64.0,168.5,0.39,"+0,+4;+2,+4;+2,+2;+2,+0;+0,-2",True,0.939,False,2,48.0,0.236,zero,1111110,0,0.825,0.329,0.02,nonzero,11110?1,39,0.1,1.552,0.055,nonzero,1111111,8,0.834,0.934,0.092,nonzero,1011?11,56,0.007,1.0,0.013
1773885855980,ok,,2,100,0.051,245.0,110.0,69.0,168.5,0.354,"-2,+2;+0,+2;+0,+2;+0,+0;+0,-2",True,0.718,False,0,40.3,0.401,zero,1111110,0,0.729,0.263,0.051,nonzero,1111001,3,0.178,1.103,0.063,nonzero,1111111,8,0.677,1.153,0.063,zero,1111110,0,0.938,0.202,0.035
1773885888511,ok,,2,100,0.001,250.8,110.0,70.0,168.5,0.293,"+2,+4;+2,+2;+0,+2;+0,-2;+0,-2",True,0.792,False,0,43.3,0.465,zero,1111?10,0,0.491,0.167,0.001,nonzero,0110011,4,0.073,1.148,0.046,nonzero,0110??0,1,0.238,0.283,0.0,zero,1111110,0,0.792,0.257,0.162
1773885905160,ok,,3,10,0.003,265.0,106.0,57.0,163.0,0.517,"-2,+2;+0,+0;+0,+0;+0,-2;+2,-2",True,0.812,False,0,98.0,0.514,zero,1111110,0,0.927,0.29,0.08,zero,1111110,0,0.857,0.231,0.003,nonzero,111?0?0,7,0.269,0.37,0.031,zero,1111110,0,0.964,0.208,0.113
1773886246825,ok,,2,100,0.096,250.0,110.0,65.0,170.0,0.76,"+0,+4;+0,+2;+0,+0;+0,+0;+0,-2",True,0.79,False,0,142.6,0.284,zero,1111110,0,0.965,-0.049,0.096,nonzero,1101101,2,-0.096,1.021,0.1,zero,1111110,0,0.941,-0.051,0.125,zero,1111110,0,0.942,-0.052,0.057
1773886267246,ok,,2,100,0.081,250.8,110.0,66.0,168.5,0.754,"+0,+4;+2,+4;+0,+2;+0,+0;+0,-2",True,0.795,False,0,144.3,0.152,zero,1111110,0,1.058,-0.094,0.287,nonzero,1101101,2,-0.2,0.997,0.081,nonzero,1111011,9,-0.157,0.952,0.155,nonzero,1011011,5,-0.236,1.014,0.275
1773886290093,ok,,2,100,0.218,250.8,110.0,66.0,171.5,0.645,"+0,+2;+2,+2;+0,+0;+0,-2;+0,-2",True,0.887,False,0,153.2,0.249,zero,1111110,0,0.971,-0.042,0.218,nonzero,0110011,4,-0.004,1.1,0.266,nonzero,0110011,4,-0.083,1.085,0.299,zero,1111110,0,0.922,-0.11,0.138
1773886557036,ok,,2,100,0.074,255.0,109.5,58.0,168.5,0.661,"+0,+6;+2,+2;+2,+2;+0,+0;+0,-2",True,0.608,False,0,142.1,0.377,zero,1111110,0,0.78,-0.224,0.074,nonzero,1101101,2,-0.224,1.047,0.263,nonzero,1011011,5,-0.251,1.066,0.302,zero,1111110,0,0.981,-0.264,0.235
1773886564370,ok,,2,100,0.163,250.8,110.0,64.0,168.5,0.652,"+0,+0;+2,+2;+0,+2;+0,+0;+0,+0",True,0.987,False,0,99.6,0.254,zero,1111110,0,0.924,0.055,0.163,nonzero,0110011,4,0.056,1.056,0.191,nonzero,1111011,9,0.024,1.0,0.059,nonzero,1011011,5,-0.032,1.08,0.237
1773886590803,ok,,2,100,0.025,269.2,106.5,66.0,168.5,0.522,"-8,+2;-4,+4;-2,+2;+0,+0;+0,-2",True,1.49,False,0,51.2,0.263,zero,1111110,0,0.84,-0.161,0.025,nonzero,1011011,5,-0.082,1.0,0.101,nonzero,1011111,6,-0.202,1.204,0.014,zero,1111110,0,0.728,-0.243,0.05
1773886620270,ok,,2,100,0.034,252.8,110.0,63.0,168.5,0.587,"+0,+2;+2,+2;+0,+2;+0,+0;-2,+0",True,1.093,False,0,65.8,0.237,zero,1111110,0,1.038,-0.072,0.318,nonzero,1011111,6,-0.023,1.177,0.034,zero,1111110,0,0.657,0.074,0.003,zero,1111110,0,0.654,0.116,0.004
1773886621810,ok,,2,100,0.178,250.0,110.0,59.0,168.5,0.681,"+2,+6;+2,+2;+2,+2;+0,+0;-2,-2",True,0.767,False,0,133.7,0.238,zero,1111110,0,0.904,-0.246,0.178,nonzero,1011011,5,-0.182,0.987,0.18,nonzero,1011011,5,-0.161,1.039,0.268,nonzero,1011011,5,-0.284,1.032,0.3
1773886794639,ok,,2,100,0.094,255.8,109.0,61.0,167.0,0.727,"+2,+4;+2,+2;+2,+0;+0,-2;+0,-4",True,0.625,False,0,129.2,0.289,zero,1111110,0,0.867,-0.182,0.128,nonzero,1111111,8,0.87,1.03,0.094,zero,1111110,0,1.046,-0.213,0.286,nonzero,1011011,5,-0.274,1.054,0.249
1773886817335,ok,,3,10,0.151,267.8,106.5,41.0,173.0,0.696,"-4,-2;-2,+4;+0,+2;+0,-2;+0,-4",True,0.762,False,0,118.5,0.312,zero,1111110,0,0.996,-0.328,0.32,zero,1111110,0,1.001,-0.324,0.266,nonzero,1011111,6,-0.374,0.915,0.151,nonzero,1011011,5,-0.405,0.992,0.243
1773886876984,uncertain,p1_unstable_across_repeats,,,,255.0,109.5,55.0,166.0,0.378,"+0,+8;+2,+2;+2,+4;+0,+0;+0,-2",True,0.326,False,0,114.4,0.301,uncertain,????1?0,0,0.513,-0.21,0.003,nonzero,011?000,1,-0.325,-0.185,0.018,nonzero,1110000,7,-0.201,0.037,0.118,nonzero,1011011,5,-0.203,1.027,0.192
1773886941780,uncertain,p1_ambiguous,,,,261.0,108.5,57.0,168.5,0.561,"-2,+8;+0,+4;+0,+2;+0,+0;+2,-2",True,0.292,False,0,132.7,0.267,uncertain,??????0,017,0.398,-0.037,0.002,nonzero,1101101,2,-0.274,0.942,0.138,nonzero,0110011,4,-0.271,1.116,0.351,zero,1111110,0,0.988,-0.239,0.275
1773887017654,ok,,2,100,0.131,250.8,110.0,58.0,170.0,0.67,"-2,+4;+2,+2;+2,+2;-2,+0;+0,-2",True,0.583,False,1,140.6,0.322,zero,1111110,0,1.0,-0.197,0.253,nonzero,1101101,2,-0.308,0.927,0.131,nonzero,1111001,3,-0.2,1.026,0.28,nonzero,1011011,5,-0.345,0.988,0.245
1773887688770,ok,,2,100,0.212,266.5,106.0,34.0,170.0,0.484,"-4,-2;+0,+6;+0,+0;+0,+0;+0,-4",True,0.913,False,0,122.0,0.157,zero,1111110,0,0.995,-0.262,0.212,nonzero,0110000,1,-0.137,-0.031,0.264,nonzero,1011011,5,-0.281,0.914,0.15,nonzero,1011011,5,-0.292,0.998,0.191
1773887712968,ok,,2,100,0.136,269.2,105.5,36.0,168.5,0.603,"+2,+0;+2,+6;+2,+4;+0,+0;+0,-6",True,0.652,False,0,103.7,0.237,zero,1111110,0,0.881,-0.279,0.136,nonzero,1101101,2,-0.359,1.003,0.199,nonzero,1111011,9,-0.436,0.982,0.163,zero,1111110,0,0.955,-0.289,0.217
1773887822898,ok,,2,100,0.345,262.8,106.0,41.0,171.5,0.698,"-6,-8;-2,+4;-2,+2;+0,-2;+2,-4",True,0.931,False,0,111.1,0.306,zero,1111110,0,1.05,-0.375,0.345,nonzero,1111001,3,-0.355,1.184,0.424,nonzero,1111111,8,0.883,0.901,0.086,zero,1111110,0,0.995,-0.407,0.291
1773888169803,ok,,2,100,0.099,270.0,105.5,33.0,167.0,0.422,"-2,+0;+2,+6;+0,-4;+0,+0;+2,-4",True,0.91,False,0,118.9,0.307,zero,1111110,0,0.905,-0.268,0.099,nonzero,0110000,1,-0.086,-0.039,0.209,nonzero,0110011,4,-0.348,1.081,0.31,nonzero,1011011,5,-0.269,0.885,0.089
1773888189268,ok,,2,100,0.202,285.8,102.0,38.0,168.5,0.575,"-4,-2;+0,+6;+0,+2;+0,-2;+4,-6",True,0.697,False,0,114.8,0.264,zero,1111110,0,0.97,-0.279,0.226,nonzero,1101101,2,-0.324,0.992,0.202,nonzero,1111001,3,-0.321,0.985,0.128,nonzero,1011011,5,-0.328,0.956,0.112
1773888214427,ok,,2,100,0.166,282.8,102.5,41.0,165.5,0.623,"-8,-4;-2,+4;-2,+2;-2,-2;+2,-6",True,0.799,False,0,110.5,0.123,zero,1111110,0,0.893,-0.228,0.166,nonzero,1011011,5,-0.266,1.009,0.199,nonzero,1111011,9,-0.368,0.968,0.129,zero,1111110,0,0.935,-0.253,0.232
1773888271052,ok,,2,100,0.07,263.5,106.0,37.0,173.0,0.544,"-8,-6;+2,+6;+2,+2;-2,-2;+0,-6",True,0.693,False,0,123.7,0.253,zero,1111110,0,0.82,-0.365,0.092,nonzero,1101101,2,-0.445,0.956,0.07,nonzero,0110011,4,-0.421,1.18,0.376,zero,1111110,0,0.956,-0.379,0.161
1773888358830,ok,,3,10,0.104,268.5,106.0,57.0,165.5,0.722,"-8,+8;-2,+4;+0,+2;+0,+0;+2,-2",True,0.761,False,0,133.9,0.307,zero,1111110,0,0.856,0.132,0.104,zero,1111110,0,0.98,-0.025,0.229,nonzero,1111111,8,0.94,0.971,0.128,zero,1111110,0,1.016,0.019,0.282
1773888665355,ok,,1,1000,0.09,261.5,106.0,50.0,168.5,0.429,"-4,+8;-2,+4;+0,+2;+2,+0;+2,-2",True,0.932,False,0,137.0,0.162,nonzero,0110000,1,0.069,0.101,0.09,nonzero,0110000,1,0.108,0.129,0.089,nonzero,1111001,3,-0.027,0.996,0.136,nonzero,1011011,5,-0.0,0.904,0.033
1773888948566,ok,,2,100,0.207,249.2,109.5,54.0,168.5,0.538,"-4,+8;+2,+4;+0,+2;+0,+0;+2,-2",True,0.854,False,0,156.5,0.147,zero,1111110,0,0.958,-0.193,0.207,nonzero,0110000,1,-0.085,-0.008,0.297,nonzero,1111001,3,-0.162,1.036,0.195,nonzero,1011011,5,-0.268,1.023,0.207
1773888978528,ok,,2,100,0.111,263.5,106.5,59.0,168.5,0.577,"-8,+8;-4,+4;-2,+2;+0,-2;+2,-4",True,0.743,False,0,146.0,0.21,zero,1111110,0,0.957,-0.174,0.111,nonzero,1101101,2,-0.21,0.961,0.186,nonzero,0110011,4,-0.229,1.05,0.237,zero,1111110,0,0.947,-0.158,0.213
1773889005507,ok,,2,100,0.046,250.8,110.0,59.0,168.5,0.589,"+2,+6;+2,+4;+0,+2;-2,+0;-2,-2",True,0.889,False,0,150.8,0.149,zero,1111110,0,0.858,-0.204,0.046,nonzero,0110011,4,-0.17,1.066,0.241,nonzero,1111001,3,-0.193,1.085,0.259,nonzero,1011011,5,-0.279,1.057,0.259
1773889144156,ok,,2,100,0.217,259.2,106.5,60.0,170.0,0.585,"-8,+8;-4,+4;-2,+0;-2,+0;+2,-4",True,0.701,False,0,136.1,0.285,zero,1111110,0,0.964,-0.212,0.255,nonzero,1101101,2,-0.369,1.0,0.217,nonzero,1110000,7,-0.146,-0.063,0.172,zero,1111110,0,0.994,-0.308,0.323
1773889460996,ok,,3,10,0.025,270.0,106.5,42.0,172.5,0.653,"-8,-8;-4,+6;-2,+2;+0,+0;+2,-4",True,0.64,False,0,125.4,0.268,zero,1111110,0,0.881,-0.254,0.025,zero,1111110,0,1.001,-0.105,0.23,nonzero,1011011,5,-0.284,1.014,0.253,nonzero,1011011,5,-0.347,1.005,0.219
1773889524530,ok,,3,10,0.11,273.5,106.0,47.0,167.0,0.669,"+2,+2;+2,+4;+2,+2;-2,-2;-2,-4",True,0.727,False,0,128.1,0.14,zero,1111110,0,1.027,-0.269,0.164,zero,1111110,0,0.945,-0.161,0.115,nonzero,1111011,9,-0.453,0.961,0.11,nonzero,1011011,5,-0.275,1.021,0.276
1773889635148,ok,,2,100,0.035,268.5,106.0,58.0,165.5,0.447,"-2,+6;-2,+4;+0,+2;+0,+0;+2,-2",True,0.845,False,0,87.9,0.197,zero,1111110,0,0.869,0.02,0.09,nonzero,1011011,5,0.004,0.937,0.035,nonzero,1110000,7,0.127,0.147,0.053,zero,1111110,0,1.009,0.057,0.247
1773889647638,ok,,2,100,0.07,278.5,106.0,65.0,164.0,0.406,"+0,+4;+0,+2;-2,+0;-2,-2;+0,-2",True,0.71,False,0,62.8,0.242,zero,1111110,0,0.67,0.024,0.07,nonzero,1110000,7,0.109,0.183,0.141,nonzero,1110000,7,0.083,0.376,0.02,zero,1111110,0,0.681,0.037,0.013
1773889662528,ok,,2,100,0.004,269.2,106.0,55.0,163.0,0.349,"+2,+8;-2,+2;-2,+0;+0,+0;+2,-4",True,0.588,False,1,75.0,0.19,zero,?111110,0,0.597,0.095,0.004,nonzero,111?000,7,0.089,-0.008,0.033,nonzero,1011111,6,-0.006,1.081,0.126,nonzero,1011011,5,-0.051,1.078,0.033
1773889750172,ok,,2,100,0.014,279.2,105.5,65.0,163.0,0.414,"+2,+4;+2,+2;+0,+0;+2,-2;+0,-4",True,0.873,False,0,68.2,0.309,zero,1111110,0,0.713,0.105,0.048,nonzero,01100?0,1,0.179,0.321,0.014,nonzero,1?11111,68,0.384,1.042,0.016,zero,1111110,0,1.033,0.135,0.09
1773889781299,ok,,3,10,0.168,255.8,109.0,50.0,174.0,0.696,"-2,+6;+0,+4;+0,+2;+2,+0;+0,-4",True,0.732,False,0,144.5,0.293,zero,1111110,0,0.979,-0.237,0.258,zero,1111110,0,1.027,-0.26,0.308,nonzero,1011111,6,-0.304,0.94,0.168,nonzero,1011011,5,-0.31,1.006,0.227
1773889782015,ok,,2,100,0.045,281.5,106.0,66.0,164.0,0.376,"+4,+2;+2,+2;+0,+0;-2,-2;-2,-2",True,0.683,False,0,65.2,0.145,zero,1111110,0,0.798,0.025,0.045,nonzero,1111001,3,0.133,1.081,0.045,nonzero,?11?0?0,17,0.185,0.395,0.002,zero,1111110,0,0.955,0.201,0.102
1773889810743,ok,,2,100,0.171,273.5,106.0,70.0,166.0,0.466,"+2,+4;+2,+2;+0,+0;+0,-2;+0,-2",True,0.572,False,0,59.3,0.169,zero,1111110,0,0.836,-0.09,0.171,nonzero,0110011,4,-0.014,1.069,0.177,nonzero,1110000,7,0.12,0.07,0.057,zero,1111110,0,0.948,0.016,0.188
1773890339912,ok,,2,100,0.002,285.8,102.0,47.0,163.0,0.35,"-2,+0;-2,+0;-2,-2;+0,-2;+0,-2",True,0.675,False,0,71.1,0.267,zero,1111110,0,0.915,0.301,0.063,nonzero,0110??0,1,0.203,0.401,0.002,nonzero,11011?1,2,0.173,1.16,0.019,nonzero,1011011,5,0.264,1.074,0.019
1773890407581,uncertain,p2_ambiguous,,,,273.5,106.0,49.0,164.0,0.337,"+2,+0;+0,+2;+0,+2;-2,+0;-2,-2",True,0.559,False,2,67.7,0.288,zero,1111110,0,0.94,0.315,0.085,uncertain,?11????,0134789,0.369,0.451,0.005,uncertain,111????,03789,0.435,0.479,0.002,uncertain,111111?,08,0.924,0.641,0.003
1773890443902,ok,,2,100,0.001,285.8,102.0,38.0,170.0,0.331,"-2,+0;-2,+0;-2,-2;+0,+2;+2,+2",True,0.845,False,0,61.8,0.137,zero,1111110,0,0.751,0.34,0.001,nonzero,0110??0,1,0.213,0.297,0.004,nonzero,1111111,8,0.862,0.902,0.004,nonzero,1111?11,89,0.512,1.264,0.006
1773890518371,ok,,2,100,0.034,283.5,102.5,53.0,160.0,0.33,"-2,+0;-2,+0;-2,+4;+0,+0;+2,+0",True,0.762,False,0,67.7,0.22,zero,1111110,0,0.998,0.355,0.038,nonzero,011???0,1,0.202,0.346,0.034,nonzero,11?11?1,28,0.401,1.077,0.005,uncertain,111111?,08,0.683,0.612,0.02
1773890538111,uncertain,p1_ambiguous,,,,282.8,102.5,58.0,160.0,0.356,"-4,+4;-2,+2;-2,+2;+0,-2;+2,-2",True,1.199,False,1,61.3,0.167,uncertain,111111?,08,0.919,0.465,0.052,uncertain,?11????,0134789,0.409,0.514,0.002,nonzero,1?11?11,5689,0.464,0.906,0.033,zero,1111110,0,0.833,0.412,0.024
1773890584561,ok,,2,100,0.008,271.5,105.5,54.0,160.0,0.365,"+4,+6;+2,+2;+2,+0;+0,+0;+0,-2",True,0.633,False,0,56.8,0.231,zero,1111110,0,0.744,0.373,0.022,nonzero,11?11?1,28,0.39,1.26,0.008,nonzero,1111111,8,0.657,0.903,0.007,zero,1111110,0,1.108,0.409,0.041
1773890829632,uncertain,p2_ambiguous,,,,268.5,106.0,58.0,160.0,0.264,"+0,+2;+0,+2;+0,+0;+0,-2;+0,-2",True,0.497,False,0,44.1,0.286,zero,1111110,0,0.746,0.368,0.037,uncertain,111????,03789,0.422,0.518,0.007,uncertain,111????,03789,0.512,0.524,0.008,uncertain,111111?,08,0.915,0.452,0.009
1773891283380,ok,,2,100,0.114,269.2,106.0,48.0,168.5,0.594,"+0,+8;+0,+4;-2,+2;+0,+0;+0,-4",True,0.963,False,0,99.7,0.25,zero,1111110,0,0.873,-0.031,0.114,nonzero,1111001,3,-0.045,1.12,0.22,nonzero,1111111,8,0.879,1.029,0.143,nonzero,1011011,5,-0.051,1.023,0.113
1773891309041,ok,,2,100,0.025,267.2,106.0,48.0,170.0,0.526,"-4,-4;-2,+6;+0,+2;-2,+0;+0,-4",True,0.803,False,0,102.7,0.234,zero,1111110,0,0.835,-0.108,0.025,nonzero,1011111,6,-0.172,0.917,0.116,nonzero,1110000,7,-0.057,0.021,0.237,nonzero,1011011,5,-0.156,1.061,0.265
1773891409239,ok,,3,10,0.104,285.8,102.0,45.0,167.0,0.622,"-6,-8;-2,+4;+0,+0;+0,-2;+2,-6",True,0.73,False,0,105.6,0.269,zero,1111110,0,0.868,-0.157,0.137,zero,1111110,0,0.805,-0.109,0.104,nonzero,1111001,3,-0.171,1.094,0.206,zero,1111110,0,0.88,-0.125,0.127
1773892113306,uncertain,p2_ambiguous,,,,265.0,106.5,62.0,164.5,0.358,"-6,+4;-2,+2;-2,+0;+0,-2;+0,-4",True,0.626,False,0,60.1,0.147,zero,1111110,0,0.804,0.379,0.015,uncertain,?11????,0134789,0.348,0.465,0.001,nonzero,1111111,8,0.721,0.945,0.076,zero,1111110,0,0.796,0.375,0.02
1773892141021,ok,,2,100,0.0,265.8,106.0,62.0,160.0,0.444,"-2,+4;-2,+2;+0,+0;+0,-2;+0,-4",True,0.85,False,0,72.8,0.211,zero,1111110,0,0.777,0.418,0.013,nonzero,11?11?1,28,0.456,1.251,0.0,uncertain,?11????,0134789,0.427,0.581,0.008,uncertain,111111?,08,0.873,0.522,0.002
1773892162507,ok,,2,100,0.005,266.5,106.0,63.0,163.0,0.401,"-2,+6;-2,+2;+0,+0;+2,-2;+2,-4",True,0.871,False,0,66.6,0.282,zero,1111110,0,0.774,0.338,0.009,nonzero,1111??1,389,0.312,1.07,0.005,nonzero,11?11?1,28,0.38,1.282,0.004,zero,1111110,0,0.935,0.393,0.031
1773892577378,uncertain,p2_invalid_pattern,,,,269.2,105.5,56.0,160.0,0.445,"+2,+8;+2,+4;+2,+2;+0,-2;+0,-4",True,0.856,False,0,45.2,0.193,zero,1111110,0,0.87,0.046,0.049,uncertain,?111101,,-0.286,0.813,0.003,uncertain,01111?0,,0.23,0.195,0.025,zero,1111110,0,0.63,-0.041,0.019
1773892603574,uncertain,p3_invalid_pattern,,,,269.2,106.0,55.0,165.5,0.475,"-2,+8;+0,+6;+0,+2;-2,-2;+0,-4",True,0.487,False,0,50.4,0.228,uncertain,11?0?10,7,0.262,-0.067,0.007,nonzero,1101101,2,-0.145,0.963,0.019,uncertain,1111000,,-0.159,-0.123,0.001,zero,11111?0,0,0.588,-0.093,0.023
1773892627988,ok,,2,100,0.001,269.2,106.0,55.0,164.5,0.533,"+0,+8;+0,+4;+0,+2;+0,-2;+0,-4",True,0.641,False,1,51.3,0.137,zero,111?110,0,0.539,0.165,0.001,nonzero,1101101,2,-0.083,1.005,0.067,nonzero,1111111,8,0.647,0.767,0.005,zero,1111110,0,0.927,0.304,0.0
1773892880122,ok,,2,100,0.227,250.8,110.0,86.0,170.0,0.571,"+2,+4;+2,+2;+0,+0;-2,-2;-2,-2",True,0.813,False,0,136.3,0.258,zero,1111110,0,0.994,-0.145,0.227,nonzero,1111001,3,-0.225,1.006,0.228,nonzero,0110011,4,-0.183,1.067,0.293,nonzero,1011011,5,-0.284,0.938,0.202
1773892939922,ok,,2,100,0.104,267.2,106.0,62.0,166.0,0.643,"-6,+8;-2,+4;+0,+0;+0,-2;+2,-4",True,0.744,False,0,111.2,0.24,zero,1111110,0,0.912,-0.089,0.227,nonzero,1101101,2,-0.091,0.977,0.104,zero,1111110,0,0.988,-0.072,0.262,nonzero,1011011,5,-0.14,1.084,0.21
1773892963943,ok,,2,100,0.047,268.5,106.0,64.0,160.0,0.556,"+2,+4;+0,+2;+0,+0;+0,-2;-2,-4",True,0.773,False,0,119.8,0.304,zero,1111110,0,0.796,-0.04,0.047,nonzero,1101101,2,-0.077,1.103,0.148,nonzero,0110011,4,-0.127,1.111,0.166,nonzero,1011011,5,-0.094,1.07,0.007
1773892991184,ok,,2,100,0.103,266.5,106.0,62.0,166.0,0.649,"-2,+6;+0,+4;+0,+0;+0,-2;+0,-4",True,0.83,False,0,120.3,0.125,zero,1111110,0,0.891,-0.04,0.103,nonzero,1111001,3,-0.073,1.033,0.167,nonzero,1011011,5,-0.063,1.05,0.192,nonzero,1011011,5,-0.19,1.044,0.093
1773893158345,ok,,3,10,0.175,255.0,110.0,49.0,173.0,0.624,"+2,+6;+2,+2;+0,+0;+0,-2;-2,-4",True,0.77,False,0,126.2,0.169,zero,1111110,0,1.052,-0.433,0.266,zero,1111110,0,0.995,-0.453,0.24,nonzero,1011111,6,-0.492,0.91,0.175,nonzero,1011011,5,-0.561,1.0,0.237
1773893435756,ok,,3,10,0.023,266.5,106.0,61.0,163.0,0.426,"-2,+4;-2,+4;+0,+0;+0,-2;+2,-4",True,0.721,False,1,61.9,0.213,zero,1111110,0,0.798,0.155,0.092,zero,1111110,0,0.834,0.215,0.173,nonzero,1111001,3,0.147,1.135,0.023,zero,1111110,0,0.952,0.244,0.062
1773893524727,uncertain,p2_invalid_pattern,,,,265.0,106.0,59.0,160.0,0.276,"-2,+6;+0,+4;+0,+2;+0,-2;+2,-4",True,0.736,False,1,41.3,0.195,zero,1111110,0,0.616,0.195,0.003,uncertain,0111000,,0.009,0.101,0.074,zero,1111110,0,0.946,-0.011,0.07,zero,1111110,0,0.663,0.17,0.025
1773893550605,uncertain,p2_invalid_pattern,,,,269.2,106.0,57.0,160.0,0.282,"+0,+8;+0,+4;+0,+4;+0,-2;+0,-4",True,1.168,False,2,41.4,0.19,zero,111?110,0,0.57,0.279,0.001,uncertain,0111000,,-0.011,0.09,0.064,uncertain,1111101,,-0.105,0.862,0.035,zero,1111110,0,0.618,0.083,0.006
1773893731859,ok,,3,10,0.019,269.2,106.0,64.0,160.0,0.47,"+0,+4;+0,+4;+0,+0;+0,-2;+0,-4",True,0.631,False,0,69.6,0.312,zero,1111110,0,0.818,0.151,0.163,zero,1111110,0,0.74,0.223,0.14,nonzero,1101101,2,0.23,1.09,0.019,nonzero,1011011,5,0.173,1.139,0.024
1773894475229,ok,,2,100,0.312,258.8,109.0,54.0,168.5,0.628,"+0,+8;+2,+4;+0,+2;+2,+0;+0,-2",True,0.892,False,0,142.0,0.162,zero,1111110,0,1.077,-0.243,0.336,nonzero,1111001,3,-0.26,1.044,0.312,nonzero,1111111,8,0.831,0.857,0.078,nonzero,1011011,5,-0.376,1.0,0.254
1773894539044,ok,,2,100,0.154,250.8,110.0,56.0,170.0,0.639,"-2,+8;+0,+2;+0,+2;+0,-2;+0,-2",True,0.989,False,0,137.7,0.22,zero,1111110,0,1.006,-0.358,0.154,nonzero,0110011,4,-0.361,1.105,0.354,nonzero,1111111,8,0.795,0.809,0.074,zero,1111110,0,0.981,-0.432,0.254
1773894622441,ok,,2,100,0.04,237.0,110.5,48.0,180.0,0.602,"-6,+8;-4,+2;+2,+2;-2,+2;+2,-2",True,0.763,False,0,129.1,0.213,zero,1111110,0,0.93,-0.434,0.105,nonzero,1011111,6,-0.273,0.864,0.04,nonzero,1110000,7,-0.262,-0.195,0.377,zero,1111110,0,0.993,-0.48,0.261
1773895677590,ok,,2,100,0.3,263.5,106.5,65.0,168.5,0.721,"-4,+6;-2,+4;-2,+0;+0,-2;+2,-4",True,0.828,False,0,145.7,0.246,zero,1111110,0,1.001,-0.115,0.317,nonzero,1111001,3,-0.091,1.043,0.3,nonzero,1111111,8,0.833,0.878,0.091,nonzero,1011011,5,-0.077,1.0,0.261
1773895757118,ok,,2,100,0.042,257.2,109.0,62.0,163.0,0.527,"+0,+4;+0,+2;+0,+0;+0,-2;+0,-4",True,1.041,False,0,93.4,0.272,zero,1111110,0,0.907,0.252,0.058,nonzero,0110011,4,0.165,1.138,0.042,nonzero,1111111,8,0.835,0.996,0.066,zero,1111110,0,0.997,0.247,0.19
1773895816766,ok,,2,100,0.039,253.8,109.0,61.0,166.0,0.562,"+0,+4;+0,+2;+2,+0;+0,-2;+0,-4",True,0.877,False,0,111.8,0.201,zero,1111110,0,0.892,0.282,0.041,nonzero,1011111,6,0.25,0.933,0.039,nonzero,111?0?0,7,0.292,0.364,0.0,zero,1111110,0,0.918,0.296,0.068
1773896292098,ok,,2,100,0.205,257.2,109.5,68.0,169.5,0.622,"+0,+2;+2,+2;+0,+0;+0,+0;+0,+0",True,0.759,False,0,122.5,0.312,zero,1111110,0,1.022,0.069,0.242,nonzero,1101101,2,0.045,1.024,0.205,zero,1111110,0,0.884,0.139,0.079,nonzero,1011011,5,-0.216,0.971,0.136
1773896324536,ok,,2,100,0.023,252.8,110.0,68.0,170.0,0.538,"+0,+0;+0,+0;+0,+0;+0,+0;-2,+0",True,0.844,False,0,116.4,0.257,zero,1111110,0,0.997,0.184,0.09,nonzero,1101101,2,0.1,1.028,0.023,nonzero,1111001,3,0.147,1.012,0.043,zero,1111110,0,0.877,0.178,0.003
1773897262269,ok,,2,100,0.16,252.8,109.5,62.0,168.5,0.543,"+2,+2;+2,+2;+2,+0;+2,+0;+0,-2",True,0.967,False,0,81.4,0.259,zero,1111110,0,0.932,0.081,0.189,nonzero,0110011,4,0.086,1.091,0.16,nonzero,1111111,8,0.801,0.904,0.02,zero,1111110,0,1.007,0.14,0.205
1773897368621,ok,,2,100,0.027,263.5,106.0,63.0,167.0,0.475,"-6,+0;-2,+0;+0,+0;+0,-2;+4,-2",True,0.766,False,1,74.7,0.28,zero,1111110,0,0.849,0.107,0.15,nonzero,1011111,6,0.15,0.997,0.027,nonzero,1110000,7,0.193,0.223,0.007,nonzero,1011011,5,0.149,1.054,0.078
1773897494757,ok,,2,100,0.081,253.0,110.0,61.0,167.5,0.532,"+0,+2;+0,+2;+0,+0;+0,+0;-2,-2",True,1.024,False,0,65.3,0.202,zero,1111110,0,0.909,-0.036,0.162,nonzero,1111001,3,0.062,1.123,0.081,nonzero,1111111,8,0.797,0.938,0.021,nonzero,1011011,5,-0.019,1.378,0.246
1773901769126,ok,,2,100,0.039,273.5,106.0,63.0,164.5,0.558,"-6,+6;-4,+4;-2,+2;+0,-2;+2,-4",True,0.888,False,0,115.2,0.193,zero,1111110,0,0.96,0.225,0.214,nonzero,0110011,4,0.217,1.068,0.039,nonzero,1011011,5,0.114,0.993,0.077,zero,1111110,0,0.888,0.222,0.137
1773902592898,ok,,2,100,0.045,262.0,107.0,58.0,164.0,0.558,"-4,+6;-2,+2;+0,+2;+0,+0;+2,-2",True,0.876,False,0,107.6,0.159,zero,1111110,0,0.842,0.015,0.045,nonzero,0110011,4,-0.008,1.13,0.218,nonzero,1101101,2,-0.01,1.007,0.14,nonzero,1011011,5,0.005,0.99,0.038
1773902622496,ok,,2,100,0.033,254.2,110.0,62.0,164.5,0.606,"+0,+2;+0,+0;+0,+0;+0,-2;+0,-4",True,0.728,False,0,93.5,0.159,zero,1111110,0,0.815,0.24,0.033,nonzero,1011011,5,0.194,1.076,0.062,nonzero,11011?1,2,0.267,0.993,0.033,zero,1111110,0,1.006,0.341,0.109
1773902646801,ok,,2,100,0.052,252.8,110.0,62.0,168.5,0.72,"+2,+4;+2,+2;+0,+0;+0,-2;+0,-4",True,0.739,False,0,115.2,0.23,zero,1111110,0,0.875,0.108,0.133,nonzero,1011111,6,0.078,1.032,0.052,nonzero,1011111,6,0.053,1.05,0.178,zero,1111110,0,1.011,0.106,0.185
1773902733532,ok,,2,100,0.036,252.8,109.5,63.0,168.5,0.691,"+2,+4;+2,+2;+0,+0;+0,+0;+2,-2",True,0.944,False,0,145.4,0.162,zero,1111110,0,0.95,0.057,0.066,nonzero,0110000,1,0.186,0.217,0.036,zero,1111110,0,0.928,0.077,0.091,nonzero,1011011,5,0.042,1.073,0.194
1773902757162,ok,,2,100,0.041,252.8,110.0,61.0,166.0,0.542,"+0,+2;+0,+2;+0,+0;+0,-2;+0,-4",True,0.798,False,0,122.3,0.283,zero,1111110,0,0.844,0.109,0.091,nonzero,0110000,1,0.082,0.234,0.041,nonzero,0110000,1,0.184,0.179,0.05,nonzero,1011011,5,0.094,1.141,0.104
1773902778736,ok,,2,100,0.011,252.2,109.5,61.0,167.5,0.653,"+0,+4;+2,+2;+0,+0;+2,-2;+0,-2",True,0.858,False,0,119.1,0.141,zero,1111110,0,0.944,0.099,0.157,nonzero,0110?00,1,0.172,0.285,0.011,nonzero,1111111,8,0.873,1.028,0.079,zero,1111110,0,0.995,0.166,0.198
1773902858887,ok,,2,100,0.096,255.8,109.0,60.0,168.5,0.759,"+0,+2;+2,+2;+2,+2;+0,+0;+0,+0",True,0.668,False,0,125.7,0.118,zero,1111110,0,0.896,0.152,0.096,nonzero,1101101,2,0.103,1.044,0.122,zero,1111110,0,0.962,0.224,0.118,zero,1111110,0,0.838,0.243,0.043
1773902875514,ok,,2,100,0.019,255.0,109.5,61.0,168.5,0.552,"+0,+4;+2,+2;+0,+2;+0,-2;+0,-2",True,0.397,False,0,110.1,0.231,zero,1111110,0,0.672,0.206,0.019,nonzero,1101101,2,0.039,1.029,0.089,nonzero,0110000,1,0.119,0.268,0.004,nonzero,1011011,5,0.034,0.969,0.045
1773902897772,ok,,2,100,0.006,254.2,110.0,61.0,166.0,0.635,"+0,+4;+2,+2;+0,+0;+0,-2;-2,-2",True,0.726,False,0,107.4,0.162,zero,1111110,0,0.865,0.128,0.006,nonzero,1101101,2,0.022,1.085,0.076,nonzero,1011111,6,-0.003,1.018,0.055,nonzero,1011011,5,0.088,1.132,0.173
1773902952839,ok,,2,100,0.019,255.8,109.5,61.0,166.0,0.598,"+4,+4;+2,+2;+2,+0;+2,+0;+0,-2",True,0.868,False,0,113.9,0.142,zero,1111110,0,0.833,0.117,0.031,nonzero,0110000,1,0.165,0.245,0.019,zero,1111110,0,0.994,0.125,0.169,zero,1111110,0,0.939,0.052,0.179
1773902971896,ok,,2,100,0.02,252.8,110.0,63.0,167.0,0.549,"+0,+4;+0,+2;+0,+0;+0,-2;+0,-4",True,0.793,False,0,117.1,0.241,zero,1111110,0,0.848,0.166,0.061,nonzero,0110000,1,0.126,0.238,0.02,nonzero,1011011,5,0.184,0.969,0.107,zero,1111110,0,0.967,0.193,0.14
1773903003651,ok,,2,100,0.01,252.8,110.0,61.0,168.5,0.649,"-2,+2;+0,+2;+0,+0;+0,-2;+0,-2",True,0.797,False,0,123.9,0.146,zero,1111110,0,0.901,0.146,0.121,nonzero,1101101,2,0.107,1.001,0.01,nonzero,0110011,4,0.122,1.126,0.134,nonzero,1011011,5,0.039,1.038,0.18
1773903067344,ok,,2,100,0.162,268.5,106.5,65.0,167.0,0.713,"-6,+4;-4,+2;-2,+0;+0,-2;+2,-2",True,0.739,False,0,105.9,0.135,zero,1111110,0,0.948,0.02,0.185,nonzero,1101101,2,0.033,1.016,0.162,nonzero,1111111,8,0.852,1.04,0.109,nonzero,1011011,5,0.029,1.277,0.196
1773903126622,ok,,2,100,0.073,250.0,110.0,62.0,167.0,0.635,"+2,+4;+0,+2;+0,+0;+0,+0;-2,-2",True,0.815,False,0,110.8,0.198,zero,1111110,0,0.896,0.196,0.073,nonzero,1011111,6,0.125,1.009,0.093,nonzero,1011111,6,0.059,1.031,0.145,nonzero,1011011,5,0.08,1.217,0.152
1773903580895,ok,,2,100,0.018,258.8,109.0,46.0,168.5,0.59,"+0,+6;+0,+4;+0,+2;+2,+0;+0,-2",True,0.727,False,0,101.4,0.215,zero,1111110,0,0.944,0.127,0.018,nonzero,1101101,2,0.102,1.049,0.035,zero,1111110,0,0.861,0.099,0.036,zero,1111110,0,0.932,0.109,0.143
1773904637681,ok,,2,100,0.003,268.5,106.0,71.0,167.0,0.488,"-4,+2;-2,+2;+0,+0;+0,+0;+2,-2",True,0.939,False,0,39.4,0.283,zero,1111110,0,0.731,0.107,0.033,nonzero,11?1101,2,0.079,1.239,0.003,nonzero,1110?00,7,-0.072,0.291,0.004,nonzero,1011011,5,-0.025,0.988,0.002
1773904675786,ok,,2,100,0.054,268.5,106.0,73.0,165.5,0.481,"-6,+6;-2,+4;+0,+0;+2,-2;+4,-4",True,0.822,False,0,39.2,0.175,zero,1111110,0,0.811,-0.014,0.107,nonzero,1011011,5,-0.165,0.929,0.054,nonzero,1111011,9,0.15,0.973,0.077,nonzero,1011011,5,-0.256,1.14,0.23
1773904699151,ok,,2,100,0.129,273.5,106.0,70.0,164.5,0.477,"-2,+6;+0,+4;+0,+0;-2,-2;+0,-4",True,0.987,False,0,44.6,0.131,zero,1111110,0,0.911,0.08,0.129,nonzero,1110000,7,-0.021,0.166,0.147,nonzero,1110000,7,-0.025,0.109,0.274,zero,1111110,0,0.742,-0.046,0.089
1773904822816,ok,,3,10,0.182,273.5,106.0,71.0,166.0,0.551,"-2,+4;+0,+2;+0,+0;+0,-2;+0,-4",True,1.092,False,0,44.2,0.165,zero,1111110,0,1.0,-0.064,0.188,zero,1111110,0,0.86,-0.059,0.195,nonzero,1110000,7,-0.048,-0.042,0.182,zero,1111110,0,0.624,0.062,0.015
1773904871234,ok,,2,100,0.001,255.0,109.5,69.0,168.5,0.489,"+2,+2;+4,+2;+2,+2;+0,+0;-2,-2",True,0.666,False,0,41.1,0.165,zero,1111110,0,0.809,0.176,0.001,nonzero,1101101,2,-0.056,1.028,0.02,zero,?111110,0,0.545,0.039,0.012,nonzero,1011011,5,-0.141,1.382,0.052
1773904898349,ok,,2,100,0.118,252.8,110.0,64.0,168.5,0.58,"+2,+2;+2,+2;+2,+2;+0,+0;-2,-2",True,1.102,False,0,68.1,0.247,zero,1111110,0,0.92,0.12,0.118,nonzero,1111001,3,-0.035,1.221,0.165,nonzero,1101101,2,-0.126,1.007,0.033,zero,1111110,0,0.602,0.117,0.002
1773904961875,ok,,2,100,0.029,254.2,110.0,66.0,168.5,0.502,"+0,+4;+0,+2;+0,+0;+0,+0;+0,+0",True,1.229,False,0,47.0,0.184,zero,1111110,0,0.789,0.335,0.029,nonzero,11?1101,2,0.226,1.158,0.035,nonzero,1111111,8,0.83,1.106,0.006,zero,1111110,0,0.948,0.12,0.12
1773904988226,ok,,2,100,0.105,254.2,110.0,64.0,168.5,0.566,"-2,+2;+0,+2;+0,+0;+0,+0;-2,-2",True,1.134,False,0,68.0,0.196,zero,1111110,0,0.941,0.021,0.124,nonzero,0110011,4,-0.069,0.978,0.105,nonzero,1011111,6,0.279,1.115,0.006,nonzero,1011011,5,-0.17,1.118,0.002
1773905011358,ok,,2,100,0.014,255.8,110.0,64.0,168.5,0.615,"+0,+4;+2,+4;+2,+2;+0,+0;-2,-2",True,0.939,False,0,66.9,0.143,zero,1111110,0,0.908,0.018,0.198,nonzero,1011111,6,0.139,1.129,0.014,nonzero,1111011,9,-0.034,1.086,0.208,nonzero,1011011,5,-0.076,0.999,0.109
1773905067033,ok,,2,100,0.017,252.8,110.0,66.0,170.0,0.451,"+2,+4;+2,+2;+0,+0;+0,+0;-2,-2",True,0.561,False,0,64.3,0.243,zero,1111110,0,0.673,0.051,0.017,nonzero,0110000,1,-0.073,0.335,0.062,nonzero,??110?1,359,0.181,0.909,0.088,nonzero,1011011,5,-0.206,1.023,0.08
1773905095997,ok,,2,100,0.007,255.0,110.0,69.0,168.5,0.573,"+0,+4;+2,+4;+0,+0;+0,-2;-2,-4",True,0.641,False,0,43.6,0.117,zero,1111110,0,0.805,-0.172,0.163,nonzero,1101101,2,-0.141,0.729,0.007,nonzero,1101?01,2,0.014,1.103,0.022,zero,1111110,0,0.795,-0.062,0.123
1773905116686,ok,,2,100,0.052,269.2,106.0,65.0,164.0,0.651,"-4,+4;-2,+2;+0,+0;+0,-2;+0,-2",True,0.83,False,0,78.1,0.275,zero,1111110,0,0.904,0.068,0.165,nonzero,1101101,2,0.071,0.924,0.052,nonzero,1011011,5,0.033,1.035,0.151,zero,1111110,0,0.942,0.095,0.154
1773905198044,ok,,2,100,0.189,254.2,110.0,67.0,167.0,0.562,"-2,+2;+0,+2;+2,+0;+0,-2;+0,-2",True,0.793,False,0,77.8,0.162,zero,1111110,0,0.901,0.175,0.231,nonzero,1101101,2,0.0,1.232,0.189,zero,1111110,0,0.859,0.099,0.021,nonzero,1011011,5,-0.056,0.994,0.019
1773905272520,ok,,2,100,0.003,272.0,106.0,69.0,164.5,0.58,"-2,+6;+0,+4;+0,+0;+2,-2;+0,-4",True,1.018,False,0,83.7,0.238,zero,1111110,0,0.873,0.043,0.126,nonzero,0110000,1,0.115,0.152,0.003,nonzero,1011011,5,-0.029,1.005,0.007,zero,1111110,0,0.728,-0.027,0.0
1773905473135,ok,,2,100,0.0,255.0,110.0,66.0,168.5,0.588,"-2,+2;+0,+2;+0,+0;+0,+0;-2,-2",True,1.041,False,0,61.7,0.198,zero,1111110,0,0.963,-0.02,0.211,nonzero,1101101,2,-0.015,1.019,0.0,zero,1111110,0,0.95,0.022,0.031,uncertain,1111?10,0,0.512,0.12,0.01
1773905551197,ok,,2,100,0.089,255.0,110.0,66.0,170.0,0.566,"+0,+4;+0,+2;+2,+2;+0,-2;-2,-2",True,0.977,False,0,62.1,0.186,zero,1111110,0,0.984,0.085,0.106,nonzero,1111111,8,0.887,0.989,0.089,zero,1111110,0,0.915,-0.133,0.063,zero,1111110,0,0.629,0.006,0.019
1773905948484,ok,,2,100,0.03,250.0,110.0,65.0,171.5,0.576,"+0,+0;+2,+2;+0,+0;+0,+0;-2,-2",True,0.723,False,0,73.2,0.26,zero,1111110,0,0.759,0.032,0.03,nonzero,1111001,3,0.084,1.288,0.061,nonzero,1011011,5,0.003,1.129,0.26,zero,1111?10,0,0.594,-0.173,0.021
1773905988816,ok,,2,100,0.035,250.0,110.0,66.0,168.5,0.475,"+2,+4;+2,+4;+0,+2;+0,-2;-2,-2",True,0.825,False,0,80.5,0.207,zero,1111110,0,0.697,0.007,0.035,nonzero,1110000,7,0.136,0.143,0.089,nonzero,0110000,1,0.121,0.175,0.091,zero,1111110,0,0.893,0.038,0.036
1773906021179,ok,,2,100,0.022,267.2,106.0,67.0,166.0,0.604,"-4,+6;-2,+4;+0,+0;+0,+0;+2,-2",True,0.995,False,0,94.3,0.168,zero,1111110,0,0.868,0.195,0.036,nonzero,1110??0,7,0.109,0.182,0.022,nonzero,1101101,2,0.064,0.999,0.105,nonzero,1011011,5,0.029,1.031,0.063
1773906098422,ok,,2,100,0.0,250.0,110.0,65.0,168.5,0.594,"+2,+2;+2,+2;+0,+2;+0,+0;-2,-2",True,0.926,False,0,96.5,0.241,zero,1111110,0,0.78,0.093,0.024,nonzero,011?000,1,0.2,0.252,0.0,nonzero,1011111,6,-0.019,1.0,0.002,nonzero,1011011,5,0.098,1.26,0.172
1773906118038,ok,,2,100,0.04,248.0,109.5,67.0,171.5,0.474,"+0,+2;+2,+2;+2,+0;+0,+0;+0,-2",True,0.741,False,0,68.6,0.174,zero,1111110,0,0.87,0.059,0.04,nonzero,1101101,2,-0.118,0.969,0.062,nonzero,?110000,17,-0.062,0.202,0.048,zero,1111110,0,0.948,0.09,0.238
1773906138331,ok,,2,100,0.004,249.2,110.0,69.0,168.5,0.5,"+0,+4;+0,+2;+2,+0;+0,+0;+0,+0",True,0.769,False,0,61.5,0.168,zero,1111110,0,0.757,0.137,0.004,nonzero,1101101,2,-0.117,1.05,0.109,nonzero,1110000,7,-0.007,0.145,0.061,nonzero,1011011,5,-0.256,1.065,0.178
1773906208344,ok,,3,10,0.006,249.2,110.0,69.0,168.5,0.46,"+2,+2;+2,+2;+2,+2;+0,+0;-2,+0",True,1.051,False,2,58.1,0.236,zero,1111110,0,0.631,-0.073,0.006,zero,1111110,0,0.968,0.031,0.159,nonzero,1111011,9,-0.051,0.958,0.025,zero,1111110,0,1.033,0.149,0.166
1773906229982,ok,,2,100,0.001,252.2,110.0,66.0,172.5,0.477,"+0,+4;+2,+2;+0,+0;+0,+0;-2,-2",True,0.971,False,0,63.1,0.285,zero,1111110,0,0.765,0.139,0.043,nonzero,0110??0,1,0.271,0.216,0.001,nonzero,1011111,6,0.212,0.99,0.047,nonzero,1011011,5,-0.067,1.168,0.204
1773906260777,ok,,2,100,0.034,247.2,110.0,73.0,167.0,0.502,"+2,+0;+0,+2;+2,+0;+0,+0;-2,-2",True,0.787,False,0,78.3,0.226,zero,1111110,0,0.776,0.037,0.034,nonzero,1101101,2,-0.068,1.031,0.064,nonzero,0110000,1,-0.039,0.153,0.07,nonzero,1011011,5,0.053,1.171,0.16
1773906320417,ok,,3,10,0.086,250.8,109.5,65.0,168.5,0.741,"+0,+2;+2,+2;+2,+0;+2,+0;+0,-2",True,0.751,False,0,103.9,0.266,zero,1111110,0,0.837,0.051,0.196,zero,1111110,0,0.917,0.092,0.119,nonzero,1111111,8,0.843,0.896,0.086,zero,1111110,0,0.978,0.007,0.102
1773906344471,ok,,2,100,0.025,250.8,110.0,70.0,168.5,0.614,"-2,+0;+2,+2;+0,+2;+0,+0;-2,-2",True,0.754,False,0,98.2,0.197,zero,1111110,0,0.687,0.087,0.025,nonzero,1101101,2,0.069,1.169,0.118,nonzero,0110011,4,-0.048,1.0,0.001,zero,1111110,0,0.856,0.043,0.172
1773906369137,ok,,2,100,0.0,252.2,109.5,69.0,167.5,0.602,"+0,+2;+2,+2;+2,+0;+2,+0;+0,-2",True,0.93,False,0,87.2,0.282,zero,1111110,0,0.958,0.08,0.143,nonzero,11110?1,39,-0.063,1.008,0.0,nonzero,1111111,8,0.822,1.007,0.019,nonzero,1011011,5,0.006,1.099,0.188
1773906440307,ok,,2,100,0.023,250.8,110.0,66.0,168.5,0.673,"+0,+2;+2,+2;+0,+0;+0,-2;+0,-4",True,0.802,False,0,98.0,0.252,zero,1111110,0,0.825,0.095,0.068,nonzero,1110000,7,0.218,0.194,0.023,nonzero,1111011,9,0.029,0.954,0.119,nonzero,1011011,5,0.044,1.13,0.101
1773906504487,ok,,2,100,0.034,258.5,106.5,66.0,168.5,0.605,"-8,+4;-4,+4;-2,+2;+0,+0;+2,-2",True,0.846,False,0,92.0,0.13,zero,1111110,0,0.855,0.079,0.1,nonzero,1111001,3,0.116,1.142,0.034,nonzero,1011011,5,0.048,1.054,0.145,zero,1111110,0,0.835,-0.007,0.09
1773906537932,ok,,2,100,0.041,247.8,110.0,70.0,167.5,0.582,"+0,+2;+2,+2;+2,+0;+0,-2;-2,-4",True,0.81,False,0,83.9,0.328,zero,1111110,0,0.653,0.066,0.041,nonzero,1011011,5,0.055,1.113,0.221,nonzero,0110011,4,0.008,0.97,0.142,zero,1111110,0,0.784,0.054,0.135
1773906683600,ok,,2,100,0.018,247.2,110.0,69.0,168.5,0.452,"-4,+2;-2,+2;+0,+0;+0,+0;+0,-2",True,0.79,False,0,56.2,0.302,zero,1111110,0,0.793,0.002,0.063,nonzero,0110000,1,-0.066,0.043,0.018,nonzero,1111111,8,0.727,0.831,0.041,zero,1111110,0,0.911,0.01,0.194
1773907838778,ok,,2,100,0.168,266.5,106.0,47.0,168.5,0.494,"+0,+8;+0,+6;+0,+4;+0,+0;+0,-4",True,0.888,False,1,128.0,0.321,zero,1111110,0,0.886,-0.065,0.2,nonzero,0110000,1,-0.343,0.175,0.168,nonzero,1111001,3,-0.05,1.005,0.071,nonzero,1011011,5,-0.115,1.092,0.144
1773907932808,ok,,2,100,0.037,263.5,106.0,62.0,164.5,0.639,"-4,+4;-2,+4;+0,+2;+2,-2;+4,-4",True,0.816,False,1,156.6,0.182,zero,1111110,0,0.721,0.008,0.037,nonzero,0110011,4,-0.067,1.021,0.241,zero,1111110,0,0.967,0.022,0.033,nonzero,1011011,5,-0.066,1.061,0.121
1773908060747,ok,,2,100,0.091,265.0,106.0,42.0,174.0,0.677,"-8,-6;+0,+4;-2,+2;+0,-2;+0,-4",True,0.912,False,0,144.8,0.303,zero,1111110,0,0.957,-0.27,0.091,nonzero,1111001,3,-0.249,1.107,0.342,nonzero,1111111,8,0.895,0.997,0.178,zero,1111110,0,0.947,-0.318,0.146
1773908252692,ok,,2,100,0.112,263.5,106.0,42.0,170.0,0.507,"-6,+0;+0,+4;+0,+2;+0,-6;+0,-4",True,0.842,False,0,153.7,0.27,zero,1111110,0,0.871,-0.234,0.112,nonzero,1111001,3,-0.239,0.989,0.231,nonzero,0110000,1,-0.092,-0.039,0.225,nonzero,1011011,5,-0.296,1.041,0.257
1773908350183,ok,,2,100,0.016,263.5,106.0,42.0,168.5,0.626,"-8,-2;+2,+4;+0,+2;+0,+0;+0,-4",True,0.774,False,0,140.1,0.376,zero,1111110,0,0.643,-0.094,0.016,nonzero,1111001,3,-0.116,1.026,0.208,nonzero,1011011,5,-0.169,1.096,0.333,zero,1111110,0,0.991,-0.194,0.298
1773908466022,ok,,2,100,0.038,266.5,106.0,37.0,170.0,0.568,"-8,-8;+2,+6;+2,+2;-2,+0;+0,-6",True,0.815,False,0,119.3,0.227,zero,1111110,0,0.81,-0.194,0.053,nonzero,1011011,5,-0.275,0.971,0.038,nonzero,1111001,3,-0.237,1.099,0.293,nonzero,1011011,5,-0.296,1.094,0.265
1773908577053,ok,,2,100,0.137,280.8,102.0,37.0,167.0,0.441,"-8,-2;-4,+6;-2,+4;+0,-4;+4,-4",True,0.85,False,0,157.7,0.426,zero,1111110,0,0.823,-0.216,0.137,nonzero,1110000,7,-0.135,-0.088,0.259,nonzero,0110000,1,-0.068,-0.045,0.264,zero,1111110,0,0.899,-0.229,0.174
1773909158265,uncertain,p1_unstable_across_repeats,,,,250.0,110.0,61.0,167.5,0.465,"+2,+4;+2,+2;+0,+0;+0,+0;-2,-2",True,1.103,False,0,63.3,0.318,uncertain,1111?10,0,0.576,0.117,0.001,nonzero,0110000,1,0.121,0.198,0.018,nonzero,1111111,8,0.724,1.219,0.021,nonzero,1011011,5,-0.005,1.184,0.143
1773909225004,ok,,2,100,0.095,254.2,109.5,58.0,164.0,0.423,"+2,+6;+2,+4;+0,+2;+0,-2;+0,-2",True,0.946,False,0,49.6,0.274,zero,1111110,0,0.777,-0.014,0.177,nonzero,011001?,4,-0.063,0.677,0.095,nonzero,10111?1,6,-0.076,1.0,0.018,zero,1111110,0,0.908,-0.041,0.185
1773909362454,ok,,2,100,0.048,250.0,110.0,60.0,167.5,0.635,"+0,+6;+2,+2;+2,+0;+0,+0;-2,-2",True,0.684,False,0,70.1,0.265,zero,1111110,0,0.841,0.033,0.092,nonzero,1011011,5,0.03,0.964,0.048,nonzero,1110000,7,0.115,0.211,0.107,nonzero,1011011,5,-0.119,1.174,0.241
1773909424751,ok,,2,100,0.001,263.5,106.0,62.0,166.0,0.428,"-8,+4;-4,+2;-2,+0;+0,-2;+2,-4",True,0.832,False,0,83.3,0.189,zero,1111110,0,0.865,0.105,0.161,nonzero,?110000,17,0.226,0.277,0.001,nonzero,1110000,7,0.214,0.314,0.002,zero,1111110,0,0.948,0.203,0.208
1773910058890,ok,,2,100,0.019,263.5,106.0,63.0,163.0,0.442,"-2,+6;+0,+4;+0,+0;+0,-2;+0,-6",True,0.852,False,0,61.0,0.193,zero,1111110,0,0.903,0.086,0.019,nonzero,0110000,1,0.106,0.196,0.028,nonzero,1011111,6,0.158,0.94,0.099,zero,1111110,0,0.983,0.071,0.041
1773910157109,ok,,2,100,0.003,266.5,106.0,61.0,163.0,0.284,"-4,+6;-2,+2;-2,+0;+2,-2;+2,-4",True,0.629,False,0,36.5,0.242,zero,1111110,0,0.603,-0.013,0.003,nonzero,0110011,4,-0.104,1.114,0.056,nonzero,10?1111,6,0.21,1.054,0.001,nonzero,1011011,5,-0.08,1.167,0.045
1773910264761,uncertain,p1_invalid_pattern,,,,264.2,106.5,58.0,165.5,0.333,"-2,+8;-2,+6;+0,+2;-2,+0;+0,-2",True,0.63,False,0,42.9,0.236,uncertain,?111000,,-0.003,0.046,0.002,nonzero,10?1011,5,-0.075,0.94,0.0,nonzero,1111001,3,-0.109,1.076,0.042,zero,1111110,0,0.783,-0.104,0.002
1773910641644,uncertain,p1_unstable_across_repeats,,,,245.8,110.0,60.0,167.0,0.592,"-2,+4;+0,+2;+2,+0;-2,+0;+0,-2",True,0.311,False,0,96.7,0.252,uncertain,1111110,0,0.68,-0.182,0.003,zero,1111110,0,0.951,-0.174,0.001,nonzero,1110000,7,-0.087,-0.014,0.024,zero,1111110,0,1.352,-0.177,0.254
1773910728067,uncertain,p1_invalid_pattern,,,,269.2,106.0,59.0,167.0,0.472,"-8,+8;-2,+4;-2,+2;+0,+0;+2,-4",True,0.407,False,0,104.6,0.191,uncertain,1111100,,-0.044,0.069,0.022,nonzero,1101101,2,-0.745,1.0,0.102,nonzero,11110?1,39,-0.338,0.863,0.021,nonzero,1011011,5,-0.15,1.283,0.391
1773910924514,ok,,3,10,0.002,250.8,109.5,59.0,165.5,0.629,"+2,+8;+4,+4;+2,+2;+0,+0;+0,-4",True,0.396,False,0,92.6,0.247,zero,1111110,0,0.896,0.057,0.062,zero,1111110,0,0.777,-0.045,0.011,nonzero,1111011,9,0.162,1.056,0.002,zero,1111110,0,0.999,0.119,0.154
1773911266311,ok,,2,100,0.014,250.8,110.0,63.0,167.0,0.53,"+0,+4;+0,+4;+0,+2;-2,-2;-2,-4",True,0.831,False,0,94.2,0.158,zero,1111110,0,0.868,-0.128,0.014,nonzero,1111001,3,-0.05,1.066,0.086,nonzero,0110000,1,0.029,0.049,0.241,nonzero,1011011,5,-0.099,1.203,0.206
1773911314921,ok,,2,100,0.036,249.2,110.0,61.0,167.0,0.617,"+2,+4;+2,+2;-2,+0;+0,-2;+0,-4",True,0.897,False,0,113.9,0.297,zero,1111110,0,0.833,-0.117,0.036,nonzero,1110000,7,-0.019,0.009,0.244,nonzero,1111011,9,-0.099,1.018,0.125,zero,1111110,0,0.909,-0.106,0.026
1773911343389,ok,,2,100,0.015,250.8,109.5,62.0,166.0,0.59,"+2,+6;+4,+4;+2,+0;+2,-2;+0,-4",True,1.011,False,0,91.9,0.186,zero,1111110,0,0.858,-0.121,0.023,nonzero,1111011,9,-0.091,1.058,0.015,nonzero,1101101,2,-0.148,1.201,0.094,nonzero,1011011,5,-0.128,1.21,0.224
1773911403883,ok,,2,100,0.114,250.8,110.0,56.0,168.5,0.514,"+0,+8;+2,+4;+0,+4;+0,+0;-2,-2",True,0.95,False,0,116.2,0.127,zero,1111110,0,0.956,-0.105,0.114,nonzero,0110000,1,0.004,0.034,0.207,nonzero,1111011,9,-0.139,0.969,0.056,nonzero,1011011,5,-0.349,0.89,0.045
1773911775265,ok,,3,10,0.001,250.0,110.0,58.0,165.5,0.603,"+2,+4;+2,+2;+0,+0;-2,-2;-2,-4",True,0.706,False,0,100.2,0.188,zero,1111110,0,0.636,0.256,0.001,zero,1111110,0,0.885,0.301,0.007,nonzero,1111001,3,0.135,1.223,0.1,zero,1111110,0,1.0,0.238,0.032
1773911821381,uncertain,p2_invalid_pattern,,,,250.8,110.0,59.0,162.5,0.39,"+2,+6;+2,+4;+0,+2;+0,+0;-2,-4",True,0.535,False,2,50.4,0.207,zero,1111110,0,0.844,0.051,0.132,uncertain,01110?0,,0.101,0.215,0.0,zero,1111110,0,0.652,0.162,0.008,zero,1111110,0,0.923,0.184,0.135
1773912338773,ok,,3,10,0.047,267.8,106.5,59.0,165.5,0.595,"-6,+6;-4,+4;-2,+2;-2,-2;+0,-4",True,0.715,False,0,110.9,0.16,zero,1111110,0,0.924,0.096,0.072,zero,1111110,0,0.896,0.155,0.061,nonzero,1111001,3,0.113,1.037,0.047,zero,1111110,0,0.976,0.188,0.058
1773912414414,ok,,3,10,0.034,252.8,110.0,58.0,164.0,0.529,"+2,+6;+2,+4;+0,+2;+0,-2;-2,-4",True,0.762,False,0,100.0,0.234,zero,1111110,0,0.866,0.001,0.162,zero,1111110,0,0.898,0.04,0.148,nonzero,1011111,6,0.089,1.127,0.034,zero,1111110,0,0.855,0.032,0.025
1773912983539,ok,,2,100,0.118,280.8,102.0,57.0,164.5,0.386,"-6,+8;-2,+6;-2,+6;+0,+0;+2,-6",True,0.763,False,0,99.9,0.21,zero,1111110,0,0.886,-0.084,0.118,nonzero,0110000,1,-0.065,-0.027,0.147,nonzero,0110011,4,-0.157,1.018,0.167,nonzero,1011011,5,-0.088,1.004,0.016
1773913068065,ok,,2,100,0.015,263.5,106.0,47.0,163.0,0.481,"-4,+4;-2,+2;+0,+0;+2,+0;+2,-2",True,0.867,False,0,68.8,0.196,zero,1111110,0,0.767,-0.091,0.015,nonzero,0110011,4,-0.238,1.137,0.199,nonzero,1111111,8,0.908,1.062,0.056,nonzero,1011011,5,-0.281,1.024,0.039
1773913217221,ok,,2,100,0.082,267.8,106.0,51.0,167.0,0.419,"-2,+8;+0,+4;+0,+2;+0,-2;+0,-4",True,0.779,False,0,69.5,0.245,zero,1111110,0,0.798,-0.108,0.082,nonzero,1011011,5,-0.233,1.031,0.12,nonzero,1110000,7,-0.165,0.021,0.17,nonzero,1011011,5,-0.181,0.976,0.169
1773967404802,ok,,3,10,0.052,279.2,102.5,55.0,163.0,0.551,"-2,+8;-2,+6;-2,+2;+0,-2;+2,-4",True,0.695,False,0,113.1,0.265,zero,1111110,0,0.91,-0.071,0.101,zero,1111110,0,0.929,-0.081,0.151,nonzero,1011011,5,0.064,0.999,0.052,nonzero,1011011,5,-0.135,1.129,0.029
1773967474115,ok,,3,10,0.127,258.5,106.0,59.0,165.5,0.569,"-6,+6;-4,+4;+0,+2;+2,+0;+4,-4",True,0.859,False,0,110.7,0.199,zero,1111110,0,0.972,-0.005,0.146,zero,1111110,0,0.968,0.031,0.171,nonzero,0110011,4,-0.103,1.153,0.127,nonzero,1011011,5,-0.166,0.943,0.052
1773967675771,ok,,2,100,0.109,255.0,110.0,61.0,171.5,0.473,"+0,-2;+2,+0;+0,-2;+0,+0;+0,-2",True,0.547,False,0,77.4,0.215,zero,1111110,0,0.765,-0.087,0.109,nonzero,0110000,1,0.015,0.045,0.201,nonzero,1110000,7,-0.016,0.046,0.12,zero,1111110,0,0.618,-0.05,0.008
1773967701411,ok,,2,100,0.043,255.0,110.0,66.0,170.0,0.334,"+2,+0;+2,+2;+0,-2;+0,+0;-2,-2",True,0.779,False,0,37.8,0.153,zero,1111110,0,0.788,-0.14,0.043,nonzero,0110000,1,0.014,0.033,0.183,nonzero,1111011,9,-0.17,0.975,0.162,zero,1111110,0,0.795,-0.143,0.037
1773967720922,ok,,2,100,0.117,254.2,109.5,67.0,168.5,0.563,"+0,+0;+0,+2;+2,+0;+2,+0;+2,+0",True,0.485,False,0,58.8,0.184,zero,1111110,0,0.87,-0.102,0.169,nonzero,1101101,2,-0.086,1.019,0.117,nonzero,111101?,9,-0.072,0.698,0.004,zero,1111110,0,0.701,-0.058,0.009
1773968075609,ok,,2,100,0.008,255.0,110.0,60.0,171.5,0.332,"+0,+2;+0,+0;+0,+0;-2,+0;-2,-2",True,0.67,False,0,39.6,0.212,zero,1111110,0,0.684,-0.139,0.008,nonzero,0110011,4,-0.092,1.241,0.323,nonzero,0110011,4,-0.108,0.91,0.079,nonzero,1011011,5,-0.117,0.88,0.087
1773968131271,uncertain,p1_invalid_pattern,,,,255.8,109.5,61.0,166.0,0.325,"+2,+4;+2,+2;+4,+0;+0,-2;+0,-2",True,0.725,False,0,37.7,0.28,uncertain,1110110,,-0.053,-0.055,0.008,nonzero,?011111,6,-0.419,0.927,0.002,nonzero,1110000,7,-0.368,0.025,0.02,zero,1111110,0,0.959,-0.188,0.137
1773968205141,ok,,2,100,0.028,252.8,110.0,62.0,168.5,0.425,"+0,+0;+0,+0;+0,+0;+0,+0;+0,-2",True,1.496,False,0,35.1,0.272,zero,1111110,0,0.852,-0.141,0.028,nonzero,1111011,9,-0.184,0.968,0.081,nonzero,1111111,8,0.775,1.156,0.029,zero,1111110,0,1.0,-0.192,0.244
1773968256826,ok,,3,10,0.002,263.5,106.0,53.0,167.5,0.502,"-2,+8;+0,+4;+0,+2;+0,-2;+0,-6",True,0.718,False,0,69.0,0.144,zero,1111110,0,1.0,-0.119,0.167,zero,1111110,0,0.896,0.026,0.097,nonzero,1011111,6,-0.149,1.079,0.002,nonzero,1011011,5,-0.269,1.158,0.104
1773968311172,ok,,2,100,0.078,265.8,106.0,55.0,166.0,0.399,"+0,+8;+0,+4;+0,+2;+0,+0;+0,-4",True,0.751,False,0,68.5,0.218,zero,1111110,0,0.832,-0.066,0.078,nonzero,1101101,2,-0.026,1.074,0.129,nonzero,1101101,2,-0.165,1.107,0.036,zero,1111110,0,0.959,-0.038,0.164
1773968318077,ok,,2,100,0.017,255.8,109.0,63.0,171.5,0.459,"-2,+0;+0,+2;+2,+0;+0,+0;+0,-2",True,0.828,False,0,43.5,0.259,zero,1111110,0,0.767,-0.112,0.017,nonzero,1101101,2,-0.033,1.122,0.087,nonzero,1111111,8,0.778,0.902,0.082,nonzero,1011011,5,-0.129,1.133,0.279
1773968338406,ok,,2,100,0.009,255.0,110.0,61.0,168.5,0.464,"+0,+2;+2,+2;+2,+0;+0,+0;-2,-2",True,0.502,False,0,48.8,0.251,zero,1111110,0,0.676,0.005,0.009,nonzero,1011111,6,-0.177,1.501,0.053,zero,1111110,0,0.978,-0.113,0.118,uncertain,111???0,07,0.496,-0.079,0.018
1773968384316,ok,,3,10,0.119,261.5,106.5,47.0,168.5,0.547,"-8,+6;-2,+4;+0,+2;+0,+0;+2,-2",True,0.704,False,1,100.0,0.248,zero,1111110,0,0.843,-0.034,0.119,zero,1111110,0,0.939,-0.008,0.22,nonzero,1101101,2,-0.036,1.016,0.14,nonzero,1011011,5,-0.082,1.065,0.14
1773968407167,ok,,3,10,0.092,263.5,106.0,51.0,167.0,0.395,"-2,+6;-2,+4;+0,+2;+0,-2;+2,-4",True,0.788,False,0,69.0,0.257,zero,1111110,0,0.844,-0.093,0.092,zero,1111110,0,0.854,-0.052,0.152,nonzero,1110000,7,-0.146,0.039,0.12,nonzero,1011011,5,-0.074,0.977,0.069
1773968432743,ok,,2,100,0.05,263.5,106.0,49.0,167.0,0.407,"-2,+6;-2,+4;-2,+2;+0,-2;+0,-4",True,0.788,False,0,70.4,0.283,zero,1111110,0,0.994,0.018,0.251,nonzero,0110000,1,-0.271,0.238,0.05,zero,1111110,0,0.668,0.075,0.004,zero,1111110,0,0.9,0.128,0.06
1773968507179,ok,,2,100,0.087,257.2,109.5,60.0,170.0,0.389,"+0,+2;+2,+0;+0,+0;+2,+0;+0,-2",True,0.595,False,0,37.7,0.175,zero,1111110,0,0.797,-0.112,0.109,nonzero,1101101,2,-0.083,1.003,0.087,zero,1111110,0,0.859,-0.019,0.063,zero,1111110,0,0.802,-0.066,0.042
1773968547419,ok,,2,100,0.003,257.2,109.5,62.0,167.5,0.408,"+2,+0;+2,+0;+2,+0;+2,-2;+0,-2",True,0.848,False,0,43.9,0.131,zero,1111110,0,0.667,-0.093,0.003,nonzero,1101101,2,-0.177,1.418,0.032,nonzero,1011011,5,-0.207,1.323,0.067,nonzero,1011011,5,-0.239,1.095,0.019
1773968579947,ok,,2,100,0.071,255.8,110.0,60.0,168.5,0.402,"+0,+2;+2,+2;+0,+0;+0,+0;+0,-2",True,0.967,False,0,43.6,0.291,zero,1111110,0,0.903,-0.13,0.075,nonzero,1111001,3,-0.071,1.0,0.071,nonzero,0110011,4,-0.088,0.965,0.063,zero,1111110,0,0.791,-0.132,0.016
1773968660085,ok,,2,100,0.004,255.0,110.0,61.0,166.0,0.411,"+0,+4;+2,+2;+0,-2;+0,+0;-2,-2",True,1.233,False,0,55.1,0.273,zero,1111110,0,0.728,0.024,0.045,nonzero,0?10000,1,-0.272,0.355,0.004,nonzero,1011111,6,-0.074,1.207,0.005,nonzero,1011011,5,-0.247,0.913,0.064
1773969114204,uncertain,p1_ambiguous,,,,263.5,106.5,60.0,164.5,0.428,"-6,+6;-2,+4;-2,+2;+0,-2;+2,-4",True,0.535,False,0,75.2,0.126,uncertain,??????0,017,0.364,0.25,0.012,zero,1111110,0,0.8,0.242,0.024,nonzero,11?1101,2,0.194,1.162,0.001,nonzero,101?011,5,-0.16,1.042,0.004
1773969164870,uncertain,p1_ambiguous,,,,250.0,110.0,59.0,165.5,0.457,"+2,+4;+2,+2;+2,+0;+0,-2;-2,-4",True,0.708,False,0,71.6,0.244,uncertain,?1???10,07,0.419,0.232,0.004,zero,1111110,0,0.618,0.184,0.018,nonzero,1111?01,3,0.218,1.273,0.058,uncertain,111??10,07,0.566,0.207,0.026
1773969444958,ok,,3,10,0.029,250.8,109.5,63.0,163.0,0.562,"+2,+4;+2,+2;+2,+0;+0,+0;+0,-2",True,0.627,False,0,62.2,0.184,zero,1111110,0,0.886,0.295,0.029,zero,1111110,0,0.859,0.065,0.135,nonzero,1011011,5,0.052,1.116,0.034,nonzero,1011011,5,0.003,1.298,0.066
1773969483700,ok,,3,10,0.004,267.8,106.0,45.0,168.5,0.418,"-4,-8;-2,+4;+0,+2;+0,+0;+2,-2",True,0.775,False,0,73.7,0.262,zero,1111110,0,0.699,0.259,0.004,zero,1111110,0,0.877,0.16,0.146,nonzero,1011111,6,0.069,1.028,0.111,zero,1111110,0,1.092,0.153,0.297
1773969519839,ok,,2,100,0.076,268.5,106.0,59.0,160.0,0.535,"+0,+8;+0,+2;+0,+0;+0,+0;+0,-2",True,0.462,False,0,75.1,0.112,zero,1111110,0,0.783,0.111,0.076,nonzero,1101101,2,0.013,1.163,0.088,nonzero,1101101,2,0.069,1.063,0.09,zero,1111110,0,0.952,0.157,0.056
1773969628676,ok,,3,10,0.03,250.8,109.5,58.0,164.0,0.542,"+2,+4;+2,+2;+2,+0;+0,+0;+0,-2",True,0.769,False,0,104.2,0.158,zero,1111110,0,0.957,0.198,0.033,zero,1111110,0,0.924,0.191,0.133,nonzero,0110011,4,0.102,1.057,0.03,zero,1111110,0,0.937,0.205,0.044
1773969666786,ok,,3,10,0.025,265.8,106.0,54.0,164.5,0.574,"-4,+8;-2,+4;+0,+2;+2,+0;+2,-4",True,0.606,False,0,127.7,0.218,zero,1111110,0,0.91,-0.205,0.025,zero,1111110,0,0.934,-0.145,0.087,nonzero,1101101,2,-0.204,1.137,0.025,nonzero,1011011,5,-0.146,1.138,0.072
1773969726706,ok,,3,10,0.073,268.5,106.0,49.0,168.5,0.529,"-2,+8;+0,+6;+0,+2;+0,+0;+0,-4",True,0.763,False,0,98.0,0.163,zero,1111110,0,0.911,-0.127,0.17,zero,1111110,0,0.826,-0.24,0.088,nonzero,1011011,5,-0.288,1.042,0.073,nonzero,1011011,5,-0.401,0.977,0.131
1773969738931,ok,,2,100,0.081,261.5,106.0,55.0,164.5,0.485,"-2,+4;+0,+2;+0,+2;+0,+0;+0,-2",True,0.719,False,0,89.9,0.164,zero,1111110,0,0.915,0.096,0.153,nonzero,1101101,2,0.033,1.049,0.081,nonzero,1011111,6,0.076,1.111,0.063,nonzero,1011011,5,0.133,1.09,0.156
1773969797946,ok,,3,10,0.014,280.0,103.0,53.0,163.0,0.547,"-4,+8;-2,+4;+0,+2;+2,+0;+2,-4",True,0.538,False,0,88.0,0.21,zero,1111110,0,0.868,-0.244,0.014,zero,1111110,0,0.992,-0.228,0.113,nonzero,1101101,2,-0.243,0.964,0.046,nonzero,1011011,5,-0.229,1.237,0.202
1773969816809,ok,,2,100,0.005,252.2,110.0,72.0,168.5,0.439,"-2,+4;+0,+2;+2,+2;+0,+0;+0,-2",True,0.795,False,0,74.1,0.215,zero,1111110,0,0.921,0.119,0.143,nonzero,1101101,2,0.193,0.834,0.005,nonzero,1111011,9,0.156,1.08,0.021,nonzero,1011011,5,0.04,1.141,0.082
1773969852875,ok,,2,100,0.014,255.0,110.0,69.0,170.0,0.549,"-2,+2;+0,+2;+0,+0;+0,+0;-2,+0",True,0.911,False,0,74.1,0.247,zero,1111110,0,0.868,0.207,0.181,nonzero,1111001,3,0.248,0.873,0.014,nonzero,1101101,2,0.22,1.11,0.003,zero,1111110,0,0.921,0.235,0.015
1773969859472,ok,,3,10,0.044,263.5,106.0,53.0,165.5,0.518,"-6,+8;-2,+4;+0,+2;+2,-2;+2,-4",True,0.729,False,0,96.2,0.262,zero,1111110,0,0.795,-0.147,0.057,zero,1111110,0,0.781,-0.144,0.044,nonzero,1101101,2,-0.279,1.232,0.089,nonzero,1011011,5,-0.164,1.262,0.219
1773969875004,ok,,3,10,0.005,263.5,106.0,54.0,166.0,0.608,"-4,+8;-2,+4;+0,+2;+0,+0;+2,-4",True,0.408,False,0,106.3,0.136,zero,1111110,0,0.821,-0.281,0.025,zero,1111110,0,0.788,-0.276,0.005,nonzero,1011111,6,-0.129,1.043,0.129,zero,1111110,0,1.046,-0.151,0.208
1773969879877,ok,,2,100,0.033,263.5,106.5,58.0,164.0,0.452,"-6,+8;-2,+2;+0,+0;+0,+0;+2,-2",True,0.649,False,0,95.4,0.14,zero,1111110,0,0.834,0.035,0.033,nonzero,1011111,6,-0.039,1.0,0.062,nonzero,0110?00,1,0.119,0.214,0.003,nonzero,1011011,5,0.136,1.148,0.049
1773969895889,ok,,2,100,0.005,252.8,110.0,70.0,171.5,0.414,"-2,+2;+0,+2;+0,+0;+0,-2;+0,-2",True,0.603,False,0,74.1,0.2,zero,1111110,0,0.759,0.25,0.037,nonzero,11110?1,39,0.295,1.019,0.005,nonzero,1?11?11,5689,0.351,0.872,0.005,zero,1111110,0,0.741,0.383,0.036
1773969923664,ok,,3,10,0.022,249.2,110.0,61.0,166.0,0.557,"-2,+2;+0,+2;+2,+0;+0,-2;+0,-2",True,0.656,False,0,72.0,0.18,zero,1111110,0,0.846,0.077,0.111,zero,1111110,0,0.755,0.11,0.022,nonzero,0110?11,4,0.141,1.197,0.058,zero,1111110,0,1.031,0.186,0.247
1773969942457,ok,,3,10,0.019,250.8,110.0,60.0,165.5,0.532,"-2,+4;+0,+2;+0,+0;+0,-2;+0,-2",True,0.818,False,0,61.3,0.163,zero,1111110,0,0.824,0.103,0.04,zero,1111110,0,0.678,0.157,0.019,nonzero,1011011,5,0.136,1.243,0.064,zero,1111110,0,1.011,0.149,0.186
1773969996595,ok,,2,100,0.001,255.8,109.5,69.0,168.5,0.432,"+0,+4;+2,+4;+2,+2;+2,+0;+0,+0",True,1.001,False,0,71.8,0.211,zero,1111110,0,0.658,0.216,0.001,nonzero,1101101,2,0.17,1.213,0.015,nonzero,1111111,8,1.0,1.1,0.23,nonzero,1011011,5,0.059,0.854,0.033
1773970024659,ok,,2,100,0.008,255.0,110.0,70.0,168.5,0.428,"+0,+4;+2,+4;+0,+2;+0,+0;+0,-2",True,0.944,False,0,66.0,0.129,zero,1111110,0,0.681,0.184,0.008,nonzero,1111001,3,0.152,1.431,0.112,nonzero,1111111,8,0.958,1.004,0.025,nonzero,1011011,5,0.084,0.945,0.06
1773970030451,ok,,3,10,0.004,269.2,106.0,55.0,160.0,0.53,"-2,+8;-2,+2;+0,+2;+0,+0;+2,-2",True,0.581,False,0,105.6,0.176,zero,1111110,0,0.609,-0.005,0.009,zero,1111110,0,0.737,0.151,0.004,nonzero,1111?01,3,0.075,1.161,0.008,zero,1111110,0,1.072,0.191,0.046
1773970055622,ok,,2,100,0.008,268.5,106.0,46.0,168.5,0.374,"-2,-4;-2,+4;+0,+2;+2,+0;+2,+0",True,0.757,False,0,91.1,0.127,zero,1111110,0,0.642,-0.053,0.008,nonzero,0110000,1,-0.067,0.126,0.071,zero,1111110,0,0.95,0.055,0.176,nonzero,1011011,5,0.063,1.068,0.155
1773970145366,ok,,3,10,0.035,257.2,110.0,59.0,167.0,0.434,"+0,+2;+0,+0;+0,+0;+0,+0;+0,-2",True,0.519,False,0,72.3,0.324,zero,1111110,0,0.755,0.181,0.056,zero,1111110,0,0.77,0.199,0.035,nonzero,1111011,9,0.171,0.782,0.04,zero,1?11110,0,0.593,0.147,0.015
1773970167809,ok,,2,100,0.02,255.8,110.0,60.0,166.0,0.392,"+0,+2;+0,+2;+0,+0;+0,-2;+0,-2",True,1.058,False,0,81.5,0.174,zero,1111110,0,0.937,0.148,0.092,nonzero,0110000,1,0.197,0.261,0.02,nonzero,0110000,1,0.22,0.295,0.01,zero,1111110,0,0.678,0.198,0.066
1773970295431,ok,,2,100,0.065,263.5,106.0,63.0,164.5,0.373,"-4,+2;-2,+0;+0,+0;+0,-2;+4,-4",True,0.866,False,0,79.6,0.154,zero,1111110,0,0.947,0.198,0.121,nonzero,1011111,6,0.206,0.9,0.065,nonzero,1111001,3,0.254,1.107,0.019,zero,1111110,0,1.004,0.226,0.223
1773970455808,ok,,2,100,0.11,263.5,106.0,55.0,166.0,0.514,"+0,+0;+0,+2;+0,+0;+0,+0;+0,-2",True,0.715,False,0,90.1,0.097,zero,1111110,0,0.929,0.154,0.116,nonzero,1101101,2,0.147,1.178,0.11,nonzero,1111011,9,0.196,1.03,0.091,zero,1111110,0,0.944,0.199,0.202
1773970801786,ok,,3,10,0.012,263.5,106.0,55.0,164.5,0.485,"-2,+2;-2,+2;+0,+2;+0,+0;+2,-2",True,0.725,False,0,94.5,0.169,zero,1111110,0,0.974,0.124,0.203,zero,1111110,0,0.881,0.125,0.08,nonzero,1111011,9,0.052,1.087,0.012,zero,1111110,0,1.043,0.105,0.319
1773971679900,ok,,2,100,0.0,281.5,105.5,58.0,164.0,0.473,"-2,+8;+0,+4;+2,+2;+0,+0;+2,-2",True,0.833,False,0,47.4,0.185,zero,?111??0,0,0.475,-0.144,0.0,nonzero,10?1011,5,-0.264,1.216,0.083,nonzero,11?1001,3,-0.218,1.305,0.322,zero,1111110,0,0.619,-0.192,0.015
1773971747486,ok,,2,100,0.061,270.0,106.0,70.0,163.0,0.634,"-6,+2;-4,+2;+0,+0;+0,+0;+2,-2",True,0.757,False,0,83.5,0.183,zero,1111110,0,0.867,0.02,0.061,nonzero,1011111,6,-0.036,0.997,0.07,nonzero,1011111,6,0.003,1.07,0.147,zero,1111110,0,1.068,0.044,0.357
1773971770211,ok,,2,100,0.001,275.0,106.0,57.0,165.5,0.53,"-4,+8;+0,+2;+0,+2;+0,+0;+2,-2",True,0.749,False,0,87.2,0.156,zero,1111110,0,0.988,-0.174,0.299,nonzero,1111111,8,0.663,0.859,0.001,nonzero,0110011,4,-0.165,1.172,0.292,zero,1111110,0,1.01,-0.157,0.314
1773971795937,ok,,3,10,0.006,270.0,106.0,39.0,171.5,0.607,"-2,-2;-2,+4;+0,+0;+0,-2;+2,-4",True,0.567,False,0,72.2,0.15,zero,1111110,0,0.909,-0.182,0.148,zero,1111110,0,0.901,-0.139,0.219,nonzero,1011111,6,-0.133,0.779,0.006,zero,1111110,0,0.79,-0.141,0.103
1773971869548,ok,,3,10,0.125,259.2,110.0,64.0,168.5,0.613,"-2,+2;+2,+2;+2,+0;+0,+0;+0,+0",True,0.778,False,0,117.8,0.191,zero,1111110,0,0.901,-0.222,0.21,zero,1111110,0,0.828,-0.199,0.125,nonzero,0110011,4,-0.209,1.198,0.267,nonzero,1011011,5,-0.205,1.083,0.3
1773971898428,ok,,2,100,0.175,275.0,106.0,64.0,165.5,0.607,"-8,+4;-2,+2;-2,+0;+2,+0;+2,-2",True,0.953,False,0,118.1,0.163,zero,1111110,0,0.893,-0.126,0.204,nonzero,0110000,1,-0.018,0.001,0.175,nonzero,1011111,6,-0.215,1.024,0.206,zero,1111110,0,0.953,-0.134,0.242
1773971917352,ok,,2,100,0.07,279.2,106.0,62.0,163.0,0.536,"-4,+6;+0,+2;+0,+0;+0,-2;+0,-2",True,0.829,False,0,104.1,0.185,zero,1111110,0,0.858,-0.188,0.07,nonzero,1101101,2,-0.209,1.06,0.108,nonzero,0110000,1,-0.04,-0.022,0.249,nonzero,1011011,5,-0.219,1.199,0.294
1773972237484,ok,,3,10,0.008,266.5,106.0,49.0,168.5,0.574,"-4,+0;+0,+6;+0,+2;+0,+0;+0,-2",True,0.44,False,0,53.1,0.115,zero,1111110,0,0.623,-0.177,0.008,zero,1??1110,0,0.472,-0.007,0.014,nonzero,1111111,8,0.947,1.171,0.059,zero,1111110,0,1.244,-0.206,0.444
1773972447607,ok,,2,100,0.002,257.2,106.5,63.0,167.0,0.599,"-6,+4;-4,+2;-2,+0;+0,+0;+2,-2",True,0.829,False,0,90.0,0.217,zero,1111110,0,1.211,0.022,0.4,nonzero,11?1101,2,-0.181,1.031,0.002,nonzero,1111111,8,0.778,0.942,0.07,nonzero,1011011,5,-0.028,1.035,0.118
1773972465581,ok,,2,100,0.152,247.2,109.5,63.0,168.5,0.62,"+0,+4;+2,+2;+2,+0;+0,-2;+0,-2",True,0.848,False,0,102.2,0.12,zero,1111110,0,0.93,-0.013,0.152,nonzero,0110011,4,-0.045,1.054,0.211,nonzero,1111001,3,-0.018,1.093,0.174,zero,1111110,0,0.721,-0.017,0.082
1773972482502,ok,,2,100,0.195,245.8,110.0,63.0,168.5,0.604,"+2,+2;+2,+2;+2,+0;-2,-2;-2,-2",True,0.871,False,0,109.1,0.15,zero,1111110,0,0.996,0.007,0.217,nonzero,1011111,6,-0.012,1.031,0.195,nonzero,1110000,7,-0.328,0.086,0.172,zero,1111110,0,0.712,0.124,0.01
1773973044005,uncertain,p1_ambiguous,,,,267.8,106.0,61.0,163.0,0.269,"-2,+4;-2,+2;+0,+0;+0,-2;+2,-4",True,0.505,False,0,44.4,0.146,uncertain,??1????,013456789,0.363,0.49,0.0,uncertain,???11?1,268,0.318,1.208,0.003,nonzero,11011?1,2,0.255,1.105,0.037,uncertain,1?1??10,07,0.416,0.347,0.005
1773973130012,uncertain,p2_unstable_across_repeats,,,,271.5,105.5,60.0,163.0,0.28,"+0,+4;+0,+2;+0,+0;+0,-2;+0,-2",True,0.688,False,0,45.5,0.111,zero,1111110,0,0.641,0.211,0.014,uncertain,0??????,146,0.285,0.468,0.003,uncertain,?????11,45689,0.32,1.261,0.022,nonzero,1011?11,56,0.195,1.11,0.031
1773973151702,uncertain,p1_ambiguous,,,,272.2,105.0,59.0,163.0,0.256,"+0,+2;+0,+0;+0,+0;+0,-2;+0,-2",True,0.261,False,0,44.8,0.142,uncertain,?????1?,0456789,0.351,0.525,0.012,uncertain,???11?1,268,0.307,1.139,0.013,uncertain,1?1?110,0,0.413,0.434,0.016,uncertain,??1???0,017,0.391,0.397,0.002
1773973887575,ok,,2,100,0.166,269.2,106.0,49.0,168.5,0.523,"-4,-8;-2,+2;-2,+0;+2,+0;+2,-2",True,0.892,False,0,133.7,0.191,zero,1111110,0,0.95,-0.267,0.275,nonzero,0110000,1,-0.073,0.018,0.166,nonzero,1101101,2,-0.317,1.023,0.161,nonzero,1011011,5,-0.318,1.008,0.243
1773973930883,ok,,2,100,0.276,255.8,109.0,47.0,173.0,0.682,"+0,+4;+2,+0;+0,+0;+0,+0;+2,-2",True,0.779,False,0,101.3,0.107,zero,1111110,0,0.971,-0.468,0.276,nonzero,1111001,3,-0.467,1.156,0.305,nonzero,1111111,8,0.737,0.904,0.013,zero,1111110,0,0.999,-0.512,0.271
1773974049258,uncertain,grid_at_search_bound,,,,307.8,102.0,67.0,168.5,0.543,"+4,-8;+2,+8;+4,+4;-2,+0;+0,-4",True,0.701,False,0,98.1,0.186,zero,1111110,0,0.82,-0.581,0.0,nonzero,1011111,6,-0.722,0.912,0.062,nonzero,1111001,3,-0.544,1.137,0.364,zero,1111110,0,0.976,-0.558,0.329
1773975676659,ok,,2,100,0.027,261.5,106.5,65.0,165.5,0.553,"-2,+6;-2,+4;+0,+0;+0,-2;+0,-4",True,0.972,False,0,85.6,0.159,zero,1111110,0,1.0,0.066,0.179,nonzero,1011?11,56,0.008,0.762,0.027,nonzero,1011011,5,-0.213,0.965,0.091,nonzero,1011011,5,0.028,1.125,0.174
1773975938588,ok,,2,100,0.044,247.2,110.0,65.0,168.5,0.469,"+0,+4;+0,+2;+2,+0;+0,-2;+0,-2",True,1.101,False,0,78.1,0.139,zero,1111110,0,0.991,0.253,0.105,nonzero,1111111,8,0.768,0.807,0.044,nonzero,?110011,49,0.227,1.166,0.016,nonzero,1011011,5,0.177,1.211,0.051
1773983037689,ok,,3,10,0.045,257.8,109.5,59.0,167.0,0.611,"+4,+2;+2,+2;+2,+0;+2,+0;+0,-2",True,0.733,False,0,43.5,0.17,zero,1111110,0,0.931,-0.019,0.17,zero,1111110,0,0.951,0.025,0.165,nonzero,10?1011,5,-0.162,1.005,0.045,zero,1111110,0,0.882,-0.191,0.073
1773983095885,ok,,3,10,0.002,257.2,109.5,59.0,165.5,0.392,"-2,+4;+2,+2;+2,+0;+0,+0;+0,-2",True,0.725,False,0,43.0,0.17,zero,1111110,0,0.915,-0.048,0.058,zero,1111110,0,0.826,-0.081,0.002,nonzero,1111011,9,-0.01,1.067,0.114,nonzero,1011011,5,-0.166,1.303,0.276
1773983746906,uncertain,p2_invalid_pattern,,,,275.0,105.5,67.0,162.5,0.369,"+2,+6;+2,+2;+2,+0;+0,-2;+0,-4",True,0.889,False,0,47.4,0.14,zero,1111110,0,0.795,0.289,0.048,uncertain,?011110,,0.274,0.334,0.017,nonzero,1011111,6,0.219,1.11,0.081,nonzero,1011?11,56,0.185,0.727,0.027
1773983777962,uncertain,p2_unstable_across_repeats,,,,257.2,109.5,63.0,168.5,0.349,"+0,+0;+2,+2;+2,+0;+2,+0;+0,+0",True,0.835,False,1,44.1,0.23,zero,1111110,0,0.673,0.277,0.008,uncertain,??11110,0,0.303,0.318,0.002,nonzero,1111111,8,0.733,1.09,0.009,nonzero,1011011,5,0.199,0.984,0.025
1773986663906,ok,,2,100,0.048,252.2,109.5,64.0,168.5,0.482,"+2,+2;+2,+2;+0,+0;+0,+0;+0,-2",True,1.038,False,0,99.3,0.167,zero,1111110,0,0.864,0.362,0.057,nonzero,?110?11,49,0.252,1.187,0.048,nonzero,1011111,6,0.221,1.028,0.041,nonzero,1011?11,56,0.277,1.155,0.023
1773986875251,ok,,3,10,0.09,252.2,109.5,60.0,168.5,0.677,"+4,+2;+2,+2;+2,+0;+0,+0;+0,-2",True,0.741,False,0,120.2,0.135,zero,1111110,0,0.95,0.031,0.09,zero,1111110,0,0.92,0.068,0.124,nonzero,1111001,3,0.014,1.156,0.233,zero,1111110,0,0.896,0.052,0.093
1773986944427,ok,,3,10,0.04,263.5,106.0,62.0,166.0,0.615,"-6,+4;-4,+2;+0,+0;+2,-2;+4,-4",True,0.646,False,0,117.0,0.156,zero,1111110,0,0.831,0.036,0.04,zero,1111110,0,0.923,0.089,0.21,nonzero,1011011,5,0.032,1.084,0.18,nonzero,1011011,5,-0.035,1.147,0.198
1773987265914,no_display,no_ghost_to_lit_contrast,,,,253.0,109.5,62.0,166.0,0.431,"+0,+4;+2,+2;+2,+0;+0,-2;-2,-4",,,,,,0.129,,,,,,,,,,,,,,,,,,,,,,,,
1773987316799,no_display,no_ghost_to_lit_contrast,,,,252.2,110.0,61.0,168.5,0.506,"-2,+2;+0,+2;+2,+0;+2,+0;+0,-2",,,,,,0.148,,,,,,,,,,,,,,,,,,,,,,,,
1773987339085,no_display,no_ghost_to_lit_contrast,,,,255.0,110.0,60.0,164.5,0.498,"+2,+4;+2,+2;+2,+0;+0,-2;-2,-2",,,,,,0.15,,,,,,,,,,,,,,,,,,,,,,,,
1773987411605,no_display,no_ghost_to_lit_contrast,,,,252.2,110.0,63.0,168.5,0.486,"+0,+2;+2,+2;+0,+0;+0,-2;+0,-4",,,,,,0.086,,,,,,,,,,,,,,,,,,,,,,,,
1773987443168,no_display,no_ghost_to_lit_contrast,,,,254.2,110.0,60.0,167.5,0.447,"+0,+2;+0,+0;+0,+0;+0,+0;+0,-2",,,,,,0.086,,,,,,,,,,,,,,,,,,,,,,,,
1773987657615,no_display,no_ghost_to_lit_contrast,,,,252.8,110.0,65.0,167.0,0.419,"+0,+4;+2,+2;+2,+0;+0,-4;-2,-4",,,,,,0.095,,,,,,,,,,,,,,,,,,,,,,,,
1773988960633,uncertain,p1_ambiguous,,,,254.2,109.5,67.0,168.5,0.395,"+0,+2;+2,+2;+2,+0;+2,+0;+0,-2",True,0.715,False,0,66.9,0.204,uncertain,111111?,08,0.983,0.47,0.043,nonzero,11?11?1,28,0.447,0.935,0.019,uncertain,?11????,0134789,0.53,0.588,0.036,zero,11?1110,0,0.586,0.36,0.037
1773988984636,ok,,2,100,0.002,257.2,109.5,65.0,170.0,0.429,"+0,+4;+2,+2;+2,+0;+0,-2;+0,-2",True,0.746,False,0,71.2,0.15,zero,1111110,0,0.748,0.419,0.025,nonzero,11?11?1,28,0.305,1.171,0.002,nonzero,11?11?1,28,0.355,1.113,0.052,nonzero,1011?11,56,0.196,0.856,0.047
1773989018786,uncertain,p1_ambiguous,,,,254.2,110.0,66.0,170.0,0.273,"+2,+2;+2,+2;+2,+0;+0,+0;-2,-2",True,0.696,False,2,49.6,0.179,uncertain,111111?,08,0.828,0.533,0.01,nonzero,11?11?1,28,0.429,1.38,0.005,uncertain,1111???,0389,0.545,0.607,0.001,nonzero,1011?11,56,0.011,0.851,0.062
1773989178038,uncertain,p1_ambiguous,,,,255.8,109.5,67.0,168.5,0.426,"+4,+2;+4,+2;+2,+0;+0,+0;+0,+0",True,1.062,False,0,68.1,0.18,uncertain,111111?,08,0.888,0.454,0.035,zero,1111110,0,0.901,0.412,0.005,nonzero,1111?11,89,0.329,1.137,0.021,zero,1111110,0,0.88,0.373,0.042
1773989203812,uncertain,p1_ambiguous,,,,250.8,110.0,65.0,171.5,0.384,"+2,+2;+2,+2;+0,+0;+0,-2;+0,-2",True,0.929,False,0,63.3,0.221,uncertain,111111?,08,0.832,0.479,0.112,uncertain,?11????,0134789,0.339,0.503,0.004,zero,1111110,0,0.861,0.312,0.109,uncertain,111111?,08,0.691,0.689,0.03
1773989319129,no_display,no_ghost_to_lit_contrast,,,,268.5,106.5,65.0,164.0,0.413,"-6,+4;-4,+2;-2,+0;+0,-2;+0,-4",,,,,,0.175,,,,,,,,,,,,,,,,,,,,,,,,
1773989432849,ok,,2,100,0.009,254.2,109.5,65.0,168.5,0.485,"+0,+4;+2,+2;+2,+2;+0,+0;+0,-2",True,0.648,False,0,89.3,0.211,zero,1111110,0,0.814,0.372,0.026,nonzero,11?11?1,28,0.301,1.216,0.009,zero,1111110,0,0.94,0.353,0.096,nonzero,1011011,5,-0.008,0.906,0.001
1773992274197,ok,,2,100,0.046,255.8,110.0,64.0,167.0,0.583,"+2,+2;+0,+2;+0,+0;+0,-2;-2,-2",True,0.937,False,0,136.7,0.148,zero,1111110,0,0.778,0.077,0.046,nonzero,0110011,4,0.075,1.113,0.148,nonzero,0110000,1,0.179,0.215,0.005,nonzero,1011011,5,0.017,1.028,0.209
1773992337726,ok,,2,100,0.171,268.5,106.5,63.0,167.0,0.658,"-4,+6;-4,+2;-2,+0;-2,-2;+2,-4",True,0.81,False,0,128.0,0.141,zero,1111110,0,0.897,0.005,0.187,nonzero,1011111,6,-0.052,0.948,0.171,nonzero,0110000,1,0.126,0.164,0.043,zero,1111110,0,1.006,-0.042,0.317
1773992412689,ok,,3,10,0.043,263.8,109.0,61.0,165.5,0.639,"+0,+4;+2,+2;+2,+0;+0,-2;+0,-4",True,0.717,False,0,121.7,0.105,zero,1111110,0,0.848,-0.037,0.068,zero,1111110,0,0.775,-0.023,0.043,nonzero,1011?11,56,-0.046,1.164,0.054,nonzero,1011011,5,-0.079,1.112,0.279
1773992584995,ok,,2,100,0.009,255.8,109.5,62.0,163.0,0.346,"+2,+4;+4,+2;+2,+0;+0,-2;+0,-4",True,0.501,False,0,52.8,0.182,zero,1??1110,0,0.524,-0.138,0.009,nonzero,0110011,4,-0.255,1.0,0.218,nonzero,0110000,1,-0.116,-0.082,0.054,nonzero,1011011,5,-0.144,0.725,0.007
1773992640541,ok,,2,100,0.001,254.2,109.5,62.0,164.5,0.426,"+2,+2;+2,+2;+2,+0;+0,-2;-2,-4",True,1.069,False,0,58.0,0.175,zero,1111110,0,0.684,0.105,0.001,nonzero,1011111,6,-0.12,1.274,0.12,nonzero,0110000,1,0.025,0.06,0.083,zero,1111110,0,0.784,-0.169,0.002
1773993354525,ok,,2,100,0.112,267.8,106.0,61.0,163.0,0.539,"+0,+6;+0,+2;+0,+0;+0,-2;+0,-4",True,0.89,False,0,72.0,0.177,zero,1111110,0,0.884,0.115,0.139,nonzero,1011011,5,0.185,1.09,0.112,nonzero,1111011,9,0.036,1.086,0.002,nonzero,1011011,5,0.171,0.951,0.039
1773993482923,ok,,2,100,0.01,270.0,105.5,45.0,168.5,0.35,"+4,+6;+2,+4;+2,+2;+0,-2;+2,-2",True,0.672,False,0,52.0,0.156,zero,1111110,0,0.638,-0.032,0.01,nonzero,1011011,5,0.088,0.857,0.026,nonzero,1111011,9,-0.18,0.915,0.024,nonzero,1011011,5,-0.064,1.154,0.106
1773993582616,ok,,2,100,0.125,269.2,106.0,55.0,163.0,0.53,"+2,+8;+2,+4;+0,+2;+0,+0;+0,-2",True,1.034,False,0,72.1,0.18,zero,1111110,0,0.897,-0.07,0.125,nonzero,1111001,3,-0.105,1.163,0.204,nonzero,1111111,8,0.843,0.96,0.019,nonzero,1011011,5,-0.06,1.044,0.104
1773993677942,ok,,2,100,0.159,255.8,110.0,64.0,167.0,0.617,"+2,+4;+2,+2;+0,+0;+0,-2;-2,-4",True,0.931,False,0,108.2,0.158,zero,1111110,0,0.961,0.117,0.21,nonzero,1111001,3,0.101,1.029,0.159,nonzero,1111111,8,0.799,0.894,0.032,nonzero,1011011,5,0.084,1.088,0.194
1773994526129,ok,,3,10,0.028,271.5,105.5,63.0,160.0,0.619,"+0,+4;+2,+2;+0,+0;+0,-2;+0,-4",True,0.75,False,0,101.0,0.119,zero,1111110,0,0.893,0.091,0.069,zero,1111110,0,0.901,0.178,0.028,nonzero,1111001,3,0.205,1.143,0.087,nonzero,1011011,5,0.007,1.078,0.113
1773994547444,ok,,3,10,0.051,273.5,106.0,59.0,160.0,0.509,"+2,+8;+2,+4;+0,+2;-2,-2;-2,-4",True,0.895,False,0,84.0,0.104,zero,1111110,0,0.939,0.175,0.177,zero,1111110,0,0.865,0.131,0.128,nonzero,1111111,8,0.875,1.028,0.051,zero,1111110,0,1.0,0.241,0.08
1773994629573,ok,,3,10,0.063,273.5,106.0,55.0,160.0,0.57,"+0,+8;+0,+2;+0,+0;+2,+0;+2,-6",True,0.867,False,0,109.7,0.252,zero,1111110,0,0.997,0.04,0.107,zero,1111110,0,0.923,0.09,0.083,nonzero,0110011,4,-0.062,1.026,0.063,zero,1111110,0,0.858,0.117,0.183
1773994657093,ok,,3,10,0.055,292.8,102.0,48.0,161.5,0.585,"+6,+4;+2,+2;+0,+0;+0,-2;+0,-4",True,0.734,False,0,98.7,0.172,zero,1111110,0,0.825,0.033,0.089,zero,1111110,0,0.986,0.05,0.139,nonzero,1111111,8,0.868,0.954,0.055,zero,1111110,0,1.115,0.057,0.328
1773995457561,ok,,2,100,0.19,225.0,114.0,32.0,181.5,0.667,"-4,-8;+2,+2;+2,+0;+0,-2;-2,-2",True,0.709,False,0,100.8,0.143,zero,1111110,0,0.932,-0.467,0.19,nonzero,1101101,2,-0.54,1.096,0.191,nonzero,1111111,8,0.722,0.808,0.024,zero,1111110,0,0.918,-0.508,0.132
1773995564267,ok,,2,100,0.275,265.8,106.0,61.0,164.5,0.735,"-4,+6;+0,+2;+0,+0;+0,-2;+2,-4",True,0.835,False,0,162.4,0.179,zero,1111110,0,0.995,-0.033,0.275,nonzero,1111001,3,-0.058,1.036,0.279,nonzero,1111111,8,0.854,0.908,0.022,nonzero,1011011,5,-0.112,1.005,0.252
1773995638751,ok,,2,100,0.216,292.8,102.0,49.0,167.0,0.571,"+0,-8;+2,+4;+0,+2;+0,+2;+2,-4",True,0.785,False,0,122.0,0.161,zero,1111110,0,0.947,-0.436,0.216,nonzero,1111001,3,-0.326,1.117,0.286,uncertain,???????,0123456789,0.309,0.453,0.0,nonzero,1011011,5,-0.435,0.922,0.15
1773995718571,ok,,2,100,0.194,273.5,106.0,46.0,170.0,0.666,"-2,+6;-2,+2;+0,+0;+0,+0;+0,-2",True,0.812,False,0,125.4,0.169,zero,1111110,0,0.998,-0.286,0.194,nonzero,1011111,6,-0.311,0.995,0.2,nonzero,1011111,6,-0.328,0.972,0.206,nonzero,1011011,5,-0.351,1.082,0.321
1773995804259,ok,,2,100,0.139,263.5,106.0,39.0,173.0,0.631,"-4,-8;-2,+4;-2,+2;+0,+0;+2,-2",True,0.895,False,0,128.9,0.394,zero,1111110,0,0.937,-0.356,0.139,nonzero,0110011,4,-0.28,1.206,0.414,nonzero,1111111,8,0.822,0.839,0.007,zero,1111110,0,0.999,-0.286,0.283
1773995933139,uncertain,grid_at_search_bound,,,,263.5,106.0,24.0,163.0,0.646,"-2,-8;+0,+2;+0,-6;+2,-2;+2,-4",True,1.023,False,0,114.0,0.214,zero,1111110,0,0.844,-0.291,0.105,nonzero,0110011,4,-0.551,1.153,0.193,nonzero,1111111,8,0.641,0.859,0.017,zero,1111110,0,0.805,-0.343,0.023
1773996590729,ok,,3,10,0.08,265.8,106.5,50.0,170.0,0.527,"-6,+2;-4,+2;-2,+0;-2,-2;+2,-4",True,0.835,False,1,64.3,0.194,zero,1111110,0,0.867,-0.201,0.08,zero,1111110,0,0.807,-0.124,0.105,nonzero,1110000,7,-0.287,0.02,0.138,zero,1111110,0,0.912,-0.202,0.251
1773996682656,ok,,3,10,0.034,268.5,106.5,45.0,168.5,0.377,"-6,+4;-4,+2;-2,+0;+0,+0;+2,-2",True,0.822,False,0,64.8,0.112,zero,1111110,0,0.7,-0.206,0.034,zero,1111110,0,0.824,-0.162,0.152,nonzero,1011011,5,-0.339,1.278,0.308,nonzero,1011011,5,-0.472,1.249,0.203
1773996916542,ok,,2,100,0.119,250.0,109.5,51.0,167.0,0.539,"+0,+8;+4,+2;+2,+0;+2,-2;+0,-4",True,1.019,False,0,85.8,0.203,zero,1111110,0,0.883,-0.053,0.119,nonzero,1111011,9,-0.063,1.075,0.172,nonzero,1011011,5,-0.051,1.003,0.18,zero,1111110,0,1.025,-0.065,0.169
1773997023325,ok,,2,100,0.127,271.5,105.5,49.0,163.0,0.56,"+2,+6;+4,+4;+0,+0;+2,-2;+0,-4",True,0.889,False,0,129.8,0.248,zero,1111110,0,0.893,-0.122,0.127,nonzero,1110000,7,-0.005,0.01,0.261,nonzero,1011111,6,-0.097,0.961,0.088,zero,1111110,0,0.96,-0.133,0.181
1773997683615,uncertain,p2_ambiguous,,,,273.5,106.0,59.0,160.0,0.444,"-2,+8;+0,+4;+0,+2;+0,-2;-2,-4",True,0.905,False,0,109.9,0.141,zero,1111110,0,0.857,0.248,0.023,uncertain,?11???0,017,0.346,0.435,0.0,nonzero,11110?1,39,0.284,1.124,0.016,zero,1111110,0,0.871,0.369,0.031
1773997708682,ok,,2,100,0.032,255.0,110.0,58.0,165.5,0.453,"+2,+4;+2,+2;+2,+0;+0,-2;-2,-4",True,0.666,False,1,90.7,0.185,zero,1111110,0,0.871,0.389,0.035,nonzero,11?11?1,28,0.379,1.036,0.032,nonzero,11?11?1,28,0.413,1.134,0.0,zero,1111110,0,0.96,0.417,0.01
1773997757137,ok,,2,100,0.007,260.8,109.0,57.0,160.0,0.387,"+0,+4;+0,+2;+2,+0;+2,-2;+0,-4",True,0.852,False,0,74.1,0.172,zero,1111110,0,0.92,0.415,0.031,nonzero,1111??1,389,0.355,1.262,0.007,nonzero,11?11?1,28,0.412,1.075,0.006,uncertain,111111?,08,0.948,0.514,0.012
1773997911793,no_display,no_ghost_to_lit_contrast,,,,247.2,110.0,57.0,163.0,0.499,"-2,+2;+0,+2;+0,+0;+0,-2;+0,-4",,,,,,0.111,,,,,,,,,,,,,,,,,,,,,,,,
1773998009134,uncertain,p1_ambiguous,,,,265.8,106.0,49.0,167.0,0.376,"-2,+4;-2,+2;+0,+0;+0,-2;+2,-4",True,0.767,False,1,81.8,0.147,uncertain,111111?,08,0.95,0.481,0.042,nonzero,11?11?1,28,0.458,1.037,0.046,uncertain,111111?,08,0.94,0.482,0.044,nonzero,1?11?11,5689,0.39,0.97,0.003
1774049112652,ok,,2,100,0.207,266.5,106.0,54.0,163.0,0.65,"+0,+8;+2,+4;+0,+2;+0,-2;+0,-4",True,0.883,False,0,154.4,0.14,zero,1111110,0,0.98,-0.156,0.207,nonzero,0110011,4,-0.212,1.09,0.274,nonzero,1111111,8,0.855,0.924,0.072,zero,1111110,0,0.978,-0.196,0.079
1774049135143,ok,,2,100,0.13,271.5,105.5,55.0,167.5,0.557,"+0,+8;+2,+4;+0,+2;+0,-2;+0,-4",True,0.864,False,0,155.0,0.197,zero,1111110,0,0.84,-0.266,0.13,nonzero,1110000,7,-0.079,-0.064,0.291,nonzero,1111001,3,-0.266,1.005,0.276,nonzero,1011011,5,-0.307,1.028,0.283
1774049158376,ok,,2,100,0.071,270.0,105.5,50.0,168.5,0.603,"+4,+8;+2,+4;+2,+2;+0,-2;+0,-4",True,0.706,False,0,144.4,0.124,zero,1111110,0,0.936,-0.26,0.074,nonzero,1111111,8,0.811,0.897,0.071,nonzero,0110011,4,-0.282,1.08,0.297,zero,1111110,0,0.968,-0.247,0.222
1774049231874,ok,,3,10,0.2,266.5,106.0,54.0,167.5,0.661,"-2,+8;+0,+4;+0,+0;+2,-2;+2,-4",True,0.596,False,0,135.5,0.147,zero,1111110,0,0.93,-0.293,0.29,zero,1111110,0,0.961,-0.348,0.227,nonzero,1011111,6,-0.393,0.959,0.2,nonzero,1011011,5,-0.411,1.077,0.3
1774049249659,ok,,2,100,0.085,267.8,106.0,53.0,168.5,0.542,"-2,+8;+0,+4;-2,+2;-2,+0;+0,-4",True,0.887,False,0,151.9,0.11,zero,1111110,0,0.869,-0.259,0.188,nonzero,0110000,1,-0.023,-0.007,0.085,nonzero,1111001,3,-0.277,1.077,0.3,zero,1111110,0,0.961,-0.287,0.218
1774049274050,ok,,2,100,0.015,268.5,106.0,55.0,166.0,0.451,"-2,+8;+0,+4;+0,+4;+0,+0;+0,-4",True,0.898,False,0,166.1,0.193,zero,1111110,0,0.803,-0.113,0.015,nonzero,0110000,1,-0.01,-0.011,0.225,nonzero,1110000,7,-0.079,-0.065,0.18,nonzero,1011011,5,-0.216,1.003,0.249
1774049784570,ok,,2,100,0.032,266.5,106.0,57.0,167.0,0.505,"-4,+8;-2,+6;-2,+2;+0,+0;+0,-4",True,0.838,False,0,76.2,0.198,zero,1111110,0,0.789,-0.065,0.032,nonzero,1111001,3,-0.056,1.231,0.049,nonzero,0110011,4,-0.076,1.135,0.275,zero,1111110,0,0.932,-0.049,0.066
1774049808858,ok,,2,100,0.036,267.8,106.0,58.0,165.5,0.533,"+0,+8;+0,+6;+0,+4;+0,+0;+0,-2",True,0.974,False,0,104.2,0.221,zero,1111110,0,0.851,-0.061,0.036,nonzero,1110000,7,0.013,0.04,0.192,nonzero,1111001,3,-0.075,1.154,0.157,nonzero,1011011,5,-0.084,1.017,0.164
1774049840862,ok,,2,100,0.032,267.2,105.5,58.0,165.5,0.583,"+2,+8;+2,+4;+0,+2;+2,+0;+0,-2",True,0.903,False,0,87.3,0.133,zero,1111110,0,0.886,-0.062,0.032,nonzero,1110000,7,0.016,0.038,0.241,nonzero,1111111,8,0.867,0.92,0.014,zero,1111110,0,0.983,-0.028,0.109
1774049898202,ok,,3,10,0.102,283.5,102.5,59.0,162.5,0.66,"-4,+8;-2,+6;-2,+2;+0,+0;+2,-4",True,0.783,False,0,124.0,0.181,zero,1111110,0,0.909,-0.055,0.135,zero,1111110,0,0.936,-0.06,0.229,nonzero,1111111,8,0.894,0.951,0.102,nonzero,1011011,5,-0.142,1.119,0.282
1774049917490,ok,,2,100,0.06,269.2,106.0,58.0,164.0,0.515,"+2,+8;+2,+4;+0,+4;+0,+0;-2,-4",True,0.879,False,0,124.2,0.21,zero,1111110,0,0.853,-0.101,0.06,nonzero,0110000,1,0.009,0.031,0.248,nonzero,1101101,2,-0.08,1.011,0.142,zero,1111110,0,0.951,-0.037,0.072
1774049941007,ok,,2,100,0.139,263.5,106.0,61.0,163.0,0.597,"-2,+6;+0,+4;+0,+2;+2,-2;+2,-4",True,0.995,False,0,108.9,0.132,zero,1111110,0,1.009,-0.043,0.139,nonzero,0110000,1,0.026,0.064,0.233,nonzero,1111111,8,0.875,0.996,0.161,zero,1111110,0,0.868,0.076,0.068
1774050015928,ok,,3,10,0.053,267.8,106.0,56.0,164.5,0.615,"-2,+8;+0,+4;+0,+2;+0,-2;+0,-4",True,0.736,False,0,107.6,0.118,zero,1111110,0,0.68,0.042,0.053,zero,1111110,0,0.911,-0.051,0.178,nonzero,1111011,9,-0.106,1.015,0.181,zero,1111110,0,0.925,-0.077,0.147
1774050039441,ok,,2,100,0.054,265.8,106.0,57.0,165.5,0.513,"-6,+8;-2,+4;-2,+4;+0,-2;+2,-4",True,0.835,False,0,116.3,0.134,zero,1111110,0,0.916,-0.11,0.054,nonzero,0110000,1,0.017,0.038,0.248,nonzero,1111011,9,-0.101,1.058,0.026,zero,1111110,0,0.965,-0.036,0.157
1774050058223,ok,,2,100,0.087,267.8,106.0,55.0,163.0,0.51,"+2,+8;+2,+4;+0,+2;+0,-2;-2,-6",True,0.695,False,0,115.2,0.177,zero,1111110,0,0.937,-0.121,0.087,nonzero,1101101,2,-0.082,1.05,0.141,nonzero,0110011,4,-0.165,1.121,0.111,nonzero,1011011,5,-0.097,1.003,0.151
1774050109179,ok,,2,100,0.075,265.8,106.0,57.0,165.5,0.484,"+0,+8;+0,+6;+0,+2;-2,+2;+0,-4",True,0.723,False,0,127.6,0.141,zero,1111110,0,0.898,-0.075,0.075,nonzero,1101101,2,-0.079,1.053,0.206,nonzero,0110000,1,0.006,0.031,0.069,nonzero,1011011,5,-0.125,0.889,0.052
1774050604497,ok,,2,100,0.101,250.0,110.0,55.0,167.0,0.553,"+2,+6;+2,+2;+0,+4;-2,+0;-2,-2",True,0.85,False,0,149.6,0.142,zero,1111110,0,0.924,-0.162,0.101,nonzero,0110000,1,-0.023,-0.014,0.216,nonzero,1111001,3,-0.164,1.005,0.208,nonzero,1011011,5,-0.204,1.01,0.217
1774050620834,ok,,2,100,0.215,250.0,110.0,54.0,167.5,0.547,"+0,+8;+2,+4;+0,+6;+0,-2;-2,-4",True,0.862,False,0,140.4,0.182,zero,1111110,0,0.984,-0.167,0.215,nonzero,0110000,1,-0.012,-0.008,0.229,nonzero,1011111,6,-0.238,0.935,0.058,nonzero,1011011,5,-0.206,1.038,0.201
1774050633777,ok,,2,100,0.184,263.5,106.0,51.0,168.5,0.539,"-6,+6;-4,+4;+0,+2;+0,-2;+2,-4",True,0.714,False,0,142.1,0.125,zero,1111110,0,1.0,-0.184,0.251,nonzero,1101101,2,-0.195,0.986,0.184,nonzero,1110000,7,-0.064,-0.02,0.316,nonzero,1011011,5,-0.212,0.965,0.172
1774050687435,ok,,3,10,0.212,263.5,106.0,50.0,170.0,0.554,"-8,+6;-4,+4;+0,+0;+2,-2;+4,-4",True,0.676,False,0,142.6,0.119,zero,1111110,0,0.973,-0.205,0.212,zero,1111110,0,0.927,-0.221,0.25,nonzero,1110000,7,-0.182,-0.072,0.29,nonzero,1011011,5,-0.271,0.934,0.145
1774050711770,ok,,2,100,0.09,250.0,109.5,53.0,168.5,0.429,"+2,+8;+2,+4;+2,+6;+0,+4;+0,-4",True,0.859,False,0,150.3,0.143,zero,1111110,0,0.91,-0.136,0.09,nonzero,0110000,1,-0.029,-0.003,0.237,nonzero,0110000,1,0.004,-0.038,0.241,nonzero,1011011,5,-0.218,1.0,0.072
1774050731084,ok,,2,100,0.155,250.8,110.0,53.0,168.5,0.576,"+2,+8;+2,+2;+2,+0;-2,-2;-2,-4",True,0.683,False,0,148.8,0.202,zero,1111110,0,0.984,-0.21,0.155,nonzero,1101101,2,-0.213,1.017,0.194,nonzero,1110000,7,-0.086,-0.041,0.295,zero,1111110,0,0.859,-0.208,0.125
1774050786039,ok,,2,100,0.152,261.5,106.0,55.0,170.0,0.468,"-4,+8;-2,+4;-2,+2;+2,+0;+4,-4",True,0.984,False,0,134.4,0.118,zero,1111110,0,1.075,-0.245,0.152,nonzero,0110000,1,0.006,0.017,0.222,nonzero,1011011,5,-0.268,1.0,0.255,nonzero,1011011,5,-0.299,0.943,0.203
1774051090174,ok,,3,10,0.013,280.8,102.0,57.0,160.0,0.537,"-4,+8;-2,+6;+0,+2;+0,+0;+2,-4",True,0.741,False,0,59.2,0.148,zero,1111110,0,0.991,-0.029,0.024,zero,1111110,0,0.821,0.02,0.043,nonzero,1011111,6,-0.015,0.935,0.013,nonzero,1011011,5,-0.073,1.204,0.071
1774051113734,ok,,3,10,0.033,280.8,102.0,57.0,163.0,0.578,"-6,+8;-4,+6;-2,+2;+0,+0;+2,-4",True,0.84,False,0,71.5,0.152,zero,1111110,0,0.789,-0.039,0.033,zero,1111110,0,0.915,-0.019,0.151,nonzero,1111111,8,0.841,1.027,0.078,nonzero,1011011,5,-0.104,1.057,0.096
1774051136663,ok,,2,100,0.056,263.5,106.0,65.0,164.0,0.524,"-4,+4;-2,+2;+0,+0;+0,-2;+0,-2",True,0.855,False,0,105.5,0.187,zero,1111110,0,0.935,-0.017,0.056,nonzero,0110000,1,0.039,0.076,0.179,nonzero,0110011,4,-0.042,1.139,0.214,nonzero,1011011,5,-0.13,1.0,0.094
1774051254504,ok,,2,100,0.112,265.0,106.0,61.0,164.5,0.548,"-2,+8;+0,+4;+0,+2;+2,-2;+0,-4",True,0.846,False,0,78.4,0.163,zero,1111110,0,0.946,-0.084,0.112,nonzero,1110000,7,-0.003,0.03,0.238,nonzero,1011111,6,-0.046,1.143,0.028,nonzero,1011011,5,-0.194,1.224,0.073
1774051541070,ok,,2,100,0.009,250.8,109.5,61.0,166.0,0.657,"+2,+4;+2,+2;+2,+0;+0,-2;+0,-4",True,0.801,False,0,131.5,0.157,zero,1111110,0,0.869,0.1,0.009,nonzero,1111001,3,0.121,1.111,0.023,nonzero,1011011,5,0.085,1.153,0.055,nonzero,1011011,5,0.06,1.132,0.01
1774051559980,ok,,2,100,0.157,263.5,106.0,63.0,167.0,0.635,"-6,+4;-4,+2;-2,+0;+0,-2;+2,-4",True,0.856,False,0,142.4,0.152,zero,1111110,0,0.929,0.041,0.157,nonzero,0110011,4,0.045,1.022,0.207,nonzero,1111001,3,0.062,1.08,0.186,nonzero,1011011,5,0.03,1.061,0.19
1774051585234,ok,,2,100,0.026,250.0,109.5,63.0,168.5,0.589,"+2,+2;+2,+2;+2,+0;+0,-2;+0,-4",True,0.86,False,0,121.0,0.123,zero,1111110,0,0.837,0.002,0.026,nonzero,1011011,5,0.026,1.05,0.195,nonzero,0110000,1,0.09,0.152,0.082,zero,1111110,0,0.951,0.006,0.117
1774051816548,ok,,2,100,0.126,250.0,109.5,62.0,168.5,0.727,"+0,+2;+2,+2;+2,+0;+2,-2;+0,-2",True,0.684,False,0,132.9,0.133,zero,1111110,0,0.937,0.054,0.157,nonzero,1101101,2,0.021,1.079,0.126,nonzero,1101101,2,-0.006,1.041,0.074,nonzero,1011011,5,-0.019,1.042,0.227
1774052202620,ok,,2,100,0.121,250.0,110.0,62.0,166.0,0.645,"+2,+4;+2,+2;+0,+0;+0,-2;-2,-4",True,0.976,False,0,112.4,0.209,zero,1111110,0,0.962,-0.008,0.121,nonzero,0110000,1,0.115,0.196,0.135,nonzero,1111111,8,0.9,1.035,0.092,zero,1111110,0,0.907,-0.004,0.041
1774052223072,ok,,2,100,0.113,261.5,106.0,61.0,166.0,0.502,"-6,+4;-4,+2;-2,+0;+0,-2;+4,-4",True,0.925,False,0,121.7,0.185,zero,1111110,0,0.902,0.012,0.113,nonzero,0110011,4,0.004,1.124,0.164,nonzero,0110000,1,0.102,0.165,0.102,nonzero,1011011,5,-0.025,1.063,0.049
1774052254116,ok,,2,100,0.001,247.8,110.0,62.0,167.5,0.708,"+2,+2;+2,+0;+0,+0;-2,-2;-2,-2",True,0.749,False,0,114.1,0.173,zero,1111110,0,0.947,-0.01,0.086,nonzero,1111111,8,0.887,0.955,0.001,nonzero,1111001,3,0.006,1.11,0.105,nonzero,1011011,5,0.042,1.068,0.195
1774052291882,uncertain,p3_unstable_across_repeats,,,,266.5,106.5,46.0,180.0,0.571,"-2,+2;-2,+2;-2,+0;+0,+0;+2,-2",True,0.897,False,1,70.8,0.128,zero,1111110,0,0.93,-0.696,0.081,zero,1111110,0,1.088,-0.551,0.24,uncertain,1111111,8,0.702,0.807,0.003,zero,1111110,0,1.019,-0.558,0.084
1774052307423,ok,,2,100,0.036,250.0,110.0,63.0,171.5,0.493,"+0,+2;+2,+2;+0,+0;+0,+0;+0,-2",True,0.948,False,0,103.1,0.14,zero,1111110,0,0.696,0.14,0.043,nonzero,11100?0,7,-0.257,0.203,0.036,nonzero,11100?0,7,-0.13,-0.008,0.017,nonzero,1011011,5,-0.035,1.11,0.242
1774052314118,ok,,2,100,0.035,268.5,106.0,49.0,174.0,0.416,"-4,+8;-2,+2;+0,+8;+2,+0;+4,-2",True,0.973,False,0,94.8,0.131,zero,1111110,0,0.947,-0.481,0.12,nonzero,0110000,1,-0.027,-0.174,0.035,nonzero,1101101,2,-0.579,1.001,0.157,nonzero,1011011,5,-0.672,1.088,0.268
1774052340594,uncertain,p1_unstable_across_repeats,,,,266.5,106.0,47.0,173.0,0.385,"-4,+6;-2,+4;+0,+2;+2,+0;+4,-2",True,1.031,False,0,103.8,0.146,uncertain,1111110,0,0.899,-0.273,0.019,nonzero,0110000,1,-0.389,-0.158,0.119,nonzero,1110000,7,-0.448,-0.277,0.309,nonzero,1011011,5,-0.658,1.003,0.012
1774052679965,ok,,2,100,0.056,247.8,110.0,46.0,178.5,0.522,"+0,+8;+0,+2;+2,-2;-2,+0;+0,-2",True,0.953,False,0,83.3,0.161,zero,1111110,0,0.962,-0.629,0.174,nonzero,1111001,3,-0.564,1.071,0.056,nonzero,1111001,3,-0.497,1.144,0.249,zero,1111110,0,0.874,-0.414,0.07
1774052701723,uncertain,grid_at_search_bound,,,,307.2,98.0,52.0,181.5,0.342,"-4,-8;-2,+4;+2,+2;+0,-8;+8,-4",True,0.986,False,0,71.4,0.148,zero,1111110,0,0.928,-0.837,0.161,nonzero,1011011,5,-1.171,1.002,0.026,nonzero,0110?00,1,-0.362,-0.188,0.031,nonzero,1011011,5,-1.032,0.788,0.003
1774052718350,ok,,2,100,0.052,267.2,105.5,44.0,180.0,0.524,"-2,-8;-2,+2;+2,+2;+0,+0;+4,-2",True,0.896,False,0,77.5,0.131,zero,1111110,0,0.973,-0.81,0.07,nonzero,1011111,6,-0.507,0.93,0.052,nonzero,1011011,5,-0.827,1.053,0.257,zero,1111110,0,0.981,-0.761,0.049
1774052786895,uncertain,p3_invalid_pattern,,,,271.5,106.0,32.0,190.0,0.376,"+0,-8;-2,+4;+0,-8;+2,+0;+4,+0",True,1.549,False,1,57.3,0.132,zero,1111110,0,0.701,-1.153,0.082,nonzero,0110000,1,-0.338,-0.283,0.113,uncertain,0111011,,-1.227,0.74,0.003,uncertain,?011011,5,-1.262,0.998,0.008
1774052854681,ok,,2,100,0.03,267.8,106.5,40.0,181.5,0.437,"+0,-8;+2,+2;-2,-4;+0,+0;+2,-4",True,1.431,False,0,81.6,0.18,zero,1111110,0,1.106,-1.022,0.271,nonzero,0110000,1,-0.313,-0.189,0.03,nonzero,1111111,8,0.76,0.784,0.02,nonzero,1011011,5,-1.216,1.001,0.053
1774053313704,ok,,2,100,0.168,250.8,109.5,38.0,180.0,0.453,"+0,+0;+0,+0;+0,+2;+2,-2;+2,-4",True,0.956,False,0,95.9,0.14,zero,1111110,0,1.029,-0.318,0.289,nonzero,1111001,3,-0.333,1.0,0.168,nonzero,11100?0,7,-0.249,-0.347,0.026,nonzero,1011011,5,-0.409,0.839,0.003
1774053347430,ok,,2,100,0.022,263.5,106.0,29.0,190.0,0.587,"+0,-6;+0,+2;+0,+2;+0,+0;+4,-2",True,1.186,False,1,86.1,0.142,zero,1111110,0,0.814,-0.846,0.053,nonzero,1011011,5,-0.729,1.145,0.022,nonzero,1111011,9,-0.993,0.862,0.002,zero,1111110,0,0.726,-0.721,0.009
1774053375402,ok,,2,100,0.013,269.2,105.5,40.0,180.0,0.447,"+2,-8;+0,+2;+2,+2;+0,-2;+2,-4",True,1.018,False,1,63.8,0.216,zero,1111110,0,1.106,-0.754,0.463,nonzero,1011111,6,-0.636,1.0,0.013,uncertain,?111111,8,0.559,0.765,0.008,nonzero,1011011,5,-0.755,1.103,0.106
1774053420741,ok,,2,100,0.132,265.8,106.0,62.0,166.0,0.568,"-2,+6;-2,+4;+0,+2;+0,-2;+2,-4",True,0.845,False,0,156.3,0.163,zero,1111110,0,0.909,-0.022,0.149,nonzero,0110000,1,0.098,0.124,0.132,nonzero,1110000,7,0.041,0.107,0.194,zero,1111110,0,0.946,-0.045,0.202
1774053432674,uncertain,grid_at_search_bound,,,,307.8,117.5,88.0,178.5,0.192,"+8,-4;-8,-2;+6,+8;+0,+4;-8,-8",False,-0.001,False,2,108.7,0.127,uncertain,0001?00,,-0.375,-0.094,0.095,uncertain,000?000,,-0.458,-0.124,0.001,uncertain,1110110,,-0.543,-0.3,0.02,uncertain,00000??,,-0.47,0.606,0.007
1774053451911,uncertain,grid_at_search_bound,,,,224.2,114.0,24.0,190.0,0.306,"-2,-8;+2,+4;+0,-8;+0,-8;-2,-6",True,0.664,False,0,141.4,0.124,uncertain,??????0,017,0.396,-0.393,0.014,nonzero,0110000,1,-0.076,-0.194,0.099,nonzero,0110000,1,-0.095,-0.108,0.086,uncertain,?0??0??,5,-0.491,0.451,0.001
1774053484269,ok,,3,10,0.151,277.8,102.5,62.0,166.0,0.65,"-6,+8;-4,+6;-2,+2;+0,-2;+2,-4",True,0.847,False,0,120.9,0.163,zero,1111110,0,0.902,-0.091,0.151,zero,1111110,0,0.902,-0.056,0.192,nonzero,1111011,9,-0.153,1.09,0.255,zero,1111110,0,0.884,-0.078,0.191
1774053509590,ok,,2,100,0.023,266.5,106.0,62.0,163.0,0.565,"-4,+6;-2,+4;+0,+2;+0,-2;+0,-4",True,0.882,False,0,121.0,0.204,zero,1111110,0,0.849,-0.048,0.023,nonzero,0110000,1,0.02,0.033,0.203,nonzero,1111011,9,-0.102,1.039,0.137,zero,1111110,0,0.946,-0.056,0.011
1774053528900,ok,,2,100,0.031,267.8,106.0,57.0,165.5,0.518,"+0,+8;+0,+6;+0,+2;+0,+0;+0,-2",True,0.728,False,0,126.0,0.167,zero,1111110,0,0.898,-0.085,0.108,nonzero,1101101,2,-0.135,0.982,0.031,nonzero,0110011,4,-0.106,1.186,0.214,nonzero,1011011,5,-0.108,1.042,0.159
1774053548955,ok,,3,10,0.171,245.8,109.0,45.0,173.0,0.604,"+2,+4;+0,+0;+0,+0;-2,-2;+0,-4",True,0.795,False,0,97.1,0.161,zero,1111110,0,1.052,-0.268,0.171,zero,1111110,0,0.97,-0.373,0.217,nonzero,1110000,7,-0.132,-0.044,0.255,zero,1111110,0,0.953,-0.377,0.105
1774053578699,ok,,2,100,0.145,263.5,106.0,52.0,170.0,0.616,"-2,+8;-2,+2;-2,+0;-2,-2;+0,-4",True,0.578,False,0,106.1,0.177,zero,1111110,0,0.879,-0.203,0.145,nonzero,1101101,2,-0.291,0.979,0.251,nonzero,1101101,2,-0.319,1.053,0.28,zero,1111110,0,1.06,-0.245,0.314
1774053602302,ok,,2,100,0.175,259.2,106.5,55.0,164.5,0.537,"-4,+6;-2,+2;-2,+0;-2,+0;+0,-2",True,0.609,False,0,107.6,0.181,zero,1111110,0,0.942,-0.195,0.188,nonzero,1101101,2,-0.205,1.001,0.175,nonzero,0110011,4,-0.204,1.19,0.428,nonzero,1011011,5,-0.269,1.091,0.134
1774053858283,uncertain,grid_at_search_bound,,,,250.8,109.0,24.0,194.5,0.465,"+0,-8;+2,+0;+0,-8;+2,+0;+0,+0",True,1.794,True,3,56.1,0.13,zero,?111110,0,0.539,-1.094,0.075,nonzero,0110000,1,-0.306,-0.211,0.19,uncertain,0011111,6,-0.863,0.801,0.012,uncertain,?011011,5,-1.2,0.991,0.029
1774054183319,uncertain,leftmost_position_lit,,,,266.5,106.0,60.0,160.0,0.295,"-4,+2;-2,+0;+0,+0;+2,-2;+2,-4",True,0.505,True,6,42.2,0.169,nonzero,1111111,8,0.664,1.0,0.035,nonzero,?111111,8,0.594,0.997,0.005,nonzero,1111111,8,0.65,1.085,0.05,uncertain,0??0??1,4,0.038,4.335,0.001
1774054218008,ok,,2,100,0.152,263.5,106.5,57.0,167.0,0.569,"-4,+6;-2,+2;-2,+0;+0,+0;+2,-2",True,0.946,False,0,142.2,0.128,zero,1111110,0,0.951,-0.278,0.152,nonzero,1110000,7,-0.107,-0.086,0.323,nonzero,1111001,3,-0.293,1.041,0.179,zero,1111110,0,0.946,-0.27,0.19
1774054271365,ok,,2,100,0.011,265.0,106.0,49.0,170.0,0.383,"+0,-8;+0,+2;+0,+2;+0,+0;+2,-2",True,1.074,False,0,102.4,0.159,zero,1111110,0,0.962,-0.262,0.011,nonzero,0110000,1,0.006,0.013,0.171,nonzero,0110000,1,-0.029,0.027,0.225,nonzero,1011011,5,-0.539,1.011,0.001
1774054303772,ok,,2,100,0.143,245.0,110.0,62.0,170.0,0.591,"+0,+4;+0,+0;+2,+0;+0,+0;+0,-2",True,0.752,False,0,110.8,0.221,zero,1111110,0,0.96,-0.327,0.143,nonzero,1101101,2,-0.403,0.952,0.157,nonzero,0110011,4,-0.378,1.091,0.286,nonzero,1011011,5,-0.467,1.003,0.217
1774054328122,ok,,2,100,0.016,265.0,106.5,61.0,170.0,0.654,"-6,+4;-4,+2;-2,+0;+0,+0;+2,-2",True,0.786,False,0,112.5,0.189,zero,1111110,0,0.995,-0.331,0.283,nonzero,1111001,3,-0.363,0.94,0.016,zero,1111110,0,0.994,-0.292,0.28,zero,1111110,0,0.99,-0.333,0.178
1774054518914,ok,,2,100,0.175,271.5,106.0,67.0,170.0,0.528,"-6,+2;-4,+2;-2,+0;+0,-2;+2,-2",True,0.919,False,0,148.2,0.172,zero,1111110,0,0.906,-0.151,0.229,nonzero,0110000,1,0.07,0.066,0.175,nonzero,0110000,1,0.039,0.069,0.171,zero,1111110,0,0.927,-0.141,0.198
1774054564206,ok,,2,100,0.17,272.0,106.5,66.0,168.5,0.66,"-4,+4;-2,+2;-2,+0;+0,+0;+2,-2",True,0.98,False,0,141.2,0.173,zero,1111110,0,0.948,-0.139,0.28,nonzero,0110000,1,0.057,0.077,0.17,nonzero,1011111,6,-0.184,0.939,0.157,nonzero,1011011,5,-0.293,1.015,0.239
1774054953136,ok,,2,100,0.024,267.2,106.5,66.0,168.5,0.546,"-4,+4;-2,+2;-2,+2;+0,+0;+2,-2",True,0.871,False,0,135.5,0.167,zero,1111110,0,0.894,0.133,0.149,nonzero,1110000,7,0.232,0.237,0.024,nonzero,0110000,1,0.224,0.255,0.005,nonzero,1011011,5,-0.05,1.053,0.151
1774054991030,ok,,2,100,0.109,255.8,109.5,64.0,170.0,0.535,"+4,+2;+4,+2;+2,+0;+0,-2;+0,-2",True,0.908,False,0,121.4,0.171,zero,1111110,0,0.867,0.094,0.109,nonzero,1111011,9,0.111,0.978,0.133,nonzero,0110000,1,0.218,0.259,0.024,zero,1111110,0,0.999,0.08,0.201
1774055120439,ok,,3,10,0.019,276.5,106.0,50.0,170.0,0.668,"+6,+0;+2,+6;+0,+4;+0,+0;+0,-4",True,0.635,False,1,85.3,0.192,zero,1111110,0,0.751,-0.286,0.019,zero,1111110,0,0.952,-0.326,0.205,nonzero,1111011,9,-0.305,1.02,0.195,zero,1111110,0,1.081,-0.325,0.355
1774056145567,ok,,2,100,0.057,263.5,106.5,58.0,165.5,0.668,"-4,+4;-2,+2;-2,+0;+0,-2;+0,-4",True,0.975,False,0,114.0,0.106,zero,1111110,0,0.931,0.038,0.094,nonzero,1011011,5,0.041,1.025,0.057,nonzero,1111111,8,0.906,0.995,0.047,zero,1111110,0,1.036,0.047,0.15
1774056767059,ok,,2,100,0.043,266.5,106.0,55.0,160.0,0.512,"-4,+4;-4,+2;+0,+0;+2,-2;+4,-2",True,0.789,False,0,114.7,0.119,zero,1111110,0,0.772,0.205,0.043,nonzero,1011111,6,0.135,1.082,0.078,nonzero,1111011,9,0.161,1.064,0.043,nonzero,1011011,5,0.163,0.948,0.017
1774056980157,uncertain,grid_at_search_bound,,,,250.0,110.0,24.0,178.5,0.466,"+2,-8;+0,-8;-2,-8;+2,+0;+0,-2",True,1.132,False,0,111.4,0.138,nonzero,0110000,1,-0.199,-0.159,0.07,nonzero,0110000,1,-0.123,-0.092,0.083,nonzero,1011111,6,-0.639,0.885,0.001,nonzero,1011011,5,-0.7,1.031,0.001
1774060940950,ok,,3,10,0.134,271.5,106.0,35.0,170.0,0.577,"+0,-8;+0,+2;+0,+0;+0,+0;+2,+0",True,0.819,False,0,137.9,0.142,zero,1111110,0,0.975,-0.269,0.134,zero,1111110,0,0.954,-0.233,0.179,nonzero,1110000,7,-0.223,0.032,0.379,nonzero,1011011,5,-0.274,0.926,0.135
1774060956260,ok,,2,100,0.162,271.5,106.0,39.0,173.0,0.527,"-8,-8;-4,+2;-2,-8;+2,+0;+2,-2",True,0.966,False,0,132.7,0.131,zero,1111110,0,0.94,-0.328,0.162,nonzero,0110000,1,-0.101,-0.074,0.267,nonzero,1011111,6,-0.385,0.909,0.128,zero,1111110,0,0.981,-0.348,0.24
1774060972914,ok,,2,100,0.076,270.0,106.0,39.0,175.5,0.539,"-4,-8;-2,+6;-2,-8;+2,+2;+2,+0",True,1.05,False,0,124.6,0.135,zero,1111110,0,0.987,-0.398,0.198,nonzero,0110000,1,-0.094,-0.083,0.076,nonzero,1111111,8,0.778,0.856,0.006,nonzero,1011011,5,-0.409,1.065,0.209
1774061026271,ok,,2,100,0.015,280.0,105.5,34.0,181.5,0.389,"+0,-8;+2,+4;+0,-8;+0,-8;+2,-2",True,1.185,False,0,101.9,0.128,zero,1111110,0,0.919,-0.722,0.015,nonzero,0110000,1,-0.219,-0.206,0.127,nonzero,0110000,1,-0.25,-0.171,0.101,nonzero,1011011,5,-0.65,0.948,0.054
1774061332508,ok,,2,100,0.091,253.8,109.0,55.0,164.5,0.641,"+0,+4;+0,+2;+2,+0;+0,+0;+0,-2",True,0.803,False,0,120.3,0.149,zero,1111110,0,0.954,0.015,0.091,nonzero,1011111,6,0.007,1.063,0.126,zero,1111110,0,0.997,0.032,0.115,nonzero,1011011,5,-0.033,0.831,0.015
1774061356846,ok,,2,100,0.115,252.2,109.0,48.0,170.0,0.608,"+0,+2;+0,+2;+0,+0;-2,-2;+0,-2",True,0.812,False,0,110.9,0.137,zero,1111110,0,1.016,0.078,0.294,nonzero,1111111,8,0.887,0.98,0.115,nonzero,0110011,4,0.05,1.108,0.13,zero,1111110,0,0.713,0.002,0.004
1774061383046,ok,,2,100,0.09,250.0,110.0,49.0,167.0,0.62,"+2,+2;+2,+2;+0,+0;+0,+0;-2,-2",True,1.045,False,0,99.1,0.135,zero,1111110,0,0.951,-0.003,0.129,nonzero,1111011,9,-0.069,1.104,0.09,nonzero,1111011,9,-0.082,1.151,0.067,zero,1111110,0,0.826,-0.033,0.074
1774061474372,ok,,2,100,0.016,265.0,106.0,56.0,164.5,0.53,"+2,+2;+0,+0;+0,+0;+0,+0;+2,-2",True,0.825,False,0,114.8,0.13,zero,1111110,0,0.839,0.051,0.016,nonzero,1011011,5,0.03,1.085,0.07,nonzero,0110000,1,-0.084,0.265,0.059,nonzero,1011011,5,-0.06,0.976,0.01
1774061493689,ok,,2,100,0.045,261.5,106.0,55.0,166.0,0.555,"-4,+6;-2,+2;+0,+0;+0,+0;+2,-4",True,0.966,False,0,113.8,0.139,zero,1111110,0,1.028,0.095,0.353,nonzero,1011111,6,0.225,1.004,0.045,nonzero,1101101,2,0.068,0.877,0.024,nonzero,1011?11,56,-0.101,1.041,0.028
1774061513558,ok,,2,100,0.042,267.8,105.5,56.0,160.0,0.506,"+4,+4;+2,+2;+0,+0;+0,+0;+0,-2",True,1.231,False,0,87.6,0.141,zero,1111110,0,1.16,0.095,0.155,nonzero,1110000,7,0.034,0.195,0.042,nonzero,1011111,6,-0.281,0.973,0.048,zero,1111110,0,0.983,0.004,0.1
1774062561571,ok,,2,100,0.038,261.5,106.5,55.0,164.5,0.618,"-4,+4;-4,+2;-2,+0;+0,+0;+2,-2",True,0.803,False,0,115.1,0.128,zero,1111110,0,0.899,0.155,0.055,nonzero,1101101,2,0.142,1.061,0.038,nonzero,1101101,2,0.09,1.025,0.006,zero,1111110,0,1.01,0.086,0.162
1774062582225,ok,,2,100,0.003,263.5,106.0,56.0,160.0,0.491,"-2,+8;+0,+2;+0,+0;+0,-2;+2,-4",True,1.047,False,0,97.8,0.125,zero,1111110,0,0.985,0.174,0.013,nonzero,1110??0,7,0.199,0.25,0.003,nonzero,1111011,9,0.03,1.005,0.008,zero,1111110,0,0.821,0.132,0.089
1774066291174,ok,,3,10,0.076,245.8,109.5,54.0,166.0,0.608,"+2,+6;+2,+2;+2,+0;+0,+0;+0,-2",True,0.739,False,0,101.9,0.135,zero,1111110,0,0.886,-0.17,0.175,zero,1111110,0,0.998,-0.147,0.244,nonzero,1111111,8,0.846,0.88,0.076,nonzero,1011011,5,-0.254,0.979,0.204
1774066305867,ok,,2,100,0.127,261.5,106.0,49.0,170.0,0.471,"-6,+8;-2,+2;-2,+8;+2,+0;+4,-2",True,0.819,False,0,123.6,0.158,zero,1111110,0,0.838,-0.163,0.137,nonzero,0110000,1,-0.056,-0.007,0.127,nonzero,1011011,5,-0.165,0.992,0.225,nonzero,1011011,5,-0.213,0.918,0.1
1774066323226,ok,,2,100,0.243,259.2,106.5,48.0,170.0,0.563,"-8,+8;-2,+2;-2,+0;+0,+0;+2,-2",True,0.927,False,0,111.9,0.146,zero,1111110,0,0.96,-0.192,0.244,nonzero,1111001,3,-0.21,1.055,0.243,zero,1111110,0,0.928,-0.166,0.196,nonzero,1011011,5,-0.258,1.062,0.281
1774313650033,ok,,2,100,0.111,258.0,108.5,60.0,167.5,0.595,"+0,+2;+2,+2;+0,+0;+0,+0;+2,-2",True,0.872,False,0,151.7,0.149,zero,1111110,0,0.896,-0.124,0.175,nonzero,1110000,7,-0.022,-0.036,0.111,nonzero,0110000,1,-0.051,0.115,0.197,zero,1111110,0,0.986,-0.171,0.211
1774317320283,uncertain,p2_ambiguous,,,,278.5,106.0,61.0,160.0,0.411,"+2,+4;+0,+2;+0,+0;+0,-2;+0,-4",True,0.832,False,0,98.2,0.128,zero,1111110,0,0.839,0.357,0.023,uncertain,?11????,0134789,0.372,0.453,0.014,uncertain,?11????,0134789,0.394,0.477,0.001,nonzero,1011?11,56,0.029,1.11,0.052
1774317342151,uncertain,p2_ambiguous,,,,276.5,106.0,60.0,160.0,0.36,"+2,+4;+2,+2;+0,+0;+0,-2;+0,-4",True,0.869,False,0,89.5,0.145,zero,1111110,0,0.862,0.3,0.009,uncertain,?11???0,017,0.306,0.426,0.001,nonzero,1111011,9,0.262,1.068,0.038,nonzero,1011?11,56,-0.032,1.175,0.03
1774317372539,ok,,2,100,0.003,278.5,105.5,61.0,160.0,0.48,"+0,+4;+2,+2;+0,+0;+0,-2;+2,-4",True,0.861,False,0,96.0,0.172,zero,1111110,0,0.877,0.317,0.02,nonzero,11110?1,39,0.288,1.098,0.003,nonzero,0110011,4,0.272,1.112,0.001,zero,1111110,0,0.987,0.319,0.036
1774318824260,ok,,2,100,0.016,275.8,106.0,54.0,158.5,0.45,"-4,+4;-2,+2;+0,+2;+2,+0;+2,-2",True,0.861,False,0,107.3,0.213,zero,1111110,0,0.866,0.134,0.167,nonzero,01100?0,1,0.114,0.262,0.016,zero,1111110,0,0.773,0.195,0.173,nonzero,1011011,5,-0.024,1.101,0.16
1774318876014,ok,,2,100,0.002,271.5,106.0,57.0,163.0,0.49,"-6,+4;-4,+2;+0,+0;+2,-2;+4,-4",True,0.714,False,0,94.1,0.275,zero,1111110,0,0.723,0.259,0.002,nonzero,11?11?1,28,0.413,1.319,0.03,nonzero,11?1101,2,0.282,1.106,0.002,zero,1111110,0,0.889,0.174,0.07
1774318925221,ok,,2,100,0.099,273.5,106.0,49.0,167.0,0.494,"-4,+2;-2,+0;+0,+0;+0,-2;+2,-4",True,0.892,False,0,108.4,0.205,zero,1111110,0,0.893,0.232,0.133,nonzero,1101101,2,0.176,1.189,0.099,nonzero,1111011,9,-0.003,1.006,0.072,zero,1111110,0,0.896,0.056,0.049
1774319062864,ok,,2,100,0.022,270.0,106.5,53.0,163.0,0.503,"-4,+6;-2,+2;-2,+0;+0,-2;+2,-2",True,0.746,False,0,100.6,0.199,zero,1111110,0,0.949,0.251,0.022,nonzero,1111??1,389,0.357,1.218,0.032,nonzero,1?11111,68,0.37,1.006,0.026,zero,1111110,0,0.873,0.131,0.052
1774320998883,uncertain,p2_unstable_across_repeats,,,,266.2,107.0,54.0,160.0,0.33,"-2,+4;-2,+2;+0,+0;+2,+0;+2,-2",True,0.913,False,0,56.8,0.158,zero,1111110,0,0.901,0.127,0.272,uncertain,1111111,8,0.736,0.871,0.006,uncertain,?111111,8,0.544,0.831,0.003,nonzero,?011011,5,-0.138,1.286,0.111
1774321073215,ok,,3,10,0.004,269.2,106.0,44.0,165.5,0.263,"-4,+4;-2,+2;+0,+0;+0,-2;+2,-2",True,0.419,False,0,72.7,0.131,zero,1111110,0,0.659,0.076,0.004,zero,1111110,0,1.0,0.092,0.226,nonzero,1110000,7,0.109,0.168,0.092,zero,1111110,0,0.655,0.066,0.017
1774321232405,ok,,2,100,0.005,255.8,110.0,45.0,168.5,0.252,"+4,+2;+2,+2;+0,+0;-2,+0;-2,-2",True,1.047,False,0,59.1,0.178,zero,1111110,0,0.731,0.197,0.005,nonzero,1111001,3,0.195,0.989,0.021,nonzero,1111001,3,0.162,1.422,0.049,zero,1111110,0,0.795,0.121,0.009
1774321320859,ok,,3,10,0.059,277.8,102.5,67.0,160.0,0.63,"-6,+6;-4,+4;-2,+0;+0,-2;+2,-4",True,0.828,False,0,141.3,0.185,zero,1111110,0,0.945,-0.029,0.119,zero,1111110,0,0.952,0.004,0.059,nonzero,0110011,4,-0.062,1.104,0.282,zero,1111110,0,0.981,-0.014,0.066
1774321339916,ok,,3,10,0.156,265.0,106.0,57.0,167.0,0.563,"-2,+8;+0,+6;+0,+2;+0,+0;+0,-2",True,0.802,False,0,116.6,0.148,zero,1111110,0,0.929,-0.146,0.217,zero,1111110,0,0.89,-0.119,0.156,nonzero,1110000,7,-0.06,-0.027,0.287,nonzero,1011011,5,-0.156,1.025,0.18
1774321355224,ok,,2,100,0.077,265.8,106.0,62.0,166.0,0.591,"+0,+8;+0,+4;+0,+0;+0,-2;+0,-4",True,0.948,False,0,128.5,0.225,zero,1111110,0,0.906,-0.081,0.077,nonzero,1011011,5,-0.09,1.082,0.208,nonzero,0110011,4,-0.117,1.155,0.303,zero,1111110,0,0.763,0.001,0.029
1774321980544,uncertain,p1_invalid_pattern,,,,267.8,106.0,51.0,168.5,0.457,"-2,+6;+0,+4;+0,+2;-2,-2;+0,-4",True,0.605,False,0,92.2,0.181,uncertain,1?0?010,,0.272,0.186,0.005,nonzero,1101101,2,-0.17,0.902,0.094,nonzero,1110000,7,-0.003,0.01,0.254,zero,1111110,0,0.954,-0.087,0.14
1774322371575,ok,,2,100,0.096,263.5,106.0,66.0,164.0,0.481,"-2,+4;+0,+4;+0,+0;+0,-2;+0,-4",True,1.041,False,0,87.6,0.137,zero,1111110,0,0.887,-0.053,0.096,nonzero,0110000,1,0.018,0.035,0.195,nonzero,1110000,7,-0.025,0.023,0.272,nonzero,1011011,5,-0.113,1.083,0.02
1774322394030,ok,,2,100,0.012,267.8,105.5,64.0,160.0,0.645,"+2,+4;+2,+4;+2,+0;+0,-2;+0,-4",True,0.902,False,0,114.9,0.184,zero,1111110,0,0.943,-0.022,0.012,nonzero,1101101,2,-0.056,1.15,0.179,nonzero,1011111,6,-0.015,1.03,0.05,nonzero,1011011,5,-0.122,1.036,0.166
1774322421401,ok,,2,100,0.104,261.5,106.0,61.0,163.0,0.541,"+2,+8;+2,+4;+0,+0;+0,-2;+0,-4",True,0.933,False,0,88.5,0.194,zero,1111110,0,0.918,-0.058,0.113,nonzero,1111001,3,-0.128,1.156,0.104,nonzero,1110000,7,-0.005,-0.01,0.214,zero,1111110,0,0.887,-0.068,0.059
1774322707751,ok,,2,100,0.019,250.8,110.0,59.0,165.5,0.471,"+2,+6;+2,+4;+0,+0;+0,+0;-2,-2",True,0.724,False,0,83.1,0.157,zero,1111110,0,0.677,-0.024,0.019,nonzero,0110000,1,0.026,0.044,0.172,nonzero,1011011,5,-0.184,1.132,0.106,nonzero,1011011,5,-0.129,1.108,0.145
1774322723322,ok,,2,100,0.097,250.0,110.0,58.0,168.5,0.659,"+0,+4;+2,+2;+0,+0;+0,+0;-2,-2",True,0.761,False,0,105.9,0.095,zero,1111110,0,0.929,-0.061,0.128,nonzero,1111001,3,-0.067,1.043,0.097,nonzero,1011011,5,-0.054,1.054,0.182,nonzero,1011011,5,-0.096,1.143,0.213
1774323060792,ok,,2,100,0.232,263.5,106.0,60.0,165.5,0.627,"-4,+6;+0,+4;+0,+2;+2,+0;+2,-4",True,0.936,False,0,170.8,0.107,zero,1111110,0,1.017,-0.158,0.267,nonzero,0110000,1,-0.013,0.024,0.232,nonzero,1011111,6,-0.123,1.001,0.161,zero,1111110,0,0.92,-0.023,0.11
1774323099484,ok,,2,100,0.002,263.5,106.0,61.0,167.5,0.744,"-2,+8;-2,+4;+0,+0;+0,-2;+0,-4",True,0.786,False,2,151.8,0.221,zero,1111110,0,1.103,-0.19,0.26,nonzero,1011111,6,-0.189,1.069,0.002,nonzero,1011111,6,-0.124,1.0,0.236,nonzero,1011011,5,-0.155,0.952,0.202
1774323447372,ok,,2,100,0.085,266.5,106.0,63.0,163.0,0.579,"+0,+6;+0,+4;+0,+0;+0,-2;+0,-4",True,0.812,False,0,157.9,0.147,zero,1111110,0,0.907,-0.05,0.085,nonzero,0110000,1,0.049,0.09,0.14,nonzero,1101101,2,-0.052,1.076,0.083,nonzero,1011011,5,-0.066,1.107,0.165
1774325627925,ok,,3,10,0.007,252.2,109.5,56.0,165.5,0.644,"+0,+2;+0,+2;+2,+2;+2,+0;+0,-2",True,0.585,False,1,54.0,0.181,zero,1111110,0,0.912,-0.082,0.051,zero,1111110,0,0.802,-0.157,0.054,nonzero,1011111,6,-0.544,0.822,0.007,zero,1111110,0,0.85,0.085,0.092
1774325650212,uncertain,p2_invalid_pattern,,,,263.5,106.5,54.0,164.5,0.535,"-6,+4;-2,+2;+0,+0;+2,-2;+2,-4",True,0.827,False,0,37.2,0.185,zero,1111110,0,0.845,-0.061,0.039,uncertain,1111101,,0.022,0.983,0.113,nonzero,1011111,6,-0.04,0.979,0.011,nonzero,1011011,5,-0.112,1.093,0.07
1774325673944,ok,,2,100,0.03,263.5,106.0,54.0,166.0,0.43,"-6,+8;-2,+4;+0,+4;+0,+0;+2,-4",True,0.991,False,1,53.8,0.163,zero,1111110,0,0.836,-0.091,0.098,nonzero,01100?1,4,-0.364,0.793,0.03,nonzero,1?11011,59,-0.062,0.804,0.014,nonzero,1011011,5,-0.569,1.064,0.017
1774326119740,ok,,2,100,0.06,263.5,106.0,65.0,165.5,0.535,"-4,+4;-2,+2;+0,+0;+2,-4;+4,-4",True,0.744,False,0,127.8,0.099,zero,1111110,0,0.858,-0.008,0.06,nonzero,0110011,4,-0.023,1.02,0.189,nonzero,0110000,1,0.053,0.131,0.146,nonzero,1011011,5,0.0,1.005,0.115
1774326219766,ok,,2,100,0.162,263.5,106.0,64.0,163.0,0.483,"+0,+4;+2,+2;+0,+0;+0,-2;+0,-4",True,0.733,False,0,94.5,0.147,zero,1111110,0,0.853,-0.102,0.162,nonzero,0110011,4,-0.115,1.133,0.308,nonzero,0110000,1,-0.095,-0.033,0.228,nonzero,101?011,5,-0.465,0.811,0.031
1774326274980,ok,,2,100,0.084,249.2,109.5,63.0,168.5,0.684,"+2,+4;+2,+2;+2,+0;+2,-2;+0,-4",True,0.793,False,0,101.4,0.17,zero,1111110,0,0.888,-0.035,0.084,nonzero,1101101,2,-0.053,1.135,0.18,nonzero,1111111,8,0.963,1.087,0.113,zero,1111110,0,0.934,-0.024,0.074
1774326845021,ok,,2,100,0.002,250.0,109.5,64.0,168.5,0.665,"+0,+4;+2,+2;+0,+0;+2,-2;+0,-4",True,0.692,False,0,89.8,0.106,zero,1111110,0,0.887,0.283,0.164,nonzero,1?11011,59,0.241,1.087,0.002,nonzero,1?11111,68,0.37,0.966,0.012,zero,1111110,0,0.838,0.413,0.014
1774326910392,ok,,2,100,0.008,252.2,109.5,62.0,163.0,0.424,"+2,+4;+2,+2;+2,+0;+0,-2;-2,-4",True,0.962,False,2,69.1,0.117,zero,1111110,0,0.763,0.264,0.035,nonzero,1011111,6,0.292,0.889,0.008,nonzero,1111001,3,0.236,1.397,0.007,zero,1111110,0,0.907,0.308,0.028
1774328107451,ok,,3,10,0.09,263.5,106.5,62.0,164.5,0.719,"-2,+4;-2,+2;+0,+0;+0,+0;+2,-2",True,0.796,False,0,103.9,0.21,zero,1111110,0,0.919,-0.029,0.156,zero,1111110,0,0.947,-0.041,0.193,nonzero,1111011,9,-0.004,0.987,0.09,nonzero,1011011,5,-0.18,1.081,0.282
1774328136123,ok,,2,100,0.041,252.2,108.5,63.0,167.0,0.531,"+2,+4;+0,+2;+0,+0;+2,+0;+2,-2",True,1.195,False,0,106.6,0.173,zero,1111110,0,0.96,-0.003,0.041,nonzero,0110000,1,0.104,0.136,0.132,nonzero,1011111,6,-0.131,0.997,0.05,zero,1111110,0,0.856,-0.048,0.064
1774328156502,ok,,2,100,0.1,261.5,106.0,61.0,164.5,0.579,"-6,+2;-4,+0;-2,+0;+0,-2;+2,-2",True,0.922,False,0,117.0,0.174,zero,1111110,0,0.991,0.045,0.116,nonzero,1101101,2,0.043,1.025,0.1,nonzero,1111001,3,0.065,1.1,0.094,zero,1111110,0,0.878,-0.008,0.124
1774335208664,ok,,3,10,0.057,280.0,105.5,56.0,160.0,0.485,"+6,+8;+2,+2;+2,+0;+0,+0;+0,-4",True,0.729,False,2,61.8,0.175,zero,1111110,0,0.835,-0.066,0.092,zero,1111110,0,0.767,-0.11,0.057,nonzero,0110011,4,-0.195,1.24,0.202,zero,1111110,0,1.042,-0.153,0.25
1774335225645,ok,,3,10,0.005,279.2,106.0,56.0,160.0,0.46,"-4,+8;+2,+2;+0,+2;+0,+0;+0,-2",True,0.674,False,1,72.0,0.218,zero,1111110,0,0.886,0.011,0.076,zero,1111110,0,0.881,-0.063,0.207,nonzero,1111111,8,0.784,0.919,0.005,nonzero,1011011,5,-0.004,1.261,0.177
1774403436959,ok,,2,100,0.026,263.5,106.0,55.0,165.5,0.6,"-4,+8;-2,+6;+0,+2;+2,+0;+2,-2",True,0.803,False,0,124.6,0.15,zero,1111110,0,0.901,-0.061,0.026,nonzero,1111001,3,-0.041,1.074,0.108,nonzero,1011011,5,-0.1,1.132,0.085,nonzero,1011011,5,-0.205,0.918,0.013
1774404463927,ok,,3,10,0.061,273.5,106.0,48.0,173.0,0.514,"-2,+8;-2,+2;+0,+0;-2,+0;+0,-4",True,0.755,False,1,86.2,0.103,zero,1111110,0,0.682,-0.158,0.061,zero,1111110,0,0.934,-0.032,0.094,nonzero,11100?0,7,0.071,0.305,0.104,zero,1111110,0,1.217,0.158,0.292
1774404658618,ok,,1,1000,0.056,271.5,106.0,49.0,167.0,0.341,"-2,+4;-2,+0;-2,+2;+0,+0;+0,-2",True,0.742,False,0,94.1,0.178,nonzero,0110000,1,-0.009,0.099,0.056,nonzero,0110000,1,-0.062,0.071,0.168,nonzero,1111001,3,-0.059,0.984,0.026,nonzero,1011011,5,0.044,1.088,0.133
1774405854786,ok,,3,10,0.051,269.2,106.0,55.0,164.5,0.688,"-4,+4;-2,+2;+0,+0;+0,-2;+0,-4",True,0.738,False,0,115.3,0.173,zero,1111110,0,0.965,0.109,0.232,zero,1111110,0,1.06,0.194,0.234,nonzero,1111111,8,0.84,0.912,0.051,zero,1111110,0,0.915,0.152,0.169
1774408092953,ok,,2,100,0.214,271.5,106.0,43.0,174.0,0.583,"-8,-8;-2,+4;+0,+2;+2,-2;+2,-4",True,0.737,False,0,123.0,0.133,zero,1111110,0,1.0,-0.439,0.214,nonzero,1101101,2,-0.404,1.024,0.286,nonzero,1101101,2,-0.621,0.973,0.167,nonzero,1011011,5,-0.676,0.966,0.087
1774408149177,ok,,2,100,0.183,273.5,106.0,40.0,171.5,0.665,"-8,-8;-2,+4;-2,+0;+0,-2;+2,-6",True,0.873,False,0,113.3,0.117,zero,1111110,0,1.055,-0.507,0.221,nonzero,1111011,9,-0.571,0.973,0.183,zero,1111110,0,0.977,-0.388,0.215,zero,1111110,0,0.983,-0.516,0.166
1774408275669,ok,,2,100,0.196,276.5,106.0,38.0,176.0,0.508,"-8,-4;+2,+4;+0,+2;-2,-8;+0,-8",True,0.775,False,0,113.7,0.146,zero,1111110,0,1.0,-0.522,0.196,nonzero,1101101,2,-0.72,1.014,0.21,nonzero,0110000,1,-0.206,-0.155,0.306,zero,1111110,0,0.944,-0.532,0.056
1774408298285,ok,,2,100,0.232,273.5,106.0,39.0,173.0,0.612,"-8,-6;+2,+4;-2,+2;+0,+0;+0,-6",True,0.846,False,0,123.8,0.137,zero,1111110,0,1.009,-0.462,0.232,nonzero,1111001,3,-0.412,1.094,0.338,nonzero,1011111,6,-0.509,0.922,0.128,nonzero,1011011,5,-0.606,0.976,0.128
1774408319598,ok,,2,100,0.223,275.0,105.5,35.0,175.5,0.517,"-4,-2;+2,+6;+0,+2;+0,+0;+2,-4",True,0.978,False,0,122.7,0.129,zero,1111110,0,0.978,-0.489,0.223,nonzero,0110011,4,-0.594,1.209,0.378,nonzero,1011011,5,-0.562,1.0,0.148,nonzero,1011011,5,-0.613,0.942,0.024
1774408758998,ok,,2,100,0.095,271.5,106.0,41.0,177.0,0.514,"+2,+8;+0,+6;+0,-2;+0,+0;+2,-4",True,1.049,False,0,102.3,0.152,zero,1111110,0,0.956,-0.414,0.121,nonzero,0110000,1,-0.195,-0.085,0.095,nonzero,1011011,5,-0.548,1.096,0.29,zero,1111110,0,0.966,-0.474,0.166
1774408776528,ok,,2,100,0.018,270.0,106.0,48.0,170.0,0.508,"-4,+4;-2,+4;+0,+0;+0,-2;+2,-4",True,0.661,False,1,111.3,0.132,zero,1111110,0,0.86,-0.178,0.018,nonzero,1101101,2,-0.427,1.01,0.202,nonzero,0110000,1,-0.141,0.1,0.128,zero,1111110,0,0.993,-0.291,0.19
1774408793521,ok,,2,100,0.291,267.0,106.0,49.0,173.0,0.598,"-2,+4;+0,+4;+0,+0;+2,-2;+4,-4",True,0.893,False,0,94.3,0.128,zero,1111110,0,0.999,-0.338,0.316,nonzero,1111001,3,-0.345,1.119,0.291,nonzero,1101101,2,-0.461,1.045,0.244,zero,1111110,0,0.952,-0.48,0.179
1774409737188,ok,,2,100,0.235,268.5,106.0,63.0,166.0,0.467,"+0,+6;+2,+2;+0,+0;-2,-2;+0,-4",True,0.91,False,0,167.1,0.126,zero,1111110,0,0.996,-0.249,0.281,nonzero,0110000,1,-0.049,-0.025,0.235,nonzero,0110000,1,-0.054,0.007,0.258,zero,1111110,0,0.902,-0.242,0.108
1774409852103,ok,,3,10,0.081,271.5,106.0,41.0,168.5,0.573,"+2,+0;+0,+2;+0,+2;-2,+0;-2,-2",True,0.785,False,0,130.8,0.129,zero,1111110,0,0.9,-0.144,0.081,zero,1111110,0,0.907,-0.088,0.175,nonzero,1110000,7,0.05,0.066,0.179,zero,1111110,0,1.0,-0.101,0.235
1774409963995,ok,,2,100,0.191,267.8,106.0,62.0,166.0,0.544,"+0,+6;+2,+4;+0,+2;-2,-2;+0,-4",True,0.929,False,0,157.0,0.139,zero,1111110,0,0.993,-0.249,0.284,nonzero,0110000,1,-0.036,-0.007,0.191,nonzero,1111001,3,-0.24,1.048,0.297,zero,1111110,0,0.899,-0.274,0.208
1774412644850,ok,,2,100,0.0,267.2,106.0,35.0,167.0,0.516,"+0,-2;+0,+4;+0,+2;-2,-8;+0,-6",True,0.749,False,0,83.7,0.13,zero,1111110,0,0.733,-0.123,0.0,nonzero,1111111,8,0.714,0.808,0.01,nonzero,0110000,1,-0.038,-0.013,0.07,zero,1111110,0,0.826,-0.144,0.021
1774412675652,ok,,2,100,0.051,269.2,106.0,37.0,170.0,0.544,"+2,-2;+2,+4;+0,+2;+0,-2;-2,-6",True,0.772,False,0,82.9,0.127,zero,1111110,0,0.828,-0.155,0.107,nonzero,1111011,9,-0.159,0.907,0.051,nonzero,1011011,5,-0.159,1.079,0.161,zero,1111110,0,0.971,-0.168,0.138
1774412720765,ok,,1,1000,0.005,266.5,106.0,33.0,171.5,0.426,"+2,+2;+0,+0;+0,-2;+0,+2;+0,-2",True,0.835,False,0,89.9,0.161,nonzero,0110000,1,-0.027,-0.028,0.005,nonzero,0110000,1,-0.031,-0.014,0.075,nonzero,1101101,2,-0.112,1.015,0.124,zero,1111110,0,0.758,-0.117,0.02
1774413170060,ok,,2,100,0.019,271.5,106.0,56.0,160.0,0.46,"+0,+8;+2,+4;+0,+2;+0,+0;+0,-4",True,0.871,False,0,57.5,0.145,zero,1111110,0,0.917,-0.091,0.019,nonzero,0110011,4,-0.069,0.726,0.026,nonzero,1011011,5,-0.058,1.135,0.015,nonzero,1011011,5,-0.074,1.297,0.317
1774413249999,ok,,2,100,0.085,266.5,106.0,62.0,166.0,0.582,"-6,+4;-2,+2;-2,+0;+2,-2;+2,-4",True,0.744,False,0,69.4,0.134,zero,1111110,0,0.842,-0.091,0.085,nonzero,1101101,2,-0.078,1.061,0.135,nonzero,1011111,6,-0.077,1.106,0.171,zero,1111110,0,1.0,-0.053,0.195
1774413964641,ok,,2,100,0.064,269.2,106.0,57.0,165.5,0.602,"+2,+8;+0,+4;+0,+2;+0,-2;+0,-4",True,0.66,False,0,92.4,0.134,zero,1111110,0,0.72,-0.06,0.064,nonzero,1101101,2,-0.066,1.16,0.14,nonzero,1011111,6,-0.037,1.076,0.094,zero,1111110,0,0.946,-0.049,0.165
1774414672976,uncertain,p1_invalid_pattern,,,,254.2,109.5,60.0,164.5,0.314,"+2,+4;+2,+2;+2,+0;+2,+0;+0,-2",True,0.493,False,0,46.9,0.13,uncertain,10?1110,,0.21,0.314,0.004,nonzero,1111?01,3,0.203,1.305,0.004,nonzero,1011111,6,-0.105,0.86,0.022,nonzero,1?11?11,5689,0.344,1.049,0.034
1774418784565,ok,,2,100,0.012,282.0,103.0,52.0,180.0,0.585,"-4,-6;-2,+4;-2,+2;+0,+0;+2,-4",True,1.056,False,0,72.8,0.132,zero,1111110,0,0.886,-0.86,0.012,nonzero,1011011,5,-0.838,1.033,0.07,nonzero,1011111,6,-0.974,0.893,0.086,zero,1111110,0,0.945,-0.701,0.008
1774418819892,ok,,2,100,0.012,245.8,109.0,36.0,191.5,0.394,"+0,-8;+0,+2;+0,+0;+2,-2;+4,-2",True,0.992,False,0,105.4,0.127,zero,1111110,0,0.707,-0.694,0.012,nonzero,1110000,7,-0.545,-0.371,0.387,nonzero,1110000,7,-0.504,-0.365,0.355,uncertain,?0??0??,5,-0.878,0.599,0.002
1774418881679,uncertain,p4_invalid_pattern,,,,267.8,105.0,35.0,190.0,0.354,"+2,-4;+2,+4;+0,+0;+2,-8;+8,-2",True,0.531,False,0,163.7,0.124,uncertain,??????0,017,0.348,-0.417,0.003,nonzero,0110000,1,-0.077,-0.055,0.099,nonzero,0110000,1,-0.037,-0.068,0.198,uncertain,?0??0?0,,-0.523,0.357,0.0
1774418913039,ok,,2,100,0.032,267.8,106.5,35.0,190.0,0.424,"-6,-2;-2,+6;-2,-8;+0,-6;+2,-2",True,1.325,False,1,80.8,0.145,zero,1111110,0,0.701,-0.991,0.032,nonzero,0110000,1,-0.215,-0.237,0.121,nonzero,0110011,4,-1.032,1.211,0.259,uncertain,?111110,0,0.553,-0.903,0.014
1774418934488,ok,,2,100,0.051,270.0,106.0,40.0,180.0,0.552,"+0,-8;+0,+2;+0,+2;+0,+0;+0,-4",True,0.854,False,1,89.5,0.132,zero,1111110,0,0.828,-0.535,0.195,nonzero,1101101,2,-0.48,1.002,0.051,zero,1111110,0,0.892,-0.47,0.007,zero,1111110,0,0.876,-0.493,0.115
1774418991961,uncertain,grid_at_search_bound,,,,310.0,118.0,24.0,190.0,0.442,"+4,-2;+8,+8;+4,-2;+2,-4;+8,+0",True,0.684,True,6,67.6,0.129,nonzero,0110000,1,-0.662,0.265,0.057,nonzero,1111001,3,-0.882,0.999,0.041,nonzero,1011011,5,-1.267,1.063,0.061,uncertain,0000?10,,-0.369,-0.151,0.023
1774419012187,uncertain,grid_at_search_bound,,,,221.5,114.0,26.0,200.0,0.499,"+0,+2;+0,+4;+2,+0;-4,-8;+2,+0",True,1.138,False,0,60.7,0.126,zero,1111110,0,0.812,-1.264,0.026,nonzero,1101101,2,-1.553,1.0,0.034,nonzero,0110011,4,-1.378,1.643,0.4,uncertain,1111110,0,0.67,-1.258,0.012
1774419032522,ok,,2,100,0.124,252.2,110.0,50.0,174.0,0.545,"+0,+8;+0,+2;+0,+0;+0,-2;-2,-2",True,0.931,False,0,101.0,0.142,zero,1111110,0,1.0,-0.419,0.229,nonzero,1111001,3,-0.382,1.045,0.124,nonzero,1011011,5,-0.364,0.961,0.032,nonzero,1011011,5,-0.443,0.96,0.167
1774419090994,ok,,2,100,0.014,245.0,110.0,31.0,190.0,0.512,"+0,-8;+0,+4;-2,-8;+0,+2;+0,+0",True,1.546,False,2,68.4,0.141,zero,1111110,0,0.958,-0.968,0.059,nonzero,0110000,1,-0.257,-0.195,0.014,nonzero,1011111,6,-0.905,0.96,0.004,nonzero,1011011,5,-1.059,1.101,0.074
1774419159052,ok,,2,100,0.0,251.5,108.0,30.0,190.0,0.416,"-2,-8;+0,+2;-2,-8;+6,+0;+8,+0",True,1.411,False,1,72.6,0.135,zero,1111110,0,0.697,-1.044,0.0,nonzero,?110000,17,-0.194,-0.002,0.004,zero,1111110,0,0.624,-1.05,0.013,nonzero,1011011,5,-1.207,1.001,0.015
1774419222148,uncertain,grid_at_search_bound,,,,237.8,118.0,49.0,173.0,0.241,"-8,+8;+2,+4;-8,+8;+2,-6;-4,-2",True,0.66,False,0,152.6,0.13,nonzero,0110000,1,-0.18,0.029,0.038,uncertain,000?000,,-0.668,-0.063,0.016,uncertain,0110110,,0.004,0.009,0.04,uncertain,?0??0?0,,0.2,-0.491,0.009
1774419506561,ok,,2,100,0.229,267.8,106.5,38.0,176.0,0.562,"-8,-8;-2,+2;-2,+2;+0,+0;+0,-2",True,1.019,False,0,126.2,0.138,zero,1111110,0,1.0,-0.489,0.229,nonzero,0110011,4,-0.43,1.183,0.464,nonzero,1011011,5,-0.472,1.0,0.28,zero,1111110,0,0.942,-0.423,0.222
1774419528910,ok,,2,100,0.166,270.0,105.5,40.0,178.5,0.554,"+0,-4;+0,+4;+0,+2;+0,+0;+2,-4",True,1.244,False,1,90.1,0.148,zero,1111110,0,1.02,-0.73,0.166,nonzero,1110000,7,-0.365,-0.287,0.411,nonzero,1011011,5,-0.718,1.0,0.117,zero,1111110,0,0.905,-0.716,0.081
1774419553656,ok,,2,100,0.016,266.5,106.5,34.0,180.0,0.645,"-6,-4;-4,+4;-2,+2;+0,+0;+2,-2",True,1.061,False,1,92.0,0.127,zero,1111110,0,1.105,-0.615,0.127,nonzero,1111011,9,-0.653,1.012,0.016,nonzero,1111011,9,-0.759,0.96,0.055,zero,1111110,0,0.975,-0.667,0.123
1774419627778,uncertain,grid_at_search_bound,,,,295.8,98.0,46.0,181.5,0.59,"+0,+4;+0,+4;+0,+0;+0,-4;+6,-8",True,0.906,False,1,76.3,0.131,zero,1111110,0,0.74,-1.024,0.007,zero,1111110,0,0.923,-1.044,0.068,nonzero,1111011,9,-1.075,0.928,0.013,zero,1111110,0,0.947,-0.972,0.213
1774419663518,uncertain,grid_at_search_bound,,,,307.8,98.0,48.0,178.5,0.422,"-4,+2;-2,+8;-2,-4;+2,+0;+6,-4",True,1.113,False,0,104.0,0.128,zero,1111110,0,0.867,-0.679,0.002,nonzero,0110000,1,-0.079,-0.082,0.049,nonzero,1110000,7,-0.389,-0.311,0.409,nonzero,1011011,5,-0.699,0.938,0.048
1774419693565,ok,,2,100,0.206,265.0,106.0,45.0,171.0,0.617,"-2,+2;-2,+0;+0,+0;+2,-2;+4,-2",True,0.773,False,0,115.0,0.128,zero,1111110,0,1.061,-0.366,0.206,nonzero,1101101,2,-0.381,1.029,0.3,nonzero,1111111,8,0.836,0.842,0.084,nonzero,1011011,5,-0.418,0.998,0.241
1774419765194,ok,,3,10,0.018,255.8,109.5,39.0,173.0,0.667,"+2,+4;+2,+2;+2,+0;+0,+0;+0,-2",True,0.818,False,0,121.7,0.127,zero,1111110,0,0.961,-0.404,0.28,zero,1111110,0,1.001,-0.333,0.337,nonzero,1111111,8,0.757,0.844,0.018,nonzero,1011011,5,-0.433,0.991,0.255
1774419809442,ok,,2,100,0.129,258.0,109.0,40.0,174.5,0.513,"+0,-8;+0,+4;-2,-6;-2,+0;+0,-2",True,1.035,False,0,132.8,0.127,zero,1111110,0,0.947,-0.313,0.129,nonzero,0110000,1,-0.045,-0.042,0.182,nonzero,1111001,3,-0.335,1.039,0.249,zero,1111110,0,0.89,-0.33,0.172
1774419935184,ok,,2,100,0.031,263.5,106.0,35.0,177.0,0.512,"+0,-2;+0,+4;+0,-8;+2,+0;+2,-2",True,1.098,False,0,110.0,0.13,zero,1111110,0,1.001,-0.505,0.173,nonzero,0110000,1,-0.104,-0.109,0.031,nonzero,1011011,5,-0.552,0.98,0.198,nonzero,1011011,5,-0.617,0.996,0.122
1774420258005,ok,,2,100,0.009,265.0,106.0,42.0,180.0,0.442,"-2,-8;-2,+2;+0,+0;+2,+4;+4,-4",True,1.036,False,0,83.6,0.165,zero,1111110,0,0.99,-0.642,0.144,nonzero,1111001,3,-0.59,1.001,0.009,nonzero,0110011,4,-0.974,1.318,0.478,nonzero,1011011,5,-0.747,0.954,0.004
1774420292607,ok,,2,100,0.055,290.8,102.0,39.0,181.5,0.593,"-8,+0;-2,+4;+2,+2;-4,+0;+6,-4",True,1.033,False,0,73.3,0.129,zero,1111110,0,0.987,-0.988,0.077,nonzero,1011111,6,-1.014,1.002,0.055,nonzero,1111011,9,-1.064,0.957,0.142,zero,1111110,0,0.976,-0.854,0.146
1774420357365,uncertain,grid_at_search_bound,,,,245.0,110.0,25.0,190.0,0.47,"-4,-2;+0,+4;+0,-4;+0,-6;+4,-2",True,1.362,False,1,76.8,0.128,zero,1111110,0,0.91,-0.793,0.038,nonzero,?110000,17,-0.002,-0.153,0.0,nonzero,0110011,4,-0.786,1.366,0.419,zero,1111110,0,0.857,-0.641,0.004
1774420389297,ok,,2,100,0.01,271.5,106.0,36.0,180.0,0.549,"+0,+0;+0,+4;+0,+2;+0,+0;+2,-4",True,0.899,False,0,91.1,0.133,zero,1111110,0,0.827,-0.462,0.03,nonzero,1101101,2,-0.592,1.018,0.01,nonzero,1111001,3,-0.687,1.065,0.092,nonzero,1011011,5,-0.617,0.992,0.019
1774420449538,ok,,3,10,0.006,288.8,102.0,39.0,190.0,0.536,"+0,+0;-4,+2;+0,+2;-2,-2;+2,-4",True,1.067,False,1,65.5,0.136,zero,1111110,0,0.768,-0.712,0.05,zero,1111110,0,0.765,-0.751,0.006,nonzero,1110000,7,-0.971,-0.55,0.354,zero,1111110,0,0.696,-0.966,0.001
1774420479511,uncertain,leftmost_position_lit,,,,250.8,109.5,27.0,190.0,0.478,"+0,+0;-2,+6;-2,-4;+0,+0;+2,-2",True,1.834,True,3,53.6,0.134,zero,1111110,0,1.154,-0.889,0.011,nonzero,1110?00,7,0.007,-0.099,0.033,nonzero,1111001,3,-1.12,0.997,0.006,uncertain,1011011,5,-1.389,1.0,0.008
1774420505865,ok,,2,100,0.007,282.8,103.0,35.0,181.5,0.544,"+0,-2;-2,+4;+2,+2;+4,-8;+6,-2",True,1.098,False,2,65.4,0.131,zero,1111110,0,1.022,-0.696,0.106,nonzero,1101101,2,-0.858,0.978,0.007,nonzero,0110011,4,-0.849,1.387,0.376,nonzero,1011011,5,-0.874,0.92,0.031
1774420801129,ok,,2,100,0.009,263.5,106.0,31.0,191.5,0.448,"+0,-6;+0,+6;-4,-6;+8,+0;+2,-2",True,1.539,False,1,56.1,0.133,zero,1111110,0,1.011,-1.337,0.112,nonzero,?110000,17,-0.377,-0.012,0.009,nonzero,1011111,6,-1.47,0.856,0.034,nonzero,1011011,5,-1.465,1.001,0.145
1774421108318,ok,,2,100,0.202,253.8,109.0,40.0,181.5,0.511,"-2,-6;+2,+2;-2,+0;+2,+0;+2,-4",True,1.158,False,0,93.9,0.158,zero,1111110,0,0.994,-0.677,0.302,nonzero,0110000,1,-0.158,-0.088,0.202,nonzero,1111011,9,-0.804,0.857,0.116,nonzero,1011011,5,-0.855,1.055,0.231
1774421459994,ok,,2,100,0.06,263.5,106.0,36.0,180.0,0.597,"-8,-8;-4,+2;+0,+2;+2,+0;+4,-2",True,0.829,False,0,92.9,0.13,zero,1111110,0,0.954,-0.61,0.115,nonzero,1111111,8,0.724,0.879,0.06,nonzero,1111001,3,-0.569,1.096,0.069,nonzero,1011011,5,-0.644,1.132,0.061
1774421490236,ok,,2,100,0.033,245.0,110.0,34.0,180.0,0.52,"+0,-8;+2,+2;+0,+2;-2,-8;-2,-2",True,1.034,False,0,102.6,0.127,zero,1111110,0,0.993,-0.472,0.182,nonzero,1111011,9,-0.562,1.0,0.033,nonzero,0110000,1,-0.139,-0.066,0.176,zero,1111110,0,0.945,-0.489,0.002
1774421610417,ok,,2,100,0.177,266.5,106.0,42.0,170.0,0.469,"-2,-8;+0,+4;-2,-8;+0,+0;+0,-2",True,1.006,False,0,124.2,0.13,zero,1111110,0,0.963,-0.361,0.177,nonzero,0110000,1,-0.073,-0.077,0.227,nonzero,1011011,5,-0.347,0.973,0.217,nonzero,1011011,5,-0.329,0.981,0.229
1774421631171,ok,,2,100,0.254,267.0,106.0,42.0,170.0,0.604,"-4,+8;+0,+4;+0,+2;+2,+0;+2,-2",True,0.863,False,0,125.3,0.13,zero,1111110,0,0.972,-0.381,0.302,nonzero,1111001,3,-0.323,1.082,0.254,zero,1111110,0,0.95,-0.334,0.243,nonzero,1011011,5,-0.383,0.979,0.184
1774421653595,ok,,2,100,0.132,267.8,106.5,39.0,173.0,0.624,"-4,-8;-2,+4;+0,+2;-2,+0;+0,-4",True,0.783,False,0,118.8,0.124,zero,1111110,0,0.974,-0.386,0.261,nonzero,1011111,6,-0.435,0.927,0.132,zero,1111110,0,0.962,-0.37,0.238,zero,1111110,0,0.953,-0.396,0.235
1774422005477,ok,,2,100,0.081,265.8,106.0,38.0,180.0,0.612,"-4,-8;-2,+4;+0,+4;+2,+0;+2,-2",True,0.941,False,1,104.7,0.123,zero,1111110,0,0.971,-0.415,0.081,nonzero,1011011,5,-0.376,1.113,0.133,nonzero,1011111,6,-0.425,0.919,0.014,nonzero,1011011,5,-0.447,1.039,0.095
1774422255907,ok,,2,100,0.123,265.8,106.5,46.0,170.0,0.604,"-6,+4;-4,+2;-2,+0;+0,+0;+2,-2",True,0.903,False,0,127.9,0.126,zero,1111110,0,0.953,-0.267,0.123,nonzero,1111011,9,-0.291,0.948,0.173,nonzero,1011011,5,-0.254,1.021,0.255,zero,1111110,0,0.992,-0.259,0.231
1774424680128,ok,,2,100,0.062,250.0,110.0,57.0,165.5,0.497,"+0,+2;+0,+0;+0,+0;+0,+0;+0,-2",True,0.952,False,0,136.1,0.14,zero,1111110,0,0.981,-0.208,0.241,nonzero,0110000,1,0.026,0.087,0.062,nonzero,0110000,1,-0.048,0.0,0.118,nonzero,1011011,5,-0.4,0.919,0.124
1774424700422,ok,,2,100,0.276,258.0,108.5,52.0,170.0,0.64,"+0,+6;+0,+0;+0,+0;+0,+0;+0,-2",True,0.785,False,1,139.5,0.163,zero,1111110,0,1.001,-0.196,0.276,nonzero,1101101,2,-0.259,1.087,0.283,zero,1111110,0,0.969,-0.21,0.23,nonzero,1011011,5,-0.301,0.997,0.229
1774424718426,ok,,2,100,0.008,255.8,110.0,63.0,164.5,0.551,"+2,+6;+2,+0;+2,-2;-2,-4;-2,-4",True,0.723,False,1,118.4,0.193,zero,1111110,0,0.937,-0.206,0.008,nonzero,1101101,2,-0.298,1.076,0.226,nonzero,1110000,7,-0.057,-0.012,0.222,zero,1111110,0,0.896,-0.264,0.097
1774424948535,ok,,2,100,0.011,263.5,106.0,55.0,170.0,0.433,"-4,+6;-2,+2;+0,+2;+4,+0;+4,-2",True,1.239,False,0,87.5,0.161,zero,1111110,0,1.022,-0.522,0.26,nonzero,0110000,1,-0.106,-0.057,0.011,nonzero,1011011,5,-0.576,1.0,0.127,nonzero,1011011,5,-0.729,0.956,0.138
1774424963842,ok,,2,100,0.229,245.8,110.0,46.0,180.0,0.573,"+0,+4;+0,+0;+0,+0;+0,-2;+2,-2",True,0.861,False,0,94.9,0.197,zero,1111110,0,1.041,-0.471,0.267,nonzero,1101101,2,-0.492,1.06,0.229,zero,1111110,0,0.958,-0.446,0.203,zero,1111110,0,0.828,-0.415,0.029
1774425365045,uncertain,p1_unstable_across_repeats,,,,290.8,102.0,42.0,190.0,0.382,"+0,-2;+0,+4;+0,-8;+0,-2;+4,-2",True,0.809,False,0,119.8,0.126,uncertain,0?????0,1,0.193,-0.515,0.015,nonzero,0110000,1,-0.142,-0.146,0.081,nonzero,1110000,7,-0.514,-0.306,0.004,uncertain,??????0,017,0.376,-0.458,0.049
1774425382683,ok,,2,100,0.041,287.8,102.0,46.0,184.5,0.47,"-6,-6;-2,+4;+2,+2;+0,+0;+6,-2",True,1.188,False,0,63.9,0.195,zero,1111110,0,0.654,-0.895,0.052,nonzero,1101101,2,-1.208,1.061,0.041,nonzero,1110000,7,-0.797,-0.493,0.033,nonzero,1011011,5,-0.814,0.848,0.077
1774425399480,ok,,2,100,0.013,255.0,110.0,42.0,180.0,0.547,"+2,-8;+2,+4;+0,+2;+0,+0;-2,-2",True,0.958,False,0,84.4,0.189,zero,1111110,0,0.92,-0.427,0.013,nonzero,1111001,3,-0.265,1.118,0.07,nonzero,1011011,5,-0.512,1.066,0.104,zero,1111110,0,0.862,-0.512,0.002
1774484683137,ok,,2,100,0.184,258.8,109.0,67.0,167.0,0.664,"-2,+4;+2,+2;+2,+0;+2,-2;+0,-4",True,0.937,False,0,133.4,0.191,zero,1111110,0,0.958,0.091,0.196,nonzero,1011011,5,0.097,1.028,0.184,zero,1111110,0,0.932,0.065,0.064,nonzero,1011011,5,-0.108,0.935,0.089
1774484717823,ok,,2,100,0.051,255.8,110.0,66.0,164.0,0.679,"+2,+4;+2,+2;+2,+0;+0,-2;-2,-4",True,0.879,False,0,119.3,0.171,zero,1111110,0,0.956,0.04,0.167,nonzero,1011111,6,0.033,1.011,0.051,nonzero,1111111,8,0.869,1.031,0.033,nonzero,1011011,5,-0.161,1.144,0.263
1774484790805,ok,,3,10,0.097,265.8,106.5,66.0,167.0,0.746,"-4,+4;-2,+2;+0,+0;+0,-2;+0,-4",True,0.858,False,0,138.2,0.144,zero,1111110,0,0.979,0.159,0.29,zero,1111110,0,0.971,0.136,0.168,nonzero,1111111,8,0.896,0.907,0.097,zero,1111110,0,0.923,0.128,0.13
1774484830148,ok,,2,100,0.055,255.0,109.5,64.0,165.5,0.594,"+2,+4;+2,+2;+2,+0;+0,-2;+0,-4",True,0.971,False,0,137.2,0.137,zero,1111110,0,0.919,0.09,0.092,nonzero,0110000,1,0.199,0.225,0.055,nonzero,1111001,3,0.063,1.02,0.135,nonzero,1011011,5,-0.146,0.984,0.068
1774484890280,ok,,2,100,0.039,269.2,106.5,63.0,166.0,0.553,"-4,+6;-2,+4;-2,+0;+0,-2;+0,-4",True,0.979,False,0,131.4,0.148,zero,1111110,0,0.972,0.097,0.195,nonzero,0110000,1,0.219,0.241,0.039,nonzero,1111111,8,0.881,0.951,0.128,nonzero,1011011,5,-0.138,1.014,0.217
1774485356627,ok,,2,100,0.043,267.2,106.5,58.0,164.0,0.579,"-4,+8;-2,+2;-2,+0;+0,-2;+0,-4",True,0.957,False,0,125.6,0.146,zero,1111110,0,0.928,0.046,0.178,nonzero,1110000,7,0.195,0.188,0.043,nonzero,1011011,5,0.037,1.041,0.164,zero,1111110,0,0.912,-0.024,0.153
1774485410047,ok,,3,10,0.16,263.5,106.5,63.0,164.5,0.627,"-2,+8;+0,+4;+0,+0;+0,-2;+2,-6",True,0.721,False,0,118.7,0.145,zero,1111110,0,0.942,-0.076,0.207,zero,1111110,0,0.996,-0.047,0.259,nonzero,1111011,9,-0.12,0.957,0.16,nonzero,1011011,5,-0.115,1.0,0.201
1774485429083,ok,,2,100,0.003,250.8,110.0,61.0,164.5,0.575,"+2,+4;+2,+2;+0,+0;+0,-2;-2,-4",True,0.837,False,0,142.1,0.188,zero,1111110,0,0.956,0.104,0.214,nonzero,0110?00,1,0.17,0.252,0.003,nonzero,0110011,4,-0.011,1.031,0.227,zero,1111110,0,0.842,-0.019,0.032
1774487698787,ok,,2,100,0.017,270.0,106.5,58.0,162.5,0.41,"-2,+6;-2,+4;+0,+2;+0,+0;+0,-4",True,0.862,False,0,72.9,0.227,zero,1111110,0,0.833,0.326,0.063,nonzero,11?1101,2,0.28,1.162,0.017,nonzero,0110011,4,0.016,1.186,0.055,zero,1111110,0,0.862,0.158,0.054
1774488843732,ok,,2,100,0.008,273.5,106.5,60.0,163.0,0.362,"-2,+8;-2,+4;+0,+2;+0,-2;+0,-4",True,0.768,False,0,77.7,0.187,zero,1111110,0,0.875,-0.017,0.117,nonzero,1011111,6,-0.001,0.988,0.008,nonzero,1110000,7,0.153,0.177,0.104,nonzero,1011011,5,0.067,1.108,0.189
1774488900031,uncertain,p3_ambiguous,,,,255.8,109.5,63.0,167.0,0.487,"+0,+2;+0,+2;+0,+0;+0,-2;-2,-4",True,0.759,False,0,90.0,0.179,zero,1111110,0,0.885,0.311,0.129,zero,1111110,0,0.919,0.362,0.077,uncertain,111???0,07,0.371,0.417,0.01,zero,1111110,0,0.881,0.448,0.002
1774489489373,ok,,2,100,0.004,268.5,106.0,58.0,163.0,0.48,"-4,+8;-2,+4;+0,+4;+2,-2;+2,-4",True,0.801,False,0,85.2,0.102,zero,1111110,0,0.899,0.076,0.004,nonzero,0110000,1,0.088,0.15,0.13,nonzero,1111111,8,0.871,1.029,0.182,nonzero,1011011,5,0.082,1.24,0.14
1774489514501,ok,,2,100,0.042,266.5,106.0,57.0,163.0,0.437,"-2,+8;-2,+6;+0,+2;+0,+0;+0,-4",True,0.82,False,0,70.2,0.167,zero,1111110,0,0.838,-0.021,0.074,nonzero,1101101,2,0.023,1.096,0.042,nonzero,1111111,8,0.933,1.062,0.099,nonzero,1011011,5,0.032,1.144,0.117
1774489531883,ok,,2,100,0.008,268.5,106.0,58.0,164.0,0.497,"+0,+8;+0,+6;+0,+2;+0,+0;+0,-4",True,0.923,False,0,98.6,0.162,zero,1111110,0,0.874,0.018,0.008,nonzero,1111001,3,0.045,1.072,0.103,nonzero,1111001,3,-0.011,1.179,0.069,nonzero,1011011,5,0.043,1.053,0.113
1774489606046,ok,,3,10,0.024,267.2,106.0,59.0,164.0,0.507,"-2,+8;-2,+4;+0,+2;+0,-2;+0,-4",True,0.774,False,0,74.5,0.183,zero,1111110,0,0.829,-0.025,0.056,zero,1111110,0,0.867,0.073,0.054,nonzero,1111111,8,0.901,1.033,0.024,zero,1111110,0,1.0,0.068,0.208
1774489619717,ok,,2,100,0.06,266.5,106.0,60.0,163.0,0.457,"-4,+6;-2,+4;+0,+2;+0,+0;+2,-2",True,0.836,False,0,103.2,0.125,zero,1111110,0,0.905,0.056,0.06,nonzero,0110000,1,0.074,0.118,0.154,nonzero,1111001,3,0.04,1.12,0.011,zero,1111110,0,1.01,0.079,0.111
1774489649019,ok,,2,100,0.075,263.5,106.0,59.0,165.5,0.502,"-4,+6;-2,+2;+0,+2;+0,-2;+2,-4",True,0.691,False,0,76.5,0.16,zero,1111110,0,0.855,-0.056,0.075,nonzero,0110000,1,0.024,0.077,0.163,nonzero,1110000,7,0.043,0.122,0.162,zero,1111110,0,0.922,0.015,0.191
1774491491872,ok,,2,100,0.001,250.8,109.0,62.0,167.5,0.401,"-2,+2;+0,+0;+2,+0;+0,-2;+0,-2",True,1.021,False,0,63.4,0.136,zero,1111110,0,0.781,0.208,0.001,nonzero,0110?00,1,0.064,0.245,0.002,nonzero,1111011,9,0.05,1.139,0.002,nonzero,1011011,5,-0.097,1.007,0.217
1774491515371,ok,,2,100,0.032,265.8,106.0,61.0,164.5,0.383,"-4,+6;-2,+4;+0,+0;+0,-2;+2,-4",True,1.144,False,0,61.9,0.217,zero,1111110,0,0.89,0.359,0.068,nonzero,1011011,5,0.078,1.19,0.032,nonzero,1111001,3,0.076,1.301,0.091,nonzero,1011011,5,-0.196,1.032,0.154
1774491617406,ok,,3,10,0.008,250.0,109.5,62.0,167.0,0.463,"+2,+4;+2,+2;+2,+0;+0,-2;+0,-2",True,0.722,False,0,77.2,0.179,zero,1111110,0,0.732,0.162,0.008,zero,1111110,0,0.916,0.088,0.108,nonzero,1111011,9,0.051,0.858,0.019,nonzero,1011011,5,-0.112,1.191,0.119
1774491643860,ok,,2,100,0.015,250.0,110.0,62.0,166.0,0.331,"+0,+4;+2,+2;+0,+0;+0,-2;+0,-4",True,1.439,False,0,59.0,0.124,zero,1111110,0,0.803,0.051,0.077,nonzero,0110000,1,-0.006,0.256,0.015,nonzero,0110000,1,0.033,0.073,0.144,nonzero,1011011,5,-0.148,0.955,0.025
1774491675133,ok,,2,100,0.008,252.0,110.0,63.0,165.5,0.406,"+2,+4;+2,+2;+2,+0;+0,-2;-2,-4",True,0.604,False,0,48.5,0.099,zero,1111110,0,0.839,0.123,0.008,nonzero,1101101,2,-0.148,1.468,0.033,zero,1111110,0,0.925,-0.107,0.132,nonzero,1011011,5,-0.164,1.042,0.135
1774491760949,ok,,3,10,0.026,263.5,106.5,64.0,163.0,0.488,"-4,+4;-2,+2;+0,+0;+0,-2;+0,-4",True,0.865,False,0,53.0,0.145,zero,1111110,0,0.919,-0.006,0.151,zero,1111110,0,0.812,0.051,0.026,nonzero,1011011,5,-0.1,1.088,0.088,zero,1111110,0,0.92,-0.161,0.215
1774491861326,ok,,2,100,0.103,263.5,106.0,62.0,164.5,0.356,"-6,+2;-4,+2;-2,+0;+0,-2;+2,-4",True,0.886,False,0,44.9,0.243,zero,1111110,0,0.93,-0.006,0.162,nonzero,0110000,1,-0.047,0.077,0.103,nonzero,1111111,8,0.812,0.906,0.061,nonzero,1011011,5,-0.181,1.02,0.086
1774491872994,ok,,2,100,0.047,263.5,106.5,63.0,163.0,0.416,"-4,+4;-2,+2;+0,+0;+0,-2;+0,-4",True,0.686,False,0,49.6,0.135,zero,1111110,0,0.854,0.078,0.114,nonzero,1101101,2,-0.06,1.063,0.047,zero,1111110,0,0.816,-0.06,0.048,nonzero,1011011,5,-0.193,1.189,0.018
1774491923511,ok,,3,10,0.037,253.8,109.0,61.0,166.0,0.382,"+0,+2;+0,+2;+2,+0;+0,-2;+0,-2",True,1.161,False,0,45.4,0.147,zero,1111110,0,0.895,0.092,0.117,zero,1111110,0,0.873,-0.101,0.037,nonzero,1110000,7,0.043,-0.014,0.214,nonzero,1011011,5,-0.203,1.074,0.168
1774491939944,ok,,2,100,0.054,250.8,110.0,61.0,168.5,0.488,"-2,+2;+0,+2;-2,+0;+0,-2;-2,-2",True,0.929,False,0,69.1,0.192,zero,1111110,0,0.949,-0.094,0.176,nonzero,0110000,1,-0.029,0.034,0.054,nonzero,1?01101,2,-0.125,1.094,0.023,zero,1111110,0,0.704,-0.16,0.015
1774491941351,ok,,3,10,0.033,276.5,106.0,34.0,167.0,0.491,"-2,+2;+0,+4;+0,+0;+0,+0;+2,-4",True,0.665,False,0,82.8,0.164,zero,1111110,0,0.884,-0.179,0.098,zero,1111110,0,0.801,-0.122,0.033,nonzero,1110000,7,-0.101,-0.025,0.214,nonzero,1011011,5,-0.399,1.343,0.4
1774491955960,ok,,2,100,0.068,263.5,106.5,63.0,163.0,0.421,"-6,+4;-2,+2;-2,+0;+0,-2;+0,-4",True,1.237,False,0,43.9,0.16,zero,1111110,0,0.863,-0.103,0.068,nonzero,0110000,1,-0.059,0.026,0.146,nonzero,1111111,8,0.69,1.389,0.004,zero,1111110,0,0.912,-0.138,0.12
1774492004787,ok,,2,100,0.085,250.0,110.0,65.0,167.0,0.615,"+0,+2;+2,+2;+0,+0;-2,-2;-2,-2",True,0.721,False,0,99.8,0.206,zero,1111110,0,0.872,0.017,0.12,nonzero,1101101,2,-0.067,1.069,0.085,nonzero,1111011,9,-0.079,0.924,0.115,nonzero,1011011,5,-0.155,0.985,0.212
1774492070922,ok,,2,100,0.068,250.0,110.0,62.0,168.5,0.558,"+0,+2;+0,+2;+2,+0;-2,-2;-2,-4",True,0.784,False,0,98.9,0.192,zero,1111110,0,0.888,0.082,0.139,nonzero,1101101,2,-0.018,0.975,0.068,nonzero,1110000,7,0.122,0.106,0.008,zero,1111110,0,1.014,-0.085,0.166
1774492495172,uncertain,p1_ambiguous,,,,254.2,109.5,62.0,167.5,0.494,"+2,+0;+2,+0;+0,-2;+0,-2;+0,-2",True,0.889,False,0,91.5,0.219,uncertain,111111?,08,0.889,0.493,0.005,uncertain,?11????,0134789,0.497,0.542,0.003,zero,1111110,0,1.018,0.448,0.002,nonzero,1011?11,56,0.138,0.815,0.002
1774492523967,no_display,no_ghost_to_lit_contrast,,,,252.8,110.0,62.0,168.5,0.479,"+2,+2;+2,+0;+0,+0;+0,-2;-2,-4",,,,,,0.148,,,,,,,,,,,,,,,,,,,,,,,,
1774492602316,ok,,2,100,0.001,254.2,110.0,60.0,167.5,0.557,"+0,+2;+0,+2;+0,+0;+0,-2;+0,-2",True,0.939,False,0,92.8,0.195,zero,1111110,0,0.935,0.418,0.001,nonzero,1111??1,389,0.398,1.114,0.02,nonzero,1111??1,389,0.391,1.063,0.024,zero,1111110,0,0.837,0.398,0.03
1774492658536,uncertain,p1_ambiguous,,,,252.8,110.0,62.0,167.0,0.585,"+2,+2;+2,+2;+0,+0;+0,-2;-2,-2",True,0.886,False,2,105.2,0.129,uncertain,111111?,08,0.994,0.532,0.0,uncertain,111111?,08,0.954,0.481,0.0,nonzero,1111?11,89,0.401,1.019,0.0,zero,1111110,0,0.877,0.42,0.0
1774492676644,no_display,no_ghost_to_lit_contrast,,,,252.2,109.5,62.0,167.0,0.557,"+2,+4;+2,+2;+0,+0;+0,-2;+0,-2",,,,,,0.175,,,,,,,,,,,,,,,,,,,,,,,,
1774492827178,ok,,2,100,0.007,254.2,110.0,61.0,168.5,0.459,"+0,+2;+0,+2;+0,+0;+0,+0;+0,-2",True,0.874,False,0,76.2,0.195,zero,1111110,0,0.855,0.373,0.074,nonzero,1111??1,389,0.421,1.201,0.007,nonzero,11?11?1,28,0.448,1.122,0.033,uncertain,111111?,08,0.854,0.47,0.0
1774573951113,ok,,3,10,0.044,287.8,102.0,57.0,177.0,0.588,"-8,+8;-2,+8;+0,+4;+0,-2;+4,-8",True,0.85,False,0,64.1,0.226,zero,1111110,0,0.862,-0.776,0.044,zero,1111110,0,0.921,-0.759,0.104,nonzero,1111011,9,-0.915,0.853,0.09,zero,1111110,0,0.888,-0.758,0.151
1774574690666,ok,,2,100,0.151,254.2,109.5,59.0,168.5,0.522,"+0,+6;+2,+4;+0,+2;+2,+0;+0,-2",True,0.829,False,0,149.6,0.182,zero,1111110,0,0.882,-0.129,0.151,nonzero,0110000,1,-0.012,-0.004,0.265,nonzero,1011011,5,-0.169,0.912,0.089,nonzero,1011011,5,-0.135,1.084,0.26
1774574707316,ok,,2,100,0.028,250.8,110.0,59.0,168.5,0.624,"+0,+2;+2,+2;+2,+0;+0,+0;-2,-2",True,0.816,False,0,149.0,0.135,zero,1111110,0,0.918,-0.19,0.028,nonzero,1101101,2,-0.112,1.049,0.113,nonzero,0110011,4,-0.238,1.049,0.121,zero,1111110,0,0.957,-0.145,0.077
1774574723126,ok,,2,100,0.135,263.5,106.0,62.0,168.5,0.668,"-8,+6;-4,+2;+0,+2;+2,+0;+4,-2",True,0.865,False,0,154.1,0.094,zero,1111110,0,0.909,-0.1,0.135,nonzero,1111001,3,-0.117,1.033,0.181,nonzero,1111001,3,-0.136,1.087,0.288,nonzero,1011011,5,-0.109,1.03,0.235
1774574791282,uncertain,grid_at_search_bound,,,,309.2,98.0,59.0,174.0,0.643,"-8,+8;-4,+8;-2,+4;+2,-2;+6,-8",True,0.706,False,0,99.0,0.118,zero,1111110,0,0.924,-0.498,0.022,zero,1111110,0,0.99,-0.5,0.175,nonzero,1111111,8,0.701,0.839,0.062,nonzero,1011011,5,-0.59,1.111,0.177
1774574908518,ok,,1,1000,0.122,263.5,106.5,57.0,167.0,0.437,"-6,+8;-4,+6;-2,+4;+0,+0;+2,-2",True,0.723,False,0,139.6,0.181,nonzero,011?000,1,-0.183,-0.11,0.122,nonzero,0110000,1,0.036,0.033,0.154,zero,1111110,0,0.889,-0.175,0.09,zero,1111110,0,0.968,-0.096,0.117
1774574937826,ok,,1,1000,0.036,250.8,110.0,54.0,166.0,0.374,"+2,+8;+2,+6;+0,+4;+0,+0;-2,-2",True,1.296,False,1,81.2,0.113,nonzero,011?000,1,-0.454,0.053,0.036,nonzero,0110000,1,-0.01,-0.064,0.0,nonzero,1111011,9,0.073,1.0,0.017,nonzero,1011011,5,-0.999,1.167,0.001
1774574965824,ok,,1,1000,0.02,264.2,106.0,55.0,166.0,0.474,"+0,+8;-2,+6;+0,+2;+0,+0;+2,-2",True,0.514,False,2,70.4,0.123,nonzero,0110000,1,-0.142,-0.106,0.02,uncertain,?101101,2,-0.22,0.939,0.024,nonzero,?111001,3,0.094,1.123,0.007,zero,1111110,0,0.883,0.296,0.154
1774575038502,ok,,2,100,0.003,250.8,110.0,58.0,168.5,0.487,"+0,+8;+2,+4;-2,+2;+0,+0;-2,-2",True,0.875,False,0,86.1,0.209,zero,1111110,0,0.603,-0.095,0.003,nonzero,0110000,1,-0.061,-0.051,0.107,nonzero,1011111,6,-0.099,1.078,0.061,zero,1111110,0,0.683,-0.096,0.007
1774575064281,uncertain,p2_invalid_pattern,,,,261.5,106.5,55.0,167.0,0.465,"-8,+2;-2,+4;-2,+2;+0,-2;+2,-4",True,0.516,False,0,79.4,0.138,zero,1111110,0,0.613,-0.106,0.006,uncertain,1?11101,,-0.638,0.9,0.024,uncertain,0011100,,0.086,0.28,0.01,nonzero,?011?11,56,-0.487,1.0,0.006
1774575404980,ok,,2,100,0.19,265.0,106.5,72.0,170.0,0.572,"-6,+2;-4,+2;-2,+0;+0,+0;+2,-2",True,1.011,False,0,99.3,0.164,zero,1111110,0,0.969,0.16,0.192,nonzero,1111011,9,0.11,1.097,0.19,nonzero,1111111,8,0.857,0.981,0.095,zero,1111110,0,0.944,0.071,0.218
1774575668995,ok,,3,10,0.186,265.8,106.0,55.0,168.5,0.574,"+0,+8;-2,+4;+0,+2;+0,+0;+2,-4",True,0.636,False,0,168.6,0.11,zero,1111110,0,0.958,-0.114,0.186,zero,1111110,0,1.005,-0.147,0.262,nonzero,1110000,7,0.009,0.001,0.209,nonzero,1011011,5,-0.192,1.0,0.248
1774575687995,ok,,2,100,0.069,263.5,106.0,56.0,168.5,0.574,"-6,+8;-2,+4;-2,+4;+0,+0;+2,-2",True,0.933,False,0,162.1,0.135,zero,1111110,0,0.984,-0.017,0.268,nonzero,0110000,1,0.026,0.003,0.069,nonzero,1011011,5,-0.186,1.083,0.328,zero,1111110,0,0.935,-0.077,0.224
1774575703525,ok,,2,100,0.189,263.5,106.0,59.0,167.0,0.698,"-4,+8;-2,+4;+0,+0;+0,-2;+0,-4",True,0.758,False,0,170.5,0.19,zero,1111110,0,0.965,-0.19,0.189,nonzero,1101101,2,-0.168,1.068,0.264,zero,1111110,0,0.996,-0.123,0.245,zero,1111110,0,0.875,-0.164,0.128
1774576412437,ok,,3,10,0.101,258.5,106.5,40.0,180.0,0.656,"-8,-8;-6,+4;-2,+2;+0,+0;+2,-2",True,0.742,False,0,121.3,0.135,zero,1111110,0,0.98,-0.627,0.136,zero,1111110,0,0.994,-0.591,0.17,nonzero,1111011,9,-0.635,0.958,0.101,zero,1111110,0,0.936,-0.607,0.135
1774576427732,ok,,2,100,0.163,265.0,105.5,49.0,168.5,0.536,"+0,-8;+2,+4;+0,+2;+0,+0;+2,-4",True,0.951,False,0,146.4,0.172,zero,1111110,0,0.97,-0.3,0.163,nonzero,0110000,1,-0.065,-0.042,0.228,zero,1111110,0,0.988,-0.337,0.2,zero,1111110,0,0.918,-0.378,0.112
1774576448143,ok,,2,100,0.208,263.5,106.0,46.0,170.0,0.395,"-4,-8;+0,+4;+0,+2;-2,+0;+0,-4",True,0.97,False,0,144.1,0.432,zero,1111110,0,0.993,-0.327,0.208,nonzero,0110000,1,-0.13,-0.078,0.223,nonzero,0110000,1,-0.126,-0.056,0.279,nonzero,1011011,5,-0.463,0.973,0.173
1774576941045,ok,,2,100,0.268,267.2,105.5,45.0,173.0,0.593,"-8,-8;+2,+4;+2,+2;+0,-2;+0,-4",True,0.715,False,1,133.6,0.207,zero,1111110,0,1.018,-0.516,0.268,nonzero,1101101,2,-0.466,1.017,0.277,nonzero,1011011,5,-0.48,0.997,0.223,zero,1111110,0,0.918,-0.471,0.139
1774576962862,ok,,2,100,0.195,261.5,106.0,44.0,180.0,0.494,"-8,-8;+0,+6;+2,+0;+0,+0;+4,-6",True,0.867,False,1,112.8,0.11,zero,1111110,0,0.96,-0.693,0.195,nonzero,1011011,5,-0.575,1.009,0.241,nonzero,0110011,4,-0.553,1.154,0.326,nonzero,1011011,5,-0.822,0.96,0.118
1774577568949,ok,,2,100,0.205,263.5,106.0,47.0,173.0,0.507,"-8,-8;-2,+6;-2,+2;+2,-2;+4,-4",True,1.194,False,0,116.6,0.305,zero,1111110,0,1.171,-0.459,0.39,nonzero,0110000,1,-0.05,-0.065,0.205,nonzero,1111111,8,0.806,0.808,0.002,nonzero,1011011,5,-0.658,1.0,0.147
1774577733824,ok,,2,100,0.009,265.8,106.5,40.0,180.0,0.426,"-2,-6;+0,+4;-2,-2;+0,+0;+0,-4",True,1.485,False,0,91.3,0.142,zero,1111110,0,0.913,-0.49,0.056,nonzero,0110000,1,-0.083,-0.072,0.009,zero,1111110,0,0.973,-0.463,0.112,nonzero,?0??0??,5,-0.332,0.572,0.007
1774577911807,ok,,2,100,0.149,268.5,106.0,52.0,170.0,0.575,"-2,-8;+0,+4;+0,+0;+0,-2;+0,-6",True,0.786,False,0,141.0,0.116,zero,1111110,0,1.0,-0.302,0.149,nonzero,1101101,2,-0.282,1.105,0.298,zero,1111110,0,0.881,-0.308,0.103,uncertain,?011011,5,-0.005,0.879,0.019
1774578054508,ok,,1,1000,0.181,269.2,106.0,45.0,167.5,0.229,"-2,+4;-2,+4;+0,+2;+0,+0;+2,-2",True,0.725,False,0,72.3,0.135,nonzero,0110000,1,0.005,0.077,0.181,nonzero,0110000,1,0.009,0.081,0.19,nonzero,1110000,7,0.002,0.037,0.218,nonzero,1011011,5,-0.174,0.975,0.108
1774578240019,ok,,2,100,0.234,265.0,106.0,59.0,167.0,0.6,"-4,+8;+0,+4;+0,+0;+0,-2;+2,-4",True,0.85,False,0,166.0,0.163,zero,1111110,0,0.982,-0.186,0.303,nonzero,1111001,3,-0.169,1.065,0.234,nonzero,0110011,4,-0.228,1.071,0.302,zero,1111110,0,0.908,-0.2,0.19
1774578259278,ok,,2,100,0.191,266.5,106.0,57.0,167.0,0.635,"-2,+8;+0,+4;-2,+2;+0,-2;+0,-4",True,0.871,False,0,163.4,0.14,zero,1111110,0,0.957,-0.216,0.191,nonzero,1111001,3,-0.211,1.096,0.309,nonzero,1011111,6,-0.246,0.983,0.188,nonzero,1011011,5,-0.299,1.002,0.235
1774578277903,ok,,2,100,0.229,263.5,106.0,57.0,167.0,0.592,"-4,+8;+0,+4;+0,+2;+0,-2;+2,-4",True,0.947,False,0,169.0,0.147,zero,1111110,0,0.951,-0.183,0.229,nonzero,0110011,4,-0.242,1.094,0.33,nonzero,1111001,3,-0.22,1.051,0.261,zero,1111110,0,0.924,-0.215,0.207
1774578383952,ok,,2,100,0.148,263.5,106.0,51.0,168.5,0.587,"-4,-8;+0,+4;+0,+2;-2,+0;+0,-4",True,0.939,False,0,151.9,0.137,zero,1111110,0,0.926,-0.222,0.148,nonzero,0110011,4,-0.195,1.094,0.311,nonzero,1111001,3,-0.216,1.057,0.252,zero,1111110,0,0.91,-0.246,0.17
1774578544095,ok,,2,100,0.226,260.8,106.5,55.0,168.5,0.577,"-8,+8;-4,+4;-2,+2;-2,+0;+0,-4",True,0.781,False,0,160.8,0.142,zero,1111110,0,0.97,-0.179,0.317,nonzero,1101101,2,-0.209,1.036,0.226,nonzero,1110000,7,-0.131,-0.012,0.287,zero,1111110,0,0.875,-0.167,0.093
1774578559193,ok,,2,100,0.194,263.5,106.0,57.0,167.0,0.677,"-6,+8;-2,+4;-2,+2;+0,-2;+2,-4",True,0.89,False,0,162.1,0.152,zero,1111110,0,0.967,-0.171,0.194,nonzero,1111001,3,-0.173,1.144,0.286,zero,1111110,0,0.97,-0.189,0.189,zero,1111110,0,0.945,-0.172,0.143
1774578580051,ok,,2,100,0.203,263.5,106.0,56.0,168.5,0.637,"-2,+8;+0,+6;+2,+2;+0,+0;+2,-4",True,0.785,False,0,163.3,0.15,zero,1111110,0,0.952,-0.176,0.217,nonzero,1011111,6,-0.233,1.022,0.203,nonzero,1111001,3,-0.243,1.068,0.29,nonzero,1011011,5,-0.277,0.998,0.22
1774578642381,ok,,2,100,0.229,266.5,105.5,54.0,166.0,0.562,"-2,+8;+2,+4;+0,+2;+0,-2;+2,-4",True,0.941,False,0,151.5,0.153,zero,1111110,0,0.924,-0.175,0.229,nonzero,0110011,4,-0.21,1.083,0.234,nonzero,1111001,3,-0.191,1.023,0.149,nonzero,1011011,5,-0.213,1.003,0.192
1774578793446,ok,,2,100,0.066,265.8,106.0,56.0,168.5,0.62,"-4,+8;-2,+6;+0,+2;+0,+0;+2,-4",True,0.773,False,0,157.3,0.155,zero,1111110,0,0.86,-0.158,0.066,nonzero,1101101,2,-0.254,0.994,0.206,nonzero,1011111,6,-0.213,1.049,0.211,nonzero,1011011,5,-0.212,1.079,0.274
1774578806623,ok,,2,100,0.189,269.2,105.5,55.0,167.0,0.519,"-2,+8;+2,+4;+2,+2;+0,+0;+2,-4",True,0.733,False,0,157.9,0.144,zero,1111110,0,0.885,-0.177,0.189,nonzero,1101101,2,-0.275,1.042,0.254,nonzero,1110000,7,-0.174,-0.067,0.212,nonzero,1011011,5,-0.283,1.044,0.25
1774578841977,ok,,2,100,0.218,277.8,102.5,58.0,167.0,0.623,"-8,+8;-2,+4;-2,+2;+2,+0;+2,-4",True,0.871,False,0,158.9,0.141,zero,1111110,0,0.934,-0.161,0.218,nonzero,1111001,3,-0.157,1.087,0.266,zero,1111110,0,0.935,-0.158,0.208,nonzero,1011011,5,-0.21,1.02,0.199
1774578892575,ok,,2,100,0.192,263.5,106.0,55.0,170.0,0.642,"-2,+8;+0,+4;+0,+4;+0,+0;+0,-2",True,0.979,False,0,146.8,0.171,zero,1111110,0,0.966,-0.199,0.192,nonzero,0110011,4,-0.213,1.164,0.259,nonzero,1111111,8,0.825,0.936,0.128,nonzero,1011011,5,-0.213,1.0,0.17
1774579198308,ok,,2,100,0.039,266.5,106.0,51.0,167.0,0.604,"-2,+8;+0,+4;+0,+0;+0,-2;+0,-4",True,0.746,False,0,153.8,0.189,zero,1111110,0,1.02,-0.23,0.205,nonzero,1111001,3,-0.371,0.948,0.039,zero,1111110,0,0.907,-0.301,0.103,zero,1111110,0,1.0,-0.314,0.171
1774580300536,ok,,2,100,0.163,263.5,106.0,45.0,167.0,0.598,"-2,+4;+0,+2;+0,+0;+2,-2;+2,-2",True,0.738,False,0,96.7,0.222,zero,1111110,0,0.938,-0.013,0.194,nonzero,1011011,5,-0.135,1.119,0.163,nonzero,1111111,8,0.936,0.904,0.035,nonzero,1011011,5,-0.034,0.918,0.083
1774580368257,ok,,2,100,0.02,265.0,106.0,32.0,180.0,0.277,"+0,-2;+0,+4;+0,+2;+0,+0;+0,-2",True,0.853,False,1,51.3,0.203,zero,1111110,0,0.769,-0.004,0.164,nonzero,1111001,3,-0.12,1.294,0.02,nonzero,1111011,9,-0.211,0.926,0.009,zero,1111110,0,0.728,-0.024,0.06
1774580433023,ok,,2,100,0.009,265.8,106.0,40.0,171.5,0.445,"+0,+0;+0,+2;+0,-4;+0,-2;+0,-6",True,0.913,False,0,88.5,0.161,zero,1111110,0,0.992,0.027,0.252,nonzero,0110?00,1,0.125,0.121,0.009,zero,1111110,0,0.846,0.054,0.119,zero,1111110,0,0.676,-0.022,0.028
1774580459547,ok,,2,100,0.049,261.5,106.5,45.0,165.5,0.393,"-2,+2;+0,+2;-2,+0;+0,-2;+2,-2",True,1.018,False,0,75.7,0.183,zero,1111110,0,1.089,0.053,0.319,nonzero,?110000,17,0.133,0.21,0.049,nonzero,1011111,6,0.23,0.757,0.004,nonzero,1011011,5,-0.052,0.872,0.01
1774580521250,ok,,2,100,0.028,266.5,106.0,36.0,180.0,0.375,"-2,-4;+0,+4;+0,+0;+0,-8;+2,-2",True,0.828,False,0,102.0,0.208,zero,1111110,0,0.888,-0.05,0.119,nonzero,0110000,1,-0.028,0.118,0.028,nonzero,0110000,1,0.092,0.047,0.074,nonzero,1011011,5,-0.065,0.809,0.014
1774580600386,ok,,2,100,0.024,263.5,106.0,34.0,180.0,0.374,"-2,+4;+0,+4;+0,+0;+0,-2;+2,-2",True,1.027,False,0,84.3,0.203,zero,1111110,0,0.948,0.014,0.092,nonzero,0110000,1,0.118,0.169,0.024,nonzero,0110000,1,0.143,0.206,0.035,zero,1111110,0,0.716,0.012,0.005
1774580625849,ok,,2,100,0.008,261.5,106.5,47.0,167.0,0.408,"-2,+4;+0,+2;-2,+0;+0,-2;+2,-4",True,1.114,False,0,80.2,0.256,zero,1111110,0,1.22,0.136,0.305,nonzero,0110?00,1,0.203,0.28,0.008,nonzero,1111111,8,0.847,0.938,0.02,nonzero,1011011,5,-0.039,1.022,0.113
1774580661885,ok,,2,100,0.013,261.5,106.5,43.0,168.5,0.34,"-2,+4;-2,+2;+0,+2;+0,+0;+2,-2",True,0.735,False,1,65.1,0.224,zero,1111110,0,0.871,0.189,0.013,nonzero,1101101,2,0.199,1.048,0.06,nonzero,1?11011,59,0.109,0.942,0.035,nonzero,1011011,5,0.072,0.945,0.04
1774581171578,ok,,2,100,0.003,260.8,109.5,63.0,168.5,0.339,"+2,+2;+2,+2;+2,+0;+0,-2;+0,-4",True,0.961,False,2,50.7,0.166,zero,1111110,0,0.708,0.394,0.003,nonzero,1?11111,68,0.402,1.06,0.069,nonzero,?11??11,489,0.402,1.364,0.015,nonzero,1011?11,56,0.194,1.082,0.076
1774581284416,uncertain,p2_ambiguous,,,,267.2,106.5,58.0,163.0,0.413,"-2,+4;-2,+2;-2,+0;+0,-2;+0,-2",True,0.925,False,0,69.6,0.267,zero,1111110,0,0.879,0.435,0.015,uncertain,?11????,0134789,0.411,0.52,0.001,nonzero,1111111,8,0.744,1.034,0.012,zero,1111110,0,0.932,0.345,0.083
1774581306285,uncertain,p1_ambiguous,,,,268.5,106.5,57.0,160.0,0.404,"-4,+4;-2,+2;-2,+0;+0,+0;+2,-2",True,0.762,False,1,66.3,0.156,uncertain,111111?,08,0.921,0.451,0.026,nonzero,11?11?1,28,0.384,1.16,0.004,nonzero,1?11?11,5689,0.356,1.058,0.0,zero,1111110,0,0.874,0.342,0.009
1774581367386,uncertain,leftmost_position_lit,,,,267.8,106.5,58.0,160.0,0.386,"-4,+4;-2,+2;-2,+0;+0,-2;+0,-4",True,0.881,True,5,64.1,0.311,uncertain,111111?,08,0.937,0.565,0.039,uncertain,?1111??,08,0.369,0.63,0.005,nonzero,1111?01,3,0.257,1.068,0.009,zero,1111110,0,0.835,0.375,0.006
1774581441501,ok,,2,100,0.001,266.5,106.5,59.0,162.5,0.407,"-4,+4;-2,+2;-2,+0;+0,-2;+2,-2",True,0.786,False,0,71.7,0.207,zero,1111110,0,0.995,0.332,0.029,nonzero,011???0,1,0.294,0.419,0.001,nonzero,11?1101,2,0.218,1.035,0.027,zero,1111110,0,0.85,0.236,0.007
1774581470817,uncertain,p1_ambiguous,,,,265.8,106.5,60.0,164.0,0.43,"-4,+4;-2,+2;+0,+0;+0,-2;+2,-4",True,0.828,False,0,80.4,0.155,uncertain,111111?,08,0.894,0.464,0.047,nonzero,11?11?1,28,0.476,0.937,0.005,uncertain,111111?,08,0.815,0.452,0.098,nonzero,1011?11,56,0.127,1.053,0.048
1774581490985,uncertain,leftmost_position_lit,,,,266.5,106.5,60.0,162.5,0.402,"-2,+4;-2,+2;-2,+0;+0,-2;+0,-4",True,0.783,True,4,72.2,0.238,uncertain,111111?,08,0.911,0.502,0.065,nonzero,?11??11,489,0.391,1.19,0.008,uncertain,111111?,08,0.996,0.5,0.093,nonzero,1011?11,56,0.255,1.001,0.016
1774581902994,ok,,2,100,0.001,273.5,106.0,65.0,165.5,0.405,"-4,+4;-2,+2;-2,+0;+0,-2;+0,-4",True,0.642,False,0,67.7,0.161,zero,11?1?10,0,0.498,0.183,0.002,nonzero,?110?11,49,0.299,0.998,0.001,uncertain,111111?,08,0.808,0.458,0.025,nonzero,1?11?11,5689,0.324,1.182,0.032
1774582398125,ok,,2,100,0.034,252.2,109.5,62.0,164.5,0.42,"+4,+2;+2,+2;+0,-2;+0,-2;+0,-2",True,1.021,False,0,50.3,0.194,zero,1111110,0,0.658,0.086,0.034,nonzero,1110000,7,0.138,0.156,0.055,nonzero,1011111,6,0.056,1.116,0.016,nonzero,1011011,5,0.019,1.193,0.012
1774582462487,ok,,2,100,0.004,266.5,106.0,62.0,168.5,0.345,"-4,+2;-2,+2;-2,+0;+0,-2;+2,-2",True,0.917,False,0,54.2,0.165,zero,1111110,0,0.886,0.164,0.201,nonzero,0110000,1,0.245,0.281,0.004,nonzero,011???0,1,0.295,0.307,0.005,zero,1111110,0,0.862,0.197,0.099
1774583760541,ok,,3,10,0.002,275.0,106.5,55.0,160.0,0.295,"-4,+6;-4,+2;-2,+0;+0,+0;+2,-2",True,0.765,False,0,62.7,0.154,zero,1111110,0,0.974,0.018,0.02,zero,1111110,0,0.809,0.007,0.049,nonzero,1111011,9,-0.047,0.996,0.002,zero,1111110,0,0.934,-0.018,0.307
1774583926960,ok,,2,100,0.025,277.2,106.0,40.0,170.0,0.311,"-2,-2;-2,+4;-2,+2;+0,+0;+2,-2",True,0.974,False,0,78.4,0.119,zero,1111110,0,0.818,-0.101,0.025,nonzero,1110000,7,0.011,0.07,0.119,nonzero,1111011,9,-0.147,0.989,0.107,nonzero,1011011,5,-0.303,1.1,0.252
1774654619417,ok,,2,100,0.027,262.0,107.0,62.0,168.5,0.517,"-4,+4;-2,+2;+0,+0;+0,+0;+2,-2",True,0.798,False,0,85.1,0.152,zero,1111110,0,0.836,0.054,0.027,nonzero,1101101,2,0.008,1.132,0.169,nonzero,1110000,7,0.028,0.074,0.126,zero,1111110,0,0.795,-0.009,0.046
1774654733759,ok,,2,100,0.033,255.8,109.5,61.0,166.0,0.598,"+4,+2;+2,+2;+2,+0;+0,-2;+0,-4",True,0.947,False,0,94.8,0.112,zero,1111110,0,0.879,0.023,0.033,nonzero,1011111,6,-0.088,1.04,0.149,zero,1111110,0,1.018,0.027,0.125,zero,1111110,0,0.888,0.032,0.075
1774654801004,ok,,2,100,0.079,255.8,109.5,62.0,163.0,0.552,"+4,+4;+4,+2;+2,+0;+0,-2;+0,-4",True,1.013,False,0,100.5,0.177,zero,1111110,0,0.946,-0.001,0.116,nonzero,0110000,1,0.125,0.149,0.079,nonzero,0110011,4,-0.039,1.167,0.227,zero,1111110,0,0.924,0.015,0.008
1774654823727,ok,,2,100,0.159,266.5,106.5,61.0,164.5,0.593,"-4,+4;-2,+2;-2,+0;+0,-2;+0,-4",True,0.905,False,0,117.8,0.218,zero,1111110,0,0.934,0.007,0.159,nonzero,0110000,1,-0.001,0.138,0.194,nonzero,1011111,6,-0.059,0.946,0.012,nonzero,1011011,5,-0.035,0.988,0.039
1774655020459,ok,,2,100,0.263,269.2,106.5,61.0,166.0,0.675,"-6,+4;-2,+2;-2,+0;+0,-2;+0,-4",True,0.914,False,0,116.8,0.17,zero,1111110,0,0.949,-0.003,0.263,nonzero,1111001,3,-0.095,1.076,0.282,nonzero,1011111,6,-0.044,0.864,0.078,zero,1111110,0,0.811,-0.021,0.03
1774655104338,ok,,2,100,0.206,255.0,109.5,61.0,166.0,0.479,"+2,+2;+4,+2;+0,+0;+0,-2;+0,-2",True,0.973,False,0,109.9,0.214,zero,1111110,0,0.954,-0.089,0.211,nonzero,0110000,1,0.025,0.123,0.206,nonzero,0110000,1,0.026,0.087,0.123,nonzero,1011011,5,-0.082,0.978,0.08
1774656306672,ok,,2,100,0.029,271.5,106.0,60.0,163.0,0.448,"-2,+4;+0,+2;-2,+0;+0,+0;+0,-2",True,0.677,False,0,56.8,0.2,zero,1111110,0,0.774,0.09,0.029,nonzero,1111011,9,-0.054,1.306,0.083,nonzero,1?11?11,5689,0.343,0.921,0.011,uncertain,??11111,68,0.499,0.94,0.004
1774656378224,ok,,2,100,0.005,271.5,106.0,60.0,165.5,0.501,"-6,+2;-4,+0;-2,+0;+0,-2;+2,-4",True,0.788,False,0,62.6,0.216,zero,1111110,0,0.898,0.05,0.005,nonzero,1101101,2,-0.017,1.08,0.113,zero,1111110,0,0.953,0.034,0.067,uncertain,111??1?,0789,0.472,0.681,0.041
1774656512269,ok,,2,100,0.007,273.5,106.0,58.0,165.5,0.458,"+2,+6;+0,+2;+0,+2;+0,+0;+2,-2",True,0.67,False,0,73.8,0.192,zero,1111110,0,0.863,0.121,0.007,nonzero,1101101,2,0.083,1.0,0.05,nonzero,1011011,5,0.086,1.041,0.141,nonzero,1011011,5,0.153,1.171,0.114
1774656579702,ok,,2,100,0.061,273.5,106.0,58.0,164.0,0.408,"-4,+6;-2,+2;-2,+2;+0,+0;+2,-2",True,0.868,False,0,71.7,0.221,zero,1111110,0,0.873,0.174,0.092,nonzero,0110000,1,0.025,0.165,0.061,nonzero,1101101,2,0.006,1.006,0.062,zero,1111110,0,0.972,0.036,0.172
1774669586277,ok,,3,10,0.11,287.8,102.5,43.0,167.0,0.588,"-4,-8;+0,+2;+0,+2;+0,+0;+2,-2",True,0.712,False,0,129.1,0.154,zero,1111110,0,0.867,-0.291,0.11,zero,1111110,0,0.932,-0.352,0.217,nonzero,0110011,4,-0.382,1.219,0.399,nonzero,1011011,5,-0.377,1.089,0.269
1775520637183,uncertain,p1_unstable_across_repeats,,,,263.5,106.0,35.0,190.0,0.447,"-4,-8;-2,+2;+0,+2;+2,+0;+4,-2",True,1.256,False,1,63.3,0.184,uncertain,?111110,0,0.58,-0.824,0.0,uncertain,1011011,5,-0.725,1.018,0.0,zero,1111110,0,0.642,-0.733,0.0,uncertain,1011011,5,-1.052,0.974,0.0
1775520686694,uncertain,grid_at_search_bound,,,,310.0,102.0,43.0,174.0,0.349,"-6,-4;+8,+4;+0,+6;-2,+2;-4,-2",True,1.569,False,2,64.6,0.188,uncertain,1111??0,0,0.45,-0.93,0.022,nonzero,1110?00,7,-0.773,-0.477,0.024,uncertain,1111011,9,-1.01,0.993,0.011,uncertain,1011011,5,-1.167,1.054,0.014
1775520762406,uncertain,p2_unstable_across_repeats,,,,267.8,106.5,34.0,190.0,0.616,"-2,-4;-2,+2;+0,+2;+0,+0;+2,-2",True,1.076,False,1,55.0,0.113,zero,1111110,0,0.703,-0.701,0.092,uncertain,1111011,9,-0.508,0.878,0.004,nonzero,1111001,3,-0.884,1.038,0.012,uncertain,1111110,0,0.819,-0.868,0.0
1775520955465,uncertain,p3_unstable_across_repeats,,,,290.8,102.0,46.0,178.5,0.602,"+2,+0;+0,+4;+0,+2;+0,-2;+2,-4",True,1.038,False,1,70.3,0.145,zero,1111110,0,0.753,-0.714,0.153,zero,1111110,0,0.786,-0.618,0.013,uncertain,1111011,9,-0.784,0.847,0.003,zero,1111110,0,0.823,-0.711,0.027
1775520978568,uncertain,grid_at_search_bound,,,,235.5,111.0,25.0,191.5,0.524,"-2,-4;+0,+2;+2,+0;+2,-4;+2,-2",True,1.134,False,2,62.9,0.192,zero,1111110,0,0.9,-0.863,0.08,nonzero,?101101,2,-0.821,0.999,0.011,nonzero,0110011,4,-1.221,1.524,0.46,uncertain,1011011,5,-1.039,0.954,0.004
1775521072842,uncertain,grid_at_search_bound,,,,242.2,110.0,26.0,181.5,0.43,"-4,+4;-2,-2;+0,-8;+2,-2;+2,-4",True,1.196,False,0,87.1,0.18,zero,1111110,0,0.998,-0.439,0.068,nonzero,0110000,1,-0.137,-0.126,0.005,nonzero,0110011,4,-0.825,1.235,0.438,zero,1111110,0,0.734,-0.5,0.022
1775521095208,ok,,2,100,0.008,269.2,106.0,34.0,180.0,0.532,"-4,-4;-2,+4;-2,+2;+0,+0;+2,-2",True,0.936,False,1,80.1,0.115,zero,1111110,0,0.948,-0.605,0.056,nonzero,1101101,2,-0.72,1.017,0.008,nonzero,0110011,4,-0.883,1.297,0.494,zero,1111110,0,0.791,-0.51,0.002
1775521517945,ok,,3,10,0.144,267.8,106.5,48.0,174.5,0.59,"-8,+6;-4,+2;+0,+0;+0,-2;+2,-2",True,0.782,False,0,119.9,0.169,zero,1111110,0,1.017,-0.482,0.277,zero,1111110,0,1.0,-0.455,0.27,nonzero,1111011,9,-0.586,0.909,0.144,nonzero,1011011,5,-0.471,0.971,0.205
1775521637066,uncertain,grid_at_search_bound,,,,305.0,118.0,65.0,170.0,0.298,"+2,-6;-8,+8;+4,+2;+2,-2;-8,-8",True,0.493,False,1,154.8,0.111,nonzero,0110000,1,-0.103,-0.07,0.006,uncertain,0110110,,-0.009,-0.055,0.035,uncertain,0??00?0,1,0.246,-0.186,0.001,uncertain,0000000,,-0.406,0.114,0.139
1775521663256,ok,,2,100,0.017,268.5,106.5,34.0,181.5,0.514,"-4,-2;-2,+4;-2,-6;+0,+0;+2,-2",True,1.301,False,0,88.9,0.124,zero,1111110,0,0.962,-0.562,0.04,nonzero,0110000,1,-0.029,-0.064,0.017,nonzero,1111111,8,0.64,0.837,0.006,nonzero,1011011,5,-0.51,1.046,0.086
1775521680332,ok,,2,100,0.099,266.5,106.0,30.0,186.0,0.511,"-2,+0;-2,+6;+2,+2;+2,-4;+4,-2",True,0.989,False,1,81.1,0.15,zero,1111110,0,0.915,-0.728,0.099,nonzero,1101101,2,-0.703,0.999,0.105,nonzero,0110011,4,-0.621,1.411,0.138,nonzero,1011011,5,-0.723,0.951,0.013
1775521743355,ok,,2,100,0.077,265.0,106.0,35.0,190.0,0.595,"-2,-2;+0,+4;+0,+2;+0,+0;+6,-4",True,1.172,False,1,72.7,0.21,zero,1111110,0,1.056,-1.091,0.077,nonzero,1111001,3,-0.916,1.158,0.216,nonzero,1111011,9,-1.099,0.981,0.04,zero,1111110,0,0.949,-0.955,0.153
1775521766118,ok,,2,100,0.208,270.0,106.0,36.0,180.0,0.579,"-2,-6;+0,+4;+0,+0;+0,+0;+2,-4",True,1.129,False,1,96.3,0.13,zero,1111110,0,0.967,-0.518,0.208,nonzero,1110000,7,-0.205,-0.198,0.249,nonzero,1111001,3,-0.507,1.05,0.152,zero,1111110,0,0.799,-0.521,0.091
1775521813384,ok,,2,100,0.088,266.5,106.5,34.0,180.0,0.518,"-4,-2;-2,+2;+0,+0;+0,-2;+2,-4",True,0.857,False,0,96.1,0.142,zero,1111110,0,0.993,-0.277,0.219,nonzero,1101101,2,-0.252,0.999,0.088,nonzero,0110011,4,-0.288,1.211,0.299,nonzero,1011011,5,-0.282,0.918,0.063
1775521880168,ok,,2,100,0.064,280.0,103.0,38.0,181.5,0.538,"-2,-2;+0,+4;-2,-6;+2,+0;+4,-4",True,1.341,False,1,83.2,0.161,zero,1111110,0,0.848,-0.598,0.098,nonzero,?110000,17,0.029,-0.027,0.064,nonzero,1011111,6,-0.428,1.002,0.021,uncertain,1011011,5,-0.527,0.93,0.112
1775522452243,ok,,2,100,0.105,250.8,109.0,61.0,167.0,0.528,"+0,+2;+2,+0;+2,+0;+0,-2;+2,-2",True,1.183,False,0,97.3,0.173,zero,1111110,0,1.169,-0.267,0.4,nonzero,0110000,1,0.07,0.116,0.105,nonzero,1111001,3,-0.37,1.0,0.287,zero,1111110,0,0.898,-0.29,0.155
1775522477113,ok,,2,100,0.188,260.0,106.0,54.0,178.5,0.509,"-2,+8;-2,+2;+4,+2;+2,+0;+2,-2",True,0.966,False,0,79.3,0.155,zero,1111110,0,1.017,-0.755,0.188,nonzero,1101101,2,-0.847,1.01,0.301,nonzero,1011111,6,-0.996,0.844,0.059,nonzero,1011011,5,-0.942,0.99,0.289
1775522691096,ok,,2,100,0.218,266.5,106.0,57.0,170.0,0.596,"-6,+8;-4,+2;+2,+0;+2,-2;+4,-4",True,0.856,False,0,98.3,0.104,zero,1111110,0,1.08,-0.518,0.32,nonzero,1011111,6,-0.612,1.0,0.218,nonzero,1111111,8,0.812,0.822,0.003,nonzero,1011011,5,-0.726,1.059,0.224
1775522730228,ok,,2,100,0.071,252.8,109.5,65.0,165.5,0.491,"+2,+4;+2,+0;+2,+0;+0,-4;+0,-4",True,1.016,False,0,114.2,0.139,zero,1111110,0,0.999,-0.272,0.233,nonzero,0110000,1,0.069,0.107,0.071,nonzero,1110000,7,-0.043,-0.012,0.222,zero,1111110,0,0.923,-0.322,0.111
1775522765505,ok,,2,100,0.134,255.0,109.5,61.0,167.0,0.486,"+0,+4;+2,+2;+0,+0;+0,-2;+0,-4",True,1.013,False,0,118.4,0.136,zero,1111110,0,0.989,-0.249,0.266,nonzero,0110000,1,0.05,0.108,0.134,nonzero,1110000,7,-0.016,0.021,0.226,zero,1111110,0,0.888,-0.273,0.065
1775524031164,ok,,2,100,0.048,261.5,106.0,42.0,182.5,0.486,"-2,-8;+0,+4;+2,+2;+0,+0;+2,-4",True,1.318,False,0,71.5,0.187,zero,1111110,0,1.179,-0.972,0.086,nonzero,1011011,5,-0.79,1.243,0.048,zero,1111110,0,0.776,-0.601,0.004,uncertain,1011011,5,-1.446,0.881,0.014
1775524054557,uncertain,p2_unstable_across_repeats,,,,261.5,106.0,41.0,185.5,0.493,"-6,-8;-2,+6;+0,+2;+0,+0;+2,-4",True,1.194,False,0,67.0,0.191,zero,1111110,0,1.186,-0.984,0.01,uncertain,1011111,6,-0.964,1.097,0.021,uncertain,1111011,9,-1.134,0.98,0.002,uncertain,1011011,5,-0.904,0.849,0.001
1775524082293,uncertain,p2_unstable_across_repeats,,,,281.5,102.0,47.0,173.0,0.574,"-8,-8;+0,+2;+0,+0;+0,-2;+2,-4",True,0.728,False,0,107.0,0.179,zero,1111110,0,1.039,-0.623,0.148,uncertain,1111111,8,0.683,0.72,0.001,nonzero,1110000,7,-0.532,-0.105,0.421,zero,1111110,0,0.98,-0.501,0.139
1775524200586,uncertain,grid_at_search_bound,,,,310.0,102.0,59.0,167.0,0.191,"+0,+6;-8,-6;+4,+8;+6,+2;-2,-4",True,0.933,False,0,116.8,0.118,uncertain,0100000,,-0.587,-0.256,0.001,uncertain,0000111,,-0.422,0.96,0.003,nonzero,0110011,4,-0.685,1.339,0.129,zero,1111110,0,0.72,-0.684,0.041
1775524373493,ok,,2,100,0.164,267.2,105.5,34.0,174.0,0.492,"-8,+0;+2,+8;+0,-2;+2,+0;+0,-4",True,1.185,False,0,109.9,0.192,zero,1111110,0,1.025,-0.655,0.214,nonzero,0110000,1,-0.18,-0.143,0.164,zero,1111110,0,0.963,-0.597,0.135,nonzero,1011011,5,-0.715,0.956,0.008
1775525887448,ok,,2,100,0.013,254.2,109.5,62.0,166.0,0.45,"+0,+4;+2,+2;+0,+0;+0,-2;+0,-2",True,0.974,False,0,69.0,0.237,zero,1111110,0,0.898,0.334,0.116,nonzero,11110?1,39,0.264,1.117,0.013,zero,1111110,0,0.956,0.377,0.051,nonzero,1?11?11,5689,0.32,1.12,0.016
1775526681860,ok,,2,100,0.101,265.8,106.0,46.0,170.0,0.5,"-4,-8;+0,+6;-2,-8;+0,+0;+0,-4",True,0.851,False,0,134.5,0.119,zero,1111110,0,0.879,-0.164,0.101,nonzero,0110000,1,-0.136,-0.042,0.199,zero,1111110,0,0.903,-0.181,0.16,nonzero,1011011,5,-0.31,1.108,0.3
1775526859874,ok,,2,100,0.017,267.2,106.0,40.0,168.5,0.664,"+0,-4;+0,+4;+0,+2;+0,+0;+0,-4",True,0.799,False,0,98.6,0.114,zero,1111110,0,0.999,-0.185,0.193,nonzero,1111111,8,0.853,1.007,0.017,nonzero,1111111,8,0.909,0.983,0.068,nonzero,1011011,5,-0.32,1.092,0.226
1775526918098,ok,,2,100,0.094,281.5,102.5,42.0,170.0,0.546,"-4,-8;-4,+4;-2,+2;-2,+0;+2,-4",True,0.763,False,0,124.3,0.174,zero,1111110,0,0.929,-0.261,0.094,nonzero,1111001,3,-0.244,1.049,0.204,nonzero,1111001,3,-0.332,1.025,0.251,zero,1111110,0,0.921,-0.249,0.257
1775527156758,ok,,2,100,0.0,250.8,110.0,64.0,167.0,0.433,"+2,+4;+2,+2;+0,+0;+0,-2;-2,-4",True,0.795,False,0,69.3,0.161,zero,1111110,0,0.648,0.45,0.0,nonzero,1111?11,89,0.32,1.151,0.023,zero,1111110,0,1.014,0.366,0.048,nonzero,1?11?11,5689,0.304,0.868,0.0
1775527224056,ok,,2,100,0.067,250.8,110.0,47.0,167.0,0.325,"+4,+2;+2,+2;+2,+0;+0,-2;-2,-4",True,0.785,False,1,72.5,0.159,zero,1111110,0,0.83,0.22,0.07,nonzero,11?11?1,28,0.39,1.001,0.067,nonzero,1111??1,389,0.326,1.077,0.003,nonzero,1011011,5,0.239,1.0,0.028
1775527493887,ok,,2,100,0.05,265.8,106.0,46.0,168.5,0.495,"-2,-8;+0,+6;+0,+4;+0,+0;+0,-2",True,0.802,False,0,146.2,0.122,zero,1111110,0,0.839,-0.154,0.05,nonzero,0110000,1,-0.065,-0.019,0.161,nonzero,1011011,5,-0.276,0.999,0.183,nonzero,1011011,5,-0.381,1.028,0.182
1775527540797,ok,,2,100,0.146,281.5,102.0,49.0,168.5,0.668,"-4,-8;+0,+6;+0,+2;+0,+0;+2,-4",True,0.654,False,0,150.6,0.119,zero,1111110,0,0.989,-0.245,0.146,nonzero,1101101,2,-0.327,1.032,0.214,nonzero,1111111,8,0.853,0.887,0.061,zero,1111110,0,1.087,-0.268,0.334
1775527574206,ok,,2,100,0.038,271.5,106.0,58.0,163.0,0.347,"-6,+8;-4,+4;-2,+0;+0,+0;+2,-4",True,0.667,False,0,79.4,0.135,zero,1111110,0,0.788,-0.023,0.038,nonzero,1101101,2,0.029,1.072,0.114,nonzero,0110011,4,0.009,1.09,0.121,zero,1111110,0,1.0,0.039,0.092
1775528500867,no_display,no_ghost_to_lit_contrast,,,,267.2,106.5,57.0,160.0,0.216,"-2,+6;-2,+4;-2,+2;+0,+0;+0,-2",,,,,,0.27,,,,,,,,,,,,,,,,,,,,,,,,
1775528808367,ok,,2,100,0.097,270.0,105.5,55.0,168.5,0.555,"+2,+8;+2,+4;+2,+2;+0,-2;+2,-4",True,0.693,False,0,154.5,0.166,zero,1111110,0,0.909,-0.252,0.097,nonzero,1101101,2,-0.323,1.061,0.305,nonzero,1110000,7,-0.173,-0.099,0.321,zero,1111110,0,0.974,-0.285,0.182
1775529496355,no_display,no_ghost_to_lit_contrast,,,,252.8,109.5,64.0,164.0,0.448,"+2,+4;+2,+2;+2,+0;+0,-2;+0,-4",,,,,,0.139,,,,,,,,,,,,,,,,,,,,,,,,
1775529598136,uncertain,leftmost_position_lit,,,,252.8,110.0,63.0,167.0,0.431,"+0,+2;+0,+2;+0,+0;+0,-2;-2,-4",True,1.141,True,3,60.0,0.183,uncertain,111111?,08,0.656,0.539,0.002,nonzero,1111011,9,0.144,1.252,0.001,nonzero,1110011,9,0.128,1.0,0.013,uncertain,111??1?,0789,0.555,0.584,0.014
1775530219467,uncertain,grid_at_search_bound,,,,310.0,102.0,48.0,150.0,0.229,"-8,+2;+6,+8;-8,-2;+8,-2;-2,+4",True,0.565,False,0,73.4,0.238,nonzero,1110010,7,-0.579,-0.431,0.015,uncertain,0111000,,-0.236,-0.411,0.008,uncertain,0001110,,-0.45,-0.469,0.035,uncertain,0000110,,-0.341,0.145,0.111
1775531241381,ok,,3,10,0.071,250.0,110.0,65.0,168.5,0.738,"-2,+2;+0,+2;+0,+0;+0,+0;+0,-2",True,0.776,False,0,129.4,0.138,zero,1111110,0,0.974,0.0,0.114,zero,1111110,0,0.923,-0.01,0.094,nonzero,1111011,9,-0.017,0.982,0.071,zero,1111110,0,0.911,-0.023,0.035
1775531257483,ok,,2,100,0.059,250.0,110.0,66.0,170.0,0.57,"-2,+2;+0,+2;+0,+0;+0,+0;-2,-2",True,0.99,False,0,118.5,0.139,zero,1111110,0,0.916,0.044,0.087,nonzero,0110000,1,0.147,0.172,0.059,nonzero,1011111,6,-0.034,0.984,0.12,zero,1111110,0,0.841,0.024,0.001
1775531271171,ok,,2,100,0.083,250.8,109.5,67.0,168.5,0.666,"+0,+2;+2,+2;+2,+0;+0,+0;+0,-2",True,0.865,False,0,129.7,0.15,zero,1111110,0,0.933,0.132,0.146,nonzero,1101101,2,0.095,1.006,0.083,nonzero,1111001,3,0.116,1.13,0.184,nonzero,1011011,5,-0.055,1.046,0.157
1775531320965,ok,,3,10,0.08,250.8,110.0,65.0,171.5,0.619,"-2,+2;+0,+2;+2,+0;+0,+0;+0,-2",True,0.862,False,0,119.9,0.118,zero,1111110,0,0.901,0.058,0.092,zero,1111110,0,0.882,0.012,0.08,nonzero,1110000,7,0.109,0.141,0.127,nonzero,1011011,5,-0.133,1.01,0.244
1775531375680,ok,,2,100,0.018,252.8,110.0,65.0,170.0,0.644,"+0,+2;+0,+2;+0,+0;+0,+0;-2,-2",True,0.797,False,0,109.5,0.132,zero,1111110,0,0.897,0.085,0.071,nonzero,1111111,8,0.86,0.991,0.018,zero,1111110,0,1.005,0.086,0.202,nonzero,1011011,5,-0.102,1.026,0.235
1775537447626,ok,,1,1000,0.021,265.8,106.0,54.0,164.5,0.325,"-4,+8;-4,+2;-2,+0;+0,-2;+2,-6",True,1.005,False,0,47.8,0.126,nonzero,1101101,2,-0.085,0.789,0.021,nonzero,1101101,2,-0.019,0.8,0.043,nonzero,1011011,5,-0.062,1.111,0.141,zero,1111110,0,1.076,-0.019,0.336
1775537828924,ok,,1,1000,0.011,263.5,106.5,57.0,163.0,0.292,"-2,+8;+0,+4;+0,+0;+0,+0;+0,-4",True,0.673,False,1,59.9,0.127,nonzero,11?11?1,28,0.37,1.32,0.011,nonzero,11?11?1,28,0.472,1.027,0.017,uncertain,111????,03789,0.484,0.486,0.005,uncertain,111111?,08,0.781,0.475,0.05
1775545770318,ok,,1,1000,0.046,267.2,106.0,57.0,165.5,0.441,"-2,+8;-2,+6;+0,+2;+0,+0;+0,-4",True,0.878,False,0,75.1,0.188,nonzero,11?11?1,28,0.344,0.944,0.046,nonzero,11?11?1,28,0.321,0.99,0.004,nonzero,11?11?1,28,0.429,1.307,0.009,nonzero,1?11?11,5689,0.449,1.29,0.011
1775546270810,ok,,1,1000,0.016,262.8,106.5,49.0,167.0,0.242,"-6,+6;-4,+2;-2,+0;-2,-2;+0,-4",True,0.498,False,0,56.2,0.158,nonzero,1101101,2,-0.001,1.146,0.016,nonzero,1101101,2,-0.024,1.147,0.251,nonzero,1111001,3,0.054,0.803,0.027,zero,1111110,0,0.678,0.071,0.03
1775548537259,ok,,1,1000,0.032,263.5,106.0,60.0,164.5,0.391,"-6,+6;-4,+4;-2,+2;+0,-2;+4,-4",True,1.151,False,0,71.4,0.274,nonzero,11?11?1,28,0.35,0.86,0.032,nonzero,11?11?1,28,0.399,0.91,0.003,uncertain,111????,03789,0.455,0.537,0.001,zero,1111110,0,1.013,0.407,0.005
1775608506656,ok,,2,100,0.004,258.0,109.0,57.0,171.5,0.481,"+0,+2;-2,+0;-2,+2;+0,-2;+0,-2",True,1.31,False,0,74.7,0.163,zero,1111110,0,0.931,-0.562,0.004,nonzero,0110011,4,-0.786,1.307,0.471,nonzero,1101101,2,-0.718,0.981,0.024,nonzero,1011011,5,-0.761,1.054,0.192
1775610644371,ok,,2,100,0.006,260.0,109.5,66.0,165.5,0.369,"+2,+6;+2,+2;+2,+0;+0,-2;-2,-4",True,1.0,False,0,62.4,0.18,zero,111?110,0,0.57,0.24,0.006,nonzero,1110011,9,0.182,1.175,0.021,zero,1111110,0,0.826,0.388,0.043,nonzero,1011011,5,0.219,0.909,0.009
1775612916802,ok,,2,100,0.0,273.5,106.0,58.0,160.0,0.322,"+2,+8;+2,+4;+2,+2;+0,+0;+0,-2",True,0.664,False,0,63.1,0.145,zero,1111110,0,0.729,0.421,0.0,nonzero,1111?11,89,0.361,1.147,0.0,uncertain,111??1?,0789,0.55,0.547,0.0,uncertain,111111?,08,0.746,0.5,0.0
1775613139329,uncertain,leftmost_position_lit,,,,270.0,106.0,49.0,164.0,0.323,"-2,+4;-2,+2;+0,+0;+2,-2;+2,-4",True,0.58,True,5,59.1,0.196,uncertain,111111?,08,0.918,0.474,0.036,nonzero,1111??1,389,0.561,0.96,0.002,uncertain,111111?,08,0.918,0.558,0.013,nonzero,1?11?11,5689,0.423,1.079,0.01
1775613273380,uncertain,p3_invalid_pattern,,,,273.5,106.0,32.0,181.5,0.255,"-4,+2;-2,+0;+0,-4;+0,+0;+2,-2",True,1.05,True,5,44.8,0.158,uncertain,?111110,0,0.574,0.284,0.013,uncertain,1111110,0,0.649,0.269,0.001,uncertain,011?111,,0.057,1.31,0.015,uncertain,111111?,08,0.81,0.539,0.021
1775695100472,ok,,2,100,0.217,261.5,106.0,66.0,174.0,0.671,"-6,+4;-4,+2;+0,+0;+2,-2;+4,-4",True,0.776,False,0,97.8,0.184,zero,1111110,0,1.105,-0.334,0.336,nonzero,1011111,6,-0.424,0.97,0.217,zero,1111110,0,1.0,-0.329,0.282,nonzero,1011011,5,-0.511,0.984,0.224
1775695123528,ok,,2,100,0.267,263.5,106.0,65.0,170.0,0.62,"-4,+4;-2,+2;-2,+0;+2,-2;+4,-4",True,1.104,False,0,98.0,0.199,zero,1111110,0,1.187,-0.366,0.504,nonzero,1110000,7,-0.076,0.039,0.267,nonzero,1011111,6,-0.385,0.953,0.211,nonzero,1011011,5,-0.474,1.0,0.256
1775695258667,ok,,2,100,0.13,250.8,109.5,66.0,171.5,0.572,"+4,+2;+2,+0;+2,+0;+0,-2;+0,-2",True,0.975,False,0,114.2,0.106,zero,1111110,0,0.987,-0.343,0.265,nonzero,0110000,1,-0.018,0.096,0.13,nonzero,1110000,7,-0.048,-0.052,0.246,nonzero,1011011,5,-0.311,0.855,0.106
1775695280058,ok,,2,100,0.383,267.8,106.5,63.0,171.5,0.729,"-4,+2;-2,+2;-2,+0;+0,-2;+0,-2",True,1.058,False,0,111.1,0.117,zero,1111110,0,1.283,-0.252,0.55,nonzero,1111001,3,-0.292,1.23,0.383,nonzero,1111111,8,0.942,0.951,0.167,zero,1111110,0,0.994,-0.111,0.279
1775695333825,ok,,3,10,0.279,273.5,106.0,69.0,170.0,0.691,"-2,+2;-2,+2;+0,+0;-2,+0;+0,-2",True,0.728,False,0,108.3,0.138,zero,1111110,0,0.997,-0.39,0.279,zero,1111110,0,0.994,-0.371,0.296,nonzero,0110011,4,-0.4,1.07,0.348,zero,1111110,0,0.884,-0.347,0.167
1775695362397,ok,,3,10,0.126,269.2,106.0,70.0,171.5,0.69,"-2,+4;-2,+0;+0,+0;+0,-2;+2,-4",True,0.775,False,0,109.0,0.135,zero,1111110,0,1.018,-0.454,0.4,zero,1111110,0,1.0,-0.393,0.4,nonzero,1111011,9,-0.418,0.826,0.126,nonzero,1011011,5,-0.436,0.839,0.09
1775695381639,ok,,2,100,0.053,265.0,106.0,66.0,171.5,0.536,"-4,+2;-2,+2;-2,+0;+2,-2;+4,-2",True,1.399,False,0,75.6,0.169,zero,1111110,0,1.327,-0.665,0.43,nonzero,0110000,1,0.048,0.119,0.053,nonzero,1011111,6,-0.566,0.975,0.111,zero,1111110,0,1.0,-0.486,0.153
1775695440569,ok,,2,100,0.131,255.0,110.0,65.0,174.0,0.593,"+0,+2;+0,+2;+2,+0;-2,+0;-2,-2",True,0.725,False,0,125.8,0.133,zero,1111110,0,0.992,-0.397,0.131,nonzero,1101101,2,-0.408,1.001,0.135,nonzero,0110000,1,-0.005,0.105,0.183,nonzero,1011011,5,-0.342,0.857,0.138
1775695491749,ok,,2,100,0.252,262.0,107.0,63.0,167.0,0.727,"-4,+2;-2,+2;+0,+0;+0,-2;+2,-2",True,0.775,False,0,133.2,0.153,zero,1111110,0,1.086,-0.183,0.252,nonzero,1101101,2,-0.203,1.043,0.306,nonzero,1101101,2,-0.14,0.968,0.231,zero,1111110,0,0.931,-0.071,0.256
1775695516869,ok,,2,100,0.274,255.8,109.5,63.0,170.0,0.635,"+2,+2;+4,+2;+2,+0;+0,-2;+0,-2",True,0.873,False,0,138.9,0.132,zero,1111110,0,0.996,-0.336,0.304,nonzero,1111001,3,-0.302,1.005,0.274,nonzero,0110000,1,0.016,0.142,0.133,zero,1111110,0,0.861,-0.173,0.12
1775695855586,ok,,2,100,0.226,252.2,110.0,61.0,174.5,0.513,"-2,+8;-2,+0;+2,+4;-2,-2;+2,-2",True,1.348,False,0,86.4,0.143,zero,1111110,0,1.07,-0.85,0.226,nonzero,0110011,4,-0.942,1.351,0.577,nonzero,1111011,9,-0.907,0.981,0.176,zero,1111110,0,0.967,-0.781,0.124
1775695875846,ok,,2,100,0.124,253.0,110.5,63.0,176.0,0.558,"-2,+8;-4,+2;-2,+0;-6,-2;+2,-2",True,1.139,False,0,82.6,0.229,zero,1111110,0,1.068,-0.924,0.124,nonzero,1011011,5,-0.862,1.177,0.4,nonzero,1111111,8,0.777,0.785,0.054,zero,1111110,0,0.932,-0.873,0.011
1775695894830,no_display,no_ghost_to_lit_contrast,,,,258.8,109.0,62.0,171.5,0.697,"+0,+4;+0,+2;+0,+0;+0,-2;+2,-2",,,,,,0.173,,,,,,,,,,,,,,,,,,,,,,,,
1775695994810,ok,,3,10,0.038,257.0,106.0,60.0,170.0,0.565,"-4,+6;-4,+2;+4,+0;+2,-2;+8,-4",True,0.773,False,0,103.7,0.185,zero,1111110,0,1.0,-0.568,0.127,zero,1111110,0,1.033,-0.558,0.285,nonzero,1111011,9,-0.657,0.877,0.038,nonzero,1011011,5,-0.783,0.976,0.161
1775696009775,ok,,2,100,0.086,263.5,106.0,64.0,171.5,0.497,"-4,+2;-2,+0;-2,+0;+4,-2;+6,-4",True,1.114,False,0,100.4,0.193,zero,1111110,0,1.108,-0.534,0.406,nonzero,0110000,1,-0.105,-0.019,0.086,nonzero,1101101,2,-0.638,0.985,0.174,nonzero,1011011,5,-0.687,1.0,0.15
1775696058786,ok,,2,100,0.17,273.5,106.0,67.0,170.0,0.532,"+0,+8;-2,+2;+2,+2;-2,-2;+2,-4",True,0.983,False,0,91.5,0.176,zero,1111110,0,1.022,-0.75,0.17,nonzero,1011011,5,-0.834,1.089,0.326,nonzero,1101101,2,-0.907,0.978,0.2,zero,1111110,0,0.938,-0.736,0.141
1775696443378,ok,,2,100,0.005,258.8,109.0,63.0,174.5,0.485,"+2,+4;+0,+2;+0,+2;+0,-2;+0,-2",True,1.156,False,0,84.4,0.18,zero,1111110,0,0.856,-0.603,0.072,nonzero,0110000,1,-0.395,0.001,0.005,nonzero,1011011,5,-0.639,1.003,0.115,zero,1111110,0,0.907,-0.639,0.01
1775696548894,uncertain,p2_invalid_pattern,,,,265.8,106.5,65.0,181.5,0.38,"+0,+4;-4,+0;-4,+0;+6,-2;+8,-2",True,1.475,False,0,58.2,0.186,zero,1111110,0,0.982,-1.012,0.013,uncertain,01101?0,,-0.405,-0.014,0.011,nonzero,1101101,2,-1.303,1.0,0.02,nonzero,1011011,5,-1.608,1.025,0.004
1775696600196,ok,,2,100,0.231,267.8,106.5,64.0,178.5,0.588,"-4,+4;-4,+2;-2,+0;+0,-2;+2,-2",True,0.786,False,0,72.9,0.149,zero,1111110,0,1.022,-0.754,0.249,nonzero,1101101,2,-0.837,1.049,0.231,nonzero,1011111,6,-0.94,0.909,0.01,zero,1111110,0,0.965,-0.849,0.079
1775696654048,ok,,2,100,0.133,257.2,109.5,64.0,177.0,0.63,"+0,+2;+2,+2;+4,+0;-2,-2;+0,-2",True,0.832,False,0,84.1,0.129,zero,1111110,0,1.067,-0.728,0.279,nonzero,1011111,6,-1.11,1.0,0.133,nonzero,1111001,3,-0.973,1.113,0.13,zero,1111110,0,0.947,-0.802,0.111
1775696701551,ok,,3,10,0.001,255.8,109.5,69.0,177.0,0.683,"+2,+4;+2,+2;+2,+0;+0,-2;+0,-4",True,0.746,False,0,84.2,0.13,zero,1111110,0,0.988,-0.644,0.224,zero,1111110,0,1.043,-0.551,0.352,nonzero,1111111,8,0.748,0.754,0.001,zero,1111110,0,1.024,-0.699,0.184
1775696731461,ok,,3,10,0.005,267.8,106.0,46.0,168.5,0.449,"-6,-8;-2,+4;+0,+2;+0,+0;+2,-4",True,0.416,False,0,53.4,0.157,zero,1111110,0,0.622,-0.143,0.005,zero,1111110,0,0.952,-0.165,0.272,nonzero,1110000,7,-0.027,-0.026,0.297,nonzero,1011011,5,-0.158,1.035,0.033
1775696752752,ok,,2,100,0.185,269.2,106.5,65.0,171.5,0.628,"-6,+2;-4,+2;-2,+0;+0,-2;+2,-2",True,1.003,False,0,106.9,0.137,zero,1111110,0,1.005,-0.439,0.286,nonzero,0110000,1,-0.197,-0.075,0.185,nonzero,1111111,8,0.767,0.785,0.025,zero,1111110,0,0.988,-0.484,0.27
1775697087288,ok,,2,100,0.225,250.8,109.5,61.0,174.5,0.558,"+2,+6;+2,+0;+4,+0;-2,+0;+2,-2",True,0.901,False,0,85.0,0.136,zero,1111110,0,1.082,-0.683,0.37,nonzero,1101101,2,-0.677,1.02,0.225,nonzero,1101101,2,-0.729,0.987,0.191,zero,1111110,0,0.943,-0.725,0.154
1775697228248,ok,,2,100,0.12,267.8,106.5,65.0,171.5,0.478,"+0,+4;+0,+2;-2,+2;+0,-2;+4,-4",True,1.307,False,0,89.0,0.132,zero,1111110,0,1.077,-0.711,0.369,nonzero,0110000,1,-0.327,-0.056,0.12,nonzero,1111011,9,-0.872,0.894,0.141,nonzero,1011011,5,-0.981,1.0,0.201
1775697311922,ok,,2,100,0.008,242.8,110.0,55.0,184.5,0.551,"-2,+8;-2,+0;+0,-2;+0,-2;+2,-4",True,0.939,False,0,69.1,0.138,zero,1111110,0,1.058,-0.825,0.249,nonzero,1101101,2,-0.939,0.885,0.008,zero,1111110,0,0.991,-0.853,0.007,zero,1111110,0,0.984,-0.879,0.054
1775697769874,ok,,3,10,0.087,269.2,106.5,48.0,168.5,0.655,"-2,+6;-2,+4;-2,+2;+0,+0;+0,-2",True,0.422,False,0,119.9,0.14,zero,1111110,0,0.881,-0.116,0.142,zero,1111110,0,0.843,-0.228,0.087,nonzero,1111011,9,-0.08,1.01,0.189,zero,1111110,0,0.993,-0.108,0.262
1775698430134,ok,,3,10,0.094,270.8,106.0,49.0,170.0,0.742,"-4,-4;-2,+4;+0,+2;+0,+0;+2,-4",True,0.705,False,0,151.8,0.135,zero,1111110,0,0.933,-0.189,0.215,zero,1111110,0,1.008,-0.184,0.347,nonzero,1111111,8,0.843,0.896,0.094,zero,1111110,0,1.0,-0.186,0.315
1775700458430,ok,,2,100,0.001,282.8,102.0,63.0,163.0,0.616,"+0,+6;+0,+4;+0,+2;+2,-2;+2,-4",True,0.842,False,0,125.6,0.13,zero,1111110,0,0.968,0.234,0.2,nonzero,?11?0?0,17,0.178,0.26,0.001,nonzero,1011111,6,0.276,0.925,0.024,nonzero,1011011,5,0.27,1.014,0.014
1775700508109,ok,,2,100,0.019,266.5,106.0,65.0,165.5,0.436,"-4,+4;-2,+4;+0,+2;+0,-2;+2,-4",True,0.741,False,0,76.6,0.193,zero,1111110,0,0.782,0.178,0.049,nonzero,1101101,2,0.228,1.066,0.019,nonzero,1111111,8,0.848,0.969,0.066,zero,1111110,0,0.982,0.444,0.006
1775700560104,ok,,2,100,0.035,250.8,109.5,62.0,166.0,0.591,"+4,+2;+4,+2;+2,+0;+2,+0;+0,-2",True,0.846,False,0,94.4,0.135,zero,1111110,0,0.924,0.157,0.099,nonzero,1111001,3,0.067,0.976,0.035,nonzero,?110011,49,0.195,1.052,0.019,zero,1111110,0,0.952,0.285,0.144
1775700922372,ok,,2,100,0.14,265.8,106.0,48.0,170.0,0.495,"+0,+8;+0,+4;+0,+2;-2,-2;+0,-4",True,0.717,False,0,136.4,0.143,zero,1111110,0,0.91,-0.216,0.14,nonzero,1101101,2,-0.232,1.009,0.2,nonzero,0110000,1,-0.039,0.006,0.204,nonzero,1011011,5,-0.229,1.064,0.276
1775700942770,ok,,2,100,0.164,265.8,106.0,51.0,168.5,0.609,"-2,+6;+0,+4;+0,+2;+0,+0;+0,-4",True,0.73,False,0,138.9,0.138,zero,1111110,0,0.911,-0.176,0.164,nonzero,1101101,2,-0.196,1.04,0.231,nonzero,1111001,3,-0.232,1.066,0.22,zero,1111110,0,0.999,-0.204,0.2
1775701001223,ok,,2,100,0.034,265.8,106.0,53.0,168.5,0.592,"-2,+6;-2,+4;+0,+2;+0,-2;+0,-4",True,0.744,False,0,138.8,0.138,zero,1111110,0,0.86,-0.16,0.034,nonzero,1101101,2,-0.187,1.021,0.239,nonzero,1011011,5,-0.18,1.025,0.201,nonzero,1011011,5,-0.176,1.097,0.281
1775701177913,ok,,2,100,0.143,261.5,106.0,60.0,164.0,0.41,"-4,+4;-2,+2;+0,+0;+0,-2;+2,-4",True,0.918,False,0,110.5,0.137,zero,1111110,0,0.848,-0.045,0.143,nonzero,0110011,4,-0.098,1.143,0.238,nonzero,1110000,7,0.031,-0.006,0.122,zero,1111110,0,0.917,-0.128,0.14
1775701664633,ok,,2,100,0.17,277.2,102.0,47.0,167.0,0.533,"-8,-8;-2,+4;+0,+2;+0,-2;+4,-4",True,0.863,False,0,143.3,0.138,zero,1111110,0,0.926,-0.201,0.238,nonzero,1011011,5,-0.173,0.993,0.17,nonzero,0110011,4,-0.216,1.084,0.238,nonzero,1011011,5,-0.213,1.023,0.222
1775701719010,ok,,2,100,0.224,263.5,106.0,43.0,170.0,0.561,"-2,+0;+2,+4;+0,+0;+2,-2;+0,-4",True,1.0,False,0,135.9,0.137,zero,1111110,0,0.982,-0.297,0.224,nonzero,0110000,1,-0.086,-0.034,0.266,nonzero,1011111,6,-0.319,1.012,0.221,zero,1111110,0,0.833,-0.369,0.055
1775701794160,ok,,2,100,0.019,263.5,106.0,48.0,170.0,0.659,"-8,+8;-2,+4;+0,+2;-2,+0;+2,-4",True,0.792,False,0,143.7,0.169,zero,1111110,0,1.056,-0.323,0.259,nonzero,?101101,2,-0.369,1.01,0.019,nonzero,1111011,9,-0.45,0.957,0.208,zero,1111110,0,0.996,-0.32,0.335
1775701888652,ok,,2,100,0.172,267.8,106.0,43.0,171.5,0.542,"-6,-8;+0,+6;+0,-8;+0,+0;+0,-4",True,0.899,False,0,125.1,0.142,zero,1111110,0,0.927,-0.326,0.172,nonzero,0110000,1,-0.078,-0.08,0.268,zero,1111110,0,0.915,-0.323,0.229,zero,1111110,0,0.932,-0.358,0.23
1775701977093,ok,,3,10,0.171,266.5,105.5,51.0,167.0,0.645,"-2,-8;+2,+4;+2,+2;+0,-2;+2,-4",True,0.819,False,0,156.1,0.14,zero,1111110,0,0.947,-0.224,0.221,zero,1111110,0,0.945,-0.213,0.213,nonzero,1111011,9,-0.283,0.969,0.171,nonzero,1011011,5,-0.256,1.086,0.265
1775701994694,ok,,2,100,0.17,267.2,106.0,47.0,168.5,0.453,"-2,-8;+2,+4;+0,+0;-2,+0;+0,-4",True,0.874,False,0,154.6,0.138,zero,1111110,0,0.865,-0.256,0.17,nonzero,0110000,1,-0.056,-0.037,0.267,nonzero,1110000,7,-0.097,-0.067,0.314,zero,1111110,0,0.879,-0.276,0.204
1775702009983,ok,,2,100,0.122,267.8,105.5,47.0,167.0,0.555,"+0,-8;+2,+4;+2,+2;+0,-2;+0,-6",True,0.712,False,0,154.4,0.15,zero,1111110,0,0.906,-0.21,0.122,nonzero,1101101,2,-0.267,0.975,0.189,nonzero,0110011,4,-0.262,1.04,0.28,zero,1111110,0,0.948,-0.211,0.195
1775702524861,ok,,2,100,0.216,272.0,103.0,44.0,168.5,0.611,"-4,-8;+0,+4;+0,+2;+0,+0;+2,-2",True,0.761,False,0,144.1,0.143,zero,1111110,0,0.921,-0.232,0.249,nonzero,1101101,2,-0.247,1.011,0.216,nonzero,1?11011,59,-0.303,1.027,0.099,nonzero,1011011,5,-0.333,0.924,0.061
1775703284677,ok,,2,100,0.049,250.8,109.5,62.0,168.5,0.467,"+4,+2;+4,+2;+2,+2;+0,+0;+0,-2",True,0.936,False,0,90.9,0.137,zero,1111110,0,0.859,0.001,0.049,nonzero,1111011,9,0.105,1.052,0.075,nonzero,1110000,7,0.156,0.231,0.002,nonzero,1011011,5,0.069,1.15,0.166
1775703409637,ok,,2,100,0.016,268.5,106.5,62.0,167.5,0.416,"-6,+2;-4,+0;-2,+0;+0,-2;+2,-2",True,0.898,False,0,108.9,0.143,zero,1111110,0,0.777,0.048,0.016,nonzero,0110000,1,0.071,0.119,0.036,nonzero,0110000,1,0.15,0.238,0.003,nonzero,1011011,5,0.111,1.032,0.168
1775703565165,ok,,2,100,0.216,267.8,106.0,48.0,168.5,0.594,"+0,+6;+0,+6;+0,+2;+0,+0;+0,-4",True,0.879,False,0,145.3,0.164,zero,1111110,0,0.946,-0.182,0.216,nonzero,0110011,4,-0.183,1.045,0.249,nonzero,1011111,6,-0.206,0.963,0.188,zero,1111110,0,0.99,-0.164,0.199
1775703622639,uncertain,p1_ambiguous,,,,270.0,106.0,43.0,174.0,0.552,"-8,+8;+0,+4;+0,+2;+0,+0;-2,-4",True,0.688,False,0,133.2,0.141,uncertain,?????10,07,0.396,-0.297,0.002,zero,1111110,0,0.869,-0.276,0.164,nonzero,1011011,5,-0.326,1.011,0.219,nonzero,1011011,5,-0.414,1.094,0.262
1775703637185,uncertain,p1_ambiguous,,,,269.2,106.0,50.0,167.0,0.506,"-8,-6;+0,+4;-2,+2;+0,+0;+0,-2",True,0.464,False,1,159.6,0.138,uncertain,??????0,017,0.392,-0.152,0.001,nonzero,0110000,1,-0.104,0.001,0.021,zero,1111110,0,0.975,-0.184,0.195,zero,1111110,0,0.961,-0.208,0.218
1775703652194,uncertain,p1_ambiguous,,,,267.2,106.0,49.0,167.0,0.46,"-6,-8;+0,+6;-2,+2;-2,+0;+0,-4",True,0.497,False,1,166.9,0.139,uncertain,??????0,017,0.348,0.1,0.007,nonzero,0110000,1,-0.106,0.003,0.069,nonzero,1111001,3,-0.219,0.994,0.198,zero,1111110,0,0.921,-0.217,0.15
1775703690524,ok,,2,100,0.041,269.2,106.0,48.0,168.5,0.518,"-2,-4;+0,+6;-2,+4;+0,+2;+0,-2",True,0.798,False,1,144.9,0.135,zero,1111110,0,0.769,-0.376,0.041,nonzero,0110000,1,-0.117,-0.012,0.218,nonzero,1011111,6,-0.286,1.002,0.236,nonzero,1011011,5,-0.343,1.077,0.306
1775703750515,ok,,2,100,0.103,273.5,106.0,66.0,168.5,0.719,"-8,+2;-4,+2;+0,+0;+0,-2;+2,-2",True,0.761,False,0,134.9,0.138,zero,1111110,0,0.884,-0.167,0.103,nonzero,1011111,6,-0.281,1.013,0.195,nonzero,0110011,4,-0.222,1.151,0.385,zero,1111110,0,0.936,-0.232,0.243
1775703779931,ok,,2,100,0.033,271.5,106.0,37.0,167.0,0.457,"+2,+6;+2,+4;-2,-6;-2,-2;-2,-4",True,0.837,False,0,122.1,0.138,zero,1111110,0,0.693,-0.277,0.033,nonzero,0110000,1,-0.088,-0.066,0.095,nonzero,0110011,4,-0.309,0.995,0.086,zero,1111110,0,0.871,-0.206,0.118
1775703803989,ok,,2,100,0.096,271.5,106.0,64.0,168.5,0.666,"-6,+4;-4,+2;+0,+0;+0,-2;+2,-2",True,0.795,False,0,140.0,0.135,zero,1111110,0,0.871,-0.169,0.132,nonzero,1111111,8,0.888,0.913,0.096,nonzero,1110000,7,-0.109,-0.043,0.255,nonzero,1011011,5,-0.254,1.068,0.331
1775703820780,ok,,3,10,0.003,270.0,106.0,43.0,168.5,0.613,"+4,+0;+2,+4;+0,+4;+0,+0;+0,-2",True,0.811,False,0,139.4,0.14,zero,1111110,0,0.673,-0.387,0.003,zero,1111110,0,0.954,-0.222,0.179,nonzero,1111011,9,-0.33,1.0,0.193,nonzero,1011011,5,-0.357,1.071,0.235
1775704222199,ok,,2,100,0.084,273.5,106.0,57.0,167.0,0.67,"-6,+8;-2,+2;+0,+0;+0,+0;+4,-2",True,0.726,False,0,134.6,0.137,zero,1111110,0,0.961,-0.22,0.179,nonzero,1111111,8,0.82,0.901,0.084,nonzero,0110011,4,-0.377,1.198,0.404,zero,1111110,0,1.049,-0.364,0.291
1775704276355,ok,,2,100,0.167,267.2,106.0,45.0,170.0,0.495,"-4,+8;+0,+4;-2,+2;+0,+0;+2,-4",True,0.926,False,0,149.6,0.128,zero,1111110,0,0.933,-0.34,0.242,nonzero,0110000,1,-0.091,-0.022,0.167,nonzero,1111001,3,-0.358,1.009,0.269,nonzero,1011011,5,-0.422,0.996,0.198
1775704358152,ok,,2,100,0.227,271.5,106.0,58.0,165.5,0.576,"-6,+6;-2,+2;-2,+2;+0,+0;+2,-2",True,0.959,False,0,142.0,0.134,zero,1111110,0,1.079,-0.261,0.347,nonzero,0110000,1,-0.065,0.015,0.227,nonzero,1011111,6,-0.311,0.932,0.089,nonzero,1011011,5,-0.401,1.0,0.225
1775704622199,ok,,3,10,0.175,263.5,106.5,61.0,168.5,0.719,"-6,+4;-2,+2;-2,+2;+2,+0;+2,-2",True,0.736,False,0,155.5,0.143,zero,1111110,0,0.925,-0.237,0.225,zero,1111110,0,1.001,-0.226,0.261,nonzero,1011111,6,-0.255,0.969,0.175,nonzero,1011011,5,-0.293,1.048,0.26
1775704630652,ok,,2,100,0.105,271.5,106.0,59.0,165.5,0.553,"-6,+8;-2,+2;+0,+0;+2,+0;+4,-4",True,0.504,False,0,85.2,0.134,zero,1111110,0,0.896,-0.1,0.212,nonzero,1011111,6,-0.103,1.112,0.105,nonzero,0110011,4,-0.171,1.283,0.263,nonzero,1011011,5,-0.202,1.0,0.065
1775704657550,ok,,2,100,0.035,257.8,109.5,59.0,165.5,0.461,"+2,+6;+2,+4;+2,+2;+0,+0;+0,-2",True,0.657,False,0,93.5,0.133,zero,1111110,0,0.921,0.063,0.086,nonzero,1111111,8,0.759,0.883,0.035,nonzero,1111011,9,0.083,1.008,0.085,nonzero,1011011,5,-0.007,1.088,0.171
1775704703978,ok,,2,100,0.27,263.5,106.0,59.0,167.0,0.617,"-6,+8;-2,+2;-2,+0;+2,+0;+2,-2",True,0.927,False,0,155.3,0.139,zero,1111110,0,0.939,-0.188,0.27,nonzero,1110000,7,-0.099,-0.057,0.301,nonzero,1011111,6,-0.253,0.925,0.161,zero,1111110,0,0.938,-0.239,0.187
1775704715596,ok,,2,100,0.11,271.5,106.0,55.0,164.5,0.548,"-4,+6;-2,+2;+0,+0;+0,-2;+2,-2",True,0.561,False,0,96.8,0.147,zero,1111110,0,0.963,-0.056,0.145,nonzero,1101101,2,-0.012,1.015,0.11,nonzero,1011111,6,0.011,0.932,0.006,zero,1111110,0,0.863,-0.039,0.08
1775704731507,ok,,2,100,0.148,260.8,109.0,58.0,165.5,0.488,"+0,+6;+2,+2;+0,+2;+0,-2;+0,-2",True,0.746,False,0,94.6,0.133,zero,1111110,0,0.991,0.033,0.174,nonzero,0110011,4,0.011,1.064,0.148,nonzero,1011011,5,0.007,0.953,0.069,nonzero,1011011,5,-0.011,0.97,0.081
1775704789893,ok,,1,1000,0.198,263.5,106.5,58.0,165.5,0.557,"-6,+8;-4,+6;-2,+2;+0,+0;+2,-4",True,0.789,False,0,160.9,0.127,nonzero,0110000,1,-0.003,0.037,0.198,nonzero,1101101,2,-0.133,0.99,0.13,nonzero,1111001,3,-0.123,1.022,0.202,zero,1111110,0,0.946,-0.139,0.161
1775704951374,ok,,2,100,0.129,271.5,106.0,59.0,167.0,0.665,"-6,+6;-2,+2;+0,+0;+2,+0;+4,-2",True,0.746,False,0,147.3,0.135,zero,1111110,0,0.989,-0.264,0.311,nonzero,1111111,8,0.861,0.897,0.129,nonzero,0110011,4,-0.311,1.091,0.306,nonzero,1011011,5,-0.386,1.001,0.217
1775705078796,ok,,2,100,0.131,254.2,107.5,58.0,165.5,0.522,"-2,+6;-2,+2;-2,+2;+0,-2;+0,-2",True,0.887,False,0,140.6,0.135,zero,1111110,0,0.959,-0.154,0.166,nonzero,0110000,1,0.077,0.084,0.131,nonzero,1110000,7,-0.014,0.042,0.193,nonzero,1011011,5,-0.177,0.907,0.097
1775705128583,ok,,2,100,0.064,252.0,107.0,58.0,165.5,0.57,"-2,+6;+0,+4;-2,+2;+2,+0;+2,-2",True,0.975,False,0,122.9,0.13,zero,1111110,0,1.035,-0.174,0.3,nonzero,0110000,1,0.091,0.162,0.064,nonzero,1101101,2,-0.181,0.997,0.208,nonzero,1011011,5,-0.23,0.966,0.212
1775705260427,ok,,2,100,0.119,254.2,109.5,61.0,164.5,0.474,"+0,+4;+0,+2;+0,+0;+0,-2;+0,-4",True,1.019,False,0,121.5,0.125,zero,1111110,0,0.993,-0.259,0.265,nonzero,0110000,1,0.05,0.074,0.119,nonzero,0110000,1,0.062,0.138,0.093,nonzero,1011011,5,-0.354,0.964,0.168
1775705493362,ok,,2,100,0.122,250.8,110.0,58.0,165.5,0.569,"+4,+6;+4,+2;+0,+0;-2,+0;-2,-4",True,0.767,False,0,139.7,0.138,zero,1111110,0,0.916,-0.199,0.122,nonzero,1111001,3,-0.167,1.074,0.222,nonzero,0110000,1,-0.059,0.025,0.193,zero,1111110,0,0.917,-0.249,0.14
1775705671058,ok,,2,100,0.015,255.8,109.0,63.0,170.0,0.428,"+2,+6;+0,+2;-2,+0;+0,-2;+4,-4",True,1.633,False,0,57.4,0.159,zero,1111110,0,1.096,-0.759,0.141,nonzero,0110000,1,-0.055,-0.015,0.015,nonzero,1011111,6,-0.848,0.878,0.001,zero,1111110,0,0.989,-0.692,0.081
1775710235745,ok,,2,100,0.049,261.5,106.5,56.0,160.0,0.478,"-4,+8;-2,+2;+0,+2;+0,-2;+2,-4",True,0.824,False,0,131.5,0.129,zero,1111110,0,0.912,0.023,0.049,nonzero,0110000,1,0.063,0.139,0.107,nonzero,1110000,7,0.102,0.136,0.135,nonzero,1011011,5,-0.05,1.003,0.004
1775777658649,ok,,2,100,0.157,266.5,106.5,62.0,167.5,0.637,"-6,+4;-2,+2;-2,+0;+0,-2;+2,-2",True,0.914,False,0,148.8,0.127,zero,1111110,0,0.863,-0.145,0.157,nonzero,0110011,4,-0.129,1.145,0.244,nonzero,1111001,3,-0.161,1.045,0.199,nonzero,1011011,5,-0.148,0.996,0.228
1775777731458,ok,,2,100,0.064,271.5,106.0,58.0,164.0,0.499,"-8,+6;-4,+2;-2,+2;+0,+0;+2,-2",True,0.937,False,0,134.7,0.13,zero,1111110,0,0.815,-0.154,0.064,nonzero,0110000,1,-0.043,-0.022,0.276,nonzero,0110011,4,-0.153,1.004,0.182,zero,1111110,0,0.867,-0.144,0.113
1775779307771,ok,,2,100,0.108,257.2,109.5,61.0,168.5,0.709,"+2,+2;+2,+2;+0,+0;+0,+0;+0,-2",True,0.899,False,0,147.0,0.142,zero,1111110,0,0.949,0.035,0.108,nonzero,1111001,3,-0.027,1.079,0.27,nonzero,1111011,9,-0.013,0.987,0.21,nonzero,1011011,5,-0.184,1.045,0.285
1775779401686,ok,,3,10,0.086,255.8,109.5,59.0,165.5,0.6,"+2,+4;+2,+2;+2,+0;+0,-2;+0,-2",True,0.749,False,0,118.4,0.149,zero,1111110,0,0.886,0.136,0.13,zero,1111110,0,0.968,0.1,0.174,nonzero,1111011,9,0.037,0.984,0.086,zero,1111110,0,0.857,0.065,0.105
1775780432065,ok,,2,100,0.089,263.5,106.0,62.0,164.5,0.634,"-4,+4;-2,+2;+0,+0;+2,-2;+4,-4",True,0.987,False,0,146.4,0.192,zero,1111110,0,0.931,0.112,0.141,nonzero,0110000,1,0.124,0.195,0.089,zero,1111110,0,0.982,0.065,0.169,zero,1111110,0,0.842,-0.003,0.006
1775780447064,ok,,2,100,0.12,250.8,110.0,62.0,164.5,0.604,"+2,+2;+2,+0;+0,-2;-2,-2;-2,-4",True,0.907,False,0,123.4,0.205,zero,1111110,0,1.0,0.134,0.156,nonzero,1101101,2,0.01,1.084,0.12,nonzero,0110011,4,-0.128,1.034,0.14,zero,1111110,0,0.795,-0.05,0.059
1775780775945,ok,,2,100,0.037,248.8,109.0,55.0,164.5,0.382,"+0,+6;+0,+2;+0,+0;+0,-2;+0,-2",True,0.712,False,1,61.9,0.138,zero,1111110,0,1.007,0.262,0.162,nonzero,11?1101,2,0.165,1.087,0.037,zero,1111110,0,0.893,0.224,0.021,nonzero,?0110??,5,-0.059,0.689,0.001
1775781729547,ok,,2,100,0.003,269.2,106.5,63.0,166.0,0.574,"-4,+4;-2,+2;-2,+0;+0,-2;+0,-2",True,0.744,False,0,124.3,0.134,zero,1111110,0,0.755,0.195,0.049,nonzero,?110??0,17,0.283,0.298,0.003,nonzero,1111001,3,0.214,1.008,0.056,nonzero,1011011,5,0.144,1.067,0.107
1775782044618,ok,,2,100,0.028,275.8,106.0,64.0,164.5,0.538,"+0,+4;+0,+2;-2,+0;+0,-2;+0,-4",True,0.85,False,0,98.8,0.131,zero,1111110,0,0.81,0.241,0.028,nonzero,1111001,3,0.194,1.1,0.059,nonzero,1111001,3,0.164,1.077,0.101,nonzero,1011011,5,0.137,1.097,0.083
1775784476725,ok,,2,100,0.277,268.5,106.0,49.0,170.0,0.576,"-6,+8;-2,+2;-2,+0;+0,+0;+4,-2",True,0.875,False,0,142.6,0.135,zero,1111110,0,0.953,-0.276,0.295,nonzero,1111001,3,-0.305,1.037,0.277,nonzero,0110011,4,-0.344,1.116,0.353,zero,1111110,0,0.937,-0.329,0.219
1775784645043,ok,,2,100,0.269,271.5,106.0,47.0,168.5,0.548,"-2,+6;+0,+2;-2,+2;+0,+0;+2,-2",True,0.912,False,0,134.6,0.136,zero,1111110,0,1.002,-0.315,0.269,nonzero,1111001,3,-0.33,1.052,0.304,zero,1111110,0,0.976,-0.32,0.269,nonzero,1011011,5,-0.436,0.997,0.263
1775785322869,no_display,no_ghost_to_lit_contrast,,,,266.5,106.5,63.0,167.0,0.392,"-6,+2;-4,+2;-2,+0;+0,-2;+2,-2",,,,,,0.106,,,,,,,,,,,,,,,,,,,,,,,,
1775785791442,ok,,2,100,0.034,255.8,110.0,62.0,166.0,0.551,"+2,+4;+2,+2;+0,+0;+0,-2;-2,-2",True,0.815,False,0,65.9,0.129,zero,1111110,0,0.708,-0.074,0.034,nonzero,1111011,9,-0.072,1.067,0.178,nonzero,1011111,6,-0.098,0.868,0.005,zero,1111110,0,0.829,-0.06,0.017
1775786366049,ok,,3,10,0.001,250.0,110.0,49.0,168.5,0.515,"+0,-4;+2,+4;+2,+2;+0,+0;-2,-2",True,1.075,False,0,63.7,0.142,zero,1111110,0,0.94,0.052,0.13,zero,1111110,0,0.702,-0.044,0.009,nonzero,1111011,9,-0.097,1.065,0.001,zero,1111110,0,0.786,-0.109,0.013
1775787007953,ok,,2,100,0.059,263.5,106.0,66.0,168.5,0.392,"-4,+2;-4,+2;-2,+0;+0,-2;+4,-2",True,1.305,False,0,52.9,0.135,zero,1111110,0,0.946,0.127,0.059,nonzero,1111011,9,0.058,1.382,0.083,nonzero,0110000,1,0.14,0.208,0.077,nonzero,1011011,5,-0.179,0.934,0.026
1775787569138,ok,,3,10,0.035,267.8,105.5,29.0,178.5,0.212,"+2,+2;+2,+2;+2,+0;+2,-2;+2,-4",True,0.893,False,1,32.3,0.137,zero,1111110,0,0.957,-0.016,0.048,zero,1111110,0,0.94,-0.005,0.04,nonzero,?110011,49,0.13,1.286,0.035,nonzero,1011011,5,0.106,0.88,0.014
1775787583393,uncertain,grid_at_search_bound,,,,267.8,106.0,25.0,177.0,0.238,"+0,+0;+0,+4;+0,+0;+0,-2;+0,-2",True,0.679,False,1,40.3,0.15,zero,1111110,0,0.685,-0.032,0.085,zero,1111110,0,0.635,-0.016,0.008,nonzero,111??00,7,0.197,0.139,0.001,zero,1111110,0,0.859,-0.048,0.192
1775788617126,ok,,2,100,0.25,267.0,106.5,61.0,167.0,0.506,"-2,+4;-2,+0;-2,+0;+0,+0;+2,-4",True,0.996,False,0,122.5,0.147,zero,1111110,0,0.996,-0.376,0.306,nonzero,1110000,7,-0.075,-0.072,0.25,nonzero,0110011,4,-0.407,1.043,0.279,nonzero,1011011,5,-0.435,0.882,0.096
1775788721817,ok,,2,100,0.135,267.8,106.5,59.0,167.0,0.461,"-4,+4;-2,+0;-2,+0;-2,+0;+4,-4",True,0.992,False,0,122.2,0.142,zero,1111110,0,0.997,-0.454,0.332,nonzero,0110000,1,-0.107,-0.051,0.135,nonzero,0110011,4,-0.576,1.013,0.218,zero,1111110,0,0.831,-0.432,0.069
1775788789312,ok,,2,100,0.181,257.8,109.5,48.0,180.0,0.528,"+2,+8;+2,+0;+2,-2;+2,-2;-2,-4",True,0.947,False,0,96.0,0.14,zero,1111110,0,1.036,-0.711,0.254,nonzero,1101101,2,-0.733,1.027,0.181,nonzero,1011111,6,-0.745,0.98,0.201,nonzero,1011011,5,-0.724,1.0,0.22
1775862932601,ok,,3,10,0.073,253.8,109.0,59.0,167.0,0.619,"+0,+2;+2,+2;+2,+0;+0,-2;+0,-2",True,0.677,False,0,88.4,0.138,zero,1111110,0,0.868,-0.024,0.129,zero,1111110,0,0.893,0.058,0.073,nonzero,1011011,5,-0.085,1.144,0.284,zero,1111110,0,1.014,-0.188,0.23
1775862970116,ok,,2,100,0.144,250.8,110.0,59.0,167.0,0.489,"+0,+4;+0,+2;+0,+0;-2,-2;+0,-2",True,1.01,False,2,76.4,0.17,zero,1111110,0,1.083,-0.078,0.238,nonzero,0110000,1,0.08,0.137,0.144,nonzero,1111011,9,-0.122,1.025,0.145,zero,1111110,0,0.795,-0.202,0.017
1775862993933,ok,,2,100,0.213,252.8,110.0,57.0,168.5,0.595,"+2,+6;+0,+2;+0,+2;-2,+0;+0,-2",True,0.979,False,0,123.6,0.136,zero,1111110,0,0.965,-0.067,0.213,nonzero,0110011,4,-0.055,1.149,0.26,nonzero,1111?01,3,-0.147,1.0,0.029,nonzero,1011011,5,-0.212,0.759,0.006
1775863338162,ok,,3,10,0.191,261.5,106.0,51.0,170.0,0.653,"-6,+8;-2,+4;+0,+0;+2,-2;+4,-4",True,0.705,False,0,138.8,0.129,zero,1111110,0,1.012,-0.259,0.321,zero,1111110,0,1.0,-0.275,0.335,nonzero,1011111,6,-0.347,0.949,0.191,nonzero,1011011,5,-0.376,0.966,0.239
1775863361591,ok,,3,10,0.167,245.8,110.0,55.0,168.5,0.675,"+2,+8;+2,+4;+2,+2;+0,+0;-2,-2",True,0.726,False,0,141.1,0.132,zero,1111110,0,0.967,-0.204,0.187,zero,1111110,0,0.978,-0.217,0.213,nonzero,1111011,9,-0.271,0.973,0.167,nonzero,1011011,5,-0.262,1.0,0.238
1775863381129,ok,,2,100,0.16,247.8,109.5,59.0,168.5,0.606,"+2,+8;+2,+2;+0,+0;+2,-2;+0,-2",True,0.946,False,0,127.6,0.131,zero,1111110,0,0.93,-0.314,0.16,nonzero,1110000,7,-0.076,-0.045,0.278,nonzero,1101101,2,-0.332,1.038,0.228,zero,1111110,0,0.914,-0.363,0.154
1775863707869,ok,,3,10,0.088,249.2,110.0,59.0,167.0,0.743,"+0,+6;+2,+2;+0,+2;+0,+0;-2,-2",True,0.69,False,0,133.7,0.136,zero,1111110,0,0.996,-0.155,0.218,zero,1111110,0,0.96,-0.143,0.173,nonzero,1111111,8,0.827,0.92,0.088,nonzero,1011011,5,-0.176,1.058,0.256
1775863731159,ok,,2,100,0.05,245.8,110.0,58.0,168.5,0.593,"+0,+4;+0,+2;+0,+2;-2,+0;+0,-2",True,0.784,False,0,136.7,0.128,zero,1111110,0,0.832,-0.133,0.05,nonzero,0110000,1,0.014,0.081,0.112,nonzero,1110000,7,0.079,0.068,0.138,zero,1111110,0,0.951,-0.198,0.158
1775863759196,ok,,2,100,0.155,247.8,110.0,61.0,167.0,0.735,"+0,+6;+0,+2;+0,+0;+0,+0;+0,-4",True,0.737,False,0,117.9,0.136,zero,1111110,0,0.891,-0.165,0.155,nonzero,1011011,5,-0.132,1.069,0.258,nonzero,1111111,8,0.892,0.894,0.05,nonzero,1011011,5,-0.164,1.116,0.331
1775864373996,ok,,2,100,0.11,253.0,108.5,48.0,180.0,0.485,"-4,-8;+0,+4;+0,+2;+0,+0;+2,-4",True,1.02,False,0,109.8,0.181,zero,1111110,0,0.981,-0.561,0.124,nonzero,1111011,9,-0.607,1.013,0.11,nonzero,0110000,1,-0.226,-0.083,0.281,nonzero,1011011,5,-0.706,1.059,0.148
1775864465103,ok,,2,100,0.032,227.2,114.0,29.0,193.0,0.614,"-8,-8;+0,+2;+2,+2;-2,+0;+0,-2",True,1.093,False,0,71.2,0.135,zero,1111110,0,0.868,-1.153,0.081,nonzero,1101101,2,-1.412,1.1,0.032,nonzero,1111011,9,-1.609,1.007,0.0,zero,1111110,0,0.819,-1.227,0.111
1775865097157,ok,,3,10,0.085,255.8,110.0,58.0,168.5,0.766,"-2,+2;+0,+2;+0,+0;+0,+0;-2,-2",True,0.677,False,0,135.7,0.129,zero,1111110,0,0.921,-0.071,0.227,zero,1111110,0,0.958,-0.064,0.218,nonzero,1011111,6,-0.109,1.001,0.085,zero,1111110,0,0.894,-0.067,0.117
1775865120721,ok,,2,100,0.084,255.0,110.0,59.0,167.0,0.639,"+0,+2;+2,+2;+0,+0;+0,+0;+0,-2",True,0.828,False,0,134.7,0.14,zero,1111110,0,0.891,-0.006,0.131,nonzero,0110000,1,0.121,0.167,0.084,nonzero,1111011,9,-0.013,1.012,0.168,zero,1111110,0,0.924,0.01,0.132
1775865136941,ok,,2,100,0.039,255.8,110.0,63.0,167.0,0.658,"+0,+4;+0,+2;+0,+0;-2,-2;-2,-4",True,0.788,False,0,110.2,0.131,zero,1111110,0,0.84,-0.106,0.039,nonzero,1011011,5,-0.067,0.992,0.183,nonzero,1110000,7,0.003,0.114,0.152,nonzero,1011011,5,-0.149,1.123,0.279
1775865219145,ok,,2,100,0.06,257.2,110.0,60.0,167.5,0.555,"+0,+4;+0,+2;+0,+0;+0,-2;+0,-2",True,0.804,False,0,97.2,0.127,zero,1111110,0,0.754,0.044,0.06,nonzero,0110011,4,-0.001,1.107,0.221,zero,1111110,0,0.889,0.023,0.134,zero,1111110,0,1.0,-0.026,0.291
1775865773310,ok,,2,100,0.363,252.8,109.5,62.0,171.5,0.577,"+0,+8;+2,+2;+0,+4;+2,+0;+4,-4",True,1.145,False,0,108.4,0.13,zero,1111110,0,1.102,-0.576,0.363,nonzero,0110011,4,-0.551,1.273,0.477,uncertain,1111111,8,0.778,0.783,0.005,nonzero,1011011,5,-0.77,1.0,0.042
1775865811296,ok,,2,100,0.049,250.0,110.0,57.0,177.0,0.498,"+0,+8;+0,+2;+2,+0;-2,+2;+0,-4",True,0.994,False,0,107.8,0.132,zero,1111110,0,1.011,-0.628,0.111,nonzero,1111011,9,-0.705,0.906,0.049,nonzero,0110000,1,-0.182,-0.109,0.25,nonzero,1011011,5,-0.79,1.0,0.234
1775865898239,ok,,2,100,0.183,255.0,110.0,59.0,171.5,0.602,"-2,+4;+2,+2;+0,+0;+0,-2;-2,-2",True,0.86,False,0,127.1,0.143,zero,1111110,0,0.97,-0.503,0.183,nonzero,1111001,3,-0.447,1.025,0.183,nonzero,1011011,5,-0.468,1.007,0.294,nonzero,1011011,5,-0.623,0.987,0.244
1775866366205,uncertain,grid_at_search_bound,,,,310.0,118.0,25.0,197.0,0.486,"+2,+0;+6,+2;+2,+2;+4,+2;+8,-8",True,1.472,True,6,45.2,0.141,nonzero,1101101,2,-1.706,1.444,0.277,nonzero,1111011,9,-2.205,1.099,0.005,zero,?111110,0,0.527,-1.059,0.026,uncertain,0000110,,-0.77,-0.022,0.0
1775866470721,ok,,2,100,0.016,268.0,106.0,36.0,190.0,0.413,"-2,-8;-4,+2;+2,+2;+0,+0;+6,-2",True,1.159,False,0,68.9,0.132,zero,1111110,0,0.829,-0.991,0.016,nonzero,1101101,2,-1.093,1.0,0.02,nonzero,1110000,7,-0.746,-0.379,0.348,nonzero,1011011,5,-1.299,0.932,0.005
1775866485320,uncertain,p2_unstable_across_repeats,,,,252.2,110.0,37.0,190.0,0.442,"-2,-8;-2,+2;+0,+0;+0,-4;+0,-4",True,1.281,False,1,58.9,0.135,zero,1111110,0,1.04,-1.081,0.017,uncertain,?111111,8,0.577,0.887,0.01,nonzero,0110000,1,-0.756,-0.115,0.141,uncertain,1011011,5,-1.377,1.0,0.051
1775866535129,ok,,2,100,0.002,255.0,109.0,30.0,194.5,0.402,"+0,-4;-4,+4;+4,+0;+6,-8;+8,-2",True,1.367,False,1,58.9,0.129,zero,1111110,0,0.926,-1.176,0.009,nonzero,1101101,2,-1.484,1.0,0.002,nonzero,0110011,4,-1.367,1.584,0.666,nonzero,1011011,5,-1.819,0.983,0.001
1775866549083,ok,,3,10,0.05,263.5,106.0,54.0,170.0,0.642,"-2,-8;+0,+4;+0,+2;+0,-2;+2,-4",True,0.704,False,0,102.2,0.128,zero,1111110,0,0.944,-0.297,0.277,zero,1111110,0,0.972,-0.28,0.246,nonzero,1111111,8,0.755,0.843,0.05,zero,1111110,0,0.901,-0.363,0.245
1775866580610,ok,,2,100,0.15,250.0,110.0,50.0,168.5,0.597,"+0,+8;+2,+2;+2,+0;+0,+0;+0,-2",True,0.574,False,0,111.9,0.131,zero,1111110,0,0.947,-0.051,0.15,nonzero,1101101,2,-0.002,1.074,0.186,nonzero,1111001,3,-0.008,1.061,0.248,zero,1111110,0,0.857,-0.124,0.032
1775866616903,ok,,2,100,0.084,252.8,109.5,51.0,170.0,0.566,"+2,+6;+2,+4;+0,+0;+2,-2;+2,-4",True,0.829,False,0,105.7,0.131,zero,1111110,0,0.9,-0.036,0.084,nonzero,1111001,3,0.017,1.064,0.092,nonzero,1111011,9,-0.05,1.104,0.166,nonzero,1011011,5,-0.196,1.173,0.257
1775866955885,ok,,3,10,0.008,250.8,110.0,58.0,165.5,0.541,"+0,+4;+0,+2;+0,+0;+0,-2;+0,-2",True,0.657,False,0,106.9,0.14,zero,1111110,0,0.879,0.165,0.077,zero,1111110,0,0.971,0.2,0.102,nonzero,1011111,6,0.143,1.017,0.008,zero,1111110,0,0.931,0.177,0.115
1775866976773,ok,,2,100,0.005,250.0,110.0,58.0,165.5,0.534,"-2,+4;+0,+2;+0,+0;+0,+0;+0,-2",True,0.73,False,0,116.0,0.142,zero,1111110,0,0.805,0.176,0.005,nonzero,1101101,2,0.175,1.013,0.024,nonzero,1011111,6,0.141,1.056,0.037,nonzero,1011011,5,0.112,1.07,0.119
1775866987799,ok,,2,100,0.348,263.5,106.0,58.0,170.0,0.624,"-4,+8;+0,+4;-2,+2;+0,-2;+4,-4",True,0.985,False,0,109.9,0.136,zero,1111110,0,1.116,-0.566,0.348,nonzero,1111001,3,-0.49,1.166,0.348,nonzero,1111011,9,-0.635,1.0,0.227,zero,1111110,0,0.989,-0.555,0.279
1775866994637,ok,,2,100,0.052,263.5,106.5,59.0,164.0,0.498,"-8,+6;-4,+2;-2,+0;+0,-2;+2,-4",True,0.881,False,0,116.6,0.139,zero,1111110,0,0.828,0.172,0.052,nonzero,0110011,4,0.154,1.197,0.093,zero,1111110,0,1.006,0.217,0.233,zero,1111110,0,0.957,0.186,0.159
1775867008489,ok,,2,100,0.197,267.8,106.5,57.0,173.0,0.546,"-6,+8;-4,+2;+2,+0;-2,+0;+4,-2",True,0.908,False,0,98.1,0.137,zero,1111110,0,1.058,-0.592,0.277,nonzero,1011111,6,-0.841,1.0,0.197,nonzero,1111001,3,-0.735,1.103,0.199,zero,1111110,0,0.985,-0.652,0.249
1775867084307,ok,,2,100,0.016,265.0,106.5,62.0,170.0,0.402,"-6,+6;-4,+2;-2,+0;-2,-2;+4,-4",True,1.123,False,0,106.9,0.126,zero,1111110,0,0.996,-0.522,0.016,nonzero,0110000,1,-0.132,-0.066,0.212,nonzero,0110000,1,-0.141,-0.064,0.212,zero,1111110,0,0.872,-0.582,0.0
1775867109308,ok,,2,100,0.22,255.8,109.5,62.0,171.5,0.423,"+2,+6;+0,+2;+4,-2;-4,-2;+2,-4",True,0.853,False,0,97.9,0.13,zero,1111110,0,1.014,-0.619,0.22,nonzero,1101101,2,-0.806,1.0,0.235,nonzero,0110000,1,-0.189,-0.104,0.167,nonzero,1011011,5,-0.878,0.976,0.107
1775867169562,ok,,2,100,0.085,239.8,111.0,62.0,174.0,0.448,"+2,+6;+0,+2;+4,+4;+0,-2;+4,-4",True,1.258,False,0,92.1,0.132,zero,1111110,0,0.98,-0.61,0.085,nonzero,0110011,4,-0.886,1.236,0.44,nonzero,1111001,3,-0.663,1.05,0.24,zero,1111110,0,0.908,-0.687,0.009
1775867223246,ok,,2,100,0.003,250.8,109.5,47.0,187.0,0.408,"+2,+8;-2,+2;+6,+0;-4,-2;+6,-2",True,1.265,False,0,61.0,0.134,zero,1111110,0,0.964,-1.378,0.049,nonzero,1101101,2,-1.292,1.019,0.003,uncertain,???????,0123456789,0.56,0.583,0.0,nonzero,1011011,5,-1.945,1.014,0.03
1775867282690,uncertain,grid_at_search_bound,,,,235.0,98.0,71.0,167.0,0.365,"-8,-2;-8,-2;+4,+4;-2,+2;-6,-4",False,0.075,False,1,91.8,0.159,uncertain,?000000,,-0.061,-0.018,0.015,zero,1111110,0,0.829,-0.685,0.051,nonzero,1101101,2,-0.746,1.029,0.183,nonzero,1011011,5,-0.783,1.022,0.205
1775867305248,ok,,2,100,0.281,263.5,106.0,49.0,167.0,0.561,"-6,+6;-2,+4;-2,+2;+0,-2;+2,-4",True,0.837,False,0,126.8,0.136,zero,1111110,0,0.927,-0.151,0.284,nonzero,0110011,4,-0.15,1.101,0.281,zero,1111110,0,0.89,-0.137,0.149,nonzero,1011011,5,-0.191,0.934,0.161
1775867329458,ok,,2,100,0.102,235.5,111.0,47.0,176.0,0.685,"-2,+6;-2,+2;+0,+0;+2,-2;+2,-4",True,0.747,False,0,69.8,0.132,zero,1111110,0,0.877,-0.35,0.102,nonzero,1011011,5,-0.249,1.136,0.328,nonzero,1011111,6,-0.225,0.914,0.113,zero,1111110,0,0.888,-0.37,0.107
1775867354282,ok,,2,100,0.038,255.8,109.0,58.0,164.0,0.638,"+0,+4;+2,+2;+0,+0;+2,+0;+0,-2",True,0.812,False,0,109.3,0.127,zero,1111110,0,0.876,0.037,0.051,nonzero,1111011,9,-0.019,0.872,0.038,nonzero,1011011,5,-0.162,1.214,0.095,nonzero,1011011,5,-0.103,1.279,0.296
1775867427427,ok,,2,100,0.029,250.8,109.5,57.0,170.0,0.54,"-2,+6;+2,+2;-2,+4;+2,-2;+2,-4",True,0.933,False,0,61.5,0.127,zero,1111110,0,0.973,-0.477,0.263,nonzero,0110000,1,-0.252,-0.035,0.029,zero,1111110,0,0.869,-0.451,0.196,nonzero,1011011,5,-0.768,0.854,0.055
1775867451445,ok,,2,100,0.007,250.8,110.0,57.0,163.0,0.52,"+0,+6;+2,+2;+0,+0;+0,+0;+0,-2",True,0.709,False,0,103.9,0.133,zero,1111110,0,0.849,-0.007,0.091,nonzero,1101101,2,0.021,1.093,0.007,nonzero,0110000,1,-0.044,0.187,0.077,nonzero,1011011,5,-0.067,1.087,0.047
1775867471296,ok,,2,100,0.121,265.8,106.5,58.0,162.5,0.652,"-4,+6;-2,+2;+0,+0;+0,+0;+2,-2",True,0.604,False,0,109.5,0.139,zero,1111110,0,0.988,0.021,0.156,nonzero,1101101,2,0.006,1.05,0.121,nonzero,1111001,3,-0.006,1.012,0.152,nonzero,1011011,5,-0.038,0.865,0.016
1775867539235,ok,,2,100,0.141,263.5,106.5,63.0,166.0,0.616,"-4,+4;-2,+2;-2,+0;+0,-2;+2,-4",True,0.661,False,0,108.5,0.136,zero,1111110,0,0.881,-0.019,0.141,nonzero,1111001,3,-0.074,1.07,0.143,nonzero,1110000,7,0.068,0.162,0.121,zero,1111110,0,0.861,-0.06,0.141
1775867745173,uncertain,p2_invalid_pattern,,,,252.2,110.0,58.0,163.0,0.283,"-8,+6;+0,+4;+0,+2;+0,+0;+0,-2",False,0.209,False,0,93.0,0.178,uncertain,??????0,017,0.321,-0.083,0.002,uncertain,0000??0,,-0.312,0.119,0.003,nonzero,11100?0,7,0.201,0.216,0.005,zero,1111110,0,0.928,0.05,0.087
1775867857802,ok,,2,100,0.035,255.8,109.5,59.0,160.0,0.334,"+4,+4;+4,+2;+2,+0;+0,-2;+0,-4",True,0.802,False,0,91.3,0.153,zero,1111110,0,0.873,0.094,0.08,nonzero,0110000,1,0.136,0.239,0.035,nonzero,0110000,1,0.207,0.24,0.0,zero,1111110,0,0.926,0.102,0.077
1775867871544,ok,,2,100,0.059,255.8,109.0,60.0,163.0,0.473,"+0,+6;+2,+2;+0,+2;+2,-2;+0,-2",True,0.694,False,0,77.1,0.184,zero,1111110,0,0.837,-0.083,0.059,nonzero,0110000,1,0.065,0.151,0.082,nonzero,1111111,8,0.786,0.977,0.031,zero,1111110,0,0.942,-0.046,0.009
1775867893492,ok,,2,100,0.09,257.8,110.0,54.0,164.5,0.597,"+2,+8;+2,+2;+0,+0;+0,-2;-2,-4",True,0.82,False,0,101.3,0.189,zero,1111110,0,0.881,-0.115,0.09,nonzero,1111001,3,-0.067,1.294,0.238,nonzero,1111011,9,-0.208,1.102,0.105,zero,1111110,0,0.842,-0.091,0.04
1775868072963,ok,,2,100,0.211,271.5,106.0,47.0,174.5,0.628,"-8,-8;-2,+6;+2,+2;-2,-2;+2,-6",True,0.803,False,0,118.2,0.197,zero,1111110,0,1.043,-0.61,0.289,nonzero,1011111,6,-0.784,1.0,0.211,nonzero,1111001,3,-0.706,1.085,0.226,zero,1111110,0,0.901,-0.667,0.194
1775868086658,ok,,2,100,0.298,263.5,106.0,46.0,180.0,0.395,"-4,-8;+0,+4;+0,+0;-2,-2;+2,-4",True,1.198,False,0,106.2,0.194,zero,1111110,0,0.996,-0.733,0.298,nonzero,1110000,7,-0.514,-0.412,0.479,nonzero,0110000,1,-0.237,-0.057,0.262,nonzero,1011011,5,-0.884,0.899,0.093
1775868174809,uncertain,grid_at_search_bound,,,,310.0,106.0,82.0,170.0,0.23,"+2,+4;-2,+8;+8,+8;+0,+6;-8,-8",True,0.583,False,1,159.3,0.215,nonzero,0110000,1,-0.171,-0.123,0.368,uncertain,0000110,,-0.332,-0.283,0.001,uncertain,1110110,,-0.316,-0.198,0.073,uncertain,?0??0??,5,-0.665,0.576,0.002
1775868295259,ok,,3,10,0.064,245.0,110.0,52.0,174.5,0.639,"-2,+8;+0,+4;+0,+0;-2,-2;+0,-6",True,0.856,False,0,115.8,0.161,zero,1111110,0,1.059,-0.509,0.203,zero,1111110,0,1.094,-0.516,0.352,nonzero,1111011,9,-0.674,0.922,0.064,zero,1111110,0,0.926,-0.613,0.143
1775868609565,ok,,2,100,0.105,253.8,109.0,61.0,167.0,0.467,"+0,+4;+0,+0;+2,+0;+0,-2;+2,-4",True,1.101,False,0,92.7,0.222,zero,1111110,0,0.978,-0.282,0.105,nonzero,0110011,4,-0.405,1.187,0.3,nonzero,0110000,1,-0.16,0.032,0.009,uncertain,1111110,0,0.938,-0.455,0.029
1775868626125,ok,,2,100,0.042,250.0,110.0,48.0,180.0,0.456,"+2,+6;+2,+2;+0,+0;+0,-2;-2,-4",True,1.302,False,1,85.0,0.224,zero,1111110,0,0.995,-0.399,0.131,nonzero,1110000,7,-0.303,-0.082,0.042,zero,1111110,0,0.965,-0.422,0.104,nonzero,1011011,5,-0.704,0.965,0.016
1775868742792,uncertain,p1_unstable_across_repeats,,,,256.5,106.5,37.0,190.0,0.353,"-2,-4;-2,+6;-2,-6;+2,-2;+6,-2",True,1.528,False,1,72.7,0.215,uncertain,?111110,0,0.555,-0.994,0.002,nonzero,0110000,1,-0.289,-0.28,0.021,nonzero,0110011,4,-1.293,1.448,0.261,uncertain,1011011,5,-1.153,0.906,0.007
1775868763381,uncertain,p1_ambiguous,,,,242.8,110.0,34.0,200.0,0.332,"+2,-8;-4,+4;+2,+2;+2,-8;+8,-2",True,0.783,False,0,81.7,0.199,uncertain,??????0,017,0.369,-0.643,0.025,uncertain,??0??0?,2,-0.868,0.49,0.047,nonzero,0110011,4,-1.062,1.0,0.157,uncertain,??????0,017,0.34,-0.688,0.0
1775868789555,ok,,2,100,0.012,247.8,109.5,48.0,180.0,0.485,"+2,+6;+2,+2;+2,+0;+2,-2;+0,-4",True,1.056,False,0,84.1,0.167,zero,1111110,0,0.947,-0.633,0.012,nonzero,1111001,3,-0.513,1.055,0.023,nonzero,1011011,5,-0.57,1.036,0.119,uncertain,1111110,0,0.861,-0.629,0.034
1775868838952,uncertain,p2_unstable_across_repeats,,,,245.8,109.5,48.0,180.0,0.413,"+2,+6;+2,+2;+0,+2;+0,+0;+2,-2",True,1.291,False,0,86.5,0.136,zero,1111110,0,0.947,-0.526,0.091,uncertain,0110000,1,-0.176,-0.027,0.016,nonzero,1111001,3,-0.498,1.058,0.079,uncertain,1111110,0,0.826,-0.543,0.004
1775868937578,ok,,2,100,0.003,261.5,106.0,40.0,180.0,0.561,"-6,-6;-2,+4;+0,+0;+0,-2;+2,-6",True,1.1,False,0,83.4,0.183,zero,1111110,0,1.088,-0.627,0.227,nonzero,1111001,3,-0.673,1.063,0.003,nonzero,1011111,6,-0.745,0.966,0.011,zero,1111110,0,0.875,-0.76,0.01
1775869541175,ok,,2,100,0.017,265.8,106.5,60.0,163.0,0.514,"-2,+6;-4,+2;-4,+2;+0,-2;+0,-2",True,0.888,False,2,84.3,0.171,zero,1111110,0,0.633,-0.041,0.017,nonzero,0110000,1,0.069,0.057,0.059,nonzero,1?11111,68,0.596,1.101,0.002,zero,1111110,0,0.932,-0.117,0.124
1775869558061,ok,,2,100,0.037,270.0,105.5,58.0,160.0,0.524,"+0,+8;+2,+4;+0,+0;+0,+0;+2,-2",True,0.467,False,0,79.5,0.191,zero,1111110,0,1.034,-0.051,0.213,nonzero,1111001,3,-0.027,0.82,0.037,zero,1111110,0,0.625,-0.012,0.017,nonzero,1011011,5,-0.064,1.073,0.021
1775869714581,ok,,3,10,0.032,269.2,106.0,57.0,160.0,0.425,"-2,+6;+0,+2;+0,+0;+0,-2;+2,-2",True,0.666,False,0,80.5,0.236,zero,1111110,0,0.851,0.195,0.066,zero,1111110,0,0.865,0.135,0.09,nonzero,1011111,6,0.16,1.108,0.032,zero,1111110,0,0.955,0.121,0.005
1775869744244,ok,,2,100,0.059,271.5,106.0,57.0,160.0,0.466,"-4,+8;-2,+4;+0,+0;+0,-2;+2,-4",True,0.595,False,0,69.9,0.198,zero,1111110,0,0.87,0.059,0.158,nonzero,11011?1,2,0.129,1.27,0.059,nonzero,11?1101,2,0.027,1.133,0.008,zero,1111110,0,0.703,0.103,0.01
1775869814076,ok,,2,100,0.114,255.0,110.0,46.0,180.0,0.579,"+2,+8;+0,+2;+0,+0;+0,+0;-2,-2",True,0.875,False,0,88.2,0.177,zero,1111110,0,0.978,-0.586,0.114,nonzero,1101101,2,-0.662,1.019,0.209,nonzero,1011111,6,-0.752,0.962,0.061,nonzero,1011011,5,-0.753,1.098,0.259
1775869920790,ok,,2,100,0.115,247.8,110.0,57.0,165.5,0.571,"+0,+8;+2,+4;+0,+4;+0,+0;-2,-2",True,0.828,False,0,125.1,0.157,zero,1111110,0,0.906,-0.013,0.125,nonzero,0110000,1,0.12,0.148,0.115,nonzero,1011111,6,-0.104,1.024,0.086,nonzero,1011011,5,-0.065,1.01,0.175
1775869937944,ok,,2,100,0.06,260.0,106.5,62.0,164.5,0.661,"-4,+6;-2,+2;-2,+0;-2,-2;+0,-4",True,0.743,False,0,134.2,0.198,zero,1111110,0,0.953,0.131,0.124,nonzero,1101101,2,0.124,1.107,0.06,nonzero,1110000,7,0.176,0.327,0.058,zero,1111110,0,0.884,0.044,0.127
1775870054902,ok,,2,100,0.299,255.8,109.0,63.0,170.0,0.662,"-2,+2;+0,+2;+2,+0;+0,-2;+2,-4",True,0.763,False,0,122.3,0.154,zero,1111110,0,1.026,-0.36,0.357,nonzero,1101101,2,-0.419,1.006,0.299,nonzero,1011011,5,-0.433,0.996,0.202,zero,1111110,0,0.929,-0.353,0.231
1775870120546,ok,,2,100,0.025,249.2,109.5,59.0,160.0,0.52,"+0,+6;+2,+2;+0,+0;+0,-2;+0,-4",True,0.903,False,0,123.1,0.2,zero,1111110,0,0.897,0.002,0.025,nonzero,0110000,1,0.093,0.13,0.096,nonzero,0110011,4,-0.102,1.179,0.277,zero,1111110,0,0.906,-0.092,0.047
1775870134690,ok,,2,100,0.059,259.2,106.5,57.0,165.5,0.624,"-6,+8;-4,+4;-2,+2;+0,+0;+2,-2",True,0.643,False,0,118.1,0.186,zero,1111110,0,0.931,0.071,0.059,nonzero,1101101,2,0.001,1.081,0.107,nonzero,1111011,9,-0.026,1.025,0.159,zero,1111110,0,0.922,0.013,0.192
1775870147518,ok,,2,100,0.073,248.0,109.5,55.0,166.0,0.664,"+0,+4;+2,+2;+0,+2;+2,-2;+0,-2",True,0.906,False,0,140.3,0.115,zero,1111110,0,0.928,0.076,0.073,nonzero,0110011,4,0.05,1.112,0.186,zero,1111110,0,0.968,0.121,0.177,zero,1111110,0,0.883,0.017,0.017
1775870217783,ok,,2,100,0.006,250.0,110.0,58.0,165.5,0.541,"-2,+4;+2,+2;+0,+0;-2,-2;-2,-2",True,0.862,False,1,129.0,0.225,zero,1111110,0,0.869,0.058,0.085,nonzero,0110000,1,0.199,0.222,0.006,nonzero,1110000,7,0.181,0.23,0.063,nonzero,1011011,5,-0.04,1.002,0.143
1775870232376,ok,,2,100,0.074,250.0,110.0,59.0,165.5,0.57,"+2,+2;+2,+0;+0,+0;-2,-2;-2,-4",True,0.74,False,1,131.0,0.181,zero,1111110,0,0.851,0.013,0.074,nonzero,1111001,3,0.041,1.099,0.17,nonzero,0110000,1,0.189,0.232,0.054,nonzero,1011011,5,-0.026,0.972,0.071
1775870344983,ok,,2,100,0.221,271.5,106.0,55.0,168.5,0.657,"-4,+8;+0,+4;+0,+2;+0,+0;+0,-2",True,0.809,False,0,140.3,0.17,zero,1111110,0,1.0,-0.312,0.279,nonzero,1101101,2,-0.329,1.026,0.221,nonzero,1011111,6,-0.346,0.924,0.092,zero,1111110,0,0.975,-0.306,0.284
1775870457198,ok,,2,100,0.124,249.2,109.5,57.0,163.0,0.472,"+2,+6;+2,+2;+2,+2;+0,-2;+0,-2",True,0.864,False,0,98.5,0.151,zero,1111110,0,0.836,-0.058,0.131,nonzero,0110000,1,0.044,0.068,0.124,nonzero,1110000,7,0.084,0.126,0.144,nonzero,1011011,5,-0.106,1.138,0.011
1775870622897,ok,,2,100,0.212,265.0,106.0,45.0,173.0,0.49,"-8,-8;-2,+4;+0,-6;+0,+0;+4,-4",True,1.003,False,0,132.9,0.115,zero,1111110,0,0.968,-0.389,0.281,nonzero,0110000,1,-0.144,-0.097,0.212,nonzero,1111001,3,-0.352,1.066,0.292,zero,1111110,0,0.862,-0.447,0.204
1775870653680,ok,,2,100,0.242,250.0,110.0,61.0,173.0,0.742,"-4,+2;+0,+2;-2,+0;+0,+0;+0,-2",True,0.882,False,0,134.9,0.189,zero,1111110,0,1.027,-0.31,0.297,nonzero,1111001,3,-0.276,1.073,0.242,zero,1111110,0,0.97,-0.29,0.211,zero,1111110,0,0.917,-0.311,0.136
1775870885011,uncertain,grid_at_search_bound,,,,295.8,98.0,34.0,167.0,0.406,"-4,+4;-2,+6;-2,-4;+0,-4;+4,-6",True,0.956,False,0,107.7,0.18,zero,1111110,0,0.745,-0.294,0.145,nonzero,0110000,1,-0.107,-0.021,0.054,nonzero,0110011,4,-0.47,0.942,0.082,nonzero,101?01?,5,-0.709,0.645,0.001
1775870917301,ok,,2,100,0.129,280.8,102.0,35.0,171.5,0.559,"-6,+2;-2,+6;-2,+2;+0,+0;+2,-4",True,0.877,False,0,116.3,0.185,zero,1111110,0,0.803,-0.227,0.129,nonzero,0110011,4,-0.323,1.051,0.228,nonzero,1111011,9,-0.372,0.911,0.137,nonzero,1011011,5,-0.347,1.079,0.231
1775870946406,ok,,2,100,0.057,280.8,102.0,35.0,167.0,0.607,"-4,+2;-2,+6;-2,+2;+0,-2;+0,-6",True,0.545,False,0,104.1,0.141,zero,1111110,0,0.728,-0.228,0.057,nonzero,1011011,5,-0.452,0.836,0.076,nonzero,1011111,6,-0.327,0.926,0.154,zero,1111110,0,1.134,-0.315,0.411
1775871024505,ok,,2,100,0.268,252.2,109.5,65.0,171.5,0.677,"+0,+2;+2,+0;+2,+0;+0,+0;+2,-2",True,0.828,False,0,142.9,0.105,zero,1111110,0,0.984,-0.246,0.268,nonzero,1011011,5,-0.309,1.013,0.269,nonzero,1110000,7,-0.084,-0.052,0.327,zero,1111110,0,0.902,-0.264,0.145
1775871444726,ok,,2,100,0.159,263.5,106.5,58.0,165.5,0.485,"-8,+4;-2,+2;+0,+0;+0,+0;+2,-2",True,1.048,False,0,126.0,0.139,zero,1111110,0,0.881,-0.128,0.16,nonzero,0110011,4,-0.156,1.086,0.159,nonzero,0110000,1,-0.087,-0.022,0.219,nonzero,1011011,5,-0.2,1.012,0.167
1775871464973,ok,,2,100,0.092,252.8,110.0,59.0,167.0,0.598,"+0,+4;+2,+2;+0,+0;+0,+0;-2,-2",True,1.002,False,0,124.2,0.246,zero,1111110,0,0.887,-0.105,0.092,nonzero,1110000,7,-0.022,0.027,0.274,nonzero,1011011,5,-0.103,1.053,0.185,nonzero,1011011,5,-0.222,1.093,0.188
1775871489048,ok,,1,1000,0.199,264.2,106.5,57.0,165.5,0.536,"-8,+8;-4,+4;-2,+2;+0,+0;+2,-2",True,0.832,False,0,117.4,0.116,nonzero,0110000,1,-0.064,-0.014,0.199,zero,1111110,0,0.981,-0.142,0.216,nonzero,1011011,5,-0.118,0.969,0.122,nonzero,1011011,5,-0.153,1.001,0.14
1775871500887,ok,,3,10,0.075,263.5,106.0,39.0,170.0,0.575,"-2,-8;+0,+4;+0,+0;+0,-2;+0,-4",True,0.661,False,0,102.1,0.121,zero,1111110,0,0.834,-0.163,0.158,zero,1111110,0,0.818,-0.179,0.075,nonzero,1110000,7,-0.213,-0.032,0.291,zero,1111110,0,0.928,-0.175,0.23
1775871562182,uncertain,grid_at_search_bound,,,,215.0,114.0,46.0,176.0,0.717,"-8,+6;-6,+0;+0,+0;+2,-2;+2,-2",True,0.888,False,0,108.8,0.205,zero,1111110,0,0.975,-0.244,0.184,zero,1111110,0,1.0,-0.189,0.321,nonzero,1111111,8,0.781,0.89,0.099,zero,1111110,0,0.918,-0.266,0.165
1775871576746,ok,,2,100,0.158,253.8,109.0,58.0,165.5,0.539,"+0,+6;+2,+2;+0,+2;+0,+0;+0,-2",True,0.947,False,0,116.2,0.168,zero,1111110,0,0.924,-0.061,0.191,nonzero,0110000,1,-0.006,0.077,0.158,nonzero,0110011,4,-0.143,1.012,0.19,nonzero,1011011,5,-0.167,0.945,0.101
1775871596054,ok,,2,100,0.124,250.0,109.5,57.0,168.5,0.578,"+0,+6;+2,+2;+2,+0;+0,+0;+0,-2",True,0.854,False,0,122.1,0.167,zero,1111110,0,0.877,-0.083,0.124,nonzero,1101101,2,-0.213,1.082,0.187,nonzero,0110000,1,-0.027,0.079,0.237,zero,1111110,0,0.884,-0.109,0.112
1775872068181,ok,,1,1000,0.321,265.0,106.0,38.0,166.0,0.467,"+0,+4;+0,-8;+0,+0;+0,+0;+0,-2",True,0.89,False,0,68.0,0.133,nonzero,0110000,1,-0.286,0.009,0.321,nonzero,1101101,2,-0.205,0.989,0.046,nonzero,1111001,3,-0.252,1.005,0.169,zero,1111110,0,0.612,-0.181,0.012
1775872179761,ok,,3,10,0.004,263.5,106.0,39.0,170.0,0.557,"-2,-4;+2,+4;+2,+0;+0,-2;+0,-6",True,0.852,False,0,74.5,0.188,zero,1111110,0,1.154,-0.316,0.374,zero,1111110,0,0.956,-0.213,0.212,nonzero,1011111,6,-0.104,0.803,0.004,nonzero,101?011,5,-0.412,0.705,0.005
1775873036640,ok,,2,100,0.111,261.5,106.5,61.0,164.5,0.512,"-4,+6;-2,+4;+0,+0;+0,+0;+2,-4",True,0.801,False,0,158.5,0.116,zero,1111110,0,0.84,-0.093,0.111,nonzero,1110000,7,0.018,0.08,0.224,nonzero,0110000,1,0.032,0.111,0.163,nonzero,1011011,5,-0.175,1.028,0.214
1775873396532,ok,,2,100,0.017,282.8,102.5,54.0,160.0,0.332,"-6,+8;-4,+6;-2,+2;+0,+0;+2,-2",True,0.567,False,0,61.4,0.137,zero,1111110,0,0.716,-0.028,0.019,nonzero,1011111,6,0.006,0.976,0.017,nonzero,1111011,9,-0.0,1.068,0.044,nonzero,1011011,5,-0.008,1.407,0.256
1775873451225,uncertain,grid_at_search_bound,,,,297.8,98.0,35.0,167.0,0.555,"+6,+4;+2,+6;+0,+4;-2,-2;+0,-6",True,0.724,False,1,95.9,0.134,zero,1111110,0,0.815,-0.394,0.063,zero,1111110,0,0.876,-0.303,0.142,nonzero,1111111,8,0.822,0.83,0.02,nonzero,1011011,5,-0.285,1.143,0.247
1775873488121,ok,,2,100,0.008,277.8,102.0,36.0,168.5,0.561,"+0,+2;+0,+6;+0,+2;+0,-2;+2,-4",True,0.766,False,1,104.3,0.138,zero,1111110,0,0.782,-0.302,0.072,nonzero,1101101,2,-0.197,0.901,0.008,nonzero,1011011,5,-0.24,0.965,0.119,zero,1111110,0,0.887,-0.146,0.15
1775873546893,ok,,2,100,0.009,250.8,110.0,60.0,166.0,0.375,"+2,+2;+2,+2;+0,+0;+0,-2;-2,-2",True,0.624,False,0,72.5,0.133,zero,1111110,0,0.713,0.214,0.079,nonzero,01100?0,1,0.262,0.347,0.009,nonzero,11110?1,39,0.248,0.867,0.016,nonzero,1011011,5,0.042,1.159,0.0
1775873562731,ok,,2,100,0.004,262.0,107.0,60.0,163.0,0.384,"-4,+4;-2,+2;+0,+0;+0,-2;+0,-2",True,1.008,False,0,73.5,0.206,zero,1111110,0,0.709,0.256,0.024,nonzero,1101101,2,0.242,1.09,0.004,nonzero,1011011,5,0.189,1.207,0.042,nonzero,1011011,5,0.079,0.902,0.041
1775873805462,ok,,3,10,0.121,258.5,106.0,42.0,170.0,0.692,"-6,-8;+0,+4;+0,+2;+0,-2;+0,-4",True,0.742,False,0,141.6,0.242,zero,1111110,0,0.974,-0.286,0.28,zero,1111110,0,0.951,-0.272,0.29,nonzero,1111011,9,-0.375,0.934,0.121,zero,1111110,0,0.921,-0.291,0.22
1775873823297,ok,,2,100,0.047,277.8,102.0,39.0,167.0,0.493,"-2,+0;+2,+6;+0,+0;+0,+0;+0,-4",True,0.91,False,0,134.3,0.202,zero,1111110,0,0.865,-0.309,0.047,nonzero,0110000,1,-0.077,-0.05,0.269,nonzero,1111001,3,-0.336,0.951,0.187,zero,1111110,0,0.925,-0.275,0.209
1775873843938,ok,,2,100,0.175,275.8,102.0,41.0,167.0,0.64,"-8,-8;-2,+4;-2,+2;+0,-2;+2,-4",True,0.698,False,0,136.8,0.121,zero,1111110,0,0.897,-0.239,0.231,nonzero,1101101,2,-0.235,0.968,0.175,zero,1111110,0,0.919,-0.188,0.193,zero,1111110,0,0.917,-0.218,0.246
1775875067397,ok,,2,100,0.206,269.2,105.5,40.0,170.0,0.581,"+2,-6;+2,+4;+0,-4;+2,+0;+2,-4",True,0.97,False,0,130.4,0.178,zero,1111110,0,0.912,-0.407,0.206,nonzero,0110000,1,-0.104,-0.056,0.209,nonzero,1111111,8,0.826,0.865,0.079,zero,1111110,0,1.014,-0.335,0.293
1775875127782,ok,,2,100,0.084,252.8,110.0,65.0,171.5,0.663,"+0,+2;+2,+2;+2,+0;+0,-2;-2,-2",True,0.809,False,0,141.7,0.169,zero,1111110,0,0.905,-0.041,0.084,nonzero,1101101,2,-0.048,1.027,0.099,nonzero,0110011,4,-0.026,1.043,0.202,nonzero,1011011,5,-0.023,1.01,0.251
1775875188968,ok,,2,100,0.173,255.0,110.0,66.0,170.0,0.556,"-2,+2;+0,+2;+0,+0;+0,+0;+0,+0",True,0.905,False,0,151.6,0.19,zero,1111110,0,0.963,-0.045,0.191,nonzero,0110000,1,-0.029,0.154,0.173,nonzero,0110000,1,0.113,0.191,0.088,nonzero,1011011,5,-0.186,0.887,0.135
1775875357769,ok,,2,100,0.093,285.8,102.0,38.0,164.5,0.595,"-8,+0;+0,+6;+0,+4;+0,+0;+2,-4",True,0.873,False,0,100.3,0.156,zero,1111110,0,0.839,-0.285,0.093,nonzero,1011011,5,-0.26,0.965,0.105,nonzero,1011111,6,-0.314,0.969,0.153,zero,1111110,0,1.001,-0.276,0.267
1775875629529,ok,,3,10,0.064,252.8,110.0,68.0,168.5,0.672,"+0,+0;+0,+0;+2,+0;-2,+0;-2,+0",True,0.761,False,0,142.6,0.148,zero,1111110,0,0.872,-0.03,0.077,zero,1111110,0,0.93,0.073,0.129,nonzero,1110000,7,0.106,0.118,0.064,nonzero,1011011,5,-0.141,1.052,0.238
1775875968124,ok,,2,100,0.052,254.2,109.5,69.0,168.5,0.554,"+0,+2;+2,+2;+0,+0;+0,+0;+0,+0",True,0.892,False,0,139.1,0.123,zero,1111110,0,0.896,-0.052,0.166,nonzero,0110000,1,0.105,0.229,0.052,nonzero,0110011,4,0.014,1.004,0.165,nonzero,1011011,5,-0.122,1.015,0.212
1775876032423,ok,,2,100,0.065,252.8,110.0,57.0,168.5,0.517,"+0,+6;+0,+2;-2,+2;+0,+0;-2,-2",True,0.973,False,0,126.1,0.121,zero,1111110,0,0.805,-0.115,0.065,nonzero,0110000,1,-0.038,0.031,0.21,nonzero,0110011,4,-0.192,1.07,0.21,nonzero,1011011,5,-0.174,0.999,0.174
1775879626402,ok,,2,100,0.007,275.0,106.0,64.0,164.5,0.362,"+0,+4;+0,+2;+0,+0;+0,-2;+2,-4",True,0.559,False,0,63.6,0.149,zero,1111110,0,0.641,0.227,0.009,nonzero,11?11?1,28,0.374,0.9,0.007,nonzero,1111?11,89,0.413,1.003,0.011,nonzero,1011?11,56,0.248,1.358,0.006
1775880603819,ok,,2,100,0.009,263.5,106.5,62.0,163.0,0.383,"-4,+4;-2,+2;+0,+0;+0,-2;+2,-4",True,0.787,False,0,68.2,0.156,zero,1111110,0,0.783,0.313,0.038,nonzero,0110011,4,0.179,1.108,0.009,nonzero,11110?1,39,0.267,1.114,0.011,nonzero,1?11011,59,0.279,1.016,0.018
1775880665265,ok,,3,10,0.054,247.8,109.5,61.0,168.5,0.435,"+0,+4;+2,+2;+2,+0;+2,-2;+0,-2",True,0.783,False,0,77.1,0.177,zero,1111110,0,0.864,0.274,0.145,zero,1111110,0,0.975,0.365,0.079,nonzero,1111011,9,0.223,1.044,0.054,nonzero,1011?11,56,0.279,1.054,0.021
1775880978355,ok,,2,100,0.005,275.0,106.0,63.0,163.0,0.333,"+0,+6;+0,+2;+0,+0;+0,-2;+0,-4",True,0.573,False,0,55.0,0.127,zero,1111110,0,0.802,0.382,0.005,nonzero,1?11111,68,0.333,1.118,0.033,nonzero,1111111,8,0.906,0.974,0.086,nonzero,1?11?11,5689,0.456,1.005,0.039
1775881048882,ok,,2,100,0.002,278.5,106.0,61.0,160.0,0.285,"-2,+4;-2,+2;+0,+0;+0,-2;+0,-6",True,0.786,False,0,53.8,0.162,zero,1111110,0,0.748,0.206,0.113,nonzero,0110??0,1,0.221,0.354,0.002,nonzero,011??11,4,0.245,1.252,0.001,zero,1111110,0,0.76,0.337,0.066
1775881103195,ok,,2,100,0.003,276.5,106.0,61.0,160.0,0.369,"-2,+4;+0,+2;+0,+0;+0,-2;+0,-4",True,0.664,False,1,62.6,0.21,zero,1111110,0,0.872,0.297,0.119,nonzero,11?11?1,28,0.351,0.935,0.003,uncertain,111111?,08,0.815,0.459,0.002,zero,1111110,0,0.945,0.384,0.037
1775881831214,ok,,2,100,0.017,258.8,109.0,62.0,163.0,0.378,"+0,+4;+0,+2;+2,+0;+0,-2;+0,-4",True,0.968,False,0,77.8,0.218,zero,1111110,0,0.901,0.19,0.017,nonzero,0110011,4,0.127,1.191,0.131,nonzero,0110011,4,0.157,1.135,0.107,nonzero,1011011,5,0.087,0.978,0.078
1775881882251,ok,,3,10,0.116,258.8,109.0,59.0,164.0,0.46,"+0,+6;+0,+2;+0,+0;+0,-2;+0,-4",True,0.876,False,0,86.1,0.129,zero,1111110,0,0.967,0.225,0.148,zero,1111110,0,0.907,0.225,0.121,nonzero,1111011,9,0.184,1.012,0.116,zero,1111110,0,0.776,0.203,0.026
1775881966545,ok,,2,100,0.008,268.5,106.5,59.0,162.5,0.395,"-4,+6;-2,+2;-2,+2;+0,-2;+2,-4",True,0.935,False,0,97.7,0.12,zero,1111110,0,1.0,0.231,0.07,nonzero,011???0,1,0.206,0.333,0.008,nonzero,111?0?0,7,0.296,0.323,0.003,zero,1111110,0,0.938,0.154,0.01
1776036692916,ok,,2,100,0.002,261.5,106.0,67.0,170.0,0.378,"-6,+6;-4,+2;-2,+0;+0,-2;+2,-4",True,0.589,False,0,55.6,0.114,zero,1111110,0,0.704,0.223,0.008,nonzero,1011011,5,0.221,1.237,0.002,zero,1111110,0,0.974,0.181,0.232,nonzero,?011?11,56,0.086,0.768,0.004
1776037943911,uncertain,p2_ambiguous,,,,263.5,106.0,67.0,164.0,0.446,"-2,+4;+0,+2;+0,+0;+0,-2;+0,-4",True,0.97,False,2,54.8,0.159,zero,1111110,0,0.893,0.274,0.152,uncertain,111???0,07,0.347,0.284,0.014,nonzero,1111?11,89,0.389,0.991,0.001,nonzero,1011?11,56,0.107,1.131,0.004
1776038087348,ok,,3,10,0.009,254.2,109.5,65.0,170.0,0.404,"+0,+4;+2,+2;+2,+0;+0,+0;+0,-2",True,0.486,False,0,58.9,0.118,zero,1111110,0,0.732,0.2,0.009,zero,1111110,0,1.136,0.202,0.248,nonzero,111?000,7,0.199,0.277,0.022,zero,1111110,0,0.764,0.229,0.015
1776039140175,ok,,2,100,0.002,269.2,106.0,62.0,163.0,0.523,"+0,+6;+0,+2;+0,+0;+0,-2;+0,-4",True,0.836,False,0,88.4,0.157,zero,1111110,0,0.722,0.306,0.002,nonzero,1?11111,68,0.312,1.186,0.004,zero,1111110,0,0.985,0.357,0.073,nonzero,1011?11,56,0.298,1.108,0.002
1776039269345,ok,,3,10,0.01,267.8,106.0,64.0,160.0,0.57,"+0,+4;+0,+2;+0,+0;+0,-2;+0,-4",True,0.746,False,0,117.4,0.15,zero,1111110,0,0.773,0.37,0.025,zero,1111110,0,0.934,0.436,0.01,nonzero,1111?11,89,0.376,1.13,0.033,nonzero,1?11?11,5689,0.355,1.09,0.01
1776039561000,ok,,2,100,0.007,250.0,110.0,59.0,165.5,0.374,"+0,+4;+0,+2;+0,+0;+0,-2;-2,-4",True,1.112,False,0,61.5,0.232,zero,1111110,0,0.876,0.416,0.012,nonzero,1?11?11,5689,0.416,0.933,0.007,uncertain,111111?,08,0.763,0.452,0.006,nonzero,1011?11,56,0.236,1.238,0.017
1776039577380,uncertain,p1_ambiguous,,,,252.2,109.5,59.0,162.5,0.318,"+2,+4;+2,+2;+2,+0;+0,-2;+0,-4",True,0.906,False,0,50.1,0.219,uncertain,111111?,08,0.74,0.481,0.052,nonzero,1111?11,89,0.43,1.268,0.04,zero,1111110,0,0.913,0.422,0.005,nonzero,1011?11,56,0.269,1.0,0.012
1776039623609,uncertain,p1_invalid_pattern,,,,257.2,109.5,60.0,162.5,0.472,"+2,+6;+2,+4;+2,+0;+0,-2;+0,-4",True,0.539,False,1,54.2,0.175,uncertain,0110100,,0.048,0.161,0.011,zero,1111110,0,1.158,-0.06,0.196,nonzero,1111011,9,-0.074,0.815,0.008,zero,1111110,0,0.845,-0.005,0.053
1776039713461,ok,,2,100,0.004,250.8,110.0,58.0,164.0,0.329,"+0,+6;+0,+4;+0,+2;+0,-2;-2,-4",True,0.921,False,0,58.4,0.172,zero,1111110,0,0.706,0.223,0.041,nonzero,011?000,1,0.154,0.273,0.004,nonzero,1011111,6,0.135,1.246,0.165,nonzero,1011011,5,0.129,0.852,0.011
1776039785410,ok,,2,100,0.001,268.5,106.0,58.0,160.0,0.378,"-4,+6;-2,+2;+0,+0;+2,-2;+2,-4",True,0.539,False,0,46.4,0.188,zero,1111110,0,0.848,0.312,0.049,nonzero,1?11?11,5689,0.322,0.995,0.001,nonzero,1011?11,56,0.284,0.946,0.01,zero,1111110,0,0.725,0.31,0.114
1776039808160,ok,,2,100,0.002,255.0,109.5,58.0,160.0,0.337,"+2,+6;+2,+2;+2,+2;+0,+0;+0,-4",True,0.989,False,0,60.3,0.155,zero,1111110,0,0.725,0.448,0.002,nonzero,?111111,8,0.503,1.123,0.04,nonzero,011??11,4,0.132,1.348,0.064,nonzero,1?11?11,5689,0.357,1.273,0.02
1776040289161,ok,,2,100,0.053,263.5,106.0,62.0,163.0,0.587,"-8,+6;-4,+2;+0,+0;+2,-2;+4,-4",True,0.807,False,0,98.7,0.192,zero,1111110,0,0.929,0.252,0.123,nonzero,1111011,9,0.247,1.092,0.053,nonzero,1011111,6,0.282,1.033,0.018,zero,1111110,0,0.992,0.247,0.116
1776041541431,ok,,2,100,0.081,273.5,106.0,40.0,168.5,0.239,"+0,+2;+0,+6;+0,+4;+0,+0;+0,-6",True,0.436,False,0,50.8,0.203,zero,1111110,0,0.782,0.161,0.081,nonzero,1101101,2,0.152,1.276,0.084,zero,1111110,0,0.773,0.254,0.023,zero,1111110,0,0.784,0.074,0.141
1776041579948,ok,,2,100,0.012,268.5,106.5,49.0,165.5,0.246,"-6,+6;-2,+2;-2,+0;+0,-2;+2,-4",True,0.437,False,0,56.7,0.169,zero,1111110,0,0.959,-0.083,0.18,nonzero,1111001,3,0.033,0.856,0.012,zero,1111110,0,0.674,0.063,0.002,zero,1111110,0,0.743,0.024,0.008
1776041662364,ok,,3,10,0.001,267.8,106.0,54.0,160.0,0.262,"-4,+8;-2,+2;+0,-2;+0,-4;+2,-6",True,0.376,False,0,64.1,0.214,zero,1111110,0,0.997,0.148,0.138,zero,1111110,0,0.652,0.23,0.001,nonzero,1111011,9,0.295,0.866,0.005,zero,1111110,0,0.722,0.124,0.008
1776041682678,ok,,2,100,0.023,268.5,106.0,34.0,180.0,0.21,"-2,+0;+0,+6;+0,-6;+2,+0;+2,-2",True,1.182,False,1,46.1,0.172,zero,1111110,0,0.871,0.022,0.111,nonzero,1110??0,7,0.206,-0.021,0.023,nonzero,?111111,8,0.472,1.178,0.006,nonzero,1011011,5,-0.261,1.413,0.025
1776041702218,ok,,2,100,0.005,271.5,106.0,47.0,163.0,0.252,"+0,+6;+0,+2;+0,+0;-2,-2;-2,-4",True,0.786,False,0,62.4,0.138,zero,1111110,0,0.713,0.124,0.058,nonzero,1111001,3,0.291,0.797,0.005,nonzero,1011011,5,0.102,1.187,0.002,zero,1111110,0,0.651,0.038,0.0
1776044687142,ok,,2,100,0.06,252.8,111.0,64.0,178.5,0.444,"+0,+8;-4,+4;-8,+2;+0,+0;+2,-2",True,1.21,False,0,69.5,0.123,zero,1111110,0,0.909,-0.869,0.06,nonzero,1111001,3,-0.658,1.309,0.181,zero,1111110,0,0.937,-0.925,0.124,nonzero,1011011,5,-1.378,1.057,0.12
1776047829089,ok,,2,100,0.178,263.5,106.0,45.0,168.5,0.623,"+0,-8;+2,+6;+0,+2;+0,+0;-2,-4",True,0.798,False,0,137.9,0.184,zero,1111110,0,0.957,-0.237,0.282,nonzero,1101101,2,-0.254,1.012,0.178,nonzero,1111111,8,0.807,0.861,0.091,nonzero,1011011,5,-0.339,1.036,0.251
1776048143582,uncertain,p1_unstable_across_repeats,,,,285.8,102.0,37.0,168.5,0.289,"+2,-8;+2,+6;+0,+2;+0,+2;+2,-2",True,0.722,False,0,34.7,0.168,uncertain,???11?0,0,0.321,-0.018,0.0,nonzero,0110011,4,-0.043,1.211,0.059,zero,1111110,0,0.687,0.026,0.063,zero,1111110,0,0.912,0.022,0.093
1776049910993,ok,,2,100,0.115,247.2,110.0,61.0,168.5,0.579,"+0,+2;+0,+2;+0,+0;+0,-2;+0,-2",True,0.917,False,0,161.2,0.235,zero,1111110,0,0.945,-0.13,0.115,nonzero,0110011,4,-0.143,1.06,0.259,nonzero,0110000,1,-0.022,0.08,0.238,nonzero,1011011,5,-0.229,0.905,0.127
1776126820272,uncertain,grid_at_search_bound,,,,237.8,98.0,69.0,167.5,0.307,"+8,-8;-4,+8;+8,+4;-4,+6;-6,-2",False,0.087,False,1,92.3,0.153,uncertain,0000100,,-0.081,-0.042,0.158,zero,1111110,0,0.913,-1.016,0.118,nonzero,0110011,4,-0.958,1.412,0.496,zero,1111110,0,0.993,-0.928,0.251
1776129561725,ok,,2,100,0.23,272.8,102.5,36.0,170.0,0.563,"-6,+6;-2,+4;+0,+2;+0,-2;+2,-4",True,0.738,False,0,135.0,0.107,zero,1111110,0,0.973,-0.241,0.266,nonzero,1101101,2,-0.275,1.039,0.23,nonzero,1101101,2,-0.304,0.973,0.211,nonzero,?011011,5,-0.508,0.839,0.006
1776129579958,ok,,2,100,0.227,251.5,106.5,37.0,167.0,0.539,"-6,-8;-4,+0;+0,+0;+0,+0;+2,-2",True,0.73,False,0,156.2,0.167,zero,1111110,0,0.981,-0.233,0.259,nonzero,1101101,2,-0.238,1.0,0.227,nonzero,1110000,7,-0.224,-0.031,0.378,nonzero,1011011,5,-0.244,0.778,0.061
1776130011785,ok,,1,1000,0.052,282.8,102.0,37.0,167.0,0.536,"-2,-4;-2,-4;+0,+4;+2,+0;+4,-4",True,0.896,False,0,122.2,0.207,nonzero,0110000,1,-0.028,-0.053,0.052,zero,1111110,0,1.105,-0.208,0.392,nonzero,1011111,6,-0.183,0.786,0.014,nonzero,1011011,5,-0.211,0.931,0.081
1776130050587,ok,,1,1000,0.098,287.8,102.0,35.0,167.0,0.502,"+0,-4;-2,-2;-2,+4;+0,+0;+2,-2",True,0.772,False,0,137.2,0.179,nonzero,0110000,1,-0.057,-0.056,0.098,nonzero,1111001,3,-0.3,0.919,0.074,nonzero,1011011,5,-0.25,0.881,0.094,zero,1111110,0,0.932,-0.248,0.201
1776130083707,ok,,1,1000,0.257,266.5,106.0,41.0,168.5,0.425,"+2,-8;+0,+6;+0,+4;+0,+2;+0,-2",True,0.934,False,0,162.9,0.134,nonzero,0110000,1,-0.049,-0.038,0.257,nonzero,0110011,4,-0.218,1.056,0.297,nonzero,0110011,4,-0.247,1.031,0.296,zero,1111110,0,0.831,-0.241,0.132
1776132104402,ok,,2,100,0.279,278.8,102.0,49.0,167.0,0.617,"-6,-8;-2,+4;-2,+0;-2,-2;+2,-4",True,0.764,False,0,154.7,0.172,zero,1111110,0,1.045,-0.301,0.356,nonzero,1101101,2,-0.288,1.032,0.279,nonzero,1101101,2,-0.301,0.978,0.24,zero,1111110,0,0.864,-0.281,0.165
1776132189432,ok,,3,10,0.067,267.2,105.5,53.0,168.5,0.609,"-2,+8;+0,+6;+2,+2;+0,-2;+2,-4",True,0.753,False,0,154.1,0.122,zero,1111110,0,0.896,-0.19,0.067,zero,1111110,0,0.963,-0.176,0.232,nonzero,1111001,3,-0.215,1.064,0.238,nonzero,1011011,5,-0.24,1.049,0.242
1776132208357,ok,,2,100,0.225,265.0,106.0,57.0,163.0,0.396,"-2,+8;+0,+4;+0,+4;+0,+2;+0,-6",True,0.928,False,0,164.2,0.142,zero,1111110,0,0.978,-0.212,0.225,nonzero,0110000,1,-0.046,-0.008,0.262,nonzero,0110000,1,-0.087,-0.016,0.276,nonzero,1011011,5,-0.293,0.947,0.097
1776132223189,ok,,2,100,0.231,280.8,102.0,56.0,167.0,0.45,"-4,+8;-2,+4;-2,+6;-2,-2;+0,-6",True,0.921,False,0,156.7,0.132,zero,1111110,0,0.97,-0.269,0.242,nonzero,0110000,1,-0.087,-0.034,0.231,nonzero,0110011,4,-0.334,1.027,0.264,zero,1111110,0,0.843,-0.248,0.192
1776132453575,ok,,2,100,0.235,270.0,106.0,50.0,170.0,0.49,"-2,-8;+0,+4;+2,+0;-4,+0;+0,-6",True,0.818,False,0,115.1,0.195,zero,1111110,0,0.986,-0.55,0.235,nonzero,1101101,2,-0.646,1.045,0.3,nonzero,0110000,1,-0.134,-0.005,0.196,zero,1111110,0,0.934,-0.503,0.134
1776132518616,ok,,2,100,0.203,277.2,102.0,50.0,164.0,0.557,"-8,+8;-2,+4;-2,+2;+0,+0;+2,-4",True,0.957,False,0,155.9,0.165,zero,1111110,0,0.936,-0.225,0.203,nonzero,0110000,1,-0.062,0.003,0.252,zero,1111110,0,0.961,-0.16,0.276,zero,1111110,0,0.884,-0.172,0.122
1776132540423,uncertain,grid_at_search_bound,,,,295.8,98.0,54.0,167.5,0.412,"-8,-2;+4,+8;-2,+4;-2,-2;+2,-6",True,1.008,False,0,127.8,0.119,zero,1111110,0,0.807,-0.29,0.058,nonzero,0110000,1,-0.064,-0.003,0.219,nonzero,1111001,3,-0.243,1.047,0.119,zero,1111110,0,0.935,-0.178,0.146
1776132553959,uncertain,grid_at_search_bound,,,,289.2,98.0,55.0,163.0,0.594,"-6,+8;-2,+4;-2,+2;+0,-2;+4,-4",True,0.868,False,0,132.1,0.194,zero,1111110,0,0.949,-0.193,0.222,nonzero,1101101,2,-0.17,1.028,0.216,nonzero,1011111,6,-0.197,0.97,0.068,nonzero,1011011,5,-0.18,0.97,0.107
1776132829587,uncertain,p1_invalid_pattern,,,,267.8,105.5,42.0,172.5,0.431,"+0,-8;+2,+6;+4,+4;+0,+0;+0,-4",True,0.74,False,0,133.5,0.177,uncertain,0001110,,-0.082,-0.076,0.048,uncertain,0001101,,-0.321,1.07,0.008,nonzero,1101101,2,-0.432,1.049,0.305,nonzero,1011011,5,-0.522,0.993,0.184
1776132886873,ok,,2,100,0.1,283.5,102.0,42.0,167.0,0.374,"-8,-8;+4,+4;+0,-2;-2,-4;+0,-6",True,0.998,False,0,114.9,0.093,zero,1111110,0,0.794,-0.269,0.1,nonzero,0110000,1,-0.047,-0.036,0.281,nonzero,0110000,1,-0.068,-0.034,0.261,zero,1111110,0,0.834,-0.217,0.148
1776132901630,ok,,2,100,0.246,273.5,102.5,45.0,167.5,0.49,"-8,-8;-4,+4;-2,+0;+0,-2;+0,-4",True,1.006,False,0,126.9,0.235,zero,1111110,0,0.934,-0.195,0.246,nonzero,0110000,1,-0.091,-0.032,0.255,nonzero,1011011,5,-0.223,0.908,0.13,zero,1111110,0,0.833,-0.179,0.131
1776132929403,ok,,2,100,0.157,263.5,106.0,45.0,168.5,0.5,"-4,-8;+2,+4;+2,+2;-2,+0;-2,-4",True,0.766,False,0,120.9,0.155,zero,1111110,0,0.966,-0.277,0.174,nonzero,1101101,2,-0.237,0.937,0.157,nonzero,1110000,7,-0.127,-0.046,0.327,nonzero,1011011,5,-0.304,0.897,0.133
1776212725360,ok,,2,100,0.018,277.2,102.5,64.0,160.0,0.532,"-6,+6;-4,+4;-2,+0;+0,-2;+2,-4",True,0.743,False,0,66.5,0.11,zero,1111110,0,0.874,0.081,0.018,nonzero,1011111,6,0.014,1.026,0.202,nonzero,1011011,5,0.02,0.998,0.079,nonzero,1011011,5,-0.042,1.048,0.124
1776212798504,ok,,3,10,0.072,263.5,106.0,63.0,166.0,0.684,"-4,+4;-2,+2;+0,+0;+2,-2;+2,-4",True,0.785,False,1,81.5,0.19,zero,1111110,0,0.881,0.063,0.072,zero,1111110,0,0.858,0.075,0.101,nonzero,1011111,6,0.076,1.007,0.118,zero,1111110,0,1.024,0.049,0.241
1776212830564,ok,,3,10,0.015,265.8,106.0,63.0,163.0,0.644,"-4,+6;+0,+4;+0,+0;+0,-2;+0,-4",True,0.71,False,0,65.0,0.18,zero,1111110,0,0.9,0.042,0.015,zero,1111110,0,0.879,0.021,0.073,nonzero,1111011,9,-0.006,0.908,0.066,zero,1111110,0,1.001,0.03,0.24
1776212854683,ok,,3,10,0.029,266.5,105.5,65.0,163.0,0.622,"+2,+8;+2,+4;+2,+2;+0,+0;+0,-4",True,0.748,False,1,79.0,0.16,zero,1111110,0,0.849,0.059,0.029,zero,1111110,0,0.908,0.056,0.163,nonzero,1111011,9,0.026,0.986,0.112,nonzero,1011011,5,-0.01,1.265,0.155
1776213706032,ok,,3,10,0.005,283.5,102.0,62.0,160.0,0.632,"-2,+8;-2,+6;+0,+2;+0,-2;+2,-4",True,0.738,False,1,104.8,0.175,zero,1111110,0,0.893,0.107,0.005,zero,1111110,0,0.952,0.207,0.089,nonzero,1111111,8,0.833,0.982,0.052,zero,1111110,0,1.011,0.152,0.055
1776213731814,uncertain,p1_unstable_across_repeats,,,,271.5,106.0,60.0,157.5,0.376,"+4,+8;+2,+4;+0,+2;+0,+0;+0,-4",True,0.739,False,1,86.2,0.172,uncertain,????1?1,268,0.301,0.943,0.009,nonzero,0110000,1,0.085,0.198,0.093,nonzero,0110000,1,0.094,0.247,0.074,zero,1111110,0,0.951,0.055,0.11
1776213749475,ok,,2,100,0.074,269.2,106.0,61.0,160.0,0.405,"+4,+8;+2,+4;+0,+2;+0,-2;-2,-4",True,0.763,False,1,88.8,0.177,zero,1111110,0,0.842,0.04,0.09,nonzero,1101101,2,-0.004,1.04,0.074,nonzero,1011011,5,-0.016,1.16,0.007,nonzero,1011011,5,-0.051,1.082,0.011
1776214632608,ok,,1,1000,0.051,290.8,102.0,37.0,158.5,0.561,"+0,+2;-4,+0;-2,+2;+0,+0;+2,-4",True,0.702,False,0,99.3,0.133,nonzero,?110000,17,-0.149,-0.061,0.051,zero,1111110,0,0.8,-0.317,0.022,nonzero,1011011,5,-0.427,0.926,0.02,zero,1111110,0,0.615,-0.399,0.015
1776214963505,ok,,2,100,0.269,267.8,106.5,61.0,167.0,0.648,"-2,+2;-2,+2;+0,+0;+0,+0;+2,-2",True,0.794,False,0,107.7,0.192,zero,1111110,0,1.096,-0.288,0.442,nonzero,1101101,2,-0.272,1.034,0.269,nonzero,1111011,9,-0.451,0.916,0.157,nonzero,1011011,5,-0.474,0.967,0.231
1776215047549,ok,,3,10,0.077,271.5,106.0,59.0,168.5,0.76,"-4,+6;-2,+2;+0,+0;+0,+0;+2,-2",True,0.741,False,0,146.3,0.12,zero,1111110,0,1.003,-0.203,0.331,zero,1111110,0,0.998,-0.198,0.302,nonzero,1111111,8,0.845,0.866,0.077,nonzero,1011011,5,-0.341,1.0,0.235
1776215064142,ok,,2,100,0.22,270.0,106.5,59.0,167.0,0.704,"-6,+6;-4,+2;-2,+0;+0,+0;+2,-2",True,0.705,False,0,150.1,0.133,zero,1111110,0,0.965,-0.202,0.22,nonzero,1101101,2,-0.208,1.021,0.259,zero,1111110,0,0.999,-0.196,0.259,nonzero,1011011,5,-0.33,0.997,0.218
1776215135968,ok,,2,100,0.243,268.5,106.0,61.0,167.0,0.698,"-4,+8;-2,+2;+0,+0;+2,-2;+2,-4",True,0.886,False,0,139.8,0.181,zero,1111110,0,1.012,-0.254,0.279,nonzero,1111011,9,-0.325,1.01,0.243,nonzero,1011111,6,-0.253,0.971,0.208,nonzero,1011011,5,-0.324,1.019,0.241
1776215310510,ok,,1,1000,0.066,273.5,106.0,34.0,172.5,0.541,"+2,+4;+0,+2;+2,+4;+0,+0;+0,-4",True,0.932,False,1,107.0,0.185,nonzero,?110000,17,-0.032,0.006,0.066,zero,1111110,0,1.042,-0.298,0.231,nonzero,1111011,9,-0.468,1.012,0.001,nonzero,1011011,5,-0.484,1.0,0.184
1776215406341,ok,,2,100,0.163,265.8,106.5,64.0,168.5,0.499,"-6,+2;-2,+4;-2,+0;+0,+0;+0,-2",True,1.015,False,0,83.3,0.237,zero,1111110,0,0.913,-0.121,0.163,nonzero,0110000,1,-0.057,-0.004,0.254,nonzero,1101101,2,-0.19,0.996,0.087,nonzero,1011011,5,-0.185,1.072,0.188
1776215419663,ok,,2,100,0.148,265.0,106.5,66.0,168.5,0.706,"-6,+4;-4,+2;-2,+2;+0,+0;+2,-2",True,0.741,False,0,122.1,0.237,zero,1111110,0,0.954,-0.109,0.148,nonzero,1101101,2,-0.109,1.0,0.191,zero,1111110,0,0.982,-0.107,0.183,zero,1111110,0,0.98,-0.146,0.183
1776215490364,ok,,1,1000,0.212,269.2,106.5,64.0,168.5,0.711,"-6,+4;-4,+2;-2,+2;+0,+0;+0,-2",True,0.63,False,0,111.3,0.119,nonzero,0110000,1,-0.425,0.051,0.212,zero,1111110,0,0.98,-0.061,0.303,nonzero,1111111,8,0.817,0.843,0.06,zero,1111110,0,1.0,-0.145,0.322
1776215520716,ok,,1,1000,0.316,269.2,106.5,42.0,170.0,0.443,"-4,-8;-4,-2;+0,+4;+0,+0;+2,-2",True,0.932,False,0,142.9,0.123,nonzero,0110000,1,-0.094,-0.033,0.316,nonzero,1011011,5,-0.32,1.032,0.26,nonzero,1110000,7,-0.163,-0.098,0.363,nonzero,1011011,5,-0.382,0.921,0.189
1776215538254,ok,,2,100,0.15,266.5,106.5,69.0,170.0,0.707,"-4,+0;-4,+2;-2,+0;+0,+0;+2,-2",True,0.882,False,0,114.3,0.192,zero,1111110,0,0.916,-0.189,0.15,nonzero,1111001,3,-0.167,1.044,0.222,nonzero,1011111,6,-0.122,1.051,0.194,nonzero,1011011,5,-0.236,1.012,0.283
1776215797933,ok,,2,100,0.013,255.0,109.5,60.0,170.0,0.506,"+2,+4;+4,+2;+0,+2;+0,-2;+0,-2",True,1.122,False,0,111.6,0.184,zero,1111110,0,1.039,-0.545,0.26,nonzero,0110000,1,-0.155,-0.079,0.013,nonzero,1101101,2,-0.587,1.0,0.218,zero,1111110,0,0.959,-0.543,0.129
1776215820117,ok,,2,100,0.158,247.8,109.5,65.0,177.0,0.599,"+4,+4;+2,+2;+2,+0;+0,+0;+0,-2",True,0.766,False,0,75.7,0.181,zero,1111110,0,1.056,-0.736,0.281,nonzero,1101101,2,-0.645,1.044,0.158,zero,1111110,0,0.948,-0.712,0.138,zero,1111110,0,0.902,-0.717,0.0
1776215836829,ok,,2,100,0.227,263.5,106.5,63.0,171.5,0.642,"-6,+2;-4,+2;-2,+0;+0,-2;+2,-2",True,0.911,False,0,111.6,0.253,zero,1111110,0,1.006,-0.415,0.245,nonzero,1111001,3,-0.471,1.063,0.227,nonzero,1011111,6,-0.498,0.911,0.149,zero,1111110,0,0.991,-0.456,0.272
1776215955208,ok,,2,100,0.027,255.8,110.0,60.0,171.5,0.537,"+2,+4;+2,+2;+0,+0;-2,+0;-2,-2",True,0.923,False,0,92.1,0.192,zero,1111110,0,0.972,-0.546,0.178,nonzero,1111001,3,-0.514,1.013,0.027,nonzero,0110011,4,-0.822,1.234,0.445,nonzero,1011011,5,-0.816,0.995,0.039
1776216071948,ok,,2,100,0.007,263.5,106.0,40.0,168.5,0.533,"-4,-6;+0,+8;+0,+4;+0,+0;-2,-2",True,0.634,False,0,95.9,0.13,zero,1111110,0,0.687,-0.112,0.018,nonzero,0110011,4,-0.143,0.715,0.007,nonzero,1111111,8,0.964,1.06,0.087,zero,1111110,0,1.124,-0.175,0.225
1776216359687,ok,,3,10,0.129,270.0,106.5,57.0,165.5,0.636,"-6,+6;-4,+2;-2,+0;-2,-2;+2,-4",True,0.762,False,0,145.8,0.117,zero,1111110,0,0.91,-0.112,0.129,zero,1111110,0,0.954,-0.106,0.144,nonzero,1110000,7,-0.022,0.04,0.227,zero,1111110,0,0.988,-0.181,0.207
1776216379732,ok,,2,100,0.154,271.5,106.0,54.0,166.0,0.559,"-4,+8;-2,+4;-2,+4;+0,+0;+2,-2",True,0.944,False,0,147.4,0.164,zero,1111110,0,0.914,-0.098,0.154,nonzero,0110000,1,0.058,0.095,0.155,nonzero,1011011,5,-0.11,0.968,0.203,nonzero,1011011,5,-0.177,0.999,0.199
1776216396113,ok,,2,100,0.216,270.0,106.0,55.0,165.5,0.735,"-4,+8;-2,+4;+0,+2;+0,+0;+2,-2",True,0.77,False,0,142.1,0.118,zero,1111110,0,0.968,-0.066,0.216,nonzero,1101101,2,-0.117,1.088,0.216,nonzero,1111111,8,0.904,0.897,0.084,zero,1111110,0,0.953,-0.151,0.216
1776216469178,ok,,2,100,0.101,267.2,106.5,58.0,165.5,0.714,"-4,+6;-4,+2;-2,+2;+0,+0;+2,-2",True,0.754,False,0,147.7,0.14,zero,1111110,0,0.931,-0.076,0.134,nonzero,1101101,2,-0.107,1.0,0.101,nonzero,1111001,3,-0.116,1.022,0.16,zero,1111110,0,0.976,-0.115,0.232
1776216548578,ok,,2,100,0.112,271.5,106.0,56.0,165.5,0.586,"-4,+8;-4,+2;+0,+0;+0,+2;+2,-2",True,0.767,False,0,153.5,0.193,zero,1111110,0,0.917,-0.04,0.183,nonzero,1101101,2,-0.091,1.026,0.112,nonzero,0110000,1,0.044,0.067,0.143,zero,1111110,0,0.943,-0.121,0.166
1776216926030,ok,,2,100,0.184,268.5,106.0,67.0,170.0,0.673,"-2,+2;-2,+2;+0,+0;+0,-2;+4,-4",True,0.604,False,0,135.0,0.19,zero,1111110,0,0.899,-0.165,0.184,nonzero,1101101,2,-0.157,0.991,0.231,zero,1111110,0,1.026,-0.098,0.301,nonzero,1011011,5,-0.339,1.029,0.285
1776216983984,ok,,2,100,0.201,269.2,106.5,67.0,168.5,0.678,"-4,+4;-2,+2;-2,+0;-2,-2;+2,-2",True,0.739,False,0,135.0,0.136,zero,1111110,0,0.912,-0.111,0.201,nonzero,1011011,5,-0.177,1.006,0.262,nonzero,1111001,3,-0.151,1.027,0.239,zero,1111110,0,0.98,-0.077,0.256
1776217013916,ok,,2,100,0.148,267.8,106.5,65.0,170.0,0.67,"-4,+2;-2,+2;-2,+0;+0,-2;+2,-2",True,0.815,False,0,150.3,0.193,zero,1111110,0,0.928,-0.076,0.239,nonzero,1110000,7,0.089,0.092,0.148,nonzero,1011011,5,-0.068,0.996,0.216,zero,1111110,0,0.957,-0.047,0.247
1776217091902,ok,,3,10,0.116,271.5,106.0,60.0,165.5,0.672,"-6,+4;-4,+2;+0,+0;+0,-2;+4,-2",True,0.719,False,0,162.0,0.182,zero,1111110,0,0.921,-0.108,0.116,zero,1111110,0,1.0,-0.115,0.21,nonzero,1110000,7,-0.031,0.027,0.223,zero,1111110,0,0.992,-0.16,0.228
1776217112641,ok,,2,100,0.13,269.2,106.5,61.0,167.0,0.633,"-4,+4;-4,+2;-2,+0;+0,-2;+2,-2",True,0.919,False,0,143.8,0.153,zero,1111110,0,0.974,-0.148,0.212,nonzero,0110000,1,0.082,0.111,0.13,nonzero,1101101,2,-0.177,0.995,0.242,nonzero,1011011,5,-0.347,1.027,0.252
1776217135525,ok,,2,100,0.271,270.0,106.5,59.0,168.5,0.696,"-6,+4;-4,+2;-2,+0;-2,+0;+2,-2",True,0.724,False,0,147.7,0.192,zero,1111110,0,1.022,-0.088,0.283,nonzero,1101101,2,-0.125,1.017,0.271,nonzero,1101101,2,-0.156,0.966,0.179,zero,1111110,0,0.993,-0.142,0.308
1776217673447,ok,,3,10,0.206,263.5,106.0,52.0,168.5,0.701,"-4,+8;-4,+2;+0,+2;+0,+0;+4,+0",True,0.719,False,0,139.3,0.229,zero,1111110,0,0.986,-0.331,0.207,zero,1111110,0,1.018,-0.32,0.302,nonzero,1111011,9,-0.386,0.96,0.206,nonzero,1011011,5,-0.359,1.0,0.253
1776217696528,ok,,1,1000,0.03,266.5,106.0,36.0,180.0,0.263,"-8,+0;-4,-2;-2,+4;+0,+0;+2,-2",True,0.997,False,1,69.6,0.148,nonzero,?110000,17,0.047,0.009,0.03,zero,1111110,0,0.958,0.03,0.071,zero,1111110,0,0.794,0.028,0.125,zero,1111110,0,0.848,0.072,0.089
1776217709047,ok,,2,100,0.185,267.2,106.0,56.0,168.5,0.577,"-4,+8;-2,+4;-2,+6;+0,+0;+2,-2",True,0.945,False,0,143.3,0.204,zero,1111110,0,0.995,-0.317,0.336,nonzero,0110000,1,-0.105,-0.053,0.185,nonzero,1111111,8,0.851,0.873,0.123,nonzero,1011011,5,-0.405,1.01,0.278
1776217899263,ok,,2,100,0.185,267.2,106.5,46.0,170.0,0.434,"-6,+6;-2,+2;-2,+0;-2,-2;+2,-2",True,0.929,False,0,142.7,0.126,zero,1111110,0,0.942,-0.308,0.185,nonzero,0110000,1,-0.057,-0.038,0.195,nonzero,1110000,7,-0.154,-0.084,0.315,nonzero,1011011,5,-0.368,1.048,0.233
1776217949497,ok,,2,100,0.184,267.8,106.5,51.0,168.5,0.626,"-4,+8;-2,+2;-2,+2;+0,+0;+0,-2",True,0.732,False,0,147.8,0.092,zero,1111110,0,0.997,-0.243,0.269,nonzero,1101101,2,-0.243,0.996,0.184,nonzero,1101101,2,-0.253,1.025,0.264,nonzero,1011011,5,-0.312,1.028,0.265
1776218026815,ok,,2,100,0.229,255.8,110.0,42.0,170.0,0.523,"+0,-8;+4,+2;+0,+2;+0,+0;-2,-2",True,1.02,False,0,139.0,0.176,zero,1111110,0,0.934,-0.276,0.229,nonzero,0110000,1,-0.05,0.002,0.246,nonzero,1011011,5,-0.315,1.025,0.238,zero,1111110,0,0.916,-0.335,0.086
1776218516455,ok,,2,100,0.009,268.5,106.5,55.0,160.0,0.462,"-6,+4;-4,+0;-2,+0;-2,+0;+2,-2",True,0.743,False,0,117.8,0.119,zero,1111110,0,0.899,0.028,0.009,nonzero,1011111,6,-0.015,1.023,0.01,nonzero,0110000,1,0.011,0.117,0.113,zero,1111110,0,0.835,0.005,0.125
1776219055894,ok,,2,100,0.112,268.5,106.0,55.0,164.5,0.547,"-4,+6;-2,+2;+0,+2;+2,+0;+4,-2",True,0.987,False,0,126.7,0.146,zero,1111110,0,0.977,0.087,0.112,nonzero,0110011,4,-0.029,1.19,0.206,nonzero,1011011,5,-0.01,0.921,0.104,nonzero,1011011,5,-0.138,1.009,0.044
1776219429787,ok,,2,100,0.133,263.5,106.0,67.0,168.5,0.546,"-4,+2;-2,+2;-2,+0;+2,+0;+2,-2",True,1.04,False,0,123.3,0.295,zero,1111110,0,0.883,0.109,0.133,nonzero,1110000,7,0.049,0.107,0.138,nonzero,1101101,2,-0.053,1.024,0.216,zero,1111110,0,0.894,-0.036,0.157
1776219799946,ok,,2,100,0.022,273.5,106.0,63.0,168.5,0.509,"-6,+2;-4,+2;-2,+0;+0,+0;+2,-2",True,1.112,False,0,78.7,0.215,zero,1111110,0,0.804,-0.119,0.022,nonzero,0110011,4,-0.103,1.161,0.124,nonzero,0110011,4,-0.126,1.133,0.162,nonzero,1011011,5,-0.124,1.073,0.276
1776219825361,ok,,2,100,0.015,259.2,109.5,62.0,170.0,0.627,"+2,+2;+2,+2;+2,+2;+2,+0;+0,-2",True,1.019,False,0,80.1,0.131,zero,1111110,0,0.837,-0.11,0.057,nonzero,1111111,8,0.793,0.937,0.015,nonzero,1101101,2,-0.167,1.062,0.072,nonzero,1011011,5,-0.164,1.05,0.244
1776220116473,ok,,2,100,0.103,269.2,106.5,47.0,167.0,0.442,"-4,+4;-2,+2;+0,+0;-2,-2;+0,-4",True,0.737,False,0,98.1,0.282,zero,1111110,0,0.83,-0.069,0.103,nonzero,1011111,6,-0.081,0.996,0.123,nonzero,0110000,1,0.0,0.085,0.171,zero,1111110,0,0.864,-0.06,0.063
1776220345488,ok,,2,100,0.013,266.5,106.0,55.0,165.5,0.502,"-6,+8;-2,+4;+0,+2;+0,+0;+2,-2",True,0.883,False,0,74.2,0.331,zero,1111110,0,0.789,-0.11,0.015,nonzero,1101101,2,-0.112,0.85,0.013,nonzero,1011011,5,-0.101,1.122,0.011,zero,1111110,0,0.951,-0.088,0.159
1776297871627,ok,,2,100,0.13,261.5,106.0,62.0,164.5,0.677,"-4,+4;-2,+2;+0,+0;+0,-2;+0,-4",True,0.768,False,0,168.1,0.139,zero,1111110,0,0.987,-0.164,0.162,nonzero,1101101,2,-0.188,1.038,0.13,nonzero,1111001,3,-0.225,1.039,0.178,zero,1111110,0,0.905,-0.175,0.073
1776298033144,ok,,3,10,0.073,265.0,106.0,64.0,165.5,0.637,"-2,+6;+2,+4;+0,+0;+0,-2;+0,-4",True,0.72,False,0,164.7,0.131,zero,1111110,0,0.936,-0.176,0.227,zero,1111110,0,0.894,-0.184,0.073,nonzero,0110011,4,-0.217,1.076,0.251,nonzero,1011011,5,-0.229,1.018,0.2
1776298052104,ok,,3,10,0.107,263.5,106.0,61.0,168.5,0.771,"-4,+6;+0,+4;+0,+2;+2,+0;+2,-2",True,0.796,False,0,159.1,0.133,zero,1111110,0,0.95,-0.177,0.264,zero,1111110,0,0.966,-0.173,0.241,nonzero,1111111,8,0.784,0.944,0.107,zero,1111110,0,1.0,-0.214,0.306
1776298074478,ok,,2,100,0.246,261.5,106.0,59.0,168.5,0.569,"-4,+8;+0,+4;+0,+2;+0,+0;+2,-4",True,0.954,False,0,147.6,0.139,zero,1111110,0,0.942,-0.178,0.286,nonzero,0110000,1,-0.059,-0.023,0.246,nonzero,1111001,3,-0.233,1.118,0.3,zero,1111110,0,0.968,-0.198,0.237
1776298397192,ok,,2,100,0.09,257.8,106.5,42.0,174.0,0.475,"-8,-8;-4,+6;-2,+2;+0,+0;+2,-4",True,0.893,False,0,146.6,0.142,zero,1111110,0,0.845,-0.255,0.09,nonzero,0110011,4,-0.213,1.043,0.25,nonzero,1110000,7,-0.144,-0.113,0.347,nonzero,1011011,5,-0.303,1.022,0.259
1776298459830,ok,,2,100,0.144,263.5,106.0,50.0,170.0,0.59,"-8,+8;-4,+4;-2,+2;+0,+0;+2,-4",True,0.817,False,0,144.9,0.136,zero,1111110,0,0.907,-0.179,0.144,nonzero,1011011,5,-0.213,0.99,0.147,zero,1111110,0,0.909,-0.16,0.222,nonzero,1011011,5,-0.22,1.031,0.224
1776298510903,ok,,2,100,0.061,295.8,101.5,55.0,163.0,0.604,"-8,+8;+2,+6;+2,+2;+0,-2;+0,-8",True,0.864,False,0,121.9,0.136,zero,1111110,0,0.838,-0.229,0.108,nonzero,1011111,6,-0.217,1.005,0.061,nonzero,1111111,8,0.911,1.023,0.113,zero,1111110,0,0.972,-0.214,0.072
1776298532411,ok,,2,100,0.092,267.8,106.0,45.0,170.0,0.538,"-8,-8;-2,+6;-2,+2;+0,+0;+0,-4",True,0.833,False,0,124.2,0.148,zero,1111110,0,0.766,-0.259,0.092,nonzero,1110000,7,-0.09,-0.087,0.311,nonzero,1101101,2,-0.291,1.05,0.237,zero,1111110,0,0.985,-0.297,0.201
1776298893800,ok,,3,10,0.224,279.2,102.0,45.0,168.5,0.541,"-8,-8;-2,+6;+0,+2;+0,+0;+4,-4",True,0.77,False,0,144.4,0.151,zero,1111110,0,0.934,-0.2,0.224,zero,1111110,0,0.941,-0.206,0.228,nonzero,1110000,7,-0.085,-0.066,0.331,nonzero,1011011,5,-0.234,1.022,0.245
1776298923766,ok,,2,100,0.071,267.2,105.5,39.0,170.0,0.393,"-6,-8;+2,+6;+0,+0;+0,-4;+2,-4",True,0.803,False,0,135.9,0.135,zero,1111110,0,0.808,-0.238,0.071,nonzero,0110000,1,-0.054,-0.052,0.289,nonzero,0110000,1,-0.066,-0.052,0.299,nonzero,1011011,5,-0.28,1.007,0.244
1776298949551,ok,,2,100,0.118,267.2,105.5,46.0,167.5,0.616,"-8,-8;+2,+2;+2,+2;+0,-2;+0,-6",True,0.773,False,0,133.3,0.214,zero,1111110,0,0.876,-0.24,0.118,nonzero,1101101,2,-0.221,0.997,0.172,nonzero,1111011,9,-0.316,0.993,0.174,zero,1111110,0,0.933,-0.207,0.214
1776299049825,ok,,2,100,0.223,263.5,106.0,55.0,167.0,0.584,"-6,+8;-2,+4;+0,+0;+0,-2;+2,-4",True,0.856,False,0,140.2,0.211,zero,1111110,0,0.962,-0.241,0.273,nonzero,1111001,3,-0.229,1.038,0.223,nonzero,0110011,4,-0.288,1.094,0.311,nonzero,1011011,5,-0.274,0.987,0.208
1776299476067,ok,,3,10,0.177,281.5,102.0,54.0,167.5,0.57,"-6,+4;-2,+4;+0,+0;+0,-2;+4,-6",True,0.801,False,0,155.4,0.156,zero,1111110,0,0.967,-0.243,0.222,zero,1111110,0,0.883,-0.239,0.177,nonzero,1110000,7,-0.122,-0.068,0.302,nonzero,1011011,5,-0.33,1.003,0.205
1776299770654,ok,,3,10,0.108,267.0,106.0,59.0,167.0,0.606,"-2,+8;+0,+4;+0,+0;+0,-2;+2,-4",True,0.734,False,0,157.6,0.146,zero,1111110,0,0.908,-0.195,0.139,zero,1111110,0,0.893,-0.176,0.108,nonzero,1110000,7,-0.175,-0.028,0.249,zero,1111110,0,0.995,-0.255,0.216
1776299783553,ok,,2,100,0.105,267.8,106.0,55.0,167.0,0.495,"+2,+8;+2,+6;+0,+2;+0,+0;+0,-4",True,0.929,False,0,155.2,0.173,zero,1111110,0,0.877,-0.214,0.105,nonzero,0110000,1,-0.03,-0.017,0.248,nonzero,1101101,2,-0.252,1.003,0.218,nonzero,1011011,5,-0.27,1.069,0.278
1776299802479,ok,,2,100,0.021,268.5,106.0,52.0,170.0,0.542,"-4,+8;+0,+6;-2,+2;+2,-2;+0,-4",True,1.0,False,0,139.7,0.138,zero,1111110,0,0.968,-0.239,0.289,nonzero,0110000,1,-0.283,-0.09,0.021,nonzero,1011111,6,-0.243,0.85,0.015,zero,1111110,0,0.947,-0.176,0.233
1776300056061,ok,,2,100,0.214,265.8,106.0,48.0,168.5,0.655,"-6,-8;+0,+4;+0,+2;+0,+0;+0,-2",True,0.789,False,0,149.7,0.139,zero,1111110,0,0.953,-0.293,0.214,nonzero,1101101,2,-0.279,1.071,0.308,nonzero,1011111,6,-0.334,0.955,0.156,nonzero,1011011,5,-0.36,1.055,0.259
1776300436934,ok,,2,100,0.148,295.8,102.0,51.0,167.0,0.525,"-8,-8;+4,+2;+0,+0;-2,-2;+0,-4",True,0.965,False,0,144.2,0.148,zero,1111110,0,0.905,-0.375,0.148,nonzero,0110011,4,-0.36,1.161,0.354,nonzero,0110011,4,-0.369,1.077,0.304,zero,1111110,0,0.891,-0.368,0.233
1776300455732,ok,,1,1000,0.035,269.2,106.0,48.0,168.5,0.402,"+2,+8;+0,+6;+0,+2;+0,+0;+0,-2",True,0.651,False,0,104.6,0.148,nonzero,0110000,1,0.089,0.171,0.035,zero,1111110,0,0.926,0.103,0.168,nonzero,1101101,2,0.062,1.0,0.139,zero,1111110,0,0.872,0.082,0.106
1776300544641,ok,,1,1000,0.043,270.8,106.0,49.0,167.0,0.449,"+2,+8;-2,+6;+0,+2;+0,+0;+0,-4",True,0.793,False,0,107.0,0.142,nonzero,0110000,1,0.125,0.19,0.043,nonzero,1101101,2,0.1,0.992,0.153,nonzero,1011111,6,0.138,1.026,0.042,nonzero,1011011,5,0.07,1.09,0.208
1776301266330,ok,,3,10,0.193,282.8,102.0,42.0,168.5,0.582,"-8,-8;-2,+6;+0,+2;+0,+0;+2,-4",True,0.726,False,0,140.5,0.139,zero,1111110,0,0.899,-0.22,0.226,zero,1111110,0,0.946,-0.217,0.193,nonzero,1110000,7,-0.108,-0.074,0.312,zero,1111110,0,1.006,-0.217,0.255
1776301707096,ok,,3,10,0.265,278.8,102.0,49.0,167.0,0.57,"-6,-8;-4,+2;-2,+0;+0,-2;+2,-6",True,0.711,False,0,164.1,0.157,zero,1111110,0,0.983,-0.207,0.265,zero,1111110,0,0.989,-0.203,0.32,nonzero,1110000,7,-0.132,0.003,0.285,zero,1111110,0,0.886,-0.155,0.082
1776301747946,ok,,2,100,0.169,280.8,102.0,41.0,167.0,0.459,"-2,-2;+2,+8;-2,+0;+0,+0;+0,-4",True,0.928,False,0,150.1,0.166,zero,1111110,0,0.965,-0.258,0.169,nonzero,0110000,1,-0.019,-0.019,0.277,nonzero,1011011,5,-0.263,1.002,0.035,zero,1111110,0,0.777,-0.305,0.017
1776301772108,ok,,2,100,0.192,275.8,102.0,43.0,167.0,0.571,"-8,-8;-4,+6;-2,+2;+0,+0;+2,-4",True,0.738,False,0,165.8,0.144,zero,1111110,0,0.91,-0.161,0.274,nonzero,1101101,2,-0.204,0.965,0.192,nonzero,1011011,5,-0.222,0.968,0.196,nonzero,1011011,5,-0.231,1.0,0.224
1776301825184,ok,,2,100,0.21,267.2,106.5,50.0,170.0,0.545,"-4,+8;-2,+2;+0,+0;-2,-2;+0,-4",True,0.836,False,0,145.2,0.149,zero,1111110,0,0.972,-0.302,0.21,nonzero,1011011,5,-0.341,1.033,0.268,nonzero,1110000,7,-0.141,-0.062,0.321,nonzero,1011011,5,-0.383,0.971,0.171
1776301845969,ok,,2,100,0.247,265.8,106.0,55.0,166.0,0.611,"+0,+8;+2,+4;+0,+2;+0,-2;+0,-4",True,0.944,False,0,150.2,0.145,zero,1111110,0,0.969,-0.172,0.247,nonzero,0110011,4,-0.195,1.077,0.275,nonzero,1111011,9,-0.226,0.966,0.155,zero,1111110,0,0.989,-0.185,0.281
1776301846976,ok,,2,100,0.122,265.8,106.5,41.0,173.0,0.719,"-6,-8;-2,+2;-2,+2;-2,+0;+0,-2",True,0.795,False,0,127.3,0.146,zero,1111110,0,1.027,-0.428,0.334,nonzero,1111111,8,0.825,0.887,0.122,nonzero,1111011,9,-0.507,0.971,0.242,zero,1111110,0,0.986,-0.443,0.307
1776301860959,ok,,2,100,0.188,267.8,106.0,45.0,168.5,0.537,"+0,-8;+2,+6;+0,+4;+0,+0;-2,-4",True,0.907,False,0,156.2,0.146,zero,1111110,0,0.91,-0.243,0.188,nonzero,1110000,7,-0.077,-0.08,0.311,nonzero,1011111,6,-0.236,0.935,0.176,nonzero,1011011,5,-0.272,1.058,0.237
1776301886936,ok,,2,100,0.119,265.8,106.0,51.0,167.0,0.709,"+0,+8;+0,+4;+0,+0;+0,-2;+0,-4",True,0.849,False,0,158.0,0.135,zero,1111110,0,0.981,-0.196,0.232,nonzero,1111011,9,-0.235,0.949,0.119,nonzero,1111111,8,0.847,0.893,0.12,zero,1111110,0,1.028,-0.223,0.302
1776301914284,ok,,3,10,0.162,266.5,106.0,43.0,171.5,0.657,"-8,-8;-2,+2;+0,+2;+2,+0;+2,-2",True,0.726,False,0,134.5,0.153,zero,1111110,0,0.975,-0.399,0.307,zero,1111110,0,0.991,-0.427,0.304,nonzero,1011111,6,-0.442,0.951,0.162,nonzero,1011011,5,-0.476,1.011,0.218
1776301926524,ok,,3,10,0.119,267.2,105.5,48.0,170.0,0.631,"+0,-8;+2,+6;+2,+2;+2,+0;+0,-4",True,0.722,False,0,158.3,0.159,zero,1111110,0,0.978,-0.247,0.275,zero,1111110,0,0.98,-0.231,0.26,nonzero,1011111,6,-0.264,0.905,0.119,nonzero,1011011,5,-0.33,1.014,0.244
1776301943451,ok,,3,10,0.116,267.8,106.0,47.0,170.0,0.648,"-2,-8;+0,+6;+0,+2;+0,-2;+0,-4",True,0.725,False,0,154.4,0.143,zero,1111110,0,0.956,-0.258,0.116,zero,1111110,0,0.989,-0.252,0.25,nonzero,1111011,9,-0.342,0.94,0.147,zero,1111110,0,0.977,-0.26,0.195
1776301954568,ok,,2,100,0.201,263.5,106.0,46.0,170.0,0.463,"-8,+4;+0,+2;+0,+2;+0,+0;+4,-2",True,1.032,False,1,125.2,0.144,zero,1111110,0,0.995,-0.354,0.308,nonzero,0110000,1,-0.063,-0.048,0.201,nonzero,0110?00,1,-0.019,0.041,0.06,zero,1111110,0,0.924,-0.366,0.225
1776301959556,ok,,2,100,0.128,266.5,106.0,48.0,168.5,0.437,"-2,-8;+0,+6;+0,+2;+0,+0;+0,-4",True,0.925,False,0,163.9,0.145,zero,1111110,0,0.942,-0.211,0.128,nonzero,0110000,1,-0.017,-0.014,0.231,nonzero,0110011,4,-0.271,1.062,0.277,nonzero,1011011,5,-0.305,1.0,0.197
1776302065663,ok,,2,100,0.247,270.0,106.0,38.0,174.5,0.643,"-4,-8;-2,+2;-2,+0;+2,+0;+2,-2",True,0.937,False,0,108.4,0.144,zero,1111110,0,1.071,-0.484,0.303,nonzero,1111001,3,-0.452,1.152,0.247,zero,1111110,0,0.97,-0.373,0.198,zero,1111110,0,0.933,-0.405,0.204
1776302447685,ok,,2,100,0.081,255.0,110.0,61.0,166.0,0.522,"+6,+4;+4,+2;+0,+0;+0,-2;-2,-2",True,1.019,False,0,103.7,0.137,zero,1111110,0,0.922,-0.146,0.081,nonzero,0110000,1,0.007,0.016,0.159,nonzero,1011111,6,-0.097,0.833,0.056,zero,1111110,0,0.906,-0.081,0.019
1776302518046,uncertain,p2_ambiguous,,,,267.8,106.5,61.0,164.5,0.405,"-6,+2;-4,+2;-2,+0;+0,-2;+2,-2",True,0.837,False,0,83.9,0.142,zero,1111110,0,0.709,0.287,0.053,uncertain,?11???0,017,0.321,0.433,0.001,nonzero,011??11,4,0.274,0.959,0.002,nonzero,1011?11,56,0.244,0.828,0.024
1776302543943,ok,,2,100,0.025,269.2,106.5,60.0,166.0,0.435,"-4,+4;-2,+2;-2,+0;+0,-2;+2,-2",True,0.716,False,0,77.1,0.162,zero,1111110,0,0.936,0.355,0.088,nonzero,1111??1,389,0.372,1.012,0.025,nonzero,11?11?1,28,0.385,0.928,0.0,nonzero,1011?11,56,0.233,1.267,0.002
1776302600517,ok,,2,100,0.027,267.8,106.5,62.0,166.0,0.597,"-6,+2;-4,+2;-2,+0;+0,-2;+2,-2",True,1.004,False,0,101.5,0.139,zero,1111110,0,0.839,-0.091,0.041,nonzero,1111011,9,-0.091,0.955,0.027,nonzero,1011011,5,-0.012,1.0,0.096,zero,1111110,0,1.0,-0.009,0.182
1776302692219,ok,,2,100,0.014,268.5,106.5,61.0,164.5,0.491,"-4,+2;-2,+2;-2,+0;+0,-2;+2,-2",True,0.734,False,0,87.4,0.154,zero,1111110,0,0.833,0.365,0.068,nonzero,1111??1,389,0.376,0.93,0.014,nonzero,1111?11,89,0.465,0.906,0.017,zero,1111110,0,0.911,0.388,0.033
1776302757653,ok,,2,100,0.041,267.8,106.5,61.0,165.5,0.618,"-6,+2;-4,+2;-2,+0;+0,-2;+2,-4",True,0.842,False,0,113.8,0.149,zero,1111110,0,0.939,-0.096,0.151,nonzero,1101101,2,-0.09,0.968,0.041,zero,1111110,0,0.948,-0.021,0.114,nonzero,1011011,5,-0.073,1.125,0.102
1776302964412,ok,,2,100,0.046,250.0,110.0,62.0,167.5,0.629,"+4,+4;+2,+2;+0,+0;+0,-2;-2,-4",True,1.195,False,0,98.8,0.151,zero,1111110,0,0.97,-0.098,0.046,nonzero,1110000,7,0.049,0.06,0.207,nonzero,1111111,8,0.749,0.983,0.058,zero,1111110,0,0.905,-0.088,0.097
1776303056455,ok,,2,100,0.131,266.5,106.5,59.0,164.0,0.535,"-4,+4;-2,+2;-2,+2;+0,-2;+2,-2",True,0.984,False,0,97.0,0.148,zero,1111110,0,0.803,-0.119,0.131,nonzero,0110000,1,0.006,0.016,0.214,nonzero,1111011,9,-0.155,0.913,0.08,nonzero,1011011,5,-0.121,1.0,0.166
1776303110616,ok,,2,100,0.03,261.2,107.5,60.0,165.5,0.712,"-4,+4;-2,+2;-2,+0;+0,-2;+0,-2",True,0.862,False,0,114.2,0.137,zero,1111110,0,0.836,-0.088,0.03,nonzero,1101101,2,-0.061,1.104,0.099,nonzero,1111011,9,-0.11,1.044,0.077,zero,1111110,0,1.033,-0.068,0.23
1776303609415,ok,,2,100,0.022,266.5,106.5,60.0,165.5,0.541,"-4,+2;-2,+2;-2,+0;+0,-2;+2,-4",True,0.956,False,0,99.2,0.152,zero,1111110,0,0.91,0.152,0.093,nonzero,0110000,1,0.189,0.257,0.022,zero,1111110,0,0.944,0.167,0.043,zero,1111110,0,0.951,0.122,0.029
1776303699104,ok,,2,100,0.007,269.2,106.5,57.0,163.0,0.47,"-6,+4;-4,+2;+0,+0;+0,-2;+0,-2",True,0.979,False,0,86.6,0.147,zero,1111110,0,0.651,0.061,0.044,nonzero,1011011,5,0.05,1.061,0.007,nonzero,1101101,2,0.009,1.101,0.013,nonzero,1011011,5,-0.05,1.119,0.039
1776304433627,ok,,3,10,0.003,255.0,110.0,59.0,165.5,0.595,"+4,+2;+2,+2;+0,+0;+0,-2;-2,-2",True,0.828,False,0,106.9,0.137,zero,1111110,0,0.879,0.184,0.003,zero,1111110,0,0.909,0.21,0.098,nonzero,1011011,5,0.139,1.033,0.023,nonzero,1011011,5,0.092,1.015,0.091
1776304488094,ok,,2,100,0.011,255.8,110.0,58.0,164.0,0.583,"+4,+4;+2,+2;+0,+0;+0,+0;-2,-2",True,1.001,False,0,102.4,0.145,zero,1111110,0,0.886,0.142,0.011,nonzero,1111011,9,0.057,0.988,0.127,nonzero,1011011,5,0.101,1.054,0.084,zero,1111110,0,0.891,0.142,0.208
1776304554261,ok,,2,100,0.089,267.8,106.5,58.0,164.0,0.69,"-4,+4;-2,+2;-2,+0;+0,-2;+2,-2",True,0.875,False,0,123.5,0.149,zero,1111110,0,0.935,0.129,0.089,nonzero,1101101,2,0.126,1.099,0.09,nonzero,1111111,8,0.924,1.034,0.123,zero,1111110,0,1.031,0.141,0.083
1776304662410,ok,,2,100,0.038,268.5,106.0,58.0,164.0,0.357,"-6,+4;-2,+2;-2,+2;+2,+0;+4,-2",True,0.994,False,0,84.3,0.172,zero,1111110,0,0.893,0.028,0.153,nonzero,0110000,1,0.087,0.146,0.038,nonzero,1011111,6,0.112,0.956,0.107,nonzero,1011011,5,0.02,1.101,0.189
1776304922237,ok,,2,100,0.135,266.5,106.5,58.0,164.0,0.624,"-6,+4;-4,+2;-2,+0;+0,-2;+2,-2",True,0.834,False,0,139.9,0.19,zero,1111110,0,1.006,0.003,0.215,nonzero,1101101,2,-0.006,0.973,0.135,nonzero,0110011,4,-0.035,1.015,0.229,nonzero,1011011,5,-0.084,0.962,0.127
1776304991360,ok,,2,100,0.028,258.8,109.0,57.0,165.5,0.529,"+0,+4;+2,+2;+0,+0;+0,+0;+0,-2",True,1.09,False,0,84.8,0.225,zero,1111110,0,0.825,-0.065,0.028,nonzero,1110000,7,-0.003,0.035,0.26,nonzero,1101101,2,-0.122,0.995,0.121,nonzero,1011011,5,-0.156,1.096,0.204
1776305038857,ok,,3,10,0.012,255.0,110.0,55.0,163.0,0.551,"+2,+4;+2,+0;+2,+0;+0,-2;-2,-2",True,0.77,False,0,68.6,0.242,zero,1111110,0,0.825,-0.065,0.084,zero,1111110,0,1.0,-0.101,0.172,nonzero,1111111,8,0.769,0.844,0.012,zero,1111110,0,0.841,-0.083,0.013
1776305121639,ok,,2,100,0.038,268.5,106.5,58.0,164.0,0.578,"-6,+6;-4,+2;-2,+0;+0,-2;+2,-2",True,0.927,False,0,93.8,0.245,zero,1111110,0,0.877,-0.035,0.038,nonzero,1101101,2,-0.091,1.073,0.109,nonzero,1111011,9,-0.131,1.049,0.069,nonzero,1011011,5,-0.084,1.05,0.134
1776305195768,ok,,2,100,0.065,267.2,106.5,62.0,164.5,0.646,"-4,+4;-2,+2;-2,+0;+0,-2;+2,-4",True,0.757,False,0,132.9,0.217,zero,1111110,0,0.834,0.031,0.065,nonzero,1011011,5,0.054,1.084,0.115,nonzero,1111001,3,0.029,1.051,0.174,nonzero,1011011,5,-0.062,1.056,0.143
1776305219475,ok,,3,10,0.168,275.8,106.0,44.0,170.0,0.534,"-4,-8;-2,+4;+0,+2;+0,+0;+2,-2",True,0.875,False,0,101.0,0.181,zero,1111110,0,0.906,-0.096,0.168,zero,1111110,0,0.94,-0.017,0.203,nonzero,1111011,9,-0.104,1.07,0.254,zero,1111110,0,0.94,0.023,0.255
1776305582245,ok,,2,100,0.1,269.2,106.5,59.0,164.0,0.462,"-6,+4;-4,+2;-2,+0;+0,+0;+2,-2",True,0.774,False,0,94.6,0.161,zero,1111110,0,0.912,-0.006,0.128,nonzero,1101101,2,-0.033,1.091,0.1,nonzero,0110000,1,0.076,0.117,0.136,nonzero,1011011,5,-0.019,1.047,0.13
1776305701799,ok,,2,100,0.001,265.0,106.5,59.0,165.5,0.608,"-4,+4;-2,+2;-2,+0;+0,-2;+2,-2",True,0.963,False,0,124.5,0.158,zero,1111110,0,1.016,0.161,0.199,nonzero,0110000,1,0.248,0.349,0.001,nonzero,1111011,9,0.111,0.983,0.127,nonzero,1011011,5,0.055,0.991,0.022
1776305771800,ok,,2,100,0.127,255.8,109.5,61.0,166.0,0.526,"+4,+4;+4,+2;+2,+0;+0,-2;+0,-2",True,0.946,False,0,98.1,0.151,zero,1111110,0,0.871,0.044,0.127,nonzero,1011011,5,-0.024,1.064,0.169,nonzero,1110000,7,0.091,0.127,0.086,zero,1111110,0,0.947,0.086,0.148
1776305817615,ok,,3,10,0.029,255.8,109.5,60.0,165.5,0.455,"+2,+4;+2,+2;+2,+0;+0,-2;+0,-4",True,0.72,False,0,73.7,0.134,zero,1111110,0,0.676,-0.011,0.029,zero,1111110,0,0.863,0.0,0.06,nonzero,1110000,7,-0.002,0.024,0.197,zero,1111110,0,0.765,-0.008,0.069
1776306205710,ok,,2,100,0.076,270.0,106.5,58.0,164.0,0.513,"-6,+4;-4,+2;-2,+0;+0,-2;+2,-2",True,0.885,False,0,99.7,0.137,zero,1111110,0,0.928,-0.022,0.137,nonzero,0110000,1,0.054,0.111,0.076,nonzero,1011011,5,0.012,0.957,0.049,zero,1111110,0,0.948,-0.056,0.052
1776306379838,ok,,2,100,0.035,273.5,106.0,57.0,160.0,0.518,"-4,+6;-2,+2;+0,+2;+0,-2;+2,-2",True,1.013,False,0,104.2,0.138,zero,1111110,0,0.805,-0.014,0.035,nonzero,1111011,9,-0.073,0.961,0.044,nonzero,1110000,7,0.034,0.059,0.217,nonzero,1011011,5,-0.144,1.139,0.055
1776306819057,ok,,3,10,0.067,267.8,106.5,58.0,165.5,0.615,"-6,+6;-4,+2;-2,+2;+0,+0;+0,-2",True,0.805,False,0,88.8,0.141,zero,1111110,0,0.852,-0.05,0.067,zero,1111110,0,0.943,-0.041,0.146,nonzero,1011111,6,-0.004,0.988,0.133,zero,1111110,0,0.99,0.031,0.202
1776306903573,ok,,2,100,0.073,267.2,106.5,57.0,163.0,0.686,"-6,+6;-2,+2;-2,+0;+0,+0;+0,-2",True,0.826,False,0,136.5,0.138,zero,1111110,0,0.962,-0.061,0.179,nonzero,1011111,6,-0.092,1.014,0.073,nonzero,1011111,6,-0.066,1.0,0.171,nonzero,1011011,5,-0.115,1.155,0.088
1776307760923,ok,,2,100,0.016,271.5,106.5,64.0,168.5,0.561,"-2,+8;-2,+2;-2,+0;+0,-2;+0,-2",True,0.908,False,0,84.5,0.177,zero,1111110,0,0.623,-0.073,0.016,nonzero,1011011,5,0.004,1.057,0.285,nonzero,1111001,3,-0.049,1.061,0.201,zero,1111110,0,0.926,0.024,0.169
1776385169633,ok,,1,1000,0.173,267.2,106.0,44.0,168.5,0.522,"-4,+8;-4,+6;+0,+4;+0,+0;+2,-2",True,0.83,False,0,128.3,0.145,nonzero,0110000,1,0.015,0.055,0.173,nonzero,1101101,2,-0.079,1.014,0.193,nonzero,1011111,6,-0.132,0.979,0.166,nonzero,1011011,5,-0.153,1.063,0.255
1776385171599,uncertain,p2_invalid_pattern,,,,257.2,109.5,57.0,160.0,0.437,"+2,+6;+2,+2;+0,+0;+0,-2;+0,-4",True,1.02,True,4,61.3,0.151,zero,1111110,0,0.956,0.331,0.021,uncertain,0111101,,-0.038,0.729,0.015,uncertain,011?111,,0.076,0.729,0.005,zero,1111110,0,0.843,0.161,0.172
1776385198654,ok,,2,100,0.068,258.0,108.5,58.0,164.0,0.401,"-2,+6;+0,+4;+0,+0;+0,-2;+0,-4",True,0.814,False,0,66.5,0.142,zero,1111110,0,0.933,0.064,0.07,nonzero,1101101,2,0.117,1.045,0.068,nonzero,1011011,5,0.136,1.01,0.143,zero,1111110,0,0.864,0.231,0.004
1776385528002,ok,,1,1000,0.274,269.2,106.5,39.0,171.5,0.525,"-4,-8;-4,+2;-2,+0;-2,-2;+0,-4",True,0.645,False,0,119.1,0.145,nonzero,1111001,3,-0.306,1.079,0.274,nonzero,1011111,6,-0.281,0.997,0.177,nonzero,1110000,7,-0.048,-0.002,0.279,zero,1111110,0,0.939,-0.252,0.206
1776385744817,ok,,2,100,0.135,269.2,106.0,55.0,164.5,0.634,"+0,+8;+0,+4;+0,+2;+0,+0;+0,-2",True,0.841,False,0,109.1,0.147,zero,1111110,0,0.858,-0.059,0.135,nonzero,1111001,3,-0.019,1.115,0.227,nonzero,1101101,2,-0.042,0.975,0.124,zero,1111110,0,0.961,-0.115,0.172
1776385925454,ok,,1,1000,0.09,269.2,106.0,55.0,163.0,0.513,"-2,+8;-2,+8;+0,+2;+0,+0;+2,-2",True,0.719,False,0,90.1,0.151,nonzero,0110000,1,-0.111,-0.036,0.09,nonzero,1101101,2,-0.059,1.127,0.114,nonzero,1111111,8,0.869,0.982,0.002,nonzero,1011011,5,-0.065,1.077,0.061
1776385936187,ok,,2,100,0.025,265.8,106.5,61.0,167.5,0.497,"-4,+4;-2,+2;-2,+0;+0,-2;+2,-2",True,0.848,False,0,87.1,0.168,zero,1111110,0,0.761,0.008,0.025,nonzero,1111001,3,0.018,1.12,0.14,nonzero,0110000,1,0.064,0.093,0.175,nonzero,1011011,5,-0.117,1.128,0.329
1776386023352,ok,,2,100,0.018,268.5,106.5,62.0,164.5,0.516,"-4,+6;-2,+2;-2,+0;+0,-2;+0,-4",True,0.829,False,0,80.7,0.158,zero,1111110,0,0.771,-0.032,0.018,nonzero,1110000,7,0.057,0.1,0.174,nonzero,1101101,2,-0.015,1.091,0.157,zero,1111110,0,0.978,-0.038,0.209
1776386082565,ok,,2,100,0.024,269.2,106.0,62.0,164.5,0.5,"-6,+6;-2,+2;-2,+0;+0,-2;+2,-4",True,0.821,False,0,83.4,0.145,zero,1111110,0,0.713,0.032,0.043,nonzero,0110000,1,0.147,0.212,0.024,nonzero,1111111,8,0.863,0.908,0.03,zero,1111110,0,0.97,0.054,0.164
1776386555126,ok,,1,1000,0.287,270.8,110.0,46.0,170.0,0.505,"+6,+6;+0,+4;+2,+2;+0,+0;-2,-2",True,0.87,False,0,105.0,0.144,nonzero,0110000,1,-0.131,-0.074,0.287,zero,1111110,0,0.968,-0.335,0.278,nonzero,1111111,8,0.762,0.873,0.063,nonzero,1011011,5,-0.493,1.052,0.279
1776387107488,ok,,1,1000,0.351,271.5,106.0,39.0,167.0,0.634,"+2,-8;+0,+0;+0,+2;+0,+0;+0,-2",True,0.821,False,0,139.9,0.145,nonzero,0110000,1,-0.14,-0.09,0.351,zero,1111110,0,0.979,-0.286,0.211,nonzero,1111111,8,0.849,0.936,0.072,zero,1111110,0,0.977,-0.327,0.246
1776387108049,ok,,2,100,0.164,252.8,110.0,62.0,167.0,0.686,"+2,+4;+2,+2;+0,+0;+0,-2;-2,-2",True,0.834,False,0,132.0,0.142,zero,1111110,0,0.919,0.118,0.213,nonzero,1011011,5,0.072,1.06,0.164,nonzero,1011111,6,0.118,0.931,0.094,zero,1111110,0,0.864,0.074,0.08
1776387122738,ok,,2,100,0.093,267.8,106.5,62.0,164.5,0.668,"-4,+4;-2,+2;-2,+0;+0,-2;+0,-4",True,0.937,False,0,121.4,0.141,zero,1111110,0,0.926,0.068,0.093,nonzero,1111011,9,0.036,1.058,0.141,nonzero,1011011,5,0.066,1.111,0.188,zero,1111110,0,0.973,0.043,0.218
1776387166744,ok,,2,100,0.001,250.8,110.0,61.0,166.0,0.555,"+2,+4;+2,+2;+0,+0;-2,-2;-2,-2",True,0.925,False,0,133.1,0.149,zero,1111110,0,0.937,0.104,0.103,nonzero,0110000,1,0.249,0.271,0.001,nonzero,0110000,1,0.233,0.282,0.011,zero,1111110,0,0.907,0.066,0.051
1776387194857,ok,,2,100,0.032,255.8,110.0,62.0,164.5,0.59,"+4,+6;+2,+2;+0,+0;+0,-2;-2,-4",True,0.865,False,0,136.9,0.174,zero,1111110,0,0.907,0.083,0.155,nonzero,0110000,1,0.211,0.27,0.032,nonzero,1111111,8,0.813,0.859,0.017,nonzero,1011011,5,-0.018,1.066,0.208
1776387353825,ok,,2,100,0.157,250.8,110.0,63.0,167.0,0.582,"+2,+4;+2,+2;+0,+0;+0,-2;+0,-4",True,0.819,False,0,137.2,0.14,zero,1111110,0,0.954,0.096,0.157,nonzero,1111001,3,0.105,1.012,0.171,nonzero,0110000,1,0.22,0.243,0.019,nonzero,1011011,5,-0.014,1.005,0.211
1776388248307,ok,,1,1000,0.113,265.8,106.5,35.0,177.0,0.497,"-2,-4;-4,-4;+0,+4;-2,+2;+0,-2",True,0.872,False,0,116.9,0.138,nonzero,0110000,1,-0.219,-0.125,0.113,zero,1111110,0,0.986,-0.534,0.201,nonzero,1110000,7,-0.388,-0.269,0.33,zero,1111110,0,0.878,-0.572,0.051
1776388316020,ok,,1,1000,0.098,275.8,106.0,31.0,167.0,0.582,"+2,+2;-2,+0;+0,+4;-2,+0;+0,-4",True,0.937,False,1,95.6,0.14,nonzero,?110000,17,-0.166,-0.032,0.098,zero,1111110,0,0.997,-0.444,0.006,nonzero,1111001,3,-0.596,1.0,0.025,zero,1111110,0,0.821,-0.475,0.001
1776389395684,uncertain,p2_ambiguous,,,,252.8,110.0,60.0,166.0,0.375,"+2,+4;+2,+2;+0,+0;+0,-2;-2,-4",True,1.047,False,0,74.2,0.142,zero,1111110,0,0.905,0.361,0.089,uncertain,111???0,07,0.312,0.392,0.001,nonzero,1?11011,59,0.283,0.999,0.017,nonzero,1011011,5,0.288,1.003,0.005
1776391939743,ok,,2,100,0.084,257.2,110.0,58.0,163.0,0.414,"+2,+4;+2,+2;+0,+0;+0,-2;-2,-4",True,0.991,False,0,104.3,0.14,zero,1111110,0,0.93,0.126,0.084,nonzero,0110011,4,0.095,0.99,0.14,nonzero,1101101,2,0.125,1.088,0.055,nonzero,1011011,5,-0.037,1.112,0.091
1776393346150,ok,,2,100,0.007,254.2,110.0,60.0,170.0,0.563,"-2,+2;+0,+2;+2,+0;+0,-2;+0,-2",True,0.682,False,0,84.2,0.145,zero,1111110,0,0.8,0.321,0.058,nonzero,1?11?11,5689,0.446,1.035,0.007,nonzero,1111?11,89,0.317,1.03,0.039,zero,1111110,0,0.857,0.339,0.047
1776395937656,ok,,2,100,0.054,260.0,109.5,59.0,164.0,0.395,"+2,+4;+2,+2;+0,+0;+0,-2;+0,-2",True,1.013,False,0,62.3,0.16,zero,1111110,0,0.882,0.002,0.071,nonzero,0110000,1,0.122,0.139,0.054,nonzero,1110000,7,0.159,0.291,0.068,zero,1111110,0,0.829,0.087,0.083
1776396282051,ok,,2,100,0.072,258.0,108.5,62.0,167.0,0.688,"-2,+4;+0,+2;+0,+0;+0,-2;+0,-4",True,0.75,False,0,138.7,0.152,zero,1111110,0,0.98,-0.195,0.229,nonzero,1111111,8,0.84,0.909,0.072,nonzero,1110000,7,-0.003,0.0,0.228,nonzero,1011011,5,-0.213,1.055,0.25
1776396438455,ok,,2,100,0.298,254.2,110.0,61.0,170.0,0.794,"+0,+4;+2,+2;+0,+0;+0,+0;-2,-2",True,0.843,False,0,139.7,0.144,zero,1111110,0,1.024,-0.131,0.298,nonzero,1111001,3,-0.097,1.063,0.313,nonzero,1111111,8,0.892,0.924,0.117,zero,1111110,0,0.98,-0.151,0.225
1776396454734,ok,,2,100,0.094,255.8,109.5,63.0,168.5,0.649,"+2,+6;+2,+4;+2,+0;+0,-2;+0,-4",True,0.863,False,0,142.5,0.139,zero,1111110,0,0.995,-0.172,0.169,nonzero,1111011,9,-0.178,0.975,0.094,nonzero,0110011,4,-0.162,1.112,0.331,nonzero,1011011,5,-0.237,1.0,0.256
1776396503628,ok,,2,100,0.123,254.2,109.5,65.0,168.5,0.703,"+2,+4;+2,+2;+0,+0;+0,-2;+0,-4",True,0.975,False,0,120.7,0.139,zero,1111110,0,1.013,-0.184,0.232,nonzero,0110000,1,0.107,0.12,0.123,nonzero,1111111,8,0.878,0.924,0.142,zero,1111110,0,0.985,-0.233,0.289
1776469127757,ok,,2,100,0.133,250.0,109.5,64.0,173.0,0.634,"+2,+2;+2,+2;+2,+0;+0,-2;+0,-4",True,0.738,False,0,118.9,0.136,zero,1111110,0,0.951,-0.438,0.133,nonzero,1101101,2,-0.496,1.016,0.259,nonzero,1011011,5,-0.533,1.006,0.281,zero,1111110,0,0.923,-0.451,0.182
1776469186829,ok,,2,100,0.256,242.2,110.0,65.0,174.5,0.623,"-2,+6;+0,+2;-2,+0;+0,-2;+4,-4",True,1.099,False,0,88.4,0.141,zero,1111110,0,1.206,-0.667,0.448,nonzero,1111011,9,-0.731,1.095,0.256,nonzero,1111111,8,0.827,0.829,0.066,zero,1111110,0,0.959,-0.684,0.101
1776469431533,ok,,2,100,0.001,255.0,110.0,65.0,167.0,0.504,"+0,+4;+0,+2;+0,+0;+0,-2;-2,-4",True,0.82,False,0,94.6,0.142,zero,1111110,0,0.952,0.024,0.037,nonzero,1111111,8,0.803,0.906,0.001,nonzero,1011011,5,-0.026,1.013,0.191,nonzero,1011011,5,-0.112,1.122,0.283
1776470598522,ok,,2,100,0.027,255.0,110.0,60.0,171.5,0.534,"-4,+0;+0,+0;+0,-2;+0,-2;+0,-2",True,0.814,False,0,99.9,0.173,zero,1111110,0,0.815,0.331,0.053,nonzero,011??11,4,0.273,1.179,0.027,uncertain,?11???0,017,0.33,0.382,0.003,nonzero,1011011,5,0.12,1.076,0.013
1776472475505,ok,,1,1000,0.016,276.5,106.0,32.0,180.0,0.196,"+0,-2;-2,-2;+0,+4;+0,+2;+2,-2",True,0.805,False,1,43.7,0.139,nonzero,11100?0,7,0.064,0.001,0.016,uncertain,1111110,0,0.649,0.151,0.006,nonzero,11110?1,39,0.217,1.23,0.001,nonzero,1011011,5,-0.224,1.466,0.01
1776476149668,ok,,3,10,0.031,263.5,106.0,54.0,164.0,0.657,"-2,+8;-2,+2;+0,+0;+2,-2;+2,-4",True,0.756,False,0,132.9,0.137,zero,1111110,0,0.997,-0.151,0.151,zero,1111110,0,0.97,-0.087,0.153,nonzero,1011111,6,-0.095,0.839,0.031,nonzero,1011011,5,-0.244,1.021,0.138
1776644880904,ok,,2,100,0.097,265.8,106.5,57.0,163.0,0.563,"-4,+8;-2,+4;-2,+2;+0,-2;+2,-4",True,0.845,False,0,149.9,0.136,zero,1111110,0,0.965,-0.091,0.133,nonzero,0110000,1,0.108,0.164,0.097,nonzero,1111011,9,-0.086,1.003,0.14,nonzero,1011011,5,-0.133,1.032,0.259
1776644907128,ok,,2,100,0.249,268.5,106.0,43.0,168.5,0.636,"-2,-2;+0,+4;+0,+2;+0,+0;+0,-2",True,0.668,False,0,139.6,0.136,zero,1111110,0,0.928,-0.193,0.249,nonzero,1101101,2,-0.149,1.059,0.3,nonzero,1011111,6,-0.185,0.971,0.142,zero,1111110,0,0.947,-0.206,0.209
1776644930412,ok,,2,100,0.169,265.8,106.5,46.0,170.0,0.611,"-4,+8;-2,+4;-2,+2;+0,+0;+0,-4",True,0.797,False,0,148.4,0.142,zero,1111110,0,0.971,-0.127,0.169,nonzero,1111001,3,-0.078,1.059,0.198,nonzero,1101101,2,-0.111,1.029,0.212,nonzero,1011011,5,-0.156,1.0,0.241
1776645496113,ok,,2,100,0.158,266.5,106.0,47.0,173.0,0.417,"-6,-8;-2,+4;+0,+0;+0,-2;+4,-6",True,0.984,False,0,122.4,0.14,zero,1111110,0,0.983,-0.408,0.279,nonzero,0110000,1,-0.057,-0.028,0.158,nonzero,1110000,7,-0.215,-0.115,0.282,nonzero,1011011,5,-0.506,0.921,0.071
1776645525791,ok,,2,100,0.305,266.5,106.0,42.0,171.5,0.643,"-4,-8;-2,+4;+0,+2;+0,-2;+2,-4",True,0.744,False,0,115.4,0.148,zero,1111110,0,1.067,-0.422,0.305,nonzero,1101101,2,-0.38,1.097,0.33,nonzero,1111111,8,0.867,0.901,0.085,nonzero,1011011,5,-0.493,1.0,0.179
1776645556683,ok,,2,100,0.191,269.2,105.5,34.0,174.0,0.639,"+0,-2;+0,+4;+2,+2;+0,+0;+2,-4",True,0.691,False,0,107.4,0.166,zero,1111110,0,0.987,-0.553,0.191,nonzero,1101101,2,-0.594,1.108,0.268,nonzero,1111011,9,-0.795,0.955,0.106,nonzero,1011011,5,-0.606,0.996,0.185
1776646249365,ok,,2,100,0.151,263.5,106.0,45.0,167.0,0.389,"-6,+8;-2,+4;-2,+2;+0,+0;+2,-4",True,0.837,False,0,103.9,0.139,zero,1111110,0,0.803,0.001,0.151,nonzero,0110011,4,-0.016,1.031,0.204,nonzero,1111011,9,-0.028,1.031,0.215,nonzero,1011011,5,-0.016,1.068,0.201
1776646277631,ok,,2,100,0.104,267.8,106.0,42.0,168.5,0.491,"-2,+8;+0,+4;+0,+2;+0,+0;+2,-2",True,0.636,False,0,110.8,0.146,zero,1111110,0,0.928,-0.01,0.242,nonzero,1011111,6,0.024,0.963,0.104,nonzero,1101101,2,0.001,1.005,0.131,nonzero,1011011,5,-0.074,1.081,0.257
1776646369279,ok,,2,100,0.036,262.0,107.0,51.0,167.0,0.589,"-4,+6;-2,+4;+0,+0;+0,-2;+2,-4",True,0.589,False,0,123.3,0.145,zero,1111110,0,0.879,0.227,0.036,nonzero,1101101,2,0.221,1.095,0.071,nonzero,1101101,2,0.192,1.0,0.101,nonzero,1011011,5,0.175,1.049,0.12
1776646473702,ok,,3,10,0.034,261.5,106.5,49.0,167.0,0.44,"-6,+6;-2,+4;-2,+0;+0,-2;+2,-4",True,0.723,False,0,107.9,0.143,zero,1111110,0,0.9,0.122,0.211,zero,1111110,0,0.93,0.207,0.157,nonzero,1011111,6,0.201,1.0,0.034,nonzero,1011011,5,0.1,1.078,0.148
1776646495548,ok,,3,10,0.14,263.5,106.5,42.0,168.5,0.51,"-4,-8;-2,+6;+0,+4;+0,+0;+0,-2",True,0.693,False,0,106.6,0.146,zero,1111110,0,0.883,-0.07,0.14,zero,1111110,0,0.911,-0.002,0.199,nonzero,1111011,9,-0.07,0.956,0.156,zero,1111110,0,0.988,-0.018,0.238
1776646512306,ok,,2,100,0.082,264.2,106.5,39.0,171.5,0.385,"-2,-8;+0,+4;-2,-4;+0,+0;+0,-4",True,0.857,False,0,110.1,0.137,zero,1111110,0,0.768,-0.078,0.082,nonzero,0110000,1,0.028,0.064,0.162,nonzero,0110011,4,-0.093,1.122,0.216,zero,1111110,0,0.834,-0.079,0.151
1776646622099,ok,,3,10,0.046,273.5,106.0,42.0,170.0,0.645,"+0,-2;+0,+6;+0,+2;-2,+0;-2,-4",True,0.436,False,1,74.7,0.145,zero,1111110,0,0.778,-0.283,0.046,zero,1111110,0,0.918,-0.29,0.214,nonzero,1111011,9,-0.392,0.915,0.105,nonzero,1011011,5,-0.304,1.0,0.174
1776646645577,ok,,2,100,0.09,268.5,106.0,35.0,171.5,0.42,"-2,-4;+0,+2;-2,-2;+0,-2;+0,-4",True,0.928,False,0,95.0,0.361,zero,1111110,0,0.782,-0.12,0.09,nonzero,0110000,1,0.047,0.098,0.166,nonzero,1101101,2,-0.173,1.04,0.18,zero,1111110,0,0.825,-0.099,0.031
1776646665531,ok,,2,100,0.041,266.5,106.0,34.0,172.5,0.39,"-4,-6;-2,+2;+0,+2;+0,-4;+2,-4",True,0.75,False,0,94.4,0.195,zero,1111110,0,0.785,-0.11,0.041,nonzero,1101101,2,-0.101,1.108,0.193,nonzero,0110000,1,0.028,0.07,0.162,nonzero,1011011,5,-0.14,0.945,0.042
1776647560376,ok,,2,100,0.024,255.0,110.0,56.0,160.0,0.256,"+0,+6;+0,+4;+2,+0;+0,+0;+0,-2",True,0.607,False,0,61.0,0.154,zero,1111110,0,0.785,0.191,0.032,nonzero,1101101,2,0.202,1.129,0.024,nonzero,0110000,1,0.151,0.297,0.023,zero,1111110,0,0.671,0.198,0.071
1776647956424,ok,,2,100,0.048,254.2,109.5,61.0,164.5,0.395,"+0,+4;+2,+2;+2,+0;+0,-2;+0,-4",True,0.599,False,0,74.9,0.145,zero,1111110,0,0.83,0.269,0.048,nonzero,1111001,3,0.188,1.113,0.066,nonzero,11110?1,39,0.291,1.143,0.009,zero,1111110,0,1.007,0.202,0.161
1776648500898,ok,,2,100,0.049,250.8,110.0,61.0,163.0,0.393,"+2,+4;+2,+2;+0,+0;-2,-2;-2,-4",True,0.589,False,0,90.3,0.149,zero,1111110,0,0.854,0.184,0.074,nonzero,1111001,3,0.181,1.022,0.049,nonzero,?11?0?0,17,0.28,0.336,0.005,nonzero,1011011,5,0.184,0.965,0.019
1776648968812,ok,,2,100,0.045,263.5,106.5,47.0,168.5,0.601,"-6,+8;-4,+4;-2,+2;+0,+0;+2,-4",True,0.691,False,0,115.6,0.17,zero,1111110,0,0.799,-0.133,0.045,nonzero,1011011,5,-0.091,1.094,0.3,zero,1111110,0,0.906,-0.122,0.186,nonzero,1011011,5,-0.15,1.021,0.225
1776648984264,ok,,2,100,0.117,263.5,106.0,42.0,168.5,0.592,"-4,+0;-2,+4;+0,+2;+0,+0;+2,-4",True,0.688,False,0,112.8,0.147,zero,1111110,0,0.78,-0.144,0.117,nonzero,1011011,5,-0.126,1.132,0.258,nonzero,1011011,5,-0.182,1.062,0.252,zero,1111110,0,0.888,-0.171,0.106
1776649000700,ok,,2,100,0.122,264.2,106.5,43.0,170.0,0.547,"-4,+8;-2,+6;+0,+2;-2,+0;+2,-4",True,0.593,False,0,100.2,0.144,zero,1111110,0,0.84,-0.163,0.122,nonzero,1011111,6,-0.294,1.078,0.162,nonzero,1110000,7,-0.058,-0.023,0.284,zero,1111110,0,0.973,-0.25,0.312
1776649056016,ok,,2,100,0.017,263.5,106.5,45.0,168.5,0.458,"-8,+8;-4,+4;-2,+2;+2,+0;+2,-2",True,0.623,False,0,97.2,0.138,zero,1111110,0,0.654,-0.117,0.017,nonzero,0110000,1,-0.005,0.043,0.189,nonzero,1101101,2,-0.194,1.028,0.236,nonzero,1011011,5,-0.184,1.042,0.269
1776649072227,ok,,2,100,0.064,263.5,106.0,41.0,170.0,0.484,"-8,-8;-2,+6;+0,-6;+2,+0;+4,-2",True,0.676,False,0,101.1,0.146,zero,1111110,0,0.814,-0.192,0.064,nonzero,0110000,1,-0.07,-0.055,0.097,nonzero,1011011,5,-0.212,1.006,0.243,nonzero,1011011,5,-0.215,0.994,0.218
1776649090270,ok,,2,100,0.017,269.2,106.0,35.0,171.5,0.526,"-4,+0;+2,+6;+0,-6;+0,+0;+0,-4",True,0.968,False,0,106.6,0.153,zero,1111110,0,0.923,-0.341,0.186,nonzero,0110000,1,-0.07,-0.07,0.017,nonzero,1111111,8,0.749,0.854,0.057,nonzero,1011011,5,-0.318,1.105,0.25
1776649232786,ok,,2,100,0.176,249.2,110.0,59.0,167.0,0.694,"+0,+2;+2,+2;+0,+2;+0,+0;+0,-2",True,0.594,False,0,117.7,0.139,zero,1111110,0,0.988,-0.038,0.201,nonzero,1101101,2,-0.174,1.049,0.176,nonzero,1111111,8,0.81,0.891,0.023,nonzero,1011011,5,-0.015,1.028,0.239
1776649472419,ok,,1,1000,0.064,254.2,109.5,33.0,175.5,0.359,"+6,+2;+4,-8;+0,-2;+2,+2;+0,+0",True,1.204,False,0,57.8,0.149,nonzero,?110000,17,-0.049,-0.079,0.064,nonzero,?110000,17,0.036,-0.008,0.009,nonzero,1111111,8,0.882,1.0,0.124,zero,1111110,0,0.911,-0.327,0.156
1776649509312,ok,,2,100,0.016,250.0,109.5,47.0,167.0,0.294,"+2,+6;+2,+4;+2,+0;+0,-2;-2,-4",True,0.636,False,0,70.7,0.149,zero,1111110,0,0.773,0.077,0.019,nonzero,1011111,6,-0.155,0.983,0.016,nonzero,0110011,4,-0.188,1.175,0.236,nonzero,1011011,5,-0.043,1.122,0.225
1776649533461,ok,,2,100,0.093,263.5,106.0,41.0,170.0,0.29,"-4,-8;-2,+6;+0,+4;+2,+0;+2,-2",True,0.787,False,1,67.1,0.148,zero,1111110,0,0.874,-0.015,0.167,nonzero,1110000,7,0.018,0.185,0.093,nonzero,1011111,6,-0.008,0.976,0.045,zero,1111110,0,0.905,0.076,0.153
1776649547352,ok,,2,100,0.083,261.5,106.0,42.0,170.0,0.269,"-2,+8;-2,+6;-2,+4;+0,+0;+2,-2",True,0.715,False,0,67.0,0.15,zero,1111110,0,0.802,0.083,0.083,nonzero,1110000,7,0.139,0.216,0.101,nonzero,1110000,7,0.148,0.228,0.052,zero,1111110,0,0.803,0.018,0.069
1776649603315,ok,,3,10,0.103,263.5,106.0,41.0,168.5,0.336,"-6,-8;-2,+6;+0,+4;+2,+0;+2,-4",True,0.643,False,0,68.6,0.135,zero,1111110,0,0.824,0.112,0.18,zero,1111110,0,0.957,0.015,0.252,nonzero,1111111,8,0.772,0.902,0.103,zero,1111110,0,0.835,0.105,0.052
1776649617036,ok,,3,10,0.023,265.8,106.0,31.0,173.0,0.334,"-2,+0;-2,+6;+0,+4;+0,+2;+0,-2",True,0.338,False,1,48.6,0.132,zero,1111110,0,0.7,-0.09,0.023,zero,1111110,0,0.863,-0.115,0.028,nonzero,1111011,9,-0.238,1.234,0.065,nonzero,1011011,5,-0.116,0.95,0.01
1776649632742,ok,,2,100,0.008,265.8,106.0,34.0,180.0,0.246,"-4,-2;+0,+6;+0,-6;+0,+0;+2,-2",True,0.835,False,0,71.9,0.129,zero,1111110,0,0.753,-0.014,0.008,nonzero,?110000,17,0.119,0.022,0.048,nonzero,0110000,1,-0.152,0.253,0.057,nonzero,?011011,5,-0.162,1.043,0.013
1776649693699,ok,,3,10,0.013,265.0,106.0,59.0,160.0,0.417,"-6,+6;-2,+2;+0,+0;+2,-2;+2,-4",True,0.59,False,0,91.0,0.137,zero,1111110,0,0.878,0.145,0.207,zero,1111110,0,0.91,0.182,0.013,nonzero,1111011,9,0.105,1.066,0.195,nonzero,1011011,5,0.081,1.113,0.035
1776649709554,ok,,2,100,0.018,263.5,106.5,59.0,158.5,0.302,"-6,+6;-2,+2;-2,+2;+0,-2;+2,-4",True,0.735,False,0,90.1,0.168,zero,1111110,0,0.865,0.133,0.159,nonzero,0110000,1,-0.063,0.256,0.018,nonzero,0110011,4,-0.139,1.145,0.194,nonzero,1011011,5,0.045,1.094,0.04
1776649758366,ok,,2,100,0.037,250.8,110.0,57.0,160.0,0.3,"+0,+8;+2,+4;+0,+2;+0,-2;-2,-4",True,0.708,False,0,83.7,0.139,zero,1111110,0,0.808,0.081,0.037,nonzero,0110000,1,-0.032,0.191,0.056,nonzero,1011011,5,0.092,1.074,0.008,nonzero,1011011,5,0.014,1.049,0.055
1776649814052,ok,,1,1000,0.007,267.2,106.0,29.0,173.0,0.267,"-2,+4;-2,+2;+0,+2;+0,-4;+2,-4",True,0.819,False,1,79.5,0.143,nonzero,1110000,7,0.076,0.104,0.007,nonzero,1110011,9,0.124,0.946,0.059,nonzero,1110??0,7,0.27,0.128,0.002,nonzero,1011011,5,-0.042,0.98,0.05
1776649893182,ok,,3,10,0.003,250.8,110.0,56.0,164.5,0.388,"+0,+4;+0,+2;+0,+0;+0,+0;-2,-2",True,0.565,False,0,82.4,0.146,zero,1111110,0,0.824,0.259,0.003,zero,1111110,0,0.912,0.176,0.089,nonzero,1110000,7,0.206,0.255,0.015,nonzero,1011011,5,0.073,1.149,0.144
1776649905283,ok,,2,100,0.019,250.0,110.0,58.0,160.0,0.343,"+0,+4;+2,+2;+0,+0;+0,-2;-2,-4",True,0.749,False,0,86.4,0.137,zero,1111110,0,0.842,0.132,0.049,nonzero,0110000,1,-0.04,0.236,0.019,zero,1111110,0,0.868,0.13,0.114,zero,1111110,0,0.864,0.106,0.0
1776649918642,ok,,2,100,0.045,252.8,110.0,58.0,154.0,0.243,"+4,+6;+4,+2;+0,+2;+0,-2;-2,-4",True,0.706,False,0,75.6,0.135,zero,1111110,0,0.645,0.103,0.045,nonzero,0110000,1,-0.08,0.162,0.081,nonzero,0110011,4,-0.22,1.067,0.052,zero,?111110,0,0.572,0.037,0.007
1776649977682,ok,,2,100,0.032,250.8,109.5,54.0,166.0,0.546,"-8,+8;+2,+4;+2,+0;+2,-2;+0,-4",True,0.664,False,0,98.2,0.129,zero,1111110,0,0.877,-0.038,0.032,nonzero,1111001,3,0.068,1.129,0.182,nonzero,1101101,2,0.054,0.986,0.155,nonzero,1011011,5,0.004,1.017,0.102
1776650589641,ok,,2,100,0.189,267.2,106.0,54.0,166.0,0.597,"-2,+8;-2,+4;+0,+2;+0,-2;+0,-6",True,0.773,False,0,131.2,0.135,zero,1111110,0,0.954,-0.155,0.189,nonzero,1101101,2,-0.165,1.068,0.256,nonzero,1011011,5,-0.131,1.057,0.199,zero,1111110,0,0.882,-0.136,0.143
1776651041150,ok,,1,1000,0.322,268.5,106.0,48.0,170.0,0.571,"+0,-8;-4,+4;+0,+2;+2,+0;+2,-2",True,0.794,False,0,116.6,0.172,nonzero,0110000,1,-0.135,-0.085,0.322,zero,1111110,0,0.94,-0.37,0.299,nonzero,1011111,6,-0.442,0.978,0.23,zero,1111110,0,0.98,-0.383,0.339
1776651549117,ok,,1,1000,0.159,263.5,106.0,36.0,180.0,0.446,"+8,-2;+2,-4;+0,-6;+2,+2;+0,+2",True,1.278,False,1,90.4,0.136,nonzero,?110000,17,-0.122,-0.113,0.159,nonzero,?110000,17,-0.163,-0.139,0.095,nonzero,1011111,6,-0.544,0.999,0.008,zero,1111110,0,0.859,-0.454,0.006
1776653163110,ok,,1,1000,0.0,265.8,106.0,57.0,161.5,0.504,"-2,+8;-2,+2;+0,+0;+0,-4;+0,-8",True,0.787,False,0,106.0,0.135,nonzero,0110000,1,0.258,0.326,0.0,zero,1111110,0,0.866,0.134,0.093,nonzero,1011011,5,0.228,1.05,0.008,zero,1111110,0,0.926,0.128,0.012
1776664038742,ok,,2,100,0.013,257.2,109.5,60.0,165.5,0.434,"+2,+2;+2,+2;+0,+0;+0,-2;-2,-4",True,0.669,False,0,67.7,0.129,zero,1111110,0,0.853,0.223,0.013,nonzero,1101101,2,0.119,1.367,0.098,nonzero,1011011,5,0.221,0.983,0.047,nonzero,1011011,5,0.118,0.987,0.021
1776664067183,ok,,2,100,0.008,269.2,106.5,60.0,164.0,0.416,"-6,+2;-2,+2;-2,+0;+0,-2;+0,-2",True,1.13,False,0,66.2,0.137,zero,1111110,0,0.893,0.259,0.13,nonzero,111?000,7,0.286,0.328,0.008,nonzero,1111111,8,1.002,1.093,0.075,zero,1111110,0,0.788,0.227,0.023
1776664148616,uncertain,p2_ambiguous,,,,269.2,106.5,63.0,167.0,0.434,"-4,+2;-2,+2;-2,+0;+0,-2;+2,-2",True,1.01,False,0,80.7,0.135,zero,1111110,0,0.86,0.178,0.172,uncertain,?11???0,017,0.303,0.312,0.014,nonzero,1011011,5,0.262,1.121,0.021,nonzero,1011011,5,0.143,1.075,0.019
1776664198218,ok,,2,100,0.003,261.0,108.5,61.0,166.0,0.404,"+0,+4;+0,+2;+0,+0;+0,-2;+0,-2",True,1.027,False,0,74.5,0.145,zero,1111110,0,0.616,0.134,0.003,nonzero,1101101,2,0.122,1.061,0.01,nonzero,0110000,1,0.269,0.298,0.005,zero,1111110,0,1.046,0.156,0.202
1776664296089,ok,,2,100,0.036,257.2,109.5,63.0,168.5,0.386,"+2,+2;+2,+2;+0,+0;+0,+0;+0,-2",True,1.161,False,0,55.2,0.155,zero,1111110,0,0.856,0.165,0.05,nonzero,1111001,3,0.204,0.88,0.036,nonzero,1011111,6,0.195,1.013,0.026,zero,1111110,0,0.782,0.2,0.017
1776664503327,ok,,2,100,0.018,255.8,110.0,56.0,160.0,0.343,"+2,+4;+2,+2;+0,+0;+0,+0;-2,-2",True,1.221,False,0,55.6,0.188,zero,1111110,0,0.663,0.063,0.018,nonzero,0110011,4,-0.044,0.975,0.123,nonzero,1101101,2,-0.045,1.212,0.029,nonzero,1011011,5,-0.202,1.2,0.039
1776664531494,ok,,2,100,0.001,255.8,109.5,57.0,160.0,0.299,"+4,+4;+2,+2;+2,+0;+0,+0;+0,-2",True,1.156,False,0,45.1,0.15,zero,1111110,0,0.645,0.111,0.034,nonzero,1111011,9,0.006,1.111,0.001,nonzero,1011011,5,0.037,1.221,0.018,nonzero,1011011,5,-0.166,1.148,0.005
1776664550485,ok,,1,1000,0.057,269.2,106.5,55.0,160.0,0.234,"-6,+6;-4,+4;-2,+2;+0,+0;+2,-2",True,1.159,False,0,49.7,0.153,nonzero,0110000,1,-0.02,0.085,0.057,nonzero,0110000,1,-0.032,0.226,0.021,nonzero,1111111,8,0.64,1.009,0.014,nonzero,1011011,5,-0.139,0.991,0.045
1776664616335,ok,,2,100,0.055,267.8,106.5,56.0,160.0,0.295,"-4,+4;-2,+2;-2,+2;+0,+0;+2,-2",True,1.067,False,0,52.2,0.154,zero,1111110,0,0.857,0.049,0.055,nonzero,0110000,1,0.074,0.113,0.08,nonzero,?101101,2,0.039,0.985,0.017,nonzero,1011011,5,-0.148,1.348,0.046
1776664637228,ok,,2,100,0.005,269.2,106.0,57.0,163.0,0.331,"-4,+4;-2,+2;+0,+0;+0,-2;+2,-4",True,0.808,False,0,50.4,0.151,zero,1111110,0,0.658,0.036,0.005,nonzero,1101101,2,-0.022,1.235,0.017,zero,1111110,0,0.937,0.048,0.089,nonzero,1011011,5,-0.092,0.975,0.129
1776664685725,ok,,2,100,0.002,255.0,110.0,59.0,165.5,0.294,"+4,+4;+4,+2;+0,+0;+0,-2;-2,-2",True,0.704,False,0,46.5,0.15,zero,1111110,0,0.654,0.031,0.002,nonzero,0110000,1,0.078,0.076,0.016,nonzero,1011011,5,-0.052,1.093,0.13,nonzero,1011011,5,-0.139,0.865,0.021
1776664743490,ok,,2,100,0.068,252.2,109.5,56.0,164.5,0.283,"+2,+6;+2,+2;+0,+2;+0,+0;+0,-2",True,0.522,False,0,48.3,0.145,zero,1??1110,0,0.493,-0.054,0.068,nonzero,0110000,1,-0.024,0.046,0.222,uncertain,111?11?,08,0.555,0.495,0.003,nonzero,101?01?,5,-0.092,0.676,0.005
1776665156649,uncertain,p1_unstable_across_repeats,,,,267.8,106.5,59.0,164.0,0.344,"-4,+2;-2,+0;-2,+0;+0,-2;+2,-2",True,0.965,False,0,67.9,0.199,uncertain,1111110,0,0.743,0.362,0.016,uncertain,?11????,0134789,0.447,0.501,0.004,nonzero,11?11?1,28,0.383,1.2,0.013,zero,1111110,0,1.0,0.312,0.106
1776665196688,ok,,2,100,0.011,271.5,106.0,57.0,158.5,0.229,"-6,+4;-2,+2;+0,+0;+0,+0;+2,-2",True,0.478,False,2,60.9,0.153,zero,???1110,0,0.372,0.119,0.011,nonzero,1101101,2,0.264,1.231,0.033,nonzero,011???0,1,0.025,0.344,0.011,zero,1111110,0,0.653,0.253,0.051
1776665222257,ok,,2,100,0.002,271.5,106.0,59.0,164.0,0.37,"-6,+2;-4,+2;-2,+0;+2,+0;+2,-2",True,0.928,False,0,62.0,0.149,zero,1111110,0,0.849,0.385,0.015,nonzero,1111??1,389,0.317,0.843,0.002,nonzero,1?11?11,5689,0.356,1.037,0.012,zero,1111110,0,0.798,0.312,0.039
1776665292134,ok,,2,100,0.005,273.5,106.0,57.0,158.5,0.302,"-2,+4;-2,+2;+0,+0;+0,-2;+2,-2",True,0.82,False,0,53.3,0.15,zero,1111110,0,0.682,0.445,0.005,nonzero,11?11?1,28,0.455,1.246,0.01,uncertain,111???0,07,0.331,0.445,0.0,zero,1111110,0,0.657,0.383,0.04
1776665589115,ok,,2,100,0.08,267.8,106.5,57.0,165.5,0.556,"-6,+6;-4,+4;-2,+2;+0,+0;+2,-2",True,1.016,False,0,128.3,0.153,zero,1111110,0,0.887,-0.001,0.08,nonzero,0110000,1,0.073,0.104,0.164,nonzero,1111001,3,-0.067,1.019,0.168,nonzero,1011011,5,-0.075,1.007,0.104
1776667491674,ok,,2,100,0.117,266.5,106.5,61.0,167.0,0.572,"-4,+6;-2,+2;+0,+0;+0,-2;+2,-4",True,0.863,False,0,117.1,0.17,zero,1111110,0,0.993,-0.401,0.263,nonzero,1111011,9,-0.439,0.931,0.117,nonzero,1110000,7,-0.202,-0.118,0.237,nonzero,1011011,5,-0.506,1.004,0.232
1776668390502,ok,,2,100,0.002,271.5,106.5,65.0,167.0,0.588,"-4,+2;-2,+2;+0,+0;+0,-2;+2,-2",True,0.826,False,0,73.7,0.166,zero,1111110,0,0.776,-0.068,0.002,nonzero,1011111,6,-0.054,1.037,0.089,nonzero,0110011,4,-0.119,1.09,0.238,nonzero,1011011,5,-0.092,1.181,0.354
1776734991256,ok,,2,100,0.049,263.5,106.0,65.0,168.5,0.408,"-6,+2;-4,+2;-2,+0;+2,+0;+4,-2",True,0.834,False,0,80.2,0.208,zero,1111110,0,0.717,0.044,0.049,nonzero,1110000,7,0.082,0.104,0.151,nonzero,1111011,9,0.001,0.878,0.091,nonzero,1011011,5,-0.023,1.044,0.127
1776735202324,ok,,3,10,0.016,265.0,106.5,64.0,168.5,0.547,"-6,+2;-4,+2;-2,+2;+0,+0;+2,+0",True,0.932,False,0,88.2,0.17,zero,1111110,0,0.953,0.181,0.197,zero,1111110,0,0.791,0.246,0.062,nonzero,1011111,6,0.272,1.041,0.016,zero,1111110,0,0.797,0.16,0.06
1776735370673,ok,,3,10,0.022,266.5,106.5,64.0,168.5,0.39,"-6,+2;-4,+0;-2,+0;+0,-2;+2,-2",True,0.928,False,1,60.8,0.265,zero,1111110,0,0.775,0.396,0.04,zero,1111110,0,0.83,0.428,0.022,nonzero,1?11111,68,0.431,1.042,0.054,uncertain,111111?,08,0.734,0.456,0.005
1776735456775,ok,,2,100,0.011,265.8,106.5,65.0,168.5,0.385,"-6,+4;-2,+2;-2,+0;+0,-2;+2,-2",True,0.575,False,0,57.6,0.213,zero,1111110,0,0.934,0.374,0.035,nonzero,11?11?1,28,0.4,0.916,0.011,nonzero,1111?11,89,0.373,1.11,0.029,nonzero,1?11?11,5689,0.307,1.127,0.012
1776735502288,uncertain,p1_ambiguous,,,,266.5,106.0,69.0,165.5,0.388,"-2,+2;+0,+2;+0,+0;+0,-2;+2,-4",True,0.819,False,0,57.5,0.171,uncertain,111111?,08,0.89,0.514,0.031,uncertain,111??1?,0789,0.44,0.551,0.004,nonzero,1?11?11,5689,0.453,1.053,0.012,uncertain,111111?,08,0.811,0.45,0.011
1776735805061,uncertain,p2_ambiguous,,,,269.2,106.5,65.0,168.5,0.309,"-6,+4;-4,+2;-2,+0;+0,+0;+2,-2",True,0.789,False,0,51.1,0.166,zero,1111110,0,0.717,0.201,0.009,uncertain,111???0,07,0.369,0.384,0.015,uncertain,?11???0,017,0.433,0.431,0.001,zero,1111110,0,1.111,0.303,0.122
1776735866820,ok,,3,10,0.04,266.5,106.5,63.0,168.5,0.389,"-4,+2;-2,+2;-2,+0;+0,-2;+2,-2",True,0.647,False,0,50.1,0.164,zero,1111110,0,0.717,0.328,0.068,zero,1111110,0,0.98,0.29,0.108,nonzero,0110?11,4,0.151,1.052,0.04,zero,1111110,0,0.924,0.203,0.126
1776737899434,ok,,2,100,0.101,267.2,106.5,48.0,168.5,0.7,"-4,+4;-2,+4;-2,+2;+0,+0;+2,+0",True,0.75,False,0,122.7,0.134,zero,1111110,0,0.918,-0.098,0.219,nonzero,1111111,8,0.865,0.929,0.101,nonzero,1111011,9,-0.103,0.971,0.172,nonzero,1011011,5,-0.198,1.039,0.299
1776738049108,ok,,2,100,0.221,267.2,106.0,49.0,168.5,0.65,"-4,+8;-2,+2;+0,+0;+0,+0;+2,-2",True,0.759,False,0,130.8,0.14,zero,1111110,0,0.972,-0.119,0.221,nonzero,1101101,2,-0.136,1.051,0.24,nonzero,1011011,5,-0.168,1.0,0.19,nonzero,1011011,5,-0.12,0.835,0.083
1776741195448,ok,,1,1000,0.115,271.5,106.0,39.0,168.5,0.458,"+2,-8;-2,-2;+0,+4;+0,+0;+2,-2",True,0.922,False,0,107.9,0.143,nonzero,0110000,1,-0.049,-0.037,0.115,nonzero,1111001,3,-0.134,1.047,0.176,nonzero,1011011,5,-0.268,0.988,0.079,zero,1111110,0,0.983,-0.233,0.202
1776749502966,ok,,2,100,0.001,268.5,106.5,58.0,164.0,0.392,"-4,+6;-2,+2;+0,+0;+0,-2;+2,-2",True,0.679,False,0,77.9,0.143,zero,1111110,0,0.849,0.209,0.089,nonzero,11?11?1,28,0.305,1.119,0.001,nonzero,1011011,5,0.227,1.058,0.029,nonzero,1011011,5,0.069,1.035,0.016
1776749961182,uncertain,p2_ambiguous,,,,270.0,106.0,58.0,163.0,0.397,"-4,+2;-2,+0;+0,+0;+0,-2;+2,-4",True,0.814,False,0,72.8,0.143,zero,1111110,0,0.983,0.445,0.0,uncertain,?11111?,08,0.43,0.594,0.0,uncertain,?11????,0134789,0.447,0.557,0.0,zero,1111110,0,0.949,0.395,0.0
1776749986707,ok,,2,100,0.004,257.8,109.5,54.0,160.0,0.336,"+2,+2;+2,+0;+2,+0;+0,+0;+0,-2",True,0.775,False,0,66.7,0.132,zero,1111110,0,0.718,0.409,0.004,nonzero,11?11?1,28,0.462,1.175,0.051,nonzero,011?011,4,0.048,0.936,0.01,zero,1111110,0,0.645,0.323,0.007
1776819652322,ok,,2,100,0.178,295.8,102.0,57.0,167.0,0.597,"-8,+8;-4,+4;+0,+0;+0,-2;+4,-4",True,0.73,False,0,116.5,0.173,zero,1111110,0,0.969,-0.241,0.178,nonzero,1101101,2,-0.225,1.014,0.207,nonzero,1111001,3,-0.229,1.067,0.261,nonzero,1011011,5,-0.306,1.052,0.3
1776819973041,uncertain,p2_unstable_across_repeats,,,,255.0,109.0,60.0,170.0,0.564,"+0,+6;-2,+2;+6,+0;+4,-2;+0,-2",True,0.785,False,0,99.6,0.131,zero,1111110,0,0.954,-0.527,0.018,uncertain,1111111,8,0.74,0.757,0.035,nonzero,1011011,5,-0.541,1.04,0.281,nonzero,1011011,5,-0.691,1.008,0.224
1776820034653,ok,,2,100,0.143,258.8,109.0,60.0,170.0,0.464,"+0,+4;+0,+0;+2,+0;-2,-2;+2,-4",True,0.951,False,0,93.2,0.127,zero,1111110,0,1.116,-0.548,0.307,nonzero,1111001,3,-0.586,1.0,0.143,nonzero,0110000,1,-0.121,0.002,0.156,zero,1111110,0,0.974,-0.621,0.062
1776820096158,uncertain,p3_ambiguous,,,,255.8,109.0,54.0,180.0,0.502,"+0,+8;-2,+2;+4,+0;+4,-2;+6,-2",True,0.918,False,0,84.7,0.17,zero,1111110,0,0.976,-0.76,0.009,zero,1111110,0,0.999,-0.773,0.29,uncertain,111111?,08,0.688,0.69,0.001,nonzero,1011011,5,-1.11,1.008,0.125
1776820508356,ok,,1,1000,0.244,262.8,110.0,46.0,168.5,0.389,"+4,-8;+0,+4;+2,+2;+0,+0;-2,-2",True,0.683,False,0,49.5,0.152,nonzero,0110000,1,-0.057,-0.02,0.244,nonzero,1011111,6,-0.245,0.813,0.016,nonzero,1101101,2,-0.224,0.916,0.012,nonzero,1011011,5,-0.292,1.407,0.216
1776821227173,ok,,1,1000,0.134,265.0,106.0,56.0,165.5,0.425,"-2,+8;+0,-6;+0,+2;+0,+2;+2,-2",True,0.617,False,0,87.8,0.165,nonzero,0110000,1,-0.232,0.189,0.134,nonzero,1101101,2,-0.421,0.754,0.011,nonzero,011??11,4,-0.534,0.822,0.026,zero,1111110,0,0.974,-0.287,0.124
1776821413646,ok,,1,1000,0.229,252.8,110.0,57.0,165.5,0.574,"+4,+8;+2,+6;+2,+2;+0,+0;-2,-2",True,0.758,False,0,113.2,0.155,nonzero,0110000,1,-0.018,-0.007,0.229,nonzero,1111111,8,0.793,0.92,0.045,zero,1111110,0,0.877,-0.133,0.069,zero,1111110,0,0.921,-0.187,0.121
1776821582466,ok,,2,100,0.077,252.8,109.5,44.0,180.0,0.419,"+0,+6;+2,+2;+0,+2;+0,+2;+2,-2",True,1.187,False,0,92.3,0.149,zero,1111110,0,0.99,-0.664,0.131,nonzero,0110000,1,-0.198,-0.06,0.077,nonzero,0110011,4,-0.796,1.307,0.459,zero,1111110,0,0.858,-0.647,0.017
1776821596287,ok,,2,100,0.056,258.8,108.0,38.0,190.0,0.399,"-4,-8;-4,+4;+4,+0;-2,-8;+4,-4",True,1.078,False,0,67.7,0.198,zero,1111110,0,0.913,-0.924,0.246,nonzero,1111001,3,-1.034,0.953,0.056,nonzero,0110000,1,-0.459,-0.235,0.038,nonzero,1011011,5,-1.322,1.0,0.004
1776821613484,ok,,2,100,0.265,268.5,106.5,45.0,176.0,0.524,"-6,-8;-2,+4;-2,+4;+0,+0;+2,-2",True,1.08,False,0,105.3,0.146,zero,1111110,0,1.01,-0.502,0.265,nonzero,0110011,4,-0.474,1.269,0.498,zero,1111110,0,0.985,-0.562,0.248,nonzero,1011011,5,-0.684,0.987,0.156
1776821698527,ok,,1,1000,0.014,263.5,106.0,51.0,167.0,0.457,"-2,+6;-4,+0;+0,+4;+0,+0;+0,-2",True,0.839,False,1,92.4,0.175,nonzero,11100?0,7,-0.355,-0.07,0.014,nonzero,1101101,2,-0.194,0.845,0.059,nonzero,1101101,2,-0.289,0.997,0.15,nonzero,1011011,5,-0.191,1.148,0.299
1776821930087,uncertain,p1_invalid_pattern,,,,263.5,106.0,56.0,160.0,0.5,"-4,+4;-4,+4;-2,+0;+0,+0;+2,-2",True,0.476,False,0,84.1,0.133,uncertain,0111000,,-0.411,0.288,0.004,nonzero,1101101,2,-0.257,1.04,0.052,nonzero,1111111,8,0.92,0.91,0.004,nonzero,1011011,5,-0.144,1.057,0.224
1776822001897,ok,,1,1000,0.026,249.2,110.0,55.0,165.5,0.512,"+6,+8;+2,+6;+2,+2;+0,+0;-2,-2",True,0.69,False,0,100.6,0.108,nonzero,011?000,1,-0.101,-0.157,0.026,nonzero,1101101,2,-0.148,1.037,0.094,nonzero,1111011,9,-0.088,0.963,0.072,zero,1111110,0,0.967,-0.266,0.103
1776822030354,ok,,1,1000,0.019,268.5,106.0,50.0,167.0,0.315,"+0,+8;-2,+6;+0,+2;-2,+8;+0,-4",True,0.706,False,0,50.6,0.124,nonzero,011?000,1,-0.832,0.221,0.019,nonzero,1111001,3,-0.228,0.851,0.009,nonzero,011?000,1,-0.285,-0.151,0.001,nonzero,1011111,6,-0.751,1.433,0.021
1776822055000,ok,,1,1000,0.256,247.8,110.0,53.0,163.0,0.396,"+2,+8;+2,+8;+0,+0;-2,+0;-2,-2",True,1.058,False,0,83.1,0.204,nonzero,0110000,1,-0.038,-0.014,0.256,nonzero,1110000,7,-0.097,0.02,0.193,nonzero,1111001,3,-0.109,0.86,0.046,zero,1111110,0,0.917,-0.148,0.013
1776822109517,ok,,1,1000,0.078,271.5,106.0,48.0,170.0,0.577,"-2,-8;-2,-8;+0,+4;+0,+0;+2,-4",True,0.722,False,0,111.6,0.154,nonzero,0110000,1,-0.122,-0.1,0.078,zero,1111110,0,0.978,-0.37,0.283,nonzero,1111011,9,-0.462,0.962,0.154,zero,1111110,0,0.943,-0.392,0.269
1776822440322,ok,,2,100,0.047,268.5,106.0,47.0,167.0,0.531,"-4,-8;+0,+4;+2,+2;+0,-2;+0,-4",True,0.716,False,0,136.4,0.192,zero,1111110,0,0.866,-0.174,0.047,nonzero,1101101,2,-0.213,1.042,0.128,nonzero,0110011,4,-0.229,0.985,0.188,nonzero,1011011,5,-0.232,1.022,0.186
1776822524487,ok,,3,10,0.017,280.8,102.0,46.0,167.5,0.604,"-2,+0;+0,+4;+0,+2;+0,+0;+0,-4",True,0.568,False,0,141.7,0.139,zero,1111110,0,0.679,-0.166,0.017,zero,1111110,0,0.822,-0.268,0.074,nonzero,1011011,5,-0.294,1.055,0.267,nonzero,1011011,5,-0.344,1.112,0.329
1776822548553,ok,,1,1000,0.241,269.2,106.0,46.0,168.5,0.429,"-2,-8;-2,+6;-2,+4;+0,+2;+2,-2",True,0.95,False,0,144.1,0.151,nonzero,0110000,1,-0.034,-0.022,0.241,nonzero,0110000,1,-0.02,0.01,0.254,zero,1111110,0,0.925,-0.141,0.141,nonzero,1011011,5,-0.306,1.012,0.169
1776822552650,uncertain,grid_at_search_bound,,,,293.5,98.5,51.0,162.5,0.631,"-4,+8;-2,+4;-2,+2;+0,+0;+2,-4",True,0.664,False,0,147.0,0.115,zero,1111110,0,0.908,-0.261,0.101,zero,1111110,0,0.976,-0.226,0.231,nonzero,1111011,9,-0.334,0.987,0.175,nonzero,1011011,5,-0.324,0.998,0.117
1776822568635,ok,,2,100,0.017,280.8,102.0,44.0,169.0,0.436,"-2,-8;+2,+6;+0,+4;+0,+0;+0,-2",True,0.823,False,0,164.9,0.213,zero,11?1110,0,0.59,-0.143,0.017,nonzero,0110000,1,-0.079,-0.031,0.239,nonzero,0110011,4,-0.259,1.081,0.307,nonzero,1011011,5,-0.304,0.99,0.151
1776822630324,ok,,2,100,0.029,283.8,101.5,45.0,167.5,0.387,"-8,-8;+2,+6;+0,+4;-2,+0;+0,-2",True,0.783,False,0,142.6,0.251,zero,1111110,0,0.74,-0.243,0.029,nonzero,0110000,1,-0.193,-0.0,0.164,nonzero,0110000,1,-0.056,-0.029,0.067,nonzero,1011011,5,-0.311,1.09,0.291
1776822647947,ok,,2,100,0.059,277.8,102.5,44.0,168.5,0.439,"-8,-8;-2,+6;+0,+2;+0,+0;+2,-2",True,0.689,False,0,106.4,0.2,zero,1111110,0,0.971,-0.232,0.18,nonzero,1101101,2,-0.31,0.907,0.059,nonzero,0110000,1,-0.169,-0.066,0.004,nonzero,1011011,5,-0.416,1.516,0.578
1776822665152,ok,,2,100,0.014,280.8,102.0,45.0,167.0,0.514,"-4,-8;+0,+4;+0,+2;-2,-2;+0,-4",True,0.798,False,0,124.2,0.175,zero,1111110,0,0.784,-0.186,0.057,nonzero,1101101,2,-0.417,1.0,0.014,nonzero,1110000,7,-0.147,-0.095,0.341,nonzero,1011011,5,-0.36,1.247,0.433
1776822847786,ok,,2,100,0.176,263.5,106.0,43.0,171.5,0.515,"-6,+4;-2,+2;+0,+2;+0,-2;+2,-4",True,0.994,False,0,139.1,0.133,zero,1111110,0,0.958,-0.239,0.176,nonzero,0110011,4,-0.274,1.135,0.29,nonzero,0110011,4,-0.247,1.0,0.221,nonzero,1011011,5,-0.332,0.976,0.193
1776822902751,uncertain,grid_at_search_bound,,,,295.8,98.0,49.0,167.0,0.465,"-8,-8;-2,+6;-2,+2;+0,+0;+4,-4",True,0.888,False,0,148.1,0.18,zero,1111110,0,0.952,-0.236,0.126,nonzero,0110000,1,-0.065,-0.032,0.249,nonzero,1111001,3,-0.27,1.001,0.174,nonzero,1011011,5,-0.291,1.021,0.211
1776822920800,uncertain,grid_at_search_bound,,,,295.0,98.0,37.0,170.0,0.509,"-8,-8;-2,+8;-2,+0;+0,+0;+4,-4",True,0.851,False,0,129.6,0.185,zero,1111110,0,0.684,-0.346,0.033,nonzero,0110000,1,-0.102,-0.078,0.154,nonzero,1111011,9,-0.36,0.944,0.162,zero,1111110,0,0.962,-0.272,0.269
1776822939034,ok,,2,100,0.08,280.8,102.0,35.0,168.5,0.585,"-8,-4;-2,+6;-2,+2;-2,+0;+0,-4",True,0.912,False,0,109.8,0.214,zero,1111110,0,0.851,-0.051,0.153,nonzero,1111001,3,-0.392,0.997,0.08,nonzero,1101101,2,-0.358,0.935,0.133,zero,1111110,0,1.037,-0.312,0.277
1776823030220,uncertain,grid_at_search_bound,,,,308.5,118.0,24.0,173.0,0.2,"-8,-6;+8,-8;-8,-8;+2,-2;+8,+8",False,-0.0,False,2,141.5,0.258,uncertain,??00000,,-0.59,0.387,0.061,nonzero,01100?1,4,-0.351,0.858,0.039,zero,1111110,0,0.821,-0.226,0.151,uncertain,?000000,,-0.275,-0.075,0.001
1776823061659,ok,,2,100,0.019,265.8,106.0,45.0,168.5,0.552,"-2,-8;-2,+4;+0,+2;+0,+0;+0,-4",True,0.772,False,0,101.8,0.183,zero,1111110,0,0.732,-0.478,0.019,nonzero,1101101,2,-0.502,0.885,0.054,nonzero,0110011,4,-0.567,1.034,0.187,nonzero,1011011,5,-0.603,0.928,0.012
1776823200987,ok,,3,10,0.004,273.5,106.0,65.0,163.0,0.38,"+0,+4;+0,+2;+0,+0;+0,-2;+0,-4",True,0.966,False,0,62.2,0.251,zero,1111110,0,0.794,0.203,0.179,zero,1111110,0,0.738,0.296,0.004,nonzero,1111011,9,0.235,1.22,0.055,nonzero,1011011,5,0.254,0.906,0.005
1776823229112,ok,,2,100,0.203,280.8,102.0,45.0,168.5,0.568,"-6,-8;+0,+8;+0,+4;+0,+0;+4,-4",True,1.014,False,0,130.2,0.279,zero,1111110,0,0.923,-0.224,0.203,nonzero,0110011,4,-0.226,1.142,0.302,nonzero,1111011,9,-0.296,0.946,0.174,nonzero,1011011,5,-0.255,1.053,0.293
1776823290113,ok,,3,10,0.145,272.8,103.0,50.0,167.0,0.666,"-6,+8;-2,+4;+0,+2;+0,-2;+2,-4",True,0.79,False,0,141.9,0.271,zero,1111110,0,0.998,-0.194,0.209,zero,1111110,0,0.984,-0.221,0.217,nonzero,1111011,9,-0.278,0.94,0.145,nonzero,1011011,5,-0.246,1.035,0.224
1776823307450,ok,,2,100,0.189,263.5,106.0,43.0,168.5,0.533,"-4,-8;+2,+6;+0,+2;+0,+0;+0,-4",True,0.995,False,0,139.9,0.276,zero,1111110,0,0.952,-0.242,0.189,nonzero,0110000,1,-0.066,-0.051,0.28,nonzero,1111001,3,-0.265,1.018,0.25,zero,1111110,0,0.96,-0.269,0.17
1776823325240,ok,,2,100,0.206,275.8,102.5,45.0,168.5,0.589,"-8,-8;-4,+6;-2,+2;+0,+0;+2,-4",True,0.845,False,0,141.8,0.2,zero,1111110,0,0.979,-0.231,0.206,nonzero,1101101,2,-0.256,1.005,0.231,nonzero,1111001,3,-0.272,0.991,0.232,nonzero,1011011,5,-0.271,1.021,0.281
1776823413489,ok,,2,100,0.046,283.8,101.5,41.0,173.0,0.592,"-2,-8;+0,+6;+0,+4;+0,-2;+2,-6",True,0.728,False,0,106.8,0.159,zero,1111110,0,0.788,-0.343,0.046,nonzero,1101101,2,-0.537,0.793,0.061,zero,1111110,0,1.0,-0.47,0.352,zero,1111110,0,1.022,-0.541,0.216
1776823437851,ok,,2,100,0.278,280.8,102.0,43.0,171.5,0.62,"-8,-8;-4,+4;-2,+2;+0,-2;+4,-6",True,0.889,False,0,137.8,0.18,zero,1111110,0,1.05,-0.397,0.344,nonzero,1111001,3,-0.42,1.037,0.278,nonzero,1111011,9,-0.512,0.926,0.163,zero,1111110,0,0.989,-0.402,0.237
1776823806316,ok,,3,10,0.104,278.8,102.0,50.0,170.0,0.555,"-4,+6;-4,+2;-2,+0;+2,-2;+2,-6",True,0.775,False,0,117.1,0.212,zero,1111110,0,1.024,-0.394,0.4,zero,1111110,0,1.0,-0.368,0.39,nonzero,1011111,6,-0.418,0.826,0.104,nonzero,1011011,5,-0.498,0.816,0.114
1776823950912,ok,,2,100,0.237,265.8,106.0,50.0,170.0,0.4,"-2,-8;+2,+4;+0,+2;-2,-2;+0,-4",True,0.989,False,0,147.7,0.236,zero,1111110,0,0.985,-0.394,0.237,nonzero,0110000,1,-0.128,-0.059,0.259,nonzero,1110000,7,-0.186,-0.14,0.383,nonzero,1011011,5,-0.493,0.879,0.038
1776823965095,uncertain,grid_at_search_bound,,,,273.5,106.0,25.0,177.0,0.645,"-4,-8;+2,+0;+2,+0;+0,+0;+0,+0",True,0.789,False,0,118.6,0.119,zero,1111110,0,1.017,-0.617,0.154,nonzero,1101101,2,-0.668,1.106,0.301,nonzero,1111011,9,-0.849,0.915,0.166,nonzero,1011011,5,-0.699,0.98,0.187
1776824012294,ok,,2,100,0.216,247.2,109.5,34.0,180.0,0.601,"-2,-8;+0,+4;+2,+0;+0,+0;+0,-4",True,0.989,False,0,109.8,0.115,zero,1111110,0,1.021,-0.568,0.216,nonzero,1011011,5,-0.637,1.053,0.265,nonzero,1101101,2,-0.703,0.987,0.219,zero,1111110,0,0.836,-0.56,0.01
1776824236232,ok,,2,100,0.081,265.8,106.0,47.0,167.0,0.63,"-4,-8;+0,+4;+0,+2;-2,-2;+0,-4",True,0.787,False,0,137.7,0.269,zero,1111110,0,0.937,-0.205,0.081,nonzero,1101101,2,-0.219,1.006,0.205,nonzero,1111001,3,-0.228,1.011,0.193,zero,1111110,0,0.979,-0.192,0.242
1776824310312,ok,,2,100,0.184,277.8,102.5,38.0,168.5,0.472,"-8,-6;-2,+6;-2,-2;+0,+0;+2,-2",True,0.9,False,0,143.7,0.205,zero,1111110,0,0.878,-0.231,0.184,nonzero,0110000,1,-0.065,-0.044,0.263,nonzero,1110000,7,-0.138,-0.092,0.351,zero,1111110,0,0.902,-0.246,0.232
1776824327140,uncertain,grid_at_search_bound,,,,220.8,114.0,24.0,171.5,0.577,"-8,+8;+0,-4;+0,-2;-2,+2;+0,+0",True,0.853,False,0,130.6,0.158,zero,1111110,0,0.964,-0.32,0.214,nonzero,1111001,3,-0.33,1.055,0.249,nonzero,0110000,1,-0.103,-0.038,0.298,zero,1111110,0,0.882,-0.399,0.227
1776824344104,ok,,2,100,0.258,280.8,102.0,38.0,170.0,0.595,"-8,-8;-2,+4;-2,+2;+0,-2;+0,-4",True,0.908,False,0,128.0,0.205,zero,1111110,0,0.947,-0.35,0.258,nonzero,0110011,4,-0.372,1.131,0.352,nonzero,1011111,6,-0.388,0.849,0.116,zero,1111110,0,0.921,-0.344,0.243
1776824531854,ok,,2,100,0.235,261.5,106.0,34.0,174.0,0.544,"-8,-8;-4,+6;-2,+0;+0,+2;+2,-2",True,0.906,False,0,121.4,0.235,zero,1111110,0,0.9,-0.275,0.235,nonzero,0110000,1,-0.079,-0.056,0.276,nonzero,1111011,9,-0.393,0.909,0.146,zero,1111110,0,0.909,-0.33,0.243
1776824636453,ok,,2,100,0.204,280.8,102.0,41.0,167.0,0.482,"-8,-4;-4,+6;-2,-2;+0,+0;+4,-4",True,0.901,False,0,153.9,0.213,zero,1111110,0,0.913,-0.246,0.204,nonzero,0110000,1,-0.089,-0.057,0.271,nonzero,1011011,5,-0.279,0.948,0.219,nonzero,1011011,5,-0.314,1.014,0.26
1776824662897,ok,,2,100,0.25,279.2,102.5,35.0,170.0,0.493,"-8,+0;-4,+6;-2,-4;+0,+0;+2,-4",True,1.008,False,0,136.6,0.225,zero,1111110,0,0.965,-0.281,0.275,nonzero,0110000,1,-0.074,-0.067,0.25,nonzero,1111011,9,-0.359,0.907,0.12,nonzero,1011011,5,-0.351,1.031,0.221
1776824685368,ok,,2,100,0.208,279.2,102.5,40.0,170.0,0.586,"-8,-4;-4,+6;-2,+2;-2,-2;+2,-6",True,0.748,False,0,140.6,0.186,zero,1111110,0,0.93,-0.283,0.208,nonzero,1101101,2,-0.338,1.018,0.254,nonzero,1101101,2,-0.359,0.892,0.143,zero,1111110,0,0.94,-0.313,0.282
1776824863348,ok,,2,100,0.088,257.2,109.5,62.0,164.5,0.558,"+0,+4;+0,+2;+2,+0;+0,-2;+0,-4",True,0.834,False,0,109.5,0.174,zero,1111110,0,0.971,0.126,0.153,nonzero,1011011,5,0.124,1.0,0.088,nonzero,?1100?0,17,0.189,0.278,0.035,zero,1111110,0,0.925,0.145,0.114
1776824898275,ok,,2,100,0.003,260.0,109.5,62.0,164.5,0.547,"+2,+4;+4,+2;+0,+0;+2,-2;+0,-4",True,0.826,False,0,110.7,0.163,zero,1111110,0,0.648,-0.037,0.003,nonzero,11100?0,7,0.184,0.222,0.064,nonzero,1101101,2,0.135,1.031,0.044,zero,1111110,0,0.915,0.178,0.004
1776824958906,ok,,2,100,0.013,257.2,109.5,63.0,166.0,0.53,"+2,+4;+2,+2;+2,+0;+2,-2;+0,-4",True,1.012,False,0,97.3,0.153,zero,1111110,0,0.894,0.142,0.078,nonzero,?110??0,17,0.244,0.341,0.013,nonzero,?110011,49,0.101,1.118,0.066,zero,1111110,0,0.873,0.192,0.067
1776825052293,ok,,2,100,0.005,255.8,110.0,58.0,165.5,0.641,"+0,+4;+0,+2;+0,+2;+0,+0;-2,-2",True,0.82,False,1,121.2,0.16,zero,1111110,0,0.857,0.164,0.005,nonzero,1101101,2,0.223,1.025,0.011,nonzero,1101101,2,0.214,1.048,0.031,nonzero,1011011,5,0.133,1.089,0.132
1776825104032,ok,,3,10,0.014,258.8,109.0,62.0,163.0,0.676,"+0,+4;+2,+2;+2,+0;+0,-2;+0,-4",True,0.724,False,1,117.4,0.227,zero,1111110,0,0.933,0.116,0.166,zero,1111110,0,0.96,0.181,0.147,nonzero,1111111,8,0.815,0.924,0.014,nonzero,1011011,5,0.091,1.107,0.176
1776825123299,ok,,2,100,0.001,268.5,106.5,61.0,163.0,0.552,"-8,+6;-2,+2;-2,+0;+0,-2;+2,-4",True,0.953,False,2,107.2,0.237,zero,1111110,0,0.924,0.009,0.129,nonzero,?11?0?0,17,0.299,0.337,0.001,nonzero,1111111,8,0.867,0.95,0.011,nonzero,1011011,5,0.071,1.166,0.065
1776825373179,uncertain,p3_ambiguous,,,,250.8,109.5,78.0,170.0,0.451,"+0,+2;+2,+2;+2,+0;+2,-2;+0,-2",True,0.426,False,0,52.3,0.235,zero,11?1110,0,0.568,-0.028,0.023,zero,1111110,0,0.949,0.09,0.201,uncertain,111111?,08,0.644,0.692,0.007,nonzero,1011011,5,0.092,1.006,0.091
1776825440952,ok,,2,100,0.004,252.8,109.5,74.0,168.5,0.439,"+0,+4;+2,+2;+2,+0;+0,-2;+0,-2",True,0.884,False,0,59.5,0.145,zero,1111110,0,1.0,-0.023,0.241,nonzero,1101101,2,0.019,0.866,0.004,nonzero,1110000,7,0.104,0.151,0.081,zero,1111110,0,0.893,0.009,0.156
1776825506889,ok,,2,100,0.004,252.8,110.0,72.0,170.0,0.489,"+0,+2;+2,+2;+2,+0;+0,+0;+0,+0",True,1.023,False,0,61.5,0.133,zero,1111110,0,0.976,-0.015,0.316,nonzero,1011011,5,0.037,0.729,0.004,zero,1111110,0,0.656,0.089,0.018,zero,1111110,0,0.765,0.025,0.043
1776825532809,ok,,2,100,0.011,254.2,110.0,70.0,171.5,0.398,"+0,+2;+2,+2;+2,+0;+0,+0;+0,-2",True,1.099,False,0,48.5,0.203,zero,1111110,0,0.719,0.077,0.011,nonzero,1011111,6,-0.057,1.106,0.016,nonzero,1110000,7,0.155,0.145,0.041,zero,1111110,0,0.944,0.062,0.006
1776825605267,ok,,2,100,0.016,267.8,106.5,72.0,168.5,0.362,"-2,+6;-2,+2;-2,+0;+0,+0;+0,-2",True,0.457,False,0,49.5,0.189,zero,1111110,0,0.678,0.058,0.016,nonzero,0110000,1,0.184,0.203,0.036,zero,1111110,0,0.698,0.2,0.018,nonzero,1011011,5,0.05,1.029,0.025
1776825829644,ok,,2,100,0.082,254.2,109.5,58.0,164.0,0.466,"-2,+4;+0,+2;+2,+0;+2,+0;+0,-2",True,0.934,False,0,80.3,0.161,zero,1111110,0,0.982,0.339,0.088,nonzero,1?11111,68,0.32,1.063,0.082,zero,1111110,0,0.949,0.358,0.027,zero,1111110,0,0.908,0.333,0.047
1776825890563,uncertain,p2_ambiguous,,,,252.8,110.0,59.0,164.0,0.435,"+0,+4;+2,+2;+0,+0;+0,-2;+0,-2",True,0.976,False,0,81.6,0.206,zero,1111110,0,0.979,0.317,0.13,uncertain,?11???0,017,0.319,0.402,0.004,nonzero,1111011,9,0.29,1.04,0.01,zero,1111110,0,0.933,0.325,0.054
1776825933886,ok,,2,100,0.001,255.8,109.0,60.0,164.0,0.43,"+0,+4;+0,+2;+0,+0;+0,-2;+2,-4",True,0.917,False,0,88.1,0.186,zero,1111110,0,0.956,0.283,0.099,nonzero,011???0,1,0.267,0.407,0.001,nonzero,0110011,4,0.229,1.052,0.014,zero,1111110,0,0.931,0.31,0.068
1776825980880,ok,,2,100,0.002,258.8,109.0,58.0,160.0,0.373,"+0,+4;+0,+2;+0,+0;+2,-2;+0,-2",True,0.828,False,0,73.0,0.2,zero,1111110,0,0.799,0.23,0.009,nonzero,011???0,1,0.21,0.362,0.002,uncertain,1111111,8,0.705,0.784,0.015,nonzero,1011011,5,0.191,1.168,0.003
1776827067355,uncertain,p1_ambiguous,,,,252.2,109.5,60.0,165.5,0.491,"+2,+2;+2,+2;+2,+0;+0,-2;+0,-2",True,0.74,False,0,83.2,0.195,uncertain,111111?,08,0.92,0.46,0.003,uncertain,111111?,08,0.968,0.458,0.003,nonzero,1?11111,68,0.39,1.122,0.029,nonzero,1?11?11,5689,0.341,1.078,0.034
1776827091594,ok,,2,100,0.056,250.8,110.0,58.0,165.5,0.476,"+0,+4;+0,+2;+2,+0;+0,-2;+0,-2",True,0.832,False,0,78.2,0.137,zero,1111110,0,0.844,0.21,0.102,nonzero,1101101,2,0.227,1.048,0.056,nonzero,1101101,2,0.225,1.068,0.058,zero,1111110,0,0.978,0.305,0.125
1776827254483,uncertain,p2_ambiguous,,,,252.8,110.0,59.0,164.0,0.453,"+0,+4;+2,+2;+2,+0;+0,-2;-2,-2",True,0.795,False,0,80.5,0.187,zero,1111110,0,0.85,0.258,0.031,uncertain,?11???0,017,0.333,0.384,0.002,nonzero,1111?01,3,0.291,1.061,0.009,zero,1111110,0,0.93,0.271,0.02
1776827298452,uncertain,p2_ambiguous,,,,257.2,109.0,59.0,164.0,0.451,"-2,+4;+0,+2;+0,+0;+0,-2;+0,-4",True,0.765,False,0,77.9,0.241,zero,1111110,0,0.781,0.378,0.014,uncertain,?11????,0134789,0.41,0.493,0.016,nonzero,1111?11,89,0.37,1.123,0.04,zero,1111110,0,0.889,0.36,0.047
1776829224723,ok,,2,100,0.015,257.2,110.0,62.0,170.0,0.515,"+0,+2;+2,+2;+2,+0;+0,+0;+0,-2",True,0.944,False,1,88.3,0.339,zero,1111110,0,0.918,0.274,0.087,nonzero,1101101,2,0.264,1.101,0.015,nonzero,11110?1,39,0.24,1.151,0.06,zero,1111110,0,0.903,0.309,0.123
1776909770980,uncertain,p2_ambiguous,,,,254.2,110.0,61.0,164.5,0.48,"+0,+2;+2,+2;+0,+0;+0,-2;-2,-4",True,0.81,False,0,109.0,0.268,zero,1111110,0,0.807,0.279,0.029,uncertain,?11???0,017,0.414,0.448,0.002,nonzero,?110?11,49,0.264,1.104,0.015,zero,1111110,0,0.877,0.324,0.027
1776910077950,ok,,3,10,0.074,252.2,109.5,59.0,170.0,0.82,"+0,+2;+2,+2;+2,+0;+2,+0;+0,+0",True,0.788,False,0,148.1,0.221,zero,1111110,0,1.012,-0.121,0.266,zero,1111110,0,0.981,-0.106,0.265,nonzero,1111111,8,0.867,0.927,0.074,zero,1111110,0,0.952,-0.134,0.18
1776910200657,ok,,1,1000,0.012,271.5,106.0,40.0,168.5,0.286,"+0,+0;+0,-2;+0,+4;+0,+2;+2,-2",True,0.547,False,0,75.2,0.231,nonzero,0110??0,1,0.174,0.05,0.012,nonzero,1101101,2,0.143,1.021,0.002,zero,1111110,0,0.891,0.173,0.125,nonzero,1011011,5,0.106,1.084,0.169
1776910295316,ok,,2,100,0.025,269.2,106.5,63.0,167.0,0.552,"-6,+6;-2,+2;-2,+0;+0,-2;+2,-4",True,0.874,False,0,151.2,0.216,zero,1111110,0,0.96,0.003,0.253,nonzero,0110000,1,0.217,0.206,0.025,nonzero,0110000,1,0.172,0.187,0.072,nonzero,1011011,5,-0.072,0.995,0.189
1776910350679,ok,,3,10,0.121,255.0,110.0,62.0,168.5,0.752,"+0,+4;+2,+2;+0,+0;+0,-2;+0,-4",True,0.746,False,0,142.0,0.225,zero,1111110,0,0.899,0.01,0.161,zero,1111110,0,0.967,-0.019,0.149,nonzero,1011111,6,-0.061,0.96,0.121,zero,1111110,0,0.896,-0.006,0.094
1776910649737,ok,,2,100,0.07,255.0,110.0,48.0,170.0,0.456,"+2,+4;+2,+2;+0,+0;-2,-2;+0,-4",True,0.942,False,0,149.1,0.15,zero,1111110,0,0.9,-0.172,0.07,nonzero,0110000,1,0.034,0.045,0.156,nonzero,0110011,4,-0.181,1.093,0.285,nonzero,1011011,5,-0.247,0.997,0.227
1776910979078,ok,,2,100,0.239,252.2,110.0,62.0,168.5,0.622,"+0,+4;+2,+2;+0,+0;-2,-2;+0,-2",True,0.914,False,0,143.7,0.132,zero,1111110,0,1.063,-0.315,0.301,nonzero,1111011,9,-0.378,1.002,0.239,nonzero,0110000,1,-0.031,-0.023,0.263,zero,1111110,0,0.95,-0.313,0.147
1776911326061,ok,,2,100,0.287,252.8,110.0,62.0,168.5,0.731,"-2,+2;+2,+2;+0,+0;+0,+0;+0,-2",True,0.857,False,0,155.3,0.13,zero,1111110,0,0.988,-0.307,0.287,nonzero,1011011,5,-0.277,1.042,0.3,nonzero,1111111,8,0.797,0.848,0.041,nonzero,1011011,5,-0.38,1.0,0.279
1776911545636,ok,,2,100,0.06,254.2,110.0,62.0,171.5,0.678,"-2,+2;+2,+2;+2,+0;+0,-2;+0,-2",True,0.748,False,0,140.9,0.136,zero,1111110,0,0.975,-0.326,0.295,nonzero,1111111,8,0.798,0.878,0.06,nonzero,0110011,4,-0.35,1.129,0.383,nonzero,1011011,5,-0.364,1.004,0.249
1776911604639,ok,,2,100,0.157,255.8,110.0,63.0,170.0,0.603,"+0,+2;+2,+2;+2,+0;-2,-2;-2,-2",True,0.852,False,0,143.7,0.157,zero,1111110,0,0.945,-0.302,0.157,nonzero,1011011,5,-0.337,1.019,0.28,nonzero,0110000,1,-0.068,-0.027,0.256,zero,1111110,0,0.875,-0.292,0.092
1776911870625,ok,,1,1000,0.005,271.5,106.0,54.0,160.0,0.231,"-2,+8;-2,+8;-2,+6;+0,+0;+0,-2",True,0.96,False,0,47.8,0.135,nonzero,0110?00,1,0.095,0.217,0.005,nonzero,0110??0,1,0.083,0.289,0.002,nonzero,1011111,6,0.204,1.342,0.053,nonzero,1011011,5,0.117,1.013,0.049
1776913164415,uncertain,p1_ambiguous,,,,267.2,106.0,48.0,164.5,0.228,"-2,+4;-2,+2;+0,+0;+0,-2;+2,-4",True,0.728,False,0,52.1,0.139,uncertain,?11???0,017,0.333,0.337,0.003,nonzero,1011111,6,0.254,1.211,0.02,nonzero,1011111,6,0.295,1.106,0.005,nonzero,1011011,5,0.17,0.831,0.04
1776918401916,ok,,1,1000,0.006,270.8,106.0,56.0,160.0,0.235,"+0,+8;-2,+8;+0,+4;+0,-2;+0,-2",True,0.579,False,1,48.2,0.134,nonzero,0110??0,1,0.206,0.339,0.006,zero,1111110,0,0.745,0.333,0.03,nonzero,1111111,8,0.831,0.999,0.102,zero,1111110,0,0.949,0.365,0.001
1776918469660,uncertain,p1_invalid_pattern,,,,273.5,105.5,29.0,191.5,0.213,"+0,-8;+0,+6;+0,+2;+0,-2;+0,-6",True,0.927,False,1,43.9,0.129,uncertain,11101?0,,0.226,0.267,0.008,uncertain,1?1111?,068,0.557,0.67,0.005,uncertain,1111?11,89,0.403,0.84,0.006,uncertain,1011?11,56,0.202,0.801,0.031
1776990445594,ok,,2,100,0.0,265.8,106.0,61.0,163.0,0.476,"-4,+6;-2,+4;+0,+2;+0,+0;+0,-4",True,0.497,False,1,83.4,0.125,zero,1111110,0,0.688,0.087,0.0,nonzero,1101101,2,0.181,1.007,0.044,nonzero,0110011,4,0.155,1.148,0.039,nonzero,1011011,5,0.153,1.199,0.063
1776990659725,ok,,2,100,0.13,265.0,106.0,57.0,165.5,0.579,"+0,+8;+0,+4;+0,+2;+0,+0;+0,-4",True,0.822,False,0,96.2,0.131,zero,1111110,0,1.218,-0.115,0.315,nonzero,1101101,2,-0.104,1.174,0.13,nonzero,1011111,6,-0.041,0.8,0.039,zero,1111110,0,0.865,-0.206,0.023
1776990970946,ok,,2,100,0.019,267.8,106.0,57.0,165.5,0.556,"+0,+8;+0,+6;+0,+2;-2,+0;+0,-2",True,0.613,False,0,81.6,0.134,zero,1111110,0,0.751,-0.026,0.019,nonzero,1101101,2,-0.05,1.074,0.141,nonzero,1111001,3,-0.045,1.022,0.165,nonzero,1011011,5,-0.151,1.25,0.149
1776991432802,ok,,2,100,0.108,266.5,106.0,66.0,164.0,0.678,"+0,+4;+0,+2;+0,+0;+0,-2;+0,-4",True,0.863,False,0,122.2,0.144,zero,1111110,0,0.929,0.009,0.108,nonzero,1111001,3,-0.04,1.044,0.141,nonzero,1101101,2,-0.012,0.996,0.105,nonzero,1011011,5,-0.039,1.046,0.197
1776991645033,ok,,2,100,0.179,263.5,106.0,63.0,166.0,0.722,"+0,+6;+0,+4;+0,+0;+0,-2;+0,-4",True,0.879,False,0,118.4,0.142,zero,1111110,0,0.902,-0.07,0.179,nonzero,1011011,5,-0.147,1.104,0.21,zero,1111110,0,0.886,-0.046,0.154,zero,1111110,0,0.883,-0.055,0.152
1776991693813,ok,,2,100,0.084,280.8,102.0,47.0,167.0,0.556,"-8,+8;-4,+4;-2,+2;+0,-2;+2,-4",True,0.824,False,0,131.4,0.127,zero,1111110,0,0.988,-0.24,0.276,nonzero,1011011,5,-0.299,0.892,0.084,nonzero,0110011,4,-0.319,0.96,0.177,zero,1111110,0,0.931,-0.225,0.278
1776991797025,ok,,3,10,0.077,285.8,102.0,41.0,167.0,0.641,"-4,-4;+2,+4;+0,+2;+0,-2;+2,-6",True,0.721,False,0,136.7,0.13,zero,1111110,0,0.865,-0.213,0.124,zero,1111110,0,0.928,-0.222,0.228,nonzero,1111011,9,-0.304,0.902,0.077,nonzero,1011011,5,-0.249,1.101,0.242
1776991969924,ok,,2,100,0.12,283.0,101.0,40.0,168.5,0.47,"-2,-2;+2,+8;+0,+0;+0,+0;+2,-4",True,0.898,False,0,133.4,0.128,zero,1111110,0,0.902,-0.24,0.12,nonzero,0110000,1,-0.057,-0.03,0.265,nonzero,1111001,3,-0.288,0.938,0.132,nonzero,1011011,5,-0.241,1.012,0.187
1776992029545,uncertain,grid_at_search_bound,,,,290.0,98.5,41.0,167.0,0.628,"-8,-6;-4,+6;-2,+2;+0,-2;+4,-4",True,0.763,False,0,128.2,0.137,zero,1111110,0,0.986,-0.233,0.191,zero,1111110,0,0.997,-0.227,0.299,nonzero,1011111,6,-0.21,0.95,0.105,nonzero,1011011,5,-0.211,0.991,0.144
1776992352312,ok,,2,100,0.225,232.2,110.0,28.0,180.0,0.629,"-6,-8;+2,+4;+0,+2;+0,+0;+0,-2",True,0.945,False,0,139.1,0.129,zero,1111110,0,0.997,-0.318,0.225,nonzero,1111001,3,-0.336,1.16,0.342,nonzero,1011011,5,-0.387,0.996,0.217,zero,1111110,0,0.904,-0.342,0.096
1776992488586,ok,,2,100,0.093,280.8,102.0,40.0,170.0,0.64,"-4,-8;+0,+6;-2,+2;+0,-2;+2,-6",True,0.81,False,0,111.5,0.129,zero,1111110,0,0.988,-0.387,0.22,nonzero,1111011,9,-0.492,0.869,0.093,nonzero,1101101,2,-0.608,1.128,0.268,zero,1111110,0,1.205,-0.496,0.409
1776992674135,ok,,3,10,0.157,283.5,102.0,39.0,168.5,0.63,"-4,+0;+0,+6;+0,+2;+0,-2;+2,-6",True,0.76,False,0,126.1,0.138,zero,1111110,0,0.831,-0.361,0.157,zero,1111110,0,0.885,-0.265,0.21,nonzero,1111011,9,-0.378,0.963,0.159,nonzero,1011011,5,-0.377,1.052,0.258
1776992979387,ok,,2,100,0.248,280.8,102.0,46.0,170.0,0.477,"-8,-8;-2,+6;-2,+2;+0,+0;+2,-4",True,0.842,False,0,149.1,0.144,zero,1111110,0,0.973,-0.354,0.248,nonzero,1111001,3,-0.33,1.011,0.284,nonzero,0110000,1,-0.148,-0.048,0.29,nonzero,1011011,5,-0.441,0.954,0.201
1776993026684,ok,,2,100,0.253,268.5,106.0,45.0,168.5,0.614,"-4,-8;+2,+4;-2,+2;+0,+0;+0,-2",True,0.994,False,0,133.7,0.135,zero,1111110,0,0.907,-0.373,0.253,nonzero,1110000,7,-0.162,-0.135,0.276,nonzero,1111111,8,0.828,0.92,0.139,zero,1111110,0,0.937,-0.402,0.254
1776993087342,ok,,2,100,0.035,270.0,105.5,38.0,178.5,0.512,"+2,-6;+2,+4;+2,+2;+0,+0;+0,-4",True,1.066,False,0,96.4,0.13,zero,1111110,0,0.881,-0.635,0.035,nonzero,1011011,5,-0.521,1.079,0.046,nonzero,1111001,3,-0.705,1.0,0.002,nonzero,1011011,5,-0.705,0.966,0.001
1776993122225,ok,,3,10,0.142,268.5,105.5,48.0,170.0,0.569,"+0,-8;+2,+4;+2,+0;+0,-2;+0,-6",True,0.788,False,0,121.2,0.129,zero,1111110,0,1.012,-0.414,0.299,zero,1111110,0,1.0,-0.41,0.4,nonzero,1111011,9,-0.586,0.842,0.142,nonzero,1011011,5,-0.516,0.886,0.099
1776993172642,ok,,2,100,0.253,265.8,106.0,43.0,170.0,0.512,"-6,-8;+0,+4;+0,-8;+0,+0;+0,-4",True,0.966,False,0,146.5,0.133,zero,1111110,0,1.0,-0.345,0.296,nonzero,0110000,1,-0.117,-0.093,0.253,nonzero,1011011,5,-0.407,0.977,0.212,zero,1111110,0,0.953,-0.369,0.205
1776993250703,ok,,2,100,0.11,283.5,102.0,39.0,173.0,0.456,"-2,-2;+2,+6;+0,-8;+0,-4;+0,-4",True,1.016,False,0,137.7,0.128,zero,1111110,0,0.945,-0.486,0.137,nonzero,0110000,1,-0.127,-0.111,0.11,nonzero,0110011,4,-0.523,1.094,0.22,zero,1111110,0,0.919,-0.486,0.183
1776994489572,ok,,2,100,0.003,269.2,106.5,56.0,164.5,0.424,"-6,+4;-4,+2;-2,+0;+0,+0;+2,-2",True,0.719,False,0,71.6,0.203,zero,1111110,0,0.7,0.032,0.029,nonzero,1110000,7,0.101,0.051,0.003,nonzero,1011011,5,-0.019,1.109,0.169,zero,1111110,0,0.933,-0.006,0.185
1776994511142,uncertain,p1_unstable_across_repeats,,,,269.2,106.5,57.0,163.0,0.412,"-6,+4;-4,+2;-2,+0;+0,+0;+2,-2",True,0.911,False,0,59.5,0.241,uncertain,1111?10,0,0.6,0.026,0.002,nonzero,1111011,9,0.064,0.819,0.001,nonzero,1011011,5,0.012,1.226,0.121,zero,1111110,0,0.947,-0.031,0.144
1776994624363,ok,,3,10,0.028,269.2,106.5,56.0,164.5,0.505,"-4,+4;-4,+2;-2,+0;+0,-2;+2,-2",True,0.595,False,0,61.9,0.181,zero,1111110,0,0.695,-0.044,0.033,zero,1111110,0,1.021,-0.129,0.233,nonzero,1111011,9,-0.187,0.891,0.028,zero,1111110,0,0.943,-0.016,0.009
1776994655930,ok,,2,100,0.003,268.5,106.0,58.0,163.0,0.377,"-6,+4;-2,+2;-2,+2;+0,+0;+2,-2",True,0.958,False,0,58.5,0.17,zero,1111110,0,0.903,0.06,0.093,nonzero,011?000,1,0.008,0.147,0.003,nonzero,1111011,9,-0.046,1.054,0.121,zero,1111110,0,1.006,0.017,0.193
1776994676139,ok,,2,100,0.016,269.2,106.5,56.0,163.0,0.413,"-4,+6;-2,+2;-2,+0;+0,-2;+2,-2",True,0.868,False,0,76.4,0.151,zero,1111110,0,0.882,0.031,0.016,nonzero,1111001,3,0.023,1.2,0.037,nonzero,1111011,9,-0.015,0.976,0.019,zero,1111110,0,0.86,0.023,0.207
1776994722490,ok,,2,100,0.09,257.2,109.5,56.0,164.5,0.413,"+2,+4;+2,+2;+0,+2;+0,+0;+0,-2",True,0.954,False,0,68.7,0.138,zero,1111110,0,0.864,0.02,0.09,nonzero,0110000,1,0.075,0.111,0.103,zero,1111110,0,0.906,0.075,0.135,nonzero,1011011,5,-0.083,1.189,0.237
1776994722909,uncertain,grid_fit_weak,,,,275.8,98.0,82.0,168.5,0.091,"+0,+6;+8,-8;-2,+0;+0,+0;+2,+8",False,0.0,False,2,85.6,0.128,uncertain,0000000,,0.0,0.0,0.3,uncertain,0000000,,0.0,0.0,0.3,nonzero,1110000,7,-0.589,-0.17,0.054,uncertain,0?10110,,-0.262,-0.057,0.015
1776994738535,ok,,2,100,0.006,270.0,106.5,56.0,160.0,0.425,"-2,+4;-2,+2;+0,+0;+0,+0;+2,-4",True,0.714,False,0,68.5,0.136,zero,1111110,0,0.942,0.016,0.031,nonzero,1101101,2,-0.029,1.076,0.006,nonzero,1111001,3,-0.039,1.082,0.104,nonzero,1011011,5,-0.042,1.093,0.005
1776994985880,ok,,2,100,0.112,265.8,106.0,49.0,167.0,0.498,"-2,+6;+0,+4;+0,+2;+0,-2;+0,-4",True,0.696,False,1,86.4,0.165,zero,1111110,0,0.942,0.05,0.187,nonzero,1101101,2,0.089,0.975,0.112,zero,1111110,0,0.869,0.143,0.05,nonzero,1011011,5,0.071,1.187,0.198
1776995220657,ok,,2,100,0.016,266.5,106.0,60.0,165.5,0.361,"-6,+4;-2,+2;+0,+0;+0,-2;+4,-2",True,0.64,False,0,48.2,0.14,zero,1111110,0,0.693,-0.002,0.016,nonzero,1011111,6,-0.055,1.25,0.084,nonzero,1110000,7,0.045,0.155,0.112,nonzero,1011011,5,-0.046,0.935,0.093
1776995240945,ok,,2,100,0.023,267.8,106.5,60.0,164.5,0.406,"-4,+4;-4,+2;-2,+0;+0,-2;+0,-2",True,0.497,False,0,44.6,0.14,zero,1111110,0,0.916,0.038,0.078,nonzero,1111111,8,0.663,0.94,0.023,nonzero,1111111,8,0.853,0.877,0.043,nonzero,1011011,5,-0.138,1.515,0.088
1776995305854,ok,,2,100,0.018,263.5,106.5,62.0,168.5,0.368,"-6,+4;-4,+2;-2,+0;-2,+0;+0,-2",True,0.923,False,0,48.9,0.146,zero,1111110,0,0.708,0.055,0.018,nonzero,0110000,1,0.118,0.134,0.088,nonzero,1111001,3,0.008,1.044,0.236,zero,1111110,0,0.728,0.038,0.082
1776995327834,ok,,2,100,0.011,263.5,106.5,63.0,168.5,0.372,"-4,+2;-4,+2;-2,+0;+0,+0;+2,-2",True,0.851,False,0,50.0,0.141,zero,1111110,0,0.776,0.121,0.011,nonzero,0110000,1,0.239,0.268,0.016,nonzero,1111111,8,1.008,1.104,0.298,zero,1111110,0,0.794,0.063,0.06
1776995378158,ok,,2,100,0.013,263.5,106.5,64.0,168.5,0.34,"-6,+2;-4,+2;-2,+0;-2,-2;+2,-2",True,1.017,False,0,41.4,0.142,zero,1111110,0,0.798,0.094,0.013,nonzero,1101101,2,0.071,0.879,0.021,nonzero,0110000,1,0.173,0.265,0.042,zero,1111110,0,1.063,-0.008,0.225
1776995729065,ok,,2,100,0.052,267.8,106.5,57.0,165.5,0.642,"-8,+6;-4,+4;-2,+2;+0,+0;+0,-2",True,0.98,False,0,84.1,0.139,zero,1111110,0,0.856,-0.085,0.152,nonzero,1111111,8,0.824,0.937,0.052,nonzero,1101101,2,-0.147,1.177,0.172,zero,1111110,0,1.039,-0.111,0.25
1776995806083,ok,,2,100,0.124,264.2,106.5,58.0,165.5,0.505,"-4,+4;-2,+2;-2,+0;+0,+0;+2,-2",True,0.88,False,0,145.3,0.139,zero,1111110,0,0.881,-0.098,0.124,nonzero,0110000,1,0.017,0.074,0.153,nonzero,0110000,1,0.054,0.093,0.18,nonzero,1011011,5,-0.173,1.049,0.209
1776995857843,ok,,2,100,0.143,265.8,106.5,58.0,165.5,0.555,"-6,+4;-4,+2;-2,+0;-2,+0;+0,-2",True,0.707,False,0,93.6,0.137,zero,1111110,0,0.908,-0.018,0.176,nonzero,1101101,2,-0.059,1.041,0.143,nonzero,0110000,1,0.11,0.171,0.079,zero,1111110,0,0.946,-0.004,0.155
1776996284415,uncertain,p1_ambiguous,,,,266.5,106.5,57.0,160.0,0.265,"-4,+4;-4,+2;-2,+0;+0,+0;+0,-2",True,0.768,False,1,58.8,0.152,uncertain,111???0,07,0.496,0.157,0.016,nonzero,0110??0,1,-0.002,0.371,0.009,zero,?111110,0,0.546,0.289,0.003,nonzero,1011011,5,0.081,1.285,0.014
1776996514803,ok,,2,100,0.017,263.5,106.0,62.0,165.5,0.256,"-6,+2;-4,+2;+0,+0;+2,-2;+4,-2",True,0.56,False,0,57.3,0.159,zero,1111110,0,0.916,0.114,0.097,nonzero,101?111,6,0.178,0.717,0.017,nonzero,0110000,1,0.234,0.284,0.001,nonzero,1011011,5,-0.019,1.195,0.041
1776996650323,ok,,1,1000,0.303,266.5,106.0,43.0,171.0,0.54,"-2,-8;-2,-2;+0,+4;+0,+0;+2,-2",True,1.026,False,0,142.2,0.14,nonzero,0110000,1,-0.046,-0.028,0.303,nonzero,0110011,4,-0.184,1.067,0.259,nonzero,1111111,8,0.799,0.888,0.038,zero,1111110,0,0.866,-0.202,0.138
1776996729892,ok,,2,100,0.026,269.2,106.5,56.0,160.0,0.26,"-4,+4;-4,+2;-2,+0;+0,-2;+2,-4",True,0.915,False,0,61.2,0.14,zero,1111110,0,0.749,0.051,0.137,nonzero,1111011,9,0.059,1.034,0.026,zero,1111110,0,0.88,0.142,0.1,nonzero,1011011,5,0.077,1.117,0.051
1776996921871,ok,,1,1000,0.074,263.5,106.0,48.0,168.5,0.586,"+0,+6;+0,+4;+2,+2;+2,+0;+2,-2",True,0.908,False,0,129.0,0.135,nonzero,0110000,1,0.154,0.166,0.074,zero,1111110,0,0.971,0.026,0.186,nonzero,1111011,9,-0.081,0.982,0.173,nonzero,1011011,5,0.011,0.986,0.134
1776997343731,ok,,2,100,0.022,263.5,106.0,63.0,167.0,0.327,"-6,+2;-4,+0;-2,+0;+0,-2;+4,-4",True,1.392,False,0,57.7,0.138,zero,1111110,0,0.908,0.255,0.022,nonzero,1111001,3,0.227,1.586,0.047,nonzero,1110??0,7,0.273,0.351,0.006,nonzero,1011011,5,0.204,1.021,0.053
1776997566521,ok,,2,100,0.0,266.5,106.5,63.0,167.0,0.39,"-6,+2;-4,+0;-2,+0;+0,-2;+0,-4",True,0.977,False,0,64.3,0.185,zero,1111110,0,0.83,0.386,0.064,nonzero,1?11?11,5689,0.327,1.376,0.0,nonzero,?11??11,489,0.321,1.354,0.005,zero,1111110,0,0.879,0.424,0.026
1776997872884,ok,,2,100,0.186,267.2,106.5,61.0,166.0,0.564,"-4,+2;-2,+2;-2,+0;+0,+0;+2,-2",True,0.796,False,0,108.7,0.167,zero,1111110,0,0.876,0.115,0.186,nonzero,1011011,5,0.077,1.07,0.193,nonzero,1011011,5,0.075,0.921,0.124,nonzero,1011011,5,-0.007,0.993,0.184
1776998861492,ok,,3,10,0.038,263.5,106.5,63.0,168.5,0.434,"-8,+2;-4,+2;-2,+0;+0,+0;+2,-2",True,1.173,False,0,41.3,0.155,zero,1111110,0,0.899,-0.099,0.133,zero,1111110,0,0.919,-0.083,0.114,nonzero,1111111,8,0.8,0.867,0.038,zero,1111110,0,1.0,-0.165,0.281
1776999873175,ok,,2,100,0.231,270.0,106.0,55.0,167.0,0.583,"-4,+6;-2,+2;+0,+0;+0,+0;+2,-2",True,0.83,False,0,103.0,0.141,zero,1111110,0,0.965,-0.263,0.231,nonzero,1011011,5,-0.26,1.001,0.276,nonzero,1011011,5,-0.262,0.998,0.231,nonzero,1011011,5,-0.448,1.012,0.241
1776999891955,ok,,2,100,0.167,267.8,106.5,51.0,168.5,0.531,"-2,+8;+0,+2;+0,+0;-2,-2;+2,-2",True,1.013,False,0,105.6,0.143,zero,1111110,0,0.991,-0.293,0.288,nonzero,1110000,7,-0.072,-0.029,0.167,nonzero,1110000,7,-0.096,-0.02,0.176,zero,1111110,0,0.941,-0.427,0.203
1776999947058,uncertain,p1_unstable_across_repeats,,,,267.8,106.0,32.0,190.0,0.422,"-6,-6;-4,+4;+0,-8;+0,+2;+4,+0",True,0.96,False,0,97.9,0.148,uncertain,?111110,0,0.484,-0.482,0.005,nonzero,?110000,17,-0.151,-0.246,0.162,nonzero,1110000,7,-0.539,-0.302,0.197,uncertain,?111110,0,0.571,-0.619,0.0
1776999995962,ok,,2,100,0.053,269.2,106.5,56.0,165.5,0.541,"-2,+4;-2,+2;-2,+2;-2,+0;+0,-2",True,1.02,False,0,94.4,0.134,zero,1111110,0,0.996,-0.279,0.244,nonzero,0110000,1,0.054,0.056,0.053,nonzero,1101101,2,-0.324,0.993,0.166,zero,1111110,0,0.99,-0.404,0.253
1777000012991,ok,,2,100,0.042,265.8,106.5,32.0,184.5,0.509,"-4,-8;-2,+4;-4,-8;+0,+0;+2,-2",True,1.319,False,1,94.2,0.149,zero,1111110,0,0.978,-0.64,0.042,nonzero,?110000,17,-0.102,-0.112,0.085,nonzero,1111111,8,0.65,0.831,0.022,nonzero,1011011,5,-0.695,1.001,0.212
1777000082105,ok,,2,100,0.197,271.5,106.0,48.0,170.0,0.624,"-2,+8;-2,+2;-2,+0;+0,+0;+2,-2",True,0.898,False,0,110.5,0.137,zero,1111110,0,0.946,-0.274,0.203,nonzero,1111011,9,-0.323,1.0,0.197,nonzero,1111001,3,-0.337,1.126,0.294,nonzero,1011011,5,-0.4,1.094,0.271
1777000137476,ok,,2,100,0.05,271.5,106.0,36.0,180.0,0.594,"-6,-8;+0,+4;+0,+0;+0,+0;+2,-2",True,1.102,False,0,100.6,0.144,zero,1111110,0,0.778,-0.342,0.05,nonzero,0110011,4,-0.518,1.273,0.358,nonzero,1111011,9,-0.532,1.007,0.122,zero,1111110,0,0.899,-0.457,0.207
1777001165612,ok,,2,100,0.117,263.5,106.5,58.0,164.0,0.334,"-4,+4;-2,+2;+0,+0;+0,-2;+2,-4",True,0.716,False,0,65.9,0.136,zero,1111110,0,0.981,0.2,0.117,nonzero,0110011,4,-0.234,1.052,0.132,nonzero,1110000,7,0.141,0.252,0.073,nonzero,1011011,5,-0.027,0.96,0.03
1777001240809,ok,,3,10,0.024,255.8,109.5,57.0,160.0,0.406,"+4,+4;+4,+2;+2,+0;+0,-2;+0,-2",True,0.809,False,0,69.6,0.131,zero,1111110,0,0.743,0.227,0.024,zero,1111110,0,0.887,0.261,0.061,nonzero,1111011,9,0.083,1.03,0.158,zero,1111110,0,0.779,0.187,0.036
1777001297766,ok,,3,10,0.078,266.5,106.5,57.0,164.0,0.471,"-4,+4;-2,+2;-2,+0;+0,+0;+2,-2",True,0.848,False,0,77.0,0.135,zero,1111110,0,0.876,0.155,0.078,zero,1111110,0,0.911,0.189,0.118,nonzero,1011011,5,0.073,1.051,0.189,zero,1111110,0,0.992,0.125,0.036
1777005487683,ok,,1,1000,0.013,270.0,106.0,30.0,180.0,0.228,"-2,+0;+0,-2;+0,+4;+0,+2;+2,-2",True,0.643,False,1,58.2,0.129,nonzero,?110000,17,0.058,-0.01,0.013,zero,1111110,0,0.668,0.167,0.024,nonzero,11100?0,7,0.097,0.212,0.023,nonzero,?0?1011,5,-0.476,0.882,0.007
1777005819149,ok,,1,1000,0.015,266.5,106.0,55.0,163.0,0.449,"-2,+8;-2,+6;+0,+2;+2,+0;+2,-4",True,0.722,False,0,91.6,0.135,nonzero,0110?00,1,0.135,0.233,0.015,nonzero,11110?1,39,0.249,1.167,0.018,zero,1111110,0,0.848,0.23,0.099,nonzero,1011011,5,0.179,0.887,0.019
1777006799769,ok,,3,10,0.002,268.5,106.0,30.0,180.0,0.271,"-4,+0;-2,+0;+0,+4;+0,+2;+2,-6",True,0.371,False,1,41.5,0.144,zero,?111110,0,0.513,0.005,0.013,zero,1111110,0,0.772,0.03,0.088,nonzero,111?011,9,0.049,0.815,0.002,zero,1111110,0,0.613,-0.014,0.013
1777080520246,ok,,1,1000,0.02,271.5,106.5,55.0,160.0,0.326,"-4,+8;-2,+6;+0,+2;+0,-2;+0,-4",True,0.62,False,0,88.8,0.154,nonzero,0110000,1,0.127,0.154,0.02,zero,1111110,0,0.907,0.143,0.155,nonzero,1011011,5,0.14,1.071,0.016,zero,1111110,0,0.937,0.136,0.037
1777082484744,ok,,2,100,0.002,265.0,106.0,48.0,181.5,0.348,"-4,+2;-4,+2;+2,+8;+2,-4;+8,-4",True,1.373,False,0,75.4,0.137,zero,1111110,0,0.996,-0.689,0.002,nonzero,0110011,4,-1.324,1.363,0.222,nonzero,1110000,7,-0.692,-0.387,0.181,uncertain,1011011,5,-1.145,0.948,0.002
1777082514393,ok,,2,100,0.173,245.8,109.5,53.0,177.0,0.485,"+0,+8;+2,+2;-2,-2;+4,+0;+2,-2",True,1.278,False,0,79.4,0.134,zero,1111110,0,0.967,-0.767,0.272,nonzero,1110000,7,-0.45,-0.338,0.173,nonzero,1011111,6,-0.867,0.891,0.06,nonzero,1011011,5,-1.055,1.02,0.171
1777082550477,ok,,1,1000,0.303,269.2,106.0,46.0,180.0,0.463,"-2,+4;-2,+4;+0,+0;+0,+0;+2,-2",True,1.018,False,0,82.8,0.134,nonzero,0110000,1,-0.264,0.043,0.303,zero,1111110,0,0.969,-0.547,0.161,zero,1111110,0,0.909,-0.529,0.059,nonzero,1011011,5,-0.802,0.998,0.037
1777082673380,ok,,2,100,0.003,270.0,106.0,47.0,175.5,0.503,"-4,+6;-2,+4;-2,+2;+2,+0;+4,-2",True,1.103,False,0,106.3,0.134,zero,1111110,0,1.0,-0.519,0.232,nonzero,0110000,1,-0.131,-0.05,0.003,nonzero,1101101,2,-0.544,1.007,0.244,zero,1111110,0,0.975,-0.555,0.169
1777082700414,ok,,2,100,0.214,268.5,106.5,50.0,170.0,0.498,"-4,+8;-2,+2;+0,+0;+0,+8;+2,-4",True,0.713,False,0,130.6,0.138,zero,1111110,0,0.988,-0.363,0.251,nonzero,1101101,2,-0.489,1.005,0.214,nonzero,0110000,1,-0.235,-0.125,0.252,nonzero,1011011,5,-0.532,0.966,0.14
1777082752314,ok,,1,1000,0.106,266.5,106.0,40.0,170.0,0.263,"+0,-8;-2,-2;+0,+4;+0,+2;+2,-2",True,0.696,False,0,75.1,0.137,nonzero,0110000,1,0.037,0.038,0.106,nonzero,1111001,3,-0.01,1.031,0.112,nonzero,1110000,7,0.061,0.106,0.155,nonzero,1011011,5,-0.06,0.887,0.11
1777082843963,ok,,2,100,0.091,258.8,109.0,56.0,170.0,0.706,"+0,+6;+0,+2;+0,+0;+2,+0;+0,-2",True,0.801,False,0,114.4,0.159,zero,1111110,0,1.025,-0.35,0.239,nonzero,1111111,8,0.851,0.892,0.091,nonzero,1011111,6,-0.508,0.999,0.185,nonzero,1011011,5,-0.588,1.077,0.29
1777083266744,ok,,2,100,0.006,265.8,106.5,59.0,164.0,0.419,"-4,+4;-2,+2;-2,+0;+0,-2;+2,-4",True,1.188,False,0,71.1,0.142,zero,1111110,0,0.866,0.264,0.059,nonzero,11?1101,2,0.287,1.0,0.006,zero,1111110,0,0.88,0.309,0.049,zero,1111110,0,0.905,0.296,0.045
1777083419074,ok,,2,100,0.009,271.5,106.0,59.0,164.0,0.466,"-6,+4;-4,+2;-2,+0;+0,+0;+2,-2",True,1.016,False,0,82.3,0.141,zero,1111110,0,0.833,0.228,0.009,nonzero,1011011,5,0.237,1.137,0.014,zero,1111110,0,0.879,0.215,0.109,nonzero,1011011,5,0.142,0.813,0.027
1777083801259,ok,,2,100,0.249,267.8,106.5,62.0,166.0,0.649,"-4,+2;-2,+2;+0,+0;+0,-2;+2,-4",True,0.827,False,0,145.1,0.136,zero,1111110,0,0.991,-0.022,0.272,nonzero,1011011,5,-0.035,1.006,0.249,nonzero,0110000,1,0.166,0.208,0.055,nonzero,1011011,5,-0.105,0.991,0.219
1777083825386,ok,,2,100,0.043,271.5,106.0,58.0,165.5,0.729,"-4,+6;-2,+4;+0,+2;+0,+0;+2,-2",True,0.717,False,0,134.2,0.138,zero,1111110,0,0.939,0.062,0.131,nonzero,1111111,8,0.83,0.886,0.043,zero,1111110,0,0.941,0.094,0.119,zero,1111110,0,1.018,0.079,0.21
1777083908163,ok,,2,100,0.009,258.8,109.0,61.0,164.5,0.653,"+2,+2;+2,+2;+0,+0;+0,-2;+0,-2",True,0.946,False,0,133.4,0.136,zero,1111110,0,0.908,0.123,0.157,nonzero,0110000,1,0.235,0.272,0.009,nonzero,1111001,3,0.118,1.019,0.155,zero,1111110,0,0.936,0.141,0.109
1777083932017,ok,,2,100,0.036,266.2,107.0,61.0,164.5,0.654,"-4,+4;-2,+2;-2,+0;+0,-2;+2,-4",True,0.926,False,0,139.0,0.133,zero,1111110,0,0.91,0.084,0.127,nonzero,0110000,1,0.185,0.229,0.036,nonzero,1111011,9,0.096,1.003,0.083,zero,1111110,0,0.964,0.049,0.105
1777084057296,ok,,2,100,0.13,269.2,106.5,58.0,165.5,0.668,"-4,+6;-2,+2;+0,+2;+0,+0;+4,-2",True,0.808,False,0,129.5,0.136,zero,1111110,0,0.897,0.068,0.202,nonzero,1011011,5,0.034,1.054,0.13,nonzero,1111001,3,0.086,0.936,0.103,nonzero,1011011,5,0.018,1.071,0.232
1777084303422,uncertain,grid_at_search_bound,,,,310.0,103.0,27.0,150.0,0.16,"+4,+4;+4,+2;+6,+0;-8,-2;-2,-4",False,-0.04,False,1,39.4,0.164,uncertain,1000000,,0.012,0.002,0.027,uncertain,1000000,,0.006,-0.004,0.053,uncertain,1100000,,-0.09,-0.082,0.05,nonzero,1110000,7,-0.07,-0.173,0.002
1777084903130,ok,,2,100,0.03,270.0,106.5,61.0,164.5,0.444,"-4,+4;-4,+2;-2,+0;+0,-2;+0,-2",True,0.773,False,0,73.3,0.143,zero,1111110,0,0.922,0.222,0.103,nonzero,1011011,5,0.238,0.886,0.03,nonzero,1011111,6,0.285,0.903,0.008,zero,1111110,0,1.031,0.254,0.188
1777086673267,ok,,2,100,0.025,270.0,106.5,60.0,164.5,0.38,"-4,+4;-2,+2;-2,+0;+0,+0;+2,-2",True,1.043,False,0,59.3,0.175,zero,1111110,0,0.883,0.361,0.05,nonzero,1111??1,389,0.323,1.082,0.025,nonzero,1?11011,59,0.287,1.186,0.006,zero,1111110,0,0.829,0.245,0.069
1777086859145,ok,,2,100,0.021,271.5,106.0,56.0,160.0,0.298,"+0,+8;+0,+4;+0,+0;+0,+0;+0,-2",True,0.586,False,0,50.5,0.184,zero,1111110,0,0.756,0.181,0.021,nonzero,1111011,9,0.254,0.981,0.041,nonzero,1111011,9,0.285,0.823,0.003,zero,1111110,0,0.602,0.276,0.002
1777087660681,ok,,3,10,0.13,266.5,106.5,57.0,165.5,0.622,"-6,+4;-4,+0;-2,+0;-2,-2;+2,-2",True,0.69,False,0,127.7,0.198,zero,1111110,0,0.925,-0.101,0.164,zero,1111110,0,0.983,-0.056,0.18,nonzero,1110000,7,0.095,0.105,0.13,zero,1111110,0,0.958,-0.118,0.128
1777087686780,ok,,2,100,0.054,265.8,106.5,58.0,165.5,0.58,"-6,+4;-4,+2;-2,+0;+0,-2;+2,-2",True,0.97,False,0,121.2,0.178,zero,1111110,0,0.946,-0.056,0.224,nonzero,0110000,1,0.084,0.176,0.054,nonzero,1111111,8,0.872,0.928,0.012,nonzero,1011011,5,-0.118,1.038,0.218
1777088850185,ok,,2,100,0.03,262.8,107.0,63.0,167.0,0.419,"-2,+2;-2,+0;+0,+0;+0,-2;+2,-2",True,0.941,False,0,56.6,0.204,zero,1111110,0,1.008,0.311,0.133,nonzero,1111011,9,0.244,0.917,0.03,nonzero,1?11011,59,0.294,0.906,0.004,nonzero,1011011,5,0.223,1.128,0.025
1777089157421,ok,,2,100,0.015,265.8,106.5,58.0,160.0,0.386,"-2,+4;-2,+2;-2,+0;+0,-2;+0,-2",True,0.896,False,0,94.7,0.174,zero,1111110,0,0.947,0.147,0.018,nonzero,01100?0,1,0.207,0.294,0.015,nonzero,1101101,2,0.187,1.03,0.006,zero,1111110,0,0.839,0.157,0.165
1777253278975,ok,,1,1000,0.066,269.2,106.0,30.0,180.0,0.201,"+0,+0;-2,-2;+0,+6;+0,+2;+2,+0",True,0.478,False,1,40.7,0.192,nonzero,1110000,7,0.127,-0.022,0.066,zero,111?110,0,0.559,0.11,0.008,nonzero,1101101,2,0.174,0.948,0.021,zero,?111110,0,0.59,0.089,0.001
1777254122696,ok,,1,1000,0.017,270.0,106.0,50.0,164.0,0.38,"-2,+6;-2,+2;+0,+0;+0,-2;+2,-4",True,0.568,False,0,89.8,0.172,nonzero,0110000,1,0.168,0.245,0.017,nonzero,1101101,2,0.159,1.04,0.022,nonzero,0110011,4,0.119,1.0,0.106,zero,1111110,0,0.922,0.095,0.133
1777254711693,ok,,1,1000,0.005,268.5,106.5,49.0,165.5,0.236,"-4,+6;-2,+4;-2,+2;+0,-2;+2,-4",True,0.694,False,0,70.1,0.18,nonzero,?110??0,17,0.258,0.302,0.005,nonzero,1111001,3,0.259,1.207,0.008,nonzero,1011011,5,0.179,1.146,0.002,nonzero,1011011,5,-0.014,0.816,0.01
1777261605829,ok,,2,100,0.125,265.0,106.0,56.0,168.5,0.568,"-6,+8;-2,+4;+0,+2;+0,+0;+4,-2",True,0.859,False,0,110.1,0.14,zero,1111110,0,0.896,-0.262,0.143,nonzero,1111001,3,-0.296,1.12,0.125,nonzero,1110000,7,-0.092,-0.091,0.286,nonzero,1011011,5,-0.352,1.017,0.3
1777261628116,ok,,2,100,0.11,268.5,106.5,55.0,167.0,0.641,"-4,+8;-2,+4;+0,+0;+0,-2;+2,-4",True,0.777,False,0,133.4,0.23,zero,1111110,0,0.992,-0.145,0.248,nonzero,1011111,6,-0.143,0.954,0.11,nonzero,1101101,2,-0.207,1.024,0.221,nonzero,1011011,5,-0.224,1.006,0.26
1777261647519,ok,,2,100,0.083,255.0,110.0,54.0,166.0,0.692,"+0,+8;+2,+2;+0,+0;+0,+0;-2,-2",True,0.965,False,0,108.4,0.113,zero,1111110,0,0.977,-0.266,0.215,nonzero,1111111,8,0.738,0.912,0.083,nonzero,1011111,6,-0.198,1.022,0.042,zero,1111110,0,0.956,-0.175,0.126
1777261769223,ok,,3,10,0.087,255.8,110.0,53.0,168.5,0.647,"+0,+8;+2,+4;+2,+2;+0,+0;-2,-2",True,0.989,False,0,87.5,0.12,zero,1111110,0,0.957,-0.243,0.148,zero,1111110,0,0.9,-0.274,0.09,nonzero,1111111,8,0.851,1.003,0.087,nonzero,1011011,5,-0.296,1.16,0.367
1777261793441,ok,,2,100,0.14,255.8,110.0,55.0,166.0,0.579,"+0,+6;+2,+2;+0,+2;+0,-2;-2,-2",True,0.997,False,0,128.0,0.172,zero,1111110,0,0.915,-0.117,0.14,nonzero,0110000,1,0.027,0.024,0.159,nonzero,1101101,2,-0.17,1.048,0.124,zero,1111110,0,0.823,-0.143,0.16
1777261811460,ok,,2,100,0.13,254.2,110.0,49.0,170.0,0.63,"+0,+8;+0,+2;+0,+2;+0,-2;+0,-2",True,0.863,False,0,130.6,0.157,zero,1111110,0,0.999,-0.157,0.284,nonzero,1101101,2,-0.188,1.047,0.13,zero,1111110,0,0.906,-0.186,0.186,nonzero,1011011,5,-0.345,0.943,0.188
1777261886207,ok,,2,100,0.033,252.2,109.5,58.0,164.0,0.458,"+0,+8;+2,+2;+0,+2;+0,+0;+2,-4",True,0.92,False,0,140.7,0.201,zero,1111110,0,0.892,-0.057,0.033,nonzero,0110000,1,-0.063,0.057,0.208,nonzero,0110000,1,-0.104,0.089,0.18,nonzero,1011011,5,-0.149,1.029,0.169
1777261959607,ok,,2,100,0.12,254.2,109.5,52.0,168.5,0.665,"+0,+8;+2,+4;+2,+2;+0,+0;+0,-2",True,0.824,False,0,130.0,0.211,zero,1111110,0,0.952,-0.21,0.262,nonzero,1101101,2,-0.221,1.0,0.12,nonzero,1011111,6,-0.333,0.87,0.053,zero,1111110,0,1.012,-0.239,0.32
1777262235992,ok,,2,100,0.113,250.0,110.0,75.0,168.5,0.531,"+0,+2;+0,+2;+0,+0;+0,+0;+0,+0",True,0.926,False,0,101.2,0.24,zero,1111110,0,0.915,-0.046,0.113,nonzero,0110000,1,0.088,0.112,0.131,zero,1111110,0,0.938,-0.038,0.132,nonzero,1011011,5,-0.077,0.952,0.155
1777262250699,ok,,2,100,0.048,252.8,110.0,74.0,168.5,0.576,"+0,+2;+0,+2;+0,+0;+0,+0;-2,+0",True,0.999,False,0,120.7,0.215,zero,1111110,0,0.897,-0.043,0.048,nonzero,0110000,1,0.088,0.107,0.156,nonzero,1011011,5,-0.056,0.944,0.157,nonzero,1011011,5,-0.113,0.919,0.171
1777262272961,ok,,2,100,0.137,252.2,110.0,72.0,168.5,0.638,"-2,+2;+0,+2;+0,+2;+0,+0;+0,+0",True,0.892,False,0,106.1,0.176,zero,1111110,0,0.922,0.014,0.138,nonzero,1111001,3,-0.03,1.105,0.137,nonzero,1101101,2,-0.048,1.019,0.192,zero,1111110,0,0.945,-0.003,0.124
1777262323715,ok,,3,10,0.115,254.2,109.5,73.0,168.5,0.697,"-2,+2;+0,+2;+2,+2;+2,+0;+0,-2",True,0.824,False,0,107.6,0.194,zero,1111110,0,0.852,0.02,0.115,zero,1111110,0,0.923,-0.027,0.215,nonzero,1011111,6,-0.035,1.0,0.208,zero,1111110,0,0.931,-0.019,0.123
1777262390398,ok,,2,100,0.106,254.2,110.0,73.0,168.5,0.664,"+0,+2;+0,+2;+0,+2;+0,+0;+0,+0",True,0.836,False,0,120.3,0.203,zero,1111110,0,0.905,-0.042,0.126,nonzero,1101101,2,-0.109,1.044,0.106,nonzero,1111001,3,-0.108,1.067,0.128,nonzero,1011011,5,-0.122,1.009,0.257
1777262622909,ok,,2,100,0.005,250.8,110.0,80.0,170.0,0.55,"-2,+0;+2,+4;+2,+2;+0,+0;-2,-2",True,0.826,False,0,42.7,0.212,zero,1111110,0,0.625,-0.17,0.005,nonzero,1011011,5,-0.242,1.208,0.241,nonzero,1111001,3,-0.2,0.985,0.085,nonzero,101101?,5,-0.192,0.7,0.022
1777262649463,ok,,2,100,0.015,255.0,110.0,78.0,167.5,0.446,"+2,+2;+2,+2;+0,+0;+0,-2;-2,-4",True,0.852,False,0,57.7,0.138,zero,1111110,0,0.82,-0.051,0.015,nonzero,1111011,9,-0.067,1.001,0.1,nonzero,0110011,4,-0.016,1.116,0.12,zero,1111110,0,0.877,-0.013,0.009
1777262722627,ok,,3,10,0.07,254.2,110.0,76.0,168.5,0.519,"-2,+4;+0,+4;+0,+2;+0,+0;+0,-2",True,0.732,False,0,59.2,0.191,zero,1111110,0,0.809,-0.06,0.07,zero,1111110,0,0.927,-0.035,0.117,nonzero,1111011,9,-0.041,0.982,0.18,zero,1111110,0,0.979,-0.061,0.105
1777262739143,ok,,2,100,0.006,261.5,106.5,78.0,171.5,0.609,"-6,+4;-2,+2;+0,+0;+0,-2;+2,-4",True,0.807,False,0,65.6,0.196,zero,1111110,0,0.789,-0.141,0.032,nonzero,1101101,2,-0.196,1.087,0.006,nonzero,1111001,3,-0.189,1.181,0.326,nonzero,1011011,5,-0.215,1.0,0.211
1777262784802,ok,,2,100,0.081,252.8,110.0,74.0,168.5,0.561,"+0,+4;+2,+4;+0,+0;+0,+0;-2,-2",True,1.042,False,0,82.5,0.113,zero,1111110,0,0.868,-0.131,0.081,nonzero,0110000,1,0.007,0.036,0.208,nonzero,1111011,9,-0.131,0.97,0.11,zero,1111110,0,0.887,-0.128,0.035
1777262842979,ok,,2,100,0.028,255.0,110.0,74.0,168.5,0.476,"+2,+4;+2,+4;+0,+0;+0,+0;-2,-2",True,1.21,False,0,62.3,0.16,zero,1111110,0,0.745,0.017,0.028,nonzero,0110000,1,0.08,0.116,0.148,zero,1111110,0,1.019,-0.038,0.147,zero,1111110,0,0.845,-0.033,0.097
1777264566880,ok,,2,100,0.036,260.0,110.0,59.0,165.5,0.441,"+0,+4;+0,+2;+0,+0;+0,-2;-2,-4",True,0.737,False,0,64.6,0.215,zero,1111110,0,0.847,0.293,0.054,nonzero,1011111,6,0.101,0.99,0.036,zero,1111110,0,0.971,0.143,0.123,zero,1111110,0,1.087,0.253,0.197
1777265961539,uncertain,p1_ambiguous,,,,269.2,106.5,65.0,165.5,0.338,"-6,+6;-4,+2;-2,+0;+0,-2;+0,-4",True,0.838,False,0,60.3,0.16,uncertain,111111?,08,0.841,0.487,0.014,nonzero,1111?11,89,0.409,1.284,0.0,nonzero,?11??11,489,0.449,1.145,0.025,nonzero,1011?11,56,0.266,1.002,0.025
1777267899285,ok,,2,100,0.215,261.5,106.0,39.0,168.5,0.558,"-2,-8;+0,+6;+0,+2;+0,+0;+0,-4",True,0.821,False,0,139.5,0.175,zero,1111110,0,0.893,-0.188,0.215,nonzero,0110011,4,-0.179,1.033,0.228,nonzero,1111001,3,-0.223,0.947,0.161,nonzero,1011011,5,-0.243,1.033,0.154
1777268008800,ok,,3,10,0.049,265.8,106.0,41.0,170.0,0.588,"+0,+4;+0,+6;+0,+2;+0,-2;+0,-6",True,0.65,False,0,114.2,0.185,zero,1111110,0,0.92,-0.213,0.116,zero,1111110,0,0.924,-0.233,0.239,nonzero,1011111,6,-0.236,0.871,0.049,nonzero,1011011,5,-0.257,1.107,0.212
1777268091356,uncertain,p1_unstable_across_repeats,,,,281.5,102.0,42.0,174.0,0.38,"+4,+8;+2,+8;-2,+0;+0,+2;+2,-6",True,0.87,False,0,112.8,0.096,uncertain,?111110,0,0.384,-0.288,0.011,nonzero,0110000,1,0.023,-0.043,0.037,nonzero,1101101,2,-0.248,1.04,0.13,nonzero,1011011,5,-0.25,1.175,0.274
1777268364476,ok,,2,100,0.061,266.5,105.5,58.0,160.0,0.466,"+4,+8;+4,+4;+2,+2;+2,+0;+0,-4",True,0.776,False,0,91.7,0.156,zero,1111110,0,0.823,-0.0,0.061,nonzero,0110011,4,0.013,0.984,0.091,nonzero,1011111,6,0.015,0.918,0.062,zero,1111110,0,0.997,-0.03,0.088
1777268437195,ok,,2,100,0.008,266.5,105.5,59.0,160.0,0.511,"+0,+6;+2,+2;+0,+0;+2,-2;+2,-4",True,0.786,False,0,129.6,0.18,zero,1111110,0,0.881,0.141,0.061,nonzero,011?000,1,0.247,0.274,0.008,nonzero,0110011,4,0.09,1.067,0.111,zero,1111110,0,0.956,0.117,0.005
1777268479116,ok,,3,10,0.016,263.5,106.0,55.0,163.0,0.589,"-2,+8;-2,+4;+0,+0;+0,-2;+0,-4",True,0.735,False,0,123.1,0.136,zero,1111110,0,0.939,0.204,0.071,zero,1111110,0,0.939,0.23,0.016,nonzero,1011111,6,0.206,0.972,0.024,nonzero,1011011,5,0.124,1.175,0.077
1777268705057,ok,,2,100,0.166,254.2,110.0,69.0,171.5,0.603,"+0,+2;+2,+2;+2,+0;-2,-2;+0,-2",True,0.733,False,0,136.6,0.28,zero,1111110,0,1.01,-0.253,0.256,nonzero,1101101,2,-0.28,1.0,0.166,nonzero,0110000,1,0.017,0.093,0.197,nonzero,1011011,5,-0.377,0.975,0.258
1777268758159,ok,,2,100,0.267,254.2,109.5,66.0,174.0,0.657,"+0,+2;+2,+2;+2,+0;+0,+0;+0,-2",True,0.97,False,0,140.4,0.12,zero,1111110,0,1.026,-0.235,0.267,nonzero,0110011,4,-0.255,1.105,0.368,nonzero,1111001,3,-0.241,1.0,0.238,zero,1111110,0,0.904,-0.284,0.126
1777268855321,ok,,2,100,0.12,267.8,106.0,51.0,167.0,0.576,"+0,+8;+2,+4;+0,+2;+0,-2;-2,-4",True,0.915,False,0,152.3,0.194,zero,1111110,0,0.931,-0.219,0.12,nonzero,0110011,4,-0.213,1.096,0.283,nonzero,1011111,6,-0.22,0.932,0.13,nonzero,1011011,5,-0.222,1.056,0.247
1777268936959,ok,,2,100,0.045,274.8,103.0,35.0,168.5,0.412,"-4,+0;+0,+6;+0,-6;+0,+0;+2,-2",True,0.823,False,0,113.1,0.246,zero,1111110,0,0.807,-0.161,0.045,nonzero,0110000,1,-0.049,-0.047,0.088,nonzero,1110000,7,-0.123,-0.093,0.35,nonzero,1011011,5,-0.185,0.994,0.136
1777269003008,uncertain,p3_invalid_pattern,,,,280.8,102.0,50.0,167.0,0.546,"-4,-4;+2,+4;+0,+0;+0,-2;-2,-6",True,0.731,False,0,149.5,0.445,zero,1111110,0,0.985,-0.309,0.181,nonzero,1011111,6,-0.37,0.976,0.081,uncertain,0001101,,-0.27,0.936,0.01,uncertain,01111?0,,-0.319,-0.297,0.005
1777269071139,ok,,2,100,0.122,262.8,106.0,33.0,174.0,0.581,"-4,-6;-2,+4;+0,+2;+0,-2;+2,-4",True,0.678,False,0,137.0,0.717,zero,1111110,0,0.854,-0.319,0.122,nonzero,1011111,6,-0.285,0.933,0.132,nonzero,0110011,4,-0.359,1.063,0.31,nonzero,1011011,5,-0.383,1.022,0.219
1777269112128,uncertain,grid_at_search_bound,,,,242.2,98.0,75.0,157.0,0.273,"+2,+6;-6,-4;+4,+4;-2,-2;-8,-8",False,-0.051,False,0,110.9,0.387,uncertain,?000000,,-0.055,-0.016,0.02,zero,1111110,0,0.61,-0.424,0.001,nonzero,1011111,6,-0.387,1.036,0.131,nonzero,0110011,4,-0.45,1.169,0.076
1777269860534,ok,,1,1000,0.089,269.2,106.5,48.0,168.5,0.546,"-2,+6;-4,+4;-2,+2;+0,+0;+0,-2",True,0.626,False,0,111.6,0.339,nonzero,0110000,1,0.11,0.142,0.089,nonzero,1101101,2,-0.022,1.123,0.253,nonzero,1111111,8,0.853,0.965,0.129,zero,1111110,0,0.933,-0.052,0.202
1777271991629,ok,,2,100,0.1,264.2,106.0,55.0,164.5,0.459,"+0,+8;+0,+6;+0,+6;+0,+0;+0,-4",True,0.826,False,0,70.8,0.402,zero,1111110,0,0.882,-0.054,0.1,nonzero,0110000,1,-0.016,0.046,0.158,zero,1111110,0,0.869,0.013,0.057,zero,1111110,0,0.948,-0.05,0.008
1777272017120,ok,,2,100,0.022,268.5,105.5,57.0,163.0,0.428,"+2,+8;+2,+4;+0,+4;+0,-2;+0,-4",True,0.853,False,0,73.0,0.575,zero,1111110,0,0.764,-0.012,0.022,nonzero,0110000,1,-0.011,0.064,0.191,nonzero,1111001,3,-0.112,1.138,0.053,nonzero,1011011,5,-0.062,1.139,0.053
1777272043469,ok,,2,100,0.166,264.2,106.0,58.0,164.0,0.492,"+0,+8;+2,+6;+0,+4;+0,+0;+0,-4",True,0.78,False,0,72.5,0.488,zero,1111110,0,0.891,-0.078,0.166,nonzero,0110000,1,-0.023,0.092,0.219,nonzero,1111011,9,-0.188,0.941,0.017,nonzero,1011011,5,-0.168,1.138,0.187
1777343470499,ok,,1,1000,0.082,264.2,106.5,57.0,154.0,0.191,"-2,+8;+0,+6;+0,+2;+0,+0;+0,-2",True,0.679,False,0,50.6,0.7,nonzero,0110000,1,0.004,0.145,0.082,nonzero,0110000,1,0.048,0.096,0.109,nonzero,0110000,1,-0.029,0.119,0.055,nonzero,?011011,5,-0.051,0.967,0.002
1777343502081,ok,,1,1000,0.071,263.5,106.0,56.0,160.0,0.337,"-2,+8;-2,+6;+0,+2;+2,+0;+2,-4",True,0.9,False,0,60.6,0.619,nonzero,0110000,1,0.032,0.087,0.071,nonzero,1011011,5,0.004,1.0,0.028,nonzero,1011011,5,-0.04,1.193,0.001,nonzero,1011011,5,0.047,0.751,0.0
1777343511311,ok,,3,10,0.012,265.8,106.0,38.0,168.5,0.445,"-4,+6;-2,+8;+0,+4;+0,-4;+2,-4",True,0.904,False,0,55.7,0.778,zero,1111110,0,0.814,-0.14,0.103,zero,1111110,0,0.827,-0.184,0.012,nonzero,0110011,4,-0.172,1.153,0.04,nonzero,1011011,5,-0.277,0.976,0.006
1777346074747,uncertain,grid_at_search_bound,,,,273.5,106.0,26.0,184.0,0.186,"+0,+4;-2,+2;+0,+0;+0,-2;+0,-4",True,0.546,False,1,36.5,0.894,uncertain,111???0,07,0.329,0.213,0.007,uncertain,11?1110,0,0.369,0.153,0.051,uncertain,111111?,08,0.789,0.653,0.015,uncertain,1110110,,0.176,0.174,0.071
1777346455424,ok,,1,1000,0.053,266.5,106.0,32.0,181.5,0.205,"-2,+0;-2,-2;+0,+4;+0,+2;+2,-2",True,0.691,False,1,46.1,2.602,nonzero,1110??0,7,0.177,0.037,0.053,nonzero,?101101,2,0.107,1.299,0.007,nonzero,1111001,3,0.033,1.125,0.109,zero,?11?110,0,0.528,0.17,0.003
1777346517743,no_display,no_ghost_to_lit_contrast,,,,247.8,110.0,71.0,170.0,0.448,"+0,+2;+0,+2;+2,+0;+0,-2;+0,-2",,,,,,0.614,,,,,,,,,,,,,,,,,,,,,,,,
1777349410036,ok,,2,100,0.21,250.8,110.0,55.0,167.0,0.651,"+0,+6;+0,+2;+2,+0;+0,+0;-2,-2",True,0.892,False,0,96.1,1.79,zero,1111110,0,0.827,-0.252,0.21,nonzero,1011011,5,-0.257,1.019,0.265,nonzero,1011011,5,-0.237,0.99,0.211,nonzero,1011011,5,-0.36,1.063,0.267
1777421117662,ok,,2,100,0.09,280.8,102.0,42.0,168.5,0.588,"-8,-8;-6,+4;-2,+2;+0,+0;+4,-4",True,0.914,False,0,96.3,0.632,zero,1111110,0,0.863,-0.186,0.09,nonzero,1111001,3,-0.215,1.1,0.234,zero,1111110,0,0.945,-0.168,0.185,zero,1111110,0,0.991,-0.19,0.294
1777421152684,ok,,2,100,0.238,275.8,102.5,46.0,167.5,0.551,"-8,-6;-2,+2;+0,+0;+0,-2;+2,-4",True,0.786,False,0,153.2,1.527,zero,1111110,0,0.986,-0.24,0.298,nonzero,1011111,6,-0.29,1.006,0.238,nonzero,1110000,7,-0.295,0.031,0.356,nonzero,1011011,5,-0.465,0.868,0.004
1777421323431,ok,,2,100,0.13,280.8,102.0,45.0,168.5,0.557,"-8,+2;+0,+6;+0,+2;+0,+0;+0,-4",True,0.907,False,1,146.4,0.564,zero,1111110,0,0.922,-0.224,0.13,nonzero,0110000,1,-0.027,-0.018,0.264,zero,1111110,0,0.945,-0.199,0.215,zero,1111110,0,0.941,-0.227,0.21
1777421376629,ok,,2,100,0.328,265.8,105.5,50.0,170.0,0.584,"-2,-8;+2,+4;+0,+2;+0,-2;+2,-6",True,0.943,False,0,137.9,0.895,zero,1111110,0,1.064,-0.326,0.381,nonzero,1111001,3,-0.348,1.047,0.328,nonzero,1111011,9,-0.452,0.916,0.211,nonzero,1011011,5,-0.451,0.958,0.211
1777421646315,ok,,2,100,0.079,266.5,105.5,41.0,168.5,0.581,"+0,-8;+4,+6;+2,+2;+0,+0;+0,-4",True,0.864,False,0,132.0,0.701,zero,1111110,0,0.915,-0.233,0.079,nonzero,1011011,5,-0.273,1.056,0.178,nonzero,1101101,2,-0.321,0.985,0.153,nonzero,1011011,5,-0.302,1.082,0.286
1777421663470,ok,,2,100,0.158,283.8,102.0,41.0,167.0,0.622,"-6,-6;-2,+6;-2,+2;+0,-2;+0,-4",True,0.713,False,0,133.8,0.817,zero,1111110,0,0.931,-0.172,0.158,nonzero,1011111,6,-0.247,0.964,0.175,nonzero,1101101,2,-0.268,0.939,0.098,zero,1111110,0,1.077,-0.228,0.325
1777421689381,ok,,2,100,0.091,264.2,106.0,32.0,170.0,0.486,"-2,-4;+0,+4;+0,+2;+0,+0;+0,-2",True,0.859,False,0,126.6,0.86,zero,1111110,0,0.883,-0.253,0.091,nonzero,1110000,7,-0.216,-0.099,0.274,nonzero,1110000,7,-0.157,-0.136,0.321,nonzero,1011011,5,-0.388,1.004,0.158
1777421755758,ok,,2,100,0.002,280.8,102.0,37.0,170.0,0.544,"-6,+0;-2,+8;-2,-4;+0,+0;+2,-6",True,0.888,False,0,152.5,1.015,zero,1111110,0,0.798,-0.204,0.002,nonzero,0110000,1,-0.07,-0.049,0.082,zero,1111110,0,0.864,-0.275,0.156,zero,1111110,0,0.964,-0.256,0.306
1777421793220,ok,,2,100,0.101,268.5,106.0,33.0,175.5,0.55,"+0,+0;+2,+6;+2,+2;-2,+0;+0,-6",True,0.77,False,0,115.0,0.997,zero,1111110,0,0.957,-0.414,0.143,nonzero,1101101,2,-0.559,0.962,0.101,nonzero,1110000,7,-0.314,-0.217,0.33,zero,1111110,0,1.087,-0.488,0.235
1777421828612,ok,,1,1000,0.321,265.0,106.0,58.0,165.5,0.467,"-2,+6;-2,+4;+0,+2;+2,+0;+4,-2",True,1.085,False,0,130.0,1.273,nonzero,0110000,1,-0.135,-0.046,0.321,nonzero,0110011,4,-0.483,1.115,0.344,nonzero,1101101,2,-0.401,1.006,0.214,zero,1111110,0,0.943,-0.383,0.181
1777421893181,ok,,2,100,0.084,283.5,102.5,42.0,170.0,0.523,"-4,-8;-4,+6;-2,+2;-2,+0;+2,-4",True,0.619,False,0,120.3,0.687,zero,1111110,0,0.983,-0.339,0.173,nonzero,1101101,2,-0.383,0.852,0.084,nonzero,1110000,7,-0.16,-0.112,0.253,zero,1111110,0,1.097,-0.396,0.368
1777421983412,ok,,2,100,0.256,265.8,106.5,52.0,170.0,0.559,"-8,+8;-4,+2;-2,+6;+0,+0;+2,-2",True,0.961,False,0,139.7,0.585,zero,1111110,0,1.011,-0.357,0.317,nonzero,0110000,1,-0.107,-0.069,0.256,zero,1111110,0,0.967,-0.313,0.296,zero,1111110,0,0.904,-0.327,0.185
1777422002083,ok,,2,100,0.268,268.5,106.5,41.0,173.0,0.444,"-8,-8;-2,+2;-2,-8;-2,+0;+2,-2",True,0.982,False,0,132.3,1.15,zero,1111110,0,0.987,-0.43,0.305,nonzero,0110000,1,-0.139,-0.096,0.268,nonzero,1110000,7,-0.215,-0.107,0.294,zero,1111110,0,0.854,-0.352,0.155
1777422094101,ok,,2,100,0.1,273.8,105.0,40.0,168.5,0.55,"-4,-4;+0,+6;-2,+4;+0,+0;+0,-4",True,0.814,False,0,126.6,0.59,zero,1111110,0,0.876,-0.182,0.1,nonzero,1111001,3,-0.199,1.084,0.218,nonzero,1011011,5,-0.219,0.939,0.196,nonzero,1011011,5,-0.218,1.038,0.289
1777422122704,ok,,2,100,0.145,278.8,102.0,46.0,170.0,0.474,"-8,-8;-4,+6;-2,+2;+0,-2;+2,-4",True,0.781,False,0,142.2,0.56,zero,1111110,0,0.885,-0.163,0.19,nonzero,1011011,5,-0.167,0.92,0.145,nonzero,0110000,1,-0.034,-0.012,0.256,zero,1111110,0,0.955,-0.175,0.224
1777422140347,ok,,2,100,0.091,266.5,105.5,46.0,167.5,0.536,"-4,-8;+2,+4;+2,+2;+0,-2;+2,-4",True,0.709,False,0,142.3,0.965,zero,1111110,0,0.847,-0.199,0.133,nonzero,1011111,6,-0.188,0.875,0.091,nonzero,1110000,7,-0.091,-0.065,0.317,nonzero,1011011,5,-0.214,1.041,0.251
1777422226308,ok,,2,100,0.025,265.0,106.0,40.0,170.0,0.455,"-4,-8;+0,+6;+0,-4;+0,+0;+0,-4",True,0.839,False,0,145.7,0.629,zero,1111110,0,0.722,-0.146,0.025,nonzero,0110000,1,-0.042,-0.063,0.264,nonzero,0110011,4,-0.244,1.057,0.304,zero,1111110,0,0.908,-0.215,0.178
1777422270257,ok,,2,100,0.054,268.5,106.0,39.0,170.0,0.523,"+2,-8;+2,+4;+0,+2;-2,-2;+0,-4",True,0.868,False,0,138.5,0.625,zero,1111110,0,0.877,-0.268,0.054,nonzero,1111001,3,-0.258,1.022,0.182,nonzero,1110000,7,-0.117,-0.097,0.24,nonzero,1011011,5,-0.293,1.053,0.26
1777422306223,ok,,2,100,0.104,268.5,106.0,43.0,171.5,0.519,"+2,-8;+2,+4;+0,+2;-2,+0;+0,-6",True,0.929,False,0,134.8,0.576,zero,1111110,0,0.881,-0.249,0.104,nonzero,1111001,3,-0.26,1.066,0.12,nonzero,1110000,7,-0.071,-0.03,0.21,nonzero,1011011,5,-0.278,1.115,0.309
1777422505978,ok,,2,100,0.349,265.0,106.5,54.0,170.0,0.626,"-4,+8;-4,+2;-2,+2;+0,+0;+2,-2",True,0.901,False,0,97.4,0.636,zero,1111110,0,1.32,-0.437,0.497,nonzero,1101101,2,-0.442,1.17,0.349,nonzero,1011111,6,-0.396,1.0,0.22,zero,1111110,0,0.974,-0.374,0.191
1777422762958,ok,,2,100,0.189,267.2,106.0,39.0,177.0,0.636,"-2,-8;-2,+2;+0,+2;+0,+0;+2,-2",True,0.784,False,0,120.6,0.762,zero,1111110,0,1.046,-0.331,0.253,nonzero,1101101,2,-0.282,1.039,0.189,nonzero,1101101,2,-0.296,1.015,0.175,zero,1111110,0,0.937,-0.283,0.218
1777422910603,ok,,1,1000,0.087,266.5,106.0,40.0,170.0,0.387,"+4,-6;+0,-8;+0,-2;+0,+2;+0,+0",True,0.824,False,0,120.1,1.386,nonzero,0110000,1,-0.04,-0.031,0.087,nonzero,0110000,1,-0.027,-0.047,0.288,nonzero,1101101,2,-0.2,0.881,0.045,nonzero,1011011,5,-0.185,0.979,0.063
1777423017607,ok,,2,100,0.097,250.0,110.0,75.0,168.5,0.591,"+6,+0;+4,+2;+2,+2;-2,+0;-2,-2",True,0.932,False,0,104.3,0.988,zero,1111110,0,0.905,-0.133,0.097,nonzero,1011011,5,-0.131,1.021,0.21,nonzero,1110000,7,-0.012,-0.008,0.271,zero,1111110,0,0.893,-0.134,0.062
1777423282182,ok,,2,100,0.001,268.5,106.0,74.0,168.5,0.367,"-4,+4;-2,+2;-2,+0;+2,+0;+4,-2",True,0.674,False,0,62.3,1.448,zero,11?1110,0,0.598,0.119,0.001,nonzero,0110011,4,0.101,1.141,0.142,zero,1111110,0,0.927,0.102,0.153,nonzero,1011011,5,0.019,1.048,0.18
1777423520722,ok,,3,10,0.003,257.8,109.5,64.0,170.0,0.54,"+2,+2;+2,+2;+2,+0;+0,+0;+0,-2",True,0.74,False,0,111.9,5.616,zero,1111110,0,0.855,0.304,0.06,zero,1111110,0,0.964,0.316,0.125,nonzero,1?11011,59,0.297,1.016,0.003,nonzero,1011011,5,-0.022,1.004,0.035
1777423540478,ok,,3,10,0.138,282.8,102.0,50.0,164.0,0.668,"-4,+8;-2,+4;+0,+2;+2,-2;+2,-4",True,0.753,False,0,160.7,5.322,zero,1111110,0,0.952,-0.21,0.249,zero,1111110,0,0.968,-0.189,0.25,nonzero,1011111,6,-0.212,0.937,0.138,zero,1111110,0,0.995,-0.223,0.286
1777423632952,ok,,3,10,0.123,265.8,106.0,34.0,170.0,0.688,"-2,-4;+0,+4;+0,+2;+0,+0;+0,-4",True,0.748,False,0,138.5,1.545,zero,1111110,0,0.982,-0.251,0.27,zero,1111110,0,0.933,-0.253,0.255,nonzero,1011111,6,-0.211,0.915,0.123,zero,1111110,0,0.919,-0.234,0.233
1777423668671,ok,,2,100,0.229,275.8,102.0,36.0,168.5,0.543,"-2,-4;+0,+4;+0,+2;+0,+0;+2,-4",True,0.95,False,0,112.1,1.502,zero,1111110,0,1.111,-0.197,0.385,nonzero,1111001,3,-0.296,1.078,0.229,nonzero,1101101,2,-0.224,0.866,0.05,uncertain,111??10,07,0.499,-0.049,0.003
1777423796484,ok,,2,100,0.158,267.8,106.5,66.0,168.5,0.683,"-6,+4;-4,+2;-2,+2;+0,+0;+2,+0",True,0.847,False,0,149.9,4.341,zero,1111110,0,0.942,-0.024,0.158,nonzero,1011011,5,-0.047,1.037,0.276,nonzero,1101101,2,-0.086,1.004,0.218,nonzero,1011011,5,-0.197,1.0,0.223
1777424230746,ok,,2,100,0.309,262.0,106.5,63.0,167.0,0.632,"-4,+4;-2,+2;-4,+0;+0,-2;+0,-4",True,0.877,False,0,125.2,2.153,zero,1111110,0,1.062,-0.42,0.387,nonzero,1111001,3,-0.395,1.074,0.309,nonzero,1011111,6,-0.43,0.916,0.198,nonzero,1011011,5,-0.584,0.938,0.204
1777424237089,ok,,3,10,0.148,267.2,105.5,57.0,163.0,0.67,"-2,+8;+0,+4;+0,+2;+2,-2;+0,-4",True,0.758,False,0,153.4,5.244,zero,1111110,0,0.963,-0.116,0.166,zero,1111110,0,0.949,-0.065,0.16,nonzero,1011111,6,-0.094,0.973,0.148,nonzero,1011011,5,-0.142,1.0,0.193
1777424248156,ok,,2,100,0.213,267.2,106.0,58.0,168.5,0.75,"-4,+8;-2,+4;+0,+2;+2,+0;+2,-2",True,0.867,False,0,112.2,1.488,zero,1111110,0,1.184,-0.389,0.461,nonzero,1111111,8,0.972,1.0,0.213,nonzero,1111111,8,0.939,0.976,0.164,nonzero,1011011,5,-0.43,1.079,0.331
1777424277714,ok,,2,100,0.35,266.5,106.0,59.0,167.0,0.689,"-4,+6;-2,+2;+0,+0;+2,+0;+4,-2",True,1.031,False,0,107.0,2.405,zero,1111110,0,1.244,-0.477,0.515,nonzero,1111011,9,-0.621,1.123,0.35,nonzero,1111111,8,0.96,0.963,0.151,zero,1111110,0,0.983,-0.51,0.184
1777424411909,ok,,2,100,0.079,262.8,107.0,60.0,167.0,0.525,"-2,+4;+0,+2;+0,+0;+2,-2;+2,-2",True,0.989,False,0,113.5,5.61,zero,1111110,0,1.024,-0.307,0.337,nonzero,0110000,1,0.045,0.072,0.079,nonzero,1101101,2,-0.319,1.0,0.23,nonzero,1011011,5,-0.465,0.953,0.203
1777424431544,ok,,2,100,0.04,267.8,106.5,61.0,167.0,0.521,"-2,+4;-2,+2;-2,+0;+2,+0;+0,-2",True,1.019,False,0,105.8,1.364,zero,1111110,0,1.096,-0.289,0.336,nonzero,0110000,1,0.082,0.1,0.04,nonzero,1011111,6,-0.363,0.924,0.115,nonzero,1011011,5,-0.477,1.0,0.229
1777424652242,ok,,1,1000,0.111,269.2,106.0,45.0,167.0,0.298,"+0,+8;-2,+6;+0,+4;+0,+0;+0,-2",True,0.773,False,0,75.4,0.91,nonzero,0110000,1,0.109,0.155,0.111,nonzero,0110000,1,0.138,0.185,0.064,nonzero,1101101,2,0.075,1.113,0.036,zero,1111110,0,0.792,0.025,0.007
1777424929442,ok,,2,100,0.099,272.8,106.0,57.0,163.0,0.639,"-2,+6;-2,+2;+0,+0;+0,+0;+2,-2",True,0.981,False,0,143.7,1.576,zero,1111110,0,0.894,-0.069,0.099,nonzero,1110000,7,-0.007,0.015,0.231,nonzero,1111011,9,-0.183,1.01,0.109,nonzero,1011011,5,-0.196,1.054,0.225
1777424957169,ok,,1,1000,0.225,275.0,106.0,57.0,164.0,0.598,"-2,+8;-2,+4;+0,+2;+0,+0;+2,-2",True,0.798,False,0,148.4,1.651,nonzero,0110000,1,0.001,0.021,0.225,nonzero,1101101,2,-0.158,1.016,0.209,nonzero,1011111,6,-0.163,0.939,0.113,zero,1111110,0,0.988,-0.142,0.26
1777425023187,ok,,3,10,0.08,271.5,106.0,61.0,164.5,0.804,"-6,+4;-2,+2;+0,+0;+2,-2;+2,-4",True,0.788,False,0,138.2,1.88,zero,1111110,0,0.986,-0.084,0.263,zero,1111110,0,0.988,-0.102,0.252,nonzero,1111111,8,0.876,0.926,0.08,zero,1111110,0,0.962,-0.113,0.197
1777425039905,ok,,2,100,0.138,269.2,106.5,61.0,166.0,0.568,"-6,+4;-2,+2;-2,+0;+0,-2;+2,-4",True,0.873,False,1,142.5,1.321,zero,1111110,0,0.833,-0.078,0.182,nonzero,0110000,1,0.06,0.076,0.138,nonzero,0110011,4,-0.112,1.002,0.296,nonzero,1011011,5,-0.134,0.929,0.116
1777425061394,ok,,2,100,0.207,271.5,106.0,60.0,167.0,0.746,"-8,+4;-4,+2;-2,+0;+0,+0;+2,-2",True,0.755,False,1,144.9,5.482,zero,1111110,0,0.992,-0.111,0.207,nonzero,1101101,2,-0.137,1.058,0.236,nonzero,1111111,8,0.892,0.949,0.14,nonzero,1011011,5,-0.239,1.02,0.262
1777425140580,uncertain,p1_ambiguous,,,,271.5,106.0,62.0,167.0,0.574,"-6,+4;-2,+2;-4,+0;+2,+0;+4,-2",True,0.533,False,0,103.4,5.37,uncertain,??????0,017,0.59,-0.158,0.001,nonzero,1110?00,7,0.086,-0.019,0.047,nonzero,1111011,9,-0.337,1.0,0.239,nonzero,1011011,5,-0.408,1.07,0.254
1777425248304,ok,,1,1000,0.203,271.5,105.5,39.0,173.0,0.48,"+0,-6;-2,+2;+0,+4;+0,+0;+2,-2",True,0.768,False,0,122.8,5.81,nonzero,0110000,1,-0.017,0.036,0.203,zero,1111110,0,0.87,-0.202,0.131,nonzero,0110011,4,-0.231,1.136,0.338,nonzero,1011011,5,-0.295,1.018,0.191
1777425390878,ok,,2,100,0.017,267.8,106.5,54.0,170.0,0.559,"-4,+8;-2,+2;+0,+2;+0,+0;+2,-4",True,0.79,False,0,116.5,0.838,zero,1111110,0,0.925,-0.184,0.096,nonzero,?011111,6,-0.192,0.834,0.017,nonzero,1110000,7,-0.093,-0.008,0.222,nonzero,1011011,5,-0.417,1.027,0.255
1777425893440,ok,,1,1000,0.178,270.0,106.5,47.0,167.0,0.274,"-2,+6;-2,+4;-2,+2;+0,+0;+2,-4",True,0.578,False,0,78.3,4.454,nonzero,0110000,1,-0.016,0.055,0.178,nonzero,1110000,7,-0.049,0.088,0.191,nonzero,1111001,3,-0.099,0.919,0.099,nonzero,1011011,5,-0.196,1.066,0.191
1777426009770,ok,,1,1000,0.21,255.0,109.5,65.0,168.5,0.415,"+2,+4;+2,+2;+2,+0;+0,+0;+0,+0",True,0.937,False,0,159.7,3.513,nonzero,0110000,1,0.027,0.054,0.21,nonzero,0110000,1,0.012,0.037,0.231,nonzero,0110000,1,0.024,0.06,0.235,nonzero,1011011,5,-0.152,0.914,0.107
1777426137237,ok,,1,1000,0.052,269.2,106.0,54.0,166.0,0.456,"-4,+8;-4,+8;+0,+2;+0,+0;+2,-2",True,0.684,False,0,112.5,1.447,nonzero,0110000,1,0.006,-0.006,0.052,nonzero,1101101,2,-0.091,1.082,0.082,nonzero,1110000,7,0.029,0.041,0.153,zero,1111110,0,0.928,-0.056,0.148
1777426173472,ok,,1,1000,0.151,263.5,106.0,58.0,164.0,0.549,"-4,+8;-2,+6;+0,+2;+2,+0;+2,-2",True,0.965,False,0,111.1,1.279,nonzero,0110000,1,0.062,0.094,0.151,nonzero,1111001,3,-0.037,1.039,0.21,nonzero,1111011,9,-0.116,1.013,0.103,nonzero,1011011,5,-0.089,0.929,0.11
1777426324259,ok,,1,1000,0.002,271.5,106.0,47.0,167.0,0.24,"+0,+6;-2,+4;+0,+2;+0,+0;+0,-2",True,0.747,False,0,77.1,3.511,nonzero,0110000,1,0.175,0.192,0.002,nonzero,0110000,1,0.111,0.196,0.038,nonzero,1111001,3,-0.035,1.108,0.016,uncertain,111??10,07,0.581,0.068,0.01
1777426342424,ok,,1,1000,0.005,270.0,106.0,32.0,180.0,0.234,"+0,-2;-2,-4;+0,+2;+0,+0;+2,-2",True,0.717,False,1,50.4,0.768,nonzero,1110000,7,0.064,-0.003,0.005,nonzero,?101101,2,-0.006,1.067,0.003,zero,1111110,0,0.738,-0.087,0.027,nonzero,101?011,5,-0.107,0.739,0.002
1777426793732,ok,,2,100,0.093,269.2,106.5,63.0,168.5,0.503,"-4,+2;-2,+2;-2,+0;+0,-2;+0,-2",True,0.864,False,0,90.1,1.837,zero,1111110,0,0.868,0.216,0.122,nonzero,1111001,3,0.189,1.074,0.093,nonzero,1011011,5,0.154,1.022,0.111,zero,1111110,0,0.956,0.205,0.163
1777426854806,ok,,3,10,0.059,267.2,106.5,65.0,168.5,0.46,"-6,+2;-2,+2;-2,+0;+0,+0;+2,-2",True,0.976,False,0,80.2,0.679,zero,1111110,0,0.884,0.196,0.059,zero,1111110,0,0.86,0.168,0.06,nonzero,1011111,6,0.081,1.113,0.103,nonzero,1011011,5,0.061,1.169,0.166
1777427847332,ok,,3,10,0.195,270.0,106.0,50.0,170.0,0.574,"-2,+4;-2,+2;+0,+0;+2,-2;+2,-2",True,0.78,False,0,112.4,0.58,zero,1111110,0,1.02,-0.248,0.326,zero,1111110,0,1.0,-0.219,0.371,nonzero,1011111,6,-0.241,0.908,0.195,nonzero,1011011,5,-0.299,0.922,0.189
1777428159499,ok,,2,100,0.185,263.5,106.0,63.0,168.5,0.629,"-6,+4;-4,+2;-2,+0;+0,+0;+2,-2",True,0.966,False,0,162.6,0.626,zero,1111110,0,0.948,-0.089,0.185,nonzero,0110000,1,0.032,0.07,0.204,nonzero,1111011,9,-0.15,1.017,0.206,nonzero,1011011,5,-0.138,0.993,0.211
1777428179809,ok,,2,100,0.163,265.8,106.5,64.0,168.5,0.716,"-6,+4;-4,+2;-2,+2;+0,+0;+2,-2",True,0.714,False,0,155.9,0.704,zero,1111110,0,0.882,-0.171,0.163,nonzero,1101101,2,-0.22,1.035,0.206,nonzero,1011111,6,-0.171,0.959,0.182,nonzero,1011011,5,-0.219,1.053,0.259
1777428200235,ok,,2,100,0.205,255.8,109.0,63.0,170.0,0.746,"+2,+4;+2,+2;+0,+0;+2,+0;+0,-2",True,0.884,False,0,153.5,1.699,zero,1111110,0,0.909,-0.113,0.205,nonzero,1111001,3,-0.103,1.084,0.243,nonzero,1011111,6,-0.122,0.944,0.118,nonzero,1011011,5,-0.171,1.031,0.194
1777447746664,ok,,2,100,0.047,265.8,106.5,63.0,167.0,0.516,"-2,+2;-2,+2;-2,+0;+0,-2;+0,-2",True,0.912,False,0,99.7,0.986,zero,1111110,0,0.868,0.215,0.092,nonzero,0110011,4,0.22,1.075,0.047,nonzero,0110011,4,0.203,1.032,0.034,nonzero,1011011,5,0.165,1.0,0.131
1777447762886,ok,,2,100,0.1,265.0,106.5,64.0,168.5,0.513,"-6,+2;-4,+2;+0,+0;+0,+0;+2,-2",True,0.804,False,0,102.8,0.641,zero,1111110,0,0.918,0.186,0.127,nonzero,1011111,6,0.188,1.0,0.1,nonzero,0110011,4,0.164,1.073,0.001,nonzero,1011011,5,0.136,0.948,0.101
1777447826549,ok,,3,10,0.068,266.5,106.5,64.0,168.5,0.538,"-6,+2;-4,+2;-2,+0;+0,-2;+2,-2",True,0.905,False,0,94.4,1.776,zero,1111110,0,0.87,0.281,0.082,zero,1111110,0,0.998,0.319,0.126,nonzero,1111111,8,0.929,0.966,0.068,nonzero,1011011,5,0.165,1.002,0.089
1777447845765,uncertain,p2_ambiguous,,,,268.5,106.5,63.0,167.0,0.475,"-6,+2;-4,+0;-2,+0;+0,-2;+2,-2",True,0.995,False,0,102.9,0.727,zero,1111110,0,0.917,0.29,0.121,uncertain,?11???0,017,0.389,0.407,0.002,uncertain,?11???0,017,0.369,0.413,0.001,zero,1111110,0,0.914,0.296,0.153
1777447910367,ok,,2,100,0.046,263.5,106.5,63.0,168.5,0.585,"-6,+4;-2,+2;+0,+0;+0,-2;+2,-4",True,0.784,False,0,121.8,0.648,zero,1111110,0,0.844,0.204,0.132,nonzero,1111001,3,0.179,1.07,0.046,nonzero,11100?0,7,0.191,0.283,0.01,nonzero,1011011,5,0.003,0.914,0.109
1777448168057,ok,,2,100,0.009,269.2,106.5,60.0,165.5,0.462,"-6,+4;-4,+2;-2,+0;+0,-2;+2,-2",True,0.587,False,0,85.8,1.926,zero,1111110,0,0.761,0.232,0.009,nonzero,1011111,6,0.229,1.09,0.071,nonzero,1011011,5,0.255,0.954,0.01,zero,1111110,0,0.971,0.259,0.147
1777448667164,ok,,2,100,0.012,253.8,109.0,58.0,163.0,0.519,"+2,+4;+2,+2;+2,+0;+0,-2;+0,-2",True,0.51,False,0,76.0,0.81,zero,1111110,0,0.937,0.272,0.125,nonzero,11?11?1,28,0.321,1.03,0.012,nonzero,1111?11,89,0.318,0.847,0.003,zero,1111110,0,0.693,0.256,0.052
1777448700919,uncertain,p1_ambiguous,,,,263.5,106.5,58.0,163.0,0.411,"-6,+2;-4,+0;-2,+0;+0,-2;+2,-2",True,1.018,False,0,70.9,0.599,uncertain,111111?,08,0.874,0.475,0.012,nonzero,1111??1,389,0.375,1.458,0.013,nonzero,1111?11,89,0.409,1.277,0.028,nonzero,1011?11,56,0.195,1.013,0.04
1777448734418,ok,,2,100,0.012,267.8,106.5,59.0,164.0,0.501,"-4,+4;-2,+2;-2,+0;+0,-2;+2,-4",True,0.861,False,0,96.8,1.456,zero,1111110,0,0.9,0.15,0.194,nonzero,1111111,8,0.858,1.014,0.012,nonzero,1011111,6,0.124,1.087,0.037,nonzero,1011011,5,0.005,1.08,0.171
1777450579850,ok,,1,1000,0.122,255.0,110.0,56.0,160.0,0.399,"+6,+8;+2,+6;+2,+2;+0,+0;-2,-4",True,0.562,False,0,80.8,0.701,nonzero,0110000,1,0.103,0.151,0.122,nonzero,1101101,2,0.006,1.233,0.021,nonzero,1111011,9,0.0,0.94,0.003,nonzero,1011011,5,0.082,1.062,0.027
1777450707934,ok,,1,1000,0.074,268.5,106.0,55.0,160.0,0.348,"-4,+8;-2,+8;+0,+4;+2,+0;+2,-2",True,0.623,False,0,78.2,0.691,nonzero,0110000,1,-0.073,-0.026,0.074,zero,1111110,0,0.942,-0.031,0.224,nonzero,1111111,8,0.839,0.987,0.126,nonzero,1011011,5,-0.057,1.163,0.191
1777450727681,ok,,1,1000,0.057,269.2,106.0,49.0,167.0,0.323,"-4,+6;-2,+4;+0,+2;+0,+0;+2,-2",True,0.803,False,0,71.5,0.723,nonzero,0110000,1,0.147,0.2,0.057,nonzero,1101101,2,0.096,1.0,0.079,nonzero,1111001,3,0.108,1.285,0.05,nonzero,1011011,5,0.047,0.86,0.024
1777509264770,ok,,2,100,0.0,265.0,106.5,62.0,167.0,0.477,"-6,+4;-4,+2;-2,+0;+0,-2;+2,-2",True,0.878,False,0,107.0,2.323,zero,1111110,0,0.852,0.332,0.093,nonzero,1011011,5,0.29,0.985,0.0,zero,1111110,0,0.994,0.344,0.101,nonzero,1011011,5,0.205,1.109,0.06
1777511056522,ok,,2,100,0.001,255.8,109.5,59.0,165.5,0.497,"+4,+4;+2,+2;+2,+0;+2,+0;+0,-2",True,1.076,False,0,64.6,0.892,zero,1111110,0,0.645,-0.036,0.023,nonzero,1111111,8,0.671,1.02,0.001,nonzero,1011011,5,-0.068,1.262,0.009,zero,1111110,0,0.947,-0.073,0.075
1777511126692,ok,,3,10,0.007,262.0,107.0,60.0,165.5,0.568,"-4,+2;-2,+0;+0,+0;+0,-2;+2,-4",True,1.114,False,0,75.8,2.261,zero,1111110,0,0.905,0.106,0.007,zero,1111110,0,0.89,0.092,0.051,nonzero,1111011,9,0.013,1.221,0.182,zero,1111110,0,0.792,0.038,0.111
1777511884384,uncertain,p1_invalid_pattern,,,,267.2,106.5,57.0,160.0,0.215,"-4,+8;-4,+6;-2,+2;+0,+0;+0,-2",True,0.581,False,1,47.1,0.84,uncertain,011?1?0,,0.12,0.341,0.014,nonzero,11?11?1,28,0.324,1.09,0.007,nonzero,0110011,4,0.11,1.378,0.001,nonzero,1?11011,59,0.278,0.958,0.01
1777511994600,uncertain,p1_invalid_pattern,,,,255.8,109.5,59.0,158.5,0.228,"+4,+6;+2,+4;+2,+2;+2,-2;+0,-4",True,0.533,False,1,47.9,0.803,uncertain,011?1?0,,0.257,0.44,0.007,uncertain,111111?,08,0.715,0.524,0.051,nonzero,1?11?11,5689,0.416,1.106,0.004,zero,1111110,0,0.953,0.397,0.023
1777512253587,ok,,3,10,0.156,271.5,106.0,55.0,165.5,0.733,"-6,+4;-4,+2;-2,+0;+2,+0;+2,-2",True,0.749,False,0,151.8,0.881,zero,1111110,0,0.961,-0.223,0.214,zero,1111110,0,1.024,-0.183,0.209,nonzero,1011111,6,-0.198,0.985,0.156,nonzero,1011011,5,-0.287,1.001,0.231
1777513531890,ok,,2,100,0.076,253.8,109.0,66.0,174.0,0.55,"+0,+2;+2,+2;+0,+0;+0,+0;+2,-2",True,0.947,False,0,101.2,0.678,zero,1111110,0,0.9,-0.415,0.204,nonzero,0110000,1,-0.034,0.091,0.076,nonzero,0110011,4,-0.32,1.252,0.5,zero,1111110,0,0.996,-0.393,0.29
1777513546558,ok,,2,100,0.137,263.5,106.0,69.0,173.0,0.604,"-4,+4;-2,+2;-2,+0;+2,-2;+4,-4",True,0.984,False,0,106.8,0.877,zero,1111110,0,1.041,-0.249,0.348,nonzero,0110000,1,0.04,0.094,0.137,nonzero,1111111,8,0.843,0.845,0.126,nonzero,1011011,5,-0.525,1.0,0.277
1777513559805,ok,,2,100,0.137,266.5,106.5,69.0,173.0,0.562,"-4,+4;-2,+2;-2,+0;+0,+0;+2,-2",True,0.598,False,0,96.5,2.379,zero,1111110,0,0.899,-0.421,0.137,nonzero,1101101,2,-0.295,0.992,0.159,nonzero,1011011,5,-0.332,1.153,0.306,nonzero,1011011,5,-0.469,1.15,0.3
1777516923819,ok,,2,100,0.087,258.0,108.5,56.0,165.5,0.688,"+0,+4;+0,+2;+0,+0;+0,+0;+0,-2",True,0.77,False,0,141.3,0.701,zero,1111110,0,0.965,0.051,0.131,nonzero,1101101,2,0.117,1.019,0.087,nonzero,1111001,3,0.082,0.991,0.002,zero,1111110,0,0.946,0.059,0.111
1777517342208,ok,,2,100,0.189,266.5,106.0,74.0,168.5,0.443,"-6,+2;-2,+2;+0,+0;+0,-2;+4,-2",True,0.9,False,0,93.0,0.716,zero,1111110,0,0.903,-0.027,0.189,nonzero,1110000,7,0.034,0.049,0.215,nonzero,0110000,1,0.085,0.139,0.158,zero,1111110,0,0.922,-0.043,0.158
1777517887594,ok,,2,100,0.213,265.0,106.5,58.0,165.5,0.687,"-6,+4;-4,+2;-2,+0;+0,+0;+2,-2",True,0.891,False,0,133.3,0.663,zero,1111110,0,0.978,-0.038,0.213,nonzero,1111001,3,-0.064,1.124,0.231,zero,1111110,0,0.995,-0.009,0.184,zero,1111110,0,0.877,-0.084,0.173
1777517927297,ok,,2,100,0.08,267.2,106.0,55.0,164.5,0.68,"-4,+8;-2,+4;-2,+2;+0,+0;+2,-2",True,0.826,False,0,143.0,2.587,zero,1111110,0,0.914,-0.017,0.112,nonzero,1111001,3,-0.054,1.081,0.08,nonzero,1111011,9,-0.036,0.95,0.105,zero,1111110,0,0.923,-0.047,0.189
1777518981407,ok,,1,1000,0.003,252.8,109.5,57.0,158.5,0.305,"+4,+2;+2,+4;+2,+2;+2,+0;+0,-2",True,0.649,False,0,64.1,2.923,nonzero,01100?0,1,0.001,0.17,0.003,nonzero,011???0,1,0.09,0.246,0.013,nonzero,0110011,4,0.02,0.994,0.087,zero,1111110,0,0.863,0.259,0.128
1777519205317,ok,,2,100,0.013,266.5,106.0,61.0,163.0,0.529,"+4,+8;+2,+4;+0,+2;+0,-2;-2,-4",True,1.014,False,0,98.4,3.852,zero,1111110,0,0.905,0.042,0.013,nonzero,0110000,1,0.059,0.124,0.116,nonzero,1111111,8,0.814,0.951,0.109,zero,1111110,0,0.949,-0.014,0.063
1777519353534,ok,,2,100,0.01,285.8,102.0,34.0,168.5,0.332,"+6,+4;+4,+6;+0,-2;+0,+0;+0,-4",True,0.785,False,1,65.6,1.335,zero,1111110,0,0.688,-0.134,0.01,nonzero,1110000,7,0.008,-0.008,0.156,nonzero,1111011,9,-0.124,0.989,0.074,nonzero,1011011,5,-0.176,0.96,0.032
1777535109524,ok,,2,100,0.01,263.5,106.5,54.0,181.5,0.451,"-4,+8;-2,+2;-2,+0;+2,-2;+4,-4",True,1.134,False,0,70.6,0.925,zero,1111110,0,1.119,-1.007,0.089,nonzero,1111001,3,-0.823,1.219,0.01,uncertain,1111111,8,0.652,0.716,0.003,uncertain,1011011,5,-1.353,1.0,0.024
1777535167804,uncertain,p3_invalid_pattern,,,,255.8,107.0,53.0,188.5,0.351,"+4,+8;+0,+2;+8,+0;-2,-2;+8,-2",True,1.351,False,0,50.2,0.981,zero,1111110,0,1.056,-1.406,0.018,uncertain,1011111,6,-1.995,1.0,0.005,uncertain,0110100,,-0.559,-0.082,0.078,uncertain,1111110,0,0.903,-1.445,0.008
1777535384267,uncertain,grid_at_search_bound,,,,261.5,106.0,30.0,205.0,0.18,"-4,-2;-8,+8;+0,+8;+2,-4;+4,+4",True,2.778,True,5,17.3,0.858,uncertain,0111110,,-2.057,-1.822,0.0,uncertain,0011111,6,-2.54,0.984,0.0,uncertain,0110010,,-3.065,-2.735,0.0,uncertain,0011011,,-2.453,1.0,0.0
1777539467046,ok,,2,100,0.257,255.8,109.5,73.0,171.5,0.785,"+2,+2;+2,+2;+2,+0;+0,-2;+0,-2",True,0.712,False,0,137.2,0.86,zero,1111110,0,1.01,-0.056,0.257,nonzero,1101101,2,-0.07,1.026,0.27,nonzero,1111011,9,-0.107,0.97,0.182,zero,1111110,0,0.957,-0.04,0.146
1777595166575,ok,,1,1000,0.207,255.0,110.0,55.0,163.0,0.333,"+8,+8;+2,+8;+2,+0;+0,-2;-2,-6",True,0.65,False,0,55.9,1.94,nonzero,0110000,1,0.02,0.02,0.207,nonzero,1101101,2,-0.073,0.854,0.014,nonzero,1101101,2,-0.083,1.079,0.035,zero,1111110,0,0.741,-0.119,0.141
1777595503592,ok,,1,1000,0.005,255.8,109.5,56.0,160.0,0.277,"+4,+8;+2,+6;+2,+2;+0,+0;+0,-4",True,0.894,False,0,58.7,3.368,nonzero,0110??0,1,0.144,0.294,0.005,zero,1111110,0,0.837,0.281,0.027,nonzero,1111001,3,0.128,1.363,0.013,nonzero,1011011,5,-0.042,1.167,0.033
1777595766266,ok,,1,1000,0.22,267.2,106.0,46.0,168.5,0.262,"-2,-4;-2,+6;+0,+4;+0,+0;+2,-2",True,0.947,False,0,56.0,0.897,nonzero,0110000,1,-0.052,0.061,0.22,nonzero,1011011,5,-0.049,0.896,0.082,nonzero,0110000,1,0.02,0.065,0.154,nonzero,1011011,5,-0.14,1.004,0.059
1777596770182,ok,,1,1000,0.199,268.5,106.0,49.0,167.0,0.513,"-4,+6;-4,+4;+0,+2;+0,+0;+2,-4",True,0.82,False,0,147.0,5.109,nonzero,0110000,1,0.042,0.075,0.199,nonzero,1011011,5,-0.132,1.053,0.257,nonzero,1101101,2,-0.177,0.991,0.208,nonzero,1011011,5,-0.217,0.987,0.208
1777597399572,ok,,2,100,0.008,255.0,110.0,61.0,168.5,0.676,"+0,+2;+0,+2;+0,+0;+0,+0;-2,+0",True,1.001,False,0,141.8,0.7,zero,1111110,0,0.923,-0.125,0.008,nonzero,0110011,4,-0.136,1.17,0.202,zero,1111110,0,0.902,-0.15,0.064,nonzero,1011011,5,-0.203,1.037,0.237
1777597421143,ok,,2,100,0.107,255.8,110.0,60.0,168.5,0.678,"+0,+4;+2,+2;+2,+0;-2,+0;-2,-2",True,0.812,False,0,140.2,0.827,zero,1111110,0,0.91,-0.17,0.107,nonzero,1011111,6,-0.211,1.061,0.142,nonzero,1110000,7,-0.075,-0.024,0.289,zero,1111110,0,0.891,-0.209,0.028
1777597441362,ok,,2,100,0.117,255.0,110.0,59.0,167.0,0.732,"+2,+6;+2,+2;+0,+0;+0,-2;-2,-2",True,0.924,False,0,147.4,4.502,zero,1111110,0,0.982,-0.155,0.117,nonzero,1111011,9,-0.158,1.025,0.185,nonzero,1111011,9,-0.166,1.039,0.039,zero,1111110,0,0.881,-0.21,0.042
1777597502681,ok,,2,100,0.193,252.2,110.0,60.0,167.0,0.725,"-2,+4;+0,+2;+0,+0;+0,+0;+0,-2",True,0.714,False,0,150.8,0.501,zero,1111110,0,0.954,-0.128,0.236,nonzero,1101101,2,-0.139,1.007,0.193,nonzero,1101101,2,-0.108,1.009,0.229,nonzero,1011011,5,-0.16,1.015,0.276
1777597551499,ok,,2,100,0.013,255.0,110.0,65.0,171.5,0.626,"+2,+2;+2,+2;+0,+0;-2,-2;-2,-2",True,1.002,False,0,107.5,0.61,zero,1111110,0,0.935,-0.288,0.013,nonzero,1111011,9,-0.434,1.09,0.136,nonzero,0110011,4,-0.323,1.128,0.135,nonzero,1011011,5,-0.314,0.972,0.163
1777597621080,ok,,3,10,0.091,252.2,110.0,60.0,167.0,0.681,"+0,+4;+2,+2;+2,+0;-2,-2;+0,-4",True,0.781,False,0,143.3,2.665,zero,1111110,0,0.926,-0.079,0.186,zero,1111110,0,0.9,-0.145,0.091,nonzero,1110000,7,-0.005,0.04,0.236,zero,1111110,0,0.948,-0.134,0.159
1777597815220,ok,,2,100,0.128,255.8,109.5,59.0,167.0,0.649,"+2,+6;+4,+2;+2,+0;+2,+0;+0,-2",True,0.923,False,0,119.9,0.677,zero,1111110,0,0.94,-0.178,0.128,nonzero,1111001,3,-0.157,1.16,0.175,nonzero,1101101,2,-0.186,1.007,0.108,zero,1111110,0,0.951,-0.181,0.153
1777597836741,ok,,2,100,0.042,255.0,110.0,59.0,167.0,0.641,"+0,+6;+2,+4;+2,+0;+0,+0;-2,-2",True,0.76,False,0,106.5,3.534,zero,1111110,0,0.937,-0.142,0.196,nonzero,1011111,6,-0.143,0.971,0.042,nonzero,1011011,5,-0.102,0.941,0.119,nonzero,1011011,5,-0.122,0.995,0.184
1777597858497,ok,,1,1000,0.295,269.2,106.5,53.0,168.5,0.602,"-6,+8;-6,+8;-2,+2;+0,+0;+2,-2",True,0.894,False,0,114.2,0.81,nonzero,0110000,1,-0.054,-0.031,0.295,zero,1111110,0,0.955,-0.288,0.273,nonzero,1111111,8,0.806,0.914,0.113,zero,1111110,0,1.018,-0.317,0.317
1777597921232,ok,,2,100,0.0,255.8,110.0,51.0,167.0,0.517,"-2,+8;+0,+2;+0,+8;+0,+0;-2,-2",True,1.006,False,0,110.7,1.055,zero,1111110,0,0.803,-0.131,0.0,nonzero,0110000,1,-0.022,-0.021,0.212,zero,1111110,0,0.91,-0.151,0.143,nonzero,1011011,5,-0.166,0.925,0.146
1777597975699,ok,,2,100,0.093,269.2,106.5,49.0,168.5,0.426,"-8,+6;-4,+4;-2,+0;+0,-2;+2,-2",True,1.002,False,0,121.9,0.818,zero,1111110,0,0.903,-0.161,0.093,nonzero,0110000,1,-0.077,0.009,0.232,nonzero,0110000,1,-0.02,0.066,0.257,zero,1111110,0,0.881,-0.166,0.189
1777598320119,uncertain,p3_ambiguous,,,,255.0,109.5,56.0,166.0,0.539,"+0,+4;+2,+2;+2,+0;+0,+0;+0,-2",True,0.766,False,0,94.7,1.744,zero,1111110,0,0.924,0.212,0.033,zero,1111110,0,0.976,0.21,0.114,uncertain,111???0,07,0.318,0.347,0.003,nonzero,1011011,5,0.061,0.989,0.073
1777598342942,ok,,2,100,0.014,254.2,109.5,57.0,164.0,0.554,"+2,+4;+2,+2;+0,+2;+0,+0;+0,-2",True,0.913,False,0,112.6,0.702,zero,1111110,0,0.887,0.239,0.084,nonzero,011???0,1,0.198,0.319,0.014,nonzero,1111001,3,0.247,1.1,0.043,nonzero,1011011,5,0.099,1.041,0.099
1777598389404,ok,,2,100,0.001,265.8,106.5,58.0,164.0,0.489,"-6,+6;-2,+2;+0,+2;+0,-2;+2,-4",True,0.953,False,0,123.1,1.067,zero,1111110,0,0.979,0.226,0.137,nonzero,011???0,1,0.257,0.302,0.001,nonzero,1110??0,7,0.277,0.318,0.004,zero,1111110,0,0.836,0.209,0.042
1777598439844,ok,,2,100,0.178,255.0,110.0,59.0,167.0,0.733,"+2,+4;+2,+2;+2,+0;-2,+0;-2,-2",True,0.806,False,0,133.7,0.97,zero,1111110,0,0.962,0.103,0.179,nonzero,1011111,6,-0.063,0.995,0.178,nonzero,1111001,3,-0.004,1.131,0.156,nonzero,1011011,5,-0.168,1.034,0.175
1777598588927,ok,,2,100,0.008,257.2,109.5,61.0,170.0,0.503,"+0,+6;+0,+2;+4,+0;+2,-2;+2,-2",True,0.926,False,1,83.6,0.676,zero,1111110,0,1.083,-0.512,0.185,nonzero,1011111,6,-0.435,0.862,0.008,nonzero,1011111,6,-0.674,0.976,0.021,uncertain,10110?1,5,-0.959,0.995,0.03
1777598963099,ok,,2,100,0.29,252.2,110.0,61.0,168.5,0.629,"+0,+4;+0,+2;+0,+0;+0,-2;+0,-2",True,1.011,False,0,129.2,0.788,zero,1111110,0,1.085,-0.305,0.327,nonzero,1110000,7,-0.097,-0.094,0.29,nonzero,1101101,2,-0.331,1.0,0.166,zero,1111110,0,0.926,-0.358,0.113
1777599317630,ok,,2,100,0.251,252.2,109.5,63.0,170.0,0.678,"+0,+2;+0,+2;+0,+0;+2,+0;+0,-2",True,1.057,False,0,124.0,0.662,zero,1111110,0,1.072,-0.251,0.251,nonzero,0110011,4,-0.279,1.145,0.347,nonzero,1011111,6,-0.315,0.991,0.248,nonzero,1011011,5,-0.361,1.0,0.202
1777599400795,ok,,2,100,0.086,267.8,106.0,58.0,164.0,0.538,"+0,+8;+2,+4;+0,+0;-2,+0;+0,-6",True,0.952,False,0,126.7,4.429,zero,1111110,0,0.948,-0.121,0.153,nonzero,1111011,9,-0.148,1.001,0.086,nonzero,0110000,1,-0.009,0.028,0.248,zero,1111110,0,0.955,-0.131,0.111
1777599787929,ok,,2,100,0.158,253.8,109.0,63.0,171.5,0.61,"+0,+2;+0,+2;+2,+0;+0,-2;+2,-2",True,0.735,False,0,118.9,0.995,zero,1111110,0,0.985,-0.316,0.183,nonzero,1101101,2,-0.368,1.0,0.158,nonzero,1110000,7,-0.149,-0.055,0.291,nonzero,1011011,5,-0.407,0.946,0.126
1777599817263,ok,,2,100,0.301,252.2,110.0,62.0,171.5,0.693,"+0,+4;+0,+2;+2,+0;+0,-2;+0,-2",True,0.863,False,0,96.9,0.901,zero,1111110,0,1.111,-0.507,0.362,nonzero,1011111,6,-0.569,1.023,0.301,nonzero,1011111,6,-0.548,0.962,0.172,zero,1111110,0,0.961,-0.503,0.165
1777600049040,ok,,2,100,0.14,252.8,110.0,55.0,167.0,0.645,"+4,+4;+2,+2;+2,+0;-2,+0;-2,-2",True,0.869,False,0,133.7,0.688,zero,1111110,0,0.978,-0.233,0.14,nonzero,1011011,5,-0.25,1.023,0.294,nonzero,1111001,3,-0.238,0.998,0.241,zero,1111110,0,0.923,-0.197,0.176
1777600231599,ok,,2,100,0.134,260.8,109.5,47.0,168.5,0.516,"+4,+4;+2,+2;+0,+0;+2,+0;+0,-2",True,1.063,False,0,132.9,0.704,zero,1111110,0,1.062,-0.208,0.239,nonzero,0110000,1,0.088,0.089,0.134,nonzero,1111111,8,0.847,0.899,0.068,nonzero,1011011,5,-0.346,0.998,0.268
1777600569159,ok,,2,100,0.193,266.5,105.5,50.0,168.5,0.623,"-4,-8;+2,+6;+2,+2;+2,+0;+0,-4",True,0.747,False,0,152.2,0.837,zero,1111110,0,0.928,-0.212,0.193,nonzero,1101101,2,-0.21,1.035,0.257,nonzero,1011011,5,-0.248,0.983,0.207,zero,1111110,0,0.916,-0.218,0.144
1777601209121,ok,,2,100,0.167,267.2,105.5,63.0,163.0,0.686,"+2,+4;+2,+2;+0,+0;+0,-2;+0,-4",True,1.059,False,0,111.9,0.942,zero,1111110,0,1.073,-0.064,0.18,nonzero,1111011,9,-0.14,1.171,0.167,nonzero,1111111,8,0.858,1.0,0.063,zero,1111110,0,0.624,-0.01,0.004
1777601766799,ok,,1,1000,0.027,269.2,106.0,31.0,177.0,0.22,"+0,+0;-2,-2;+0,+4;+0,+2;+2,-2",True,0.502,False,1,30.2,1.8,nonzero,1110000,7,0.064,-0.065,0.027,nonzero,1111111,8,0.633,0.902,0.0,zero,1111110,0,0.81,-0.172,0.078,nonzero,1011011,5,-0.168,1.031,0.103
1777601981214,ok,,2,100,0.078,266.5,106.0,59.0,167.0,0.546,"+0,+8;+2,+4;+0,+2;+0,+0;+0,-2",True,0.943,False,0,121.5,3.12,zero,1111110,0,0.827,-0.115,0.078,nonzero,0110000,1,-0.054,-0.011,0.242,nonzero,1111011,9,-0.197,0.927,0.135,zero,1111110,0,1.033,-0.181,0.269
1777602066247,ok,,3,10,0.076,269.2,106.0,62.0,166.0,0.574,"-2,+6;+0,+2;+0,+0;-2,-2;+0,-4",True,0.829,False,0,121.3,15.385,zero,1111110,0,0.804,-0.091,0.076,zero,1111110,0,0.902,-0.139,0.168,nonzero,1110000,7,-0.09,-0.023,0.289,nonzero,1011011,5,-0.181,1.097,0.303
1777602475551,ok,,2,100,0.102,279.2,102.5,55.0,163.0,0.588,"-8,+8;-4,+2;-2,+0;+0,-2;+2,-4",True,0.793,False,0,133.4,53.494,zero,1111110,0,0.962,-0.127,0.127,nonzero,1101101,2,-0.11,1.042,0.102,nonzero,1011111,6,-0.121,0.915,0.005,nonzero,1011011,5,-0.146,1.038,0.174
1777602541850,uncertain,grid_at_search_bound,,,,300.0,98.0,62.0,164.5,0.25,"-8,+8;+8,+8;+2,+8;+0,+6;-2,-2",True,1.01,False,0,98.4,1.428,nonzero,0110000,1,-0.285,-0.388,0.032,nonzero,0110000,1,-0.07,0.006,0.294,zero,1111110,0,0.843,-0.165,0.068,nonzero,1011011,5,-0.198,1.132,0.254
1777602792442,ok,,2,100,0.168,280.8,102.0,63.0,163.0,0.648,"-4,+8;-2,+2;-2,+0;+0,-2;+0,-6",True,0.809,False,0,141.5,0.934,zero,1111110,0,1.0,-0.136,0.168,nonzero,1101101,2,-0.131,1.062,0.199,nonzero,1111111,8,0.871,0.892,0.088,nonzero,1011011,5,-0.126,0.986,0.189
1777602853674,ok,,2,100,0.047,280.8,101.5,63.0,160.0,0.506,"+2,+8;+2,+4;+0,+2;+0,+0;+0,-2",True,0.979,False,0,125.9,0.728,zero,1111110,0,0.901,-0.134,0.047,nonzero,0110000,1,-0.04,0.009,0.254,nonzero,1101101,2,-0.129,1.013,0.099,nonzero,1011011,5,-0.152,0.999,0.084
1777602897583,ok,,2,100,0.269,277.8,102.5,63.0,163.0,0.634,"-6,+8;-2,+4;+0,+0;+2,-2;+2,-4",True,0.735,False,0,131.0,0.714,zero,1111110,0,0.982,-0.253,0.269,nonzero,1101101,2,-0.271,1.034,0.275,nonzero,1011011,5,-0.306,1.009,0.267,nonzero,1011011,5,-0.203,0.913,0.13
1777602939801,ok,,2,100,0.129,283.8,102.0,58.0,164.0,0.631,"-4,+8;-2,+4;-2,+2;+0,-2;+0,-4",True,0.743,False,0,148.4,7.372,zero,1111110,0,0.886,-0.146,0.192,nonzero,1101101,2,-0.206,0.966,0.129,nonzero,1011011,5,-0.211,1.008,0.206,zero,1111110,0,0.974,-0.185,0.231
1777603000450,ok,,2,100,0.097,277.8,102.5,58.0,164.0,0.664,"-6,+8;+0,+2;-2,+0;+0,-2;+0,-2",True,0.778,False,0,146.2,0.787,zero,1111110,0,0.985,-0.187,0.167,nonzero,1101101,2,-0.213,1.021,0.097,nonzero,1111011,9,-0.303,0.967,0.041,zero,1111110,0,0.869,-0.183,0.13
1777603040385,ok,,2,100,0.149,263.5,106.0,57.0,165.5,0.671,"+2,+6;+2,+2;+2,+2;-2,+0;-2,-2",True,0.808,False,0,148.7,0.505,zero,1111110,0,0.958,-0.136,0.149,nonzero,1101101,2,-0.21,1.066,0.209,nonzero,1111011,9,-0.3,0.938,0.076,zero,1111110,0,0.892,-0.143,0.085
1777603088964,uncertain,p4_invalid_pattern,,,,285.8,102.0,55.0,164.5,0.469,"-2,+8;+0,+2;+0,+0;+0,+2;+2,-2",True,0.879,False,0,150.9,0.583,zero,1111110,0,0.896,-0.206,0.025,nonzero,1111001,3,-0.211,1.02,0.052,nonzero,0110000,1,-0.07,-0.002,0.24,uncertain,100?011,,-0.306,0.86,0.032
1777603127656,uncertain,p1_invalid_pattern,,,,280.8,102.0,63.0,163.0,0.453,"-8,+4;-4,+2;-2,+0;+0,-2;+2,-4",True,0.974,False,0,123.1,0.761,uncertain,0111?10,,0.015,0.009,0.003,nonzero,1111001,3,-0.291,1.127,0.252,nonzero,0110000,1,-0.08,-0.036,0.152,uncertain,1?11110,0,0.537,-0.46,0.11
1777604530752,ok,,3,10,0.121,268.5,106.0,40.0,168.5,0.484,"-4,+2;-2,+4;+0,+2;+0,+0;+2,-4",True,0.743,False,0,115.3,0.769,zero,1111110,0,0.829,0.063,0.121,zero,1111110,0,0.942,0.13,0.249,nonzero,0110011,4,0.071,1.151,0.2,nonzero,1011011,5,-0.12,0.947,0.091
1777686916618,ok,,2,100,0.115,254.2,109.5,61.0,168.5,0.545,"+0,+4;+2,+2;+0,+0;+0,-2;+2,-2",True,0.918,False,0,135.4,0.812,zero,1111110,0,0.837,-0.067,0.115,nonzero,0110000,1,0.052,0.075,0.162,nonzero,1110000,7,-0.009,0.027,0.206,nonzero,1011011,5,-0.183,1.018,0.269
1777686950700,ok,,2,100,0.092,254.2,109.5,65.0,171.5,0.676,"+0,-2;+2,+0;+2,+0;+0,+0;+0,-2",True,0.695,False,0,120.4,0.819,zero,1111110,0,0.848,-0.088,0.092,nonzero,1101101,2,-0.118,1.067,0.113,nonzero,1111001,3,-0.088,1.149,0.299,zero,1111110,0,0.973,-0.13,0.189
1777686988012,ok,,2,100,0.086,255.0,110.0,65.0,170.0,0.678,"+0,-4;+0,+2;+0,+0;+0,+0;-2,+0",True,0.659,False,0,115.1,0.655,zero,1111110,0,0.818,-0.12,0.086,nonzero,1101101,2,-0.132,1.071,0.106,nonzero,1011111,6,-0.207,1.012,0.045,nonzero,1011011,5,-0.167,1.057,0.246
1777687162314,ok,,2,100,0.015,254.2,110.0,57.0,165.5,0.507,"+0,+4;+0,+2;+0,+0;+0,-2;+0,-2",True,0.912,False,0,95.0,0.918,zero,1111110,0,0.94,0.257,0.028,nonzero,1101101,2,0.228,1.118,0.015,nonzero,1101101,2,0.242,1.1,0.034,zero,1111110,0,0.885,0.203,0.029
1777687181752,ok,,2,100,0.073,257.8,109.5,55.0,165.5,0.556,"+2,+6;+2,+4;+2,+2;+0,+0;+0,-2",True,0.783,False,0,113.5,0.662,zero,1111110,0,0.943,0.199,0.108,nonzero,1101101,2,0.225,1.071,0.073,nonzero,1111111,8,0.876,0.922,0.031,nonzero,1011011,5,0.026,1.013,0.048
1777687199972,ok,,2,100,0.005,260.0,110.0,57.0,160.0,0.437,"+2,+4;+2,+2;+0,+0;+0,+0;-2,-2",True,1.0,False,0,96.3,0.629,zero,1111110,0,0.782,0.314,0.007,nonzero,1111??1,389,0.3,1.062,0.005,nonzero,1?11?11,5689,0.349,1.066,0.0,nonzero,1011?11,56,0.011,1.068,0.012
1777687409747,ok,,2,100,0.021,250.0,110.0,59.0,168.5,0.703,"-2,+2;+0,+2;+0,+0;+0,+0;+0,+0",True,0.953,False,0,138.3,0.753,zero,1111110,0,1.033,-0.01,0.135,nonzero,0110000,1,0.216,0.24,0.021,nonzero,1111011,9,-0.084,1.002,0.218,zero,1111110,0,0.939,-0.056,0.108
1777687428337,ok,,2,100,0.24,255.0,109.5,60.0,171.5,0.601,"+0,+0;+2,+0;+2,+0;+0,+0;+0,-2",True,0.762,False,0,111.9,5.214,zero,1111110,0,1.031,-0.226,0.297,nonzero,1101101,2,-0.342,0.986,0.24,nonzero,0110000,1,0.052,0.126,0.049,nonzero,1011011,5,-0.358,1.0,0.195
1777687445173,ok,,2,100,0.085,255.0,110.0,61.0,170.0,0.737,"+0,+0;+2,+0;+0,+0;+0,+0;-2,-2",True,0.763,False,0,131.4,0.853,zero,1111110,0,1.015,-0.036,0.286,nonzero,1101101,2,-0.08,1.0,0.085,nonzero,1111111,8,0.856,0.903,0.05,nonzero,1011011,5,-0.173,1.007,0.277
1777688108975,ok,,1,1000,0.021,268.5,106.0,33.0,174.0,0.434,"-2,+0;-4,-2;-2,+2;+0,+2;+2,+0",True,0.77,False,0,106.4,0.576,nonzero,0110000,1,0.053,0.0,0.021,nonzero,0110000,1,0.034,0.116,0.119,zero,1111110,0,0.861,-0.087,0.096,nonzero,1011011,5,-0.134,1.0,0.032
1777688551093,ok,,1,1000,0.034,254.2,109.5,63.0,167.0,0.496,"+0,+4;+2,+2;+2,+0;+0,+0;+0,-2",True,1.051,False,0,110.0,0.71,nonzero,0110000,1,0.165,0.194,0.034,nonzero,0110011,4,0.08,1.038,0.064,nonzero,1111001,3,0.09,1.085,0.131,zero,1111110,0,0.92,0.119,0.15
1777688661086,ok,,2,100,0.088,254.2,110.0,63.0,170.0,0.706,"+0,+4;+2,+2;+0,+2;+0,-2;-2,-2",True,1.003,False,0,107.8,0.639,zero,1111110,0,0.936,0.099,0.088,nonzero,1111001,3,0.071,1.175,0.126,nonzero,1011111,6,0.017,1.042,0.124,zero,1111110,0,0.942,0.059,0.097
1777690732490,ok,,2,100,0.17,254.2,110.0,61.0,167.5,0.659,"+0,+2;+2,+2;+0,+0;+0,-2;+0,-2",True,1.0,False,0,128.3,0.593,zero,1111110,0,0.9,-0.071,0.17,nonzero,0110011,4,-0.071,1.107,0.239,nonzero,1111011,9,-0.133,1.026,0.13,nonzero,1011011,5,-0.158,1.017,0.254
1777694109016,uncertain,p2_ambiguous,,,,254.2,110.0,63.0,167.0,0.499,"+2,+2;+2,+2;+0,+0;+0,-2;-2,-4",True,1.078,False,0,86.5,2.424,zero,1111110,0,0.952,0.284,0.158,uncertain,111???0,07,0.326,0.385,0.012,nonzero,1111011,9,0.222,1.055,0.078,zero,1111110,0,0.941,0.246,0.049
1777694188731,uncertain,p1_ambiguous,,,,269.2,106.5,66.0,165.5,0.402,"-2,+4;-2,+2;-2,+0;+0,-2;+0,-4",True,0.711,False,0,70.1,0.504,uncertain,?11???0,017,0.338,0.423,0.005,nonzero,?110011,49,0.255,1.214,0.011,uncertain,?11???0,017,0.334,0.419,0.0,zero,1111110,0,0.76,0.349,0.014
1777694385419,ok,,2,100,0.053,255.8,110.0,61.0,171.5,0.527,"+0,+0;+2,+0;+0,+0;+0,+0;-2,-2",True,0.896,False,0,96.6,1.345,zero,1111110,0,0.907,0.052,0.118,nonzero,0110000,1,0.082,0.199,0.053,zero,1111110,0,0.918,0.08,0.104,nonzero,1011011,5,-0.029,1.058,0.194
1777694696097,ok,,3,10,0.015,250.8,110.0,60.0,170.0,0.409,"+0,+0;+0,+0;+0,+0;+0,+0;-2,-2",True,0.917,False,1,72.9,0.59,zero,1111110,0,0.951,0.165,0.13,zero,1111110,0,0.935,0.12,0.117,nonzero,11011?1,2,0.196,0.908,0.015,nonzero,1011011,5,0.018,0.78,0.033
1777859833125,ok,,1,1000,0.185,271.5,106.0,39.0,173.0,0.425,"-4,-6;-2,+2;-2,+2;+0,-4;+2,-4",True,0.632,False,0,118.7,0.583,nonzero,0110000,1,0.046,0.043,0.185,nonzero,1111001,3,-0.081,1.047,0.136,nonzero,0110000,1,-0.006,0.068,0.162,zero,1111110,0,0.875,-0.177,0.131
1777864603074,ok,,2,100,0.21,255.0,110.0,54.0,170.0,0.499,"+0,+8;+2,+0;+2,+6;+0,-2;+0,-4",True,0.963,False,0,104.3,0.53,zero,1111110,0,0.996,-0.414,0.21,nonzero,0110000,1,-0.409,0.019,0.3,nonzero,1101101,2,-0.449,1.012,0.276,zero,1111110,0,0.985,-0.437,0.229
1777864620792,ok,,2,100,0.016,255.0,110.0,49.0,173.0,0.493,"+2,+4;+2,+2;-2,+0;+0,-2;-2,-4",True,1.015,False,0,102.6,0.524,zero,1111110,0,1.0,-0.544,0.256,nonzero,0110000,1,-0.079,0.05,0.016,nonzero,1011111,6,-0.552,0.921,0.158,nonzero,1011011,5,-0.599,1.0,0.175
1777864635981,ok,,2,100,0.109,252.8,109.5,47.0,177.0,0.552,"+0,-8;+0,+2;+2,+2;+0,+0;+2,-2",True,0.709,False,0,95.8,1.796,zero,1111110,0,0.915,-0.446,0.109,nonzero,1101101,2,-0.511,1.0,0.237,nonzero,1101101,2,-0.577,1.054,0.297,nonzero,1011011,5,-0.687,1.077,0.361
1777864743716,ok,,2,100,0.002,252.8,110.0,44.0,180.0,0.432,"+0,-6;+2,+4;-2,+2;+2,+0;+0,-4",True,1.03,False,0,94.5,0.627,zero,1111110,0,0.784,-0.615,0.052,nonzero,0110??0,1,-0.114,-0.045,0.002,nonzero,1011011,5,-0.627,1.044,0.256,nonzero,1011011,5,-0.7,1.0,0.137
1777864764077,ok,,2,100,0.124,267.8,106.5,42.0,180.0,0.505,"-4,-8;-2,+2;+2,+2;-2,-8;+2,-2",True,0.842,False,0,103.3,1.264,zero,1111110,0,1.0,-0.624,0.197,nonzero,1101101,2,-0.68,1.016,0.124,nonzero,0110000,1,-0.134,-0.086,0.244,zero,1111110,0,0.87,-0.603,0.016
1777865609186,ok,,2,100,0.098,257.8,110.0,69.0,170.0,0.583,"+0,+2;+0,+2;+0,+0;+2,+0;+0,-2",True,0.927,False,0,116.8,0.852,zero,1111110,0,0.957,0.189,0.165,nonzero,1111001,3,0.182,1.005,0.098,nonzero,1011111,6,0.165,1.012,0.103,nonzero,1011011,5,-0.073,1.038,0.135
1777865636254,ok,,2,100,0.077,250.0,110.0,66.0,174.0,0.623,"+2,+2;+2,+2;+0,+0;+0,+0;-2,-2",True,0.885,False,0,109.5,0.652,zero,1111110,0,0.965,0.153,0.177,nonzero,1111111,8,0.747,0.881,0.077,nonzero,1111011,9,0.166,1.091,0.073,nonzero,1011011,5,-0.101,1.084,0.053
1777865693797,ok,,2,100,0.001,259.2,110.0,70.0,168.5,0.554,"+2,+2;+2,+0;+0,+0;+0,+0;-2,+0",True,0.924,False,0,120.1,0.558,zero,1111110,0,0.953,0.115,0.208,nonzero,011?000,1,0.276,0.298,0.001,zero,1111110,0,0.922,0.223,0.114,zero,1111110,0,0.908,0.15,0.114
1777866753074,ok,,2,100,0.003,269.2,106.5,57.0,163.0,0.391,"-2,+8;-2,+4;-2,+2;+0,-2;+0,-4",True,0.689,False,0,81.3,1.62,zero,1111110,0,0.787,0.416,0.011,nonzero,1111??1,389,0.424,1.186,0.003,nonzero,1?11?11,5689,0.495,1.0,0.005,nonzero,1?11?11,5689,0.419,1.023,0.0
1777866780154,uncertain,p1_ambiguous,,,,255.0,109.5,58.0,163.0,0.388,"+2,+6;+2,+2;+2,+0;+0,-2;+0,-4",True,0.644,False,0,80.6,0.484,uncertain,111111?,08,0.788,0.466,0.007,nonzero,1111?11,89,0.403,1.079,0.003,uncertain,?11????,0134789,0.489,0.572,0.002,nonzero,1?11?11,5689,0.425,1.084,0.005
1777866972316,ok,,3,10,0.01,271.5,106.0,47.0,170.0,0.62,"-4,-8;-2,+4;+0,+2;+0,+0;+2,-4",True,0.698,False,0,101.5,0.612,zero,1111110,0,0.774,-0.184,0.01,zero,1111110,0,0.958,-0.203,0.162,nonzero,1011111,6,-0.232,0.9,0.089,nonzero,1011011,5,-0.232,0.947,0.193
1777867038368,ok,,2,100,0.141,258.8,109.0,48.0,170.0,0.628,"+0,+4;+0,+2;+0,+2;+2,+0;+0,-2",True,0.989,False,0,110.7,0.82,zero,1111110,0,0.919,-0.171,0.141,nonzero,1111001,3,-0.17,1.051,0.235,zero,1111110,0,0.88,-0.201,0.134,nonzero,1011011,5,-0.245,1.064,0.222
1777867854599,ok,,2,100,0.039,252.8,110.0,72.0,170.0,0.523,"+0,+2;+2,+2;+0,+0;-2,-2;-2,-2",True,0.84,False,0,83.3,2.581,zero,1111110,0,0.928,0.228,0.123,nonzero,1111111,8,0.831,1.094,0.039,nonzero,?1100?0,17,0.281,0.348,0.003,zero,1111110,0,0.861,0.155,0.126
1777867916089,ok,,3,10,0.069,252.2,110.0,70.0,168.5,0.543,"+0,+4;+2,+2;+0,+2;+0,+0;-2,-2",True,0.726,False,0,100.3,0.714,zero,1111110,0,0.928,0.226,0.172,zero,1111110,0,0.901,0.218,0.103,nonzero,1011111,6,0.231,0.926,0.069,nonzero,1011011,5,0.048,1.019,0.1
1777867937480,ok,,2,100,0.004,252.2,109.5,69.0,168.5,0.487,"+0,+4;+2,+2;+2,+0;+2,+0;+0,-2",True,0.914,False,0,97.7,0.77,zero,1111110,0,0.88,0.242,0.085,nonzero,011??00,1,0.282,0.325,0.004,nonzero,1101101,2,0.229,1.067,0.07,nonzero,1011011,5,0.054,0.969,0.087
1777868013664,ok,,2,100,0.105,252.2,109.5,68.0,170.0,0.622,"+0,+0;+2,+2;+0,+0;+2,+0;+0,+0",True,0.892,False,0,113.2,0.694,zero,1111110,0,0.902,0.163,0.105,nonzero,1111001,3,0.091,1.089,0.163,zero,1111110,0,0.98,0.171,0.102,nonzero,1011011,5,0.115,0.932,0.14
1777944747570,uncertain,grid_at_search_bound,,,,271.5,106.0,25.0,177.0,0.24,"+0,+4;+0,+2;+0,+2;+0,+0;+0,-2",True,0.277,False,1,32.0,3.441,uncertain,11101?0,,0.272,0.004,0.028,nonzero,1101101,2,-0.22,0.829,0.003,nonzero,1111?01,3,0.176,0.91,0.021,nonzero,1011011,5,-0.265,1.228,0.235
1777945396910,ok,,1,1000,0.015,268.5,106.0,46.0,168.5,0.208,"+0,+8;-2,+6;+0,+4;+0,+0;+2,-2",True,0.815,False,0,72.6,0.709,nonzero,0110000,1,0.172,0.219,0.015,nonzero,0110000,1,0.243,0.276,0.002,nonzero,1111011,9,0.108,1.127,0.017,nonzero,1011011,5,0.191,0.808,0.001
1777948595873,ok,,2,100,0.001,250.8,110.0,67.0,170.0,0.333,"+2,+6;+2,+4;+0,+2;+0,-2;-2,-4",True,0.89,False,1,50.2,0.79,zero,1111110,0,0.637,0.279,0.001,nonzero,1111??1,389,0.513,1.0,0.003,nonzero,1?11?11,5689,0.484,1.209,0.0,nonzero,1?11?11,5689,0.346,1.316,0.015
1777948736601,ok,,3,10,0.023,250.8,110.0,67.0,172.5,0.366,"+0,+2;+2,+2;+0,+0;+0,+0;-2,+0",True,0.808,False,0,55.4,0.633,zero,1111110,0,0.813,0.419,0.023,zero,1111110,0,0.805,0.375,0.031,nonzero,1111111,8,0.95,1.094,0.208,nonzero,1011011,5,0.182,0.814,0.001
1777948789987,uncertain,p2_ambiguous,,,,250.8,109.5,65.0,171.5,0.369,"+0,+2;+2,+0;+2,+0;+2,+0;+0,-2",True,0.967,False,0,76.0,0.635,zero,1111110,0,0.934,0.374,0.064,uncertain,?11????,0134789,0.442,0.488,0.003,zero,1111110,0,0.938,0.383,0.065,zero,1111110,0,0.861,0.358,0.0
1777950036288,ok,,3,10,0.015,254.2,109.5,61.0,168.5,0.444,"+0,+2;+2,+2;+2,+0;+0,-2;+0,-2",True,0.52,False,0,65.8,0.758,zero,1111110,0,0.869,0.278,0.139,zero,1111110,0,0.86,0.314,0.015,nonzero,1111111,8,0.709,0.747,0.017,nonzero,1011011,5,0.099,1.113,0.001
1777950080968,uncertain,p2_ambiguous,,,,252.8,109.5,62.0,168.5,0.276,"+2,+4;+2,+2;+2,+0;+0,-2;+0,-2",True,0.71,False,0,37.1,1.752,zero,1111110,0,0.837,0.272,0.012,uncertain,?11???0,017,0.356,0.374,0.001,nonzero,1111001,3,0.247,1.306,0.021,zero,1111110,0,0.891,0.307,0.069
1777950101519,ok,,2,100,0.017,255.8,109.0,62.0,168.5,0.37,"+0,+2;+0,+0;+2,+0;+0,-2;+0,-2",True,0.984,False,0,53.6,0.704,zero,1111110,0,0.79,0.349,0.062,nonzero,11?11?1,28,0.435,0.936,0.017,nonzero,?11??11,489,0.325,1.124,0.011,zero,1111110,0,0.709,0.347,0.025
1777950244310,ok,,2,100,0.011,253.8,109.0,61.0,166.0,0.365,"+0,+2;+0,+2;+2,+0;+2,-2;+0,-4",True,0.906,False,0,55.9,1.641,zero,1111110,0,0.69,0.365,0.035,nonzero,1011111,6,0.275,1.044,0.011,nonzero,11?1101,2,0.242,1.246,0.015,nonzero,1011?11,56,0.099,1.153,0.032
1777950318584,uncertain,p2_ambiguous,,,,254.2,110.0,63.0,167.0,0.395,"+2,+4;+2,+2;+0,+0;+0,-2;-2,-4",True,1.04,False,0,67.1,0.818,zero,1111110,0,0.937,0.297,0.11,uncertain,111???0,07,0.329,0.388,0.013,zero,1111110,0,0.841,0.368,0.03,zero,1111110,0,0.841,0.354,0.075
1777950782257,ok,,3,10,0.011,250.8,110.0,64.0,165.5,0.406,"+2,+4;+2,+2;+0,+0;+0,-2;-2,-4",True,0.816,False,0,69.1,1.633,zero,1111110,0,0.886,0.274,0.029,zero,1111110,0,0.89,0.301,0.054,nonzero,1?11011,59,0.284,1.026,0.011,zero,1111110,0,0.886,0.301,0.045
1777950920797,uncertain,p2_ambiguous,,,,252.8,110.0,61.0,166.0,0.433,"+2,+4;+2,+2;+0,+0;-2,+0;-2,-2",True,1.028,False,0,67.5,0.935,zero,1111110,0,0.889,0.411,0.004,uncertain,111111?,08,0.788,0.461,0.0,nonzero,1111111,8,0.854,1.006,0.001,nonzero,1011011,5,0.159,1.194,0.001
1777950951453,uncertain,p2_ambiguous,,,,250.8,110.0,61.0,164.5,0.37,"+0,+4;+2,+2;+0,+0;+0,-2;-2,-4",True,0.654,False,0,60.9,1.113,zero,1111110,0,0.973,0.31,0.104,uncertain,?11????,0134789,0.392,0.492,0.015,nonzero,1111111,8,0.673,0.829,0.016,zero,1111110,0,0.718,0.342,0.047
1777951176678,ok,,2,100,0.146,266.5,106.0,60.0,168.5,0.746,"-4,+4;-2,+2;-2,+0;+2,+0;+4,-4",True,0.832,False,0,107.3,1.334,zero,1111110,0,0.973,-0.022,0.146,nonzero,1111001,3,-0.019,1.261,0.272,nonzero,1111111,8,0.786,0.997,0.083,nonzero,1011011,5,-0.155,1.177,0.281
1777951196406,ok,,2,100,0.068,257.2,110.0,60.0,167.0,0.671,"+2,+4;+2,+2;+0,+0;+0,+0;-2,-2",True,0.84,False,0,121.7,0.919,zero,1111110,0,0.849,-0.105,0.068,nonzero,1110000,7,0.134,0.111,0.112,nonzero,1111011,9,-0.065,1.0,0.108,zero,1111110,0,0.969,-0.018,0.121
1777951342485,ok,,3,10,0.07,258.8,109.0,55.0,165.5,0.688,"+0,+8;+0,+4;+2,+2;+0,+0;+0,-2",True,0.879,False,0,131.2,1.364,zero,1111110,0,0.936,0.042,0.131,zero,1111110,0,0.877,0.029,0.07,nonzero,1011011,5,0.04,1.047,0.192,zero,1111110,0,0.922,0.04,0.1
1777951388200,ok,,2,100,0.078,258.8,109.0,61.0,167.0,0.637,"+0,+4;+2,+0;+0,+0;-2,-2;+0,-2",True,0.826,False,0,99.0,1.525,zero,1111110,0,0.923,-0.217,0.194,nonzero,0110000,1,0.087,0.113,0.078,nonzero,1111001,3,-0.171,1.015,0.283,zero,1111110,0,0.838,-0.213,0.101
1778028681250,ok,,2,100,0.006,255.0,109.5,65.0,167.0,0.604,"+2,+2;+4,+2;+0,+0;+0,-2;+0,-2",True,0.951,False,0,110.3,0.848,zero,1111110,0,0.62,-0.094,0.006,nonzero,1110000,7,0.099,0.211,0.057,nonzero,1011011,5,0.053,1.1,0.173,nonzero,1011011,5,0.061,0.996,0.195
1778028816971,ok,,2,100,0.022,255.0,109.5,64.0,168.5,0.507,"+0,+2;+4,+4;+2,+0;+0,+0;+0,+0",True,0.945,False,0,92.9,1.581,zero,1111110,0,0.843,0.159,0.042,nonzero,0110000,1,-0.111,0.422,0.022,zero,1111110,0,0.834,0.19,0.076,zero,1111110,0,1.035,0.238,0.18
1778028846984,uncertain,p2_invalid_pattern,,,,267.8,106.5,64.0,168.5,0.626,"-4,+2;-4,+2;-2,+0;-2,-2;+2,-4",True,0.877,False,1,108.9,1.374,zero,1111110,0,0.909,0.15,0.167,uncertain,1101111,,0.069,1.149,0.004,zero,1111110,0,0.918,0.24,0.149,zero,1111110,0,0.822,0.217,0.088
1778028947163,ok,,3,10,0.037,255.0,109.5,63.0,168.5,0.627,"+2,+2;+2,+2;+2,+0;+0,+0;+0,-2",True,0.898,False,0,103.0,1.334,zero,1111110,0,1.008,0.114,0.27,zero,1111110,0,0.846,0.032,0.08,nonzero,1111111,8,0.75,0.861,0.037,nonzero,1011011,5,0.134,1.062,0.152
1778029022232,ok,,2,100,0.059,267.2,106.5,63.0,168.5,0.481,"-6,+4;-2,+2;-2,+0;+0,-2;+2,-2",True,0.925,False,0,96.1,1.185,zero,1111110,0,0.873,0.19,0.158,nonzero,1011011,5,0.155,1.1,0.059,nonzero,?1100?0,17,0.274,0.329,0.004,nonzero,1011011,5,0.194,1.009,0.058
1778030154190,ok,,2,100,0.025,263.5,106.5,70.0,170.0,0.291,"-6,+4;-4,+2;-2,+0;+0,-2;+2,-2",True,0.872,False,0,44.4,0.919,zero,1111110,0,0.881,0.225,0.094,nonzero,1101101,2,0.204,1.148,0.025,nonzero,1111001,3,0.15,1.342,0.105,nonzero,1011011,5,0.253,0.957,0.021
1778030655105,uncertain,p3_ambiguous,,,,265.8,106.5,60.0,164.5,0.411,"-4,+4;-2,+2;-2,+0;+0,-2;+0,-4",True,0.773,False,0,74.7,0.95,zero,1111110,0,0.914,0.351,0.077,zero,1111110,0,0.934,0.367,0.047,uncertain,111???0,07,0.355,0.402,0.001,zero,1111110,0,0.848,0.319,0.051
1778030672629,uncertain,p2_ambiguous,,,,266.5,106.5,60.0,166.0,0.406,"-6,+2;-4,+0;-2,+0;+0,-2;+2,-2",True,0.81,False,0,82.0,1.399,zero,1111110,0,0.788,0.3,0.066,uncertain,?11???0,017,0.407,0.419,0.001,nonzero,?110?11,49,0.276,1.061,0.01,zero,1111110,0,0.942,0.349,0.077
1778030752424,ok,,1,1000,0.005,272.8,106.0,58.0,160.0,0.377,"-2,+6;-4,+4;+0,+2;+0,+0;+2,-4",True,0.55,False,0,89.5,1.83,nonzero,0110000,1,0.207,0.242,0.005,zero,1111110,0,0.913,0.184,0.137,nonzero,0110011,4,0.086,1.114,0.107,nonzero,1011011,5,0.121,1.159,0.033
1778031612764,ok,,2,100,0.002,262.0,107.0,69.0,168.5,0.457,"-4,+4;-2,+2;+0,+0;+0,+0;+2,-2",True,0.848,False,0,86.8,1.247,zero,1111110,0,0.76,0.448,0.002,nonzero,?11??11,489,0.363,1.206,0.03,uncertain,111????,03789,0.472,0.519,0.001,nonzero,1?11?11,5689,0.326,0.966,0.009
1778031853945,uncertain,p2_ambiguous,,,,266.5,106.5,57.0,163.0,0.264,"-4,+4;-2,+2;-2,+0;+0,+0;+2,-2",True,0.727,False,0,56.3,1.829,zero,1111110,0,0.875,0.274,0.031,uncertain,111???0,07,0.409,0.419,0.013,uncertain,1111111,8,0.609,0.76,0.002,zero,1111110,0,0.766,0.315,0.078
1778031940393,ok,,3,10,0.01,267.2,106.5,57.0,160.0,0.422,"-4,+4;-2,+2;-2,+0;+0,-2;+2,-2",True,0.707,False,0,70.4,1.55,zero,1111110,0,0.824,0.311,0.04,zero,1111110,0,0.834,0.392,0.034,nonzero,1?11?11,5689,0.313,1.135,0.01,nonzero,1?11011,59,0.249,1.166,0.006
1778031957854,ok,,2,100,0.001,268.5,106.5,56.0,160.0,0.338,"-6,+2;-4,+2;-2,+0;+0,-2;+2,-2",True,0.967,False,0,61.8,1.615,zero,1111110,0,0.748,0.281,0.032,nonzero,011???0,1,0.289,0.377,0.001,nonzero,1?11011,59,0.242,0.962,0.034,zero,?111110,0,0.595,0.254,0.006
1778032137756,ok,,3,10,0.001,267.8,106.5,55.0,160.0,0.388,"-2,+4;-2,+2;-2,+0;+0,-2;+0,-2",True,0.768,False,0,80.4,1.729,zero,1111110,0,0.917,0.236,0.043,zero,1111110,0,0.875,0.277,0.141,nonzero,111?0?0,7,0.299,0.306,0.001,nonzero,1011011,5,0.19,0.956,0.023
1778032299820,ok,,2,100,0.133,266.5,106.0,49.0,167.0,0.567,"-4,-8;+2,+4;+0,+2;+0,+0;-2,-4",True,0.979,False,0,89.0,1.132,zero,1111110,0,0.893,-0.146,0.18,nonzero,1011011,5,-0.115,0.938,0.133,nonzero,1011111,6,-0.132,1.01,0.071,zero,1111110,0,0.911,-0.162,0.124
1778032315851,uncertain,grid_at_search_bound,,,,310.0,98.0,50.0,167.0,0.564,"-2,-6;+2,+6;+2,+4;+0,+0;+0,-6",True,0.797,False,0,75.0,1.268,zero,1111110,0,0.684,-0.225,0.073,nonzero,1011111,6,-0.242,1.113,0.02,nonzero,1111111,8,0.711,0.832,0.011,zero,1111110,0,0.947,-0.228,0.142
1778032368395,ok,,2,100,0.151,280.8,102.0,57.0,164.0,0.575,"-8,+6;-4,+6;-2,+2;+0,+0;+2,-4",True,0.785,False,0,89.6,1.76,zero,1111110,0,0.864,-0.096,0.151,nonzero,1101101,2,-0.144,1.118,0.193,nonzero,1111111,8,0.833,0.853,0.015,nonzero,1011011,5,-0.118,1.203,0.224
1778033569965,ok,,2,100,0.009,267.2,106.5,57.0,163.0,0.442,"-4,+4;-2,+2;-2,+0;+0,+0;+2,-2",True,0.586,False,0,71.9,1.804,zero,1111110,0,0.69,0.282,0.016,nonzero,1111?01,3,0.291,1.103,0.009,nonzero,1111??1,389,0.303,1.08,0.008,nonzero,1011?11,56,0.201,1.157,0.02
1778033609607,uncertain,p2_ambiguous,,,,255.0,109.5,57.0,163.0,0.394,"+4,+4;+4,+2;+0,+0;+0,-2;+0,-2",True,0.837,False,0,68.5,1.599,zero,1111110,0,0.847,0.258,0.03,uncertain,111???0,07,0.311,0.405,0.002,nonzero,1111111,8,0.802,0.96,0.054,nonzero,1011?11,56,0.207,1.447,0.003
1778033687074,ok,,2,100,0.008,267.8,106.5,63.0,166.0,0.538,"-4,+4;-4,+2;-2,+0;+0,-2;+2,-4",True,0.677,False,0,84.0,1.181,zero,1111110,0,0.95,0.093,0.142,nonzero,1111111,8,0.81,0.87,0.008,nonzero,1111001,3,0.173,1.054,0.082,nonzero,1111011,9,0.135,1.127,0.02
1778034178247,ok,,2,100,0.003,270.0,106.5,57.0,160.0,0.334,"-4,+2;-2,+0;-2,+0;+0,-2;+0,-2",True,0.753,False,0,76.8,2.07,zero,1111110,0,0.672,0.255,0.023,nonzero,011???0,1,0.271,0.405,0.003,nonzero,1?11111,68,0.32,0.999,0.003,zero,1111110,0,0.886,0.308,0.013
1778034192150,ok,,2,100,0.115,269.2,106.5,46.0,168.5,0.334,"-4,+4;-2,+2;-2,+0;+0,+0;+2,-2",True,0.665,False,0,84.3,1.848,zero,1111110,0,0.935,0.172,0.115,nonzero,1101101,2,0.134,1.042,0.131,nonzero,1101101,2,0.152,0.958,0.126,zero,1111110,0,0.966,0.131,0.197
1778034809067,ok,,2,100,0.011,263.5,106.5,58.0,160.0,0.355,"-6,+2;-4,+0;-2,+0;+0,-2;+2,-4",True,0.794,False,0,73.2,1.107,zero,1111110,0,0.987,0.174,0.051,nonzero,0110?00,1,0.079,0.304,0.011,nonzero,0110011,4,0.045,0.855,0.029,nonzero,1011011,5,0.086,1.217,0.131
1778051558507,ok,,2,100,0.027,271.5,106.0,61.0,168.5,0.431,"+0,+4;+2,+2;+0,+0;+0,+0;+0,-2",True,1.056,False,0,47.0,1.912,zero,1111110,0,0.964,-0.098,0.171,nonzero,0110000,1,0.019,0.04,0.027,nonzero,1111001,3,-0.042,0.929,0.057,zero,1111110,0,0.921,-0.033,0.103
1778051678635,ok,,2,100,0.003,255.0,110.0,62.0,168.5,0.499,"+2,+2;+2,+2;+0,+0;+0,+0;-2,-2",True,1.273,False,0,60.2,1.807,zero,1111110,0,0.791,-0.09,0.003,nonzero,1011011,5,-0.035,0.994,0.007,zero,1111110,0,0.687,-0.04,0.047,nonzero,1011011,5,-0.16,1.371,0.29
1778051763593,ok,,2,100,0.032,258.8,109.0,62.0,167.5,0.528,"+2,+2;+2,+2;+0,+0;+0,-2;+0,-2",True,0.824,False,0,64.0,1.897,zero,1111110,0,0.845,-0.084,0.176,nonzero,1111001,3,-0.044,0.866,0.032,nonzero,1101101,2,-0.05,0.953,0.031,nonzero,1011011,5,-0.153,1.259,0.027
1778051857216,ok,,3,10,0.005,255.8,109.5,64.0,168.5,0.448,"+4,+2;+2,+2;+2,+0;+0,-2;+0,-2",True,1.279,False,0,49.1,1.692,zero,1111110,0,0.67,-0.041,0.005,zero,1111110,0,0.756,-0.059,0.028,nonzero,0110011,4,-0.112,1.504,0.034,zero,1111110,0,0.979,-0.145,0.082
1778056525267,ok,,3,10,0.166,268.5,106.5,60.0,167.0,0.69,"-8,+4;-4,+2;-2,+0;+0,+0;+2,-2",True,0.742,False,0,150.8,1.701,zero,1111110,0,0.858,-0.169,0.166,zero,1111110,0,0.993,-0.168,0.241,nonzero,1011011,5,-0.134,0.996,0.166,zero,1111110,0,0.917,-0.168,0.21
1778116807242,ok,,1,1000,0.305,249.2,110.0,65.0,168.5,0.515,"+6,+4;+2,+2;+2,+2;+0,+0;-2,+0",True,1.004,False,0,154.5,1.817,nonzero,0110000,1,-0.082,-0.053,0.305,nonzero,0110011,4,-0.266,1.116,0.191,nonzero,1101101,2,-0.302,1.005,0.15,zero,1111110,0,0.962,-0.309,0.193
1778116935725,ok,,2,100,0.243,261.5,106.0,67.0,168.5,0.731,"-8,+2;-4,+2;-2,+2;+0,+0;+2,-2",True,0.876,False,0,156.4,1.779,zero,1111110,0,0.988,-0.164,0.243,nonzero,1011011,5,-0.171,1.074,0.267,nonzero,1011111,6,-0.215,0.994,0.189,zero,1111110,0,0.994,-0.198,0.256
1778117223598,ok,,2,100,0.004,271.5,106.0,47.0,173.0,0.429,"-4,+4;-2,+2;-2,+0;+2,-2;+4,-2",True,1.294,False,0,85.2,2.024,zero,1111110,0,0.99,-0.447,0.197,nonzero,0110000,1,-0.149,-0.033,0.004,nonzero,1101101,2,-0.516,1.002,0.182,zero,1111110,0,0.951,-0.56,0.128
1778117239723,ok,,2,100,0.075,269.2,106.5,40.0,180.0,0.525,"-4,-8;-4,+4;-2,+2;+0,+2;+2,+0",True,0.84,False,0,97.2,1.952,zero,1111110,0,0.923,-0.528,0.081,nonzero,1101101,2,-0.545,1.042,0.075,zero,1111110,0,0.914,-0.579,0.051,nonzero,1011011,5,-0.765,1.005,0.043
1778117431003,ok,,2,100,0.118,265.0,106.5,58.0,170.0,0.413,"-4,+6;-4,+2;+0,+0;+0,-2;+2,-2",True,0.803,False,0,96.7,1.782,zero,1111110,0,1.018,-0.557,0.276,nonzero,1101101,2,-0.662,0.99,0.118,nonzero,1110000,7,-0.408,-0.161,0.008,nonzero,1011011,5,-0.752,0.934,0.037
1778117455605,ok,,2,100,0.164,269.2,106.5,46.0,180.0,0.473,"-6,-8;-2,+2;-2,+2;+0,+0;+2,-2",True,1.259,False,0,87.7,1.674,zero,1111110,0,0.989,-0.727,0.164,nonzero,1110000,7,-0.532,-0.288,0.179,nonzero,1111011,9,-0.862,0.922,0.005,nonzero,1011011,5,-0.907,1.002,0.008
1778117943738,ok,,2,100,0.143,265.0,106.5,67.0,167.0,0.589,"-6,+6;-4,+2;+0,+0;+0,-2;+2,-2",True,0.854,False,0,126.2,1.868,zero,1111110,0,0.943,0.056,0.165,nonzero,1101101,2,-0.183,1.019,0.143,nonzero,0110000,1,-0.108,0.032,0.02,nonzero,1011011,5,-0.249,1.065,0.251
1778118221302,ok,,2,100,0.276,265.8,106.5,69.0,167.0,0.797,"-4,+2;-2,+2;+0,+0;+0,-2;+2,-2",True,0.732,False,0,147.3,1.703,zero,1111110,0,1.041,-0.163,0.37,nonzero,1011111,6,-0.208,1.001,0.276,nonzero,1111111,8,0.889,0.902,0.134,nonzero,1011011,5,-0.269,1.005,0.272
1778118596815,ok,,3,10,0.13,267.8,106.5,61.0,167.0,0.674,"-4,+2;-4,+0;-2,+0;+0,-2;+2,-2",True,0.702,False,0,123.3,1.752,zero,1111110,0,1.021,-0.099,0.292,zero,1111110,0,0.997,-0.115,0.308,nonzero,1111111,8,0.849,0.851,0.13,nonzero,1011011,5,-0.323,1.013,0.273
1778118609675,ok,,2,100,0.073,265.0,106.5,62.0,168.5,0.534,"-4,+4;-2,+2;-2,+0;+0,+0;+4,-4",True,0.948,False,0,125.8,0.824,zero,1111110,0,0.999,-0.18,0.283,nonzero,0110000,1,0.155,0.229,0.073,nonzero,0110011,4,-0.21,1.095,0.318,nonzero,1011011,5,-0.36,0.99,0.231
1778118622131,ok,,2,100,0.27,265.0,106.5,62.0,168.5,0.68,"-4,+4;-4,+2;+0,+0;+0,-2;+4,-2",True,0.687,False,0,131.0,1.347,zero,1111110,0,1.065,-0.024,0.338,nonzero,1101101,2,-0.1,1.011,0.27,zero,1111110,0,0.997,-0.124,0.346,zero,1111110,0,0.914,-0.109,0.171
1778118972103,ok,,2,100,0.25,255.8,109.5,61.0,167.0,0.589,"+2,+4;+4,+2;+0,+0;+2,+0;+0,-2",True,0.969,False,0,149.5,2.239,zero,1111110,0,0.953,-0.263,0.25,nonzero,0110000,1,-0.048,-0.022,0.26,zero,1111110,0,0.917,-0.21,0.175,nonzero,1011011,5,-0.263,1.042,0.264
1778118987054,ok,,2,100,0.266,271.5,106.0,59.0,167.0,0.678,"-8,+4;-4,+2;-2,+0;+0,+0;+2,-2",True,0.764,False,0,147.7,1.13,zero,1111110,0,0.969,-0.169,0.271,nonzero,1101101,2,-0.196,1.083,0.266,nonzero,1101101,2,-0.213,1.011,0.211,zero,1111110,0,0.959,-0.195,0.204
1778121004546,ok,,2,100,0.105,267.8,106.5,63.0,167.0,0.646,"-6,+2;-4,+2;-2,+0;+0,+0;+0,-2",True,1.083,False,0,93.8,0.673,zero,1111110,0,0.93,-0.197,0.105,nonzero,1111001,3,-0.173,1.129,0.168,nonzero,1011111,6,-0.166,0.957,0.13,zero,1111110,0,0.975,-0.202,0.23
1778121112306,ok,,2,100,0.041,267.2,106.5,55.0,167.0,0.505,"-6,+8;-2,+4;-2,+4;-2,+0;+0,-2",True,0.914,False,0,108.0,2.448,zero,1111110,0,0.691,-0.14,0.041,nonzero,0110000,1,-0.044,-0.043,0.266,nonzero,1111001,3,-0.135,1.006,0.27,zero,1111110,0,0.821,-0.14,0.126
1778121779159,ok,,2,100,0.254,277.0,103.0,73.0,167.0,0.503,"-2,+8;-2,+2;+0,+0;+0,-4;+4,-6",True,1.034,False,0,95.0,1.998,zero,1111110,0,0.992,-0.356,0.254,nonzero,0110011,4,-0.409,1.111,0.292,nonzero,1110000,7,-0.161,0.004,0.168,nonzero,1011011,5,-0.406,0.91,0.17
1778121830667,ok,,2,100,0.117,262.0,107.0,59.0,167.0,0.52,"-2,+4;-2,+2;-2,+2;+0,-2;+2,-2",True,0.997,False,0,122.0,1.357,zero,1111110,0,1.043,-0.253,0.311,nonzero,0110000,1,-0.053,0.044,0.117,nonzero,1101101,2,-0.317,1.0,0.264,nonzero,1011011,5,-0.386,0.966,0.211
1778122218230,ok,,2,100,0.001,255.0,110.0,64.0,168.5,0.509,"+4,+2;+2,+2;+0,+0;-2,-2;-2,-2",True,0.838,False,0,101.9,2.929,zero,1111110,0,0.832,0.217,0.001,nonzero,1111011,9,0.131,1.07,0.107,nonzero,?1100?0,17,0.259,0.261,0.01,zero,1111110,0,0.818,0.201,0.104
1778122283095,uncertain,p2_ambiguous,,,,257.2,109.5,62.0,170.0,0.498,"+2,+2;+2,+2;+0,+0;+0,+0;+0,-2",True,1.074,False,0,88.5,1.957,zero,1111110,0,0.83,0.388,0.013,uncertain,?11???0,017,0.313,0.416,0.007,nonzero,1111111,8,0.872,1.097,0.08,zero,1111110,0,0.893,0.43,0.02
1778122346276,ok,,2,100,0.033,267.8,106.5,65.0,168.5,0.489,"-6,+2;-4,+2;-2,+0;+0,+0;+2,-2",True,0.835,False,0,96.0,0.904,zero,1111110,0,0.862,0.24,0.083,nonzero,0110011,4,0.185,1.057,0.033,nonzero,1111111,8,0.865,0.936,0.127,nonzero,1011011,5,0.141,1.063,0.005
1778122431459,uncertain,p2_ambiguous,,,,268.5,106.5,65.0,168.5,0.426,"-6,+2;-4,+2;-2,+0;+0,+0;+2,-2",True,0.839,False,0,100.8,1.135,zero,1111110,0,0.813,0.291,0.022,uncertain,111???0,07,0.333,0.337,0.017,nonzero,1111011,9,0.288,1.064,0.012,zero,1111110,0,0.915,0.295,0.151
1778124728402,ok,,2,100,0.0,269.2,106.5,61.0,163.0,0.346,"-4,+2;-4,+0;-2,+0;+0,-2;+0,-4",True,0.625,False,0,66.3,0.942,zero,1111110,0,0.847,0.261,0.133,nonzero,011???0,1,0.286,0.395,0.0,nonzero,1?11111,68,0.309,0.888,0.008,zero,1111110,0,0.809,0.343,0.091
1778125057244,ok,,3,10,0.103,269.2,106.5,62.0,166.0,0.672,"-6,+4;-4,+2;-2,+0;+0,+0;+2,-2",True,0.819,False,0,134.0,0.821,zero,1111110,0,0.9,0.027,0.103,zero,1111110,0,0.932,0.039,0.115,nonzero,1111011,9,0.009,1.048,0.172,nonzero,1011011,5,-0.097,1.059,0.237
1778127401460,ok,,2,100,0.181,252.8,110.0,56.0,167.0,0.747,"+2,+4;+0,+0;+0,+0;+0,-2;+0,-2",True,0.758,False,0,124.1,1.597,zero,1111110,0,0.942,-0.229,0.24,nonzero,1101101,2,-0.223,1.073,0.181,nonzero,1011111,6,-0.268,1.018,0.233,zero,1111110,0,0.943,-0.276,0.229
1778127561352,ok,,2,100,0.004,263.5,106.5,58.0,164.0,0.424,"-6,+2;-4,+2;-2,+0;+0,+0;+2,-2",True,1.016,False,0,76.0,0.863,zero,1111110,0,0.796,0.263,0.004,nonzero,1111001,3,0.174,1.28,0.067,nonzero,1011011,5,0.182,1.146,0.057,zero,1111110,0,0.827,0.141,0.082
1778202162943,ok,,2,100,0.197,257.8,106.0,39.0,171.5,0.45,"-2,-6;+0,+6;+0,-4;+0,+0;+2,-4",True,1.046,False,0,120.3,1.052,zero,1111110,0,0.927,-0.221,0.197,nonzero,0110000,1,-0.077,-0.055,0.279,nonzero,1110000,7,-0.146,-0.056,0.304,nonzero,1011011,5,-0.339,1.0,0.149
1778204764576,ok,,2,100,0.001,267.8,106.5,59.0,160.0,0.311,"-4,+4;-4,+2;-2,+0;+0,-2;+2,-4",True,1.202,False,0,65.7,1.059,zero,1111110,0,0.737,0.152,0.001,nonzero,0110000,1,0.08,0.258,0.001,nonzero,1011011,5,0.09,1.235,0.051,nonzero,1011011,5,-0.069,1.129,0.136
1778204787227,ok,,2,100,0.015,262.8,107.0,58.0,160.0,0.309,"-2,+2;-2,+2;+0,+0;+0,-2;+2,-2",True,0.672,False,0,61.0,1.039,zero,1111110,0,0.949,0.149,0.067,nonzero,1101101,2,0.141,0.852,0.015,nonzero,1110000,7,0.209,0.269,0.027,nonzero,1011011,5,0.105,1.109,0.032
1778204839924,ok,,2,100,0.001,265.0,106.5,57.0,164.0,0.555,"-4,+4;-4,+2;-2,+0;+0,+0;+2,-2",True,1.025,False,0,107.1,1.152,zero,1111110,0,0.846,0.034,0.001,nonzero,1111001,3,0.01,1.19,0.099,nonzero,1111001,3,-0.0,1.158,0.108,nonzero,1011011,5,-0.049,1.032,0.169
1778205119842,ok,,3,10,0.002,263.5,106.5,57.0,163.0,0.444,"-6,+4;-2,+2;-2,+0;+0,+0;+2,-2",True,0.732,False,0,73.8,1.377,zero,1111110,0,0.689,0.007,0.002,zero,1111110,0,0.84,0.035,0.056,nonzero,1111111,8,0.71,0.768,0.016,nonzero,1011011,5,-0.03,1.207,0.22
1778205639471,ok,,2,100,0.069,280.8,102.0,48.0,170.0,0.497,"-8,-8;-4,+6;-2,+2;+0,+0;+2,-4",True,0.897,False,0,144.3,0.935,zero,1111110,0,0.915,-0.196,0.069,nonzero,0110000,1,-0.066,-0.029,0.263,nonzero,1111001,3,-0.277,0.974,0.2,zero,1111110,0,0.95,-0.224,0.226
1778205746623,uncertain,p2_ambiguous,,,,255.8,109.5,56.0,166.0,0.373,"+2,+2;+2,+2;+2,+2;+0,+0;+0,-2",True,0.754,False,0,71.4,0.899,zero,1111110,0,0.833,0.122,0.02,uncertain,?11???0,017,0.312,0.298,0.001,nonzero,1011011,5,0.184,1.002,0.101,nonzero,1011011,5,-0.074,1.035,0.096
1778205789361,ok,,2,100,0.028,271.5,106.0,54.0,160.0,0.354,"-4,+6;-2,+2;+0,+0;+0,+0;+2,-2",True,0.598,False,0,77.6,1.702,zero,1111110,0,0.706,0.108,0.028,nonzero,1101101,2,0.203,1.175,0.09,nonzero,011???0,1,0.064,0.28,0.004,nonzero,1011011,5,0.001,1.011,0.065
1778205819178,ok,,2,100,0.01,270.0,106.5,54.0,158.5,0.271,"-4,+6;-4,+2;-2,+0;+0,+0;+2,-2",True,1.026,False,0,50.5,0.706,zero,?111110,0,0.381,0.156,0.01,nonzero,1111001,3,0.217,1.391,0.016,nonzero,0110011,4,-0.139,1.257,0.057,zero,1111110,0,0.869,0.133,0.133
1778206201155,ok,,2,100,0.018,263.5,106.5,56.0,160.0,0.324,"-4,+4;-2,+2;-2,+0;+0,-2;+2,-2",True,0.888,False,0,45.1,1.057,zero,1111110,0,0.757,0.063,0.157,nonzero,1111001,3,0.068,1.114,0.018,nonzero,1111001,3,0.145,0.911,0.001,zero,?111110,0,0.581,0.101,0.026
1778206241900,uncertain,p2_unstable_across_repeats,,,,265.8,106.5,55.0,160.0,0.308,"-4,+4;-2,+2;-2,+0;+0,+0;+2,-2",True,0.79,False,0,37.2,0.794,zero,1111110,0,0.871,0.116,0.099,uncertain,?111111,8,0.599,0.722,0.001,nonzero,?011011,5,0.156,0.957,0.022,nonzero,1011011,5,0.013,1.215,0.007
1778206320808,ok,,2,100,0.002,266.5,106.0,58.0,160.0,0.318,"-4,+4;-2,+2;+0,+2;+2,+0;+4,-2",True,0.713,False,0,53.9,0.519,zero,1111110,0,0.836,0.054,0.032,nonzero,0110000,1,0.001,0.159,0.002,nonzero,1111001,3,0.075,1.186,0.014,nonzero,1011011,5,0.059,1.06,0.023
1778206343210,ok,,2,100,0.035,266.5,106.5,58.0,165.5,0.42,"-6,+2;-4,+2;-2,+0;+0,-2;+2,-4",True,0.5,False,0,60.7,0.625,zero,1111110,0,0.76,0.008,0.035,nonzero,1101101,2,0.031,0.928,0.089,zero,1111110,0,0.883,0.08,0.005,nonzero,1011011,5,0.09,1.144,0.133
1778207894293,no_display,no_ghost_to_lit_contrast,,,,270.0,106.0,59.0,160.0,0.407,"-2,+4;+0,+2;+0,+0;+0,-2;+2,-2",,,,,,0.588,,,,,,,,,,,,,,,,,,,,,,,,
1778207913516,uncertain,p2_ambiguous,,,,268.5,106.5,59.0,163.0,0.342,"-4,+4;-2,+2;-2,+0;+0,-2;+2,-4",True,0.61,False,0,73.3,0.579,zero,1111110,0,0.707,0.399,0.018,uncertain,111????,03789,0.426,0.473,0.006,uncertain,?11????,0134789,0.429,0.495,0.0,zero,1111110,0,0.799,0.426,0.007
1778210891441,ok,,2,100,0.031,268.5,106.5,68.0,168.5,0.366,"-4,+4;-4,+2;-2,+2;+0,+0;+2,-2",True,0.826,False,0,69.7,0.769,zero,1111110,0,0.722,0.214,0.031,nonzero,1101101,2,0.162,1.292,0.089,nonzero,111?000,7,0.273,0.232,0.003,zero,1111110,0,0.847,0.205,0.045
1778211382116,ok,,2,100,0.062,252.2,109.5,70.0,168.5,0.474,"+4,+2;+2,+2;+0,+0;+0,+0;-2,-2",True,0.784,False,0,65.8,0.757,zero,1111110,0,0.706,-0.061,0.062,nonzero,1111001,3,0.106,1.073,0.068,nonzero,1111111,8,0.921,0.958,0.109,nonzero,1011011,5,-0.029,1.063,0.221
1778213307039,ok,,1,1000,0.019,266.5,106.5,56.0,160.0,0.229,"-4,+8;-4,+6;-2,+2;+0,-2;+2,-2",True,0.537,False,0,62.3,0.644,nonzero,0110??0,1,0.131,0.307,0.019,zero,1111110,0,0.957,0.348,0.102,uncertain,111???0,07,0.323,0.393,0.004,nonzero,1011?11,56,0.097,0.963,0.002
1778216689008,ok,,1,1000,0.007,271.5,105.5,32.0,180.0,0.202,"+4,+6;+0,+2;+0,+6;+0,-4;+0,-6",True,0.528,False,1,36.2,0.817,nonzero,1110??0,7,0.252,0.152,0.007,nonzero,1101101,2,0.175,1.177,0.046,uncertain,111???0,07,0.319,0.252,0.006,zero,1111110,0,0.709,0.052,0.028
1778288077794,uncertain,grid_at_search_bound,,,,268.5,106.0,25.0,191.5,0.192,"+0,+6;+0,+4;+0,+2;+0,-2;+2,-4",True,0.699,False,1,38.0,0.531,zero,1111110,0,0.816,-0.012,0.118,nonzero,1110?11,9,0.201,0.829,0.023,zero,1111110,0,0.917,-0.058,0.002,zero,1111110,0,0.898,-0.132,0.024
1778289863894,ok,,1,1000,0.034,267.8,106.0,64.0,165.5,0.5,"-4,+6;-2,+2;+0,+2;+0,-2;+2,-2",True,0.79,False,0,96.7,0.788,nonzero,0110000,1,-0.003,0.07,0.034,zero,1111110,0,0.873,-0.051,0.069,nonzero,0110000,1,0.1,0.109,0.12,nonzero,1011011,5,-0.022,1.0,0.096
1778292531547,ok,,3,10,0.132,250.0,109.5,69.0,176.0,0.702,"+4,+2;+0,+0;+2,+0;+0,-2;+0,-4",True,0.834,False,0,89.6,0.927,zero,1111110,0,1.014,-0.377,0.132,zero,1111110,0,1.051,-0.357,0.346,nonzero,1111011,9,-0.446,0.949,0.226,zero,1111110,0,0.979,-0.474,0.137
1778292547469,ok,,2,100,0.217,281.5,105.5,79.0,177.0,0.51,"+2,+8;-2,+4;+2,+2;+0,-4;+2,-6",True,1.136,False,0,62.0,0.878,zero,1111110,0,0.963,-0.978,0.235,nonzero,1101101,2,-1.263,1.048,0.217,nonzero,1111001,3,-1.292,1.0,0.145,zero,1111110,0,0.928,-1.034,0.059
1778292568459,ok,,2,100,0.205,253.8,109.0,70.0,173.0,0.559,"+2,+2;+2,+2;+2,+0;+0,-2;+0,-4",True,0.786,False,0,95.4,0.664,zero,1111110,0,1.014,-0.252,0.275,nonzero,1011111,6,-0.441,0.98,0.205,nonzero,1111001,3,-0.346,1.082,0.203,zero,1111110,0,0.982,-0.315,0.235
1778292890840,ok,,2,100,0.195,263.5,106.0,38.0,180.0,0.503,"-6,-8;-2,+2;-2,+4;+2,+2;+4,-2",True,1.036,False,0,117.4,0.973,zero,1111110,0,0.98,-0.341,0.195,nonzero,1110000,7,-0.143,-0.061,0.256,nonzero,1011011,5,-0.33,1.0,0.123,nonzero,1011011,5,-0.402,0.935,0.058
1778292951682,ok,,3,10,0.171,267.8,106.5,57.0,168.5,0.665,"-6,+6;-4,+2;-2,+2;+0,-2;+2,-2",True,0.69,False,0,123.6,0.732,zero,1111110,0,1.019,-0.106,0.249,zero,1111110,0,0.987,-0.081,0.186,nonzero,1111011,9,-0.099,0.971,0.171,zero,1111110,0,0.988,-0.153,0.279
1778292969948,ok,,2,100,0.07,269.2,106.0,62.0,160.0,0.626,"+0,+6;+0,+2;+0,+2;+0,-2;+2,-4",True,0.885,False,0,123.5,0.671,zero,1111110,0,1.0,-0.149,0.252,nonzero,0110000,1,-0.049,0.128,0.07,nonzero,1111111,8,0.811,0.891,0.028,zero,1111110,0,0.956,-0.104,0.131
1778293018458,ok,,2,100,0.133,271.5,106.0,51.0,167.0,0.446,"-4,+8;-2,+2;+0,+8;+2,+0;+2,-4",True,0.929,False,0,115.3,0.572,zero,1111110,0,0.827,-0.335,0.133,nonzero,0110000,1,-0.144,-0.014,0.15,nonzero,1101101,2,-0.343,1.003,0.214,nonzero,1011011,5,-0.413,1.044,0.323
1778293065183,ok,,2,100,0.113,235.0,110.5,30.0,190.0,0.572,"-4,-8;-4,+2;+2,+2;-4,+0;+6,-2",True,1.13,False,0,80.8,1.159,zero,1111110,0,1.012,-0.762,0.113,nonzero,1011011,5,-0.855,1.149,0.261,nonzero,1111011,9,-0.903,1.0,0.096,zero,1111110,0,0.939,-0.942,0.094
1778294938685,ok,,2,100,0.144,255.0,110.0,57.0,170.0,0.524,"-2,+8;+2,+2;+0,+4;-2,+0;-2,-2",True,0.993,False,0,115.3,0.686,zero,1111110,0,0.929,-0.437,0.144,nonzero,0110000,1,-0.172,-0.121,0.232,nonzero,1111001,3,-0.411,1.079,0.3,zero,1111110,0,0.93,-0.463,0.187
1778295171180,ok,,2,100,0.273,255.0,110.0,56.0,168.5,0.715,"+0,+6;+2,+2;+0,+0;+0,-2;+0,-2",True,0.936,False,0,131.2,1.024,zero,1111110,0,1.057,-0.368,0.273,nonzero,1011011,5,-0.35,1.118,0.382,nonzero,1111111,8,0.879,0.9,0.114,zero,1111110,0,0.974,-0.401,0.218
1778295212989,ok,,2,100,0.267,292.8,102.0,66.0,170.0,0.458,"-8,-8;+0,+6;+0,+0;+2,-2;+6,-6",True,0.951,False,0,121.2,0.622,zero,1111110,0,0.963,-0.522,0.267,nonzero,0110000,1,-0.364,0.082,0.309,nonzero,1101101,2,-0.618,0.985,0.237,nonzero,1011011,5,-0.641,1.035,0.292
1778295456945,ok,,2,100,0.042,250.8,110.0,62.0,167.5,0.499,"-4,+4;+0,+2;+0,+0;+0,+0;+0,-2",True,0.989,False,0,132.1,1.03,zero,1111110,0,0.865,-0.197,0.042,nonzero,0110000,1,-0.042,-0.029,0.261,nonzero,0110011,4,-0.238,1.12,0.263,nonzero,1011011,5,-0.276,1.033,0.245
1778295521311,ok,,2,100,0.082,247.8,110.0,64.0,170.0,0.596,"+0,+6;+2,+2;+2,+2;-2,-2;-2,-4",True,0.768,False,0,124.3,0.895,zero,1111110,0,0.98,-0.337,0.189,nonzero,1111111,8,0.845,0.977,0.082,nonzero,0110000,1,-0.076,-0.047,0.277,zero,1111110,0,0.801,-0.288,0.03
1778296289481,ok,,3,10,0.034,271.5,106.0,37.0,181.5,0.582,"-2,-8;-4,+2;+0,+4;+2,+0;+0,-2",True,0.961,False,1,72.1,0.458,zero,1111110,0,0.923,-0.859,0.034,zero,1111110,0,0.93,-0.607,0.04,nonzero,1011111,6,-0.958,0.952,0.039,nonzero,1011011,5,-0.936,1.093,0.147
1778296610754,ok,,2,100,0.0,250.8,110.0,61.0,168.5,0.483,"+2,+2;+2,+2;+2,+0;+0,-2;-2,-2",True,0.942,False,0,84.5,0.582,zero,1111110,0,0.96,0.167,0.162,nonzero,011??00,1,0.294,0.35,0.0,nonzero,1111001,3,0.181,1.16,0.102,zero,1111110,0,0.874,0.15,0.018
1778296827222,ok,,3,10,0.03,261.5,106.5,63.0,167.0,0.566,"-8,+4;-2,+2;+0,+0;+0,+0;+2,-2",True,0.294,False,0,63.2,0.686,zero,???1110,0,0.446,-0.128,0.03,zero,11?1110,0,0.528,-0.154,0.204,nonzero,111?01?,79,-0.159,0.555,0.348,nonzero,10110??,5,-0.129,0.643,0.01
1778296878188,ok,,2,100,0.002,250.8,110.0,61.0,167.5,0.488,"+0,+2;+2,+2;+0,+0;+0,+0;+0,-2",True,0.848,False,0,58.7,0.971,zero,1111110,0,0.758,-0.163,0.002,nonzero,0110000,1,-0.053,0.003,0.214,nonzero,1111001,3,-0.13,1.125,0.132,nonzero,1011011,5,-0.142,1.233,0.308
1778297064811,ok,,3,10,0.004,252.2,110.0,60.0,168.5,0.506,"+0,+4;+0,+2;+0,+0;+0,+0;-2,-2",True,0.806,False,0,33.3,0.729,zero,1111110,0,0.741,-0.122,0.004,zero,1111110,0,0.687,-0.225,0.006,nonzero,1111011,9,-0.317,1.085,0.185,nonzero,1011011,5,-0.237,0.985,0.091
1778297424496,ok,,2,100,0.137,252.8,110.0,63.0,168.5,0.562,"+2,+0;+2,+0;+0,+0;+0,+0;-2,+0",True,0.804,False,0,89.1,0.661,zero,1111110,0,0.888,0.145,0.155,nonzero,1011011,5,0.125,1.071,0.137,zero,1111110,0,0.897,0.177,0.158,zero,1111110,0,0.849,0.128,0.013
1778297547324,ok,,3,10,0.007,252.8,109.5,62.0,170.0,0.492,"+2,+0;+2,+0;+2,+0;+0,+0;+0,+0",True,0.805,False,0,79.3,0.871,zero,1111110,0,0.912,0.27,0.169,zero,1111110,0,0.9,0.292,0.118,nonzero,111??00,7,0.28,0.364,0.007,zero,1111110,0,0.894,0.237,0.103
1778297854249,ok,,2,100,0.183,266.2,107.0,63.0,167.0,0.673,"-6,+0;-2,+2;+0,+0;+0,+0;+2,-2",True,0.783,False,0,97.6,0.548,zero,1111110,0,0.851,-0.014,0.183,nonzero,1111001,3,0.018,1.1,0.234,nonzero,1111011,9,0.009,0.964,0.158,zero,1111110,0,0.911,0.005,0.174
1778297934439,ok,,3,10,0.008,255.8,109.0,63.0,168.5,0.559,"+0,+2;+0,+2;+0,+0;+0,+0;+0,-2",True,0.647,False,0,91.3,0.794,zero,1111110,0,0.9,0.102,0.065,zero,1111110,0,0.851,0.175,0.084,nonzero,1110000,7,0.252,0.285,0.008,zero,1111110,0,0.934,0.124,0.14
1778298930683,uncertain,p1_unstable_across_repeats,,,,252.2,110.0,63.0,168.5,0.273,"+2,+2;+2,+2;+2,+0;+0,+0;+0,-2",True,1.123,False,0,41.0,0.738,uncertain,1111110,0,0.76,-0.103,0.015,nonzero,1101101,2,-0.099,0.965,0.012,nonzero,0110011,4,-0.291,1.727,0.055,zero,1111110,0,1.0,-0.205,0.113
1778298981027,ok,,2,100,0.014,252.0,110.0,62.0,168.5,0.418,"+2,+4;+2,+2;+0,+0;+0,+0;+0,-2",True,0.693,False,0,55.4,0.728,zero,1111110,0,0.715,0.027,0.014,nonzero,0110000,1,-0.097,0.187,0.115,nonzero,1111111,8,0.796,0.94,0.026,zero,1111110,0,0.741,-0.002,0.046
1778462670807,ok,,1,1000,0.132,266.5,106.0,54.0,163.0,0.403,"-2,+8;-2,+8;+0,+4;+0,-2;+2,-2",True,0.753,False,0,135.8,1.141,nonzero,0110000,1,-0.011,0.066,0.132,nonzero,0110?00,1,-0.029,0.05,0.002,nonzero,1110000,7,0.144,0.145,0.11,zero,1111110,0,0.943,-0.06,0.069
1778464010872,ok,,1,1000,0.016,269.2,106.5,32.0,181.5,0.376,"-2,+2;-2,+0;-2,+4;+0,+0;+0,-2",True,0.791,False,1,98.4,0.891,nonzero,?110000,17,0.137,0.079,0.016,nonzero,0110011,4,-0.042,1.165,0.201,nonzero,0110011,4,-0.033,0.966,0.003,zero,1111110,0,0.603,-0.045,0.003
1778465089431,uncertain,p1_invalid_pattern,,,,268.5,106.0,32.0,181.5,0.231,"+2,+0;+0,-2;+0,+4;+0,+2;+0,+0",True,0.76,False,0,47.7,1.321,uncertain,11101?0,,0.134,0.094,0.003,zero,?111110,0,0.474,0.258,0.007,nonzero,?101101,2,0.272,1.318,0.003,zero,1111110,0,0.937,0.12,0.008
1778470011633,ok,,2,100,0.0,255.0,110.0,58.0,164.0,0.59,"+2,+4;+2,+2;+0,+0;+0,-2;-2,-2",True,0.771,False,0,127.7,1.14,zero,1111110,0,0.606,0.202,0.0,nonzero,0110000,1,0.103,0.257,0.017,nonzero,1011111,6,-0.004,1.05,0.137,zero,1111110,0,0.947,0.013,0.117
1778544885060,ok,,1,1000,0.048,271.5,106.0,32.0,180.0,0.359,"+0,+2;-2,+0;+0,-2;+0,+2;+0,-2",True,0.961,False,0,75.3,0.866,nonzero,?110000,17,0.154,0.085,0.048,nonzero,?110000,17,0.222,0.11,0.002,nonzero,1011111,6,0.12,1.022,0.133,zero,1111110,0,0.715,0.093,0.104
1778569286813,ok,,1,1000,0.204,283.5,106.0,45.0,167.0,0.292,"+0,-8;+0,-8;+0,-8;+0,+2;+2,+0",True,0.921,False,0,77.5,0.665,nonzero,0110000,1,-0.11,-0.044,0.204,nonzero,0110000,1,-0.115,-0.068,0.202,nonzero,1110000,7,-0.153,-0.097,0.257,nonzero,1011011,5,-0.271,0.931,0.079
1778569643230,ok,,1,1000,0.229,261.5,106.0,49.0,168.5,0.433,"-4,+6;-2,+4;-2,+2;+0,+0;+2,-2",True,1.0,False,0,137.8,0.773,nonzero,0110000,1,-0.048,-0.032,0.229,nonzero,0110000,1,-0.02,0.011,0.157,nonzero,1011011,5,-0.215,1.005,0.174,zero,1111110,0,0.92,-0.193,0.211
1778628480601,ok,,1,1000,0.2,271.5,106.0,50.0,170.0,0.532,"-2,+6;-4,+4;+0,+2;+2,-2;+2,-4",True,0.738,False,0,118.5,0.666,nonzero,0110000,1,-0.013,0.04,0.2,zero,1111110,0,0.991,-0.205,0.361,nonzero,1011111,6,-0.339,0.924,0.146,zero,1111110,0,0.966,-0.267,0.293
1778646592937,ok,,2,100,0.15,249.2,109.5,63.0,168.5,0.597,"+0,+4;+0,+2;+0,+0;+0,+0;+2,-2",True,0.979,False,0,131.1,0.698,zero,1111110,0,0.979,-0.295,0.15,nonzero,1110000,7,-0.146,-0.08,0.287,nonzero,1111001,3,-0.294,1.0,0.259,zero,1111110,0,0.855,-0.33,0.142
1778646834715,ok,,3,10,0.099,252.2,109.5,61.0,170.0,0.717,"-2,+4;+0,+2;+2,+0;+0,-2;+2,-2",True,0.775,False,0,119.9,0.734,zero,1111110,0,1.063,-0.382,0.256,zero,1111110,0,0.993,-0.41,0.315,nonzero,1111111,8,0.83,0.833,0.099,nonzero,1011011,5,-0.515,1.025,0.3
1778647100452,ok,,2,100,0.001,258.0,108.5,63.0,170.0,0.506,"-2,+6;+0,+2;+2,+0;+0,+0;+0,-4",True,0.964,False,0,87.3,0.724,zero,1111110,0,1.076,-0.565,0.049,nonzero,1011111,6,-0.627,0.941,0.001,nonzero,0110011,4,-0.889,1.276,0.456,zero,1111110,0,0.978,-0.491,0.003
1778647177779,ok,,2,100,0.179,250.8,109.0,58.0,170.0,0.39,"+0,+8;+0,+2;+2,+4;+0,+2;+2,-4",True,1.022,False,0,124.2,0.704,zero,1111110,0,0.977,-0.395,0.179,nonzero,0110000,1,-0.126,-0.096,0.243,nonzero,0110000,1,-0.15,-0.092,0.286,nonzero,1011011,5,-0.547,0.891,0.12
1778718393454,ok,,2,100,0.006,271.5,106.0,60.0,166.0,0.347,"-4,+4;-2,+2;+0,+0;+0,-2;+4,-4",True,0.545,False,0,55.6,0.656,zero,1111110,0,0.677,0.429,0.012,nonzero,11?11?1,28,0.421,1.0,0.006,nonzero,1111?11,89,0.447,0.944,0.024,uncertain,111111?,08,0.811,0.587,0.018
1778718465329,no_display,no_ghost_to_lit_contrast,,,,269.2,106.5,59.0,164.0,0.333,"-4,+4;-2,+2;-2,+0;+0,-2;+2,-2",,,,,,0.578,,,,,,,,,,,,,,,,,,,,,,,,
1778718637090,no_display,no_ghost_to_lit_contrast,,,,269.2,106.5,58.0,163.0,0.357,"-4,+2;-2,+0;-2,+0;+0,-2;+2,-2",,,,,,0.638,,,,,,,,,,,,,,,,,,,,,,,,
1778718803645,ok,,1,1000,0.019,267.2,106.0,30.0,181.5,0.188,"-2,+0;-2,-2;+0,+4;+0,+2;+2,+0",True,0.517,False,1,45.2,0.785,nonzero,1110000,7,0.047,0.04,0.019,nonzero,0110011,4,-0.115,1.523,0.271,uncertain,111?110,0,0.586,0.018,0.002,zero,111?110,0,0.599,0.107,0.01
1778719053327,ok,,2,100,0.005,268.5,106.5,64.0,168.5,0.412,"-6,+2;-4,+2;-2,+0;+0,-2;+2,-2",True,0.698,False,0,76.9,1.121,zero,1111110,0,0.893,0.251,0.115,nonzero,1011011,5,0.263,0.905,0.005,uncertain,?11???0,017,0.322,0.353,0.004,zero,1111110,0,0.871,0.312,0.09
1778719124896,ok,,2,100,0.004,255.8,109.5,65.0,168.5,0.404,"+2,+2;+2,+2;+2,+0;+0,+0;+0,-2",True,0.969,False,0,63.0,0.797,zero,1111110,0,0.831,0.327,0.012,nonzero,11?11?1,28,0.368,0.893,0.004,nonzero,1111111,8,0.743,1.054,0.053,nonzero,1011?11,56,0.223,1.26,0.046
1778719757016,ok,,2,100,0.001,258.8,109.0,55.0,160.0,0.462,"+2,+4;+2,+2;+0,+0;+0,+0;+0,-2",True,0.823,False,0,90.5,0.79,zero,1111110,0,0.864,0.066,0.001,nonzero,11011?1,2,0.207,1.081,0.01,nonzero,1101101,2,0.245,1.095,0.042,nonzero,1011011,5,0.128,1.203,0.098
1778719778040,ok,,2,100,0.006,266.5,106.5,57.0,160.0,0.422,"-4,+4;-2,+2;-2,+0;+0,-2;+2,-4",True,0.765,False,0,78.2,1.02,zero,1111110,0,0.761,0.107,0.122,nonzero,1101101,2,0.267,1.064,0.006,nonzero,1011111,6,0.245,0.99,0.055,nonzero,1011011,5,0.196,1.083,0.1
1778719797959,ok,,2,100,0.006,270.0,106.0,55.0,160.0,0.409,"-4,+4;-2,+2;+0,+0;+2,+0;+2,-2",True,0.881,False,0,95.0,1.436,zero,1111110,0,0.792,0.101,0.006,nonzero,1111001,3,0.205,1.073,0.041,zero,1111110,0,0.75,0.179,0.15,nonzero,1011011,5,0.069,1.053,0.087
1778722214887,ok,,1,1000,0.306,275.0,106.0,51.0,170.0,0.626,"-2,-8;-2,+4;+0,+2;+0,-2;+2,-4",True,0.762,False,0,127.5,1.617,nonzero,1101101,2,-0.501,1.052,0.306,zero,1111110,0,0.972,-0.357,0.292,nonzero,1111011,9,-0.482,0.949,0.147,nonzero,1011011,5,-0.533,1.034,0.242
1778724253291,ok,,2,100,0.032,250.0,109.5,60.0,165.5,0.44,"+0,+2;+2,+0;+0,+0;+2,-2;+0,-4",True,0.987,False,0,80.4,1.274,zero,1111110,0,0.906,0.255,0.102,nonzero,0110011,4,0.167,1.202,0.032,nonzero,1101101,2,0.187,1.004,0.066,nonzero,1011011,5,0.156,1.019,0.07
1778725481233,ok,,2,100,0.011,263.5,106.0,63.0,167.0,0.424,"+4,+4;+2,+2;+0,+0;+0,-2;-2,-4",True,1.089,False,1,59.3,1.772,zero,1111110,0,0.817,0.238,0.054,nonzero,?110?11,49,0.28,1.012,0.011,nonzero,1111??1,389,0.304,1.161,0.013,nonzero,1?11011,59,0.252,0.941,0.009
1778810173190,ok,,2,100,0.079,265.0,106.5,63.0,167.0,0.467,"-6,+2;-4,+2;-2,+0;+0,-2;+2,-2",True,1.111,False,0,95.5,1.548,zero,1111110,0,0.853,0.082,0.079,nonzero,0110011,4,0.036,1.194,0.209,nonzero,0110011,4,0.037,1.104,0.031,nonzero,1011011,5,0.004,1.03,0.22
1778810671864,ok,,2,100,0.007,270.0,106.0,47.0,168.5,0.31,"+0,+4;+0,+2;+0,+0;+0,+0;+2,-2",True,0.633,False,0,45.6,0.913,zero,1111110,0,0.62,-0.11,0.02,nonzero,11011?1,2,0.123,0.954,0.007,nonzero,1111111,8,0.696,1.149,0.015,zero,1111110,0,0.912,0.121,0.078
1778810728156,uncertain,grid_at_search_bound,,,,263.5,106.5,24.0,191.5,0.344,"-4,+2;-2,+2;+0,+0;+0,-2;+2,+0",True,1.066,False,1,48.0,1.809,uncertain,1111110,0,0.792,-0.34,0.086,nonzero,11100?0,7,-0.053,0.358,0.027,nonzero,1110000,7,-0.005,0.337,0.036,uncertain,?01101?,5,-0.178,0.614,0.097
1778810757045,ok,,2,100,0.016,269.2,106.5,55.0,160.0,0.354,"-2,+4;-2,+0;-2,+0;+0,+0;+0,-2",True,1.03,False,0,52.6,1.797,zero,1111110,0,0.961,0.241,0.017,nonzero,11?1101,2,0.222,1.097,0.016,zero,1111110,0,0.706,0.197,0.008,zero,1111110,0,0.848,0.23,0.025
1778811481915,ok,,2,100,0.027,271.5,106.0,70.0,166.0,0.604,"+0,+4;+0,+2;+0,+0;+0,-2;+0,-4",True,0.795,False,0,98.5,0.768,zero,1111110,0,0.871,0.172,0.111,nonzero,1011111,6,0.165,1.022,0.027,nonzero,1011111,6,0.201,1.027,0.099,zero,1111110,0,0.907,0.259,0.107
1778890771601,ok,,2,100,0.096,257.2,109.5,49.0,168.5,0.556,"+2,+4;+2,+2;+2,+0;+0,-2;+0,-4",True,0.786,False,0,108.2,1.339,zero,1111110,0,0.92,0.148,0.18,nonzero,1111111,8,0.878,0.994,0.096,zero,1111110,0,0.986,0.089,0.233,zero,1111110,0,0.932,0.021,0.19
1778891140217,uncertain,decimal_point_not_found,,,,255.0,109.5,60.0,166.0,0.263,"+2,+2;+2,+2;+2,+0;+0,-2;-2,-2",False,0.244,False,0,36.7,1.591,zero,1111110,0,0.908,0.297,0.062,nonzero,1?11111,68,0.315,1.092,0.001,nonzero,011??11,4,0.185,0.887,0.032,uncertain,1111??0,0,0.38,0.398,0.012
1778895004740,ok,,1,1000,0.142,263.5,106.5,55.0,166.0,0.49,"-4,+8;-2,+8;+0,+0;+2,+0;+2,-2",True,0.983,False,0,97.8,1.38,nonzero,0110000,1,-0.0,0.055,0.142,nonzero,1111001,3,-0.005,1.089,0.195,nonzero,1011111,6,-0.043,1.008,0.226,nonzero,1011011,5,0.009,0.825,0.023
1778895177882,ok,,2,100,0.01,250.8,109.0,58.0,160.0,0.327,"+2,+2;+2,+2;+0,+0;+0,-2;+0,-2",True,0.866,False,0,67.7,0.819,zero,1111110,0,0.882,0.137,0.031,nonzero,0110000,1,-0.099,0.205,0.01,nonzero,1111?11,89,0.386,0.828,0.007,nonzero,1011011,5,0.149,1.207,0.133
1778895236453,ok,,2,100,0.039,259.2,106.5,64.0,164.5,0.394,"-4,+4;-2,+2;-2,+0;+0,-2;+2,-4",True,0.783,False,0,53.0,1.009,zero,1111110,0,0.949,0.001,0.243,nonzero,1111111,8,0.956,0.962,0.039,nonzero,?110000,17,-0.001,0.248,0.007,nonzero,1011011,5,-0.146,0.885,0.091
1778895306551,ok,,2,100,0.07,253.0,108.5,59.0,164.0,0.308,"+0,+4;+0,+2;+0,+0;+0,-2;+0,-4",True,0.481,False,0,43.8,1.552,zero,1111110,0,0.799,0.16,0.07,nonzero,11?1101,2,0.13,1.256,0.096,zero,1111110,0,0.8,0.1,0.011,zero,1111110,0,0.853,0.14,0.024
1778895373926,uncertain,p1_unstable_across_repeats,,,,260.0,106.5,57.0,160.0,0.33,"-6,+4;-4,+2;-2,+0;-2,+0;+2,-2",True,0.791,False,0,55.2,0.734,uncertain,1111110,0,0.617,0.089,0.017,nonzero,??01101,2,0.033,1.133,0.005,nonzero,1111001,3,0.084,1.285,0.035,zero,1111110,0,0.997,0.094,0.049
1778895486631,ok,,2,100,0.01,248.8,109.0,58.0,164.5,0.359,"+2,+6;+2,+2;+0,+0;+0,-2;+0,-4",True,0.494,False,0,45.8,0.928,zero,1111110,0,0.655,-0.141,0.01,nonzero,1011011,5,0.059,0.967,0.103,zero,1111110,0,0.804,0.003,0.1,nonzero,1011011,5,-0.028,0.885,0.08
1778895541048,ok,,2,100,0.001,263.5,106.0,57.0,163.0,0.324,"-6,+4;-4,+2;+0,+2;+2,+0;+2,-2",True,1.184,False,0,49.0,0.78,zero,1111110,0,0.736,0.053,0.016,nonzero,1011011,5,0.116,0.894,0.001,nonzero,1111011,9,0.074,1.302,0.016,nonzero,1011011,5,0.046,1.372,0.203
1779066169140,ok,,1,1000,0.092,266.5,106.0,47.0,167.0,0.497,"-2,+8;-2,+6;-2,+4;+0,+0;+0,-2",True,0.697,False,0,143.0,0.646,nonzero,0110000,1,0.077,0.159,0.092,nonzero,1110000,7,0.083,0.149,0.099,zero,1111110,0,0.882,0.019,0.142,zero,1111110,0,0.871,-0.041,0.109
1779068538623,uncertain,grid_at_search_bound,,,,271.5,106.0,26.0,180.0,0.178,"-4,+2;-2,+2;+0,+0;+0,-2;+2,-4",True,0.422,False,1,37.2,0.554,nonzero,1101101,2,-0.101,0.896,0.027,zero,1111110,0,0.649,-0.02,0.007,nonzero,101101?,5,0.215,0.678,0.006,nonzero,1011011,5,-0.221,1.047,0.083
1779091424811,ok,,1,1000,0.122,267.8,106.0,48.0,164.5,0.303,"-2,+4;-2,+2;+0,+2;+0,-2;+2,-4",True,0.638,False,0,104.8,0.612,nonzero,0110000,1,0.078,0.129,0.122,nonzero,1111001,3,-0.039,1.103,0.202,nonzero,1110000,7,0.077,0.117,0.151,nonzero,1011011,5,-0.154,0.995,0.004
1779157255515,ok,,2,100,0.032,250.8,109.5,82.0,174.0,0.198,"+4,+2;+4,+2;+2,+0;+0,+0;+0,-2",True,0.588,False,0,46.0,0.84,zero,1111110,0,0.632,-0.02,0.032,nonzero,0110011,4,-0.042,1.138,0.238,nonzero,110110?,2,0.107,0.611,0.004,zero,1111110,0,0.682,0.086,0.003
1779169900568,ok,,1,1000,0.035,271.5,106.0,38.0,180.0,0.408,"+2,-2;+0,-4;+2,+2;+0,-2;+0,-4",True,0.801,False,0,105.7,1.107,nonzero,0110000,1,-0.017,-0.037,0.035,nonzero,1101101,2,-0.235,0.953,0.015,nonzero,0110011,4,-0.29,1.176,0.239,zero,1111110,0,0.832,-0.302,0.0
1779169921480,ok,,1,1000,0.002,271.5,106.0,40.0,170.0,0.42,"+0,-8;-2,-8;+0,+4;+0,+2;+0,+0",True,0.759,False,0,118.1,0.653,nonzero,0110000,1,-0.059,-0.046,0.002,nonzero,0110011,4,-0.186,1.022,0.289,nonzero,1101101,2,-0.195,0.946,0.146,nonzero,1011011,5,-0.25,1.019,0.214
1779170377417,ok,,1,1000,0.016,271.5,106.0,30.0,174.5,0.356,"-2,-2;-2,-2;+0,+4;+0,+2;+2,+0",True,0.615,False,1,71.0,0.753,nonzero,?110000,17,0.058,0.043,0.016,nonzero,1101101,2,-0.089,1.044,0.047,nonzero,1111111,8,0.775,0.914,0.021,zero,1111110,0,0.855,-0.169,0.104
1779239348245,ok,,1,1000,0.096,269.2,106.0,32.0,180.0,0.3,"+0,-2;+0,-4;+0,-6;+0,+2;+2,-2",True,0.823,False,0,84.1,1.415,nonzero,?110000,17,0.03,-0.018,0.096,nonzero,?110000,17,0.031,-0.045,0.083,nonzero,1111111,8,0.607,0.91,0.007,nonzero,1011011,5,-0.299,1.003,0.01
1779255185060,ok,,2,100,0.002,252.0,110.0,62.0,167.0,0.479,"+0,+2;+2,+2;+2,+0;+0,+0;-2,-2",True,0.697,False,0,73.3,0.853,zero,1111110,0,0.887,0.395,0.002,nonzero,11?11?1,28,0.407,1.081,0.016,zero,1111110,0,0.966,0.449,0.001,nonzero,1?11?11,5689,0.319,1.041,0.021
1779255413458,no_display,no_ghost_to_lit_contrast,,,,257.2,109.0,63.0,168.5,0.488,"+0,+4;+0,+2;+0,+0;+0,+0;+0,-2",,,,,,0.465,,,,,,,,,,,,,,,,,,,,,,,,
1779255507531,no_display,no_ghost_to_lit_contrast,,,,252.8,110.0,63.0,167.0,0.343,"+0,+2;+0,+2;+0,+0;+0,-2;-2,-4",,,,,,0.804,,,,,,,,,,,,,,,,,,,,,,,,
1779256979804,ok,,2,100,0.264,264.2,106.5,65.0,167.0,0.599,"-6,+6;-2,+4;-2,+2;+2,+0;+2,-4",True,0.995,False,0,107.0,0.638,zero,1111110,0,0.937,-0.132,0.299,nonzero,0110011,4,-0.129,1.053,0.264,nonzero,1011111,6,-0.128,0.955,0.125,nonzero,1011011,5,-0.184,1.038,0.234
