pull_item,pull_province,pull_municipal_city,harmonized_nsu_unit,corrected_unit,size_ord,w_l0,n_l0,weighing_approach,w_l1,n_l1,w_l2,n_l2,w_l3,n_l3,grams_used,n_g_used,fallback_level,unconvertible
cabbage,AKLAN,ALTAVAS,pieces or units,g,small,527.5,2,3,695,5,722.5,226,655,1306,695,5,cell pooled across sizes,0
cabbage,AKLAN,ALTAVAS,pieces or units,g,medium,725,2,3,695,5,722.5,226,655,1306,695,5,cell pooled across sizes,0
cabbage,AKLAN,ALTAVAS,pieces or units,g,large,1200,1,3,695,5,722.5,226,655,1306,695,5,cell pooled across sizes,0
camote tops,AKLAN,ALTAVAS,bugkos,g,conventional_nsu,130,3,1,130,3,150,37,195,449,130,3,own cell x size,0
camote tops,AKLAN,ALTAVAS,bundle,g,medium,700,2,3,810,3,790,35,500,101,810,3,cell pooled across sizes,0
camote tops,AKLAN,ALTAVAS,bundle,g,large,1130,1,3,810,3,790,35,500,101,810,3,cell pooled across sizes,0
carrot,AKLAN,ALTAVAS,pieces or units,g,small,90,2,3,152.5,6,145,195,140,1169,152.5,6,cell pooled across sizes,0
carrot,AKLAN,ALTAVAS,pieces or units,g,medium,180,3,3,152.5,6,145,195,140,1169,152.5,6,cell pooled across sizes,0
carrot,AKLAN,ALTAVAS,pieces or units,g,large,630,1,3,152.5,6,145,195,140,1169,152.5,6,cell pooled across sizes,0
chicken,AKLAN,ALTAVAS,pieces or units,g,small,390,1,3,445,2,385,45,380,108,385,45,province x item x unit,0
chicken,AKLAN,ALTAVAS,pieces or units,g,medium,500,1,3,445,2,385,45,380,108,385,45,province x item x unit,0
chicken,AKLAN,ALTAVAS,whole (chicken),g,large,1357.5,2,3,1357.5,2,1265,83,1120,468,1265,83,province x item x unit,0
"crackers, cookies, buiscuits, chips/curls",AKLAN,ALTAVAS,pieces or units,g,small,24.5,4,3,25.5,8,30,96,32,505,25.5,8,cell pooled across sizes,0
"crackers, cookies, buiscuits, chips/curls",AKLAN,ALTAVAS,pieces or units,g,medium,27,2,3,25.5,8,30,96,32,505,25.5,8,cell pooled across sizes,0
"crackers, cookies, buiscuits, chips/curls",AKLAN,ALTAVAS,pieces or units,g,large,60,2,3,25.5,8,30,96,32,505,25.5,8,cell pooled across sizes,0
"crackers, cookies, buiscuits, chips/curls",AKLAN,ALTAVAS,putos,g,medium,270,5,2,270,5,280,93,210,482,270,5,own cell x size,0
fresh fish,AKLAN,ALTAVAS,pieces or units,g,small,95,3,3,95,3,387.5,62,390,685,95,3,own cell x size,0
"ice cream, sorbet, edible ice (eg., ice-lolli, halo-halo)",AKLAN,ALTAVAS,putos,g,small,55,2,3,55,2,55,7,58,82,55,7,province x item x unit,0
"liquor (e.g, whisky, coconut wine)",AKLAN,ALTAVAS,lipid/lapad,mL,medium,375,3,3,375,3,375,76,375,618,375,3,own cell x size,0
"liquor (e.g, whisky, coconut wine)",AKLAN,ALTAVAS,long-neck,mL,medium,750,4,2,750,4,750,104,750,478,750,4,own cell x size,0
loaf bread,AKLAN,ALTAVAS,large packs,g,large,640,4,3,640,4,640,43,640,411,640,4,own cell x size,0
loaf bread,AKLAN,ALTAVAS,medium packs,g,medium,450,4,3,450,4,450,51,450,352,450,4,own cell x size,0
loaf bread,AKLAN,ALTAVAS,small packs,g,small,360,3,3,360,3,360,33,370,259,360,3,own cell x size,0
pork,AKLAN,ALTAVAS,slice,g,small,160,1,3,160,1,160,1,425,4,425,4,item x unit (national),0
"prawns, lobster, shrimp",AKLAN,ALTAVAS,tumpok,g,conventional_nsu,135,3,1,135,3,290,23,260,147,135,3,own cell x size,0
"preserved or processed meat (tocino, tapa, longaniza, etc)",AKLAN,ALTAVAS,pieces or units,g,medium,70,3,2,70,3,65,28,65,33,70,3,own cell x size,0
"preserved or processed meat (tocino, tapa, longaniza, etc)",AKLAN,ALTAVAS,putos,g,small,240,2,3,305,4,300,81,250,473,305,4,cell pooled across sizes,0
"preserved or processed meat (tocino, tapa, longaniza, etc)",AKLAN,ALTAVAS,putos,g,large,680,2,3,305,4,300,81,250,473,305,4,cell pooled across sizes,0
cabbage,AKLAN,BANGA,pieces or units,g,small,345,6,3,717.5,18,722.5,226,655,1306,345,6,own cell x size,0
cabbage,AKLAN,BANGA,pieces or units,g,medium,725,7,3,717.5,18,722.5,226,655,1306,725,7,own cell x size,0
cabbage,AKLAN,BANGA,pieces or units,g,large,1140,5,3,717.5,18,722.5,226,655,1306,1140,5,own cell x size,0
camote tops,AKLAN,BANGA,bundle,g,conventional_nsu,1080,9,1,1080,9,790,35,500,101,1080,9,own cell x size,0
carrot,AKLAN,BANGA,pieces or units,g,small,98,6,3,140,16,145,195,140,1169,98,6,own cell x size,0
carrot,AKLAN,BANGA,pieces or units,g,medium,145,5,3,140,16,145,195,140,1169,145,5,own cell x size,0
carrot,AKLAN,BANGA,pieces or units,g,large,205,5,3,140,16,145,195,140,1169,205,5,own cell x size,0
chicken,AKLAN,BANGA,pieces or units,g,small,187.5,4,3,270,7,385,45,380,108,187.5,4,own cell x size,0
chicken,AKLAN,BANGA,pieces or units,g,medium,560,3,3,270,7,385,45,380,108,560,3,own cell x size,0
chicken,AKLAN,BANGA,whole (chicken),g,medium,1120,5,3,1272.5,10,1265,83,1120,468,1120,5,own cell x size,0
chicken,AKLAN,BANGA,whole (chicken),g,large,1765,5,3,1272.5,10,1265,83,1120,468,1765,5,own cell x size,0
"crackers, cookies, buiscuits, chips/curls",AKLAN,BANGA,pieces or units,g,medium,29,6,2,29,6,30,96,32,505,29,6,own cell x size,0
"crackers, cookies, buiscuits, chips/curls",AKLAN,BANGA,putos,g,medium,310,4,2,310,4,280,93,210,482,310,4,own cell x size,0
"ice cream, sorbet, edible ice (eg., ice-lolli, halo-halo)",AKLAN,BANGA,pieces or units,g,small,85,1,3,85,1,75,5,60,94,75,5,province x item x unit,0
"ice cream, sorbet, edible ice (eg., ice-lolli, halo-halo)",AKLAN,BANGA,putos,g,medium,60,1,3,60,1,55,7,58,82,55,7,province x item x unit,0
"liquor (e.g, whisky, coconut wine)",AKLAN,BANGA,lipid/lapad,mL,medium,375,6,3,375,6,375,76,375,618,375,6,own cell x size,0
"liquor (e.g, whisky, coconut wine)",AKLAN,BANGA,long-neck,mL,large,750,7,3,750,7,750,104,750,478,750,7,own cell x size,0
loaf bread,AKLAN,BANGA,large packs,g,large,640,4,3,640,4,640,43,640,411,640,4,own cell x size,0
loaf bread,AKLAN,BANGA,medium packs,g,medium,450,5,3,450,5,450,51,450,352,450,5,own cell x size,0
loaf bread,AKLAN,BANGA,small packs,g,small,360,2,3,360,2,360,33,370,259,360,33,province x item x unit,0
mango,AKLAN,BANGA,pieces or units,g,small,185,2,3,260,5,230,77,230,539,260,5,cell pooled across sizes,0
mango,AKLAN,BANGA,pieces or units,g,medium,300,2,3,260,5,230,77,230,539,260,5,cell pooled across sizes,0
mango,AKLAN,BANGA,pieces or units,g,large,350,1,3,260,5,230,77,230,539,260,5,cell pooled across sizes,0
"preserved or processed meat (tocino, tapa, longaniza, etc)",AKLAN,BANGA,putos,g,medium,360,1,2,360,1,300,81,250,473,300,81,province x item x unit,0
cabbage,AKLAN,BATAN,pieces or units,g,small,550,8,3,755,23,722.5,226,655,1306,550,8,own cell x size,0
cabbage,AKLAN,BATAN,pieces or units,g,medium,762.5,8,3,755,23,722.5,226,655,1306,762.5,8,own cell x size,0
cabbage,AKLAN,BATAN,pieces or units,g,large,1060,7,3,755,23,722.5,226,655,1306,1060,7,own cell x size,0
camote tops,AKLAN,BATAN,bugkos,g,conventional_nsu,160,3,1,160,3,150,37,195,449,160,3,own cell x size,0
carrot,AKLAN,BATAN,pieces or units,g,small,125,5,3,175,15,145,195,140,1169,125,5,own cell x size,0
carrot,AKLAN,BATAN,pieces or units,g,medium,180,6,3,175,15,145,195,140,1169,180,6,own cell x size,0
carrot,AKLAN,BATAN,pieces or units,g,large,240,4,3,175,15,145,195,140,1169,240,4,own cell x size,0
chicken,AKLAN,BATAN,pieces or units,g,small,275,3,3,330,7,385,45,380,108,330,7,cell pooled across sizes,0
chicken,AKLAN,BATAN,pieces or units,g,medium,430,2,3,330,7,385,45,380,108,330,7,cell pooled across sizes,0
chicken,AKLAN,BATAN,pieces or units,g,large,802.5,2,3,330,7,385,45,380,108,330,7,cell pooled across sizes,0
chicken,AKLAN,BATAN,whole (chicken),g,medium,1360,3,3,1607.5,6,1265,83,1120,468,1360,3,own cell x size,0
chicken,AKLAN,BATAN,whole (chicken),g,large,1970,3,3,1607.5,6,1265,83,1120,468,1970,3,own cell x size,0
"crackers, cookies, buiscuits, chips/curls",AKLAN,BATAN,pieces or units,g,small,36,2,3,48,5,30,96,32,505,48,5,cell pooled across sizes,0
"crackers, cookies, buiscuits, chips/curls",AKLAN,BATAN,pieces or units,g,medium,51.5,2,3,48,5,30,96,32,505,48,5,cell pooled across sizes,0
"crackers, cookies, buiscuits, chips/curls",AKLAN,BATAN,pieces or units,g,large,85,1,3,48,5,30,96,32,505,48,5,cell pooled across sizes,0
"crackers, cookies, buiscuits, chips/curls",AKLAN,BATAN,putos,g,small,270,3,3,290,6,280,93,210,482,270,3,own cell x size,0
"crackers, cookies, buiscuits, chips/curls",AKLAN,BATAN,putos,g,medium,300,3,3,290,6,280,93,210,482,300,3,own cell x size,0
fresh fish,AKLAN,BATAN,pieces or units,g,small,117.5,4,3,155,9,387.5,62,390,685,155,9,cell pooled across sizes,0
fresh fish,AKLAN,BATAN,pieces or units,g,medium,175,3,3,155,9,387.5,62,390,685,155,9,cell pooled across sizes,0
fresh fish,AKLAN,BATAN,pieces or units,g,large,410,2,3,155,9,387.5,62,390,685,155,9,cell pooled across sizes,0
"ice cream, sorbet, edible ice (eg., ice-lolli, halo-halo)",AKLAN,BATAN,pieces or units,mL,small,110,2,3,110,2,110,25,100,166,110,25,province x item x unit,0
"ice cream, sorbet, edible ice (eg., ice-lolli, halo-halo)",AKLAN,BATAN,putos,mL,small,650,2,3,650,2,600,20,65,148,600,20,province x item x unit,0
"ice cream, sorbet, edible ice (eg., ice-lolli, halo-halo)",AKLAN,BATAN,small cup,mL,small,110,2,3,110,2,100,12,100,185,100,12,province x item x unit,0
"liquor (e.g, whisky, coconut wine)",AKLAN,BATAN,lipid/lapad,mL,medium,375,3,3,375,3,375,76,375,618,375,3,own cell x size,0
"liquor (e.g, whisky, coconut wine)",AKLAN,BATAN,long-neck,mL,small,425,2,3,750,5,750,104,750,478,750,5,cell pooled across sizes,0
"liquor (e.g, whisky, coconut wine)",AKLAN,BATAN,long-neck,mL,medium,750,3,3,750,5,750,104,750,478,750,5,cell pooled across sizes,0
loaf bread,AKLAN,BATAN,large packs,g,large,620,5,3,620,5,640,43,640,411,620,5,own cell x size,0
loaf bread,AKLAN,BATAN,medium packs,g,medium,450,1,3,450,1,450,51,450,352,450,51,province x item x unit,0
loaf bread,AKLAN,BATAN,small packs,g,small,330,2,3,330,2,360,33,370,259,360,33,province x item x unit,0
mango,AKLAN,BATAN,pieces or units,g,small,230,5,3,245,15,230,77,230,539,230,5,own cell x size,0
mango,AKLAN,BATAN,pieces or units,g,medium,250,7,3,245,15,230,77,230,539,250,7,own cell x size,0
mango,AKLAN,BATAN,pieces or units,g,large,310,3,3,245,15,230,77,230,539,310,3,own cell x size,0
"prawns, lobster, shrimp",AKLAN,BATAN,tumpok,g,conventional_nsu,190,2,1,190,2,290,23,260,147,290,23,province x item x unit,0
"preserved or processed meat (tocino, tapa, longaniza, etc)",AKLAN,BATAN,cans,g,small,108,9,3,152.5,18,152.5,18,155,95,108,9,own cell x size,0
"preserved or processed meat (tocino, tapa, longaniza, etc)",AKLAN,BATAN,cans,g,medium,155,5,3,152.5,18,152.5,18,155,95,155,5,own cell x size,0
"preserved or processed meat (tocino, tapa, longaniza, etc)",AKLAN,BATAN,cans,g,large,255,4,3,152.5,18,152.5,18,155,95,255,4,own cell x size,0
"preserved or processed meat (tocino, tapa, longaniza, etc)",AKLAN,BATAN,pieces or units,g,small,45,1,3,45,1,65,28,65,33,65,28,province x item x unit,0
"preserved or processed meat (tocino, tapa, longaniza, etc)",AKLAN,BATAN,putos,g,small,240,2,3,305,4,300,81,250,473,305,4,cell pooled across sizes,0
"preserved or processed meat (tocino, tapa, longaniza, etc)",AKLAN,BATAN,putos,g,medium,360,2,3,305,4,300,81,250,473,305,4,cell pooled across sizes,0
cabbage,AKLAN,BURUANGA,pieces or units,g,small,375,5,3,625,13,722.5,226,655,1306,375,5,own cell x size,0
cabbage,AKLAN,BURUANGA,pieces or units,g,medium,707.5,4,3,625,13,722.5,226,655,1306,707.5,4,own cell x size,0
cabbage,AKLAN,BURUANGA,pieces or units,g,large,1025,4,3,625,13,722.5,226,655,1306,1025,4,own cell x size,0
cabbage,AKLAN,BURUANGA,small packs,g,small,235,3,3,235,3,235,3,190,5,235,3,own cell x size,0
camote,AKLAN,BURUANGA,binilog,g,small,85,5,3,100,8,150,39,130,56,85,5,own cell x size,0
camote,AKLAN,BURUANGA,binilog,g,medium,130,3,3,100,8,150,39,130,56,130,3,own cell x size,0
camote tops,AKLAN,BURUANGA,bundle,g,conventional_nsu,897.5,2,1,897.5,2,790,35,500,101,790,35,province x item x unit,0
carrot,AKLAN,BURUANGA,pieces or units,g,small,85,5,3,130,13,145,195,140,1169,85,5,own cell x size,0
carrot,AKLAN,BURUANGA,pieces or units,g,medium,137.5,4,3,130,13,145,195,140,1169,137.5,4,own cell x size,0
carrot,AKLAN,BURUANGA,pieces or units,g,large,237.5,4,3,130,13,145,195,140,1169,237.5,4,own cell x size,0
chicken,AKLAN,BURUANGA,pieces or units,g,medium,600,3,3,600,3,385,45,380,108,600,3,own cell x size,0
chicken,AKLAN,BURUANGA,whole (chicken),g,medium,1045,4,3,1160,7,1265,83,1120,468,1045,4,own cell x size,0
chicken,AKLAN,BURUANGA,whole (chicken),g,large,1325,3,3,1160,7,1265,83,1120,468,1325,3,own cell x size,0
"crackers, cookies, buiscuits, chips/curls",AKLAN,BURUANGA,pack,g,medium,98,1,2,98,1,98,1,300,63,300,63,item x unit (national),0
"crackers, cookies, buiscuits, chips/curls",AKLAN,BURUANGA,putos,g,small,290,8,2,265,24,280,93,210,482,290,8,own cell x size,0
"crackers, cookies, buiscuits, chips/curls",AKLAN,BURUANGA,putos,g,medium,90,8,2,265,24,280,93,210,482,90,8,own cell x size,0
"crackers, cookies, buiscuits, chips/curls",AKLAN,BURUANGA,putos,g,large,300,8,2,265,24,280,93,210,482,300,8,own cell x size,0
"ice cream, sorbet, edible ice (eg., ice-lolli, halo-halo)",AKLAN,BURUANGA,pack,g,small,60,3,3,60,3,60,3,65,4,60,3,own cell x size,0
"ice cream, sorbet, edible ice (eg., ice-lolli, halo-halo)",AKLAN,BURUANGA,small cup,g,small,117.5,2,3,117.5,2,115,10,100,120,115,10,province x item x unit,0
"liquor (e.g, whisky, coconut wine)",AKLAN,BURUANGA,lipid/lapad,mL,medium,375,9,3,375,9,375,76,375,618,375,9,own cell x size,0
"liquor (e.g, whisky, coconut wine)",AKLAN,BURUANGA,long-neck,mL,large,750,9,3,750,9,750,104,750,478,750,9,own cell x size,0
loaf bread,AKLAN,BURUANGA,large packs,g,large,600,3,3,600,3,640,43,640,411,600,3,own cell x size,0
loaf bread,AKLAN,BURUANGA,medium packs,g,medium,450,5,3,450,5,450,51,450,352,450,5,own cell x size,0
loaf bread,AKLAN,BURUANGA,small packs,g,small,350,4,3,350,4,360,33,370,259,350,4,own cell x size,0
"preserved or processed meat (tocino, tapa, longaniza, etc)",AKLAN,BURUANGA,pieces or units,g,small,250,3,3,250,3,65,28,65,33,250,3,own cell x size,0
"preserved or processed meat (tocino, tapa, longaniza, etc)",AKLAN,BURUANGA,putos,g,small,220,5,3,225,8,300,81,250,473,220,5,own cell x size,0
"preserved or processed meat (tocino, tapa, longaniza, etc)",AKLAN,BURUANGA,putos,g,medium,370,3,3,225,8,300,81,250,473,370,3,own cell x size,0
cabbage,AKLAN,IBAJAY,pieces or units,g,small,390,5,3,627.5,14,722.5,226,655,1306,390,5,own cell x size,0
cabbage,AKLAN,IBAJAY,pieces or units,g,medium,645,5,3,627.5,14,722.5,226,655,1306,645,5,own cell x size,0
cabbage,AKLAN,IBAJAY,pieces or units,g,large,825,4,3,627.5,14,722.5,226,655,1306,825,4,own cell x size,0
camote,AKLAN,IBAJAY,binilog,g,small,80,3,3,150,9,150,39,130,56,150,9,cell pooled across sizes,0
camote,AKLAN,IBAJAY,binilog,g,medium,172.5,4,3,150,9,150,39,130,56,150,9,cell pooled across sizes,0
camote,AKLAN,IBAJAY,binilog,g,large,300,2,3,150,9,150,39,130,56,150,9,cell pooled across sizes,0
camote tops,AKLAN,IBAJAY,bugkos,g,conventional_nsu,162.5,4,1,162.5,4,150,37,195,449,162.5,4,own cell x size,0
carrot,AKLAN,IBAJAY,pieces or units,g,small,75,5,3,145,15,145,195,140,1169,75,5,own cell x size,0
carrot,AKLAN,IBAJAY,pieces or units,g,medium,145,6,3,145,15,145,195,140,1169,145,6,own cell x size,0
carrot,AKLAN,IBAJAY,pieces or units,g,large,227.5,4,3,145,15,145,195,140,1169,227.5,4,own cell x size,0
chicken,AKLAN,IBAJAY,pieces or units,g,small,90,3,3,335,7,385,45,380,108,335,7,cell pooled across sizes,0
chicken,AKLAN,IBAJAY,pieces or units,g,medium,442.5,2,3,335,7,385,45,380,108,335,7,cell pooled across sizes,0
chicken,AKLAN,IBAJAY,pieces or units,g,large,665,2,3,335,7,385,45,380,108,335,7,cell pooled across sizes,0
chicken,AKLAN,IBAJAY,whole (chicken),g,medium,1380,4,3,1445,7,1265,83,1120,468,1380,4,own cell x size,0
chicken,AKLAN,IBAJAY,whole (chicken),g,large,1530,3,3,1445,7,1265,83,1120,468,1530,3,own cell x size,0
"crackers, cookies, buiscuits, chips/curls",AKLAN,IBAJAY,pieces or units,g,small,25,5,3,40,14,30,96,32,505,25,5,own cell x size,0
"crackers, cookies, buiscuits, chips/curls",AKLAN,IBAJAY,pieces or units,g,medium,40,5,3,40,14,30,96,32,505,40,5,own cell x size,0
"crackers, cookies, buiscuits, chips/curls",AKLAN,IBAJAY,pieces or units,g,large,81.5,4,3,40,14,30,96,32,505,81.5,4,own cell x size,0
"crackers, cookies, buiscuits, chips/curls",AKLAN,IBAJAY,putos,g,medium,300,2,2,300,2,280,93,210,482,280,93,province x item x unit,0
fresh fish,AKLAN,IBAJAY,pieces or units,g,small,103,5,3,235,14,387.5,62,390,685,103,5,own cell x size,0
fresh fish,AKLAN,IBAJAY,pieces or units,g,medium,240,5,3,235,14,387.5,62,390,685,240,5,own cell x size,0
fresh fish,AKLAN,IBAJAY,pieces or units,g,large,475,4,3,235,14,387.5,62,390,685,475,4,own cell x size,0
"ice cream, sorbet, edible ice (eg., ice-lolli, halo-halo)",AKLAN,IBAJAY,pieces or units,mL,small,110,2,3,110,2,110,25,100,166,110,25,province x item x unit,0
"ice cream, sorbet, edible ice (eg., ice-lolli, halo-halo)",AKLAN,IBAJAY,putos,mL,small,600,3,3,600,3,600,20,65,148,600,3,own cell x size,0
"ice cream, sorbet, edible ice (eg., ice-lolli, halo-halo)",AKLAN,IBAJAY,small cup,mL,small,100,3,3,100,3,100,12,100,185,100,3,own cell x size,0
"liquor (e.g, whisky, coconut wine)",AKLAN,IBAJAY,lipid/lapad,mL,medium,375,6,3,375,6,375,76,375,618,375,6,own cell x size,0
"liquor (e.g, whisky, coconut wine)",AKLAN,IBAJAY,long-neck,mL,small,750,6,3,750,7,750,104,750,478,750,7,cell pooled across sizes,0
"liquor (e.g, whisky, coconut wine)",AKLAN,IBAJAY,long-neck,mL,large,1000,1,3,750,7,750,104,750,478,750,7,cell pooled across sizes,0
loaf bread,AKLAN,IBAJAY,large packs,g,large,620,3,3,620,3,640,43,640,411,620,3,own cell x size,0
loaf bread,AKLAN,IBAJAY,medium packs,g,medium,525,2,3,525,2,450,51,450,352,450,51,province x item x unit,0
loaf bread,AKLAN,IBAJAY,small packs,g,small,372.5,2,3,372.5,2,360,33,370,259,360,33,province x item x unit,0
mango,AKLAN,IBAJAY,pieces or units,g,small,155,5,3,225,15,230,77,230,539,155,5,own cell x size,0
mango,AKLAN,IBAJAY,pieces or units,g,medium,227.5,6,3,225,15,230,77,230,539,227.5,6,own cell x size,0
mango,AKLAN,IBAJAY,pieces or units,g,large,312.5,4,3,225,15,230,77,230,539,312.5,4,own cell x size,0
"prawns, lobster, shrimp",AKLAN,IBAJAY,tumpok,g,conventional_nsu,455,3,1,455,3,290,23,260,147,455,3,own cell x size,0
"preserved or processed meat (tocino, tapa, longaniza, etc)",AKLAN,IBAJAY,pieces or units,g,small,57.5,2,3,57.5,2,65,28,65,33,65,28,province x item x unit,0
"preserved or processed meat (tocino, tapa, longaniza, etc)",AKLAN,IBAJAY,putos,g,small,240,4,3,500,11,300,81,250,473,240,4,own cell x size,0
"preserved or processed meat (tocino, tapa, longaniza, etc)",AKLAN,IBAJAY,putos,g,medium,500,4,3,500,11,300,81,250,473,500,4,own cell x size,0
"preserved or processed meat (tocino, tapa, longaniza, etc)",AKLAN,IBAJAY,putos,g,large,1000,3,3,500,11,300,81,250,473,1000,3,own cell x size,0
cabbage,AKLAN,LIBACAO,pieces or units,g,small,385,8,3,725,22,722.5,226,655,1306,385,8,own cell x size,0
cabbage,AKLAN,LIBACAO,pieces or units,g,medium,755,7,3,725,22,722.5,226,655,1306,755,7,own cell x size,0
cabbage,AKLAN,LIBACAO,pieces or units,g,large,1080,7,3,725,22,722.5,226,655,1306,1080,7,own cell x size,0
camote tops,AKLAN,LIBACAO,bugkos,g,conventional_nsu,170,3,1,170,3,150,37,195,449,170,3,own cell x size,0
camote tops,AKLAN,LIBACAO,bundle,g,conventional_nsu,665,3,1,665,3,790,35,500,101,665,3,own cell x size,0
carrot,AKLAN,LIBACAO,pieces or units,g,small,72.5,4,3,105,11,145,195,140,1169,72.5,4,own cell x size,0
carrot,AKLAN,LIBACAO,pieces or units,g,medium,112.5,4,3,105,11,145,195,140,1169,112.5,4,own cell x size,0
carrot,AKLAN,LIBACAO,pieces or units,g,large,165,3,3,105,11,145,195,140,1169,165,3,own cell x size,0
chicken,AKLAN,LIBACAO,pieces or units,g,small,445,2,3,530,3,385,45,380,108,530,3,cell pooled across sizes,0
chicken,AKLAN,LIBACAO,pieces or units,g,medium,720,1,3,530,3,385,45,380,108,530,3,cell pooled across sizes,0
chicken,AKLAN,LIBACAO,whole (chicken),g,large,1375,6,3,1375,6,1265,83,1120,468,1375,6,own cell x size,0
"crackers, cookies, buiscuits, chips/curls",AKLAN,LIBACAO,pieces or units,g,medium,30,9,2,30,9,30,96,32,505,30,9,own cell x size,0
"crackers, cookies, buiscuits, chips/curls",AKLAN,LIBACAO,putos,g,small,300,9,3,300,9,280,93,210,482,300,9,own cell x size,0
fresh fish,AKLAN,LIBACAO,pieces or units,g,small,350,2,3,562.5,6,387.5,62,390,685,562.5,6,cell pooled across sizes,0
fresh fish,AKLAN,LIBACAO,pieces or units,g,medium,660,3,3,562.5,6,387.5,62,390,685,562.5,6,cell pooled across sizes,0
fresh fish,AKLAN,LIBACAO,pieces or units,g,large,1670,1,3,562.5,6,387.5,62,390,685,562.5,6,cell pooled across sizes,0
"ice cream, sorbet, edible ice (eg., ice-lolli, halo-halo)",AKLAN,LIBACAO,putos,g,small,46.5,2,3,51.5,4,55,7,58,82,51.5,4,cell pooled across sizes,0
"ice cream, sorbet, edible ice (eg., ice-lolli, halo-halo)",AKLAN,LIBACAO,putos,g,medium,72.5,2,3,51.5,4,55,7,58,82,51.5,4,cell pooled across sizes,0
"ice cream, sorbet, edible ice (eg., ice-lolli, halo-halo)",AKLAN,LIBACAO,small cup,g,small,100,1,3,350,3,115,10,100,120,350,3,cell pooled across sizes,0
"ice cream, sorbet, edible ice (eg., ice-lolli, halo-halo)",AKLAN,LIBACAO,small cup,g,medium,422.5,2,3,350,3,115,10,100,120,350,3,cell pooled across sizes,0
"liquor (e.g, whisky, coconut wine)",AKLAN,LIBACAO,lipid/lapad,mL,medium,375,5,3,375,5,375,76,375,618,375,5,own cell x size,0
"liquor (e.g, whisky, coconut wine)",AKLAN,LIBACAO,long-neck,mL,large,750,7,3,750,7,750,104,750,478,750,7,own cell x size,0
mango,AKLAN,LIBACAO,pieces or units,g,small,182.5,4,3,220,11,230,77,230,539,182.5,4,own cell x size,0
mango,AKLAN,LIBACAO,pieces or units,g,medium,225,4,3,220,11,230,77,230,539,225,4,own cell x size,0
mango,AKLAN,LIBACAO,pieces or units,g,large,285,3,3,220,11,230,77,230,539,285,3,own cell x size,0
"preserved or processed meat (tocino, tapa, longaniza, etc)",AKLAN,LIBACAO,pieces or units,g,medium,125,2,2,125,2,65,28,65,33,65,28,province x item x unit,0
"preserved or processed meat (tocino, tapa, longaniza, etc)",AKLAN,LIBACAO,putos,g,medium,307.5,6,2,307.5,6,300,81,250,473,307.5,6,own cell x size,0
cabbage,AKLAN,MADALAG,pieces or units,g,small,417.5,6,3,657.5,18,722.5,226,655,1306,417.5,6,own cell x size,0
cabbage,AKLAN,MADALAG,pieces or units,g,medium,700,7,3,657.5,18,722.5,226,655,1306,700,7,own cell x size,0
cabbage,AKLAN,MADALAG,pieces or units,g,large,960,5,3,657.5,18,722.5,226,655,1306,960,5,own cell x size,0
camote,AKLAN,MADALAG,binilog,g,small,65,1,3,160,3,150,39,130,56,160,3,cell pooled across sizes,0
camote,AKLAN,MADALAG,binilog,g,medium,170,2,3,160,3,150,39,130,56,160,3,cell pooled across sizes,0
camote tops,AKLAN,MADALAG,bugkos,g,conventional_nsu,150,4,1,150,4,150,37,195,449,150,4,own cell x size,0
carrot,AKLAN,MADALAG,pieces or units,g,small,107.5,4,3,162.5,12,145,195,140,1169,107.5,4,own cell x size,0
carrot,AKLAN,MADALAG,pieces or units,g,medium,180,5,3,162.5,12,145,195,140,1169,180,5,own cell x size,0
carrot,AKLAN,MADALAG,pieces or units,g,large,265,3,3,162.5,12,145,195,140,1169,265,3,own cell x size,0
chicken,AKLAN,MADALAG,pieces or units,g,medium,500,1,3,590,2,385,45,380,108,385,45,province x item x unit,0
chicken,AKLAN,MADALAG,pieces or units,g,large,680,1,3,590,2,385,45,380,108,385,45,province x item x unit,0
chicken,AKLAN,MADALAG,whole (chicken),g,medium,947.5,2,3,1250,4,1265,83,1120,468,1250,4,cell pooled across sizes,0
chicken,AKLAN,MADALAG,whole (chicken),g,large,1660,2,3,1250,4,1265,83,1120,468,1250,4,cell pooled across sizes,0
"crackers, cookies, buiscuits, chips/curls",AKLAN,MADALAG,pieces or units,g,small,30,4,3,31.5,8,30,96,32,505,30,4,own cell x size,0
"crackers, cookies, buiscuits, chips/curls",AKLAN,MADALAG,pieces or units,g,medium,36,4,3,31.5,8,30,96,32,505,36,4,own cell x size,0
"crackers, cookies, buiscuits, chips/curls",AKLAN,MADALAG,putos,g,medium,315,6,2,315,6,280,93,210,482,315,6,own cell x size,0
fresh fish,AKLAN,MADALAG,pieces or units,g,small,100,4,3,437.5,12,387.5,62,390,685,100,4,own cell x size,0
fresh fish,AKLAN,MADALAG,pieces or units,g,medium,475,5,3,437.5,12,387.5,62,390,685,475,5,own cell x size,0
fresh fish,AKLAN,MADALAG,pieces or units,g,large,1105,3,3,437.5,12,387.5,62,390,685,1105,3,own cell x size,0
"ice cream, sorbet, edible ice (eg., ice-lolli, halo-halo)",AKLAN,MADALAG,pieces or units,g,small,45,1,3,45,1,75,5,60,94,75,5,province x item x unit,0
"ice cream, sorbet, edible ice (eg., ice-lolli, halo-halo)",AKLAN,MADALAG,pieces or units,mL,small,100,2,3,100,2,110,25,100,166,110,25,province x item x unit,0
"ice cream, sorbet, edible ice (eg., ice-lolli, halo-halo)",AKLAN,MADALAG,putos,mL,medium,54,4,2,54,4,600,20,65,148,54,4,own cell x size,0
"liquor (e.g, whisky, coconut wine)",AKLAN,MADALAG,lipid/lapad,mL,medium,375,6,3,375,6,375,76,375,618,375,6,own cell x size,0
"liquor (e.g, whisky, coconut wine)",AKLAN,MADALAG,long-neck,mL,large,750,5,3,750,5,750,104,750,478,750,5,own cell x size,0
loaf bread,AKLAN,MADALAG,large packs,g,large,640,1,3,640,1,640,43,640,411,640,43,province x item x unit,0
loaf bread,AKLAN,MADALAG,medium packs,g,medium,525,2,3,610,4,450,51,450,352,610,4,cell pooled across sizes,0
loaf bread,AKLAN,MADALAG,medium packs,g,large,660,2,3,610,4,450,51,450,352,610,4,cell pooled across sizes,0
loaf bread,AKLAN,MADALAG,small packs,g,small,220,1,3,220,1,360,33,370,259,360,33,province x item x unit,0
mango,AKLAN,MADALAG,pieces or units,g,small,172.5,2,3,217.5,4,230,77,230,539,217.5,4,cell pooled across sizes,0
mango,AKLAN,MADALAG,pieces or units,g,medium,255,1,3,217.5,4,230,77,230,539,217.5,4,cell pooled across sizes,0
mango,AKLAN,MADALAG,pieces or units,g,large,280,1,3,217.5,4,230,77,230,539,217.5,4,cell pooled across sizes,0
"preserved or processed meat (tocino, tapa, longaniza, etc)",AKLAN,MADALAG,pieces or units,g,small,22.5,4,3,22.5,4,65,28,65,33,22.5,4,own cell x size,0
"preserved or processed meat (tocino, tapa, longaniza, etc)",AKLAN,MADALAG,putos,g,medium,330,6,2,330,6,300,81,250,473,330,6,own cell x size,0
cabbage,AKLAN,MAKATO,pieces or units,g,small,460,4,3,787.5,12,722.5,226,655,1306,460,4,own cell x size,0
cabbage,AKLAN,MAKATO,pieces or units,g,medium,795,5,3,787.5,12,722.5,226,655,1306,795,5,own cell x size,0
cabbage,AKLAN,MAKATO,pieces or units,g,large,1260,3,3,787.5,12,722.5,226,655,1306,1260,3,own cell x size,0
camote tops,AKLAN,MAKATO,bundle,g,conventional_nsu,775,6,1,775,6,790,35,500,101,775,6,own cell x size,0
carrot,AKLAN,MAKATO,pieces or units,g,small,85,7,3,117.5,16,145,195,140,1169,85,7,own cell x size,0
carrot,AKLAN,MAKATO,pieces or units,g,medium,132.5,4,3,117.5,16,145,195,140,1169,132.5,4,own cell x size,0
carrot,AKLAN,MAKATO,pieces or units,g,large,170,5,3,117.5,16,145,195,140,1169,170,5,own cell x size,0
chicken,AKLAN,MAKATO,whole (chicken),g,large,1307.5,6,3,1307.5,6,1265,83,1120,468,1307.5,6,own cell x size,0
"crackers, cookies, buiscuits, chips/curls",AKLAN,MAKATO,pieces or units,g,medium,30,8,2,30,8,30,96,32,505,30,8,own cell x size,0
"crackers, cookies, buiscuits, chips/curls",AKLAN,MAKATO,putos,g,medium,300,9,2,300,9,280,93,210,482,300,9,own cell x size,0
fresh fish,AKLAN,MAKATO,pieces or units,g,small,360,4,3,527.5,12,387.5,62,390,685,360,4,own cell x size,0
fresh fish,AKLAN,MAKATO,pieces or units,g,medium,550,5,3,527.5,12,387.5,62,390,685,550,5,own cell x size,0
fresh fish,AKLAN,MAKATO,pieces or units,g,large,785,3,3,527.5,12,387.5,62,390,685,785,3,own cell x size,0
"ice cream, sorbet, edible ice (eg., ice-lolli, halo-halo)",AKLAN,MAKATO,pieces or units,g,small,75,3,3,75,3,75,5,60,94,75,3,own cell x size,0
"ice cream, sorbet, edible ice (eg., ice-lolli, halo-halo)",AKLAN,MAKATO,small cup,g,small,110,5,3,110,5,115,10,100,120,110,5,own cell x size,0
"liquor (e.g, whisky, coconut wine)",AKLAN,MAKATO,lipid/lapad,mL,medium,375,9,3,375,9,375,76,375,618,375,9,own cell x size,0
"liquor (e.g, whisky, coconut wine)",AKLAN,MAKATO,long-neck,mL,large,750,9,3,750,9,750,104,750,478,750,9,own cell x size,0
loaf bread,AKLAN,MAKATO,large packs,g,large,640,5,3,640,5,640,43,640,411,640,5,own cell x size,0
loaf bread,AKLAN,MAKATO,medium packs,g,medium,465,8,3,465,8,450,51,450,352,465,8,own cell x size,0
loaf bread,AKLAN,MAKATO,small packs,g,small,392.5,4,3,392.5,4,360,33,370,259,392.5,4,own cell x size,0
mango,AKLAN,MAKATO,pieces or units,g,small,142.5,4,3,190,12,230,77,230,539,142.5,4,own cell x size,0
mango,AKLAN,MAKATO,pieces or units,g,medium,195,5,3,190,12,230,77,230,539,195,5,own cell x size,0
mango,AKLAN,MAKATO,pieces or units,g,large,265,3,3,190,12,230,77,230,539,265,3,own cell x size,0
"prawns, lobster, shrimp",AKLAN,MAKATO,tumpok,g,medium,260,3,3,345,6,290,23,260,147,260,3,own cell x size,0
"prawns, lobster, shrimp",AKLAN,MAKATO,tumpok,g,large,505,3,3,345,6,290,23,260,147,505,3,own cell x size,0
"preserved or processed meat (tocino, tapa, longaniza, etc)",AKLAN,MAKATO,pieces or units,g,medium,65,5,2,65,5,65,28,65,33,65,5,own cell x size,0
"preserved or processed meat (tocino, tapa, longaniza, etc)",AKLAN,MAKATO,putos,g,medium,307.5,8,2,307.5,8,300,81,250,473,307.5,8,own cell x size,0
cabbage,AKLAN,MALAY,pieces or units,g,small,507.5,10,3,770,26,722.5,226,655,1306,507.5,10,own cell x size,0
cabbage,AKLAN,MALAY,pieces or units,g,medium,805,8,3,770,26,722.5,226,655,1306,805,8,own cell x size,0
cabbage,AKLAN,MALAY,pieces or units,g,large,1177.5,8,3,770,26,722.5,226,655,1306,1177.5,8,own cell x size,0
camote,AKLAN,MALAY,binilog,g,small,90,7,3,180,19,150,39,130,56,90,7,own cell x size,0
camote,AKLAN,MALAY,binilog,g,medium,182.5,6,3,180,19,150,39,130,56,182.5,6,own cell x size,0
camote,AKLAN,MALAY,binilog,g,large,305,6,3,180,19,150,39,130,56,305,6,own cell x size,0
camote tops,AKLAN,MALAY,bugkos,g,conventional_nsu,252.5,6,1,252.5,6,150,37,195,449,252.5,6,own cell x size,0
carrot,AKLAN,MALAY,pieces or units,g,small,112.5,8,3,167.5,22,145,195,140,1169,112.5,8,own cell x size,0
carrot,AKLAN,MALAY,pieces or units,g,medium,170,7,3,167.5,22,145,195,140,1169,170,7,own cell x size,0
carrot,AKLAN,MALAY,pieces or units,g,large,270,7,3,167.5,22,145,195,140,1169,270,7,own cell x size,0
chicken,AKLAN,MALAY,whole (chicken),g,small,847.5,4,3,1137.5,8,1265,83,1120,468,847.5,4,own cell x size,0
chicken,AKLAN,MALAY,whole (chicken),g,medium,1232.5,4,3,1137.5,8,1265,83,1120,468,1232.5,4,own cell x size,0
"crackers, cookies, buiscuits, chips/curls",AKLAN,MALAY,pieces or units,g,medium,27.5,6,2,27.5,6,30,96,32,505,27.5,6,own cell x size,0
"crackers, cookies, buiscuits, chips/curls",AKLAN,MALAY,putos,g,medium,330,7,2,330,7,280,93,210,482,330,7,own cell x size,0
"ice cream, sorbet, edible ice (eg., ice-lolli, halo-halo)",AKLAN,MALAY,pieces or units,mL,small,105,4,3,105,4,110,25,100,166,105,4,own cell x size,0
"ice cream, sorbet, edible ice (eg., ice-lolli, halo-halo)",AKLAN,MALAY,putos,mL,small,62.5,4,3,62.5,4,600,20,65,148,62.5,4,own cell x size,0
"ice cream, sorbet, edible ice (eg., ice-lolli, halo-halo)",AKLAN,MALAY,small cup,mL,small,100,3,3,100,3,100,12,100,185,100,3,own cell x size,0
"liquor (e.g, whisky, coconut wine)",AKLAN,MALAY,lipid/lapad,mL,medium,375,9,3,375,9,375,76,375,618,375,9,own cell x size,0
"liquor (e.g, whisky, coconut wine)",AKLAN,MALAY,long-neck,mL,large,750,9,3,750,9,750,104,750,478,750,9,own cell x size,0
loaf bread,AKLAN,MALAY,large packs,g,large,580,4,3,580,4,640,43,640,411,580,4,own cell x size,0
loaf bread,AKLAN,MALAY,medium packs,g,medium,425,4,3,425,4,450,51,450,352,425,4,own cell x size,0
loaf bread,AKLAN,MALAY,small packs,g,small,300,3,3,300,3,360,33,370,259,300,3,own cell x size,0
mango,AKLAN,MALAY,pieces or units,g,small,140,5,3,230,15,230,77,230,539,140,5,own cell x size,0
mango,AKLAN,MALAY,pieces or units,g,medium,230,6,3,230,15,230,77,230,539,230,6,own cell x size,0
mango,AKLAN,MALAY,pieces or units,g,large,295,4,3,230,15,230,77,230,539,295,4,own cell x size,0
"prawns, lobster, shrimp",AKLAN,MALAY,tumpok,g,small,210,3,3,265,5,290,23,260,147,265,5,cell pooled across sizes,0
"prawns, lobster, shrimp",AKLAN,MALAY,tumpok,g,medium,425,2,3,265,5,290,23,260,147,265,5,cell pooled across sizes,0
"preserved or processed meat (tocino, tapa, longaniza, etc)",AKLAN,MALAY,bilog,g,medium,235,2,2,235,2,235,2,229,222,229,222,item x unit (national),0
"preserved or processed meat (tocino, tapa, longaniza, etc)",AKLAN,MALAY,putos,g,small,275,7,2,330,14,300,81,250,473,275,7,own cell x size,0
"preserved or processed meat (tocino, tapa, longaniza, etc)",AKLAN,MALAY,putos,g,medium,360,7,2,330,14,300,81,250,473,360,7,own cell x size,0
cabbage,AKLAN,MALINAO,pieces or units,g,small,410,3,3,655,9,722.5,226,655,1306,655,9,cell pooled across sizes,0
cabbage,AKLAN,MALINAO,pieces or units,g,medium,735,4,3,655,9,722.5,226,655,1306,655,9,cell pooled across sizes,0
cabbage,AKLAN,MALINAO,pieces or units,g,large,945,2,3,655,9,722.5,226,655,1306,655,9,cell pooled across sizes,0
camote tops,AKLAN,MALINAO,2bond,g,conventional_nsu,375,4,1,375,4,375,4,375,4,375,4,own cell x size,0
camote tops,AKLAN,MALINAO,3bugkos,g,conventional_nsu,570,4,1,570,4,570,4,570,4,570,4,own cell x size,0
camote tops,AKLAN,MALINAO,bugkos,g,conventional_nsu,182.5,4,1,182.5,4,150,37,195,449,182.5,4,own cell x size,0
camote tops,AKLAN,MALINAO,bundle,g,medium,712.5,2,3,835,4,790,35,500,101,835,4,cell pooled across sizes,0
camote tops,AKLAN,MALINAO,bundle,g,large,1032.5,2,3,835,4,790,35,500,101,835,4,cell pooled across sizes,0
carrot,AKLAN,MALINAO,pieces or units,g,small,100,3,3,180,9,145,195,140,1169,180,9,cell pooled across sizes,0
carrot,AKLAN,MALINAO,pieces or units,g,medium,190,4,3,180,9,145,195,140,1169,180,9,cell pooled across sizes,0
carrot,AKLAN,MALINAO,pieces or units,g,large,260,2,3,180,9,145,195,140,1169,180,9,cell pooled across sizes,0
chicken,AKLAN,MALINAO,pieces or units,g,small,300,2,3,545,5,385,45,380,108,545,5,cell pooled across sizes,0
chicken,AKLAN,MALINAO,pieces or units,g,medium,562.5,2,3,545,5,385,45,380,108,545,5,cell pooled across sizes,0
chicken,AKLAN,MALINAO,pieces or units,g,large,1210,1,3,545,5,385,45,380,108,545,5,cell pooled across sizes,0
chicken,AKLAN,MALINAO,whole (chicken),g,large,1640,2,3,1640,2,1265,83,1120,468,1265,83,province x item x unit,0
"crackers, cookies, buiscuits, chips/curls",AKLAN,MALINAO,pieces or units,g,medium,28,6,2,28,6,30,96,32,505,28,6,own cell x size,0
"crackers, cookies, buiscuits, chips/curls",AKLAN,MALINAO,putos,g,medium,300,1,2,300,1,280,93,210,482,280,93,province x item x unit,0
fresh fish,AKLAN,MALINAO,pieces or units,g,small,360,2,3,505,6,387.5,62,390,685,505,6,cell pooled across sizes,0
fresh fish,AKLAN,MALINAO,pieces or units,g,medium,530,3,3,505,6,387.5,62,390,685,505,6,cell pooled across sizes,0
fresh fish,AKLAN,MALINAO,pieces or units,g,large,4850,1,3,505,6,387.5,62,390,685,505,6,cell pooled across sizes,0
"ice cream, sorbet, edible ice (eg., ice-lolli, halo-halo)",AKLAN,MALINAO,pieces or units,mL,small,110,3,3,110,3,110,25,100,166,110,3,own cell x size,0
"ice cream, sorbet, edible ice (eg., ice-lolli, halo-halo)",AKLAN,MALINAO,putos,mL,small,600,3,3,600,3,600,20,65,148,600,3,own cell x size,0
"ice cream, sorbet, edible ice (eg., ice-lolli, halo-halo)",AKLAN,MALINAO,small cup,mL,small,110,4,3,110,4,100,12,100,185,110,4,own cell x size,0
"liquor (e.g, whisky, coconut wine)",AKLAN,MALINAO,lipid/lapad,mL,medium,375,6,3,375,6,375,76,375,618,375,6,own cell x size,0
"liquor (e.g, whisky, coconut wine)",AKLAN,MALINAO,long-neck,mL,small,350,5,3,750,14,750,104,750,478,350,5,own cell x size,0
"liquor (e.g, whisky, coconut wine)",AKLAN,MALINAO,long-neck,mL,medium,750,5,3,750,14,750,104,750,478,750,5,own cell x size,0
"liquor (e.g, whisky, coconut wine)",AKLAN,MALINAO,long-neck,mL,large,1000,4,3,750,14,750,104,750,478,1000,4,own cell x size,0
loaf bread,AKLAN,MALINAO,large packs,g,large,620,5,3,620,5,640,43,640,411,620,5,own cell x size,0
loaf bread,AKLAN,MALINAO,medium packs,g,medium,450,6,3,450,6,450,51,450,352,450,6,own cell x size,0
loaf bread,AKLAN,MALINAO,small packs,g,small,310,2,3,310,2,360,33,370,259,360,33,province x item x unit,0
"preserved or processed meat (tocino, tapa, longaniza, etc)",AKLAN,MALINAO,putos,g,medium,200,3,2,200,3,300,81,250,473,200,3,own cell x size,0
cabbage,AKLAN,NABAS,pieces or units,g,small,595,7,3,832.5,20,722.5,226,655,1306,595,7,own cell x size,0
cabbage,AKLAN,NABAS,pieces or units,g,medium,835,7,3,832.5,20,722.5,226,655,1306,835,7,own cell x size,0
cabbage,AKLAN,NABAS,pieces or units,g,large,1062.5,6,3,832.5,20,722.5,226,655,1306,1062.5,6,own cell x size,0
camote tops,AKLAN,NABAS,bugkos,g,conventional_nsu,135,5,1,135,5,150,37,195,449,135,5,own cell x size,0
carrot,AKLAN,NABAS,pieces or units,g,small,100,9,3,150,23,145,195,140,1169,100,9,own cell x size,0
carrot,AKLAN,NABAS,pieces or units,g,medium,155,7,3,150,23,145,195,140,1169,155,7,own cell x size,0
carrot,AKLAN,NABAS,pieces or units,g,large,220,7,3,150,23,145,195,140,1169,220,7,own cell x size,0
chicken,AKLAN,NABAS,pieces or units,g,small,95,5,3,135,9,385,45,380,108,95,5,own cell x size,0
chicken,AKLAN,NABAS,pieces or units,g,medium,235,4,3,135,9,385,45,380,108,235,4,own cell x size,0
chicken,AKLAN,NABAS,whole (chicken),g,medium,935,5,3,1110,9,1265,83,1120,468,935,5,own cell x size,0
chicken,AKLAN,NABAS,whole (chicken),g,large,1240,4,3,1110,9,1265,83,1120,468,1240,4,own cell x size,0
"ice cream, sorbet, edible ice (eg., ice-lolli, halo-halo)",AKLAN,NABAS,pieces or units,mL,small,110,4,3,110,4,110,25,100,166,110,4,own cell x size,0
"ice cream, sorbet, edible ice (eg., ice-lolli, halo-halo)",AKLAN,NABAS,putos,mL,small,650,4,3,650,4,600,20,65,148,650,4,own cell x size,0
"liquor (e.g, whisky, coconut wine)",AKLAN,NABAS,lipid/lapad,mL,medium,375,3,3,375,3,375,76,375,618,375,3,own cell x size,0
"liquor (e.g, whisky, coconut wine)",AKLAN,NABAS,long-neck,mL,small,750,6,3,750,10,750,104,750,478,750,6,own cell x size,0
"liquor (e.g, whisky, coconut wine)",AKLAN,NABAS,long-neck,mL,medium,1000,4,3,750,10,750,104,750,478,1000,4,own cell x size,0
loaf bread,AKLAN,NABAS,large packs,g,large,700,1,3,700,1,640,43,640,411,640,43,province x item x unit,0
loaf bread,AKLAN,NABAS,medium packs,g,small,345,3,3,345,3,450,51,450,352,345,3,own cell x size,0
"preserved or processed meat (tocino, tapa, longaniza, etc)",AKLAN,NABAS,pieces or units,g,medium,70,1,2,70,1,65,28,65,33,65,28,province x item x unit,0
"preserved or processed meat (tocino, tapa, longaniza, etc)",AKLAN,NABAS,putos,g,medium,237.5,2,2,237.5,2,300,81,250,473,300,81,province x item x unit,0
cabbage,AKLAN,NEW WASHINGTON,pieces or units,g,small,500,9,3,647.5,26,722.5,226,655,1306,500,9,own cell x size,0
cabbage,AKLAN,NEW WASHINGTON,pieces or units,g,medium,665,9,3,647.5,26,722.5,226,655,1306,665,9,own cell x size,0
cabbage,AKLAN,NEW WASHINGTON,pieces or units,g,large,915,8,3,647.5,26,722.5,226,655,1306,915,8,own cell x size,0
camote tops,AKLAN,NEW WASHINGTON,bugkos,g,conventional_nsu,115,5,1,115,5,150,37,195,449,115,5,own cell x size,0
camote tops,AKLAN,NEW WASHINGTON,bundle,g,conventional_nsu,560,5,1,560,5,790,35,500,101,560,5,own cell x size,0
carrot,AKLAN,NEW WASHINGTON,pieces or units,g,small,95,7,3,150,21,145,195,140,1169,95,7,own cell x size,0
carrot,AKLAN,NEW WASHINGTON,pieces or units,g,medium,155,8,3,150,21,145,195,140,1169,155,8,own cell x size,0
carrot,AKLAN,NEW WASHINGTON,pieces or units,g,large,280,6,3,150,21,145,195,140,1169,280,6,own cell x size,0
chicken,AKLAN,NEW WASHINGTON,whole (chicken),g,large,1540,6,3,1540,6,1265,83,1120,468,1540,6,own cell x size,0
"crackers, cookies, buiscuits, chips/curls",AKLAN,NEW WASHINGTON,pieces or units,g,small,26.5,6,3,50,16,30,96,32,505,26.5,6,own cell x size,0
"crackers, cookies, buiscuits, chips/curls",AKLAN,NEW WASHINGTON,pieces or units,g,medium,55,6,3,50,16,30,96,32,505,55,6,own cell x size,0
"crackers, cookies, buiscuits, chips/curls",AKLAN,NEW WASHINGTON,pieces or units,g,large,92.5,4,3,50,16,30,96,32,505,92.5,4,own cell x size,0
"crackers, cookies, buiscuits, chips/curls",AKLAN,NEW WASHINGTON,putos,g,medium,320,1,2,320,1,280,93,210,482,280,93,province x item x unit,0
"ice cream, sorbet, edible ice (eg., ice-lolli, halo-halo)",AKLAN,NEW WASHINGTON,pieces or units,mL,small,125,2,3,125,2,110,25,100,166,110,25,province x item x unit,0
"liquor (e.g, whisky, coconut wine)",AKLAN,NEW WASHINGTON,lipid/lapad,mL,medium,375,2,3,375,2,375,76,375,618,375,76,province x item x unit,0
"liquor (e.g, whisky, coconut wine)",AKLAN,NEW WASHINGTON,long-neck,mL,small,750,5,3,750,7,750,104,750,478,750,7,cell pooled across sizes,0
"liquor (e.g, whisky, coconut wine)",AKLAN,NEW WASHINGTON,long-neck,mL,large,1000,2,3,750,7,750,104,750,478,750,7,cell pooled across sizes,0
loaf bread,AKLAN,NEW WASHINGTON,large packs,g,large,640,4,3,640,4,640,43,640,411,640,4,own cell x size,0
loaf bread,AKLAN,NEW WASHINGTON,medium packs,g,medium,465,4,3,465,4,450,51,450,352,465,4,own cell x size,0
loaf bread,AKLAN,NEW WASHINGTON,small packs,g,small,392.5,2,3,392.5,2,360,33,370,259,360,33,province x item x unit,0
"prawns, lobster, shrimp",AKLAN,NEW WASHINGTON,tumpok,g,conventional_nsu,342.5,4,1,342.5,4,290,23,260,147,342.5,4,own cell x size,0
"preserved or processed meat (tocino, tapa, longaniza, etc)",AKLAN,NEW WASHINGTON,pieces or units,g,small,70,1,3,70,1,65,28,65,33,65,28,province x item x unit,0
"preserved or processed meat (tocino, tapa, longaniza, etc)",AKLAN,NEW WASHINGTON,putos,g,small,370,1,3,500,3,300,81,250,473,500,3,cell pooled across sizes,0
"preserved or processed meat (tocino, tapa, longaniza, etc)",AKLAN,NEW WASHINGTON,putos,g,medium,850,2,3,500,3,300,81,250,473,500,3,cell pooled across sizes,0
cabbage,AKLAN,TANGALAN,pieces or units,g,small,570,7,3,732.5,20,722.5,226,655,1306,570,7,own cell x size,0
cabbage,AKLAN,TANGALAN,pieces or units,g,medium,755,7,3,732.5,20,722.5,226,655,1306,755,7,own cell x size,0
cabbage,AKLAN,TANGALAN,pieces or units,g,large,1082.5,6,3,732.5,20,722.5,226,655,1306,1082.5,6,own cell x size,0
camote tops,AKLAN,TANGALAN,bundle,g,conventional_nsu,180,3,1,180,3,790,35,500,101,180,3,own cell x size,0
carrot,AKLAN,TANGALAN,pieces or units,g,small,107.5,6,3,132.5,16,145,195,140,1169,107.5,6,own cell x size,0
carrot,AKLAN,TANGALAN,pieces or units,g,medium,135,5,3,132.5,16,145,195,140,1169,135,5,own cell x size,0
carrot,AKLAN,TANGALAN,pieces or units,g,large,200,5,3,132.5,16,145,195,140,1169,200,5,own cell x size,0
chicken,AKLAN,TANGALAN,whole (chicken),g,small,1047.5,4,3,1167.5,10,1265,83,1120,468,1047.5,4,own cell x size,0
chicken,AKLAN,TANGALAN,whole (chicken),g,medium,1205,3,3,1167.5,10,1265,83,1120,468,1205,3,own cell x size,0
chicken,AKLAN,TANGALAN,whole (chicken),g,large,1395,3,3,1167.5,10,1265,83,1120,468,1395,3,own cell x size,0
"crackers, cookies, buiscuits, chips/curls",AKLAN,TANGALAN,pieces or units,g,small,28,5,3,40,10,30,96,32,505,28,5,own cell x size,0
"crackers, cookies, buiscuits, chips/curls",AKLAN,TANGALAN,pieces or units,g,medium,80,5,3,40,10,30,96,32,505,80,5,own cell x size,0
"crackers, cookies, buiscuits, chips/curls",AKLAN,TANGALAN,putos,g,small,38,8,3,78,19,280,93,210,482,38,8,own cell x size,0
"crackers, cookies, buiscuits, chips/curls",AKLAN,TANGALAN,putos,g,medium,85,5,3,78,19,280,93,210,482,85,5,own cell x size,0
"crackers, cookies, buiscuits, chips/curls",AKLAN,TANGALAN,putos,g,large,240,6,3,78,19,280,93,210,482,240,6,own cell x size,0
"ice cream, sorbet, edible ice (eg., ice-lolli, halo-halo)",AKLAN,TANGALAN,pieces or units,mL,small,105,4,3,110,6,110,25,100,166,110,6,cell pooled across sizes,0
"ice cream, sorbet, edible ice (eg., ice-lolli, halo-halo)",AKLAN,TANGALAN,pieces or units,mL,medium,127.5,2,3,110,6,110,25,100,166,110,6,cell pooled across sizes,0
"liquor (e.g, whisky, coconut wine)",AKLAN,TANGALAN,lipid/lapad,mL,medium,375,9,3,375,9,375,76,375,618,375,9,own cell x size,0
"liquor (e.g, whisky, coconut wine)",AKLAN,TANGALAN,long-neck,mL,small,750,9,3,750,11,750,104,750,478,750,11,cell pooled across sizes,0
"liquor (e.g, whisky, coconut wine)",AKLAN,TANGALAN,long-neck,mL,large,1000,2,3,750,11,750,104,750,478,750,11,cell pooled across sizes,0
loaf bread,AKLAN,TANGALAN,large packs,g,large,682.5,4,3,682.5,4,640,43,640,411,682.5,4,own cell x size,0
loaf bread,AKLAN,TANGALAN,medium packs,g,medium,600,5,3,600,5,450,51,450,352,600,5,own cell x size,0
loaf bread,AKLAN,TANGALAN,small packs,g,small,400,8,3,400,8,360,33,370,259,400,8,own cell x size,0
"preserved or processed meat (tocino, tapa, longaniza, etc)",AKLAN,TANGALAN,pieces or units,g,small,57.5,6,3,57.5,6,65,28,65,33,57.5,6,own cell x size,0
"preserved or processed meat (tocino, tapa, longaniza, etc)",AKLAN,TANGALAN,putos,g,small,112,4,3,250,11,300,81,250,473,112,4,own cell x size,0
"preserved or processed meat (tocino, tapa, longaniza, etc)",AKLAN,TANGALAN,putos,g,medium,250,4,3,250,11,300,81,250,473,250,4,own cell x size,0
"preserved or processed meat (tocino, tapa, longaniza, etc)",AKLAN,TANGALAN,putos,g,large,450,3,3,250,11,300,81,250,473,450,3,own cell x size,0
cabbage,ANTIQUE,BARBAZA,pieces or units,g,medium,605,6,2,605,6,655,219,655,1306,605,6,own cell x size,0
camote,ANTIQUE,BARBAZA,bilog,g,small,60,4,3,150,12,145,117,140,509,60,4,own cell x size,0
camote,ANTIQUE,BARBAZA,bilog,g,medium,155,5,3,150,12,145,117,140,509,155,5,own cell x size,0
camote,ANTIQUE,BARBAZA,bilog,g,large,300,3,3,150,12,145,117,140,509,300,3,own cell x size,0
camote tops,ANTIQUE,BARBAZA,bundle,g,medium,302.5,4,2,302.5,4,610,9,500,101,302.5,4,own cell x size,0
carrot,ANTIQUE,BARBAZA,pieces or units,g,small,85,5,3,180,15,145,201,140,1169,85,5,own cell x size,0
carrot,ANTIQUE,BARBAZA,pieces or units,g,medium,180,7,3,180,15,145,201,140,1169,180,7,own cell x size,0
carrot,ANTIQUE,BARBAZA,pieces or units,g,large,320,3,3,180,15,145,201,140,1169,320,3,own cell x size,0
chicken,ANTIQUE,BARBAZA,whole (chicken),g,medium,1305,3,3,1305,3,1105,65,1120,468,1305,3,own cell x size,0
"crackers, cookies, buiscuits, chips/curls",ANTIQUE,BARBAZA,pieces or units,g,small,28,4,3,32,7,31,94,32,505,28,4,own cell x size,0
"crackers, cookies, buiscuits, chips/curls",ANTIQUE,BARBAZA,pieces or units,g,medium,48,3,3,32,7,31,94,32,505,48,3,own cell x size,0
"crackers, cookies, buiscuits, chips/curls",ANTIQUE,BARBAZA,putos,g,small,55,5,3,90,14,125,105,210,482,55,5,own cell x size,0
"crackers, cookies, buiscuits, chips/curls",ANTIQUE,BARBAZA,putos,g,medium,135,6,3,90,14,125,105,210,482,135,6,own cell x size,0
"crackers, cookies, buiscuits, chips/curls",ANTIQUE,BARBAZA,putos,g,large,300,3,3,90,14,125,105,210,482,300,3,own cell x size,0
fresh fish,ANTIQUE,BARBAZA,pieces or units,g,small,367.5,2,3,675,6,490,87,390,685,675,6,cell pooled across sizes,0
fresh fish,ANTIQUE,BARBAZA,pieces or units,g,medium,730,3,3,675,6,490,87,390,685,675,6,cell pooled across sizes,0
fresh fish,ANTIQUE,BARBAZA,pieces or units,g,large,2055,1,3,675,6,490,87,390,685,675,6,cell pooled across sizes,0
"ice cream, sorbet, edible ice (eg., ice-lolli, halo-halo)",ANTIQUE,BARBAZA,pieces or units,g,medium,90,1,2,90,1,90,9,60,94,90,9,province x item x unit,0
"ice cream, sorbet, edible ice (eg., ice-lolli, halo-halo)",ANTIQUE,BARBAZA,pieces or units,mL,medium,110,4,2,110,4,110,33,100,166,110,4,own cell x size,0
"ice cream, sorbet, edible ice (eg., ice-lolli, halo-halo)",ANTIQUE,BARBAZA,small cup,mL,small,100,5,3,100,5,100,38,100,185,100,5,own cell x size,0
"liquor (e.g, whisky, coconut wine)",ANTIQUE,BARBAZA,lipid/lapad,mL,medium,375,4,3,375,4,375,100,375,618,375,4,own cell x size,0
"liquor (e.g, whisky, coconut wine)",ANTIQUE,BARBAZA,long-neck,mL,medium,750,7,2,750,7,750,118,750,478,750,7,own cell x size,0
loaf bread,ANTIQUE,BARBAZA,large packs,g,large,680,5,3,680,5,640,47,640,411,680,5,own cell x size,0
loaf bread,ANTIQUE,BARBAZA,small packs,g,small,400,3,3,400,3,375,32,370,259,400,3,own cell x size,0
loaf bread,ANTIQUE,BARBAZA,tama-tama nga putos,g,medium,475,6,3,475,6,500,7,450,23,475,6,own cell x size,0
mango,ANTIQUE,BARBAZA,pieces or units,g,small,200,5,3,240,13,230,82,230,539,200,5,own cell x size,0
mango,ANTIQUE,BARBAZA,pieces or units,g,medium,245,4,3,240,13,230,82,230,539,245,4,own cell x size,0
mango,ANTIQUE,BARBAZA,pieces or units,g,large,297.5,4,3,240,13,230,82,230,539,297.5,4,own cell x size,0
"preserved or processed meat (tocino, tapa, longaniza, etc)",ANTIQUE,BARBAZA,bilog,g,small,250,1,3,250,1,250,25,229,222,250,25,province x item x unit,0
"preserved or processed meat (tocino, tapa, longaniza, etc)",ANTIQUE,BARBAZA,putos,g,medium,240,6,2,315,12,250,79,250,473,240,6,own cell x size,0
"preserved or processed meat (tocino, tapa, longaniza, etc)",ANTIQUE,BARBAZA,putos,g,large,517.5,6,2,315,12,250,79,250,473,517.5,6,own cell x size,0
cabbage,ANTIQUE,BELISON,pieces or units,g,small,505,5,3,615,13,655,219,655,1306,505,5,own cell x size,0
cabbage,ANTIQUE,BELISON,pieces or units,g,medium,620,4,3,615,13,655,219,655,1306,620,4,own cell x size,0
cabbage,ANTIQUE,BELISON,pieces or units,g,large,757.5,4,3,615,13,655,219,655,1306,757.5,4,own cell x size,0
camote,ANTIQUE,BELISON,binilog,g,small,70,6,3,105,17,105,17,130,56,70,6,own cell x size,0
camote,ANTIQUE,BELISON,binilog,g,medium,125,7,3,105,17,105,17,130,56,125,7,own cell x size,0
camote,ANTIQUE,BELISON,binilog,g,large,152.5,4,3,105,17,105,17,130,56,152.5,4,own cell x size,0
camote tops,ANTIQUE,BELISON,bugkos,g,small,225,3,3,265,6,225,69,195,449,225,3,own cell x size,0
camote tops,ANTIQUE,BELISON,bugkos,g,medium,320,3,3,265,6,225,69,195,449,320,3,own cell x size,0
carrot,ANTIQUE,BELISON,pieces or units,g,small,95,6,3,125,15,145,201,140,1169,95,6,own cell x size,0
carrot,ANTIQUE,BELISON,pieces or units,g,medium,130,5,3,125,15,145,201,140,1169,130,5,own cell x size,0
carrot,ANTIQUE,BELISON,pieces or units,g,large,170,4,3,125,15,145,201,140,1169,170,4,own cell x size,0
chicken,ANTIQUE,BELISON,pieces or units,g,medium,322.5,2,3,522.5,4,410,40,380,108,522.5,4,cell pooled across sizes,0
chicken,ANTIQUE,BELISON,pieces or units,g,large,852.5,2,3,522.5,4,410,40,380,108,522.5,4,cell pooled across sizes,0
chicken,ANTIQUE,BELISON,whole (chicken),g,small,992.5,2,3,1077.5,6,1105,65,1120,468,1077.5,6,cell pooled across sizes,0
chicken,ANTIQUE,BELISON,whole (chicken),g,medium,1130,3,3,1077.5,6,1105,65,1120,468,1077.5,6,cell pooled across sizes,0
chicken,ANTIQUE,BELISON,whole (chicken),g,large,1350,1,3,1077.5,6,1105,65,1120,468,1077.5,6,cell pooled across sizes,0
"ice cream, sorbet, edible ice (eg., ice-lolli, halo-halo)",ANTIQUE,BELISON,pieces or units,mL,small,105,4,3,105,4,110,33,100,166,105,4,own cell x size,0
"ice cream, sorbet, edible ice (eg., ice-lolli, halo-halo)",ANTIQUE,BELISON,putos,g,small,56,1,3,60.5,2,55.5,12,58,82,55.5,12,province x item x unit,0
"ice cream, sorbet, edible ice (eg., ice-lolli, halo-halo)",ANTIQUE,BELISON,putos,g,medium,65,1,3,60.5,2,55.5,12,58,82,55.5,12,province x item x unit,0
"ice cream, sorbet, edible ice (eg., ice-lolli, halo-halo)",ANTIQUE,BELISON,putos,mL,small,385,2,3,385,2,450,22,65,148,450,22,province x item x unit,0
"ice cream, sorbet, edible ice (eg., ice-lolli, halo-halo)",ANTIQUE,BELISON,small cup,mL,small,100,4,3,100,4,100,38,100,185,100,4,own cell x size,0
"liquor (e.g, whisky, coconut wine)",ANTIQUE,BELISON,gin,mL,medium,350,3,2,350,3,350,3,350,3,350,3,own cell x size,0
"liquor (e.g, whisky, coconut wine)",ANTIQUE,BELISON,lipid/lapad,mL,medium,375,7,2,375,7,375,100,375,618,375,7,own cell x size,0
"liquor (e.g, whisky, coconut wine)",ANTIQUE,BELISON,long-neck,mL,medium,750,8,2,750,8,750,118,750,478,750,8,own cell x size,0
loaf bread,ANTIQUE,BELISON,large packs,g,large,640,4,3,640,4,640,47,640,411,640,4,own cell x size,0
loaf bread,ANTIQUE,BELISON,medium packs,g,medium,450,5,3,450,5,450,50,450,352,450,5,own cell x size,0
mango,ANTIQUE,BELISON,pieces or units,g,small,170,4,3,260,11,230,82,230,539,170,4,own cell x size,0
mango,ANTIQUE,BELISON,pieces or units,g,medium,262.5,4,3,260,11,230,82,230,539,262.5,4,own cell x size,0
mango,ANTIQUE,BELISON,pieces or units,g,large,325,3,3,260,11,230,82,230,539,325,3,own cell x size,0
"prawns, lobster, shrimp",ANTIQUE,BELISON,tumpok,g,small,210,1,3,230,2,240,9,260,147,240,9,province x item x unit,0
"prawns, lobster, shrimp",ANTIQUE,BELISON,tumpok,g,medium,250,1,3,230,2,240,9,260,147,240,9,province x item x unit,0
"preserved or processed meat (tocino, tapa, longaniza, etc)",ANTIQUE,BELISON,bilog,g,medium,250,4,3,250,4,250,25,229,222,250,4,own cell x size,0
"preserved or processed meat (tocino, tapa, longaniza, etc)",ANTIQUE,BELISON,cans,g,small,150,9,3,150,17,155,57,155,95,150,17,cell pooled across sizes,0
"preserved or processed meat (tocino, tapa, longaniza, etc)",ANTIQUE,BELISON,cans,g,medium,260,6,3,150,17,155,57,155,95,150,17,cell pooled across sizes,0
"preserved or processed meat (tocino, tapa, longaniza, etc)",ANTIQUE,BELISON,cans,g,large,340,2,3,150,17,155,57,155,95,150,17,cell pooled across sizes,0
"preserved or processed meat (tocino, tapa, longaniza, etc)",ANTIQUE,BELISON,putos,g,small,250,4,3,250,6,250,79,250,473,250,6,cell pooled across sizes,0
"preserved or processed meat (tocino, tapa, longaniza, etc)",ANTIQUE,BELISON,putos,g,medium,1000,2,3,250,6,250,79,250,473,250,6,cell pooled across sizes,0
cabbage,ANTIQUE,BUGASONG,pieces or units,g,small,405,4,3,675,10,655,219,655,1306,405,4,own cell x size,0
cabbage,ANTIQUE,BUGASONG,pieces or units,g,medium,700,3,3,675,10,655,219,655,1306,700,3,own cell x size,0
cabbage,ANTIQUE,BUGASONG,pieces or units,g,large,975,3,3,675,10,655,219,655,1306,975,3,own cell x size,0
camote,ANTIQUE,BUGASONG,bilog,g,small,75,3,3,185,9,145,117,140,509,185,9,cell pooled across sizes,0
camote,ANTIQUE,BUGASONG,bilog,g,medium,192.5,4,3,185,9,145,117,140,509,185,9,cell pooled across sizes,0
camote,ANTIQUE,BUGASONG,bilog,g,large,292.5,2,3,185,9,145,117,140,509,185,9,cell pooled across sizes,0
camote tops,ANTIQUE,BUGASONG,bugkos,g,small,215,3,3,215,3,225,69,195,449,215,3,own cell x size,0
carrot,ANTIQUE,BUGASONG,pieces or units,g,small,92.5,4,3,130,11,145,201,140,1169,130,11,cell pooled across sizes,0
carrot,ANTIQUE,BUGASONG,pieces or units,g,medium,155,5,3,130,11,145,201,140,1169,130,11,cell pooled across sizes,0
carrot,ANTIQUE,BUGASONG,pieces or units,g,large,225,2,3,130,11,145,201,140,1169,130,11,cell pooled across sizes,0
chicken,ANTIQUE,BUGASONG,pieces or units,g,small,250,2,3,395,5,410,40,380,108,395,5,cell pooled across sizes,0
chicken,ANTIQUE,BUGASONG,pieces or units,g,medium,410,2,3,395,5,410,40,380,108,395,5,cell pooled across sizes,0
chicken,ANTIQUE,BUGASONG,pieces or units,g,large,575,1,3,395,5,410,40,380,108,395,5,cell pooled across sizes,0
chicken,ANTIQUE,BUGASONG,whole (chicken),g,large,1645,4,3,1645,4,1105,65,1120,468,1645,4,own cell x size,0
"crackers, cookies, buiscuits, chips/curls",ANTIQUE,BUGASONG,pieces or units,g,conventional_nsu,32,7,1,32,7,31,94,32,505,32,7,own cell x size,0
"crackers, cookies, buiscuits, chips/curls",ANTIQUE,BUGASONG,putos,g,conventional_nsu,280,7,1,280,7,125,105,210,482,280,7,own cell x size,0
"drinks at restaurant, hotel, cafe, or kiosk",ANTIQUE,BUGASONG,pieces,mL,small,175,5,3,350,15,310,80,355,164,175,5,own cell x size,0
"drinks at restaurant, hotel, cafe, or kiosk",ANTIQUE,BUGASONG,pieces,mL,medium,352.5,6,3,350,15,310,80,355,164,352.5,6,own cell x size,0
"drinks at restaurant, hotel, cafe, or kiosk",ANTIQUE,BUGASONG,pieces,mL,large,900,4,3,350,15,310,80,355,164,900,4,own cell x size,0
fresh fish,ANTIQUE,BUGASONG,pieces or units,g,small,165,2,3,695,5,490,87,390,685,695,5,cell pooled across sizes,0
fresh fish,ANTIQUE,BUGASONG,pieces or units,g,medium,710,2,3,695,5,490,87,390,685,695,5,cell pooled across sizes,0
fresh fish,ANTIQUE,BUGASONG,pieces or units,g,large,1590,1,3,695,5,490,87,390,685,695,5,cell pooled across sizes,0
"ice cream, sorbet, edible ice (eg., ice-lolli, halo-halo)",ANTIQUE,BUGASONG,pieces or units,mL,small,100,3,3,100,3,110,33,100,166,100,3,own cell x size,0
"ice cream, sorbet, edible ice (eg., ice-lolli, halo-halo)",ANTIQUE,BUGASONG,putos,g,small,56,1,3,56,1,55.5,12,58,82,55.5,12,province x item x unit,0
"ice cream, sorbet, edible ice (eg., ice-lolli, halo-halo)",ANTIQUE,BUGASONG,putos,mL,small,625,2,3,625,2,450,22,65,148,450,22,province x item x unit,0
"ice cream, sorbet, edible ice (eg., ice-lolli, halo-halo)",ANTIQUE,BUGASONG,small cup,mL,small,100,3,3,100,3,100,38,100,185,100,3,own cell x size,0
"liquor (e.g, whisky, coconut wine)",ANTIQUE,BUGASONG,lipid/lapad,mL,medium,375,6,3,375,6,375,100,375,618,375,6,own cell x size,0
"liquor (e.g, whisky, coconut wine)",ANTIQUE,BUGASONG,long-neck,mL,small,750,8,3,750,10,750,118,750,478,750,10,cell pooled across sizes,0
"liquor (e.g, whisky, coconut wine)",ANTIQUE,BUGASONG,long-neck,mL,large,1000,2,3,750,10,750,118,750,478,750,10,cell pooled across sizes,0
loaf bread,ANTIQUE,BUGASONG,large packs,g,large,660,2,3,660,2,640,47,640,411,640,47,province x item x unit,0
loaf bread,ANTIQUE,BUGASONG,medium packs,g,medium,450,5,3,450,5,450,50,450,352,450,5,own cell x size,0
mango,ANTIQUE,BUGASONG,pieces or units,g,small,145,5,3,217.5,14,230,82,230,539,145,5,own cell x size,0
mango,ANTIQUE,BUGASONG,pieces or units,g,medium,225,5,3,217.5,14,230,82,230,539,225,5,own cell x size,0
mango,ANTIQUE,BUGASONG,pieces or units,g,large,287.5,4,3,217.5,14,230,82,230,539,287.5,4,own cell x size,0
"preserved or processed meat (tocino, tapa, longaniza, etc)",ANTIQUE,BUGASONG,bilog,g,medium,250,1,2,250,1,250,25,229,222,250,25,province x item x unit,0
"preserved or processed meat (tocino, tapa, longaniza, etc)",ANTIQUE,BUGASONG,cans,g,small,150,7,3,170,15,155,57,155,95,150,7,own cell x size,0
"preserved or processed meat (tocino, tapa, longaniza, etc)",ANTIQUE,BUGASONG,cans,g,medium,172.5,4,3,170,15,155,57,155,95,172.5,4,own cell x size,0
"preserved or processed meat (tocino, tapa, longaniza, etc)",ANTIQUE,BUGASONG,cans,g,large,250,4,3,170,15,155,57,155,95,250,4,own cell x size,0
"preserved or processed meat (tocino, tapa, longaniza, etc)",ANTIQUE,BUGASONG,putos,g,conventional_nsu,225,4,1,225,4,250,79,250,473,225,4,own cell x size,0
cabbage,ANTIQUE,CULASI,pieces or units,g,small,430,7,3,570,21,655,219,655,1306,430,7,own cell x size,0
cabbage,ANTIQUE,CULASI,pieces or units,g,medium,572.5,8,3,570,21,655,219,655,1306,572.5,8,own cell x size,0
cabbage,ANTIQUE,CULASI,pieces or units,g,large,887.5,6,3,570,21,655,219,655,1306,887.5,6,own cell x size,0
camote,ANTIQUE,CULASI,bilog,g,small,85,5,3,150,15,145,117,140,509,85,5,own cell x size,0
camote,ANTIQUE,CULASI,bilog,g,medium,150,6,3,150,15,145,117,140,509,150,6,own cell x size,0
camote,ANTIQUE,CULASI,bilog,g,large,295,4,3,150,15,145,117,140,509,295,4,own cell x size,0
camote tops,ANTIQUE,CULASI,bugkos,g,small,210,5,3,210,5,225,69,195,449,210,5,own cell x size,0
carrot,ANTIQUE,CULASI,pieces or units,g,small,90,6,3,165,17,145,201,140,1169,90,6,own cell x size,0
carrot,ANTIQUE,CULASI,pieces or units,g,medium,170,6,3,165,17,145,201,140,1169,170,6,own cell x size,0
carrot,ANTIQUE,CULASI,pieces or units,g,large,240,5,3,165,17,145,201,140,1169,240,5,own cell x size,0
chicken,ANTIQUE,CULASI,whole (chicken),g,small,880,3,3,1005,6,1105,65,1120,468,880,3,own cell x size,0
chicken,ANTIQUE,CULASI,whole (chicken),g,medium,1105,3,3,1005,6,1105,65,1120,468,1105,3,own cell x size,0
"crackers, cookies, buiscuits, chips/curls",ANTIQUE,CULASI,pieces or units,g,small,30,9,3,30,9,31,94,32,505,30,9,own cell x size,0
"crackers, cookies, buiscuits, chips/curls",ANTIQUE,CULASI,putos,g,conventional_nsu,85,9,1,85,9,125,105,210,482,85,9,own cell x size,0
fresh fish,ANTIQUE,CULASI,pieces or units,g,small,159,6,3,247.5,16,490,87,390,685,159,6,own cell x size,0
fresh fish,ANTIQUE,CULASI,pieces or units,g,medium,300,5,3,247.5,16,490,87,390,685,300,5,own cell x size,0
fresh fish,ANTIQUE,CULASI,pieces or units,g,large,735,5,3,247.5,16,490,87,390,685,735,5,own cell x size,0
"ice cream, sorbet, edible ice (eg., ice-lolli, halo-halo)",ANTIQUE,CULASI,pieces or units,mL,small,100,7,3,100,7,110,33,100,166,100,7,own cell x size,0
"ice cream, sorbet, edible ice (eg., ice-lolli, halo-halo)",ANTIQUE,CULASI,small cup,mL,small,100,6,3,100,6,100,38,100,185,100,6,own cell x size,0
"liquor (e.g, whisky, coconut wine)",ANTIQUE,CULASI,lipid/lapad,mL,medium,375,8,3,375,8,375,100,375,618,375,8,own cell x size,0
"liquor (e.g, whisky, coconut wine)",ANTIQUE,CULASI,long-neck,mL,large,750,8,3,750,8,750,118,750,478,750,8,own cell x size,0
loaf bread,ANTIQUE,CULASI,large packs,g,large,640,5,3,640,5,640,47,640,411,640,5,own cell x size,0
loaf bread,ANTIQUE,CULASI,medium packs,g,medium,500,3,3,500,3,450,50,450,352,500,3,own cell x size,0
loaf bread,ANTIQUE,CULASI,small packs,g,small,355,2,3,355,2,375,32,370,259,375,32,province x item x unit,0
mango,ANTIQUE,CULASI,pieces or units,g,small,155,7,3,230,17,230,82,230,539,155,7,own cell x size,0
mango,ANTIQUE,CULASI,pieces or units,g,medium,235,5,3,230,17,230,82,230,539,235,5,own cell x size,0
mango,ANTIQUE,CULASI,pieces or units,g,large,290,5,3,230,17,230,82,230,539,290,5,own cell x size,0
"prawns, lobster, shrimp",ANTIQUE,CULASI,tumpok,g,medium,260,2,3,260,2,240,9,260,147,240,9,province x item x unit,0
"preserved or processed meat (tocino, tapa, longaniza, etc)",ANTIQUE,CULASI,bilog,g,small,250,4,3,250,6,250,25,229,222,250,6,cell pooled across sizes,0
"preserved or processed meat (tocino, tapa, longaniza, etc)",ANTIQUE,CULASI,bilog,g,medium,450,2,3,250,6,250,25,229,222,250,6,cell pooled across sizes,0
"preserved or processed meat (tocino, tapa, longaniza, etc)",ANTIQUE,CULASI,putos,g,conventional_nsu,250,7,1,250,7,250,79,250,473,250,7,own cell x size,0
cabbage,ANTIQUE,HAMTIC,pieces or units,g,small,405,9,3,670,26,655,219,655,1306,405,9,own cell x size,0
cabbage,ANTIQUE,HAMTIC,pieces or units,g,medium,685,9,3,670,26,655,219,655,1306,685,9,own cell x size,0
cabbage,ANTIQUE,HAMTIC,pieces or units,g,large,860,8,3,670,26,655,219,655,1306,860,8,own cell x size,0
camote,ANTIQUE,HAMTIC,bilog,g,small,72.5,8,3,137.5,24,145,117,140,509,72.5,8,own cell x size,0
camote,ANTIQUE,HAMTIC,bilog,g,medium,140,9,3,137.5,24,145,117,140,509,140,9,own cell x size,0
camote,ANTIQUE,HAMTIC,bilog,g,large,270,7,3,137.5,24,145,117,140,509,270,7,own cell x size,0
camote tops,ANTIQUE,HAMTIC,bugkos,g,small,205,5,3,215,7,225,69,195,449,215,7,cell pooled across sizes,0
camote tops,ANTIQUE,HAMTIC,bugkos,g,medium,262.5,2,3,215,7,225,69,195,449,215,7,cell pooled across sizes,0
carrot,ANTIQUE,HAMTIC,pieces or units,g,small,115,9,3,175,27,145,201,140,1169,115,9,own cell x size,0
carrot,ANTIQUE,HAMTIC,pieces or units,g,medium,177.5,10,3,175,27,145,201,140,1169,177.5,10,own cell x size,0
carrot,ANTIQUE,HAMTIC,pieces or units,g,large,230,8,3,175,27,145,201,140,1169,230,8,own cell x size,0
chicken,ANTIQUE,HAMTIC,whole (chicken),g,medium,940,3,3,1150,5,1105,65,1120,468,1150,5,cell pooled across sizes,0
chicken,ANTIQUE,HAMTIC,whole (chicken),g,large,1270,2,3,1150,5,1105,65,1120,468,1150,5,cell pooled across sizes,0
"crackers, cookies, buiscuits, chips/curls",ANTIQUE,HAMTIC,balde,g,medium,1400,1,3,1400,1,1400,1,1500,5,1500,5,item x unit (national),0
"crackers, cookies, buiscuits, chips/curls",ANTIQUE,HAMTIC,pack,g,small,220,5,3,280,15,300,25,300,63,220,5,own cell x size,0
"crackers, cookies, buiscuits, chips/curls",ANTIQUE,HAMTIC,pack,g,medium,300,6,3,280,15,300,25,300,63,300,6,own cell x size,0
"crackers, cookies, buiscuits, chips/curls",ANTIQUE,HAMTIC,pack,g,large,500,4,3,280,15,300,25,300,63,500,4,own cell x size,0
"drinks at restaurant, hotel, cafe, or kiosk",ANTIQUE,HAMTIC,pieces,g,medium,500,1,3,500,1,375,2,450,25,450,25,item x unit (national),0
"drinks at restaurant, hotel, cafe, or kiosk",ANTIQUE,HAMTIC,pieces,mL,small,162.5,8,3,195,16,310,80,355,164,162.5,8,own cell x size,0
"drinks at restaurant, hotel, cafe, or kiosk",ANTIQUE,HAMTIC,pieces,mL,medium,235,4,3,195,16,310,80,355,164,235,4,own cell x size,0
"drinks at restaurant, hotel, cafe, or kiosk",ANTIQUE,HAMTIC,pieces,mL,large,340,4,3,195,16,310,80,355,164,340,4,own cell x size,0
fresh fish,ANTIQUE,HAMTIC,pieces or units,g,small,450,4,3,685,12,490,87,390,685,450,4,own cell x size,0
fresh fish,ANTIQUE,HAMTIC,pieces or units,g,medium,700,5,3,685,12,490,87,390,685,700,5,own cell x size,0
fresh fish,ANTIQUE,HAMTIC,pieces or units,g,large,850,3,3,685,12,490,87,390,685,850,3,own cell x size,0
"ice cream, sorbet, edible ice (eg., ice-lolli, halo-halo)",ANTIQUE,HAMTIC,cone,mL,medium,105,2,2,105,2,105,2,110,25,110,25,item x unit (national),0
"ice cream, sorbet, edible ice (eg., ice-lolli, halo-halo)",ANTIQUE,HAMTIC,pieces or units,g,small,80,1,3,80,1,90,9,60,94,90,9,province x item x unit,0
"ice cream, sorbet, edible ice (eg., ice-lolli, halo-halo)",ANTIQUE,HAMTIC,pieces or units,mL,small,115,1,3,115,1,110,33,100,166,110,33,province x item x unit,0
"ice cream, sorbet, edible ice (eg., ice-lolli, halo-halo)",ANTIQUE,HAMTIC,putos,mL,conventional_nsu,500,5,1,500,5,450,22,65,148,500,5,own cell x size,0
"ice cream, sorbet, edible ice (eg., ice-lolli, halo-halo)",ANTIQUE,HAMTIC,small cup,mL,small,100,3,3,100,3,100,38,100,185,100,3,own cell x size,0
"liquor (e.g, whisky, coconut wine)",ANTIQUE,HAMTIC,lipid/lapad,mL,conventional_nsu,375,8,1,375,8,375,100,375,618,375,8,own cell x size,0
"liquor (e.g, whisky, coconut wine)",ANTIQUE,HAMTIC,long-neck,mL,small,750,9,3,750,11,750,118,750,478,750,11,cell pooled across sizes,0
"liquor (e.g, whisky, coconut wine)",ANTIQUE,HAMTIC,long-neck,mL,large,1000,2,3,750,11,750,118,750,478,750,11,cell pooled across sizes,0
loaf bread,ANTIQUE,HAMTIC,large packs,g,large,640,6,3,640,6,640,47,640,411,640,6,own cell x size,0
loaf bread,ANTIQUE,HAMTIC,medium packs,g,medium,465,6,3,465,6,450,50,450,352,465,6,own cell x size,0
loaf bread,ANTIQUE,HAMTIC,small packs,g,small,325,2,3,325,2,375,32,370,259,375,32,province x item x unit,0
"prawns, lobster, shrimp",ANTIQUE,HAMTIC,tumpok,g,conventional_nsu,632.5,2,1,632.5,2,240,9,260,147,240,9,province x item x unit,0
"preserved or processed meat (tocino, tapa, longaniza, etc)",ANTIQUE,HAMTIC,bilog,g,small,250,4,3,250,4,250,25,229,222,250,4,own cell x size,0
"preserved or processed meat (tocino, tapa, longaniza, etc)",ANTIQUE,HAMTIC,pack,g,medium,250,4,2,250,4,250,6,250,85,250,4,own cell x size,0
rice,ANTIQUE,HAMTIC,gantang,g,conventional_nsu,2275,3,1,2275,3,2257.5,6,2247.5,28,2275,3,own cell x size,0
cabbage,ANTIQUE,LAUA-AN,pieces or units,g,small,442.5,4,3,720,11,655,219,655,1306,442.5,4,own cell x size,0
cabbage,ANTIQUE,LAUA-AN,pieces or units,g,medium,737.5,4,3,720,11,655,219,655,1306,737.5,4,own cell x size,0
cabbage,ANTIQUE,LAUA-AN,pieces or units,g,large,950,3,3,720,11,655,219,655,1306,950,3,own cell x size,0
camote tops,ANTIQUE,LAUA-AN,bugkos,g,conventional_nsu,287.5,8,1,287.5,8,225,69,195,449,287.5,8,own cell x size,0
camote tops,ANTIQUE,LAUA-AN,bundle,g,medium,630,1,3,630,1,610,9,500,101,610,9,province x item x unit,0
carrot,ANTIQUE,LAUA-AN,pieces or units,g,small,110,3,3,180,5,145,201,140,1169,180,5,cell pooled across sizes,0
carrot,ANTIQUE,LAUA-AN,pieces or units,g,medium,217.5,2,3,180,5,145,201,140,1169,180,5,cell pooled across sizes,0
chicken,ANTIQUE,LAUA-AN,whole (chicken),g,medium,1005,3,3,1055,5,1105,65,1120,468,1055,5,cell pooled across sizes,0
chicken,ANTIQUE,LAUA-AN,whole (chicken),g,large,1075,2,3,1055,5,1105,65,1120,468,1055,5,cell pooled across sizes,0
"crackers, cookies, buiscuits, chips/curls",ANTIQUE,LAUA-AN,pack,g,small,300,4,3,300,7,300,25,300,63,300,4,own cell x size,0
"crackers, cookies, buiscuits, chips/curls",ANTIQUE,LAUA-AN,pack,g,medium,352,3,3,300,7,300,25,300,63,352,3,own cell x size,0
"crackers, cookies, buiscuits, chips/curls",ANTIQUE,LAUA-AN,pieces or units,g,small,26,7,3,26,7,31,94,32,505,26,7,own cell x size,0
fresh fish,ANTIQUE,LAUA-AN,pieces or units,g,small,507.5,2,3,1047.5,6,490,87,390,685,1047.5,6,cell pooled across sizes,0
fresh fish,ANTIQUE,LAUA-AN,pieces or units,g,medium,1240,3,3,1047.5,6,490,87,390,685,1047.5,6,cell pooled across sizes,0
fresh fish,ANTIQUE,LAUA-AN,pieces or units,g,large,2885,1,3,1047.5,6,490,87,390,685,1047.5,6,cell pooled across sizes,0
"ice cream, sorbet, edible ice (eg., ice-lolli, halo-halo)",ANTIQUE,LAUA-AN,putos,g,conventional_nsu,51.5,2,1,51.5,2,55.5,12,58,82,55.5,12,province x item x unit,0
"ice cream, sorbet, edible ice (eg., ice-lolli, halo-halo)",ANTIQUE,LAUA-AN,small cup,g,medium,100,3,2,100,3,100,14,100,120,100,3,own cell x size,0
"liquor (e.g, whisky, coconut wine)",ANTIQUE,LAUA-AN,lipid/lapad,mL,medium,375,7,3,375,7,375,100,375,618,375,7,own cell x size,0
"liquor (e.g, whisky, coconut wine)",ANTIQUE,LAUA-AN,long-neck,mL,large,750,7,3,750,7,750,118,750,478,750,7,own cell x size,0
loaf bread,ANTIQUE,LAUA-AN,large packs,g,large,640,3,3,640,3,640,47,640,411,640,3,own cell x size,0
loaf bread,ANTIQUE,LAUA-AN,medium packs,g,medium,450,3,3,450,3,450,50,450,352,450,3,own cell x size,0
loaf bread,ANTIQUE,LAUA-AN,small packs,g,small,360,1,3,360,1,375,32,370,259,375,32,province x item x unit,0
mango,ANTIQUE,LAUA-AN,pieces or units,g,medium,205,1,3,205,1,230,82,230,539,230,82,province x item x unit,0
"preserved or processed meat (tocino, tapa, longaniza, etc)",ANTIQUE,LAUA-AN,putos,g,conventional_nsu,200,3,1,200,3,250,79,250,473,200,3,own cell x size,0
cabbage,ANTIQUE,LIBERTAD,pieces or units,g,small,515,5,3,765,13,655,219,655,1306,515,5,own cell x size,0
cabbage,ANTIQUE,LIBERTAD,pieces or units,g,medium,767.5,4,3,765,13,655,219,655,1306,767.5,4,own cell x size,0
cabbage,ANTIQUE,LIBERTAD,pieces or units,g,large,917.5,4,3,765,13,655,219,655,1306,917.5,4,own cell x size,0
camote,ANTIQUE,LIBERTAD,bilog,g,small,120,5,3,185,8,145,117,140,509,120,5,own cell x size,0
camote,ANTIQUE,LIBERTAD,bilog,g,medium,210,3,3,185,8,145,117,140,509,210,3,own cell x size,0
camote tops,ANTIQUE,LIBERTAD,bugkos,g,medium,350,1,2,350,1,225,69,195,449,225,69,province x item x unit,0
carrot,ANTIQUE,LIBERTAD,pieces or units,g,small,102.5,4,3,150,12,145,201,140,1169,150,12,cell pooled across sizes,0
carrot,ANTIQUE,LIBERTAD,pieces or units,g,medium,175,6,3,150,12,145,201,140,1169,150,12,cell pooled across sizes,0
carrot,ANTIQUE,LIBERTAD,pieces or units,g,large,302.5,2,3,150,12,145,201,140,1169,150,12,cell pooled across sizes,0
chicken,ANTIQUE,LIBERTAD,pieces or units,g,medium,537.5,8,3,537.5,8,410,40,380,108,537.5,8,own cell x size,0
chicken,ANTIQUE,LIBERTAD,whole (chicken),g,medium,1045,5,3,1115,9,1105,65,1120,468,1045,5,own cell x size,0
chicken,ANTIQUE,LIBERTAD,whole (chicken),g,large,1325,4,3,1115,9,1105,65,1120,468,1325,4,own cell x size,0
"crackers, cookies, buiscuits, chips/curls",ANTIQUE,LIBERTAD,pack,g,small,300,3,3,300,3,300,25,300,63,300,3,own cell x size,0
"crackers, cookies, buiscuits, chips/curls",ANTIQUE,LIBERTAD,pieces or units,g,medium,25,3,2,25,3,31,94,32,505,25,3,own cell x size,0
fresh fish,ANTIQUE,LIBERTAD,pieces or units,g,small,120,3,3,615,7,490,87,390,685,615,7,cell pooled across sizes,0
fresh fish,ANTIQUE,LIBERTAD,pieces or units,g,medium,760,2,3,615,7,490,87,390,685,615,7,cell pooled across sizes,0
fresh fish,ANTIQUE,LIBERTAD,pieces or units,g,large,1327.5,2,3,615,7,490,87,390,685,615,7,cell pooled across sizes,0
"ice cream, sorbet, edible ice (eg., ice-lolli, halo-halo)",ANTIQUE,LIBERTAD,pieces or units,g,small,85,2,3,85,2,90,9,60,94,90,9,province x item x unit,0
"ice cream, sorbet, edible ice (eg., ice-lolli, halo-halo)",ANTIQUE,LIBERTAD,small cup,g,small,100,3,3,100,3,100,14,100,120,100,3,own cell x size,0
"liquor (e.g, whisky, coconut wine)",ANTIQUE,LIBERTAD,lipid/lapad,mL,medium,375,4,3,375,4,375,100,375,618,375,4,own cell x size,0
"liquor (e.g, whisky, coconut wine)",ANTIQUE,LIBERTAD,long-neck,mL,large,750,4,3,750,4,750,118,750,478,750,4,own cell x size,0
loaf bread,ANTIQUE,LIBERTAD,large packs,g,large,680,1,3,680,1,640,47,640,411,640,47,province x item x unit,0
loaf bread,ANTIQUE,LIBERTAD,medium packs,g,medium,560,2,3,560,2,450,50,450,352,450,50,province x item x unit,0
loaf bread,ANTIQUE,LIBERTAD,small packs,g,conventional_nsu,400,3,1,400,3,375,32,370,259,400,3,own cell x size,0
"preserved or processed meat (tocino, tapa, longaniza, etc)",ANTIQUE,LIBERTAD,putos,g,conventional_nsu,200,5,1,200,5,250,79,250,473,200,5,own cell x size,0
cabbage,ANTIQUE,PANDAN,pack,g,conventional_nsu,270,3,1,270,3,270,3,150,43,270,3,own cell x size,0
cabbage,ANTIQUE,PANDAN,pieces or units,g,small,425,5,3,795,13,655,219,655,1306,425,5,own cell x size,0
cabbage,ANTIQUE,PANDAN,pieces or units,g,medium,845,4,3,795,13,655,219,655,1306,845,4,own cell x size,0
cabbage,ANTIQUE,PANDAN,pieces or units,g,large,1085,4,3,795,13,655,219,655,1306,1085,4,own cell x size,0
camote tops,ANTIQUE,PANDAN,bugkos,g,medium,155,3,2,155,3,225,69,195,449,155,3,own cell x size,0
carrot,ANTIQUE,PANDAN,pieces or units,g,small,60,5,3,155,13,145,201,140,1169,60,5,own cell x size,0
carrot,ANTIQUE,PANDAN,pieces or units,g,medium,180,4,3,155,13,145,201,140,1169,180,4,own cell x size,0
carrot,ANTIQUE,PANDAN,pieces or units,g,large,255,4,3,155,13,145,201,140,1169,255,4,own cell x size,0
chicken,ANTIQUE,PANDAN,whole (chicken),g,medium,1090,2,3,1297.5,4,1105,65,1120,468,1297.5,4,cell pooled across sizes,0
chicken,ANTIQUE,PANDAN,whole (chicken),g,large,1552.5,2,3,1297.5,4,1105,65,1120,468,1297.5,4,cell pooled across sizes,0
"crackers, cookies, buiscuits, chips/curls",ANTIQUE,PANDAN,pieces or units,g,small,29,6,3,30,8,31,94,32,505,30,8,cell pooled across sizes,0
"crackers, cookies, buiscuits, chips/curls",ANTIQUE,PANDAN,pieces or units,g,medium,45,2,3,30,8,31,94,32,505,30,8,cell pooled across sizes,0
"crackers, cookies, buiscuits, chips/curls",ANTIQUE,PANDAN,putos,g,small,287.5,6,3,300,9,125,105,210,482,287.5,6,own cell x size,0
"crackers, cookies, buiscuits, chips/curls",ANTIQUE,PANDAN,putos,g,medium,320,3,3,300,9,125,105,210,482,320,3,own cell x size,0
"ice cream, sorbet, edible ice (eg., ice-lolli, halo-halo)",ANTIQUE,PANDAN,pieces or units,g,medium,645,1,3,645,1,90,9,60,94,90,9,province x item x unit,0
"ice cream, sorbet, edible ice (eg., ice-lolli, halo-halo)",ANTIQUE,PANDAN,putos,g,conventional_nsu,52.5,2,1,52.5,2,55.5,12,58,82,55.5,12,province x item x unit,0
"ice cream, sorbet, edible ice (eg., ice-lolli, halo-halo)",ANTIQUE,PANDAN,small cup,g,small,120,1,3,165,2,100,14,100,120,100,14,province x item x unit,0
"ice cream, sorbet, edible ice (eg., ice-lolli, halo-halo)",ANTIQUE,PANDAN,small cup,g,medium,210,1,3,165,2,100,14,100,120,100,14,province x item x unit,0
"liquor (e.g, whisky, coconut wine)",ANTIQUE,PANDAN,baso,mL,large,750,1,3,750,1,750,1,750,1,,,,1
"liquor (e.g, whisky, coconut wine)",ANTIQUE,PANDAN,lipid/lapad,mL,medium,375,6,3,375,6,375,100,375,618,375,6,own cell x size,0
"liquor (e.g, whisky, coconut wine)",ANTIQUE,PANDAN,long-neck,mL,large,750,6,3,750,6,750,118,750,478,750,6,own cell x size,0
loaf bread,ANTIQUE,PANDAN,small packs,g,small,400,1,3,400,1,375,32,370,259,375,32,province x item x unit,0
"preserved or processed meat (tocino, tapa, longaniza, etc)",ANTIQUE,PANDAN,putos,g,conventional_nsu,200,5,1,200,5,250,79,250,473,200,5,own cell x size,0
cabbage,ANTIQUE,PATNONGON,pieces or units,g,small,530,5,3,750,13,655,219,655,1306,530,5,own cell x size,0
cabbage,ANTIQUE,PATNONGON,pieces or units,g,medium,765,4,3,750,13,655,219,655,1306,765,4,own cell x size,0
cabbage,ANTIQUE,PATNONGON,pieces or units,g,large,985,4,3,750,13,655,219,655,1306,985,4,own cell x size,0
cabbage,ANTIQUE,PATNONGON,putos (mix vegetable),g,conventional_nsu,225,3,1,225,3,225,3,160,37,225,3,own cell x size,0
camote,ANTIQUE,PATNONGON,bilog,g,small,120,5,3,200,14,145,117,140,509,120,5,own cell x size,0
camote,ANTIQUE,PATNONGON,bilog,g,medium,200,5,3,200,14,145,117,140,509,200,5,own cell x size,0
camote,ANTIQUE,PATNONGON,bilog,g,large,342.5,4,3,200,14,145,117,140,509,342.5,4,own cell x size,0
camote,ANTIQUE,PATNONGON,tumpok,g,conventional_nsu,1065,9,1,1065,9,1065,17,1065,17,1065,9,own cell x size,0
camote tops,ANTIQUE,PATNONGON,bugkos,g,conventional_nsu,290,9,1,290,9,225,69,195,449,290,9,own cell x size,0
carrot,ANTIQUE,PATNONGON,pieces or units,g,small,70,5,3,110,15,145,201,140,1169,70,5,own cell x size,0
carrot,ANTIQUE,PATNONGON,pieces or units,g,medium,117.5,6,3,110,15,145,201,140,1169,117.5,6,own cell x size,0
carrot,ANTIQUE,PATNONGON,pieces or units,g,large,212.5,4,3,110,15,145,201,140,1169,212.5,4,own cell x size,0
carrot,ANTIQUE,PATNONGON,putos (mix vegetable),g,conventional_nsu,185,4,1,185,4,185,4,152.5,16,185,4,own cell x size,0
chicken,ANTIQUE,PATNONGON,pieces or units,g,medium,570,4,3,570,4,410,40,380,108,570,4,own cell x size,0
chicken,ANTIQUE,PATNONGON,whole (chicken),g,large,1177.5,4,3,1177.5,4,1105,65,1120,468,1177.5,4,own cell x size,0
"crackers, cookies, buiscuits, chips/curls",ANTIQUE,PATNONGON,pieces or units,g,small,31,7,3,31,7,31,94,32,505,31,7,own cell x size,0
"crackers, cookies, buiscuits, chips/curls",ANTIQUE,PATNONGON,putos,g,conventional_nsu,300,6,1,300,6,125,105,210,482,300,6,own cell x size,0
fresh fish,ANTIQUE,PATNONGON,pieces or units,g,small,245,3,3,610,7,490,87,390,685,610,7,cell pooled across sizes,0
fresh fish,ANTIQUE,PATNONGON,pieces or units,g,medium,717.5,2,3,610,7,490,87,390,685,610,7,cell pooled across sizes,0
fresh fish,ANTIQUE,PATNONGON,pieces or units,g,large,2392.5,2,3,610,7,490,87,390,685,610,7,cell pooled across sizes,0
fresh fish,ANTIQUE,PATNONGON,tumpok,g,conventional_nsu,525,1,1,525,1,525,1,750,25,750,25,item x unit (national),0
"ice cream, sorbet, edible ice (eg., ice-lolli, halo-halo)",ANTIQUE,PATNONGON,putos,g,conventional_nsu,60,5,1,60,5,55.5,12,58,82,60,5,own cell x size,0
"ice cream, sorbet, edible ice (eg., ice-lolli, halo-halo)",ANTIQUE,PATNONGON,small cup,g,small,100,3,3,100,3,100,14,100,120,100,3,own cell x size,0
"liquor (e.g, whisky, coconut wine)",ANTIQUE,PATNONGON,lipid/lapad,mL,medium,375,7,3,375,7,375,100,375,618,375,7,own cell x size,0
"liquor (e.g, whisky, coconut wine)",ANTIQUE,PATNONGON,long-neck,mL,large,750,7,3,750,7,750,118,750,478,750,7,own cell x size,0
loaf bread,ANTIQUE,PATNONGON,large packs,g,large,640,3,3,640,3,640,47,640,411,640,3,own cell x size,0
loaf bread,ANTIQUE,PATNONGON,medium packs,g,medium,450,3,3,450,3,450,50,450,352,450,3,own cell x size,0
loaf bread,ANTIQUE,PATNONGON,small packs,g,small,375,3,3,375,3,375,32,370,259,375,3,own cell x size,0
"preserved or processed meat (tocino, tapa, longaniza, etc)",ANTIQUE,PATNONGON,putos,g,conventional_nsu,225,5,1,225,5,250,79,250,473,225,5,own cell x size,0
cabbage,ANTIQUE,SAN REMIGIO,pieces or units,g,small,375,3,3,655,9,655,219,655,1306,655,9,cell pooled across sizes,0
cabbage,ANTIQUE,SAN REMIGIO,pieces or units,g,medium,660,4,3,655,9,655,219,655,1306,655,9,cell pooled across sizes,0
cabbage,ANTIQUE,SAN REMIGIO,pieces or units,g,large,1082.5,2,3,655,9,655,219,655,1306,655,9,cell pooled across sizes,0
camote,ANTIQUE,SAN REMIGIO,bilog,g,small,65,5,3,115,13,145,117,140,509,65,5,own cell x size,0
camote,ANTIQUE,SAN REMIGIO,bilog,g,medium,125,4,3,115,13,145,117,140,509,125,4,own cell x size,0
camote,ANTIQUE,SAN REMIGIO,bilog,g,large,242.5,4,3,115,13,145,117,140,509,242.5,4,own cell x size,0
camote,ANTIQUE,SAN REMIGIO,tumpok,g,conventional_nsu,1052.5,4,1,1052.5,4,1065,17,1065,17,1052.5,4,own cell x size,0
camote tops,ANTIQUE,SAN REMIGIO,bugkos,g,conventional_nsu,230,6,1,230,6,225,69,195,449,230,6,own cell x size,0
carrot,ANTIQUE,SAN REMIGIO,pieces or units,g,small,120,3,3,165,9,145,201,140,1169,165,9,cell pooled across sizes,0
carrot,ANTIQUE,SAN REMIGIO,pieces or units,g,medium,185,4,3,165,9,145,201,140,1169,165,9,cell pooled across sizes,0
carrot,ANTIQUE,SAN REMIGIO,pieces or units,g,large,305,2,3,165,9,145,201,140,1169,165,9,cell pooled across sizes,0
chicken,ANTIQUE,SAN REMIGIO,bilog,g,small,697.5,2,3,890,4,1240,11,1095,230,890,4,cell pooled across sizes,0
chicken,ANTIQUE,SAN REMIGIO,bilog,g,medium,995,1,3,890,4,1240,11,1095,230,890,4,cell pooled across sizes,0
chicken,ANTIQUE,SAN REMIGIO,bilog,g,large,1285,1,3,890,4,1240,11,1095,230,890,4,cell pooled across sizes,0
chicken,ANTIQUE,SAN REMIGIO,pieces or units,g,small,150,1,3,210,3,410,40,380,108,210,3,cell pooled across sizes,0
chicken,ANTIQUE,SAN REMIGIO,pieces or units,g,medium,335,2,3,210,3,410,40,380,108,210,3,cell pooled across sizes,0
"crackers, cookies, buiscuits, chips/curls",ANTIQUE,SAN REMIGIO,pieces or units,g,small,30,5,3,30,9,31,94,32,505,30,5,own cell x size,0
"crackers, cookies, buiscuits, chips/curls",ANTIQUE,SAN REMIGIO,pieces or units,g,medium,40,4,3,30,9,31,94,32,505,40,4,own cell x size,0
"crackers, cookies, buiscuits, chips/curls",ANTIQUE,SAN REMIGIO,putos,g,conventional_nsu,30,9,1,30,9,125,105,210,482,30,9,own cell x size,0
"drinks at restaurant, hotel, cafe, or kiosk",ANTIQUE,SAN REMIGIO,pieces,mL,medium,355,1,3,355,1,310,80,355,164,310,80,province x item x unit,0
fresh fish,ANTIQUE,SAN REMIGIO,pieces or units,g,small,90,3,3,195,9,490,87,390,685,195,9,cell pooled across sizes,0
fresh fish,ANTIQUE,SAN REMIGIO,pieces or units,g,medium,225,4,3,195,9,490,87,390,685,195,9,cell pooled across sizes,0
fresh fish,ANTIQUE,SAN REMIGIO,pieces or units,g,large,2467.5,2,3,195,9,490,87,390,685,195,9,cell pooled across sizes,0
"ice cream, sorbet, edible ice (eg., ice-lolli, halo-halo)",ANTIQUE,SAN REMIGIO,pieces or units,g,medium,90,3,2,90,3,90,9,60,94,90,3,own cell x size,0
"ice cream, sorbet, edible ice (eg., ice-lolli, halo-halo)",ANTIQUE,SAN REMIGIO,pieces or units,mL,medium,100,1,2,100,1,110,33,100,166,110,33,province x item x unit,0
"ice cream, sorbet, edible ice (eg., ice-lolli, halo-halo)",ANTIQUE,SAN REMIGIO,putos,mL,conventional_nsu,60,1,1,60,1,450,22,65,148,450,22,province x item x unit,0
"ice cream, sorbet, edible ice (eg., ice-lolli, halo-halo)",ANTIQUE,SAN REMIGIO,small cup,mL,small,100,1,3,100,1,100,38,100,185,100,38,province x item x unit,0
"liquor (e.g, whisky, coconut wine)",ANTIQUE,SAN REMIGIO,lipid/lapad,mL,medium,375,8,3,375,8,375,100,375,618,375,8,own cell x size,0
"liquor (e.g, whisky, coconut wine)",ANTIQUE,SAN REMIGIO,long-neck,mL,large,750,8,3,750,8,750,118,750,478,750,8,own cell x size,0
loaf bread,ANTIQUE,SAN REMIGIO,large packs,g,conventional_nsu,640,3,1,640,3,640,47,640,411,640,3,own cell x size,0
loaf bread,ANTIQUE,SAN REMIGIO,medium packs,g,conventional_nsu,450,4,1,450,4,450,50,450,352,450,4,own cell x size,0
loaf bread,ANTIQUE,SAN REMIGIO,small packs,g,medium,367.5,2,2,367.5,2,375,32,370,259,375,32,province x item x unit,0
mango,ANTIQUE,SAN REMIGIO,pieces or units,g,small,190,3,3,245,7,230,82,230,539,245,7,cell pooled across sizes,0
mango,ANTIQUE,SAN REMIGIO,pieces or units,g,medium,245,2,3,245,7,230,82,230,539,245,7,cell pooled across sizes,0
mango,ANTIQUE,SAN REMIGIO,pieces or units,g,large,307.5,2,3,245,7,230,82,230,539,245,7,cell pooled across sizes,0
"preserved or processed meat (tocino, tapa, longaniza, etc)",ANTIQUE,SAN REMIGIO,bilog,g,medium,62.5,2,2,62.5,2,250,25,229,222,250,25,province x item x unit,0
"preserved or processed meat (tocino, tapa, longaniza, etc)",ANTIQUE,SAN REMIGIO,putos,g,conventional_nsu,250,4,1,250,4,250,79,250,473,250,4,own cell x size,0
cabbage,ANTIQUE,SEBASTE,pieces or units,g,small,415,6,3,735,17,655,219,655,1306,415,6,own cell x size,0
cabbage,ANTIQUE,SEBASTE,pieces or units,g,medium,742.5,6,3,735,17,655,219,655,1306,742.5,6,own cell x size,0
cabbage,ANTIQUE,SEBASTE,pieces or units,g,large,1050,5,3,735,17,655,219,655,1306,1050,5,own cell x size,0
camote tops,ANTIQUE,SEBASTE,bugkos,g,conventional_nsu,230,3,1,230,3,225,69,195,449,230,3,own cell x size,0
carrot,ANTIQUE,SEBASTE,pieces or units,g,small,95,6,3,115,15,145,201,140,1169,95,6,own cell x size,0
carrot,ANTIQUE,SEBASTE,pieces or units,g,medium,135,6,3,115,15,145,201,140,1169,135,6,own cell x size,0
carrot,ANTIQUE,SEBASTE,pieces or units,g,large,270,3,3,115,15,145,201,140,1169,270,3,own cell x size,0
chicken,ANTIQUE,SEBASTE,whole (chicken),g,medium,920,1,3,920,1,1105,65,1120,468,1105,65,province x item x unit,0
"crackers, cookies, buiscuits, chips/curls",ANTIQUE,SEBASTE,pieces or units,g,conventional_nsu,31,7,1,31,7,31,94,32,505,31,7,own cell x size,0
"crackers, cookies, buiscuits, chips/curls",ANTIQUE,SEBASTE,putos,g,small,25,5,3,55,13,125,105,210,482,25,5,own cell x size,0
"crackers, cookies, buiscuits, chips/curls",ANTIQUE,SEBASTE,putos,g,medium,62.5,4,3,55,13,125,105,210,482,62.5,4,own cell x size,0
"crackers, cookies, buiscuits, chips/curls",ANTIQUE,SEBASTE,putos,g,large,99,4,3,55,13,125,105,210,482,99,4,own cell x size,0
"drinks at restaurant, hotel, cafe, or kiosk",ANTIQUE,SEBASTE,pieces,g,small,250,1,3,250,1,375,2,450,25,450,25,item x unit (national),0
"drinks at restaurant, hotel, cafe, or kiosk",ANTIQUE,SEBASTE,pieces,mL,small,182.5,4,3,320,12,310,80,355,164,182.5,4,own cell x size,0
"drinks at restaurant, hotel, cafe, or kiosk",ANTIQUE,SEBASTE,pieces,mL,medium,350,5,3,320,12,310,80,355,164,350,5,own cell x size,0
"drinks at restaurant, hotel, cafe, or kiosk",ANTIQUE,SEBASTE,pieces,mL,large,500,3,3,320,12,310,80,355,164,500,3,own cell x size,0
fresh fish,ANTIQUE,SEBASTE,pieces or units,g,small,60,1,3,275,3,490,87,390,685,275,3,cell pooled across sizes,0
fresh fish,ANTIQUE,SEBASTE,pieces or units,g,medium,475,2,3,275,3,490,87,390,685,275,3,cell pooled across sizes,0
"ice cream, sorbet, edible ice (eg., ice-lolli, halo-halo)",ANTIQUE,SEBASTE,pieces or units,mL,medium,100,3,2,100,3,110,33,100,166,100,3,own cell x size,0
"ice cream, sorbet, edible ice (eg., ice-lolli, halo-halo)",ANTIQUE,SEBASTE,putos,mL,conventional_nsu,60,4,1,60,4,450,22,65,148,60,4,own cell x size,0
"ice cream, sorbet, edible ice (eg., ice-lolli, halo-halo)",ANTIQUE,SEBASTE,small cup,mL,small,95,2,3,110,4,100,38,100,185,110,4,cell pooled across sizes,0
"ice cream, sorbet, edible ice (eg., ice-lolli, halo-halo)",ANTIQUE,SEBASTE,small cup,mL,medium,165,2,3,110,4,100,38,100,185,110,4,cell pooled across sizes,0
"liquor (e.g, whisky, coconut wine)",ANTIQUE,SEBASTE,lipid/lapad,mL,medium,375,5,3,375,5,375,100,375,618,375,5,own cell x size,0
"liquor (e.g, whisky, coconut wine)",ANTIQUE,SEBASTE,long-neck,mL,medium,750,3,2,750,3,750,118,750,478,750,3,own cell x size,0
loaf bread,ANTIQUE,SEBASTE,large packs,g,conventional_nsu,640,3,1,640,3,640,47,640,411,640,3,own cell x size,0
loaf bread,ANTIQUE,SEBASTE,medium packs,g,medium,460,4,3,460,4,450,50,450,352,460,4,own cell x size,0
loaf bread,ANTIQUE,SEBASTE,small packs,g,small,375,3,3,375,3,375,32,370,259,375,3,own cell x size,0
"preserved or processed meat (tocino, tapa, longaniza, etc)",ANTIQUE,SEBASTE,bilog,g,small,235,2,3,235,2,250,25,229,222,250,25,province x item x unit,0
"preserved or processed meat (tocino, tapa, longaniza, etc)",ANTIQUE,SEBASTE,cans,g,conventional_nsu,155,5,1,155,5,155,57,155,95,155,5,own cell x size,0
"preserved or processed meat (tocino, tapa, longaniza, etc)",ANTIQUE,SEBASTE,putos,g,medium,250,4,2,375,8,250,79,250,473,250,4,own cell x size,0
"preserved or processed meat (tocino, tapa, longaniza, etc)",ANTIQUE,SEBASTE,putos,g,large,750,4,2,375,8,250,79,250,473,750,4,own cell x size,0
cabbage,ANTIQUE,SIBALOM,pieces or units,g,small,472.5,4,3,627.5,10,655,219,655,1306,472.5,4,own cell x size,0
cabbage,ANTIQUE,SIBALOM,pieces or units,g,medium,650,3,3,627.5,10,655,219,655,1306,650,3,own cell x size,0
cabbage,ANTIQUE,SIBALOM,pieces or units,g,large,755,3,3,627.5,10,655,219,655,1306,755,3,own cell x size,0
camote,ANTIQUE,SIBALOM,tumpok,g,conventional_nsu,1070,4,1,1070,4,1065,17,1065,17,1070,4,own cell x size,0
camote tops,ANTIQUE,SIBALOM,bugkos,g,conventional_nsu,227.5,4,1,227.5,4,225,69,195,449,227.5,4,own cell x size,0
carrot,ANTIQUE,SIBALOM,pieces or units,g,small,105,4,3,160,10,145,201,140,1169,105,4,own cell x size,0
carrot,ANTIQUE,SIBALOM,pieces or units,g,medium,170,3,3,160,10,145,201,140,1169,170,3,own cell x size,0
carrot,ANTIQUE,SIBALOM,pieces or units,g,large,210,3,3,160,10,145,201,140,1169,210,3,own cell x size,0
chicken,ANTIQUE,SIBALOM,bilog,g,medium,1197.5,4,3,1265,7,1240,11,1095,230,1197.5,4,own cell x size,0
chicken,ANTIQUE,SIBALOM,bilog,g,large,1425,3,3,1265,7,1240,11,1095,230,1425,3,own cell x size,0
chicken,ANTIQUE,SIBALOM,pieces or units,g,small,215,3,3,260,8,410,40,380,108,260,8,cell pooled across sizes,0
chicken,ANTIQUE,SIBALOM,pieces or units,g,medium,275,3,3,260,8,410,40,380,108,260,8,cell pooled across sizes,0
chicken,ANTIQUE,SIBALOM,pieces or units,g,large,522.5,2,3,260,8,410,40,380,108,260,8,cell pooled across sizes,0
"crackers, cookies, buiscuits, chips/curls",ANTIQUE,SIBALOM,pieces or units,g,small,29,6,3,32.5,12,31,94,32,505,29,6,own cell x size,0
"crackers, cookies, buiscuits, chips/curls",ANTIQUE,SIBALOM,pieces or units,g,medium,40.5,6,3,32.5,12,31,94,32,505,40.5,6,own cell x size,0
"crackers, cookies, buiscuits, chips/curls",ANTIQUE,SIBALOM,putos,g,small,50,7,3,74,18,125,105,210,482,50,7,own cell x size,0
"crackers, cookies, buiscuits, chips/curls",ANTIQUE,SIBALOM,putos,g,medium,80,7,3,74,18,125,105,210,482,80,7,own cell x size,0
"crackers, cookies, buiscuits, chips/curls",ANTIQUE,SIBALOM,putos,g,large,185,4,3,74,18,125,105,210,482,185,4,own cell x size,0
"drinks at restaurant, hotel, cafe, or kiosk",ANTIQUE,SIBALOM,pieces,mL,small,185,2,3,272.5,4,310,80,355,164,272.5,4,cell pooled across sizes,0
"drinks at restaurant, hotel, cafe, or kiosk",ANTIQUE,SIBALOM,pieces,mL,medium,355,2,3,272.5,4,310,80,355,164,272.5,4,cell pooled across sizes,0
fresh fish,ANTIQUE,SIBALOM,pieces or units,g,small,115,3,3,150,9,490,87,390,685,150,9,cell pooled across sizes,0
fresh fish,ANTIQUE,SIBALOM,pieces or units,g,medium,175,4,3,150,9,490,87,390,685,150,9,cell pooled across sizes,0
fresh fish,ANTIQUE,SIBALOM,pieces or units,g,large,402.5,2,3,150,9,490,87,390,685,150,9,cell pooled across sizes,0
"ice cream, sorbet, edible ice (eg., ice-lolli, halo-halo)",ANTIQUE,SIBALOM,pieces or units,mL,small,60,3,3,87.5,6,110,33,100,166,60,3,own cell x size,0
"ice cream, sorbet, edible ice (eg., ice-lolli, halo-halo)",ANTIQUE,SIBALOM,pieces or units,mL,medium,110,3,3,87.5,6,110,33,100,166,110,3,own cell x size,0
"ice cream, sorbet, edible ice (eg., ice-lolli, halo-halo)",ANTIQUE,SIBALOM,putos,mL,conventional_nsu,65,3,1,65,3,450,22,65,148,65,3,own cell x size,0
"ice cream, sorbet, edible ice (eg., ice-lolli, halo-halo)",ANTIQUE,SIBALOM,small cup,mL,small,100,5,3,100,5,100,38,100,185,100,5,own cell x size,0
"liquor (e.g, whisky, coconut wine)",ANTIQUE,SIBALOM,lipid/lapad,mL,medium,375,9,3,375,9,375,100,375,618,375,9,own cell x size,0
"liquor (e.g, whisky, coconut wine)",ANTIQUE,SIBALOM,long-neck,mL,large,750,9,3,750,9,750,118,750,478,750,9,own cell x size,0
loaf bread,ANTIQUE,SIBALOM,large packs,g,medium,640,6,2,640,6,640,47,640,411,640,6,own cell x size,0
loaf bread,ANTIQUE,SIBALOM,medium packs,g,medium,450,7,3,450,7,450,50,450,352,450,7,own cell x size,0
loaf bread,ANTIQUE,SIBALOM,small packs,g,small,360,6,3,360,6,375,32,370,259,360,6,own cell x size,0
mango,ANTIQUE,SIBALOM,pieces or units,g,small,185,5,3,245,13,230,82,230,539,185,5,own cell x size,0
mango,ANTIQUE,SIBALOM,pieces or units,g,medium,247.5,4,3,245,13,230,82,230,539,247.5,4,own cell x size,0
mango,ANTIQUE,SIBALOM,pieces or units,g,large,300,4,3,245,13,230,82,230,539,300,4,own cell x size,0
"prawns, lobster, shrimp",ANTIQUE,SIBALOM,tumpok,g,conventional_nsu,205,3,1,205,3,240,9,260,147,205,3,own cell x size,0
"preserved or processed meat (tocino, tapa, longaniza, etc)",ANTIQUE,SIBALOM,bilog,g,small,250,5,3,250,5,250,25,229,222,250,5,own cell x size,0
"preserved or processed meat (tocino, tapa, longaniza, etc)",ANTIQUE,SIBALOM,putos,g,conventional_nsu,250,8,1,250,8,250,79,250,473,250,8,own cell x size,0
cabbage,ANTIQUE,TIBIAO,pieces or units,g,small,512.5,6,3,725,16,655,219,655,1306,512.5,6,own cell x size,0
cabbage,ANTIQUE,TIBIAO,pieces or units,g,medium,730,5,3,725,16,655,219,655,1306,730,5,own cell x size,0
cabbage,ANTIQUE,TIBIAO,pieces or units,g,large,1115,5,3,725,16,655,219,655,1306,1115,5,own cell x size,0
camote,ANTIQUE,TIBIAO,bilog,g,small,82.5,6,3,85,9,145,117,140,509,82.5,6,own cell x size,0
camote,ANTIQUE,TIBIAO,bilog,g,medium,185,3,3,85,9,145,117,140,509,185,3,own cell x size,0
camote tops,ANTIQUE,TIBIAO,bugkos,g,conventional_nsu,142.5,6,1,142.5,6,225,69,195,449,142.5,6,own cell x size,0
carrot,ANTIQUE,TIBIAO,pieces or units,g,small,135,4,3,190,11,145,201,140,1169,135,4,own cell x size,0
carrot,ANTIQUE,TIBIAO,pieces or units,g,medium,210,4,3,190,11,145,201,140,1169,210,4,own cell x size,0
carrot,ANTIQUE,TIBIAO,pieces or units,g,large,315,3,3,190,11,145,201,140,1169,315,3,own cell x size,0
chicken,ANTIQUE,TIBIAO,pieces or units,g,medium,547.5,2,3,547.5,2,410,40,380,108,410,40,province x item x unit,0
chicken,ANTIQUE,TIBIAO,whole (chicken),g,medium,877.5,2,3,877.5,2,1105,65,1120,468,1105,65,province x item x unit,0
"crackers, cookies, buiscuits, chips/curls",ANTIQUE,TIBIAO,pieces or units,g,small,36,6,3,36,6,31,94,32,505,36,6,own cell x size,0
"crackers, cookies, buiscuits, chips/curls",ANTIQUE,TIBIAO,putos,g,small,300,6,3,300,6,125,105,210,482,300,6,own cell x size,0
"ice cream, sorbet, edible ice (eg., ice-lolli, halo-halo)",ANTIQUE,TIBIAO,pieces or units,g,small,95,1,3,95,1,90,9,60,94,90,9,province x item x unit,0
"ice cream, sorbet, edible ice (eg., ice-lolli, halo-halo)",ANTIQUE,TIBIAO,small cup,g,small,100,3,3,100,3,100,14,100,120,100,3,own cell x size,0
"liquor (e.g, whisky, coconut wine)",ANTIQUE,TIBIAO,lipid/lapad,mL,medium,375,6,3,375,6,375,100,375,618,375,6,own cell x size,0
"liquor (e.g, whisky, coconut wine)",ANTIQUE,TIBIAO,long-neck,mL,large,750,6,3,750,6,750,118,750,478,750,6,own cell x size,0
loaf bread,ANTIQUE,TIBIAO,large packs,g,large,680,3,3,680,3,640,47,640,411,680,3,own cell x size,0
loaf bread,ANTIQUE,TIBIAO,medium packs,g,medium,500,3,3,500,3,450,50,450,352,500,3,own cell x size,0
loaf bread,ANTIQUE,TIBIAO,small packs,g,conventional_nsu,387.5,4,1,387.5,4,375,32,370,259,387.5,4,own cell x size,0
"preserved or processed meat (tocino, tapa, longaniza, etc)",ANTIQUE,TIBIAO,putos,g,conventional_nsu,210,4,1,210,4,250,79,250,473,210,4,own cell x size,0
cabbage,ANTIQUE,TOBIAS FORNIER,pieces or units,g,small,465,7,3,560,20,655,219,655,1306,465,7,own cell x size,0
cabbage,ANTIQUE,TOBIAS FORNIER,pieces or units,g,medium,580,7,3,560,20,655,219,655,1306,580,7,own cell x size,0
cabbage,ANTIQUE,TOBIAS FORNIER,pieces or units,g,large,772.5,6,3,560,20,655,219,655,1306,772.5,6,own cell x size,0
camote,ANTIQUE,TOBIAS FORNIER,bilog,g,small,65,5,3,85,13,145,117,140,509,65,5,own cell x size,0
camote,ANTIQUE,TOBIAS FORNIER,bilog,g,medium,87.5,4,3,85,13,145,117,140,509,87.5,4,own cell x size,0
camote,ANTIQUE,TOBIAS FORNIER,bilog,g,large,155,4,3,85,13,145,117,140,509,155,4,own cell x size,0
camote tops,ANTIQUE,TOBIAS FORNIER,bugkos,g,conventional_nsu,190,5,1,190,5,225,69,195,449,190,5,own cell x size,0
camote tops,ANTIQUE,TOBIAS FORNIER,bundle,g,conventional_nsu,645,3,1,645,3,610,9,500,101,645,3,own cell x size,0
carrot,ANTIQUE,TOBIAS FORNIER,pieces or units,g,small,75,5,3,115,15,145,201,140,1169,75,5,own cell x size,0
carrot,ANTIQUE,TOBIAS FORNIER,pieces or units,g,medium,117.5,6,3,115,15,145,201,140,1169,117.5,6,own cell x size,0
carrot,ANTIQUE,TOBIAS FORNIER,pieces or units,g,large,170,4,3,115,15,145,201,140,1169,170,4,own cell x size,0
chicken,ANTIQUE,TOBIAS FORNIER,pieces or units,g,small,150,1,3,185,2,410,40,380,108,410,40,province x item x unit,0
chicken,ANTIQUE,TOBIAS FORNIER,pieces or units,g,medium,220,1,3,185,2,410,40,380,108,410,40,province x item x unit,0
chicken,ANTIQUE,TOBIAS FORNIER,whole (chicken),g,small,750,4,3,1027.5,10,1105,65,1120,468,750,4,own cell x size,0
chicken,ANTIQUE,TOBIAS FORNIER,whole (chicken),g,medium,1055,3,3,1027.5,10,1105,65,1120,468,1055,3,own cell x size,0
chicken,ANTIQUE,TOBIAS FORNIER,whole (chicken),g,large,1310,3,3,1027.5,10,1105,65,1120,468,1310,3,own cell x size,0
"crackers, cookies, buiscuits, chips/curls",ANTIQUE,TOBIAS FORNIER,putos,g,conventional_nsu,365,8,1,365,8,125,105,210,482,365,8,own cell x size,0
"drinks at restaurant, hotel, cafe, or kiosk",ANTIQUE,TOBIAS FORNIER,pieces,mL,small,215,4,3,352.5,12,310,80,355,164,352.5,12,cell pooled across sizes,0
"drinks at restaurant, hotel, cafe, or kiosk",ANTIQUE,TOBIAS FORNIER,pieces,mL,medium,427.5,6,3,352.5,12,310,80,355,164,352.5,12,cell pooled across sizes,0
"drinks at restaurant, hotel, cafe, or kiosk",ANTIQUE,TOBIAS FORNIER,pieces,mL,large,1000,2,3,352.5,12,310,80,355,164,352.5,12,cell pooled across sizes,0
fresh fish,ANTIQUE,TOBIAS FORNIER,pieces or units,g,small,340,3,3,1450,7,490,87,390,685,1450,7,cell pooled across sizes,0
fresh fish,ANTIQUE,TOBIAS FORNIER,pieces or units,g,medium,1517.5,2,3,1450,7,490,87,390,685,1450,7,cell pooled across sizes,0
fresh fish,ANTIQUE,TOBIAS FORNIER,pieces or units,g,large,2862.5,2,3,1450,7,490,87,390,685,1450,7,cell pooled across sizes,0
"ice cream, sorbet, edible ice (eg., ice-lolli, halo-halo)",ANTIQUE,TOBIAS FORNIER,putos,mL,conventional_nsu,500,5,1,500,5,450,22,65,148,500,5,own cell x size,0
"ice cream, sorbet, edible ice (eg., ice-lolli, halo-halo)",ANTIQUE,TOBIAS FORNIER,small cup,mL,small,100,4,3,100,4,100,38,100,185,100,4,own cell x size,0
"liquor (e.g, whisky, coconut wine)",ANTIQUE,TOBIAS FORNIER,lipid/lapad,mL,medium,375,8,3,375,8,375,100,375,618,375,8,own cell x size,0
"liquor (e.g, whisky, coconut wine)",ANTIQUE,TOBIAS FORNIER,long-neck,mL,medium,750,8,3,750,10,750,118,750,478,750,10,cell pooled across sizes,0
"liquor (e.g, whisky, coconut wine)",ANTIQUE,TOBIAS FORNIER,long-neck,mL,large,1000,2,3,750,10,750,118,750,478,750,10,cell pooled across sizes,0
loaf bread,ANTIQUE,TOBIAS FORNIER,large packs,g,large,640,3,3,640,3,640,47,640,411,640,3,own cell x size,0
loaf bread,ANTIQUE,TOBIAS FORNIER,medium packs,g,medium,450,4,2,450,4,450,50,450,352,450,4,own cell x size,0
loaf bread,ANTIQUE,TOBIAS FORNIER,small packs,g,medium,360,1,2,360,1,375,32,370,259,375,32,province x item x unit,0
mango,ANTIQUE,TOBIAS FORNIER,pieces or units,g,small,187.5,2,3,205,6,230,82,230,539,205,6,cell pooled across sizes,0
mango,ANTIQUE,TOBIAS FORNIER,pieces or units,g,medium,205,3,3,205,6,230,82,230,539,205,6,cell pooled across sizes,0
mango,ANTIQUE,TOBIAS FORNIER,pieces or units,g,large,235,1,3,205,6,230,82,230,539,205,6,cell pooled across sizes,0
"preserved or processed meat (tocino, tapa, longaniza, etc)",ANTIQUE,TOBIAS FORNIER,cans,g,small,150,6,3,155,13,155,57,155,95,150,6,own cell x size,0
"preserved or processed meat (tocino, tapa, longaniza, etc)",ANTIQUE,TOBIAS FORNIER,cans,g,medium,155,4,3,155,13,155,57,155,95,155,4,own cell x size,0
"preserved or processed meat (tocino, tapa, longaniza, etc)",ANTIQUE,TOBIAS FORNIER,cans,g,large,250,3,3,155,13,155,57,155,95,250,3,own cell x size,0
"preserved or processed meat (tocino, tapa, longaniza, etc)",ANTIQUE,TOBIAS FORNIER,pack,g,medium,255,2,2,255,2,250,6,250,85,250,6,province x item x unit,0
"preserved or processed meat (tocino, tapa, longaniza, etc)",ANTIQUE,TOBIAS FORNIER,putos,g,conventional_nsu,630,4,1,630,4,250,79,250,473,630,4,own cell x size,0
rice,ANTIQUE,TOBIAS FORNIER,gantang,g,conventional_nsu,2255,3,1,2255,3,2257.5,6,2247.5,28,2255,3,own cell x size,0
cabbage,ANTIQUE,VALDERRAMA,pieces or units,g,small,405,7,3,595,21,655,219,655,1306,405,7,own cell x size,0
cabbage,ANTIQUE,VALDERRAMA,pieces or units,g,medium,597.5,8,3,595,21,655,219,655,1306,597.5,8,own cell x size,0
cabbage,ANTIQUE,VALDERRAMA,pieces or units,g,large,975,6,3,595,21,655,219,655,1306,975,6,own cell x size,0
camote tops,ANTIQUE,VALDERRAMA,bugkos,g,conventional_nsu,210,3,1,210,3,225,69,195,449,210,3,own cell x size,0
camote tops,ANTIQUE,VALDERRAMA,bundle,g,conventional_nsu,1110,1,1,1110,1,610,9,500,101,610,9,province x item x unit,0
carrot,ANTIQUE,VALDERRAMA,pieces or units,g,small,90,4,3,110,11,145,201,140,1169,90,4,own cell x size,0
carrot,ANTIQUE,VALDERRAMA,pieces or units,g,medium,140,4,3,110,11,145,201,140,1169,140,4,own cell x size,0
carrot,ANTIQUE,VALDERRAMA,pieces or units,g,large,265,3,3,110,11,145,201,140,1169,265,3,own cell x size,0
chicken,ANTIQUE,VALDERRAMA,pieces or units,g,small,200,2,3,232.5,4,410,40,380,108,232.5,4,cell pooled across sizes,0
chicken,ANTIQUE,VALDERRAMA,pieces or units,g,medium,327.5,2,3,232.5,4,410,40,380,108,232.5,4,cell pooled across sizes,0
chicken,ANTIQUE,VALDERRAMA,whole (chicken),g,small,970,2,3,1147.5,6,1105,65,1120,468,1147.5,6,cell pooled across sizes,0
chicken,ANTIQUE,VALDERRAMA,whole (chicken),g,medium,1185,3,3,1147.5,6,1105,65,1120,468,1147.5,6,cell pooled across sizes,0
chicken,ANTIQUE,VALDERRAMA,whole (chicken),g,large,1705,1,3,1147.5,6,1105,65,1120,468,1147.5,6,cell pooled across sizes,0
"crackers, cookies, buiscuits, chips/curls",ANTIQUE,VALDERRAMA,pieces or units,g,small,24,4,3,40,12,31,94,32,505,24,4,own cell x size,0
"crackers, cookies, buiscuits, chips/curls",ANTIQUE,VALDERRAMA,pieces or units,g,medium,45,5,3,40,12,31,94,32,505,45,5,own cell x size,0
"crackers, cookies, buiscuits, chips/curls",ANTIQUE,VALDERRAMA,pieces or units,g,large,98,3,3,40,12,31,94,32,505,98,3,own cell x size,0
"crackers, cookies, buiscuits, chips/curls",ANTIQUE,VALDERRAMA,putos,g,conventional_nsu,290,6,1,290,6,125,105,210,482,290,6,own cell x size,0
"drinks at restaurant, hotel, cafe, or kiosk",ANTIQUE,VALDERRAMA,pieces,mL,small,195,7,3,350,20,310,80,355,164,195,7,own cell x size,0
"drinks at restaurant, hotel, cafe, or kiosk",ANTIQUE,VALDERRAMA,pieces,mL,medium,352.5,8,3,350,20,310,80,355,164,352.5,8,own cell x size,0
"drinks at restaurant, hotel, cafe, or kiosk",ANTIQUE,VALDERRAMA,pieces,mL,large,1000,5,3,350,20,310,80,355,164,1000,5,own cell x size,0
"ice cream, sorbet, edible ice (eg., ice-lolli, halo-halo)",ANTIQUE,VALDERRAMA,pieces or units,mL,medium,112.5,4,2,112.5,4,110,33,100,166,112.5,4,own cell x size,0
"ice cream, sorbet, edible ice (eg., ice-lolli, halo-halo)",ANTIQUE,VALDERRAMA,small cup,mL,small,100,3,3,100,3,100,38,100,185,100,3,own cell x size,0
"liquor (e.g, whisky, coconut wine)",ANTIQUE,VALDERRAMA,lipid/lapad,mL,medium,375,7,3,375,7,375,100,375,618,375,7,own cell x size,0
"liquor (e.g, whisky, coconut wine)",ANTIQUE,VALDERRAMA,long-neck,mL,small,750,9,3,750,14,750,118,750,478,750,9,own cell x size,0
"liquor (e.g, whisky, coconut wine)",ANTIQUE,VALDERRAMA,long-neck,mL,medium,1000,5,3,750,14,750,118,750,478,1000,5,own cell x size,0
loaf bread,ANTIQUE,VALDERRAMA,medium packs,g,medium,600,1,3,600,1,450,50,450,352,450,50,province x item x unit,0
loaf bread,ANTIQUE,VALDERRAMA,small packs,g,small,385,1,3,385,1,375,32,370,259,375,32,province x item x unit,0
loaf bread,ANTIQUE,VALDERRAMA,tama-tama nga putos,g,medium,500,1,2,500,1,500,7,450,23,500,7,province x item x unit,0
"preserved or processed meat (tocino, tapa, longaniza, etc)",ANTIQUE,VALDERRAMA,cans,g,conventional_nsu,198,7,1,198,7,155,57,155,95,198,7,own cell x size,0
"preserved or processed meat (tocino, tapa, longaniza, etc)",ANTIQUE,VALDERRAMA,putos,g,conventional_nsu,250,4,1,250,4,250,79,250,473,250,4,own cell x size,0
cabbage,CAPIZ,CUARTERO,pieces or units,g,small,472.5,4,3,630,10,695,169,655,1306,630,10,cell pooled across sizes,0
cabbage,CAPIZ,CUARTERO,pieces or units,g,medium,790,4,3,630,10,695,169,655,1306,630,10,cell pooled across sizes,0
cabbage,CAPIZ,CUARTERO,pieces or units,g,large,1092.5,2,3,630,10,695,169,655,1306,630,10,cell pooled across sizes,0
camote tops,CAPIZ,CUARTERO,bugkos,g,small,220,3,3,440,9,210,51,195,449,440,9,cell pooled across sizes,0
camote tops,CAPIZ,CUARTERO,bugkos,g,medium,455,4,3,440,9,210,51,195,449,440,9,cell pooled across sizes,0
camote tops,CAPIZ,CUARTERO,bugkos,g,large,680,2,3,440,9,210,51,195,449,440,9,cell pooled across sizes,0
carrot,CAPIZ,CUARTERO,pieces or units,g,small,90,3,3,125,9,135,153,140,1169,125,9,cell pooled across sizes,0
carrot,CAPIZ,CUARTERO,pieces or units,g,medium,132.5,4,3,125,9,135,153,140,1169,125,9,cell pooled across sizes,0
carrot,CAPIZ,CUARTERO,pieces or units,g,large,202.5,2,3,125,9,135,153,140,1169,125,9,cell pooled across sizes,0
chicken,CAPIZ,CUARTERO,bilog,g,small,1085,1,3,1295,3,1192.5,34,1095,230,1295,3,cell pooled across sizes,0
chicken,CAPIZ,CUARTERO,bilog,g,medium,1330,2,3,1295,3,1192.5,34,1095,230,1295,3,cell pooled across sizes,0
chicken,CAPIZ,CUARTERO,pieces or units,g,small,225,3,3,250,8,250,8,380,108,250,8,cell pooled across sizes,0
chicken,CAPIZ,CUARTERO,pieces or units,g,medium,250,3,3,250,8,250,8,380,108,250,8,cell pooled across sizes,0
chicken,CAPIZ,CUARTERO,pieces or units,g,large,327.5,2,3,250,8,250,8,380,108,250,8,cell pooled across sizes,0
chicken,CAPIZ,CUARTERO,whole (chicken),g,small,1110,3,3,1180,9,1160,75,1120,468,1180,9,cell pooled across sizes,0
chicken,CAPIZ,CUARTERO,whole (chicken),g,medium,1197.5,4,3,1180,9,1160,75,1120,468,1180,9,cell pooled across sizes,0
chicken,CAPIZ,CUARTERO,whole (chicken),g,large,1375,2,3,1180,9,1160,75,1120,468,1180,9,cell pooled across sizes,0
"crackers, cookies, buiscuits, chips/curls",CAPIZ,CUARTERO,pieces or units,g,medium,29,4,2,29,4,31.5,88,32,505,29,4,own cell x size,0
"crackers, cookies, buiscuits, chips/curls",CAPIZ,CUARTERO,putos,g,medium,290,4,2,290,4,287.5,54,210,482,290,4,own cell x size,0
fresh fish,CAPIZ,CUARTERO,pieces or units,g,small,370,3,3,475,9,377.5,120,390,685,475,9,cell pooled across sizes,0
fresh fish,CAPIZ,CUARTERO,pieces or units,g,medium,495,4,3,475,9,377.5,120,390,685,475,9,cell pooled across sizes,0
fresh fish,CAPIZ,CUARTERO,pieces or units,g,large,797.5,2,3,475,9,377.5,120,390,685,475,9,cell pooled across sizes,0
"ice cream, sorbet, edible ice (eg., ice-lolli, halo-halo)",CAPIZ,CUARTERO,cone,g,medium,100,1,2,100,1,105,4,107,14,105,4,province x item x unit,0
"ice cream, sorbet, edible ice (eg., ice-lolli, halo-halo)",CAPIZ,CUARTERO,cone,mL,medium,110,1,2,110,1,110,1,110,25,110,25,item x unit (national),0
"ice cream, sorbet, edible ice (eg., ice-lolli, halo-halo)",CAPIZ,CUARTERO,pieces or units,g,medium,395,1,2,395,1,47,6,60,94,47,6,province x item x unit,0
"ice cream, sorbet, edible ice (eg., ice-lolli, halo-halo)",CAPIZ,CUARTERO,putos,mL,medium,600,3,2,600,3,62.5,22,65,148,600,3,own cell x size,0
"ice cream, sorbet, edible ice (eg., ice-lolli, halo-halo)",CAPIZ,CUARTERO,tupperware,g,medium,1025,1,2,1025,1,1025,1,1025,1,,,,1
"ice cream, sorbet, edible ice (eg., ice-lolli, halo-halo)",CAPIZ,CUARTERO,tupperware,mL,medium,1250,1,2,1250,1,1250,1,700,4,700,4,item x unit (national),0
"liquor (e.g, whisky, coconut wine)",CAPIZ,CUARTERO,lipid/lapad,mL,medium,375,4,3,375,4,375,103,375,618,375,4,own cell x size,0
loaf bread,CAPIZ,CUARTERO,large packs,g,large,640,5,3,640,5,640,68,640,411,640,5,own cell x size,0
loaf bread,CAPIZ,CUARTERO,medium packs,g,medium,450,5,3,450,5,450,39,450,352,450,5,own cell x size,0
loaf bread,CAPIZ,CUARTERO,small packs,g,small,220,2,3,220,2,400,33,370,259,400,33,province x item x unit,0
mango,CAPIZ,CUARTERO,pieces or units,g,small,160,3,3,220,9,230,73,230,539,220,9,cell pooled across sizes,0
mango,CAPIZ,CUARTERO,pieces or units,g,medium,227.5,4,3,220,9,230,73,230,539,220,9,cell pooled across sizes,0
mango,CAPIZ,CUARTERO,pieces or units,g,large,292.5,2,3,220,9,230,73,230,539,220,9,cell pooled across sizes,0
"prawns, lobster, shrimp",CAPIZ,CUARTERO,tumpok,g,small,260,3,3,380,6,290,39,260,147,380,6,cell pooled across sizes,0
"prawns, lobster, shrimp",CAPIZ,CUARTERO,tumpok,g,medium,505,2,3,380,6,290,39,260,147,380,6,cell pooled across sizes,0
"prawns, lobster, shrimp",CAPIZ,CUARTERO,tumpok,g,large,810,1,3,380,6,290,39,260,147,380,6,cell pooled across sizes,0
"preserved or processed meat (tocino, tapa, longaniza, etc)",CAPIZ,CUARTERO,bilog,g,large,70,3,3,70,3,70,41,229,222,70,3,own cell x size,0
"preserved or processed meat (tocino, tapa, longaniza, etc)",CAPIZ,CUARTERO,putos,g,medium,250,7,3,250,7,250,61,250,473,250,7,own cell x size,0
cabbage,CAPIZ,DAO,pieces or units,g,small,500,3,3,535,7,695,169,655,1306,535,7,cell pooled across sizes,0
cabbage,CAPIZ,DAO,pieces or units,g,medium,540,2,3,535,7,695,169,655,1306,535,7,cell pooled across sizes,0
cabbage,CAPIZ,DAO,pieces or units,g,large,967.5,2,3,535,7,695,169,655,1306,535,7,cell pooled across sizes,0
cabbage,CAPIZ,DAO,putos (mix vegetable),g,medium,160,2,2,160,2,165,14,160,37,165,14,province x item x unit,0
camote,CAPIZ,DAO,bilog,g,small,97.5,2,3,130,6,145,58,140,509,130,6,cell pooled across sizes,0
camote,CAPIZ,DAO,bilog,g,medium,145,3,3,130,6,145,58,140,509,130,6,cell pooled across sizes,0
camote,CAPIZ,DAO,bilog,g,large,260,1,3,130,6,145,58,140,509,130,6,cell pooled across sizes,0
camote tops,CAPIZ,DAO,bugkos,g,small,175,1,3,175,1,210,51,195,449,210,51,province x item x unit,0
carrot,CAPIZ,DAO,pieces or units,g,small,130,3,3,157.5,8,135,153,140,1169,157.5,8,cell pooled across sizes,0
carrot,CAPIZ,DAO,pieces or units,g,medium,160,3,3,157.5,8,135,153,140,1169,157.5,8,cell pooled across sizes,0
carrot,CAPIZ,DAO,pieces or units,g,large,212.5,2,3,157.5,8,135,153,140,1169,157.5,8,cell pooled across sizes,0
chicken,CAPIZ,DAO,bilog,g,medium,1040,1,3,1185,2,1192.5,34,1095,230,1192.5,34,province x item x unit,0
chicken,CAPIZ,DAO,bilog,g,large,1330,1,3,1185,2,1192.5,34,1095,230,1192.5,34,province x item x unit,0
chicken,CAPIZ,DAO,whole (chicken),g,medium,992.5,2,3,1097.5,4,1160,75,1120,468,1097.5,4,cell pooled across sizes,0
chicken,CAPIZ,DAO,whole (chicken),g,large,1265,2,3,1097.5,4,1160,75,1120,468,1097.5,4,cell pooled across sizes,0
"drinks at restaurant, hotel, cafe, or kiosk",CAPIZ,DAO,pieces,mL,small,473,2,3,486.5,4,473,9,355,164,486.5,4,cell pooled across sizes,0
"drinks at restaurant, hotel, cafe, or kiosk",CAPIZ,DAO,pieces,mL,medium,500,1,3,486.5,4,473,9,355,164,486.5,4,cell pooled across sizes,0
"drinks at restaurant, hotel, cafe, or kiosk",CAPIZ,DAO,pieces,mL,large,651,1,3,486.5,4,473,9,355,164,486.5,4,cell pooled across sizes,0
fresh fish,CAPIZ,DAO,pieces or units,g,small,285,2,3,375,6,377.5,120,390,685,375,6,cell pooled across sizes,0
fresh fish,CAPIZ,DAO,pieces or units,g,medium,375,3,3,375,6,377.5,120,390,685,375,6,cell pooled across sizes,0
fresh fish,CAPIZ,DAO,pieces or units,g,large,760,1,3,375,6,377.5,120,390,685,375,6,cell pooled across sizes,0
"ice cream, sorbet, edible ice (eg., ice-lolli, halo-halo)",CAPIZ,DAO,pieces or units,mL,medium,75,2,2,75,2,65,17,100,166,65,17,province x item x unit,0
"ice cream, sorbet, edible ice (eg., ice-lolli, halo-halo)",CAPIZ,DAO,putos,mL,medium,65,1,2,65,1,62.5,22,65,148,62.5,22,province x item x unit,0
"ice cream, sorbet, edible ice (eg., ice-lolli, halo-halo)",CAPIZ,DAO,small cup,mL,medium,110,1,2,110,1,100,27,100,185,100,27,province x item x unit,0
"liquor (e.g, whisky, coconut wine)",CAPIZ,DAO,lipid/lapad,mL,small,375,2,3,375,3,375,103,375,618,375,3,cell pooled across sizes,0
"liquor (e.g, whisky, coconut wine)",CAPIZ,DAO,lipid/lapad,mL,medium,750,1,3,375,3,375,103,375,618,375,3,cell pooled across sizes,0
"liquor (e.g, whisky, coconut wine)",CAPIZ,DAO,long-neck,mL,large,750,3,3,750,3,750,26,750,478,750,3,own cell x size,0
loaf bread,CAPIZ,DAO,large packs,g,large,640,1,3,640,1,640,68,640,411,640,68,province x item x unit,0
loaf bread,CAPIZ,DAO,medium packs,g,medium,450,1,3,545,2,450,39,450,352,450,39,province x item x unit,0
loaf bread,CAPIZ,DAO,medium packs,g,large,640,1,3,545,2,450,39,450,352,450,39,province x item x unit,0
loaf bread,CAPIZ,DAO,small packs,g,small,360,1,3,450,3,400,33,370,259,450,3,cell pooled across sizes,0
loaf bread,CAPIZ,DAO,small packs,g,medium,545,2,3,450,3,400,33,370,259,450,3,cell pooled across sizes,0
mango,CAPIZ,DAO,pieces or units,g,small,155,3,3,200,7,230,73,230,539,200,7,cell pooled across sizes,0
mango,CAPIZ,DAO,pieces or units,g,medium,225,2,3,200,7,230,73,230,539,200,7,cell pooled across sizes,0
mango,CAPIZ,DAO,pieces or units,g,large,297.5,2,3,200,7,230,73,230,539,200,7,cell pooled across sizes,0
"prawns, lobster, shrimp",CAPIZ,DAO,tumpok,g,conventional_nsu,355,1,1,355,1,290,39,260,147,290,39,province x item x unit,0
"preserved or processed meat (tocino, tapa, longaniza, etc)",CAPIZ,DAO,bilog,g,conventional_nsu,250,3,1,250,3,70,41,229,222,250,3,own cell x size,0
"preserved or processed meat (tocino, tapa, longaniza, etc)",CAPIZ,DAO,putos,g,conventional_nsu,725,2,1,725,2,250,61,250,473,250,61,province x item x unit,0
cabbage,CAPIZ,DUMALAG,pack,g,small,175,2,3,175,2,160,11,150,43,160,11,province x item x unit,0
cabbage,CAPIZ,DUMALAG,pieces or units,g,small,407.5,6,3,635,17,695,169,655,1306,407.5,6,own cell x size,0
cabbage,CAPIZ,DUMALAG,pieces or units,g,medium,662.5,6,3,635,17,695,169,655,1306,662.5,6,own cell x size,0
cabbage,CAPIZ,DUMALAG,pieces or units,g,large,1125,5,3,635,17,695,169,655,1306,1125,5,own cell x size,0
camote,CAPIZ,DUMALAG,bilog,g,small,80,2,3,85,4,145,58,140,509,85,4,cell pooled across sizes,0
camote,CAPIZ,DUMALAG,bilog,g,medium,120,2,3,85,4,145,58,140,509,85,4,cell pooled across sizes,0
camote tops,CAPIZ,DUMALAG,bugkos,g,conventional_nsu,187.5,2,1,187.5,2,210,51,195,449,210,51,province x item x unit,0
carrot,CAPIZ,DUMALAG,pieces or units,g,small,90,5,3,160,14,135,153,140,1169,90,5,own cell x size,0
carrot,CAPIZ,DUMALAG,pieces or units,g,medium,165,5,3,160,14,135,153,140,1169,165,5,own cell x size,0
carrot,CAPIZ,DUMALAG,pieces or units,g,large,300,4,3,160,14,135,153,140,1169,300,4,own cell x size,0
chicken,CAPIZ,DUMALAG,whole (chicken),g,medium,1005,3,3,1355,5,1160,75,1120,468,1355,5,cell pooled across sizes,0
chicken,CAPIZ,DUMALAG,whole (chicken),g,large,1492.5,2,3,1355,5,1160,75,1120,468,1355,5,cell pooled across sizes,0
"crackers, cookies, buiscuits, chips/curls",CAPIZ,DUMALAG,pieces or units,g,medium,31,6,2,31,6,31.5,88,32,505,31,6,own cell x size,0
"crackers, cookies, buiscuits, chips/curls",CAPIZ,DUMALAG,putos,g,conventional_nsu,310,4,1,310,4,287.5,54,210,482,310,4,own cell x size,0
"drinks at restaurant, hotel, cafe, or kiosk",CAPIZ,DUMALAG,pieces,mL,small,473,1,3,473,1,473,9,355,164,473,9,province x item x unit,0
fresh fish,CAPIZ,DUMALAG,pieces or units,g,medium,530,2,3,722.5,4,377.5,120,390,685,722.5,4,cell pooled across sizes,0
fresh fish,CAPIZ,DUMALAG,pieces or units,g,large,907.5,2,3,722.5,4,377.5,120,390,685,722.5,4,cell pooled across sizes,0
"ice cream, sorbet, edible ice (eg., ice-lolli, halo-halo)",CAPIZ,DUMALAG,pieces or units,mL,medium,45,1,2,45,1,65,17,100,166,65,17,province x item x unit,0
"ice cream, sorbet, edible ice (eg., ice-lolli, halo-halo)",CAPIZ,DUMALAG,putos,mL,medium,49.5,2,2,49.5,2,62.5,22,65,148,62.5,22,province x item x unit,0
"ice cream, sorbet, edible ice (eg., ice-lolli, halo-halo)",CAPIZ,DUMALAG,small cup,mL,medium,105,2,2,105,2,100,27,100,185,100,27,province x item x unit,0
"liquor (e.g, whisky, coconut wine)",CAPIZ,DUMALAG,lipid/lapad,mL,small,375,4,3,375,5,375,103,375,618,375,5,cell pooled across sizes,0
"liquor (e.g, whisky, coconut wine)",CAPIZ,DUMALAG,lipid/lapad,mL,large,750,1,3,375,5,375,103,375,618,375,5,cell pooled across sizes,0
"liquor (e.g, whisky, coconut wine)",CAPIZ,DUMALAG,long-neck,mL,small,750,1,2,875,2,750,26,750,478,750,26,province x item x unit,0
"liquor (e.g, whisky, coconut wine)",CAPIZ,DUMALAG,long-neck,mL,medium,1000,1,2,875,2,750,26,750,478,750,26,province x item x unit,0
loaf bread,CAPIZ,DUMALAG,large packs,g,large,700,3,3,700,3,640,68,640,411,700,3,own cell x size,0
loaf bread,CAPIZ,DUMALAG,medium packs,g,medium,500,4,3,500,5,450,39,450,352,500,5,cell pooled across sizes,0
loaf bread,CAPIZ,DUMALAG,medium packs,g,large,640,1,3,500,5,450,39,450,352,500,5,cell pooled across sizes,0
loaf bread,CAPIZ,DUMALAG,small packs,g,small,400,1,3,450,2,400,33,370,259,400,33,province x item x unit,0
loaf bread,CAPIZ,DUMALAG,small packs,g,medium,500,1,3,450,2,400,33,370,259,400,33,province x item x unit,0
mango,CAPIZ,DUMALAG,pieces or units,g,small,155,3,3,195,8,230,73,230,539,195,8,cell pooled across sizes,0
mango,CAPIZ,DUMALAG,pieces or units,g,medium,195,3,3,195,8,230,73,230,539,195,8,cell pooled across sizes,0
mango,CAPIZ,DUMALAG,pieces or units,g,large,285,2,3,195,8,230,73,230,539,195,8,cell pooled across sizes,0
"mineral or spring water, all drinking water sold in containers",CAPIZ,DUMALAG,container,mL,medium,1000,1,3,1000,1,1000,1,1000,1,,,,1
"prawns, lobster, shrimp",CAPIZ,DUMALAG,tumpok,g,conventional_nsu,215,1,1,215,1,290,39,260,147,290,39,province x item x unit,0
"preserved or processed meat (tocino, tapa, longaniza, etc)",CAPIZ,DUMALAG,bilog,g,small,250,1,3,375,2,70,41,229,222,70,41,province x item x unit,0
"preserved or processed meat (tocino, tapa, longaniza, etc)",CAPIZ,DUMALAG,bilog,g,large,500,1,3,375,2,70,41,229,222,70,41,province x item x unit,0
"preserved or processed meat (tocino, tapa, longaniza, etc)",CAPIZ,DUMALAG,putos,g,medium,1000,3,2,1000,3,250,61,250,473,1000,3,own cell x size,0
cabbage,CAPIZ,DUMARAO,pack,g,small,87.5,2,3,355,5,160,11,150,43,355,5,cell pooled across sizes,0
cabbage,CAPIZ,DUMARAO,pack,g,medium,465,2,3,355,5,160,11,150,43,355,5,cell pooled across sizes,0
cabbage,CAPIZ,DUMARAO,pack,g,large,770,1,3,355,5,160,11,150,43,355,5,cell pooled across sizes,0
cabbage,CAPIZ,DUMARAO,pieces or units,g,small,570,3,3,890,7,695,169,655,1306,890,7,cell pooled across sizes,0
cabbage,CAPIZ,DUMARAO,pieces or units,g,medium,925,2,3,890,7,695,169,655,1306,890,7,cell pooled across sizes,0
cabbage,CAPIZ,DUMARAO,pieces or units,g,large,1387.5,2,3,890,7,695,169,655,1306,890,7,cell pooled across sizes,0
camote tops,CAPIZ,DUMARAO,bugkos,g,conventional_nsu,175,1,1,175,1,210,51,195,449,210,51,province x item x unit,0
carrot,CAPIZ,DUMARAO,pieces or units,g,small,87.5,2,3,135,5,135,153,140,1169,135,5,cell pooled across sizes,0
carrot,CAPIZ,DUMARAO,pieces or units,g,medium,140,2,3,135,5,135,153,140,1169,135,5,cell pooled across sizes,0
carrot,CAPIZ,DUMARAO,pieces or units,g,large,220,1,3,135,5,135,153,140,1169,135,5,cell pooled across sizes,0
chicken,CAPIZ,DUMARAO,bilog,g,medium,1270,1,3,1352.5,2,1192.5,34,1095,230,1192.5,34,province x item x unit,0
chicken,CAPIZ,DUMARAO,bilog,g,large,1435,1,3,1352.5,2,1192.5,34,1095,230,1192.5,34,province x item x unit,0
fresh fish,CAPIZ,DUMARAO,pack,g,medium,780,1,2,780,1,680,4,620,29,680,4,province x item x unit,0
fresh fish,CAPIZ,DUMARAO,pieces or units,g,large,680,1,3,680,1,377.5,120,390,685,377.5,120,province x item x unit,0
"ice cream, sorbet, edible ice (eg., ice-lolli, halo-halo)",CAPIZ,DUMARAO,pieces or units,mL,small,112.5,2,3,112.5,2,65,17,100,166,65,17,province x item x unit,0
"ice cream, sorbet, edible ice (eg., ice-lolli, halo-halo)",CAPIZ,DUMARAO,putos,mL,small,45,1,3,45,1,62.5,22,65,148,62.5,22,province x item x unit,0
"ice cream, sorbet, edible ice (eg., ice-lolli, halo-halo)",CAPIZ,DUMARAO,small cup,mL,small,100,3,3,100,3,100,27,100,185,100,3,own cell x size,0
"liquor (e.g, whisky, coconut wine)",CAPIZ,DUMARAO,lipid/lapad,mL,medium,375,3,3,375,3,375,103,375,618,375,3,own cell x size,0
loaf bread,CAPIZ,DUMARAO,large packs,g,large,640,2,3,640,2,640,68,640,411,640,68,province x item x unit,0
loaf bread,CAPIZ,DUMARAO,medium packs,g,small,450,4,3,450,5,450,39,450,352,450,5,cell pooled across sizes,0
loaf bread,CAPIZ,DUMARAO,medium packs,g,large,640,1,3,450,5,450,39,450,352,450,5,cell pooled across sizes,0
loaf bread,CAPIZ,DUMARAO,small packs,g,small,360,2,3,360,2,400,33,370,259,400,33,province x item x unit,0
mango,CAPIZ,DUMARAO,pieces or units,g,small,155,2,3,220,6,230,73,230,539,220,6,cell pooled across sizes,0
mango,CAPIZ,DUMARAO,pieces or units,g,medium,230,3,3,220,6,230,73,230,539,220,6,cell pooled across sizes,0
mango,CAPIZ,DUMARAO,pieces or units,g,large,355,1,3,220,6,230,73,230,539,220,6,cell pooled across sizes,0
"prawns, lobster, shrimp",CAPIZ,DUMARAO,tumpok,g,conventional_nsu,570,1,1,570,1,290,39,260,147,290,39,province x item x unit,0
"preserved or processed meat (tocino, tapa, longaniza, etc)",CAPIZ,DUMARAO,bilog,g,medium,250,2,2,250,2,70,41,229,222,70,41,province x item x unit,0
"preserved or processed meat (tocino, tapa, longaniza, etc)",CAPIZ,DUMARAO,putos,g,medium,250,2,2,250,2,250,61,250,473,250,61,province x item x unit,0
cabbage,CAPIZ,IVISAN,pieces or units,g,small,507.5,6,3,705,18,695,169,655,1306,507.5,6,own cell x size,0
cabbage,CAPIZ,IVISAN,pieces or units,g,medium,715,7,3,705,18,695,169,655,1306,715,7,own cell x size,0
cabbage,CAPIZ,IVISAN,pieces or units,g,large,1100,5,3,705,18,695,169,655,1306,1100,5,own cell x size,0
camote,CAPIZ,IVISAN,bilog,g,small,90,3,3,205,9,145,58,140,509,205,9,cell pooled across sizes,0
camote,CAPIZ,IVISAN,bilog,g,medium,212.5,4,3,205,9,145,58,140,509,205,9,cell pooled across sizes,0
camote,CAPIZ,IVISAN,bilog,g,large,292.5,2,3,205,9,145,58,140,509,205,9,cell pooled across sizes,0
camote tops,CAPIZ,IVISAN,bundle,g,conventional_nsu,155,3,1,155,3,170,7,500,101,155,3,own cell x size,0
carrot,CAPIZ,IVISAN,pieces or units,g,small,77.5,6,3,135,13,135,153,140,1169,77.5,6,own cell x size,0
carrot,CAPIZ,IVISAN,pieces or units,g,medium,135,3,3,135,13,135,153,140,1169,135,3,own cell x size,0
carrot,CAPIZ,IVISAN,pieces or units,g,large,180,4,3,135,13,135,153,140,1169,180,4,own cell x size,0
chicken,CAPIZ,IVISAN,whole (chicken),g,small,900,3,3,1145,9,1160,75,1120,468,1145,9,cell pooled across sizes,0
chicken,CAPIZ,IVISAN,whole (chicken),g,medium,1210,4,3,1145,9,1160,75,1120,468,1145,9,cell pooled across sizes,0
chicken,CAPIZ,IVISAN,whole (chicken),g,large,1647.5,2,3,1145,9,1160,75,1120,468,1145,9,cell pooled across sizes,0
"crackers, cookies, buiscuits, chips/curls",CAPIZ,IVISAN,pieces or units,g,small,31,2,3,31,2,31.5,88,32,505,31.5,88,province x item x unit,0
"crackers, cookies, buiscuits, chips/curls",CAPIZ,IVISAN,putos,g,medium,250,3,2,250,3,287.5,54,210,482,250,3,own cell x size,0
fresh fish,CAPIZ,IVISAN,pieces or units,g,small,225,5,3,490,15,377.5,120,390,685,225,5,own cell x size,0
fresh fish,CAPIZ,IVISAN,pieces or units,g,medium,492.5,6,3,490,15,377.5,120,390,685,492.5,6,own cell x size,0
fresh fish,CAPIZ,IVISAN,pieces or units,g,large,587.5,4,3,490,15,377.5,120,390,685,587.5,4,own cell x size,0
"ice cream, sorbet, edible ice (eg., ice-lolli, halo-halo)",CAPIZ,IVISAN,putos,mL,medium,700,1,2,700,1,62.5,22,65,148,62.5,22,province x item x unit,0
"ice cream, sorbet, edible ice (eg., ice-lolli, halo-halo)",CAPIZ,IVISAN,small cup,mL,small,180,1,3,180,1,100,27,100,185,100,27,province x item x unit,0
"liquor (e.g, whisky, coconut wine)",CAPIZ,IVISAN,lipid/lapad,mL,small,437.5,6,3,600,12,375,103,375,618,437.5,6,own cell x size,0
"liquor (e.g, whisky, coconut wine)",CAPIZ,IVISAN,lipid/lapad,mL,medium,750,3,3,600,12,375,103,375,618,750,3,own cell x size,0
"liquor (e.g, whisky, coconut wine)",CAPIZ,IVISAN,lipid/lapad,mL,large,1000,3,3,600,12,375,103,375,618,1000,3,own cell x size,0
"liquor (e.g, whisky, coconut wine)",CAPIZ,IVISAN,long-neck,mL,large,750,4,3,750,4,750,26,750,478,750,4,own cell x size,0
loaf bread,CAPIZ,IVISAN,large packs,g,large,640,3,3,640,3,640,68,640,411,640,3,own cell x size,0
loaf bread,CAPIZ,IVISAN,medium packs,g,medium,450,4,3,450,4,450,39,450,352,450,4,own cell x size,0
loaf bread,CAPIZ,IVISAN,small packs,g,small,360,3,3,360,3,400,33,370,259,360,3,own cell x size,0
mango,CAPIZ,IVISAN,pieces or units,g,small,220,4,3,252.5,12,230,73,230,539,220,4,own cell x size,0
mango,CAPIZ,IVISAN,pieces or units,g,medium,260,5,3,252.5,12,230,73,230,539,260,5,own cell x size,0
mango,CAPIZ,IVISAN,pieces or units,g,large,295,3,3,252.5,12,230,73,230,539,295,3,own cell x size,0
"prawns, lobster, shrimp",CAPIZ,IVISAN,tumpok,g,conventional_nsu,250,3,1,250,3,290,39,260,147,250,3,own cell x size,0
"preserved or processed meat (tocino, tapa, longaniza, etc)",CAPIZ,IVISAN,bilog,g,large,70,3,3,70,3,70,41,229,222,70,3,own cell x size,0
"preserved or processed meat (tocino, tapa, longaniza, etc)",CAPIZ,IVISAN,pack,g,medium,280,3,2,280,3,280,3,250,85,280,3,own cell x size,0
cabbage,CAPIZ,JAMINDAN,pieces or units,g,small,460,4,3,802.5,10,695,169,655,1306,460,4,own cell x size,0
cabbage,CAPIZ,JAMINDAN,pieces or units,g,medium,840,3,3,802.5,10,695,169,655,1306,840,3,own cell x size,0
cabbage,CAPIZ,JAMINDAN,pieces or units,g,large,1360,3,3,802.5,10,695,169,655,1306,1360,3,own cell x size,0
camote tops,CAPIZ,JAMINDAN,bugkos,g,medium,230,1,2,230,1,210,51,195,449,210,51,province x item x unit,0
camote tops,CAPIZ,JAMINDAN,bundle,g,conventional_nsu,245,1,1,245,1,170,7,500,101,170,7,province x item x unit,0
carrot,CAPIZ,JAMINDAN,pieces or units,g,medium,145,3,2,145,3,135,153,140,1169,145,3,own cell x size,0
chicken,CAPIZ,JAMINDAN,bilog,g,large,1075,1,3,1075,1,1192.5,34,1095,230,1192.5,34,province x item x unit,0
chicken,CAPIZ,JAMINDAN,chicken wings,g,medium,15,1,2,15,1,15,1,15,1,,,,1
chicken,CAPIZ,JAMINDAN,whole (chicken),g,large,1245,1,3,1245,1,1160,75,1120,468,1160,75,province x item x unit,0
"crackers, cookies, buiscuits, chips/curls",CAPIZ,JAMINDAN,pieces or units,g,small,48,1,3,129,2,31.5,88,32,505,31.5,88,province x item x unit,0
"crackers, cookies, buiscuits, chips/curls",CAPIZ,JAMINDAN,pieces or units,g,large,210,1,3,129,2,31.5,88,32,505,31.5,88,province x item x unit,0
"crackers, cookies, buiscuits, chips/curls",CAPIZ,JAMINDAN,putos,g,small,240,1,2,285,2,287.5,54,210,482,287.5,54,province x item x unit,0
"crackers, cookies, buiscuits, chips/curls",CAPIZ,JAMINDAN,putos,g,medium,330,1,2,285,2,287.5,54,210,482,287.5,54,province x item x unit,0
"drinks at restaurant, hotel, cafe, or kiosk",CAPIZ,JAMINDAN,pieces,mL,small,355,1,3,355,1,473,9,355,164,473,9,province x item x unit,0
fresh fish,CAPIZ,JAMINDAN,pieces or units,g,small,370,2,3,390,5,377.5,120,390,685,390,5,cell pooled across sizes,0
fresh fish,CAPIZ,JAMINDAN,pieces or units,g,medium,405,2,3,390,5,377.5,120,390,685,390,5,cell pooled across sizes,0
fresh fish,CAPIZ,JAMINDAN,pieces or units,g,large,585,1,3,390,5,377.5,120,390,685,390,5,cell pooled across sizes,0
"ice cream, sorbet, edible ice (eg., ice-lolli, halo-halo)",CAPIZ,JAMINDAN,pieces or units,mL,small,90,1,3,90,1,65,17,100,166,65,17,province x item x unit,0
"ice cream, sorbet, edible ice (eg., ice-lolli, halo-halo)",CAPIZ,JAMINDAN,putos,mL,small,60,2,3,60,2,62.5,22,65,148,62.5,22,province x item x unit,0
"ice cream, sorbet, edible ice (eg., ice-lolli, halo-halo)",CAPIZ,JAMINDAN,small cup,mL,small,80,2,3,80,2,100,27,100,185,100,27,province x item x unit,0
"ice cream, sorbet, edible ice (eg., ice-lolli, halo-halo)",CAPIZ,JAMINDAN,tub,mL,medium,875,2,3,1000,3,1000,9,1000,9,1000,3,cell pooled across sizes,0
"ice cream, sorbet, edible ice (eg., ice-lolli, halo-halo)",CAPIZ,JAMINDAN,tub,mL,large,1250,1,3,1000,3,1000,9,1000,9,1000,3,cell pooled across sizes,0
"liquor (e.g, whisky, coconut wine)",CAPIZ,JAMINDAN,lipid/lapad,mL,medium,375,1,3,375,1,375,103,375,618,375,103,province x item x unit,0
"liquor (e.g, whisky, coconut wine)",CAPIZ,JAMINDAN,long-neck,mL,large,750,1,3,750,1,750,26,750,478,750,26,province x item x unit,0
loaf bread,CAPIZ,JAMINDAN,individual,g,small,60,1,3,60,1,60,1,60,1,,,,1
loaf bread,CAPIZ,JAMINDAN,large packs,g,medium,640,1,2,640,1,640,68,640,411,640,68,province x item x unit,0
loaf bread,CAPIZ,JAMINDAN,medium packs,g,medium,450,1,3,450,1,450,39,450,352,450,39,province x item x unit,0
loaf bread,CAPIZ,JAMINDAN,small packs,g,small,400,1,3,400,1,400,33,370,259,400,33,province x item x unit,0
mango,CAPIZ,JAMINDAN,pieces or units,g,medium,185,3,2,185,3,230,73,230,539,185,3,own cell x size,0
"prawns, lobster, shrimp",CAPIZ,JAMINDAN,tumpok,g,conventional_nsu,1000,1,1,1000,1,290,39,260,147,290,39,province x item x unit,0
"preserved or processed meat (tocino, tapa, longaniza, etc)",CAPIZ,JAMINDAN,bilog,g,small,250,1,3,250,1,70,41,229,222,70,41,province x item x unit,0
"preserved or processed meat (tocino, tapa, longaniza, etc)",CAPIZ,JAMINDAN,putos,g,medium,250,1,2,250,1,250,61,250,473,250,61,province x item x unit,0
rice,CAPIZ,JAMINDAN,letse,g,conventional_nsu,430,1,1,430,1,430,1,425,3,425,3,item x unit (national),0
cabbage,CAPIZ,MA-AYON,pack,g,medium,145,1,2,145,1,160,11,150,43,160,11,province x item x unit,0
cabbage,CAPIZ,MA-AYON,pieces or units,g,small,580,3,3,700,9,695,169,655,1306,700,9,cell pooled across sizes,0
cabbage,CAPIZ,MA-AYON,pieces or units,g,medium,705,4,3,700,9,695,169,655,1306,700,9,cell pooled across sizes,0
cabbage,CAPIZ,MA-AYON,pieces or units,g,large,850,2,3,700,9,695,169,655,1306,700,9,cell pooled across sizes,0
camote,CAPIZ,MA-AYON,bilog,g,small,215,1,3,260,3,145,58,140,509,260,3,cell pooled across sizes,0
camote,CAPIZ,MA-AYON,bilog,g,medium,330,2,3,260,3,145,58,140,509,260,3,cell pooled across sizes,0
camote tops,CAPIZ,MA-AYON,bugkos,g,small,170,3,3,360,9,210,51,195,449,360,9,cell pooled across sizes,0
camote tops,CAPIZ,MA-AYON,bugkos,g,medium,397.5,4,3,360,9,210,51,195,449,360,9,cell pooled across sizes,0
camote tops,CAPIZ,MA-AYON,bugkos,g,large,610,2,3,360,9,210,51,195,449,360,9,cell pooled across sizes,0
carrot,CAPIZ,MA-AYON,pieces or units,g,medium,95,3,2,95,3,135,153,140,1169,95,3,own cell x size,0
chicken,CAPIZ,MA-AYON,pack,g,medium,1165,2,3,1347.5,4,1347.5,4,1347.5,4,1347.5,4,cell pooled across sizes,0
chicken,CAPIZ,MA-AYON,pack,g,large,1597.5,2,3,1347.5,4,1347.5,4,1347.5,4,1347.5,4,cell pooled across sizes,0
chicken,CAPIZ,MA-AYON,whole (chicken),g,small,960,1,2,1080,3,1160,75,1120,468,1080,3,cell pooled across sizes,0
chicken,CAPIZ,MA-AYON,whole (chicken),g,medium,1080,1,2,1080,3,1160,75,1120,468,1080,3,cell pooled across sizes,0
chicken,CAPIZ,MA-AYON,whole (chicken),g,large,1165,1,2,1080,3,1160,75,1120,468,1080,3,cell pooled across sizes,0
"crackers, cookies, buiscuits, chips/curls",CAPIZ,MA-AYON,big can,g,medium,1400,3,3,1400,5,1400,5,1400,5,1400,5,cell pooled across sizes,0
"crackers, cookies, buiscuits, chips/curls",CAPIZ,MA-AYON,big can,g,large,1850,2,3,1400,5,1400,5,1400,5,1400,5,cell pooled across sizes,0
"crackers, cookies, buiscuits, chips/curls",CAPIZ,MA-AYON,pieces or units,g,medium,48,5,3,48,5,31.5,88,32,505,48,5,own cell x size,0
"crackers, cookies, buiscuits, chips/curls",CAPIZ,MA-AYON,putos,g,small,300,5,3,300,6,287.5,54,210,482,300,6,cell pooled across sizes,0
"crackers, cookies, buiscuits, chips/curls",CAPIZ,MA-AYON,putos,g,medium,330,1,3,300,6,287.5,54,210,482,300,6,cell pooled across sizes,0
fresh fish,CAPIZ,MA-AYON,pieces or units,g,small,280,2,2,322.5,4,377.5,120,390,685,322.5,4,cell pooled across sizes,0
fresh fish,CAPIZ,MA-AYON,pieces or units,g,medium,380,2,2,322.5,4,377.5,120,390,685,322.5,4,cell pooled across sizes,0
"ice cream, sorbet, edible ice (eg., ice-lolli, halo-halo)",CAPIZ,MA-AYON,putos,g,small,43,1,3,43,1,47.5,2,58,82,58,82,item x unit (national),0
"ice cream, sorbet, edible ice (eg., ice-lolli, halo-halo)",CAPIZ,MA-AYON,putos,mL,medium,70,1,3,70,1,62.5,22,65,148,62.5,22,province x item x unit,0
"ice cream, sorbet, edible ice (eg., ice-lolli, halo-halo)",CAPIZ,MA-AYON,small cup,mL,small,75,2,3,75,2,100,27,100,185,100,27,province x item x unit,0
"liquor (e.g, whisky, coconut wine)",CAPIZ,MA-AYON,lipid/lapad,mL,medium,375,6,3,375,6,375,103,375,618,375,6,own cell x size,0
"liquor (e.g, whisky, coconut wine)",CAPIZ,MA-AYON,long-neck,mL,large,750,6,3,750,6,750,26,750,478,750,6,own cell x size,0
loaf bread,CAPIZ,MA-AYON,large packs,g,large,640,3,3,640,3,640,68,640,411,640,3,own cell x size,0
loaf bread,CAPIZ,MA-AYON,medium packs,g,medium,450,3,3,450,3,450,39,450,352,450,3,own cell x size,0
loaf bread,CAPIZ,MA-AYON,small packs,g,small,300,1,3,300,1,400,33,370,259,400,33,province x item x unit,0
mango,CAPIZ,MA-AYON,pieces or units,g,small,192.5,2,3,250,6,230,73,230,539,250,6,cell pooled across sizes,0
mango,CAPIZ,MA-AYON,pieces or units,g,medium,265,3,3,250,6,230,73,230,539,250,6,cell pooled across sizes,0
mango,CAPIZ,MA-AYON,pieces or units,g,large,300,1,3,250,6,230,73,230,539,250,6,cell pooled across sizes,0
pork,CAPIZ,MA-AYON,1 order,g,medium,1505,1,3,1562.5,2,1562.5,2,1562.5,2,,,,1
pork,CAPIZ,MA-AYON,1 order,g,large,1620,1,3,1562.5,2,1562.5,2,1562.5,2,,,,1
"prawns, lobster, shrimp",CAPIZ,MA-AYON,tumpok,g,medium,125,1,2,125,1,290,39,260,147,290,39,province x item x unit,0
"preserved or processed meat (tocino, tapa, longaniza, etc)",CAPIZ,MA-AYON,bilog,g,large,67.5,2,3,67.5,2,70,41,229,222,70,41,province x item x unit,0
"preserved or processed meat (tocino, tapa, longaniza, etc)",CAPIZ,MA-AYON,putos,g,small,157.5,2,3,255,6,250,61,250,473,255,6,cell pooled across sizes,0
"preserved or processed meat (tocino, tapa, longaniza, etc)",CAPIZ,MA-AYON,putos,g,medium,260,3,3,255,6,250,61,250,473,255,6,cell pooled across sizes,0
"preserved or processed meat (tocino, tapa, longaniza, etc)",CAPIZ,MA-AYON,putos,g,large,385,1,3,255,6,250,61,250,473,255,6,cell pooled across sizes,0
cabbage,CAPIZ,MAMBUSAO,pieces or units,g,medium,695,3,2,695,3,695,169,655,1306,695,3,own cell x size,0
camote tops,CAPIZ,MAMBUSAO,bugkos,g,medium,202.5,4,2,202.5,4,210,51,195,449,202.5,4,own cell x size,0
carrot,CAPIZ,MAMBUSAO,pieces or units,g,small,72.5,4,3,87.5,12,135,153,140,1169,72.5,4,own cell x size,0
carrot,CAPIZ,MAMBUSAO,pieces or units,g,medium,90,5,3,87.5,12,135,153,140,1169,90,5,own cell x size,0
carrot,CAPIZ,MAMBUSAO,pieces or units,g,large,200,3,3,87.5,12,135,153,140,1169,200,3,own cell x size,0
chicken,CAPIZ,MAMBUSAO,bilog,g,small,1195,3,2,1272.5,6,1192.5,34,1095,230,1195,3,own cell x size,0
chicken,CAPIZ,MAMBUSAO,bilog,g,medium,1370,3,2,1272.5,6,1192.5,34,1095,230,1370,3,own cell x size,0
chicken,CAPIZ,MAMBUSAO,whole (chicken),g,small,1110,3,3,1195,9,1160,75,1120,468,1195,9,cell pooled across sizes,0
chicken,CAPIZ,MAMBUSAO,whole (chicken),g,medium,1212.5,4,3,1195,9,1160,75,1120,468,1195,9,cell pooled across sizes,0
chicken,CAPIZ,MAMBUSAO,whole (chicken),g,large,1430,2,3,1195,9,1160,75,1120,468,1195,9,cell pooled across sizes,0
"crackers, cookies, buiscuits, chips/curls",CAPIZ,MAMBUSAO,balde,g,medium,1500,1,2,1500,1,1500,1,1500,5,1500,5,item x unit (national),0
"crackers, cookies, buiscuits, chips/curls",CAPIZ,MAMBUSAO,pieces or units,g,small,30,7,3,48,20,31.5,88,32,505,30,7,own cell x size,0
"crackers, cookies, buiscuits, chips/curls",CAPIZ,MAMBUSAO,pieces or units,g,medium,48,7,3,48,20,31.5,88,32,505,48,7,own cell x size,0
"crackers, cookies, buiscuits, chips/curls",CAPIZ,MAMBUSAO,pieces or units,g,large,90,6,3,48,20,31.5,88,32,505,90,6,own cell x size,0
"crackers, cookies, buiscuits, chips/curls",CAPIZ,MAMBUSAO,putos,g,small,280,5,3,297.5,12,287.5,54,210,482,280,5,own cell x size,0
"crackers, cookies, buiscuits, chips/curls",CAPIZ,MAMBUSAO,putos,g,medium,300,4,3,297.5,12,287.5,54,210,482,300,4,own cell x size,0
"crackers, cookies, buiscuits, chips/curls",CAPIZ,MAMBUSAO,putos,g,large,340,3,3,297.5,12,287.5,54,210,482,340,3,own cell x size,0
fresh fish,CAPIZ,MAMBUSAO,pieces or units,g,small,145,3,3,370,9,377.5,120,390,685,370,9,cell pooled across sizes,0
fresh fish,CAPIZ,MAMBUSAO,pieces or units,g,medium,395,4,3,370,9,377.5,120,390,685,370,9,cell pooled across sizes,0
fresh fish,CAPIZ,MAMBUSAO,pieces or units,g,large,605,2,3,370,9,377.5,120,390,685,370,9,cell pooled across sizes,0
"ice cream, sorbet, edible ice (eg., ice-lolli, halo-halo)",CAPIZ,MAMBUSAO,bowl,g,small,560,1,3,560,1,560,1,720,3,720,3,item x unit (national),0
"liquor (e.g, whisky, coconut wine)",CAPIZ,MAMBUSAO,lipid/lapad,mL,medium,750,11,3,750,11,375,103,375,618,750,11,own cell x size,0
"liquor (e.g, whisky, coconut wine)",CAPIZ,MAMBUSAO,long-neck,mL,large,750,2,3,750,2,750,26,750,478,750,26,province x item x unit,0
loaf bread,CAPIZ,MAMBUSAO,large packs,g,medium,475,6,3,500,9,640,68,640,411,475,6,own cell x size,0
loaf bread,CAPIZ,MAMBUSAO,large packs,g,large,640,3,3,500,9,640,68,640,411,640,3,own cell x size,0
loaf bread,CAPIZ,MAMBUSAO,small packs,g,small,400,1,3,400,1,400,33,370,259,400,33,province x item x unit,0
"preserved or processed meat (tocino, tapa, longaniza, etc)",CAPIZ,MAMBUSAO,bilog,g,medium,67.5,2,2,67.5,2,70,41,229,222,70,41,province x item x unit,0
"preserved or processed meat (tocino, tapa, longaniza, etc)",CAPIZ,MAMBUSAO,putos,g,small,100,3,3,250,9,250,61,250,473,250,9,cell pooled across sizes,0
"preserved or processed meat (tocino, tapa, longaniza, etc)",CAPIZ,MAMBUSAO,putos,g,medium,267.5,4,3,250,9,250,61,250,473,250,9,cell pooled across sizes,0
"preserved or processed meat (tocino, tapa, longaniza, etc)",CAPIZ,MAMBUSAO,putos,g,large,530,2,3,250,9,250,61,250,473,250,9,cell pooled across sizes,0
beer,CAPIZ,PANAY,case,mL,medium,4440,2,2,4440,2,4440,2,4440,2,,,,1
cabbage,CAPIZ,PANAY,pieces or units,g,small,535,5,3,675,15,695,169,655,1306,535,5,own cell x size,0
cabbage,CAPIZ,PANAY,pieces or units,g,medium,690,6,3,675,15,695,169,655,1306,690,6,own cell x size,0
cabbage,CAPIZ,PANAY,pieces or units,g,large,927.5,4,3,675,15,695,169,655,1306,927.5,4,own cell x size,0
cabbage,CAPIZ,PANAY,putos (mix vegetable),g,medium,475,3,2,475,3,165,14,160,37,475,3,own cell x size,0
camote,CAPIZ,PANAY,bilog,g,small,65,4,3,202.5,12,145,58,140,509,65,4,own cell x size,0
camote,CAPIZ,PANAY,bilog,g,medium,210,5,3,202.5,12,145,58,140,509,210,5,own cell x size,0
camote,CAPIZ,PANAY,bilog,g,large,265,3,3,202.5,12,145,58,140,509,265,3,own cell x size,0
camote tops,CAPIZ,PANAY,bugkos,g,medium,205,5,2,205,5,210,51,195,449,205,5,own cell x size,0
carrot,CAPIZ,PANAY,pieces or units,g,small,115,5,3,155,15,135,153,140,1169,115,5,own cell x size,0
carrot,CAPIZ,PANAY,pieces or units,g,medium,155,6,3,155,15,135,153,140,1169,155,6,own cell x size,0
carrot,CAPIZ,PANAY,pieces or units,g,large,305,4,3,155,15,135,153,140,1169,305,4,own cell x size,0
chicken,CAPIZ,PANAY,bilog,g,small,700,3,3,900,9,1192.5,34,1095,230,900,9,cell pooled across sizes,0
chicken,CAPIZ,PANAY,bilog,g,medium,960,5,3,900,9,1192.5,34,1095,230,900,9,cell pooled across sizes,0
chicken,CAPIZ,PANAY,bilog,g,large,995,1,3,900,9,1192.5,34,1095,230,900,9,cell pooled across sizes,0
chicken,CAPIZ,PANAY,slice,g,small,170,3,3,250,9,250,9,225,11,250,9,cell pooled across sizes,0
chicken,CAPIZ,PANAY,slice,g,medium,252.5,4,3,250,9,250,9,225,11,250,9,cell pooled across sizes,0
chicken,CAPIZ,PANAY,slice,g,large,400,2,3,250,9,250,9,225,11,250,9,cell pooled across sizes,0
"crackers, cookies, buiscuits, chips/curls",CAPIZ,PANAY,pieces or units,g,small,30,5,3,30,5,31.5,88,32,505,30,5,own cell x size,0
"crackers, cookies, buiscuits, chips/curls",CAPIZ,PANAY,putos,g,small,300,2,3,300,3,287.5,54,210,482,300,3,cell pooled across sizes,0
"crackers, cookies, buiscuits, chips/curls",CAPIZ,PANAY,putos,g,medium,450,1,3,300,3,287.5,54,210,482,300,3,cell pooled across sizes,0
"drinks at restaurant, hotel, cafe, or kiosk",CAPIZ,PANAY,pieces,g,small,375,1,3,407.5,2,435,3,450,25,435,3,province x item x unit,0
"drinks at restaurant, hotel, cafe, or kiosk",CAPIZ,PANAY,pieces,g,medium,440,1,3,407.5,2,435,3,450,25,435,3,province x item x unit,0
fresh fish,CAPIZ,PANAY,pieces or units,g,small,195,3,3,375,9,377.5,120,390,685,375,9,cell pooled across sizes,0
fresh fish,CAPIZ,PANAY,pieces or units,g,medium,397.5,4,3,375,9,377.5,120,390,685,375,9,cell pooled across sizes,0
fresh fish,CAPIZ,PANAY,pieces or units,g,large,600,2,3,375,9,377.5,120,390,685,375,9,cell pooled across sizes,0
"ice cream, sorbet, edible ice (eg., ice-lolli, halo-halo)",CAPIZ,PANAY,putos,mL,small,457.5,2,3,457.5,2,62.5,22,65,148,62.5,22,province x item x unit,0
"ice cream, sorbet, edible ice (eg., ice-lolli, halo-halo)",CAPIZ,PANAY,small cup,mL,small,100,1,3,100,1,100,27,100,185,100,27,province x item x unit,0
"liquor (e.g, whisky, coconut wine)",CAPIZ,PANAY,lipid/lapad,mL,medium,375,2,3,375,2,375,103,375,618,375,103,province x item x unit,0
"liquor (e.g, whisky, coconut wine)",CAPIZ,PANAY,long-neck,mL,large,750,2,3,750,2,750,26,750,478,750,26,province x item x unit,0
loaf bread,CAPIZ,PANAY,medium packs,g,medium,447.5,4,3,447.5,4,450,39,450,352,447.5,4,own cell x size,0
loaf bread,CAPIZ,PANAY,small packs,g,small,220,4,3,220,4,400,33,370,259,220,4,own cell x size,0
mango,CAPIZ,PANAY,pieces or units,g,small,197.5,4,3,222.5,12,230,73,230,539,197.5,4,own cell x size,0
mango,CAPIZ,PANAY,pieces or units,g,medium,230,5,3,222.5,12,230,73,230,539,230,5,own cell x size,0
mango,CAPIZ,PANAY,pieces or units,g,large,280,3,3,222.5,12,230,73,230,539,280,3,own cell x size,0
"prawns, lobster, shrimp",CAPIZ,PANAY,cup,g,small,147.5,2,3,147.5,2,147.5,2,147.5,2,,,,1
"prawns, lobster, shrimp",CAPIZ,PANAY,tumpok,g,small,240,3,3,400,9,290,39,260,147,400,9,cell pooled across sizes,0
"prawns, lobster, shrimp",CAPIZ,PANAY,tumpok,g,medium,590,5,3,400,9,290,39,260,147,400,9,cell pooled across sizes,0
"prawns, lobster, shrimp",CAPIZ,PANAY,tumpok,g,large,905,1,3,400,9,290,39,260,147,400,9,cell pooled across sizes,0
"preserved or processed meat (tocino, tapa, longaniza, etc)",CAPIZ,PANAY,bilog,g,medium,57.5,2,3,65,3,70,41,229,222,65,3,cell pooled across sizes,0
"preserved or processed meat (tocino, tapa, longaniza, etc)",CAPIZ,PANAY,bilog,g,large,70,1,3,65,3,70,41,229,222,65,3,cell pooled across sizes,0
"preserved or processed meat (tocino, tapa, longaniza, etc)",CAPIZ,PANAY,putos,g,medium,250,6,3,250,6,250,61,250,473,250,6,own cell x size,0
"preserved or processed meat (tocino, tapa, longaniza, etc)",CAPIZ,PANAY,role,g,medium,250,1,2,250,1,250,1,250,1,,,,1
cabbage,CAPIZ,PANITAN,half,g,medium,375,1,2,375,1,325,4,275,13,325,4,province x item x unit,0
cabbage,CAPIZ,PANITAN,pieces or units,g,small,442.5,6,3,705,17,695,169,655,1306,442.5,6,own cell x size,0
cabbage,CAPIZ,PANITAN,pieces or units,g,medium,747.5,6,3,705,17,695,169,655,1306,747.5,6,own cell x size,0
cabbage,CAPIZ,PANITAN,pieces or units,g,large,1045,5,3,705,17,695,169,655,1306,1045,5,own cell x size,0
cabbage,CAPIZ,PANITAN,putos (mix vegetable),g,conventional_nsu,150,3,1,150,3,165,14,160,37,150,3,own cell x size,0
camote,CAPIZ,PANITAN,bilog,g,small,100,3,3,130,9,145,58,140,509,130,9,cell pooled across sizes,0
camote,CAPIZ,PANITAN,bilog,g,medium,135,4,3,130,9,145,58,140,509,130,9,cell pooled across sizes,0
camote,CAPIZ,PANITAN,bilog,g,large,270,2,3,130,9,145,58,140,509,130,9,cell pooled across sizes,0
camote tops,CAPIZ,PANITAN,bugkos,g,conventional_nsu,222.5,4,1,222.5,4,210,51,195,449,222.5,4,own cell x size,0
carrot,CAPIZ,PANITAN,pieces or units,g,small,70,6,3,110,18,135,153,140,1169,70,6,own cell x size,0
carrot,CAPIZ,PANITAN,pieces or units,g,medium,110,7,3,110,18,135,153,140,1169,110,7,own cell x size,0
carrot,CAPIZ,PANITAN,pieces or units,g,large,210,5,3,110,18,135,153,140,1169,210,5,own cell x size,0
chicken,CAPIZ,PANITAN,whole (chicken),g,small,995,3,3,1350,9,1160,75,1120,468,1350,9,cell pooled across sizes,0
chicken,CAPIZ,PANITAN,whole (chicken),g,medium,1395,4,3,1350,9,1160,75,1120,468,1350,9,cell pooled across sizes,0
chicken,CAPIZ,PANITAN,whole (chicken),g,large,1715,2,3,1350,9,1160,75,1120,468,1350,9,cell pooled across sizes,0
"crackers, cookies, buiscuits, chips/curls",CAPIZ,PANITAN,pieces or units,g,small,25,6,3,40,17,31.5,88,32,505,25,6,own cell x size,0
"crackers, cookies, buiscuits, chips/curls",CAPIZ,PANITAN,pieces or units,g,medium,40,6,3,40,17,31.5,88,32,505,40,6,own cell x size,0
"crackers, cookies, buiscuits, chips/curls",CAPIZ,PANITAN,pieces or units,g,large,90,5,3,40,17,31.5,88,32,505,90,5,own cell x size,0
"crackers, cookies, buiscuits, chips/curls",CAPIZ,PANITAN,putos,g,small,250,6,3,250,10,287.5,54,210,482,250,10,cell pooled across sizes,0
"crackers, cookies, buiscuits, chips/curls",CAPIZ,PANITAN,putos,g,medium,280,1,3,250,10,287.5,54,210,482,250,10,cell pooled across sizes,0
"crackers, cookies, buiscuits, chips/curls",CAPIZ,PANITAN,putos,g,large,300,3,3,250,10,287.5,54,210,482,250,10,cell pooled across sizes,0
"drinks at restaurant, hotel, cafe, or kiosk",CAPIZ,PANITAN,pieces,mL,small,275,1,3,275,1,473,9,355,164,473,9,province x item x unit,0
fresh fish,CAPIZ,PANITAN,pieces or units,g,small,105,3,3,160,8,377.5,120,390,685,160,8,cell pooled across sizes,0
fresh fish,CAPIZ,PANITAN,pieces or units,g,medium,165,3,3,160,8,377.5,120,390,685,160,8,cell pooled across sizes,0
fresh fish,CAPIZ,PANITAN,pieces or units,g,large,590,2,3,160,8,377.5,120,390,685,160,8,cell pooled across sizes,0
"ice cream, sorbet, edible ice (eg., ice-lolli, halo-halo)",CAPIZ,PANITAN,pieces or units,g,medium,49,1,3,49,1,47,6,60,94,47,6,province x item x unit,0
"ice cream, sorbet, edible ice (eg., ice-lolli, halo-halo)",CAPIZ,PANITAN,pieces or units,mL,small,46,2,3,60,6,65,17,100,166,60,6,cell pooled across sizes,0
"ice cream, sorbet, edible ice (eg., ice-lolli, halo-halo)",CAPIZ,PANITAN,pieces or units,mL,medium,60,3,3,60,6,65,17,100,166,60,6,cell pooled across sizes,0
"ice cream, sorbet, edible ice (eg., ice-lolli, halo-halo)",CAPIZ,PANITAN,pieces or units,mL,large,1000,1,3,60,6,65,17,100,166,60,6,cell pooled across sizes,0
"ice cream, sorbet, edible ice (eg., ice-lolli, halo-halo)",CAPIZ,PANITAN,small cup,g,small,100,4,3,100,5,100,12,100,120,100,5,cell pooled across sizes,0
"ice cream, sorbet, edible ice (eg., ice-lolli, halo-halo)",CAPIZ,PANITAN,small cup,g,large,110,1,3,100,5,100,12,100,120,100,5,cell pooled across sizes,0
"ice cream, sorbet, edible ice (eg., ice-lolli, halo-halo)",CAPIZ,PANITAN,small cup,mL,small,90,1,3,112.5,2,100,27,100,185,100,27,province x item x unit,0
"ice cream, sorbet, edible ice (eg., ice-lolli, halo-halo)",CAPIZ,PANITAN,small cup,mL,medium,135,1,3,112.5,2,100,27,100,185,100,27,province x item x unit,0
"liquor (e.g, whisky, coconut wine)",CAPIZ,PANITAN,lipid/lapad,mL,small,375,10,3,375,16,375,103,375,618,375,10,own cell x size,0
"liquor (e.g, whisky, coconut wine)",CAPIZ,PANITAN,lipid/lapad,mL,medium,750,6,3,375,16,375,103,375,618,750,6,own cell x size,0
"liquor (e.g, whisky, coconut wine)",CAPIZ,PANITAN,long-neck,mL,large,750,1,3,750,1,750,26,750,478,750,26,province x item x unit,0
loaf bread,CAPIZ,PANITAN,small packs,g,small,400,4,3,500,10,400,33,370,259,500,10,cell pooled across sizes,0
loaf bread,CAPIZ,PANITAN,small packs,g,medium,550,4,3,500,10,400,33,370,259,500,10,cell pooled across sizes,0
loaf bread,CAPIZ,PANITAN,small packs,g,large,700,2,3,500,10,400,33,370,259,500,10,cell pooled across sizes,0
"prawns, lobster, shrimp",CAPIZ,PANITAN,tumpok,g,conventional_nsu,285,3,1,285,3,290,39,260,147,285,3,own cell x size,0
"preserved or processed meat (tocino, tapa, longaniza, etc)",CAPIZ,PANITAN,bilog,g,small,250,3,3,275,7,70,41,229,222,275,7,cell pooled across sizes,0
"preserved or processed meat (tocino, tapa, longaniza, etc)",CAPIZ,PANITAN,bilog,g,medium,387.5,2,3,275,7,70,41,229,222,275,7,cell pooled across sizes,0
"preserved or processed meat (tocino, tapa, longaniza, etc)",CAPIZ,PANITAN,bilog,g,large,1200,2,3,275,7,70,41,229,222,275,7,cell pooled across sizes,0
cabbage,CAPIZ,PILAR,pieces or units,g,small,490,3,3,760,9,695,169,655,1306,760,9,cell pooled across sizes,0
cabbage,CAPIZ,PILAR,pieces or units,g,medium,762.5,4,3,760,9,695,169,655,1306,760,9,cell pooled across sizes,0
cabbage,CAPIZ,PILAR,pieces or units,g,large,1052.5,2,3,760,9,695,169,655,1306,760,9,cell pooled across sizes,0
camote,CAPIZ,PILAR,bilog,g,small,90,1,3,145,3,145,58,140,509,145,3,cell pooled across sizes,0
camote,CAPIZ,PILAR,bilog,g,medium,240,2,3,145,3,145,58,140,509,145,3,cell pooled across sizes,0
camote tops,CAPIZ,PILAR,bugkos,g,conventional_nsu,125,3,1,125,3,210,51,195,449,125,3,own cell x size,0
carrot,CAPIZ,PILAR,pieces or units,g,small,70,3,3,125,9,135,153,140,1169,125,9,cell pooled across sizes,0
carrot,CAPIZ,PILAR,pieces or units,g,medium,135,4,3,125,9,135,153,140,1169,125,9,cell pooled across sizes,0
carrot,CAPIZ,PILAR,pieces or units,g,large,192.5,2,3,125,9,135,153,140,1169,125,9,cell pooled across sizes,0
chicken,CAPIZ,PILAR,whole (chicken),g,small,1005,3,3,1185,9,1160,75,1120,468,1185,9,cell pooled across sizes,0
chicken,CAPIZ,PILAR,whole (chicken),g,medium,1195,4,3,1185,9,1160,75,1120,468,1185,9,cell pooled across sizes,0
chicken,CAPIZ,PILAR,whole (chicken),g,large,1470,2,3,1185,9,1160,75,1120,468,1185,9,cell pooled across sizes,0
"crackers, cookies, buiscuits, chips/curls",CAPIZ,PILAR,pieces or units,g,small,18,5,3,26,15,31.5,88,32,505,18,5,own cell x size,0
"crackers, cookies, buiscuits, chips/curls",CAPIZ,PILAR,pieces or units,g,medium,27,6,3,26,15,31.5,88,32,505,27,6,own cell x size,0
"crackers, cookies, buiscuits, chips/curls",CAPIZ,PILAR,pieces or units,g,large,72.5,4,3,26,15,31.5,88,32,505,72.5,4,own cell x size,0
"crackers, cookies, buiscuits, chips/curls",CAPIZ,PILAR,putos,g,small,32,5,2,42,7,287.5,54,210,482,42,7,cell pooled across sizes,0
"crackers, cookies, buiscuits, chips/curls",CAPIZ,PILAR,putos,g,medium,245,2,2,42,7,287.5,54,210,482,42,7,cell pooled across sizes,0
fresh fish,CAPIZ,PILAR,pieces or units,g,small,130,5,3,502.5,14,377.5,120,390,685,130,5,own cell x size,0
fresh fish,CAPIZ,PILAR,pieces or units,g,medium,505,5,3,502.5,14,377.5,120,390,685,505,5,own cell x size,0
fresh fish,CAPIZ,PILAR,pieces or units,g,large,735,4,3,502.5,14,377.5,120,390,685,735,4,own cell x size,0
fresh fish,CAPIZ,PILAR,pinutos / plastic,g,medium,347.5,4,2,347.5,4,347.5,4,347.5,4,347.5,4,own cell x size,0
"ice cream, sorbet, edible ice (eg., ice-lolli, halo-halo)",CAPIZ,PILAR,pieces or units,mL,small,65,1,3,65,1,65,17,100,166,65,17,province x item x unit,0
"liquor (e.g, whisky, coconut wine)",CAPIZ,PILAR,lipid/lapad,mL,small,375,7,3,375,11,375,103,375,618,375,7,own cell x size,0
"liquor (e.g, whisky, coconut wine)",CAPIZ,PILAR,lipid/lapad,mL,medium,750,4,3,375,11,375,103,375,618,750,4,own cell x size,0
loaf bread,CAPIZ,PILAR,large packs,g,small,430,4,3,490,10,640,68,640,411,490,10,cell pooled across sizes,0
loaf bread,CAPIZ,PILAR,large packs,g,medium,570,4,3,490,10,640,68,640,411,490,10,cell pooled across sizes,0
loaf bread,CAPIZ,PILAR,large packs,g,large,800,2,3,490,10,640,68,640,411,490,10,cell pooled across sizes,0
mango,CAPIZ,PILAR,"papaya, mango, banana",g,small,660,2,3,702.5,4,702.5,4,702.5,4,702.5,4,cell pooled across sizes,0
mango,CAPIZ,PILAR,"papaya, mango, banana",g,medium,745,1,3,702.5,4,702.5,4,702.5,4,702.5,4,cell pooled across sizes,0
mango,CAPIZ,PILAR,"papaya, mango, banana",g,large,1290,1,3,702.5,4,702.5,4,702.5,4,702.5,4,cell pooled across sizes,0
"prawns, lobster, shrimp",CAPIZ,PILAR,tumpok,g,conventional_nsu,400,3,1,400,3,290,39,260,147,400,3,own cell x size,0
"preserved or processed meat (tocino, tapa, longaniza, etc)",CAPIZ,PILAR,bilog,g,large,70,3,3,70,3,70,41,229,222,70,3,own cell x size,0
"preserved or processed meat (tocino, tapa, longaniza, etc)",CAPIZ,PILAR,putos,g,small,157.5,2,3,252.5,6,250,61,250,473,252.5,6,cell pooled across sizes,0
"preserved or processed meat (tocino, tapa, longaniza, etc)",CAPIZ,PILAR,putos,g,medium,255,3,3,252.5,6,250,61,250,473,252.5,6,cell pooled across sizes,0
"preserved or processed meat (tocino, tapa, longaniza, etc)",CAPIZ,PILAR,putos,g,large,1200,1,3,252.5,6,250,61,250,473,252.5,6,cell pooled across sizes,0
cabbage,CAPIZ,PONTEVEDRA,pieces or units,g,small,562.5,6,3,807.5,18,695,169,655,1306,562.5,6,own cell x size,0
cabbage,CAPIZ,PONTEVEDRA,pieces or units,g,medium,815,7,3,807.5,18,695,169,655,1306,815,7,own cell x size,0
cabbage,CAPIZ,PONTEVEDRA,pieces or units,g,large,1060,5,3,807.5,18,695,169,655,1306,1060,5,own cell x size,0
camote,CAPIZ,PONTEVEDRA,bilog,g,small,83,3,3,105,9,145,58,140,509,105,9,cell pooled across sizes,0
camote,CAPIZ,PONTEVEDRA,bilog,g,medium,130,4,3,105,9,145,58,140,509,105,9,cell pooled across sizes,0
camote,CAPIZ,PONTEVEDRA,bilog,g,large,220,2,3,105,9,145,58,140,509,105,9,cell pooled across sizes,0
camote tops,CAPIZ,PONTEVEDRA,bugkos,g,conventional_nsu,150,5,1,150,5,210,51,195,449,150,5,own cell x size,0
carrot,CAPIZ,PONTEVEDRA,pieces or units,g,small,105,5,3,132.5,14,135,153,140,1169,105,5,own cell x size,0
carrot,CAPIZ,PONTEVEDRA,pieces or units,g,medium,140,5,3,132.5,14,135,153,140,1169,140,5,own cell x size,0
carrot,CAPIZ,PONTEVEDRA,pieces or units,g,large,233.5,4,3,132.5,14,135,153,140,1169,233.5,4,own cell x size,0
chicken,CAPIZ,PONTEVEDRA,bilog,g,medium,1120,5,3,1315,10,1192.5,34,1095,230,1120,5,own cell x size,0
chicken,CAPIZ,PONTEVEDRA,bilog,g,large,1620,5,3,1315,10,1192.5,34,1095,230,1620,5,own cell x size,0
fresh fish,CAPIZ,PONTEVEDRA,pieces or units,g,small,350,3,3,555,7,377.5,120,390,685,555,7,cell pooled across sizes,0
fresh fish,CAPIZ,PONTEVEDRA,pieces or units,g,medium,590,2,3,555,7,377.5,120,390,685,555,7,cell pooled across sizes,0
fresh fish,CAPIZ,PONTEVEDRA,pieces or units,g,large,637.5,2,3,555,7,377.5,120,390,685,555,7,cell pooled across sizes,0
"ice cream, sorbet, edible ice (eg., ice-lolli, halo-halo)",CAPIZ,PONTEVEDRA,pieces or units,mL,small,48,1,3,48,1,65,17,100,166,65,17,province x item x unit,0
"ice cream, sorbet, edible ice (eg., ice-lolli, halo-halo)",CAPIZ,PONTEVEDRA,putos,mL,small,60,5,3,60,5,62.5,22,65,148,60,5,own cell x size,0
"ice cream, sorbet, edible ice (eg., ice-lolli, halo-halo)",CAPIZ,PONTEVEDRA,small cup,mL,small,110,5,3,110,5,100,27,100,185,110,5,own cell x size,0
"liquor (e.g, whisky, coconut wine)",CAPIZ,PONTEVEDRA,lipid/lapad,mL,medium,375,3,3,375,3,375,103,375,618,375,3,own cell x size,0
loaf bread,CAPIZ,PONTEVEDRA,large packs,g,large,640,2,3,640,2,640,68,640,411,640,68,province x item x unit,0
loaf bread,CAPIZ,PONTEVEDRA,medium packs,g,medium,450,3,3,450,3,450,39,450,352,450,3,own cell x size,0
loaf bread,CAPIZ,PONTEVEDRA,small packs,g,medium,450,1,3,450,1,400,33,370,259,400,33,province x item x unit,0
"prawns, lobster, shrimp",CAPIZ,PONTEVEDRA,tumpok,g,conventional_nsu,225,4,1,225,4,290,39,260,147,225,4,own cell x size,0
"preserved or processed meat (tocino, tapa, longaniza, etc)",CAPIZ,PONTEVEDRA,bilog,g,small,162.5,4,3,162.5,4,70,41,229,222,162.5,4,own cell x size,0
"preserved or processed meat (tocino, tapa, longaniza, etc)",CAPIZ,PONTEVEDRA,putos,g,small,117,3,3,250,9,250,61,250,473,250,9,cell pooled across sizes,0
"preserved or processed meat (tocino, tapa, longaniza, etc)",CAPIZ,PONTEVEDRA,putos,g,medium,250,4,3,250,9,250,61,250,473,250,9,cell pooled across sizes,0
"preserved or processed meat (tocino, tapa, longaniza, etc)",CAPIZ,PONTEVEDRA,putos,g,large,442.5,2,3,250,9,250,61,250,473,250,9,cell pooled across sizes,0
cabbage,CAPIZ,PRESIDENT ROXAS,pieces or units,g,small,515,3,3,717.5,8,695,169,655,1306,717.5,8,cell pooled across sizes,0
cabbage,CAPIZ,PRESIDENT ROXAS,pieces or units,g,medium,750,3,3,717.5,8,695,169,655,1306,717.5,8,cell pooled across sizes,0
cabbage,CAPIZ,PRESIDENT ROXAS,pieces or units,g,large,1117.5,2,3,717.5,8,695,169,655,1306,717.5,8,cell pooled across sizes,0
cabbage,CAPIZ,PRESIDENT ROXAS,putos (mix vegetable),g,conventional_nsu,165,1,1,165,1,165,14,160,37,165,14,province x item x unit,0
camote tops,CAPIZ,PRESIDENT ROXAS,bugkos,g,conventional_nsu,305,1,1,305,1,210,51,195,449,210,51,province x item x unit,0
carrot,CAPIZ,PRESIDENT ROXAS,pieces or units,g,small,85,3,3,190,9,135,153,140,1169,190,9,cell pooled across sizes,0
carrot,CAPIZ,PRESIDENT ROXAS,pieces or units,g,medium,195,4,3,190,9,135,153,140,1169,190,9,cell pooled across sizes,0
carrot,CAPIZ,PRESIDENT ROXAS,pieces or units,g,large,337.5,2,3,190,9,135,153,140,1169,190,9,cell pooled across sizes,0
chicken,CAPIZ,PRESIDENT ROXAS,bilog,g,large,1210,1,3,1210,1,1192.5,34,1095,230,1192.5,34,province x item x unit,0
"drinks at restaurant, hotel, cafe, or kiosk",CAPIZ,PRESIDENT ROXAS,pieces,mL,small,473,1,3,736.5,2,473,9,355,164,473,9,province x item x unit,0
"drinks at restaurant, hotel, cafe, or kiosk",CAPIZ,PRESIDENT ROXAS,pieces,mL,large,1000,1,3,736.5,2,473,9,355,164,473,9,province x item x unit,0
fresh fish,CAPIZ,PRESIDENT ROXAS,pieces or units,g,small,255,1,3,545,2,377.5,120,390,685,377.5,120,province x item x unit,0
fresh fish,CAPIZ,PRESIDENT ROXAS,pieces or units,g,large,835,1,3,545,2,377.5,120,390,685,377.5,120,province x item x unit,0
"ice cream, sorbet, edible ice (eg., ice-lolli, halo-halo)",CAPIZ,PRESIDENT ROXAS,pieces or units,mL,small,88,1,3,88,1,65,17,100,166,65,17,province x item x unit,0
"ice cream, sorbet, edible ice (eg., ice-lolli, halo-halo)",CAPIZ,PRESIDENT ROXAS,putos,mL,medium,55,1,2,55,1,62.5,22,65,148,62.5,22,province x item x unit,0
"ice cream, sorbet, edible ice (eg., ice-lolli, halo-halo)",CAPIZ,PRESIDENT ROXAS,small cup,mL,small,100,2,3,100,2,100,27,100,185,100,27,province x item x unit,0
"liquor (e.g, whisky, coconut wine)",CAPIZ,PRESIDENT ROXAS,lipid/lapad,mL,medium,375,6,3,375,6,375,103,375,618,375,6,own cell x size,0
loaf bread,CAPIZ,PRESIDENT ROXAS,large packs,g,large,600,3,3,600,3,640,68,640,411,600,3,own cell x size,0
loaf bread,CAPIZ,PRESIDENT ROXAS,medium packs,g,medium,560,3,3,560,3,450,39,450,352,560,3,own cell x size,0
loaf bread,CAPIZ,PRESIDENT ROXAS,small packs,g,small,375,3,3,375,3,400,33,370,259,375,3,own cell x size,0
mango,CAPIZ,PRESIDENT ROXAS,pieces or units,g,small,227.5,2,3,280,4,230,73,230,539,280,4,cell pooled across sizes,0
mango,CAPIZ,PRESIDENT ROXAS,pieces or units,g,medium,315,1,3,280,4,230,73,230,539,280,4,cell pooled across sizes,0
mango,CAPIZ,PRESIDENT ROXAS,pieces or units,g,large,360,1,3,280,4,230,73,230,539,280,4,cell pooled across sizes,0
pork,CAPIZ,PRESIDENT ROXAS,2 slice,g,medium,87.5,2,2,87.5,2,87.5,2,87.5,2,,,,1
"prawns, lobster, shrimp",CAPIZ,PRESIDENT ROXAS,tumpok,g,conventional_nsu,322.5,2,1,322.5,2,290,39,260,147,290,39,province x item x unit,0
"preserved or processed meat (tocino, tapa, longaniza, etc)",CAPIZ,PRESIDENT ROXAS,bilog,g,small,65,1,3,65,1,70,41,229,222,70,41,province x item x unit,0
"preserved or processed meat (tocino, tapa, longaniza, etc)",CAPIZ,PRESIDENT ROXAS,putos,g,small,250,1,3,250,1,250,61,250,473,250,61,province x item x unit,0
cabbage,CAPIZ,SAPI-AN,pieces or units,g,small,530,3,3,720,9,695,169,655,1306,720,9,cell pooled across sizes,0
cabbage,CAPIZ,SAPI-AN,pieces or units,g,medium,735,4,3,720,9,695,169,655,1306,720,9,cell pooled across sizes,0
cabbage,CAPIZ,SAPI-AN,pieces or units,g,large,1080,2,3,720,9,695,169,655,1306,720,9,cell pooled across sizes,0
cabbage,CAPIZ,SAPI-AN,putos (mix vegetable),g,conventional_nsu,162.5,2,1,162.5,2,165,14,160,37,165,14,province x item x unit,0
camote tops,CAPIZ,SAPI-AN,bundle,g,conventional_nsu,175,3,1,175,3,170,7,500,101,175,3,own cell x size,0
carrot,CAPIZ,SAPI-AN,pieces or units,g,small,90,3,3,130,9,135,153,140,1169,130,9,cell pooled across sizes,0
carrot,CAPIZ,SAPI-AN,pieces or units,g,medium,132.5,4,3,130,9,135,153,140,1169,130,9,cell pooled across sizes,0
carrot,CAPIZ,SAPI-AN,pieces or units,g,large,210,2,3,130,9,135,153,140,1169,130,9,cell pooled across sizes,0
chicken,CAPIZ,SAPI-AN,whole (chicken),g,small,1020,2,3,1135,6,1160,75,1120,468,1135,6,cell pooled across sizes,0
chicken,CAPIZ,SAPI-AN,whole (chicken),g,medium,1140,3,3,1135,6,1160,75,1120,468,1135,6,cell pooled across sizes,0
chicken,CAPIZ,SAPI-AN,whole (chicken),g,large,1490,1,3,1135,6,1160,75,1120,468,1135,6,cell pooled across sizes,0
"crackers, cookies, buiscuits, chips/curls",CAPIZ,SAPI-AN,pack,g,medium,250,5,2,250,5,250,5,300,63,250,5,own cell x size,0
"crackers, cookies, buiscuits, chips/curls",CAPIZ,SAPI-AN,pieces or units,g,small,25,3,3,27.5,6,31.5,88,32,505,25,3,own cell x size,0
"crackers, cookies, buiscuits, chips/curls",CAPIZ,SAPI-AN,pieces or units,g,medium,33,3,3,27.5,6,31.5,88,32,505,33,3,own cell x size,0
"drinks at restaurant, hotel, cafe, or kiosk",CAPIZ,SAPI-AN,pieces,g,medium,435,1,3,435,1,435,3,450,25,435,3,province x item x unit,0
fresh fish,CAPIZ,SAPI-AN,pieces or units,g,small,95,3,3,195,9,377.5,120,390,685,195,9,cell pooled across sizes,0
fresh fish,CAPIZ,SAPI-AN,pieces or units,g,medium,220,4,3,195,9,377.5,120,390,685,195,9,cell pooled across sizes,0
fresh fish,CAPIZ,SAPI-AN,pieces or units,g,large,762.5,2,3,195,9,377.5,120,390,685,195,9,cell pooled across sizes,0
"ice cream, sorbet, edible ice (eg., ice-lolli, halo-halo)",CAPIZ,SAPI-AN,putos,g,medium,52,1,2,52,1,47.5,2,58,82,58,82,item x unit (national),0
"ice cream, sorbet, edible ice (eg., ice-lolli, halo-halo)",CAPIZ,SAPI-AN,putos,mL,medium,65,3,2,65,3,62.5,22,65,148,65,3,own cell x size,0
"ice cream, sorbet, edible ice (eg., ice-lolli, halo-halo)",CAPIZ,SAPI-AN,small cup,mL,small,100,3,3,100,3,100,27,100,185,100,3,own cell x size,0
"liquor (e.g, whisky, coconut wine)",CAPIZ,SAPI-AN,lipid/lapad,mL,medium,375,6,3,375,6,375,103,375,618,375,6,own cell x size,0
"liquor (e.g, whisky, coconut wine)",CAPIZ,SAPI-AN,long-neck,mL,large,750,5,3,750,5,750,26,750,478,750,5,own cell x size,0
loaf bread,CAPIZ,SAPI-AN,large packs,g,large,640,3,3,640,3,640,68,640,411,640,3,own cell x size,0
loaf bread,CAPIZ,SAPI-AN,medium packs,g,medium,440,4,3,440,4,450,39,450,352,440,4,own cell x size,0
mango,CAPIZ,SAPI-AN,pieces or units,g,small,225,1,3,345,3,230,73,230,539,345,3,cell pooled across sizes,0
mango,CAPIZ,SAPI-AN,pieces or units,g,medium,395,2,3,345,3,230,73,230,539,345,3,cell pooled across sizes,0
"mineral or spring water, all drinking water sold in containers",CAPIZ,SAPI-AN,refilled,mL,medium,1000,4,3,1000,4,1000,4,1000,4,1000,4,own cell x size,0
"prawns, lobster, shrimp",CAPIZ,SAPI-AN,tumpok,g,conventional_nsu,95,1,1,95,1,290,39,260,147,290,39,province x item x unit,0
"preserved or processed meat (tocino, tapa, longaniza, etc)",CAPIZ,SAPI-AN,bilog,g,large,70,3,3,70,3,70,41,229,222,70,3,own cell x size,0
"preserved or processed meat (tocino, tapa, longaniza, etc)",CAPIZ,SAPI-AN,putos,g,medium,250,3,2,250,3,250,61,250,473,250,3,own cell x size,0
rice,CAPIZ,SAPI-AN,gantang,g,conventional_nsu,2250,3,1,2250,3,2250,3,2247.5,28,2250,3,own cell x size,0
cabbage,CAPIZ,SIGMA,half,g,medium,275,3,3,275,3,325,4,275,13,275,3,own cell x size,0
cabbage,CAPIZ,SIGMA,pieces or units,g,small,455,3,3,655,9,695,169,655,1306,655,9,cell pooled across sizes,0
cabbage,CAPIZ,SIGMA,pieces or units,g,medium,667.5,4,3,655,9,695,169,655,1306,655,9,cell pooled across sizes,0
cabbage,CAPIZ,SIGMA,pieces or units,g,large,920,2,3,655,9,695,169,655,1306,655,9,cell pooled across sizes,0
cabbage,CAPIZ,SIGMA,putos (mix vegetable),g,medium,165,3,2,165,3,165,14,160,37,165,3,own cell x size,0
camote tops,CAPIZ,SIGMA,bugkos,g,conventional_nsu,200,3,1,200,3,210,51,195,449,200,3,own cell x size,0
carrot,CAPIZ,SIGMA,pieces or units,g,medium,105,3,2,105,3,135,153,140,1169,105,3,own cell x size,0
chicken,CAPIZ,SIGMA,whole (chicken),g,small,935,2,2,1107.5,6,1160,75,1120,468,1107.5,6,cell pooled across sizes,0
chicken,CAPIZ,SIGMA,whole (chicken),g,medium,1117.5,2,2,1107.5,6,1160,75,1120,468,1107.5,6,cell pooled across sizes,0
chicken,CAPIZ,SIGMA,whole (chicken),g,large,1215,2,2,1107.5,6,1160,75,1120,468,1107.5,6,cell pooled across sizes,0
"crackers, cookies, buiscuits, chips/curls",CAPIZ,SIGMA,pieces or units,g,medium,31,1,2,31,1,31.5,88,32,505,31.5,88,province x item x unit,0
"crackers, cookies, buiscuits, chips/curls",CAPIZ,SIGMA,putos,g,medium,300,1,2,300,1,287.5,54,210,482,287.5,54,province x item x unit,0
fresh fish,CAPIZ,SIGMA,pack,g,medium,580,3,2,580,3,680,4,620,29,580,3,own cell x size,0
fresh fish,CAPIZ,SIGMA,pieces or units,g,small,115,3,3,300,9,377.5,120,390,685,300,9,cell pooled across sizes,0
fresh fish,CAPIZ,SIGMA,pieces or units,g,medium,312.5,4,3,300,9,377.5,120,390,685,300,9,cell pooled across sizes,0
fresh fish,CAPIZ,SIGMA,pieces or units,g,large,770,2,3,300,9,377.5,120,390,685,300,9,cell pooled across sizes,0
"ice cream, sorbet, edible ice (eg., ice-lolli, halo-halo)",CAPIZ,SIGMA,pieces or units,g,medium,40,2,2,40,2,47,6,60,94,47,6,province x item x unit,0
"ice cream, sorbet, edible ice (eg., ice-lolli, halo-halo)",CAPIZ,SIGMA,pieces or units,mL,medium,35,1,2,35,1,65,17,100,166,65,17,province x item x unit,0
"ice cream, sorbet, edible ice (eg., ice-lolli, halo-halo)",CAPIZ,SIGMA,small cup,g,small,105,2,3,105,2,100,12,100,120,100,12,province x item x unit,0
"ice cream, sorbet, edible ice (eg., ice-lolli, halo-halo)",CAPIZ,SIGMA,small cup,mL,small,67.5,2,3,100,3,100,27,100,185,100,3,cell pooled across sizes,0
"ice cream, sorbet, edible ice (eg., ice-lolli, halo-halo)",CAPIZ,SIGMA,small cup,mL,medium,120,1,3,100,3,100,27,100,185,100,3,cell pooled across sizes,0
"ice cream, sorbet, edible ice (eg., ice-lolli, halo-halo)",CAPIZ,SIGMA,tub,g,small,700,1,3,700,1,700,1,700,1,,,,1
"ice cream, sorbet, edible ice (eg., ice-lolli, halo-halo)",CAPIZ,SIGMA,tub,mL,small,636.5,2,3,1125,6,1000,9,1000,9,1125,6,cell pooled across sizes,0
"ice cream, sorbet, edible ice (eg., ice-lolli, halo-halo)",CAPIZ,SIGMA,tub,mL,medium,1250,3,3,1125,6,1000,9,1000,9,1125,6,cell pooled across sizes,0
"ice cream, sorbet, edible ice (eg., ice-lolli, halo-halo)",CAPIZ,SIGMA,tub,mL,large,1700,1,3,1125,6,1000,9,1000,9,1125,6,cell pooled across sizes,0
"liquor (e.g, whisky, coconut wine)",CAPIZ,SIGMA,lipid/lapad,mL,medium,375,1,2,375,1,375,103,375,618,375,103,province x item x unit,0
loaf bread,CAPIZ,SIGMA,large packs,g,small,450,7,3,450,13,640,68,640,411,450,13,cell pooled across sizes,0
loaf bread,CAPIZ,SIGMA,large packs,g,medium,600,2,3,450,13,640,68,640,411,450,13,cell pooled across sizes,0
loaf bread,CAPIZ,SIGMA,large packs,g,large,640,4,3,450,13,640,68,640,411,450,13,cell pooled across sizes,0
mango,CAPIZ,SIGMA,pieces or units,g,medium,235,2,2,235,2,230,73,230,539,230,73,province x item x unit,0
"prawns, lobster, shrimp",CAPIZ,SIGMA,tumpok,g,conventional_nsu,280,3,1,280,3,290,39,260,147,280,3,own cell x size,0
"preserved or processed meat (tocino, tapa, longaniza, etc)",CAPIZ,SIGMA,putos,g,medium,257.5,4,2,257.5,4,250,61,250,473,257.5,4,own cell x size,0
cabbage,CAPIZ,TAPAZ,pack,g,medium,160,3,2,160,3,160,11,150,43,160,3,own cell x size,0
cabbage,CAPIZ,TAPAZ,pieces or units,g,medium,500,3,2,500,3,695,169,655,1306,500,3,own cell x size,0
camote,CAPIZ,TAPAZ,bilog,g,medium,95,3,2,95,3,145,58,140,509,95,3,own cell x size,0
camote tops,CAPIZ,TAPAZ,bugkos,g,conventional_nsu,280,3,1,280,3,210,51,195,449,280,3,own cell x size,0
carrot,CAPIZ,TAPAZ,pieces or units,g,small,95,3,3,120,9,135,153,140,1169,120,9,cell pooled across sizes,0
carrot,CAPIZ,TAPAZ,pieces or units,g,medium,125,4,3,120,9,135,153,140,1169,120,9,cell pooled across sizes,0
carrot,CAPIZ,TAPAZ,pieces or units,g,large,210,2,3,120,9,135,153,140,1169,120,9,cell pooled across sizes,0
chicken,CAPIZ,TAPAZ,whole (chicken),g,small,1050,3,2,1140,5,1160,75,1120,468,1140,5,cell pooled across sizes,0
chicken,CAPIZ,TAPAZ,whole (chicken),g,medium,1195,1,2,1140,5,1160,75,1120,468,1140,5,cell pooled across sizes,0
chicken,CAPIZ,TAPAZ,whole (chicken),g,large,1670,1,2,1140,5,1160,75,1120,468,1140,5,cell pooled across sizes,0
"crackers, cookies, buiscuits, chips/curls",CAPIZ,TAPAZ,pieces or units,g,medium,28,5,2,28,5,31.5,88,32,505,28,5,own cell x size,0
"crackers, cookies, buiscuits, chips/curls",CAPIZ,TAPAZ,putos,g,medium,310,2,2,310,2,287.5,54,210,482,287.5,54,province x item x unit,0
fresh fish,CAPIZ,TAPAZ,pieces or units,g,small,133,3,3,230,9,377.5,120,390,685,230,9,cell pooled across sizes,0
fresh fish,CAPIZ,TAPAZ,pieces or units,g,medium,242.5,4,3,230,9,377.5,120,390,685,230,9,cell pooled across sizes,0
fresh fish,CAPIZ,TAPAZ,pieces or units,g,large,457.5,2,3,230,9,377.5,120,390,685,230,9,cell pooled across sizes,0
"ice cream, sorbet, edible ice (eg., ice-lolli, halo-halo)",CAPIZ,TAPAZ,cone,g,small,110,3,3,110,3,105,4,107,14,110,3,own cell x size,0
"ice cream, sorbet, edible ice (eg., ice-lolli, halo-halo)",CAPIZ,TAPAZ,pieces or units,g,medium,42.5,2,2,42.5,2,47,6,60,94,47,6,province x item x unit,0
"ice cream, sorbet, edible ice (eg., ice-lolli, halo-halo)",CAPIZ,TAPAZ,pieces or units,mL,medium,60,1,2,60,1,65,17,100,166,65,17,province x item x unit,0
"ice cream, sorbet, edible ice (eg., ice-lolli, halo-halo)",CAPIZ,TAPAZ,small cup,g,small,75,3,3,100,5,100,12,100,120,100,5,cell pooled across sizes,0
"ice cream, sorbet, edible ice (eg., ice-lolli, halo-halo)",CAPIZ,TAPAZ,small cup,g,medium,165,2,3,100,5,100,12,100,120,100,5,cell pooled across sizes,0
"liquor (e.g, whisky, coconut wine)",CAPIZ,TAPAZ,lipid/lapad,mL,small,375,7,3,375,13,375,103,375,618,375,7,own cell x size,0
"liquor (e.g, whisky, coconut wine)",CAPIZ,TAPAZ,lipid/lapad,mL,medium,750,6,3,375,13,375,103,375,618,750,6,own cell x size,0
loaf bread,CAPIZ,TAPAZ,large packs,g,small,450,5,3,545,10,640,68,640,411,545,10,cell pooled across sizes,0
loaf bread,CAPIZ,TAPAZ,large packs,g,medium,640,4,3,545,10,640,68,640,411,545,10,cell pooled across sizes,0
loaf bread,CAPIZ,TAPAZ,large packs,g,large,720,1,3,545,10,640,68,640,411,545,10,cell pooled across sizes,0
mango,CAPIZ,TAPAZ,pieces or units,g,medium,135,1,2,135,1,230,73,230,539,230,73,province x item x unit,0
"preserved or processed meat (tocino, tapa, longaniza, etc)",CAPIZ,TAPAZ,bilog,g,medium,64.5,2,2,64.5,2,70,41,229,222,70,41,province x item x unit,0
"preserved or processed meat (tocino, tapa, longaniza, etc)",CAPIZ,TAPAZ,putos,g,medium,252.5,2,2,252.5,2,250,61,250,473,250,61,province x item x unit,0
cabbage,ILOILO,AJUY,pack,g,medium,135,1,2,135,1,135,26,150,43,135,26,province x item x unit,0
cabbage,ILOILO,AJUY,pieces or units,g,small,445,2,3,825,5,660,543,655,1306,825,5,cell pooled across sizes,0
cabbage,ILOILO,AJUY,pieces or units,g,medium,872.5,2,3,825,5,660,543,655,1306,825,5,cell pooled across sizes,0
cabbage,ILOILO,AJUY,pieces or units,g,large,1140,1,3,825,5,660,543,655,1306,825,5,cell pooled across sizes,0
camote,ILOILO,AJUY,bilog,g,medium,140,2,2,140,2,140,296,140,509,140,296,province x item x unit,0
camote tops,ILOILO,AJUY,bugkos,g,small,200,1,3,325,3,170,218,195,449,325,3,cell pooled across sizes,0
camote tops,ILOILO,AJUY,bugkos,g,medium,422.5,2,3,325,3,170,218,195,449,325,3,cell pooled across sizes,0
carrot,ILOILO,AJUY,pack,g,medium,130,1,2,130,1,130,1,130,1,,,,1
carrot,ILOILO,AJUY,pieces or units,g,small,100,2,3,127.5,4,135,538,140,1169,127.5,4,cell pooled across sizes,0
carrot,ILOILO,AJUY,pieces or units,g,medium,140,1,3,127.5,4,135,538,140,1169,127.5,4,cell pooled across sizes,0
carrot,ILOILO,AJUY,pieces or units,g,large,250,1,3,127.5,4,135,538,140,1169,127.5,4,cell pooled across sizes,0
chicken,ILOILO,AJUY,whole (chicken),g,small,625,1,3,625,1,1035,180,1120,468,1035,180,province x item x unit,0
"crackers, cookies, buiscuits, chips/curls",ILOILO,AJUY,pieces or units,g,small,25,1,3,50,3,32,227,32,505,50,3,cell pooled across sizes,0
"crackers, cookies, buiscuits, chips/curls",ILOILO,AJUY,pieces or units,g,medium,72.5,2,3,50,3,32,227,32,505,50,3,cell pooled across sizes,0
"crackers, cookies, buiscuits, chips/curls",ILOILO,AJUY,putos,g,small,270,1,3,290,3,100,230,210,482,290,3,cell pooled across sizes,0
"crackers, cookies, buiscuits, chips/curls",ILOILO,AJUY,putos,g,medium,325,2,3,290,3,100,230,210,482,290,3,cell pooled across sizes,0
fresh fish,ILOILO,AJUY,pack,g,medium,620,1,2,620,1,620,25,620,29,620,25,province x item x unit,0
fresh fish,ILOILO,AJUY,pieces or units,g,medium,367.5,2,3,490,4,390,368,390,685,490,4,cell pooled across sizes,0
fresh fish,ILOILO,AJUY,pieces or units,g,large,595,2,3,490,4,390,368,390,685,490,4,cell pooled across sizes,0
fresh fish,ILOILO,AJUY,tumpok,g,small,412.5,2,3,627.5,6,750,24,750,25,627.5,6,cell pooled across sizes,0
fresh fish,ILOILO,AJUY,tumpok,g,medium,695,3,3,627.5,6,750,24,750,25,627.5,6,cell pooled across sizes,0
fresh fish,ILOILO,AJUY,tumpok,g,large,1080,1,3,627.5,6,750,24,750,25,627.5,6,cell pooled across sizes,0
"ice cream, sorbet, edible ice (eg., ice-lolli, halo-halo)",ILOILO,AJUY,bowl,g,medium,720,1,3,815,2,815,2,720,3,720,3,item x unit (national),0
"ice cream, sorbet, edible ice (eg., ice-lolli, halo-halo)",ILOILO,AJUY,bowl,g,large,910,1,3,815,2,815,2,720,3,720,3,item x unit (national),0
"ice cream, sorbet, edible ice (eg., ice-lolli, halo-halo)",ILOILO,AJUY,cone,g,medium,65,1,3,65,1,107,10,107,14,107,10,province x item x unit,0
"ice cream, sorbet, edible ice (eg., ice-lolli, halo-halo)",ILOILO,AJUY,putos,g,medium,65,1,3,65,1,60,52,58,82,60,52,province x item x unit,0
"ice cream, sorbet, edible ice (eg., ice-lolli, halo-halo)",ILOILO,AJUY,small cup,g,small,60,1,3,65,3,100,71,100,120,65,3,cell pooled across sizes,0
"ice cream, sorbet, edible ice (eg., ice-lolli, halo-halo)",ILOILO,AJUY,small cup,g,medium,117.5,2,3,65,3,100,71,100,120,65,3,cell pooled across sizes,0
"liquor (e.g, whisky, coconut wine)",ILOILO,AJUY,lipid/lapad,mL,medium,672.5,2,3,672.5,2,375,267,375,618,375,267,province x item x unit,0
"liquor (e.g, whisky, coconut wine)",ILOILO,AJUY,long-neck,mL,medium,937.5,2,3,1200,3,750,185,750,478,1200,3,cell pooled across sizes,0
"liquor (e.g, whisky, coconut wine)",ILOILO,AJUY,long-neck,mL,large,1220,1,3,1200,3,750,185,750,478,1200,3,cell pooled across sizes,0
loaf bread,ILOILO,AJUY,large packs,g,large,597.5,2,3,597.5,2,640,188,640,411,640,188,province x item x unit,0
loaf bread,ILOILO,AJUY,medium packs,g,medium,432.5,2,3,530,4,450,160,450,352,530,4,cell pooled across sizes,0
loaf bread,ILOILO,AJUY,medium packs,g,large,632.5,2,3,530,4,450,160,450,352,530,4,cell pooled across sizes,0
loaf bread,ILOILO,AJUY,small packs,g,medium,400,1,3,400,1,385,123,370,259,385,123,province x item x unit,0
mango,ILOILO,AJUY,pieces or units,g,medium,250,1,2,250,1,230,289,230,539,230,289,province x item x unit,0
"prawns, lobster, shrimp",ILOILO,AJUY,tumpok,g,small,230,1,3,415,3,250,55,260,147,415,3,cell pooled across sizes,0
"prawns, lobster, shrimp",ILOILO,AJUY,tumpok,g,medium,482.5,2,3,415,3,250,55,260,147,415,3,cell pooled across sizes,0
"preserved or processed meat (tocino, tapa, longaniza, etc)",ILOILO,AJUY,bilog,g,large,75,1,3,75,1,250,116,229,222,250,116,province x item x unit,0
"preserved or processed meat (tocino, tapa, longaniza, etc)",ILOILO,AJUY,putos,g,small,155,1,3,325,3,250,182,250,473,325,3,cell pooled across sizes,0
"preserved or processed meat (tocino, tapa, longaniza, etc)",ILOILO,AJUY,putos,g,medium,455,2,3,325,3,250,182,250,473,325,3,cell pooled across sizes,0
cabbage,ILOILO,ALIMODIAN,pieces or units,g,small,407.5,4,3,617.5,12,660,543,655,1306,407.5,4,own cell x size,0
cabbage,ILOILO,ALIMODIAN,pieces or units,g,medium,630,5,3,617.5,12,660,543,655,1306,630,5,own cell x size,0
cabbage,ILOILO,ALIMODIAN,pieces or units,g,large,955,3,3,617.5,12,660,543,655,1306,955,3,own cell x size,0
cabbage,ILOILO,ALIMODIAN,putos (mix vegetable),g,medium,130,3,2,130,3,130,20,160,37,130,3,own cell x size,0
camote,ILOILO,ALIMODIAN,bilog,g,small,100,4,3,185,11,140,296,140,509,100,4,own cell x size,0
camote,ILOILO,ALIMODIAN,bilog,g,medium,202.5,4,3,185,11,140,296,140,509,202.5,4,own cell x size,0
camote,ILOILO,ALIMODIAN,bilog,g,large,390,3,3,185,11,140,296,140,509,390,3,own cell x size,0
camote tops,ILOILO,ALIMODIAN,bugkos,g,small,175,3,3,175,3,170,218,195,449,175,3,own cell x size,0
carrot,ILOILO,ALIMODIAN,pieces or units,g,small,77.5,4,3,175,11,135,538,140,1169,77.5,4,own cell x size,0
carrot,ILOILO,ALIMODIAN,pieces or units,g,medium,182.5,4,3,175,11,135,538,140,1169,182.5,4,own cell x size,0
carrot,ILOILO,ALIMODIAN,pieces or units,g,large,240,3,3,175,11,135,538,140,1169,240,3,own cell x size,0
chicken,ILOILO,ALIMODIAN,bilog,g,small,865,3,3,960,7,1072.5,130,1095,230,960,7,cell pooled across sizes,0
chicken,ILOILO,ALIMODIAN,bilog,g,medium,1057.5,2,3,960,7,1072.5,130,1095,230,960,7,cell pooled across sizes,0
chicken,ILOILO,ALIMODIAN,bilog,g,large,1357.5,2,3,960,7,1072.5,130,1095,230,960,7,cell pooled across sizes,0
chicken,ILOILO,ALIMODIAN,pieces or units,g,small,90,3,3,277.5,8,395,13,380,108,277.5,8,cell pooled across sizes,0
chicken,ILOILO,ALIMODIAN,pieces or units,g,medium,290,3,3,277.5,8,395,13,380,108,277.5,8,cell pooled across sizes,0
chicken,ILOILO,ALIMODIAN,pieces or units,g,large,500,2,3,277.5,8,395,13,380,108,277.5,8,cell pooled across sizes,0
"crackers, cookies, buiscuits, chips/curls",ILOILO,ALIMODIAN,pieces or units,g,small,30,5,3,32,11,32,227,32,505,32,11,cell pooled across sizes,0
"crackers, cookies, buiscuits, chips/curls",ILOILO,ALIMODIAN,pieces or units,g,medium,48,4,3,32,11,32,227,32,505,32,11,cell pooled across sizes,0
"crackers, cookies, buiscuits, chips/curls",ILOILO,ALIMODIAN,pieces or units,g,large,82.5,2,3,32,11,32,227,32,505,32,11,cell pooled across sizes,0
"crackers, cookies, buiscuits, chips/curls",ILOILO,ALIMODIAN,putos,g,small,40,7,3,80,21,100,230,210,482,40,7,own cell x size,0
"crackers, cookies, buiscuits, chips/curls",ILOILO,ALIMODIAN,putos,g,medium,82.5,8,3,80,21,100,230,210,482,82.5,8,own cell x size,0
"crackers, cookies, buiscuits, chips/curls",ILOILO,ALIMODIAN,putos,g,large,175,6,3,80,21,100,230,210,482,175,6,own cell x size,0
"drinks at restaurant, hotel, cafe, or kiosk",ILOILO,ALIMODIAN,pieces,mL,medium,355,1,3,355,1,355,65,355,164,355,65,province x item x unit,0
fresh fish,ILOILO,ALIMODIAN,pieces or units,g,small,85,5,3,185,13,390,368,390,685,85,5,own cell x size,0
fresh fish,ILOILO,ALIMODIAN,pieces or units,g,medium,187.5,4,3,185,13,390,368,390,685,187.5,4,own cell x size,0
fresh fish,ILOILO,ALIMODIAN,pieces or units,g,large,617.5,4,3,185,13,390,368,390,685,617.5,4,own cell x size,0
"ice cream, sorbet, edible ice (eg., ice-lolli, halo-halo)",ILOILO,ALIMODIAN,pieces or units,g,medium,85,3,3,85,3,55,59,60,94,85,3,own cell x size,0
"ice cream, sorbet, edible ice (eg., ice-lolli, halo-halo)",ILOILO,ALIMODIAN,pieces or units,mL,medium,65,4,3,65,4,100,60,100,166,65,4,own cell x size,0
"ice cream, sorbet, edible ice (eg., ice-lolli, halo-halo)",ILOILO,ALIMODIAN,putos,mL,medium,60,3,3,60,3,65,60,65,148,60,3,own cell x size,0
"ice cream, sorbet, edible ice (eg., ice-lolli, halo-halo)",ILOILO,ALIMODIAN,small cup,g,small,105,2,3,105,2,100,71,100,120,100,71,province x item x unit,0
"ice cream, sorbet, edible ice (eg., ice-lolli, halo-halo)",ILOILO,ALIMODIAN,small cup,mL,small,100,5,3,100,5,100,75,100,185,100,5,own cell x size,0
"liquor (e.g, whisky, coconut wine)",ILOILO,ALIMODIAN,lipid/lapad,mL,medium,375,9,3,375,9,375,267,375,618,375,9,own cell x size,0
"liquor (e.g, whisky, coconut wine)",ILOILO,ALIMODIAN,long-neck,mL,large,750,9,3,750,9,750,185,750,478,750,9,own cell x size,0
loaf bread,ILOILO,ALIMODIAN,large packs,g,large,640,7,3,640,7,640,188,640,411,640,7,own cell x size,0
loaf bread,ILOILO,ALIMODIAN,medium packs,g,medium,450,6,3,450,6,450,160,450,352,450,6,own cell x size,0
loaf bread,ILOILO,ALIMODIAN,small packs,g,small,400,6,3,400,6,385,123,370,259,400,6,own cell x size,0
mango,ILOILO,ALIMODIAN,pieces or units,g,small,177.5,4,3,250,10,230,289,230,539,177.5,4,own cell x size,0
mango,ILOILO,ALIMODIAN,pieces or units,g,medium,270,3,3,250,10,230,289,230,539,270,3,own cell x size,0
mango,ILOILO,ALIMODIAN,pieces or units,g,large,305,3,3,250,10,230,289,230,539,305,3,own cell x size,0
"preserved or processed meat (tocino, tapa, longaniza, etc)",ILOILO,ALIMODIAN,bilog,g,small,200,2,3,250,5,250,116,229,222,250,5,cell pooled across sizes,0
"preserved or processed meat (tocino, tapa, longaniza, etc)",ILOILO,ALIMODIAN,bilog,g,medium,250,2,3,250,5,250,116,229,222,250,5,cell pooled across sizes,0
"preserved or processed meat (tocino, tapa, longaniza, etc)",ILOILO,ALIMODIAN,bilog,g,large,400,1,3,250,5,250,116,229,222,250,5,cell pooled across sizes,0
"preserved or processed meat (tocino, tapa, longaniza, etc)",ILOILO,ALIMODIAN,putos,g,small,100,5,3,250,13,250,182,250,473,250,13,cell pooled across sizes,0
"preserved or processed meat (tocino, tapa, longaniza, etc)",ILOILO,ALIMODIAN,putos,g,medium,250,6,3,250,13,250,182,250,473,250,13,cell pooled across sizes,0
"preserved or processed meat (tocino, tapa, longaniza, etc)",ILOILO,ALIMODIAN,putos,g,large,500,2,3,250,13,250,182,250,473,250,13,cell pooled across sizes,0
rice,ILOILO,ALIMODIAN,salmon,g,conventional_nsu,365,2,1,365,2,410,21,410,21,410,21,province x item x unit,0
camote tops,ILOILO,ANILAO,bugkos,g,small,185,3,3,185,3,170,218,195,449,185,3,own cell x size,0
carrot,ILOILO,ANILAO,pieces or units,g,small,75,5,3,110,13,135,538,140,1169,75,5,own cell x size,0
carrot,ILOILO,ANILAO,pieces or units,g,medium,112.5,4,3,110,13,135,538,140,1169,112.5,4,own cell x size,0
carrot,ILOILO,ANILAO,pieces or units,g,large,220,4,3,110,13,135,538,140,1169,220,4,own cell x size,0
chicken,ILOILO,ANILAO,bilog,g,small,825,4,3,1120,11,1072.5,130,1095,230,825,4,own cell x size,0
chicken,ILOILO,ANILAO,bilog,g,medium,1132.5,4,3,1120,11,1072.5,130,1095,230,1132.5,4,own cell x size,0
chicken,ILOILO,ANILAO,bilog,g,large,1230,3,3,1120,11,1072.5,130,1095,230,1230,3,own cell x size,0
"crackers, cookies, buiscuits, chips/curls",ILOILO,ANILAO,pieces or units,g,small,27.5,4,3,32,9,32,227,32,505,32,9,cell pooled across sizes,0
"crackers, cookies, buiscuits, chips/curls",ILOILO,ANILAO,pieces or units,g,medium,33,3,3,32,9,32,227,32,505,32,9,cell pooled across sizes,0
"crackers, cookies, buiscuits, chips/curls",ILOILO,ANILAO,pieces or units,g,large,150,2,3,32,9,32,227,32,505,32,9,cell pooled across sizes,0
fresh fish,ILOILO,ANILAO,pack,g,small,285,2,3,430,5,620,25,620,29,430,5,cell pooled across sizes,0
fresh fish,ILOILO,ANILAO,pack,g,medium,457.5,2,3,430,5,620,25,620,29,430,5,cell pooled across sizes,0
fresh fish,ILOILO,ANILAO,pack,g,large,635,1,3,430,5,620,25,620,29,430,5,cell pooled across sizes,0
fresh fish,ILOILO,ANILAO,pieces or units,g,small,275,3,3,340,7,390,368,390,685,340,7,cell pooled across sizes,0
fresh fish,ILOILO,ANILAO,pieces or units,g,medium,352.5,2,3,340,7,390,368,390,685,340,7,cell pooled across sizes,0
fresh fish,ILOILO,ANILAO,pieces or units,g,large,432.5,2,3,340,7,390,368,390,685,340,7,cell pooled across sizes,0
"ice cream, sorbet, edible ice (eg., ice-lolli, halo-halo)",ILOILO,ANILAO,pieces or units,g,small,56,3,3,56,3,55,59,60,94,56,3,own cell x size,0
"ice cream, sorbet, edible ice (eg., ice-lolli, halo-halo)",ILOILO,ANILAO,pieces or units,mL,small,47.5,2,3,47.5,2,100,60,100,166,100,60,province x item x unit,0
"ice cream, sorbet, edible ice (eg., ice-lolli, halo-halo)",ILOILO,ANILAO,small cup,g,small,100,3,3,100,3,100,71,100,120,100,3,own cell x size,0
"ice cream, sorbet, edible ice (eg., ice-lolli, halo-halo)",ILOILO,ANILAO,small cup,mL,small,290,2,3,750,5,100,75,100,185,750,5,cell pooled across sizes,0
"ice cream, sorbet, edible ice (eg., ice-lolli, halo-halo)",ILOILO,ANILAO,small cup,mL,medium,800,3,3,750,5,100,75,100,185,750,5,cell pooled across sizes,0
"liquor (e.g, whisky, coconut wine)",ILOILO,ANILAO,lipid/lapad,mL,medium,375,5,3,562.5,10,375,267,375,618,375,5,own cell x size,0
"liquor (e.g, whisky, coconut wine)",ILOILO,ANILAO,lipid/lapad,mL,large,750,5,3,562.5,10,375,267,375,618,750,5,own cell x size,0
loaf bread,ILOILO,ANILAO,small packs,g,small,360,3,3,480,9,385,123,370,259,480,9,cell pooled across sizes,0
loaf bread,ILOILO,ANILAO,small packs,g,medium,560,4,3,480,9,385,123,370,259,480,9,cell pooled across sizes,0
loaf bread,ILOILO,ANILAO,small packs,g,large,670,2,3,480,9,385,123,370,259,480,9,cell pooled across sizes,0
"preserved or processed meat (tocino, tapa, longaniza, etc)",ILOILO,ANILAO,putos,g,small,205,2,3,275,6,250,182,250,473,275,6,cell pooled across sizes,0
"preserved or processed meat (tocino, tapa, longaniza, etc)",ILOILO,ANILAO,putos,g,medium,285,3,3,275,6,250,182,250,473,275,6,cell pooled across sizes,0
"preserved or processed meat (tocino, tapa, longaniza, etc)",ILOILO,ANILAO,putos,g,large,545,1,3,275,6,250,182,250,473,275,6,cell pooled across sizes,0
cabbage,ILOILO,BADIANGAN,half,g,small,275,4,3,275,4,270,9,275,13,275,4,own cell x size,0
cabbage,ILOILO,BADIANGAN,pieces or units,g,small,585,3,3,705,8,660,543,655,1306,705,8,cell pooled across sizes,0
cabbage,ILOILO,BADIANGAN,pieces or units,g,medium,765,3,3,705,8,660,543,655,1306,705,8,cell pooled across sizes,0
cabbage,ILOILO,BADIANGAN,pieces or units,g,large,1355,2,3,705,8,660,543,655,1306,705,8,cell pooled across sizes,0
camote,ILOILO,BADIANGAN,bilog,g,small,120,3,3,230,8,140,296,140,509,230,8,cell pooled across sizes,0
camote,ILOILO,BADIANGAN,bilog,g,medium,255,3,3,230,8,140,296,140,509,230,8,cell pooled across sizes,0
camote,ILOILO,BADIANGAN,bilog,g,large,382.5,2,3,230,8,140,296,140,509,230,8,cell pooled across sizes,0
camote tops,ILOILO,BADIANGAN,bugkos,g,small,117.5,4,3,117.5,4,170,218,195,449,117.5,4,own cell x size,0
camote tops,ILOILO,BADIANGAN,bundle,g,large,1445,1,3,1445,1,470,31,500,101,470,31,province x item x unit,0
carrot,ILOILO,BADIANGAN,pieces or units,g,small,115,5,3,152.5,10,135,538,140,1169,152.5,10,cell pooled across sizes,0
carrot,ILOILO,BADIANGAN,pieces or units,g,medium,165,2,3,152.5,10,135,538,140,1169,152.5,10,cell pooled across sizes,0
carrot,ILOILO,BADIANGAN,pieces or units,g,large,200,3,3,152.5,10,135,538,140,1169,152.5,10,cell pooled across sizes,0
chicken,ILOILO,BADIANGAN,whole (chicken),g,medium,887.5,2,3,980,3,1035,180,1120,468,980,3,cell pooled across sizes,0
chicken,ILOILO,BADIANGAN,whole (chicken),g,large,1175,1,3,980,3,1035,180,1120,468,980,3,cell pooled across sizes,0
"crackers, cookies, buiscuits, chips/curls",ILOILO,BADIANGAN,pieces or units,g,small,30,5,3,30,5,32,227,32,505,30,5,own cell x size,0
"crackers, cookies, buiscuits, chips/curls",ILOILO,BADIANGAN,putos,g,small,250,5,3,250,5,100,230,210,482,250,5,own cell x size,0
"ice cream, sorbet, edible ice (eg., ice-lolli, halo-halo)",ILOILO,BADIANGAN,pieces or units,g,small,90,1,3,90,1,55,59,60,94,55,59,province x item x unit,0
"ice cream, sorbet, edible ice (eg., ice-lolli, halo-halo)",ILOILO,BADIANGAN,putos,g,small,54,2,3,54,2,60,52,58,82,60,52,province x item x unit,0
"ice cream, sorbet, edible ice (eg., ice-lolli, halo-halo)",ILOILO,BADIANGAN,small cup,g,small,75,3,3,75,3,100,71,100,120,75,3,own cell x size,0
"liquor (e.g, whisky, coconut wine)",ILOILO,BADIANGAN,junior lapad,mL,small,250,3,3,250,3,250,9,250,9,250,3,own cell x size,0
"liquor (e.g, whisky, coconut wine)",ILOILO,BADIANGAN,lipid/lapad,mL,medium,375,3,3,375,3,375,267,375,618,375,3,own cell x size,0
"liquor (e.g, whisky, coconut wine)",ILOILO,BADIANGAN,long-neck,mL,large,750,4,3,750,4,750,185,750,478,750,4,own cell x size,0
loaf bread,ILOILO,BADIANGAN,large packs,g,large,680,4,3,680,4,640,188,640,411,680,4,own cell x size,0
loaf bread,ILOILO,BADIANGAN,medium packs,g,medium,420,5,3,420,5,450,160,450,352,420,5,own cell x size,0
pork,ILOILO,BADIANGAN,slice,g,medium,445,3,2,445,3,445,3,425,4,445,3,own cell x size,0
"preserved or processed meat (tocino, tapa, longaniza, etc)",ILOILO,BADIANGAN,putos,g,small,200,4,3,200,4,250,182,250,473,200,4,own cell x size,0
cabbage,ILOILO,BALASAN,pieces or units,g,small,592.5,4,3,660,8,660,543,655,1306,660,8,cell pooled across sizes,0
cabbage,ILOILO,BALASAN,pieces or units,g,medium,762.5,2,3,660,8,660,543,655,1306,660,8,cell pooled across sizes,0
cabbage,ILOILO,BALASAN,pieces or units,g,large,1192.5,2,3,660,8,660,543,655,1306,660,8,cell pooled across sizes,0
camote,ILOILO,BALASAN,bilog,g,small,115,1,3,190,3,140,296,140,509,190,3,cell pooled across sizes,0
camote,ILOILO,BALASAN,bilog,g,medium,237.5,2,3,190,3,140,296,140,509,190,3,cell pooled across sizes,0
camote tops,ILOILO,BALASAN,bugkos,g,small,155,3,3,155,3,170,218,195,449,155,3,own cell x size,0
camote tops,ILOILO,BALASAN,bundle,g,small,267.5,2,3,267.5,2,470,31,500,101,470,31,province x item x unit,0
carrot,ILOILO,BALASAN,pieces or units,g,small,100,5,3,145,13,135,538,140,1169,100,5,own cell x size,0
carrot,ILOILO,BALASAN,pieces or units,g,medium,147.5,4,3,145,13,135,538,140,1169,147.5,4,own cell x size,0
carrot,ILOILO,BALASAN,pieces or units,g,large,222.5,4,3,145,13,135,538,140,1169,222.5,4,own cell x size,0
chicken,ILOILO,BALASAN,bilog,g,large,1295,3,3,1295,3,1072.5,130,1095,230,1295,3,own cell x size,0
"crackers, cookies, buiscuits, chips/curls",ILOILO,BALASAN,pack,g,small,20,1,3,110,2,302.5,32,300,63,302.5,32,province x item x unit,0
"crackers, cookies, buiscuits, chips/curls",ILOILO,BALASAN,pack,g,large,200,1,3,110,2,302.5,32,300,63,302.5,32,province x item x unit,0
"crackers, cookies, buiscuits, chips/curls",ILOILO,BALASAN,putos,g,small,48,1,3,69,2,100,230,210,482,100,230,province x item x unit,0
"crackers, cookies, buiscuits, chips/curls",ILOILO,BALASAN,putos,g,medium,90,1,3,69,2,100,230,210,482,100,230,province x item x unit,0
fresh fish,ILOILO,BALASAN,pieces or units,g,small,395,3,3,475,5,390,368,390,685,475,5,cell pooled across sizes,0
fresh fish,ILOILO,BALASAN,pieces or units,g,large,717.5,2,3,475,5,390,368,390,685,475,5,cell pooled across sizes,0
"ice cream, sorbet, edible ice (eg., ice-lolli, halo-halo)",ILOILO,BALASAN,putos,mL,small,322.5,2,3,322.5,2,65,60,65,148,65,60,province x item x unit,0
"ice cream, sorbet, edible ice (eg., ice-lolli, halo-halo)",ILOILO,BALASAN,small cup,mL,small,155,2,3,155,2,100,75,100,185,100,75,province x item x unit,0
"liquor (e.g, whisky, coconut wine)",ILOILO,BALASAN,lipid/lapad,mL,small,375,3,3,375,5,375,267,375,618,375,5,cell pooled across sizes,0
"liquor (e.g, whisky, coconut wine)",ILOILO,BALASAN,lipid/lapad,mL,medium,750,2,3,375,5,375,267,375,618,375,5,cell pooled across sizes,0
loaf bread,ILOILO,BALASAN,large packs,g,large,620,2,3,620,2,640,188,640,411,640,188,province x item x unit,0
loaf bread,ILOILO,BALASAN,medium packs,g,medium,450,2,3,545,4,450,160,450,352,545,4,cell pooled across sizes,0
loaf bread,ILOILO,BALASAN,medium packs,g,large,640,2,3,545,4,450,160,450,352,545,4,cell pooled across sizes,0
loaf bread,ILOILO,BALASAN,small packs,g,small,220,2,3,220,2,385,123,370,259,385,123,province x item x unit,0
mango,ILOILO,BALASAN,pieces or units,g,small,185,2,3,215,4,230,289,230,539,215,4,cell pooled across sizes,0
mango,ILOILO,BALASAN,pieces or units,g,medium,240,2,3,215,4,230,289,230,539,215,4,cell pooled across sizes,0
"prawns, lobster, shrimp",ILOILO,BALASAN,tumpok,g,small,185,1,3,285,2,250,55,260,147,250,55,province x item x unit,0
"prawns, lobster, shrimp",ILOILO,BALASAN,tumpok,g,medium,385,1,3,285,2,250,55,260,147,250,55,province x item x unit,0
"preserved or processed meat (tocino, tapa, longaniza, etc)",ILOILO,BALASAN,bilog,g,small,250,3,3,250,5,250,116,229,222,250,5,cell pooled across sizes,0
"preserved or processed meat (tocino, tapa, longaniza, etc)",ILOILO,BALASAN,bilog,g,medium,1000,1,3,250,5,250,116,229,222,250,5,cell pooled across sizes,0
"preserved or processed meat (tocino, tapa, longaniza, etc)",ILOILO,BALASAN,bilog,g,large,1140,1,3,250,5,250,116,229,222,250,5,cell pooled across sizes,0
"preserved or processed meat (tocino, tapa, longaniza, etc)",ILOILO,BALASAN,putos,g,large,615,1,3,615,1,250,182,250,473,250,182,province x item x unit,0
rice,ILOILO,BALASAN,gantang,g,conventional_nsu,2265,3,1,2265,3,2245,19,2247.5,28,2265,3,own cell x size,0
cabbage,ILOILO,BANATE,pieces or units,g,small,392.5,4,3,785,12,660,543,655,1306,392.5,4,own cell x size,0
cabbage,ILOILO,BANATE,pieces or units,g,medium,830,5,3,785,12,660,543,655,1306,830,5,own cell x size,0
cabbage,ILOILO,BANATE,pieces or units,g,large,1130,3,3,785,12,660,543,655,1306,1130,3,own cell x size,0
camote tops,ILOILO,BANATE,bugkos,g,small,130,3,3,130,3,170,218,195,449,130,3,own cell x size,0
carrot,ILOILO,BANATE,pieces or units,g,small,105,4,3,210,12,135,538,140,1169,210,12,cell pooled across sizes,0
carrot,ILOILO,BANATE,pieces or units,g,medium,210,6,3,210,12,135,538,140,1169,210,12,cell pooled across sizes,0
carrot,ILOILO,BANATE,pieces or units,g,large,410,2,3,210,12,135,538,140,1169,210,12,cell pooled across sizes,0
chicken,ILOILO,BANATE,bilog,g,small,782.5,4,3,955,10,1072.5,130,1095,230,782.5,4,own cell x size,0
chicken,ILOILO,BANATE,bilog,g,medium,960,3,3,955,10,1072.5,130,1095,230,960,3,own cell x size,0
chicken,ILOILO,BANATE,bilog,g,large,1270,3,3,955,10,1072.5,130,1095,230,1270,3,own cell x size,0
"crackers, cookies, buiscuits, chips/curls",ILOILO,BANATE,pieces or units,g,small,25,5,3,50,11,32,227,32,505,25,5,own cell x size,0
"crackers, cookies, buiscuits, chips/curls",ILOILO,BANATE,pieces or units,g,medium,60,3,3,50,11,32,227,32,505,60,3,own cell x size,0
"crackers, cookies, buiscuits, chips/curls",ILOILO,BANATE,pieces or units,g,large,450,3,3,50,11,32,227,32,505,450,3,own cell x size,0
"crackers, cookies, buiscuits, chips/curls",ILOILO,BANATE,putos,g,small,210,4,3,320,10,100,230,210,482,210,4,own cell x size,0
"crackers, cookies, buiscuits, chips/curls",ILOILO,BANATE,putos,g,medium,320,3,3,320,10,100,230,210,482,320,3,own cell x size,0
"crackers, cookies, buiscuits, chips/curls",ILOILO,BANATE,putos,g,large,355,3,3,320,10,100,230,210,482,355,3,own cell x size,0
"drinks at restaurant, hotel, cafe, or kiosk",ILOILO,BANATE,pieces,mL,small,190,10,3,190,16,355,65,355,164,190,10,own cell x size,0
"drinks at restaurant, hotel, cafe, or kiosk",ILOILO,BANATE,pieces,mL,medium,355,6,3,190,16,355,65,355,164,355,6,own cell x size,0
fresh fish,ILOILO,BANATE,pack,g,small,675,3,3,795,5,620,25,620,29,795,5,cell pooled across sizes,0
fresh fish,ILOILO,BANATE,pack,g,medium,887.5,2,3,795,5,620,25,620,29,795,5,cell pooled across sizes,0
"ice cream, sorbet, edible ice (eg., ice-lolli, halo-halo)",ILOILO,BANATE,putos,g,small,365,2,3,365,2,60,52,58,82,60,52,province x item x unit,0
"ice cream, sorbet, edible ice (eg., ice-lolli, halo-halo)",ILOILO,BANATE,putos,mL,small,75,1,3,142.5,2,65,60,65,148,65,60,province x item x unit,0
"ice cream, sorbet, edible ice (eg., ice-lolli, halo-halo)",ILOILO,BANATE,putos,mL,medium,210,1,3,142.5,2,65,60,65,148,65,60,province x item x unit,0
"liquor (e.g, whisky, coconut wine)",ILOILO,BANATE,lipid/lapad,mL,medium,375,6,3,375,6,375,267,375,618,375,6,own cell x size,0
loaf bread,ILOILO,BANATE,large packs,g,small,425,4,3,450,7,640,188,640,411,450,7,cell pooled across sizes,0
loaf bread,ILOILO,BANATE,large packs,g,medium,600,1,3,450,7,640,188,640,411,450,7,cell pooled across sizes,0
loaf bread,ILOILO,BANATE,large packs,g,large,640,2,3,450,7,640,188,640,411,450,7,cell pooled across sizes,0
"prawns, lobster, shrimp",ILOILO,BANATE,tumpok,g,small,260,3,3,260,3,250,55,260,147,260,3,own cell x size,0
"preserved or processed meat (tocino, tapa, longaniza, etc)",ILOILO,BANATE,pack,g,small,200,3,3,225,7,250,70,250,85,225,7,cell pooled across sizes,0
"preserved or processed meat (tocino, tapa, longaniza, etc)",ILOILO,BANATE,pack,g,medium,255,2,3,225,7,250,70,250,85,225,7,cell pooled across sizes,0
"preserved or processed meat (tocino, tapa, longaniza, etc)",ILOILO,BANATE,pack,g,large,381.5,2,3,225,7,250,70,250,85,225,7,cell pooled across sizes,0
cabbage,ILOILO,BAROTAC NUEVO,pack,g,medium,175,3,2,175,3,135,26,150,43,175,3,own cell x size,0
cabbage,ILOILO,BAROTAC NUEVO,pieces or units,g,small,440,3,3,720,9,660,543,655,1306,720,9,cell pooled across sizes,0
cabbage,ILOILO,BAROTAC NUEVO,pieces or units,g,medium,742.5,4,3,720,9,660,543,655,1306,720,9,cell pooled across sizes,0
cabbage,ILOILO,BAROTAC NUEVO,pieces or units,g,large,1115,2,3,720,9,660,543,655,1306,720,9,cell pooled across sizes,0
camote,ILOILO,BAROTAC NUEVO,bilog,g,small,140,1,3,235,3,140,296,140,509,235,3,cell pooled across sizes,0
camote,ILOILO,BAROTAC NUEVO,bilog,g,medium,310,2,3,235,3,140,296,140,509,235,3,cell pooled across sizes,0
camote tops,ILOILO,BAROTAC NUEVO,bugkos,g,small,225,3,3,225,3,170,218,195,449,225,3,own cell x size,0
carrot,ILOILO,BAROTAC NUEVO,pieces or units,g,small,90,3,3,155,9,135,538,140,1169,155,9,cell pooled across sizes,0
carrot,ILOILO,BAROTAC NUEVO,pieces or units,g,medium,160,4,3,155,9,135,538,140,1169,155,9,cell pooled across sizes,0
carrot,ILOILO,BAROTAC NUEVO,pieces or units,g,large,302.5,2,3,155,9,135,538,140,1169,155,9,cell pooled across sizes,0
chicken,ILOILO,BAROTAC NUEVO,bilog,g,small,900,3,3,1115,9,1072.5,130,1095,230,1115,9,cell pooled across sizes,0
chicken,ILOILO,BAROTAC NUEVO,bilog,g,medium,1150,4,3,1115,9,1072.5,130,1095,230,1115,9,cell pooled across sizes,0
chicken,ILOILO,BAROTAC NUEVO,bilog,g,large,1467.5,2,3,1115,9,1072.5,130,1095,230,1115,9,cell pooled across sizes,0
chicken,ILOILO,BAROTAC NUEVO,whole (chicken),g,small,680,1,3,917.5,2,1035,180,1120,468,1035,180,province x item x unit,0
chicken,ILOILO,BAROTAC NUEVO,whole (chicken),g,medium,1155,1,3,917.5,2,1035,180,1120,468,1035,180,province x item x unit,0
"crackers, cookies, buiscuits, chips/curls",ILOILO,BAROTAC NUEVO,pieces or units,g,small,37.5,2,3,45,4,32,227,32,505,45,4,cell pooled across sizes,0
"crackers, cookies, buiscuits, chips/curls",ILOILO,BAROTAC NUEVO,pieces or units,g,large,234,2,3,45,4,32,227,32,505,45,4,cell pooled across sizes,0
"crackers, cookies, buiscuits, chips/curls",ILOILO,BAROTAC NUEVO,putos,g,medium,280,2,3,400,3,100,230,210,482,400,3,cell pooled across sizes,0
"crackers, cookies, buiscuits, chips/curls",ILOILO,BAROTAC NUEVO,putos,g,large,420,1,3,400,3,100,230,210,482,400,3,cell pooled across sizes,0
fresh fish,ILOILO,BAROTAC NUEVO,pack,g,small,725,1,3,725,1,620,25,620,29,620,25,province x item x unit,0
fresh fish,ILOILO,BAROTAC NUEVO,pieces or units,g,small,305,2,2,595,6,390,368,390,685,595,6,cell pooled across sizes,0
fresh fish,ILOILO,BAROTAC NUEVO,pieces or units,g,medium,595,2,2,595,6,390,368,390,685,595,6,cell pooled across sizes,0
fresh fish,ILOILO,BAROTAC NUEVO,pieces or units,g,large,892.5,2,2,595,6,390,368,390,685,595,6,cell pooled across sizes,0
"ice cream, sorbet, edible ice (eg., ice-lolli, halo-halo)",ILOILO,BAROTAC NUEVO,pieces or units,mL,small,49,1,3,49,1,100,60,100,166,100,60,province x item x unit,0
"ice cream, sorbet, edible ice (eg., ice-lolli, halo-halo)",ILOILO,BAROTAC NUEVO,putos,mL,small,50,2,3,50,2,65,60,65,148,65,60,province x item x unit,0
"ice cream, sorbet, edible ice (eg., ice-lolli, halo-halo)",ILOILO,BAROTAC NUEVO,small cup,mL,small,100,1,3,100,1,100,75,100,185,100,75,province x item x unit,0
"liquor (e.g, whisky, coconut wine)",ILOILO,BAROTAC NUEVO,lipid/lapad,mL,medium,375,3,3,375,4,375,267,375,618,375,4,cell pooled across sizes,0
"liquor (e.g, whisky, coconut wine)",ILOILO,BAROTAC NUEVO,lipid/lapad,mL,large,750,1,3,375,4,375,267,375,618,375,4,cell pooled across sizes,0
"liquor (e.g, whisky, coconut wine)",ILOILO,BAROTAC NUEVO,long-neck,mL,large,750,3,3,750,3,750,185,750,478,750,3,own cell x size,0
loaf bread,ILOILO,BAROTAC NUEVO,large packs,g,large,640,1,3,640,1,640,188,640,411,640,188,province x item x unit,0
loaf bread,ILOILO,BAROTAC NUEVO,medium packs,g,medium,475,2,3,500,3,450,160,450,352,500,3,cell pooled across sizes,0
loaf bread,ILOILO,BAROTAC NUEVO,medium packs,g,large,640,1,3,500,3,450,160,450,352,500,3,cell pooled across sizes,0
loaf bread,ILOILO,BAROTAC NUEVO,small packs,g,small,290,2,3,290,2,385,123,370,259,385,123,province x item x unit,0
loaf bread,ILOILO,BAROTAC NUEVO,tama-tama nga putos,g,medium,450,1,3,450,1,450,16,450,23,450,16,province x item x unit,0
mango,ILOILO,BAROTAC NUEVO,pieces or units,g,medium,280,3,2,280,3,230,289,230,539,280,3,own cell x size,0
"prawns, lobster, shrimp",ILOILO,BAROTAC NUEVO,tumpok,g,small,240,1,3,240,1,250,55,260,147,250,55,province x item x unit,0
"preserved or processed meat (tocino, tapa, longaniza, etc)",ILOILO,BAROTAC NUEVO,putos,g,small,250,3,3,625,6,250,182,250,473,250,3,own cell x size,0
"preserved or processed meat (tocino, tapa, longaniza, etc)",ILOILO,BAROTAC NUEVO,putos,g,large,1000,3,3,625,6,250,182,250,473,1000,3,own cell x size,0
rice,ILOILO,BAROTAC NUEVO,letse,g,conventional_nsu,425,1,1,425,1,425,2,425,3,425,3,item x unit (national),0
beef,ILOILO,BAROTAC VIEJO,half,g,small,517.5,2,3,517.5,2,517.5,2,517.5,2,,,,1
cabbage,ILOILO,BAROTAC VIEJO,pack,g,small,152.5,2,3,152.5,2,135,26,150,43,135,26,province x item x unit,0
cabbage,ILOILO,BAROTAC VIEJO,pieces or units,g,small,450,3,3,645,9,660,543,655,1306,645,9,cell pooled across sizes,0
cabbage,ILOILO,BAROTAC VIEJO,pieces or units,g,medium,652.5,4,3,645,9,660,543,655,1306,645,9,cell pooled across sizes,0
cabbage,ILOILO,BAROTAC VIEJO,pieces or units,g,large,892.5,2,3,645,9,660,543,655,1306,645,9,cell pooled across sizes,0
camote,ILOILO,BAROTAC VIEJO,bilog,g,small,97.5,2,3,177.5,6,140,296,140,509,177.5,6,cell pooled across sizes,0
camote,ILOILO,BAROTAC VIEJO,bilog,g,medium,200,3,3,177.5,6,140,296,140,509,177.5,6,cell pooled across sizes,0
camote,ILOILO,BAROTAC VIEJO,bilog,g,large,310,1,3,177.5,6,140,296,140,509,177.5,6,cell pooled across sizes,0
camote tops,ILOILO,BAROTAC VIEJO,bugkos,g,small,155,3,3,155,3,170,218,195,449,155,3,own cell x size,0
carrot,ILOILO,BAROTAC VIEJO,pieces or units,g,medium,110,3,2,110,3,135,538,140,1169,110,3,own cell x size,0
chicken,ILOILO,BAROTAC VIEJO,bilog,g,small,950,3,3,1102.5,8,1072.5,130,1095,230,1102.5,8,cell pooled across sizes,0
chicken,ILOILO,BAROTAC VIEJO,bilog,g,medium,1115,3,3,1102.5,8,1072.5,130,1095,230,1102.5,8,cell pooled across sizes,0
chicken,ILOILO,BAROTAC VIEJO,bilog,g,large,1397.5,2,3,1102.5,8,1072.5,130,1095,230,1102.5,8,cell pooled across sizes,0
"crackers, cookies, buiscuits, chips/curls",ILOILO,BAROTAC VIEJO,pieces or units,g,small,28,3,3,30,5,32,227,32,505,30,5,cell pooled across sizes,0
"crackers, cookies, buiscuits, chips/curls",ILOILO,BAROTAC VIEJO,pieces or units,g,large,260,2,3,30,5,32,227,32,505,30,5,cell pooled across sizes,0
fresh fish,ILOILO,BAROTAC VIEJO,pieces or units,g,small,295,2,3,365,5,390,368,390,685,365,5,cell pooled across sizes,0
fresh fish,ILOILO,BAROTAC VIEJO,pieces or units,g,medium,372.5,2,3,365,5,390,368,390,685,365,5,cell pooled across sizes,0
fresh fish,ILOILO,BAROTAC VIEJO,pieces or units,g,large,510,1,3,365,5,390,368,390,685,365,5,cell pooled across sizes,0
fresh fish,ILOILO,BAROTAC VIEJO,tumpok,g,small,640,2,3,882.5,6,750,24,750,25,882.5,6,cell pooled across sizes,0
fresh fish,ILOILO,BAROTAC VIEJO,tumpok,g,medium,1015,3,3,882.5,6,750,24,750,25,882.5,6,cell pooled across sizes,0
fresh fish,ILOILO,BAROTAC VIEJO,tumpok,g,large,1395,1,3,882.5,6,750,24,750,25,882.5,6,cell pooled across sizes,0
"ice cream, sorbet, edible ice (eg., ice-lolli, halo-halo)",ILOILO,BAROTAC VIEJO,pieces or units,g,small,85,1,3,85,1,55,59,60,94,55,59,province x item x unit,0
"ice cream, sorbet, edible ice (eg., ice-lolli, halo-halo)",ILOILO,BAROTAC VIEJO,pieces or units,mL,small,550,2,3,650,4,100,60,100,166,650,4,cell pooled across sizes,0
"ice cream, sorbet, edible ice (eg., ice-lolli, halo-halo)",ILOILO,BAROTAC VIEJO,pieces or units,mL,large,725,2,3,650,4,100,60,100,166,650,4,cell pooled across sizes,0
"ice cream, sorbet, edible ice (eg., ice-lolli, halo-halo)",ILOILO,BAROTAC VIEJO,putos,mL,small,450,1,3,450,1,65,60,65,148,65,60,province x item x unit,0
"ice cream, sorbet, edible ice (eg., ice-lolli, halo-halo)",ILOILO,BAROTAC VIEJO,small cup,mL,small,110,4,3,110,4,100,75,100,185,110,4,own cell x size,0
"liquor (e.g, whisky, coconut wine)",ILOILO,BAROTAC VIEJO,lipid/lapad,mL,medium,375,4,3,375,5,375,267,375,618,375,5,cell pooled across sizes,0
"liquor (e.g, whisky, coconut wine)",ILOILO,BAROTAC VIEJO,lipid/lapad,mL,large,750,1,3,375,5,375,267,375,618,375,5,cell pooled across sizes,0
"liquor (e.g, whisky, coconut wine)",ILOILO,BAROTAC VIEJO,long-neck,mL,large,750,2,3,750,2,750,185,750,478,750,185,province x item x unit,0
loaf bread,ILOILO,BAROTAC VIEJO,large packs,g,large,640,3,3,640,3,640,188,640,411,640,3,own cell x size,0
loaf bread,ILOILO,BAROTAC VIEJO,medium packs,g,medium,450,2,3,450,2,450,160,450,352,450,160,province x item x unit,0
loaf bread,ILOILO,BAROTAC VIEJO,small packs,g,small,220,1,3,220,1,385,123,370,259,385,123,province x item x unit,0
mango,ILOILO,BAROTAC VIEJO,pieces or units,g,small,222.5,4,3,255,10,230,289,230,539,222.5,4,own cell x size,0
mango,ILOILO,BAROTAC VIEJO,pieces or units,g,medium,265,3,3,255,10,230,289,230,539,265,3,own cell x size,0
mango,ILOILO,BAROTAC VIEJO,pieces or units,g,large,365,3,3,255,10,230,289,230,539,365,3,own cell x size,0
"prawns, lobster, shrimp",ILOILO,BAROTAC VIEJO,tumpok,g,medium,197.5,2,2,250,4,250,55,260,147,250,4,cell pooled across sizes,0
"prawns, lobster, shrimp",ILOILO,BAROTAC VIEJO,tumpok,g,large,260,2,2,250,4,250,55,260,147,250,4,cell pooled across sizes,0
"preserved or processed meat (tocino, tapa, longaniza, etc)",ILOILO,BAROTAC VIEJO,bilog,g,small,250,3,3,250,5,250,116,229,222,250,5,cell pooled across sizes,0
"preserved or processed meat (tocino, tapa, longaniza, etc)",ILOILO,BAROTAC VIEJO,bilog,g,large,1070,2,3,250,5,250,116,229,222,250,5,cell pooled across sizes,0
"preserved or processed meat (tocino, tapa, longaniza, etc)",ILOILO,BAROTAC VIEJO,cans,g,small,155,2,3,155,2,200,14,155,95,200,14,province x item x unit,0
cabbage,ILOILO,BATAD,pieces or units,g,small,487.5,6,3,650,17,660,543,655,1306,487.5,6,own cell x size,0
cabbage,ILOILO,BATAD,pieces or units,g,medium,697.5,6,3,650,17,660,543,655,1306,697.5,6,own cell x size,0
cabbage,ILOILO,BATAD,pieces or units,g,large,895,5,3,650,17,660,543,655,1306,895,5,own cell x size,0
camote,ILOILO,BATAD,bilog,g,small,65,3,3,90,9,140,296,140,509,90,9,cell pooled across sizes,0
camote,ILOILO,BATAD,bilog,g,medium,92.5,4,3,90,9,140,296,140,509,90,9,cell pooled across sizes,0
camote,ILOILO,BATAD,bilog,g,large,175,2,3,90,9,140,296,140,509,90,9,cell pooled across sizes,0
camote tops,ILOILO,BATAD,bugkos,g,small,220,3,3,385,7,170,218,195,449,385,7,cell pooled across sizes,0
camote tops,ILOILO,BATAD,bugkos,g,medium,412.5,2,3,385,7,170,218,195,449,385,7,cell pooled across sizes,0
camote tops,ILOILO,BATAD,bugkos,g,large,690,2,3,385,7,170,218,195,449,385,7,cell pooled across sizes,0
carrot,ILOILO,BATAD,pieces or units,g,small,75,7,3,117.5,18,135,538,140,1169,75,7,own cell x size,0
carrot,ILOILO,BATAD,pieces or units,g,medium,132.5,6,3,117.5,18,135,538,140,1169,132.5,6,own cell x size,0
carrot,ILOILO,BATAD,pieces or units,g,large,230,5,3,117.5,18,135,538,140,1169,230,5,own cell x size,0
chicken,ILOILO,BATAD,whole (chicken),g,small,825,3,3,1062.5,8,1035,180,1120,468,1062.5,8,cell pooled across sizes,0
chicken,ILOILO,BATAD,whole (chicken),g,medium,1135,3,3,1062.5,8,1035,180,1120,468,1062.5,8,cell pooled across sizes,0
chicken,ILOILO,BATAD,whole (chicken),g,large,1212.5,2,3,1062.5,8,1035,180,1120,468,1062.5,8,cell pooled across sizes,0
"crackers, cookies, buiscuits, chips/curls",ILOILO,BATAD,pack,g,small,30,5,3,30,7,302.5,32,300,63,30,7,cell pooled across sizes,0
"crackers, cookies, buiscuits, chips/curls",ILOILO,BATAD,pack,g,medium,285,2,3,30,7,302.5,32,300,63,30,7,cell pooled across sizes,0
"crackers, cookies, buiscuits, chips/curls",ILOILO,BATAD,pieces or units,g,small,27.5,8,3,27.5,8,32,227,32,505,27.5,8,own cell x size,0
"drinks at restaurant, hotel, cafe, or kiosk",ILOILO,BATAD,pieces,g,medium,300,1,3,300,1,437.5,12,450,25,437.5,12,province x item x unit,0
fresh fish,ILOILO,BATAD,pieces or units,g,small,300,3,3,490,9,390,368,390,685,490,9,cell pooled across sizes,0
fresh fish,ILOILO,BATAD,pieces or units,g,medium,497.5,4,3,490,9,390,368,390,685,490,9,cell pooled across sizes,0
fresh fish,ILOILO,BATAD,pieces or units,g,large,577.5,2,3,490,9,390,368,390,685,490,9,cell pooled across sizes,0
"ice cream, sorbet, edible ice (eg., ice-lolli, halo-halo)",ILOILO,BATAD,pieces or units,mL,small,575,2,3,575,2,100,60,100,166,100,60,province x item x unit,0
"ice cream, sorbet, edible ice (eg., ice-lolli, halo-halo)",ILOILO,BATAD,small cup,mL,small,110,2,3,110,2,100,75,100,185,100,75,province x item x unit,0
"liquor (e.g, whisky, coconut wine)",ILOILO,BATAD,lipid/lapad,mL,medium,375,6,3,375,6,375,267,375,618,375,6,own cell x size,0
loaf bread,ILOILO,BATAD,large packs,g,large,640,4,3,640,4,640,188,640,411,640,4,own cell x size,0
loaf bread,ILOILO,BATAD,medium packs,g,medium,450,4,3,450,5,450,160,450,352,450,5,cell pooled across sizes,0
loaf bread,ILOILO,BATAD,medium packs,g,large,640,1,3,450,5,450,160,450,352,450,5,cell pooled across sizes,0
loaf bread,ILOILO,BATAD,small packs,g,small,220,1,3,220,1,385,123,370,259,385,123,province x item x unit,0
mango,ILOILO,BATAD,pieces or units,g,small,200,4,3,255,9,230,289,230,539,255,9,cell pooled across sizes,0
mango,ILOILO,BATAD,pieces or units,g,medium,260,3,3,255,9,230,289,230,539,255,9,cell pooled across sizes,0
mango,ILOILO,BATAD,pieces or units,g,large,350,2,3,255,9,230,289,230,539,255,9,cell pooled across sizes,0
"prawns, lobster, shrimp",ILOILO,BATAD,tumpok,g,small,152.5,2,3,260,5,250,55,260,147,260,5,cell pooled across sizes,0
"prawns, lobster, shrimp",ILOILO,BATAD,tumpok,g,medium,275,2,3,260,5,250,55,260,147,260,5,cell pooled across sizes,0
"prawns, lobster, shrimp",ILOILO,BATAD,tumpok,g,large,505,1,3,260,5,250,55,260,147,260,5,cell pooled across sizes,0
"preserved or processed meat (tocino, tapa, longaniza, etc)",ILOILO,BATAD,bilog,g,large,70,2,3,70,2,250,116,229,222,250,116,province x item x unit,0
"preserved or processed meat (tocino, tapa, longaniza, etc)",ILOILO,BATAD,pack,g,medium,250,8,3,250,8,250,70,250,85,250,8,own cell x size,0
rice,ILOILO,BATAD,letse,g,conventional_nsu,425,1,1,425,1,425,2,425,3,425,3,item x unit (national),0
cabbage,ILOILO,BINGAWAN,pieces or units,g,small,385,8,3,680,23,660,543,655,1306,385,8,own cell x size,0
cabbage,ILOILO,BINGAWAN,pieces or units,g,medium,680,8,3,680,23,660,543,655,1306,680,8,own cell x size,0
cabbage,ILOILO,BINGAWAN,pieces or units,g,large,910,7,3,680,23,660,543,655,1306,910,7,own cell x size,0
camote,ILOILO,BINGAWAN,bilog,g,small,60,3,3,77.5,6,140,296,140,509,60,3,own cell x size,0
camote,ILOILO,BINGAWAN,bilog,g,medium,90,3,3,77.5,6,140,296,140,509,90,3,own cell x size,0
camote tops,ILOILO,BINGAWAN,bugkos,g,small,180,5,3,180,5,170,218,195,449,180,5,own cell x size,0
carrot,ILOILO,BINGAWAN,pieces or units,g,small,90,7,3,125,20,135,538,140,1169,90,7,own cell x size,0
carrot,ILOILO,BINGAWAN,pieces or units,g,medium,125,7,3,125,20,135,538,140,1169,125,7,own cell x size,0
carrot,ILOILO,BINGAWAN,pieces or units,g,large,200,6,3,125,20,135,538,140,1169,200,6,own cell x size,0
chicken,ILOILO,BINGAWAN,whole (chicken),g,medium,860,1,3,860,1,1035,180,1120,468,1035,180,province x item x unit,0
"crackers, cookies, buiscuits, chips/curls",ILOILO,BINGAWAN,pieces or units,g,small,24.5,2,3,35,6,32,227,32,505,35,6,cell pooled across sizes,0
"crackers, cookies, buiscuits, chips/curls",ILOILO,BINGAWAN,pieces or units,g,medium,38,3,3,35,6,32,227,32,505,35,6,cell pooled across sizes,0
"crackers, cookies, buiscuits, chips/curls",ILOILO,BINGAWAN,pieces or units,g,large,85,1,3,35,6,32,227,32,505,35,6,cell pooled across sizes,0
"crackers, cookies, buiscuits, chips/curls",ILOILO,BINGAWAN,putos,g,small,35,6,3,81.5,16,100,230,210,482,35,6,own cell x size,0
"crackers, cookies, buiscuits, chips/curls",ILOILO,BINGAWAN,putos,g,medium,87.5,6,3,81.5,16,100,230,210,482,87.5,6,own cell x size,0
"crackers, cookies, buiscuits, chips/curls",ILOILO,BINGAWAN,putos,g,large,184,4,3,81.5,16,100,230,210,482,184,4,own cell x size,0
"drinks at restaurant, hotel, cafe, or kiosk",ILOILO,BINGAWAN,pieces,mL,small,190,3,3,322.5,8,355,65,355,164,322.5,8,cell pooled across sizes,0
"drinks at restaurant, hotel, cafe, or kiosk",ILOILO,BINGAWAN,pieces,mL,medium,355,3,3,322.5,8,355,65,355,164,322.5,8,cell pooled across sizes,0
"drinks at restaurant, hotel, cafe, or kiosk",ILOILO,BINGAWAN,pieces,mL,large,900,2,3,322.5,8,355,65,355,164,322.5,8,cell pooled across sizes,0
fresh fish,ILOILO,BINGAWAN,pieces or units,g,small,347.5,2,3,425,6,390,368,390,685,425,6,cell pooled across sizes,0
fresh fish,ILOILO,BINGAWAN,pieces or units,g,medium,430,3,3,425,6,390,368,390,685,425,6,cell pooled across sizes,0
fresh fish,ILOILO,BINGAWAN,pieces or units,g,large,550,1,3,425,6,390,368,390,685,425,6,cell pooled across sizes,0
"ice cream, sorbet, edible ice (eg., ice-lolli, halo-halo)",ILOILO,BINGAWAN,pieces or units,g,small,90,1,3,90,1,55,59,60,94,55,59,province x item x unit,0
"ice cream, sorbet, edible ice (eg., ice-lolli, halo-halo)",ILOILO,BINGAWAN,putos,mL,small,775,2,3,775,2,65,60,65,148,65,60,province x item x unit,0
"ice cream, sorbet, edible ice (eg., ice-lolli, halo-halo)",ILOILO,BINGAWAN,small cup,mL,small,435,2,3,435,2,100,75,100,185,100,75,province x item x unit,0
"liquor (e.g, whisky, coconut wine)",ILOILO,BINGAWAN,lipid/lapad,mL,medium,375,5,3,375,5,375,267,375,618,375,5,own cell x size,0
"liquor (e.g, whisky, coconut wine)",ILOILO,BINGAWAN,long-neck,mL,medium,750,6,3,750,8,750,185,750,478,750,8,cell pooled across sizes,0
"liquor (e.g, whisky, coconut wine)",ILOILO,BINGAWAN,long-neck,mL,large,1000,2,3,750,8,750,185,750,478,750,8,cell pooled across sizes,0
loaf bread,ILOILO,BINGAWAN,large packs,g,large,700,5,3,700,5,640,188,640,411,700,5,own cell x size,0
loaf bread,ILOILO,BINGAWAN,medium packs,g,medium,475,4,3,475,4,450,160,450,352,475,4,own cell x size,0
loaf bread,ILOILO,BINGAWAN,small packs,g,small,350,3,3,350,3,385,123,370,259,350,3,own cell x size,0
"preserved or processed meat (tocino, tapa, longaniza, etc)",ILOILO,BINGAWAN,bilog,g,small,260,1,3,260,1,250,116,229,222,250,116,province x item x unit,0
"preserved or processed meat (tocino, tapa, longaniza, etc)",ILOILO,BINGAWAN,putos,g,small,200,1,3,200,1,250,182,250,473,250,182,province x item x unit,0
cabbage,ILOILO,CABATUAN,pieces or units,g,small,285,7,3,665,21,660,543,655,1306,285,7,own cell x size,0
cabbage,ILOILO,CABATUAN,pieces or units,g,medium,675,8,3,665,21,660,543,655,1306,675,8,own cell x size,0
cabbage,ILOILO,CABATUAN,pieces or units,g,large,892.5,6,3,665,21,660,543,655,1306,892.5,6,own cell x size,0
cabbage,ILOILO,CABATUAN,putos (mix vegetable),g,small,172.5,8,3,172.5,8,130,20,160,37,172.5,8,own cell x size,0
camote,ILOILO,CABATUAN,bilog,g,small,90,6,3,150,16,140,296,140,509,90,6,own cell x size,0
camote,ILOILO,CABATUAN,bilog,g,medium,155,5,3,150,16,140,296,140,509,155,5,own cell x size,0
camote,ILOILO,CABATUAN,bilog,g,large,270,5,3,150,16,140,296,140,509,270,5,own cell x size,0
camote tops,ILOILO,CABATUAN,bugkos,g,small,167.5,4,3,192.5,8,170,218,195,449,167.5,4,own cell x size,0
camote tops,ILOILO,CABATUAN,bugkos,g,medium,217.5,4,3,192.5,8,170,218,195,449,217.5,4,own cell x size,0
camote tops,ILOILO,CABATUAN,bundle,g,medium,775,2,3,920,4,470,31,500,101,920,4,cell pooled across sizes,0
camote tops,ILOILO,CABATUAN,bundle,g,large,1455,2,3,920,4,470,31,500,101,920,4,cell pooled across sizes,0
carrot,ILOILO,CABATUAN,pieces or units,g,small,100,7,3,170,21,135,538,140,1169,100,7,own cell x size,0
carrot,ILOILO,CABATUAN,pieces or units,g,medium,170,8,3,170,21,135,538,140,1169,170,8,own cell x size,0
carrot,ILOILO,CABATUAN,pieces or units,g,large,240,6,3,170,21,135,538,140,1169,240,6,own cell x size,0
carrot,ILOILO,CABATUAN,putos (mix vegetable),g,small,150,6,3,150,6,135,12,152.5,16,150,6,own cell x size,0
chicken,ILOILO,CABATUAN,whole (chicken),g,small,902.5,2,3,1090,5,1035,180,1120,468,1090,5,cell pooled across sizes,0
chicken,ILOILO,CABATUAN,whole (chicken),g,medium,1110,2,3,1090,5,1035,180,1120,468,1090,5,cell pooled across sizes,0
chicken,ILOILO,CABATUAN,whole (chicken),g,large,1445,1,3,1090,5,1035,180,1120,468,1090,5,cell pooled across sizes,0
"crackers, cookies, buiscuits, chips/curls",ILOILO,CABATUAN,pack,g,small,320,2,3,335,3,302.5,32,300,63,335,3,cell pooled across sizes,0
"crackers, cookies, buiscuits, chips/curls",ILOILO,CABATUAN,pack,g,medium,355,1,3,335,3,302.5,32,300,63,335,3,cell pooled across sizes,0
"crackers, cookies, buiscuits, chips/curls",ILOILO,CABATUAN,pieces or units,g,small,27.5,2,3,35,5,32,227,32,505,35,5,cell pooled across sizes,0
"crackers, cookies, buiscuits, chips/curls",ILOILO,CABATUAN,pieces or units,g,medium,47.5,2,3,35,5,32,227,32,505,35,5,cell pooled across sizes,0
"crackers, cookies, buiscuits, chips/curls",ILOILO,CABATUAN,pieces or units,g,large,100,1,3,35,5,32,227,32,505,35,5,cell pooled across sizes,0
"crackers, cookies, buiscuits, chips/curls",ILOILO,CABATUAN,putos,g,small,265,1,3,265,1,100,230,210,482,100,230,province x item x unit,0
fresh fish,ILOILO,CABATUAN,pieces or units,g,small,350,3,3,530,7,390,368,390,685,530,7,cell pooled across sizes,0
fresh fish,ILOILO,CABATUAN,pieces or units,g,medium,560,2,3,530,7,390,368,390,685,530,7,cell pooled across sizes,0
fresh fish,ILOILO,CABATUAN,pieces or units,g,large,655,2,3,530,7,390,368,390,685,530,7,cell pooled across sizes,0
"ice cream, sorbet, edible ice (eg., ice-lolli, halo-halo)",ILOILO,CABATUAN,pieces or units,g,small,505,2,3,505,2,55,59,60,94,55,59,province x item x unit,0
"ice cream, sorbet, edible ice (eg., ice-lolli, halo-halo)",ILOILO,CABATUAN,putos,g,small,48,1,3,299,2,60,52,58,82,60,52,province x item x unit,0
"ice cream, sorbet, edible ice (eg., ice-lolli, halo-halo)",ILOILO,CABATUAN,putos,g,large,550,1,3,299,2,60,52,58,82,60,52,province x item x unit,0
"ice cream, sorbet, edible ice (eg., ice-lolli, halo-halo)",ILOILO,CABATUAN,small cup,g,small,150,2,3,290,4,100,71,100,120,290,4,cell pooled across sizes,0
"ice cream, sorbet, edible ice (eg., ice-lolli, halo-halo)",ILOILO,CABATUAN,small cup,g,medium,380,1,3,290,4,100,71,100,120,290,4,cell pooled across sizes,0
"ice cream, sorbet, edible ice (eg., ice-lolli, halo-halo)",ILOILO,CABATUAN,small cup,g,large,500,1,3,290,4,100,71,100,120,290,4,cell pooled across sizes,0
"liquor (e.g, whisky, coconut wine)",ILOILO,CABATUAN,lipid/lapad,mL,small,500,3,3,580,6,375,267,375,618,500,3,own cell x size,0
"liquor (e.g, whisky, coconut wine)",ILOILO,CABATUAN,lipid/lapad,mL,medium,670,3,3,580,6,375,267,375,618,670,3,own cell x size,0
"liquor (e.g, whisky, coconut wine)",ILOILO,CABATUAN,long-neck,mL,large,1230,2,3,1230,2,750,185,750,478,750,185,province x item x unit,0
loaf bread,ILOILO,CABATUAN,large packs,g,large,677.5,6,3,677.5,6,640,188,640,411,677.5,6,own cell x size,0
loaf bread,ILOILO,CABATUAN,medium packs,g,medium,477.5,4,3,477.5,4,450,160,450,352,477.5,4,own cell x size,0
loaf bread,ILOILO,CABATUAN,small packs,g,small,382.5,4,3,382.5,4,385,123,370,259,382.5,4,own cell x size,0
mango,ILOILO,CABATUAN,pieces or units,g,small,167.5,6,3,200,13,230,289,230,539,167.5,6,own cell x size,0
mango,ILOILO,CABATUAN,pieces or units,g,medium,210,3,3,200,13,230,289,230,539,210,3,own cell x size,0
mango,ILOILO,CABATUAN,pieces or units,g,large,252.5,4,3,200,13,230,289,230,539,252.5,4,own cell x size,0
pork,ILOILO,CABATUAN,pieces or units,g,medium,272.5,4,2,272.5,4,260,15,260,15,272.5,4,own cell x size,0
"preserved or processed meat (tocino, tapa, longaniza, etc)",ILOILO,CABATUAN,bilog,g,large,65,1,3,65,1,250,116,229,222,250,116,province x item x unit,0
"preserved or processed meat (tocino, tapa, longaniza, etc)",ILOILO,CABATUAN,pack,g,small,270,1,3,505,3,250,70,250,85,505,3,cell pooled across sizes,0
"preserved or processed meat (tocino, tapa, longaniza, etc)",ILOILO,CABATUAN,pack,g,medium,760,2,3,505,3,250,70,250,85,505,3,cell pooled across sizes,0
cabbage,ILOILO,CALINOG,pieces or units,g,small,530,9,3,747.5,26,660,543,655,1306,530,9,own cell x size,0
cabbage,ILOILO,CALINOG,pieces or units,g,medium,755,9,3,747.5,26,660,543,655,1306,755,9,own cell x size,0
cabbage,ILOILO,CALINOG,pieces or units,g,large,1030,8,3,747.5,26,660,543,655,1306,1030,8,own cell x size,0
camote,ILOILO,CALINOG,bilog,g,small,85,3,3,170,9,140,296,140,509,170,9,cell pooled across sizes,0
camote,ILOILO,CALINOG,bilog,g,medium,177.5,4,3,170,9,140,296,140,509,170,9,cell pooled across sizes,0
camote,ILOILO,CALINOG,bilog,g,large,300,2,3,170,9,140,296,140,509,170,9,cell pooled across sizes,0
camote tops,ILOILO,CALINOG,bugkos,g,small,145,4,3,145,4,170,218,195,449,145,4,own cell x size,0
camote tops,ILOILO,CALINOG,bundle,g,small,387.5,2,3,495,3,470,31,500,101,495,3,cell pooled across sizes,0
camote tops,ILOILO,CALINOG,bundle,g,large,1170,1,3,495,3,470,31,500,101,495,3,cell pooled across sizes,0
carrot,ILOILO,CALINOG,pieces or units,g,small,82.5,8,3,110,23,135,538,140,1169,82.5,8,own cell x size,0
carrot,ILOILO,CALINOG,pieces or units,g,medium,110,8,3,110,23,135,538,140,1169,110,8,own cell x size,0
carrot,ILOILO,CALINOG,pieces or units,g,large,160,7,3,110,23,135,538,140,1169,160,7,own cell x size,0
chicken,ILOILO,CALINOG,whole (chicken),g,small,545,2,3,1032.5,6,1035,180,1120,468,1032.5,6,cell pooled across sizes,0
chicken,ILOILO,CALINOG,whole (chicken),g,medium,1040,3,3,1032.5,6,1035,180,1120,468,1032.5,6,cell pooled across sizes,0
chicken,ILOILO,CALINOG,whole (chicken),g,large,1195,1,3,1032.5,6,1035,180,1120,468,1032.5,6,cell pooled across sizes,0
fresh fish,ILOILO,CALINOG,pieces or units,g,small,235,6,3,370,17,390,368,390,685,235,6,own cell x size,0
fresh fish,ILOILO,CALINOG,pieces or units,g,medium,377.5,6,3,370,17,390,368,390,685,377.5,6,own cell x size,0
fresh fish,ILOILO,CALINOG,pieces or units,g,large,635,5,3,370,17,390,368,390,685,635,5,own cell x size,0
"ice cream, sorbet, edible ice (eg., ice-lolli, halo-halo)",ILOILO,CALINOG,pack,g,small,450,1,3,450,1,450,1,65,4,65,4,item x unit (national),0
"ice cream, sorbet, edible ice (eg., ice-lolli, halo-halo)",ILOILO,CALINOG,pack,mL,small,600,3,3,600,3,600,6,600,6,600,3,own cell x size,0
"ice cream, sorbet, edible ice (eg., ice-lolli, halo-halo)",ILOILO,CALINOG,putos,g,medium,120,1,3,120,1,60,52,58,82,60,52,province x item x unit,0
"ice cream, sorbet, edible ice (eg., ice-lolli, halo-halo)",ILOILO,CALINOG,small cup,mL,small,100,3,3,100,3,100,75,100,185,100,3,own cell x size,0
"liquor (e.g, whisky, coconut wine)",ILOILO,CALINOG,lipid/lapad,mL,medium,375,9,3,375,9,375,267,375,618,375,9,own cell x size,0
"liquor (e.g, whisky, coconut wine)",ILOILO,CALINOG,long-neck,mL,medium,750,8,3,750,10,750,185,750,478,750,10,cell pooled across sizes,0
"liquor (e.g, whisky, coconut wine)",ILOILO,CALINOG,long-neck,mL,large,1000,2,3,750,10,750,185,750,478,750,10,cell pooled across sizes,0
loaf bread,ILOILO,CALINOG,large packs,g,large,640,6,3,640,6,640,188,640,411,640,6,own cell x size,0
loaf bread,ILOILO,CALINOG,medium packs,g,medium,450,5,3,450,7,450,160,450,352,450,7,cell pooled across sizes,0
loaf bread,ILOILO,CALINOG,medium packs,g,large,560,2,3,450,7,450,160,450,352,450,7,cell pooled across sizes,0
mango,ILOILO,CALINOG,pieces or units,g,small,200,6,3,250,15,230,289,230,539,200,6,own cell x size,0
mango,ILOILO,CALINOG,pieces or units,g,medium,255,5,3,250,15,230,289,230,539,255,5,own cell x size,0
mango,ILOILO,CALINOG,pieces or units,g,large,332.5,4,3,250,15,230,289,230,539,332.5,4,own cell x size,0
"preserved or processed meat (tocino, tapa, longaniza, etc)",ILOILO,CALINOG,bilog,g,small,250,4,3,250,4,250,116,229,222,250,4,own cell x size,0
"preserved or processed meat (tocino, tapa, longaniza, etc)",ILOILO,CALINOG,pack,g,small,100,5,3,220,11,250,70,250,85,220,11,cell pooled across sizes,0
"preserved or processed meat (tocino, tapa, longaniza, etc)",ILOILO,CALINOG,pack,g,medium,239,4,3,220,11,250,70,250,85,220,11,cell pooled across sizes,0
"preserved or processed meat (tocino, tapa, longaniza, etc)",ILOILO,CALINOG,pack,g,large,439,2,3,220,11,250,70,250,85,220,11,cell pooled across sizes,0
cabbage,ILOILO,CARLES,pieces or units,g,small,340,3,3,735,9,660,543,655,1306,735,9,cell pooled across sizes,0
cabbage,ILOILO,CARLES,pieces or units,g,medium,735,4,3,735,9,660,543,655,1306,735,9,cell pooled across sizes,0
cabbage,ILOILO,CARLES,pieces or units,g,large,922.5,2,3,735,9,660,543,655,1306,735,9,cell pooled across sizes,0
camote,ILOILO,CARLES,bilog,g,small,90,3,3,190,9,140,296,140,509,190,9,cell pooled across sizes,0
camote,ILOILO,CARLES,bilog,g,medium,190,4,3,190,9,140,296,140,509,190,9,cell pooled across sizes,0
camote,ILOILO,CARLES,bilog,g,large,257.5,2,3,190,9,140,296,140,509,190,9,cell pooled across sizes,0
camote tops,ILOILO,CARLES,bugkos,g,small,170,3,3,170,3,170,218,195,449,170,3,own cell x size,0
camote tops,ILOILO,CARLES,bundle,g,small,142.5,2,3,160,3,470,31,500,101,160,3,cell pooled across sizes,0
camote tops,ILOILO,CARLES,bundle,g,large,665,1,3,160,3,470,31,500,101,160,3,cell pooled across sizes,0
carrot,ILOILO,CARLES,pieces or units,g,small,85,3,3,135,9,135,538,140,1169,135,9,cell pooled across sizes,0
carrot,ILOILO,CARLES,pieces or units,g,medium,150,4,3,135,9,135,538,140,1169,135,9,cell pooled across sizes,0
carrot,ILOILO,CARLES,pieces or units,g,large,227.5,2,3,135,9,135,538,140,1169,135,9,cell pooled across sizes,0
chicken,ILOILO,CARLES,whole (chicken),g,small,1050,5,3,1187.5,10,1035,180,1120,468,1187.5,10,cell pooled across sizes,0
chicken,ILOILO,CARLES,whole (chicken),g,medium,1317.5,2,3,1187.5,10,1035,180,1120,468,1187.5,10,cell pooled across sizes,0
chicken,ILOILO,CARLES,whole (chicken),g,large,1540,3,3,1187.5,10,1035,180,1120,468,1187.5,10,cell pooled across sizes,0
"crackers, cookies, buiscuits, chips/curls",ILOILO,CARLES,pack,g,small,280,3,3,280,3,302.5,32,300,63,280,3,own cell x size,0
"crackers, cookies, buiscuits, chips/curls",ILOILO,CARLES,pieces or units,g,small,31,4,3,42.5,10,32,227,32,505,42.5,10,cell pooled across sizes,0
"crackers, cookies, buiscuits, chips/curls",ILOILO,CARLES,pieces or units,g,medium,52.5,4,3,42.5,10,32,227,32,505,42.5,10,cell pooled across sizes,0
"crackers, cookies, buiscuits, chips/curls",ILOILO,CARLES,pieces or units,g,large,90,2,3,42.5,10,32,227,32,505,42.5,10,cell pooled across sizes,0
"crackers, cookies, buiscuits, chips/curls",ILOILO,CARLES,putos,g,small,230,4,3,295,10,100,230,210,482,230,4,own cell x size,0
"crackers, cookies, buiscuits, chips/curls",ILOILO,CARLES,putos,g,medium,310,3,3,295,10,100,230,210,482,310,3,own cell x size,0
"crackers, cookies, buiscuits, chips/curls",ILOILO,CARLES,putos,g,large,420,3,3,295,10,100,230,210,482,420,3,own cell x size,0
fresh fish,ILOILO,CARLES,pack,g,small,775,3,3,775,3,620,25,620,29,775,3,own cell x size,0
fresh fish,ILOILO,CARLES,pieces or units,g,small,180,3,3,435,9,390,368,390,685,435,9,cell pooled across sizes,0
fresh fish,ILOILO,CARLES,pieces or units,g,medium,472.5,4,3,435,9,390,368,390,685,435,9,cell pooled across sizes,0
fresh fish,ILOILO,CARLES,pieces or units,g,large,842.5,2,3,435,9,390,368,390,685,435,9,cell pooled across sizes,0
"ice cream, sorbet, edible ice (eg., ice-lolli, halo-halo)",ILOILO,CARLES,pieces or units,g,small,65,2,3,65,2,55,59,60,94,55,59,province x item x unit,0
"ice cream, sorbet, edible ice (eg., ice-lolli, halo-halo)",ILOILO,CARLES,pieces or units,mL,small,480,1,3,480,1,100,60,100,166,100,60,province x item x unit,0
"ice cream, sorbet, edible ice (eg., ice-lolli, halo-halo)",ILOILO,CARLES,small cup,g,small,50,3,3,67.5,8,100,71,100,120,67.5,8,cell pooled across sizes,0
"ice cream, sorbet, edible ice (eg., ice-lolli, halo-halo)",ILOILO,CARLES,small cup,g,medium,75,3,3,67.5,8,100,71,100,120,67.5,8,cell pooled across sizes,0
"ice cream, sorbet, edible ice (eg., ice-lolli, halo-halo)",ILOILO,CARLES,small cup,g,large,182.5,2,3,67.5,8,100,71,100,120,67.5,8,cell pooled across sizes,0
"liquor (e.g, whisky, coconut wine)",ILOILO,CARLES,lipid/lapad,mL,medium,375,4,3,375,4,375,267,375,618,375,4,own cell x size,0
"liquor (e.g, whisky, coconut wine)",ILOILO,CARLES,long-neck,mL,large,750,4,3,750,4,750,185,750,478,750,4,own cell x size,0
loaf bread,ILOILO,CARLES,large packs,g,small,425,2,3,600,5,640,188,640,411,600,5,cell pooled across sizes,0
loaf bread,ILOILO,CARLES,large packs,g,medium,615,2,3,600,5,640,188,640,411,600,5,cell pooled across sizes,0
loaf bread,ILOILO,CARLES,large packs,g,large,640,1,3,600,5,640,188,640,411,600,5,cell pooled across sizes,0
loaf bread,ILOILO,CARLES,medium packs,g,medium,487.5,2,2,487.5,2,450,160,450,352,450,160,province x item x unit,0
loaf bread,ILOILO,CARLES,small packs,g,medium,415,1,3,415,1,385,123,370,259,385,123,province x item x unit,0
"prawns, lobster, shrimp",ILOILO,CARLES,tumpok,g,small,225,1,3,225,1,250,55,260,147,250,55,province x item x unit,0
"preserved or processed meat (tocino, tapa, longaniza, etc)",ILOILO,CARLES,bilog,g,small,165,2,3,267.5,6,250,116,229,222,267.5,6,cell pooled across sizes,0
"preserved or processed meat (tocino, tapa, longaniza, etc)",ILOILO,CARLES,bilog,g,medium,270,3,3,267.5,6,250,116,229,222,267.5,6,cell pooled across sizes,0
"preserved or processed meat (tocino, tapa, longaniza, etc)",ILOILO,CARLES,bilog,g,large,370,1,3,267.5,6,250,116,229,222,267.5,6,cell pooled across sizes,0
cabbage,ILOILO,CONCEPCION,pieces or units,g,small,510,5,3,695,13,660,543,655,1306,510,5,own cell x size,0
cabbage,ILOILO,CONCEPCION,pieces or units,g,medium,700,4,3,695,13,660,543,655,1306,700,4,own cell x size,0
cabbage,ILOILO,CONCEPCION,pieces or units,g,large,975,4,3,695,13,660,543,655,1306,975,4,own cell x size,0
camote,ILOILO,CONCEPCION,bilog,g,small,66,4,3,117.5,12,140,296,140,509,66,4,own cell x size,0
camote,ILOILO,CONCEPCION,bilog,g,medium,120,5,3,117.5,12,140,296,140,509,120,5,own cell x size,0
camote,ILOILO,CONCEPCION,bilog,g,large,230,3,3,117.5,12,140,296,140,509,230,3,own cell x size,0
camote tops,ILOILO,CONCEPCION,bugkos,g,small,160,2,3,250,6,170,218,195,449,250,6,cell pooled across sizes,0
camote tops,ILOILO,CONCEPCION,bugkos,g,medium,330,3,3,250,6,170,218,195,449,250,6,cell pooled across sizes,0
camote tops,ILOILO,CONCEPCION,bugkos,g,large,535,1,3,250,6,170,218,195,449,250,6,cell pooled across sizes,0
carrot,ILOILO,CONCEPCION,pieces or units,g,small,117.5,4,3,152.5,12,135,538,140,1169,117.5,4,own cell x size,0
carrot,ILOILO,CONCEPCION,pieces or units,g,medium,165,5,3,152.5,12,135,538,140,1169,165,5,own cell x size,0
carrot,ILOILO,CONCEPCION,pieces or units,g,large,255,3,3,152.5,12,135,538,140,1169,255,3,own cell x size,0
chicken,ILOILO,CONCEPCION,bilog,g,small,895,5,3,1090,13,1072.5,130,1095,230,895,5,own cell x size,0
chicken,ILOILO,CONCEPCION,bilog,g,medium,1195,4,3,1090,13,1072.5,130,1095,230,1195,4,own cell x size,0
chicken,ILOILO,CONCEPCION,bilog,g,large,1650,4,3,1090,13,1072.5,130,1095,230,1650,4,own cell x size,0
"crackers, cookies, buiscuits, chips/curls",ILOILO,CONCEPCION,pieces or units,g,small,48,1,3,48,1,32,227,32,505,32,227,province x item x unit,0
"crackers, cookies, buiscuits, chips/curls",ILOILO,CONCEPCION,putos,g,small,90,3,3,280,9,100,230,210,482,280,9,cell pooled across sizes,0
"crackers, cookies, buiscuits, chips/curls",ILOILO,CONCEPCION,putos,g,medium,285,4,3,280,9,100,230,210,482,280,9,cell pooled across sizes,0
"crackers, cookies, buiscuits, chips/curls",ILOILO,CONCEPCION,putos,g,large,300,2,3,280,9,100,230,210,482,280,9,cell pooled across sizes,0
fresh fish,ILOILO,CONCEPCION,pieces or units,g,small,330,4,3,367.5,10,390,368,390,685,330,4,own cell x size,0
fresh fish,ILOILO,CONCEPCION,pieces or units,g,medium,375,3,3,367.5,10,390,368,390,685,375,3,own cell x size,0
fresh fish,ILOILO,CONCEPCION,pieces or units,g,large,530,3,3,367.5,10,390,368,390,685,530,3,own cell x size,0
fresh fish,ILOILO,CONCEPCION,tumpok,g,small,465,4,3,775,12,750,24,750,25,465,4,own cell x size,0
fresh fish,ILOILO,CONCEPCION,tumpok,g,medium,800,5,3,775,12,750,24,750,25,800,5,own cell x size,0
fresh fish,ILOILO,CONCEPCION,tumpok,g,large,1030,3,3,775,12,750,24,750,25,1030,3,own cell x size,0
"ice cream, sorbet, edible ice (eg., ice-lolli, halo-halo)",ILOILO,CONCEPCION,pieces or units,mL,small,85,2,3,85,2,100,60,100,166,100,60,province x item x unit,0
"ice cream, sorbet, edible ice (eg., ice-lolli, halo-halo)",ILOILO,CONCEPCION,putos,g,small,40,1,3,55,3,60,52,58,82,55,3,cell pooled across sizes,0
"ice cream, sorbet, edible ice (eg., ice-lolli, halo-halo)",ILOILO,CONCEPCION,putos,g,medium,57.5,2,3,55,3,60,52,58,82,55,3,cell pooled across sizes,0
"ice cream, sorbet, edible ice (eg., ice-lolli, halo-halo)",ILOILO,CONCEPCION,putos,mL,small,45,5,3,45,7,65,60,65,148,45,7,cell pooled across sizes,0
"ice cream, sorbet, edible ice (eg., ice-lolli, halo-halo)",ILOILO,CONCEPCION,putos,mL,large,62.5,2,3,45,7,65,60,65,148,45,7,cell pooled across sizes,0
"ice cream, sorbet, edible ice (eg., ice-lolli, halo-halo)",ILOILO,CONCEPCION,small cup,mL,small,100,2,3,100,2,100,75,100,185,100,75,province x item x unit,0
"liquor (e.g, whisky, coconut wine)",ILOILO,CONCEPCION,lipid/lapad,mL,small,375,7,3,750,15,375,267,375,618,750,15,cell pooled across sizes,0
"liquor (e.g, whisky, coconut wine)",ILOILO,CONCEPCION,lipid/lapad,mL,medium,750,7,3,750,15,375,267,375,618,750,15,cell pooled across sizes,0
"liquor (e.g, whisky, coconut wine)",ILOILO,CONCEPCION,lipid/lapad,mL,large,1000,1,3,750,15,375,267,375,618,750,15,cell pooled across sizes,0
loaf bread,ILOILO,CONCEPCION,large packs,g,medium,560,4,3,665,7,640,188,640,411,560,4,own cell x size,0
loaf bread,ILOILO,CONCEPCION,large packs,g,large,675,3,3,665,7,640,188,640,411,675,3,own cell x size,0
loaf bread,ILOILO,CONCEPCION,medium packs,g,medium,480,2,3,480,3,450,160,450,352,480,3,cell pooled across sizes,0
loaf bread,ILOILO,CONCEPCION,medium packs,g,large,670,1,3,480,3,450,160,450,352,480,3,cell pooled across sizes,0
loaf bread,ILOILO,CONCEPCION,small packs,g,small,220,1,3,220,1,385,123,370,259,385,123,province x item x unit,0
loaf bread,ILOILO,CONCEPCION,tama-tama nga putos,g,medium,450,1,3,450,1,450,16,450,23,450,16,province x item x unit,0
"prawns, lobster, shrimp",ILOILO,CONCEPCION,tumpok,g,small,255,1,3,380,3,250,55,260,147,380,3,cell pooled across sizes,0
"prawns, lobster, shrimp",ILOILO,CONCEPCION,tumpok,g,medium,442.5,2,3,380,3,250,55,260,147,380,3,cell pooled across sizes,0
"preserved or processed meat (tocino, tapa, longaniza, etc)",ILOILO,CONCEPCION,bilog,g,small,155,4,3,282.5,10,250,116,229,222,155,4,own cell x size,0
"preserved or processed meat (tocino, tapa, longaniza, etc)",ILOILO,CONCEPCION,bilog,g,medium,290,3,3,282.5,10,250,116,229,222,290,3,own cell x size,0
"preserved or processed meat (tocino, tapa, longaniza, etc)",ILOILO,CONCEPCION,bilog,g,large,605,3,3,282.5,10,250,116,229,222,605,3,own cell x size,0
cabbage,ILOILO,DINGLE,pack,g,medium,150,3,3,150,3,135,26,150,43,150,3,own cell x size,0
cabbage,ILOILO,DINGLE,pieces or units,g,small,570,3,3,657.5,8,660,543,655,1306,657.5,8,cell pooled across sizes,0
cabbage,ILOILO,DINGLE,pieces or units,g,medium,665,3,3,657.5,8,660,543,655,1306,657.5,8,cell pooled across sizes,0
cabbage,ILOILO,DINGLE,pieces or units,g,large,1060,2,3,657.5,8,660,543,655,1306,657.5,8,cell pooled across sizes,0
camote,ILOILO,DINGLE,bilog,g,small,72.5,2,3,82.5,4,140,296,140,509,82.5,4,cell pooled across sizes,0
camote,ILOILO,DINGLE,bilog,g,medium,112.5,2,3,82.5,4,140,296,140,509,82.5,4,cell pooled across sizes,0
camote tops,ILOILO,DINGLE,bugkos,g,small,175,3,3,175,3,170,218,195,449,175,3,own cell x size,0
carrot,ILOILO,DINGLE,pieces or units,g,small,100,3,3,175,7,135,538,140,1169,175,7,cell pooled across sizes,0
carrot,ILOILO,DINGLE,pieces or units,g,medium,180,2,3,175,7,135,538,140,1169,175,7,cell pooled across sizes,0
carrot,ILOILO,DINGLE,pieces or units,g,large,222.5,2,3,175,7,135,538,140,1169,175,7,cell pooled across sizes,0
chicken,ILOILO,DINGLE,bilog,g,medium,1047.5,2,3,1102.5,4,1072.5,130,1095,230,1102.5,4,cell pooled across sizes,0
chicken,ILOILO,DINGLE,bilog,g,large,1187.5,2,3,1102.5,4,1072.5,130,1095,230,1102.5,4,cell pooled across sizes,0
"crackers, cookies, buiscuits, chips/curls",ILOILO,DINGLE,pieces or units,g,small,27,3,3,28,5,32,227,32,505,28,5,cell pooled across sizes,0
"crackers, cookies, buiscuits, chips/curls",ILOILO,DINGLE,pieces or units,g,medium,61.5,2,3,28,5,32,227,32,505,28,5,cell pooled across sizes,0
"crackers, cookies, buiscuits, chips/curls",ILOILO,DINGLE,putos,g,small,24,3,3,65,7,100,230,210,482,65,7,cell pooled across sizes,0
"crackers, cookies, buiscuits, chips/curls",ILOILO,DINGLE,putos,g,medium,77.5,2,3,65,7,100,230,210,482,65,7,cell pooled across sizes,0
"crackers, cookies, buiscuits, chips/curls",ILOILO,DINGLE,putos,g,large,104,2,3,65,7,100,230,210,482,65,7,cell pooled across sizes,0
fresh fish,ILOILO,DINGLE,pieces or units,g,small,115,3,3,245,9,390,368,390,685,245,9,cell pooled across sizes,0
fresh fish,ILOILO,DINGLE,pieces or units,g,medium,285,4,3,245,9,390,368,390,685,245,9,cell pooled across sizes,0
fresh fish,ILOILO,DINGLE,pieces or units,g,large,627.5,2,3,245,9,390,368,390,685,245,9,cell pooled across sizes,0
"ice cream, sorbet, edible ice (eg., ice-lolli, halo-halo)",ILOILO,DINGLE,cone,mL,medium,110,5,3,110,5,110,20,110,25,110,5,own cell x size,0
"ice cream, sorbet, edible ice (eg., ice-lolli, halo-halo)",ILOILO,DINGLE,putos,g,small,50,1,3,50,1,60,52,58,82,60,52,province x item x unit,0
"ice cream, sorbet, edible ice (eg., ice-lolli, halo-halo)",ILOILO,DINGLE,putos,mL,small,55,2,3,65,3,65,60,65,148,65,3,cell pooled across sizes,0
"ice cream, sorbet, edible ice (eg., ice-lolli, halo-halo)",ILOILO,DINGLE,putos,mL,medium,85,1,3,65,3,65,60,65,148,65,3,cell pooled across sizes,0
"ice cream, sorbet, edible ice (eg., ice-lolli, halo-halo)",ILOILO,DINGLE,small cup,mL,small,100,1,3,140,2,100,75,100,185,100,75,province x item x unit,0
"ice cream, sorbet, edible ice (eg., ice-lolli, halo-halo)",ILOILO,DINGLE,small cup,mL,large,180,1,3,140,2,100,75,100,185,100,75,province x item x unit,0
"liquor (e.g, whisky, coconut wine)",ILOILO,DINGLE,lipid/lapad,mL,medium,375,5,3,375,5,375,267,375,618,375,5,own cell x size,0
"liquor (e.g, whisky, coconut wine)",ILOILO,DINGLE,long-neck,mL,medium,750,5,3,750,6,750,185,750,478,750,6,cell pooled across sizes,0
"liquor (e.g, whisky, coconut wine)",ILOILO,DINGLE,long-neck,mL,large,1000,1,3,750,6,750,185,750,478,750,6,cell pooled across sizes,0
loaf bread,ILOILO,DINGLE,large packs,g,large,640,4,3,640,4,640,188,640,411,640,4,own cell x size,0
loaf bread,ILOILO,DINGLE,medium packs,g,medium,497.5,4,3,497.5,4,450,160,450,352,497.5,4,own cell x size,0
loaf bread,ILOILO,DINGLE,small packs,g,small,400,3,3,400,3,385,123,370,259,400,3,own cell x size,0
"preserved or processed meat (tocino, tapa, longaniza, etc)",ILOILO,DINGLE,bilog,g,small,250,4,3,250,4,250,116,229,222,250,4,own cell x size,0
"preserved or processed meat (tocino, tapa, longaniza, etc)",ILOILO,DINGLE,pack,g,small,250,3,3,250,4,250,70,250,85,250,4,cell pooled across sizes,0
"preserved or processed meat (tocino, tapa, longaniza, etc)",ILOILO,DINGLE,pack,g,medium,500,1,3,250,4,250,70,250,85,250,4,cell pooled across sizes,0
cabbage,ILOILO,DUEAS,pieces or units,g,small,540,7,3,695,21,660,543,655,1306,540,7,own cell x size,0
cabbage,ILOILO,DUEAS,pieces or units,g,medium,717.5,8,3,695,21,660,543,655,1306,717.5,8,own cell x size,0
cabbage,ILOILO,DUEAS,pieces or units,g,large,902.5,6,3,695,21,660,543,655,1306,902.5,6,own cell x size,0
camote,ILOILO,DUEAS,bilog,g,small,100,4,3,147.5,12,140,296,140,509,100,4,own cell x size,0
camote,ILOILO,DUEAS,bilog,g,medium,150,5,3,147.5,12,140,296,140,509,150,5,own cell x size,0
camote,ILOILO,DUEAS,bilog,g,large,325,3,3,147.5,12,140,296,140,509,325,3,own cell x size,0
camote tops,ILOILO,DUEAS,bugkos,g,small,155,5,3,155,5,170,218,195,449,155,5,own cell x size,0
carrot,ILOILO,DUEAS,pieces or units,g,small,100,8,3,122.5,22,135,538,140,1169,100,8,own cell x size,0
carrot,ILOILO,DUEAS,pieces or units,g,medium,127.5,8,3,122.5,22,135,538,140,1169,127.5,8,own cell x size,0
carrot,ILOILO,DUEAS,pieces or units,g,large,167.5,6,3,122.5,22,135,538,140,1169,167.5,6,own cell x size,0
chicken,ILOILO,DUEAS,whole (chicken),g,medium,955,3,3,1130,5,1035,180,1120,468,1130,5,cell pooled across sizes,0
chicken,ILOILO,DUEAS,whole (chicken),g,large,1310,2,3,1130,5,1035,180,1120,468,1130,5,cell pooled across sizes,0
"crackers, cookies, buiscuits, chips/curls",ILOILO,DUEAS,balde,g,small,1300,2,3,1500,3,1500,3,1500,5,1500,3,cell pooled across sizes,0
"crackers, cookies, buiscuits, chips/curls",ILOILO,DUEAS,balde,g,medium,2400,1,3,1500,3,1500,3,1500,5,1500,3,cell pooled across sizes,0
"crackers, cookies, buiscuits, chips/curls",ILOILO,DUEAS,putos,g,small,23,8,3,42.5,20,100,230,210,482,23,8,own cell x size,0
"crackers, cookies, buiscuits, chips/curls",ILOILO,DUEAS,putos,g,medium,50,6,3,42.5,20,100,230,210,482,50,6,own cell x size,0
"crackers, cookies, buiscuits, chips/curls",ILOILO,DUEAS,putos,g,large,87.5,6,3,42.5,20,100,230,210,482,87.5,6,own cell x size,0
fresh fish,ILOILO,DUEAS,pieces or units,g,small,100,3,3,565,9,390,368,390,685,565,9,cell pooled across sizes,0
fresh fish,ILOILO,DUEAS,pieces or units,g,medium,577.5,4,3,565,9,390,368,390,685,565,9,cell pooled across sizes,0
fresh fish,ILOILO,DUEAS,pieces or units,g,large,702.5,2,3,565,9,390,368,390,685,565,9,cell pooled across sizes,0
"ice cream, sorbet, edible ice (eg., ice-lolli, halo-halo)",ILOILO,DUEAS,pieces or units,mL,small,110,3,3,110,3,100,60,100,166,110,3,own cell x size,0
"ice cream, sorbet, edible ice (eg., ice-lolli, halo-halo)",ILOILO,DUEAS,putos,g,small,350,1,3,350,1,60,52,58,82,60,52,province x item x unit,0
"ice cream, sorbet, edible ice (eg., ice-lolli, halo-halo)",ILOILO,DUEAS,putos,mL,small,550,4,3,550,4,65,60,65,148,550,4,own cell x size,0
"ice cream, sorbet, edible ice (eg., ice-lolli, halo-halo)",ILOILO,DUEAS,small cup,mL,small,110,4,3,120,5,100,75,100,185,120,5,cell pooled across sizes,0
"ice cream, sorbet, edible ice (eg., ice-lolli, halo-halo)",ILOILO,DUEAS,small cup,mL,medium,350,1,3,120,5,100,75,100,185,120,5,cell pooled across sizes,0
"liquor (e.g, whisky, coconut wine)",ILOILO,DUEAS,lipid/lapad,mL,medium,375,8,3,375,8,375,267,375,618,375,8,own cell x size,0
"liquor (e.g, whisky, coconut wine)",ILOILO,DUEAS,long-neck,mL,medium,750,8,3,750,10,750,185,750,478,750,10,cell pooled across sizes,0
"liquor (e.g, whisky, coconut wine)",ILOILO,DUEAS,long-neck,mL,large,1000,2,3,750,10,750,185,750,478,750,10,cell pooled across sizes,0
loaf bread,ILOILO,DUEAS,large packs,g,large,667.5,8,3,667.5,8,640,188,640,411,667.5,8,own cell x size,0
loaf bread,ILOILO,DUEAS,medium packs,g,medium,500,6,3,500,6,450,160,450,352,500,6,own cell x size,0
loaf bread,ILOILO,DUEAS,small packs,g,small,360,8,3,360,8,385,123,370,259,360,8,own cell x size,0
loaf bread,ILOILO,DUEAS,tama-tama nga putos,g,medium,345,3,3,345,3,450,16,450,23,345,3,own cell x size,0
mango,ILOILO,DUEAS,pieces or units,g,small,207.5,4,3,270,12,230,289,230,539,207.5,4,own cell x size,0
mango,ILOILO,DUEAS,pieces or units,g,medium,275,5,3,270,12,230,289,230,539,275,5,own cell x size,0
mango,ILOILO,DUEAS,pieces or units,g,large,340,3,3,270,12,230,289,230,539,340,3,own cell x size,0
"prawns, lobster, shrimp",ILOILO,DUEAS,tumpok,g,medium,230,1,3,230,1,250,55,260,147,250,55,province x item x unit,0
"preserved or processed meat (tocino, tapa, longaniza, etc)",ILOILO,DUEAS,bilog,g,small,250,5,3,250,5,250,116,229,222,250,5,own cell x size,0
"preserved or processed meat (tocino, tapa, longaniza, etc)",ILOILO,DUEAS,putos,g,small,250,5,3,250,5,250,182,250,473,250,5,own cell x size,0
rice,ILOILO,DUEAS,gantang,g,conventional_nsu,2250,7,1,2250,7,2245,19,2247.5,28,2250,7,own cell x size,0
cabbage,ILOILO,DUMANGAS,pieces or units,g,small,537.5,2,3,705,6,660,543,655,1306,705,6,cell pooled across sizes,0
cabbage,ILOILO,DUMANGAS,pieces or units,g,medium,760,3,3,705,6,660,543,655,1306,705,6,cell pooled across sizes,0
cabbage,ILOILO,DUMANGAS,pieces or units,g,large,870,1,3,705,6,660,543,655,1306,705,6,cell pooled across sizes,0
camote tops,ILOILO,DUMANGAS,bugkos,g,small,140,2,3,140,2,170,218,195,449,170,218,province x item x unit,0
carrot,ILOILO,DUMANGAS,pieces or units,g,small,102.5,2,3,145,6,135,538,140,1169,145,6,cell pooled across sizes,0
carrot,ILOILO,DUMANGAS,pieces or units,g,medium,150,3,3,145,6,135,538,140,1169,145,6,cell pooled across sizes,0
carrot,ILOILO,DUMANGAS,pieces or units,g,large,240,1,3,145,6,135,538,140,1169,145,6,cell pooled across sizes,0
"ice cream, sorbet, edible ice (eg., ice-lolli, halo-halo)",ILOILO,DUMANGAS,cone,mL,small,105,2,3,105,2,110,20,110,25,110,20,province x item x unit,0
"ice cream, sorbet, edible ice (eg., ice-lolli, halo-halo)",ILOILO,DUMANGAS,pieces or units,mL,small,54,4,3,54,4,100,60,100,166,54,4,own cell x size,0
"ice cream, sorbet, edible ice (eg., ice-lolli, halo-halo)",ILOILO,DUMANGAS,small cup,mL,small,140,2,3,140,2,100,75,100,185,100,75,province x item x unit,0
"liquor (e.g, whisky, coconut wine)",ILOILO,DUMANGAS,lipid/lapad,mL,medium,375,2,3,375,2,375,267,375,618,375,267,province x item x unit,0
"liquor (e.g, whisky, coconut wine)",ILOILO,DUMANGAS,long-neck,mL,large,750,2,3,750,2,750,185,750,478,750,185,province x item x unit,0
loaf bread,ILOILO,DUMANGAS,large packs,g,large,640,2,3,640,2,640,188,640,411,640,188,province x item x unit,0
loaf bread,ILOILO,DUMANGAS,medium packs,g,medium,400,1,3,400,1,450,160,450,352,450,160,province x item x unit,0
loaf bread,ILOILO,DUMANGAS,small packs,g,small,220,2,3,220,2,385,123,370,259,385,123,province x item x unit,0
mango,ILOILO,DUMANGAS,pieces or units,g,small,192.5,2,3,210,6,230,289,230,539,210,6,cell pooled across sizes,0
mango,ILOILO,DUMANGAS,pieces or units,g,medium,215,3,3,210,6,230,289,230,539,210,6,cell pooled across sizes,0
mango,ILOILO,DUMANGAS,pieces or units,g,large,270,1,3,210,6,230,289,230,539,210,6,cell pooled across sizes,0
"preserved or processed meat (tocino, tapa, longaniza, etc)",ILOILO,DUMANGAS,bilog,g,small,200,1,3,200,1,250,116,229,222,250,116,province x item x unit,0
"preserved or processed meat (tocino, tapa, longaniza, etc)",ILOILO,DUMANGAS,pack,g,small,285,1,3,285,1,250,70,250,85,250,70,province x item x unit,0
"preserved or processed meat (tocino, tapa, longaniza, etc)",ILOILO,DUMANGAS,putos,g,medium,560,1,3,620,2,250,182,250,473,250,182,province x item x unit,0
"preserved or processed meat (tocino, tapa, longaniza, etc)",ILOILO,DUMANGAS,putos,g,large,680,1,3,620,2,250,182,250,473,250,182,province x item x unit,0
cabbage,ILOILO,ESTANCIA,pack,g,small,205,1,3,205,1,135,26,150,43,135,26,province x item x unit,0
cabbage,ILOILO,ESTANCIA,pieces or units,g,small,327.5,4,3,625,12,660,543,655,1306,327.5,4,own cell x size,0
cabbage,ILOILO,ESTANCIA,pieces or units,g,medium,705,5,3,625,12,660,543,655,1306,705,5,own cell x size,0
cabbage,ILOILO,ESTANCIA,pieces or units,g,large,950,3,3,625,12,660,543,655,1306,950,3,own cell x size,0
camote tops,ILOILO,ESTANCIA,bugkos,g,small,152.5,4,3,317.5,10,170,218,195,449,317.5,10,cell pooled across sizes,0
camote tops,ILOILO,ESTANCIA,bugkos,g,medium,342.5,4,3,317.5,10,170,218,195,449,317.5,10,cell pooled across sizes,0
camote tops,ILOILO,ESTANCIA,bugkos,g,large,632.5,2,3,317.5,10,170,218,195,449,317.5,10,cell pooled across sizes,0
carrot,ILOILO,ESTANCIA,pieces or units,g,small,85,5,3,120,11,135,538,140,1169,85,5,own cell x size,0
carrot,ILOILO,ESTANCIA,pieces or units,g,medium,145,3,3,120,11,135,538,140,1169,145,3,own cell x size,0
carrot,ILOILO,ESTANCIA,pieces or units,g,large,265,3,3,120,11,135,538,140,1169,265,3,own cell x size,0
chicken,ILOILO,ESTANCIA,whole (chicken),g,small,810,3,3,930,9,1035,180,1120,468,930,9,cell pooled across sizes,0
chicken,ILOILO,ESTANCIA,whole (chicken),g,medium,977.5,4,3,930,9,1035,180,1120,468,930,9,cell pooled across sizes,0
chicken,ILOILO,ESTANCIA,whole (chicken),g,large,1237.5,2,3,930,9,1035,180,1120,468,930,9,cell pooled across sizes,0
fresh fish,ILOILO,ESTANCIA,pieces or units,g,small,125,5,3,160,15,390,368,390,685,125,5,own cell x size,0
fresh fish,ILOILO,ESTANCIA,pieces or units,g,medium,167.5,6,3,160,15,390,368,390,685,167.5,6,own cell x size,0
fresh fish,ILOILO,ESTANCIA,pieces or units,g,large,262.5,4,3,160,15,390,368,390,685,262.5,4,own cell x size,0
"ice cream, sorbet, edible ice (eg., ice-lolli, halo-halo)",ILOILO,ESTANCIA,cone,mL,small,110,3,3,110,3,110,20,110,25,110,3,own cell x size,0
"ice cream, sorbet, edible ice (eg., ice-lolli, halo-halo)",ILOILO,ESTANCIA,pieces or units,mL,small,600,3,3,600,3,100,60,100,166,600,3,own cell x size,0
"ice cream, sorbet, edible ice (eg., ice-lolli, halo-halo)",ILOILO,ESTANCIA,small cup,mL,small,100,3,3,100,3,100,75,100,185,100,3,own cell x size,0
"liquor (e.g, whisky, coconut wine)",ILOILO,ESTANCIA,lipid/lapad,mL,medium,375,7,3,375,7,375,267,375,618,375,7,own cell x size,0
loaf bread,ILOILO,ESTANCIA,large packs,g,large,640,3,3,640,3,640,188,640,411,640,3,own cell x size,0
loaf bread,ILOILO,ESTANCIA,medium packs,g,medium,450,3,3,450,3,450,160,450,352,450,3,own cell x size,0
loaf bread,ILOILO,ESTANCIA,small packs,g,small,220,1,3,220,1,385,123,370,259,385,123,province x item x unit,0
mango,ILOILO,ESTANCIA,pieces or units,g,small,185,4,3,232.5,12,230,289,230,539,185,4,own cell x size,0
mango,ILOILO,ESTANCIA,pieces or units,g,medium,235,5,3,232.5,12,230,289,230,539,235,5,own cell x size,0
mango,ILOILO,ESTANCIA,pieces or units,g,large,310,3,3,232.5,12,230,289,230,539,310,3,own cell x size,0
"prawns, lobster, shrimp",ILOILO,ESTANCIA,tumpok,g,small,65,3,3,145,9,250,55,260,147,145,9,cell pooled across sizes,0
"prawns, lobster, shrimp",ILOILO,ESTANCIA,tumpok,g,medium,152.5,4,3,145,9,250,55,260,147,145,9,cell pooled across sizes,0
"prawns, lobster, shrimp",ILOILO,ESTANCIA,tumpok,g,large,237.5,2,3,145,9,250,55,260,147,145,9,cell pooled across sizes,0
"preserved or processed meat (tocino, tapa, longaniza, etc)",ILOILO,ESTANCIA,bilog,g,large,70,2,3,70,2,250,116,229,222,250,116,province x item x unit,0
"preserved or processed meat (tocino, tapa, longaniza, etc)",ILOILO,ESTANCIA,putos,g,small,250,5,3,250,6,250,182,250,473,250,6,cell pooled across sizes,0
"preserved or processed meat (tocino, tapa, longaniza, etc)",ILOILO,ESTANCIA,putos,g,large,1000,1,3,250,6,250,182,250,473,250,6,cell pooled across sizes,0
cabbage,ILOILO,GUIMBAL,pieces or units,g,small,385,9,3,570,27,660,543,655,1306,385,9,own cell x size,0
cabbage,ILOILO,GUIMBAL,pieces or units,g,medium,587.5,10,3,570,27,660,543,655,1306,587.5,10,own cell x size,0
cabbage,ILOILO,GUIMBAL,pieces or units,g,large,785,8,3,570,27,660,543,655,1306,785,8,own cell x size,0
camote tops,ILOILO,GUIMBAL,bugkos,g,small,135,9,3,135,9,170,218,195,449,135,9,own cell x size,0
carrot,ILOILO,GUIMBAL,pieces or units,g,small,100,9,3,122.5,24,135,538,140,1169,100,9,own cell x size,0
carrot,ILOILO,GUIMBAL,pieces or units,g,medium,125,8,3,122.5,24,135,538,140,1169,125,8,own cell x size,0
carrot,ILOILO,GUIMBAL,pieces or units,g,large,205,7,3,122.5,24,135,538,140,1169,205,7,own cell x size,0
chicken,ILOILO,GUIMBAL,bilog,g,small,200,6,3,200,6,1072.5,130,1095,230,200,6,own cell x size,0
chicken,ILOILO,GUIMBAL,whole (chicken),g,small,857.5,4,3,1180,12,1035,180,1120,468,857.5,4,own cell x size,0
chicken,ILOILO,GUIMBAL,whole (chicken),g,medium,1225,5,3,1180,12,1035,180,1120,468,1225,5,own cell x size,0
chicken,ILOILO,GUIMBAL,whole (chicken),g,large,1575,3,3,1180,12,1035,180,1120,468,1575,3,own cell x size,0
fresh fish,ILOILO,GUIMBAL,pieces or units,g,small,390,5,3,530,11,390,368,390,685,390,5,own cell x size,0
fresh fish,ILOILO,GUIMBAL,pieces or units,g,medium,565,3,3,530,11,390,368,390,685,565,3,own cell x size,0
fresh fish,ILOILO,GUIMBAL,pieces or units,g,large,650,3,3,530,11,390,368,390,685,650,3,own cell x size,0
"ice cream, sorbet, edible ice (eg., ice-lolli, halo-halo)",ILOILO,GUIMBAL,pieces or units,g,small,100,2,3,110,3,55,59,60,94,110,3,cell pooled across sizes,0
"ice cream, sorbet, edible ice (eg., ice-lolli, halo-halo)",ILOILO,GUIMBAL,pieces or units,g,medium,135,1,3,110,3,55,59,60,94,110,3,cell pooled across sizes,0
"ice cream, sorbet, edible ice (eg., ice-lolli, halo-halo)",ILOILO,GUIMBAL,small cup,g,small,125,1,3,125,1,100,71,100,120,100,71,province x item x unit,0
loaf bread,ILOILO,GUIMBAL,large packs,g,large,645,7,3,645,7,640,188,640,411,645,7,own cell x size,0
loaf bread,ILOILO,GUIMBAL,medium packs,g,medium,465,5,3,465,5,450,160,450,352,465,5,own cell x size,0
loaf bread,ILOILO,GUIMBAL,small packs,g,small,262.5,2,3,450,5,385,123,370,259,450,5,cell pooled across sizes,0
loaf bread,ILOILO,GUIMBAL,small packs,g,medium,512.5,2,3,450,5,385,123,370,259,450,5,cell pooled across sizes,0
loaf bread,ILOILO,GUIMBAL,small packs,g,large,720,1,3,450,5,385,123,370,259,450,5,cell pooled across sizes,0
"preserved or processed meat (tocino, tapa, longaniza, etc)",ILOILO,GUIMBAL,putos,g,small,185,5,3,325,15,250,182,250,473,185,5,own cell x size,0
"preserved or processed meat (tocino, tapa, longaniza, etc)",ILOILO,GUIMBAL,putos,g,medium,325,6,3,325,15,250,182,250,473,325,6,own cell x size,0
"preserved or processed meat (tocino, tapa, longaniza, etc)",ILOILO,GUIMBAL,putos,g,large,550,4,3,325,15,250,182,250,473,550,4,own cell x size,0
rice,ILOILO,GUIMBAL,salmon,g,conventional_nsu,377.5,4,1,377.5,4,410,21,410,21,377.5,4,own cell x size,0
beef,ILOILO,IGBARAS,intestine,g,medium,2060,1,2,2060,1,2060,1,2060,1,,,,1
cabbage,ILOILO,IGBARAS,pieces or units,g,small,572.5,2,3,595,3,660,543,655,1306,595,3,cell pooled across sizes,0
cabbage,ILOILO,IGBARAS,pieces or units,g,medium,815,1,3,595,3,660,543,655,1306,595,3,cell pooled across sizes,0
camote,ILOILO,IGBARAS,bilog,g,small,75,3,3,140,7,140,296,140,509,140,7,cell pooled across sizes,0
camote,ILOILO,IGBARAS,bilog,g,medium,147.5,2,3,140,7,140,296,140,509,140,7,cell pooled across sizes,0
camote,ILOILO,IGBARAS,bilog,g,large,362.5,2,3,140,7,140,296,140,509,140,7,cell pooled across sizes,0
camote tops,ILOILO,IGBARAS,bugkos,g,small,105,3,3,105,3,170,218,195,449,105,3,own cell x size,0
carrot,ILOILO,IGBARAS,pieces or units,g,small,95,3,3,150,9,135,538,140,1169,150,9,cell pooled across sizes,0
carrot,ILOILO,IGBARAS,pieces or units,g,medium,165,4,3,150,9,135,538,140,1169,150,9,cell pooled across sizes,0
carrot,ILOILO,IGBARAS,pieces or units,g,large,310,2,3,150,9,135,538,140,1169,150,9,cell pooled across sizes,0
carrot,ILOILO,IGBARAS,putos (mix vegetable),g,small,155,3,3,155,3,135,12,152.5,16,155,3,own cell x size,0
chicken,ILOILO,IGBARAS,bilog,g,small,870,3,3,935,5,1072.5,130,1095,230,935,5,cell pooled across sizes,0
chicken,ILOILO,IGBARAS,bilog,g,medium,1170,2,3,935,5,1072.5,130,1095,230,935,5,cell pooled across sizes,0
"crackers, cookies, buiscuits, chips/curls",ILOILO,IGBARAS,pieces or units,g,small,32,7,3,32,7,32,227,32,505,32,7,own cell x size,0
"crackers, cookies, buiscuits, chips/curls",ILOILO,IGBARAS,putos,g,small,35,4,3,55,7,100,230,210,482,35,4,own cell x size,0
"crackers, cookies, buiscuits, chips/curls",ILOILO,IGBARAS,putos,g,medium,85,3,3,55,7,100,230,210,482,85,3,own cell x size,0
"drinks at restaurant, hotel, cafe, or kiosk",ILOILO,IGBARAS,pieces,mL,medium,355,3,3,355,3,355,65,355,164,355,3,own cell x size,0
fresh fish,ILOILO,IGBARAS,pieces or units,g,small,100,6,3,257.5,18,390,368,390,685,100,6,own cell x size,0
fresh fish,ILOILO,IGBARAS,pieces or units,g,medium,265,7,3,257.5,18,390,368,390,685,265,7,own cell x size,0
fresh fish,ILOILO,IGBARAS,pieces or units,g,large,680,5,3,257.5,18,390,368,390,685,680,5,own cell x size,0
"ice cream, sorbet, edible ice (eg., ice-lolli, halo-halo)",ILOILO,IGBARAS,pieces or units,mL,small,110,5,3,110,5,100,60,100,166,110,5,own cell x size,0
"ice cream, sorbet, edible ice (eg., ice-lolli, halo-halo)",ILOILO,IGBARAS,putos,mL,small,50,3,3,57.5,6,65,60,65,148,50,3,own cell x size,0
"ice cream, sorbet, edible ice (eg., ice-lolli, halo-halo)",ILOILO,IGBARAS,putos,mL,medium,65,3,3,57.5,6,65,60,65,148,65,3,own cell x size,0
"ice cream, sorbet, edible ice (eg., ice-lolli, halo-halo)",ILOILO,IGBARAS,small cup,mL,small,100,5,3,100,5,100,75,100,185,100,5,own cell x size,0
"liquor (e.g, whisky, coconut wine)",ILOILO,IGBARAS,junior lapad,mL,small,250,6,3,250,6,250,9,250,9,250,6,own cell x size,0
"liquor (e.g, whisky, coconut wine)",ILOILO,IGBARAS,lipid/lapad,mL,medium,375,7,3,375,7,375,267,375,618,375,7,own cell x size,0
"liquor (e.g, whisky, coconut wine)",ILOILO,IGBARAS,long-neck,mL,large,750,7,3,750,7,750,185,750,478,750,7,own cell x size,0
loaf bread,ILOILO,IGBARAS,large packs,g,large,607.5,4,3,607.5,4,640,188,640,411,607.5,4,own cell x size,0
loaf bread,ILOILO,IGBARAS,medium packs,g,medium,450,5,3,450,5,450,160,450,352,450,5,own cell x size,0
loaf bread,ILOILO,IGBARAS,small packs,g,small,400,4,3,400,4,385,123,370,259,400,4,own cell x size,0
mango,ILOILO,IGBARAS,pieces or units,g,small,170,2,3,225,6,230,289,230,539,225,6,cell pooled across sizes,0
mango,ILOILO,IGBARAS,pieces or units,g,medium,240,3,3,225,6,230,289,230,539,225,6,cell pooled across sizes,0
mango,ILOILO,IGBARAS,pieces or units,g,large,265,1,3,225,6,230,289,230,539,225,6,cell pooled across sizes,0
"prawns, lobster, shrimp",ILOILO,IGBARAS,tumpok,g,small,135,1,3,135,1,250,55,260,147,250,55,province x item x unit,0
"preserved or processed meat (tocino, tapa, longaniza, etc)",ILOILO,IGBARAS,cans,g,small,150,5,3,175,8,200,14,155,95,150,5,own cell x size,0
"preserved or processed meat (tocino, tapa, longaniza, etc)",ILOILO,IGBARAS,cans,g,medium,260,3,3,175,8,200,14,155,95,260,3,own cell x size,0
"preserved or processed meat (tocino, tapa, longaniza, etc)",ILOILO,IGBARAS,putos,g,small,250,5,3,250,6,250,182,250,473,250,6,cell pooled across sizes,0
"preserved or processed meat (tocino, tapa, longaniza, etc)",ILOILO,IGBARAS,putos,g,large,1200,1,3,250,6,250,182,250,473,250,6,cell pooled across sizes,0
cabbage,ILOILO,JANIUAY,pieces or units,g,small,500,8,3,650,21,660,543,655,1306,500,8,own cell x size,0
cabbage,ILOILO,JANIUAY,pieces or units,g,medium,705,7,3,650,21,660,543,655,1306,705,7,own cell x size,0
cabbage,ILOILO,JANIUAY,pieces or units,g,large,920,6,3,650,21,660,543,655,1306,920,6,own cell x size,0
camote,ILOILO,JANIUAY,bilog,g,small,95,6,3,140,18,140,296,140,509,95,6,own cell x size,0
camote,ILOILO,JANIUAY,bilog,g,medium,150,7,3,140,18,140,296,140,509,150,7,own cell x size,0
camote,ILOILO,JANIUAY,bilog,g,large,240,5,3,140,18,140,296,140,509,240,5,own cell x size,0
camote tops,ILOILO,JANIUAY,bugkos,g,small,120,7,3,120,7,170,218,195,449,120,7,own cell x size,0
carrot,ILOILO,JANIUAY,pieces or units,g,small,112.5,8,3,145,19,135,538,140,1169,112.5,8,own cell x size,0
carrot,ILOILO,JANIUAY,pieces or units,g,medium,155,5,3,145,19,135,538,140,1169,155,5,own cell x size,0
carrot,ILOILO,JANIUAY,pieces or units,g,large,185,6,3,145,19,135,538,140,1169,185,6,own cell x size,0
chicken,ILOILO,JANIUAY,patupa,g,medium,935,3,2,935,3,935,3,935,3,935,3,own cell x size,0
chicken,ILOILO,JANIUAY,whole (chicken),g,small,885,3,3,1090,9,1035,180,1120,468,1090,9,cell pooled across sizes,0
chicken,ILOILO,JANIUAY,whole (chicken),g,medium,1097.5,4,3,1090,9,1035,180,1120,468,1090,9,cell pooled across sizes,0
chicken,ILOILO,JANIUAY,whole (chicken),g,large,1407.5,2,3,1090,9,1035,180,1120,468,1090,9,cell pooled across sizes,0
"crackers, cookies, buiscuits, chips/curls",ILOILO,JANIUAY,putos,g,small,35,7,3,60,21,100,230,210,482,35,7,own cell x size,0
"crackers, cookies, buiscuits, chips/curls",ILOILO,JANIUAY,putos,g,medium,60,8,3,60,21,100,230,210,482,60,8,own cell x size,0
"crackers, cookies, buiscuits, chips/curls",ILOILO,JANIUAY,putos,g,large,140,6,3,60,21,100,230,210,482,140,6,own cell x size,0
"drinks at restaurant, hotel, cafe, or kiosk",ILOILO,JANIUAY,pieces,mL,small,320,5,3,355,9,355,65,355,164,320,5,own cell x size,0
"drinks at restaurant, hotel, cafe, or kiosk",ILOILO,JANIUAY,pieces,mL,medium,500,4,3,355,9,355,65,355,164,500,4,own cell x size,0
fresh fish,ILOILO,JANIUAY,pieces or units,g,small,280,6,3,457.5,18,390,368,390,685,280,6,own cell x size,0
fresh fish,ILOILO,JANIUAY,pieces or units,g,medium,495,7,3,457.5,18,390,368,390,685,495,7,own cell x size,0
fresh fish,ILOILO,JANIUAY,pieces or units,g,large,625,5,3,457.5,18,390,368,390,685,625,5,own cell x size,0
"ice cream, sorbet, edible ice (eg., ice-lolli, halo-halo)",ILOILO,JANIUAY,putos,mL,small,450,5,3,450,5,65,60,65,148,450,5,own cell x size,0
"ice cream, sorbet, edible ice (eg., ice-lolli, halo-halo)",ILOILO,JANIUAY,small cup,mL,small,100,3,3,100,3,100,75,100,185,100,3,own cell x size,0
"liquor (e.g, whisky, coconut wine)",ILOILO,JANIUAY,lipid/lapad,mL,medium,375,6,3,375,6,375,267,375,618,375,6,own cell x size,0
"liquor (e.g, whisky, coconut wine)",ILOILO,JANIUAY,long-neck,mL,medium,750,8,3,750,8,750,185,750,478,750,8,own cell x size,0
loaf bread,ILOILO,JANIUAY,large packs,g,large,640,7,3,640,7,640,188,640,411,640,7,own cell x size,0
loaf bread,ILOILO,JANIUAY,medium packs,g,medium,450,5,3,450,5,450,160,450,352,450,5,own cell x size,0
loaf bread,ILOILO,JANIUAY,small packs,g,small,220,3,3,220,3,385,123,370,259,220,3,own cell x size,0
mango,ILOILO,JANIUAY,pieces or units,g,small,185,7,3,250,18,230,289,230,539,185,7,own cell x size,0
mango,ILOILO,JANIUAY,pieces or units,g,medium,250,6,3,250,18,230,289,230,539,250,6,own cell x size,0
mango,ILOILO,JANIUAY,pieces or units,g,large,290,5,3,250,18,230,289,230,539,290,5,own cell x size,0
"prawns, lobster, shrimp",ILOILO,JANIUAY,pack,g,small,30,3,3,30,3,30,3,30,3,30,3,own cell x size,0
"preserved or processed meat (tocino, tapa, longaniza, etc)",ILOILO,JANIUAY,bilog,g,small,250,3,3,250,3,250,116,229,222,250,3,own cell x size,0
"preserved or processed meat (tocino, tapa, longaniza, etc)",ILOILO,JANIUAY,putos,g,small,155,5,3,270,14,250,182,250,473,155,5,own cell x size,0
"preserved or processed meat (tocino, tapa, longaniza, etc)",ILOILO,JANIUAY,putos,g,medium,270,5,3,270,14,250,182,250,473,270,5,own cell x size,0
"preserved or processed meat (tocino, tapa, longaniza, etc)",ILOILO,JANIUAY,putos,g,large,607.5,4,3,270,14,250,182,250,473,607.5,4,own cell x size,0
cabbage,ILOILO,LAMBUNAO,pieces or units,g,small,267.5,6,3,560,17,660,543,655,1306,267.5,6,own cell x size,0
cabbage,ILOILO,LAMBUNAO,pieces or units,g,medium,617.5,6,3,560,17,660,543,655,1306,617.5,6,own cell x size,0
cabbage,ILOILO,LAMBUNAO,pieces or units,g,large,775,5,3,560,17,660,543,655,1306,775,5,own cell x size,0
camote,ILOILO,LAMBUNAO,bilog,g,small,82.5,6,3,170,17,140,296,140,509,82.5,6,own cell x size,0
camote,ILOILO,LAMBUNAO,bilog,g,medium,172.5,6,3,170,17,140,296,140,509,172.5,6,own cell x size,0
camote,ILOILO,LAMBUNAO,bilog,g,large,245,5,3,170,17,140,296,140,509,245,5,own cell x size,0
camote tops,ILOILO,LAMBUNAO,bugkos,g,small,195,7,3,195,7,170,218,195,449,195,7,own cell x size,0
carrot,ILOILO,LAMBUNAO,pieces or units,g,small,95,7,3,132.5,20,135,538,140,1169,95,7,own cell x size,0
carrot,ILOILO,LAMBUNAO,pieces or units,g,medium,135,8,3,132.5,20,135,538,140,1169,135,8,own cell x size,0
carrot,ILOILO,LAMBUNAO,pieces or units,g,large,200,5,3,132.5,20,135,538,140,1169,200,5,own cell x size,0
chicken,ILOILO,LAMBUNAO,whole (chicken),g,medium,930,4,3,990,7,1035,180,1120,468,930,4,own cell x size,0
chicken,ILOILO,LAMBUNAO,whole (chicken),g,large,1085,3,3,990,7,1035,180,1120,468,1085,3,own cell x size,0
"crackers, cookies, buiscuits, chips/curls",ILOILO,LAMBUNAO,pieces or units,g,small,31,4,3,31,4,32,227,32,505,31,4,own cell x size,0
"crackers, cookies, buiscuits, chips/curls",ILOILO,LAMBUNAO,putos,g,small,300,3,3,320,5,100,230,210,482,320,5,cell pooled across sizes,0
"crackers, cookies, buiscuits, chips/curls",ILOILO,LAMBUNAO,putos,g,medium,465,2,3,320,5,100,230,210,482,320,5,cell pooled across sizes,0
"drinks at restaurant, hotel, cafe, or kiosk",ILOILO,LAMBUNAO,pieces,g,small,240,1,3,240,1,437.5,12,450,25,437.5,12,province x item x unit,0
"ice cream, sorbet, edible ice (eg., ice-lolli, halo-halo)",ILOILO,LAMBUNAO,putos,g,small,45,6,3,52.5,12,60,52,58,82,45,6,own cell x size,0
"ice cream, sorbet, edible ice (eg., ice-lolli, halo-halo)",ILOILO,LAMBUNAO,putos,g,medium,65,6,3,52.5,12,60,52,58,82,65,6,own cell x size,0
"ice cream, sorbet, edible ice (eg., ice-lolli, halo-halo)",ILOILO,LAMBUNAO,small cup,g,small,100,7,3,100,8,100,71,100,120,100,8,cell pooled across sizes,0
"ice cream, sorbet, edible ice (eg., ice-lolli, halo-halo)",ILOILO,LAMBUNAO,small cup,g,medium,110,1,3,100,8,100,71,100,120,100,8,cell pooled across sizes,0
"liquor (e.g, whisky, coconut wine)",ILOILO,LAMBUNAO,lipid/lapad,mL,medium,375,5,3,375,5,375,267,375,618,375,5,own cell x size,0
"liquor (e.g, whisky, coconut wine)",ILOILO,LAMBUNAO,long-neck,mL,large,750,5,3,750,5,750,185,750,478,750,5,own cell x size,0
loaf bread,ILOILO,LAMBUNAO,large packs,g,large,670,4,3,670,4,640,188,640,411,670,4,own cell x size,0
loaf bread,ILOILO,LAMBUNAO,medium packs,g,medium,450,5,3,450,5,450,160,450,352,450,5,own cell x size,0
loaf bread,ILOILO,LAMBUNAO,small packs,g,small,400,4,3,400,4,385,123,370,259,400,4,own cell x size,0
mango,ILOILO,LAMBUNAO,pieces or units,g,small,155,3,3,200,8,230,289,230,539,200,8,cell pooled across sizes,0
mango,ILOILO,LAMBUNAO,pieces or units,g,medium,200,3,3,200,8,230,289,230,539,200,8,cell pooled across sizes,0
mango,ILOILO,LAMBUNAO,pieces or units,g,large,312.5,2,3,200,8,230,289,230,539,200,8,cell pooled across sizes,0
"preserved or processed meat (tocino, tapa, longaniza, etc)",ILOILO,LAMBUNAO,putos,g,small,155,2,3,265,6,250,182,250,473,265,6,cell pooled across sizes,0
"preserved or processed meat (tocino, tapa, longaniza, etc)",ILOILO,LAMBUNAO,putos,g,medium,305,3,3,265,6,250,182,250,473,265,6,cell pooled across sizes,0
"preserved or processed meat (tocino, tapa, longaniza, etc)",ILOILO,LAMBUNAO,putos,g,large,600,1,3,265,6,250,182,250,473,265,6,cell pooled across sizes,0
cabbage,ILOILO,LEGANES,pack,g,small,95,3,3,95,3,135,26,150,43,95,3,own cell x size,0
cabbage,ILOILO,LEGANES,pieces or units,g,small,595,3,3,735,9,660,543,655,1306,735,9,cell pooled across sizes,0
cabbage,ILOILO,LEGANES,pieces or units,g,medium,847.5,4,3,735,9,660,543,655,1306,735,9,cell pooled across sizes,0
cabbage,ILOILO,LEGANES,pieces or units,g,large,1192.5,2,3,735,9,660,543,655,1306,735,9,cell pooled across sizes,0
camote,ILOILO,LEGANES,bilog,g,small,40,3,3,100,9,140,296,140,509,100,9,cell pooled across sizes,0
camote,ILOILO,LEGANES,bilog,g,medium,105,4,3,100,9,140,296,140,509,100,9,cell pooled across sizes,0
camote,ILOILO,LEGANES,bilog,g,large,237.5,2,3,100,9,140,296,140,509,100,9,cell pooled across sizes,0
camote tops,ILOILO,LEGANES,bugkos,g,small,145,3,3,145,3,170,218,195,449,145,3,own cell x size,0
carrot,ILOILO,LEGANES,pieces or units,g,small,95,3,3,175,9,135,538,140,1169,175,9,cell pooled across sizes,0
carrot,ILOILO,LEGANES,pieces or units,g,medium,202.5,4,3,175,9,135,538,140,1169,175,9,cell pooled across sizes,0
carrot,ILOILO,LEGANES,pieces or units,g,large,245,2,3,175,9,135,538,140,1169,175,9,cell pooled across sizes,0
chicken,ILOILO,LEGANES,bilog,g,small,950,3,3,1095,9,1072.5,130,1095,230,1095,9,cell pooled across sizes,0
chicken,ILOILO,LEGANES,bilog,g,medium,1182.5,4,3,1095,9,1072.5,130,1095,230,1095,9,cell pooled across sizes,0
chicken,ILOILO,LEGANES,bilog,g,large,1370,2,3,1095,9,1072.5,130,1095,230,1095,9,cell pooled across sizes,0
"crackers, cookies, buiscuits, chips/curls",ILOILO,LEGANES,pieces or units,g,small,32,5,3,42,9,32,227,32,505,32,5,own cell x size,0
"crackers, cookies, buiscuits, chips/curls",ILOILO,LEGANES,pieces or units,g,medium,48,4,3,42,9,32,227,32,505,48,4,own cell x size,0
"crackers, cookies, buiscuits, chips/curls",ILOILO,LEGANES,putos,g,small,250,3,3,280,6,100,230,210,482,280,6,cell pooled across sizes,0
"crackers, cookies, buiscuits, chips/curls",ILOILO,LEGANES,putos,g,medium,365,2,3,280,6,100,230,210,482,280,6,cell pooled across sizes,0
"crackers, cookies, buiscuits, chips/curls",ILOILO,LEGANES,putos,g,large,550,1,3,280,6,100,230,210,482,280,6,cell pooled across sizes,0
"drinks at restaurant, hotel, cafe, or kiosk",ILOILO,LEGANES,pieces,mL,small,250,1,3,250,1,355,65,355,164,355,65,province x item x unit,0
fresh fish,ILOILO,LEGANES,pieces or units,g,small,120,3,3,260,9,390,368,390,685,260,9,cell pooled across sizes,0
fresh fish,ILOILO,LEGANES,pieces or units,g,medium,267.5,4,3,260,9,390,368,390,685,260,9,cell pooled across sizes,0
fresh fish,ILOILO,LEGANES,pieces or units,g,large,676,2,3,260,9,390,368,390,685,260,9,cell pooled across sizes,0
"ice cream, sorbet, edible ice (eg., ice-lolli, halo-halo)",ILOILO,LEGANES,pieces or units,g,small,48,1,3,48,1,55,59,60,94,55,59,province x item x unit,0
"ice cream, sorbet, edible ice (eg., ice-lolli, halo-halo)",ILOILO,LEGANES,pieces or units,mL,small,55,2,3,65,3,100,60,100,166,65,3,cell pooled across sizes,0
"ice cream, sorbet, edible ice (eg., ice-lolli, halo-halo)",ILOILO,LEGANES,pieces or units,mL,medium,80,1,3,65,3,100,60,100,166,65,3,cell pooled across sizes,0
"ice cream, sorbet, edible ice (eg., ice-lolli, halo-halo)",ILOILO,LEGANES,small cup,g,small,100,1,3,100,1,100,71,100,120,100,71,province x item x unit,0
"ice cream, sorbet, edible ice (eg., ice-lolli, halo-halo)",ILOILO,LEGANES,small cup,mL,small,110,1,3,110,1,100,75,100,185,100,75,province x item x unit,0
"ice cream, sorbet, edible ice (eg., ice-lolli, halo-halo)",ILOILO,LEGANES,tupperware,mL,medium,700,1,3,700,1,700,1,700,4,700,4,item x unit (national),0
"liquor (e.g, whisky, coconut wine)",ILOILO,LEGANES,lipid/lapad,mL,small,375,6,3,375,11,375,267,375,618,375,6,own cell x size,0
"liquor (e.g, whisky, coconut wine)",ILOILO,LEGANES,lipid/lapad,mL,medium,750,5,3,375,11,375,267,375,618,750,5,own cell x size,0
loaf bread,ILOILO,LEGANES,large packs,g,small,405,4,3,450,7,640,188,640,411,405,4,own cell x size,0
loaf bread,ILOILO,LEGANES,large packs,g,medium,640,3,3,450,7,640,188,640,411,640,3,own cell x size,0
"prawns, lobster, shrimp",ILOILO,LEGANES,tumpok,g,small,235,3,3,235,3,250,55,260,147,235,3,own cell x size,0
"preserved or processed meat (tocino, tapa, longaniza, etc)",ILOILO,LEGANES,bilog,g,small,70,3,3,70,3,250,116,229,222,70,3,own cell x size,0
"preserved or processed meat (tocino, tapa, longaniza, etc)",ILOILO,LEGANES,putos,g,small,140,3,3,260,9,250,182,250,473,260,9,cell pooled across sizes,0
"preserved or processed meat (tocino, tapa, longaniza, etc)",ILOILO,LEGANES,putos,g,medium,272.5,4,3,260,9,250,182,250,473,260,9,cell pooled across sizes,0
"preserved or processed meat (tocino, tapa, longaniza, etc)",ILOILO,LEGANES,putos,g,large,555,2,3,260,9,250,182,250,473,260,9,cell pooled across sizes,0
cabbage,ILOILO,LEMERY,pieces or units,g,small,530,3,3,660,7,660,543,655,1306,660,7,cell pooled across sizes,0
cabbage,ILOILO,LEMERY,pieces or units,g,medium,715,2,3,660,7,660,543,655,1306,660,7,cell pooled across sizes,0
cabbage,ILOILO,LEMERY,pieces or units,g,large,860,2,3,660,7,660,543,655,1306,660,7,cell pooled across sizes,0
camote,ILOILO,LEMERY,bilog,g,small,115,2,3,147.5,6,140,296,140,509,147.5,6,cell pooled across sizes,0
camote,ILOILO,LEMERY,bilog,g,medium,150,3,3,147.5,6,140,296,140,509,147.5,6,cell pooled across sizes,0
camote,ILOILO,LEMERY,bilog,g,large,280,1,3,147.5,6,140,296,140,509,147.5,6,cell pooled across sizes,0
camote tops,ILOILO,LEMERY,bundle,g,small,200,2,3,390,6,470,31,500,101,390,6,cell pooled across sizes,0
camote tops,ILOILO,LEMERY,bundle,g,medium,470,3,3,390,6,470,31,500,101,390,6,cell pooled across sizes,0
camote tops,ILOILO,LEMERY,bundle,g,large,775,1,3,390,6,470,31,500,101,390,6,cell pooled across sizes,0
carrot,ILOILO,LEMERY,pieces or units,g,small,75,3,3,125,9,135,538,140,1169,125,9,cell pooled across sizes,0
carrot,ILOILO,LEMERY,pieces or units,g,medium,142.5,4,3,125,9,135,538,140,1169,125,9,cell pooled across sizes,0
carrot,ILOILO,LEMERY,pieces or units,g,large,200,2,3,125,9,135,538,140,1169,125,9,cell pooled across sizes,0
chicken,ILOILO,LEMERY,whole (chicken),g,small,690,1,3,1280,3,1035,180,1120,468,1280,3,cell pooled across sizes,0
chicken,ILOILO,LEMERY,whole (chicken),g,medium,1335,2,3,1280,3,1035,180,1120,468,1280,3,cell pooled across sizes,0
"crackers, cookies, buiscuits, chips/curls",ILOILO,LEMERY,bucket,g,large,1065,2,3,1065,2,1065,2,1065,2,,,,1
"crackers, cookies, buiscuits, chips/curls",ILOILO,LEMERY,pieces or units,g,small,60,2,3,90,3,32,227,32,505,90,3,cell pooled across sizes,0
"crackers, cookies, buiscuits, chips/curls",ILOILO,LEMERY,pieces or units,g,medium,105,1,3,90,3,32,227,32,505,90,3,cell pooled across sizes,0
"crackers, cookies, buiscuits, chips/curls",ILOILO,LEMERY,putos,g,small,240,2,3,285,3,100,230,210,482,285,3,cell pooled across sizes,0
"crackers, cookies, buiscuits, chips/curls",ILOILO,LEMERY,putos,g,medium,290,1,3,285,3,100,230,210,482,285,3,cell pooled across sizes,0
"drinks at restaurant, hotel, cafe, or kiosk",ILOILO,LEMERY,pieces,g,small,440,1,3,440,1,437.5,12,450,25,437.5,12,province x item x unit,0
fresh fish,ILOILO,LEMERY,pack,g,small,466,1,3,618,2,620,25,620,29,620,25,province x item x unit,0
fresh fish,ILOILO,LEMERY,pack,g,medium,770,1,3,618,2,620,25,620,29,620,25,province x item x unit,0
fresh fish,ILOILO,LEMERY,pieces or units,g,small,125,2,3,232.5,6,390,368,390,685,232.5,6,cell pooled across sizes,0
fresh fish,ILOILO,LEMERY,pieces or units,g,medium,245,3,3,232.5,6,390,368,390,685,232.5,6,cell pooled across sizes,0
fresh fish,ILOILO,LEMERY,pieces or units,g,large,285,1,3,232.5,6,390,368,390,685,232.5,6,cell pooled across sizes,0
"ice cream, sorbet, edible ice (eg., ice-lolli, halo-halo)",ILOILO,LEMERY,putos,g,small,50,2,3,50,2,60,52,58,82,60,52,province x item x unit,0
"ice cream, sorbet, edible ice (eg., ice-lolli, halo-halo)",ILOILO,LEMERY,small cup,g,small,55,2,3,57.5,4,100,71,100,120,57.5,4,cell pooled across sizes,0
"ice cream, sorbet, edible ice (eg., ice-lolli, halo-halo)",ILOILO,LEMERY,small cup,g,medium,60,1,3,57.5,4,100,71,100,120,57.5,4,cell pooled across sizes,0
"ice cream, sorbet, edible ice (eg., ice-lolli, halo-halo)",ILOILO,LEMERY,small cup,g,large,220,1,3,57.5,4,100,71,100,120,57.5,4,cell pooled across sizes,0
"liquor (e.g, whisky, coconut wine)",ILOILO,LEMERY,lipid/lapad,mL,medium,375,2,3,375,2,375,267,375,618,375,267,province x item x unit,0
"liquor (e.g, whisky, coconut wine)",ILOILO,LEMERY,long-neck,mL,large,750,2,3,750,2,750,185,750,478,750,185,province x item x unit,0
loaf bread,ILOILO,LEMERY,large packs,g,large,645,2,3,645,2,640,188,640,411,640,188,province x item x unit,0
loaf bread,ILOILO,LEMERY,medium packs,g,medium,480,1,3,480,1,450,160,450,352,450,160,province x item x unit,0
loaf bread,ILOILO,LEMERY,small packs,g,small,220,1,3,220,1,385,123,370,259,385,123,province x item x unit,0
"prawns, lobster, shrimp",ILOILO,LEMERY,tumpok,g,small,125,1,3,380,3,250,55,260,147,380,3,cell pooled across sizes,0
"prawns, lobster, shrimp",ILOILO,LEMERY,tumpok,g,medium,505,2,3,380,3,250,55,260,147,380,3,cell pooled across sizes,0
"preserved or processed meat (tocino, tapa, longaniza, etc)",ILOILO,LEMERY,bilog,g,large,70,1,3,70,1,250,116,229,222,250,116,province x item x unit,0
"preserved or processed meat (tocino, tapa, longaniza, etc)",ILOILO,LEMERY,pack,g,small,260,1,3,265,3,250,70,250,85,265,3,cell pooled across sizes,0
"preserved or processed meat (tocino, tapa, longaniza, etc)",ILOILO,LEMERY,pack,g,medium,632.5,2,3,265,3,250,70,250,85,265,3,cell pooled across sizes,0
cabbage,ILOILO,LEON,pieces or units,g,small,435,10,3,635,27,660,543,655,1306,435,10,own cell x size,0
cabbage,ILOILO,LEON,pieces or units,g,medium,715,9,3,635,27,660,543,655,1306,715,9,own cell x size,0
cabbage,ILOILO,LEON,pieces or units,g,large,945,8,3,635,27,660,543,655,1306,945,8,own cell x size,0
camote tops,ILOILO,LEON,bugkos,g,small,150,8,3,150,8,170,218,195,449,150,8,own cell x size,0
carrot,ILOILO,LEON,pieces or units,g,small,97.5,10,3,130,27,135,538,140,1169,97.5,10,own cell x size,0
carrot,ILOILO,LEON,pieces or units,g,medium,130,9,3,130,27,135,538,140,1169,130,9,own cell x size,0
carrot,ILOILO,LEON,pieces or units,g,large,212.5,8,3,130,27,135,538,140,1169,212.5,8,own cell x size,0
chicken,ILOILO,LEON,whole (chicken),g,medium,997.5,2,3,1205,4,1035,180,1120,468,1205,4,cell pooled across sizes,0
chicken,ILOILO,LEON,whole (chicken),g,large,1262.5,2,3,1205,4,1035,180,1120,468,1205,4,cell pooled across sizes,0
fresh fish,ILOILO,LEON,pieces or units,g,medium,440,4,3,440,4,390,368,390,685,440,4,own cell x size,0
"ice cream, sorbet, edible ice (eg., ice-lolli, halo-halo)",ILOILO,LEON,cone,mL,small,110,5,3,110,5,110,20,110,25,110,5,own cell x size,0
"ice cream, sorbet, edible ice (eg., ice-lolli, halo-halo)",ILOILO,LEON,putos,mL,small,600,5,3,600,5,65,60,65,148,600,5,own cell x size,0
"ice cream, sorbet, edible ice (eg., ice-lolli, halo-halo)",ILOILO,LEON,small cup,mL,small,100,4,3,100,4,100,75,100,185,100,4,own cell x size,0
"liquor (e.g, whisky, coconut wine)",ILOILO,LEON,lipid/lapad,mL,medium,375,9,3,375,9,375,267,375,618,375,9,own cell x size,0
"liquor (e.g, whisky, coconut wine)",ILOILO,LEON,long-neck,mL,small,750,9,3,750,12,750,185,750,478,750,9,own cell x size,0
"liquor (e.g, whisky, coconut wine)",ILOILO,LEON,long-neck,mL,large,1000,3,3,750,12,750,185,750,478,1000,3,own cell x size,0
loaf bread,ILOILO,LEON,large packs,g,large,640,5,3,640,5,640,188,640,411,640,5,own cell x size,0
loaf bread,ILOILO,LEON,medium packs,g,medium,450,6,3,450,6,450,160,450,352,450,6,own cell x size,0
loaf bread,ILOILO,LEON,small packs,g,small,360,5,3,360,5,385,123,370,259,360,5,own cell x size,0
mango,ILOILO,LEON,pieces or units,g,small,165,9,3,210,27,230,289,230,539,165,9,own cell x size,0
mango,ILOILO,LEON,pieces or units,g,medium,225,10,3,210,27,230,289,230,539,225,10,own cell x size,0
mango,ILOILO,LEON,pieces or units,g,large,297.5,8,3,210,27,230,289,230,539,297.5,8,own cell x size,0
"preserved or processed meat (tocino, tapa, longaniza, etc)",ILOILO,LEON,bilog,g,small,250,4,3,250,5,250,116,229,222,250,5,cell pooled across sizes,0
"preserved or processed meat (tocino, tapa, longaniza, etc)",ILOILO,LEON,bilog,g,medium,305,1,3,250,5,250,116,229,222,250,5,cell pooled across sizes,0
"preserved or processed meat (tocino, tapa, longaniza, etc)",ILOILO,LEON,putos,g,small,250,9,3,250,10,250,182,250,473,250,10,cell pooled across sizes,0
"preserved or processed meat (tocino, tapa, longaniza, etc)",ILOILO,LEON,putos,g,large,500,1,3,250,10,250,182,250,473,250,10,cell pooled across sizes,0
cabbage,ILOILO,MAASIN,pieces or units,g,small,402.5,6,3,567.5,16,660,543,655,1306,402.5,6,own cell x size,0
cabbage,ILOILO,MAASIN,pieces or units,g,medium,630,5,3,567.5,16,660,543,655,1306,630,5,own cell x size,0
cabbage,ILOILO,MAASIN,pieces or units,g,large,915,5,3,567.5,16,660,543,655,1306,915,5,own cell x size,0
camote,ILOILO,MAASIN,bilog,g,small,162.5,2,3,430,5,140,296,140,509,430,5,cell pooled across sizes,0
camote,ILOILO,MAASIN,bilog,g,medium,490,2,3,430,5,140,296,140,509,430,5,cell pooled across sizes,0
camote,ILOILO,MAASIN,bilog,g,large,845,1,3,430,5,140,296,140,509,430,5,cell pooled across sizes,0
camote tops,ILOILO,MAASIN,bugkos,g,small,180,9,3,180,9,170,218,195,449,180,9,own cell x size,0
camote tops,ILOILO,MAASIN,bundle,g,large,1040,1,3,1040,1,470,31,500,101,470,31,province x item x unit,0
carrot,ILOILO,MAASIN,pieces or units,g,small,92.5,4,3,142.5,12,135,538,140,1169,92.5,4,own cell x size,0
carrot,ILOILO,MAASIN,pieces or units,g,medium,145,5,3,142.5,12,135,538,140,1169,145,5,own cell x size,0
carrot,ILOILO,MAASIN,pieces or units,g,large,245,3,3,142.5,12,135,538,140,1169,245,3,own cell x size,0
chicken,ILOILO,MAASIN,whole (chicken),g,large,1122.5,4,3,1122.5,4,1035,180,1120,468,1122.5,4,own cell x size,0
"crackers, cookies, buiscuits, chips/curls",ILOILO,MAASIN,pack,g,small,300,7,3,300,7,302.5,32,300,63,300,7,own cell x size,0
"crackers, cookies, buiscuits, chips/curls",ILOILO,MAASIN,pieces or units,g,small,28,7,3,28,7,32,227,32,505,28,7,own cell x size,0
fresh fish,ILOILO,MAASIN,pieces or units,g,small,415,3,3,570,5,390,368,390,685,570,5,cell pooled across sizes,0
fresh fish,ILOILO,MAASIN,pieces or units,g,medium,720,2,3,570,5,390,368,390,685,570,5,cell pooled across sizes,0
"ice cream, sorbet, edible ice (eg., ice-lolli, halo-halo)",ILOILO,MAASIN,putos,g,small,50,3,3,50,3,60,52,58,82,50,3,own cell x size,0
"ice cream, sorbet, edible ice (eg., ice-lolli, halo-halo)",ILOILO,MAASIN,small cup,g,small,115,2,3,207.5,4,100,71,100,120,207.5,4,cell pooled across sizes,0
"ice cream, sorbet, edible ice (eg., ice-lolli, halo-halo)",ILOILO,MAASIN,small cup,g,medium,322.5,2,3,207.5,4,100,71,100,120,207.5,4,cell pooled across sizes,0
"liquor (e.g, whisky, coconut wine)",ILOILO,MAASIN,lipid/lapad,mL,medium,375,6,3,375,6,375,267,375,618,375,6,own cell x size,0
"liquor (e.g, whisky, coconut wine)",ILOILO,MAASIN,long-neck,mL,medium,750,6,3,750,6,750,185,750,478,750,6,own cell x size,0
loaf bread,ILOILO,MAASIN,large packs,g,large,700,1,3,700,1,640,188,640,411,640,188,province x item x unit,0
loaf bread,ILOILO,MAASIN,medium packs,g,medium,550,2,3,550,2,450,160,450,352,450,160,province x item x unit,0
pork,ILOILO,MAASIN,pieces or units,g,medium,255,4,2,255,4,260,15,260,15,255,4,own cell x size,0
"preserved or processed meat (tocino, tapa, longaniza, etc)",ILOILO,MAASIN,pack,g,small,200,5,3,212.5,10,250,70,250,85,200,5,own cell x size,0
"preserved or processed meat (tocino, tapa, longaniza, etc)",ILOILO,MAASIN,pack,g,medium,225,5,3,212.5,10,250,70,250,85,225,5,own cell x size,0
"preserved or processed meat (tocino, tapa, longaniza, etc)",ILOILO,MAASIN,putos,g,small,200,1,3,200,1,250,182,250,473,250,182,province x item x unit,0
rice,ILOILO,MAASIN,sack of rice,g,conventional_nsu,25000,3,1,25000,3,25000,3,25000,3,25000,3,own cell x size,0
cabbage,ILOILO,MIAGAO,pieces or units,g,small,450,6,3,610,16,660,543,655,1306,450,6,own cell x size,0
cabbage,ILOILO,MIAGAO,pieces or units,g,medium,630,5,3,610,16,660,543,655,1306,630,5,own cell x size,0
cabbage,ILOILO,MIAGAO,pieces or units,g,large,810,5,3,610,16,660,543,655,1306,810,5,own cell x size,0
camote tops,ILOILO,MIAGAO,bugkos,g,small,125,7,3,125,7,170,218,195,449,125,7,own cell x size,0
carrot,ILOILO,MIAGAO,pieces or units,g,small,105,5,3,147.5,14,135,538,140,1169,105,5,own cell x size,0
carrot,ILOILO,MIAGAO,pieces or units,g,medium,155,5,3,147.5,14,135,538,140,1169,155,5,own cell x size,0
carrot,ILOILO,MIAGAO,pieces or units,g,large,275,4,3,147.5,14,135,538,140,1169,275,4,own cell x size,0
chicken,ILOILO,MIAGAO,whole (chicken),g,small,710,5,3,1000,15,1035,180,1120,468,710,5,own cell x size,0
chicken,ILOILO,MIAGAO,whole (chicken),g,medium,1055,6,3,1000,15,1035,180,1120,468,1055,6,own cell x size,0
chicken,ILOILO,MIAGAO,whole (chicken),g,large,1542.5,4,3,1000,15,1035,180,1120,468,1542.5,4,own cell x size,0
"crackers, cookies, buiscuits, chips/curls",ILOILO,MIAGAO,pieces or units,g,small,24.5,4,3,34,12,32,227,32,505,24.5,4,own cell x size,0
"crackers, cookies, buiscuits, chips/curls",ILOILO,MIAGAO,pieces or units,g,medium,35,5,3,34,12,32,227,32,505,35,5,own cell x size,0
"crackers, cookies, buiscuits, chips/curls",ILOILO,MIAGAO,pieces or units,g,large,100,3,3,34,12,32,227,32,505,100,3,own cell x size,0
"drinks at restaurant, hotel, cafe, or kiosk",ILOILO,MIAGAO,pieces,g,small,335,1,3,335,1,437.5,12,450,25,437.5,12,province x item x unit,0
"drinks at restaurant, hotel, cafe, or kiosk",ILOILO,MIAGAO,pieces,mL,small,272.5,2,3,272.5,2,355,65,355,164,355,65,province x item x unit,0
fresh fish,ILOILO,MIAGAO,pieces or units,g,small,273,4,3,565,10,390,368,390,685,273,4,own cell x size,0
fresh fish,ILOILO,MIAGAO,pieces or units,g,medium,640,3,3,565,10,390,368,390,685,640,3,own cell x size,0
fresh fish,ILOILO,MIAGAO,pieces or units,g,large,1340,3,3,565,10,390,368,390,685,1340,3,own cell x size,0
"ice cream, sorbet, edible ice (eg., ice-lolli, halo-halo)",ILOILO,MIAGAO,putos,g,small,55,3,3,55,3,60,52,58,82,55,3,own cell x size,0
"ice cream, sorbet, edible ice (eg., ice-lolli, halo-halo)",ILOILO,MIAGAO,small cup,g,small,185,4,3,185,4,100,71,100,120,185,4,own cell x size,0
"liquor (e.g, whisky, coconut wine)",ILOILO,MIAGAO,lipid/lapad,mL,small,375,3,3,375,3,375,267,375,618,375,3,own cell x size,0
"liquor (e.g, whisky, coconut wine)",ILOILO,MIAGAO,long-neck,mL,medium,750,3,3,750,5,750,185,750,478,750,5,cell pooled across sizes,0
"liquor (e.g, whisky, coconut wine)",ILOILO,MIAGAO,long-neck,mL,large,1000,2,3,750,5,750,185,750,478,750,5,cell pooled across sizes,0
loaf bread,ILOILO,MIAGAO,large packs,g,large,660,2,3,660,2,640,188,640,411,640,188,province x item x unit,0
loaf bread,ILOILO,MIAGAO,medium packs,g,medium,470,2,3,470,2,450,160,450,352,450,160,province x item x unit,0
loaf bread,ILOILO,MIAGAO,small packs,g,small,375,6,3,397.5,12,385,123,370,259,375,6,own cell x size,0
loaf bread,ILOILO,MIAGAO,small packs,g,medium,475,3,3,397.5,12,385,123,370,259,475,3,own cell x size,0
loaf bread,ILOILO,MIAGAO,small packs,g,large,615,3,3,397.5,12,385,123,370,259,615,3,own cell x size,0
mango,ILOILO,MIAGAO,pieces or units,g,small,170,7,3,220,19,230,289,230,539,170,7,own cell x size,0
mango,ILOILO,MIAGAO,pieces or units,g,medium,220,7,3,220,19,230,289,230,539,220,7,own cell x size,0
mango,ILOILO,MIAGAO,pieces or units,g,large,310,5,3,220,19,230,289,230,539,310,5,own cell x size,0
"preserved or processed meat (tocino, tapa, longaniza, etc)",ILOILO,MIAGAO,bilog,g,small,182.5,4,3,260,11,250,116,229,222,182.5,4,own cell x size,0
"preserved or processed meat (tocino, tapa, longaniza, etc)",ILOILO,MIAGAO,bilog,g,medium,262.5,4,3,260,11,250,116,229,222,262.5,4,own cell x size,0
"preserved or processed meat (tocino, tapa, longaniza, etc)",ILOILO,MIAGAO,bilog,g,large,565,3,3,260,11,250,116,229,222,565,3,own cell x size,0
beef,ILOILO,MINA,pieces or units,g,medium,1317.5,2,3,1317.5,2,1230,5,1230,5,1230,5,province x item x unit,0
cabbage,ILOILO,MINA,pieces or units,g,small,492.5,6,3,625,16,660,543,655,1306,492.5,6,own cell x size,0
cabbage,ILOILO,MINA,pieces or units,g,medium,625,5,3,625,16,660,543,655,1306,625,5,own cell x size,0
cabbage,ILOILO,MINA,pieces or units,g,large,915,5,3,625,16,660,543,655,1306,915,5,own cell x size,0
camote,ILOILO,MINA,bilog,g,small,115,6,3,190,17,140,296,140,509,115,6,own cell x size,0
camote,ILOILO,MINA,bilog,g,medium,192.5,6,3,190,17,140,296,140,509,192.5,6,own cell x size,0
camote,ILOILO,MINA,bilog,g,large,305,5,3,190,17,140,296,140,509,305,5,own cell x size,0
camote tops,ILOILO,MINA,bugkos,g,small,145,4,3,145,4,170,218,195,449,145,4,own cell x size,0
carrot,ILOILO,MINA,pieces or units,g,small,100,6,3,142.5,14,135,538,140,1169,100,6,own cell x size,0
carrot,ILOILO,MINA,pieces or units,g,medium,160,4,3,142.5,14,135,538,140,1169,160,4,own cell x size,0
carrot,ILOILO,MINA,pieces or units,g,large,240,4,3,142.5,14,135,538,140,1169,240,4,own cell x size,0
chicken,ILOILO,MINA,whole (chicken),g,small,920,2,3,1145,4,1035,180,1120,468,1145,4,cell pooled across sizes,0
chicken,ILOILO,MINA,whole (chicken),g,medium,1235,1,3,1145,4,1035,180,1120,468,1145,4,cell pooled across sizes,0
chicken,ILOILO,MINA,whole (chicken),g,large,1655,1,3,1145,4,1035,180,1120,468,1145,4,cell pooled across sizes,0
"crackers, cookies, buiscuits, chips/curls",ILOILO,MINA,pack,g,medium,420,3,3,420,3,302.5,32,300,63,420,3,own cell x size,0
"crackers, cookies, buiscuits, chips/curls",ILOILO,MINA,pieces or units,g,small,24.5,4,3,60,12,32,227,32,505,24.5,4,own cell x size,0
"crackers, cookies, buiscuits, chips/curls",ILOILO,MINA,pieces or units,g,medium,60,5,3,60,12,32,227,32,505,60,5,own cell x size,0
"crackers, cookies, buiscuits, chips/curls",ILOILO,MINA,pieces or units,g,large,108,3,3,60,12,32,227,32,505,108,3,own cell x size,0
"drinks at restaurant, hotel, cafe, or kiosk",ILOILO,MINA,pieces,g,small,435,1,3,435,1,437.5,12,450,25,437.5,12,province x item x unit,0
"drinks at restaurant, hotel, cafe, or kiosk",ILOILO,MINA,pieces,mL,small,175,3,3,237,7,355,65,355,164,237,7,cell pooled across sizes,0
"drinks at restaurant, hotel, cafe, or kiosk",ILOILO,MINA,pieces,mL,medium,296,2,3,237,7,355,65,355,164,237,7,cell pooled across sizes,0
"drinks at restaurant, hotel, cafe, or kiosk",ILOILO,MINA,pieces,mL,large,900,2,3,237,7,355,65,355,164,237,7,cell pooled across sizes,0
"ice cream, sorbet, edible ice (eg., ice-lolli, halo-halo)",ILOILO,MINA,container,mL,small,825,2,3,950,3,950,3,950,3,950,3,cell pooled across sizes,0
"ice cream, sorbet, edible ice (eg., ice-lolli, halo-halo)",ILOILO,MINA,container,mL,medium,1250,1,3,950,3,950,3,950,3,950,3,cell pooled across sizes,0
"ice cream, sorbet, edible ice (eg., ice-lolli, halo-halo)",ILOILO,MINA,pack,mL,small,700,3,3,700,3,600,6,600,6,700,3,own cell x size,0
"ice cream, sorbet, edible ice (eg., ice-lolli, halo-halo)",ILOILO,MINA,pieces or units,mL,small,120,2,3,120,2,100,60,100,166,100,60,province x item x unit,0
"ice cream, sorbet, edible ice (eg., ice-lolli, halo-halo)",ILOILO,MINA,small cup,mL,small,100,2,3,110,4,100,75,100,185,110,4,cell pooled across sizes,0
"ice cream, sorbet, edible ice (eg., ice-lolli, halo-halo)",ILOILO,MINA,small cup,mL,medium,165,2,3,110,4,100,75,100,185,110,4,cell pooled across sizes,0
"liquor (e.g, whisky, coconut wine)",ILOILO,MINA,lipid/lapad,mL,medium,375,5,3,375,5,375,267,375,618,375,5,own cell x size,0
"liquor (e.g, whisky, coconut wine)",ILOILO,MINA,long-neck,mL,medium,750,6,3,750,6,750,185,750,478,750,6,own cell x size,0
loaf bread,ILOILO,MINA,large packs,g,large,620,3,3,620,3,640,188,640,411,620,3,own cell x size,0
loaf bread,ILOILO,MINA,medium packs,g,medium,450,3,3,450,3,450,160,450,352,450,3,own cell x size,0
loaf bread,ILOILO,MINA,small packs,g,small,400,3,3,400,3,385,123,370,259,400,3,own cell x size,0
mango,ILOILO,MINA,pieces or units,g,small,150,4,3,200,11,230,289,230,539,150,4,own cell x size,0
mango,ILOILO,MINA,pieces or units,g,medium,207.5,4,3,200,11,230,289,230,539,207.5,4,own cell x size,0
mango,ILOILO,MINA,pieces or units,g,large,265,3,3,200,11,230,289,230,539,265,3,own cell x size,0
"preserved or processed meat (tocino, tapa, longaniza, etc)",ILOILO,MINA,bilog,g,small,250,2,3,250,2,250,116,229,222,250,116,province x item x unit,0
"preserved or processed meat (tocino, tapa, longaniza, etc)",ILOILO,MINA,pack,g,small,200,4,3,250,6,250,70,250,85,250,6,cell pooled across sizes,0
"preserved or processed meat (tocino, tapa, longaniza, etc)",ILOILO,MINA,pack,g,large,1070,2,3,250,6,250,70,250,85,250,6,cell pooled across sizes,0
rice,ILOILO,MINA,gantang,g,conventional_nsu,2237.5,4,1,2237.5,4,2245,19,2247.5,28,2237.5,4,own cell x size,0
cabbage,ILOILO,NEW LUCENA,pack,g,small,195,3,3,195,3,135,26,150,43,195,3,own cell x size,0
cabbage,ILOILO,NEW LUCENA,pieces or units,g,small,362.5,4,3,592.5,10,660,543,655,1306,362.5,4,own cell x size,0
cabbage,ILOILO,NEW LUCENA,pieces or units,g,medium,605,3,3,592.5,10,660,543,655,1306,605,3,own cell x size,0
cabbage,ILOILO,NEW LUCENA,pieces or units,g,large,765,3,3,592.5,10,660,543,655,1306,765,3,own cell x size,0
camote,ILOILO,NEW LUCENA,bilog,g,small,125,5,3,175,9,140,296,140,509,125,5,own cell x size,0
camote,ILOILO,NEW LUCENA,bilog,g,medium,252.5,4,3,175,9,140,296,140,509,252.5,4,own cell x size,0
camote tops,ILOILO,NEW LUCENA,bugkos,g,small,150,3,3,150,3,170,218,195,449,150,3,own cell x size,0
carrot,ILOILO,NEW LUCENA,pieces or units,g,small,80,3,3,95,9,135,538,140,1169,95,9,cell pooled across sizes,0
carrot,ILOILO,NEW LUCENA,pieces or units,g,medium,110,4,3,95,9,135,538,140,1169,95,9,cell pooled across sizes,0
carrot,ILOILO,NEW LUCENA,pieces or units,g,large,150,2,3,95,9,135,538,140,1169,95,9,cell pooled across sizes,0
chicken,ILOILO,NEW LUCENA,whole (chicken),g,medium,845,5,3,845,5,1035,180,1120,468,845,5,own cell x size,0
"crackers, cookies, buiscuits, chips/curls",ILOILO,NEW LUCENA,pieces or units,g,small,26,7,3,30,9,32,227,32,505,30,9,cell pooled across sizes,0
"crackers, cookies, buiscuits, chips/curls",ILOILO,NEW LUCENA,pieces or units,g,medium,58.5,2,3,30,9,32,227,32,505,30,9,cell pooled across sizes,0
"crackers, cookies, buiscuits, chips/curls",ILOILO,NEW LUCENA,putos,g,small,280,9,3,280,9,100,230,210,482,280,9,own cell x size,0
"drinks at restaurant, hotel, cafe, or kiosk",ILOILO,NEW LUCENA,pieces,g,small,470,1,3,470,1,437.5,12,450,25,437.5,12,province x item x unit,0
fresh fish,ILOILO,NEW LUCENA,pieces or units,g,small,290,3,3,485,7,390,368,390,685,485,7,cell pooled across sizes,0
fresh fish,ILOILO,NEW LUCENA,pieces or units,g,medium,562.5,2,3,485,7,390,368,390,685,485,7,cell pooled across sizes,0
fresh fish,ILOILO,NEW LUCENA,pieces or units,g,large,925,2,3,485,7,390,368,390,685,485,7,cell pooled across sizes,0
"ice cream, sorbet, edible ice (eg., ice-lolli, halo-halo)",ILOILO,NEW LUCENA,putos,g,small,57.5,4,3,57.5,4,60,52,58,82,57.5,4,own cell x size,0
"ice cream, sorbet, edible ice (eg., ice-lolli, halo-halo)",ILOILO,NEW LUCENA,small cup,g,small,100,5,3,100,6,100,71,100,120,100,6,cell pooled across sizes,0
"ice cream, sorbet, edible ice (eg., ice-lolli, halo-halo)",ILOILO,NEW LUCENA,small cup,g,medium,335,1,3,100,6,100,71,100,120,100,6,cell pooled across sizes,0
"liquor (e.g, whisky, coconut wine)",ILOILO,NEW LUCENA,lipid/lapad,mL,medium,375,9,3,375,9,375,267,375,618,375,9,own cell x size,0
"liquor (e.g, whisky, coconut wine)",ILOILO,NEW LUCENA,long-neck,mL,large,750,9,3,750,9,750,185,750,478,750,9,own cell x size,0
loaf bread,ILOILO,NEW LUCENA,large packs,g,large,640,4,3,640,4,640,188,640,411,640,4,own cell x size,0
loaf bread,ILOILO,NEW LUCENA,small packs,g,small,420,1,3,420,1,385,123,370,259,385,123,province x item x unit,0
loaf bread,ILOILO,NEW LUCENA,tama-tama nga putos,g,medium,450,4,3,450,4,450,16,450,23,450,4,own cell x size,0
mango,ILOILO,NEW LUCENA,pieces or units,g,small,220,3,3,262.5,8,230,289,230,539,262.5,8,cell pooled across sizes,0
mango,ILOILO,NEW LUCENA,pieces or units,g,medium,265,3,3,262.5,8,230,289,230,539,262.5,8,cell pooled across sizes,0
mango,ILOILO,NEW LUCENA,pieces or units,g,large,325,2,3,262.5,8,230,289,230,539,262.5,8,cell pooled across sizes,0
"prawns, lobster, shrimp",ILOILO,NEW LUCENA,tumpok,g,medium,260,4,3,260,4,250,55,260,147,260,4,own cell x size,0
"preserved or processed meat (tocino, tapa, longaniza, etc)",ILOILO,NEW LUCENA,bilog,g,medium,115,2,3,115,2,250,116,229,222,250,116,province x item x unit,0
"preserved or processed meat (tocino, tapa, longaniza, etc)",ILOILO,NEW LUCENA,putos,g,small,200,5,3,200,6,250,182,250,473,200,6,cell pooled across sizes,0
"preserved or processed meat (tocino, tapa, longaniza, etc)",ILOILO,NEW LUCENA,putos,g,medium,225,1,3,200,6,250,182,250,473,200,6,cell pooled across sizes,0
beef,ILOILO,OTON,pieces or units,g,small,907.5,2,3,1155,3,1230,5,1230,5,1155,3,cell pooled across sizes,0
beef,ILOILO,OTON,pieces or units,g,medium,1260,1,3,1155,3,1230,5,1230,5,1155,3,cell pooled across sizes,0
cabbage,ILOILO,OTON,pieces or units,g,small,410,5,3,535,9,660,543,655,1306,410,5,own cell x size,0
cabbage,ILOILO,OTON,pieces or units,g,medium,685,4,3,535,9,660,543,655,1306,685,4,own cell x size,0
cabbage,ILOILO,OTON,putos (mix vegetable),g,small,90,3,3,112.5,6,130,20,160,37,90,3,own cell x size,0
cabbage,ILOILO,OTON,putos (mix vegetable),g,medium,130,3,3,112.5,6,130,20,160,37,130,3,own cell x size,0
camote,ILOILO,OTON,bilog,g,small,43.5,6,3,107.5,16,140,296,140,509,43.5,6,own cell x size,0
camote,ILOILO,OTON,bilog,g,medium,110,5,3,107.5,16,140,296,140,509,110,5,own cell x size,0
camote,ILOILO,OTON,bilog,g,large,270,5,3,107.5,16,140,296,140,509,270,5,own cell x size,0
camote tops,ILOILO,OTON,bugkos,g,small,145,5,3,160,9,170,218,195,449,145,5,own cell x size,0
camote tops,ILOILO,OTON,bugkos,g,large,250,4,3,160,9,170,218,195,449,250,4,own cell x size,0
carrot,ILOILO,OTON,pieces or units,g,small,40,5,3,105,14,135,538,140,1169,40,5,own cell x size,0
carrot,ILOILO,OTON,pieces or units,g,medium,110,5,3,105,14,135,538,140,1169,110,5,own cell x size,0
carrot,ILOILO,OTON,pieces or units,g,large,217.5,4,3,105,14,135,538,140,1169,217.5,4,own cell x size,0
chicken,ILOILO,OTON,bilog,g,small,820,3,3,900,9,1072.5,130,1095,230,900,9,cell pooled across sizes,0
chicken,ILOILO,OTON,bilog,g,medium,972.5,4,3,900,9,1072.5,130,1095,230,900,9,cell pooled across sizes,0
chicken,ILOILO,OTON,bilog,g,large,1435,2,3,900,9,1072.5,130,1095,230,900,9,cell pooled across sizes,0
"crackers, cookies, buiscuits, chips/curls",ILOILO,OTON,pieces or units,g,small,30,4,3,32.5,8,32,227,32,505,30,4,own cell x size,0
"crackers, cookies, buiscuits, chips/curls",ILOILO,OTON,pieces or units,g,medium,49,4,3,32.5,8,32,227,32,505,49,4,own cell x size,0
"crackers, cookies, buiscuits, chips/curls",ILOILO,OTON,putos,g,small,45,3,3,95,9,100,230,210,482,95,9,cell pooled across sizes,0
"crackers, cookies, buiscuits, chips/curls",ILOILO,OTON,putos,g,medium,97.5,4,3,95,9,100,230,210,482,95,9,cell pooled across sizes,0
"crackers, cookies, buiscuits, chips/curls",ILOILO,OTON,putos,g,large,245,2,3,95,9,100,230,210,482,95,9,cell pooled across sizes,0
"drinks at restaurant, hotel, cafe, or kiosk",ILOILO,OTON,pieces,g,medium,450,1,3,450,1,437.5,12,450,25,437.5,12,province x item x unit,0
"drinks at restaurant, hotel, cafe, or kiosk",ILOILO,OTON,pieces,mL,small,240,2,3,297.5,4,355,65,355,164,297.5,4,cell pooled across sizes,0
"drinks at restaurant, hotel, cafe, or kiosk",ILOILO,OTON,pieces,mL,medium,355,2,3,297.5,4,355,65,355,164,297.5,4,cell pooled across sizes,0
fresh fish,ILOILO,OTON,pieces or units,g,small,85,5,3,250,15,390,368,390,685,85,5,own cell x size,0
fresh fish,ILOILO,OTON,pieces or units,g,medium,262.5,6,3,250,15,390,368,390,685,262.5,6,own cell x size,0
fresh fish,ILOILO,OTON,pieces or units,g,large,665,4,3,250,15,390,368,390,685,665,4,own cell x size,0
"ice cream, sorbet, edible ice (eg., ice-lolli, halo-halo)",ILOILO,OTON,pieces or units,g,small,45,3,3,50,5,55,59,60,94,50,5,cell pooled across sizes,0
"ice cream, sorbet, edible ice (eg., ice-lolli, halo-halo)",ILOILO,OTON,pieces or units,g,medium,105,2,3,50,5,55,59,60,94,50,5,cell pooled across sizes,0
"ice cream, sorbet, edible ice (eg., ice-lolli, halo-halo)",ILOILO,OTON,pieces or units,mL,small,100,1,3,100,1,100,60,100,166,100,60,province x item x unit,0
"ice cream, sorbet, edible ice (eg., ice-lolli, halo-halo)",ILOILO,OTON,putos,mL,small,60,1,3,60,1,65,60,65,148,65,60,province x item x unit,0
"ice cream, sorbet, edible ice (eg., ice-lolli, halo-halo)",ILOILO,OTON,small cup,g,small,40,3,3,85,7,100,71,100,120,85,7,cell pooled across sizes,0
"ice cream, sorbet, edible ice (eg., ice-lolli, halo-halo)",ILOILO,OTON,small cup,g,medium,122.5,2,3,85,7,100,71,100,120,85,7,cell pooled across sizes,0
"ice cream, sorbet, edible ice (eg., ice-lolli, halo-halo)",ILOILO,OTON,small cup,g,large,200,2,3,85,7,100,71,100,120,85,7,cell pooled across sizes,0
"ice cream, sorbet, edible ice (eg., ice-lolli, halo-halo)",ILOILO,OTON,small cup,mL,small,100,1,3,100,1,100,75,100,185,100,75,province x item x unit,0
"liquor (e.g, whisky, coconut wine)",ILOILO,OTON,lipid/lapad,mL,medium,375,8,3,375,8,375,267,375,618,375,8,own cell x size,0
"liquor (e.g, whisky, coconut wine)",ILOILO,OTON,long-neck,mL,large,750,8,3,750,8,750,185,750,478,750,8,own cell x size,0
loaf bread,ILOILO,OTON,large packs,g,large,650,6,3,650,6,640,188,640,411,650,6,own cell x size,0
loaf bread,ILOILO,OTON,medium packs,g,medium,460,6,3,460,6,450,160,450,352,460,6,own cell x size,0
loaf bread,ILOILO,OTON,small packs,g,small,360,2,3,360,2,385,123,370,259,385,123,province x item x unit,0
mango,ILOILO,OTON,pieces or units,g,small,152.5,6,3,192.5,18,230,289,230,539,152.5,6,own cell x size,0
mango,ILOILO,OTON,pieces or units,g,medium,210,7,3,192.5,18,230,289,230,539,210,7,own cell x size,0
mango,ILOILO,OTON,pieces or units,g,large,305,5,3,192.5,18,230,289,230,539,305,5,own cell x size,0
pork,ILOILO,OTON,1 serve,g,small,515,1,3,515,1,515,1,515,1,,,,1
pork,ILOILO,OTON,stick,g,small,25,1,3,25,1,25,1,25,1,,,,1
"prawns, lobster, shrimp",ILOILO,OTON,pieces or units,g,small,15,3,3,15,3,15,4,15,4,15,3,own cell x size,0
"prawns, lobster, shrimp",ILOILO,OTON,tumpok,g,small,245,3,3,245,3,250,55,260,147,245,3,own cell x size,0
"preserved or processed meat (tocino, tapa, longaniza, etc)",ILOILO,OTON,bilog,g,small,42.5,2,3,222.5,6,250,116,229,222,222.5,6,cell pooled across sizes,0
"preserved or processed meat (tocino, tapa, longaniza, etc)",ILOILO,OTON,bilog,g,medium,250,4,3,222.5,6,250,116,229,222,222.5,6,cell pooled across sizes,0
"preserved or processed meat (tocino, tapa, longaniza, etc)",ILOILO,OTON,putos,g,small,260,3,3,362.5,8,250,182,250,473,362.5,8,cell pooled across sizes,0
"preserved or processed meat (tocino, tapa, longaniza, etc)",ILOILO,OTON,putos,g,medium,365,3,3,362.5,8,250,182,250,473,362.5,8,cell pooled across sizes,0
"preserved or processed meat (tocino, tapa, longaniza, etc)",ILOILO,OTON,putos,g,large,1065,2,3,362.5,8,250,182,250,473,362.5,8,cell pooled across sizes,0
rice,ILOILO,OTON,salmon,g,conventional_nsu,425,4,1,425,4,410,21,410,21,425,4,own cell x size,0
cabbage,ILOILO,POTOTAN,half,g,small,145,3,3,160,5,270,9,275,13,160,5,cell pooled across sizes,0
cabbage,ILOILO,POTOTAN,half,g,medium,335,2,3,160,5,270,9,275,13,160,5,cell pooled across sizes,0
cabbage,ILOILO,POTOTAN,pieces or units,g,small,470,6,3,692.5,18,660,543,655,1306,470,6,own cell x size,0
cabbage,ILOILO,POTOTAN,pieces or units,g,medium,695,7,3,692.5,18,660,543,655,1306,695,7,own cell x size,0
cabbage,ILOILO,POTOTAN,pieces or units,g,large,895,5,3,692.5,18,660,543,655,1306,895,5,own cell x size,0
camote tops,ILOILO,POTOTAN,bugkos,g,small,116,4,3,125,11,170,218,195,449,116,4,own cell x size,0
camote tops,ILOILO,POTOTAN,bugkos,g,medium,125,4,3,125,11,170,218,195,449,125,4,own cell x size,0
camote tops,ILOILO,POTOTAN,bugkos,g,large,195,3,3,125,11,170,218,195,449,195,3,own cell x size,0
carrot,ILOILO,POTOTAN,pieces or units,g,small,100,9,3,177.5,22,135,538,140,1169,100,9,own cell x size,0
carrot,ILOILO,POTOTAN,pieces or units,g,medium,190,7,3,177.5,22,135,538,140,1169,190,7,own cell x size,0
carrot,ILOILO,POTOTAN,pieces or units,g,large,270,6,3,177.5,22,135,538,140,1169,270,6,own cell x size,0
chicken,ILOILO,POTOTAN,whole (chicken),g,small,787.5,4,3,885,10,1035,180,1120,468,787.5,4,own cell x size,0
chicken,ILOILO,POTOTAN,whole (chicken),g,medium,920,3,3,885,10,1035,180,1120,468,920,3,own cell x size,0
chicken,ILOILO,POTOTAN,whole (chicken),g,large,1265,3,3,885,10,1035,180,1120,468,1265,3,own cell x size,0
"crackers, cookies, buiscuits, chips/curls",ILOILO,POTOTAN,pieces or units,g,small,30,5,3,31,10,32,227,32,505,30,5,own cell x size,0
"crackers, cookies, buiscuits, chips/curls",ILOILO,POTOTAN,pieces or units,g,medium,48,5,3,31,10,32,227,32,505,48,5,own cell x size,0
"crackers, cookies, buiscuits, chips/curls",ILOILO,POTOTAN,putos,g,small,60,5,3,90,15,100,230,210,482,60,5,own cell x size,0
"crackers, cookies, buiscuits, chips/curls",ILOILO,POTOTAN,putos,g,medium,90,6,3,90,15,100,230,210,482,90,6,own cell x size,0
"crackers, cookies, buiscuits, chips/curls",ILOILO,POTOTAN,putos,g,large,250,4,3,90,15,100,230,210,482,250,4,own cell x size,0
fresh fish,ILOILO,POTOTAN,pieces or units,g,small,201,4,3,475,12,390,368,390,685,201,4,own cell x size,0
fresh fish,ILOILO,POTOTAN,pieces or units,g,medium,485,5,3,475,12,390,368,390,685,485,5,own cell x size,0
fresh fish,ILOILO,POTOTAN,pieces or units,g,large,1010,3,3,475,12,390,368,390,685,1010,3,own cell x size,0
"ice cream, sorbet, edible ice (eg., ice-lolli, halo-halo)",ILOILO,POTOTAN,cone,g,medium,110,2,3,110,2,107,10,107,14,107,10,province x item x unit,0
"ice cream, sorbet, edible ice (eg., ice-lolli, halo-halo)",ILOILO,POTOTAN,cone,mL,small,105,4,3,110,5,110,20,110,25,110,5,cell pooled across sizes,0
"ice cream, sorbet, edible ice (eg., ice-lolli, halo-halo)",ILOILO,POTOTAN,cone,mL,medium,115,1,3,110,5,110,20,110,25,110,5,cell pooled across sizes,0
"ice cream, sorbet, edible ice (eg., ice-lolli, halo-halo)",ILOILO,POTOTAN,pieces or units,g,small,60,1,3,60,1,55,59,60,94,55,59,province x item x unit,0
"ice cream, sorbet, edible ice (eg., ice-lolli, halo-halo)",ILOILO,POTOTAN,pieces or units,mL,small,67.5,4,3,70,5,100,60,100,166,70,5,cell pooled across sizes,0
"ice cream, sorbet, edible ice (eg., ice-lolli, halo-halo)",ILOILO,POTOTAN,pieces or units,mL,medium,85,1,3,70,5,100,60,100,166,70,5,cell pooled across sizes,0
"ice cream, sorbet, edible ice (eg., ice-lolli, halo-halo)",ILOILO,POTOTAN,small cup,g,small,95,2,3,95,2,100,71,100,120,100,71,province x item x unit,0
"ice cream, sorbet, edible ice (eg., ice-lolli, halo-halo)",ILOILO,POTOTAN,small cup,mL,small,100,5,3,100,8,100,75,100,185,100,8,cell pooled across sizes,0
"ice cream, sorbet, edible ice (eg., ice-lolli, halo-halo)",ILOILO,POTOTAN,small cup,mL,medium,110,1,3,100,8,100,75,100,185,100,8,cell pooled across sizes,0
"ice cream, sorbet, edible ice (eg., ice-lolli, halo-halo)",ILOILO,POTOTAN,small cup,mL,large,157.5,2,3,100,8,100,75,100,185,100,8,cell pooled across sizes,0
"liquor (e.g, whisky, coconut wine)",ILOILO,POTOTAN,lipid/lapad,mL,medium,375,9,3,375,9,375,267,375,618,375,9,own cell x size,0
"liquor (e.g, whisky, coconut wine)",ILOILO,POTOTAN,long-neck,mL,large,750,9,3,750,9,750,185,750,478,750,9,own cell x size,0
loaf bread,ILOILO,POTOTAN,large packs,g,large,640,8,3,640,8,640,188,640,411,640,8,own cell x size,0
loaf bread,ILOILO,POTOTAN,medium packs,g,medium,450,8,3,450,8,450,160,450,352,450,8,own cell x size,0
loaf bread,ILOILO,POTOTAN,small packs,g,small,400,1,3,400,1,385,123,370,259,385,123,province x item x unit,0
mango,ILOILO,POTOTAN,pieces or units,g,small,217.5,8,3,270,19,230,289,230,539,217.5,8,own cell x size,0
mango,ILOILO,POTOTAN,pieces or units,g,medium,275,5,3,270,19,230,289,230,539,275,5,own cell x size,0
mango,ILOILO,POTOTAN,pieces or units,g,large,412.5,6,3,270,19,230,289,230,539,412.5,6,own cell x size,0
pork,ILOILO,POTOTAN,pieces or units,g,medium,205,7,2,205,7,260,15,260,15,205,7,own cell x size,0
"preserved or processed meat (tocino, tapa, longaniza, etc)",ILOILO,POTOTAN,bilog,g,small,250,4,3,250,5,250,116,229,222,250,5,cell pooled across sizes,0
"preserved or processed meat (tocino, tapa, longaniza, etc)",ILOILO,POTOTAN,bilog,g,medium,275,1,3,250,5,250,116,229,222,250,5,cell pooled across sizes,0
"preserved or processed meat (tocino, tapa, longaniza, etc)",ILOILO,POTOTAN,putos,g,medium,250,7,3,250,7,250,182,250,473,250,7,own cell x size,0
rice,ILOILO,POTOTAN,salmon,g,conventional_nsu,310,1,1,310,1,410,21,410,21,410,21,province x item x unit,0
cabbage,ILOILO,SAN DIONISIO,pieces or units,g,conventional_nsu,817.5,4,1,817.5,4,660,543,655,1306,817.5,4,own cell x size,0
cabbage,ILOILO,SAN DIONISIO,sliced,g,small,65,2,3,65,2,65,2,65,2,,,,1
camote,ILOILO,SAN DIONISIO,bilog,g,small,80,5,3,130,13,140,296,140,509,80,5,own cell x size,0
camote,ILOILO,SAN DIONISIO,bilog,g,medium,135,4,3,130,13,140,296,140,509,135,4,own cell x size,0
camote,ILOILO,SAN DIONISIO,bilog,g,large,227.5,4,3,130,13,140,296,140,509,227.5,4,own cell x size,0
camote tops,ILOILO,SAN DIONISIO,bugkos,g,small,305,4,3,305,4,170,218,195,449,305,4,own cell x size,0
carrot,ILOILO,SAN DIONISIO,pieces or units,g,small,112.5,4,3,135,9,135,538,140,1169,135,9,cell pooled across sizes,0
carrot,ILOILO,SAN DIONISIO,pieces or units,g,medium,150,3,3,135,9,135,538,140,1169,135,9,cell pooled across sizes,0
carrot,ILOILO,SAN DIONISIO,pieces or units,g,large,302.5,2,3,135,9,135,538,140,1169,135,9,cell pooled across sizes,0
chicken,ILOILO,SAN DIONISIO,bilog,g,medium,1135,3,3,1135,3,1072.5,130,1095,230,1135,3,own cell x size,0
"crackers, cookies, buiscuits, chips/curls",ILOILO,SAN DIONISIO,pieces or units,g,small,22,1,3,22,1,32,227,32,505,32,227,province x item x unit,0
"crackers, cookies, buiscuits, chips/curls",ILOILO,SAN DIONISIO,putos,g,medium,240,4,3,285,7,100,230,210,482,240,4,own cell x size,0
"crackers, cookies, buiscuits, chips/curls",ILOILO,SAN DIONISIO,putos,g,large,320,3,3,285,7,100,230,210,482,320,3,own cell x size,0
fresh fish,ILOILO,SAN DIONISIO,pieces or units,g,small,517.5,2,3,525,3,390,368,390,685,525,3,cell pooled across sizes,0
fresh fish,ILOILO,SAN DIONISIO,pieces or units,g,medium,730,1,3,525,3,390,368,390,685,525,3,cell pooled across sizes,0
"ice cream, sorbet, edible ice (eg., ice-lolli, halo-halo)",ILOILO,SAN DIONISIO,pieces or units,g,small,45,2,3,52.5,4,55,59,60,94,52.5,4,cell pooled across sizes,0
"ice cream, sorbet, edible ice (eg., ice-lolli, halo-halo)",ILOILO,SAN DIONISIO,pieces or units,g,medium,57.5,2,3,52.5,4,55,59,60,94,52.5,4,cell pooled across sizes,0
"liquor (e.g, whisky, coconut wine)",ILOILO,SAN DIONISIO,lipid/lapad,mL,medium,750,7,3,750,7,375,267,375,618,750,7,own cell x size,0
loaf bread,ILOILO,SAN DIONISIO,medium packs,g,medium,475,5,3,475,9,450,160,450,352,475,5,own cell x size,0
loaf bread,ILOILO,SAN DIONISIO,medium packs,g,large,667.5,4,3,475,9,450,160,450,352,667.5,4,own cell x size,0
loaf bread,ILOILO,SAN DIONISIO,tama-tama nga putos,g,medium,450,1,3,450,1,450,16,450,23,450,16,province x item x unit,0
mango,ILOILO,SAN DIONISIO,pieces or units,g,small,192.5,2,3,220,4,230,289,230,539,220,4,cell pooled across sizes,0
mango,ILOILO,SAN DIONISIO,pieces or units,g,medium,230,1,3,220,4,230,289,230,539,220,4,cell pooled across sizes,0
mango,ILOILO,SAN DIONISIO,pieces or units,g,large,300,1,3,220,4,230,289,230,539,220,4,cell pooled across sizes,0
"prawns, lobster, shrimp",ILOILO,SAN DIONISIO,tumpok,g,small,485,1,3,775,3,250,55,260,147,775,3,cell pooled across sizes,0
"prawns, lobster, shrimp",ILOILO,SAN DIONISIO,tumpok,g,medium,932.5,2,3,775,3,250,55,260,147,775,3,cell pooled across sizes,0
"preserved or processed meat (tocino, tapa, longaniza, etc)",ILOILO,SAN DIONISIO,cans,g,small,237.5,2,3,265,4,200,14,155,95,265,4,cell pooled across sizes,0
"preserved or processed meat (tocino, tapa, longaniza, etc)",ILOILO,SAN DIONISIO,cans,g,medium,280,1,3,265,4,200,14,155,95,265,4,cell pooled across sizes,0
"preserved or processed meat (tocino, tapa, longaniza, etc)",ILOILO,SAN DIONISIO,cans,g,large,575,1,3,265,4,200,14,155,95,265,4,cell pooled across sizes,0
"preserved or processed meat (tocino, tapa, longaniza, etc)",ILOILO,SAN DIONISIO,putos,g,large,250,1,3,250,1,250,182,250,473,250,182,province x item x unit,0
cabbage,ILOILO,SAN ENRIQUE,pieces or units,g,small,675,5,3,815,13,660,543,655,1306,675,5,own cell x size,0
cabbage,ILOILO,SAN ENRIQUE,pieces or units,g,medium,860,4,3,815,13,660,543,655,1306,860,4,own cell x size,0
cabbage,ILOILO,SAN ENRIQUE,pieces or units,g,large,1090,4,3,815,13,660,543,655,1306,1090,4,own cell x size,0
cabbage,ILOILO,SAN ENRIQUE,small packs,g,small,100,2,3,100,2,100,2,190,5,190,5,item x unit (national),0
camote,ILOILO,SAN ENRIQUE,bilog,g,small,75,3,3,112.5,8,140,296,140,509,112.5,8,cell pooled across sizes,0
camote,ILOILO,SAN ENRIQUE,bilog,g,medium,130,3,3,112.5,8,140,296,140,509,112.5,8,cell pooled across sizes,0
camote,ILOILO,SAN ENRIQUE,bilog,g,large,285,2,3,112.5,8,140,296,140,509,112.5,8,cell pooled across sizes,0
camote tops,ILOILO,SAN ENRIQUE,bugkos,g,small,235,5,3,235,5,170,218,195,449,235,5,own cell x size,0
camote tops,ILOILO,SAN ENRIQUE,bundle,g,medium,685,2,3,730,3,470,31,500,101,730,3,cell pooled across sizes,0
camote tops,ILOILO,SAN ENRIQUE,bundle,g,large,1510,1,3,730,3,470,31,500,101,730,3,cell pooled across sizes,0
carrot,ILOILO,SAN ENRIQUE,pieces or units,g,small,100,3,3,170,9,135,538,140,1169,170,9,cell pooled across sizes,0
carrot,ILOILO,SAN ENRIQUE,pieces or units,g,medium,177.5,4,3,170,9,135,538,140,1169,170,9,cell pooled across sizes,0
carrot,ILOILO,SAN ENRIQUE,pieces or units,g,large,242.5,2,3,170,9,135,538,140,1169,170,9,cell pooled across sizes,0
chicken,ILOILO,SAN ENRIQUE,whole (chicken),g,medium,902.5,2,3,1025,4,1035,180,1120,468,1025,4,cell pooled across sizes,0
chicken,ILOILO,SAN ENRIQUE,whole (chicken),g,large,1055,2,3,1025,4,1035,180,1120,468,1025,4,cell pooled across sizes,0
"crackers, cookies, buiscuits, chips/curls",ILOILO,SAN ENRIQUE,pieces or units,g,small,26,5,3,32,7,32,227,32,505,32,7,cell pooled across sizes,0
"crackers, cookies, buiscuits, chips/curls",ILOILO,SAN ENRIQUE,pieces or units,g,medium,81.5,2,3,32,7,32,227,32,505,32,7,cell pooled across sizes,0
"crackers, cookies, buiscuits, chips/curls",ILOILO,SAN ENRIQUE,putos,g,small,308,7,3,308,7,100,230,210,482,308,7,own cell x size,0
"drinks at restaurant, hotel, cafe, or kiosk",ILOILO,SAN ENRIQUE,pieces,g,medium,405,1,3,405,1,437.5,12,450,25,437.5,12,province x item x unit,0
fresh fish,ILOILO,SAN ENRIQUE,pack,g,small,630,1,3,630,1,620,25,620,29,620,25,province x item x unit,0
fresh fish,ILOILO,SAN ENRIQUE,pieces or units,g,small,322.5,2,3,340,3,390,368,390,685,340,3,cell pooled across sizes,0
fresh fish,ILOILO,SAN ENRIQUE,pieces or units,g,medium,425,1,3,340,3,390,368,390,685,340,3,cell pooled across sizes,0
"ice cream, sorbet, edible ice (eg., ice-lolli, halo-halo)",ILOILO,SAN ENRIQUE,pieces or units,g,small,70,1,3,70,1,55,59,60,94,55,59,province x item x unit,0
"ice cream, sorbet, edible ice (eg., ice-lolli, halo-halo)",ILOILO,SAN ENRIQUE,putos,g,small,55,1,3,57.5,2,60,52,58,82,60,52,province x item x unit,0
"ice cream, sorbet, edible ice (eg., ice-lolli, halo-halo)",ILOILO,SAN ENRIQUE,putos,g,medium,60,1,3,57.5,2,60,52,58,82,60,52,province x item x unit,0
"ice cream, sorbet, edible ice (eg., ice-lolli, halo-halo)",ILOILO,SAN ENRIQUE,small cup,g,small,66.5,2,3,66.5,2,100,71,100,120,100,71,province x item x unit,0
"liquor (e.g, whisky, coconut wine)",ILOILO,SAN ENRIQUE,lipid/lapad,mL,medium,375,8,3,375,8,375,267,375,618,375,8,own cell x size,0
"liquor (e.g, whisky, coconut wine)",ILOILO,SAN ENRIQUE,long-neck,mL,medium,750,6,3,750,6,750,185,750,478,750,6,own cell x size,0
loaf bread,ILOILO,SAN ENRIQUE,large packs,g,large,640,3,3,640,3,640,188,640,411,640,3,own cell x size,0
loaf bread,ILOILO,SAN ENRIQUE,medium packs,g,medium,450,3,3,450,3,450,160,450,352,450,3,own cell x size,0
loaf bread,ILOILO,SAN ENRIQUE,small packs,g,small,410,2,3,410,2,385,123,370,259,385,123,province x item x unit,0
"prawns, lobster, shrimp",ILOILO,SAN ENRIQUE,pieces or units,g,medium,140,1,3,140,1,15,4,15,4,15,4,province x item x unit,0
"preserved or processed meat (tocino, tapa, longaniza, etc)",ILOILO,SAN ENRIQUE,putos,g,small,200,4,3,200,4,250,182,250,473,200,4,own cell x size,0
cabbage,ILOILO,SAN JOAQUIN,pack,g,medium,115,3,2,115,3,135,26,150,43,115,3,own cell x size,0
cabbage,ILOILO,SAN JOAQUIN,pieces or units,g,small,457.5,6,3,485,11,660,543,655,1306,457.5,6,own cell x size,0
cabbage,ILOILO,SAN JOAQUIN,pieces or units,g,medium,575,5,3,485,11,660,543,655,1306,575,5,own cell x size,0
camote,ILOILO,SAN JOAQUIN,bilog,g,small,70,5,3,125,13,140,296,140,509,70,5,own cell x size,0
camote,ILOILO,SAN JOAQUIN,bilog,g,medium,135,4,3,125,13,140,296,140,509,135,4,own cell x size,0
camote,ILOILO,SAN JOAQUIN,bilog,g,large,280,4,3,125,13,140,296,140,509,280,4,own cell x size,0
camote tops,ILOILO,SAN JOAQUIN,bugkos,g,small,90,4,3,110,10,170,218,195,449,90,4,own cell x size,0
camote tops,ILOILO,SAN JOAQUIN,bugkos,g,medium,110,3,3,110,10,170,218,195,449,110,3,own cell x size,0
camote tops,ILOILO,SAN JOAQUIN,bugkos,g,large,165,3,3,110,10,170,218,195,449,165,3,own cell x size,0
carrot,ILOILO,SAN JOAQUIN,pieces or units,g,small,110,5,3,155,13,135,538,140,1169,110,5,own cell x size,0
carrot,ILOILO,SAN JOAQUIN,pieces or units,g,medium,155,4,3,155,13,135,538,140,1169,155,4,own cell x size,0
carrot,ILOILO,SAN JOAQUIN,pieces or units,g,large,172.5,4,3,155,13,135,538,140,1169,172.5,4,own cell x size,0
chicken,ILOILO,SAN JOAQUIN,bilog,g,small,917.5,2,3,1205,6,1072.5,130,1095,230,1205,6,cell pooled across sizes,0
chicken,ILOILO,SAN JOAQUIN,bilog,g,medium,1275,3,3,1205,6,1072.5,130,1095,230,1205,6,cell pooled across sizes,0
chicken,ILOILO,SAN JOAQUIN,bilog,g,large,1440,1,3,1205,6,1072.5,130,1095,230,1205,6,cell pooled across sizes,0
chicken,ILOILO,SAN JOAQUIN,pieces or units,g,medium,590,1,3,590,1,395,13,380,108,395,13,province x item x unit,0
"crackers, cookies, buiscuits, chips/curls",ILOILO,SAN JOAQUIN,pieces or units,g,small,29,9,3,29,9,32,227,32,505,29,9,own cell x size,0
"crackers, cookies, buiscuits, chips/curls",ILOILO,SAN JOAQUIN,putos,g,small,30,5,3,40,9,100,230,210,482,30,5,own cell x size,0
"crackers, cookies, buiscuits, chips/curls",ILOILO,SAN JOAQUIN,putos,g,medium,81.5,4,3,40,9,100,230,210,482,81.5,4,own cell x size,0
"drinks at restaurant, hotel, cafe, or kiosk",ILOILO,SAN JOAQUIN,pieces,mL,small,355,6,3,355,8,355,65,355,164,355,8,cell pooled across sizes,0
"drinks at restaurant, hotel, cafe, or kiosk",ILOILO,SAN JOAQUIN,pieces,mL,large,750,2,3,355,8,355,65,355,164,355,8,cell pooled across sizes,0
fresh fish,ILOILO,SAN JOAQUIN,pieces or units,g,small,95,8,3,312.5,22,390,368,390,685,95,8,own cell x size,0
fresh fish,ILOILO,SAN JOAQUIN,pieces or units,g,medium,375,7,3,312.5,22,390,368,390,685,375,7,own cell x size,0
fresh fish,ILOILO,SAN JOAQUIN,pieces or units,g,large,740,7,3,312.5,22,390,368,390,685,740,7,own cell x size,0
"ice cream, sorbet, edible ice (eg., ice-lolli, halo-halo)",ILOILO,SAN JOAQUIN,pieces or units,mL,small,110,2,3,110,3,100,60,100,166,110,3,cell pooled across sizes,0
"ice cream, sorbet, edible ice (eg., ice-lolli, halo-halo)",ILOILO,SAN JOAQUIN,pieces or units,mL,large,140,1,3,110,3,100,60,100,166,110,3,cell pooled across sizes,0
"ice cream, sorbet, edible ice (eg., ice-lolli, halo-halo)",ILOILO,SAN JOAQUIN,putos,mL,small,60,3,3,62.5,6,65,60,65,148,60,3,own cell x size,0
"ice cream, sorbet, edible ice (eg., ice-lolli, halo-halo)",ILOILO,SAN JOAQUIN,putos,mL,medium,70,3,3,62.5,6,65,60,65,148,70,3,own cell x size,0
"ice cream, sorbet, edible ice (eg., ice-lolli, halo-halo)",ILOILO,SAN JOAQUIN,small cup,mL,small,100,5,3,100,5,100,75,100,185,100,5,own cell x size,0
"liquor (e.g, whisky, coconut wine)",ILOILO,SAN JOAQUIN,lipid/lapad,mL,medium,375,10,3,375,10,375,267,375,618,375,10,own cell x size,0
"liquor (e.g, whisky, coconut wine)",ILOILO,SAN JOAQUIN,long-neck,mL,large,750,9,3,750,9,750,185,750,478,750,9,own cell x size,0
loaf bread,ILOILO,SAN JOAQUIN,large packs,g,large,640,6,3,640,6,640,188,640,411,640,6,own cell x size,0
loaf bread,ILOILO,SAN JOAQUIN,medium packs,g,medium,450,6,3,450,6,450,160,450,352,450,6,own cell x size,0
loaf bread,ILOILO,SAN JOAQUIN,small packs,g,small,360,1,3,360,1,385,123,370,259,385,123,province x item x unit,0
mango,ILOILO,SAN JOAQUIN,pieces or units,g,small,152.5,4,3,207.5,10,230,289,230,539,152.5,4,own cell x size,0
mango,ILOILO,SAN JOAQUIN,pieces or units,g,medium,215,3,3,207.5,10,230,289,230,539,215,3,own cell x size,0
mango,ILOILO,SAN JOAQUIN,pieces or units,g,large,335,3,3,207.5,10,230,289,230,539,335,3,own cell x size,0
"preserved or processed meat (tocino, tapa, longaniza, etc)",ILOILO,SAN JOAQUIN,pack,g,small,250,3,3,290,9,250,70,250,85,290,9,cell pooled across sizes,0
"preserved or processed meat (tocino, tapa, longaniza, etc)",ILOILO,SAN JOAQUIN,pack,g,medium,645,4,3,290,9,250,70,250,85,290,9,cell pooled across sizes,0
"preserved or processed meat (tocino, tapa, longaniza, etc)",ILOILO,SAN JOAQUIN,pack,g,large,1110,2,3,290,9,250,70,250,85,290,9,cell pooled across sizes,0
"preserved or processed meat (tocino, tapa, longaniza, etc)",ILOILO,SAN JOAQUIN,pieces or units,g,medium,250,5,3,250,5,250,5,65,33,250,5,own cell x size,0
rice,ILOILO,SAN JOAQUIN,salmon,g,conventional_nsu,422.5,2,1,422.5,2,410,21,410,21,410,21,province x item x unit,0
cabbage,ILOILO,SAN MIGUEL,pieces or units,g,small,377.5,8,3,667.5,24,660,543,655,1306,377.5,8,own cell x size,0
cabbage,ILOILO,SAN MIGUEL,pieces or units,g,medium,685,9,3,667.5,24,660,543,655,1306,685,9,own cell x size,0
cabbage,ILOILO,SAN MIGUEL,pieces or units,g,large,1135,7,3,667.5,24,660,543,655,1306,1135,7,own cell x size,0
camote tops,ILOILO,SAN MIGUEL,bugkos,g,small,175,4,3,195,7,170,218,195,449,175,4,own cell x size,0
camote tops,ILOILO,SAN MIGUEL,bugkos,g,large,1175,3,3,195,7,170,218,195,449,1175,3,own cell x size,0
carrot,ILOILO,SAN MIGUEL,pieces or units,g,small,80,9,3,160,25,135,538,140,1169,80,9,own cell x size,0
carrot,ILOILO,SAN MIGUEL,pieces or units,g,medium,160,8,3,160,25,135,538,140,1169,160,8,own cell x size,0
carrot,ILOILO,SAN MIGUEL,pieces or units,g,large,237.5,8,3,160,25,135,538,140,1169,237.5,8,own cell x size,0
chicken,ILOILO,SAN MIGUEL,whole (chicken),g,small,715,3,3,950,8,1035,180,1120,468,950,8,cell pooled across sizes,0
chicken,ILOILO,SAN MIGUEL,whole (chicken),g,medium,990,3,3,950,8,1035,180,1120,468,950,8,cell pooled across sizes,0
chicken,ILOILO,SAN MIGUEL,whole (chicken),g,large,1310,2,3,950,8,1035,180,1120,468,950,8,cell pooled across sizes,0
"crackers, cookies, buiscuits, chips/curls",ILOILO,SAN MIGUEL,pieces or units,g,small,29,6,3,30,10,32,227,32,505,30,10,cell pooled across sizes,0
"crackers, cookies, buiscuits, chips/curls",ILOILO,SAN MIGUEL,pieces or units,g,medium,38,1,3,30,10,32,227,32,505,30,10,cell pooled across sizes,0
"crackers, cookies, buiscuits, chips/curls",ILOILO,SAN MIGUEL,pieces or units,g,large,120,3,3,30,10,32,227,32,505,30,10,cell pooled across sizes,0
"crackers, cookies, buiscuits, chips/curls",ILOILO,SAN MIGUEL,putos,g,small,300,8,3,300,8,100,230,210,482,300,8,own cell x size,0
fresh fish,ILOILO,SAN MIGUEL,pieces or units,g,small,165,3,3,620,8,390,368,390,685,620,8,cell pooled across sizes,0
fresh fish,ILOILO,SAN MIGUEL,pieces or units,g,medium,625,3,3,620,8,390,368,390,685,620,8,cell pooled across sizes,0
fresh fish,ILOILO,SAN MIGUEL,pieces or units,g,large,745,2,3,620,8,390,368,390,685,620,8,cell pooled across sizes,0
"ice cream, sorbet, edible ice (eg., ice-lolli, halo-halo)",ILOILO,SAN MIGUEL,pieces or units,g,small,40,4,3,52.5,8,55,59,60,94,40,4,own cell x size,0
"ice cream, sorbet, edible ice (eg., ice-lolli, halo-halo)",ILOILO,SAN MIGUEL,pieces or units,g,medium,65,4,3,52.5,8,55,59,60,94,65,4,own cell x size,0
"liquor (e.g, whisky, coconut wine)",ILOILO,SAN MIGUEL,lipid/lapad,mL,medium,375,9,3,375,9,375,267,375,618,375,9,own cell x size,0
loaf bread,ILOILO,SAN MIGUEL,large packs,g,large,640,8,3,640,8,640,188,640,411,640,8,own cell x size,0
loaf bread,ILOILO,SAN MIGUEL,small packs,g,small,420,5,3,420,5,385,123,370,259,420,5,own cell x size,0
loaf bread,ILOILO,SAN MIGUEL,tama-tama nga putos,g,medium,450,6,3,450,6,450,16,450,23,450,6,own cell x size,0
"preserved or processed meat (tocino, tapa, longaniza, etc)",ILOILO,SAN MIGUEL,bilog,g,large,637.5,2,3,637.5,2,250,116,229,222,250,116,province x item x unit,0
"preserved or processed meat (tocino, tapa, longaniza, etc)",ILOILO,SAN MIGUEL,putos,g,small,225,4,3,225,4,250,182,250,473,225,4,own cell x size,0
cabbage,ILOILO,SAN RAFAEL,pack,g,medium,95,3,2,95,3,135,26,150,43,95,3,own cell x size,0
cabbage,ILOILO,SAN RAFAEL,pieces or units,g,small,460,3,3,660,9,660,543,655,1306,660,9,cell pooled across sizes,0
cabbage,ILOILO,SAN RAFAEL,pieces or units,g,medium,725,4,3,660,9,660,543,655,1306,660,9,cell pooled across sizes,0
cabbage,ILOILO,SAN RAFAEL,pieces or units,g,large,1267.5,2,3,660,9,660,543,655,1306,660,9,cell pooled across sizes,0
camote,ILOILO,SAN RAFAEL,bilog,g,small,70,3,3,135,9,140,296,140,509,135,9,cell pooled across sizes,0
camote,ILOILO,SAN RAFAEL,bilog,g,medium,145,4,3,135,9,140,296,140,509,135,9,cell pooled across sizes,0
camote,ILOILO,SAN RAFAEL,bilog,g,large,252.5,2,3,135,9,140,296,140,509,135,9,cell pooled across sizes,0
camote tops,ILOILO,SAN RAFAEL,bugkos,g,small,205,3,3,205,3,170,218,195,449,205,3,own cell x size,0
carrot,ILOILO,SAN RAFAEL,pieces or units,g,small,100,3,3,145,9,135,538,140,1169,145,9,cell pooled across sizes,0
carrot,ILOILO,SAN RAFAEL,pieces or units,g,medium,147.5,4,3,145,9,135,538,140,1169,145,9,cell pooled across sizes,0
carrot,ILOILO,SAN RAFAEL,pieces or units,g,large,280,2,3,145,9,135,538,140,1169,145,9,cell pooled across sizes,0
chicken,ILOILO,SAN RAFAEL,bilog,g,small,195,3,3,195,3,1072.5,130,1095,230,195,3,own cell x size,0
chicken,ILOILO,SAN RAFAEL,whole (chicken),g,small,970,3,3,1200,9,1035,180,1120,468,1200,9,cell pooled across sizes,0
chicken,ILOILO,SAN RAFAEL,whole (chicken),g,medium,1245,4,3,1200,9,1035,180,1120,468,1200,9,cell pooled across sizes,0
chicken,ILOILO,SAN RAFAEL,whole (chicken),g,large,1460,2,3,1200,9,1035,180,1120,468,1200,9,cell pooled across sizes,0
"crackers, cookies, buiscuits, chips/curls",ILOILO,SAN RAFAEL,pieces or units,g,small,22.5,4,3,35,11,32,227,32,505,22.5,4,own cell x size,0
"crackers, cookies, buiscuits, chips/curls",ILOILO,SAN RAFAEL,pieces or units,g,medium,35,4,3,35,11,32,227,32,505,35,4,own cell x size,0
"crackers, cookies, buiscuits, chips/curls",ILOILO,SAN RAFAEL,pieces or units,g,large,43,3,3,35,11,32,227,32,505,43,3,own cell x size,0
"crackers, cookies, buiscuits, chips/curls",ILOILO,SAN RAFAEL,putos,g,small,40,2,3,40,2,100,230,210,482,100,230,province x item x unit,0
fresh fish,ILOILO,SAN RAFAEL,pieces or units,g,small,490,3,3,545,9,390,368,390,685,545,9,cell pooled across sizes,0
fresh fish,ILOILO,SAN RAFAEL,pieces or units,g,medium,560,4,3,545,9,390,368,390,685,545,9,cell pooled across sizes,0
fresh fish,ILOILO,SAN RAFAEL,pieces or units,g,large,612.5,2,3,545,9,390,368,390,685,545,9,cell pooled across sizes,0
"ice cream, sorbet, edible ice (eg., ice-lolli, halo-halo)",ILOILO,SAN RAFAEL,cone,g,small,60,3,3,104,7,107,10,107,14,104,7,cell pooled across sizes,0
"ice cream, sorbet, edible ice (eg., ice-lolli, halo-halo)",ILOILO,SAN RAFAEL,cone,g,medium,284.5,2,3,104,7,107,10,107,14,104,7,cell pooled across sizes,0
"ice cream, sorbet, edible ice (eg., ice-lolli, halo-halo)",ILOILO,SAN RAFAEL,cone,g,large,680,2,3,104,7,107,10,107,14,104,7,cell pooled across sizes,0
"ice cream, sorbet, edible ice (eg., ice-lolli, halo-halo)",ILOILO,SAN RAFAEL,pieces or units,g,small,43,1,3,43,1,55,59,60,94,55,59,province x item x unit,0
"ice cream, sorbet, edible ice (eg., ice-lolli, halo-halo)",ILOILO,SAN RAFAEL,putos,g,small,60,1,3,270,3,60,52,58,82,270,3,cell pooled across sizes,0
"ice cream, sorbet, edible ice (eg., ice-lolli, halo-halo)",ILOILO,SAN RAFAEL,putos,g,medium,367.5,2,3,270,3,60,52,58,82,270,3,cell pooled across sizes,0
"ice cream, sorbet, edible ice (eg., ice-lolli, halo-halo)",ILOILO,SAN RAFAEL,putos,mL,small,80,1,3,80,1,65,60,65,148,65,60,province x item x unit,0
"ice cream, sorbet, edible ice (eg., ice-lolli, halo-halo)",ILOILO,SAN RAFAEL,small cup,g,small,32,1,3,32,1,100,71,100,120,100,71,province x item x unit,0
"liquor (e.g, whisky, coconut wine)",ILOILO,SAN RAFAEL,lipid/lapad,mL,medium,680,5,3,680,5,375,267,375,618,680,5,own cell x size,0
loaf bread,ILOILO,SAN RAFAEL,large packs,g,large,675,3,3,675,3,640,188,640,411,675,3,own cell x size,0
loaf bread,ILOILO,SAN RAFAEL,medium packs,g,medium,385,2,3,385,2,450,160,450,352,450,160,province x item x unit,0
loaf bread,ILOILO,SAN RAFAEL,small packs,g,small,290,3,3,345,6,385,123,370,259,345,6,cell pooled across sizes,0
loaf bread,ILOILO,SAN RAFAEL,small packs,g,medium,435,2,3,345,6,385,123,370,259,345,6,cell pooled across sizes,0
loaf bread,ILOILO,SAN RAFAEL,small packs,g,large,670,1,3,345,6,385,123,370,259,345,6,cell pooled across sizes,0
"preserved or processed meat (tocino, tapa, longaniza, etc)",ILOILO,SAN RAFAEL,bilog,g,small,205,3,3,205,3,250,116,229,222,205,3,own cell x size,0
cabbage,ILOILO,SANTA BARBARA,pieces or units,g,small,420,10,3,657.5,26,660,543,655,1306,420,10,own cell x size,0
cabbage,ILOILO,SANTA BARBARA,pieces or units,g,medium,665,8,3,657.5,26,660,543,655,1306,665,8,own cell x size,0
cabbage,ILOILO,SANTA BARBARA,pieces or units,g,large,912.5,8,3,657.5,26,660,543,655,1306,912.5,8,own cell x size,0
camote,ILOILO,SANTA BARBARA,bilog,g,small,95,8,3,150,24,140,296,140,509,95,8,own cell x size,0
camote,ILOILO,SANTA BARBARA,bilog,g,medium,150,9,3,150,24,140,296,140,509,150,9,own cell x size,0
camote,ILOILO,SANTA BARBARA,bilog,g,large,305,7,3,150,24,140,296,140,509,305,7,own cell x size,0
camote tops,ILOILO,SANTA BARBARA,bugkos,g,small,167.5,6,3,175,9,170,218,195,449,167.5,6,own cell x size,0
camote tops,ILOILO,SANTA BARBARA,bugkos,g,large,205,3,3,175,9,170,218,195,449,205,3,own cell x size,0
carrot,ILOILO,SANTA BARBARA,pieces or units,g,small,90,9,3,120,25,135,538,140,1169,90,9,own cell x size,0
carrot,ILOILO,SANTA BARBARA,pieces or units,g,medium,130,9,3,120,25,135,538,140,1169,130,9,own cell x size,0
carrot,ILOILO,SANTA BARBARA,pieces or units,g,large,205,7,3,120,25,135,538,140,1169,205,7,own cell x size,0
chicken,ILOILO,SANTA BARBARA,whole (chicken),g,small,795,5,3,955,15,1035,180,1120,468,795,5,own cell x size,0
chicken,ILOILO,SANTA BARBARA,whole (chicken),g,medium,955,6,3,955,15,1035,180,1120,468,955,6,own cell x size,0
chicken,ILOILO,SANTA BARBARA,whole (chicken),g,large,1275,4,3,955,15,1035,180,1120,468,1275,4,own cell x size,0
fresh fish,ILOILO,SANTA BARBARA,pieces or units,g,small,220,9,3,355,24,390,368,390,685,220,9,own cell x size,0
fresh fish,ILOILO,SANTA BARBARA,pieces or units,g,medium,372.5,8,3,355,24,390,368,390,685,372.5,8,own cell x size,0
fresh fish,ILOILO,SANTA BARBARA,pieces or units,g,large,600,7,3,355,24,390,368,390,685,600,7,own cell x size,0
"ice cream, sorbet, edible ice (eg., ice-lolli, halo-halo)",ILOILO,SANTA BARBARA,pieces or units,g,small,40,5,3,55,8,55,59,60,94,40,5,own cell x size,0
"ice cream, sorbet, edible ice (eg., ice-lolli, halo-halo)",ILOILO,SANTA BARBARA,pieces or units,g,medium,80,3,3,55,8,55,59,60,94,80,3,own cell x size,0
"ice cream, sorbet, edible ice (eg., ice-lolli, halo-halo)",ILOILO,SANTA BARBARA,putos,g,small,300,3,3,550,5,60,52,58,82,550,5,cell pooled across sizes,0
"ice cream, sorbet, edible ice (eg., ice-lolli, halo-halo)",ILOILO,SANTA BARBARA,putos,g,medium,750,2,3,550,5,60,52,58,82,550,5,cell pooled across sizes,0
"liquor (e.g, whisky, coconut wine)",ILOILO,SANTA BARBARA,lipid/lapad,mL,small,375,7,3,375,8,375,267,375,618,375,8,cell pooled across sizes,0
"liquor (e.g, whisky, coconut wine)",ILOILO,SANTA BARBARA,lipid/lapad,mL,large,850,1,3,375,8,375,267,375,618,375,8,cell pooled across sizes,0
"liquor (e.g, whisky, coconut wine)",ILOILO,SANTA BARBARA,long-neck,mL,large,750,8,3,750,8,750,185,750,478,750,8,own cell x size,0
loaf bread,ILOILO,SANTA BARBARA,large packs,g,large,665,9,3,665,9,640,188,640,411,665,9,own cell x size,0
loaf bread,ILOILO,SANTA BARBARA,medium packs,g,medium,480,9,3,480,9,450,160,450,352,480,9,own cell x size,0
loaf bread,ILOILO,SANTA BARBARA,small packs,g,small,385,9,3,385,9,385,123,370,259,385,9,own cell x size,0
mango,ILOILO,SANTA BARBARA,pieces or units,g,small,200,9,3,225,25,230,289,230,539,200,9,own cell x size,0
mango,ILOILO,SANTA BARBARA,pieces or units,g,medium,230,8,3,225,25,230,289,230,539,230,8,own cell x size,0
mango,ILOILO,SANTA BARBARA,pieces or units,g,large,277.5,8,3,225,25,230,289,230,539,277.5,8,own cell x size,0
"preserved or processed meat (tocino, tapa, longaniza, etc)",ILOILO,SANTA BARBARA,putos,g,small,202.5,6,3,230,15,250,182,250,473,202.5,6,own cell x size,0
"preserved or processed meat (tocino, tapa, longaniza, etc)",ILOILO,SANTA BARBARA,putos,g,medium,235,5,3,230,15,250,182,250,473,235,5,own cell x size,0
"preserved or processed meat (tocino, tapa, longaniza, etc)",ILOILO,SANTA BARBARA,putos,g,large,570,4,3,230,15,250,182,250,473,570,4,own cell x size,0
cabbage,ILOILO,SARA,pieces or units,g,small,250,5,2,545,14,660,543,655,1306,250,5,own cell x size,0
cabbage,ILOILO,SARA,pieces or units,g,medium,555,5,2,545,14,660,543,655,1306,555,5,own cell x size,0
cabbage,ILOILO,SARA,pieces or units,g,large,745,4,2,545,14,660,543,655,1306,745,4,own cell x size,0
camote,ILOILO,SARA,bilog,g,small,64.5,4,3,150,10,140,296,140,509,64.5,4,own cell x size,0
camote,ILOILO,SARA,bilog,g,medium,155,3,3,150,10,140,296,140,509,155,3,own cell x size,0
camote,ILOILO,SARA,bilog,g,large,290,3,3,150,10,140,296,140,509,290,3,own cell x size,0
camote tops,ILOILO,SARA,bugkos,g,small,195,3,3,237.5,6,170,218,195,449,195,3,own cell x size,0
camote tops,ILOILO,SARA,bugkos,g,medium,270,3,3,237.5,6,170,218,195,449,270,3,own cell x size,0
carrot,ILOILO,SARA,pieces or units,g,medium,127.5,4,2,127.5,4,135,538,140,1169,127.5,4,own cell x size,0
chicken,ILOILO,SARA,whole (chicken),g,small,1005,4,3,1052.5,12,1035,180,1120,468,1005,4,own cell x size,0
chicken,ILOILO,SARA,whole (chicken),g,medium,1065,5,3,1052.5,12,1035,180,1120,468,1065,5,own cell x size,0
chicken,ILOILO,SARA,whole (chicken),g,large,1555,3,3,1052.5,12,1035,180,1120,468,1555,3,own cell x size,0
"crackers, cookies, buiscuits, chips/curls",ILOILO,SARA,pieces or units,g,small,18.5,6,3,30,16,32,227,32,505,18.5,6,own cell x size,0
"crackers, cookies, buiscuits, chips/curls",ILOILO,SARA,pieces or units,g,medium,30,6,3,30,16,32,227,32,505,30,6,own cell x size,0
"crackers, cookies, buiscuits, chips/curls",ILOILO,SARA,pieces or units,g,large,67.5,4,3,30,16,32,227,32,505,67.5,4,own cell x size,0
"crackers, cookies, buiscuits, chips/curls",ILOILO,SARA,putos,g,small,25,3,3,42.5,6,100,230,210,482,25,3,own cell x size,0
"crackers, cookies, buiscuits, chips/curls",ILOILO,SARA,putos,g,medium,60,3,3,42.5,6,100,230,210,482,60,3,own cell x size,0
fresh fish,ILOILO,SARA,pack,g,medium,530,7,2,530,7,620,25,620,29,530,7,own cell x size,0
fresh fish,ILOILO,SARA,pieces or units,g,medium,165,7,2,217.5,14,390,368,390,685,165,7,own cell x size,0
fresh fish,ILOILO,SARA,pieces or units,g,large,405,7,2,217.5,14,390,368,390,685,405,7,own cell x size,0
"ice cream, sorbet, edible ice (eg., ice-lolli, halo-halo)",ILOILO,SARA,pieces or units,g,small,30,2,3,50,5,55,59,60,94,50,5,cell pooled across sizes,0
"ice cream, sorbet, edible ice (eg., ice-lolli, halo-halo)",ILOILO,SARA,pieces or units,g,medium,55,2,3,50,5,55,59,60,94,50,5,cell pooled across sizes,0
"ice cream, sorbet, edible ice (eg., ice-lolli, halo-halo)",ILOILO,SARA,pieces or units,g,large,65,1,3,50,5,55,59,60,94,50,5,cell pooled across sizes,0
"ice cream, sorbet, edible ice (eg., ice-lolli, halo-halo)",ILOILO,SARA,pieces or units,mL,small,600,1,3,600,1,100,60,100,166,100,60,province x item x unit,0
"ice cream, sorbet, edible ice (eg., ice-lolli, halo-halo)",ILOILO,SARA,small cup,g,small,57.5,2,3,220,5,100,71,100,120,220,5,cell pooled across sizes,0
"ice cream, sorbet, edible ice (eg., ice-lolli, halo-halo)",ILOILO,SARA,small cup,g,medium,220,2,3,220,5,100,71,100,120,220,5,cell pooled across sizes,0
"ice cream, sorbet, edible ice (eg., ice-lolli, halo-halo)",ILOILO,SARA,small cup,g,large,425,1,3,220,5,100,71,100,120,220,5,cell pooled across sizes,0
"ice cream, sorbet, edible ice (eg., ice-lolli, halo-halo)",ILOILO,SARA,small cup,mL,small,100,1,3,100,1,100,75,100,185,100,75,province x item x unit,0
"liquor (e.g, whisky, coconut wine)",ILOILO,SARA,lipid/lapad,mL,medium,375,6,3,375,6,375,267,375,618,375,6,own cell x size,0
"liquor (e.g, whisky, coconut wine)",ILOILO,SARA,long-neck,mL,large,750,4,3,750,4,750,185,750,478,750,4,own cell x size,0
loaf bread,ILOILO,SARA,large packs,g,small,477.5,2,3,622.5,4,640,188,640,411,622.5,4,cell pooled across sizes,0
loaf bread,ILOILO,SARA,large packs,g,medium,675,1,3,622.5,4,640,188,640,411,622.5,4,cell pooled across sizes,0
loaf bread,ILOILO,SARA,large packs,g,large,765,1,3,622.5,4,640,188,640,411,622.5,4,cell pooled across sizes,0
loaf bread,ILOILO,SARA,medium packs,g,medium,450,1,3,450,1,450,160,450,352,450,160,province x item x unit,0
loaf bread,ILOILO,SARA,small packs,g,small,285,1,3,430,3,385,123,370,259,430,3,cell pooled across sizes,0
loaf bread,ILOILO,SARA,small packs,g,medium,550,2,3,430,3,385,123,370,259,430,3,cell pooled across sizes,0
mango,ILOILO,SARA,pieces or units,g,small,200,3,3,245,9,230,289,230,539,245,9,cell pooled across sizes,0
mango,ILOILO,SARA,pieces or units,g,medium,257.5,4,3,245,9,230,289,230,539,245,9,cell pooled across sizes,0
mango,ILOILO,SARA,pieces or units,g,large,337.5,2,3,245,9,230,289,230,539,245,9,cell pooled across sizes,0
"prawns, lobster, shrimp",ILOILO,SARA,tumpok,g,small,147.5,2,3,332.5,6,250,55,260,147,332.5,6,cell pooled across sizes,0
"prawns, lobster, shrimp",ILOILO,SARA,tumpok,g,medium,350,3,3,332.5,6,250,55,260,147,332.5,6,cell pooled across sizes,0
"prawns, lobster, shrimp",ILOILO,SARA,tumpok,g,large,430,1,3,332.5,6,250,55,260,147,332.5,6,cell pooled across sizes,0
"preserved or processed meat (tocino, tapa, longaniza, etc)",ILOILO,SARA,bilog,g,large,75,1,3,75,1,250,116,229,222,250,116,province x item x unit,0
"preserved or processed meat (tocino, tapa, longaniza, etc)",ILOILO,SARA,putos,g,small,225,3,3,235,5,250,182,250,473,235,5,cell pooled across sizes,0
"preserved or processed meat (tocino, tapa, longaniza, etc)",ILOILO,SARA,putos,g,medium,245,2,3,235,5,250,182,250,473,235,5,cell pooled across sizes,0
rice,ILOILO,SARA,gantang,g,conventional_nsu,2245,5,1,2245,5,2245,19,2247.5,28,2245,5,own cell x size,0
cabbage,ILOILO,TIGBAUAN,pieces or units,g,medium,370,7,2,370,7,660,543,655,1306,370,7,own cell x size,0
cabbage,ILOILO,TIGBAUAN,putos (mix vegetable),g,medium,85,3,2,85,3,130,20,160,37,85,3,own cell x size,0
camote,ILOILO,TIGBAUAN,bilog,g,medium,120,5,2,120,5,140,296,140,509,120,5,own cell x size,0
camote,ILOILO,TIGBAUAN,small packs,g,medium,175,6,2,175,6,175,6,175,6,175,6,own cell x size,0
camote tops,ILOILO,TIGBAUAN,bugkos,g,medium,145,9,2,145,9,170,218,195,449,145,9,own cell x size,0
camote tops,ILOILO,TIGBAUAN,bundle,g,medium,192.5,8,2,192.5,8,470,31,500,101,192.5,8,own cell x size,0
carrot,ILOILO,TIGBAUAN,pieces or units,g,small,97.5,4,3,110,9,135,538,140,1169,110,9,cell pooled across sizes,0
carrot,ILOILO,TIGBAUAN,pieces or units,g,medium,145,3,3,110,9,135,538,140,1169,110,9,cell pooled across sizes,0
carrot,ILOILO,TIGBAUAN,pieces or units,g,large,237.5,2,3,110,9,135,538,140,1169,110,9,cell pooled across sizes,0
carrot,ILOILO,TIGBAUAN,putos (mix vegetable),g,medium,85,3,2,85,3,135,12,152.5,16,85,3,own cell x size,0
chicken,ILOILO,TIGBAUAN,bilog,g,small,810,3,3,1132.5,8,1072.5,130,1095,230,1132.5,8,cell pooled across sizes,0
chicken,ILOILO,TIGBAUAN,bilog,g,medium,1150,3,3,1132.5,8,1072.5,130,1095,230,1132.5,8,cell pooled across sizes,0
chicken,ILOILO,TIGBAUAN,bilog,g,large,1385,2,3,1132.5,8,1072.5,130,1095,230,1132.5,8,cell pooled across sizes,0
chicken,ILOILO,TIGBAUAN,pieces or units,g,medium,670,4,2,670,4,395,13,380,108,670,4,own cell x size,0
chicken,ILOILO,TIGBAUAN,slice,g,medium,122.5,2,2,122.5,2,122.5,2,225,11,225,11,item x unit (national),0
chicken,ILOILO,TIGBAUAN,whole (chicken),g,small,1015,5,3,1015,9,1035,180,1120,468,1015,9,cell pooled across sizes,0
chicken,ILOILO,TIGBAUAN,whole (chicken),g,medium,1127.5,2,3,1015,9,1035,180,1120,468,1015,9,cell pooled across sizes,0
chicken,ILOILO,TIGBAUAN,whole (chicken),g,large,1297.5,2,3,1015,9,1035,180,1120,468,1015,9,cell pooled across sizes,0
"crackers, cookies, buiscuits, chips/curls",ILOILO,TIGBAUAN,pack,g,small,320,7,3,320,7,302.5,32,300,63,320,7,own cell x size,0
"crackers, cookies, buiscuits, chips/curls",ILOILO,TIGBAUAN,pieces or units,g,small,35,9,3,35,9,32,227,32,505,35,9,own cell x size,0
"crackers, cookies, buiscuits, chips/curls",ILOILO,TIGBAUAN,putos,g,small,60,3,3,90,9,100,230,210,482,90,9,cell pooled across sizes,0
"crackers, cookies, buiscuits, chips/curls",ILOILO,TIGBAUAN,putos,g,medium,92.5,4,3,90,9,100,230,210,482,90,9,cell pooled across sizes,0
"crackers, cookies, buiscuits, chips/curls",ILOILO,TIGBAUAN,putos,g,large,250,2,3,90,9,100,230,210,482,90,9,cell pooled across sizes,0
"drinks at restaurant, hotel, cafe, or kiosk",ILOILO,TIGBAUAN,pieces,g,small,375,2,3,575,4,437.5,12,450,25,575,4,cell pooled across sizes,0
"drinks at restaurant, hotel, cafe, or kiosk",ILOILO,TIGBAUAN,pieces,g,large,730,2,3,575,4,437.5,12,450,25,575,4,cell pooled across sizes,0
"drinks at restaurant, hotel, cafe, or kiosk",ILOILO,TIGBAUAN,pieces,mL,small,183.5,2,3,184,3,355,65,355,164,184,3,cell pooled across sizes,0
"drinks at restaurant, hotel, cafe, or kiosk",ILOILO,TIGBAUAN,pieces,mL,large,745,1,3,184,3,355,65,355,164,184,3,cell pooled across sizes,0
fresh fish,ILOILO,TIGBAUAN,pieces or units,g,small,105,3,2,295,9,390,368,390,685,105,3,own cell x size,0
fresh fish,ILOILO,TIGBAUAN,pieces or units,g,medium,295,3,2,295,9,390,368,390,685,295,3,own cell x size,0
fresh fish,ILOILO,TIGBAUAN,pieces or units,g,large,425,3,2,295,9,390,368,390,685,425,3,own cell x size,0
"ice cream, sorbet, edible ice (eg., ice-lolli, halo-halo)",ILOILO,TIGBAUAN,gallons,g,small,485,1,3,515,2,515,2,515,2,,,,1
"ice cream, sorbet, edible ice (eg., ice-lolli, halo-halo)",ILOILO,TIGBAUAN,gallons,g,large,545,1,3,515,2,515,2,515,2,,,,1
"ice cream, sorbet, edible ice (eg., ice-lolli, halo-halo)",ILOILO,TIGBAUAN,gallons,mL,medium,950,1,3,950,1,950,3,950,3,950,3,province x item x unit,0
"ice cream, sorbet, edible ice (eg., ice-lolli, halo-halo)",ILOILO,TIGBAUAN,pieces or units,g,small,50,5,3,50,9,55,59,60,94,50,9,cell pooled across sizes,0
"ice cream, sorbet, edible ice (eg., ice-lolli, halo-halo)",ILOILO,TIGBAUAN,pieces or units,g,medium,56,2,3,50,9,55,59,60,94,50,9,cell pooled across sizes,0
"ice cream, sorbet, edible ice (eg., ice-lolli, halo-halo)",ILOILO,TIGBAUAN,pieces or units,g,large,82.5,2,3,50,9,55,59,60,94,50,9,cell pooled across sizes,0
"ice cream, sorbet, edible ice (eg., ice-lolli, halo-halo)",ILOILO,TIGBAUAN,pieces or units,mL,small,97.5,2,3,97.5,2,100,60,100,166,100,60,province x item x unit,0
"ice cream, sorbet, edible ice (eg., ice-lolli, halo-halo)",ILOILO,TIGBAUAN,plastic cup,g,large,485,1,3,485,1,485,1,485,1,,,,1
"ice cream, sorbet, edible ice (eg., ice-lolli, halo-halo)",ILOILO,TIGBAUAN,putos,g,small,57.5,2,3,65,4,60,52,58,82,65,4,cell pooled across sizes,0
"ice cream, sorbet, edible ice (eg., ice-lolli, halo-halo)",ILOILO,TIGBAUAN,putos,g,large,277.5,2,3,65,4,60,52,58,82,65,4,cell pooled across sizes,0
"ice cream, sorbet, edible ice (eg., ice-lolli, halo-halo)",ILOILO,TIGBAUAN,putos,mL,small,75,2,3,75,2,65,60,65,148,65,60,province x item x unit,0
"ice cream, sorbet, edible ice (eg., ice-lolli, halo-halo)",ILOILO,TIGBAUAN,small cup,g,small,277.5,2,3,485,3,100,71,100,120,485,3,cell pooled across sizes,0
"ice cream, sorbet, edible ice (eg., ice-lolli, halo-halo)",ILOILO,TIGBAUAN,small cup,g,large,490,1,3,485,3,100,71,100,120,485,3,cell pooled across sizes,0
"ice cream, sorbet, edible ice (eg., ice-lolli, halo-halo)",ILOILO,TIGBAUAN,small cup,mL,small,120,1,3,150,2,100,75,100,185,100,75,province x item x unit,0
"ice cream, sorbet, edible ice (eg., ice-lolli, halo-halo)",ILOILO,TIGBAUAN,small cup,mL,medium,180,1,3,150,2,100,75,100,185,100,75,province x item x unit,0
"liquor (e.g, whisky, coconut wine)",ILOILO,TIGBAUAN,lipid/lapad,mL,small,677.5,6,3,680,9,375,267,375,618,677.5,6,own cell x size,0
"liquor (e.g, whisky, coconut wine)",ILOILO,TIGBAUAN,lipid/lapad,mL,medium,690,3,3,680,9,375,267,375,618,690,3,own cell x size,0
"liquor (e.g, whisky, coconut wine)",ILOILO,TIGBAUAN,long-neck,mL,medium,1215,5,3,1225,9,750,185,750,478,1215,5,own cell x size,0
"liquor (e.g, whisky, coconut wine)",ILOILO,TIGBAUAN,long-neck,mL,large,1240,4,3,1225,9,750,185,750,478,1240,4,own cell x size,0
loaf bread,ILOILO,TIGBAUAN,large packs,g,small,480,3,3,667.5,8,640,188,640,411,667.5,8,cell pooled across sizes,0
loaf bread,ILOILO,TIGBAUAN,large packs,g,medium,670,4,3,667.5,8,640,188,640,411,667.5,8,cell pooled across sizes,0
loaf bread,ILOILO,TIGBAUAN,large packs,g,large,765,1,3,667.5,8,640,188,640,411,667.5,8,cell pooled across sizes,0
loaf bread,ILOILO,TIGBAUAN,medium packs,g,small,475,3,3,475,5,450,160,450,352,475,5,cell pooled across sizes,0
loaf bread,ILOILO,TIGBAUAN,medium packs,g,medium,527.5,2,3,475,5,450,160,450,352,475,5,cell pooled across sizes,0
loaf bread,ILOILO,TIGBAUAN,small packs,g,small,385,3,3,385,3,385,123,370,259,385,3,own cell x size,0
mango,ILOILO,TIGBAUAN,pieces or units,g,medium,135,3,2,135,3,230,289,230,539,135,3,own cell x size,0
"preserved or processed meat (tocino, tapa, longaniza, etc)",ILOILO,TIGBAUAN,bilog,g,small,165,3,3,255,9,250,116,229,222,255,9,cell pooled across sizes,0
"preserved or processed meat (tocino, tapa, longaniza, etc)",ILOILO,TIGBAUAN,bilog,g,medium,257.5,4,3,255,9,250,116,229,222,255,9,cell pooled across sizes,0
"preserved or processed meat (tocino, tapa, longaniza, etc)",ILOILO,TIGBAUAN,bilog,g,large,587.5,2,3,255,9,250,116,229,222,255,9,cell pooled across sizes,0
"preserved or processed meat (tocino, tapa, longaniza, etc)",ILOILO,TIGBAUAN,pack,g,small,250,3,3,260,8,250,70,250,85,260,8,cell pooled across sizes,0
"preserved or processed meat (tocino, tapa, longaniza, etc)",ILOILO,TIGBAUAN,pack,g,medium,265,4,3,260,8,250,70,250,85,260,8,cell pooled across sizes,0
"preserved or processed meat (tocino, tapa, longaniza, etc)",ILOILO,TIGBAUAN,pack,g,large,290,1,3,260,8,250,70,250,85,260,8,cell pooled across sizes,0
"preserved or processed meat (tocino, tapa, longaniza, etc)",ILOILO,TIGBAUAN,putos,g,small,195,3,3,210,5,250,182,250,473,210,5,cell pooled across sizes,0
"preserved or processed meat (tocino, tapa, longaniza, etc)",ILOILO,TIGBAUAN,putos,g,medium,280,2,3,210,5,250,182,250,473,210,5,cell pooled across sizes,0
rice,ILOILO,TIGBAUAN,salmon,g,conventional_nsu,405,3,1,405,3,410,21,410,21,405,3,own cell x size,0
cabbage,ILOILO,TUBUNGAN,pack,g,small,110,3,3,110,3,135,26,150,43,110,3,own cell x size,0
cabbage,ILOILO,TUBUNGAN,pieces or units,g,medium,655,3,3,680,5,660,543,655,1306,680,5,cell pooled across sizes,0
cabbage,ILOILO,TUBUNGAN,pieces or units,g,large,830,2,3,680,5,660,543,655,1306,680,5,cell pooled across sizes,0
camote tops,ILOILO,TUBUNGAN,bugkos,g,medium,220,3,2,220,3,170,218,195,449,220,3,own cell x size,0
carrot,ILOILO,TUBUNGAN,pieces or units,g,small,137.5,2,3,145,4,135,538,140,1169,145,4,cell pooled across sizes,0
carrot,ILOILO,TUBUNGAN,pieces or units,g,medium,197.5,2,3,145,4,135,538,140,1169,145,4,cell pooled across sizes,0
chicken,ILOILO,TUBUNGAN,bilog,g,small,905,2,3,1090,3,1072.5,130,1095,230,1090,3,cell pooled across sizes,0
chicken,ILOILO,TUBUNGAN,bilog,g,large,1515,1,3,1090,3,1072.5,130,1095,230,1090,3,cell pooled across sizes,0
"drinks at restaurant, hotel, cafe, or kiosk",ILOILO,TUBUNGAN,pieces,mL,medium,355,3,3,355,3,355,65,355,164,355,3,own cell x size,0
fresh fish,ILOILO,TUBUNGAN,pieces or units,g,small,142.5,4,3,350,12,390,368,390,685,142.5,4,own cell x size,0
fresh fish,ILOILO,TUBUNGAN,pieces or units,g,medium,405,5,3,350,12,390,368,390,685,405,5,own cell x size,0
fresh fish,ILOILO,TUBUNGAN,pieces or units,g,large,750,3,3,350,12,390,368,390,685,750,3,own cell x size,0
"ice cream, sorbet, edible ice (eg., ice-lolli, halo-halo)",ILOILO,TUBUNGAN,gallons,mL,medium,950,2,3,950,2,950,3,950,3,950,3,province x item x unit,0
"ice cream, sorbet, edible ice (eg., ice-lolli, halo-halo)",ILOILO,TUBUNGAN,pieces or units,mL,small,105,6,3,110,9,100,60,100,166,105,6,own cell x size,0
"ice cream, sorbet, edible ice (eg., ice-lolli, halo-halo)",ILOILO,TUBUNGAN,pieces or units,mL,medium,140,3,3,110,9,100,60,100,166,140,3,own cell x size,0
"ice cream, sorbet, edible ice (eg., ice-lolli, halo-halo)",ILOILO,TUBUNGAN,putos,g,small,60,1,3,60,1,60,52,58,82,60,52,province x item x unit,0
"ice cream, sorbet, edible ice (eg., ice-lolli, halo-halo)",ILOILO,TUBUNGAN,putos,mL,small,47.5,4,3,57.5,8,65,60,65,148,47.5,4,own cell x size,0
"ice cream, sorbet, edible ice (eg., ice-lolli, halo-halo)",ILOILO,TUBUNGAN,putos,mL,medium,72.5,4,3,57.5,8,65,60,65,148,72.5,4,own cell x size,0
"liquor (e.g, whisky, coconut wine)",ILOILO,TUBUNGAN,lipid/lapad,mL,medium,375,9,3,375,9,375,267,375,618,375,9,own cell x size,0
"liquor (e.g, whisky, coconut wine)",ILOILO,TUBUNGAN,long-neck,mL,large,750,9,3,750,9,750,185,750,478,750,9,own cell x size,0
loaf bread,ILOILO,TUBUNGAN,large packs,g,large,700,5,3,700,5,640,188,640,411,700,5,own cell x size,0
loaf bread,ILOILO,TUBUNGAN,medium packs,g,medium,500,7,3,500,7,450,160,450,352,500,7,own cell x size,0
loaf bread,ILOILO,TUBUNGAN,small packs,g,small,400,5,3,400,5,385,123,370,259,400,5,own cell x size,0
mango,ILOILO,TUBUNGAN,pieces or units,g,small,210,3,3,235,5,230,289,230,539,235,5,cell pooled across sizes,0
mango,ILOILO,TUBUNGAN,pieces or units,g,medium,250,2,3,235,5,230,289,230,539,235,5,cell pooled across sizes,0
"preserved or processed meat (tocino, tapa, longaniza, etc)",ILOILO,TUBUNGAN,bilog,g,small,200,3,3,200,3,250,116,229,222,200,3,own cell x size,0
"preserved or processed meat (tocino, tapa, longaniza, etc)",ILOILO,TUBUNGAN,putos,g,small,100,3,3,250,8,250,182,250,473,250,8,cell pooled across sizes,0
"preserved or processed meat (tocino, tapa, longaniza, etc)",ILOILO,TUBUNGAN,putos,g,medium,250,4,3,250,8,250,182,250,473,250,8,cell pooled across sizes,0
"preserved or processed meat (tocino, tapa, longaniza, etc)",ILOILO,TUBUNGAN,putos,g,large,500,1,3,250,8,250,182,250,473,250,8,cell pooled across sizes,0
rice,ILOILO,TUBUNGAN,salmon,g,conventional_nsu,422.5,4,1,422.5,4,410,21,410,21,422.5,4,own cell x size,0
cabbage,ILOILO,ZARRAGA,pack,g,small,130,1,3,130,1,135,26,150,43,135,26,province x item x unit,0
cabbage,ILOILO,ZARRAGA,pieces or units,g,small,440,5,3,690,15,660,543,655,1306,440,5,own cell x size,0
cabbage,ILOILO,ZARRAGA,pieces or units,g,medium,695,6,3,690,15,660,543,655,1306,695,6,own cell x size,0
cabbage,ILOILO,ZARRAGA,pieces or units,g,large,957.5,4,3,690,15,660,543,655,1306,957.5,4,own cell x size,0
camote tops,ILOILO,ZARRAGA,bugkos,g,medium,172.5,4,2,172.5,4,170,218,195,449,172.5,4,own cell x size,0
carrot,ILOILO,ZARRAGA,pieces or units,g,medium,115,5,2,115,5,135,538,140,1169,115,5,own cell x size,0
chicken,ILOILO,ZARRAGA,bilog,g,small,955,5,3,1120,13,1072.5,130,1095,230,955,5,own cell x size,0
chicken,ILOILO,ZARRAGA,bilog,g,medium,1135,4,3,1120,13,1072.5,130,1095,230,1135,4,own cell x size,0
chicken,ILOILO,ZARRAGA,bilog,g,large,1220,4,3,1120,13,1072.5,130,1095,230,1220,4,own cell x size,0
chicken,ILOILO,ZARRAGA,pieces of fried chicken,g,medium,50,4,2,50,4,50,4,50,4,50,4,own cell x size,0
fresh fish,ILOILO,ZARRAGA,pieces or units,g,small,302.5,6,3,420,18,390,368,390,685,302.5,6,own cell x size,0
fresh fish,ILOILO,ZARRAGA,pieces or units,g,medium,425,7,3,420,18,390,368,390,685,425,7,own cell x size,0
fresh fish,ILOILO,ZARRAGA,pieces or units,g,large,535,5,3,420,18,390,368,390,685,535,5,own cell x size,0
"ice cream, sorbet, edible ice (eg., ice-lolli, halo-halo)",ILOILO,ZARRAGA,pieces or units,mL,small,60,2,3,60,3,100,60,100,166,60,3,cell pooled across sizes,0
"ice cream, sorbet, edible ice (eg., ice-lolli, halo-halo)",ILOILO,ZARRAGA,pieces or units,mL,medium,65,1,3,60,3,100,60,100,166,60,3,cell pooled across sizes,0
"ice cream, sorbet, edible ice (eg., ice-lolli, halo-halo)",ILOILO,ZARRAGA,small cup,mL,small,100,3,3,100,3,100,75,100,185,100,3,own cell x size,0
"liquor (e.g, whisky, coconut wine)",ILOILO,ZARRAGA,lipid/lapad,mL,medium,375,5,3,375,5,375,267,375,618,375,5,own cell x size,0
loaf bread,ILOILO,ZARRAGA,large packs,g,large,640,6,3,640,6,640,188,640,411,640,6,own cell x size,0
loaf bread,ILOILO,ZARRAGA,medium packs,g,medium,450,7,3,450,7,450,160,450,352,450,7,own cell x size,0
loaf bread,ILOILO,ZARRAGA,small packs,g,small,360,3,3,360,3,385,123,370,259,360,3,own cell x size,0
mango,ILOILO,ZARRAGA,pieces or units,g,medium,180,4,2,180,4,230,289,230,539,180,4,own cell x size,0
"preserved or processed meat (tocino, tapa, longaniza, etc)",ILOILO,ZARRAGA,bilog,g,small,50,3,3,65,8,250,116,229,222,65,8,cell pooled across sizes,0
"preserved or processed meat (tocino, tapa, longaniza, etc)",ILOILO,ZARRAGA,bilog,g,medium,65,3,3,65,8,250,116,229,222,65,8,cell pooled across sizes,0
"preserved or processed meat (tocino, tapa, longaniza, etc)",ILOILO,ZARRAGA,bilog,g,large,72.5,2,3,65,8,250,116,229,222,65,8,cell pooled across sizes,0
"preserved or processed meat (tocino, tapa, longaniza, etc)",ILOILO,ZARRAGA,putos,g,medium,250,11,3,250,11,250,182,250,473,250,11,own cell x size,0
rice,ILOILO,ZARRAGA,salmon,g,conventional_nsu,415,1,1,415,1,410,21,410,21,410,21,province x item x unit,0
cabbage,NEGROS OCCIDENTAL,BINALBAGAN,pieces or units,g,small,515,3,3,770,9,520,149,655,1306,770,9,cell pooled across sizes,0
cabbage,NEGROS OCCIDENTAL,BINALBAGAN,pieces or units,g,medium,835,4,3,770,9,520,149,655,1306,770,9,cell pooled across sizes,0
cabbage,NEGROS OCCIDENTAL,BINALBAGAN,pieces or units,g,large,957.5,2,3,770,9,520,149,655,1306,770,9,cell pooled across sizes,0
camote tops,NEGROS OCCIDENTAL,BINALBAGAN,bugkos,g,small,300,2,3,300,2,305,74,195,449,305,74,province x item x unit,0
camote tops,NEGROS OCCIDENTAL,BINALBAGAN,bundle,g,small,245,3,3,405,9,270,19,500,101,405,9,cell pooled across sizes,0
camote tops,NEGROS OCCIDENTAL,BINALBAGAN,bundle,g,medium,415,4,3,405,9,270,19,500,101,405,9,cell pooled across sizes,0
camote tops,NEGROS OCCIDENTAL,BINALBAGAN,bundle,g,large,662.5,2,3,405,9,270,19,500,101,405,9,cell pooled across sizes,0
chicken,NEGROS OCCIDENTAL,BINALBAGAN,bilog,g,large,1190,1,3,1190,1,1095,55,1095,230,1095,55,province x item x unit,0
chicken,NEGROS OCCIDENTAL,BINALBAGAN,whole (chicken),g,small,890,3,3,985,9,1120,65,1120,468,985,9,cell pooled across sizes,0
chicken,NEGROS OCCIDENTAL,BINALBAGAN,whole (chicken),g,medium,1035,4,3,985,9,1120,65,1120,468,985,9,cell pooled across sizes,0
chicken,NEGROS OCCIDENTAL,BINALBAGAN,whole (chicken),g,large,1172.5,2,3,985,9,1120,65,1120,468,985,9,cell pooled across sizes,0
"ice cream, sorbet, edible ice (eg., ice-lolli, halo-halo)",NEGROS OCCIDENTAL,BINALBAGAN,pieces or units,mL,small,60,5,3,60,5,65,31,100,166,60,5,own cell x size,0
"ice cream, sorbet, edible ice (eg., ice-lolli, halo-halo)",NEGROS OCCIDENTAL,BINALBAGAN,small cup,mL,small,120,3,3,120,3,100,33,100,185,120,3,own cell x size,0
"liquor (e.g, whisky, coconut wine)",NEGROS OCCIDENTAL,BINALBAGAN,lipid/lapad,mL,medium,375,6,2,375,6,375,72,375,618,375,6,own cell x size,0
loaf bread,NEGROS OCCIDENTAL,BINALBAGAN,large packs,g,large,640,4,3,640,4,640,65,640,411,640,4,own cell x size,0
loaf bread,NEGROS OCCIDENTAL,BINALBAGAN,medium packs,g,medium,450,5,3,450,5,450,52,450,352,450,5,own cell x size,0
"preserved or processed meat (tocino, tapa, longaniza, etc)",NEGROS OCCIDENTAL,BINALBAGAN,putos,g,medium,245,4,2,245,4,250,70,250,473,245,4,own cell x size,0
cabbage,NEGROS OCCIDENTAL,CALATRAVA,pieces or units,g,medium,495,6,2,495,6,520,149,655,1306,495,6,own cell x size,0
camote tops,NEGROS OCCIDENTAL,CALATRAVA,bundle,g,small,252.5,4,3,252.5,4,270,19,500,101,252.5,4,own cell x size,0
carrot,NEGROS OCCIDENTAL,CALATRAVA,pieces or units,g,medium,85,6,2,85,6,130,82,140,1169,85,6,own cell x size,0
chicken,NEGROS OCCIDENTAL,CALATRAVA,whole (chicken),g,medium,1150,3,2,1150,3,1120,65,1120,468,1150,3,own cell x size,0
"drinks at restaurant, hotel, cafe, or kiosk",NEGROS OCCIDENTAL,CALATRAVA,pieces,mL,medium,500,2,3,500,2,500,10,355,164,500,10,province x item x unit,0
"ice cream, sorbet, edible ice (eg., ice-lolli, halo-halo)",NEGROS OCCIDENTAL,CALATRAVA,pieces or units,mL,small,110,2,3,110,3,65,31,100,166,110,3,cell pooled across sizes,0
"ice cream, sorbet, edible ice (eg., ice-lolli, halo-halo)",NEGROS OCCIDENTAL,CALATRAVA,pieces or units,mL,medium,115,1,3,110,3,65,31,100,166,110,3,cell pooled across sizes,0
"liquor (e.g, whisky, coconut wine)",NEGROS OCCIDENTAL,CALATRAVA,lipid/lapad,mL,medium,375,5,2,375,5,375,72,375,618,375,5,own cell x size,0
"liquor (e.g, whisky, coconut wine)",NEGROS OCCIDENTAL,CALATRAVA,long-neck,mL,medium,750,5,2,750,5,750,45,750,478,750,5,own cell x size,0
loaf bread,NEGROS OCCIDENTAL,CALATRAVA,large packs,g,large,600,1,3,600,1,640,65,640,411,640,65,province x item x unit,0
loaf bread,NEGROS OCCIDENTAL,CALATRAVA,medium packs,g,medium,405,3,3,405,3,450,52,450,352,405,3,own cell x size,0
mango,NEGROS OCCIDENTAL,CALATRAVA,pieces or units,g,medium,300,4,2,300,4,222.5,18,230,539,300,4,own cell x size,0
"preserved or processed meat (tocino, tapa, longaniza, etc)",NEGROS OCCIDENTAL,CALATRAVA,bilog,g,medium,65,1,2,65,1,65,38,229,222,65,38,province x item x unit,0
"preserved or processed meat (tocino, tapa, longaniza, etc)",NEGROS OCCIDENTAL,CALATRAVA,putos,g,medium,250,3,2,250,3,250,70,250,473,250,3,own cell x size,0
cabbage,NEGROS OCCIDENTAL,CANDONI,pieces or units,g,medium,600,3,2,600,3,520,149,655,1306,600,3,own cell x size,0
camote tops,NEGROS OCCIDENTAL,CANDONI,bugkos,g,medium,145,1,2,145,1,305,74,195,449,305,74,province x item x unit,0
carrot,NEGROS OCCIDENTAL,CANDONI,pieces or units,g,medium,100,3,2,100,3,130,82,140,1169,100,3,own cell x size,0
chicken,NEGROS OCCIDENTAL,CANDONI,bilog,g,medium,1080,1,2,1235,2,1095,55,1095,230,1095,55,province x item x unit,0
chicken,NEGROS OCCIDENTAL,CANDONI,bilog,g,large,1390,1,2,1235,2,1095,55,1095,230,1095,55,province x item x unit,0
chicken,NEGROS OCCIDENTAL,CANDONI,whole (chicken),g,medium,1125,1,2,1272.5,2,1120,65,1120,468,1120,65,province x item x unit,0
chicken,NEGROS OCCIDENTAL,CANDONI,whole (chicken),g,large,1420,1,2,1272.5,2,1120,65,1120,468,1120,65,province x item x unit,0
"drinks at restaurant, hotel, cafe, or kiosk",NEGROS OCCIDENTAL,CANDONI,pieces,mL,medium,355,3,3,355,3,500,10,355,164,355,3,own cell x size,0
fresh fish,NEGROS OCCIDENTAL,CANDONI,pieces or units,g,medium,460,1,2,460,1,342.5,48,390,685,342.5,48,province x item x unit,0
"ice cream, sorbet, edible ice (eg., ice-lolli, halo-halo)",NEGROS OCCIDENTAL,CANDONI,cone,mL,medium,100,2,3,100,2,100,2,110,25,110,25,item x unit (national),0
"ice cream, sorbet, edible ice (eg., ice-lolli, halo-halo)",NEGROS OCCIDENTAL,CANDONI,putos,mL,small,60,3,3,60,3,60,24,65,148,60,3,own cell x size,0
"ice cream, sorbet, edible ice (eg., ice-lolli, halo-halo)",NEGROS OCCIDENTAL,CANDONI,small cup,mL,small,100,3,3,100,3,100,33,100,185,100,3,own cell x size,0
"liquor (e.g, whisky, coconut wine)",NEGROS OCCIDENTAL,CANDONI,lipid/lapad,mL,medium,375,4,2,375,4,375,72,375,618,375,4,own cell x size,0
"liquor (e.g, whisky, coconut wine)",NEGROS OCCIDENTAL,CANDONI,long-neck,mL,large,750,3,3,750,3,750,45,750,478,750,3,own cell x size,0
loaf bread,NEGROS OCCIDENTAL,CANDONI,large packs,g,large,640,2,3,640,2,640,65,640,411,640,65,province x item x unit,0
loaf bread,NEGROS OCCIDENTAL,CANDONI,medium packs,g,medium,450,3,3,450,3,450,52,450,352,450,3,own cell x size,0
loaf bread,NEGROS OCCIDENTAL,CANDONI,small packs,g,small,220,2,3,220,2,252.5,38,370,259,252.5,38,province x item x unit,0
"prawns, lobster, shrimp",NEGROS OCCIDENTAL,CANDONI,tumpok,g,medium,210,1,2,210,1,230,21,260,147,230,21,province x item x unit,0
"preserved or processed meat (tocino, tapa, longaniza, etc)",NEGROS OCCIDENTAL,CANDONI,bilog,g,medium,62.5,2,2,62.5,2,65,38,229,222,65,38,province x item x unit,0
"preserved or processed meat (tocino, tapa, longaniza, etc)",NEGROS OCCIDENTAL,CANDONI,putos,g,medium,215,2,2,239,4,250,70,250,473,239,4,cell pooled across sizes,0
"preserved or processed meat (tocino, tapa, longaniza, etc)",NEGROS OCCIDENTAL,CANDONI,putos,g,large,264,2,2,239,4,250,70,250,473,239,4,cell pooled across sizes,0
cabbage,NEGROS OCCIDENTAL,CAUAYAN,pieces or units,g,medium,705,3,2,705,3,520,149,655,1306,705,3,own cell x size,0
camote,NEGROS OCCIDENTAL,CAUAYAN,bilog,g,medium,150,2,2,150,2,130,38,140,509,130,38,province x item x unit,0
camote tops,NEGROS OCCIDENTAL,CAUAYAN,bugkos,g,small,127.5,2,3,242.5,6,305,74,195,449,242.5,6,cell pooled across sizes,0
camote tops,NEGROS OCCIDENTAL,CAUAYAN,bugkos,g,medium,265,3,3,242.5,6,305,74,195,449,242.5,6,cell pooled across sizes,0
camote tops,NEGROS OCCIDENTAL,CAUAYAN,bugkos,g,large,505,1,3,242.5,6,305,74,195,449,242.5,6,cell pooled across sizes,0
carrot,NEGROS OCCIDENTAL,CAUAYAN,pieces or units,g,medium,140,3,2,140,3,130,82,140,1169,140,3,own cell x size,0
chicken,NEGROS OCCIDENTAL,CAUAYAN,pieces or units,g,medium,1362.5,2,2,1362.5,2,1362.5,2,380,108,380,108,item x unit (national),0
chicken,NEGROS OCCIDENTAL,CAUAYAN,whole (chicken),g,small,862.5,2,2,1102.5,6,1120,65,1120,468,1102.5,6,cell pooled across sizes,0
chicken,NEGROS OCCIDENTAL,CAUAYAN,whole (chicken),g,medium,1102.5,2,2,1102.5,6,1120,65,1120,468,1102.5,6,cell pooled across sizes,0
chicken,NEGROS OCCIDENTAL,CAUAYAN,whole (chicken),g,large,1360,2,2,1102.5,6,1120,65,1120,468,1102.5,6,cell pooled across sizes,0
"drinks at restaurant, hotel, cafe, or kiosk",NEGROS OCCIDENTAL,CAUAYAN,pieces,g,medium,455,1,3,455,1,550,8,450,25,550,8,province x item x unit,0
"ice cream, sorbet, edible ice (eg., ice-lolli, halo-halo)",NEGROS OCCIDENTAL,CAUAYAN,pieces or units,mL,small,60,1,3,90,2,65,31,100,166,65,31,province x item x unit,0
"ice cream, sorbet, edible ice (eg., ice-lolli, halo-halo)",NEGROS OCCIDENTAL,CAUAYAN,pieces or units,mL,medium,120,1,3,90,2,65,31,100,166,65,31,province x item x unit,0
"ice cream, sorbet, edible ice (eg., ice-lolli, halo-halo)",NEGROS OCCIDENTAL,CAUAYAN,small cup,mL,medium,100,3,2,100,3,100,33,100,185,100,3,own cell x size,0
"liquor (e.g, whisky, coconut wine)",NEGROS OCCIDENTAL,CAUAYAN,lipid/lapad,mL,medium,375,5,2,375,5,375,72,375,618,375,5,own cell x size,0
"liquor (e.g, whisky, coconut wine)",NEGROS OCCIDENTAL,CAUAYAN,long-neck,mL,medium,750,5,2,750,5,750,45,750,478,750,5,own cell x size,0
loaf bread,NEGROS OCCIDENTAL,CAUAYAN,large packs,g,large,650,6,3,650,6,640,65,640,411,650,6,own cell x size,0
loaf bread,NEGROS OCCIDENTAL,CAUAYAN,medium packs,g,medium,450,3,3,450,3,450,52,450,352,450,3,own cell x size,0
loaf bread,NEGROS OCCIDENTAL,CAUAYAN,small packs,g,small,360,3,3,360,3,252.5,38,370,259,360,3,own cell x size,0
"prawns, lobster, shrimp",NEGROS OCCIDENTAL,CAUAYAN,tumpok,g,medium,260,3,2,260,3,230,21,260,147,260,3,own cell x size,0
"preserved or processed meat (tocino, tapa, longaniza, etc)",NEGROS OCCIDENTAL,CAUAYAN,putos,g,medium,250,4,2,250,4,250,70,250,473,250,4,own cell x size,0
cabbage,NEGROS OCCIDENTAL,ENRIQUE B. MAGALONA (SARAVIA),pieces or units,g,medium,460,3,2,460,3,520,149,655,1306,460,3,own cell x size,0
camote,NEGROS OCCIDENTAL,ENRIQUE B. MAGALONA (SARAVIA),bilog,g,medium,65,2,2,65,2,130,38,140,509,130,38,province x item x unit,0
camote tops,NEGROS OCCIDENTAL,ENRIQUE B. MAGALONA (SARAVIA),bugkos,g,large,640,3,3,640,3,305,74,195,449,640,3,own cell x size,0
carrot,NEGROS OCCIDENTAL,ENRIQUE B. MAGALONA (SARAVIA),pieces or units,g,medium,140,3,2,140,3,130,82,140,1169,140,3,own cell x size,0
chicken,NEGROS OCCIDENTAL,ENRIQUE B. MAGALONA (SARAVIA),bilog,g,small,935,3,3,1050,8,1095,55,1095,230,1050,8,cell pooled across sizes,0
chicken,NEGROS OCCIDENTAL,ENRIQUE B. MAGALONA (SARAVIA),bilog,g,medium,1065,3,3,1050,8,1095,55,1095,230,1050,8,cell pooled across sizes,0
chicken,NEGROS OCCIDENTAL,ENRIQUE B. MAGALONA (SARAVIA),bilog,g,large,1112.5,2,3,1050,8,1095,55,1095,230,1050,8,cell pooled across sizes,0
chicken,NEGROS OCCIDENTAL,ENRIQUE B. MAGALONA (SARAVIA),whole (chicken),g,small,1090,1,3,1190,3,1120,65,1120,468,1190,3,cell pooled across sizes,0
chicken,NEGROS OCCIDENTAL,ENRIQUE B. MAGALONA (SARAVIA),whole (chicken),g,medium,1352.5,2,3,1190,3,1120,65,1120,468,1190,3,cell pooled across sizes,0
fresh fish,NEGROS OCCIDENTAL,ENRIQUE B. MAGALONA (SARAVIA),pieces or units,g,small,100,3,3,155,9,342.5,48,390,685,155,9,cell pooled across sizes,0
fresh fish,NEGROS OCCIDENTAL,ENRIQUE B. MAGALONA (SARAVIA),pieces or units,g,medium,175,4,3,155,9,342.5,48,390,685,155,9,cell pooled across sizes,0
fresh fish,NEGROS OCCIDENTAL,ENRIQUE B. MAGALONA (SARAVIA),pieces or units,g,large,680,2,3,155,9,342.5,48,390,685,155,9,cell pooled across sizes,0
"ice cream, sorbet, edible ice (eg., ice-lolli, halo-halo)",NEGROS OCCIDENTAL,ENRIQUE B. MAGALONA (SARAVIA),pieces or units,g,small,45,1,3,45,1,70,15,60,94,70,15,province x item x unit,0
"ice cream, sorbet, edible ice (eg., ice-lolli, halo-halo)",NEGROS OCCIDENTAL,ENRIQUE B. MAGALONA (SARAVIA),pieces or units,mL,small,60,2,3,60,2,65,31,100,166,65,31,province x item x unit,0
"ice cream, sorbet, edible ice (eg., ice-lolli, halo-halo)",NEGROS OCCIDENTAL,ENRIQUE B. MAGALONA (SARAVIA),putos,g,medium,43,1,2,43,1,45,9,58,82,45,9,province x item x unit,0
"ice cream, sorbet, edible ice (eg., ice-lolli, halo-halo)",NEGROS OCCIDENTAL,ENRIQUE B. MAGALONA (SARAVIA),putos,mL,medium,60,1,2,60,1,60,24,65,148,60,24,province x item x unit,0
"ice cream, sorbet, edible ice (eg., ice-lolli, halo-halo)",NEGROS OCCIDENTAL,ENRIQUE B. MAGALONA (SARAVIA),small cup,g,small,100,1,3,100,1,100,13,100,120,100,13,province x item x unit,0
"ice cream, sorbet, edible ice (eg., ice-lolli, halo-halo)",NEGROS OCCIDENTAL,ENRIQUE B. MAGALONA (SARAVIA),small cup,mL,small,100,2,3,100,2,100,33,100,185,100,33,province x item x unit,0
"liquor (e.g, whisky, coconut wine)",NEGROS OCCIDENTAL,ENRIQUE B. MAGALONA (SARAVIA),lipid/lapad,mL,medium,375,1,2,375,1,375,72,375,618,375,72,province x item x unit,0
loaf bread,NEGROS OCCIDENTAL,ENRIQUE B. MAGALONA (SARAVIA),large packs,g,small,220,3,3,450,9,640,65,640,411,220,3,own cell x size,0
loaf bread,NEGROS OCCIDENTAL,ENRIQUE B. MAGALONA (SARAVIA),large packs,g,medium,545,6,3,450,9,640,65,640,411,545,6,own cell x size,0
loaf bread,NEGROS OCCIDENTAL,ENRIQUE B. MAGALONA (SARAVIA),medium packs,g,medium,400,2,3,400,2,450,52,450,352,450,52,province x item x unit,0
loaf bread,NEGROS OCCIDENTAL,ENRIQUE B. MAGALONA (SARAVIA),small packs,g,small,220,2,3,220,2,252.5,38,370,259,252.5,38,province x item x unit,0
"preserved or processed meat (tocino, tapa, longaniza, etc)",NEGROS OCCIDENTAL,ENRIQUE B. MAGALONA (SARAVIA),bilog,g,medium,62.5,2,2,62.5,2,65,38,229,222,65,38,province x item x unit,0
"preserved or processed meat (tocino, tapa, longaniza, etc)",NEGROS OCCIDENTAL,ENRIQUE B. MAGALONA (SARAVIA),cans,g,medium,150,5,2,150,5,152.5,6,155,95,150,5,own cell x size,0
"preserved or processed meat (tocino, tapa, longaniza, etc)",NEGROS OCCIDENTAL,ENRIQUE B. MAGALONA (SARAVIA),putos,g,medium,215,2,2,215,2,250,70,250,473,250,70,province x item x unit,0
cabbage,NEGROS OCCIDENTAL,HINIGARAN,pieces or units,g,small,260,5,3,490,15,520,149,655,1306,260,5,own cell x size,0
cabbage,NEGROS OCCIDENTAL,HINIGARAN,pieces or units,g,medium,500,6,3,490,15,520,149,655,1306,500,6,own cell x size,0
cabbage,NEGROS OCCIDENTAL,HINIGARAN,pieces or units,g,large,870,4,3,490,15,520,149,655,1306,870,4,own cell x size,0
camote,NEGROS OCCIDENTAL,HINIGARAN,bilog,g,medium,112.5,2,2,112.5,2,130,38,140,509,130,38,province x item x unit,0
camote tops,NEGROS OCCIDENTAL,HINIGARAN,bugkos,g,small,230,1,3,267.5,2,305,74,195,449,305,74,province x item x unit,0
camote tops,NEGROS OCCIDENTAL,HINIGARAN,bugkos,g,medium,305,1,3,267.5,2,305,74,195,449,305,74,province x item x unit,0
carrot,NEGROS OCCIDENTAL,HINIGARAN,pieces or units,g,medium,140,5,2,140,5,130,82,140,1169,140,5,own cell x size,0
chicken,NEGROS OCCIDENTAL,HINIGARAN,bilog,g,small,855,3,2,950,6,1095,55,1095,230,855,3,own cell x size,0
chicken,NEGROS OCCIDENTAL,HINIGARAN,bilog,g,medium,1090,3,2,950,6,1095,55,1095,230,1090,3,own cell x size,0
chicken,NEGROS OCCIDENTAL,HINIGARAN,whole (chicken),g,medium,1055,1,3,1055,1,1120,65,1120,468,1120,65,province x item x unit,0
"drinks at restaurant, hotel, cafe, or kiosk",NEGROS OCCIDENTAL,HINIGARAN,pieces,mL,medium,990,1,3,990,1,500,10,355,164,500,10,province x item x unit,0
fresh fish,NEGROS OCCIDENTAL,HINIGARAN,pieces or units,g,small,375,1,3,525,3,342.5,48,390,685,525,3,cell pooled across sizes,0
fresh fish,NEGROS OCCIDENTAL,HINIGARAN,pieces or units,g,medium,607.5,2,3,525,3,342.5,48,390,685,525,3,cell pooled across sizes,0
"ice cream, sorbet, edible ice (eg., ice-lolli, halo-halo)",NEGROS OCCIDENTAL,HINIGARAN,pieces or units,g,small,43,1,3,43,1,70,15,60,94,70,15,province x item x unit,0
"ice cream, sorbet, edible ice (eg., ice-lolli, halo-halo)",NEGROS OCCIDENTAL,HINIGARAN,pieces or units,mL,small,110,1,3,110,1,65,31,100,166,65,31,province x item x unit,0
"ice cream, sorbet, edible ice (eg., ice-lolli, halo-halo)",NEGROS OCCIDENTAL,HINIGARAN,putos,mL,small,49,1,3,49,1,60,24,65,148,60,24,province x item x unit,0
"ice cream, sorbet, edible ice (eg., ice-lolli, halo-halo)",NEGROS OCCIDENTAL,HINIGARAN,small cup,mL,small,110,2,3,110,2,100,33,100,185,100,33,province x item x unit,0
"ice cream, sorbet, edible ice (eg., ice-lolli, halo-halo)",NEGROS OCCIDENTAL,HINIGARAN,tupperware,mL,small,450,1,3,575,2,575,2,700,4,700,4,item x unit (national),0
"ice cream, sorbet, edible ice (eg., ice-lolli, halo-halo)",NEGROS OCCIDENTAL,HINIGARAN,tupperware,mL,medium,700,1,3,575,2,575,2,700,4,700,4,item x unit (national),0
"liquor (e.g, whisky, coconut wine)",NEGROS OCCIDENTAL,HINIGARAN,lipid/lapad,mL,medium,375,2,2,375,2,375,72,375,618,375,72,province x item x unit,0
loaf bread,NEGROS OCCIDENTAL,HINIGARAN,large packs,g,large,415,1,3,415,1,640,65,640,411,640,65,province x item x unit,0
loaf bread,NEGROS OCCIDENTAL,HINIGARAN,medium packs,g,medium,575,2,3,575,2,450,52,450,352,450,52,province x item x unit,0
loaf bread,NEGROS OCCIDENTAL,HINIGARAN,small packs,g,small,385,2,3,385,2,252.5,38,370,259,252.5,38,province x item x unit,0
mango,NEGROS OCCIDENTAL,HINIGARAN,pieces or units,g,medium,215,5,2,215,5,222.5,18,230,539,215,5,own cell x size,0
"prawns, lobster, shrimp",NEGROS OCCIDENTAL,HINIGARAN,tumpok,g,medium,235,2,2,235,2,230,21,260,147,230,21,province x item x unit,0
"preserved or processed meat (tocino, tapa, longaniza, etc)",NEGROS OCCIDENTAL,HINIGARAN,bilog,g,medium,250,4,2,250,4,65,38,229,222,250,4,own cell x size,0
"preserved or processed meat (tocino, tapa, longaniza, etc)",NEGROS OCCIDENTAL,HINIGARAN,putos,g,medium,237.5,4,2,237.5,4,250,70,250,473,237.5,4,own cell x size,0
cabbage,NEGROS OCCIDENTAL,HINOBA-AN (ASIA),pack,g,small,265,3,3,265,3,265,3,150,43,265,3,own cell x size,0
camote tops,NEGROS OCCIDENTAL,HINOBA-AN (ASIA),bugkos,g,small,290,3,3,290,3,305,74,195,449,290,3,own cell x size,0
camote tops,NEGROS OCCIDENTAL,HINOBA-AN (ASIA),bundle,g,small,290,3,3,290,3,270,19,500,101,290,3,own cell x size,0
carrot,NEGROS OCCIDENTAL,HINOBA-AN (ASIA),pieces or units,g,medium,105,3,2,105,3,130,82,140,1169,105,3,own cell x size,0
chicken,NEGROS OCCIDENTAL,HINOBA-AN (ASIA),bilog,g,small,910,1,2,1052.5,4,1095,55,1095,230,1052.5,4,cell pooled across sizes,0
chicken,NEGROS OCCIDENTAL,HINOBA-AN (ASIA),bilog,g,medium,1052.5,2,2,1052.5,4,1095,55,1095,230,1052.5,4,cell pooled across sizes,0
chicken,NEGROS OCCIDENTAL,HINOBA-AN (ASIA),bilog,g,large,1135,1,2,1052.5,4,1095,55,1095,230,1052.5,4,cell pooled across sizes,0
"drinks at restaurant, hotel, cafe, or kiosk",NEGROS OCCIDENTAL,HINOBA-AN (ASIA),pieces,g,small,780,2,3,780,2,550,8,450,25,550,8,province x item x unit,0
"ice cream, sorbet, edible ice (eg., ice-lolli, halo-halo)",NEGROS OCCIDENTAL,HINOBA-AN (ASIA),pieces or units,g,small,71,2,3,71,2,70,15,60,94,70,15,province x item x unit,0
"ice cream, sorbet, edible ice (eg., ice-lolli, halo-halo)",NEGROS OCCIDENTAL,HINOBA-AN (ASIA),pieces or units,mL,small,115,1,3,115,1,65,31,100,166,65,31,province x item x unit,0
"ice cream, sorbet, edible ice (eg., ice-lolli, halo-halo)",NEGROS OCCIDENTAL,HINOBA-AN (ASIA),putos,g,small,63,3,3,63,3,45,9,58,82,63,3,own cell x size,0
"ice cream, sorbet, edible ice (eg., ice-lolli, halo-halo)",NEGROS OCCIDENTAL,HINOBA-AN (ASIA),putos,mL,medium,60,1,3,60,1,60,24,65,148,60,24,province x item x unit,0
"ice cream, sorbet, edible ice (eg., ice-lolli, halo-halo)",NEGROS OCCIDENTAL,HINOBA-AN (ASIA),small cup,g,small,100,2,3,100,2,100,13,100,120,100,13,province x item x unit,0
"ice cream, sorbet, edible ice (eg., ice-lolli, halo-halo)",NEGROS OCCIDENTAL,HINOBA-AN (ASIA),small cup,mL,small,100,1,3,100,1,100,33,100,185,100,33,province x item x unit,0
"liquor (e.g, whisky, coconut wine)",NEGROS OCCIDENTAL,HINOBA-AN (ASIA),lipid/lapad,mL,medium,375,2,2,375,2,375,72,375,618,375,72,province x item x unit,0
"liquor (e.g, whisky, coconut wine)",NEGROS OCCIDENTAL,HINOBA-AN (ASIA),long-neck,mL,medium,750,2,2,750,2,750,45,750,478,750,45,province x item x unit,0
loaf bread,NEGROS OCCIDENTAL,HINOBA-AN (ASIA),large packs,g,large,640,6,3,640,6,640,65,640,411,640,6,own cell x size,0
loaf bread,NEGROS OCCIDENTAL,HINOBA-AN (ASIA),medium packs,g,medium,450,6,3,450,6,450,52,450,352,450,6,own cell x size,0
loaf bread,NEGROS OCCIDENTAL,HINOBA-AN (ASIA),small packs,g,small,220,5,3,220,5,252.5,38,370,259,220,5,own cell x size,0
"preserved or processed meat (tocino, tapa, longaniza, etc)",NEGROS OCCIDENTAL,HINOBA-AN (ASIA),pack,g,medium,250,1,2,250,1,250,6,250,85,250,6,province x item x unit,0
"preserved or processed meat (tocino, tapa, longaniza, etc)",NEGROS OCCIDENTAL,HINOBA-AN (ASIA),putos,g,medium,250,4,2,250,4,250,70,250,473,250,4,own cell x size,0
cabbage,NEGROS OCCIDENTAL,ILOG,pieces or units,g,small,355,3,3,525,9,520,149,655,1306,525,9,cell pooled across sizes,0
cabbage,NEGROS OCCIDENTAL,ILOG,pieces or units,g,medium,620,5,3,525,9,520,149,655,1306,525,9,cell pooled across sizes,0
cabbage,NEGROS OCCIDENTAL,ILOG,pieces or units,g,large,775,1,3,525,9,520,149,655,1306,525,9,cell pooled across sizes,0
camote tops,NEGROS OCCIDENTAL,ILOG,bugkos,g,small,375,3,3,375,3,305,74,195,449,375,3,own cell x size,0
camote tops,NEGROS OCCIDENTAL,ILOG,bundle,g,medium,270,3,2,270,3,270,19,500,101,270,3,own cell x size,0
carrot,NEGROS OCCIDENTAL,ILOG,pieces or units,g,medium,100,3,2,100,3,130,82,140,1169,100,3,own cell x size,0
chicken,NEGROS OCCIDENTAL,ILOG,bilog,g,small,1125,3,2,1300,9,1095,55,1095,230,1125,3,own cell x size,0
chicken,NEGROS OCCIDENTAL,ILOG,bilog,g,medium,1325,3,2,1300,9,1095,55,1095,230,1325,3,own cell x size,0
chicken,NEGROS OCCIDENTAL,ILOG,bilog,g,large,1580,3,2,1300,9,1095,55,1095,230,1580,3,own cell x size,0
chicken,NEGROS OCCIDENTAL,ILOG,whole (chicken),g,small,1070,3,3,1115,7,1120,65,1120,468,1115,7,cell pooled across sizes,0
chicken,NEGROS OCCIDENTAL,ILOG,whole (chicken),g,medium,1115,2,3,1115,7,1120,65,1120,468,1115,7,cell pooled across sizes,0
chicken,NEGROS OCCIDENTAL,ILOG,whole (chicken),g,large,1245,2,3,1115,7,1120,65,1120,468,1115,7,cell pooled across sizes,0
"ice cream, sorbet, edible ice (eg., ice-lolli, halo-halo)",NEGROS OCCIDENTAL,ILOG,pieces or units,g,small,110,3,3,110,3,70,15,60,94,110,3,own cell x size,0
"ice cream, sorbet, edible ice (eg., ice-lolli, halo-halo)",NEGROS OCCIDENTAL,ILOG,pieces or units,mL,small,35,1,3,35,1,65,31,100,166,65,31,province x item x unit,0
"ice cream, sorbet, edible ice (eg., ice-lolli, halo-halo)",NEGROS OCCIDENTAL,ILOG,putos,g,small,45,3,3,45,3,45,9,58,82,45,3,own cell x size,0
"ice cream, sorbet, edible ice (eg., ice-lolli, halo-halo)",NEGROS OCCIDENTAL,ILOG,putos,mL,small,92,1,3,92,1,60,24,65,148,60,24,province x item x unit,0
"ice cream, sorbet, edible ice (eg., ice-lolli, halo-halo)",NEGROS OCCIDENTAL,ILOG,small cup,g,small,100,5,3,100,5,100,13,100,120,100,5,own cell x size,0
"liquor (e.g, whisky, coconut wine)",NEGROS OCCIDENTAL,ILOG,lipid/lapad,mL,medium,375,1,2,375,1,375,72,375,618,375,72,province x item x unit,0
loaf bread,NEGROS OCCIDENTAL,ILOG,large packs,g,large,640,3,3,640,3,640,65,640,411,640,3,own cell x size,0
loaf bread,NEGROS OCCIDENTAL,ILOG,medium packs,g,medium,450,3,3,450,3,450,52,450,352,450,3,own cell x size,0
loaf bread,NEGROS OCCIDENTAL,ILOG,small packs,g,small,360,3,3,360,3,252.5,38,370,259,360,3,own cell x size,0
"preserved or processed meat (tocino, tapa, longaniza, etc)",NEGROS OCCIDENTAL,ILOG,bilog,g,medium,60,3,2,60,3,65,38,229,222,60,3,own cell x size,0
"preserved or processed meat (tocino, tapa, longaniza, etc)",NEGROS OCCIDENTAL,ILOG,putos,g,medium,250,3,2,250,3,250,70,250,473,250,3,own cell x size,0
cabbage,NEGROS OCCIDENTAL,ISABELA,pieces or units,g,small,280,3,3,475,9,520,149,655,1306,475,9,cell pooled across sizes,0
cabbage,NEGROS OCCIDENTAL,ISABELA,pieces or units,g,medium,517.5,4,3,475,9,520,149,655,1306,475,9,cell pooled across sizes,0
cabbage,NEGROS OCCIDENTAL,ISABELA,pieces or units,g,large,910,2,3,475,9,520,149,655,1306,475,9,cell pooled across sizes,0
camote,NEGROS OCCIDENTAL,ISABELA,bilog,g,medium,120,3,2,120,3,130,38,140,509,120,3,own cell x size,0
camote tops,NEGROS OCCIDENTAL,ISABELA,bugkos,g,small,125,3,3,235,9,305,74,195,449,235,9,cell pooled across sizes,0
camote tops,NEGROS OCCIDENTAL,ISABELA,bugkos,g,medium,270,4,3,235,9,305,74,195,449,235,9,cell pooled across sizes,0
camote tops,NEGROS OCCIDENTAL,ISABELA,bugkos,g,large,587.5,2,3,235,9,305,74,195,449,235,9,cell pooled across sizes,0
carrot,NEGROS OCCIDENTAL,ISABELA,pieces or units,g,medium,135,3,2,135,3,130,82,140,1169,135,3,own cell x size,0
chicken,NEGROS OCCIDENTAL,ISABELA,whole (chicken),g,small,1035,3,2,1140,9,1120,65,1120,468,1035,3,own cell x size,0
chicken,NEGROS OCCIDENTAL,ISABELA,whole (chicken),g,medium,1140,3,2,1140,9,1120,65,1120,468,1140,3,own cell x size,0
chicken,NEGROS OCCIDENTAL,ISABELA,whole (chicken),g,large,1505,3,2,1140,9,1120,65,1120,468,1505,3,own cell x size,0
fresh fish,NEGROS OCCIDENTAL,ISABELA,pieces or units,g,small,205,3,3,295,9,342.5,48,390,685,295,9,cell pooled across sizes,0
fresh fish,NEGROS OCCIDENTAL,ISABELA,pieces or units,g,medium,330,4,3,295,9,342.5,48,390,685,295,9,cell pooled across sizes,0
fresh fish,NEGROS OCCIDENTAL,ISABELA,pieces or units,g,large,537.5,2,3,295,9,342.5,48,390,685,295,9,cell pooled across sizes,0
"ice cream, sorbet, edible ice (eg., ice-lolli, halo-halo)",NEGROS OCCIDENTAL,ISABELA,putos,mL,small,49,2,3,52.5,4,60,24,65,148,52.5,4,cell pooled across sizes,0
"ice cream, sorbet, edible ice (eg., ice-lolli, halo-halo)",NEGROS OCCIDENTAL,ISABELA,putos,mL,medium,60,2,3,52.5,4,60,24,65,148,52.5,4,cell pooled across sizes,0
"ice cream, sorbet, edible ice (eg., ice-lolli, halo-halo)",NEGROS OCCIDENTAL,ISABELA,small cup,mL,small,110,3,3,110,3,100,33,100,185,110,3,own cell x size,0
"liquor (e.g, whisky, coconut wine)",NEGROS OCCIDENTAL,ISABELA,lipid/lapad,mL,medium,375,3,2,375,3,375,72,375,618,375,3,own cell x size,0
"liquor (e.g, whisky, coconut wine)",NEGROS OCCIDENTAL,ISABELA,long-neck,mL,medium,750,4,2,750,4,750,45,750,478,750,4,own cell x size,0
loaf bread,NEGROS OCCIDENTAL,ISABELA,large packs,g,large,650,3,3,650,3,640,65,640,411,650,3,own cell x size,0
loaf bread,NEGROS OCCIDENTAL,ISABELA,medium packs,g,medium,450,3,3,450,3,450,52,450,352,450,3,own cell x size,0
loaf bread,NEGROS OCCIDENTAL,ISABELA,small packs,g,small,290,2,3,290,2,252.5,38,370,259,252.5,38,province x item x unit,0
mango,NEGROS OCCIDENTAL,ISABELA,pieces or units,g,medium,215,3,2,215,3,222.5,18,230,539,215,3,own cell x size,0
"preserved or processed meat (tocino, tapa, longaniza, etc)",NEGROS OCCIDENTAL,ISABELA,bilog,g,medium,60,3,2,60,3,65,38,229,222,60,3,own cell x size,0
"preserved or processed meat (tocino, tapa, longaniza, etc)",NEGROS OCCIDENTAL,ISABELA,putos,g,medium,250,3,2,250,3,250,70,250,473,250,3,own cell x size,0
cabbage,NEGROS OCCIDENTAL,LA CASTELLANA,pieces or units,g,small,370,3,3,640,9,520,149,655,1306,640,9,cell pooled across sizes,0
cabbage,NEGROS OCCIDENTAL,LA CASTELLANA,pieces or units,g,medium,887.5,4,3,640,9,520,149,655,1306,640,9,cell pooled across sizes,0
cabbage,NEGROS OCCIDENTAL,LA CASTELLANA,pieces or units,g,large,1492.5,2,3,640,9,520,149,655,1306,640,9,cell pooled across sizes,0
camote,NEGROS OCCIDENTAL,LA CASTELLANA,bilog,g,medium,140,3,2,140,3,130,38,140,509,140,3,own cell x size,0
camote tops,NEGROS OCCIDENTAL,LA CASTELLANA,bugkos,g,small,187.5,2,3,187.5,2,305,74,195,449,305,74,province x item x unit,0
carrot,NEGROS OCCIDENTAL,LA CASTELLANA,pieces or units,g,medium,175,3,2,175,3,130,82,140,1169,175,3,own cell x size,0
chicken,NEGROS OCCIDENTAL,LA CASTELLANA,bilog,g,small,1080,2,2,1247.5,4,1095,55,1095,230,1247.5,4,cell pooled across sizes,0
chicken,NEGROS OCCIDENTAL,LA CASTELLANA,bilog,g,medium,1440,2,2,1247.5,4,1095,55,1095,230,1247.5,4,cell pooled across sizes,0
"drinks at restaurant, hotel, cafe, or kiosk",NEGROS OCCIDENTAL,LA CASTELLANA,pieces,mL,small,500,1,3,500,1,500,10,355,164,500,10,province x item x unit,0
"ice cream, sorbet, edible ice (eg., ice-lolli, halo-halo)",NEGROS OCCIDENTAL,LA CASTELLANA,pieces or units,mL,small,110,3,3,110,3,65,31,100,166,110,3,own cell x size,0
"ice cream, sorbet, edible ice (eg., ice-lolli, halo-halo)",NEGROS OCCIDENTAL,LA CASTELLANA,putos,mL,small,56,2,3,56,2,60,24,65,148,60,24,province x item x unit,0
"ice cream, sorbet, edible ice (eg., ice-lolli, halo-halo)",NEGROS OCCIDENTAL,LA CASTELLANA,small cup,mL,small,100,1,3,100,1,100,33,100,185,100,33,province x item x unit,0
"liquor (e.g, whisky, coconut wine)",NEGROS OCCIDENTAL,LA CASTELLANA,lipid/lapad,mL,medium,375,4,2,375,4,375,72,375,618,375,4,own cell x size,0
"liquor (e.g, whisky, coconut wine)",NEGROS OCCIDENTAL,LA CASTELLANA,long-neck,mL,medium,750,6,2,750,6,750,45,750,478,750,6,own cell x size,0
loaf bread,NEGROS OCCIDENTAL,LA CASTELLANA,large packs,g,large,620,2,3,620,2,640,65,640,411,640,65,province x item x unit,0
loaf bread,NEGROS OCCIDENTAL,LA CASTELLANA,medium packs,g,medium,400,1,3,400,1,450,52,450,352,450,52,province x item x unit,0
loaf bread,NEGROS OCCIDENTAL,LA CASTELLANA,small packs,g,small,380,2,3,380,2,252.5,38,370,259,252.5,38,province x item x unit,0
"preserved or processed meat (tocino, tapa, longaniza, etc)",NEGROS OCCIDENTAL,LA CASTELLANA,bilog,g,medium,155,2,2,155,2,65,38,229,222,65,38,province x item x unit,0
"preserved or processed meat (tocino, tapa, longaniza, etc)",NEGROS OCCIDENTAL,LA CASTELLANA,putos,g,medium,225,2,2,225,2,250,70,250,473,250,70,province x item x unit,0
cabbage,NEGROS OCCIDENTAL,MANAPLA,pieces or units,g,small,420,4,3,510,12,520,149,655,1306,420,4,own cell x size,0
cabbage,NEGROS OCCIDENTAL,MANAPLA,pieces or units,g,medium,520,5,3,510,12,520,149,655,1306,520,5,own cell x size,0
cabbage,NEGROS OCCIDENTAL,MANAPLA,pieces or units,g,large,710,3,3,510,12,520,149,655,1306,710,3,own cell x size,0
camote tops,NEGROS OCCIDENTAL,MANAPLA,bugkos,g,small,120,3,3,270,9,305,74,195,449,270,9,cell pooled across sizes,0
camote tops,NEGROS OCCIDENTAL,MANAPLA,bugkos,g,medium,310,4,3,270,9,305,74,195,449,270,9,cell pooled across sizes,0
camote tops,NEGROS OCCIDENTAL,MANAPLA,bugkos,g,large,557.5,2,3,270,9,305,74,195,449,270,9,cell pooled across sizes,0
carrot,NEGROS OCCIDENTAL,MANAPLA,pieces or units,g,medium,125,4,2,125,4,130,82,140,1169,125,4,own cell x size,0
chicken,NEGROS OCCIDENTAL,MANAPLA,whole (chicken),g,medium,1217.5,4,2,1217.5,4,1120,65,1120,468,1217.5,4,own cell x size,0
"drinks at restaurant, hotel, cafe, or kiosk",NEGROS OCCIDENTAL,MANAPLA,pieces,g,medium,495,1,3,547.5,2,550,8,450,25,550,8,province x item x unit,0
"drinks at restaurant, hotel, cafe, or kiosk",NEGROS OCCIDENTAL,MANAPLA,pieces,g,large,600,1,3,547.5,2,550,8,450,25,550,8,province x item x unit,0
fresh fish,NEGROS OCCIDENTAL,MANAPLA,pieces or units,g,small,415,3,3,580,9,342.5,48,390,685,580,9,cell pooled across sizes,0
fresh fish,NEGROS OCCIDENTAL,MANAPLA,pieces or units,g,medium,585,4,3,580,9,342.5,48,390,685,580,9,cell pooled across sizes,0
fresh fish,NEGROS OCCIDENTAL,MANAPLA,pieces or units,g,large,645,2,3,580,9,342.5,48,390,685,580,9,cell pooled across sizes,0
"ice cream, sorbet, edible ice (eg., ice-lolli, halo-halo)",NEGROS OCCIDENTAL,MANAPLA,putos,mL,small,60,4,3,60,4,60,24,65,148,60,4,own cell x size,0
"ice cream, sorbet, edible ice (eg., ice-lolli, halo-halo)",NEGROS OCCIDENTAL,MANAPLA,small cup,g,small,200,1,3,200,1,100,13,100,120,100,13,province x item x unit,0
"ice cream, sorbet, edible ice (eg., ice-lolli, halo-halo)",NEGROS OCCIDENTAL,MANAPLA,small cup,mL,small,120,4,3,120,4,100,33,100,185,120,4,own cell x size,0
"liquor (e.g, whisky, coconut wine)",NEGROS OCCIDENTAL,MANAPLA,lipid/lapad,mL,medium,375,6,2,375,6,375,72,375,618,375,6,own cell x size,0
loaf bread,NEGROS OCCIDENTAL,MANAPLA,large packs,g,large,640,5,3,640,5,640,65,640,411,640,5,own cell x size,0
loaf bread,NEGROS OCCIDENTAL,MANAPLA,medium packs,g,medium,450,6,3,450,6,450,52,450,352,450,6,own cell x size,0
loaf bread,NEGROS OCCIDENTAL,MANAPLA,small packs,g,small,220,1,3,220,1,252.5,38,370,259,252.5,38,province x item x unit,0
"prawns, lobster, shrimp",NEGROS OCCIDENTAL,MANAPLA,tumpok,g,small,135,3,2,205,9,230,21,260,147,135,3,own cell x size,0
"prawns, lobster, shrimp",NEGROS OCCIDENTAL,MANAPLA,tumpok,g,medium,205,3,2,205,9,230,21,260,147,205,3,own cell x size,0
"prawns, lobster, shrimp",NEGROS OCCIDENTAL,MANAPLA,tumpok,g,large,280,3,2,205,9,230,21,260,147,280,3,own cell x size,0
"preserved or processed meat (tocino, tapa, longaniza, etc)",NEGROS OCCIDENTAL,MANAPLA,bilog,g,medium,65,3,2,65,3,65,38,229,222,65,3,own cell x size,0
"preserved or processed meat (tocino, tapa, longaniza, etc)",NEGROS OCCIDENTAL,MANAPLA,pack,g,medium,200,1,2,200,1,250,6,250,85,250,6,province x item x unit,0
"preserved or processed meat (tocino, tapa, longaniza, etc)",NEGROS OCCIDENTAL,MANAPLA,putos,g,medium,250,3,2,250,3,250,70,250,473,250,3,own cell x size,0
cabbage,NEGROS OCCIDENTAL,MOISES PADILLA (MAGALLON),pieces or units,g,small,285,5,3,420,15,520,149,655,1306,285,5,own cell x size,0
cabbage,NEGROS OCCIDENTAL,MOISES PADILLA (MAGALLON),pieces or units,g,medium,437.5,6,3,420,15,520,149,655,1306,437.5,6,own cell x size,0
cabbage,NEGROS OCCIDENTAL,MOISES PADILLA (MAGALLON),pieces or units,g,large,857.5,4,3,420,15,520,149,655,1306,857.5,4,own cell x size,0
camote,NEGROS OCCIDENTAL,MOISES PADILLA (MAGALLON),bilog,g,medium,75,5,2,75,5,130,38,140,509,75,5,own cell x size,0
camote tops,NEGROS OCCIDENTAL,MOISES PADILLA (MAGALLON),bugkos,g,small,365,2,3,540,5,305,74,195,449,540,5,cell pooled across sizes,0
camote tops,NEGROS OCCIDENTAL,MOISES PADILLA (MAGALLON),bugkos,g,medium,707.5,2,3,540,5,305,74,195,449,540,5,cell pooled across sizes,0
camote tops,NEGROS OCCIDENTAL,MOISES PADILLA (MAGALLON),bugkos,g,large,1280,1,3,540,5,305,74,195,449,540,5,cell pooled across sizes,0
carrot,NEGROS OCCIDENTAL,MOISES PADILLA (MAGALLON),pieces or units,g,medium,150,5,2,150,5,130,82,140,1169,150,5,own cell x size,0
chicken,NEGROS OCCIDENTAL,MOISES PADILLA (MAGALLON),bilog,g,small,185,1,3,220,3,1095,55,1095,230,220,3,cell pooled across sizes,0
chicken,NEGROS OCCIDENTAL,MOISES PADILLA (MAGALLON),bilog,g,medium,327.5,2,3,220,3,1095,55,1095,230,220,3,cell pooled across sizes,0
chicken,NEGROS OCCIDENTAL,MOISES PADILLA (MAGALLON),whole (chicken),g,medium,1090,1,2,1197.5,2,1120,65,1120,468,1120,65,province x item x unit,0
chicken,NEGROS OCCIDENTAL,MOISES PADILLA (MAGALLON),whole (chicken),g,large,1305,1,2,1197.5,2,1120,65,1120,468,1120,65,province x item x unit,0
"drinks at restaurant, hotel, cafe, or kiosk",NEGROS OCCIDENTAL,MOISES PADILLA (MAGALLON),pieces,g,medium,480,1,3,545,2,550,8,450,25,550,8,province x item x unit,0
"drinks at restaurant, hotel, cafe, or kiosk",NEGROS OCCIDENTAL,MOISES PADILLA (MAGALLON),pieces,g,large,610,1,3,545,2,550,8,450,25,550,8,province x item x unit,0
"drinks at restaurant, hotel, cafe, or kiosk",NEGROS OCCIDENTAL,MOISES PADILLA (MAGALLON),pieces,mL,medium,320,1,3,320,1,500,10,355,164,500,10,province x item x unit,0
"ice cream, sorbet, edible ice (eg., ice-lolli, halo-halo)",NEGROS OCCIDENTAL,MOISES PADILLA (MAGALLON),pieces or units,g,medium,585,1,3,640,2,70,15,60,94,70,15,province x item x unit,0
"ice cream, sorbet, edible ice (eg., ice-lolli, halo-halo)",NEGROS OCCIDENTAL,MOISES PADILLA (MAGALLON),pieces or units,g,large,695,1,3,640,2,70,15,60,94,70,15,province x item x unit,0
"ice cream, sorbet, edible ice (eg., ice-lolli, halo-halo)",NEGROS OCCIDENTAL,MOISES PADILLA (MAGALLON),putos,mL,small,40,2,3,60,3,60,24,65,148,60,3,cell pooled across sizes,0
"ice cream, sorbet, edible ice (eg., ice-lolli, halo-halo)",NEGROS OCCIDENTAL,MOISES PADILLA (MAGALLON),putos,mL,medium,110,1,3,60,3,60,24,65,148,60,3,cell pooled across sizes,0
"liquor (e.g, whisky, coconut wine)",NEGROS OCCIDENTAL,MOISES PADILLA (MAGALLON),lipid/lapad,mL,medium,375,6,2,375,6,375,72,375,618,375,6,own cell x size,0
"liquor (e.g, whisky, coconut wine)",NEGROS OCCIDENTAL,MOISES PADILLA (MAGALLON),long-neck,mL,medium,750,6,2,750,6,750,45,750,478,750,6,own cell x size,0
loaf bread,NEGROS OCCIDENTAL,MOISES PADILLA (MAGALLON),large packs,g,large,610,2,3,610,2,640,65,640,411,640,65,province x item x unit,0
loaf bread,NEGROS OCCIDENTAL,MOISES PADILLA (MAGALLON),medium packs,g,medium,435,2,3,435,2,450,52,450,352,450,52,province x item x unit,0
loaf bread,NEGROS OCCIDENTAL,MOISES PADILLA (MAGALLON),small packs,g,small,275,2,3,275,2,252.5,38,370,259,252.5,38,province x item x unit,0
"preserved or processed meat (tocino, tapa, longaniza, etc)",NEGROS OCCIDENTAL,MOISES PADILLA (MAGALLON),putos,g,medium,250,2,2,250,2,250,70,250,473,250,70,province x item x unit,0
cabbage,NEGROS OCCIDENTAL,MURCIA,pieces or units,g,medium,405,3,2,405,3,520,149,655,1306,405,3,own cell x size,0
camote tops,NEGROS OCCIDENTAL,MURCIA,bugkos,g,small,320,3,3,320,3,305,74,195,449,320,3,own cell x size,0
carrot,NEGROS OCCIDENTAL,MURCIA,pieces or units,g,medium,150,3,2,150,3,130,82,140,1169,150,3,own cell x size,0
chicken,NEGROS OCCIDENTAL,MURCIA,bilog,g,small,1140,2,2,1160,4,1095,55,1095,230,1160,4,cell pooled across sizes,0
chicken,NEGROS OCCIDENTAL,MURCIA,bilog,g,medium,1185,2,2,1160,4,1095,55,1095,230,1160,4,cell pooled across sizes,0
"ice cream, sorbet, edible ice (eg., ice-lolli, halo-halo)",NEGROS OCCIDENTAL,MURCIA,pieces or units,mL,small,100,1,3,100,1,65,31,100,166,65,31,province x item x unit,0
"ice cream, sorbet, edible ice (eg., ice-lolli, halo-halo)",NEGROS OCCIDENTAL,MURCIA,putos,mL,small,75,1,3,75,1,60,24,65,148,60,24,province x item x unit,0
"liquor (e.g, whisky, coconut wine)",NEGROS OCCIDENTAL,MURCIA,lipid/lapad,mL,medium,375,2,2,375,2,375,72,375,618,375,72,province x item x unit,0
loaf bread,NEGROS OCCIDENTAL,MURCIA,large packs,g,large,700,2,3,700,2,640,65,640,411,640,65,province x item x unit,0
loaf bread,NEGROS OCCIDENTAL,MURCIA,medium packs,g,medium,450,1,3,450,1,450,52,450,352,450,52,province x item x unit,0
"preserved or processed meat (tocino, tapa, longaniza, etc)",NEGROS OCCIDENTAL,MURCIA,bilog,g,medium,60,3,2,60,3,65,38,229,222,60,3,own cell x size,0
"preserved or processed meat (tocino, tapa, longaniza, etc)",NEGROS OCCIDENTAL,MURCIA,putos,g,medium,250,4,2,250,4,250,70,250,473,250,4,own cell x size,0
cabbage,NEGROS OCCIDENTAL,PONTEVEDRA,pieces or units,g,medium,445,3,2,445,3,520,149,655,1306,445,3,own cell x size,0
camote,NEGROS OCCIDENTAL,PONTEVEDRA,bilog,g,small,140,3,3,215,9,130,38,140,509,215,9,cell pooled across sizes,0
camote,NEGROS OCCIDENTAL,PONTEVEDRA,bilog,g,medium,230,4,3,215,9,130,38,140,509,215,9,cell pooled across sizes,0
camote,NEGROS OCCIDENTAL,PONTEVEDRA,bilog,g,large,432.5,2,3,215,9,130,38,140,509,215,9,cell pooled across sizes,0
camote tops,NEGROS OCCIDENTAL,PONTEVEDRA,bugkos,g,small,310,2,3,390,3,305,74,195,449,390,3,cell pooled across sizes,0
camote tops,NEGROS OCCIDENTAL,PONTEVEDRA,bugkos,g,large,485,1,3,390,3,305,74,195,449,390,3,cell pooled across sizes,0
carrot,NEGROS OCCIDENTAL,PONTEVEDRA,pieces or units,g,small,95,3,3,135,9,130,82,140,1169,135,9,cell pooled across sizes,0
carrot,NEGROS OCCIDENTAL,PONTEVEDRA,pieces or units,g,medium,140,4,3,135,9,130,82,140,1169,135,9,cell pooled across sizes,0
carrot,NEGROS OCCIDENTAL,PONTEVEDRA,pieces or units,g,large,277.5,2,3,135,9,130,82,140,1169,135,9,cell pooled across sizes,0
chicken,NEGROS OCCIDENTAL,PONTEVEDRA,bilog,g,small,745,3,2,985,6,1095,55,1095,230,745,3,own cell x size,0
chicken,NEGROS OCCIDENTAL,PONTEVEDRA,bilog,g,medium,1240,3,2,985,6,1095,55,1095,230,1240,3,own cell x size,0
chicken,NEGROS OCCIDENTAL,PONTEVEDRA,whole (chicken),g,small,820,3,3,1230,9,1120,65,1120,468,1230,9,cell pooled across sizes,0
chicken,NEGROS OCCIDENTAL,PONTEVEDRA,whole (chicken),g,medium,1237.5,4,3,1230,9,1120,65,1120,468,1230,9,cell pooled across sizes,0
chicken,NEGROS OCCIDENTAL,PONTEVEDRA,whole (chicken),g,large,1522.5,2,3,1230,9,1120,65,1120,468,1230,9,cell pooled across sizes,0
fresh fish,NEGROS OCCIDENTAL,PONTEVEDRA,pieces or units,g,small,205,3,2,280,6,342.5,48,390,685,205,3,own cell x size,0
fresh fish,NEGROS OCCIDENTAL,PONTEVEDRA,pieces or units,g,medium,410,3,2,280,6,342.5,48,390,685,410,3,own cell x size,0
"ice cream, sorbet, edible ice (eg., ice-lolli, halo-halo)",NEGROS OCCIDENTAL,PONTEVEDRA,pieces or units,g,small,85,2,3,85,2,70,15,60,94,70,15,province x item x unit,0
"ice cream, sorbet, edible ice (eg., ice-lolli, halo-halo)",NEGROS OCCIDENTAL,PONTEVEDRA,pieces or units,mL,small,35,1,3,47.5,2,65,31,100,166,65,31,province x item x unit,0
"ice cream, sorbet, edible ice (eg., ice-lolli, halo-halo)",NEGROS OCCIDENTAL,PONTEVEDRA,pieces or units,mL,medium,60,1,3,47.5,2,65,31,100,166,65,31,province x item x unit,0
"ice cream, sorbet, edible ice (eg., ice-lolli, halo-halo)",NEGROS OCCIDENTAL,PONTEVEDRA,putos,g,small,47.5,2,3,47.5,2,45,9,58,82,45,9,province x item x unit,0
"ice cream, sorbet, edible ice (eg., ice-lolli, halo-halo)",NEGROS OCCIDENTAL,PONTEVEDRA,putos,mL,small,60,1,3,60,1,60,24,65,148,60,24,province x item x unit,0
"ice cream, sorbet, edible ice (eg., ice-lolli, halo-halo)",NEGROS OCCIDENTAL,PONTEVEDRA,small cup,g,small,100,2,3,250,4,100,13,100,120,250,4,cell pooled across sizes,0
"ice cream, sorbet, edible ice (eg., ice-lolli, halo-halo)",NEGROS OCCIDENTAL,PONTEVEDRA,small cup,g,medium,400,1,3,250,4,100,13,100,120,250,4,cell pooled across sizes,0
"ice cream, sorbet, edible ice (eg., ice-lolli, halo-halo)",NEGROS OCCIDENTAL,PONTEVEDRA,small cup,g,large,450,1,3,250,4,100,13,100,120,250,4,cell pooled across sizes,0
"ice cream, sorbet, edible ice (eg., ice-lolli, halo-halo)",NEGROS OCCIDENTAL,PONTEVEDRA,small cup,mL,small,100,1,3,400,3,100,33,100,185,400,3,cell pooled across sizes,0
"ice cream, sorbet, edible ice (eg., ice-lolli, halo-halo)",NEGROS OCCIDENTAL,PONTEVEDRA,small cup,mL,medium,425,2,3,400,3,100,33,100,185,400,3,cell pooled across sizes,0
"liquor (e.g, whisky, coconut wine)",NEGROS OCCIDENTAL,PONTEVEDRA,lipid/lapad,mL,medium,375,4,3,545,8,375,72,375,618,375,4,own cell x size,0
"liquor (e.g, whisky, coconut wine)",NEGROS OCCIDENTAL,PONTEVEDRA,lipid/lapad,mL,large,750,4,3,545,8,375,72,375,618,750,4,own cell x size,0
"liquor (e.g, whisky, coconut wine)",NEGROS OCCIDENTAL,PONTEVEDRA,long-neck,mL,medium,750,2,2,750,2,750,45,750,478,750,45,province x item x unit,0
loaf bread,NEGROS OCCIDENTAL,PONTEVEDRA,large packs,g,small,500,2,3,620,4,640,65,640,411,620,4,cell pooled across sizes,0
loaf bread,NEGROS OCCIDENTAL,PONTEVEDRA,large packs,g,medium,640,2,3,620,4,640,65,640,411,620,4,cell pooled across sizes,0
loaf bread,NEGROS OCCIDENTAL,PONTEVEDRA,medium packs,g,medium,450,1,3,450,1,450,52,450,352,450,52,province x item x unit,0
loaf bread,NEGROS OCCIDENTAL,PONTEVEDRA,small packs,g,small,250,2,3,280,3,252.5,38,370,259,280,3,cell pooled across sizes,0
loaf bread,NEGROS OCCIDENTAL,PONTEVEDRA,small packs,g,medium,450,1,3,280,3,252.5,38,370,259,280,3,cell pooled across sizes,0
mango,NEGROS OCCIDENTAL,PONTEVEDRA,pieces or units,g,medium,225,3,2,225,3,222.5,18,230,539,225,3,own cell x size,0
"preserved or processed meat (tocino, tapa, longaniza, etc)",NEGROS OCCIDENTAL,PONTEVEDRA,bilog,g,small,127.5,2,3,207.5,4,65,38,229,222,207.5,4,cell pooled across sizes,0
"preserved or processed meat (tocino, tapa, longaniza, etc)",NEGROS OCCIDENTAL,PONTEVEDRA,bilog,g,medium,225,1,3,207.5,4,65,38,229,222,207.5,4,cell pooled across sizes,0
"preserved or processed meat (tocino, tapa, longaniza, etc)",NEGROS OCCIDENTAL,PONTEVEDRA,bilog,g,large,230,1,3,207.5,4,65,38,229,222,207.5,4,cell pooled across sizes,0
"preserved or processed meat (tocino, tapa, longaniza, etc)",NEGROS OCCIDENTAL,PONTEVEDRA,putos,g,small,170,3,3,220,9,250,70,250,473,220,9,cell pooled across sizes,0
"preserved or processed meat (tocino, tapa, longaniza, etc)",NEGROS OCCIDENTAL,PONTEVEDRA,putos,g,medium,257.5,4,3,220,9,250,70,250,473,220,9,cell pooled across sizes,0
"preserved or processed meat (tocino, tapa, longaniza, etc)",NEGROS OCCIDENTAL,PONTEVEDRA,putos,g,large,490,2,3,220,9,250,70,250,473,220,9,cell pooled across sizes,0
cabbage,NEGROS OCCIDENTAL,PULUPANDAN,pieces or units,g,medium,472.5,4,2,472.5,4,520,149,655,1306,472.5,4,own cell x size,0
camote,NEGROS OCCIDENTAL,PULUPANDAN,bilog,g,medium,100,3,2,100,3,130,38,140,509,100,3,own cell x size,0
camote tops,NEGROS OCCIDENTAL,PULUPANDAN,bugkos,g,small,215.5,2,3,215.5,2,305,74,195,449,305,74,province x item x unit,0
carrot,NEGROS OCCIDENTAL,PULUPANDAN,pieces or units,g,medium,137.5,4,2,137.5,4,130,82,140,1169,137.5,4,own cell x size,0
chicken,NEGROS OCCIDENTAL,PULUPANDAN,bilog,g,medium,1117.5,2,2,1117.5,2,1095,55,1095,230,1095,55,province x item x unit,0
"drinks at restaurant, hotel, cafe, or kiosk",NEGROS OCCIDENTAL,PULUPANDAN,pieces,mL,small,355,1,3,355,1,500,10,355,164,500,10,province x item x unit,0
fresh fish,NEGROS OCCIDENTAL,PULUPANDAN,pieces or units,g,medium,507.5,2,2,507.5,2,342.5,48,390,685,342.5,48,province x item x unit,0
"ice cream, sorbet, edible ice (eg., ice-lolli, halo-halo)",NEGROS OCCIDENTAL,PULUPANDAN,pieces or units,g,small,65,1,3,65,1,70,15,60,94,70,15,province x item x unit,0
"ice cream, sorbet, edible ice (eg., ice-lolli, halo-halo)",NEGROS OCCIDENTAL,PULUPANDAN,pieces or units,mL,small,75,2,3,75,2,65,31,100,166,65,31,province x item x unit,0
"ice cream, sorbet, edible ice (eg., ice-lolli, halo-halo)",NEGROS OCCIDENTAL,PULUPANDAN,small cup,mL,small,100,1,3,100,1,100,33,100,185,100,33,province x item x unit,0
"liquor (e.g, whisky, coconut wine)",NEGROS OCCIDENTAL,PULUPANDAN,lipid/lapad,mL,medium,375,3,2,375,3,375,72,375,618,375,3,own cell x size,0
loaf bread,NEGROS OCCIDENTAL,PULUPANDAN,large packs,g,large,640,6,3,640,6,640,65,640,411,640,6,own cell x size,0
loaf bread,NEGROS OCCIDENTAL,PULUPANDAN,medium packs,g,medium,475,2,3,475,2,450,52,450,352,450,52,province x item x unit,0
loaf bread,NEGROS OCCIDENTAL,PULUPANDAN,small packs,g,small,220,3,3,220,3,252.5,38,370,259,220,3,own cell x size,0
"prawns, lobster, shrimp",NEGROS OCCIDENTAL,PULUPANDAN,tumpok,g,medium,200,1,2,200,1,230,21,260,147,230,21,province x item x unit,0
"preserved or processed meat (tocino, tapa, longaniza, etc)",NEGROS OCCIDENTAL,PULUPANDAN,bilog,g,medium,250,3,2,250,3,65,38,229,222,250,3,own cell x size,0
"preserved or processed meat (tocino, tapa, longaniza, etc)",NEGROS OCCIDENTAL,PULUPANDAN,putos,g,medium,215,4,2,215,4,250,70,250,473,215,4,own cell x size,0
cabbage,NEGROS OCCIDENTAL,SALVADOR BENEDICTO,pieces or units,g,small,365,6,3,520,13,520,149,655,1306,365,6,own cell x size,0
cabbage,NEGROS OCCIDENTAL,SALVADOR BENEDICTO,pieces or units,g,medium,592.5,4,3,520,13,520,149,655,1306,592.5,4,own cell x size,0
cabbage,NEGROS OCCIDENTAL,SALVADOR BENEDICTO,pieces or units,g,large,710,3,3,520,13,520,149,655,1306,710,3,own cell x size,0
camote tops,NEGROS OCCIDENTAL,SALVADOR BENEDICTO,bugkos,g,small,310,3,3,310,3,305,74,195,449,310,3,own cell x size,0
carrot,NEGROS OCCIDENTAL,SALVADOR BENEDICTO,pieces or units,g,medium,80,4,2,80,4,130,82,140,1169,80,4,own cell x size,0
chicken,NEGROS OCCIDENTAL,SALVADOR BENEDICTO,bilog,g,small,950,1,2,967.5,2,1095,55,1095,230,1095,55,province x item x unit,0
chicken,NEGROS OCCIDENTAL,SALVADOR BENEDICTO,bilog,g,medium,985,1,2,967.5,2,1095,55,1095,230,1095,55,province x item x unit,0
"ice cream, sorbet, edible ice (eg., ice-lolli, halo-halo)",NEGROS OCCIDENTAL,SALVADOR BENEDICTO,pieces or units,mL,small,110,1,3,110,1,65,31,100,166,65,31,province x item x unit,0
"ice cream, sorbet, edible ice (eg., ice-lolli, halo-halo)",NEGROS OCCIDENTAL,SALVADOR BENEDICTO,small cup,mL,small,180,1,3,180,1,100,33,100,185,100,33,province x item x unit,0
"liquor (e.g, whisky, coconut wine)",NEGROS OCCIDENTAL,SALVADOR BENEDICTO,lipid/lapad,mL,medium,375,1,2,375,1,375,72,375,618,375,72,province x item x unit,0
loaf bread,NEGROS OCCIDENTAL,SALVADOR BENEDICTO,large packs,g,large,670,2,3,670,2,640,65,640,411,640,65,province x item x unit,0
loaf bread,NEGROS OCCIDENTAL,SALVADOR BENEDICTO,medium packs,g,medium,475,2,3,475,2,450,52,450,352,450,52,province x item x unit,0
loaf bread,NEGROS OCCIDENTAL,SALVADOR BENEDICTO,small packs,g,small,310,2,3,310,2,252.5,38,370,259,252.5,38,province x item x unit,0
"preserved or processed meat (tocino, tapa, longaniza, etc)",NEGROS OCCIDENTAL,SALVADOR BENEDICTO,bilog,g,medium,250,2,2,250,2,65,38,229,222,65,38,province x item x unit,0
"preserved or processed meat (tocino, tapa, longaniza, etc)",NEGROS OCCIDENTAL,SALVADOR BENEDICTO,cans,g,medium,175,1,2,175,1,152.5,6,155,95,152.5,6,province x item x unit,0
"preserved or processed meat (tocino, tapa, longaniza, etc)",NEGROS OCCIDENTAL,SALVADOR BENEDICTO,putos,g,medium,215,2,2,215,2,250,70,250,473,250,70,province x item x unit,0
cabbage,NEGROS OCCIDENTAL,SAN ENRIQUE,pieces or units,g,small,450,6,3,685,18,520,149,655,1306,450,6,own cell x size,0
cabbage,NEGROS OCCIDENTAL,SAN ENRIQUE,pieces or units,g,medium,685,7,3,685,18,520,149,655,1306,685,7,own cell x size,0
cabbage,NEGROS OCCIDENTAL,SAN ENRIQUE,pieces or units,g,large,870,5,3,685,18,520,149,655,1306,870,5,own cell x size,0
camote,NEGROS OCCIDENTAL,SAN ENRIQUE,bilog,g,medium,185,6,2,185,6,130,38,140,509,185,6,own cell x size,0
camote tops,NEGROS OCCIDENTAL,SAN ENRIQUE,bugkos,g,small,150,5,3,360,15,305,74,195,449,150,5,own cell x size,0
camote tops,NEGROS OCCIDENTAL,SAN ENRIQUE,bugkos,g,medium,365,6,3,360,15,305,74,195,449,365,6,own cell x size,0
camote tops,NEGROS OCCIDENTAL,SAN ENRIQUE,bugkos,g,large,597.5,4,3,360,15,305,74,195,449,597.5,4,own cell x size,0
carrot,NEGROS OCCIDENTAL,SAN ENRIQUE,pieces or units,g,small,67.5,4,3,105,12,130,82,140,1169,67.5,4,own cell x size,0
carrot,NEGROS OCCIDENTAL,SAN ENRIQUE,pieces or units,g,medium,110,5,3,105,12,130,82,140,1169,110,5,own cell x size,0
carrot,NEGROS OCCIDENTAL,SAN ENRIQUE,pieces or units,g,large,270,3,3,105,12,130,82,140,1169,270,3,own cell x size,0
chicken,NEGROS OCCIDENTAL,SAN ENRIQUE,whole (chicken),g,small,870,4,3,1035,10,1120,65,1120,468,870,4,own cell x size,0
chicken,NEGROS OCCIDENTAL,SAN ENRIQUE,whole (chicken),g,medium,1100,3,3,1035,10,1120,65,1120,468,1100,3,own cell x size,0
chicken,NEGROS OCCIDENTAL,SAN ENRIQUE,whole (chicken),g,large,1275,3,3,1035,10,1120,65,1120,468,1275,3,own cell x size,0
fresh fish,NEGROS OCCIDENTAL,SAN ENRIQUE,pieces or units,g,small,175,3,3,190,9,342.5,48,390,685,190,9,cell pooled across sizes,0
fresh fish,NEGROS OCCIDENTAL,SAN ENRIQUE,pieces or units,g,medium,197.5,4,3,190,9,342.5,48,390,685,190,9,cell pooled across sizes,0
fresh fish,NEGROS OCCIDENTAL,SAN ENRIQUE,pieces or units,g,large,267.5,2,3,190,9,342.5,48,390,685,190,9,cell pooled across sizes,0
"ice cream, sorbet, edible ice (eg., ice-lolli, halo-halo)",NEGROS OCCIDENTAL,SAN ENRIQUE,pieces or units,mL,small,60,3,3,60,4,65,31,100,166,60,4,cell pooled across sizes,0
"ice cream, sorbet, edible ice (eg., ice-lolli, halo-halo)",NEGROS OCCIDENTAL,SAN ENRIQUE,pieces or units,mL,medium,110,1,3,60,4,65,31,100,166,60,4,cell pooled across sizes,0
"ice cream, sorbet, edible ice (eg., ice-lolli, halo-halo)",NEGROS OCCIDENTAL,SAN ENRIQUE,small cup,mL,small,100,4,3,100,4,100,33,100,185,100,4,own cell x size,0
"liquor (e.g, whisky, coconut wine)",NEGROS OCCIDENTAL,SAN ENRIQUE,lipid/lapad,mL,medium,375,6,3,375,7,375,72,375,618,375,7,cell pooled across sizes,0
"liquor (e.g, whisky, coconut wine)",NEGROS OCCIDENTAL,SAN ENRIQUE,lipid/lapad,mL,large,750,1,3,375,7,375,72,375,618,375,7,cell pooled across sizes,0
"liquor (e.g, whisky, coconut wine)",NEGROS OCCIDENTAL,SAN ENRIQUE,long-neck,mL,medium,750,5,2,750,5,750,45,750,478,750,5,own cell x size,0
loaf bread,NEGROS OCCIDENTAL,SAN ENRIQUE,large packs,g,large,645,4,3,645,4,640,65,640,411,645,4,own cell x size,0
loaf bread,NEGROS OCCIDENTAL,SAN ENRIQUE,medium packs,g,medium,450,3,3,450,3,450,52,450,352,450,3,own cell x size,0
loaf bread,NEGROS OCCIDENTAL,SAN ENRIQUE,small packs,g,small,220,2,3,220,2,252.5,38,370,259,252.5,38,province x item x unit,0
"prawns, lobster, shrimp",NEGROS OCCIDENTAL,SAN ENRIQUE,tumpok,g,medium,115,2,2,115,2,230,21,260,147,230,21,province x item x unit,0
"preserved or processed meat (tocino, tapa, longaniza, etc)",NEGROS OCCIDENTAL,SAN ENRIQUE,bilog,g,medium,62.5,4,2,62.5,4,65,38,229,222,62.5,4,own cell x size,0
"preserved or processed meat (tocino, tapa, longaniza, etc)",NEGROS OCCIDENTAL,SAN ENRIQUE,putos,g,small,245,4,3,277.5,8,250,70,250,473,245,4,own cell x size,0
"preserved or processed meat (tocino, tapa, longaniza, etc)",NEGROS OCCIDENTAL,SAN ENRIQUE,putos,g,medium,1000,4,3,277.5,8,250,70,250,473,1000,4,own cell x size,0
cabbage,NEGROS OCCIDENTAL,TOBOSO,pieces or units,g,small,320,3,3,555,9,520,149,655,1306,555,9,cell pooled across sizes,0
cabbage,NEGROS OCCIDENTAL,TOBOSO,pieces or units,g,medium,610,4,3,555,9,520,149,655,1306,555,9,cell pooled across sizes,0
cabbage,NEGROS OCCIDENTAL,TOBOSO,pieces or units,g,large,757.5,2,3,555,9,520,149,655,1306,555,9,cell pooled across sizes,0
carrot,NEGROS OCCIDENTAL,TOBOSO,pieces or units,g,medium,105,3,2,105,3,130,82,140,1169,105,3,own cell x size,0
chicken,NEGROS OCCIDENTAL,TOBOSO,bilog,g,medium,902.5,2,2,1107.5,4,1095,55,1095,230,1107.5,4,cell pooled across sizes,0
chicken,NEGROS OCCIDENTAL,TOBOSO,bilog,g,large,1240,2,2,1107.5,4,1095,55,1095,230,1107.5,4,cell pooled across sizes,0
"drinks at restaurant, hotel, cafe, or kiosk",NEGROS OCCIDENTAL,TOBOSO,pieces,g,medium,500,1,3,500,1,550,8,450,25,550,8,province x item x unit,0
"drinks at restaurant, hotel, cafe, or kiosk",NEGROS OCCIDENTAL,TOBOSO,pieces,mL,medium,500,1,3,500,1,500,10,355,164,500,10,province x item x unit,0
"ice cream, sorbet, edible ice (eg., ice-lolli, halo-halo)",NEGROS OCCIDENTAL,TOBOSO,pieces or units,mL,medium,110,2,3,110,2,65,31,100,166,65,31,province x item x unit,0
"ice cream, sorbet, edible ice (eg., ice-lolli, halo-halo)",NEGROS OCCIDENTAL,TOBOSO,putos,mL,small,600,1,3,725,2,60,24,65,148,60,24,province x item x unit,0
"ice cream, sorbet, edible ice (eg., ice-lolli, halo-halo)",NEGROS OCCIDENTAL,TOBOSO,putos,mL,medium,850,1,3,725,2,60,24,65,148,60,24,province x item x unit,0
"ice cream, sorbet, edible ice (eg., ice-lolli, halo-halo)",NEGROS OCCIDENTAL,TOBOSO,small cup,mL,medium,450,1,3,450,1,100,33,100,185,100,33,province x item x unit,0
"liquor (e.g, whisky, coconut wine)",NEGROS OCCIDENTAL,TOBOSO,lipid/lapad,mL,medium,375,4,2,375,4,375,72,375,618,375,4,own cell x size,0
"liquor (e.g, whisky, coconut wine)",NEGROS OCCIDENTAL,TOBOSO,long-neck,mL,medium,750,5,2,750,5,750,45,750,478,750,5,own cell x size,0
loaf bread,NEGROS OCCIDENTAL,TOBOSO,large packs,g,large,600,1,3,600,1,640,65,640,411,640,65,province x item x unit,0
loaf bread,NEGROS OCCIDENTAL,TOBOSO,medium packs,g,medium,450,1,3,450,1,450,52,450,352,450,52,province x item x unit,0
loaf bread,NEGROS OCCIDENTAL,TOBOSO,small packs,g,small,400,1,3,400,1,252.5,38,370,259,252.5,38,province x item x unit,0
"preserved or processed meat (tocino, tapa, longaniza, etc)",NEGROS OCCIDENTAL,TOBOSO,bilog,g,medium,60,1,2,60,1,65,38,229,222,65,38,province x item x unit,0
"preserved or processed meat (tocino, tapa, longaniza, etc)",NEGROS OCCIDENTAL,TOBOSO,pack,g,medium,250,4,2,250,4,250,6,250,85,250,4,own cell x size,0
"preserved or processed meat (tocino, tapa, longaniza, etc)",NEGROS OCCIDENTAL,TOBOSO,putos,g,medium,250,4,2,250,4,250,70,250,473,250,4,own cell x size,0
cabbage,NEGROS OCCIDENTAL,VALLADOLID,pieces or units,g,medium,425,6,2,425,6,520,149,655,1306,425,6,own cell x size,0
camote,NEGROS OCCIDENTAL,VALLADOLID,bilog,g,medium,95,3,2,95,3,130,38,140,509,95,3,own cell x size,0
camote tops,NEGROS OCCIDENTAL,VALLADOLID,bugkos,g,small,535,3,3,535,3,305,74,195,449,535,3,own cell x size,0
carrot,NEGROS OCCIDENTAL,VALLADOLID,pieces or units,g,medium,137.5,6,2,137.5,6,130,82,140,1169,137.5,6,own cell x size,0
"ice cream, sorbet, edible ice (eg., ice-lolli, halo-halo)",NEGROS OCCIDENTAL,VALLADOLID,pieces or units,g,small,35,1,3,43,3,70,15,60,94,43,3,cell pooled across sizes,0
"ice cream, sorbet, edible ice (eg., ice-lolli, halo-halo)",NEGROS OCCIDENTAL,VALLADOLID,pieces or units,g,medium,44,2,3,43,3,70,15,60,94,43,3,cell pooled across sizes,0
"ice cream, sorbet, edible ice (eg., ice-lolli, halo-halo)",NEGROS OCCIDENTAL,VALLADOLID,pieces or units,mL,small,32,1,3,32,1,65,31,100,166,65,31,province x item x unit,0
"ice cream, sorbet, edible ice (eg., ice-lolli, halo-halo)",NEGROS OCCIDENTAL,VALLADOLID,small cup,mL,small,100,1,3,100,1,100,33,100,185,100,33,province x item x unit,0
"liquor (e.g, whisky, coconut wine)",NEGROS OCCIDENTAL,VALLADOLID,lipid/lapad,mL,medium,375,2,2,375,2,375,72,375,618,375,72,province x item x unit,0
"liquor (e.g, whisky, coconut wine)",NEGROS OCCIDENTAL,VALLADOLID,long-neck,mL,medium,750,2,2,750,2,750,45,750,478,750,45,province x item x unit,0
loaf bread,NEGROS OCCIDENTAL,VALLADOLID,large packs,g,large,650,2,3,650,2,640,65,640,411,640,65,province x item x unit,0
loaf bread,NEGROS OCCIDENTAL,VALLADOLID,medium packs,g,medium,480,3,3,480,3,450,52,450,352,480,3,own cell x size,0
loaf bread,NEGROS OCCIDENTAL,VALLADOLID,small packs,g,small,220,3,3,220,3,252.5,38,370,259,220,3,own cell x size,0
mango,NEGROS OCCIDENTAL,VALLADOLID,pieces or units,g,medium,205,3,2,205,3,222.5,18,230,539,205,3,own cell x size,0
"prawns, lobster, shrimp",NEGROS OCCIDENTAL,VALLADOLID,tumpok,g,medium,245,3,2,245,3,230,21,260,147,245,3,own cell x size,0
"preserved or processed meat (tocino, tapa, longaniza, etc)",NEGROS OCCIDENTAL,VALLADOLID,bilog,g,medium,160,1,2,160,1,65,38,229,222,65,38,province x item x unit,0
"preserved or processed meat (tocino, tapa, longaniza, etc)",NEGROS OCCIDENTAL,VALLADOLID,putos,g,medium,285,1,2,285,1,250,70,250,473,250,70,province x item x unit,0
