pull_province,pull_item,pull_municipal_city,harmonized_nsu_unit,point_id,p_g,n_merged,has_mp25,has_mp50,has_mp75,has_mun_med,has_prov_med,has_unique,d_uniq_weighed,branch,d_point_unconvertible,n_points,n_points_conv
AKLAN,cabbage,ALTAVAS,pieces or units,1,60,1,0,0,0,0,1,0,0,3,0,1,1
AKLAN,camote tops,ALTAVAS,bugkos,1,30,1,0,0,0,1,0,0,0,3,0,1,1
AKLAN,camote tops,ALTAVAS,bundle,1,20,1,0,0,0,1,0,0,0,3,0,1,1
AKLAN,carrot,ALTAVAS,pieces or units,1,25,1,0,0,0,1,0,0,0,3,0,1,1
AKLAN,chicken,ALTAVAS,pieces or units,1,185,1,1,0,0,0,0,0,0,3,0,3,3
AKLAN,chicken,ALTAVAS,pieces or units,2,300,1,0,1,0,0,0,0,0,3,0,3,3
AKLAN,chicken,ALTAVAS,pieces or units,3,375,1,0,0,1,0,0,0,0,3,0,3,3
AKLAN,chicken,ALTAVAS,whole (chicken),1,250,1,1,0,0,0,0,0,0,3,0,3,3
AKLAN,chicken,ALTAVAS,whole (chicken),2,280,1,0,1,0,0,0,0,0,3,0,3,3
AKLAN,chicken,ALTAVAS,whole (chicken),3,425,1,0,0,1,0,0,0,0,3,0,3,3
AKLAN,"crackers, cookies, buiscuits, chips/curls",ALTAVAS,pieces or units,1,40,1,0,0,0,1,0,0,0,3,0,1,1
AKLAN,"crackers, cookies, buiscuits, chips/curls",ALTAVAS,putos,1,65,1,1,1,0,0,0,0,0,2,0,2,2
AKLAN,"crackers, cookies, buiscuits, chips/curls",ALTAVAS,putos,2,108.75,1,0,0,1,0,0,0,0,2,0,2,2
AKLAN,fresh fish,ALTAVAS,pieces or units,1,56.375,2,1,1,0,0,0,0,0,3,0,2,2
AKLAN,fresh fish,ALTAVAS,pieces or units,2,92,1,0,0,1,0,0,0,0,3,0,2,2
AKLAN,"ice cream, sorbet, edible ice (eg., ice-lolli, halo-halo)",ALTAVAS,putos,1,20,1,0,0,0,1,0,0,0,3,0,1,1
AKLAN,"liquor (e.g, whisky, coconut wine)",ALTAVAS,lipid/lapad,1,75,1,0,0,0,0,1,0,0,3,0,1,1
AKLAN,"liquor (e.g, whisky, coconut wine)",ALTAVAS,long-neck,1,142.5,2,1,1,0,0,0,0,0,2,0,2,2
AKLAN,"liquor (e.g, whisky, coconut wine)",ALTAVAS,long-neck,2,293,1,0,0,1,0,0,0,0,2,0,2,2
AKLAN,loaf bread,ALTAVAS,large packs,1,79,1,0,0,0,0,1,0,0,3,0,1,1
AKLAN,loaf bread,ALTAVAS,medium packs,1,65,1,0,0,0,0,1,0,0,3,0,1,1
AKLAN,loaf bread,ALTAVAS,small packs,1,52.5,1,0,0,0,1,0,0,0,3,0,1,1
AKLAN,pork,ALTAVAS,slice,1,20,1,0,0,0,0,1,0,0,3,0,1,1
AKLAN,"prawns, lobster, shrimp",ALTAVAS,tumpok,1,40,2,1,1,0,0,0,0,0,3,0,2,2
AKLAN,"prawns, lobster, shrimp",ALTAVAS,tumpok,2,100,1,0,0,1,0,0,0,0,3,0,2,2
AKLAN,"preserved or processed meat (tocino, tapa, longaniza, etc)",ALTAVAS,pieces or units,1,44.375,2,1,1,0,0,0,0,0,2,0,2,2
AKLAN,"preserved or processed meat (tocino, tapa, longaniza, etc)",ALTAVAS,pieces or units,2,100,1,0,0,1,0,0,0,0,2,0,2,2
AKLAN,"preserved or processed meat (tocino, tapa, longaniza, etc)",ALTAVAS,putos,1,80,1,1,0,0,0,0,0,0,3,0,3,3
AKLAN,"preserved or processed meat (tocino, tapa, longaniza, etc)",ALTAVAS,putos,2,115,1,0,1,0,0,0,0,0,3,0,3,3
AKLAN,"preserved or processed meat (tocino, tapa, longaniza, etc)",ALTAVAS,putos,3,152.5,1,0,0,1,0,0,0,0,3,0,3,3
AKLAN,cabbage,BANGA,pieces or units,1,54.625,2,1,1,0,0,0,0,0,3,0,2,2
AKLAN,cabbage,BANGA,pieces or units,2,105.25,1,0,0,1,0,0,0,0,3,0,2,2
AKLAN,camote tops,BANGA,bundle,1,30,1,0,0,0,1,0,0,0,3,0,1,1
AKLAN,carrot,BANGA,pieces or units,1,32.5,1,0,0,0,1,0,0,0,3,0,1,1
AKLAN,chicken,BANGA,pieces or units,1,200,1,1,1,0,0,0,0,0,3,0,2,2
AKLAN,chicken,BANGA,pieces or units,2,335,1,0,0,1,0,0,0,0,3,0,2,2
AKLAN,chicken,BANGA,whole (chicken),1,197.5,2,1,1,0,0,0,0,0,3,0,2,2
AKLAN,chicken,BANGA,whole (chicken),2,265,1,0,0,1,0,0,0,0,3,0,2,2
AKLAN,"crackers, cookies, buiscuits, chips/curls",BANGA,pieces or units,1,63,2,1,1,0,0,0,0,0,2,0,2,2
AKLAN,"crackers, cookies, buiscuits, chips/curls",BANGA,pieces or units,2,126,1,0,0,1,0,0,0,0,2,0,2,2
AKLAN,"crackers, cookies, buiscuits, chips/curls",BANGA,putos,1,61.375,2,1,1,0,0,0,0,0,2,0,2,2
AKLAN,"crackers, cookies, buiscuits, chips/curls",BANGA,putos,2,101.5,1,0,0,1,0,0,0,0,2,0,2,2
AKLAN,"ice cream, sorbet, edible ice (eg., ice-lolli, halo-halo)",BANGA,pieces or units,1,30,1,0,0,0,1,0,0,0,3,0,1,1
AKLAN,"ice cream, sorbet, edible ice (eg., ice-lolli, halo-halo)",BANGA,putos,1,30,1,0,0,0,0,1,0,0,3,0,1,1
AKLAN,"liquor (e.g, whisky, coconut wine)",BANGA,lipid/lapad,1,73.125,2,1,1,0,0,0,0,0,3,0,2,2
AKLAN,"liquor (e.g, whisky, coconut wine)",BANGA,lipid/lapad,2,225,1,0,0,1,0,0,0,0,3,0,2,2
AKLAN,"liquor (e.g, whisky, coconut wine)",BANGA,long-neck,1,300,1,1,0,0,0,0,0,0,3,0,3,3
AKLAN,"liquor (e.g, whisky, coconut wine)",BANGA,long-neck,2,440,1,0,1,0,0,0,0,0,3,0,3,3
AKLAN,"liquor (e.g, whisky, coconut wine)",BANGA,long-neck,3,550,1,0,0,1,0,0,0,0,3,0,3,3
AKLAN,loaf bread,BANGA,large packs,1,80,1,0,0,0,1,0,0,0,3,0,1,1
AKLAN,loaf bread,BANGA,medium packs,1,60,1,0,0,0,1,0,0,0,3,0,1,1
AKLAN,loaf bread,BANGA,small packs,1,25,1,1,0,0,0,0,0,0,3,0,3,3
AKLAN,loaf bread,BANGA,small packs,2,50,1,0,1,0,0,0,0,0,3,0,3,3
AKLAN,loaf bread,BANGA,small packs,3,110,1,0,0,1,0,0,0,0,3,0,3,3
AKLAN,mango,BANGA,pieces or units,1,60,1,0,0,0,0,1,0,0,3,0,2,1
AKLAN,mango,BANGA,pieces or units,2,100,1,0,0,0,0,0,1,0,3,1,2,1
AKLAN,"preserved or processed meat (tocino, tapa, longaniza, etc)",BANGA,putos,1,112.5,2,1,1,0,0,0,0,0,2,0,2,2
AKLAN,"preserved or processed meat (tocino, tapa, longaniza, etc)",BANGA,putos,2,160,1,0,0,1,0,0,0,0,2,0,2,2
AKLAN,cabbage,BATAN,pieces or units,1,40,1,1,0,0,0,0,0,0,3,0,3,3
AKLAN,cabbage,BATAN,pieces or units,2,65,1,0,1,0,0,0,0,0,3,0,3,3
AKLAN,cabbage,BATAN,pieces or units,3,97.5,1,0,0,1,0,0,0,0,3,0,3,3
AKLAN,camote tops,BATAN,bugkos,1,25,1,0,0,0,1,0,0,0,3,0,1,1
AKLAN,carrot,BATAN,pieces or units,1,30,1,0,0,0,0,1,0,0,3,0,1,1
AKLAN,chicken,BATAN,pieces or units,1,180,1,0,0,0,0,0,1,0,3,1,2,1
AKLAN,chicken,BATAN,pieces or units,2,250,1,0,0,0,0,1,0,0,3,0,2,1
AKLAN,chicken,BATAN,whole (chicken),1,250,1,0,0,0,1,0,0,0,3,0,1,1
AKLAN,"crackers, cookies, buiscuits, chips/curls",BATAN,pieces or units,1,64,1,0,0,0,1,0,0,0,3,0,1,1
AKLAN,"crackers, cookies, buiscuits, chips/curls",BATAN,putos,1,62.5,2,1,1,0,0,0,0,0,3,0,2,2
AKLAN,"crackers, cookies, buiscuits, chips/curls",BATAN,putos,2,123.25,1,0,0,1,0,0,0,0,3,0,2,2
AKLAN,fresh fish,BATAN,pieces or units,1,100,1,0,0,0,0,1,0,0,3,0,1,1
AKLAN,"ice cream, sorbet, edible ice (eg., ice-lolli, halo-halo)",BATAN,pieces or units,1,50,1,0,0,0,1,0,0,0,3,0,1,1
AKLAN,"ice cream, sorbet, edible ice (eg., ice-lolli, halo-halo)",BATAN,putos,1,30,1,0,0,0,0,1,0,0,3,0,2,1
AKLAN,"ice cream, sorbet, edible ice (eg., ice-lolli, halo-halo)",BATAN,putos,2,125,1,0,0,0,0,0,1,0,3,1,2,1
AKLAN,"ice cream, sorbet, edible ice (eg., ice-lolli, halo-halo)",BATAN,small cup,1,60,1,0,0,0,0,1,0,0,3,0,1,1
AKLAN,"liquor (e.g, whisky, coconut wine)",BATAN,lipid/lapad,1,72.5,1,1,0,0,0,0,0,0,3,0,3,3
AKLAN,"liquor (e.g, whisky, coconut wine)",BATAN,lipid/lapad,2,130,1,0,1,0,0,0,0,0,3,0,3,3
AKLAN,"liquor (e.g, whisky, coconut wine)",BATAN,lipid/lapad,3,168.75,1,0,0,1,0,0,0,0,3,0,3,3
AKLAN,"liquor (e.g, whisky, coconut wine)",BATAN,long-neck,1,130,2,1,1,0,0,0,0,0,3,0,2,2
AKLAN,"liquor (e.g, whisky, coconut wine)",BATAN,long-neck,2,249.5,1,0,0,1,0,0,0,0,3,0,2,2
AKLAN,loaf bread,BATAN,large packs,1,76.875,2,1,1,0,0,0,0,0,3,0,2,2
AKLAN,loaf bread,BATAN,large packs,2,160,1,0,0,1,0,0,0,0,3,0,2,2
AKLAN,loaf bread,BATAN,medium packs,1,62.5,2,1,1,0,0,0,0,0,3,0,2,2
AKLAN,loaf bread,BATAN,medium packs,2,130,1,0,0,1,0,0,0,0,3,0,2,2
AKLAN,loaf bread,BATAN,small packs,1,60,1,0,0,0,1,0,0,0,3,0,1,1
AKLAN,mango,BATAN,pieces or units,1,65,1,0,0,0,1,0,0,0,3,0,1,1
AKLAN,"prawns, lobster, shrimp",BATAN,tumpok,1,50,2,1,1,0,0,0,0,0,3,0,2,2
AKLAN,"prawns, lobster, shrimp",BATAN,tumpok,2,110,1,0,0,1,0,0,0,0,3,0,2,2
AKLAN,"preserved or processed meat (tocino, tapa, longaniza, etc)",BATAN,cans,1,85,1,0,0,0,0,1,0,0,3,0,2,1
AKLAN,"preserved or processed meat (tocino, tapa, longaniza, etc)",BATAN,cans,2,120,1,0,0,0,0,0,1,0,3,1,2,1
AKLAN,"preserved or processed meat (tocino, tapa, longaniza, etc)",BATAN,pieces or units,1,58.75,2,1,1,0,0,0,0,0,3,0,2,2
AKLAN,"preserved or processed meat (tocino, tapa, longaniza, etc)",BATAN,pieces or units,2,98.5,1,0,0,1,0,0,0,0,3,0,2,2
AKLAN,"preserved or processed meat (tocino, tapa, longaniza, etc)",BATAN,putos,1,120,1,0,0,0,1,0,0,0,3,0,1,1
AKLAN,cabbage,BURUANGA,pieces or units,1,52.5,1,0,0,0,0,1,0,0,3,0,1,1
AKLAN,cabbage,BURUANGA,small packs,1,20,1,0,0,0,0,1,0,0,3,0,1,1
AKLAN,camote,BURUANGA,binilog,1,15,1,0,0,0,0,1,0,0,3,0,1,1
AKLAN,camote tops,BURUANGA,bundle,1,25,1,0,0,0,1,0,0,0,3,0,1,1
AKLAN,carrot,BURUANGA,pieces or units,1,32.625,2,1,1,0,0,0,0,0,3,0,2,2
AKLAN,carrot,BURUANGA,pieces or units,2,73.5,1,0,0,1,0,0,0,0,3,0,2,2
AKLAN,chicken,BURUANGA,pieces or units,1,200,1,0,0,0,0,0,1,0,3,1,2,1
AKLAN,chicken,BURUANGA,pieces or units,2,250,1,0,0,0,0,1,0,0,3,0,2,1
AKLAN,chicken,BURUANGA,whole (chicken),1,245,1,1,0,0,0,0,0,0,3,0,3,3
AKLAN,chicken,BURUANGA,whole (chicken),2,280,1,0,1,0,0,0,0,0,3,0,3,3
AKLAN,chicken,BURUANGA,whole (chicken),3,350,1,0,0,1,0,0,0,0,3,0,3,3
AKLAN,"crackers, cookies, buiscuits, chips/curls",BURUANGA,pack,1,80,1,0,0,0,0,1,0,0,2,0,1,1
AKLAN,"crackers, cookies, buiscuits, chips/curls",BURUANGA,putos,1,61.5,2,1,1,0,0,0,0,0,2,0,2,2
AKLAN,"crackers, cookies, buiscuits, chips/curls",BURUANGA,putos,2,95,1,0,0,1,0,0,0,0,2,0,2,2
AKLAN,"ice cream, sorbet, edible ice (eg., ice-lolli, halo-halo)",BURUANGA,pack,1,30,1,0,0,0,0,1,0,0,3,0,1,1
AKLAN,"ice cream, sorbet, edible ice (eg., ice-lolli, halo-halo)",BURUANGA,small cup,1,30,1,0,0,0,1,0,0,0,3,0,1,1
AKLAN,"liquor (e.g, whisky, coconut wine)",BURUANGA,lipid/lapad,1,75,1,0,0,0,0,1,0,0,3,0,1,1
AKLAN,"liquor (e.g, whisky, coconut wine)",BURUANGA,long-neck,1,130,1,0,0,0,0,0,1,0,3,1,2,1
AKLAN,"liquor (e.g, whisky, coconut wine)",BURUANGA,long-neck,2,240,1,0,0,0,0,1,1,0,3,0,2,1
AKLAN,loaf bread,BURUANGA,large packs,1,50,1,0,0,0,0,1,0,0,3,0,1,1
AKLAN,loaf bread,BURUANGA,medium packs,1,60,1,0,0,0,0,1,0,0,3,0,1,1
AKLAN,loaf bread,BURUANGA,small packs,1,30,2,1,1,0,0,0,0,0,3,0,2,2
AKLAN,loaf bread,BURUANGA,small packs,2,80,1,0,0,1,0,0,0,0,3,0,2,2
AKLAN,"preserved or processed meat (tocino, tapa, longaniza, etc)",BURUANGA,pieces or units,1,53.5,1,0,0,0,0,1,0,0,3,0,1,1
AKLAN,"preserved or processed meat (tocino, tapa, longaniza, etc)",BURUANGA,putos,1,120,1,0,0,0,1,0,0,0,3,0,1,1
AKLAN,cabbage,IBAJAY,pieces or units,1,50,1,0,0,0,1,0,0,0,3,0,1,1
AKLAN,camote,IBAJAY,binilog,1,15,1,0,0,0,0,1,0,0,3,0,1,1
AKLAN,camote tops,IBAJAY,bugkos,1,20,1,0,0,0,1,0,0,0,3,0,1,1
AKLAN,carrot,IBAJAY,pieces or units,1,39,1,0,0,0,1,0,0,0,3,0,1,1
AKLAN,chicken,IBAJAY,pieces or units,1,200,1,1,1,0,0,0,0,0,3,0,2,2
AKLAN,chicken,IBAJAY,pieces or units,2,250,1,0,0,1,0,0,0,0,3,0,2,2
AKLAN,chicken,IBAJAY,whole (chicken),1,250,1,0,0,0,1,0,0,0,3,0,1,1
AKLAN,"crackers, cookies, buiscuits, chips/curls",IBAJAY,pieces or units,1,37.5,2,1,1,0,0,0,0,0,3,0,2,2
AKLAN,"crackers, cookies, buiscuits, chips/curls",IBAJAY,pieces or units,2,94.5,1,0,0,1,0,0,0,0,3,0,2,2
AKLAN,"crackers, cookies, buiscuits, chips/curls",IBAJAY,putos,1,62.5,2,1,1,0,0,0,0,0,2,0,2,2
AKLAN,"crackers, cookies, buiscuits, chips/curls",IBAJAY,putos,2,132.5,1,0,0,1,0,0,0,0,2,0,2,2
AKLAN,fresh fish,IBAJAY,pieces or units,1,100,1,0,0,0,0,1,0,0,3,0,1,1
AKLAN,"ice cream, sorbet, edible ice (eg., ice-lolli, halo-halo)",IBAJAY,pieces or units,1,105,1,0,0,0,1,0,0,0,3,0,1,1
AKLAN,"ice cream, sorbet, edible ice (eg., ice-lolli, halo-halo)",IBAJAY,putos,1,50,1,0,0,0,1,0,0,0,3,0,1,1
AKLAN,"ice cream, sorbet, edible ice (eg., ice-lolli, halo-halo)",IBAJAY,small cup,1,90,1,0,0,0,1,0,0,0,3,0,1,1
AKLAN,"liquor (e.g, whisky, coconut wine)",IBAJAY,lipid/lapad,1,75,1,0,0,0,0,1,0,0,3,0,3,1
AKLAN,"liquor (e.g, whisky, coconut wine)",IBAJAY,lipid/lapad,2,160,1,0,0,0,0,0,1,0,3,1,3,1
AKLAN,"liquor (e.g, whisky, coconut wine)",IBAJAY,lipid/lapad,3,225,1,0,0,0,0,0,1,0,3,1,3,1
AKLAN,"liquor (e.g, whisky, coconut wine)",IBAJAY,long-neck,1,130,2,1,1,0,0,0,0,0,3,0,2,2
AKLAN,"liquor (e.g, whisky, coconut wine)",IBAJAY,long-neck,2,236,1,0,0,1,0,0,0,0,3,0,2,2
AKLAN,loaf bread,IBAJAY,large packs,1,60,1,0,0,0,1,0,0,0,3,0,1,1
AKLAN,loaf bread,IBAJAY,medium packs,1,50,1,0,0,0,1,0,0,0,3,0,1,1
AKLAN,loaf bread,IBAJAY,small packs,1,50,1,0,0,0,0,1,0,0,3,0,1,1
AKLAN,mango,IBAJAY,pieces or units,1,60,1,0,0,0,0,1,0,0,3,0,1,1
AKLAN,"prawns, lobster, shrimp",IBAJAY,tumpok,1,55,2,0,0,0,0,1,1,0,3,0,2,1
AKLAN,"prawns, lobster, shrimp",IBAJAY,tumpok,2,100,1,0,0,0,0,0,1,0,3,1,2,1
AKLAN,"preserved or processed meat (tocino, tapa, longaniza, etc)",IBAJAY,pieces or units,1,45,2,1,1,0,0,0,0,0,3,0,2,2
AKLAN,"preserved or processed meat (tocino, tapa, longaniza, etc)",IBAJAY,pieces or units,2,84,1,0,0,1,0,0,0,0,3,0,2,2
AKLAN,"preserved or processed meat (tocino, tapa, longaniza, etc)",IBAJAY,putos,1,110,2,1,1,0,0,0,0,0,3,0,2,2
AKLAN,"preserved or processed meat (tocino, tapa, longaniza, etc)",IBAJAY,putos,2,150,1,0,0,1,0,0,0,0,3,0,2,2
AKLAN,cabbage,LIBACAO,pieces or units,1,80,1,0,0,0,1,0,0,0,3,0,1,1
AKLAN,camote tops,LIBACAO,bugkos,1,20,1,0,0,0,1,0,0,0,3,0,1,1
AKLAN,camote tops,LIBACAO,bundle,1,30,1,0,0,0,1,0,0,0,3,0,1,1
AKLAN,carrot,LIBACAO,pieces or units,1,30,1,0,0,0,0,1,0,0,3,0,1,1
AKLAN,chicken,LIBACAO,pieces or units,1,350,1,1,0,0,0,0,0,0,3,0,3,3
AKLAN,chicken,LIBACAO,pieces or units,2,400,1,0,1,0,0,0,0,0,3,0,3,3
AKLAN,chicken,LIBACAO,pieces or units,3,700,1,0,0,1,0,0,0,0,3,0,3,3
AKLAN,chicken,LIBACAO,whole (chicken),1,250,2,1,1,0,0,0,0,0,3,0,2,2
AKLAN,chicken,LIBACAO,whole (chicken),2,400,1,0,0,1,0,0,0,0,3,0,2,2
AKLAN,"crackers, cookies, buiscuits, chips/curls",LIBACAO,pieces or units,1,70,1,0,0,0,1,0,0,0,2,0,1,1
AKLAN,"crackers, cookies, buiscuits, chips/curls",LIBACAO,putos,1,60,1,0,0,0,1,0,0,0,3,0,1,1
AKLAN,fresh fish,LIBACAO,pieces or units,1,100,1,0,0,0,0,1,0,0,3,0,3,1
AKLAN,fresh fish,LIBACAO,pieces or units,2,135,1,0,0,0,0,0,1,0,3,1,3,1
AKLAN,fresh fish,LIBACAO,pieces or units,3,280,1,0,0,0,0,0,1,0,3,1,3,1
AKLAN,"ice cream, sorbet, edible ice (eg., ice-lolli, halo-halo)",LIBACAO,putos,1,8,1,0,0,0,0,0,1,0,3,1,2,1
AKLAN,"ice cream, sorbet, edible ice (eg., ice-lolli, halo-halo)",LIBACAO,putos,2,30,1,0,0,0,0,1,0,0,3,0,2,1
AKLAN,"ice cream, sorbet, edible ice (eg., ice-lolli, halo-halo)",LIBACAO,small cup,1,60,1,0,0,0,0,1,0,0,3,0,2,1
AKLAN,"ice cream, sorbet, edible ice (eg., ice-lolli, halo-halo)",LIBACAO,small cup,2,100,1,0,0,0,0,0,1,0,3,1,2,1
AKLAN,"liquor (e.g, whisky, coconut wine)",LIBACAO,lipid/lapad,1,75,1,0,0,0,0,1,0,0,3,0,1,1
AKLAN,"liquor (e.g, whisky, coconut wine)",LIBACAO,long-neck,1,138.75,2,1,1,0,0,0,0,0,3,0,2,2
AKLAN,"liquor (e.g, whisky, coconut wine)",LIBACAO,long-neck,2,447.5,1,0,0,1,0,0,0,0,3,0,2,2
AKLAN,mango,LIBACAO,pieces or units,1,60,1,0,0,0,0,1,0,0,3,0,1,1
AKLAN,"preserved or processed meat (tocino, tapa, longaniza, etc)",LIBACAO,pieces or units,1,40,1,0,0,0,1,0,0,0,2,0,1,1
AKLAN,"preserved or processed meat (tocino, tapa, longaniza, etc)",LIBACAO,putos,1,116.25,2,1,1,0,0,0,0,0,2,0,2,2
AKLAN,"preserved or processed meat (tocino, tapa, longaniza, etc)",LIBACAO,putos,2,155,1,0,0,1,0,0,0,0,2,0,2,2
AKLAN,cabbage,MADALAG,pieces or units,1,60,1,0,0,0,0,1,0,0,3,0,2,1
AKLAN,cabbage,MADALAG,pieces or units,2,150,1,0,0,0,0,0,1,0,3,1,2,1
AKLAN,camote,MADALAG,binilog,1,15,1,0,0,0,0,1,0,0,3,0,1,1
AKLAN,camote tops,MADALAG,bugkos,1,20,1,0,0,0,0,1,0,0,3,0,1,1
AKLAN,carrot,MADALAG,pieces or units,1,30,1,0,0,0,0,1,0,0,3,0,1,1
AKLAN,chicken,MADALAG,pieces or units,1,437.5,1,1,0,0,0,0,0,0,3,0,3,3
AKLAN,chicken,MADALAG,pieces or units,2,550,1,0,1,0,0,0,0,0,3,0,3,3
AKLAN,chicken,MADALAG,pieces or units,3,650,1,0,0,1,0,0,0,0,3,0,3,3
AKLAN,chicken,MADALAG,whole (chicken),1,226.25,2,1,1,0,0,0,0,0,3,0,2,2
AKLAN,chicken,MADALAG,whole (chicken),2,272.5,1,0,0,1,0,0,0,0,3,0,2,2
AKLAN,"crackers, cookies, buiscuits, chips/curls",MADALAG,pieces or units,1,56,1,0,0,0,1,0,0,0,3,0,1,1
AKLAN,"crackers, cookies, buiscuits, chips/curls",MADALAG,putos,1,62,2,1,1,0,0,0,0,0,2,0,2,2
AKLAN,"crackers, cookies, buiscuits, chips/curls",MADALAG,putos,2,110,1,0,0,1,0,0,0,0,2,0,2,2
AKLAN,fresh fish,MADALAG,pieces or units,1,115,1,0,0,0,1,0,0,0,3,0,1,1
AKLAN,"ice cream, sorbet, edible ice (eg., ice-lolli, halo-halo)",MADALAG,pieces or units,1,30,1,0,0,0,1,0,0,0,3,0,1,1
AKLAN,"ice cream, sorbet, edible ice (eg., ice-lolli, halo-halo)",MADALAG,putos,1,30,1,0,0,0,0,1,0,0,2,0,1,1
AKLAN,"liquor (e.g, whisky, coconut wine)",MADALAG,lipid/lapad,1,77.5,2,1,1,0,0,0,0,0,3,0,2,2
AKLAN,"liquor (e.g, whisky, coconut wine)",MADALAG,lipid/lapad,2,140,1,0,0,1,0,0,0,0,3,0,2,2
AKLAN,"liquor (e.g, whisky, coconut wine)",MADALAG,long-neck,1,147.5,1,0,0,0,1,0,0,0,3,0,1,1
AKLAN,loaf bread,MADALAG,large packs,1,65.625,2,1,1,0,0,0,0,0,3,0,2,2
AKLAN,loaf bread,MADALAG,large packs,2,108.75,1,0,0,1,0,0,0,0,3,0,2,2
AKLAN,loaf bread,MADALAG,medium packs,1,56.25,2,1,1,0,0,0,0,0,3,0,2,2
AKLAN,loaf bread,MADALAG,medium packs,2,115,1,0,0,1,0,0,0,0,3,0,2,2
AKLAN,loaf bread,MADALAG,small packs,1,50,1,0,0,0,0,1,0,0,3,0,1,1
AKLAN,mango,MADALAG,pieces or units,1,25,2,0,0,0,0,0,1,0,3,1,2,1
AKLAN,mango,MADALAG,pieces or units,2,60,1,0,0,0,0,1,0,0,3,0,2,1
AKLAN,"preserved or processed meat (tocino, tapa, longaniza, etc)",MADALAG,pieces or units,1,47.875,2,1,1,0,0,0,0,0,3,0,2,2
AKLAN,"preserved or processed meat (tocino, tapa, longaniza, etc)",MADALAG,pieces or units,2,96.25,1,0,0,1,0,0,0,0,3,0,2,2
AKLAN,"preserved or processed meat (tocino, tapa, longaniza, etc)",MADALAG,putos,1,106.25,2,1,1,0,0,0,0,0,2,0,2,2
AKLAN,"preserved or processed meat (tocino, tapa, longaniza, etc)",MADALAG,putos,2,195,1,0,0,1,0,0,0,0,2,0,2,2
AKLAN,cabbage,MAKATO,pieces or units,1,52.5,1,0,0,0,0,1,0,0,3,0,1,1
AKLAN,camote tops,MAKATO,bundle,1,20,1,0,0,0,1,0,0,0,3,0,1,1
AKLAN,carrot,MAKATO,pieces or units,1,50,1,0,0,0,1,0,0,0,3,0,1,1
AKLAN,chicken,MAKATO,whole (chicken),1,196.25,2,1,1,0,0,0,0,0,3,0,2,2
AKLAN,chicken,MAKATO,whole (chicken),2,275,1,0,0,1,0,0,0,0,3,0,2,2
AKLAN,"crackers, cookies, buiscuits, chips/curls",MAKATO,pieces or units,1,39,1,0,0,0,1,0,0,0,2,0,1,1
AKLAN,"crackers, cookies, buiscuits, chips/curls",MAKATO,putos,1,70,1,1,0,0,0,0,0,0,2,0,2,2
AKLAN,"crackers, cookies, buiscuits, chips/curls",MAKATO,putos,2,130,2,0,1,1,0,0,0,0,2,0,2,2
AKLAN,fresh fish,MAKATO,pieces or units,1,100,1,0,0,0,0,1,0,0,3,0,1,1
AKLAN,"ice cream, sorbet, edible ice (eg., ice-lolli, halo-halo)",MAKATO,pieces or units,1,40,1,0,0,0,1,0,0,0,3,0,1,1
AKLAN,"ice cream, sorbet, edible ice (eg., ice-lolli, halo-halo)",MAKATO,small cup,1,30,1,0,0,0,1,0,0,0,3,0,1,1
AKLAN,"liquor (e.g, whisky, coconut wine)",MAKATO,lipid/lapad,1,80,1,0,0,0,0,1,0,0,3,0,1,1
AKLAN,"liquor (e.g, whisky, coconut wine)",MAKATO,long-neck,1,130,1,1,0,0,0,0,0,0,3,0,3,3
AKLAN,"liquor (e.g, whisky, coconut wine)",MAKATO,long-neck,2,190,1,0,1,0,0,0,0,0,3,0,3,3
AKLAN,"liquor (e.g, whisky, coconut wine)",MAKATO,long-neck,3,397.5,1,0,0,1,0,0,0,0,3,0,3,3
AKLAN,loaf bread,MAKATO,large packs,1,112.5,2,1,1,0,0,0,0,0,3,0,2,2
AKLAN,loaf bread,MAKATO,large packs,2,155,1,0,0,1,0,0,0,0,3,0,2,2
AKLAN,loaf bread,MAKATO,medium packs,1,58.75,2,1,1,0,0,0,0,0,3,0,2,2
AKLAN,loaf bread,MAKATO,medium packs,2,102.5,1,0,0,1,0,0,0,0,3,0,2,2
AKLAN,loaf bread,MAKATO,small packs,1,30,1,0,0,0,1,0,0,0,3,0,1,1
AKLAN,mango,MAKATO,pieces or units,1,30,1,0,0,0,0,0,1,0,3,1,2,1
AKLAN,mango,MAKATO,pieces or units,2,60,1,0,0,0,0,1,0,0,3,0,2,1
AKLAN,"prawns, lobster, shrimp",MAKATO,tumpok,1,60,1,0,0,0,0,1,0,0,3,0,1,1
AKLAN,"preserved or processed meat (tocino, tapa, longaniza, etc)",MAKATO,pieces or units,1,36,1,1,0,0,0,0,0,0,2,0,3,3
AKLAN,"preserved or processed meat (tocino, tapa, longaniza, etc)",MAKATO,pieces or units,2,70,1,0,1,0,0,0,0,0,2,0,3,3
AKLAN,"preserved or processed meat (tocino, tapa, longaniza, etc)",MAKATO,pieces or units,3,110,1,0,0,1,0,0,0,0,2,0,3,3
AKLAN,"preserved or processed meat (tocino, tapa, longaniza, etc)",MAKATO,putos,1,108,1,0,0,0,1,0,0,0,2,0,1,1
AKLAN,cabbage,MALAY,pieces or units,1,92,2,1,1,0,0,0,0,0,3,0,2,2
AKLAN,cabbage,MALAY,pieces or units,2,148,1,0,0,1,0,0,0,0,3,0,2,2
AKLAN,camote,MALAY,binilog,1,15,1,0,0,0,0,1,0,0,3,0,1,1
AKLAN,camote tops,MALAY,bugkos,1,30,1,0,0,0,1,0,0,0,3,0,1,1
AKLAN,carrot,MALAY,pieces or units,1,40,1,0,0,0,1,0,0,0,3,0,1,1
AKLAN,chicken,MALAY,whole (chicken),1,274.5,2,1,1,0,0,0,0,0,3,0,2,2
AKLAN,chicken,MALAY,whole (chicken),2,375,1,0,0,1,0,0,0,0,3,0,2,2
AKLAN,"crackers, cookies, buiscuits, chips/curls",MALAY,pieces or units,1,56,1,0,0,0,1,0,0,0,2,0,1,1
AKLAN,"crackers, cookies, buiscuits, chips/curls",MALAY,putos,1,76.25,1,1,0,0,0,0,0,0,2,0,3,3
AKLAN,"crackers, cookies, buiscuits, chips/curls",MALAY,putos,2,105,1,0,1,0,0,0,0,0,2,0,3,3
AKLAN,"crackers, cookies, buiscuits, chips/curls",MALAY,putos,3,170.5,1,0,0,1,0,0,0,0,2,0,3,3
AKLAN,"ice cream, sorbet, edible ice (eg., ice-lolli, halo-halo)",MALAY,pieces or units,1,105,1,0,0,0,0,1,0,0,3,0,1,1
AKLAN,"ice cream, sorbet, edible ice (eg., ice-lolli, halo-halo)",MALAY,putos,1,30,1,0,0,0,0,1,0,0,3,0,2,1
AKLAN,"ice cream, sorbet, edible ice (eg., ice-lolli, halo-halo)",MALAY,putos,2,120,1,0,0,0,0,0,1,0,3,1,2,1
AKLAN,"ice cream, sorbet, edible ice (eg., ice-lolli, halo-halo)",MALAY,small cup,1,60,1,0,0,0,0,1,0,0,3,0,1,1
AKLAN,"liquor (e.g, whisky, coconut wine)",MALAY,lipid/lapad,1,75,1,0,0,0,0,1,0,0,3,0,2,1
AKLAN,"liquor (e.g, whisky, coconut wine)",MALAY,lipid/lapad,2,130,1,0,0,0,0,0,1,0,3,1,2,1
AKLAN,"liquor (e.g, whisky, coconut wine)",MALAY,long-neck,1,367.5,1,1,0,0,0,0,0,0,3,0,3,3
AKLAN,"liquor (e.g, whisky, coconut wine)",MALAY,long-neck,2,442.5,1,0,1,0,0,0,0,0,3,0,3,3
AKLAN,"liquor (e.g, whisky, coconut wine)",MALAY,long-neck,3,536.25,1,0,0,1,0,0,0,0,3,0,3,3
AKLAN,loaf bread,MALAY,large packs,1,79,1,0,0,0,0,1,0,0,3,0,1,1
AKLAN,loaf bread,MALAY,medium packs,1,65,1,0,0,0,0,1,0,0,3,0,1,1
AKLAN,loaf bread,MALAY,small packs,1,50,1,0,0,0,0,1,0,0,3,0,1,1
AKLAN,mango,MALAY,pieces or units,1,89.5,1,0,0,0,1,0,0,0,3,0,1,1
AKLAN,"prawns, lobster, shrimp",MALAY,tumpok,1,60,1,0,0,0,0,1,0,0,3,0,1,1
AKLAN,"preserved or processed meat (tocino, tapa, longaniza, etc)",MALAY,bilog,1,54,1,0,0,0,0,1,0,0,2,0,1,1
AKLAN,"preserved or processed meat (tocino, tapa, longaniza, etc)",MALAY,putos,1,118.75,2,1,1,0,0,0,0,0,2,0,2,2
AKLAN,"preserved or processed meat (tocino, tapa, longaniza, etc)",MALAY,putos,2,168,1,0,0,1,0,0,0,0,2,0,2,2
AKLAN,cabbage,MALINAO,pieces or units,1,60,1,0,0,0,1,0,0,0,3,0,1,1
AKLAN,camote tops,MALINAO,2bond,1,20,1,0,0,0,0,1,0,0,1,0,1,1
AKLAN,camote tops,MALINAO,3bugkos,1,50,1,0,0,0,0,1,0,0,1,0,1,1
AKLAN,camote tops,MALINAO,bugkos,1,20,1,0,0,0,0,1,0,0,3,0,1,1
AKLAN,camote tops,MALINAO,bundle,1,20,1,0,0,0,1,0,0,0,3,0,1,1
AKLAN,carrot,MALINAO,pieces or units,1,32.5,1,0,0,0,1,0,0,0,3,0,1,1
AKLAN,chicken,MALINAO,pieces or units,1,190,1,1,0,0,0,0,0,0,3,0,3,3
AKLAN,chicken,MALINAO,pieces or units,2,305,1,0,1,0,0,0,0,0,3,0,3,3
AKLAN,chicken,MALINAO,pieces or units,3,435,1,0,0,1,0,0,0,0,3,0,3,3
AKLAN,chicken,MALINAO,whole (chicken),1,200,1,1,0,0,0,0,0,0,3,0,3,3
AKLAN,chicken,MALINAO,whole (chicken),2,290,1,0,1,0,0,0,0,0,3,0,3,3
AKLAN,chicken,MALINAO,whole (chicken),3,450,1,0,0,1,0,0,0,0,3,0,3,3
AKLAN,"crackers, cookies, buiscuits, chips/curls",MALINAO,pieces or units,1,50,1,0,0,0,0,1,0,0,2,0,1,1
AKLAN,"crackers, cookies, buiscuits, chips/curls",MALINAO,putos,1,60,1,1,0,0,0,0,0,0,2,0,3,3
AKLAN,"crackers, cookies, buiscuits, chips/curls",MALINAO,putos,2,90,1,0,1,0,0,0,0,0,2,0,3,3
AKLAN,"crackers, cookies, buiscuits, chips/curls",MALINAO,putos,3,156,1,0,0,1,0,0,0,0,2,0,3,3
AKLAN,fresh fish,MALINAO,pieces or units,1,100,1,0,0,0,0,1,0,0,3,0,2,1
AKLAN,fresh fish,MALINAO,pieces or units,2,500,1,0,0,0,0,0,1,0,3,1,2,1
AKLAN,"ice cream, sorbet, edible ice (eg., ice-lolli, halo-halo)",MALINAO,pieces or units,1,25,1,0,0,0,1,0,0,0,3,0,1,1
AKLAN,"ice cream, sorbet, edible ice (eg., ice-lolli, halo-halo)",MALINAO,putos,1,20,1,0,0,0,1,0,0,0,3,0,1,1
AKLAN,"ice cream, sorbet, edible ice (eg., ice-lolli, halo-halo)",MALINAO,small cup,1,25,1,0,0,0,1,0,0,0,3,0,1,1
AKLAN,"liquor (e.g, whisky, coconut wine)",MALINAO,lipid/lapad,1,65.5,2,1,1,0,0,0,0,0,3,0,2,2
AKLAN,"liquor (e.g, whisky, coconut wine)",MALINAO,lipid/lapad,2,130,1,0,0,1,0,0,0,0,3,0,2,2
AKLAN,"liquor (e.g, whisky, coconut wine)",MALINAO,long-neck,1,345,1,1,0,0,0,0,0,0,3,0,3,3
AKLAN,"liquor (e.g, whisky, coconut wine)",MALINAO,long-neck,2,410,1,0,1,0,0,0,0,0,3,0,3,3
AKLAN,"liquor (e.g, whisky, coconut wine)",MALINAO,long-neck,3,552.5,1,0,0,1,0,0,0,0,3,0,3,3
AKLAN,loaf bread,MALINAO,large packs,1,70,2,1,1,0,0,0,0,0,3,0,2,2
AKLAN,loaf bread,MALINAO,large packs,2,120,1,0,0,1,0,0,0,0,3,0,2,2
AKLAN,loaf bread,MALINAO,medium packs,1,60,1,0,0,0,1,0,0,0,3,0,1,1
AKLAN,loaf bread,MALINAO,small packs,1,28.75,1,1,0,0,0,0,0,0,3,0,3,3
AKLAN,loaf bread,MALINAO,small packs,2,50,1,0,1,0,0,0,0,0,3,0,3,3
AKLAN,loaf bread,MALINAO,small packs,3,100,1,0,0,1,0,0,0,0,3,0,3,3
AKLAN,"preserved or processed meat (tocino, tapa, longaniza, etc)",MALINAO,putos,1,115,2,1,1,0,0,0,0,0,2,0,2,2
AKLAN,"preserved or processed meat (tocino, tapa, longaniza, etc)",MALINAO,putos,2,240,1,0,0,1,0,0,0,0,2,0,2,2
AKLAN,cabbage,NABAS,pieces or units,1,52.5,1,0,0,0,0,1,0,0,3,0,1,1
AKLAN,camote tops,NABAS,bugkos,1,20,1,0,0,0,0,1,0,0,3,0,1,1
AKLAN,carrot,NABAS,pieces or units,1,46.5,1,0,0,0,1,0,0,0,3,0,1,1
AKLAN,chicken,NABAS,pieces or units,1,205,2,0,0,0,0,0,1,0,3,1,2,1
AKLAN,chicken,NABAS,pieces or units,2,250,1,0,0,0,0,1,0,0,3,0,2,1
AKLAN,chicken,NABAS,whole (chicken),1,200,1,0,0,0,0,0,1,0,3,1,2,1
AKLAN,chicken,NABAS,whole (chicken),2,250,1,0,0,0,0,1,0,0,3,0,2,1
AKLAN,"ice cream, sorbet, edible ice (eg., ice-lolli, halo-halo)",NABAS,pieces or units,1,57.5,2,1,1,0,0,0,0,0,3,0,2,2
AKLAN,"ice cream, sorbet, edible ice (eg., ice-lolli, halo-halo)",NABAS,pieces or units,2,98.75,1,0,0,1,0,0,0,0,3,0,2,2
AKLAN,"ice cream, sorbet, edible ice (eg., ice-lolli, halo-halo)",NABAS,putos,1,30,1,0,0,0,0,1,1,0,3,0,2,1
AKLAN,"ice cream, sorbet, edible ice (eg., ice-lolli, halo-halo)",NABAS,putos,2,180,1,0,0,0,0,0,1,0,3,1,2,1
AKLAN,"liquor (e.g, whisky, coconut wine)",NABAS,lipid/lapad,1,80,1,0,0,0,0,1,0,0,3,0,3,1
AKLAN,"liquor (e.g, whisky, coconut wine)",NABAS,lipid/lapad,2,120,1,0,0,0,0,0,1,0,3,1,3,1
AKLAN,"liquor (e.g, whisky, coconut wine)",NABAS,lipid/lapad,3,260,1,0,0,0,0,0,1,0,3,1,3,1
AKLAN,"liquor (e.g, whisky, coconut wine)",NABAS,long-neck,1,300,1,1,0,0,0,0,0,0,3,0,3,3
AKLAN,"liquor (e.g, whisky, coconut wine)",NABAS,long-neck,2,360,1,0,1,0,0,0,0,0,3,0,3,3
AKLAN,"liquor (e.g, whisky, coconut wine)",NABAS,long-neck,3,420,1,0,0,1,0,0,0,0,3,0,3,3
AKLAN,loaf bread,NABAS,large packs,1,79,1,0,0,0,0,1,0,0,3,0,1,1
AKLAN,loaf bread,NABAS,medium packs,1,61.25,1,1,0,0,0,0,0,0,3,0,3,3
AKLAN,loaf bread,NABAS,medium packs,2,87.5,1,0,1,0,0,0,0,0,3,0,3,3
AKLAN,loaf bread,NABAS,medium packs,3,108.75,1,0,0,1,0,0,0,0,3,0,3,3
AKLAN,"preserved or processed meat (tocino, tapa, longaniza, etc)",NABAS,pieces or units,1,40,1,0,0,0,1,0,0,0,2,0,1,1
AKLAN,"preserved or processed meat (tocino, tapa, longaniza, etc)",NABAS,putos,1,121.25,2,1,1,0,0,0,0,0,2,0,2,2
AKLAN,"preserved or processed meat (tocino, tapa, longaniza, etc)",NABAS,putos,2,172.5,1,0,0,1,0,0,0,0,2,0,2,2
AKLAN,cabbage,NEW WASHINGTON,pieces or units,1,52.5,1,0,0,0,0,1,0,0,3,0,2,1
AKLAN,cabbage,NEW WASHINGTON,pieces or units,2,75,1,0,0,0,0,0,1,0,3,1,2,1
AKLAN,camote tops,NEW WASHINGTON,bugkos,1,20,1,0,0,0,0,1,0,0,3,0,1,1
AKLAN,camote tops,NEW WASHINGTON,bundle,1,20,1,0,0,0,1,0,0,0,3,0,1,1
AKLAN,carrot,NEW WASHINGTON,pieces or units,1,35,1,0,0,0,0,1,0,0,3,0,1,1
AKLAN,chicken,NEW WASHINGTON,whole (chicken),1,230,1,1,0,0,0,0,0,0,3,0,3,3
AKLAN,chicken,NEW WASHINGTON,whole (chicken),2,260,1,0,1,0,0,0,0,0,3,0,3,3
AKLAN,chicken,NEW WASHINGTON,whole (chicken),3,305,1,0,0,1,0,0,0,0,3,0,3,3
AKLAN,"crackers, cookies, buiscuits, chips/curls",NEW WASHINGTON,pieces or units,1,39.5,2,1,1,0,0,0,0,0,3,0,2,2
AKLAN,"crackers, cookies, buiscuits, chips/curls",NEW WASHINGTON,pieces or units,2,105,1,0,0,1,0,0,0,0,3,0,2,2
AKLAN,"crackers, cookies, buiscuits, chips/curls",NEW WASHINGTON,putos,1,65,1,0,0,0,1,0,0,0,2,0,1,1
AKLAN,"ice cream, sorbet, edible ice (eg., ice-lolli, halo-halo)",NEW WASHINGTON,pieces or units,1,35,1,0,0,0,1,0,0,0,3,0,1,1
AKLAN,"liquor (e.g, whisky, coconut wine)",NEW WASHINGTON,lipid/lapad,1,76.25,1,1,0,0,0,0,0,0,3,0,3,3
AKLAN,"liquor (e.g, whisky, coconut wine)",NEW WASHINGTON,lipid/lapad,2,120,1,0,1,0,0,0,0,0,3,0,3,3
AKLAN,"liquor (e.g, whisky, coconut wine)",NEW WASHINGTON,lipid/lapad,3,152.5,1,0,0,1,0,0,0,0,3,0,3,3
AKLAN,"liquor (e.g, whisky, coconut wine)",NEW WASHINGTON,long-neck,1,240,1,0,0,0,0,1,0,0,3,0,1,1
AKLAN,loaf bread,NEW WASHINGTON,large packs,1,62.5,1,0,0,0,1,0,0,0,3,0,1,1
AKLAN,loaf bread,NEW WASHINGTON,medium packs,1,60,1,0,0,0,0,1,0,0,3,0,1,1
AKLAN,loaf bread,NEW WASHINGTON,small packs,1,50,1,0,0,0,0,1,0,0,3,0,2,1
AKLAN,loaf bread,NEW WASHINGTON,small packs,2,100,1,0,0,0,0,0,1,0,3,1,2,1
AKLAN,"prawns, lobster, shrimp",NEW WASHINGTON,tumpok,1,60,1,0,0,0,0,1,0,0,3,0,2,1
AKLAN,"prawns, lobster, shrimp",NEW WASHINGTON,tumpok,2,120,1,0,0,0,0,0,1,0,3,1,2,1
AKLAN,"preserved or processed meat (tocino, tapa, longaniza, etc)",NEW WASHINGTON,pieces or units,1,57.5,1,1,0,0,0,0,0,0,3,0,3,3
AKLAN,"preserved or processed meat (tocino, tapa, longaniza, etc)",NEW WASHINGTON,pieces or units,2,90,1,0,1,0,0,0,0,0,3,0,3,3
AKLAN,"preserved or processed meat (tocino, tapa, longaniza, etc)",NEW WASHINGTON,pieces or units,3,120,1,0,0,1,0,0,0,0,3,0,3,3
AKLAN,"preserved or processed meat (tocino, tapa, longaniza, etc)",NEW WASHINGTON,putos,1,120,1,0,0,0,1,0,0,0,3,0,1,1
AKLAN,cabbage,TANGALAN,pieces or units,1,52.5,1,0,0,0,0,1,0,0,3,0,2,1
AKLAN,cabbage,TANGALAN,pieces or units,2,174,1,0,0,0,0,0,1,0,3,1,2,1
AKLAN,camote tops,TANGALAN,bundle,1,30,1,0,0,0,1,0,0,0,3,0,1,1
AKLAN,carrot,TANGALAN,pieces or units,1,35,1,0,0,0,0,1,0,0,3,0,2,1
AKLAN,carrot,TANGALAN,pieces or units,2,90,1,0,0,0,0,0,1,0,3,1,2,1
AKLAN,chicken,TANGALAN,whole (chicken),1,250,1,0,0,0,0,1,0,0,3,0,1,1
AKLAN,"crackers, cookies, buiscuits, chips/curls",TANGALAN,pieces or units,1,49.5,1,0,0,0,0,1,0,0,3,0,1,1
AKLAN,"crackers, cookies, buiscuits, chips/curls",TANGALAN,putos,1,66.75,2,1,1,0,0,0,0,0,3,0,2,2
AKLAN,"crackers, cookies, buiscuits, chips/curls",TANGALAN,putos,2,232.5,1,0,0,1,0,0,0,0,3,0,2,2
AKLAN,"ice cream, sorbet, edible ice (eg., ice-lolli, halo-halo)",TANGALAN,pieces or units,1,20,1,0,0,0,1,0,0,0,3,0,1,1
AKLAN,"liquor (e.g, whisky, coconut wine)",TANGALAN,lipid/lapad,1,80,1,0,0,0,0,1,0,0,3,0,1,1
AKLAN,"liquor (e.g, whisky, coconut wine)",TANGALAN,long-neck,1,120,1,0,0,0,0,0,1,0,3,1,2,1
AKLAN,"liquor (e.g, whisky, coconut wine)",TANGALAN,long-neck,2,240,1,0,0,0,0,1,0,0,3,0,2,1
AKLAN,loaf bread,TANGALAN,large packs,1,80,1,0,0,0,0,1,0,0,3,0,1,1
AKLAN,loaf bread,TANGALAN,medium packs,1,60,1,0,0,0,1,0,0,0,3,0,1,1
AKLAN,loaf bread,TANGALAN,small packs,1,28.75,2,1,1,0,0,0,0,0,3,0,2,2
AKLAN,loaf bread,TANGALAN,small packs,2,83.75,1,0,0,1,0,0,0,0,3,0,2,2
AKLAN,"preserved or processed meat (tocino, tapa, longaniza, etc)",TANGALAN,pieces or units,1,33,1,0,0,0,0,0,1,0,3,1,2,1
AKLAN,"preserved or processed meat (tocino, tapa, longaniza, etc)",TANGALAN,pieces or units,2,53.5,1,0,0,0,0,1,0,0,3,0,2,1
AKLAN,"preserved or processed meat (tocino, tapa, longaniza, etc)",TANGALAN,putos,1,82.5,1,1,0,0,0,0,0,0,3,0,3,3
AKLAN,"preserved or processed meat (tocino, tapa, longaniza, etc)",TANGALAN,putos,2,105,1,0,1,0,0,0,0,0,3,0,3,3
AKLAN,"preserved or processed meat (tocino, tapa, longaniza, etc)",TANGALAN,putos,3,172.5,1,0,0,1,0,0,0,0,3,0,3,3
ANTIQUE,cabbage,BARBAZA,pieces or units,1,50,1,0,0,0,1,0,0,0,2,0,1,1
ANTIQUE,camote,BARBAZA,bilog,1,25,1,0,0,0,0,1,0,0,3,0,2,1
ANTIQUE,camote,BARBAZA,bilog,2,100,1,0,0,0,0,0,1,0,3,1,2,1
ANTIQUE,camote tops,BARBAZA,bundle,1,20,1,0,0,0,1,0,0,0,2,0,1,1
ANTIQUE,carrot,BARBAZA,pieces or units,1,25,1,0,0,0,1,0,0,0,3,0,1,1
ANTIQUE,chicken,BARBAZA,whole (chicken),1,305,1,1,0,0,0,0,0,0,3,0,3,3
ANTIQUE,chicken,BARBAZA,whole (chicken),2,360,1,0,1,0,0,0,0,0,3,0,3,3
ANTIQUE,chicken,BARBAZA,whole (chicken),3,420,1,0,0,1,0,0,0,0,3,0,3,3
ANTIQUE,"crackers, cookies, buiscuits, chips/curls",BARBAZA,pieces or units,1,41.25,2,1,1,0,0,0,0,0,3,0,2,2
ANTIQUE,"crackers, cookies, buiscuits, chips/curls",BARBAZA,pieces or units,2,94.75,1,0,0,1,0,0,0,0,3,0,2,2
ANTIQUE,"crackers, cookies, buiscuits, chips/curls",BARBAZA,putos,1,79.5,1,1,0,0,0,0,0,0,3,0,3,3
ANTIQUE,"crackers, cookies, buiscuits, chips/curls",BARBAZA,putos,2,100,1,0,1,0,0,0,0,0,3,0,3,3
ANTIQUE,"crackers, cookies, buiscuits, chips/curls",BARBAZA,putos,3,161.25,1,0,0,1,0,0,0,0,3,0,3,3
ANTIQUE,fresh fish,BARBAZA,pieces or units,1,70,1,0,0,0,0,1,0,0,3,0,1,1
ANTIQUE,"ice cream, sorbet, edible ice (eg., ice-lolli, halo-halo)",BARBAZA,pieces or units,1,30,1,0,0,0,0,1,0,0,2,0,1,1
ANTIQUE,"ice cream, sorbet, edible ice (eg., ice-lolli, halo-halo)",BARBAZA,small cup,1,20,1,0,0,0,0,1,0,0,3,0,1,1
ANTIQUE,"liquor (e.g, whisky, coconut wine)",BARBAZA,lipid/lapad,1,63.75,1,1,0,0,0,0,0,0,3,0,3,3
ANTIQUE,"liquor (e.g, whisky, coconut wine)",BARBAZA,lipid/lapad,2,135,1,0,1,0,0,0,0,0,3,0,3,3
ANTIQUE,"liquor (e.g, whisky, coconut wine)",BARBAZA,lipid/lapad,3,195,1,0,0,1,0,0,0,0,3,0,3,3
ANTIQUE,"liquor (e.g, whisky, coconut wine)",BARBAZA,long-neck,1,157.5,1,0,0,0,0,1,0,0,2,0,2,1
ANTIQUE,"liquor (e.g, whisky, coconut wine)",BARBAZA,long-neck,2,250,1,0,0,0,0,0,1,0,2,1,2,1
ANTIQUE,loaf bread,BARBAZA,large packs,1,90,2,0,0,0,0,1,1,0,3,0,2,1
ANTIQUE,loaf bread,BARBAZA,large packs,2,180,1,0,0,0,0,0,1,0,3,1,2,1
ANTIQUE,loaf bread,BARBAZA,small packs,1,40,1,1,0,0,0,0,0,0,3,0,3,3
ANTIQUE,loaf bread,BARBAZA,small packs,2,70,1,0,1,0,0,0,0,0,3,0,3,3
ANTIQUE,loaf bread,BARBAZA,small packs,3,118.5,1,0,0,1,0,0,0,0,3,0,3,3
ANTIQUE,loaf bread,BARBAZA,tama-tama nga putos,1,73.5,1,1,0,0,0,0,0,0,3,0,3,3
ANTIQUE,loaf bread,BARBAZA,tama-tama nga putos,2,100,1,0,1,0,0,0,0,0,3,0,3,3
ANTIQUE,loaf bread,BARBAZA,tama-tama nga putos,3,140,1,0,0,1,0,0,0,0,3,0,3,3
ANTIQUE,mango,BARBAZA,pieces or units,1,20,1,0,0,0,0,0,1,0,3,1,2,1
ANTIQUE,mango,BARBAZA,pieces or units,2,80,1,0,0,0,0,1,0,0,3,0,2,1
ANTIQUE,"preserved or processed meat (tocino, tapa, longaniza, etc)",BARBAZA,bilog,1,45,1,0,0,0,0,1,0,0,3,0,1,1
ANTIQUE,"preserved or processed meat (tocino, tapa, longaniza, etc)",BARBAZA,putos,1,61.5,1,1,0,0,0,0,0,0,2,0,2,2
ANTIQUE,"preserved or processed meat (tocino, tapa, longaniza, etc)",BARBAZA,putos,2,98.75,2,0,1,1,0,0,0,0,2,0,2,2
ANTIQUE,cabbage,BELISON,pieces or units,1,50,1,0,0,0,0,1,0,0,3,0,1,1
ANTIQUE,camote,BELISON,binilog,1,25,1,0,0,0,0,1,0,0,3,0,1,1
ANTIQUE,camote tops,BELISON,bugkos,1,20,1,0,0,0,1,0,0,0,3,0,1,1
ANTIQUE,carrot,BELISON,pieces or units,1,40,1,0,0,0,0,1,0,0,3,0,1,1
ANTIQUE,chicken,BELISON,pieces or units,1,210,1,1,0,0,0,0,0,0,3,0,2,2
ANTIQUE,chicken,BELISON,pieces or units,2,252.5,2,0,1,1,0,0,0,0,3,0,2,2
ANTIQUE,chicken,BELISON,whole (chicken),1,294.5,2,1,1,0,0,0,0,0,3,0,2,2
ANTIQUE,chicken,BELISON,whole (chicken),2,400,1,0,0,1,0,0,0,0,3,0,2,2
ANTIQUE,"ice cream, sorbet, edible ice (eg., ice-lolli, halo-halo)",BELISON,pieces or units,1,28.75,2,1,1,0,0,0,0,0,3,0,2,2
ANTIQUE,"ice cream, sorbet, edible ice (eg., ice-lolli, halo-halo)",BELISON,pieces or units,2,85,1,0,0,1,0,0,0,0,3,0,2,2
ANTIQUE,"ice cream, sorbet, edible ice (eg., ice-lolli, halo-halo)",BELISON,putos,1,45,1,0,0,0,0,1,0,0,3,0,1,1
ANTIQUE,"ice cream, sorbet, edible ice (eg., ice-lolli, halo-halo)",BELISON,small cup,1,40,1,0,0,0,0,1,0,0,3,0,3,1
ANTIQUE,"ice cream, sorbet, edible ice (eg., ice-lolli, halo-halo)",BELISON,small cup,2,100,1,0,0,0,0,0,1,0,3,1,3,1
ANTIQUE,"ice cream, sorbet, edible ice (eg., ice-lolli, halo-halo)",BELISON,small cup,3,200,1,0,0,0,0,0,1,0,3,1,3,1
ANTIQUE,"liquor (e.g, whisky, coconut wine)",BELISON,gin,1,35,1,0,0,0,0,1,0,0,2,0,1,1
ANTIQUE,"liquor (e.g, whisky, coconut wine)",BELISON,lipid/lapad,1,82.5,1,1,0,0,0,0,0,0,2,0,2,2
ANTIQUE,"liquor (e.g, whisky, coconut wine)",BELISON,lipid/lapad,2,162.5,2,0,1,1,0,0,0,0,2,0,2,2
ANTIQUE,"liquor (e.g, whisky, coconut wine)",BELISON,long-neck,1,130,1,0,0,0,0,0,1,0,2,1,2,1
ANTIQUE,"liquor (e.g, whisky, coconut wine)",BELISON,long-neck,2,157.5,1,0,0,0,0,1,0,0,2,0,2,1
ANTIQUE,loaf bread,BELISON,large packs,1,92.5,1,0,0,0,0,1,0,0,3,0,2,1
ANTIQUE,loaf bread,BELISON,large packs,2,168,1,0,0,0,0,0,1,0,3,1,2,1
ANTIQUE,loaf bread,BELISON,medium packs,1,55,1,0,0,0,1,0,0,0,3,0,1,1
ANTIQUE,mango,BELISON,pieces or units,1,100,1,0,0,0,0,1,0,0,3,0,3,1
ANTIQUE,mango,BELISON,pieces or units,2,140,1,0,0,0,0,0,1,0,3,1,3,1
ANTIQUE,mango,BELISON,pieces or units,3,200,1,0,0,0,0,0,1,0,3,1,3,1
ANTIQUE,"prawns, lobster, shrimp",BELISON,tumpok,1,100,1,0,0,0,0,1,0,0,3,0,1,1
ANTIQUE,"preserved or processed meat (tocino, tapa, longaniza, etc)",BELISON,bilog,1,45,1,0,0,0,0,1,0,0,3,0,2,1
ANTIQUE,"preserved or processed meat (tocino, tapa, longaniza, etc)",BELISON,bilog,2,300,1,0,0,0,0,0,1,0,3,1,2,1
ANTIQUE,"preserved or processed meat (tocino, tapa, longaniza, etc)",BELISON,cans,1,137,1,1,0,0,0,0,0,0,3,0,3,3
ANTIQUE,"preserved or processed meat (tocino, tapa, longaniza, etc)",BELISON,cans,2,162,1,0,1,0,0,0,0,0,3,0,3,3
ANTIQUE,"preserved or processed meat (tocino, tapa, longaniza, etc)",BELISON,cans,3,281,1,0,0,1,0,0,0,0,3,0,3,3
ANTIQUE,"preserved or processed meat (tocino, tapa, longaniza, etc)",BELISON,putos,1,58.75,1,1,0,0,0,0,0,0,3,0,3,3
ANTIQUE,"preserved or processed meat (tocino, tapa, longaniza, etc)",BELISON,putos,2,90,1,0,1,0,0,0,0,0,3,0,3,3
ANTIQUE,"preserved or processed meat (tocino, tapa, longaniza, etc)",BELISON,putos,3,126.25,1,0,0,1,0,0,0,0,3,0,3,3
ANTIQUE,cabbage,BUGASONG,pieces or units,1,25,1,0,0,0,1,0,0,0,3,0,1,1
ANTIQUE,camote,BUGASONG,bilog,1,25,1,0,0,0,0,1,0,0,3,0,2,1
ANTIQUE,camote,BUGASONG,bilog,2,50,1,0,0,0,0,0,1,0,3,1,2,1
ANTIQUE,camote tops,BUGASONG,bugkos,1,20,1,0,0,0,1,0,0,0,3,0,1,1
ANTIQUE,carrot,BUGASONG,pieces or units,1,20,1,0,0,0,1,0,0,0,3,0,1,1
ANTIQUE,chicken,BUGASONG,pieces or units,1,210,1,1,0,0,0,0,0,0,3,0,3,3
ANTIQUE,chicken,BUGASONG,pieces or units,2,300,1,0,1,0,0,0,0,0,3,0,3,3
ANTIQUE,chicken,BUGASONG,pieces or units,3,500,1,0,0,1,0,0,0,0,3,0,3,3
ANTIQUE,chicken,BUGASONG,whole (chicken),1,205,2,1,1,0,0,0,0,0,3,0,2,2
ANTIQUE,chicken,BUGASONG,whole (chicken),2,282.5,1,0,0,1,0,0,0,0,3,0,2,2
ANTIQUE,"crackers, cookies, buiscuits, chips/curls",BUGASONG,pieces or units,1,40,1,0,0,0,1,0,0,0,3,0,1,1
ANTIQUE,"crackers, cookies, buiscuits, chips/curls",BUGASONG,putos,1,74.75,1,1,0,0,0,0,0,0,3,0,3,3
ANTIQUE,"crackers, cookies, buiscuits, chips/curls",BUGASONG,putos,2,123,1,0,1,0,0,0,0,0,3,0,3,3
ANTIQUE,"crackers, cookies, buiscuits, chips/curls",BUGASONG,putos,3,192.75,1,0,0,1,0,0,0,0,3,0,3,3
ANTIQUE,"drinks at restaurant, hotel, cafe, or kiosk",BUGASONG,pieces,1,53.75,1,0,0,1,0,0,0,0,3,0,1,1
ANTIQUE,fresh fish,BUGASONG,pieces or units,1,35,1,0,0,0,0,0,1,0,3,1,3,1
ANTIQUE,fresh fish,BUGASONG,pieces or units,2,70,1,0,0,0,0,1,0,0,3,0,3,1
ANTIQUE,fresh fish,BUGASONG,pieces or units,3,450,1,0,0,0,0,0,1,0,3,1,3,1
ANTIQUE,"ice cream, sorbet, edible ice (eg., ice-lolli, halo-halo)",BUGASONG,pieces or units,1,20,1,0,0,0,1,0,0,0,3,0,1,1
ANTIQUE,"ice cream, sorbet, edible ice (eg., ice-lolli, halo-halo)",BUGASONG,putos,1,15,1,0,0,0,0,0,1,0,3,1,2,1
ANTIQUE,"ice cream, sorbet, edible ice (eg., ice-lolli, halo-halo)",BUGASONG,putos,2,45,1,0,0,0,0,1,0,0,3,0,2,1
ANTIQUE,"ice cream, sorbet, edible ice (eg., ice-lolli, halo-halo)",BUGASONG,small cup,1,30,1,0,0,0,1,0,0,0,3,0,1,1
ANTIQUE,"liquor (e.g, whisky, coconut wine)",BUGASONG,lipid/lapad,1,80,1,1,0,0,0,0,0,0,3,0,3,3
ANTIQUE,"liquor (e.g, whisky, coconut wine)",BUGASONG,lipid/lapad,2,155,1,0,1,0,0,0,0,0,3,0,3,3
ANTIQUE,"liquor (e.g, whisky, coconut wine)",BUGASONG,lipid/lapad,3,240,1,0,0,1,0,0,0,0,3,0,3,3
ANTIQUE,"liquor (e.g, whisky, coconut wine)",BUGASONG,long-neck,1,142.5,2,1,1,0,0,0,0,0,3,0,2,2
ANTIQUE,"liquor (e.g, whisky, coconut wine)",BUGASONG,long-neck,2,315,1,0,0,1,0,0,0,0,3,0,2,2
ANTIQUE,loaf bread,BUGASONG,large packs,1,92.5,1,0,0,0,0,1,0,0,3,0,2,1
ANTIQUE,loaf bread,BUGASONG,large packs,2,255,1,0,0,0,0,0,1,0,3,1,2,1
ANTIQUE,loaf bread,BUGASONG,medium packs,1,60,1,0,0,0,0,1,0,0,3,0,1,1
ANTIQUE,mango,BUGASONG,pieces or units,1,100,1,0,0,0,0,1,0,0,3,0,2,1
ANTIQUE,mango,BUGASONG,pieces or units,2,200,1,0,0,0,0,0,1,0,3,1,2,1
ANTIQUE,"preserved or processed meat (tocino, tapa, longaniza, etc)",BUGASONG,bilog,1,45,1,0,0,0,0,1,0,0,2,0,1,1
ANTIQUE,"preserved or processed meat (tocino, tapa, longaniza, etc)",BUGASONG,cans,1,50,1,0,0,0,1,0,0,0,3,0,1,1
ANTIQUE,"preserved or processed meat (tocino, tapa, longaniza, etc)",BUGASONG,putos,1,40,1,1,0,0,0,0,0,0,3,0,2,2
ANTIQUE,"preserved or processed meat (tocino, tapa, longaniza, etc)",BUGASONG,putos,2,80,2,0,1,1,0,0,0,0,3,0,2,2
ANTIQUE,cabbage,CULASI,pieces or units,1,50,1,0,0,0,0,1,0,0,3,0,2,1
ANTIQUE,cabbage,CULASI,pieces or units,2,100,1,0,0,0,0,0,1,0,3,1,2,1
ANTIQUE,camote,CULASI,bilog,1,25,1,0,0,0,0,1,0,0,3,0,1,1
ANTIQUE,camote tops,CULASI,bugkos,1,20,1,0,0,0,1,0,0,0,3,0,1,1
ANTIQUE,carrot,CULASI,pieces or units,1,27.5,1,0,0,0,1,0,0,0,3,0,1,1
ANTIQUE,chicken,CULASI,whole (chicken),1,250,1,0,0,0,0,1,0,0,3,0,1,1
ANTIQUE,"crackers, cookies, buiscuits, chips/curls",CULASI,pieces or units,1,36,1,0,0,0,1,0,0,0,3,0,1,1
ANTIQUE,"crackers, cookies, buiscuits, chips/curls",CULASI,putos,1,62,1,0,0,0,1,0,0,0,3,0,1,1
ANTIQUE,fresh fish,CULASI,pieces or units,1,20,1,0,0,0,0,0,1,0,3,1,2,1
ANTIQUE,fresh fish,CULASI,pieces or units,2,70,1,0,0,0,0,1,0,0,3,0,2,1
ANTIQUE,"ice cream, sorbet, edible ice (eg., ice-lolli, halo-halo)",CULASI,pieces or units,1,35,2,1,1,0,0,0,0,0,3,0,2,2
ANTIQUE,"ice cream, sorbet, edible ice (eg., ice-lolli, halo-halo)",CULASI,pieces or units,2,100,1,0,0,1,0,0,0,0,3,0,2,2
ANTIQUE,"ice cream, sorbet, edible ice (eg., ice-lolli, halo-halo)",CULASI,small cup,1,45,1,0,0,0,1,0,0,0,3,0,1,1
ANTIQUE,"liquor (e.g, whisky, coconut wine)",CULASI,lipid/lapad,1,76.25,1,1,0,0,0,0,0,0,3,0,3,3
ANTIQUE,"liquor (e.g, whisky, coconut wine)",CULASI,lipid/lapad,2,132.5,1,0,1,0,0,0,0,0,3,0,3,3
ANTIQUE,"liquor (e.g, whisky, coconut wine)",CULASI,lipid/lapad,3,195,1,0,0,1,0,0,0,0,3,0,3,3
ANTIQUE,"liquor (e.g, whisky, coconut wine)",CULASI,long-neck,1,157.5,1,0,0,0,0,1,0,0,3,0,1,1
ANTIQUE,loaf bread,CULASI,large packs,1,92.5,1,0,0,0,0,1,0,0,3,0,1,1
ANTIQUE,loaf bread,CULASI,medium packs,1,65,2,0,0,0,0,1,1,0,3,0,2,1
ANTIQUE,loaf bread,CULASI,medium packs,2,180,1,0,0,0,0,0,1,0,3,1,2,1
ANTIQUE,loaf bread,CULASI,small packs,1,50,1,0,0,0,0,1,0,0,3,0,1,1
ANTIQUE,mango,CULASI,pieces or units,1,50,1,0,0,0,0,0,1,0,3,1,2,1
ANTIQUE,mango,CULASI,pieces or units,2,100,1,0,0,0,0,1,0,0,3,0,2,1
ANTIQUE,"prawns, lobster, shrimp",CULASI,tumpok,1,100,1,0,0,0,0,1,0,0,3,0,1,1
ANTIQUE,"preserved or processed meat (tocino, tapa, longaniza, etc)",CULASI,bilog,1,45,1,0,0,0,0,1,0,0,3,0,1,1
ANTIQUE,"preserved or processed meat (tocino, tapa, longaniza, etc)",CULASI,putos,1,60,2,1,1,0,0,0,0,0,3,0,2,2
ANTIQUE,"preserved or processed meat (tocino, tapa, longaniza, etc)",CULASI,putos,2,116,1,0,0,1,0,0,0,0,3,0,2,2
ANTIQUE,cabbage,HAMTIC,pieces or units,1,83.625,2,1,1,0,0,0,0,0,3,0,2,2
ANTIQUE,cabbage,HAMTIC,pieces or units,2,120,1,0,0,1,0,0,0,0,3,0,2,2
ANTIQUE,camote,HAMTIC,bilog,1,25,1,0,0,0,1,0,0,0,3,0,1,1
ANTIQUE,camote tops,HAMTIC,bugkos,1,20,1,0,0,0,1,0,0,0,3,0,1,1
ANTIQUE,carrot,HAMTIC,pieces or units,1,45,1,0,0,0,1,0,0,0,3,0,1,1
ANTIQUE,chicken,HAMTIC,whole (chicken),1,205,1,1,0,0,0,0,0,0,3,0,3,3
ANTIQUE,chicken,HAMTIC,whole (chicken),2,270,1,0,1,0,0,0,0,0,3,0,3,3
ANTIQUE,chicken,HAMTIC,whole (chicken),3,300,1,0,0,1,0,0,0,0,3,0,3,3
ANTIQUE,"crackers, cookies, buiscuits, chips/curls",HAMTIC,balde,1,335,1,0,0,0,0,1,0,0,3,0,1,1
ANTIQUE,"crackers, cookies, buiscuits, chips/curls",HAMTIC,pack,1,110,1,0,0,0,0,1,0,0,3,0,1,1
ANTIQUE,fresh fish,HAMTIC,pieces or units,1,50,1,0,0,0,0,0,1,0,3,1,2,1
ANTIQUE,fresh fish,HAMTIC,pieces or units,2,180,1,0,0,0,0,1,0,0,3,0,2,1
ANTIQUE,"ice cream, sorbet, edible ice (eg., ice-lolli, halo-halo)",HAMTIC,cone,1,30,1,0,0,0,0,1,0,0,2,0,1,1
ANTIQUE,"ice cream, sorbet, edible ice (eg., ice-lolli, halo-halo)",HAMTIC,pieces or units,1,28,1,0,0,0,1,0,0,0,3,0,1,1
ANTIQUE,"ice cream, sorbet, edible ice (eg., ice-lolli, halo-halo)",HAMTIC,putos,1,45,1,0,0,0,0,1,0,0,3,0,1,1
ANTIQUE,"ice cream, sorbet, edible ice (eg., ice-lolli, halo-halo)",HAMTIC,small cup,1,30,2,0,0,0,1,1,1,0,3,0,2,1
ANTIQUE,"ice cream, sorbet, edible ice (eg., ice-lolli, halo-halo)",HAMTIC,small cup,2,150,1,0,0,0,0,0,1,0,3,1,2,1
ANTIQUE,"liquor (e.g, whisky, coconut wine)",HAMTIC,lipid/lapad,1,85,1,1,0,0,0,0,0,0,3,0,3,3
ANTIQUE,"liquor (e.g, whisky, coconut wine)",HAMTIC,lipid/lapad,2,160,1,0,1,0,0,0,0,0,3,0,3,3
ANTIQUE,"liquor (e.g, whisky, coconut wine)",HAMTIC,lipid/lapad,3,240,1,0,0,1,0,0,0,0,3,0,3,3
ANTIQUE,"liquor (e.g, whisky, coconut wine)",HAMTIC,long-neck,1,165,1,1,0,0,0,0,0,0,3,0,3,3
ANTIQUE,"liquor (e.g, whisky, coconut wine)",HAMTIC,long-neck,2,245,1,0,1,0,0,0,0,0,3,0,3,3
ANTIQUE,"liquor (e.g, whisky, coconut wine)",HAMTIC,long-neck,3,348.75,1,0,0,1,0,0,0,0,3,0,3,3
ANTIQUE,loaf bread,HAMTIC,large packs,1,89.5,2,1,1,0,0,0,0,0,3,0,3,3
ANTIQUE,loaf bread,HAMTIC,large packs,2,130,1,0,0,0,0,1,0,0,3,0,3,3
ANTIQUE,loaf bread,HAMTIC,large packs,3,185,1,0,0,1,0,0,0,0,3,0,3,3
ANTIQUE,loaf bread,HAMTIC,medium packs,1,61.5,2,1,1,0,0,0,0,0,3,0,2,2
ANTIQUE,loaf bread,HAMTIC,medium packs,2,127.25,1,0,0,1,0,0,0,0,3,0,2,2
ANTIQUE,loaf bread,HAMTIC,small packs,1,58.5,2,1,1,0,0,0,0,0,3,0,2,2
ANTIQUE,loaf bread,HAMTIC,small packs,2,115,1,0,0,1,0,0,0,0,3,0,2,2
ANTIQUE,"prawns, lobster, shrimp",HAMTIC,tumpok,1,100,1,0,0,0,0,1,0,0,3,0,2,1
ANTIQUE,"prawns, lobster, shrimp",HAMTIC,tumpok,2,300,1,0,0,0,0,0,1,0,3,1,2,1
ANTIQUE,"preserved or processed meat (tocino, tapa, longaniza, etc)",HAMTIC,bilog,1,45,1,0,0,0,0,1,0,0,3,0,2,1
ANTIQUE,"preserved or processed meat (tocino, tapa, longaniza, etc)",HAMTIC,bilog,2,80,1,0,0,0,0,0,1,0,3,1,2,1
ANTIQUE,"preserved or processed meat (tocino, tapa, longaniza, etc)",HAMTIC,pack,1,80,1,0,0,0,0,1,0,0,2,0,1,1
ANTIQUE,rice,HAMTIC,gantang,1,300,1,0,0,0,0,0,1,0,1,1,2,1
ANTIQUE,rice,HAMTIC,gantang,2,475,1,0,0,0,0,1,0,0,1,0,2,1
ANTIQUE,cabbage,LAUA-AN,pieces or units,1,65,1,0,0,0,1,0,0,0,3,0,1,1
ANTIQUE,camote tops,LAUA-AN,bugkos,1,20,1,0,0,0,1,0,0,0,3,0,1,1
ANTIQUE,camote tops,LAUA-AN,bundle,1,20,1,0,0,0,1,0,0,0,3,0,1,1
ANTIQUE,carrot,LAUA-AN,pieces or units,1,28.75,1,1,0,0,0,0,0,0,3,0,3,3
ANTIQUE,carrot,LAUA-AN,pieces or units,2,54,1,0,1,0,0,0,0,0,3,0,3,3
ANTIQUE,carrot,LAUA-AN,pieces or units,3,77.5,1,0,0,1,0,0,0,0,3,0,3,3
ANTIQUE,chicken,LAUA-AN,whole (chicken),1,227.5,1,1,0,0,0,0,0,0,3,0,2,2
ANTIQUE,chicken,LAUA-AN,whole (chicken),2,300,1,0,1,1,0,0,0,0,3,0,2,2
ANTIQUE,"crackers, cookies, buiscuits, chips/curls",LAUA-AN,pack,1,110,1,0,0,0,0,1,0,0,3,0,1,1
ANTIQUE,"crackers, cookies, buiscuits, chips/curls",LAUA-AN,pieces or units,1,80,1,0,0,0,1,0,0,0,3,0,1,1
ANTIQUE,fresh fish,LAUA-AN,pieces or units,1,100,1,0,0,0,0,0,1,0,3,1,2,1
ANTIQUE,fresh fish,LAUA-AN,pieces or units,2,180,1,0,0,0,0,1,0,0,3,0,2,1
ANTIQUE,"ice cream, sorbet, edible ice (eg., ice-lolli, halo-halo)",LAUA-AN,putos,1,45,1,0,0,0,0,1,0,0,3,0,1,1
ANTIQUE,"ice cream, sorbet, edible ice (eg., ice-lolli, halo-halo)",LAUA-AN,small cup,1,27.5,1,0,0,0,1,0,0,0,2,0,1,1
ANTIQUE,"liquor (e.g, whisky, coconut wine)",LAUA-AN,lipid/lapad,1,80,1,1,0,0,0,0,0,0,3,0,3,3
ANTIQUE,"liquor (e.g, whisky, coconut wine)",LAUA-AN,lipid/lapad,2,150,1,0,1,0,0,0,0,0,3,0,3,3
ANTIQUE,"liquor (e.g, whisky, coconut wine)",LAUA-AN,lipid/lapad,3,182.5,1,0,0,1,0,0,0,0,3,0,3,3
ANTIQUE,"liquor (e.g, whisky, coconut wine)",LAUA-AN,long-neck,1,130,1,0,0,0,1,0,0,0,3,0,1,1
ANTIQUE,loaf bread,LAUA-AN,large packs,1,80,1,0,0,0,1,0,0,0,3,0,1,1
ANTIQUE,loaf bread,LAUA-AN,medium packs,1,65,1,0,0,0,0,1,0,0,3,0,1,1
ANTIQUE,loaf bread,LAUA-AN,small packs,1,45,1,0,0,0,1,0,0,0,3,0,1,1
ANTIQUE,mango,LAUA-AN,pieces or units,1,90,2,0,0,0,0,1,1,0,3,0,2,1
ANTIQUE,mango,LAUA-AN,pieces or units,2,130,1,0,0,0,0,0,1,0,3,1,2,1
ANTIQUE,"preserved or processed meat (tocino, tapa, longaniza, etc)",LAUA-AN,putos,1,40.375,2,1,1,0,0,0,0,0,3,0,2,2
ANTIQUE,"preserved or processed meat (tocino, tapa, longaniza, etc)",LAUA-AN,putos,2,87.5,1,0,0,1,0,0,0,0,3,0,2,2
ANTIQUE,cabbage,LIBERTAD,pieces or units,1,35,1,0,0,0,1,0,0,0,3,0,1,1
ANTIQUE,camote,LIBERTAD,bilog,1,25,1,0,0,0,0,1,0,0,3,0,1,1
ANTIQUE,camote tops,LIBERTAD,bugkos,1,20,1,0,0,0,1,0,0,0,2,0,1,1
ANTIQUE,carrot,LIBERTAD,pieces or units,1,21.5,1,1,0,0,0,0,0,0,3,0,2,2
ANTIQUE,carrot,LIBERTAD,pieces or units,2,53.125,2,0,1,1,0,0,0,0,3,0,2,2
ANTIQUE,chicken,LIBERTAD,pieces or units,1,400,1,0,0,0,0,1,0,0,3,0,1,1
ANTIQUE,chicken,LIBERTAD,whole (chicken),1,200,1,0,0,0,1,0,0,0,3,0,1,1
ANTIQUE,"crackers, cookies, buiscuits, chips/curls",LIBERTAD,pack,1,68,1,0,0,0,0,1,0,0,3,0,1,1
ANTIQUE,"crackers, cookies, buiscuits, chips/curls",LIBERTAD,pieces or units,1,39.25,2,1,1,0,0,0,0,0,2,0,2,2
ANTIQUE,"crackers, cookies, buiscuits, chips/curls",LIBERTAD,pieces or units,2,84.5,1,0,0,1,0,0,0,0,2,0,2,2
ANTIQUE,fresh fish,LIBERTAD,pieces or units,1,70,1,0,0,0,0,1,0,0,3,0,1,1
ANTIQUE,"ice cream, sorbet, edible ice (eg., ice-lolli, halo-halo)",LIBERTAD,pieces or units,1,20,1,0,0,0,1,0,0,0,3,0,1,1
ANTIQUE,"ice cream, sorbet, edible ice (eg., ice-lolli, halo-halo)",LIBERTAD,small cup,1,35,1,0,0,0,0,1,0,0,3,0,1,1
ANTIQUE,"liquor (e.g, whisky, coconut wine)",LIBERTAD,lipid/lapad,1,68.75,2,1,1,0,0,0,0,0,3,0,2,2
ANTIQUE,"liquor (e.g, whisky, coconut wine)",LIBERTAD,lipid/lapad,2,128.5,1,0,0,1,0,0,0,0,3,0,2,2
ANTIQUE,"liquor (e.g, whisky, coconut wine)",LIBERTAD,long-neck,1,130,1,0,0,0,1,0,0,0,3,0,1,1
ANTIQUE,loaf bread,LIBERTAD,large packs,1,75,1,0,0,0,1,0,0,0,3,0,1,1
ANTIQUE,loaf bread,LIBERTAD,medium packs,1,65,1,0,0,0,0,1,0,0,3,0,1,1
ANTIQUE,loaf bread,LIBERTAD,small packs,1,25,1,1,0,0,0,0,0,0,3,0,3,3
ANTIQUE,loaf bread,LIBERTAD,small packs,2,50,1,0,1,0,0,0,0,0,3,0,3,3
ANTIQUE,loaf bread,LIBERTAD,small packs,3,88.75,1,0,0,1,0,0,0,0,3,0,3,3
ANTIQUE,"preserved or processed meat (tocino, tapa, longaniza, etc)",LIBERTAD,pieces or units,1,34.25,2,0,0,0,0,1,1,1,2,0,2,2
ANTIQUE,"preserved or processed meat (tocino, tapa, longaniza, etc)",LIBERTAD,pieces or units,2,110,1,0,0,0,0,0,1,1,2,0,2,2
ANTIQUE,"preserved or processed meat (tocino, tapa, longaniza, etc)",LIBERTAD,putos,1,55,1,1,0,0,0,0,0,0,3,0,3,3
ANTIQUE,"preserved or processed meat (tocino, tapa, longaniza, etc)",LIBERTAD,putos,2,90,1,0,1,0,0,0,0,0,3,0,3,3
ANTIQUE,"preserved or processed meat (tocino, tapa, longaniza, etc)",LIBERTAD,putos,3,122.5,1,0,0,1,0,0,0,0,3,0,3,3
ANTIQUE,cabbage,PANDAN,pack,1,42.5,1,0,0,0,0,1,0,0,3,0,1,1
ANTIQUE,cabbage,PANDAN,pieces or units,1,50,1,0,0,0,1,0,0,0,3,0,1,1
ANTIQUE,camote tops,PANDAN,bugkos,1,20,1,0,0,0,1,0,0,0,2,0,1,1
ANTIQUE,carrot,PANDAN,pieces or units,1,27.5,1,0,0,0,1,0,0,0,3,0,1,1
ANTIQUE,chicken,PANDAN,whole (chicken),1,230,1,0,0,0,1,0,0,0,3,0,1,1
ANTIQUE,"crackers, cookies, buiscuits, chips/curls",PANDAN,pieces or units,1,42.5,1,0,0,0,1,0,0,0,3,0,1,1
ANTIQUE,"crackers, cookies, buiscuits, chips/curls",PANDAN,putos,1,94,1,1,0,0,0,0,0,0,3,0,3,3
ANTIQUE,"crackers, cookies, buiscuits, chips/curls",PANDAN,putos,2,124,1,0,1,0,0,0,0,0,3,0,3,3
ANTIQUE,"crackers, cookies, buiscuits, chips/curls",PANDAN,putos,3,150,1,0,0,1,0,0,0,0,3,0,3,3
ANTIQUE,"ice cream, sorbet, edible ice (eg., ice-lolli, halo-halo)",PANDAN,pieces or units,1,23.75,2,1,1,0,0,0,0,0,3,0,2,2
ANTIQUE,"ice cream, sorbet, edible ice (eg., ice-lolli, halo-halo)",PANDAN,pieces or units,2,61.25,1,0,0,1,0,0,0,0,3,0,2,2
ANTIQUE,"ice cream, sorbet, edible ice (eg., ice-lolli, halo-halo)",PANDAN,putos,1,45,1,0,0,0,0,1,0,0,3,0,2,1
ANTIQUE,"ice cream, sorbet, edible ice (eg., ice-lolli, halo-halo)",PANDAN,putos,2,250,1,0,0,0,0,0,1,0,3,1,2,1
ANTIQUE,"ice cream, sorbet, edible ice (eg., ice-lolli, halo-halo)",PANDAN,small cup,1,30,1,0,0,0,0,1,0,0,3,0,1,1
ANTIQUE,"liquor (e.g, whisky, coconut wine)",PANDAN,baso,1,20,1,0,0,0,0,1,0,0,3,0,1,1
ANTIQUE,"liquor (e.g, whisky, coconut wine)",PANDAN,lipid/lapad,1,80,1,0,0,0,1,0,0,0,3,0,1,1
ANTIQUE,"liquor (e.g, whisky, coconut wine)",PANDAN,long-neck,1,125.625,2,1,1,0,0,0,0,0,3,0,2,2
ANTIQUE,"liquor (e.g, whisky, coconut wine)",PANDAN,long-neck,2,195,1,0,0,1,0,0,0,0,3,0,2,2
ANTIQUE,loaf bread,PANDAN,small packs,1,17.5,1,1,0,0,0,0,0,0,3,0,3,3
ANTIQUE,loaf bread,PANDAN,small packs,2,45,1,0,1,0,0,0,0,0,3,0,3,3
ANTIQUE,loaf bread,PANDAN,small packs,3,75,1,0,0,1,0,0,0,0,3,0,3,3
ANTIQUE,"preserved or processed meat (tocino, tapa, longaniza, etc)",PANDAN,putos,1,51.25,1,1,0,0,0,0,0,0,3,0,3,3
ANTIQUE,"preserved or processed meat (tocino, tapa, longaniza, etc)",PANDAN,putos,2,82.5,1,0,1,0,0,0,0,0,3,0,3,3
ANTIQUE,"preserved or processed meat (tocino, tapa, longaniza, etc)",PANDAN,putos,3,117.5,1,0,0,1,0,0,0,0,3,0,3,3
ANTIQUE,cabbage,PATNONGON,pieces or units,1,50,1,0,0,0,0,1,0,0,3,0,3,1
ANTIQUE,cabbage,PATNONGON,pieces or units,2,90,1,0,0,0,0,0,1,0,3,1,3,1
ANTIQUE,cabbage,PATNONGON,pieces or units,3,156,1,0,0,0,0,0,1,0,3,1,3,1
ANTIQUE,cabbage,PATNONGON,putos (mix vegetable),1,20,1,0,0,0,0,1,0,0,3,0,1,1
ANTIQUE,camote,PATNONGON,bilog,1,30,1,0,0,0,1,0,0,0,3,0,1,1
ANTIQUE,camote,PATNONGON,tumpok,1,50,1,0,0,0,0,1,0,0,1,0,1,1
ANTIQUE,camote tops,PATNONGON,bugkos,1,20,1,0,0,0,1,0,0,0,3,0,1,1
ANTIQUE,carrot,PATNONGON,pieces or units,1,35,1,0,0,0,1,0,0,0,3,0,1,1
ANTIQUE,carrot,PATNONGON,putos (mix vegetable),1,20,1,0,0,0,0,1,0,0,3,0,1,1
ANTIQUE,chicken,PATNONGON,pieces or units,1,150,1,1,1,0,0,0,0,0,3,0,2,2
ANTIQUE,chicken,PATNONGON,pieces or units,2,350,1,0,0,1,0,0,0,0,3,0,2,2
ANTIQUE,chicken,PATNONGON,whole (chicken),1,200,1,1,0,0,0,0,0,0,3,0,3,3
ANTIQUE,chicken,PATNONGON,whole (chicken),2,235,1,0,1,0,0,0,0,0,3,0,3,3
ANTIQUE,chicken,PATNONGON,whole (chicken),3,400,1,0,0,1,0,0,0,0,3,0,3,3
ANTIQUE,"crackers, cookies, buiscuits, chips/curls",PATNONGON,pieces or units,1,32,1,1,0,0,0,0,0,0,3,0,3,3
ANTIQUE,"crackers, cookies, buiscuits, chips/curls",PATNONGON,pieces or units,2,70,1,0,1,0,0,0,0,0,3,0,3,3
ANTIQUE,"crackers, cookies, buiscuits, chips/curls",PATNONGON,pieces or units,3,100,1,0,0,1,0,0,0,0,3,0,3,3
ANTIQUE,"crackers, cookies, buiscuits, chips/curls",PATNONGON,putos,1,64,1,1,0,0,0,0,0,0,3,0,3,3
ANTIQUE,"crackers, cookies, buiscuits, chips/curls",PATNONGON,putos,2,120,1,0,1,0,0,0,0,0,3,0,3,3
ANTIQUE,"crackers, cookies, buiscuits, chips/curls",PATNONGON,putos,3,216,1,0,0,1,0,0,0,0,3,0,3,3
ANTIQUE,fresh fish,PATNONGON,pieces or units,1,70,1,0,0,0,0,1,0,0,3,0,1,1
ANTIQUE,fresh fish,PATNONGON,tumpok,1,300,1,0,0,0,0,1,0,0,3,0,1,1
ANTIQUE,"ice cream, sorbet, edible ice (eg., ice-lolli, halo-halo)",PATNONGON,putos,1,20,1,0,0,0,0,0,1,0,3,1,3,1
ANTIQUE,"ice cream, sorbet, edible ice (eg., ice-lolli, halo-halo)",PATNONGON,putos,2,45,1,0,0,0,0,1,0,0,3,0,3,1
ANTIQUE,"ice cream, sorbet, edible ice (eg., ice-lolli, halo-halo)",PATNONGON,putos,3,200,1,0,0,0,0,0,1,0,3,1,3,1
ANTIQUE,"ice cream, sorbet, edible ice (eg., ice-lolli, halo-halo)",PATNONGON,small cup,1,30,1,0,0,0,1,0,0,0,3,0,1,1
ANTIQUE,"liquor (e.g, whisky, coconut wine)",PATNONGON,lipid/lapad,1,85,1,1,0,0,0,0,0,0,3,0,3,3
ANTIQUE,"liquor (e.g, whisky, coconut wine)",PATNONGON,lipid/lapad,2,165,1,0,1,0,0,0,0,0,3,0,3,3
ANTIQUE,"liquor (e.g, whisky, coconut wine)",PATNONGON,lipid/lapad,3,243.75,1,0,0,1,0,0,0,0,3,0,3,3
ANTIQUE,"liquor (e.g, whisky, coconut wine)",PATNONGON,long-neck,1,157.5,2,1,1,0,0,0,0,0,3,0,2,2
ANTIQUE,"liquor (e.g, whisky, coconut wine)",PATNONGON,long-neck,2,230,1,0,0,1,0,0,0,0,3,0,2,2
ANTIQUE,loaf bread,PATNONGON,large packs,1,92.5,1,0,0,0,0,1,0,0,3,0,1,1
ANTIQUE,loaf bread,PATNONGON,medium packs,1,62.5,1,0,0,0,1,0,0,0,3,0,1,1
ANTIQUE,loaf bread,PATNONGON,small packs,1,57.5,2,1,1,0,0,0,0,0,3,0,2,2
ANTIQUE,loaf bread,PATNONGON,small packs,2,205,1,0,0,1,0,0,0,0,3,0,2,2
ANTIQUE,"preserved or processed meat (tocino, tapa, longaniza, etc)",PATNONGON,putos,1,45,1,1,0,0,0,0,0,0,3,0,3,3
ANTIQUE,"preserved or processed meat (tocino, tapa, longaniza, etc)",PATNONGON,putos,2,70,1,0,1,0,0,0,0,0,3,0,3,3
ANTIQUE,"preserved or processed meat (tocino, tapa, longaniza, etc)",PATNONGON,putos,3,105,1,0,0,1,0,0,0,0,3,0,3,3
ANTIQUE,cabbage,SAN REMIGIO,pieces or units,1,60,2,1,1,0,0,0,0,0,3,0,2,2
ANTIQUE,cabbage,SAN REMIGIO,pieces or units,2,132.5,1,0,0,1,0,0,0,0,3,0,2,2
ANTIQUE,camote,SAN REMIGIO,bilog,1,25,1,0,0,0,0,1,0,0,3,0,1,1
ANTIQUE,camote,SAN REMIGIO,tumpok,1,20,1,0,0,0,0,0,1,0,1,1,2,1
ANTIQUE,camote,SAN REMIGIO,tumpok,2,50,1,0,0,0,0,1,0,0,1,0,2,1
ANTIQUE,camote tops,SAN REMIGIO,bugkos,1,20,1,0,0,0,1,0,0,0,3,0,1,1
ANTIQUE,carrot,SAN REMIGIO,pieces or units,1,40,1,0,0,0,0,1,0,0,3,0,1,1
ANTIQUE,chicken,SAN REMIGIO,bilog,1,250,1,0,0,0,0,1,0,0,3,0,1,1
ANTIQUE,chicken,SAN REMIGIO,pieces or units,1,200,1,1,0,0,0,0,0,0,3,0,3,3
ANTIQUE,chicken,SAN REMIGIO,pieces or units,2,250,1,0,1,0,0,0,0,0,3,0,3,3
ANTIQUE,chicken,SAN REMIGIO,pieces or units,3,312.5,1,0,0,1,0,0,0,0,3,0,3,3
ANTIQUE,"crackers, cookies, buiscuits, chips/curls",SAN REMIGIO,pieces or units,1,40,1,0,0,0,1,0,0,0,3,0,1,1
ANTIQUE,"crackers, cookies, buiscuits, chips/curls",SAN REMIGIO,putos,1,62.5,2,1,1,0,0,0,0,0,3,0,2,2
ANTIQUE,"crackers, cookies, buiscuits, chips/curls",SAN REMIGIO,putos,2,124,1,0,0,1,0,0,0,0,3,0,2,2
ANTIQUE,"drinks at restaurant, hotel, cafe, or kiosk",SAN REMIGIO,pieces,1,150,1,0,0,1,0,0,0,0,3,0,1,1
ANTIQUE,fresh fish,SAN REMIGIO,pieces or units,1,180,1,0,0,0,0,1,0,0,3,0,2,1
ANTIQUE,fresh fish,SAN REMIGIO,pieces or units,2,400,1,0,0,0,0,0,1,0,3,1,2,1
ANTIQUE,"ice cream, sorbet, edible ice (eg., ice-lolli, halo-halo)",SAN REMIGIO,pieces or units,1,35,1,0,0,0,1,0,0,0,2,0,1,1
ANTIQUE,"ice cream, sorbet, edible ice (eg., ice-lolli, halo-halo)",SAN REMIGIO,putos,1,52.5,2,0,0,0,0,1,1,0,3,0,2,1
ANTIQUE,"ice cream, sorbet, edible ice (eg., ice-lolli, halo-halo)",SAN REMIGIO,putos,2,105,1,0,0,0,0,0,1,0,3,1,2,1
ANTIQUE,"ice cream, sorbet, edible ice (eg., ice-lolli, halo-halo)",SAN REMIGIO,small cup,1,29.375,2,1,1,0,0,0,0,0,3,0,2,2
ANTIQUE,"ice cream, sorbet, edible ice (eg., ice-lolli, halo-halo)",SAN REMIGIO,small cup,2,87.5,1,0,0,1,0,0,0,0,3,0,2,2
ANTIQUE,"liquor (e.g, whisky, coconut wine)",SAN REMIGIO,lipid/lapad,1,83.75,1,1,0,0,0,0,0,0,3,0,3,3
ANTIQUE,"liquor (e.g, whisky, coconut wine)",SAN REMIGIO,lipid/lapad,2,120,1,0,1,0,0,0,0,0,3,0,3,3
ANTIQUE,"liquor (e.g, whisky, coconut wine)",SAN REMIGIO,lipid/lapad,3,228.75,1,0,0,1,0,0,0,0,3,0,3,3
ANTIQUE,"liquor (e.g, whisky, coconut wine)",SAN REMIGIO,long-neck,1,155,2,1,1,0,0,0,0,0,3,0,2,2
ANTIQUE,"liquor (e.g, whisky, coconut wine)",SAN REMIGIO,long-neck,2,237.5,1,0,0,1,0,0,0,0,3,0,2,2
ANTIQUE,loaf bread,SAN REMIGIO,large packs,1,65,1,0,0,0,0,0,1,0,3,1,2,1
ANTIQUE,loaf bread,SAN REMIGIO,large packs,2,120,1,0,0,0,0,1,0,0,3,0,2,1
ANTIQUE,loaf bread,SAN REMIGIO,medium packs,1,67.5,2,1,1,0,0,0,0,0,3,0,2,2
ANTIQUE,loaf bread,SAN REMIGIO,medium packs,2,117.5,1,0,0,1,0,0,0,0,3,0,2,2
ANTIQUE,loaf bread,SAN REMIGIO,small packs,1,50,1,0,0,0,0,1,0,0,2,0,1,1
ANTIQUE,mango,SAN REMIGIO,pieces or units,1,100,1,0,0,0,0,1,0,0,3,0,1,1
ANTIQUE,"preserved or processed meat (tocino, tapa, longaniza, etc)",SAN REMIGIO,bilog,1,45,1,0,0,0,0,1,0,0,2,0,2,1
ANTIQUE,"preserved or processed meat (tocino, tapa, longaniza, etc)",SAN REMIGIO,bilog,2,240,1,0,0,0,0,0,1,0,2,1,2,1
ANTIQUE,"preserved or processed meat (tocino, tapa, longaniza, etc)",SAN REMIGIO,putos,1,48.75,1,1,0,0,0,0,0,0,3,0,3,3
ANTIQUE,"preserved or processed meat (tocino, tapa, longaniza, etc)",SAN REMIGIO,putos,2,70,1,0,1,0,0,0,0,0,3,0,3,3
ANTIQUE,"preserved or processed meat (tocino, tapa, longaniza, etc)",SAN REMIGIO,putos,3,112.5,1,0,0,1,0,0,0,0,3,0,3,3
ANTIQUE,cabbage,SEBASTE,pieces or units,1,50,1,0,0,0,0,1,0,0,3,0,1,1
ANTIQUE,camote tops,SEBASTE,bugkos,1,20,1,0,0,0,1,0,0,0,3,0,1,1
ANTIQUE,carrot,SEBASTE,pieces or units,1,35,1,0,0,0,1,0,0,0,3,0,1,1
ANTIQUE,chicken,SEBASTE,whole (chicken),1,250,1,0,0,0,0,1,0,0,3,0,2,1
ANTIQUE,chicken,SEBASTE,whole (chicken),2,290,2,0,0,0,0,0,1,0,3,1,2,1
ANTIQUE,"crackers, cookies, buiscuits, chips/curls",SEBASTE,pieces or units,1,48,1,0,0,0,1,0,0,0,3,0,1,1
ANTIQUE,"crackers, cookies, buiscuits, chips/curls",SEBASTE,putos,1,80.875,2,1,1,0,0,0,0,0,3,0,2,2
ANTIQUE,"crackers, cookies, buiscuits, chips/curls",SEBASTE,putos,2,180,1,0,0,1,0,0,0,0,3,0,2,2
ANTIQUE,"drinks at restaurant, hotel, cafe, or kiosk",SEBASTE,pieces,1,60,1,0,0,1,0,0,0,0,3,0,1,1
ANTIQUE,fresh fish,SEBASTE,pieces or units,1,50,1,0,0,0,0,0,1,0,3,1,2,1
ANTIQUE,fresh fish,SEBASTE,pieces or units,2,180,1,0,0,0,0,1,0,0,3,0,2,1
ANTIQUE,"ice cream, sorbet, edible ice (eg., ice-lolli, halo-halo)",SEBASTE,pieces or units,1,20,1,0,0,0,1,0,0,0,2,0,1,1
ANTIQUE,"ice cream, sorbet, edible ice (eg., ice-lolli, halo-halo)",SEBASTE,putos,1,45,1,0,0,0,0,1,0,0,3,0,1,1
ANTIQUE,"ice cream, sorbet, edible ice (eg., ice-lolli, halo-halo)",SEBASTE,small cup,1,30,1,0,0,0,0,1,0,0,3,0,1,1
ANTIQUE,"liquor (e.g, whisky, coconut wine)",SEBASTE,lipid/lapad,1,72.5,1,1,0,0,0,0,0,0,3,0,3,3
ANTIQUE,"liquor (e.g, whisky, coconut wine)",SEBASTE,lipid/lapad,2,140,1,0,1,0,0,0,0,0,3,0,3,3
ANTIQUE,"liquor (e.g, whisky, coconut wine)",SEBASTE,lipid/lapad,3,205,1,0,0,1,0,0,0,0,3,0,3,3
ANTIQUE,"liquor (e.g, whisky, coconut wine)",SEBASTE,long-neck,1,141.25,2,1,1,0,0,0,0,0,2,0,2,2
ANTIQUE,"liquor (e.g, whisky, coconut wine)",SEBASTE,long-neck,2,355,1,0,0,1,0,0,0,0,2,0,2,2
ANTIQUE,loaf bread,SEBASTE,large packs,1,120,1,1,0,0,0,0,0,0,3,0,3,3
ANTIQUE,loaf bread,SEBASTE,large packs,2,160,1,0,1,0,0,0,0,0,3,0,3,3
ANTIQUE,loaf bread,SEBASTE,large packs,3,215,1,0,0,1,0,0,0,0,3,0,3,3
ANTIQUE,loaf bread,SEBASTE,medium packs,1,70,1,0,0,0,1,0,0,0,3,0,1,1
ANTIQUE,loaf bread,SEBASTE,small packs,1,27.5,1,1,0,0,0,0,0,0,3,0,3,3
ANTIQUE,loaf bread,SEBASTE,small packs,2,50,1,0,1,0,0,0,0,0,3,0,3,3
ANTIQUE,loaf bread,SEBASTE,small packs,3,87.5,1,0,0,1,0,0,0,0,3,0,3,3
ANTIQUE,"preserved or processed meat (tocino, tapa, longaniza, etc)",SEBASTE,bilog,1,45,1,0,0,0,1,0,0,0,3,0,1,1
ANTIQUE,"preserved or processed meat (tocino, tapa, longaniza, etc)",SEBASTE,cans,1,78,1,1,0,0,0,0,0,0,3,0,3,3
ANTIQUE,"preserved or processed meat (tocino, tapa, longaniza, etc)",SEBASTE,cans,2,121.5,1,0,1,0,0,0,0,0,3,0,3,3
ANTIQUE,"preserved or processed meat (tocino, tapa, longaniza, etc)",SEBASTE,cans,3,202.5,1,0,0,1,0,0,0,0,3,0,3,3
ANTIQUE,"preserved or processed meat (tocino, tapa, longaniza, etc)",SEBASTE,putos,1,55,1,1,0,0,0,0,0,0,2,0,3,3
ANTIQUE,"preserved or processed meat (tocino, tapa, longaniza, etc)",SEBASTE,putos,2,110,1,0,1,0,0,0,0,0,2,0,3,3
ANTIQUE,"preserved or processed meat (tocino, tapa, longaniza, etc)",SEBASTE,putos,3,150,1,0,0,1,0,0,0,0,2,0,3,3
ANTIQUE,cabbage,SIBALOM,pieces or units,1,50,1,0,0,0,1,0,0,0,3,0,1,1
ANTIQUE,camote,SIBALOM,tumpok,1,50,1,0,0,0,0,1,0,0,1,0,1,1
ANTIQUE,camote tops,SIBALOM,bugkos,1,20,1,0,0,0,1,0,0,0,3,0,1,1
ANTIQUE,carrot,SIBALOM,pieces or units,1,40,1,0,0,0,1,0,0,0,3,0,1,1
ANTIQUE,chicken,SIBALOM,bilog,1,237.5,1,1,0,0,0,0,0,0,3,0,2,2
ANTIQUE,chicken,SIBALOM,bilog,2,306.25,2,0,1,1,0,0,0,0,3,0,2,2
ANTIQUE,chicken,SIBALOM,pieces or units,1,250,1,1,0,0,0,0,0,0,3,0,2,2
ANTIQUE,chicken,SIBALOM,pieces or units,2,300,1,0,1,1,0,0,0,0,3,0,2,2
ANTIQUE,"crackers, cookies, buiscuits, chips/curls",SIBALOM,pieces or units,1,42.5,1,0,0,0,1,0,0,0,3,0,1,1
ANTIQUE,"crackers, cookies, buiscuits, chips/curls",SIBALOM,putos,1,73,1,1,0,0,0,0,0,0,3,0,3,3
ANTIQUE,"crackers, cookies, buiscuits, chips/curls",SIBALOM,putos,2,100,1,0,1,0,0,0,0,0,3,0,3,3
ANTIQUE,"crackers, cookies, buiscuits, chips/curls",SIBALOM,putos,3,146,1,0,0,1,0,0,0,0,3,0,3,3
ANTIQUE,fresh fish,SIBALOM,pieces or units,1,70,1,0,0,0,0,1,0,0,3,0,2,1
ANTIQUE,fresh fish,SIBALOM,pieces or units,2,200,1,0,0,0,0,0,1,0,3,1,2,1
ANTIQUE,"ice cream, sorbet, edible ice (eg., ice-lolli, halo-halo)",SIBALOM,pieces or units,1,30,1,0,0,0,0,1,0,0,3,0,1,1
ANTIQUE,"ice cream, sorbet, edible ice (eg., ice-lolli, halo-halo)",SIBALOM,putos,1,63,1,1,0,0,0,0,0,0,3,0,3,3
ANTIQUE,"ice cream, sorbet, edible ice (eg., ice-lolli, halo-halo)",SIBALOM,putos,2,88.5,1,0,1,0,0,0,0,0,3,0,3,3
ANTIQUE,"ice cream, sorbet, edible ice (eg., ice-lolli, halo-halo)",SIBALOM,putos,3,110,1,0,0,1,0,0,0,0,3,0,3,3
ANTIQUE,"ice cream, sorbet, edible ice (eg., ice-lolli, halo-halo)",SIBALOM,small cup,1,35,1,0,0,0,0,1,0,0,3,0,1,1
ANTIQUE,"liquor (e.g, whisky, coconut wine)",SIBALOM,lipid/lapad,1,80,1,1,1,0,0,0,0,0,3,0,2,2
ANTIQUE,"liquor (e.g, whisky, coconut wine)",SIBALOM,lipid/lapad,2,157.5,1,0,0,1,0,0,0,0,3,0,2,2
ANTIQUE,"liquor (e.g, whisky, coconut wine)",SIBALOM,long-neck,1,312,1,1,0,0,0,0,0,0,3,0,2,2
ANTIQUE,"liquor (e.g, whisky, coconut wine)",SIBALOM,long-neck,2,442.5,2,0,1,1,0,0,0,0,3,0,2,2
ANTIQUE,loaf bread,SIBALOM,large packs,1,80,2,1,1,0,0,0,0,0,2,0,2,2
ANTIQUE,loaf bread,SIBALOM,large packs,2,116.5,1,0,0,1,0,0,0,0,2,0,2,2
ANTIQUE,loaf bread,SIBALOM,medium packs,1,61.25,1,1,0,0,0,0,0,0,3,0,3,3
ANTIQUE,loaf bread,SIBALOM,medium packs,2,85,1,0,1,0,0,0,0,0,3,0,3,3
ANTIQUE,loaf bread,SIBALOM,medium packs,3,120,1,0,0,1,0,0,0,0,3,0,3,3
ANTIQUE,loaf bread,SIBALOM,small packs,1,50,1,0,0,0,0,1,0,0,3,0,1,1
ANTIQUE,mango,SIBALOM,pieces or units,1,80,1,0,0,0,0,1,0,0,3,0,1,1
ANTIQUE,"prawns, lobster, shrimp",SIBALOM,tumpok,1,100,1,0,0,0,0,1,0,0,3,0,1,1
ANTIQUE,"preserved or processed meat (tocino, tapa, longaniza, etc)",SIBALOM,bilog,1,55,1,0,0,0,1,0,0,0,3,0,1,1
ANTIQUE,"preserved or processed meat (tocino, tapa, longaniza, etc)",SIBALOM,putos,1,45,1,1,0,0,0,0,0,0,3,0,3,3
ANTIQUE,"preserved or processed meat (tocino, tapa, longaniza, etc)",SIBALOM,putos,2,70,1,0,1,0,0,0,0,0,3,0,3,3
ANTIQUE,"preserved or processed meat (tocino, tapa, longaniza, etc)",SIBALOM,putos,3,120,1,0,0,1,0,0,0,0,3,0,3,3
ANTIQUE,cabbage,TIBIAO,pieces or units,1,50,1,0,0,0,0,1,0,0,3,0,2,1
ANTIQUE,cabbage,TIBIAO,pieces or units,2,80,1,0,0,0,0,0,1,0,3,1,2,1
ANTIQUE,camote,TIBIAO,bilog,1,25,1,0,0,0,0,1,0,0,3,0,1,1
ANTIQUE,camote tops,TIBIAO,bugkos,1,20,1,0,0,0,1,0,0,0,3,0,1,1
ANTIQUE,carrot,TIBIAO,pieces or units,1,32.5,1,0,0,0,0,1,0,0,3,0,1,1
ANTIQUE,chicken,TIBIAO,pieces or units,1,252.5,1,0,0,0,0,1,0,0,3,0,1,1
ANTIQUE,chicken,TIBIAO,whole (chicken),1,180,1,0,0,0,0,0,1,0,3,1,2,1
ANTIQUE,chicken,TIBIAO,whole (chicken),2,250,1,0,0,0,0,1,0,0,3,0,2,1
ANTIQUE,"crackers, cookies, buiscuits, chips/curls",TIBIAO,pieces or units,1,56,1,1,0,0,0,0,0,0,3,0,3,3
ANTIQUE,"crackers, cookies, buiscuits, chips/curls",TIBIAO,pieces or units,2,90,1,0,1,0,0,0,0,0,3,0,3,3
ANTIQUE,"crackers, cookies, buiscuits, chips/curls",TIBIAO,pieces or units,3,112,1,0,0,1,0,0,0,0,3,0,3,3
ANTIQUE,"crackers, cookies, buiscuits, chips/curls",TIBIAO,putos,1,109,1,1,0,0,0,0,0,0,3,0,2,2
ANTIQUE,"crackers, cookies, buiscuits, chips/curls",TIBIAO,putos,2,146.5,2,0,1,1,0,0,0,0,3,0,2,2
ANTIQUE,"ice cream, sorbet, edible ice (eg., ice-lolli, halo-halo)",TIBIAO,pieces or units,1,30,1,0,0,0,0,1,0,0,3,0,1,1
ANTIQUE,"ice cream, sorbet, edible ice (eg., ice-lolli, halo-halo)",TIBIAO,small cup,1,10,1,0,0,0,0,0,1,0,3,1,2,1
ANTIQUE,"ice cream, sorbet, edible ice (eg., ice-lolli, halo-halo)",TIBIAO,small cup,2,35,1,0,0,0,0,1,0,0,3,0,2,1
ANTIQUE,"liquor (e.g, whisky, coconut wine)",TIBIAO,lipid/lapad,1,78.75,1,1,0,0,0,0,0,0,3,0,3,3
ANTIQUE,"liquor (e.g, whisky, coconut wine)",TIBIAO,lipid/lapad,2,115,1,0,1,0,0,0,0,0,3,0,3,3
ANTIQUE,"liquor (e.g, whisky, coconut wine)",TIBIAO,lipid/lapad,3,225,1,0,0,1,0,0,0,0,3,0,3,3
ANTIQUE,"liquor (e.g, whisky, coconut wine)",TIBIAO,long-neck,1,157.5,1,0,0,0,0,1,0,0,3,0,3,1
ANTIQUE,"liquor (e.g, whisky, coconut wine)",TIBIAO,long-neck,2,240,1,0,0,0,0,0,1,0,3,1,3,1
ANTIQUE,"liquor (e.g, whisky, coconut wine)",TIBIAO,long-neck,3,300,1,0,0,0,0,0,1,0,3,1,3,1
ANTIQUE,loaf bread,TIBIAO,large packs,1,82.5,2,0,0,0,0,1,1,0,3,0,2,1
ANTIQUE,loaf bread,TIBIAO,large packs,2,290,1,0,0,0,0,0,1,0,3,1,2,1
ANTIQUE,loaf bread,TIBIAO,medium packs,1,62.5,1,0,0,0,1,0,0,0,3,0,1,1
ANTIQUE,loaf bread,TIBIAO,small packs,1,55,1,0,0,0,1,0,0,0,3,0,1,1
ANTIQUE,"preserved or processed meat (tocino, tapa, longaniza, etc)",TIBIAO,putos,1,52.5,2,1,1,0,0,0,0,0,3,0,2,2
ANTIQUE,"preserved or processed meat (tocino, tapa, longaniza, etc)",TIBIAO,putos,2,98,1,0,0,1,0,0,0,0,3,0,2,2
ANTIQUE,cabbage,TOBIAS FORNIER,pieces or units,1,50,1,0,0,0,0,1,0,0,3,0,1,1
ANTIQUE,camote,TOBIAS FORNIER,bilog,1,25,1,0,0,0,0,1,0,0,3,0,1,1
ANTIQUE,camote tops,TOBIAS FORNIER,bugkos,1,20,1,0,0,0,1,0,0,0,3,0,1,1
ANTIQUE,camote tops,TOBIAS FORNIER,bundle,1,20,1,0,0,0,1,0,0,0,3,0,1,1
ANTIQUE,carrot,TOBIAS FORNIER,pieces or units,1,40,1,0,0,0,0,1,0,0,3,0,1,1
ANTIQUE,chicken,TOBIAS FORNIER,pieces or units,1,200,1,1,0,0,0,0,0,0,3,0,3,3
ANTIQUE,chicken,TOBIAS FORNIER,pieces or units,2,250,1,0,1,0,0,0,0,0,3,0,3,3
ANTIQUE,chicken,TOBIAS FORNIER,pieces or units,3,352.5,1,0,0,1,0,0,0,0,3,0,3,3
ANTIQUE,chicken,TOBIAS FORNIER,whole (chicken),1,200,1,1,0,0,0,0,0,0,3,0,2,2
ANTIQUE,chicken,TOBIAS FORNIER,whole (chicken),2,250,1,0,1,1,0,0,0,0,3,0,2,2
ANTIQUE,"crackers, cookies, buiscuits, chips/curls",TOBIAS FORNIER,putos,1,61.5,1,0,0,0,1,0,0,0,3,0,1,1
ANTIQUE,fresh fish,TOBIAS FORNIER,pieces or units,1,180,1,0,0,0,0,1,0,0,3,0,2,1
ANTIQUE,fresh fish,TOBIAS FORNIER,pieces or units,2,210,1,0,0,0,0,0,1,0,3,1,2,1
ANTIQUE,"ice cream, sorbet, edible ice (eg., ice-lolli, halo-halo)",TOBIAS FORNIER,putos,1,15,1,0,0,0,0,0,1,0,3,1,2,1
ANTIQUE,"ice cream, sorbet, edible ice (eg., ice-lolli, halo-halo)",TOBIAS FORNIER,putos,2,45,1,0,0,0,0,1,0,0,3,0,2,1
ANTIQUE,"ice cream, sorbet, edible ice (eg., ice-lolli, halo-halo)",TOBIAS FORNIER,small cup,1,17.5,1,0,0,0,1,0,0,0,3,0,1,1
ANTIQUE,"liquor (e.g, whisky, coconut wine)",TOBIAS FORNIER,lipid/lapad,1,80,2,1,1,0,0,0,0,0,3,0,2,2
ANTIQUE,"liquor (e.g, whisky, coconut wine)",TOBIAS FORNIER,lipid/lapad,2,160,1,0,0,1,0,0,0,0,3,0,2,2
ANTIQUE,"liquor (e.g, whisky, coconut wine)",TOBIAS FORNIER,long-neck,1,155,2,1,1,0,0,0,0,0,3,0,2,2
ANTIQUE,"liquor (e.g, whisky, coconut wine)",TOBIAS FORNIER,long-neck,2,285,1,0,0,1,0,0,0,0,3,0,2,2
ANTIQUE,loaf bread,TOBIAS FORNIER,large packs,1,130,1,0,0,0,0,1,0,0,3,0,1,1
ANTIQUE,loaf bread,TOBIAS FORNIER,medium packs,1,93.25,2,1,1,0,0,0,0,0,2,0,2,2
ANTIQUE,loaf bread,TOBIAS FORNIER,medium packs,2,135,1,0,0,1,0,0,0,0,2,0,2,2
ANTIQUE,loaf bread,TOBIAS FORNIER,small packs,1,55,1,0,0,0,1,0,0,0,2,0,1,1
ANTIQUE,mango,TOBIAS FORNIER,pieces or units,1,60,1,0,0,0,0,0,1,0,3,1,2,1
ANTIQUE,mango,TOBIAS FORNIER,pieces or units,2,100,1,0,0,0,0,1,0,0,3,0,2,1
ANTIQUE,"preserved or processed meat (tocino, tapa, longaniza, etc)",TOBIAS FORNIER,cans,1,54,1,0,0,0,0,0,1,0,3,1,2,1
ANTIQUE,"preserved or processed meat (tocino, tapa, longaniza, etc)",TOBIAS FORNIER,cans,2,93,1,0,0,0,0,1,0,0,3,0,2,1
ANTIQUE,"preserved or processed meat (tocino, tapa, longaniza, etc)",TOBIAS FORNIER,pack,1,80,1,0,0,0,0,1,0,0,2,0,1,1
ANTIQUE,"preserved or processed meat (tocino, tapa, longaniza, etc)",TOBIAS FORNIER,putos,1,50,1,1,0,0,0,0,0,0,3,0,3,3
ANTIQUE,"preserved or processed meat (tocino, tapa, longaniza, etc)",TOBIAS FORNIER,putos,2,80,1,0,1,0,0,0,0,0,3,0,3,3
ANTIQUE,"preserved or processed meat (tocino, tapa, longaniza, etc)",TOBIAS FORNIER,putos,3,132.5,1,0,0,1,0,0,0,0,3,0,3,3
ANTIQUE,rice,TOBIAS FORNIER,gantang,1,200,1,0,0,0,0,0,1,0,1,1,2,1
ANTIQUE,rice,TOBIAS FORNIER,gantang,2,475,1,0,0,0,0,1,0,0,1,0,2,1
ANTIQUE,cabbage,VALDERRAMA,pieces or units,1,50,1,0,0,0,0,1,0,0,3,0,1,1
ANTIQUE,camote tops,VALDERRAMA,bugkos,1,20,1,0,0,0,1,0,0,0,3,0,1,1
ANTIQUE,camote tops,VALDERRAMA,bundle,1,20,1,0,0,0,1,0,0,0,3,0,1,1
ANTIQUE,carrot,VALDERRAMA,pieces or units,1,40,1,0,0,0,0,1,0,0,3,0,1,1
ANTIQUE,chicken,VALDERRAMA,pieces or units,1,260,2,1,1,0,0,0,0,0,3,0,2,2
ANTIQUE,chicken,VALDERRAMA,pieces or units,2,400,1,0,0,1,0,0,0,0,3,0,2,2
ANTIQUE,chicken,VALDERRAMA,whole (chicken),1,250,1,0,0,0,0,1,0,0,3,0,1,1
ANTIQUE,"crackers, cookies, buiscuits, chips/curls",VALDERRAMA,pieces or units,1,70,1,0,0,0,1,0,0,0,3,0,1,1
ANTIQUE,"crackers, cookies, buiscuits, chips/curls",VALDERRAMA,putos,1,96,1,1,0,0,0,0,0,0,3,0,2,2
ANTIQUE,"crackers, cookies, buiscuits, chips/curls",VALDERRAMA,putos,2,135,2,0,1,1,0,0,0,0,3,0,2,2
ANTIQUE,"ice cream, sorbet, edible ice (eg., ice-lolli, halo-halo)",VALDERRAMA,pieces or units,1,27.5,1,0,0,0,1,0,0,0,2,0,1,1
ANTIQUE,"ice cream, sorbet, edible ice (eg., ice-lolli, halo-halo)",VALDERRAMA,small cup,1,30,1,0,0,0,1,0,0,0,3,0,1,1
ANTIQUE,"liquor (e.g, whisky, coconut wine)",VALDERRAMA,lipid/lapad,1,82.5,1,1,0,0,0,0,0,0,3,0,2,2
ANTIQUE,"liquor (e.g, whisky, coconut wine)",VALDERRAMA,lipid/lapad,2,160,2,0,1,1,0,0,0,0,3,0,2,2
ANTIQUE,"liquor (e.g, whisky, coconut wine)",VALDERRAMA,long-neck,1,157.5,1,0,0,0,0,1,0,0,3,0,3,1
ANTIQUE,"liquor (e.g, whisky, coconut wine)",VALDERRAMA,long-neck,2,260,1,0,0,0,0,0,1,0,3,1,3,1
ANTIQUE,"liquor (e.g, whisky, coconut wine)",VALDERRAMA,long-neck,3,400,1,0,0,0,0,0,1,0,3,1,3,1
ANTIQUE,loaf bread,VALDERRAMA,medium packs,1,55,1,0,0,0,1,0,0,0,3,0,1,1
ANTIQUE,loaf bread,VALDERRAMA,small packs,1,50,1,0,0,0,0,1,0,0,3,0,2,1
ANTIQUE,loaf bread,VALDERRAMA,small packs,2,105,2,0,0,0,0,0,1,0,3,1,2,1
ANTIQUE,loaf bread,VALDERRAMA,tama-tama nga putos,1,70,1,0,0,0,0,1,0,0,2,0,1,1
ANTIQUE,"preserved or processed meat (tocino, tapa, longaniza, etc)",VALDERRAMA,cans,1,93,1,0,0,0,0,1,0,0,3,0,1,1
ANTIQUE,"preserved or processed meat (tocino, tapa, longaniza, etc)",VALDERRAMA,putos,1,47.5,2,1,1,0,0,0,0,0,3,0,2,2
ANTIQUE,"preserved or processed meat (tocino, tapa, longaniza, etc)",VALDERRAMA,putos,2,100,1,0,0,1,0,0,0,0,3,0,2,2
CAPIZ,cabbage,CUARTERO,pieces or units,1,42.5,1,0,0,0,1,0,0,0,3,0,1,1
CAPIZ,camote tops,CUARTERO,bugkos,1,20,1,0,0,0,1,0,0,0,3,0,1,1
CAPIZ,carrot,CUARTERO,pieces or units,1,25,1,0,0,0,1,0,0,0,3,0,1,1
CAPIZ,chicken,CUARTERO,bilog,1,250,1,1,0,0,0,0,0,0,3,0,3,3
CAPIZ,chicken,CUARTERO,bilog,2,300,1,0,1,0,0,0,0,0,3,0,3,3
CAPIZ,chicken,CUARTERO,bilog,3,400,1,0,0,1,0,0,0,0,3,0,3,3
CAPIZ,chicken,CUARTERO,pieces or units,1,300,1,0,0,0,0,1,0,0,3,0,1,1
CAPIZ,chicken,CUARTERO,whole (chicken),1,240,1,1,0,0,0,0,0,0,3,0,3,3
CAPIZ,chicken,CUARTERO,whole (chicken),2,300,1,0,1,0,0,0,0,0,3,0,3,3
CAPIZ,chicken,CUARTERO,whole (chicken),3,400,1,0,0,1,0,0,0,0,3,0,3,3
CAPIZ,"crackers, cookies, buiscuits, chips/curls",CUARTERO,pieces or units,1,40,1,0,0,0,1,0,0,0,2,0,1,1
CAPIZ,"crackers, cookies, buiscuits, chips/curls",CUARTERO,putos,1,67.5,1,0,0,0,1,0,0,0,2,0,1,1
CAPIZ,fresh fish,CUARTERO,pieces or units,1,110,1,0,0,0,0,1,0,0,3,0,1,1
CAPIZ,"ice cream, sorbet, edible ice (eg., ice-lolli, halo-halo)",CUARTERO,cone,1,30,1,0,0,0,0,1,0,0,2,0,1,1
CAPIZ,"ice cream, sorbet, edible ice (eg., ice-lolli, halo-halo)",CUARTERO,pieces or units,1,27.5,1,1,0,0,0,0,0,0,2,0,2,2
CAPIZ,"ice cream, sorbet, edible ice (eg., ice-lolli, halo-halo)",CUARTERO,pieces or units,2,61,2,0,1,1,0,0,0,0,2,0,2,2
CAPIZ,"ice cream, sorbet, edible ice (eg., ice-lolli, halo-halo)",CUARTERO,putos,1,20,1,0,0,0,0,0,1,0,2,1,3,1
CAPIZ,"ice cream, sorbet, edible ice (eg., ice-lolli, halo-halo)",CUARTERO,putos,2,50,1,0,0,0,0,1,0,0,2,0,3,1
CAPIZ,"ice cream, sorbet, edible ice (eg., ice-lolli, halo-halo)",CUARTERO,putos,3,250,1,0,0,0,0,0,1,0,2,1,3,1
CAPIZ,"ice cream, sorbet, edible ice (eg., ice-lolli, halo-halo)",CUARTERO,tupperware,1,235,1,0,0,0,0,1,0,0,2,0,1,1
CAPIZ,"liquor (e.g, whisky, coconut wine)",CUARTERO,lipid/lapad,1,65,1,1,0,0,0,0,0,0,3,0,3,3
CAPIZ,"liquor (e.g, whisky, coconut wine)",CUARTERO,lipid/lapad,2,130,1,0,1,0,0,0,0,0,3,0,3,3
CAPIZ,"liquor (e.g, whisky, coconut wine)",CUARTERO,lipid/lapad,3,229.5,1,0,0,1,0,0,0,0,3,0,3,3
CAPIZ,loaf bread,CUARTERO,large packs,1,84,3,1,1,0,0,0,0,0,3,0,3,3
CAPIZ,loaf bread,CUARTERO,large packs,2,147.5,2,0,1,1,0,0,0,0,3,0,3,3
CAPIZ,loaf bread,CUARTERO,large packs,3,209,1,0,0,1,0,0,0,0,3,0,3,3
CAPIZ,loaf bread,CUARTERO,medium packs,1,62.5,2,1,1,0,0,0,0,0,3,0,2,2
CAPIZ,loaf bread,CUARTERO,medium packs,2,120,1,0,0,1,0,0,0,0,3,0,2,2
CAPIZ,loaf bread,CUARTERO,small packs,1,60,1,0,0,0,1,0,0,0,3,0,1,1
CAPIZ,mango,CUARTERO,pieces or units,1,75,1,0,0,0,0,1,0,0,3,0,2,1
CAPIZ,mango,CUARTERO,pieces or units,2,120,1,0,0,0,0,0,1,0,3,1,2,1
CAPIZ,"prawns, lobster, shrimp",CUARTERO,tumpok,1,50,1,0,0,0,0,1,0,0,3,0,1,1
CAPIZ,"preserved or processed meat (tocino, tapa, longaniza, etc)",CUARTERO,bilog,1,55,1,0,0,0,1,0,0,0,3,0,1,1
CAPIZ,"preserved or processed meat (tocino, tapa, longaniza, etc)",CUARTERO,putos,1,55,2,1,1,0,0,0,0,0,3,0,2,2
CAPIZ,"preserved or processed meat (tocino, tapa, longaniza, etc)",CUARTERO,putos,2,120,1,0,0,1,0,0,0,0,3,0,2,2
CAPIZ,cabbage,DAO,pieces or units,1,65,1,0,0,0,1,0,0,0,3,0,1,1
CAPIZ,cabbage,DAO,putos (mix vegetable),1,25,1,0,0,0,0,1,0,0,2,0,1,1
CAPIZ,camote,DAO,bilog,1,25,1,0,0,0,0,1,0,0,3,0,1,1
CAPIZ,camote tops,DAO,bugkos,1,20,1,0,0,0,1,0,0,0,3,0,1,1
CAPIZ,carrot,DAO,pieces or units,1,35,1,0,0,0,1,0,0,0,3,0,1,1
CAPIZ,chicken,DAO,bilog,1,220,1,1,0,0,0,0,0,0,3,0,3,3
CAPIZ,chicken,DAO,bilog,2,250,1,0,1,0,0,0,0,0,3,0,3,3
CAPIZ,chicken,DAO,bilog,3,300,1,0,0,1,0,0,0,0,3,0,3,3
CAPIZ,chicken,DAO,whole (chicken),1,220,1,1,0,0,0,0,0,0,3,0,3,3
CAPIZ,chicken,DAO,whole (chicken),2,245,1,0,1,0,0,0,0,0,3,0,3,3
CAPIZ,chicken,DAO,whole (chicken),3,280,1,0,0,1,0,0,0,0,3,0,3,3
CAPIZ,fresh fish,DAO,pieces or units,1,95,1,1,0,0,0,0,0,0,3,0,3,3
CAPIZ,fresh fish,DAO,pieces or units,2,125,1,0,1,0,0,0,0,0,3,0,3,3
CAPIZ,fresh fish,DAO,pieces or units,3,150,1,0,0,1,0,0,0,0,3,0,3,3
CAPIZ,"ice cream, sorbet, edible ice (eg., ice-lolli, halo-halo)",DAO,pieces or units,1,28.5,2,1,1,0,0,0,0,0,2,0,2,2
CAPIZ,"ice cream, sorbet, edible ice (eg., ice-lolli, halo-halo)",DAO,pieces or units,2,101.5,1,0,0,1,0,0,0,0,2,0,2,2
CAPIZ,"ice cream, sorbet, edible ice (eg., ice-lolli, halo-halo)",DAO,putos,1,50,1,0,0,0,0,1,0,0,2,0,1,1
CAPIZ,"ice cream, sorbet, edible ice (eg., ice-lolli, halo-halo)",DAO,small cup,1,40,1,0,0,0,1,0,0,0,2,0,1,1
CAPIZ,"liquor (e.g, whisky, coconut wine)",DAO,lipid/lapad,1,68.75,2,1,1,0,0,0,0,0,3,0,2,2
CAPIZ,"liquor (e.g, whisky, coconut wine)",DAO,lipid/lapad,2,130,1,0,0,1,0,0,0,0,3,0,2,2
CAPIZ,"liquor (e.g, whisky, coconut wine)",DAO,long-neck,1,192.5,1,1,0,0,0,0,0,0,3,0,3,3
CAPIZ,"liquor (e.g, whisky, coconut wine)",DAO,long-neck,2,270,1,0,1,0,0,0,0,0,3,0,3,3
CAPIZ,"liquor (e.g, whisky, coconut wine)",DAO,long-neck,3,315,1,0,0,1,0,0,0,0,3,0,3,3
CAPIZ,loaf bread,DAO,large packs,1,84.5,2,1,1,0,0,0,0,0,3,0,2,2
CAPIZ,loaf bread,DAO,large packs,2,145,1,0,0,1,0,0,0,0,3,0,2,2
CAPIZ,loaf bread,DAO,medium packs,1,65,1,0,0,0,1,0,0,0,3,0,1,1
CAPIZ,loaf bread,DAO,small packs,1,40,1,0,0,0,1,0,0,0,3,0,1,1
CAPIZ,mango,DAO,pieces or units,1,90,1,0,0,0,1,0,0,0,3,0,1,1
CAPIZ,"prawns, lobster, shrimp",DAO,tumpok,1,37.5,2,1,1,0,0,0,0,0,3,0,2,2
CAPIZ,"prawns, lobster, shrimp",DAO,tumpok,2,80,1,0,0,1,0,0,0,0,3,0,2,2
CAPIZ,"preserved or processed meat (tocino, tapa, longaniza, etc)",DAO,bilog,1,45,1,0,0,0,1,0,0,0,3,0,1,1
CAPIZ,"preserved or processed meat (tocino, tapa, longaniza, etc)",DAO,putos,1,45,1,1,0,0,0,0,0,0,3,0,3,3
CAPIZ,"preserved or processed meat (tocino, tapa, longaniza, etc)",DAO,putos,2,75,1,0,1,0,0,0,0,0,3,0,3,3
CAPIZ,"preserved or processed meat (tocino, tapa, longaniza, etc)",DAO,putos,3,135,1,0,0,1,0,0,0,0,3,0,3,3
CAPIZ,cabbage,DUMALAG,pack,1,20,1,0,0,0,0,1,0,0,3,0,1,1
CAPIZ,cabbage,DUMALAG,pieces or units,1,60,1,0,0,0,1,0,0,0,3,0,1,1
CAPIZ,camote,DUMALAG,bilog,1,25,1,0,0,0,0,1,0,0,3,0,1,1
CAPIZ,camote tops,DUMALAG,bugkos,1,20,1,0,0,0,1,0,0,0,3,0,1,1
CAPIZ,carrot,DUMALAG,pieces or units,1,30,1,0,0,0,1,0,0,0,3,0,1,1
CAPIZ,chicken,DUMALAG,whole (chicken),1,212.5,1,1,0,0,0,0,0,0,3,0,3,3
CAPIZ,chicken,DUMALAG,whole (chicken),2,245,1,0,1,0,0,0,0,0,3,0,3,3
CAPIZ,chicken,DUMALAG,whole (chicken),3,300,1,0,0,1,0,0,0,0,3,0,3,3
CAPIZ,"crackers, cookies, buiscuits, chips/curls",DUMALAG,pieces or units,1,50,1,0,0,0,0,1,0,0,2,0,1,1
CAPIZ,"crackers, cookies, buiscuits, chips/curls",DUMALAG,putos,1,53.5,1,1,0,0,0,0,0,0,3,0,3,3
CAPIZ,"crackers, cookies, buiscuits, chips/curls",DUMALAG,putos,2,118,1,0,1,0,0,0,0,0,3,0,3,3
CAPIZ,"crackers, cookies, buiscuits, chips/curls",DUMALAG,putos,3,160,1,0,0,1,0,0,0,0,3,0,3,3
CAPIZ,fresh fish,DUMALAG,pieces or units,1,115,2,0,0,0,0,1,1,0,3,0,2,1
CAPIZ,fresh fish,DUMALAG,pieces or units,2,150,1,0,0,0,0,0,1,0,3,1,2,1
CAPIZ,"ice cream, sorbet, edible ice (eg., ice-lolli, halo-halo)",DUMALAG,pieces or units,1,25,1,0,0,0,1,0,0,0,2,0,1,1
CAPIZ,"ice cream, sorbet, edible ice (eg., ice-lolli, halo-halo)",DUMALAG,putos,1,50,1,0,0,0,0,1,0,0,2,0,3,1
CAPIZ,"ice cream, sorbet, edible ice (eg., ice-lolli, halo-halo)",DUMALAG,putos,2,160,1,0,0,0,0,0,1,0,2,1,3,1
CAPIZ,"ice cream, sorbet, edible ice (eg., ice-lolli, halo-halo)",DUMALAG,putos,3,200,1,0,0,0,0,0,1,0,2,1,3,1
CAPIZ,"ice cream, sorbet, edible ice (eg., ice-lolli, halo-halo)",DUMALAG,small cup,1,20,1,1,0,0,0,0,0,0,2,0,2,2
CAPIZ,"ice cream, sorbet, edible ice (eg., ice-lolli, halo-halo)",DUMALAG,small cup,2,60,2,0,1,1,0,0,0,0,2,0,2,2
CAPIZ,"liquor (e.g, whisky, coconut wine)",DUMALAG,lipid/lapad,1,70,1,1,0,0,0,0,0,0,3,0,3,3
CAPIZ,"liquor (e.g, whisky, coconut wine)",DUMALAG,lipid/lapad,2,130,1,0,1,0,0,0,0,0,3,0,3,3
CAPIZ,"liquor (e.g, whisky, coconut wine)",DUMALAG,lipid/lapad,3,180,1,0,0,1,0,0,0,0,3,0,3,3
CAPIZ,"liquor (e.g, whisky, coconut wine)",DUMALAG,long-neck,1,285,1,1,0,0,0,0,0,0,2,0,3,3
CAPIZ,"liquor (e.g, whisky, coconut wine)",DUMALAG,long-neck,2,420,1,0,1,0,0,0,0,0,2,0,3,3
CAPIZ,"liquor (e.g, whisky, coconut wine)",DUMALAG,long-neck,3,486.5,1,0,0,1,0,0,0,0,2,0,3,3
CAPIZ,loaf bread,DUMALAG,large packs,1,85,1,0,0,0,0,1,0,0,3,0,1,1
CAPIZ,loaf bread,DUMALAG,medium packs,1,68.75,1,1,0,0,0,0,0,0,3,0,3,3
CAPIZ,loaf bread,DUMALAG,medium packs,2,100,1,0,1,0,0,0,0,0,3,0,3,3
CAPIZ,loaf bread,DUMALAG,medium packs,3,127.5,1,0,0,1,0,0,0,0,3,0,3,3
CAPIZ,loaf bread,DUMALAG,small packs,1,50,1,0,0,0,0,1,0,0,3,0,1,1
CAPIZ,mango,DUMALAG,pieces or units,1,70,1,0,0,0,1,0,0,0,3,0,1,1
CAPIZ,"mineral or spring water, all drinking water sold in containers",DUMALAG,container,1,80,1,0,0,0,0,1,0,0,3,0,1,1
CAPIZ,"prawns, lobster, shrimp",DUMALAG,tumpok,1,100,1,0,0,0,1,0,0,0,3,0,1,1
CAPIZ,"preserved or processed meat (tocino, tapa, longaniza, etc)",DUMALAG,bilog,1,24,1,1,0,0,0,0,0,0,3,0,3,3
CAPIZ,"preserved or processed meat (tocino, tapa, longaniza, etc)",DUMALAG,bilog,2,49.5,1,0,1,0,0,0,0,0,3,0,3,3
CAPIZ,"preserved or processed meat (tocino, tapa, longaniza, etc)",DUMALAG,bilog,3,78.75,1,0,0,1,0,0,0,0,3,0,3,3
CAPIZ,"preserved or processed meat (tocino, tapa, longaniza, etc)",DUMALAG,putos,1,50,2,1,1,0,0,0,0,0,2,0,2,2
CAPIZ,"preserved or processed meat (tocino, tapa, longaniza, etc)",DUMALAG,putos,2,108.75,1,0,0,1,0,0,0,0,2,0,2,2
CAPIZ,cabbage,DUMARAO,pack,1,20,2,0,0,0,0,1,0,0,3,0,1,1
CAPIZ,cabbage,DUMARAO,pieces or units,1,60,1,0,0,0,1,0,0,0,3,0,1,1
CAPIZ,camote tops,DUMARAO,bugkos,1,20,1,0,0,0,1,0,0,0,3,0,1,1
CAPIZ,carrot,DUMARAO,pieces or units,1,38,1,0,0,0,1,0,0,0,3,0,1,1
CAPIZ,chicken,DUMARAO,bilog,1,200,1,1,0,0,0,0,0,0,3,0,3,3
CAPIZ,chicken,DUMARAO,bilog,2,250,1,0,1,0,0,0,0,0,3,0,3,3
CAPIZ,chicken,DUMARAO,bilog,3,400,1,0,0,1,0,0,0,0,3,0,3,3
CAPIZ,fresh fish,DUMARAO,pack,1,200,1,0,0,0,0,1,0,0,2,0,1,1
CAPIZ,fresh fish,DUMARAO,pieces or units,1,110,1,0,0,0,0,1,0,0,3,0,1,1
CAPIZ,"ice cream, sorbet, edible ice (eg., ice-lolli, halo-halo)",DUMARAO,pieces or units,1,22.5,1,0,0,0,1,0,0,0,3,0,1,1
CAPIZ,"ice cream, sorbet, edible ice (eg., ice-lolli, halo-halo)",DUMARAO,putos,1,30,1,0,0,0,1,0,0,0,3,0,1,1
CAPIZ,"ice cream, sorbet, edible ice (eg., ice-lolli, halo-halo)",DUMARAO,small cup,1,45,1,0,0,0,1,0,0,0,3,0,1,1
CAPIZ,"liquor (e.g, whisky, coconut wine)",DUMARAO,lipid/lapad,1,77.5,2,1,1,0,0,0,0,0,3,0,2,2
CAPIZ,"liquor (e.g, whisky, coconut wine)",DUMARAO,lipid/lapad,2,150,1,0,0,1,0,0,0,0,3,0,2,2
CAPIZ,loaf bread,DUMARAO,large packs,1,85,1,0,0,0,1,0,0,0,3,0,1,1
CAPIZ,loaf bread,DUMARAO,medium packs,1,65,2,1,1,0,0,0,0,0,3,0,2,2
CAPIZ,loaf bread,DUMARAO,medium packs,2,111.25,1,0,0,1,0,0,0,0,3,0,2,2
CAPIZ,loaf bread,DUMARAO,small packs,1,67.5,1,0,0,0,1,0,0,0,3,0,1,1
CAPIZ,mango,DUMARAO,pieces or units,1,56.875,2,1,1,0,0,0,0,0,3,0,2,2
CAPIZ,mango,DUMARAO,pieces or units,2,185,1,0,0,1,0,0,0,0,3,0,2,2
CAPIZ,"prawns, lobster, shrimp",DUMARAO,tumpok,1,50,1,0,0,0,0,1,0,0,3,0,1,1
CAPIZ,"preserved or processed meat (tocino, tapa, longaniza, etc)",DUMARAO,bilog,1,36,1,0,0,0,1,0,0,0,2,0,1,1
CAPIZ,"preserved or processed meat (tocino, tapa, longaniza, etc)",DUMARAO,putos,1,40,1,1,0,0,0,0,0,0,2,0,3,3
CAPIZ,"preserved or processed meat (tocino, tapa, longaniza, etc)",DUMARAO,putos,2,70,1,0,1,0,0,0,0,0,2,0,3,3
CAPIZ,"preserved or processed meat (tocino, tapa, longaniza, etc)",DUMARAO,putos,3,102.5,1,0,0,1,0,0,0,0,2,0,3,3
CAPIZ,cabbage,IVISAN,pieces or units,1,65,2,1,1,0,0,0,0,0,3,0,2,2
CAPIZ,cabbage,IVISAN,pieces or units,2,110,1,0,0,1,0,0,0,0,3,0,2,2
CAPIZ,camote,IVISAN,bilog,1,25,1,0,0,0,0,1,0,0,3,0,1,1
CAPIZ,camote tops,IVISAN,bundle,1,20,1,0,0,0,1,0,0,0,3,0,1,1
CAPIZ,carrot,IVISAN,pieces or units,1,38,1,0,0,0,1,0,0,0,3,0,1,1
CAPIZ,chicken,IVISAN,whole (chicken),1,222.5,1,1,0,0,0,0,0,0,3,0,3,3
CAPIZ,chicken,IVISAN,whole (chicken),2,250,1,0,1,0,0,0,0,0,3,0,3,3
CAPIZ,chicken,IVISAN,whole (chicken),3,275,1,0,0,1,0,0,0,0,3,0,3,3
CAPIZ,"crackers, cookies, buiscuits, chips/curls",IVISAN,pieces or units,1,43.125,2,1,1,0,0,0,0,0,3,0,2,2
CAPIZ,"crackers, cookies, buiscuits, chips/curls",IVISAN,pieces or units,2,80,1,0,0,1,0,0,0,0,3,0,2,2
CAPIZ,"crackers, cookies, buiscuits, chips/curls",IVISAN,putos,1,76.25,1,1,0,0,0,0,0,0,2,0,3,3
CAPIZ,"crackers, cookies, buiscuits, chips/curls",IVISAN,putos,2,112,1,0,1,0,0,0,0,0,2,0,3,3
CAPIZ,"crackers, cookies, buiscuits, chips/curls",IVISAN,putos,3,189.75,1,0,0,1,0,0,0,0,2,0,3,3
CAPIZ,fresh fish,IVISAN,pieces or units,1,50,1,1,0,0,0,0,0,0,3,0,3,3
CAPIZ,fresh fish,IVISAN,pieces or units,2,90,1,0,1,0,0,0,0,0,3,0,3,3
CAPIZ,fresh fish,IVISAN,pieces or units,3,200,1,0,0,1,0,0,0,0,3,0,3,3
CAPIZ,"ice cream, sorbet, edible ice (eg., ice-lolli, halo-halo)",IVISAN,putos,1,50,1,0,0,0,0,1,0,0,2,0,1,1
CAPIZ,"ice cream, sorbet, edible ice (eg., ice-lolli, halo-halo)",IVISAN,small cup,1,45,1,0,0,0,1,0,0,0,3,0,1,1
CAPIZ,"liquor (e.g, whisky, coconut wine)",IVISAN,lipid/lapad,1,74.75,2,1,1,0,0,0,0,0,3,0,2,2
CAPIZ,"liquor (e.g, whisky, coconut wine)",IVISAN,lipid/lapad,2,142.5,1,0,0,1,0,0,0,0,3,0,2,2
CAPIZ,"liquor (e.g, whisky, coconut wine)",IVISAN,long-neck,1,162.5,2,0,0,0,0,1,1,0,3,0,2,1
CAPIZ,"liquor (e.g, whisky, coconut wine)",IVISAN,long-neck,2,300,1,0,0,0,0,0,1,0,3,1,2,1
CAPIZ,loaf bread,IVISAN,large packs,1,85,1,0,0,0,0,1,0,0,3,0,1,1
CAPIZ,loaf bread,IVISAN,medium packs,1,65,1,0,0,0,1,0,0,0,3,0,1,1
CAPIZ,loaf bread,IVISAN,small packs,1,50,1,0,0,0,1,0,0,0,3,0,1,1
CAPIZ,mango,IVISAN,pieces or units,1,75,1,0,0,0,0,1,0,0,3,0,1,1
CAPIZ,"prawns, lobster, shrimp",IVISAN,tumpok,1,52.5,2,1,1,0,0,0,0,0,3,0,2,2
CAPIZ,"prawns, lobster, shrimp",IVISAN,tumpok,2,100,1,0,0,1,0,0,0,0,3,0,2,2
CAPIZ,"preserved or processed meat (tocino, tapa, longaniza, etc)",IVISAN,bilog,1,48,1,0,0,0,1,0,0,0,3,0,1,1
CAPIZ,"preserved or processed meat (tocino, tapa, longaniza, etc)",IVISAN,pack,1,137.5,1,0,0,0,0,1,0,0,2,0,1,1
CAPIZ,cabbage,JAMINDAN,pieces or units,1,55,3,1,1,0,0,1,0,0,3,0,2,2
CAPIZ,cabbage,JAMINDAN,pieces or units,2,140,1,0,0,1,0,0,0,0,3,0,2,2
CAPIZ,camote tops,JAMINDAN,bugkos,1,20,1,0,0,0,1,0,0,0,2,0,1,1
CAPIZ,camote tops,JAMINDAN,bundle,1,15,1,0,0,0,1,0,0,0,3,0,1,1
CAPIZ,carrot,JAMINDAN,pieces or units,1,27.5,1,1,0,0,0,0,0,0,2,0,3,3
CAPIZ,carrot,JAMINDAN,pieces or units,2,50,1,0,1,0,0,0,0,0,2,0,3,3
CAPIZ,carrot,JAMINDAN,pieces or units,3,80,1,0,0,1,0,0,0,0,2,0,3,3
CAPIZ,chicken,JAMINDAN,bilog,1,215,1,1,0,0,0,0,0,0,3,0,3,3
CAPIZ,chicken,JAMINDAN,bilog,2,275,1,0,1,0,0,0,0,0,3,0,3,3
CAPIZ,chicken,JAMINDAN,bilog,3,451.25,1,0,0,1,0,0,0,0,3,0,3,3
CAPIZ,chicken,JAMINDAN,chicken wings,1,20,1,0,0,0,0,1,0,0,2,0,1,1
CAPIZ,chicken,JAMINDAN,whole (chicken),1,195,1,1,0,0,0,0,0,0,3,0,3,3
CAPIZ,chicken,JAMINDAN,whole (chicken),2,235,1,0,1,0,0,0,0,0,3,0,3,3
CAPIZ,chicken,JAMINDAN,whole (chicken),3,300,1,0,0,1,0,0,0,0,3,0,3,3
CAPIZ,"crackers, cookies, buiscuits, chips/curls",JAMINDAN,pieces or units,1,40,1,0,0,0,1,0,0,0,3,0,1,1
CAPIZ,"crackers, cookies, buiscuits, chips/curls",JAMINDAN,putos,1,60,2,1,1,0,0,0,0,0,2,0,2,2
CAPIZ,"crackers, cookies, buiscuits, chips/curls",JAMINDAN,putos,2,116,1,0,0,1,0,0,0,0,2,0,2,2
CAPIZ,fresh fish,JAMINDAN,pieces or units,1,115,2,0,0,0,0,1,1,0,3,0,2,1
CAPIZ,fresh fish,JAMINDAN,pieces or units,2,200,1,0,0,0,0,0,1,0,3,1,2,1
CAPIZ,"ice cream, sorbet, edible ice (eg., ice-lolli, halo-halo)",JAMINDAN,pieces or units,1,40,1,0,0,0,1,0,0,0,3,0,1,1
CAPIZ,"ice cream, sorbet, edible ice (eg., ice-lolli, halo-halo)",JAMINDAN,putos,1,50,1,0,0,0,1,0,0,0,3,0,1,1
CAPIZ,"ice cream, sorbet, edible ice (eg., ice-lolli, halo-halo)",JAMINDAN,small cup,1,30,1,0,0,0,1,0,0,0,3,0,1,1
CAPIZ,"ice cream, sorbet, edible ice (eg., ice-lolli, halo-halo)",JAMINDAN,tub,1,120,1,0,0,0,0,0,1,0,3,1,2,1
CAPIZ,"ice cream, sorbet, edible ice (eg., ice-lolli, halo-halo)",JAMINDAN,tub,2,270,1,0,0,0,0,1,0,0,3,0,2,1
CAPIZ,"liquor (e.g, whisky, coconut wine)",JAMINDAN,lipid/lapad,1,76.25,2,1,1,0,0,0,0,0,3,0,2,2
CAPIZ,"liquor (e.g, whisky, coconut wine)",JAMINDAN,lipid/lapad,2,150,1,0,0,1,0,0,0,0,3,0,2,2
CAPIZ,"liquor (e.g, whisky, coconut wine)",JAMINDAN,long-neck,1,155,1,0,0,0,0,1,0,0,3,0,2,1
CAPIZ,"liquor (e.g, whisky, coconut wine)",JAMINDAN,long-neck,2,390,1,0,0,0,0,0,1,0,3,1,2,1
CAPIZ,loaf bread,JAMINDAN,individual,1,20,1,0,0,0,0,1,0,0,3,0,1,1
CAPIZ,loaf bread,JAMINDAN,large packs,1,78.75,1,1,0,0,0,0,0,0,2,0,3,3
CAPIZ,loaf bread,JAMINDAN,large packs,2,143,1,0,1,0,0,0,0,0,2,0,3,3
CAPIZ,loaf bread,JAMINDAN,large packs,3,227.5,1,0,0,1,0,0,0,0,2,0,3,3
CAPIZ,loaf bread,JAMINDAN,medium packs,1,65,1,0,0,0,0,1,0,0,3,0,1,1
CAPIZ,loaf bread,JAMINDAN,small packs,1,50,1,0,0,0,0,1,0,0,3,0,1,1
CAPIZ,mango,JAMINDAN,pieces or units,1,75,1,0,0,0,0,1,0,0,2,0,1,1
CAPIZ,"prawns, lobster, shrimp",JAMINDAN,tumpok,1,50,1,0,0,0,0,1,0,0,3,0,1,1
CAPIZ,"preserved or processed meat (tocino, tapa, longaniza, etc)",JAMINDAN,bilog,1,49,1,0,0,0,0,1,0,0,3,0,3,1
CAPIZ,"preserved or processed meat (tocino, tapa, longaniza, etc)",JAMINDAN,bilog,2,75,1,0,0,0,0,0,1,0,3,1,3,1
CAPIZ,"preserved or processed meat (tocino, tapa, longaniza, etc)",JAMINDAN,bilog,3,165,1,0,0,0,0,0,1,0,3,1,3,1
CAPIZ,"preserved or processed meat (tocino, tapa, longaniza, etc)",JAMINDAN,putos,1,44,2,1,1,0,0,0,0,0,2,0,2,2
CAPIZ,"preserved or processed meat (tocino, tapa, longaniza, etc)",JAMINDAN,putos,2,90,1,0,0,1,0,0,0,0,2,0,2,2
CAPIZ,rice,JAMINDAN,letse,1,292.5,1,1,0,0,0,0,0,0,1,0,3,3
CAPIZ,rice,JAMINDAN,letse,2,433,1,0,1,0,0,0,0,0,1,0,3,3
CAPIZ,rice,JAMINDAN,letse,3,511.25,1,0,0,1,0,0,0,0,1,0,3,3
CAPIZ,cabbage,MA-AYON,pack,1,15,1,0,0,0,0,1,0,0,2,0,1,1
CAPIZ,cabbage,MA-AYON,pieces or units,1,50,1,0,0,0,1,0,0,0,3,0,1,1
CAPIZ,camote,MA-AYON,bilog,1,25,1,0,0,0,0,1,0,0,3,0,1,1
CAPIZ,camote tops,MA-AYON,bugkos,1,20,1,0,0,0,1,0,0,0,3,0,1,1
CAPIZ,carrot,MA-AYON,pieces or units,1,30,1,0,0,0,1,0,0,0,2,0,1,1
CAPIZ,chicken,MA-AYON,pack,1,150,1,0,0,0,0,1,0,0,3,0,1,1
CAPIZ,chicken,MA-AYON,whole (chicken),1,240,1,1,0,0,0,0,0,0,2,0,3,3
CAPIZ,chicken,MA-AYON,whole (chicken),2,300,1,0,1,0,0,0,0,0,2,0,3,3
CAPIZ,chicken,MA-AYON,whole (chicken),3,400,1,0,0,1,0,0,0,0,2,0,3,3
CAPIZ,"crackers, cookies, buiscuits, chips/curls",MA-AYON,big can,1,230,1,0,0,0,0,1,0,0,3,0,1,1
CAPIZ,"crackers, cookies, buiscuits, chips/curls",MA-AYON,pieces or units,1,36.375,2,1,1,0,0,0,0,0,3,0,2,2
CAPIZ,"crackers, cookies, buiscuits, chips/curls",MA-AYON,pieces or units,2,68.5,1,0,0,1,0,0,0,0,3,0,2,2
CAPIZ,"crackers, cookies, buiscuits, chips/curls",MA-AYON,putos,1,70,2,1,1,0,0,0,0,0,3,0,2,2
CAPIZ,"crackers, cookies, buiscuits, chips/curls",MA-AYON,putos,2,137,1,0,0,1,0,0,0,0,3,0,2,2
CAPIZ,fresh fish,MA-AYON,pieces or units,1,100,1,1,0,0,0,0,0,0,2,0,3,3
CAPIZ,fresh fish,MA-AYON,pieces or units,2,175,1,0,1,0,0,0,0,0,2,0,3,3
CAPIZ,fresh fish,MA-AYON,pieces or units,3,200,1,0,0,1,0,0,0,0,2,0,3,3
CAPIZ,"ice cream, sorbet, edible ice (eg., ice-lolli, halo-halo)",MA-AYON,putos,1,30,1,1,0,0,0,0,0,0,3,0,3,3
CAPIZ,"ice cream, sorbet, edible ice (eg., ice-lolli, halo-halo)",MA-AYON,putos,2,65,1,0,1,0,0,0,0,0,3,0,3,3
CAPIZ,"ice cream, sorbet, edible ice (eg., ice-lolli, halo-halo)",MA-AYON,putos,3,108.75,1,0,0,1,0,0,0,0,3,0,3,3
CAPIZ,"ice cream, sorbet, edible ice (eg., ice-lolli, halo-halo)",MA-AYON,small cup,1,30,1,0,0,0,1,0,0,0,3,0,1,1
CAPIZ,"liquor (e.g, whisky, coconut wine)",MA-AYON,lipid/lapad,1,80,1,1,0,0,0,0,0,0,3,0,3,3
CAPIZ,"liquor (e.g, whisky, coconut wine)",MA-AYON,lipid/lapad,2,150,1,0,1,0,0,0,0,0,3,0,3,3
CAPIZ,"liquor (e.g, whisky, coconut wine)",MA-AYON,lipid/lapad,3,195,1,0,0,1,0,0,0,0,3,0,3,3
CAPIZ,"liquor (e.g, whisky, coconut wine)",MA-AYON,long-neck,1,209.25,2,1,1,0,0,0,0,0,3,0,2,2
CAPIZ,"liquor (e.g, whisky, coconut wine)",MA-AYON,long-neck,2,304.5,1,0,0,1,0,0,0,0,3,0,2,2
CAPIZ,loaf bread,MA-AYON,large packs,1,77,1,0,0,0,1,0,0,0,3,0,1,1
CAPIZ,loaf bread,MA-AYON,medium packs,1,66.25,2,1,1,0,0,0,0,0,3,0,2,2
CAPIZ,loaf bread,MA-AYON,medium packs,2,115,1,0,0,1,0,0,0,0,3,0,2,2
CAPIZ,loaf bread,MA-AYON,small packs,1,55,1,0,0,0,1,0,0,0,3,0,1,1
CAPIZ,mango,MA-AYON,pieces or units,1,77.5,1,0,0,0,1,0,0,0,3,0,1,1
CAPIZ,pork,MA-AYON,1 order,1,70,1,0,0,0,0,1,0,0,3,0,1,1
CAPIZ,"prawns, lobster, shrimp",MA-AYON,tumpok,1,50,1,1,1,0,0,0,0,0,2,0,2,2
CAPIZ,"prawns, lobster, shrimp",MA-AYON,tumpok,2,93.75,1,0,0,1,0,0,0,0,2,0,2,2
CAPIZ,"preserved or processed meat (tocino, tapa, longaniza, etc)",MA-AYON,bilog,1,48,1,0,0,0,1,0,0,0,3,0,1,1
CAPIZ,"preserved or processed meat (tocino, tapa, longaniza, etc)",MA-AYON,putos,1,50,1,1,0,0,0,0,0,0,3,0,3,3
CAPIZ,"preserved or processed meat (tocino, tapa, longaniza, etc)",MA-AYON,putos,2,100,1,0,1,0,0,0,0,0,3,0,3,3
CAPIZ,"preserved or processed meat (tocino, tapa, longaniza, etc)",MA-AYON,putos,3,150,1,0,0,1,0,0,0,0,3,0,3,3
CAPIZ,cabbage,MAMBUSAO,pieces or units,1,50,1,0,0,0,1,0,0,0,2,0,1,1
CAPIZ,camote tops,MAMBUSAO,bugkos,1,20,1,0,0,0,1,0,0,0,2,0,1,1
CAPIZ,carrot,MAMBUSAO,pieces or units,1,25,1,0,0,0,1,0,0,0,3,0,1,1
CAPIZ,chicken,MAMBUSAO,bilog,1,260,1,0,0,0,1,0,0,0,2,0,1,1
CAPIZ,chicken,MAMBUSAO,whole (chicken),1,235,1,1,0,0,0,0,0,0,3,0,2,2
CAPIZ,chicken,MAMBUSAO,whole (chicken),2,290,2,0,1,1,0,0,0,0,3,0,2,2
CAPIZ,"crackers, cookies, buiscuits, chips/curls",MAMBUSAO,balde,1,364,1,0,0,0,0,1,0,0,2,0,1,1
CAPIZ,"crackers, cookies, buiscuits, chips/curls",MAMBUSAO,pieces or units,1,30,1,1,0,0,0,0,0,0,3,0,3,3
CAPIZ,"crackers, cookies, buiscuits, chips/curls",MAMBUSAO,pieces or units,2,65,1,0,1,0,0,0,0,0,3,0,3,3
CAPIZ,"crackers, cookies, buiscuits, chips/curls",MAMBUSAO,pieces or units,3,101,1,0,0,1,0,0,0,0,3,0,3,3
CAPIZ,"crackers, cookies, buiscuits, chips/curls",MAMBUSAO,putos,1,71.5,2,1,1,0,0,0,0,0,3,0,2,2
CAPIZ,"crackers, cookies, buiscuits, chips/curls",MAMBUSAO,putos,2,117,1,0,0,1,0,0,0,0,3,0,2,2
CAPIZ,fresh fish,MAMBUSAO,pieces or units,1,80,1,0,0,0,1,0,0,0,3,0,1,1
CAPIZ,"ice cream, sorbet, edible ice (eg., ice-lolli, halo-halo)",MAMBUSAO,bowl,1,180,1,0,0,0,0,1,0,0,3,0,1,1
CAPIZ,"liquor (e.g, whisky, coconut wine)",MAMBUSAO,lipid/lapad,1,75,1,1,0,0,0,0,0,0,3,0,3,3
CAPIZ,"liquor (e.g, whisky, coconut wine)",MAMBUSAO,lipid/lapad,2,135,1,0,1,0,0,0,0,0,3,0,3,3
CAPIZ,"liquor (e.g, whisky, coconut wine)",MAMBUSAO,lipid/lapad,3,211.5,1,0,0,1,0,0,0,0,3,0,3,3
CAPIZ,"liquor (e.g, whisky, coconut wine)",MAMBUSAO,long-neck,1,148,1,0,0,0,1,0,0,0,3,0,1,1
CAPIZ,loaf bread,MAMBUSAO,large packs,1,80,2,0,0,0,1,0,0,0,3,0,1,1
CAPIZ,loaf bread,MAMBUSAO,small packs,1,62.5,1,0,0,0,1,0,0,0,3,0,1,1
CAPIZ,"preserved or processed meat (tocino, tapa, longaniza, etc)",MAMBUSAO,bilog,1,49,1,0,0,0,0,1,0,0,2,0,1,1
CAPIZ,"preserved or processed meat (tocino, tapa, longaniza, etc)",MAMBUSAO,putos,1,50,1,1,0,0,0,0,0,0,3,0,3,3
CAPIZ,"preserved or processed meat (tocino, tapa, longaniza, etc)",MAMBUSAO,putos,2,90,1,0,1,0,0,0,0,0,3,0,3,3
CAPIZ,"preserved or processed meat (tocino, tapa, longaniza, etc)",MAMBUSAO,putos,3,120,1,0,0,1,0,0,0,0,3,0,3,3
CAPIZ,beer,PANAY,case,1,630,1,0,0,0,0,1,0,0,2,0,1,1
CAPIZ,cabbage,PANAY,pieces or units,1,50,1,0,0,0,1,0,0,0,3,0,1,1
CAPIZ,cabbage,PANAY,putos (mix vegetable),1,50,1,0,0,0,0,1,0,0,2,0,1,1
CAPIZ,camote,PANAY,bilog,1,25,1,0,0,0,0,1,0,0,3,0,1,1
CAPIZ,camote tops,PANAY,bugkos,1,20,1,0,0,0,1,0,0,0,2,0,1,1
CAPIZ,carrot,PANAY,pieces or units,1,30,1,0,0,0,1,0,0,0,3,0,1,1
CAPIZ,chicken,PANAY,bilog,1,180,1,1,0,0,0,0,0,0,3,0,3,3
CAPIZ,chicken,PANAY,bilog,2,230,1,0,1,0,0,0,0,0,3,0,3,3
CAPIZ,chicken,PANAY,bilog,3,275,1,0,0,1,0,0,0,0,3,0,3,3
CAPIZ,chicken,PANAY,slice,1,350,1,0,0,0,0,1,0,0,3,0,1,1
CAPIZ,"crackers, cookies, buiscuits, chips/curls",PANAY,pieces or units,1,41.5,1,1,0,0,0,0,0,0,3,0,3,3
CAPIZ,"crackers, cookies, buiscuits, chips/curls",PANAY,pieces or units,2,63,1,0,1,0,0,0,0,0,3,0,3,3
CAPIZ,"crackers, cookies, buiscuits, chips/curls",PANAY,pieces or units,3,90,1,0,0,1,0,0,0,0,3,0,3,3
CAPIZ,"crackers, cookies, buiscuits, chips/curls",PANAY,putos,1,65,2,1,1,0,0,0,0,0,3,0,2,2
CAPIZ,"crackers, cookies, buiscuits, chips/curls",PANAY,putos,2,130,1,0,0,1,0,0,0,0,3,0,2,2
CAPIZ,fresh fish,PANAY,pieces or units,1,105,1,1,0,0,0,0,0,0,3,0,3,3
CAPIZ,fresh fish,PANAY,pieces or units,2,140,1,0,1,0,0,0,0,0,3,0,3,3
CAPIZ,fresh fish,PANAY,pieces or units,3,170,1,0,0,1,0,0,0,0,3,0,3,3
CAPIZ,"ice cream, sorbet, edible ice (eg., ice-lolli, halo-halo)",PANAY,putos,1,50,1,0,0,0,0,1,0,0,3,0,1,1
CAPIZ,"ice cream, sorbet, edible ice (eg., ice-lolli, halo-halo)",PANAY,small cup,1,20,1,0,0,0,1,0,0,0,3,0,1,1
CAPIZ,"liquor (e.g, whisky, coconut wine)",PANAY,lipid/lapad,1,75,1,1,0,0,0,0,0,0,3,0,3,3
CAPIZ,"liquor (e.g, whisky, coconut wine)",PANAY,lipid/lapad,2,135,1,0,1,0,0,0,0,0,3,0,3,3
CAPIZ,"liquor (e.g, whisky, coconut wine)",PANAY,lipid/lapad,3,194.25,1,0,0,1,0,0,0,0,3,0,3,3
CAPIZ,"liquor (e.g, whisky, coconut wine)",PANAY,long-neck,1,137.5,2,1,1,0,0,0,0,0,3,0,2,2
CAPIZ,"liquor (e.g, whisky, coconut wine)",PANAY,long-neck,2,300,1,0,0,1,0,0,0,0,3,0,2,2
CAPIZ,loaf bread,PANAY,medium packs,1,60,1,0,0,0,1,0,0,0,3,0,1,1
CAPIZ,loaf bread,PANAY,small packs,1,45,1,0,0,0,1,0,0,0,3,0,1,1
CAPIZ,mango,PANAY,pieces or units,1,75,1,0,0,0,0,1,0,0,3,0,3,1
CAPIZ,mango,PANAY,pieces or units,2,125,1,0,0,0,0,0,1,0,3,1,3,1
CAPIZ,mango,PANAY,pieces or units,3,230,1,0,0,0,0,0,1,0,3,1,3,1
CAPIZ,"prawns, lobster, shrimp",PANAY,cup,1,20,1,0,0,0,0,1,0,0,3,0,1,1
CAPIZ,"prawns, lobster, shrimp",PANAY,tumpok,1,50,1,0,0,0,1,0,0,0,3,0,1,1
CAPIZ,"preserved or processed meat (tocino, tapa, longaniza, etc)",PANAY,bilog,1,43.5,1,1,0,0,0,0,0,0,3,0,3,3
CAPIZ,"preserved or processed meat (tocino, tapa, longaniza, etc)",PANAY,bilog,2,67.5,1,0,1,0,0,0,0,0,3,0,3,3
CAPIZ,"preserved or processed meat (tocino, tapa, longaniza, etc)",PANAY,bilog,3,92.5,1,0,0,1,0,0,0,0,3,0,3,3
CAPIZ,"preserved or processed meat (tocino, tapa, longaniza, etc)",PANAY,putos,1,55,1,1,0,0,0,0,0,0,3,0,3,3
CAPIZ,"preserved or processed meat (tocino, tapa, longaniza, etc)",PANAY,putos,2,100,1,0,1,0,0,0,0,0,3,0,3,3
CAPIZ,"preserved or processed meat (tocino, tapa, longaniza, etc)",PANAY,putos,3,141.25,1,0,0,1,0,0,0,0,3,0,3,3
CAPIZ,"preserved or processed meat (tocino, tapa, longaniza, etc)",PANAY,role,1,80,1,0,0,0,0,1,0,0,2,0,1,1
CAPIZ,cabbage,PANITAN,half,1,25,1,0,0,0,0,1,0,0,2,0,1,1
CAPIZ,cabbage,PANITAN,pieces or units,1,50.5,2,1,1,0,0,0,0,0,3,0,2,2
CAPIZ,cabbage,PANITAN,pieces or units,2,82.5,1,0,0,1,0,0,0,0,3,0,2,2
CAPIZ,cabbage,PANITAN,putos (mix vegetable),1,10,1,0,0,0,0,1,0,0,3,0,1,1
CAPIZ,camote,PANITAN,bilog,1,25,1,0,0,0,0,1,0,0,3,0,1,1
CAPIZ,camote tops,PANITAN,bugkos,1,20,1,0,0,0,1,0,0,0,3,0,1,1
CAPIZ,carrot,PANITAN,pieces or units,1,35,1,0,0,0,1,0,0,0,3,0,1,1
CAPIZ,chicken,PANITAN,whole (chicken),1,255,2,1,1,0,0,0,0,0,3,0,2,2
CAPIZ,chicken,PANITAN,whole (chicken),2,300,1,0,0,1,0,0,0,0,3,0,2,2
CAPIZ,"crackers, cookies, buiscuits, chips/curls",PANITAN,pieces or units,1,27,1,1,0,0,0,0,0,0,3,0,2,2
CAPIZ,"crackers, cookies, buiscuits, chips/curls",PANITAN,pieces or units,2,61.5,2,0,1,1,0,0,0,0,3,0,2,2
CAPIZ,"crackers, cookies, buiscuits, chips/curls",PANITAN,putos,1,62.5,2,1,1,0,0,0,0,0,3,0,2,2
CAPIZ,"crackers, cookies, buiscuits, chips/curls",PANITAN,putos,2,114,1,0,0,1,0,0,0,0,3,0,2,2
CAPIZ,fresh fish,PANITAN,pieces or units,1,107.5,2,1,1,0,0,0,0,0,3,0,2,2
CAPIZ,fresh fish,PANITAN,pieces or units,2,147.5,1,0,0,1,0,0,0,0,3,0,2,2
CAPIZ,"ice cream, sorbet, edible ice (eg., ice-lolli, halo-halo)",PANITAN,pieces or units,1,25,1,0,0,0,1,0,0,0,3,0,1,1
CAPIZ,"ice cream, sorbet, edible ice (eg., ice-lolli, halo-halo)",PANITAN,small cup,1,30,1,0,0,0,1,0,0,0,3,0,1,1
CAPIZ,"liquor (e.g, whisky, coconut wine)",PANITAN,lipid/lapad,1,65.5,1,1,0,0,0,0,0,0,3,0,3,3
CAPIZ,"liquor (e.g, whisky, coconut wine)",PANITAN,lipid/lapad,2,140,1,0,1,0,0,0,0,0,3,0,3,3
CAPIZ,"liquor (e.g, whisky, coconut wine)",PANITAN,lipid/lapad,3,180,1,0,0,1,0,0,0,0,3,0,3,3
CAPIZ,"liquor (e.g, whisky, coconut wine)",PANITAN,long-neck,1,145,1,0,0,0,1,0,0,0,3,0,1,1
CAPIZ,loaf bread,PANITAN,small packs,1,20,1,0,0,0,1,0,0,0,3,0,1,1
CAPIZ,"prawns, lobster, shrimp",PANITAN,tumpok,1,45,1,0,0,0,1,0,0,0,3,0,1,1
CAPIZ,"preserved or processed meat (tocino, tapa, longaniza, etc)",PANITAN,bilog,1,45,1,0,0,0,1,0,0,0,3,0,1,1
CAPIZ,cabbage,PILAR,pieces or units,1,48,1,0,0,0,1,0,0,0,3,0,1,1
CAPIZ,camote,PILAR,bilog,1,25,1,0,0,0,0,1,0,0,3,0,1,1
CAPIZ,camote tops,PILAR,bugkos,1,20,1,0,0,0,1,0,0,0,3,0,1,1
CAPIZ,carrot,PILAR,pieces or units,1,25,1,0,0,0,1,0,0,0,3,0,1,1
CAPIZ,chicken,PILAR,whole (chicken),1,200,1,1,0,0,0,0,0,0,3,0,3,3
CAPIZ,chicken,PILAR,whole (chicken),2,250,1,0,1,0,0,0,0,0,3,0,3,3
CAPIZ,chicken,PILAR,whole (chicken),3,300,1,0,0,1,0,0,0,0,3,0,3,3
CAPIZ,"crackers, cookies, buiscuits, chips/curls",PILAR,pieces or units,1,45,1,1,0,0,0,0,0,0,3,0,2,2
CAPIZ,"crackers, cookies, buiscuits, chips/curls",PILAR,pieces or units,2,90,2,0,1,1,0,0,0,0,3,0,2,2
CAPIZ,"crackers, cookies, buiscuits, chips/curls",PILAR,putos,1,58,1,1,0,0,0,0,0,0,2,0,2,2
CAPIZ,"crackers, cookies, buiscuits, chips/curls",PILAR,putos,2,99.75,2,0,1,1,0,0,0,0,2,0,2,2
CAPIZ,fresh fish,PILAR,pieces or units,1,80,1,0,0,0,0,0,1,0,3,1,3,1
CAPIZ,fresh fish,PILAR,pieces or units,2,110,1,0,0,0,0,1,0,0,3,0,3,1
CAPIZ,fresh fish,PILAR,pieces or units,3,350,1,0,0,0,0,0,1,0,3,1,3,1
CAPIZ,fresh fish,PILAR,pinutos / plastic,1,150,1,0,0,0,0,1,0,0,2,0,1,1
CAPIZ,"ice cream, sorbet, edible ice (eg., ice-lolli, halo-halo)",PILAR,pieces or units,1,30,1,0,0,0,1,0,0,0,3,0,1,1
CAPIZ,"liquor (e.g, whisky, coconut wine)",PILAR,lipid/lapad,1,75,1,1,0,0,0,0,0,0,3,0,3,3
CAPIZ,"liquor (e.g, whisky, coconut wine)",PILAR,lipid/lapad,2,130,1,0,1,0,0,0,0,0,3,0,3,3
CAPIZ,"liquor (e.g, whisky, coconut wine)",PILAR,lipid/lapad,3,197.5,1,0,0,1,0,0,0,0,3,0,3,3
CAPIZ,loaf bread,PILAR,large packs,1,99,1,0,0,0,0,1,0,0,3,0,1,1
CAPIZ,mango,PILAR,"papaya, mango, banana",1,350,1,0,0,0,0,1,0,0,3,0,1,1
CAPIZ,"prawns, lobster, shrimp",PILAR,tumpok,1,50,1,0,0,0,1,0,0,0,3,0,1,1
CAPIZ,"preserved or processed meat (tocino, tapa, longaniza, etc)",PILAR,bilog,1,24,1,0,0,0,1,0,0,0,3,0,1,1
CAPIZ,"preserved or processed meat (tocino, tapa, longaniza, etc)",PILAR,putos,1,52.5,2,1,1,0,0,0,0,0,3,0,2,2
CAPIZ,"preserved or processed meat (tocino, tapa, longaniza, etc)",PILAR,putos,2,90,1,0,0,1,0,0,0,0,3,0,2,2
CAPIZ,cabbage,PONTEVEDRA,pieces or units,1,55,1,0,0,0,0,1,0,0,3,0,2,1
CAPIZ,cabbage,PONTEVEDRA,pieces or units,2,120,1,0,0,0,0,0,1,0,3,1,2,1
CAPIZ,camote,PONTEVEDRA,bilog,1,25,1,0,0,0,0,1,0,0,3,0,1,1
CAPIZ,camote tops,PONTEVEDRA,bugkos,1,20,1,0,0,0,1,0,0,0,3,0,1,1
CAPIZ,carrot,PONTEVEDRA,pieces or units,1,52.5,2,1,1,0,0,0,0,0,3,0,2,2
CAPIZ,carrot,PONTEVEDRA,pieces or units,2,90,1,0,0,1,0,0,0,0,3,0,2,2
CAPIZ,chicken,PONTEVEDRA,bilog,1,210,1,0,0,0,0,0,1,0,3,1,3,1
CAPIZ,chicken,PONTEVEDRA,bilog,2,250,1,0,0,0,0,1,0,0,3,0,3,1
CAPIZ,chicken,PONTEVEDRA,bilog,3,1200,1,0,0,0,0,0,1,0,3,1,3,1
CAPIZ,fresh fish,PONTEVEDRA,pieces or units,1,110,1,0,0,0,0,1,0,0,3,0,1,1
CAPIZ,"ice cream, sorbet, edible ice (eg., ice-lolli, halo-halo)",PONTEVEDRA,pieces or units,1,57.5,2,1,1,0,0,0,0,0,3,0,2,2
CAPIZ,"ice cream, sorbet, edible ice (eg., ice-lolli, halo-halo)",PONTEVEDRA,pieces or units,2,95,1,0,0,1,0,0,0,0,3,0,2,2
CAPIZ,"ice cream, sorbet, edible ice (eg., ice-lolli, halo-halo)",PONTEVEDRA,putos,1,50,1,0,0,0,0,1,0,0,3,0,1,1
CAPIZ,"ice cream, sorbet, edible ice (eg., ice-lolli, halo-halo)",PONTEVEDRA,small cup,1,37.5,1,0,0,0,1,0,0,0,3,0,1,1
CAPIZ,"liquor (e.g, whisky, coconut wine)",PONTEVEDRA,lipid/lapad,1,80,1,1,0,0,0,0,0,0,3,0,3,3
CAPIZ,"liquor (e.g, whisky, coconut wine)",PONTEVEDRA,lipid/lapad,2,140,1,0,1,0,0,0,0,0,3,0,3,3
CAPIZ,"liquor (e.g, whisky, coconut wine)",PONTEVEDRA,lipid/lapad,3,217.5,1,0,0,1,0,0,0,0,3,0,3,3
CAPIZ,loaf bread,PONTEVEDRA,large packs,1,82.5,2,1,1,0,0,0,0,0,3,0,2,2
CAPIZ,loaf bread,PONTEVEDRA,large packs,2,160,1,0,0,1,0,0,0,0,3,0,2,2
CAPIZ,loaf bread,PONTEVEDRA,medium packs,1,70,1,1,0,0,0,0,0,0,3,0,2,2
CAPIZ,loaf bread,PONTEVEDRA,medium packs,2,133,2,0,1,1,0,0,0,0,3,0,2,2
CAPIZ,loaf bread,PONTEVEDRA,small packs,1,50,1,0,0,0,0,1,0,0,3,0,1,1
CAPIZ,"prawns, lobster, shrimp",PONTEVEDRA,tumpok,1,50,1,0,0,0,1,0,0,0,3,0,1,1
CAPIZ,"preserved or processed meat (tocino, tapa, longaniza, etc)",PONTEVEDRA,bilog,1,52.5,2,1,1,0,0,0,0,0,3,0,2,2
CAPIZ,"preserved or processed meat (tocino, tapa, longaniza, etc)",PONTEVEDRA,bilog,2,230,1,0,0,1,0,0,0,0,3,0,2,2
CAPIZ,"preserved or processed meat (tocino, tapa, longaniza, etc)",PONTEVEDRA,putos,1,41.25,1,1,0,0,0,0,0,0,3,0,3,3
CAPIZ,"preserved or processed meat (tocino, tapa, longaniza, etc)",PONTEVEDRA,putos,2,70,1,0,1,0,0,0,0,0,3,0,3,3
CAPIZ,"preserved or processed meat (tocino, tapa, longaniza, etc)",PONTEVEDRA,putos,3,127.5,1,0,0,1,0,0,0,0,3,0,3,3
CAPIZ,cabbage,PRESIDENT ROXAS,pieces or units,1,60,1,0,0,0,1,0,0,0,3,0,1,1
CAPIZ,cabbage,PRESIDENT ROXAS,putos (mix vegetable),1,10,1,0,0,0,0,1,0,0,3,0,1,1
CAPIZ,camote tops,PRESIDENT ROXAS,bugkos,1,20,1,0,0,0,1,0,0,0,3,0,1,1
CAPIZ,carrot,PRESIDENT ROXAS,pieces or units,1,35,1,0,0,0,1,0,0,0,3,0,1,1
CAPIZ,chicken,PRESIDENT ROXAS,bilog,1,170,1,0,0,0,0,0,1,0,3,1,2,1
CAPIZ,chicken,PRESIDENT ROXAS,bilog,2,250,1,0,0,0,0,1,0,0,3,0,2,1
CAPIZ,fresh fish,PRESIDENT ROXAS,pieces or units,1,110,2,1,1,0,0,0,0,0,3,0,2,2
CAPIZ,fresh fish,PRESIDENT ROXAS,pieces or units,2,207.5,1,0,0,1,0,0,0,0,3,0,2,2
CAPIZ,"ice cream, sorbet, edible ice (eg., ice-lolli, halo-halo)",PRESIDENT ROXAS,pieces or units,1,55,1,1,0,0,0,0,0,0,3,0,2,2
CAPIZ,"ice cream, sorbet, edible ice (eg., ice-lolli, halo-halo)",PRESIDENT ROXAS,pieces or units,2,110,2,0,1,1,0,0,0,0,3,0,2,2
CAPIZ,"ice cream, sorbet, edible ice (eg., ice-lolli, halo-halo)",PRESIDENT ROXAS,putos,1,50,1,0,0,0,1,0,0,0,2,0,1,1
CAPIZ,"ice cream, sorbet, edible ice (eg., ice-lolli, halo-halo)",PRESIDENT ROXAS,small cup,1,33.125,2,1,1,0,0,0,0,0,3,0,2,2
CAPIZ,"ice cream, sorbet, edible ice (eg., ice-lolli, halo-halo)",PRESIDENT ROXAS,small cup,2,76.25,1,0,0,1,0,0,0,0,3,0,2,2
CAPIZ,"liquor (e.g, whisky, coconut wine)",PRESIDENT ROXAS,lipid/lapad,1,80,1,1,1,0,0,0,0,0,3,0,2,2
CAPIZ,"liquor (e.g, whisky, coconut wine)",PRESIDENT ROXAS,lipid/lapad,2,185,1,0,0,1,0,0,0,0,3,0,2,2
CAPIZ,loaf bread,PRESIDENT ROXAS,large packs,1,85,1,0,0,0,1,0,0,0,3,0,1,1
CAPIZ,loaf bread,PRESIDENT ROXAS,medium packs,1,75,1,0,0,0,1,0,0,0,3,0,1,1
CAPIZ,loaf bread,PRESIDENT ROXAS,small packs,1,42.5,1,0,0,0,1,0,0,0,3,0,1,1
CAPIZ,mango,PRESIDENT ROXAS,pieces or units,1,75,1,0,0,0,0,1,0,0,3,0,2,1
CAPIZ,mango,PRESIDENT ROXAS,pieces or units,2,100,1,0,0,0,0,0,1,0,3,1,2,1
CAPIZ,pork,PRESIDENT ROXAS,2 slice,1,40,1,0,0,0,0,1,0,0,2,0,1,1
CAPIZ,"prawns, lobster, shrimp",PRESIDENT ROXAS,tumpok,1,50,1,0,0,0,0,1,0,0,3,0,2,1
CAPIZ,"prawns, lobster, shrimp",PRESIDENT ROXAS,tumpok,2,100,1,0,0,0,0,0,1,0,3,1,2,1
CAPIZ,"preserved or processed meat (tocino, tapa, longaniza, etc)",PRESIDENT ROXAS,bilog,1,49,1,0,0,0,0,1,0,0,3,0,2,1
CAPIZ,"preserved or processed meat (tocino, tapa, longaniza, etc)",PRESIDENT ROXAS,bilog,2,150,1,0,0,0,0,0,1,0,3,1,2,1
CAPIZ,"preserved or processed meat (tocino, tapa, longaniza, etc)",PRESIDENT ROXAS,putos,1,60,2,1,1,0,0,0,0,0,3,0,2,2
CAPIZ,"preserved or processed meat (tocino, tapa, longaniza, etc)",PRESIDENT ROXAS,putos,2,125,1,0,0,1,0,0,0,0,3,0,2,2
CAPIZ,cabbage,SAPI-AN,pieces or units,1,50,1,0,0,0,1,0,0,0,3,0,1,1
CAPIZ,cabbage,SAPI-AN,putos (mix vegetable),1,10,1,0,0,0,0,1,0,0,3,0,1,1
CAPIZ,camote tops,SAPI-AN,bundle,1,20,1,0,0,0,1,0,0,0,3,0,1,1
CAPIZ,carrot,SAPI-AN,pieces or units,1,25,1,0,0,0,1,0,0,0,3,0,1,1
CAPIZ,chicken,SAPI-AN,whole (chicken),1,205,2,1,1,0,0,0,0,0,3,0,2,2
CAPIZ,chicken,SAPI-AN,whole (chicken),2,265,1,0,0,1,0,0,0,0,3,0,2,2
CAPIZ,"crackers, cookies, buiscuits, chips/curls",SAPI-AN,pack,1,133,1,0,0,0,0,1,0,0,2,0,1,1
CAPIZ,"crackers, cookies, buiscuits, chips/curls",SAPI-AN,pieces or units,1,34.75,2,1,1,0,0,0,0,0,3,0,2,2
CAPIZ,"crackers, cookies, buiscuits, chips/curls",SAPI-AN,pieces or units,2,124,1,0,0,1,0,0,0,0,3,0,2,2
CAPIZ,fresh fish,SAPI-AN,pieces or units,1,50,1,0,0,0,0,0,1,0,3,1,3,1
CAPIZ,fresh fish,SAPI-AN,pieces or units,2,85,1,0,0,0,0,0,1,0,3,1,3,1
CAPIZ,fresh fish,SAPI-AN,pieces or units,3,110,1,0,0,0,0,1,0,0,3,0,3,1
CAPIZ,"ice cream, sorbet, edible ice (eg., ice-lolli, halo-halo)",SAPI-AN,putos,1,50,1,0,0,0,0,1,0,0,2,0,1,1
CAPIZ,"ice cream, sorbet, edible ice (eg., ice-lolli, halo-halo)",SAPI-AN,small cup,1,20,1,1,1,0,0,0,0,0,3,0,2,2
CAPIZ,"ice cream, sorbet, edible ice (eg., ice-lolli, halo-halo)",SAPI-AN,small cup,2,70,1,0,0,1,0,0,0,0,3,0,2,2
CAPIZ,"liquor (e.g, whisky, coconut wine)",SAPI-AN,lipid/lapad,1,455,1,0,0,0,0,1,0,0,3,0,1,1
CAPIZ,"liquor (e.g, whisky, coconut wine)",SAPI-AN,long-neck,1,155,1,0,0,0,0,1,0,0,3,0,1,1
CAPIZ,loaf bread,SAPI-AN,large packs,1,85,1,0,0,0,0,1,0,0,3,0,1,1
CAPIZ,loaf bread,SAPI-AN,medium packs,1,66.875,2,1,1,0,0,0,0,0,3,0,2,2
CAPIZ,loaf bread,SAPI-AN,medium packs,2,117.5,1,0,0,1,0,0,0,0,3,0,2,2
CAPIZ,mango,SAPI-AN,pieces or units,1,50,1,0,0,0,0,0,1,0,3,1,2,1
CAPIZ,mango,SAPI-AN,pieces or units,2,75,1,0,0,0,0,1,0,0,3,0,2,1
CAPIZ,"mineral or spring water, all drinking water sold in containers",SAPI-AN,refilled,1,10,1,0,0,0,0,1,0,0,3,0,1,1
CAPIZ,"prawns, lobster, shrimp",SAPI-AN,tumpok,1,30,1,0,0,0,1,0,0,0,3,0,1,1
CAPIZ,"preserved or processed meat (tocino, tapa, longaniza, etc)",SAPI-AN,bilog,1,75,1,0,0,0,1,0,0,0,3,0,1,1
CAPIZ,"preserved or processed meat (tocino, tapa, longaniza, etc)",SAPI-AN,putos,1,50,1,1,0,0,0,0,0,0,2,0,3,3
CAPIZ,"preserved or processed meat (tocino, tapa, longaniza, etc)",SAPI-AN,putos,2,85,1,0,1,0,0,0,0,0,2,0,3,3
CAPIZ,"preserved or processed meat (tocino, tapa, longaniza, etc)",SAPI-AN,putos,3,152.5,1,0,0,1,0,0,0,0,2,0,3,3
CAPIZ,rice,SAPI-AN,gantang,1,930,1,0,0,0,0,1,0,0,1,0,1,1
CAPIZ,cabbage,SIGMA,half,1,57,1,0,0,0,0,1,0,0,3,0,1,1
CAPIZ,cabbage,SIGMA,pieces or units,1,60,1,0,0,0,1,0,0,0,3,0,1,1
CAPIZ,cabbage,SIGMA,putos (mix vegetable),1,20,1,0,0,0,0,1,0,0,2,0,1,1
CAPIZ,camote tops,SIGMA,bugkos,1,20,1,0,0,0,1,0,0,0,3,0,1,1
CAPIZ,carrot,SIGMA,pieces or units,1,30,1,0,0,0,1,0,0,0,2,0,1,1
CAPIZ,chicken,SIGMA,whole (chicken),1,212,1,1,0,0,0,0,0,0,2,0,3,3
CAPIZ,chicken,SIGMA,whole (chicken),2,250,1,0,1,0,0,0,0,0,2,0,3,3
CAPIZ,chicken,SIGMA,whole (chicken),3,300,1,0,0,1,0,0,0,0,2,0,3,3
CAPIZ,"crackers, cookies, buiscuits, chips/curls",SIGMA,pieces or units,1,32,1,1,0,0,0,0,0,0,2,0,3,3
CAPIZ,"crackers, cookies, buiscuits, chips/curls",SIGMA,pieces or units,2,53,1,0,1,0,0,0,0,0,2,0,3,3
CAPIZ,"crackers, cookies, buiscuits, chips/curls",SIGMA,pieces or units,3,98.5,1,0,0,1,0,0,0,0,2,0,3,3
CAPIZ,"crackers, cookies, buiscuits, chips/curls",SIGMA,putos,1,62.5,2,1,1,0,0,0,0,0,2,0,2,2
CAPIZ,"crackers, cookies, buiscuits, chips/curls",SIGMA,putos,2,120,1,0,0,1,0,0,0,0,2,0,2,2
CAPIZ,fresh fish,SIGMA,pack,1,100,1,0,0,0,0,1,0,0,2,0,1,1
CAPIZ,fresh fish,SIGMA,pieces or units,1,95,1,1,0,0,0,0,0,0,3,0,3,3
CAPIZ,fresh fish,SIGMA,pieces or units,2,120,1,0,1,0,0,0,0,0,3,0,3,3
CAPIZ,fresh fish,SIGMA,pieces or units,3,145,1,0,0,1,0,0,0,0,3,0,3,3
CAPIZ,"ice cream, sorbet, edible ice (eg., ice-lolli, halo-halo)",SIGMA,pieces or units,1,22.5,2,1,1,0,0,0,0,0,2,0,2,2
CAPIZ,"ice cream, sorbet, edible ice (eg., ice-lolli, halo-halo)",SIGMA,pieces or units,2,93.75,1,0,0,1,0,0,0,0,2,0,2,2
CAPIZ,"ice cream, sorbet, edible ice (eg., ice-lolli, halo-halo)",SIGMA,small cup,1,40,2,1,1,0,0,0,0,0,3,0,2,2
CAPIZ,"ice cream, sorbet, edible ice (eg., ice-lolli, halo-halo)",SIGMA,small cup,2,73.75,1,0,0,1,0,0,0,0,3,0,2,2
CAPIZ,"ice cream, sorbet, edible ice (eg., ice-lolli, halo-halo)",SIGMA,tub,1,270,1,0,0,0,0,1,0,0,3,0,2,1
CAPIZ,"ice cream, sorbet, edible ice (eg., ice-lolli, halo-halo)",SIGMA,tub,2,420,1,0,0,0,0,0,1,0,3,1,2,1
CAPIZ,"liquor (e.g, whisky, coconut wine)",SIGMA,lipid/lapad,1,70,1,1,0,0,0,0,0,0,2,0,3,3
CAPIZ,"liquor (e.g, whisky, coconut wine)",SIGMA,lipid/lapad,2,95,1,0,1,0,0,0,0,0,2,0,3,3
CAPIZ,"liquor (e.g, whisky, coconut wine)",SIGMA,lipid/lapad,3,160,1,0,0,1,0,0,0,0,2,0,3,3
CAPIZ,loaf bread,SIGMA,large packs,1,82.125,2,1,1,0,0,0,0,0,3,0,2,2
CAPIZ,loaf bread,SIGMA,large packs,2,155,1,0,0,1,0,0,0,0,3,0,2,2
CAPIZ,mango,SIGMA,pieces or units,1,75,1,0,0,0,1,0,0,0,2,0,1,1
CAPIZ,"prawns, lobster, shrimp",SIGMA,tumpok,1,50,1,1,1,0,0,0,0,0,3,0,2,2
CAPIZ,"prawns, lobster, shrimp",SIGMA,tumpok,2,100,1,0,0,1,0,0,0,0,3,0,2,2
CAPIZ,"preserved or processed meat (tocino, tapa, longaniza, etc)",SIGMA,putos,1,45,1,1,0,0,0,0,0,0,2,0,3,3
CAPIZ,"preserved or processed meat (tocino, tapa, longaniza, etc)",SIGMA,putos,2,80,1,0,1,0,0,0,0,0,2,0,3,3
CAPIZ,"preserved or processed meat (tocino, tapa, longaniza, etc)",SIGMA,putos,3,130,1,0,0,1,0,0,0,0,2,0,3,3
CAPIZ,cabbage,TAPAZ,pack,1,15,1,0,0,0,0,1,0,0,2,0,2,1
CAPIZ,cabbage,TAPAZ,pack,2,50,1,0,0,0,0,0,1,0,2,1,2,1
CAPIZ,cabbage,TAPAZ,pieces or units,1,60,1,0,0,0,1,0,0,0,2,0,1,1
CAPIZ,camote,TAPAZ,bilog,1,25,1,0,0,0,0,1,0,0,2,0,1,1
CAPIZ,camote tops,TAPAZ,bugkos,1,30,1,0,0,0,1,0,0,0,3,0,1,1
CAPIZ,carrot,TAPAZ,pieces or units,1,50,1,0,0,0,1,0,0,0,3,0,1,1
CAPIZ,chicken,TAPAZ,whole (chicken),1,220,1,1,0,0,0,0,0,0,2,0,3,3
CAPIZ,chicken,TAPAZ,whole (chicken),2,250,1,0,1,0,0,0,0,0,2,0,3,3
CAPIZ,chicken,TAPAZ,whole (chicken),3,390,1,0,0,1,0,0,0,0,2,0,3,3
CAPIZ,"crackers, cookies, buiscuits, chips/curls",TAPAZ,pieces or units,1,37.5,2,1,1,0,0,0,0,0,2,0,2,2
CAPIZ,"crackers, cookies, buiscuits, chips/curls",TAPAZ,pieces or units,2,90,1,0,0,1,0,0,0,0,2,0,2,2
CAPIZ,"crackers, cookies, buiscuits, chips/curls",TAPAZ,putos,1,63.75,1,1,0,0,0,0,0,0,2,0,3,3
CAPIZ,"crackers, cookies, buiscuits, chips/curls",TAPAZ,putos,2,100,1,0,1,0,0,0,0,0,2,0,3,3
CAPIZ,"crackers, cookies, buiscuits, chips/curls",TAPAZ,putos,3,155.25,1,0,0,1,0,0,0,0,2,0,3,3
CAPIZ,fresh fish,TAPAZ,pieces or units,1,110,1,0,0,0,0,1,0,0,3,0,1,1
CAPIZ,"ice cream, sorbet, edible ice (eg., ice-lolli, halo-halo)",TAPAZ,cone,1,40,1,0,0,0,0,1,0,0,3,0,1,1
CAPIZ,"ice cream, sorbet, edible ice (eg., ice-lolli, halo-halo)",TAPAZ,pieces or units,1,20,1,1,0,0,0,0,0,0,2,0,2,2
CAPIZ,"ice cream, sorbet, edible ice (eg., ice-lolli, halo-halo)",TAPAZ,pieces or units,2,55,2,0,1,1,0,0,0,0,2,0,2,2
CAPIZ,"ice cream, sorbet, edible ice (eg., ice-lolli, halo-halo)",TAPAZ,small cup,1,20,1,0,0,0,1,0,0,0,3,0,1,1
CAPIZ,"liquor (e.g, whisky, coconut wine)",TAPAZ,lipid/lapad,1,70,1,1,0,0,0,0,0,0,3,0,3,3
CAPIZ,"liquor (e.g, whisky, coconut wine)",TAPAZ,lipid/lapad,2,130,1,0,1,0,0,0,0,0,3,0,3,3
CAPIZ,"liquor (e.g, whisky, coconut wine)",TAPAZ,lipid/lapad,3,213.75,1,0,0,1,0,0,0,0,3,0,3,3
CAPIZ,loaf bread,TAPAZ,large packs,1,137.5,1,1,0,0,0,0,0,0,3,0,2,2
CAPIZ,loaf bread,TAPAZ,large packs,2,202.5,2,0,1,1,0,0,0,0,3,0,2,2
CAPIZ,mango,TAPAZ,pieces or units,1,60,1,0,0,0,1,0,0,0,2,0,1,1
CAPIZ,"preserved or processed meat (tocino, tapa, longaniza, etc)",TAPAZ,bilog,1,37.5,1,0,0,0,1,0,0,0,2,0,1,1
CAPIZ,"preserved or processed meat (tocino, tapa, longaniza, etc)",TAPAZ,putos,1,45,1,1,0,0,0,0,0,0,2,0,3,3
CAPIZ,"preserved or processed meat (tocino, tapa, longaniza, etc)",TAPAZ,putos,2,90,1,0,1,0,0,0,0,0,2,0,3,3
CAPIZ,"preserved or processed meat (tocino, tapa, longaniza, etc)",TAPAZ,putos,3,130,1,0,0,1,0,0,0,0,2,0,3,3
ILOILO,cabbage,AJUY,pack,1,23.75,2,0,0,0,0,1,0,1,2,0,1,1
ILOILO,cabbage,AJUY,pieces or units,1,48,2,1,1,0,0,0,0,0,3,0,2,2
ILOILO,cabbage,AJUY,pieces or units,2,96.25,1,0,0,1,0,0,0,0,3,0,2,2
ILOILO,camote,AJUY,bilog,1,30,1,0,0,0,0,1,0,0,2,0,1,1
ILOILO,camote tops,AJUY,bugkos,1,20,1,0,0,0,1,0,0,0,3,0,1,1
ILOILO,carrot,AJUY,pack,1,25,1,0,0,0,0,1,0,0,2,0,1,1
ILOILO,carrot,AJUY,pieces or units,1,30,1,0,0,0,1,0,0,0,3,0,1,1
ILOILO,chicken,AJUY,whole (chicken),1,200,1,1,0,0,0,0,0,0,3,0,3,3
ILOILO,chicken,AJUY,whole (chicken),2,250,1,0,1,0,0,0,0,0,3,0,3,3
ILOILO,chicken,AJUY,whole (chicken),3,300,1,0,0,1,0,0,0,0,3,0,3,3
ILOILO,"crackers, cookies, buiscuits, chips/curls",AJUY,pieces or units,1,53,1,0,0,0,1,0,0,0,3,0,1,1
ILOILO,"crackers, cookies, buiscuits, chips/curls",AJUY,putos,1,63,2,1,1,0,0,0,0,0,3,0,2,2
ILOILO,"crackers, cookies, buiscuits, chips/curls",AJUY,putos,2,164,1,0,0,1,0,0,0,0,3,0,2,2
ILOILO,fresh fish,AJUY,pack,1,200,1,0,0,0,0,1,0,0,2,0,1,1
ILOILO,fresh fish,AJUY,pieces or units,1,100,1,1,0,0,0,0,0,0,3,0,3,3
ILOILO,fresh fish,AJUY,pieces or units,2,150,1,0,1,0,0,0,0,0,3,0,3,3
ILOILO,fresh fish,AJUY,pieces or units,3,350,1,0,0,1,0,0,0,0,3,0,3,3
ILOILO,fresh fish,AJUY,tumpok,1,325,1,0,0,0,0,1,0,0,3,0,2,1
ILOILO,fresh fish,AJUY,tumpok,2,350,1,0,0,0,0,0,1,0,3,1,2,1
ILOILO,"ice cream, sorbet, edible ice (eg., ice-lolli, halo-halo)",AJUY,bowl,1,40,1,0,0,0,0,1,0,0,3,0,1,1
ILOILO,"ice cream, sorbet, edible ice (eg., ice-lolli, halo-halo)",AJUY,cone,1,40,1,0,0,0,0,1,0,0,3,0,1,1
ILOILO,"ice cream, sorbet, edible ice (eg., ice-lolli, halo-halo)",AJUY,putos,1,48,1,0,0,0,0,1,0,0,3,0,3,1
ILOILO,"ice cream, sorbet, edible ice (eg., ice-lolli, halo-halo)",AJUY,putos,2,100,1,0,0,0,0,0,1,0,3,1,3,1
ILOILO,"ice cream, sorbet, edible ice (eg., ice-lolli, halo-halo)",AJUY,putos,3,300,1,0,0,0,0,0,1,0,3,1,3,1
ILOILO,"ice cream, sorbet, edible ice (eg., ice-lolli, halo-halo)",AJUY,small cup,1,25,1,0,0,0,1,0,0,0,3,0,1,1
ILOILO,"liquor (e.g, whisky, coconut wine)",AJUY,lipid/lapad,1,80,1,1,0,0,0,0,0,0,3,0,3,3
ILOILO,"liquor (e.g, whisky, coconut wine)",AJUY,lipid/lapad,2,140,1,0,1,0,0,0,0,0,3,0,3,3
ILOILO,"liquor (e.g, whisky, coconut wine)",AJUY,lipid/lapad,3,170,1,0,0,1,0,0,0,0,3,0,3,3
ILOILO,"liquor (e.g, whisky, coconut wine)",AJUY,long-neck,1,157.5,1,1,0,0,0,0,0,0,3,0,3,3
ILOILO,"liquor (e.g, whisky, coconut wine)",AJUY,long-neck,2,230,1,0,1,0,0,0,0,0,3,0,3,3
ILOILO,"liquor (e.g, whisky, coconut wine)",AJUY,long-neck,3,341.25,1,0,0,1,0,0,0,0,3,0,3,3
ILOILO,loaf bread,AJUY,large packs,1,89.9375,4,1,1,0,0,0,0,0,3,0,2,2
ILOILO,loaf bread,AJUY,large packs,2,191.875,2,0,0,1,0,0,0,0,3,0,2,2
ILOILO,loaf bread,AJUY,medium packs,1,57.5,1,1,0,0,0,0,0,0,3,0,3,3
ILOILO,loaf bread,AJUY,medium packs,2,81,1,0,1,0,0,0,0,0,3,0,3,3
ILOILO,loaf bread,AJUY,medium packs,3,108.25,1,0,0,1,0,0,0,0,3,0,3,3
ILOILO,loaf bread,AJUY,small packs,1,28.75,1,1,0,0,0,0,0,0,3,0,2,2
ILOILO,loaf bread,AJUY,small packs,2,63.75,2,0,1,1,0,0,0,0,3,0,2,2
ILOILO,mango,AJUY,pieces or units,1,55,2,1,1,0,0,0,0,0,2,0,2,2
ILOILO,mango,AJUY,pieces or units,2,90,1,0,0,1,0,0,0,0,2,0,2,2
ILOILO,"prawns, lobster, shrimp",AJUY,tumpok,1,50,1,1,0,0,0,0,0,0,3,0,3,3
ILOILO,"prawns, lobster, shrimp",AJUY,tumpok,2,75,1,0,1,0,0,0,0,0,3,0,3,3
ILOILO,"prawns, lobster, shrimp",AJUY,tumpok,3,100,1,0,0,1,0,0,0,0,3,0,3,3
ILOILO,"preserved or processed meat (tocino, tapa, longaniza, etc)",AJUY,bilog,1,57.5,2,1,1,0,0,0,0,0,3,0,2,2
ILOILO,"preserved or processed meat (tocino, tapa, longaniza, etc)",AJUY,bilog,2,107,1,0,0,1,0,0,0,0,3,0,2,2
ILOILO,"preserved or processed meat (tocino, tapa, longaniza, etc)",AJUY,putos,1,60,2,1,1,0,0,0,0,0,3,0,2,2
ILOILO,"preserved or processed meat (tocino, tapa, longaniza, etc)",AJUY,putos,2,100,1,0,0,1,0,0,0,0,3,0,2,2
ILOILO,cabbage,ALIMODIAN,pieces or units,1,20,1,1,0,0,0,0,0,0,3,0,3,3
ILOILO,cabbage,ALIMODIAN,pieces or units,2,55,1,0,1,0,0,0,0,0,3,0,3,3
ILOILO,cabbage,ALIMODIAN,pieces or units,3,75.25,1,0,0,1,0,0,0,0,3,0,3,3
ILOILO,cabbage,ALIMODIAN,putos (mix vegetable),1,13.5,1,0,0,0,0,1,0,0,2,0,1,1
ILOILO,camote,ALIMODIAN,bilog,1,15,3,0,0,0,0,1,1,0,3,0,1,1
ILOILO,camote tops,ALIMODIAN,bugkos,1,20,1,0,0,0,1,0,0,0,3,0,1,1
ILOILO,carrot,ALIMODIAN,pieces or units,1,50,1,0,0,0,1,0,0,0,3,0,1,1
ILOILO,chicken,ALIMODIAN,bilog,1,200,1,1,0,0,0,0,0,0,3,0,3,3
ILOILO,chicken,ALIMODIAN,bilog,2,300,1,0,1,0,0,0,0,0,3,0,3,3
ILOILO,chicken,ALIMODIAN,bilog,3,400,1,0,0,1,0,0,0,0,3,0,3,3
ILOILO,chicken,ALIMODIAN,pieces or units,1,300,1,1,1,0,0,0,0,0,3,0,2,2
ILOILO,chicken,ALIMODIAN,pieces or units,2,400,1,0,0,1,0,0,0,0,3,0,2,2
ILOILO,"crackers, cookies, buiscuits, chips/curls",ALIMODIAN,pieces or units,1,24.75,1,1,0,0,0,0,0,0,3,0,3,3
ILOILO,"crackers, cookies, buiscuits, chips/curls",ALIMODIAN,pieces or units,2,49.5,1,0,1,0,0,0,0,0,3,0,3,3
ILOILO,"crackers, cookies, buiscuits, chips/curls",ALIMODIAN,pieces or units,3,84,1,0,0,1,0,0,0,0,3,0,3,3
ILOILO,"crackers, cookies, buiscuits, chips/curls",ALIMODIAN,putos,1,60,1,0,0,0,1,0,0,0,3,0,1,1
ILOILO,fresh fish,ALIMODIAN,pieces or units,1,100,1,0,0,0,0,1,0,0,3,0,1,1
ILOILO,"ice cream, sorbet, edible ice (eg., ice-lolli, halo-halo)",ALIMODIAN,pieces or units,1,23.75,1,1,0,0,0,0,0,0,3,0,3,3
ILOILO,"ice cream, sorbet, edible ice (eg., ice-lolli, halo-halo)",ALIMODIAN,pieces or units,2,50,1,0,1,0,0,0,0,0,3,0,3,3
ILOILO,"ice cream, sorbet, edible ice (eg., ice-lolli, halo-halo)",ALIMODIAN,pieces or units,3,100,1,0,0,1,0,0,0,0,3,0,3,3
ILOILO,"ice cream, sorbet, edible ice (eg., ice-lolli, halo-halo)",ALIMODIAN,putos,1,32.66666666666666,3,0,0,0,0,1,1,0,3,0,1,1
ILOILO,"ice cream, sorbet, edible ice (eg., ice-lolli, halo-halo)",ALIMODIAN,small cup,1,35,2,0,0,0,0,1,1,0,3,0,2,1
ILOILO,"ice cream, sorbet, edible ice (eg., ice-lolli, halo-halo)",ALIMODIAN,small cup,2,100,1,0,0,0,0,0,1,0,3,1,2,1
ILOILO,"liquor (e.g, whisky, coconut wine)",ALIMODIAN,lipid/lapad,1,82.5,2,1,1,0,0,0,0,0,3,0,2,2
ILOILO,"liquor (e.g, whisky, coconut wine)",ALIMODIAN,lipid/lapad,2,162.5,1,0,0,1,0,0,0,0,3,0,2,2
ILOILO,"liquor (e.g, whisky, coconut wine)",ALIMODIAN,long-neck,1,150,1,0,0,0,0,0,1,0,3,1,2,1
ILOILO,"liquor (e.g, whisky, coconut wine)",ALIMODIAN,long-neck,2,180,1,0,0,0,0,1,0,0,3,0,2,1
ILOILO,loaf bread,ALIMODIAN,large packs,1,70,1,0,0,0,1,0,0,0,3,0,1,1
ILOILO,loaf bread,ALIMODIAN,medium packs,1,54.5,2,1,1,0,0,0,0,0,3,0,2,2
ILOILO,loaf bread,ALIMODIAN,medium packs,2,101.25,1,0,0,1,0,0,0,0,3,0,2,2
ILOILO,loaf bread,ALIMODIAN,small packs,1,49,1,0,0,0,0,1,0,0,3,0,1,1
ILOILO,mango,ALIMODIAN,pieces or units,1,90,1,0,0,0,1,0,0,0,3,0,1,1
ILOILO,"preserved or processed meat (tocino, tapa, longaniza, etc)",ALIMODIAN,bilog,1,90,1,0,0,0,1,0,0,0,3,0,1,1
ILOILO,"preserved or processed meat (tocino, tapa, longaniza, etc)",ALIMODIAN,putos,1,46.5,1,1,0,0,0,0,0,0,3,0,3,3
ILOILO,"preserved or processed meat (tocino, tapa, longaniza, etc)",ALIMODIAN,putos,2,80,1,0,1,0,0,0,0,0,3,0,3,3
ILOILO,"preserved or processed meat (tocino, tapa, longaniza, etc)",ALIMODIAN,putos,3,120,1,0,0,1,0,0,0,0,3,0,3,3
ILOILO,rice,ALIMODIAN,salmon,1,255,1,1,0,0,0,0,0,0,1,0,3,3
ILOILO,rice,ALIMODIAN,salmon,2,420,1,0,1,0,0,0,0,0,1,0,3,3
ILOILO,rice,ALIMODIAN,salmon,3,533.75,1,0,0,1,0,0,0,0,1,0,3,3
ILOILO,camote tops,ANILAO,bugkos,1,20,1,0,0,0,1,0,0,0,3,0,1,1
ILOILO,carrot,ANILAO,pieces or units,1,30,1,0,0,0,0,1,0,0,3,0,1,1
ILOILO,chicken,ANILAO,bilog,1,205,1,0,0,0,0,0,1,0,3,1,3,1
ILOILO,chicken,ANILAO,bilog,2,250,1,0,0,0,0,0,1,0,3,1,3,1
ILOILO,chicken,ANILAO,bilog,3,280,1,0,0,0,0,1,0,0,3,0,3,1
ILOILO,"crackers, cookies, buiscuits, chips/curls",ANILAO,pieces or units,1,24,1,1,0,0,0,0,0,0,3,0,3,3
ILOILO,"crackers, cookies, buiscuits, chips/curls",ANILAO,pieces or units,2,48,1,0,1,0,0,0,0,0,3,0,3,3
ILOILO,"crackers, cookies, buiscuits, chips/curls",ANILAO,pieces or units,3,78,1,0,0,1,0,0,0,0,3,0,3,3
ILOILO,fresh fish,ANILAO,pack,1,150,1,0,0,0,0,1,0,0,3,0,1,1
ILOILO,fresh fish,ANILAO,pieces or units,1,100,1,0,0,0,0,1,0,0,3,0,1,1
ILOILO,"ice cream, sorbet, edible ice (eg., ice-lolli, halo-halo)",ANILAO,pieces or units,1,42,1,0,0,0,0,1,0,0,3,0,1,1
ILOILO,"ice cream, sorbet, edible ice (eg., ice-lolli, halo-halo)",ANILAO,small cup,1,40,1,0,0,0,0,1,0,0,3,0,1,1
ILOILO,"liquor (e.g, whisky, coconut wine)",ANILAO,lipid/lapad,1,131.25,1,1,0,0,0,0,0,0,3,0,3,3
ILOILO,"liquor (e.g, whisky, coconut wine)",ANILAO,lipid/lapad,2,172.5,1,0,1,0,0,0,0,0,3,0,3,3
ILOILO,"liquor (e.g, whisky, coconut wine)",ANILAO,lipid/lapad,3,202.5,1,0,0,1,0,0,0,0,3,0,3,3
ILOILO,loaf bread,ANILAO,small packs,1,30,1,1,0,0,0,0,0,0,3,0,3,3
ILOILO,loaf bread,ANILAO,small packs,2,62,1,0,1,0,0,0,0,0,3,0,3,3
ILOILO,loaf bread,ANILAO,small packs,3,147,1,0,0,1,0,0,0,0,3,0,3,3
ILOILO,"preserved or processed meat (tocino, tapa, longaniza, etc)",ANILAO,putos,1,66.75,1,1,0,0,0,0,0,0,3,0,3,3
ILOILO,"preserved or processed meat (tocino, tapa, longaniza, etc)",ANILAO,putos,2,100,1,0,1,0,0,0,0,0,3,0,3,3
ILOILO,"preserved or processed meat (tocino, tapa, longaniza, etc)",ANILAO,putos,3,127.5,1,0,0,1,0,0,0,0,3,0,3,3
ILOILO,cabbage,BADIANGAN,half,1,20,1,0,0,0,0,1,0,0,3,0,1,1
ILOILO,cabbage,BADIANGAN,pieces or units,1,37,2,1,1,0,0,0,0,0,3,0,2,2
ILOILO,cabbage,BADIANGAN,pieces or units,2,80,1,0,0,1,0,0,0,0,3,0,2,2
ILOILO,camote,BADIANGAN,bilog,1,30,1,0,0,0,1,0,0,0,3,0,1,1
ILOILO,camote tops,BADIANGAN,bugkos,1,20,1,0,0,0,1,0,0,0,3,0,1,1
ILOILO,camote tops,BADIANGAN,bundle,1,20,1,0,0,0,1,0,0,0,3,0,1,1
ILOILO,carrot,BADIANGAN,pieces or units,1,40,1,0,0,0,1,0,0,0,3,0,1,1
ILOILO,chicken,BADIANGAN,whole (chicken),1,200,1,1,0,0,0,0,0,0,3,0,3,3
ILOILO,chicken,BADIANGAN,whole (chicken),2,250,1,0,1,0,0,0,0,0,3,0,3,3
ILOILO,chicken,BADIANGAN,whole (chicken),3,300,1,0,0,1,0,0,0,0,3,0,3,3
ILOILO,"crackers, cookies, buiscuits, chips/curls",BADIANGAN,pieces or units,1,42.5,4,1,1,0,0,0,0,0,3,0,2,2
ILOILO,"crackers, cookies, buiscuits, chips/curls",BADIANGAN,pieces or units,2,91.75,2,0,0,1,0,0,0,0,3,0,2,2
ILOILO,"crackers, cookies, buiscuits, chips/curls",BADIANGAN,putos,1,60,1,1,0,0,0,0,0,0,3,0,3,3
ILOILO,"crackers, cookies, buiscuits, chips/curls",BADIANGAN,putos,2,92.5,1,0,1,0,0,0,0,0,3,0,3,3
ILOILO,"crackers, cookies, buiscuits, chips/curls",BADIANGAN,putos,3,152.5,1,0,0,1,0,0,0,0,3,0,3,3
ILOILO,"ice cream, sorbet, edible ice (eg., ice-lolli, halo-halo)",BADIANGAN,pieces or units,1,25,1,1,0,0,0,0,0,0,3,0,3,3
ILOILO,"ice cream, sorbet, edible ice (eg., ice-lolli, halo-halo)",BADIANGAN,pieces or units,2,50,1,0,1,0,0,0,0,0,3,0,3,3
ILOILO,"ice cream, sorbet, edible ice (eg., ice-lolli, halo-halo)",BADIANGAN,pieces or units,3,75,1,0,0,1,0,0,0,0,3,0,3,3
ILOILO,"ice cream, sorbet, edible ice (eg., ice-lolli, halo-halo)",BADIANGAN,putos,1,55,1,0,0,0,1,0,0,0,3,0,1,1
ILOILO,"ice cream, sorbet, edible ice (eg., ice-lolli, halo-halo)",BADIANGAN,small cup,1,25,2,0,0,0,1,0,0,0,3,0,1,1
ILOILO,"liquor (e.g, whisky, coconut wine)",BADIANGAN,junior lapad,1,406,1,0,0,0,0,1,0,0,3,0,1,1
ILOILO,"liquor (e.g, whisky, coconut wine)",BADIANGAN,lipid/lapad,1,80,1,1,0,0,0,0,0,0,3,0,3,3
ILOILO,"liquor (e.g, whisky, coconut wine)",BADIANGAN,lipid/lapad,2,145,1,0,1,0,0,0,0,0,3,0,3,3
ILOILO,"liquor (e.g, whisky, coconut wine)",BADIANGAN,lipid/lapad,3,225,1,0,0,1,0,0,0,0,3,0,3,3
ILOILO,"liquor (e.g, whisky, coconut wine)",BADIANGAN,long-neck,1,263.75,1,1,0,0,0,0,0,0,3,0,3,3
ILOILO,"liquor (e.g, whisky, coconut wine)",BADIANGAN,long-neck,2,300,1,0,1,0,0,0,0,0,3,0,3,3
ILOILO,"liquor (e.g, whisky, coconut wine)",BADIANGAN,long-neck,3,337.5,1,0,0,1,0,0,0,0,3,0,3,3
ILOILO,loaf bread,BADIANGAN,large packs,1,80,1,1,0,0,0,0,0,0,3,0,3,3
ILOILO,loaf bread,BADIANGAN,large packs,2,110,1,0,1,0,0,0,0,0,3,0,3,3
ILOILO,loaf bread,BADIANGAN,large packs,3,160,1,0,0,1,0,0,0,0,3,0,3,3
ILOILO,loaf bread,BADIANGAN,medium packs,1,68.125,2,1,1,0,0,0,0,0,3,0,2,2
ILOILO,loaf bread,BADIANGAN,medium packs,2,160,1,0,0,1,0,0,0,0,3,0,2,2
ILOILO,pork,BADIANGAN,slice,1,50,1,0,0,0,0,1,0,0,2,0,1,1
ILOILO,"preserved or processed meat (tocino, tapa, longaniza, etc)",BADIANGAN,putos,1,60,1,1,0,0,0,0,0,0,3,0,3,3
ILOILO,"preserved or processed meat (tocino, tapa, longaniza, etc)",BADIANGAN,putos,2,100,1,0,1,0,0,0,0,0,3,0,3,3
ILOILO,"preserved or processed meat (tocino, tapa, longaniza, etc)",BADIANGAN,putos,3,150,1,0,0,1,0,0,0,0,3,0,3,3
ILOILO,cabbage,BALASAN,pieces or units,1,45,1,0,0,0,1,0,0,0,3,0,1,1
ILOILO,camote,BALASAN,bilog,1,30,1,0,0,0,0,1,0,0,3,0,1,1
ILOILO,camote tops,BALASAN,bugkos,1,20,1,0,0,0,1,0,0,0,3,0,1,1
ILOILO,camote tops,BALASAN,bundle,1,20,1,0,0,0,1,0,0,0,3,0,1,1
ILOILO,carrot,BALASAN,pieces or units,1,37.5,2,0,0,0,1,1,0,0,3,0,2,1
ILOILO,carrot,BALASAN,pieces or units,2,120,1,0,0,0,0,0,1,0,3,1,2,1
ILOILO,chicken,BALASAN,bilog,1,300,1,1,0,0,0,0,0,0,3,0,3,3
ILOILO,chicken,BALASAN,bilog,2,400,1,0,1,0,0,0,0,0,3,0,3,3
ILOILO,chicken,BALASAN,bilog,3,600,1,0,0,1,0,0,0,0,3,0,3,3
ILOILO,"crackers, cookies, buiscuits, chips/curls",BALASAN,pack,1,120,1,0,0,0,0,1,0,0,3,0,2,1
ILOILO,"crackers, cookies, buiscuits, chips/curls",BALASAN,pack,2,350,1,0,0,0,0,0,1,0,3,1,2,1
ILOILO,"crackers, cookies, buiscuits, chips/curls",BALASAN,putos,1,57.5,1,1,0,0,0,0,0,0,3,0,3,3
ILOILO,"crackers, cookies, buiscuits, chips/curls",BALASAN,putos,2,94,1,0,1,0,0,0,0,0,3,0,3,3
ILOILO,"crackers, cookies, buiscuits, chips/curls",BALASAN,putos,3,136,1,0,0,1,0,0,0,0,3,0,3,3
ILOILO,fresh fish,BALASAN,pieces or units,1,150,1,1,0,0,0,0,0,0,3,0,2,2
ILOILO,fresh fish,BALASAN,pieces or units,2,300,1,0,1,1,0,0,0,0,3,0,2,2
ILOILO,"ice cream, sorbet, edible ice (eg., ice-lolli, halo-halo)",BALASAN,putos,1,48,1,0,0,0,0,1,0,0,3,0,1,1
ILOILO,"ice cream, sorbet, edible ice (eg., ice-lolli, halo-halo)",BALASAN,small cup,1,32.5,1,0,0,0,1,0,0,0,3,0,1,1
ILOILO,"liquor (e.g, whisky, coconut wine)",BALASAN,lipid/lapad,1,80,2,1,1,0,0,0,0,0,3,0,2,2
ILOILO,"liquor (e.g, whisky, coconut wine)",BALASAN,lipid/lapad,2,157.5,1,0,0,1,0,0,0,0,3,0,2,2
ILOILO,loaf bread,BALASAN,large packs,1,170,1,0,0,0,0,1,0,0,3,0,2,1
ILOILO,loaf bread,BALASAN,large packs,2,225,1,0,0,0,0,0,1,0,3,1,2,1
ILOILO,loaf bread,BALASAN,medium packs,1,57.5,1,0,0,0,1,0,0,0,3,0,1,1
ILOILO,loaf bread,BALASAN,small packs,1,70,1,0,0,0,1,0,0,0,3,0,1,1
ILOILO,mango,BALASAN,pieces or units,1,50,1,0,0,0,0,0,1,0,3,1,3,1
ILOILO,mango,BALASAN,pieces or units,2,80,1,0,0,0,0,1,0,0,3,0,3,1
ILOILO,mango,BALASAN,pieces or units,3,160,1,0,0,0,0,0,1,0,3,1,3,1
ILOILO,"prawns, lobster, shrimp",BALASAN,tumpok,1,42.5,2,1,1,0,0,0,0,0,3,0,2,2
ILOILO,"prawns, lobster, shrimp",BALASAN,tumpok,2,100,1,0,0,1,0,0,0,0,3,0,2,2
ILOILO,"preserved or processed meat (tocino, tapa, longaniza, etc)",BALASAN,bilog,1,42.5,1,0,0,0,1,0,0,0,3,0,1,1
ILOILO,"preserved or processed meat (tocino, tapa, longaniza, etc)",BALASAN,putos,1,41.25,1,1,0,0,0,0,0,0,3,0,3,3
ILOILO,"preserved or processed meat (tocino, tapa, longaniza, etc)",BALASAN,putos,2,70,1,0,1,0,0,0,0,0,3,0,3,3
ILOILO,"preserved or processed meat (tocino, tapa, longaniza, etc)",BALASAN,putos,3,103.75,1,0,0,1,0,0,0,0,3,0,3,3
ILOILO,rice,BALASAN,gantang,1,260,1,0,0,0,0,0,1,0,1,1,2,1
ILOILO,rice,BALASAN,gantang,2,325,1,0,0,0,0,1,0,0,1,0,2,1
ILOILO,cabbage,BANATE,pieces or units,1,60,1,0,0,0,1,0,0,0,3,0,1,1
ILOILO,camote tops,BANATE,bugkos,1,20,1,0,0,0,1,0,0,0,3,0,1,1
ILOILO,carrot,BANATE,pieces or units,1,30,1,0,0,0,1,0,0,0,3,0,1,1
ILOILO,chicken,BANATE,bilog,1,190,1,1,0,0,0,0,0,0,3,0,2,2
ILOILO,chicken,BANATE,bilog,2,227.5,2,0,1,1,0,0,0,0,3,0,2,2
ILOILO,"crackers, cookies, buiscuits, chips/curls",BANATE,pieces or units,1,50,1,0,0,0,0,1,0,0,3,0,1,1
ILOILO,"crackers, cookies, buiscuits, chips/curls",BANATE,putos,1,132,1,1,0,0,0,0,0,0,3,0,3,3
ILOILO,"crackers, cookies, buiscuits, chips/curls",BANATE,putos,2,159,1,0,1,0,0,0,0,0,3,0,3,3
ILOILO,"crackers, cookies, buiscuits, chips/curls",BANATE,putos,3,288.75,1,0,0,1,0,0,0,0,3,0,3,3
ILOILO,fresh fish,BANATE,pack,1,175,1,1,0,0,0,0,0,0,3,0,3,3
ILOILO,fresh fish,BANATE,pack,2,300,1,0,1,0,0,0,0,0,3,0,3,3
ILOILO,fresh fish,BANATE,pack,3,325,1,0,0,1,0,0,0,0,3,0,3,3
ILOILO,"ice cream, sorbet, edible ice (eg., ice-lolli, halo-halo)",BANATE,putos,1,30,1,0,0,0,1,0,0,0,3,0,1,1
ILOILO,"liquor (e.g, whisky, coconut wine)",BANATE,lipid/lapad,1,80,1,1,0,0,0,0,0,0,3,0,3,3
ILOILO,"liquor (e.g, whisky, coconut wine)",BANATE,lipid/lapad,2,165,1,0,1,0,0,0,0,0,3,0,3,3
ILOILO,"liquor (e.g, whisky, coconut wine)",BANATE,lipid/lapad,3,243.75,1,0,0,1,0,0,0,0,3,0,3,3
ILOILO,loaf bread,BANATE,large packs,1,85,1,0,0,0,0,1,0,0,3,0,1,1
ILOILO,"prawns, lobster, shrimp",BANATE,tumpok,1,60,1,0,0,0,0,1,0,0,3,0,2,1
ILOILO,"prawns, lobster, shrimp",BANATE,tumpok,2,100,1,0,0,0,0,0,1,0,3,1,2,1
ILOILO,"preserved or processed meat (tocino, tapa, longaniza, etc)",BANATE,pack,1,50,1,0,0,0,0,0,1,0,3,1,2,1
ILOILO,"preserved or processed meat (tocino, tapa, longaniza, etc)",BANATE,pack,2,90,1,0,0,0,0,1,0,0,3,0,2,1
ILOILO,cabbage,BAROTAC NUEVO,pack,1,27.5,1,0,0,0,0,1,0,0,2,0,1,1
ILOILO,cabbage,BAROTAC NUEVO,pieces or units,1,60,1,0,0,0,1,0,0,0,3,0,1,1
ILOILO,camote,BAROTAC NUEVO,bilog,1,30,1,0,0,0,0,1,0,0,3,0,1,1
ILOILO,camote tops,BAROTAC NUEVO,bugkos,1,30,1,0,0,0,1,0,0,0,3,0,1,1
ILOILO,carrot,BAROTAC NUEVO,pieces or units,1,40,1,0,0,0,1,0,0,0,3,0,1,1
ILOILO,chicken,BAROTAC NUEVO,bilog,1,200,1,1,0,0,0,0,0,0,3,0,3,3
ILOILO,chicken,BAROTAC NUEVO,bilog,2,297.5,1,0,1,0,0,0,0,0,3,0,3,3
ILOILO,chicken,BAROTAC NUEVO,bilog,3,462.5,1,0,0,1,0,0,0,0,3,0,3,3
ILOILO,chicken,BAROTAC NUEVO,whole (chicken),1,250,1,0,0,0,0,1,0,0,3,0,1,1
ILOILO,"crackers, cookies, buiscuits, chips/curls",BAROTAC NUEVO,pieces or units,1,30.5,1,0,0,0,1,0,0,0,3,0,1,1
ILOILO,"crackers, cookies, buiscuits, chips/curls",BAROTAC NUEVO,putos,1,50,2,1,1,0,0,0,0,0,3,0,2,2
ILOILO,"crackers, cookies, buiscuits, chips/curls",BAROTAC NUEVO,putos,2,99.5,1,0,0,1,0,0,0,0,3,0,2,2
ILOILO,fresh fish,BAROTAC NUEVO,pack,1,150,1,0,0,0,0,1,0,0,3,0,1,1
ILOILO,fresh fish,BAROTAC NUEVO,pieces or units,1,110,2,1,1,0,0,0,0,0,2,0,2,2
ILOILO,fresh fish,BAROTAC NUEVO,pieces or units,2,200,1,0,0,1,0,0,0,0,2,0,2,2
ILOILO,"ice cream, sorbet, edible ice (eg., ice-lolli, halo-halo)",BAROTAC NUEVO,pieces or units,1,50,1,0,0,0,1,0,0,0,3,0,1,1
ILOILO,"ice cream, sorbet, edible ice (eg., ice-lolli, halo-halo)",BAROTAC NUEVO,putos,1,48,1,0,0,0,0,1,0,0,3,0,1,1
ILOILO,"ice cream, sorbet, edible ice (eg., ice-lolli, halo-halo)",BAROTAC NUEVO,small cup,1,20,1,0,0,0,1,0,0,0,3,0,1,1
ILOILO,"liquor (e.g, whisky, coconut wine)",BAROTAC NUEVO,lipid/lapad,1,77.5,2,1,1,0,0,0,0,0,3,0,2,2
ILOILO,"liquor (e.g, whisky, coconut wine)",BAROTAC NUEVO,lipid/lapad,2,240,1,0,0,1,0,0,0,0,3,0,2,2
ILOILO,"liquor (e.g, whisky, coconut wine)",BAROTAC NUEVO,long-neck,1,147.5,2,0,0,0,0,0,1,0,3,1,2,1
ILOILO,"liquor (e.g, whisky, coconut wine)",BAROTAC NUEVO,long-neck,2,180,1,0,0,0,0,1,0,0,3,0,2,1
ILOILO,loaf bread,BAROTAC NUEVO,large packs,1,79.5,1,1,0,0,0,0,0,0,3,0,3,3
ILOILO,loaf bread,BAROTAC NUEVO,large packs,2,117.5,1,0,1,0,0,0,0,0,3,0,3,3
ILOILO,loaf bread,BAROTAC NUEVO,large packs,3,162.5,1,0,0,1,0,0,0,0,3,0,3,3
ILOILO,loaf bread,BAROTAC NUEVO,medium packs,1,62.625,2,1,1,0,0,0,0,0,3,0,2,2
ILOILO,loaf bread,BAROTAC NUEVO,medium packs,2,104.5,1,0,0,1,0,0,0,0,3,0,2,2
ILOILO,loaf bread,BAROTAC NUEVO,small packs,1,58.75,1,1,0,0,0,0,0,0,3,0,3,3
ILOILO,loaf bread,BAROTAC NUEVO,small packs,2,100,1,0,1,0,0,0,0,0,3,0,3,3
ILOILO,loaf bread,BAROTAC NUEVO,small packs,3,142.5,1,0,0,1,0,0,0,0,3,0,3,3
ILOILO,loaf bread,BAROTAC NUEVO,tama-tama nga putos,1,69.75,1,1,0,0,0,0,0,0,3,0,3,3
ILOILO,loaf bread,BAROTAC NUEVO,tama-tama nga putos,2,97.5,1,0,1,0,0,0,0,0,3,0,3,3
ILOILO,loaf bread,BAROTAC NUEVO,tama-tama nga putos,3,120,1,0,0,1,0,0,0,0,3,0,3,3
ILOILO,mango,BAROTAC NUEVO,pieces or units,1,80,1,0,0,0,0,1,0,0,2,0,1,1
ILOILO,"prawns, lobster, shrimp",BAROTAC NUEVO,tumpok,1,67.5,2,0,0,0,0,1,1,0,3,0,2,1
ILOILO,"prawns, lobster, shrimp",BAROTAC NUEVO,tumpok,2,100,1,0,0,0,0,0,1,0,3,1,2,1
ILOILO,"preserved or processed meat (tocino, tapa, longaniza, etc)",BAROTAC NUEVO,putos,1,45,1,1,0,0,0,0,0,0,3,0,3,3
ILOILO,"preserved or processed meat (tocino, tapa, longaniza, etc)",BAROTAC NUEVO,putos,2,92.5,1,0,1,0,0,0,0,0,3,0,3,3
ILOILO,"preserved or processed meat (tocino, tapa, longaniza, etc)",BAROTAC NUEVO,putos,3,153.75,1,0,0,1,0,0,0,0,3,0,3,3
ILOILO,rice,BAROTAC NUEVO,letse,1,150,1,0,0,0,0,0,1,0,1,1,3,1
ILOILO,rice,BAROTAC NUEVO,letse,2,173,1,0,0,0,0,0,1,0,1,1,3,1
ILOILO,rice,BAROTAC NUEVO,letse,3,375,1,0,0,0,0,1,0,0,1,0,3,1
ILOILO,beef,BAROTAC VIEJO,half,1,200,1,0,0,0,0,1,0,0,3,0,1,1
ILOILO,cabbage,BAROTAC VIEJO,pack,1,20,1,0,0,0,0,1,0,0,3,0,1,1
ILOILO,cabbage,BAROTAC VIEJO,pieces or units,1,40,2,1,1,0,0,0,0,0,3,0,2,2
ILOILO,cabbage,BAROTAC VIEJO,pieces or units,2,75,1,0,0,1,0,0,0,0,3,0,2,2
ILOILO,camote,BAROTAC VIEJO,bilog,1,30,1,0,0,0,0,1,0,0,3,0,1,1
ILOILO,camote tops,BAROTAC VIEJO,bugkos,1,20,1,0,0,0,1,0,0,0,3,0,1,1
ILOILO,carrot,BAROTAC VIEJO,pieces or units,1,30,1,0,0,0,1,0,0,0,2,0,1,1
ILOILO,chicken,BAROTAC VIEJO,bilog,1,250,1,0,0,0,1,0,0,0,3,0,1,1
ILOILO,"crackers, cookies, buiscuits, chips/curls",BAROTAC VIEJO,pieces or units,1,27,1,0,0,0,1,0,0,0,3,0,2,2
ILOILO,"crackers, cookies, buiscuits, chips/curls",BAROTAC VIEJO,pieces or units,2,48,1,0,0,0,0,1,0,0,3,0,2,2
ILOILO,fresh fish,BAROTAC VIEJO,pieces or units,1,20,1,0,0,0,0,0,1,0,3,1,2,1
ILOILO,fresh fish,BAROTAC VIEJO,pieces or units,2,100,1,0,0,0,0,1,1,0,3,0,2,1
ILOILO,fresh fish,BAROTAC VIEJO,tumpok,1,300,1,0,0,0,0,1,0,0,3,0,1,1
ILOILO,"ice cream, sorbet, edible ice (eg., ice-lolli, halo-halo)",BAROTAC VIEJO,pieces or units,1,35,1,0,0,0,1,0,0,0,3,0,1,1
ILOILO,"ice cream, sorbet, edible ice (eg., ice-lolli, halo-halo)",BAROTAC VIEJO,putos,1,15,2,1,1,0,0,0,0,0,3,0,2,2
ILOILO,"ice cream, sorbet, edible ice (eg., ice-lolli, halo-halo)",BAROTAC VIEJO,putos,2,73.5,1,0,0,1,0,0,0,0,3,0,2,2
ILOILO,"ice cream, sorbet, edible ice (eg., ice-lolli, halo-halo)",BAROTAC VIEJO,small cup,1,20,1,0,0,0,1,0,0,0,3,0,1,1
ILOILO,"liquor (e.g, whisky, coconut wine)",BAROTAC VIEJO,lipid/lapad,1,80,1,1,0,0,0,0,0,0,3,0,3,3
ILOILO,"liquor (e.g, whisky, coconut wine)",BAROTAC VIEJO,lipid/lapad,2,150,1,0,1,0,0,0,0,0,3,0,3,3
ILOILO,"liquor (e.g, whisky, coconut wine)",BAROTAC VIEJO,lipid/lapad,3,240,1,0,0,1,0,0,0,0,3,0,3,3
ILOILO,"liquor (e.g, whisky, coconut wine)",BAROTAC VIEJO,long-neck,1,180,1,0,0,0,0,1,0,0,3,0,2,1
ILOILO,"liquor (e.g, whisky, coconut wine)",BAROTAC VIEJO,long-neck,2,350,1,0,0,0,0,0,1,0,3,1,2,1
ILOILO,loaf bread,BAROTAC VIEJO,large packs,1,85,1,0,0,0,1,0,0,0,3,0,1,1
ILOILO,loaf bread,BAROTAC VIEJO,medium packs,1,67.5,1,0,0,0,1,0,0,0,3,0,1,1
ILOILO,loaf bread,BAROTAC VIEJO,small packs,1,50,1,0,0,0,1,0,0,0,3,0,1,1
ILOILO,mango,BAROTAC VIEJO,pieces or units,1,30,1,0,0,0,0,0,1,0,3,1,2,1
ILOILO,mango,BAROTAC VIEJO,pieces or units,2,80,1,0,0,0,0,1,0,0,3,0,2,1
ILOILO,"prawns, lobster, shrimp",BAROTAC VIEJO,tumpok,1,50,1,1,0,0,0,0,0,0,2,0,2,2
ILOILO,"prawns, lobster, shrimp",BAROTAC VIEJO,tumpok,2,100,1,0,1,1,0,0,0,0,2,0,2,2
ILOILO,"preserved or processed meat (tocino, tapa, longaniza, etc)",BAROTAC VIEJO,bilog,1,50,1,0,0,0,0,1,0,0,3,0,1,1
ILOILO,"preserved or processed meat (tocino, tapa, longaniza, etc)",BAROTAC VIEJO,cans,1,105,1,0,0,0,0,1,0,0,3,0,1,1
ILOILO,cabbage,BATAD,pieces or units,1,75,1,0,0,0,1,0,0,0,3,0,1,1
ILOILO,camote,BATAD,bilog,1,30,1,0,0,0,0,1,0,0,3,0,1,1
ILOILO,camote tops,BATAD,bugkos,1,20,1,0,0,0,1,0,0,0,3,0,1,1
ILOILO,carrot,BATAD,pieces or units,1,25,2,1,1,0,0,0,0,0,3,0,2,2
ILOILO,carrot,BATAD,pieces or units,2,80,1,0,0,1,0,0,0,0,3,0,2,2
ILOILO,chicken,BATAD,whole (chicken),1,240,1,1,0,0,0,0,0,0,3,0,2,2
ILOILO,chicken,BATAD,whole (chicken),2,282.5,2,0,1,1,0,0,0,0,3,0,2,2
ILOILO,"crackers, cookies, buiscuits, chips/curls",BATAD,pack,1,120,1,0,0,0,0,1,0,0,3,0,1,1
ILOILO,"crackers, cookies, buiscuits, chips/curls",BATAD,pieces or units,1,40,1,0,0,0,1,0,0,0,3,0,1,1
ILOILO,fresh fish,BATAD,pieces or units,1,50,1,1,1,0,0,0,0,0,3,0,2,2
ILOILO,fresh fish,BATAD,pieces or units,2,187.5,1,0,0,1,0,0,0,0,3,0,2,2
ILOILO,"ice cream, sorbet, edible ice (eg., ice-lolli, halo-halo)",BATAD,pieces or units,1,20,1,0,0,0,1,0,0,0,3,0,1,1
ILOILO,"ice cream, sorbet, edible ice (eg., ice-lolli, halo-halo)",BATAD,small cup,1,50,1,0,0,0,1,0,0,0,3,0,1,1
ILOILO,"liquor (e.g, whisky, coconut wine)",BATAD,lipid/lapad,1,80,1,1,0,0,0,0,0,0,3,0,3,3
ILOILO,"liquor (e.g, whisky, coconut wine)",BATAD,lipid/lapad,2,150,1,0,1,0,0,0,0,0,3,0,3,3
ILOILO,"liquor (e.g, whisky, coconut wine)",BATAD,lipid/lapad,3,232.5,1,0,0,1,0,0,0,0,3,0,3,3
ILOILO,loaf bread,BATAD,large packs,1,52.5,1,1,0,0,0,0,0,0,3,0,3,3
ILOILO,loaf bread,BATAD,large packs,2,75,1,0,1,0,0,0,0,0,3,0,3,3
ILOILO,loaf bread,BATAD,large packs,3,101.25,1,0,0,1,0,0,0,0,3,0,3,3
ILOILO,loaf bread,BATAD,medium packs,1,45,1,0,0,0,0,0,1,0,3,1,2,1
ILOILO,loaf bread,BATAD,medium packs,2,68,1,0,0,0,0,1,0,0,3,0,2,1
ILOILO,loaf bread,BATAD,small packs,1,50,1,0,0,0,0,1,0,0,3,0,1,1
ILOILO,mango,BATAD,pieces or units,1,80,1,0,0,0,0,1,0,0,3,0,1,1
ILOILO,"prawns, lobster, shrimp",BATAD,tumpok,1,60,1,0,0,0,0,1,0,0,3,0,1,1
ILOILO,"preserved or processed meat (tocino, tapa, longaniza, etc)",BATAD,bilog,1,30,1,1,0,0,0,0,0,0,3,0,3,3
ILOILO,"preserved or processed meat (tocino, tapa, longaniza, etc)",BATAD,bilog,2,52.5,1,0,1,0,0,0,0,0,3,0,3,3
ILOILO,"preserved or processed meat (tocino, tapa, longaniza, etc)",BATAD,bilog,3,107.25,1,0,0,1,0,0,0,0,3,0,3,3
ILOILO,"preserved or processed meat (tocino, tapa, longaniza, etc)",BATAD,pack,1,90,1,0,0,0,0,1,0,0,3,0,2,1
ILOILO,"preserved or processed meat (tocino, tapa, longaniza, etc)",BATAD,pack,2,500,1,0,0,0,0,0,1,0,3,1,2,1
ILOILO,rice,BATAD,letse,1,530,1,1,0,0,0,0,0,0,1,0,3,3
ILOILO,rice,BATAD,letse,2,620,1,0,1,0,0,0,0,0,1,0,3,3
ILOILO,rice,BATAD,letse,3,980,1,0,0,1,0,0,0,0,1,0,3,3
ILOILO,cabbage,BINGAWAN,pieces or units,1,50,1,0,0,0,0,1,0,0,3,0,1,1
ILOILO,camote,BINGAWAN,bilog,1,30,1,0,0,0,0,1,0,0,3,0,1,1
ILOILO,camote tops,BINGAWAN,bugkos,1,20,1,0,0,0,1,0,0,0,3,0,1,1
ILOILO,carrot,BINGAWAN,pieces or units,1,35,1,0,0,0,1,0,0,0,3,0,1,1
ILOILO,chicken,BINGAWAN,whole (chicken),1,250,1,1,0,0,0,0,0,0,3,0,2,2
ILOILO,chicken,BINGAWAN,whole (chicken),2,300,1,0,1,1,0,0,0,0,3,0,2,2
ILOILO,"crackers, cookies, buiscuits, chips/curls",BINGAWAN,pieces or units,1,35,1,0,0,0,1,0,0,0,3,0,1,1
ILOILO,"crackers, cookies, buiscuits, chips/curls",BINGAWAN,putos,1,62.5,2,1,1,0,0,0,0,0,3,0,2,2
ILOILO,"crackers, cookies, buiscuits, chips/curls",BINGAWAN,putos,2,125,1,0,0,1,0,0,0,0,3,0,2,2
ILOILO,fresh fish,BINGAWAN,pieces or units,1,100,1,0,0,0,1,0,0,0,3,0,1,1
ILOILO,"ice cream, sorbet, edible ice (eg., ice-lolli, halo-halo)",BINGAWAN,pieces or units,1,42,1,0,0,0,0,1,0,0,3,0,1,1
ILOILO,"ice cream, sorbet, edible ice (eg., ice-lolli, halo-halo)",BINGAWAN,putos,1,48,1,0,0,0,0,1,0,0,3,0,1,1
ILOILO,"ice cream, sorbet, edible ice (eg., ice-lolli, halo-halo)",BINGAWAN,small cup,1,40,1,0,0,0,0,1,0,0,3,0,1,1
ILOILO,"liquor (e.g, whisky, coconut wine)",BINGAWAN,lipid/lapad,1,77.5,2,1,1,0,0,0,0,0,3,0,2,2
ILOILO,"liquor (e.g, whisky, coconut wine)",BINGAWAN,lipid/lapad,2,217.5,1,0,0,1,0,0,0,0,3,0,2,2
ILOILO,"liquor (e.g, whisky, coconut wine)",BINGAWAN,long-neck,1,150,1,0,0,0,0,0,1,0,3,1,2,1
ILOILO,"liquor (e.g, whisky, coconut wine)",BINGAWAN,long-neck,2,180,1,0,0,0,0,1,0,0,3,0,2,1
ILOILO,loaf bread,BINGAWAN,large packs,1,75,1,0,0,0,1,0,0,0,3,0,1,1
ILOILO,loaf bread,BINGAWAN,medium packs,1,68,1,0,0,0,0,1,0,0,3,0,1,1
ILOILO,loaf bread,BINGAWAN,small packs,1,50,1,0,0,0,0,1,0,0,3,0,1,1
ILOILO,"preserved or processed meat (tocino, tapa, longaniza, etc)",BINGAWAN,bilog,1,50,1,0,0,0,0,1,0,0,3,0,1,1
ILOILO,"preserved or processed meat (tocino, tapa, longaniza, etc)",BINGAWAN,putos,1,60,1,1,0,0,0,0,0,0,3,0,3,3
ILOILO,"preserved or processed meat (tocino, tapa, longaniza, etc)",BINGAWAN,putos,2,90,1,0,1,0,0,0,0,0,3,0,3,3
ILOILO,"preserved or processed meat (tocino, tapa, longaniza, etc)",BINGAWAN,putos,3,125,1,0,0,1,0,0,0,0,3,0,3,3
ILOILO,cabbage,CABATUAN,pieces or units,1,30,1,1,0,0,0,0,0,0,3,0,3,3
ILOILO,cabbage,CABATUAN,pieces or units,2,60,1,0,1,0,0,0,0,0,3,0,3,3
ILOILO,cabbage,CABATUAN,pieces or units,3,90,1,0,0,1,0,0,0,0,3,0,3,3
ILOILO,cabbage,CABATUAN,putos (mix vegetable),1,25,1,0,0,0,0,1,0,0,3,0,1,1
ILOILO,camote,CABATUAN,bilog,1,30,1,0,0,0,0,1,0,0,3,0,1,1
ILOILO,camote tops,CABATUAN,bugkos,1,20,1,0,0,0,1,0,0,0,3,0,1,1
ILOILO,camote tops,CABATUAN,bundle,1,20,1,0,0,0,0,1,0,0,3,0,1,1
ILOILO,carrot,CABATUAN,pieces or units,1,30,1,0,0,0,1,0,0,0,3,0,1,1
ILOILO,carrot,CABATUAN,putos (mix vegetable),1,50,1,0,0,0,0,1,0,0,3,0,1,1
ILOILO,chicken,CABATUAN,whole (chicken),1,200,1,1,0,0,0,0,0,0,3,0,3,3
ILOILO,chicken,CABATUAN,whole (chicken),2,250,1,0,1,0,0,0,0,0,3,0,3,3
ILOILO,chicken,CABATUAN,whole (chicken),3,300,1,0,0,1,0,0,0,0,3,0,3,3
ILOILO,"crackers, cookies, buiscuits, chips/curls",CABATUAN,pack,1,60,1,0,0,0,0,0,1,0,3,1,2,1
ILOILO,"crackers, cookies, buiscuits, chips/curls",CABATUAN,pack,2,120,1,0,0,0,0,1,0,0,3,0,2,1
ILOILO,"crackers, cookies, buiscuits, chips/curls",CABATUAN,pieces or units,1,35.125,2,1,1,0,0,0,0,0,3,0,2,2
ILOILO,"crackers, cookies, buiscuits, chips/curls",CABATUAN,pieces or units,2,100,1,0,0,1,0,0,0,0,3,0,2,2
ILOILO,"crackers, cookies, buiscuits, chips/curls",CABATUAN,putos,1,61.125,2,1,1,0,0,0,0,0,3,0,2,2
ILOILO,"crackers, cookies, buiscuits, chips/curls",CABATUAN,putos,2,120,1,0,0,1,0,0,0,0,3,0,2,2
ILOILO,fresh fish,CABATUAN,pieces or units,1,77.5,1,1,0,0,0,0,0,0,3,0,3,3
ILOILO,fresh fish,CABATUAN,pieces or units,2,140,1,0,1,0,0,0,0,0,3,0,3,3
ILOILO,fresh fish,CABATUAN,pieces or units,3,190,1,0,0,1,0,0,0,0,3,0,3,3
ILOILO,"ice cream, sorbet, edible ice (eg., ice-lolli, halo-halo)",CABATUAN,pieces or units,1,50,1,0,0,0,1,0,0,0,3,0,1,1
ILOILO,"ice cream, sorbet, edible ice (eg., ice-lolli, halo-halo)",CABATUAN,putos,1,40,1,0,0,0,1,0,0,0,3,0,1,1
ILOILO,"ice cream, sorbet, edible ice (eg., ice-lolli, halo-halo)",CABATUAN,small cup,1,25,1,0,0,0,1,0,0,0,3,0,1,1
ILOILO,"liquor (e.g, whisky, coconut wine)",CABATUAN,lipid/lapad,1,80,1,1,0,0,0,0,0,0,3,0,3,3
ILOILO,"liquor (e.g, whisky, coconut wine)",CABATUAN,lipid/lapad,2,148,1,0,1,0,0,0,0,0,3,0,3,3
ILOILO,"liquor (e.g, whisky, coconut wine)",CABATUAN,lipid/lapad,3,228.75,1,0,0,1,0,0,0,0,3,0,3,3
ILOILO,"liquor (e.g, whisky, coconut wine)",CABATUAN,long-neck,1,180,1,0,0,0,0,1,0,0,3,0,1,1
ILOILO,loaf bread,CABATUAN,large packs,1,82.5,2,1,0,0,1,0,0,0,3,0,2,2
ILOILO,loaf bread,CABATUAN,large packs,2,150,2,0,1,1,0,0,0,0,3,0,2,2
ILOILO,loaf bread,CABATUAN,medium packs,1,66,2,0,0,0,1,1,0,0,3,0,1,1
ILOILO,loaf bread,CABATUAN,small packs,1,41,2,1,1,0,1,0,0,0,3,0,2,2
ILOILO,loaf bread,CABATUAN,small packs,2,92,1,0,0,1,0,0,0,0,3,0,2,2
ILOILO,mango,CABATUAN,pieces or units,1,20,1,0,0,0,0,0,1,0,3,1,2,1
ILOILO,mango,CABATUAN,pieces or units,2,70,2,0,0,0,0,1,1,0,3,0,2,1
ILOILO,pork,CABATUAN,pieces or units,1,90,1,0,0,0,0,1,0,0,2,0,1,1
ILOILO,"preserved or processed meat (tocino, tapa, longaniza, etc)",CABATUAN,bilog,1,200,1,0,0,0,1,0,0,0,3,0,1,1
ILOILO,"preserved or processed meat (tocino, tapa, longaniza, etc)",CABATUAN,pack,1,90,1,0,0,0,0,1,0,0,3,0,1,1
ILOILO,cabbage,CALINOG,pieces or units,1,60,1,0,0,0,1,0,0,0,3,0,1,1
ILOILO,camote,CALINOG,bilog,1,30,1,0,0,0,0,1,0,0,3,0,1,1
ILOILO,camote tops,CALINOG,bugkos,1,20,1,0,0,0,1,0,0,0,3,0,1,1
ILOILO,camote tops,CALINOG,bundle,1,20,1,0,0,0,0,1,0,0,3,0,1,1
ILOILO,carrot,CALINOG,pieces or units,1,32.5,1,0,0,0,1,0,0,0,3,0,1,1
ILOILO,chicken,CALINOG,whole (chicken),1,250,1,1,0,0,0,0,0,0,3,0,3,3
ILOILO,chicken,CALINOG,whole (chicken),2,300,1,0,1,0,0,0,0,0,3,0,3,3
ILOILO,chicken,CALINOG,whole (chicken),3,500,1,0,0,1,0,0,0,0,3,0,3,3
ILOILO,fresh fish,CALINOG,pieces or units,1,50,1,1,0,0,0,0,0,0,3,0,3,3
ILOILO,fresh fish,CALINOG,pieces or units,2,100,1,0,1,0,0,0,0,0,3,0,3,3
ILOILO,fresh fish,CALINOG,pieces or units,3,200,1,0,0,1,0,0,0,0,3,0,3,3
ILOILO,"ice cream, sorbet, edible ice (eg., ice-lolli, halo-halo)",CALINOG,pack,1,25,1,0,0,0,0,1,0,0,3,0,1,1
ILOILO,"ice cream, sorbet, edible ice (eg., ice-lolli, halo-halo)",CALINOG,putos,1,35,1,0,0,0,1,0,0,0,3,0,1,1
ILOILO,"ice cream, sorbet, edible ice (eg., ice-lolli, halo-halo)",CALINOG,small cup,1,30,1,0,0,0,1,0,0,0,3,0,1,1
ILOILO,"liquor (e.g, whisky, coconut wine)",CALINOG,lipid/lapad,1,75,1,1,0,0,0,0,0,0,3,0,3,3
ILOILO,"liquor (e.g, whisky, coconut wine)",CALINOG,lipid/lapad,2,150,1,0,1,0,0,0,0,0,3,0,3,3
ILOILO,"liquor (e.g, whisky, coconut wine)",CALINOG,lipid/lapad,3,255,1,0,0,1,0,0,0,0,3,0,3,3
ILOILO,"liquor (e.g, whisky, coconut wine)",CALINOG,long-neck,1,150,1,0,0,0,0,0,1,0,3,1,3,1
ILOILO,"liquor (e.g, whisky, coconut wine)",CALINOG,long-neck,2,180,1,0,0,0,0,1,0,0,3,0,3,1
ILOILO,"liquor (e.g, whisky, coconut wine)",CALINOG,long-neck,3,840,1,0,0,0,0,0,1,0,3,1,3,1
ILOILO,loaf bread,CALINOG,large packs,1,81,1,0,0,0,1,0,0,0,3,0,1,1
ILOILO,loaf bread,CALINOG,medium packs,1,66.5,1,0,0,0,1,0,0,0,3,0,1,1
ILOILO,mango,CALINOG,pieces or units,1,48,1,0,0,0,1,0,0,0,3,0,1,1
ILOILO,"preserved or processed meat (tocino, tapa, longaniza, etc)",CALINOG,bilog,1,25,1,0,0,0,1,0,0,0,3,0,1,1
ILOILO,"preserved or processed meat (tocino, tapa, longaniza, etc)",CALINOG,pack,1,80,1,0,0,0,1,0,0,0,3,0,1,1
ILOILO,cabbage,CARLES,pieces or units,1,45.625,2,1,1,0,0,0,0,0,3,0,2,2
ILOILO,cabbage,CARLES,pieces or units,2,125,1,0,0,1,0,0,0,0,3,0,2,2
ILOILO,camote,CARLES,bilog,1,30,1,0,0,0,0,1,0,0,3,0,1,1
ILOILO,camote tops,CARLES,bugkos,1,20,1,0,0,0,1,0,0,0,3,0,1,1
ILOILO,camote tops,CARLES,bundle,1,30,1,0,0,0,1,0,0,0,3,0,1,1
ILOILO,carrot,CARLES,pieces or units,1,26.5,1,0,0,0,1,0,0,0,3,0,1,1
ILOILO,chicken,CARLES,whole (chicken),1,200,1,1,0,0,0,0,0,0,3,0,4,3
ILOILO,chicken,CARLES,whole (chicken),2,240,1,0,1,0,0,0,0,0,3,0,4,3
ILOILO,chicken,CARLES,whole (chicken),3,336.25,2,0,0,1,0,1,0,0,3,0,4,3
ILOILO,chicken,CARLES,whole (chicken),4,380,1,0,0,0,0,0,1,0,3,1,4,3
ILOILO,"crackers, cookies, buiscuits, chips/curls",CARLES,pack,1,55,1,0,0,0,0,0,1,0,3,1,2,1
ILOILO,"crackers, cookies, buiscuits, chips/curls",CARLES,pack,2,120,1,0,0,0,0,1,0,0,3,0,2,1
ILOILO,"crackers, cookies, buiscuits, chips/curls",CARLES,pieces or units,1,50,2,1,1,0,0,0,0,0,3,0,2,2
ILOILO,"crackers, cookies, buiscuits, chips/curls",CARLES,pieces or units,2,224,1,0,0,1,0,0,0,0,3,0,2,2
ILOILO,"crackers, cookies, buiscuits, chips/curls",CARLES,putos,1,65,1,1,0,0,0,0,0,0,3,0,3,3
ILOILO,"crackers, cookies, buiscuits, chips/curls",CARLES,putos,2,98,1,0,1,0,0,0,0,0,3,0,3,3
ILOILO,"crackers, cookies, buiscuits, chips/curls",CARLES,putos,3,143,1,0,0,1,0,0,0,0,3,0,3,3
ILOILO,fresh fish,CARLES,pack,1,150,1,0,0,0,0,1,0,0,3,0,1,1
ILOILO,fresh fish,CARLES,pieces or units,1,125,1,1,0,0,0,0,0,0,3,0,3,3
ILOILO,fresh fish,CARLES,pieces or units,2,210,1,0,1,0,0,0,0,0,3,0,3,3
ILOILO,fresh fish,CARLES,pieces or units,3,275,1,0,0,1,0,0,0,0,3,0,3,3
ILOILO,"ice cream, sorbet, edible ice (eg., ice-lolli, halo-halo)",CARLES,pieces or units,1,23.75,1,1,0,0,0,0,0,0,3,0,2,2
ILOILO,"ice cream, sorbet, edible ice (eg., ice-lolli, halo-halo)",CARLES,pieces or units,2,73,2,0,1,1,0,0,0,0,3,0,2,2
ILOILO,"ice cream, sorbet, edible ice (eg., ice-lolli, halo-halo)",CARLES,small cup,1,25,2,1,1,0,1,0,0,0,3,0,2,2
ILOILO,"ice cream, sorbet, edible ice (eg., ice-lolli, halo-halo)",CARLES,small cup,2,67.5,1,0,0,1,0,0,0,0,3,0,2,2
ILOILO,"liquor (e.g, whisky, coconut wine)",CARLES,lipid/lapad,1,130,1,1,0,0,0,0,0,0,3,0,3,3
ILOILO,"liquor (e.g, whisky, coconut wine)",CARLES,lipid/lapad,2,156,1,0,1,0,0,0,0,0,3,0,3,3
ILOILO,"liquor (e.g, whisky, coconut wine)",CARLES,lipid/lapad,3,225,1,0,0,1,0,0,0,0,3,0,3,3
ILOILO,"liquor (e.g, whisky, coconut wine)",CARLES,long-neck,1,180,1,0,0,0,0,1,0,0,3,0,2,1
ILOILO,"liquor (e.g, whisky, coconut wine)",CARLES,long-neck,2,260,1,0,0,0,0,0,1,0,3,1,2,1
ILOILO,loaf bread,CARLES,large packs,1,76.33333333333333,3,1,1,0,0,1,0,0,3,0,3,2
ILOILO,loaf bread,CARLES,large packs,2,120,1,0,0,0,0,0,1,0,3,1,3,2
ILOILO,loaf bread,CARLES,large packs,3,180,1,0,0,1,0,0,0,0,3,0,3,2
ILOILO,loaf bread,CARLES,medium packs,1,63.75,2,1,1,0,0,0,0,0,2,0,2,2
ILOILO,loaf bread,CARLES,medium packs,2,182.5,1,0,0,1,0,0,0,0,2,0,2,2
ILOILO,loaf bread,CARLES,small packs,1,35,1,0,0,0,1,0,0,0,3,0,1,1
ILOILO,"prawns, lobster, shrimp",CARLES,tumpok,1,52.5,2,1,1,0,0,0,0,0,3,0,2,2
ILOILO,"prawns, lobster, shrimp",CARLES,tumpok,2,100,1,0,0,1,0,0,0,0,3,0,2,2
ILOILO,"preserved or processed meat (tocino, tapa, longaniza, etc)",CARLES,bilog,1,50,1,0,0,0,0,1,0,0,3,0,1,1
ILOILO,cabbage,CONCEPCION,pieces or units,1,50,1,0,0,0,1,0,0,0,3,0,1,1
ILOILO,camote,CONCEPCION,bilog,1,30,1,0,0,0,0,1,0,0,3,0,1,1
ILOILO,camote tops,CONCEPCION,bugkos,1,20,1,0,0,0,1,0,0,0,3,0,1,1
ILOILO,carrot,CONCEPCION,pieces or units,1,36,1,0,0,0,1,0,0,0,3,0,1,1
ILOILO,chicken,CONCEPCION,bilog,1,235,1,1,0,0,0,0,0,0,3,0,3,3
ILOILO,chicken,CONCEPCION,bilog,2,420,1,0,1,0,0,0,0,0,3,0,3,3
ILOILO,chicken,CONCEPCION,bilog,3,712.5,1,0,0,1,0,0,0,0,3,0,3,3
ILOILO,"crackers, cookies, buiscuits, chips/curls",CONCEPCION,pieces or units,1,48,1,0,0,0,0,1,0,0,3,0,2,1
ILOILO,"crackers, cookies, buiscuits, chips/curls",CONCEPCION,pieces or units,2,80,1,0,0,0,0,0,1,0,3,1,2,1
ILOILO,"crackers, cookies, buiscuits, chips/curls",CONCEPCION,putos,1,47.5,1,1,0,0,0,0,0,0,3,0,3,3
ILOILO,"crackers, cookies, buiscuits, chips/curls",CONCEPCION,putos,2,83,1,0,1,0,0,0,0,0,3,0,3,3
ILOILO,"crackers, cookies, buiscuits, chips/curls",CONCEPCION,putos,3,103.5,1,0,0,1,0,0,0,0,3,0,3,3
ILOILO,fresh fish,CONCEPCION,pieces or units,1,100,1,1,0,0,0,0,0,0,3,0,3,3
ILOILO,fresh fish,CONCEPCION,pieces or units,2,200,1,0,1,0,0,0,0,0,3,0,3,3
ILOILO,fresh fish,CONCEPCION,pieces or units,3,350,1,0,0,1,0,0,0,0,3,0,3,3
ILOILO,fresh fish,CONCEPCION,tumpok,1,50,1,0,0,0,0,1,0,0,3,0,1,1
ILOILO,"ice cream, sorbet, edible ice (eg., ice-lolli, halo-halo)",CONCEPCION,pieces or units,1,40,2,0,0,0,1,1,0,0,3,0,2,1
ILOILO,"ice cream, sorbet, edible ice (eg., ice-lolli, halo-halo)",CONCEPCION,pieces or units,2,100,1,0,0,0,0,0,1,0,3,1,2,1
ILOILO,"ice cream, sorbet, edible ice (eg., ice-lolli, halo-halo)",CONCEPCION,putos,1,48,1,0,0,0,0,1,0,0,3,0,1,1
ILOILO,"ice cream, sorbet, edible ice (eg., ice-lolli, halo-halo)",CONCEPCION,small cup,1,40,1,0,0,0,1,0,0,0,3,0,1,1
ILOILO,"liquor (e.g, whisky, coconut wine)",CONCEPCION,lipid/lapad,1,80,1,1,0,0,0,0,0,0,3,0,3,3
ILOILO,"liquor (e.g, whisky, coconut wine)",CONCEPCION,lipid/lapad,2,160,1,0,1,0,0,0,0,0,3,0,3,3
ILOILO,"liquor (e.g, whisky, coconut wine)",CONCEPCION,lipid/lapad,3,240,1,0,0,1,0,0,0,0,3,0,3,3
ILOILO,loaf bread,CONCEPCION,large packs,1,100,1,1,0,0,0,0,0,0,3,0,2,2
ILOILO,loaf bread,CONCEPCION,large packs,2,165,2,0,1,1,0,0,0,0,3,0,2,2
ILOILO,loaf bread,CONCEPCION,medium packs,1,75,1,0,0,0,1,0,0,0,3,0,1,1
ILOILO,loaf bread,CONCEPCION,small packs,1,42.25,2,1,1,0,0,0,0,0,3,0,2,2
ILOILO,loaf bread,CONCEPCION,small packs,2,78,1,0,0,1,0,0,0,0,3,0,2,2
ILOILO,loaf bread,CONCEPCION,tama-tama nga putos,1,70,1,0,0,0,1,0,0,0,3,0,1,1
ILOILO,"prawns, lobster, shrimp",CONCEPCION,tumpok,1,60,1,0,0,0,0,1,0,0,3,0,1,1
ILOILO,"preserved or processed meat (tocino, tapa, longaniza, etc)",CONCEPCION,bilog,1,48,1,0,0,0,1,0,0,0,3,0,1,1
ILOILO,cabbage,DINGLE,pack,1,27.5,1,0,0,0,0,1,0,0,3,0,1,1
ILOILO,cabbage,DINGLE,pieces or units,1,50,1,0,0,0,1,0,0,0,3,0,1,1
ILOILO,camote,DINGLE,bilog,1,30,1,0,0,0,0,1,0,0,3,0,1,1
ILOILO,camote tops,DINGLE,bugkos,1,20,1,0,0,0,1,0,0,0,3,0,1,1
ILOILO,carrot,DINGLE,pieces or units,1,30,1,0,0,0,1,0,0,0,3,0,1,1
ILOILO,chicken,DINGLE,bilog,1,250,1,1,0,0,0,0,0,0,3,0,3,3
ILOILO,chicken,DINGLE,bilog,2,300,1,0,1,0,0,0,0,0,3,0,3,3
ILOILO,chicken,DINGLE,bilog,3,350,1,0,0,1,0,0,0,0,3,0,3,3
ILOILO,"crackers, cookies, buiscuits, chips/curls",DINGLE,pieces or units,1,40,2,1,1,0,0,0,0,0,3,0,2,2
ILOILO,"crackers, cookies, buiscuits, chips/curls",DINGLE,pieces or units,2,135,1,0,0,1,0,0,0,0,3,0,2,2
ILOILO,"crackers, cookies, buiscuits, chips/curls",DINGLE,putos,1,54,2,1,1,0,0,0,0,0,3,0,2,2
ILOILO,"crackers, cookies, buiscuits, chips/curls",DINGLE,putos,2,100,1,0,0,1,0,0,0,0,3,0,2,2
ILOILO,fresh fish,DINGLE,pieces or units,1,105,2,1,1,0,0,0,0,0,3,0,2,2
ILOILO,fresh fish,DINGLE,pieces or units,2,150,1,0,0,1,0,0,0,0,3,0,2,2
ILOILO,"ice cream, sorbet, edible ice (eg., ice-lolli, halo-halo)",DINGLE,cone,1,5,1,0,0,0,0,1,0,0,3,0,1,1
ILOILO,"ice cream, sorbet, edible ice (eg., ice-lolli, halo-halo)",DINGLE,putos,1,32.5,2,1,1,0,0,0,0,0,3,0,2,2
ILOILO,"ice cream, sorbet, edible ice (eg., ice-lolli, halo-halo)",DINGLE,putos,2,100,1,0,0,1,0,0,0,0,3,0,2,2
ILOILO,"ice cream, sorbet, edible ice (eg., ice-lolli, halo-halo)",DINGLE,small cup,1,35,1,0,0,0,1,0,0,0,3,0,1,1
ILOILO,"liquor (e.g, whisky, coconut wine)",DINGLE,lipid/lapad,1,80,1,1,0,0,0,0,0,0,3,0,3,3
ILOILO,"liquor (e.g, whisky, coconut wine)",DINGLE,lipid/lapad,2,150,1,0,1,0,0,0,0,0,3,0,3,3
ILOILO,"liquor (e.g, whisky, coconut wine)",DINGLE,lipid/lapad,3,180,1,0,0,1,0,0,0,0,3,0,3,3
ILOILO,"liquor (e.g, whisky, coconut wine)",DINGLE,long-neck,1,152.5,1,1,0,0,0,0,0,0,3,0,3,3
ILOILO,"liquor (e.g, whisky, coconut wine)",DINGLE,long-neck,2,230,1,0,1,0,0,0,0,0,3,0,3,3
ILOILO,"liquor (e.g, whisky, coconut wine)",DINGLE,long-neck,3,311,1,0,0,1,0,0,0,0,3,0,3,3
ILOILO,loaf bread,DINGLE,large packs,1,90,1,0,0,0,0,1,0,0,3,0,1,1
ILOILO,loaf bread,DINGLE,medium packs,1,65,2,1,1,0,0,0,0,0,3,0,2,2
ILOILO,loaf bread,DINGLE,medium packs,2,120,1,0,0,1,0,0,0,0,3,0,2,2
ILOILO,loaf bread,DINGLE,small packs,1,55,1,0,0,0,1,0,0,0,3,0,1,1
ILOILO,"preserved or processed meat (tocino, tapa, longaniza, etc)",DINGLE,bilog,1,34.5,1,0,0,0,1,0,0,0,3,0,1,1
ILOILO,"preserved or processed meat (tocino, tapa, longaniza, etc)",DINGLE,pack,1,90,1,0,0,0,0,1,0,0,3,0,1,1
ILOILO,cabbage,DUEAS,pieces or units,1,55,1,0,0,0,1,0,0,0,3,0,1,1
ILOILO,camote,DUEAS,bilog,1,15,1,0,0,0,1,0,0,0,3,0,1,1
ILOILO,camote tops,DUEAS,bugkos,1,20,1,0,0,0,1,0,0,0,3,0,1,1
ILOILO,carrot,DUEAS,pieces or units,1,40,1,0,0,0,1,0,0,0,3,0,1,1
ILOILO,chicken,DUEAS,whole (chicken),1,220,1,1,0,0,0,0,0,0,3,0,3,3
ILOILO,chicken,DUEAS,whole (chicken),2,250,1,0,1,0,0,0,0,0,3,0,3,3
ILOILO,chicken,DUEAS,whole (chicken),3,375,1,0,0,1,0,0,0,0,3,0,3,3
ILOILO,"crackers, cookies, buiscuits, chips/curls",DUEAS,balde,1,369,1,0,0,0,0,1,0,0,3,0,1,1
ILOILO,"crackers, cookies, buiscuits, chips/curls",DUEAS,putos,1,65,1,1,0,0,0,0,0,0,3,0,3,3
ILOILO,"crackers, cookies, buiscuits, chips/curls",DUEAS,putos,2,120,1,0,1,0,0,0,0,0,3,0,3,3
ILOILO,"crackers, cookies, buiscuits, chips/curls",DUEAS,putos,3,159,1,0,0,1,0,0,0,0,3,0,3,3
ILOILO,fresh fish,DUEAS,pieces or units,1,125,1,1,0,0,0,0,0,0,3,0,3,3
ILOILO,fresh fish,DUEAS,pieces or units,2,180,1,0,1,0,0,0,0,0,3,0,3,3
ILOILO,fresh fish,DUEAS,pieces or units,3,210,1,0,0,1,0,0,0,0,3,0,3,3
ILOILO,"ice cream, sorbet, edible ice (eg., ice-lolli, halo-halo)",DUEAS,pieces or units,1,35,2,1,1,0,0,0,0,0,3,0,2,2
ILOILO,"ice cream, sorbet, edible ice (eg., ice-lolli, halo-halo)",DUEAS,pieces or units,2,100,1,0,0,1,0,0,0,0,3,0,2,2
ILOILO,"ice cream, sorbet, edible ice (eg., ice-lolli, halo-halo)",DUEAS,putos,1,32.5,1,0,0,0,1,0,0,0,3,0,1,1
ILOILO,"ice cream, sorbet, edible ice (eg., ice-lolli, halo-halo)",DUEAS,small cup,1,90,1,0,0,0,1,0,0,0,3,0,1,1
ILOILO,"liquor (e.g, whisky, coconut wine)",DUEAS,lipid/lapad,1,75,1,1,0,0,0,0,0,0,3,0,3,3
ILOILO,"liquor (e.g, whisky, coconut wine)",DUEAS,lipid/lapad,2,120,1,0,1,0,0,0,0,0,3,0,3,3
ILOILO,"liquor (e.g, whisky, coconut wine)",DUEAS,lipid/lapad,3,240,1,0,0,1,0,0,0,0,3,0,3,3
ILOILO,"liquor (e.g, whisky, coconut wine)",DUEAS,long-neck,1,180,1,0,0,0,0,1,0,0,3,0,2,1
ILOILO,"liquor (e.g, whisky, coconut wine)",DUEAS,long-neck,2,980,1,0,0,0,0,0,1,0,3,1,2,1
ILOILO,loaf bread,DUEAS,large packs,1,80.875,4,1,1,0,0,0,0,0,3,0,3,3
ILOILO,loaf bread,DUEAS,large packs,2,140,1,0,0,1,0,0,0,0,3,0,3,3
ILOILO,loaf bread,DUEAS,large packs,3,164.5,1,0,0,1,0,0,0,0,3,0,3,3
ILOILO,loaf bread,DUEAS,medium packs,1,70,1,0,0,0,1,0,0,0,3,0,1,1
ILOILO,loaf bread,DUEAS,small packs,1,57.25,2,0,0,0,1,0,0,0,3,0,1,1
ILOILO,loaf bread,DUEAS,tama-tama nga putos,1,65,1,0,0,0,1,0,0,0,3,0,1,1
ILOILO,mango,DUEAS,pieces or units,1,37.5,1,1,0,0,0,0,0,0,3,0,3,3
ILOILO,mango,DUEAS,pieces or units,2,80,1,0,1,0,0,0,0,0,3,0,3,3
ILOILO,mango,DUEAS,pieces or units,3,112.5,1,0,0,1,0,0,0,0,3,0,3,3
ILOILO,"prawns, lobster, shrimp",DUEAS,tumpok,1,60,1,0,0,0,0,1,0,0,3,0,3,1
ILOILO,"prawns, lobster, shrimp",DUEAS,tumpok,2,100,1,0,0,0,0,0,1,0,3,1,3,1
ILOILO,"prawns, lobster, shrimp",DUEAS,tumpok,3,200,1,0,0,0,0,0,1,0,3,1,3,1
ILOILO,"preserved or processed meat (tocino, tapa, longaniza, etc)",DUEAS,bilog,1,45,1,0,0,0,1,0,0,0,3,0,1,1
ILOILO,"preserved or processed meat (tocino, tapa, longaniza, etc)",DUEAS,putos,1,50,1,1,0,0,0,0,0,0,3,0,3,3
ILOILO,"preserved or processed meat (tocino, tapa, longaniza, etc)",DUEAS,putos,2,80,1,0,1,0,0,0,0,0,3,0,3,3
ILOILO,"preserved or processed meat (tocino, tapa, longaniza, etc)",DUEAS,putos,3,130,1,0,0,1,0,0,0,0,3,0,3,3
ILOILO,rice,DUEAS,gantang,1,325,1,0,0,0,0,1,0,0,1,0,2,1
ILOILO,rice,DUEAS,gantang,2,520,1,0,0,0,0,0,1,0,1,1,2,1
ILOILO,cabbage,DUMANGAS,pieces or units,1,35,2,1,1,0,0,0,0,0,3,0,2,2
ILOILO,cabbage,DUMANGAS,pieces or units,2,72.5,1,0,0,1,0,0,0,0,3,0,2,2
ILOILO,camote tops,DUMANGAS,bugkos,1,20,1,0,0,0,1,0,0,0,3,0,1,1
ILOILO,carrot,DUMANGAS,pieces or units,1,30,1,0,0,0,1,0,0,0,3,0,1,1
ILOILO,"ice cream, sorbet, edible ice (eg., ice-lolli, halo-halo)",DUMANGAS,cone,1,32.5,1,0,0,0,0,1,0,0,3,0,2,1
ILOILO,"ice cream, sorbet, edible ice (eg., ice-lolli, halo-halo)",DUMANGAS,cone,2,60,1,0,0,0,0,0,1,0,3,1,2,1
ILOILO,"ice cream, sorbet, edible ice (eg., ice-lolli, halo-halo)",DUMANGAS,pieces or units,1,30.75,2,1,0,0,0,1,0,0,3,0,3,3
ILOILO,"ice cream, sorbet, edible ice (eg., ice-lolli, halo-halo)",DUMANGAS,pieces or units,2,62.5,1,0,1,0,0,0,0,0,3,0,3,3
ILOILO,"ice cream, sorbet, edible ice (eg., ice-lolli, halo-halo)",DUMANGAS,pieces or units,3,100,1,0,0,1,0,0,0,0,3,0,3,3
ILOILO,"ice cream, sorbet, edible ice (eg., ice-lolli, halo-halo)",DUMANGAS,small cup,1,25,1,0,0,0,1,0,0,0,3,0,1,1
ILOILO,"liquor (e.g, whisky, coconut wine)",DUMANGAS,lipid/lapad,1,77.5,2,1,1,0,0,0,0,0,3,0,2,2
ILOILO,"liquor (e.g, whisky, coconut wine)",DUMANGAS,lipid/lapad,2,160,1,0,0,1,0,0,0,0,3,0,2,2
ILOILO,"liquor (e.g, whisky, coconut wine)",DUMANGAS,long-neck,1,150,1,0,0,0,0,0,1,0,3,1,2,1
ILOILO,"liquor (e.g, whisky, coconut wine)",DUMANGAS,long-neck,2,180,1,0,0,0,0,1,0,0,3,0,2,1
ILOILO,loaf bread,DUMANGAS,large packs,1,70,2,1,1,0,0,0,0,0,3,0,2,2
ILOILO,loaf bread,DUMANGAS,large packs,2,115,1,0,0,1,0,0,0,0,3,0,2,2
ILOILO,loaf bread,DUMANGAS,medium packs,1,66.5,1,0,0,0,1,0,0,0,3,0,1,1
ILOILO,loaf bread,DUMANGAS,small packs,1,45,1,1,0,0,0,0,0,0,3,0,2,2
ILOILO,loaf bread,DUMANGAS,small packs,2,92.5,2,0,1,1,0,0,0,0,3,0,2,2
ILOILO,mango,DUMANGAS,pieces or units,1,50,1,1,0,0,0,0,0,0,3,0,2,2
ILOILO,mango,DUMANGAS,pieces or units,2,95,2,0,1,1,0,0,0,0,3,0,2,2
ILOILO,"preserved or processed meat (tocino, tapa, longaniza, etc)",DUMANGAS,bilog,1,50,1,0,0,0,0,1,0,0,3,0,1,1
ILOILO,"preserved or processed meat (tocino, tapa, longaniza, etc)",DUMANGAS,pack,1,225,1,0,0,0,0,0,1,0,3,1,2,1
ILOILO,"preserved or processed meat (tocino, tapa, longaniza, etc)",DUMANGAS,pack,2,362.5,1,0,0,0,0,1,0,0,3,0,2,1
ILOILO,"preserved or processed meat (tocino, tapa, longaniza, etc)",DUMANGAS,putos,1,56.25,2,1,1,0,0,0,0,0,3,0,2,2
ILOILO,"preserved or processed meat (tocino, tapa, longaniza, etc)",DUMANGAS,putos,2,130,1,0,0,1,0,0,0,0,3,0,2,2
ILOILO,cabbage,ESTANCIA,pack,1,50,1,0,0,0,0,1,0,0,3,0,1,1
ILOILO,cabbage,ESTANCIA,pieces or units,1,45,1,0,0,0,1,0,0,0,3,0,1,1
ILOILO,camote tops,ESTANCIA,bugkos,1,20,1,0,0,0,1,0,0,0,3,0,1,1
ILOILO,carrot,ESTANCIA,pieces or units,1,27.5,1,0,0,0,1,0,0,0,3,0,1,1
ILOILO,chicken,ESTANCIA,whole (chicken),1,220,1,1,0,0,0,0,0,0,3,0,3,3
ILOILO,chicken,ESTANCIA,whole (chicken),2,290,1,0,1,0,0,0,0,0,3,0,3,3
ILOILO,chicken,ESTANCIA,whole (chicken),3,615,1,0,0,1,0,0,0,0,3,0,3,3
ILOILO,fresh fish,ESTANCIA,pieces or units,1,60,2,0,0,0,0,0,1,0,3,1,2,1
ILOILO,fresh fish,ESTANCIA,pieces or units,2,100,1,0,0,0,0,1,0,0,3,0,2,1
ILOILO,"ice cream, sorbet, edible ice (eg., ice-lolli, halo-halo)",ESTANCIA,cone,1,40,1,0,0,0,0,1,0,0,3,0,1,1
ILOILO,"ice cream, sorbet, edible ice (eg., ice-lolli, halo-halo)",ESTANCIA,pieces or units,1,60,1,0,0,0,1,0,0,0,3,0,1,1
ILOILO,"ice cream, sorbet, edible ice (eg., ice-lolli, halo-halo)",ESTANCIA,small cup,1,20,1,1,0,0,0,0,0,0,3,0,2,2
ILOILO,"ice cream, sorbet, edible ice (eg., ice-lolli, halo-halo)",ESTANCIA,small cup,2,56,2,0,1,1,0,0,0,0,3,0,2,2
ILOILO,"liquor (e.g, whisky, coconut wine)",ESTANCIA,lipid/lapad,1,85,1,1,0,0,0,0,0,0,3,0,3,3
ILOILO,"liquor (e.g, whisky, coconut wine)",ESTANCIA,lipid/lapad,2,160,1,0,1,0,0,0,0,0,3,0,3,3
ILOILO,"liquor (e.g, whisky, coconut wine)",ESTANCIA,lipid/lapad,3,240,1,0,0,1,0,0,0,0,3,0,3,3
ILOILO,loaf bread,ESTANCIA,large packs,1,85,1,0,0,0,0,1,0,0,3,0,1,1
ILOILO,loaf bread,ESTANCIA,medium packs,1,65,1,0,0,0,1,0,0,0,3,0,1,1
ILOILO,loaf bread,ESTANCIA,small packs,1,50,1,0,0,0,0,1,0,0,3,0,1,1
ILOILO,mango,ESTANCIA,pieces or units,1,80,1,0,0,0,0,1,0,0,3,0,2,1
ILOILO,mango,ESTANCIA,pieces or units,2,120,1,0,0,0,0,0,1,0,3,1,2,1
ILOILO,"prawns, lobster, shrimp",ESTANCIA,tumpok,1,60,1,0,0,0,0,1,0,0,3,0,1,1
ILOILO,"preserved or processed meat (tocino, tapa, longaniza, etc)",ESTANCIA,bilog,1,50,1,0,0,0,0,1,0,0,3,0,1,1
ILOILO,"preserved or processed meat (tocino, tapa, longaniza, etc)",ESTANCIA,putos,1,50,1,1,0,0,0,0,0,0,3,0,3,3
ILOILO,"preserved or processed meat (tocino, tapa, longaniza, etc)",ESTANCIA,putos,2,84,1,0,1,0,0,0,0,0,3,0,3,3
ILOILO,"preserved or processed meat (tocino, tapa, longaniza, etc)",ESTANCIA,putos,3,122.5,1,0,0,1,0,0,0,0,3,0,3,3
ILOILO,cabbage,GUIMBAL,pieces or units,1,50,1,0,0,0,0,1,0,0,3,0,1,1
ILOILO,camote tops,GUIMBAL,bugkos,1,20,1,0,0,0,1,0,0,0,3,0,1,1
ILOILO,carrot,GUIMBAL,pieces or units,1,35,1,0,0,0,1,0,0,0,3,0,1,1
ILOILO,chicken,GUIMBAL,bilog,1,200,1,1,0,0,0,0,0,0,3,0,3,3
ILOILO,chicken,GUIMBAL,bilog,2,225,1,0,1,0,0,0,0,0,3,0,3,3
ILOILO,chicken,GUIMBAL,bilog,3,372.5,1,0,0,1,0,0,0,0,3,0,3,3
ILOILO,chicken,GUIMBAL,whole (chicken),1,275,1,1,0,0,0,0,0,0,3,0,3,3
ILOILO,chicken,GUIMBAL,whole (chicken),2,300,1,0,1,0,0,0,0,0,3,0,3,3
ILOILO,chicken,GUIMBAL,whole (chicken),3,350,1,0,0,1,0,0,0,0,3,0,3,3
ILOILO,fresh fish,GUIMBAL,pieces or units,1,100,1,0,0,0,0,1,0,0,3,0,2,1
ILOILO,fresh fish,GUIMBAL,pieces or units,2,170,1,0,0,0,0,0,1,0,3,1,2,1
ILOILO,"ice cream, sorbet, edible ice (eg., ice-lolli, halo-halo)",GUIMBAL,pieces or units,1,46,2,0,0,0,0,1,1,0,3,0,2,1
ILOILO,"ice cream, sorbet, edible ice (eg., ice-lolli, halo-halo)",GUIMBAL,pieces or units,2,112,1,0,0,0,0,0,1,0,3,1,2,1
ILOILO,"ice cream, sorbet, edible ice (eg., ice-lolli, halo-halo)",GUIMBAL,small cup,1,45,2,1,1,0,0,0,0,0,3,0,2,2
ILOILO,"ice cream, sorbet, edible ice (eg., ice-lolli, halo-halo)",GUIMBAL,small cup,2,112.5,1,0,0,1,0,0,0,0,3,0,2,2
ILOILO,loaf bread,GUIMBAL,large packs,1,88.75,2,0,0,0,0,1,0,0,3,0,1,1
ILOILO,loaf bread,GUIMBAL,medium packs,1,67.25,2,0,0,0,1,1,0,0,3,0,1,1
ILOILO,loaf bread,GUIMBAL,small packs,1,65,1,0,0,0,1,0,0,0,3,0,1,1
ILOILO,"preserved or processed meat (tocino, tapa, longaniza, etc)",GUIMBAL,putos,1,67.5,1,1,0,0,0,0,0,0,3,0,3,3
ILOILO,"preserved or processed meat (tocino, tapa, longaniza, etc)",GUIMBAL,putos,2,130,1,0,1,0,0,0,0,0,3,0,3,3
ILOILO,"preserved or processed meat (tocino, tapa, longaniza, etc)",GUIMBAL,putos,3,167.5,1,0,0,1,0,0,0,0,3,0,3,3
ILOILO,rice,GUIMBAL,salmon,1,390,1,0,0,0,0,1,0,0,1,0,2,1
ILOILO,rice,GUIMBAL,salmon,2,540,1,0,0,0,0,0,1,0,1,1,2,1
ILOILO,beef,IGBARAS,intestine,1,150,1,0,0,0,0,1,0,0,2,0,1,1
ILOILO,cabbage,IGBARAS,pieces or units,1,45,1,0,0,0,1,0,0,0,3,0,1,1
ILOILO,camote,IGBARAS,bilog,1,25,1,0,0,0,1,0,0,0,3,0,1,1
ILOILO,camote tops,IGBARAS,bugkos,1,20,1,0,0,0,1,0,0,0,3,0,1,1
ILOILO,carrot,IGBARAS,pieces or units,1,30,1,0,0,0,1,0,0,0,3,0,1,1
ILOILO,carrot,IGBARAS,putos (mix vegetable),1,30,1,0,0,0,0,1,0,0,3,0,1,1
ILOILO,chicken,IGBARAS,bilog,1,250,1,1,1,0,0,0,0,0,3,0,2,2
ILOILO,chicken,IGBARAS,bilog,2,345,1,0,0,1,0,0,0,0,3,0,2,2
ILOILO,"crackers, cookies, buiscuits, chips/curls",IGBARAS,pieces or units,1,59,2,1,1,0,0,0,0,0,3,0,2,2
ILOILO,"crackers, cookies, buiscuits, chips/curls",IGBARAS,pieces or units,2,112.5,1,0,0,1,0,0,0,0,3,0,2,2
ILOILO,"crackers, cookies, buiscuits, chips/curls",IGBARAS,putos,1,65,1,1,0,0,0,0,0,0,3,0,3,3
ILOILO,"crackers, cookies, buiscuits, chips/curls",IGBARAS,putos,2,130,1,0,1,0,0,0,0,0,3,0,3,3
ILOILO,"crackers, cookies, buiscuits, chips/curls",IGBARAS,putos,3,168.75,1,0,0,1,0,0,0,0,3,0,3,3
ILOILO,fresh fish,IGBARAS,pieces or units,1,62.5,1,1,0,0,0,0,0,0,3,0,3,3
ILOILO,fresh fish,IGBARAS,pieces or units,2,110,1,0,1,0,0,0,0,0,3,0,3,3
ILOILO,fresh fish,IGBARAS,pieces or units,3,210,1,0,0,1,0,0,0,0,3,0,3,3
ILOILO,"ice cream, sorbet, edible ice (eg., ice-lolli, halo-halo)",IGBARAS,pieces or units,1,25.5,1,1,0,0,0,0,0,0,3,0,3,3
ILOILO,"ice cream, sorbet, edible ice (eg., ice-lolli, halo-halo)",IGBARAS,pieces or units,2,60,1,0,1,0,0,0,0,0,3,0,3,3
ILOILO,"ice cream, sorbet, edible ice (eg., ice-lolli, halo-halo)",IGBARAS,pieces or units,3,82,1,0,0,1,0,0,0,0,3,0,3,3
ILOILO,"ice cream, sorbet, edible ice (eg., ice-lolli, halo-halo)",IGBARAS,putos,1,180,1,1,0,0,0,0,0,0,3,0,3,3
ILOILO,"ice cream, sorbet, edible ice (eg., ice-lolli, halo-halo)",IGBARAS,putos,2,300,1,0,1,0,0,0,0,0,3,0,3,3
ILOILO,"ice cream, sorbet, edible ice (eg., ice-lolli, halo-halo)",IGBARAS,putos,3,325,1,0,0,1,0,0,0,0,3,0,3,3
ILOILO,"ice cream, sorbet, edible ice (eg., ice-lolli, halo-halo)",IGBARAS,small cup,1,46.875,2,1,1,0,0,0,0,0,3,0,2,2
ILOILO,"ice cream, sorbet, edible ice (eg., ice-lolli, halo-halo)",IGBARAS,small cup,2,105,1,0,0,1,0,0,0,0,3,0,2,2
ILOILO,"liquor (e.g, whisky, coconut wine)",IGBARAS,junior lapad,1,350,1,0,0,0,0,1,0,0,3,0,1,1
ILOILO,"liquor (e.g, whisky, coconut wine)",IGBARAS,lipid/lapad,1,75,1,1,0,0,0,0,0,0,3,0,3,3
ILOILO,"liquor (e.g, whisky, coconut wine)",IGBARAS,lipid/lapad,2,120,1,0,1,0,0,0,0,0,3,0,3,3
ILOILO,"liquor (e.g, whisky, coconut wine)",IGBARAS,lipid/lapad,3,195,1,0,0,1,0,0,0,0,3,0,3,3
ILOILO,"liquor (e.g, whisky, coconut wine)",IGBARAS,long-neck,1,155,1,1,0,0,0,0,0,0,3,0,3,3
ILOILO,"liquor (e.g, whisky, coconut wine)",IGBARAS,long-neck,2,240,1,0,1,0,0,0,0,0,3,0,3,3
ILOILO,"liquor (e.g, whisky, coconut wine)",IGBARAS,long-neck,3,270,1,0,0,1,0,0,0,0,3,0,3,3
ILOILO,loaf bread,IGBARAS,large packs,1,80,1,0,0,0,1,0,0,0,3,0,1,1
ILOILO,loaf bread,IGBARAS,medium packs,1,65,2,1,1,0,0,0,0,0,3,0,2,2
ILOILO,loaf bread,IGBARAS,medium packs,2,115,1,0,0,1,0,0,0,0,3,0,2,2
ILOILO,loaf bread,IGBARAS,small packs,1,60,1,0,0,0,1,0,0,0,3,0,1,1
ILOILO,mango,IGBARAS,pieces or units,1,75,1,1,0,0,0,0,0,0,3,0,3,3
ILOILO,mango,IGBARAS,pieces or units,2,120,1,0,1,0,0,0,0,0,3,0,3,3
ILOILO,mango,IGBARAS,pieces or units,3,142.5,1,0,0,1,0,0,0,0,3,0,3,3
ILOILO,"prawns, lobster, shrimp",IGBARAS,tumpok,1,60,1,0,0,0,0,1,0,0,3,0,1,1
ILOILO,"preserved or processed meat (tocino, tapa, longaniza, etc)",IGBARAS,cans,1,29.5,1,1,0,0,0,0,0,0,3,0,3,3
ILOILO,"preserved or processed meat (tocino, tapa, longaniza, etc)",IGBARAS,cans,2,78.5,1,0,1,0,0,0,0,0,3,0,3,3
ILOILO,"preserved or processed meat (tocino, tapa, longaniza, etc)",IGBARAS,cans,3,164.25,1,0,0,1,0,0,0,0,3,0,3,3
ILOILO,"preserved or processed meat (tocino, tapa, longaniza, etc)",IGBARAS,putos,1,60,1,1,0,0,0,0,0,0,3,0,3,3
ILOILO,"preserved or processed meat (tocino, tapa, longaniza, etc)",IGBARAS,putos,2,100,1,0,1,0,0,0,0,0,3,0,3,3
ILOILO,"preserved or processed meat (tocino, tapa, longaniza, etc)",IGBARAS,putos,3,150,1,0,0,1,0,0,0,0,3,0,3,3
ILOILO,cabbage,JANIUAY,pieces or units,1,60,1,0,0,0,1,0,0,0,3,0,1,1
ILOILO,camote,JANIUAY,bilog,1,30,1,0,0,0,0,1,0,0,3,0,1,1
ILOILO,camote tops,JANIUAY,bugkos,1,30,1,0,0,0,1,0,0,0,3,0,1,1
ILOILO,carrot,JANIUAY,pieces or units,1,37.5,2,1,1,0,0,0,0,0,3,0,2,2
ILOILO,carrot,JANIUAY,pieces or units,2,75,1,0,0,1,0,0,0,0,3,0,2,2
ILOILO,chicken,JANIUAY,patupa,1,200,1,0,0,0,0,1,0,0,2,0,1,1
ILOILO,chicken,JANIUAY,whole (chicken),1,196.25,1,1,0,0,0,0,0,0,3,0,2,2
ILOILO,chicken,JANIUAY,whole (chicken),2,281.6666666666667,3,0,1,1,0,1,0,0,3,0,2,2
ILOILO,"crackers, cookies, buiscuits, chips/curls",JANIUAY,putos,1,66.625,2,1,1,0,0,0,0,0,3,0,2,2
ILOILO,"crackers, cookies, buiscuits, chips/curls",JANIUAY,putos,2,158,1,0,0,1,0,0,0,0,3,0,2,2
ILOILO,"drinks at restaurant, hotel, cafe, or kiosk",JANIUAY,pieces,1,50,1,0,0,1,0,0,0,0,3,0,1,1
ILOILO,fresh fish,JANIUAY,pieces or units,1,127.5,2,1,1,0,0,0,0,0,3,0,2,2
ILOILO,fresh fish,JANIUAY,pieces or units,2,200,1,0,0,1,0,0,0,0,3,0,2,2
ILOILO,"ice cream, sorbet, edible ice (eg., ice-lolli, halo-halo)",JANIUAY,putos,1,48,1,0,0,0,0,1,0,0,3,0,1,1
ILOILO,"ice cream, sorbet, edible ice (eg., ice-lolli, halo-halo)",JANIUAY,small cup,1,40,1,0,0,0,1,0,0,0,3,0,1,1
ILOILO,"liquor (e.g, whisky, coconut wine)",JANIUAY,lipid/lapad,1,80,1,1,0,0,0,0,0,0,3,0,3,3
ILOILO,"liquor (e.g, whisky, coconut wine)",JANIUAY,lipid/lapad,2,150,1,0,1,0,0,0,0,0,3,0,3,3
ILOILO,"liquor (e.g, whisky, coconut wine)",JANIUAY,lipid/lapad,3,225,1,0,0,1,0,0,0,0,3,0,3,3
ILOILO,"liquor (e.g, whisky, coconut wine)",JANIUAY,long-neck,1,150,1,0,0,0,0,0,1,0,3,1,2,1
ILOILO,"liquor (e.g, whisky, coconut wine)",JANIUAY,long-neck,2,180,1,0,0,0,0,1,0,0,3,0,2,1
ILOILO,loaf bread,JANIUAY,large packs,1,80.5,2,1,1,0,0,0,0,0,3,0,2,2
ILOILO,loaf bread,JANIUAY,large packs,2,150,1,0,0,1,0,0,0,0,3,0,2,2
ILOILO,loaf bread,JANIUAY,medium packs,1,67.5,1,0,0,0,1,0,0,0,3,0,1,1
ILOILO,loaf bread,JANIUAY,small packs,1,50,1,0,0,0,0,1,0,0,3,0,1,1
ILOILO,mango,JANIUAY,pieces or units,1,80,1,0,0,0,0,1,0,0,3,0,1,1
ILOILO,"prawns, lobster, shrimp",JANIUAY,pack,1,35,1,0,0,0,0,1,0,0,3,0,1,1
ILOILO,"preserved or processed meat (tocino, tapa, longaniza, etc)",JANIUAY,bilog,1,30,1,0,0,0,1,0,0,0,3,0,1,1
ILOILO,"preserved or processed meat (tocino, tapa, longaniza, etc)",JANIUAY,putos,1,50,1,1,0,0,0,0,0,0,3,0,3,3
ILOILO,"preserved or processed meat (tocino, tapa, longaniza, etc)",JANIUAY,putos,2,90,1,0,1,0,0,0,0,0,3,0,3,3
ILOILO,"preserved or processed meat (tocino, tapa, longaniza, etc)",JANIUAY,putos,3,164.5,1,0,0,1,0,0,0,0,3,0,3,3
ILOILO,cabbage,LAMBUNAO,pieces or units,1,57.5,2,0,0,0,1,0,0,0,3,0,1,1
ILOILO,camote,LAMBUNAO,bilog,1,30,1,0,0,0,0,1,0,0,3,0,1,1
ILOILO,camote tops,LAMBUNAO,bugkos,1,25,1,0,0,0,1,0,0,0,3,0,1,1
ILOILO,carrot,LAMBUNAO,pieces or units,1,32.5,2,0,0,0,1,0,0,0,3,0,1,1
ILOILO,chicken,LAMBUNAO,whole (chicken),1,235,1,1,0,0,0,0,0,0,3,0,3,3
ILOILO,chicken,LAMBUNAO,whole (chicken),2,300,1,0,1,0,0,0,0,0,3,0,3,3
ILOILO,chicken,LAMBUNAO,whole (chicken),3,425,1,0,0,1,0,0,0,0,3,0,3,3
ILOILO,"crackers, cookies, buiscuits, chips/curls",LAMBUNAO,pieces or units,1,25.875,2,1,1,0,0,0,0,0,3,0,2,2
ILOILO,"crackers, cookies, buiscuits, chips/curls",LAMBUNAO,pieces or units,2,85,1,0,0,1,0,0,0,0,3,0,2,2
ILOILO,"crackers, cookies, buiscuits, chips/curls",LAMBUNAO,putos,1,112.5,1,1,0,0,0,0,0,0,3,0,3,3
ILOILO,"crackers, cookies, buiscuits, chips/curls",LAMBUNAO,putos,2,158,1,0,1,0,0,0,0,0,3,0,3,3
ILOILO,"crackers, cookies, buiscuits, chips/curls",LAMBUNAO,putos,3,251.25,1,0,0,1,0,0,0,0,3,0,3,3
ILOILO,"ice cream, sorbet, edible ice (eg., ice-lolli, halo-halo)",LAMBUNAO,putos,1,48,1,0,0,0,0,1,0,0,3,0,1,1
ILOILO,"ice cream, sorbet, edible ice (eg., ice-lolli, halo-halo)",LAMBUNAO,small cup,1,22.5,1,1,0,0,0,0,0,0,3,0,3,3
ILOILO,"ice cream, sorbet, edible ice (eg., ice-lolli, halo-halo)",LAMBUNAO,small cup,2,48,1,0,1,0,0,0,0,0,3,0,3,3
ILOILO,"ice cream, sorbet, edible ice (eg., ice-lolli, halo-halo)",LAMBUNAO,small cup,3,71.25,1,0,0,1,0,0,0,0,3,0,3,3
ILOILO,"liquor (e.g, whisky, coconut wine)",LAMBUNAO,lipid/lapad,1,75,1,1,0,0,0,0,0,0,3,0,3,3
ILOILO,"liquor (e.g, whisky, coconut wine)",LAMBUNAO,lipid/lapad,2,160,1,0,1,0,0,0,0,0,3,0,3,3
ILOILO,"liquor (e.g, whisky, coconut wine)",LAMBUNAO,lipid/lapad,3,206.25,1,0,0,1,0,0,0,0,3,0,3,3
ILOILO,"liquor (e.g, whisky, coconut wine)",LAMBUNAO,long-neck,1,210,1,1,0,0,0,0,0,0,3,0,2,2
ILOILO,"liquor (e.g, whisky, coconut wine)",LAMBUNAO,long-neck,2,318.75,2,0,1,1,0,0,0,0,3,0,2,2
ILOILO,loaf bread,LAMBUNAO,large packs,1,80,1,1,0,0,0,0,0,0,3,0,3,3
ILOILO,loaf bread,LAMBUNAO,large packs,2,130,1,0,1,0,0,0,0,0,3,0,3,3
ILOILO,loaf bread,LAMBUNAO,large packs,3,180,1,0,0,1,0,0,0,0,3,0,3,3
ILOILO,loaf bread,LAMBUNAO,medium packs,1,65,1,0,0,0,0,1,0,0,3,0,1,1
ILOILO,loaf bread,LAMBUNAO,small packs,1,50,1,0,0,0,0,1,0,0,3,0,1,1
ILOILO,mango,LAMBUNAO,pieces or units,1,25,1,0,0,0,0,0,1,0,3,1,2,1
ILOILO,mango,LAMBUNAO,pieces or units,2,80,1,0,0,0,0,1,0,0,3,0,2,1
ILOILO,"preserved or processed meat (tocino, tapa, longaniza, etc)",LAMBUNAO,putos,1,50,1,1,0,0,0,0,0,0,3,0,3,3
ILOILO,"preserved or processed meat (tocino, tapa, longaniza, etc)",LAMBUNAO,putos,2,102.5,1,0,1,0,0,0,0,0,3,0,3,3
ILOILO,"preserved or processed meat (tocino, tapa, longaniza, etc)",LAMBUNAO,putos,3,152.5,1,0,0,1,0,0,0,0,3,0,3,3
ILOILO,cabbage,LEGANES,pack,1,20,1,0,0,0,0,1,0,0,3,0,1,1
ILOILO,cabbage,LEGANES,pieces or units,1,55,1,0,0,0,1,0,0,0,3,0,1,1
ILOILO,camote,LEGANES,bilog,1,30,1,0,0,0,0,1,0,0,3,0,1,1
ILOILO,camote tops,LEGANES,bugkos,1,20,1,0,0,0,1,0,0,0,3,0,1,1
ILOILO,carrot,LEGANES,pieces or units,1,45,1,0,0,0,1,0,0,0,3,0,1,1
ILOILO,chicken,LEGANES,bilog,1,190,1,1,0,0,0,0,0,0,3,0,3,3
ILOILO,chicken,LEGANES,bilog,2,240,1,0,1,0,0,0,0,0,3,0,3,3
ILOILO,chicken,LEGANES,bilog,3,275,1,0,0,1,0,0,0,0,3,0,3,3
ILOILO,"crackers, cookies, buiscuits, chips/curls",LEGANES,pieces or units,1,46,1,1,0,0,0,0,0,0,3,0,3,3
ILOILO,"crackers, cookies, buiscuits, chips/curls",LEGANES,pieces or units,2,80,1,0,1,0,0,0,0,0,3,0,3,3
ILOILO,"crackers, cookies, buiscuits, chips/curls",LEGANES,pieces or units,3,127.5,1,0,0,1,0,0,0,0,3,0,3,3
ILOILO,"crackers, cookies, buiscuits, chips/curls",LEGANES,putos,1,67.5,1,1,0,0,0,0,0,0,3,0,3,3
ILOILO,"crackers, cookies, buiscuits, chips/curls",LEGANES,putos,2,120,1,0,1,0,0,0,0,0,3,0,3,3
ILOILO,"crackers, cookies, buiscuits, chips/curls",LEGANES,putos,3,173,1,0,0,1,0,0,0,0,3,0,3,3
ILOILO,fresh fish,LEGANES,pieces or units,1,70,1,1,0,0,0,0,0,0,3,0,3,3
ILOILO,fresh fish,LEGANES,pieces or units,2,100,1,0,1,0,0,0,0,0,3,0,3,3
ILOILO,fresh fish,LEGANES,pieces or units,3,122.5,1,0,0,1,0,0,0,0,3,0,3,3
ILOILO,"ice cream, sorbet, edible ice (eg., ice-lolli, halo-halo)",LEGANES,pieces or units,1,40,1,0,0,0,1,0,0,0,3,0,1,1
ILOILO,"ice cream, sorbet, edible ice (eg., ice-lolli, halo-halo)",LEGANES,small cup,1,36.25,2,1,1,0,0,0,0,0,3,0,2,2
ILOILO,"ice cream, sorbet, edible ice (eg., ice-lolli, halo-halo)",LEGANES,small cup,2,72.5,1,0,0,1,0,0,0,0,3,0,2,2
ILOILO,"ice cream, sorbet, edible ice (eg., ice-lolli, halo-halo)",LEGANES,tupperware,1,160,1,0,0,0,0,1,0,0,3,0,1,1
ILOILO,"liquor (e.g, whisky, coconut wine)",LEGANES,lipid/lapad,1,73.75,1,1,0,0,0,0,0,0,3,0,2,2
ILOILO,"liquor (e.g, whisky, coconut wine)",LEGANES,lipid/lapad,2,157.5,2,0,1,1,0,0,0,0,3,0,2,2
ILOILO,loaf bread,LEGANES,large packs,1,71.5,1,1,0,0,0,0,0,0,3,0,3,3
ILOILO,loaf bread,LEGANES,large packs,2,104,1,0,1,0,0,0,0,0,3,0,3,3
ILOILO,loaf bread,LEGANES,large packs,3,137.5,1,0,0,1,0,0,0,0,3,0,3,3
ILOILO,"prawns, lobster, shrimp",LEGANES,tumpok,1,60,1,0,0,0,0,1,0,0,3,0,3,1
ILOILO,"prawns, lobster, shrimp",LEGANES,tumpok,2,100,1,0,0,0,0,0,1,0,3,1,3,1
ILOILO,"prawns, lobster, shrimp",LEGANES,tumpok,3,200,1,0,0,0,0,0,1,0,3,1,3,1
ILOILO,"preserved or processed meat (tocino, tapa, longaniza, etc)",LEGANES,bilog,1,50,1,1,1,0,0,0,0,0,3,0,2,2
ILOILO,"preserved or processed meat (tocino, tapa, longaniza, etc)",LEGANES,bilog,2,92.5,1,0,0,1,0,0,0,0,3,0,2,2
ILOILO,"preserved or processed meat (tocino, tapa, longaniza, etc)",LEGANES,putos,1,55,1,1,0,0,0,0,0,0,3,0,3,3
ILOILO,"preserved or processed meat (tocino, tapa, longaniza, etc)",LEGANES,putos,2,108,1,0,1,0,0,0,0,0,3,0,3,3
ILOILO,"preserved or processed meat (tocino, tapa, longaniza, etc)",LEGANES,putos,3,210,1,0,0,1,0,0,0,0,3,0,3,3
ILOILO,cabbage,LEMERY,pieces or units,1,50,1,0,0,0,1,0,0,0,3,0,1,1
ILOILO,camote,LEMERY,bilog,1,41.25,2,1,1,0,0,0,0,0,3,0,2,2
ILOILO,camote,LEMERY,bilog,2,87.5,1,0,0,1,0,0,0,0,3,0,2,2
ILOILO,camote tops,LEMERY,bundle,1,15,1,0,0,0,1,0,0,0,3,0,1,1
ILOILO,carrot,LEMERY,pieces or units,1,30,1,0,0,0,1,0,0,0,3,0,1,1
ILOILO,chicken,LEMERY,whole (chicken),1,200,1,1,0,0,0,0,0,0,3,0,3,3
ILOILO,chicken,LEMERY,whole (chicken),2,250,1,0,1,0,0,0,0,0,3,0,3,3
ILOILO,chicken,LEMERY,whole (chicken),3,362.5,1,0,0,1,0,0,0,0,3,0,3,3
ILOILO,"crackers, cookies, buiscuits, chips/curls",LEMERY,bucket,1,398,1,0,0,0,0,1,0,0,3,0,1,1
ILOILO,"crackers, cookies, buiscuits, chips/curls",LEMERY,pieces or units,1,48,1,0,0,0,0,1,0,0,3,0,1,1
ILOILO,"crackers, cookies, buiscuits, chips/curls",LEMERY,putos,1,60.75,1,1,0,0,0,0,0,0,3,0,2,2
ILOILO,"crackers, cookies, buiscuits, chips/curls",LEMERY,putos,2,121,2,0,1,1,0,0,0,0,3,0,2,2
ILOILO,fresh fish,LEMERY,pack,1,50,1,0,0,0,0,0,1,0,3,1,3,2
ILOILO,fresh fish,LEMERY,pack,2,200,1,0,0,0,0,1,0,0,3,0,3,2
ILOILO,fresh fish,LEMERY,pack,3,270,1,0,0,0,0,1,0,0,3,0,3,2
ILOILO,fresh fish,LEMERY,pieces or units,1,50,1,1,0,0,0,0,0,0,3,0,2,2
ILOILO,fresh fish,LEMERY,pieces or units,2,95,2,0,1,1,0,0,0,0,3,0,2,2
ILOILO,"ice cream, sorbet, edible ice (eg., ice-lolli, halo-halo)",LEMERY,putos,1,45,1,0,0,0,1,0,0,0,3,0,1,1
ILOILO,"ice cream, sorbet, edible ice (eg., ice-lolli, halo-halo)",LEMERY,small cup,1,40,1,0,0,0,1,0,0,0,3,0,1,1
ILOILO,"liquor (e.g, whisky, coconut wine)",LEMERY,lipid/lapad,1,80,1,1,0,0,0,0,0,0,3,0,3,3
ILOILO,"liquor (e.g, whisky, coconut wine)",LEMERY,lipid/lapad,2,160,1,0,1,0,0,0,0,0,3,0,3,3
ILOILO,"liquor (e.g, whisky, coconut wine)",LEMERY,lipid/lapad,3,240,1,0,0,1,0,0,0,0,3,0,3,3
ILOILO,"liquor (e.g, whisky, coconut wine)",LEMERY,long-neck,1,150,1,0,0,0,0,0,1,0,3,1,2,1
ILOILO,"liquor (e.g, whisky, coconut wine)",LEMERY,long-neck,2,180,1,0,0,0,0,1,0,0,3,0,2,1
ILOILO,loaf bread,LEMERY,large packs,1,80.5,2,1,1,0,0,0,0,0,3,0,2,2
ILOILO,loaf bread,LEMERY,large packs,2,118.75,1,0,0,1,0,0,0,0,3,0,2,2
ILOILO,loaf bread,LEMERY,medium packs,1,65,1,0,0,0,1,0,0,0,3,0,1,1
ILOILO,loaf bread,LEMERY,small packs,1,42.5,2,1,1,0,0,0,0,0,3,0,2,2
ILOILO,loaf bread,LEMERY,small packs,2,90,1,0,0,1,0,0,0,0,3,0,2,2
ILOILO,"prawns, lobster, shrimp",LEMERY,tumpok,1,50,1,1,1,0,0,0,0,0,3,0,2,2
ILOILO,"prawns, lobster, shrimp",LEMERY,tumpok,2,100,1,0,0,1,0,0,0,0,3,0,2,2
ILOILO,"preserved or processed meat (tocino, tapa, longaniza, etc)",LEMERY,bilog,1,45,1,0,0,0,1,0,0,0,3,0,1,1
ILOILO,"preserved or processed meat (tocino, tapa, longaniza, etc)",LEMERY,pack,1,90,1,0,0,0,0,1,0,0,3,0,2,1
ILOILO,"preserved or processed meat (tocino, tapa, longaniza, etc)",LEMERY,pack,2,455,1,0,0,0,0,0,1,0,3,1,2,1
ILOILO,cabbage,LEON,pieces or units,1,33.75,1,1,0,0,0,0,0,0,3,0,3,3
ILOILO,cabbage,LEON,pieces or units,2,62.5,1,0,1,0,0,0,0,0,3,0,3,3
ILOILO,cabbage,LEON,pieces or units,3,105,1,0,0,1,0,0,0,0,3,0,3,3
ILOILO,camote tops,LEON,bugkos,1,20,1,0,0,0,1,0,0,0,3,0,1,1
ILOILO,carrot,LEON,pieces or units,1,50,1,0,0,0,1,0,0,0,3,0,1,1
ILOILO,chicken,LEON,whole (chicken),1,212.5,1,1,0,0,0,0,0,0,3,0,3,3
ILOILO,chicken,LEON,whole (chicken),2,255,1,0,1,0,0,0,0,0,3,0,3,3
ILOILO,chicken,LEON,whole (chicken),3,450,1,0,0,1,0,0,0,0,3,0,3,3
ILOILO,fresh fish,LEON,pieces or units,1,100,1,0,0,0,0,1,0,0,3,0,1,1
ILOILO,"ice cream, sorbet, edible ice (eg., ice-lolli, halo-halo)",LEON,cone,1,32.5,1,0,0,0,0,1,0,0,3,0,1,1
ILOILO,"ice cream, sorbet, edible ice (eg., ice-lolli, halo-halo)",LEON,putos,1,20,1,0,0,0,0,0,1,0,3,1,2,1
ILOILO,"ice cream, sorbet, edible ice (eg., ice-lolli, halo-halo)",LEON,putos,2,48,1,0,0,0,0,1,0,0,3,0,2,1
ILOILO,"ice cream, sorbet, edible ice (eg., ice-lolli, halo-halo)",LEON,small cup,1,42.5,1,1,0,0,0,0,0,0,3,0,3,3
ILOILO,"ice cream, sorbet, edible ice (eg., ice-lolli, halo-halo)",LEON,small cup,2,65,1,0,1,0,0,0,0,0,3,0,3,3
ILOILO,"ice cream, sorbet, edible ice (eg., ice-lolli, halo-halo)",LEON,small cup,3,88.75,1,0,0,1,0,0,0,0,3,0,3,3
ILOILO,"liquor (e.g, whisky, coconut wine)",LEON,lipid/lapad,1,80,1,1,0,0,0,0,0,0,3,0,2,2
ILOILO,"liquor (e.g, whisky, coconut wine)",LEON,lipid/lapad,2,168.75,2,0,1,1,0,0,0,0,3,0,2,2
ILOILO,"liquor (e.g, whisky, coconut wine)",LEON,long-neck,1,180,1,0,0,0,0,1,0,0,3,0,1,1
ILOILO,loaf bread,LEON,large packs,1,72.5,1,0,0,0,1,0,0,0,3,0,1,1
ILOILO,loaf bread,LEON,medium packs,1,65,1,0,0,0,0,1,0,0,3,0,1,1
ILOILO,loaf bread,LEON,small packs,1,60,1,0,0,0,1,0,0,0,3,0,1,1
ILOILO,mango,LEON,pieces or units,1,61.25,2,1,1,0,0,0,0,0,3,0,2,2
ILOILO,mango,LEON,pieces or units,2,107.5,1,0,0,1,0,0,0,0,3,0,2,2
ILOILO,"preserved or processed meat (tocino, tapa, longaniza, etc)",LEON,bilog,1,120,1,0,0,0,1,0,0,0,3,0,1,1
ILOILO,"preserved or processed meat (tocino, tapa, longaniza, etc)",LEON,putos,1,77,1,1,0,0,0,0,0,0,3,0,3,3
ILOILO,"preserved or processed meat (tocino, tapa, longaniza, etc)",LEON,putos,2,111,1,0,1,0,0,0,0,0,3,0,3,3
ILOILO,"preserved or processed meat (tocino, tapa, longaniza, etc)",LEON,putos,3,150,1,0,0,1,0,0,0,0,3,0,3,3
ILOILO,cabbage,MAASIN,pieces or units,1,40,1,0,0,0,1,0,0,0,3,0,1,1
ILOILO,camote,MAASIN,bilog,1,30,1,0,0,0,0,1,0,0,3,0,1,1
ILOILO,camote tops,MAASIN,bugkos,1,20,1,0,0,0,1,0,0,0,3,0,1,1
ILOILO,camote tops,MAASIN,bundle,1,20,1,0,0,0,1,0,0,0,3,0,1,1
ILOILO,carrot,MAASIN,pieces or units,1,30,1,0,0,0,1,0,0,0,3,0,1,1
ILOILO,chicken,MAASIN,whole (chicken),1,205,1,1,0,0,0,0,0,0,3,0,3,3
ILOILO,chicken,MAASIN,whole (chicken),2,250,1,0,1,0,0,0,0,0,3,0,3,3
ILOILO,chicken,MAASIN,whole (chicken),3,300,1,0,0,1,0,0,0,0,3,0,3,3
ILOILO,"crackers, cookies, buiscuits, chips/curls",MAASIN,pack,1,120,1,0,0,0,0,1,0,0,3,0,2,1
ILOILO,"crackers, cookies, buiscuits, chips/curls",MAASIN,pack,2,320,1,0,0,0,0,0,1,0,3,1,2,1
ILOILO,"crackers, cookies, buiscuits, chips/curls",MAASIN,pieces or units,1,36,1,0,0,0,1,0,0,0,3,0,1,1
ILOILO,fresh fish,MAASIN,pieces or units,1,100,1,0,0,0,1,0,0,0,3,0,1,1
ILOILO,"ice cream, sorbet, edible ice (eg., ice-lolli, halo-halo)",MAASIN,putos,1,50,1,0,0,0,1,0,0,0,3,0,1,1
ILOILO,"ice cream, sorbet, edible ice (eg., ice-lolli, halo-halo)",MAASIN,small cup,1,33.75,2,1,0,0,0,1,0,0,3,0,3,3
ILOILO,"ice cream, sorbet, edible ice (eg., ice-lolli, halo-halo)",MAASIN,small cup,2,65,2,0,1,0,0,0,1,0,3,0,3,3
ILOILO,"ice cream, sorbet, edible ice (eg., ice-lolli, halo-halo)",MAASIN,small cup,3,126.25,1,0,0,1,0,0,0,0,3,0,3,3
ILOILO,"liquor (e.g, whisky, coconut wine)",MAASIN,lipid/lapad,1,80,1,1,0,0,0,0,0,0,3,0,3,3
ILOILO,"liquor (e.g, whisky, coconut wine)",MAASIN,lipid/lapad,2,110,1,0,1,0,0,0,0,0,3,0,3,3
ILOILO,"liquor (e.g, whisky, coconut wine)",MAASIN,lipid/lapad,3,198.5,1,0,0,1,0,0,0,0,3,0,3,3
ILOILO,"liquor (e.g, whisky, coconut wine)",MAASIN,long-neck,1,134.25,2,1,1,0,0,0,0,0,3,0,2,2
ILOILO,"liquor (e.g, whisky, coconut wine)",MAASIN,long-neck,2,200,1,0,0,1,0,0,0,0,3,0,2,2
ILOILO,loaf bread,MAASIN,large packs,1,82.5,1,0,0,0,1,0,0,0,3,0,1,1
ILOILO,loaf bread,MAASIN,medium packs,1,82.5,1,0,0,0,1,0,0,0,3,0,1,1
ILOILO,pork,MAASIN,pieces or units,1,47.5,1,0,0,0,0,1,0,0,2,0,2,1
ILOILO,pork,MAASIN,pieces or units,2,70,1,0,0,0,0,0,1,0,2,1,2,1
ILOILO,"preserved or processed meat (tocino, tapa, longaniza, etc)",MAASIN,pack,1,90,1,0,0,0,0,1,0,0,3,0,1,1
ILOILO,"preserved or processed meat (tocino, tapa, longaniza, etc)",MAASIN,putos,1,50,1,1,0,0,0,0,0,0,3,0,3,3
ILOILO,"preserved or processed meat (tocino, tapa, longaniza, etc)",MAASIN,putos,2,100,1,0,1,0,0,0,0,0,3,0,3,3
ILOILO,"preserved or processed meat (tocino, tapa, longaniza, etc)",MAASIN,putos,3,150,1,0,0,1,0,0,0,0,3,0,3,3
ILOILO,rice,MAASIN,sack of rice,1,3000,1,0,0,0,0,1,0,0,1,0,1,1
ILOILO,cabbage,MIAGAO,pieces or units,1,45,2,1,1,0,0,0,0,0,3,0,2,2
ILOILO,cabbage,MIAGAO,pieces or units,2,85,1,0,0,1,0,0,0,0,3,0,2,2
ILOILO,camote tops,MIAGAO,bugkos,1,20,1,0,0,0,1,0,0,0,3,0,1,1
ILOILO,carrot,MIAGAO,pieces or units,1,40,1,0,0,0,1,0,0,0,3,0,1,1
ILOILO,chicken,MIAGAO,whole (chicken),1,200,1,1,0,0,0,0,0,0,3,0,3,3
ILOILO,chicken,MIAGAO,whole (chicken),2,225,1,0,1,0,0,0,0,0,3,0,3,3
ILOILO,chicken,MIAGAO,whole (chicken),3,403.75,1,0,0,1,0,0,0,0,3,0,3,3
ILOILO,"crackers, cookies, buiscuits, chips/curls",MIAGAO,pieces or units,1,90,1,0,0,0,1,0,0,0,3,0,1,1
ILOILO,fresh fish,MIAGAO,pieces or units,1,100,1,0,0,0,0,1,0,0,3,0,1,1
ILOILO,"ice cream, sorbet, edible ice (eg., ice-lolli, halo-halo)",MIAGAO,putos,1,60,1,0,0,0,1,0,0,0,3,0,1,1
ILOILO,"ice cream, sorbet, edible ice (eg., ice-lolli, halo-halo)",MIAGAO,small cup,1,35,1,1,0,0,0,0,0,0,3,0,3,3
ILOILO,"ice cream, sorbet, edible ice (eg., ice-lolli, halo-halo)",MIAGAO,small cup,2,70,1,0,1,0,0,0,0,0,3,0,3,3
ILOILO,"ice cream, sorbet, edible ice (eg., ice-lolli, halo-halo)",MIAGAO,small cup,3,110,1,0,0,1,0,0,0,0,3,0,3,3
ILOILO,"liquor (e.g, whisky, coconut wine)",MIAGAO,lipid/lapad,1,80,1,1,0,0,0,0,0,0,3,0,3,3
ILOILO,"liquor (e.g, whisky, coconut wine)",MIAGAO,lipid/lapad,2,120,1,0,1,0,0,0,0,0,3,0,3,3
ILOILO,"liquor (e.g, whisky, coconut wine)",MIAGAO,lipid/lapad,3,170,1,0,0,1,0,0,0,0,3,0,3,3
ILOILO,"liquor (e.g, whisky, coconut wine)",MIAGAO,long-neck,1,157.5,2,1,1,0,0,0,0,0,3,0,2,2
ILOILO,"liquor (e.g, whisky, coconut wine)",MIAGAO,long-neck,2,210,1,0,0,1,0,0,0,0,3,0,2,2
ILOILO,loaf bread,MIAGAO,large packs,1,78.75,1,1,0,0,0,0,0,0,3,0,3,3
ILOILO,loaf bread,MIAGAO,large packs,2,114.5,1,0,1,0,0,0,0,0,3,0,3,3
ILOILO,loaf bread,MIAGAO,large packs,3,151,1,0,0,1,0,0,0,0,3,0,3,3
ILOILO,loaf bread,MIAGAO,medium packs,1,65,1,0,0,0,1,0,0,0,3,0,1,1
ILOILO,loaf bread,MIAGAO,small packs,1,48,1,0,0,0,1,0,0,0,3,0,1,1
ILOILO,mango,MIAGAO,pieces or units,1,50,1,0,0,0,0,0,1,0,3,1,2,1
ILOILO,mango,MIAGAO,pieces or units,2,80,1,0,0,0,0,1,0,0,3,0,2,1
ILOILO,"preserved or processed meat (tocino, tapa, longaniza, etc)",MIAGAO,bilog,1,60,1,0,0,0,1,0,0,0,3,0,1,1
ILOILO,beef,MINA,pieces or units,1,85,1,0,0,0,0,1,0,0,3,0,1,1
ILOILO,cabbage,MINA,pieces or units,1,45,2,1,1,0,0,0,0,0,3,0,2,2
ILOILO,cabbage,MINA,pieces or units,2,88.75,1,0,0,1,0,0,0,0,3,0,2,2
ILOILO,camote,MINA,bilog,1,40,1,0,0,0,1,0,0,0,3,0,1,1
ILOILO,camote tops,MINA,bugkos,1,20,1,0,0,0,1,0,0,0,3,0,1,1
ILOILO,carrot,MINA,pieces or units,1,38,1,0,0,0,1,0,0,0,3,0,1,1
ILOILO,chicken,MINA,whole (chicken),1,225,1,1,0,0,0,0,0,0,3,0,3,3
ILOILO,chicken,MINA,whole (chicken),2,250,1,0,1,0,0,0,0,0,3,0,3,3
ILOILO,chicken,MINA,whole (chicken),3,300,1,0,0,1,0,0,0,0,3,0,3,3
ILOILO,"crackers, cookies, buiscuits, chips/curls",MINA,pack,1,120,1,0,0,0,0,1,0,0,3,0,2,1
ILOILO,"crackers, cookies, buiscuits, chips/curls",MINA,pack,2,204,1,0,0,0,0,0,1,0,3,1,2,1
ILOILO,"crackers, cookies, buiscuits, chips/curls",MINA,pieces or units,1,56,1,0,0,0,1,0,0,0,3,0,1,1
ILOILO,"ice cream, sorbet, edible ice (eg., ice-lolli, halo-halo)",MINA,container,1,50,1,0,0,0,0,1,0,0,3,0,1,1
ILOILO,"ice cream, sorbet, edible ice (eg., ice-lolli, halo-halo)",MINA,pack,1,25,1,0,0,0,0,1,0,0,3,0,1,1
ILOILO,"ice cream, sorbet, edible ice (eg., ice-lolli, halo-halo)",MINA,pieces or units,1,50,1,0,0,0,1,0,0,0,3,0,1,1
ILOILO,"ice cream, sorbet, edible ice (eg., ice-lolli, halo-halo)",MINA,small cup,1,30,1,0,0,0,1,0,0,0,3,0,1,1
ILOILO,"liquor (e.g, whisky, coconut wine)",MINA,lipid/lapad,1,75.375,2,1,0,0,0,1,0,0,3,0,3,3
ILOILO,"liquor (e.g, whisky, coconut wine)",MINA,lipid/lapad,2,145,1,0,1,0,0,0,0,0,3,0,3,3
ILOILO,"liquor (e.g, whisky, coconut wine)",MINA,lipid/lapad,3,200,1,0,0,1,0,0,0,0,3,0,3,3
ILOILO,"liquor (e.g, whisky, coconut wine)",MINA,long-neck,1,150,1,0,0,0,0,0,1,0,3,1,2,1
ILOILO,"liquor (e.g, whisky, coconut wine)",MINA,long-neck,2,180,1,0,0,0,0,1,0,0,3,0,2,1
ILOILO,loaf bread,MINA,large packs,1,76,2,1,1,0,0,0,0,0,3,0,2,2
ILOILO,loaf bread,MINA,large packs,2,250,1,0,0,1,0,0,0,0,3,0,2,2
ILOILO,loaf bread,MINA,medium packs,1,65.625,2,1,1,0,0,0,0,0,3,0,2,2
ILOILO,loaf bread,MINA,medium packs,2,110,1,0,0,1,0,0,0,0,3,0,2,2
ILOILO,loaf bread,MINA,small packs,1,50,1,0,0,0,1,0,0,0,3,0,1,1
ILOILO,mango,MINA,pieces or units,1,60,1,0,0,0,1,0,0,0,3,0,1,1
ILOILO,"preserved or processed meat (tocino, tapa, longaniza, etc)",MINA,bilog,1,50,1,0,0,0,0,1,0,0,3,0,1,1
ILOILO,"preserved or processed meat (tocino, tapa, longaniza, etc)",MINA,pack,1,50,1,0,0,0,0,0,1,0,3,1,2,1
ILOILO,"preserved or processed meat (tocino, tapa, longaniza, etc)",MINA,pack,2,90,1,0,0,0,0,1,0,0,3,0,2,1
ILOILO,rice,MINA,gantang,1,130,1,0,0,0,0,0,1,0,1,1,2,1
ILOILO,rice,MINA,gantang,2,325,1,0,0,0,0,1,0,0,1,0,2,1
ILOILO,cabbage,NEW LUCENA,pack,1,20,1,0,0,0,0,1,0,0,3,0,2,1
ILOILO,cabbage,NEW LUCENA,pack,2,50,1,0,0,0,0,0,1,0,3,1,2,1
ILOILO,cabbage,NEW LUCENA,pieces or units,1,50,1,0,0,0,1,0,0,0,3,0,1,1
ILOILO,camote,NEW LUCENA,bilog,1,30,1,0,0,0,0,1,0,0,3,0,1,1
ILOILO,camote tops,NEW LUCENA,bugkos,1,30,1,0,0,0,1,0,0,0,3,0,1,1
ILOILO,carrot,NEW LUCENA,pieces or units,1,35,2,1,1,0,0,0,0,0,3,0,2,2
ILOILO,carrot,NEW LUCENA,pieces or units,2,85,1,0,0,1,0,0,0,0,3,0,2,2
ILOILO,chicken,NEW LUCENA,whole (chicken),1,250,1,1,0,0,0,0,0,0,3,0,3,3
ILOILO,chicken,NEW LUCENA,whole (chicken),2,275,1,0,1,0,0,0,0,0,3,0,3,3
ILOILO,chicken,NEW LUCENA,whole (chicken),3,570,1,0,0,1,0,0,0,0,3,0,3,3
ILOILO,"crackers, cookies, buiscuits, chips/curls",NEW LUCENA,pieces or units,1,37.5,1,0,0,0,1,0,0,0,3,0,1,1
ILOILO,"crackers, cookies, buiscuits, chips/curls",NEW LUCENA,putos,1,52.5,1,1,0,0,0,0,0,0,3,0,3,3
ILOILO,"crackers, cookies, buiscuits, chips/curls",NEW LUCENA,putos,2,80,1,0,1,0,0,0,0,0,3,0,3,3
ILOILO,"crackers, cookies, buiscuits, chips/curls",NEW LUCENA,putos,3,114,1,0,0,1,0,0,0,0,3,0,3,3
ILOILO,fresh fish,NEW LUCENA,pieces or units,1,90,1,0,0,0,1,0,0,0,3,0,1,1
ILOILO,"ice cream, sorbet, edible ice (eg., ice-lolli, halo-halo)",NEW LUCENA,putos,1,48,1,0,0,0,0,1,0,0,3,0,1,1
ILOILO,"ice cream, sorbet, edible ice (eg., ice-lolli, halo-halo)",NEW LUCENA,small cup,1,40,1,0,0,0,0,1,0,0,3,0,1,1
ILOILO,"liquor (e.g, whisky, coconut wine)",NEW LUCENA,lipid/lapad,1,123.75,1,1,0,0,0,0,0,0,3,0,3,3
ILOILO,"liquor (e.g, whisky, coconut wine)",NEW LUCENA,lipid/lapad,2,150,1,0,1,0,0,0,0,0,3,0,3,3
ILOILO,"liquor (e.g, whisky, coconut wine)",NEW LUCENA,lipid/lapad,3,176.25,1,0,0,1,0,0,0,0,3,0,3,3
ILOILO,"liquor (e.g, whisky, coconut wine)",NEW LUCENA,long-neck,1,180,1,0,0,0,0,1,0,0,3,0,2,1
ILOILO,"liquor (e.g, whisky, coconut wine)",NEW LUCENA,long-neck,2,280,1,0,0,0,0,0,1,0,3,1,2,1
ILOILO,loaf bread,NEW LUCENA,large packs,1,88.75,1,1,0,0,0,0,0,0,3,0,3,3
ILOILO,loaf bread,NEW LUCENA,large packs,2,135,1,0,1,0,0,0,0,0,3,0,3,3
ILOILO,loaf bread,NEW LUCENA,large packs,3,170,1,0,0,1,0,0,0,0,3,0,3,3
ILOILO,loaf bread,NEW LUCENA,small packs,1,60,1,0,0,0,1,0,0,0,3,0,1,1
ILOILO,loaf bread,NEW LUCENA,tama-tama nga putos,1,61,2,1,1,0,0,0,0,0,3,0,2,2
ILOILO,loaf bread,NEW LUCENA,tama-tama nga putos,2,160,1,0,0,1,0,0,0,0,3,0,2,2
ILOILO,mango,NEW LUCENA,pieces or units,1,150,1,0,0,0,1,0,0,0,3,0,1,1
ILOILO,"prawns, lobster, shrimp",NEW LUCENA,tumpok,1,60,1,0,0,0,0,1,0,0,3,0,2,1
ILOILO,"prawns, lobster, shrimp",NEW LUCENA,tumpok,2,100,1,0,0,0,0,0,1,0,3,1,2,1
ILOILO,"preserved or processed meat (tocino, tapa, longaniza, etc)",NEW LUCENA,bilog,1,86,1,0,0,0,1,0,0,0,3,0,1,1
ILOILO,"preserved or processed meat (tocino, tapa, longaniza, etc)",NEW LUCENA,putos,1,75,1,1,0,0,0,0,0,0,3,0,3,3
ILOILO,"preserved or processed meat (tocino, tapa, longaniza, etc)",NEW LUCENA,putos,2,100,1,0,1,0,0,0,0,0,3,0,3,3
ILOILO,"preserved or processed meat (tocino, tapa, longaniza, etc)",NEW LUCENA,putos,3,185,1,0,0,1,0,0,0,0,3,0,3,3
ILOILO,beef,OTON,pieces or units,1,85,1,0,0,0,0,1,0,0,3,0,1,1
ILOILO,cabbage,OTON,pieces or units,1,40.625,2,1,1,0,0,0,0,0,3,0,2,2
ILOILO,cabbage,OTON,pieces or units,2,85,1,0,0,1,0,0,0,0,3,0,2,2
ILOILO,cabbage,OTON,putos (mix vegetable),1,40,1,0,0,0,0,1,0,0,3,0,1,1
ILOILO,camote,OTON,bilog,1,30,1,0,0,0,0,1,0,0,3,0,1,1
ILOILO,camote tops,OTON,bugkos,1,20,1,0,0,0,1,0,0,0,3,0,1,1
ILOILO,carrot,OTON,pieces or units,1,32.5,1,0,0,0,1,0,0,0,3,0,1,1
ILOILO,chicken,OTON,bilog,1,157.5,1,1,0,0,0,0,0,0,3,0,3,3
ILOILO,chicken,OTON,bilog,2,230,1,0,1,0,0,0,0,0,3,0,3,3
ILOILO,chicken,OTON,bilog,3,300,1,0,0,1,0,0,0,0,3,0,3,3
ILOILO,"crackers, cookies, buiscuits, chips/curls",OTON,pieces or units,1,58,2,1,1,0,0,0,0,0,3,0,2,2
ILOILO,"crackers, cookies, buiscuits, chips/curls",OTON,pieces or units,2,104,1,0,0,1,0,0,0,0,3,0,2,2
ILOILO,"crackers, cookies, buiscuits, chips/curls",OTON,putos,1,57,1,1,0,0,0,0,0,0,3,0,3,3
ILOILO,"crackers, cookies, buiscuits, chips/curls",OTON,putos,2,120,1,0,1,0,0,0,0,0,3,0,3,3
ILOILO,"crackers, cookies, buiscuits, chips/curls",OTON,putos,3,180,1,0,0,1,0,0,0,0,3,0,3,3
ILOILO,fresh fish,OTON,pieces or units,1,85,1,0,0,0,1,0,0,0,3,0,1,1
ILOILO,"ice cream, sorbet, edible ice (eg., ice-lolli, halo-halo)",OTON,pieces or units,1,43,2,1,1,0,0,0,0,0,3,0,2,2
ILOILO,"ice cream, sorbet, edible ice (eg., ice-lolli, halo-halo)",OTON,pieces or units,2,90,1,0,0,1,0,0,0,0,3,0,2,2
ILOILO,"ice cream, sorbet, edible ice (eg., ice-lolli, halo-halo)",OTON,putos,1,40,1,0,0,0,1,0,0,0,3,0,1,1
ILOILO,"ice cream, sorbet, edible ice (eg., ice-lolli, halo-halo)",OTON,small cup,1,50,1,0,0,0,1,0,0,0,3,0,1,1
ILOILO,"liquor (e.g, whisky, coconut wine)",OTON,lipid/lapad,1,77.5,2,1,1,0,0,0,0,0,3,0,2,2
ILOILO,"liquor (e.g, whisky, coconut wine)",OTON,lipid/lapad,2,160,1,0,0,1,0,0,0,0,3,0,2,2
ILOILO,"liquor (e.g, whisky, coconut wine)",OTON,long-neck,1,180,1,0,0,0,0,1,0,0,3,0,2,1
ILOILO,"liquor (e.g, whisky, coconut wine)",OTON,long-neck,2,225,1,0,0,0,0,0,1,0,3,1,2,1
ILOILO,loaf bread,OTON,large packs,1,91.5,2,1,1,0,0,0,0,0,3,0,2,2
ILOILO,loaf bread,OTON,large packs,2,180,1,0,0,1,0,0,0,0,3,0,2,2
ILOILO,loaf bread,OTON,medium packs,1,68,1,0,0,0,0,1,0,0,3,0,1,1
ILOILO,loaf bread,OTON,small packs,1,48,1,0,0,0,1,0,0,0,3,0,1,1
ILOILO,mango,OTON,pieces or units,1,57.5,2,1,1,0,0,0,0,0,3,0,2,2
ILOILO,mango,OTON,pieces or units,2,125,1,0,0,1,0,0,0,0,3,0,2,2
ILOILO,pork,OTON,1 serve,1,50,1,0,0,0,0,1,0,0,3,0,1,1
ILOILO,pork,OTON,stick,1,50,1,0,0,0,0,1,0,0,3,0,1,1
ILOILO,"prawns, lobster, shrimp",OTON,pieces or units,1,50,1,0,0,0,0,1,0,0,3,0,1,1
ILOILO,"prawns, lobster, shrimp",OTON,tumpok,1,100,1,1,1,0,0,0,0,0,3,0,2,2
ILOILO,"prawns, lobster, shrimp",OTON,tumpok,2,200,1,0,0,1,0,0,0,0,3,0,2,2
ILOILO,"preserved or processed meat (tocino, tapa, longaniza, etc)",OTON,bilog,1,40.25,1,1,0,0,0,0,0,0,3,0,3,3
ILOILO,"preserved or processed meat (tocino, tapa, longaniza, etc)",OTON,bilog,2,71.5,1,0,1,0,0,0,0,0,3,0,3,3
ILOILO,"preserved or processed meat (tocino, tapa, longaniza, etc)",OTON,bilog,3,112.5,1,0,0,1,0,0,0,0,3,0,3,3
ILOILO,"preserved or processed meat (tocino, tapa, longaniza, etc)",OTON,putos,1,60,1,1,0,0,0,0,0,0,3,0,3,3
ILOILO,"preserved or processed meat (tocino, tapa, longaniza, etc)",OTON,putos,2,83.5,1,0,1,0,0,0,0,0,3,0,3,3
ILOILO,"preserved or processed meat (tocino, tapa, longaniza, etc)",OTON,putos,3,171.25,1,0,0,1,0,0,0,0,3,0,3,3
ILOILO,rice,OTON,salmon,1,140,1,1,0,0,0,0,0,0,1,0,3,3
ILOILO,rice,OTON,salmon,2,280,1,0,1,0,0,0,0,0,1,0,3,3
ILOILO,rice,OTON,salmon,3,475,1,0,0,1,0,0,0,0,1,0,3,3
ILOILO,cabbage,POTOTAN,half,1,35,1,0,0,0,0,1,0,0,3,0,1,1
ILOILO,cabbage,POTOTAN,pieces or units,1,45,1,0,0,0,1,0,0,0,3,0,1,1
ILOILO,camote tops,POTOTAN,bugkos,1,20,1,0,0,0,1,0,0,0,3,0,1,1
ILOILO,carrot,POTOTAN,pieces or units,1,25,1,0,0,0,1,0,0,0,3,0,1,1
ILOILO,chicken,POTOTAN,whole (chicken),1,207.25,1,1,0,0,0,0,0,0,3,0,3,3
ILOILO,chicken,POTOTAN,whole (chicken),2,290,1,0,1,0,0,0,0,0,3,0,3,3
ILOILO,chicken,POTOTAN,whole (chicken),3,450,1,0,0,1,0,0,0,0,3,0,3,3
ILOILO,"crackers, cookies, buiscuits, chips/curls",POTOTAN,pieces or units,1,56,1,0,0,0,1,0,0,0,3,0,1,1
ILOILO,"crackers, cookies, buiscuits, chips/curls",POTOTAN,putos,1,60,2,1,1,0,0,0,0,0,3,0,2,2
ILOILO,"crackers, cookies, buiscuits, chips/curls",POTOTAN,putos,2,118.5,1,0,0,1,0,0,0,0,3,0,2,2
ILOILO,fresh fish,POTOTAN,pieces or units,1,55,1,1,0,0,0,0,0,0,3,0,3,3
ILOILO,fresh fish,POTOTAN,pieces or units,2,85,1,0,1,0,0,0,0,0,3,0,3,3
ILOILO,fresh fish,POTOTAN,pieces or units,3,130,1,0,0,1,0,0,0,0,3,0,3,3
ILOILO,"ice cream, sorbet, edible ice (eg., ice-lolli, halo-halo)",POTOTAN,cone,1,224,1,0,0,0,0,1,0,0,3,0,1,1
ILOILO,"ice cream, sorbet, edible ice (eg., ice-lolli, halo-halo)",POTOTAN,pieces or units,1,15,1,1,0,0,0,0,0,0,3,0,3,3
ILOILO,"ice cream, sorbet, edible ice (eg., ice-lolli, halo-halo)",POTOTAN,pieces or units,2,45,1,0,1,0,0,0,0,0,3,0,3,3
ILOILO,"ice cream, sorbet, edible ice (eg., ice-lolli, halo-halo)",POTOTAN,pieces or units,3,80,1,0,0,1,0,0,0,0,3,0,3,3
ILOILO,"ice cream, sorbet, edible ice (eg., ice-lolli, halo-halo)",POTOTAN,small cup,1,25,1,0,0,0,1,0,0,0,3,0,1,1
ILOILO,"liquor (e.g, whisky, coconut wine)",POTOTAN,lipid/lapad,1,77.75,1,1,0,0,0,0,0,0,3,0,3,3
ILOILO,"liquor (e.g, whisky, coconut wine)",POTOTAN,lipid/lapad,2,102.5,1,0,1,0,0,0,0,0,3,0,3,3
ILOILO,"liquor (e.g, whisky, coconut wine)",POTOTAN,lipid/lapad,3,236.25,1,0,0,1,0,0,0,0,3,0,3,3
ILOILO,"liquor (e.g, whisky, coconut wine)",POTOTAN,long-neck,1,180,1,0,0,0,0,1,0,0,3,0,3,1
ILOILO,"liquor (e.g, whisky, coconut wine)",POTOTAN,long-neck,2,375,1,0,0,0,0,0,1,0,3,1,3,1
ILOILO,"liquor (e.g, whisky, coconut wine)",POTOTAN,long-neck,3,900,1,0,0,0,0,0,1,0,3,1,3,1
ILOILO,loaf bread,POTOTAN,large packs,1,82.625,2,1,1,0,0,0,0,0,3,0,2,2
ILOILO,loaf bread,POTOTAN,large packs,2,151,1,0,0,1,0,0,0,0,3,0,2,2
ILOILO,loaf bread,POTOTAN,medium packs,1,65,1,0,0,0,1,0,0,0,3,0,1,1
ILOILO,loaf bread,POTOTAN,small packs,1,40,1,0,0,0,1,0,0,0,3,0,1,1
ILOILO,mango,POTOTAN,pieces or units,1,50,1,1,1,0,0,0,0,0,3,0,2,2
ILOILO,mango,POTOTAN,pieces or units,2,97.5,1,0,0,1,0,0,0,0,3,0,2,2
ILOILO,pork,POTOTAN,pieces or units,1,25,1,0,0,0,0,0,1,0,2,1,2,1
ILOILO,pork,POTOTAN,pieces or units,2,47.5,1,0,0,0,0,1,0,0,2,0,2,1
ILOILO,"preserved or processed meat (tocino, tapa, longaniza, etc)",POTOTAN,bilog,1,72,1,0,0,0,1,0,0,0,3,0,1,1
ILOILO,"preserved or processed meat (tocino, tapa, longaniza, etc)",POTOTAN,putos,1,70,1,1,0,0,0,0,0,0,3,0,3,3
ILOILO,"preserved or processed meat (tocino, tapa, longaniza, etc)",POTOTAN,putos,2,100,1,0,1,0,0,0,0,0,3,0,3,3
ILOILO,"preserved or processed meat (tocino, tapa, longaniza, etc)",POTOTAN,putos,3,161.25,1,0,0,1,0,0,0,0,3,0,3,3
ILOILO,rice,POTOTAN,salmon,1,305,1,1,0,0,0,0,0,0,1,0,3,3
ILOILO,rice,POTOTAN,salmon,2,450,1,0,1,0,0,0,0,0,1,0,3,3
ILOILO,rice,POTOTAN,salmon,3,609,1,0,0,1,0,0,0,0,1,0,3,3
ILOILO,cabbage,SAN DIONISIO,pieces or units,1,30,1,0,0,0,1,0,0,0,3,0,1,1
ILOILO,cabbage,SAN DIONISIO,sliced,1,20,1,0,0,0,0,1,0,0,3,0,1,1
ILOILO,camote,SAN DIONISIO,bilog,1,30,1,0,0,0,0,1,0,0,3,0,2,1
ILOILO,camote,SAN DIONISIO,bilog,2,60,1,0,0,0,0,0,1,0,3,1,2,1
ILOILO,camote tops,SAN DIONISIO,bugkos,1,20,1,0,0,0,1,0,0,0,3,0,1,1
ILOILO,carrot,SAN DIONISIO,pieces or units,1,28.75,2,1,1,0,0,0,0,0,3,0,2,2
ILOILO,carrot,SAN DIONISIO,pieces or units,2,65,1,0,0,1,0,0,0,0,3,0,2,2
ILOILO,chicken,SAN DIONISIO,bilog,1,160,1,1,0,0,0,0,0,0,3,0,3,3
ILOILO,chicken,SAN DIONISIO,bilog,2,200,1,0,1,0,0,0,0,0,3,0,3,3
ILOILO,chicken,SAN DIONISIO,bilog,3,700,1,0,0,1,0,0,0,0,3,0,3,3
ILOILO,"crackers, cookies, buiscuits, chips/curls",SAN DIONISIO,pieces or units,1,40,1,0,0,0,1,0,0,0,3,0,1,1
ILOILO,"crackers, cookies, buiscuits, chips/curls",SAN DIONISIO,putos,1,21.5,1,1,0,0,0,0,0,0,3,0,3,3
ILOILO,"crackers, cookies, buiscuits, chips/curls",SAN DIONISIO,putos,2,44,1,0,1,0,0,0,0,0,3,0,3,3
ILOILO,"crackers, cookies, buiscuits, chips/curls",SAN DIONISIO,putos,3,77,1,0,0,1,0,0,0,0,3,0,3,3
ILOILO,fresh fish,SAN DIONISIO,pieces or units,1,50,1,1,0,0,0,0,0,0,3,0,3,3
ILOILO,fresh fish,SAN DIONISIO,pieces or units,2,100,1,0,1,0,0,0,0,0,3,0,3,3
ILOILO,fresh fish,SAN DIONISIO,pieces or units,3,337.5,1,0,0,1,0,0,0,0,3,0,3,3
ILOILO,"ice cream, sorbet, edible ice (eg., ice-lolli, halo-halo)",SAN DIONISIO,pieces or units,1,30,2,1,1,0,0,0,0,0,3,0,2,2
ILOILO,"ice cream, sorbet, edible ice (eg., ice-lolli, halo-halo)",SAN DIONISIO,pieces or units,2,100,1,0,0,1,0,0,0,0,3,0,2,2
ILOILO,"liquor (e.g, whisky, coconut wine)",SAN DIONISIO,lipid/lapad,1,75,1,1,0,0,0,0,0,0,3,0,3,3
ILOILO,"liquor (e.g, whisky, coconut wine)",SAN DIONISIO,lipid/lapad,2,130,1,0,1,0,0,0,0,0,3,0,3,3
ILOILO,"liquor (e.g, whisky, coconut wine)",SAN DIONISIO,lipid/lapad,3,225,1,0,0,1,0,0,0,0,3,0,3,3
ILOILO,loaf bread,SAN DIONISIO,medium packs,1,64.5,2,1,1,0,0,0,0,0,3,0,2,2
ILOILO,loaf bread,SAN DIONISIO,medium packs,2,140,1,0,0,1,0,0,0,0,3,0,2,2
ILOILO,loaf bread,SAN DIONISIO,tama-tama nga putos,1,48.5,1,1,0,0,0,0,0,0,3,0,2,2
ILOILO,loaf bread,SAN DIONISIO,tama-tama nga putos,2,110,2,0,1,1,0,0,0,0,3,0,2,2
ILOILO,mango,SAN DIONISIO,pieces or units,1,80,1,0,0,0,0,1,0,0,3,0,1,1
ILOILO,"prawns, lobster, shrimp",SAN DIONISIO,tumpok,1,60,1,0,0,0,0,1,0,0,3,0,1,1
ILOILO,"preserved or processed meat (tocino, tapa, longaniza, etc)",SAN DIONISIO,cans,1,48,1,0,0,0,0,0,1,0,3,1,2,1
ILOILO,"preserved or processed meat (tocino, tapa, longaniza, etc)",SAN DIONISIO,cans,2,105,1,0,0,0,0,1,0,0,3,0,2,1
ILOILO,"preserved or processed meat (tocino, tapa, longaniza, etc)",SAN DIONISIO,putos,1,50,1,1,0,0,0,0,0,0,3,0,3,3
ILOILO,"preserved or processed meat (tocino, tapa, longaniza, etc)",SAN DIONISIO,putos,2,90,1,0,1,0,0,0,0,0,3,0,3,3
ILOILO,"preserved or processed meat (tocino, tapa, longaniza, etc)",SAN DIONISIO,putos,3,160,1,0,0,1,0,0,0,0,3,0,3,3
ILOILO,cabbage,SAN ENRIQUE,pieces or units,1,31.25,2,1,1,0,0,0,0,0,3,0,2,2
ILOILO,cabbage,SAN ENRIQUE,pieces or units,2,82,1,0,0,1,0,0,0,0,3,0,2,2
ILOILO,cabbage,SAN ENRIQUE,small packs,1,20,1,0,0,0,0,1,0,0,3,0,1,1
ILOILO,camote,SAN ENRIQUE,bilog,1,30,1,0,0,0,0,1,0,0,3,0,1,1
ILOILO,camote tops,SAN ENRIQUE,bugkos,1,20,1,0,0,0,1,0,0,0,3,0,1,1
ILOILO,camote tops,SAN ENRIQUE,bundle,1,20,1,0,0,0,1,0,0,0,3,0,1,1
ILOILO,carrot,SAN ENRIQUE,pieces or units,1,45,1,0,0,0,1,0,0,0,3,0,1,1
ILOILO,chicken,SAN ENRIQUE,whole (chicken),1,180,1,1,0,0,0,0,0,0,3,0,3,3
ILOILO,chicken,SAN ENRIQUE,whole (chicken),2,240,1,0,1,0,0,0,0,0,3,0,3,3
ILOILO,chicken,SAN ENRIQUE,whole (chicken),3,280,1,0,0,1,0,0,0,0,3,0,3,3
ILOILO,"crackers, cookies, buiscuits, chips/curls",SAN ENRIQUE,pieces or units,1,43,2,1,1,0,0,0,0,0,3,0,2,2
ILOILO,"crackers, cookies, buiscuits, chips/curls",SAN ENRIQUE,pieces or units,2,89.75,1,0,0,1,0,0,0,0,3,0,2,2
ILOILO,"crackers, cookies, buiscuits, chips/curls",SAN ENRIQUE,putos,1,67.5,2,1,1,0,0,0,0,0,3,0,2,2
ILOILO,"crackers, cookies, buiscuits, chips/curls",SAN ENRIQUE,putos,2,115,1,0,0,1,0,0,0,0,3,0,2,2
ILOILO,"drinks at restaurant, hotel, cafe, or kiosk",SAN ENRIQUE,pieces,1,225,1,0,0,1,0,0,0,0,3,0,1,1
ILOILO,fresh fish,SAN ENRIQUE,pack,1,150,1,0,0,0,0,0,1,0,3,1,3,1
ILOILO,fresh fish,SAN ENRIQUE,pack,2,300,1,0,0,0,0,1,0,0,3,0,3,1
ILOILO,fresh fish,SAN ENRIQUE,pack,3,400,1,0,0,0,0,0,1,0,3,1,3,1
ILOILO,fresh fish,SAN ENRIQUE,pieces or units,1,20,1,0,0,0,0,0,1,0,3,1,3,2
ILOILO,fresh fish,SAN ENRIQUE,pieces or units,2,103.3333333333333,3,1,1,0,0,0,1,0,3,0,3,2
ILOILO,fresh fish,SAN ENRIQUE,pieces or units,3,150,1,0,0,1,0,0,1,0,3,0,3,2
ILOILO,"ice cream, sorbet, edible ice (eg., ice-lolli, halo-halo)",SAN ENRIQUE,pieces or units,1,29,1,1,0,0,0,0,0,0,3,0,3,3
ILOILO,"ice cream, sorbet, edible ice (eg., ice-lolli, halo-halo)",SAN ENRIQUE,pieces or units,2,50,1,0,1,0,0,0,0,0,3,0,3,3
ILOILO,"ice cream, sorbet, edible ice (eg., ice-lolli, halo-halo)",SAN ENRIQUE,pieces or units,3,99.5,1,0,0,1,0,0,0,0,3,0,3,3
ILOILO,"ice cream, sorbet, edible ice (eg., ice-lolli, halo-halo)",SAN ENRIQUE,putos,1,56,1,0,0,0,1,0,0,0,3,0,1,1
ILOILO,"ice cream, sorbet, edible ice (eg., ice-lolli, halo-halo)",SAN ENRIQUE,small cup,1,30,1,0,0,0,0,1,0,0,3,0,1,1
ILOILO,"liquor (e.g, whisky, coconut wine)",SAN ENRIQUE,lipid/lapad,1,80,1,1,0,0,0,0,0,0,3,0,3,3
ILOILO,"liquor (e.g, whisky, coconut wine)",SAN ENRIQUE,lipid/lapad,2,150,1,0,1,0,0,0,0,0,3,0,3,3
ILOILO,"liquor (e.g, whisky, coconut wine)",SAN ENRIQUE,lipid/lapad,3,215,1,0,0,1,0,0,0,0,3,0,3,3
ILOILO,"liquor (e.g, whisky, coconut wine)",SAN ENRIQUE,long-neck,1,75,1,0,0,0,0,0,1,0,3,1,2,1
ILOILO,"liquor (e.g, whisky, coconut wine)",SAN ENRIQUE,long-neck,2,180,1,0,0,0,0,1,0,0,3,0,2,1
ILOILO,loaf bread,SAN ENRIQUE,large packs,1,90,1,0,0,0,1,0,0,0,3,0,1,1
ILOILO,loaf bread,SAN ENRIQUE,medium packs,1,70,1,0,0,0,1,0,0,0,3,0,1,1
ILOILO,loaf bread,SAN ENRIQUE,small packs,1,45,1,0,0,0,1,0,0,0,3,0,1,1
ILOILO,"prawns, lobster, shrimp",SAN ENRIQUE,pieces or units,1,50,1,0,0,0,0,1,0,0,3,0,1,1
ILOILO,"preserved or processed meat (tocino, tapa, longaniza, etc)",SAN ENRIQUE,putos,1,50,1,1,0,0,0,0,0,0,3,0,3,3
ILOILO,"preserved or processed meat (tocino, tapa, longaniza, etc)",SAN ENRIQUE,putos,2,85,1,0,1,0,0,0,0,0,3,0,3,3
ILOILO,"preserved or processed meat (tocino, tapa, longaniza, etc)",SAN ENRIQUE,putos,3,132.5,1,0,0,1,0,0,0,0,3,0,3,3
ILOILO,cabbage,SAN JOAQUIN,pack,1,20,1,0,0,0,0,1,0,0,2,0,1,1
ILOILO,cabbage,SAN JOAQUIN,pieces or units,1,40,2,1,1,0,0,0,0,0,3,0,2,2
ILOILO,cabbage,SAN JOAQUIN,pieces or units,2,80,1,0,0,1,0,0,0,0,3,0,2,2
ILOILO,camote,SAN JOAQUIN,bilog,1,30,1,0,0,0,0,1,0,0,3,0,1,1
ILOILO,camote tops,SAN JOAQUIN,bugkos,1,20,1,0,0,0,1,0,0,0,3,0,1,1
ILOILO,carrot,SAN JOAQUIN,pieces or units,1,30,1,0,0,0,1,0,0,0,3,0,1,1
ILOILO,chicken,SAN JOAQUIN,bilog,1,200,1,1,0,0,0,0,0,0,3,0,3,3
ILOILO,chicken,SAN JOAQUIN,bilog,2,250,1,0,1,0,0,0,0,0,3,0,3,3
ILOILO,chicken,SAN JOAQUIN,bilog,3,360,1,0,0,1,0,0,0,0,3,0,3,3
ILOILO,chicken,SAN JOAQUIN,pieces or units,1,225,1,1,0,0,0,0,0,0,3,0,3,3
ILOILO,chicken,SAN JOAQUIN,pieces or units,2,250,1,0,1,0,0,0,0,0,3,0,3,3
ILOILO,chicken,SAN JOAQUIN,pieces or units,3,325,1,0,0,1,0,0,0,0,3,0,3,3
ILOILO,"crackers, cookies, buiscuits, chips/curls",SAN JOAQUIN,pieces or units,1,45.75,2,1,1,0,0,0,0,0,3,0,2,2
ILOILO,"crackers, cookies, buiscuits, chips/curls",SAN JOAQUIN,pieces or units,2,126,1,0,0,1,0,0,0,0,3,0,2,2
ILOILO,"crackers, cookies, buiscuits, chips/curls",SAN JOAQUIN,putos,1,62.25,2,1,1,0,0,0,0,0,3,0,2,2
ILOILO,"crackers, cookies, buiscuits, chips/curls",SAN JOAQUIN,putos,2,101,1,0,0,1,0,0,0,0,3,0,2,2
ILOILO,fresh fish,SAN JOAQUIN,pieces or units,1,100,1,0,0,0,0,1,0,0,3,0,1,1
ILOILO,"ice cream, sorbet, edible ice (eg., ice-lolli, halo-halo)",SAN JOAQUIN,pieces or units,1,40,1,0,0,0,1,0,0,0,3,0,1,1
ILOILO,"ice cream, sorbet, edible ice (eg., ice-lolli, halo-halo)",SAN JOAQUIN,putos,1,25,1,0,0,0,0,0,1,0,3,1,2,1
ILOILO,"ice cream, sorbet, edible ice (eg., ice-lolli, halo-halo)",SAN JOAQUIN,putos,2,48,1,0,0,0,0,1,0,0,3,0,2,1
ILOILO,"ice cream, sorbet, edible ice (eg., ice-lolli, halo-halo)",SAN JOAQUIN,small cup,1,35,1,0,0,0,1,0,0,0,3,0,1,1
ILOILO,"liquor (e.g, whisky, coconut wine)",SAN JOAQUIN,lipid/lapad,1,87.5,2,1,1,0,0,0,0,0,3,0,2,2
ILOILO,"liquor (e.g, whisky, coconut wine)",SAN JOAQUIN,lipid/lapad,2,217.5,1,0,0,1,0,0,0,0,3,0,2,2
ILOILO,"liquor (e.g, whisky, coconut wine)",SAN JOAQUIN,long-neck,1,180,1,0,0,0,0,1,0,0,3,0,1,1
ILOILO,loaf bread,SAN JOAQUIN,large packs,1,92.5,1,0,0,0,0,1,0,0,3,0,2,1
ILOILO,loaf bread,SAN JOAQUIN,large packs,2,170,2,0,0,0,0,0,1,0,3,1,2,1
ILOILO,loaf bread,SAN JOAQUIN,medium packs,1,65,1,0,0,0,1,0,0,0,3,0,1,1
ILOILO,loaf bread,SAN JOAQUIN,small packs,1,49,1,0,0,0,0,1,0,0,3,0,2,1
ILOILO,loaf bread,SAN JOAQUIN,small packs,2,100,1,0,0,0,0,0,1,0,3,1,2,1
ILOILO,mango,SAN JOAQUIN,pieces or units,1,20,1,1,0,0,0,0,0,0,3,0,3,3
ILOILO,mango,SAN JOAQUIN,pieces or units,2,50,1,0,1,0,0,0,0,0,3,0,3,3
ILOILO,mango,SAN JOAQUIN,pieces or units,3,100,1,0,0,1,0,0,0,0,3,0,3,3
ILOILO,"preserved or processed meat (tocino, tapa, longaniza, etc)",SAN JOAQUIN,pack,1,90,1,0,0,0,0,1,0,0,3,0,2,1
ILOILO,"preserved or processed meat (tocino, tapa, longaniza, etc)",SAN JOAQUIN,pack,2,475,1,0,0,0,0,0,1,0,3,1,2,1
ILOILO,"preserved or processed meat (tocino, tapa, longaniza, etc)",SAN JOAQUIN,pieces or units,1,30,1,0,0,0,0,1,0,0,3,0,2,1
ILOILO,"preserved or processed meat (tocino, tapa, longaniza, etc)",SAN JOAQUIN,pieces or units,2,175,1,0,0,0,0,0,1,0,3,1,2,1
ILOILO,rice,SAN JOAQUIN,salmon,1,307.5,1,1,0,0,0,0,0,0,1,0,3,3
ILOILO,rice,SAN JOAQUIN,salmon,2,369,1,0,1,0,0,0,0,0,1,0,3,3
ILOILO,rice,SAN JOAQUIN,salmon,3,414.75,1,0,0,1,0,0,0,0,1,0,3,3
ILOILO,cabbage,SAN MIGUEL,pieces or units,1,50,1,0,0,0,0,1,0,0,3,0,2,1
ILOILO,cabbage,SAN MIGUEL,pieces or units,2,200,1,0,0,0,0,0,1,0,3,1,2,1
ILOILO,camote tops,SAN MIGUEL,bugkos,1,20,1,0,0,0,1,0,0,0,3,0,1,1
ILOILO,carrot,SAN MIGUEL,pieces or units,1,30,1,0,0,0,0,1,0,0,3,0,1,1
ILOILO,chicken,SAN MIGUEL,whole (chicken),1,200,1,1,0,0,0,0,0,0,3,0,3,3
ILOILO,chicken,SAN MIGUEL,whole (chicken),2,320,1,0,1,0,0,0,0,0,3,0,3,3
ILOILO,chicken,SAN MIGUEL,whole (chicken),3,400,1,0,0,1,0,0,0,0,3,0,3,3
ILOILO,"crackers, cookies, buiscuits, chips/curls",SAN MIGUEL,pieces or units,1,48,1,1,0,0,0,0,0,0,3,0,3,3
ILOILO,"crackers, cookies, buiscuits, chips/curls",SAN MIGUEL,pieces or units,2,70,1,0,1,0,0,0,0,0,3,0,3,3
ILOILO,"crackers, cookies, buiscuits, chips/curls",SAN MIGUEL,pieces or units,3,96,1,0,0,1,0,0,0,0,3,0,3,3
ILOILO,"crackers, cookies, buiscuits, chips/curls",SAN MIGUEL,putos,1,118,1,1,0,0,0,0,0,0,3,0,3,3
ILOILO,"crackers, cookies, buiscuits, chips/curls",SAN MIGUEL,putos,2,150,1,0,1,0,0,0,0,0,3,0,3,3
ILOILO,"crackers, cookies, buiscuits, chips/curls",SAN MIGUEL,putos,3,242.5,1,0,0,1,0,0,0,0,3,0,3,3
ILOILO,fresh fish,SAN MIGUEL,pieces or units,1,100,1,0,0,0,0,1,0,0,3,0,2,1
ILOILO,fresh fish,SAN MIGUEL,pieces or units,2,480,1,0,0,0,0,0,1,0,3,1,2,1
ILOILO,"ice cream, sorbet, edible ice (eg., ice-lolli, halo-halo)",SAN MIGUEL,pieces or units,1,60,1,0,0,0,1,0,0,0,3,0,1,1
ILOILO,"liquor (e.g, whisky, coconut wine)",SAN MIGUEL,lipid/lapad,1,76.25,1,1,0,0,0,0,0,0,3,0,3,3
ILOILO,"liquor (e.g, whisky, coconut wine)",SAN MIGUEL,lipid/lapad,2,198,1,0,1,0,0,0,0,0,3,0,3,3
ILOILO,"liquor (e.g, whisky, coconut wine)",SAN MIGUEL,lipid/lapad,3,315,1,0,0,1,0,0,0,0,3,0,3,3
ILOILO,loaf bread,SAN MIGUEL,large packs,1,170,1,0,0,0,1,0,0,0,3,0,1,1
ILOILO,loaf bread,SAN MIGUEL,small packs,1,50.5,2,1,1,0,0,0,0,0,3,0,2,2
ILOILO,loaf bread,SAN MIGUEL,small packs,2,195,1,0,0,1,0,0,0,0,3,0,2,2
ILOILO,loaf bread,SAN MIGUEL,tama-tama nga putos,1,92.5,2,1,1,0,0,0,0,0,3,0,2,2
ILOILO,loaf bread,SAN MIGUEL,tama-tama nga putos,2,150,1,0,0,1,0,0,0,0,3,0,2,2
ILOILO,"preserved or processed meat (tocino, tapa, longaniza, etc)",SAN MIGUEL,bilog,1,50,1,0,0,0,0,1,0,0,3,0,1,1
ILOILO,"preserved or processed meat (tocino, tapa, longaniza, etc)",SAN MIGUEL,putos,1,150,1,1,0,0,0,0,0,0,3,0,3,3
ILOILO,"preserved or processed meat (tocino, tapa, longaniza, etc)",SAN MIGUEL,putos,2,180,1,0,1,0,0,0,0,0,3,0,3,3
ILOILO,"preserved or processed meat (tocino, tapa, longaniza, etc)",SAN MIGUEL,putos,3,290,1,0,0,1,0,0,0,0,3,0,3,3
ILOILO,cabbage,SAN RAFAEL,pack,1,20,1,0,0,0,0,1,0,0,2,0,1,1
ILOILO,cabbage,SAN RAFAEL,pieces or units,1,50,1,0,0,0,1,0,0,0,3,0,1,1
ILOILO,camote,SAN RAFAEL,bilog,1,45,1,0,0,0,1,0,0,0,3,0,1,1
ILOILO,camote tops,SAN RAFAEL,bugkos,1,30,1,0,0,0,1,0,0,0,3,0,1,1
ILOILO,carrot,SAN RAFAEL,pieces or units,1,40,1,0,0,0,1,0,0,0,3,0,1,1
ILOILO,chicken,SAN RAFAEL,bilog,1,200,1,1,0,0,0,0,0,0,3,0,3,3
ILOILO,chicken,SAN RAFAEL,bilog,2,280,1,0,1,0,0,0,0,0,3,0,3,3
ILOILO,chicken,SAN RAFAEL,bilog,3,600,1,0,0,1,0,0,0,0,3,0,3,3
ILOILO,chicken,SAN RAFAEL,whole (chicken),1,245,1,1,0,0,0,0,0,0,3,0,3,3
ILOILO,chicken,SAN RAFAEL,whole (chicken),2,300,1,0,1,0,0,0,0,0,3,0,3,3
ILOILO,chicken,SAN RAFAEL,whole (chicken),3,502.5,1,0,0,1,0,0,0,0,3,0,3,3
ILOILO,"crackers, cookies, buiscuits, chips/curls",SAN RAFAEL,pieces or units,1,60,2,1,1,0,0,0,0,0,3,0,2,2
ILOILO,"crackers, cookies, buiscuits, chips/curls",SAN RAFAEL,pieces or units,2,119,1,0,0,1,0,0,0,0,3,0,2,2
ILOILO,"crackers, cookies, buiscuits, chips/curls",SAN RAFAEL,putos,1,55.625,2,1,1,0,0,0,0,0,3,0,2,2
ILOILO,"crackers, cookies, buiscuits, chips/curls",SAN RAFAEL,putos,2,117.5,1,0,0,1,0,0,0,0,3,0,2,2
ILOILO,fresh fish,SAN RAFAEL,pieces or units,1,100,1,1,1,0,0,0,0,0,3,0,2,2
ILOILO,fresh fish,SAN RAFAEL,pieces or units,2,160,1,0,0,1,0,0,0,0,3,0,2,2
ILOILO,"ice cream, sorbet, edible ice (eg., ice-lolli, halo-halo)",SAN RAFAEL,cone,1,10,1,0,0,0,0,0,1,0,3,1,2,1
ILOILO,"ice cream, sorbet, edible ice (eg., ice-lolli, halo-halo)",SAN RAFAEL,cone,2,32.5,1,0,0,0,0,1,0,0,3,0,2,1
ILOILO,"ice cream, sorbet, edible ice (eg., ice-lolli, halo-halo)",SAN RAFAEL,pieces or units,1,24.5,1,1,0,0,0,0,0,0,3,0,2,2
ILOILO,"ice cream, sorbet, edible ice (eg., ice-lolli, halo-halo)",SAN RAFAEL,pieces or units,2,57.5,2,0,1,1,0,0,0,0,3,0,2,2
ILOILO,"ice cream, sorbet, edible ice (eg., ice-lolli, halo-halo)",SAN RAFAEL,putos,1,20,1,0,0,0,0,0,1,0,3,1,2,1
ILOILO,"ice cream, sorbet, edible ice (eg., ice-lolli, halo-halo)",SAN RAFAEL,putos,2,48,1,0,0,0,0,1,0,0,3,0,2,1
ILOILO,"ice cream, sorbet, edible ice (eg., ice-lolli, halo-halo)",SAN RAFAEL,small cup,1,40,1,0,0,0,0,1,0,0,3,0,1,1
ILOILO,"liquor (e.g, whisky, coconut wine)",SAN RAFAEL,lipid/lapad,1,80,1,1,0,0,0,0,0,0,3,0,3,3
ILOILO,"liquor (e.g, whisky, coconut wine)",SAN RAFAEL,lipid/lapad,2,160,1,0,1,0,0,0,0,0,3,0,3,3
ILOILO,"liquor (e.g, whisky, coconut wine)",SAN RAFAEL,lipid/lapad,3,225,1,0,0,1,0,0,0,0,3,0,3,3
ILOILO,loaf bread,SAN RAFAEL,large packs,1,84.16666666666667,3,1,1,0,0,1,1,0,3,0,3,2
ILOILO,loaf bread,SAN RAFAEL,large packs,2,230,1,0,0,1,0,0,0,0,3,0,3,2
ILOILO,loaf bread,SAN RAFAEL,large packs,3,595,1,0,0,0,0,0,1,0,3,1,3,2
ILOILO,loaf bread,SAN RAFAEL,medium packs,1,66.5,1,0,0,0,1,0,0,0,3,0,1,1
ILOILO,loaf bread,SAN RAFAEL,small packs,1,50,1,0,0,0,0,1,0,0,3,0,1,1
ILOILO,"preserved or processed meat (tocino, tapa, longaniza, etc)",SAN RAFAEL,bilog,1,50,1,0,0,0,1,0,0,0,3,0,1,1
ILOILO,cabbage,SANTA BARBARA,pieces or units,1,40,1,0,0,0,1,0,0,0,3,0,1,1
ILOILO,camote,SANTA BARBARA,bilog,1,30,1,0,0,0,0,1,0,0,3,0,1,1
ILOILO,camote tops,SANTA BARBARA,bugkos,1,15,1,0,0,0,1,0,0,0,3,0,1,1
ILOILO,carrot,SANTA BARBARA,pieces or units,1,25,1,0,0,0,1,0,0,0,3,0,1,1
ILOILO,chicken,SANTA BARBARA,whole (chicken),1,205,2,1,1,0,0,0,0,0,3,0,2,2
ILOILO,chicken,SANTA BARBARA,whole (chicken),2,250,1,0,0,1,0,0,0,0,3,0,2,2
ILOILO,fresh fish,SANTA BARBARA,pieces or units,1,100,1,1,1,0,0,0,0,0,3,0,2,2
ILOILO,fresh fish,SANTA BARBARA,pieces or units,2,150,1,0,0,1,0,0,0,0,3,0,2,2
ILOILO,"ice cream, sorbet, edible ice (eg., ice-lolli, halo-halo)",SANTA BARBARA,pieces or units,1,42,1,0,0,0,0,1,0,0,3,0,1,1
ILOILO,"ice cream, sorbet, edible ice (eg., ice-lolli, halo-halo)",SANTA BARBARA,putos,1,67.5,1,0,0,0,1,0,0,0,3,0,1,1
ILOILO,"liquor (e.g, whisky, coconut wine)",SANTA BARBARA,lipid/lapad,1,77.5,1,1,0,0,0,0,0,0,3,0,3,3
ILOILO,"liquor (e.g, whisky, coconut wine)",SANTA BARBARA,lipid/lapad,2,140,1,0,1,0,0,0,0,0,3,0,3,3
ILOILO,"liquor (e.g, whisky, coconut wine)",SANTA BARBARA,lipid/lapad,3,192.5,1,0,0,1,0,0,0,0,3,0,3,3
ILOILO,"liquor (e.g, whisky, coconut wine)",SANTA BARBARA,long-neck,1,180,1,0,0,0,0,1,0,0,3,0,1,1
ILOILO,loaf bread,SANTA BARBARA,large packs,1,90,1,0,0,0,1,0,0,0,3,0,1,1
ILOILO,loaf bread,SANTA BARBARA,medium packs,1,65,1,0,0,0,1,0,0,0,3,0,1,1
ILOILO,loaf bread,SANTA BARBARA,small packs,1,50,1,0,0,0,0,1,0,0,3,0,2,1
ILOILO,loaf bread,SANTA BARBARA,small packs,2,105,2,0,0,0,0,0,1,0,3,1,2,1
ILOILO,mango,SANTA BARBARA,pieces or units,1,50,1,0,0,0,0,0,1,0,3,1,2,1
ILOILO,mango,SANTA BARBARA,pieces or units,2,80,1,0,0,0,0,1,0,0,3,0,2,1
ILOILO,"preserved or processed meat (tocino, tapa, longaniza, etc)",SANTA BARBARA,putos,1,45,1,1,0,0,0,0,0,0,3,0,3,3
ILOILO,"preserved or processed meat (tocino, tapa, longaniza, etc)",SANTA BARBARA,putos,2,80,1,0,1,0,0,0,0,0,3,0,3,3
ILOILO,"preserved or processed meat (tocino, tapa, longaniza, etc)",SANTA BARBARA,putos,3,130,1,0,0,1,0,0,0,0,3,0,3,3
ILOILO,cabbage,SARA,pieces or units,1,50,2,1,1,0,0,0,0,0,2,0,2,2
ILOILO,cabbage,SARA,pieces or units,2,90,1,0,0,1,0,0,0,0,2,0,2,2
ILOILO,camote,SARA,bilog,1,30,1,0,0,0,0,1,0,0,3,0,2,1
ILOILO,camote,SARA,bilog,2,150,1,0,0,0,0,0,1,0,3,1,2,1
ILOILO,camote tops,SARA,bugkos,1,20,1,0,0,0,1,0,0,0,3,0,1,1
ILOILO,carrot,SARA,pieces or units,1,40,1,0,0,0,1,0,0,0,2,0,1,1
ILOILO,chicken,SARA,whole (chicken),1,230,1,1,0,0,0,0,0,0,3,0,3,3
ILOILO,chicken,SARA,whole (chicken),2,500,1,0,1,0,0,0,0,0,3,0,3,3
ILOILO,chicken,SARA,whole (chicken),3,600,1,0,0,1,0,0,0,0,3,0,3,3
ILOILO,"crackers, cookies, buiscuits, chips/curls",SARA,pieces or units,1,24,1,1,0,0,0,0,0,0,3,0,3,3
ILOILO,"crackers, cookies, buiscuits, chips/curls",SARA,pieces or units,2,45,1,0,1,0,0,0,0,0,3,0,3,3
ILOILO,"crackers, cookies, buiscuits, chips/curls",SARA,pieces or units,3,80,1,0,0,1,0,0,0,0,3,0,3,3
ILOILO,"crackers, cookies, buiscuits, chips/curls",SARA,putos,1,65,2,1,1,0,0,0,0,0,3,0,2,2
ILOILO,"crackers, cookies, buiscuits, chips/curls",SARA,putos,2,127.5,1,0,0,1,0,0,0,0,3,0,2,2
ILOILO,fresh fish,SARA,pack,1,300,1,0,0,0,0,1,0,0,2,0,1,1
ILOILO,fresh fish,SARA,pieces or units,1,100,1,1,0,0,0,0,0,0,2,0,3,3
ILOILO,fresh fish,SARA,pieces or units,2,250,1,0,1,0,0,0,0,0,2,0,3,3
ILOILO,fresh fish,SARA,pieces or units,3,300,1,0,0,1,0,0,0,0,2,0,3,3
ILOILO,"ice cream, sorbet, edible ice (eg., ice-lolli, halo-halo)",SARA,pieces or units,1,28.75,2,1,1,0,0,0,0,0,3,0,2,2
ILOILO,"ice cream, sorbet, edible ice (eg., ice-lolli, halo-halo)",SARA,pieces or units,2,71.25,1,0,0,1,0,0,0,0,3,0,2,2
ILOILO,"ice cream, sorbet, edible ice (eg., ice-lolli, halo-halo)",SARA,small cup,1,25,2,1,1,0,0,0,0,0,3,0,2,2
ILOILO,"ice cream, sorbet, edible ice (eg., ice-lolli, halo-halo)",SARA,small cup,2,65,1,0,0,1,0,0,0,0,3,0,2,2
ILOILO,"liquor (e.g, whisky, coconut wine)",SARA,lipid/lapad,1,77.5,2,1,1,0,0,0,0,0,3,0,2,2
ILOILO,"liquor (e.g, whisky, coconut wine)",SARA,lipid/lapad,2,150,1,0,0,1,0,0,0,0,3,0,2,2
ILOILO,"liquor (e.g, whisky, coconut wine)",SARA,long-neck,1,130,1,0,0,0,0,0,1,0,3,1,2,1
ILOILO,"liquor (e.g, whisky, coconut wine)",SARA,long-neck,2,180,1,0,0,0,0,1,0,0,3,0,2,1
ILOILO,loaf bread,SARA,large packs,1,76.25,2,1,1,0,0,0,0,0,3,0,2,2
ILOILO,loaf bread,SARA,large packs,2,170,1,0,0,1,0,0,0,0,3,0,2,2
ILOILO,loaf bread,SARA,medium packs,1,63.75,2,1,1,0,0,0,0,0,3,0,2,2
ILOILO,loaf bread,SARA,medium packs,2,105,1,0,0,1,0,0,0,0,3,0,2,2
ILOILO,loaf bread,SARA,small packs,1,52.5,2,1,1,0,0,0,0,0,3,0,2,2
ILOILO,loaf bread,SARA,small packs,2,120,1,0,0,1,0,0,0,0,3,0,2,2
ILOILO,mango,SARA,pieces or units,1,80,1,0,0,0,1,0,0,0,3,0,1,1
ILOILO,"prawns, lobster, shrimp",SARA,tumpok,1,60,1,0,0,0,0,1,0,0,3,0,2,1
ILOILO,"prawns, lobster, shrimp",SARA,tumpok,2,100,1,0,0,0,0,0,1,0,3,1,2,1
ILOILO,"preserved or processed meat (tocino, tapa, longaniza, etc)",SARA,bilog,1,45,1,0,0,0,1,0,0,0,3,0,1,1
ILOILO,"preserved or processed meat (tocino, tapa, longaniza, etc)",SARA,putos,1,47.5,1,1,0,0,0,0,0,0,3,0,2,2
ILOILO,"preserved or processed meat (tocino, tapa, longaniza, etc)",SARA,putos,2,88.5,2,0,1,1,0,0,0,0,3,0,2,2
ILOILO,rice,SARA,gantang,1,325,1,0,0,0,0,1,0,0,1,0,2,1
ILOILO,rice,SARA,gantang,2,390,1,0,0,0,0,0,1,0,1,1,2,1
ILOILO,cabbage,TIGBAUAN,pieces or units,1,37.5,1,0,0,0,0,1,0,0,2,0,1,1
ILOILO,cabbage,TIGBAUAN,putos (mix vegetable),1,20,1,0,0,0,0,1,0,0,2,0,1,1
ILOILO,camote,TIGBAUAN,bilog,1,30,1,0,0,0,0,1,0,0,2,0,1,1
ILOILO,camote,TIGBAUAN,small packs,1,70,1,0,0,0,0,1,0,0,2,0,1,1
ILOILO,camote tops,TIGBAUAN,bugkos,1,20,1,0,0,0,1,0,0,0,2,0,1,1
ILOILO,camote tops,TIGBAUAN,bundle,1,20,1,0,0,0,1,0,0,0,2,0,1,1
ILOILO,carrot,TIGBAUAN,pieces or units,1,35,2,0,0,0,1,1,0,0,3,0,1,1
ILOILO,carrot,TIGBAUAN,putos (mix vegetable),1,20,1,0,0,0,0,1,0,0,2,0,1,1
ILOILO,chicken,TIGBAUAN,bilog,1,197.5,1,1,0,0,0,0,0,0,3,0,3,3
ILOILO,chicken,TIGBAUAN,bilog,2,250,1,0,1,0,0,0,0,0,3,0,3,3
ILOILO,chicken,TIGBAUAN,bilog,3,350,1,0,0,1,0,0,0,0,3,0,3,3
ILOILO,chicken,TIGBAUAN,pieces or units,1,100,1,0,0,0,0,1,0,0,2,0,1,1
ILOILO,chicken,TIGBAUAN,slice,1,50,1,0,0,0,0,1,0,0,2,0,1,1
ILOILO,chicken,TIGBAUAN,whole (chicken),1,200,1,1,0,0,0,0,0,0,3,0,2,2
ILOILO,chicken,TIGBAUAN,whole (chicken),2,252.5,2,0,1,1,0,0,0,0,3,0,2,2
ILOILO,"crackers, cookies, buiscuits, chips/curls",TIGBAUAN,pack,1,130,1,0,0,0,1,0,0,0,3,0,1,1
ILOILO,"crackers, cookies, buiscuits, chips/curls",TIGBAUAN,pieces or units,1,24,1,1,0,0,0,0,0,0,3,0,3,3
ILOILO,"crackers, cookies, buiscuits, chips/curls",TIGBAUAN,pieces or units,2,50,1,0,1,0,0,0,0,0,3,0,3,3
ILOILO,"crackers, cookies, buiscuits, chips/curls",TIGBAUAN,pieces or units,3,130,1,0,0,1,0,0,0,0,3,0,3,3
ILOILO,"crackers, cookies, buiscuits, chips/curls",TIGBAUAN,putos,1,60,1,1,0,0,0,0,0,0,3,0,3,3
ILOILO,"crackers, cookies, buiscuits, chips/curls",TIGBAUAN,putos,2,100,1,0,1,0,0,0,0,0,3,0,3,3
ILOILO,"crackers, cookies, buiscuits, chips/curls",TIGBAUAN,putos,3,130,1,0,0,1,0,0,0,0,3,0,3,3
ILOILO,fresh fish,TIGBAUAN,pieces or units,1,81.25,1,1,0,0,0,0,0,0,2,0,3,3
ILOILO,fresh fish,TIGBAUAN,pieces or units,2,105,1,0,1,0,0,0,0,0,2,0,3,3
ILOILO,fresh fish,TIGBAUAN,pieces or units,3,162.5,1,0,0,1,0,0,0,0,2,0,3,3
ILOILO,"ice cream, sorbet, edible ice (eg., ice-lolli, halo-halo)",TIGBAUAN,gallons,1,500,1,0,0,0,0,1,0,0,3,0,1,1
ILOILO,"ice cream, sorbet, edible ice (eg., ice-lolli, halo-halo)",TIGBAUAN,pieces or units,1,51.25,2,1,0,0,0,1,0,0,3,0,3,3
ILOILO,"ice cream, sorbet, edible ice (eg., ice-lolli, halo-halo)",TIGBAUAN,pieces or units,2,90,1,0,1,0,0,0,0,0,3,0,3,3
ILOILO,"ice cream, sorbet, edible ice (eg., ice-lolli, halo-halo)",TIGBAUAN,pieces or units,3,125.25,1,0,0,1,0,0,0,0,3,0,3,3
ILOILO,"ice cream, sorbet, edible ice (eg., ice-lolli, halo-halo)",TIGBAUAN,plastic cup,1,77.5,1,0,0,0,0,1,0,0,3,0,1,1
ILOILO,"ice cream, sorbet, edible ice (eg., ice-lolli, halo-halo)",TIGBAUAN,putos,1,30.875,2,1,1,0,0,0,0,0,3,0,2,2
ILOILO,"ice cream, sorbet, edible ice (eg., ice-lolli, halo-halo)",TIGBAUAN,putos,2,87.5,1,0,0,1,0,0,0,0,3,0,2,2
ILOILO,"ice cream, sorbet, edible ice (eg., ice-lolli, halo-halo)",TIGBAUAN,small cup,1,42.5,3,1,1,0,0,1,0,0,3,0,2,2
ILOILO,"ice cream, sorbet, edible ice (eg., ice-lolli, halo-halo)",TIGBAUAN,small cup,2,89.5,1,0,0,1,0,0,0,0,3,0,2,2
ILOILO,"liquor (e.g, whisky, coconut wine)",TIGBAUAN,lipid/lapad,1,80,1,1,1,0,0,0,0,0,3,0,2,2
ILOILO,"liquor (e.g, whisky, coconut wine)",TIGBAUAN,lipid/lapad,2,160,1,0,0,1,0,0,0,0,3,0,2,2
ILOILO,"liquor (e.g, whisky, coconut wine)",TIGBAUAN,long-neck,1,180,1,0,0,0,0,1,0,0,3,0,3,1
ILOILO,"liquor (e.g, whisky, coconut wine)",TIGBAUAN,long-neck,2,300,1,0,0,0,0,0,1,0,3,1,3,1
ILOILO,"liquor (e.g, whisky, coconut wine)",TIGBAUAN,long-neck,3,450,1,0,0,0,0,0,1,0,3,1,3,1
ILOILO,loaf bread,TIGBAUAN,large packs,1,92.375,4,1,1,0,0,0,0,0,3,0,2,2
ILOILO,loaf bread,TIGBAUAN,large packs,2,157.5,2,0,0,1,0,0,0,0,3,0,2,2
ILOILO,loaf bread,TIGBAUAN,medium packs,1,75,1,1,0,0,0,0,0,0,3,0,2,2
ILOILO,loaf bread,TIGBAUAN,medium packs,2,110,2,0,1,1,0,0,0,0,3,0,2,2
ILOILO,loaf bread,TIGBAUAN,small packs,1,46.25,2,1,1,0,0,0,0,0,3,0,2,2
ILOILO,loaf bread,TIGBAUAN,small packs,2,83.75,1,0,0,1,0,0,0,0,3,0,2,2
ILOILO,mango,TIGBAUAN,pieces or units,1,52.5,1,1,0,0,0,0,0,0,2,0,3,3
ILOILO,mango,TIGBAUAN,pieces or units,2,80,1,0,1,0,0,0,0,0,2,0,3,3
ILOILO,mango,TIGBAUAN,pieces or units,3,150,1,0,0,1,0,0,0,0,2,0,3,3
ILOILO,"preserved or processed meat (tocino, tapa, longaniza, etc)",TIGBAUAN,bilog,1,122.5,1,1,0,0,0,0,0,0,3,0,3,3
ILOILO,"preserved or processed meat (tocino, tapa, longaniza, etc)",TIGBAUAN,bilog,2,175,1,0,1,0,0,0,0,0,3,0,3,3
ILOILO,"preserved or processed meat (tocino, tapa, longaniza, etc)",TIGBAUAN,bilog,3,252.5,1,0,0,1,0,0,0,0,3,0,3,3
ILOILO,"preserved or processed meat (tocino, tapa, longaniza, etc)",TIGBAUAN,pack,1,60,1,1,1,0,0,0,0,0,3,0,2,2
ILOILO,"preserved or processed meat (tocino, tapa, longaniza, etc)",TIGBAUAN,pack,2,105,1,0,0,1,0,0,0,0,3,0,2,2
ILOILO,"preserved or processed meat (tocino, tapa, longaniza, etc)",TIGBAUAN,putos,1,55.75,1,1,0,0,0,0,0,0,3,0,3,3
ILOILO,"preserved or processed meat (tocino, tapa, longaniza, etc)",TIGBAUAN,putos,2,90,1,0,1,0,0,0,0,0,3,0,3,3
ILOILO,"preserved or processed meat (tocino, tapa, longaniza, etc)",TIGBAUAN,putos,3,172.5,1,0,0,1,0,0,0,0,3,0,3,3
ILOILO,rice,TIGBAUAN,salmon,1,225,1,1,0,0,0,0,0,0,1,0,3,3
ILOILO,rice,TIGBAUAN,salmon,2,455,1,0,1,0,0,0,0,0,1,0,3,3
ILOILO,rice,TIGBAUAN,salmon,3,530,1,0,0,1,0,0,0,0,1,0,3,3
ILOILO,cabbage,TUBUNGAN,pack,1,27.5,1,0,0,0,0,1,0,0,3,0,1,1
ILOILO,cabbage,TUBUNGAN,pieces or units,1,40,1,0,0,0,1,0,0,0,3,0,1,1
ILOILO,camote tops,TUBUNGAN,bugkos,1,20,1,0,0,0,1,0,0,0,2,0,1,1
ILOILO,carrot,TUBUNGAN,pieces or units,1,45,1,0,0,0,1,0,0,0,3,0,1,1
ILOILO,chicken,TUBUNGAN,bilog,1,200,1,1,0,0,0,0,0,0,3,0,3,3
ILOILO,chicken,TUBUNGAN,bilog,2,280,1,0,1,0,0,0,0,0,3,0,3,3
ILOILO,chicken,TUBUNGAN,bilog,3,470,1,0,0,1,0,0,0,0,3,0,3,3
ILOILO,"drinks at restaurant, hotel, cafe, or kiosk",TUBUNGAN,pieces,1,150,1,0,0,1,0,0,0,0,3,0,1,1
ILOILO,fresh fish,TUBUNGAN,pieces or units,1,100,1,0,0,0,0,1,0,0,3,0,1,1
ILOILO,"ice cream, sorbet, edible ice (eg., ice-lolli, halo-halo)",TUBUNGAN,gallons,1,500,1,0,0,0,0,1,0,0,3,0,1,1
ILOILO,"ice cream, sorbet, edible ice (eg., ice-lolli, halo-halo)",TUBUNGAN,pieces or units,1,40,2,0,0,0,1,0,0,0,3,0,1,1
ILOILO,"ice cream, sorbet, edible ice (eg., ice-lolli, halo-halo)",TUBUNGAN,putos,1,48,1,0,0,0,0,1,0,0,3,0,2,1
ILOILO,"ice cream, sorbet, edible ice (eg., ice-lolli, halo-halo)",TUBUNGAN,putos,2,125,1,0,0,0,0,0,1,0,3,1,2,1
ILOILO,"liquor (e.g, whisky, coconut wine)",TUBUNGAN,lipid/lapad,1,85,1,1,0,0,0,0,0,0,3,0,3,3
ILOILO,"liquor (e.g, whisky, coconut wine)",TUBUNGAN,lipid/lapad,2,160,1,0,1,0,0,0,0,0,3,0,3,3
ILOILO,"liquor (e.g, whisky, coconut wine)",TUBUNGAN,lipid/lapad,3,210,1,0,0,1,0,0,0,0,3,0,3,3
ILOILO,"liquor (e.g, whisky, coconut wine)",TUBUNGAN,long-neck,1,167.5,1,1,0,0,0,0,0,0,3,0,3,3
ILOILO,"liquor (e.g, whisky, coconut wine)",TUBUNGAN,long-neck,2,190,1,0,1,0,0,0,0,0,3,0,3,3
ILOILO,"liquor (e.g, whisky, coconut wine)",TUBUNGAN,long-neck,3,245,1,0,0,1,0,0,0,0,3,0,3,3
ILOILO,loaf bread,TUBUNGAN,large packs,1,68.75,1,1,0,0,0,0,0,0,3,0,3,3
ILOILO,loaf bread,TUBUNGAN,large packs,2,120,1,0,1,0,0,0,0,0,3,0,3,3
ILOILO,loaf bread,TUBUNGAN,large packs,3,280,1,0,0,1,0,0,0,0,3,0,3,3
ILOILO,loaf bread,TUBUNGAN,medium packs,1,75,2,1,1,0,0,0,0,0,3,0,2,2
ILOILO,loaf bread,TUBUNGAN,medium packs,2,140,1,0,0,1,0,0,0,0,3,0,2,2
ILOILO,loaf bread,TUBUNGAN,small packs,1,49,1,0,0,0,0,1,0,0,3,0,2,1
ILOILO,loaf bread,TUBUNGAN,small packs,2,100,1,0,0,0,0,0,1,0,3,1,2,1
ILOILO,mango,TUBUNGAN,pieces or units,1,100,1,0,0,0,1,0,0,0,3,0,1,1
ILOILO,"preserved or processed meat (tocino, tapa, longaniza, etc)",TUBUNGAN,bilog,1,36,1,0,0,0,1,0,0,0,3,0,1,1
ILOILO,"preserved or processed meat (tocino, tapa, longaniza, etc)",TUBUNGAN,putos,1,72.5,1,1,0,0,0,0,0,0,3,0,3,3
ILOILO,"preserved or processed meat (tocino, tapa, longaniza, etc)",TUBUNGAN,putos,2,100,1,0,1,0,0,0,0,0,3,0,3,3
ILOILO,"preserved or processed meat (tocino, tapa, longaniza, etc)",TUBUNGAN,putos,3,147.5,1,0,0,1,0,0,0,0,3,0,3,3
ILOILO,rice,TUBUNGAN,salmon,1,203,1,1,0,0,0,0,0,0,1,0,3,3
ILOILO,rice,TUBUNGAN,salmon,2,280,1,0,1,0,0,0,0,0,1,0,3,3
ILOILO,rice,TUBUNGAN,salmon,3,317,1,0,0,1,0,0,0,0,1,0,3,3
ILOILO,cabbage,ZARRAGA,pack,1,20,1,0,0,0,0,1,0,0,3,0,1,1
ILOILO,cabbage,ZARRAGA,pieces or units,1,50,1,0,0,0,0,1,0,0,3,0,1,1
ILOILO,camote tops,ZARRAGA,bugkos,1,20,1,0,0,0,1,0,0,0,2,0,1,1
ILOILO,carrot,ZARRAGA,pieces or units,1,20,1,0,0,0,1,0,0,0,2,0,1,1
ILOILO,chicken,ZARRAGA,bilog,1,210,2,1,1,0,0,0,0,0,3,0,2,2
ILOILO,chicken,ZARRAGA,bilog,2,300,1,0,0,1,0,0,0,0,3,0,2,2
ILOILO,chicken,ZARRAGA,pieces of fried chicken,1,180,1,0,0,0,0,1,0,0,2,0,1,1
ILOILO,fresh fish,ZARRAGA,pieces or units,1,100,1,0,0,0,0,1,0,0,3,0,1,1
ILOILO,"ice cream, sorbet, edible ice (eg., ice-lolli, halo-halo)",ZARRAGA,pieces or units,1,32.5,1,1,0,0,0,0,0,0,3,0,3,3
ILOILO,"ice cream, sorbet, edible ice (eg., ice-lolli, halo-halo)",ZARRAGA,pieces or units,2,70,1,0,1,0,0,0,0,0,3,0,3,3
ILOILO,"ice cream, sorbet, edible ice (eg., ice-lolli, halo-halo)",ZARRAGA,pieces or units,3,113.5,1,0,0,1,0,0,0,0,3,0,3,3
ILOILO,"ice cream, sorbet, edible ice (eg., ice-lolli, halo-halo)",ZARRAGA,small cup,1,40,1,0,0,0,1,0,0,0,3,0,1,1
ILOILO,"liquor (e.g, whisky, coconut wine)",ZARRAGA,lipid/lapad,1,80,1,1,0,0,0,0,0,0,3,0,3,3
ILOILO,"liquor (e.g, whisky, coconut wine)",ZARRAGA,lipid/lapad,2,170,1,0,1,0,0,0,0,0,3,0,3,3
ILOILO,"liquor (e.g, whisky, coconut wine)",ZARRAGA,lipid/lapad,3,240,1,0,0,1,0,0,0,0,3,0,3,3
ILOILO,loaf bread,ZARRAGA,large packs,1,93.75,1,1,0,0,0,0,0,0,3,0,3,3
ILOILO,loaf bread,ZARRAGA,large packs,2,127.5,1,0,1,0,0,0,0,0,3,0,3,3
ILOILO,loaf bread,ZARRAGA,large packs,3,180,1,0,0,1,0,0,0,0,3,0,3,3
ILOILO,loaf bread,ZARRAGA,medium packs,1,50,1,0,0,0,1,0,0,0,3,0,1,1
ILOILO,loaf bread,ZARRAGA,small packs,1,50,1,0,0,0,0,1,0,0,3,0,1,1
ILOILO,mango,ZARRAGA,pieces or units,1,100,1,0,0,0,1,0,0,0,2,0,1,1
ILOILO,"preserved or processed meat (tocino, tapa, longaniza, etc)",ZARRAGA,bilog,1,50,1,0,0,0,0,1,0,0,3,0,1,1
ILOILO,"preserved or processed meat (tocino, tapa, longaniza, etc)",ZARRAGA,putos,1,53.75,2,1,1,0,0,0,0,0,3,0,2,2
ILOILO,"preserved or processed meat (tocino, tapa, longaniza, etc)",ZARRAGA,putos,2,112.5,1,0,0,1,0,0,0,0,3,0,2,2
ILOILO,rice,ZARRAGA,salmon,1,390,1,0,0,0,0,1,0,0,1,0,2,1
ILOILO,rice,ZARRAGA,salmon,2,600,1,0,0,0,0,0,1,0,1,1,2,1
NEGROS OCCIDENTAL,cabbage,BINALBAGAN,pieces or units,1,40,1,0,0,0,0,1,0,0,3,0,1,1
NEGROS OCCIDENTAL,camote tops,BINALBAGAN,bugkos,1,20,1,0,0,0,1,0,0,0,3,0,1,1
NEGROS OCCIDENTAL,camote tops,BINALBAGAN,bundle,1,20,1,0,0,0,0,1,0,0,3,0,1,1
NEGROS OCCIDENTAL,chicken,BINALBAGAN,bilog,1,250,1,0,0,0,0,1,0,0,3,0,1,1
NEGROS OCCIDENTAL,chicken,BINALBAGAN,whole (chicken),1,250,1,0,0,0,0,1,0,0,3,0,2,1
NEGROS OCCIDENTAL,chicken,BINALBAGAN,whole (chicken),2,300,1,0,0,0,0,0,1,0,3,1,2,1
NEGROS OCCIDENTAL,"ice cream, sorbet, edible ice (eg., ice-lolli, halo-halo)",BINALBAGAN,pieces or units,1,40,1,0,0,0,0,1,0,0,3,0,1,1
NEGROS OCCIDENTAL,"ice cream, sorbet, edible ice (eg., ice-lolli, halo-halo)",BINALBAGAN,small cup,1,48,1,0,0,0,0,1,0,0,3,0,1,1
NEGROS OCCIDENTAL,"liquor (e.g, whisky, coconut wine)",BINALBAGAN,lipid/lapad,1,95,1,0,0,0,0,1,0,0,2,0,1,1
NEGROS OCCIDENTAL,loaf bread,BINALBAGAN,large packs,1,90,1,0,0,0,0,1,0,0,3,0,1,1
NEGROS OCCIDENTAL,loaf bread,BINALBAGAN,medium packs,1,65,1,0,0,0,0,1,0,0,3,0,1,1
NEGROS OCCIDENTAL,"preserved or processed meat (tocino, tapa, longaniza, etc)",BINALBAGAN,putos,1,100,1,0,0,0,0,1,0,0,2,0,1,1
NEGROS OCCIDENTAL,cabbage,CALATRAVA,pieces or units,1,35,1,0,0,0,1,0,0,0,2,0,1,1
NEGROS OCCIDENTAL,camote tops,CALATRAVA,bundle,1,20,1,0,0,0,1,0,0,0,3,0,1,1
NEGROS OCCIDENTAL,carrot,CALATRAVA,pieces or units,1,30,1,0,0,0,1,0,0,0,2,0,1,1
NEGROS OCCIDENTAL,chicken,CALATRAVA,whole (chicken),1,250,1,0,0,0,0,1,0,0,2,0,1,1
NEGROS OCCIDENTAL,"ice cream, sorbet, edible ice (eg., ice-lolli, halo-halo)",CALATRAVA,pieces or units,1,40.125,2,1,1,0,0,0,0,0,3,0,2,2
NEGROS OCCIDENTAL,"ice cream, sorbet, edible ice (eg., ice-lolli, halo-halo)",CALATRAVA,pieces or units,2,150.75,1,0,0,1,0,0,0,0,3,0,2,2
NEGROS OCCIDENTAL,"liquor (e.g, whisky, coconut wine)",CALATRAVA,lipid/lapad,1,83.75,2,1,1,0,0,0,0,0,2,0,2,2
NEGROS OCCIDENTAL,"liquor (e.g, whisky, coconut wine)",CALATRAVA,lipid/lapad,2,170,1,0,0,1,0,0,0,0,2,0,2,2
NEGROS OCCIDENTAL,"liquor (e.g, whisky, coconut wine)",CALATRAVA,long-neck,1,150,1,0,0,0,0,0,1,0,2,1,2,1
NEGROS OCCIDENTAL,"liquor (e.g, whisky, coconut wine)",CALATRAVA,long-neck,2,182.5,1,0,0,0,0,1,0,0,2,0,2,1
NEGROS OCCIDENTAL,loaf bread,CALATRAVA,large packs,1,60,1,0,0,0,0,0,1,0,3,1,2,1
NEGROS OCCIDENTAL,loaf bread,CALATRAVA,large packs,2,90,1,0,0,0,0,1,0,0,3,0,2,1
NEGROS OCCIDENTAL,loaf bread,CALATRAVA,medium packs,1,72.5,1,1,0,0,0,0,0,0,3,0,3,3
NEGROS OCCIDENTAL,loaf bread,CALATRAVA,medium packs,2,100,1,0,1,0,0,0,0,0,3,0,3,3
NEGROS OCCIDENTAL,loaf bread,CALATRAVA,medium packs,3,125,1,0,0,1,0,0,0,0,3,0,3,3
NEGROS OCCIDENTAL,mango,CALATRAVA,pieces or units,1,60,1,0,0,0,0,1,0,0,2,0,1,1
NEGROS OCCIDENTAL,"preserved or processed meat (tocino, tapa, longaniza, etc)",CALATRAVA,bilog,1,55,1,0,0,0,0,1,0,0,2,0,1,1
NEGROS OCCIDENTAL,"preserved or processed meat (tocino, tapa, longaniza, etc)",CALATRAVA,putos,1,106,1,1,0,0,0,0,0,0,2,0,3,3
NEGROS OCCIDENTAL,"preserved or processed meat (tocino, tapa, longaniza, etc)",CALATRAVA,putos,2,150,1,0,1,0,0,0,0,0,2,0,3,3
NEGROS OCCIDENTAL,"preserved or processed meat (tocino, tapa, longaniza, etc)",CALATRAVA,putos,3,175,1,0,0,1,0,0,0,0,2,0,3,3
NEGROS OCCIDENTAL,cabbage,CANDONI,pieces or units,1,50,1,0,0,0,1,0,0,0,2,0,1,1
NEGROS OCCIDENTAL,camote tops,CANDONI,bugkos,1,20,1,0,0,0,1,0,0,0,2,0,1,1
NEGROS OCCIDENTAL,carrot,CANDONI,pieces or units,1,30,1,0,0,0,1,0,0,0,2,0,1,1
NEGROS OCCIDENTAL,chicken,CANDONI,bilog,1,242.5,2,1,1,0,0,0,0,0,2,0,2,2
NEGROS OCCIDENTAL,chicken,CANDONI,bilog,2,300,1,0,0,1,0,0,0,0,2,0,2,2
NEGROS OCCIDENTAL,chicken,CANDONI,whole (chicken),1,250,1,1,0,0,0,0,0,0,2,0,3,3
NEGROS OCCIDENTAL,chicken,CANDONI,whole (chicken),2,290,1,0,1,0,0,0,0,0,2,0,3,3
NEGROS OCCIDENTAL,chicken,CANDONI,whole (chicken),3,387.5,1,0,0,1,0,0,0,0,2,0,3,3
NEGROS OCCIDENTAL,"drinks at restaurant, hotel, cafe, or kiosk",CANDONI,pieces,1,45,1,0,0,1,0,0,0,0,3,0,1,1
NEGROS OCCIDENTAL,fresh fish,CANDONI,pieces or units,1,160,1,0,0,0,0,1,0,0,2,0,2,1
NEGROS OCCIDENTAL,fresh fish,CANDONI,pieces or units,2,200,1,0,0,0,0,0,1,0,2,1,2,1
NEGROS OCCIDENTAL,"ice cream, sorbet, edible ice (eg., ice-lolli, halo-halo)",CANDONI,cone,1,140,1,0,0,0,0,1,0,0,3,0,1,1
NEGROS OCCIDENTAL,"ice cream, sorbet, edible ice (eg., ice-lolli, halo-halo)",CANDONI,putos,1,26.25,1,1,0,0,0,0,0,0,3,0,3,3
NEGROS OCCIDENTAL,"ice cream, sorbet, edible ice (eg., ice-lolli, halo-halo)",CANDONI,putos,2,46.5,1,0,1,0,0,0,0,0,3,0,3,3
NEGROS OCCIDENTAL,"ice cream, sorbet, edible ice (eg., ice-lolli, halo-halo)",CANDONI,putos,3,99.75,1,0,0,1,0,0,0,0,3,0,3,3
NEGROS OCCIDENTAL,"ice cream, sorbet, edible ice (eg., ice-lolli, halo-halo)",CANDONI,small cup,1,30,1,0,0,0,1,0,0,0,3,0,1,1
NEGROS OCCIDENTAL,"liquor (e.g, whisky, coconut wine)",CANDONI,lipid/lapad,1,86.25,2,1,1,0,0,0,0,0,2,0,2,2
NEGROS OCCIDENTAL,"liquor (e.g, whisky, coconut wine)",CANDONI,lipid/lapad,2,180,1,0,0,1,0,0,0,0,2,0,2,2
NEGROS OCCIDENTAL,"liquor (e.g, whisky, coconut wine)",CANDONI,long-neck,1,182.5,1,0,0,0,0,1,0,0,3,0,1,1
NEGROS OCCIDENTAL,loaf bread,CANDONI,large packs,1,87.25,2,1,1,0,0,0,0,0,3,0,2,2
NEGROS OCCIDENTAL,loaf bread,CANDONI,large packs,2,157,1,0,0,1,0,0,0,0,3,0,2,2
NEGROS OCCIDENTAL,loaf bread,CANDONI,medium packs,1,60,1,0,0,0,1,0,0,0,3,0,1,1
NEGROS OCCIDENTAL,loaf bread,CANDONI,small packs,1,50,1,0,0,0,0,1,0,0,3,0,1,1
NEGROS OCCIDENTAL,"prawns, lobster, shrimp",CANDONI,tumpok,1,80,1,0,0,0,0,1,0,0,2,0,1,1
NEGROS OCCIDENTAL,"preserved or processed meat (tocino, tapa, longaniza, etc)",CANDONI,bilog,1,34.75,1,1,0,0,0,0,0,0,2,0,3,3
NEGROS OCCIDENTAL,"preserved or processed meat (tocino, tapa, longaniza, etc)",CANDONI,bilog,2,77.5,1,0,1,0,0,0,0,0,2,0,3,3
NEGROS OCCIDENTAL,"preserved or processed meat (tocino, tapa, longaniza, etc)",CANDONI,bilog,3,112.75,1,0,0,1,0,0,0,0,2,0,3,3
NEGROS OCCIDENTAL,"preserved or processed meat (tocino, tapa, longaniza, etc)",CANDONI,putos,1,75,1,1,0,0,0,0,0,0,2,0,3,3
NEGROS OCCIDENTAL,"preserved or processed meat (tocino, tapa, longaniza, etc)",CANDONI,putos,2,105,1,0,1,0,0,0,0,0,2,0,3,3
NEGROS OCCIDENTAL,"preserved or processed meat (tocino, tapa, longaniza, etc)",CANDONI,putos,3,131.25,1,0,0,1,0,0,0,0,2,0,3,3
NEGROS OCCIDENTAL,cabbage,CAUAYAN,pieces or units,1,60,1,0,0,0,1,0,0,0,2,0,1,1
NEGROS OCCIDENTAL,camote,CAUAYAN,bilog,1,25,1,0,0,0,0,1,0,0,2,0,1,1
NEGROS OCCIDENTAL,camote tops,CAUAYAN,bugkos,1,20,1,0,0,0,1,0,0,0,3,0,1,1
NEGROS OCCIDENTAL,carrot,CAUAYAN,pieces or units,1,50,1,0,0,0,1,0,0,0,2,0,1,1
NEGROS OCCIDENTAL,chicken,CAUAYAN,pieces or units,1,300,1,0,0,0,0,1,0,0,2,0,1,1
NEGROS OCCIDENTAL,chicken,CAUAYAN,whole (chicken),1,200,1,1,0,0,0,0,0,0,2,0,3,3
NEGROS OCCIDENTAL,chicken,CAUAYAN,whole (chicken),2,400,1,0,1,0,0,0,0,0,2,0,3,3
NEGROS OCCIDENTAL,chicken,CAUAYAN,whole (chicken),3,490,1,0,0,1,0,0,0,0,2,0,3,3
NEGROS OCCIDENTAL,fresh fish,CAUAYAN,pieces or units,1,160,1,0,0,0,0,1,0,1,2,0,2,2
NEGROS OCCIDENTAL,fresh fish,CAUAYAN,pieces or units,2,200,1,0,0,0,0,0,1,1,2,0,2,2
NEGROS OCCIDENTAL,"ice cream, sorbet, edible ice (eg., ice-lolli, halo-halo)",CAUAYAN,pieces or units,1,40,1,0,0,0,1,0,0,0,3,0,1,1
NEGROS OCCIDENTAL,"ice cream, sorbet, edible ice (eg., ice-lolli, halo-halo)",CAUAYAN,small cup,1,50,1,0,0,0,1,0,0,0,2,0,1,1
NEGROS OCCIDENTAL,"liquor (e.g, whisky, coconut wine)",CAUAYAN,lipid/lapad,1,95,2,1,1,0,0,0,0,0,2,0,2,2
NEGROS OCCIDENTAL,"liquor (e.g, whisky, coconut wine)",CAUAYAN,lipid/lapad,2,200,1,0,0,1,0,0,0,0,2,0,2,2
NEGROS OCCIDENTAL,"liquor (e.g, whisky, coconut wine)",CAUAYAN,long-neck,1,196.25,2,1,1,0,0,0,0,0,2,0,2,2
NEGROS OCCIDENTAL,"liquor (e.g, whisky, coconut wine)",CAUAYAN,long-neck,2,320,1,0,0,1,0,0,0,0,2,0,2,2
NEGROS OCCIDENTAL,loaf bread,CAUAYAN,large packs,1,96.875,2,1,1,0,0,0,0,0,3,0,2,2
NEGROS OCCIDENTAL,loaf bread,CAUAYAN,large packs,2,170,1,0,0,1,0,0,0,0,3,0,2,2
NEGROS OCCIDENTAL,loaf bread,CAUAYAN,medium packs,1,60,1,0,0,0,1,0,0,0,3,0,1,1
NEGROS OCCIDENTAL,loaf bread,CAUAYAN,small packs,1,47.5,1,0,0,0,1,0,0,0,3,0,1,1
NEGROS OCCIDENTAL,"prawns, lobster, shrimp",CAUAYAN,tumpok,1,80,1,0,0,0,0,1,0,0,2,0,1,1
NEGROS OCCIDENTAL,"preserved or processed meat (tocino, tapa, longaniza, etc)",CAUAYAN,putos,1,70,2,1,1,0,0,0,0,0,2,0,2,2
NEGROS OCCIDENTAL,"preserved or processed meat (tocino, tapa, longaniza, etc)",CAUAYAN,putos,2,110,1,0,0,1,0,0,0,0,2,0,2,2
NEGROS OCCIDENTAL,cabbage,ENRIQUE B. MAGALONA (SARAVIA),pieces or units,1,40,1,0,0,0,1,0,0,0,2,0,1,1
NEGROS OCCIDENTAL,camote,ENRIQUE B. MAGALONA (SARAVIA),bilog,1,25,1,0,0,0,0,1,0,0,2,0,1,1
NEGROS OCCIDENTAL,camote tops,ENRIQUE B. MAGALONA (SARAVIA),bugkos,1,20,1,0,0,0,1,0,0,0,3,0,1,1
NEGROS OCCIDENTAL,carrot,ENRIQUE B. MAGALONA (SARAVIA),pieces or units,1,30,1,0,0,0,1,0,0,0,2,0,1,1
NEGROS OCCIDENTAL,chicken,ENRIQUE B. MAGALONA (SARAVIA),bilog,1,223.5,1,1,0,0,0,0,0,0,3,0,3,3
NEGROS OCCIDENTAL,chicken,ENRIQUE B. MAGALONA (SARAVIA),bilog,2,260,1,0,1,0,0,0,0,0,3,0,3,3
NEGROS OCCIDENTAL,chicken,ENRIQUE B. MAGALONA (SARAVIA),bilog,3,295,1,0,0,1,0,0,0,0,3,0,3,3
NEGROS OCCIDENTAL,chicken,ENRIQUE B. MAGALONA (SARAVIA),whole (chicken),1,218.5,2,1,1,0,0,0,0,0,3,0,2,2
NEGROS OCCIDENTAL,chicken,ENRIQUE B. MAGALONA (SARAVIA),whole (chicken),2,280,1,0,0,1,0,0,0,0,3,0,2,2
NEGROS OCCIDENTAL,fresh fish,ENRIQUE B. MAGALONA (SARAVIA),pieces or units,1,160,1,0,0,0,0,1,0,0,3,0,2,1
NEGROS OCCIDENTAL,fresh fish,ENRIQUE B. MAGALONA (SARAVIA),pieces or units,2,600,1,0,0,0,0,0,1,0,3,1,2,1
NEGROS OCCIDENTAL,"ice cream, sorbet, edible ice (eg., ice-lolli, halo-halo)",ENRIQUE B. MAGALONA (SARAVIA),pieces or units,1,40,1,0,0,0,1,0,0,0,3,0,1,1
NEGROS OCCIDENTAL,"ice cream, sorbet, edible ice (eg., ice-lolli, halo-halo)",ENRIQUE B. MAGALONA (SARAVIA),putos,1,38,1,0,0,0,0,1,0,0,2,0,1,1
NEGROS OCCIDENTAL,"ice cream, sorbet, edible ice (eg., ice-lolli, halo-halo)",ENRIQUE B. MAGALONA (SARAVIA),small cup,1,48,1,0,0,0,0,1,0,0,3,0,1,1
NEGROS OCCIDENTAL,"liquor (e.g, whisky, coconut wine)",ENRIQUE B. MAGALONA (SARAVIA),lipid/lapad,1,87.5,2,1,1,0,0,0,0,0,2,0,2,2
NEGROS OCCIDENTAL,"liquor (e.g, whisky, coconut wine)",ENRIQUE B. MAGALONA (SARAVIA),lipid/lapad,2,175,1,0,0,1,0,0,0,0,2,0,2,2
NEGROS OCCIDENTAL,loaf bread,ENRIQUE B. MAGALONA (SARAVIA),large packs,1,84.5,1,0,0,0,1,0,0,0,3,0,1,1
NEGROS OCCIDENTAL,loaf bread,ENRIQUE B. MAGALONA (SARAVIA),medium packs,1,70,1,0,0,0,1,0,0,0,3,0,1,1
NEGROS OCCIDENTAL,loaf bread,ENRIQUE B. MAGALONA (SARAVIA),small packs,1,50,1,0,0,0,1,0,0,0,3,0,1,1
NEGROS OCCIDENTAL,"preserved or processed meat (tocino, tapa, longaniza, etc)",ENRIQUE B. MAGALONA (SARAVIA),bilog,1,20,1,1,0,0,0,0,0,0,2,0,3,3
NEGROS OCCIDENTAL,"preserved or processed meat (tocino, tapa, longaniza, etc)",ENRIQUE B. MAGALONA (SARAVIA),bilog,2,55,1,0,1,0,0,0,0,0,2,0,3,3
NEGROS OCCIDENTAL,"preserved or processed meat (tocino, tapa, longaniza, etc)",ENRIQUE B. MAGALONA (SARAVIA),bilog,3,112.5,1,0,0,1,0,0,0,0,2,0,3,3
NEGROS OCCIDENTAL,"preserved or processed meat (tocino, tapa, longaniza, etc)",ENRIQUE B. MAGALONA (SARAVIA),cans,1,117.5,1,0,0,0,0,1,0,0,2,0,1,1
NEGROS OCCIDENTAL,"preserved or processed meat (tocino, tapa, longaniza, etc)",ENRIQUE B. MAGALONA (SARAVIA),putos,1,60,1,1,0,0,0,0,0,0,2,0,3,3
NEGROS OCCIDENTAL,"preserved or processed meat (tocino, tapa, longaniza, etc)",ENRIQUE B. MAGALONA (SARAVIA),putos,2,120,1,0,1,0,0,0,0,0,2,0,3,3
NEGROS OCCIDENTAL,"preserved or processed meat (tocino, tapa, longaniza, etc)",ENRIQUE B. MAGALONA (SARAVIA),putos,3,180,1,0,0,1,0,0,0,0,2,0,3,3
NEGROS OCCIDENTAL,cabbage,HINIGARAN,pieces or units,1,50,1,0,0,0,1,0,0,0,3,0,1,1
NEGROS OCCIDENTAL,camote,HINIGARAN,bilog,1,25,1,0,0,0,1,0,0,0,2,0,1,1
NEGROS OCCIDENTAL,camote tops,HINIGARAN,bugkos,1,20,1,0,0,0,1,0,0,0,3,0,1,1
NEGROS OCCIDENTAL,carrot,HINIGARAN,pieces or units,1,39.5,2,1,1,0,0,0,0,0,2,0,2,2
NEGROS OCCIDENTAL,carrot,HINIGARAN,pieces or units,2,78.75,1,0,0,1,0,0,0,0,2,0,2,2
NEGROS OCCIDENTAL,chicken,HINIGARAN,bilog,1,150,1,1,0,0,0,0,0,0,2,0,3,3
NEGROS OCCIDENTAL,chicken,HINIGARAN,bilog,2,250,1,0,1,0,0,0,0,0,2,0,3,3
NEGROS OCCIDENTAL,chicken,HINIGARAN,bilog,3,470,1,0,0,1,0,0,0,0,2,0,3,3
NEGROS OCCIDENTAL,chicken,HINIGARAN,whole (chicken),1,200,1,1,0,0,0,0,0,0,3,0,3,3
NEGROS OCCIDENTAL,chicken,HINIGARAN,whole (chicken),2,275,1,0,1,0,0,0,0,0,3,0,3,3
NEGROS OCCIDENTAL,chicken,HINIGARAN,whole (chicken),3,362.5,1,0,0,1,0,0,0,0,3,0,3,3
NEGROS OCCIDENTAL,fresh fish,HINIGARAN,pieces or units,1,110,2,0,0,0,0,0,1,0,3,1,2,1
NEGROS OCCIDENTAL,fresh fish,HINIGARAN,pieces or units,2,160,1,0,0,0,0,1,0,0,3,0,2,1
NEGROS OCCIDENTAL,"ice cream, sorbet, edible ice (eg., ice-lolli, halo-halo)",HINIGARAN,pieces or units,1,27.5,2,1,1,0,0,0,0,0,3,0,2,2
NEGROS OCCIDENTAL,"ice cream, sorbet, edible ice (eg., ice-lolli, halo-halo)",HINIGARAN,pieces or units,2,70,1,0,0,1,0,0,0,0,3,0,2,2
NEGROS OCCIDENTAL,"ice cream, sorbet, edible ice (eg., ice-lolli, halo-halo)",HINIGARAN,putos,1,38,1,0,0,0,0,1,0,0,3,0,3,1
NEGROS OCCIDENTAL,"ice cream, sorbet, edible ice (eg., ice-lolli, halo-halo)",HINIGARAN,putos,2,70,1,0,0,0,0,0,1,0,3,1,3,1
NEGROS OCCIDENTAL,"ice cream, sorbet, edible ice (eg., ice-lolli, halo-halo)",HINIGARAN,putos,3,100,1,0,0,0,0,0,1,0,3,1,3,1
NEGROS OCCIDENTAL,"ice cream, sorbet, edible ice (eg., ice-lolli, halo-halo)",HINIGARAN,small cup,1,35,1,1,0,0,0,0,0,0,3,0,3,3
NEGROS OCCIDENTAL,"ice cream, sorbet, edible ice (eg., ice-lolli, halo-halo)",HINIGARAN,small cup,2,60,1,0,1,0,0,0,0,0,3,0,3,3
NEGROS OCCIDENTAL,"ice cream, sorbet, edible ice (eg., ice-lolli, halo-halo)",HINIGARAN,small cup,3,100,1,0,0,1,0,0,0,0,3,0,3,3
NEGROS OCCIDENTAL,"ice cream, sorbet, edible ice (eg., ice-lolli, halo-halo)",HINIGARAN,tupperware,1,250,1,0,0,0,0,1,0,0,3,0,1,1
NEGROS OCCIDENTAL,"liquor (e.g, whisky, coconut wine)",HINIGARAN,lipid/lapad,1,85,1,1,0,0,0,0,0,0,2,0,3,3
NEGROS OCCIDENTAL,"liquor (e.g, whisky, coconut wine)",HINIGARAN,lipid/lapad,2,145,1,0,1,0,0,0,0,0,2,0,3,3
NEGROS OCCIDENTAL,"liquor (e.g, whisky, coconut wine)",HINIGARAN,lipid/lapad,3,167.5,1,0,0,1,0,0,0,0,2,0,3,3
NEGROS OCCIDENTAL,"liquor (e.g, whisky, coconut wine)",HINIGARAN,long-neck,1,130,1,0,0,0,0,0,1,1,2,0,2,2
NEGROS OCCIDENTAL,"liquor (e.g, whisky, coconut wine)",HINIGARAN,long-neck,2,176.25,2,0,0,0,0,1,1,1,2,0,2,2
NEGROS OCCIDENTAL,loaf bread,HINIGARAN,large packs,1,160,1,0,0,0,1,0,0,0,3,0,1,1
NEGROS OCCIDENTAL,loaf bread,HINIGARAN,medium packs,1,65,1,0,0,0,1,0,0,0,3,0,1,1
NEGROS OCCIDENTAL,loaf bread,HINIGARAN,small packs,1,50,1,0,0,0,1,0,0,0,3,0,1,1
NEGROS OCCIDENTAL,mango,HINIGARAN,pieces or units,1,60,1,0,0,0,0,1,0,0,2,0,1,1
NEGROS OCCIDENTAL,"prawns, lobster, shrimp",HINIGARAN,tumpok,1,50,1,0,0,0,0,0,1,0,2,1,2,1
NEGROS OCCIDENTAL,"prawns, lobster, shrimp",HINIGARAN,tumpok,2,80,1,0,0,0,0,1,0,0,2,0,2,1
NEGROS OCCIDENTAL,"preserved or processed meat (tocino, tapa, longaniza, etc)",HINIGARAN,bilog,1,44,1,1,1,0,0,0,0,0,2,0,2,2
NEGROS OCCIDENTAL,"preserved or processed meat (tocino, tapa, longaniza, etc)",HINIGARAN,bilog,2,170,1,0,0,1,0,0,0,0,2,0,2,2
NEGROS OCCIDENTAL,"preserved or processed meat (tocino, tapa, longaniza, etc)",HINIGARAN,putos,1,76.25,1,1,0,0,0,0,0,0,2,0,3,3
NEGROS OCCIDENTAL,"preserved or processed meat (tocino, tapa, longaniza, etc)",HINIGARAN,putos,2,110,1,0,1,0,0,0,0,0,2,0,3,3
NEGROS OCCIDENTAL,"preserved or processed meat (tocino, tapa, longaniza, etc)",HINIGARAN,putos,3,140,1,0,0,1,0,0,0,0,2,0,3,3
NEGROS OCCIDENTAL,cabbage,HINOBA-AN (ASIA),pack,1,20,1,0,0,0,0,1,0,0,3,0,1,1
NEGROS OCCIDENTAL,camote tops,HINOBA-AN (ASIA),bugkos,1,30,1,0,0,0,1,0,0,0,3,0,1,1
NEGROS OCCIDENTAL,camote tops,HINOBA-AN (ASIA),bundle,1,20,1,0,0,0,0,1,0,0,3,0,1,1
NEGROS OCCIDENTAL,carrot,HINOBA-AN (ASIA),pieces or units,1,30,1,0,0,0,0,1,0,0,2,0,1,1
NEGROS OCCIDENTAL,chicken,HINOBA-AN (ASIA),bilog,1,187.5,1,1,0,0,0,0,0,0,2,0,3,3
NEGROS OCCIDENTAL,chicken,HINOBA-AN (ASIA),bilog,2,240,1,0,1,0,0,0,0,0,2,0,3,3
NEGROS OCCIDENTAL,chicken,HINOBA-AN (ASIA),bilog,3,335,1,0,0,1,0,0,0,0,2,0,3,3
NEGROS OCCIDENTAL,chicken,HINOBA-AN (ASIA),whole (chicken),1,150,1,0,0,0,0,0,1,1,2,0,3,3
NEGROS OCCIDENTAL,chicken,HINOBA-AN (ASIA),whole (chicken),2,180,1,0,0,0,0,0,1,1,2,0,3,3
NEGROS OCCIDENTAL,chicken,HINOBA-AN (ASIA),whole (chicken),3,250,1,0,0,0,0,1,0,1,2,0,3,3
NEGROS OCCIDENTAL,"ice cream, sorbet, edible ice (eg., ice-lolli, halo-halo)",HINOBA-AN (ASIA),pieces or units,1,40,1,0,0,0,0,1,0,0,3,0,1,1
NEGROS OCCIDENTAL,"ice cream, sorbet, edible ice (eg., ice-lolli, halo-halo)",HINOBA-AN (ASIA),putos,1,40,1,0,0,0,1,0,0,0,3,0,1,1
NEGROS OCCIDENTAL,"ice cream, sorbet, edible ice (eg., ice-lolli, halo-halo)",HINOBA-AN (ASIA),small cup,1,30,1,0,0,0,1,0,0,0,3,0,1,1
NEGROS OCCIDENTAL,"liquor (e.g, whisky, coconut wine)",HINOBA-AN (ASIA),lipid/lapad,1,80,1,0,0,0,1,0,0,0,2,0,1,1
NEGROS OCCIDENTAL,"liquor (e.g, whisky, coconut wine)",HINOBA-AN (ASIA),long-neck,1,160,1,0,0,0,0,0,1,0,2,1,2,1
NEGROS OCCIDENTAL,"liquor (e.g, whisky, coconut wine)",HINOBA-AN (ASIA),long-neck,2,182.5,1,0,0,0,0,1,0,0,2,0,2,1
NEGROS OCCIDENTAL,loaf bread,HINOBA-AN (ASIA),large packs,1,90,1,0,0,0,0,1,0,0,3,0,2,2
NEGROS OCCIDENTAL,loaf bread,HINOBA-AN (ASIA),large packs,2,160,1,0,0,0,0,1,0,0,3,0,2,2
NEGROS OCCIDENTAL,loaf bread,HINOBA-AN (ASIA),medium packs,1,50,1,0,0,0,1,1,0,0,3,0,1,1
NEGROS OCCIDENTAL,loaf bread,HINOBA-AN (ASIA),small packs,1,50,1,0,0,0,0,1,0,0,3,0,1,1
NEGROS OCCIDENTAL,"preserved or processed meat (tocino, tapa, longaniza, etc)",HINOBA-AN (ASIA),bilog,1,55,1,0,0,0,0,1,0,1,2,0,2,2
NEGROS OCCIDENTAL,"preserved or processed meat (tocino, tapa, longaniza, etc)",HINOBA-AN (ASIA),bilog,2,90,1,0,0,0,0,0,1,1,2,0,2,2
NEGROS OCCIDENTAL,"preserved or processed meat (tocino, tapa, longaniza, etc)",HINOBA-AN (ASIA),pack,1,45,1,0,0,0,0,1,0,0,2,0,1,1
NEGROS OCCIDENTAL,"preserved or processed meat (tocino, tapa, longaniza, etc)",HINOBA-AN (ASIA),putos,1,55,1,1,0,0,0,0,0,0,2,0,3,3
NEGROS OCCIDENTAL,"preserved or processed meat (tocino, tapa, longaniza, etc)",HINOBA-AN (ASIA),putos,2,90,1,0,1,0,0,0,0,0,2,0,3,3
NEGROS OCCIDENTAL,"preserved or processed meat (tocino, tapa, longaniza, etc)",HINOBA-AN (ASIA),putos,3,132,1,0,0,1,0,0,0,0,2,0,3,3
NEGROS OCCIDENTAL,cabbage,ILOG,pieces or units,1,50,1,0,0,0,1,0,0,0,3,0,1,1
NEGROS OCCIDENTAL,camote tops,ILOG,bugkos,1,20,1,0,0,0,1,0,0,0,3,0,1,1
NEGROS OCCIDENTAL,camote tops,ILOG,bundle,1,20,1,0,0,0,0,1,0,0,2,0,2,1
NEGROS OCCIDENTAL,camote tops,ILOG,bundle,2,70,1,0,0,0,0,0,1,0,2,1,2,1
NEGROS OCCIDENTAL,carrot,ILOG,pieces or units,1,36,1,0,0,0,1,0,0,0,2,0,1,1
NEGROS OCCIDENTAL,chicken,ILOG,bilog,1,285,1,1,0,0,0,0,0,0,2,0,3,3
NEGROS OCCIDENTAL,chicken,ILOG,bilog,2,350,1,0,1,0,0,0,0,0,2,0,3,3
NEGROS OCCIDENTAL,chicken,ILOG,bilog,3,445,1,0,0,1,0,0,0,0,2,0,3,3
NEGROS OCCIDENTAL,chicken,ILOG,whole (chicken),1,250,1,1,0,0,0,0,0,0,3,0,3,3
NEGROS OCCIDENTAL,chicken,ILOG,whole (chicken),2,345,1,0,1,0,0,0,0,0,3,0,3,3
NEGROS OCCIDENTAL,chicken,ILOG,whole (chicken),3,485,1,0,0,1,0,0,0,0,3,0,3,3
NEGROS OCCIDENTAL,"ice cream, sorbet, edible ice (eg., ice-lolli, halo-halo)",ILOG,pieces or units,1,40,1,0,0,0,1,0,0,0,3,0,1,1
NEGROS OCCIDENTAL,"ice cream, sorbet, edible ice (eg., ice-lolli, halo-halo)",ILOG,putos,1,38,1,0,0,0,0,1,0,0,3,0,1,1
NEGROS OCCIDENTAL,"ice cream, sorbet, edible ice (eg., ice-lolli, halo-halo)",ILOG,small cup,1,25,2,0,0,0,1,1,0,0,3,0,1,1
NEGROS OCCIDENTAL,"liquor (e.g, whisky, coconut wine)",ILOG,lipid/lapad,1,82.5,1,0,0,0,1,0,0,0,2,0,1,1
NEGROS OCCIDENTAL,loaf bread,ILOG,large packs,1,90,1,0,0,0,0,1,0,0,3,0,1,1
NEGROS OCCIDENTAL,loaf bread,ILOG,medium packs,1,65,1,0,0,0,0,1,0,0,3,0,1,1
NEGROS OCCIDENTAL,loaf bread,ILOG,small packs,1,50,1,0,0,0,0,1,0,0,3,0,1,1
NEGROS OCCIDENTAL,"preserved or processed meat (tocino, tapa, longaniza, etc)",ILOG,bilog,1,55,1,0,0,0,0,1,0,0,2,0,1,1
NEGROS OCCIDENTAL,"preserved or processed meat (tocino, tapa, longaniza, etc)",ILOG,putos,1,87.5,1,0,0,0,1,0,0,0,2,0,1,1
NEGROS OCCIDENTAL,cabbage,ISABELA,pieces or units,1,40,1,0,0,0,1,0,0,0,3,0,1,1
NEGROS OCCIDENTAL,camote,ISABELA,bilog,1,25,1,0,0,0,0,1,0,0,2,0,1,1
NEGROS OCCIDENTAL,camote tops,ISABELA,bugkos,1,20,1,0,0,0,1,0,0,0,3,0,1,1
NEGROS OCCIDENTAL,carrot,ISABELA,pieces or units,1,30,1,0,0,0,1,0,0,0,2,0,1,1
NEGROS OCCIDENTAL,chicken,ISABELA,whole (chicken),1,225,1,1,0,0,0,0,0,0,2,0,3,3
NEGROS OCCIDENTAL,chicken,ISABELA,whole (chicken),2,260,1,0,1,0,0,0,0,0,2,0,3,3
NEGROS OCCIDENTAL,chicken,ISABELA,whole (chicken),3,350,1,0,0,1,0,0,0,0,2,0,3,3
NEGROS OCCIDENTAL,fresh fish,ISABELA,pieces or units,1,80,1,0,0,0,0,0,1,0,3,1,2,1
NEGROS OCCIDENTAL,fresh fish,ISABELA,pieces or units,2,160,1,0,0,0,0,1,0,0,3,0,2,1
NEGROS OCCIDENTAL,"ice cream, sorbet, edible ice (eg., ice-lolli, halo-halo)",ISABELA,putos,1,38,1,0,0,0,0,1,0,0,3,0,1,1
NEGROS OCCIDENTAL,"ice cream, sorbet, edible ice (eg., ice-lolli, halo-halo)",ISABELA,small cup,1,60,1,0,0,0,1,0,0,0,3,0,1,1
NEGROS OCCIDENTAL,"liquor (e.g, whisky, coconut wine)",ISABELA,lipid/lapad,1,87.5,2,1,1,0,0,0,0,0,2,0,2,2
NEGROS OCCIDENTAL,"liquor (e.g, whisky, coconut wine)",ISABELA,lipid/lapad,2,165,1,0,0,1,0,0,0,0,2,0,2,2
NEGROS OCCIDENTAL,"liquor (e.g, whisky, coconut wine)",ISABELA,long-neck,1,300,1,0,0,0,1,0,0,0,2,0,1,1
NEGROS OCCIDENTAL,loaf bread,ISABELA,large packs,1,80,1,0,0,0,1,0,0,0,3,0,1,1
NEGROS OCCIDENTAL,loaf bread,ISABELA,medium packs,1,70,1,0,0,0,1,0,0,0,3,0,1,1
NEGROS OCCIDENTAL,loaf bread,ISABELA,small packs,1,60,2,1,1,0,0,0,0,0,3,0,2,2
NEGROS OCCIDENTAL,loaf bread,ISABELA,small packs,2,146.25,1,0,0,1,0,0,0,0,3,0,2,2
NEGROS OCCIDENTAL,mango,ISABELA,pieces or units,1,30,1,0,0,0,0,0,1,0,2,1,2,1
NEGROS OCCIDENTAL,mango,ISABELA,pieces or units,2,60,1,0,0,0,0,1,0,0,2,0,2,1
NEGROS OCCIDENTAL,"preserved or processed meat (tocino, tapa, longaniza, etc)",ISABELA,bilog,1,55,1,0,0,0,0,1,0,0,2,0,1,1
NEGROS OCCIDENTAL,"preserved or processed meat (tocino, tapa, longaniza, etc)",ISABELA,putos,1,55,1,1,0,0,0,0,0,0,2,0,3,3
NEGROS OCCIDENTAL,"preserved or processed meat (tocino, tapa, longaniza, etc)",ISABELA,putos,2,100,1,0,1,0,0,0,0,0,2,0,3,3
NEGROS OCCIDENTAL,"preserved or processed meat (tocino, tapa, longaniza, etc)",ISABELA,putos,3,130,1,0,0,1,0,0,0,0,2,0,3,3
NEGROS OCCIDENTAL,cabbage,LA CASTELLANA,pieces or units,1,40,1,0,0,0,1,0,0,0,3,0,1,1
NEGROS OCCIDENTAL,camote,LA CASTELLANA,bilog,1,25,1,0,0,0,0,1,0,0,2,0,1,1
NEGROS OCCIDENTAL,camote tops,LA CASTELLANA,bugkos,1,20,1,0,0,0,1,0,0,0,3,0,1,1
NEGROS OCCIDENTAL,carrot,LA CASTELLANA,pieces or units,1,30,1,0,0,0,0,1,0,0,2,0,1,1
NEGROS OCCIDENTAL,chicken,LA CASTELLANA,bilog,1,250,1,1,0,0,0,0,0,0,2,0,3,3
NEGROS OCCIDENTAL,chicken,LA CASTELLANA,bilog,2,290,1,0,1,0,0,0,0,0,2,0,3,3
NEGROS OCCIDENTAL,chicken,LA CASTELLANA,bilog,3,350,1,0,0,1,0,0,0,0,2,0,3,3
NEGROS OCCIDENTAL,"ice cream, sorbet, edible ice (eg., ice-lolli, halo-halo)",LA CASTELLANA,pieces or units,1,40,1,0,0,0,0,1,0,0,3,0,1,1
NEGROS OCCIDENTAL,"ice cream, sorbet, edible ice (eg., ice-lolli, halo-halo)",LA CASTELLANA,putos,1,41.5,2,0,0,0,0,1,1,0,3,0,2,1
NEGROS OCCIDENTAL,"ice cream, sorbet, edible ice (eg., ice-lolli, halo-halo)",LA CASTELLANA,putos,2,100,1,0,0,0,0,0,1,0,3,1,2,1
NEGROS OCCIDENTAL,"ice cream, sorbet, edible ice (eg., ice-lolli, halo-halo)",LA CASTELLANA,small cup,1,48,1,0,0,0,0,1,0,0,3,0,1,1
NEGROS OCCIDENTAL,"liquor (e.g, whisky, coconut wine)",LA CASTELLANA,lipid/lapad,1,145.5,1,1,0,0,0,0,0,0,2,0,3,3
NEGROS OCCIDENTAL,"liquor (e.g, whisky, coconut wine)",LA CASTELLANA,lipid/lapad,2,170,1,0,1,0,0,0,0,0,2,0,3,3
NEGROS OCCIDENTAL,"liquor (e.g, whisky, coconut wine)",LA CASTELLANA,lipid/lapad,3,243.75,1,0,0,1,0,0,0,0,2,0,3,3
NEGROS OCCIDENTAL,"liquor (e.g, whisky, coconut wine)",LA CASTELLANA,long-neck,1,182.5,1,0,0,0,0,1,0,0,2,0,2,1
NEGROS OCCIDENTAL,"liquor (e.g, whisky, coconut wine)",LA CASTELLANA,long-neck,2,360,1,0,0,0,0,0,1,0,2,1,2,1
NEGROS OCCIDENTAL,loaf bread,LA CASTELLANA,large packs,1,88,1,0,0,0,1,0,0,0,3,0,1,1
NEGROS OCCIDENTAL,loaf bread,LA CASTELLANA,medium packs,1,38.75,1,1,0,0,0,0,0,0,3,0,3,3
NEGROS OCCIDENTAL,loaf bread,LA CASTELLANA,medium packs,2,62.5,1,0,1,0,0,0,0,0,3,0,3,3
NEGROS OCCIDENTAL,loaf bread,LA CASTELLANA,medium packs,3,98.75,1,0,0,1,0,0,0,0,3,0,3,3
NEGROS OCCIDENTAL,loaf bread,LA CASTELLANA,small packs,1,65,1,1,0,0,0,0,0,0,3,0,3,3
NEGROS OCCIDENTAL,loaf bread,LA CASTELLANA,small packs,2,90,1,0,1,0,0,0,0,0,3,0,3,3
NEGROS OCCIDENTAL,loaf bread,LA CASTELLANA,small packs,3,145,1,0,0,1,0,0,0,0,3,0,3,3
NEGROS OCCIDENTAL,"preserved or processed meat (tocino, tapa, longaniza, etc)",LA CASTELLANA,bilog,1,55,1,0,0,0,0,1,0,0,2,0,1,1
NEGROS OCCIDENTAL,"preserved or processed meat (tocino, tapa, longaniza, etc)",LA CASTELLANA,putos,1,50,1,1,0,0,0,0,0,0,2,0,3,3
NEGROS OCCIDENTAL,"preserved or processed meat (tocino, tapa, longaniza, etc)",LA CASTELLANA,putos,2,90,1,0,1,0,0,0,0,0,2,0,3,3
NEGROS OCCIDENTAL,"preserved or processed meat (tocino, tapa, longaniza, etc)",LA CASTELLANA,putos,3,120,1,0,0,1,0,0,0,0,2,0,3,3
NEGROS OCCIDENTAL,cabbage,MANAPLA,pieces or units,1,37,1,0,0,0,1,0,0,0,3,0,1,1
NEGROS OCCIDENTAL,camote tops,MANAPLA,bugkos,1,30,1,0,0,0,1,0,0,0,3,0,1,1
NEGROS OCCIDENTAL,carrot,MANAPLA,pieces or units,1,35,1,0,0,0,1,0,0,0,2,0,1,1
NEGROS OCCIDENTAL,chicken,MANAPLA,whole (chicken),1,250,1,0,0,0,0,1,0,0,2,0,2,1
NEGROS OCCIDENTAL,chicken,MANAPLA,whole (chicken),2,400,1,0,0,0,0,0,1,0,2,1,2,1
NEGROS OCCIDENTAL,fresh fish,MANAPLA,pieces or units,1,160,1,0,0,0,0,1,0,0,3,0,1,1
NEGROS OCCIDENTAL,"ice cream, sorbet, edible ice (eg., ice-lolli, halo-halo)",MANAPLA,putos,1,50,1,0,0,0,1,0,0,0,3,0,1,1
NEGROS OCCIDENTAL,"ice cream, sorbet, edible ice (eg., ice-lolli, halo-halo)",MANAPLA,small cup,1,65,2,1,1,0,0,0,0,0,3,0,2,2
NEGROS OCCIDENTAL,"ice cream, sorbet, edible ice (eg., ice-lolli, halo-halo)",MANAPLA,small cup,2,100,1,0,0,1,0,0,0,0,3,0,2,2
NEGROS OCCIDENTAL,"liquor (e.g, whisky, coconut wine)",MANAPLA,lipid/lapad,1,80,1,0,0,0,1,0,0,0,2,0,1,1
NEGROS OCCIDENTAL,loaf bread,MANAPLA,large packs,1,90,1,0,0,0,0,1,0,0,3,0,2,1
NEGROS OCCIDENTAL,loaf bread,MANAPLA,large packs,2,120,1,0,0,0,0,0,1,0,3,1,2,1
NEGROS OCCIDENTAL,loaf bread,MANAPLA,medium packs,1,77.5,2,1,1,0,0,0,0,0,3,0,2,2
NEGROS OCCIDENTAL,loaf bread,MANAPLA,medium packs,2,120,1,0,0,1,0,0,0,0,3,0,2,2
NEGROS OCCIDENTAL,loaf bread,MANAPLA,small packs,1,50,1,0,0,0,0,1,0,0,3,0,1,1
NEGROS OCCIDENTAL,"prawns, lobster, shrimp",MANAPLA,tumpok,1,75,1,1,0,0,0,0,0,0,2,0,3,3
NEGROS OCCIDENTAL,"prawns, lobster, shrimp",MANAPLA,tumpok,2,100,1,0,1,0,0,0,0,0,2,0,3,3
NEGROS OCCIDENTAL,"prawns, lobster, shrimp",MANAPLA,tumpok,3,125,1,0,0,1,0,0,0,0,2,0,3,3
NEGROS OCCIDENTAL,"preserved or processed meat (tocino, tapa, longaniza, etc)",MANAPLA,bilog,1,55,1,0,0,0,0,1,0,0,2,0,1,1
NEGROS OCCIDENTAL,"preserved or processed meat (tocino, tapa, longaniza, etc)",MANAPLA,pack,1,360,1,0,0,0,0,1,0,0,2,0,1,1
NEGROS OCCIDENTAL,"preserved or processed meat (tocino, tapa, longaniza, etc)",MANAPLA,putos,1,50,1,1,0,0,0,0,0,0,2,0,3,3
NEGROS OCCIDENTAL,"preserved or processed meat (tocino, tapa, longaniza, etc)",MANAPLA,putos,2,120,1,0,1,0,0,0,0,0,2,0,3,3
NEGROS OCCIDENTAL,"preserved or processed meat (tocino, tapa, longaniza, etc)",MANAPLA,putos,3,167.5,1,0,0,1,0,0,0,0,2,0,3,3
NEGROS OCCIDENTAL,cabbage,MOISES PADILLA (MAGALLON),pieces or units,1,35,1,0,0,0,1,0,0,0,3,0,1,1
NEGROS OCCIDENTAL,camote,MOISES PADILLA (MAGALLON),bilog,1,25,1,0,0,0,0,1,0,0,2,0,1,1
NEGROS OCCIDENTAL,camote tops,MOISES PADILLA (MAGALLON),bugkos,1,30,1,0,0,0,1,0,0,0,3,0,1,1
NEGROS OCCIDENTAL,carrot,MOISES PADILLA (MAGALLON),pieces or units,1,30,1,0,0,0,0,1,0,0,2,0,1,1
NEGROS OCCIDENTAL,chicken,MOISES PADILLA (MAGALLON),bilog,1,250,1,1,1,0,0,0,0,0,3,0,2,2
NEGROS OCCIDENTAL,chicken,MOISES PADILLA (MAGALLON),bilog,2,375,1,0,0,1,0,0,0,0,3,0,2,2
NEGROS OCCIDENTAL,chicken,MOISES PADILLA (MAGALLON),whole (chicken),1,215,1,1,0,0,0,0,0,0,2,0,3,3
NEGROS OCCIDENTAL,chicken,MOISES PADILLA (MAGALLON),whole (chicken),2,250,1,0,1,0,0,0,0,0,2,0,3,3
NEGROS OCCIDENTAL,chicken,MOISES PADILLA (MAGALLON),whole (chicken),3,500,1,0,0,1,0,0,0,0,2,0,3,3
NEGROS OCCIDENTAL,"ice cream, sorbet, edible ice (eg., ice-lolli, halo-halo)",MOISES PADILLA (MAGALLON),pieces or units,1,18.75,1,1,0,0,0,0,0,0,3,0,3,3
NEGROS OCCIDENTAL,"ice cream, sorbet, edible ice (eg., ice-lolli, halo-halo)",MOISES PADILLA (MAGALLON),pieces or units,2,47.5,1,0,1,0,0,0,0,0,3,0,3,3
NEGROS OCCIDENTAL,"ice cream, sorbet, edible ice (eg., ice-lolli, halo-halo)",MOISES PADILLA (MAGALLON),pieces or units,3,86.25,1,0,0,1,0,0,0,0,3,0,3,3
NEGROS OCCIDENTAL,"ice cream, sorbet, edible ice (eg., ice-lolli, halo-halo)",MOISES PADILLA (MAGALLON),putos,1,38,1,0,0,0,0,1,0,0,3,0,1,1
NEGROS OCCIDENTAL,"liquor (e.g, whisky, coconut wine)",MOISES PADILLA (MAGALLON),lipid/lapad,1,81.25,1,1,0,0,0,0,0,0,2,0,3,3
NEGROS OCCIDENTAL,"liquor (e.g, whisky, coconut wine)",MOISES PADILLA (MAGALLON),lipid/lapad,2,155,1,0,1,0,0,0,0,0,2,0,3,3
NEGROS OCCIDENTAL,"liquor (e.g, whisky, coconut wine)",MOISES PADILLA (MAGALLON),lipid/lapad,3,225,1,0,0,1,0,0,0,0,2,0,3,3
NEGROS OCCIDENTAL,"liquor (e.g, whisky, coconut wine)",MOISES PADILLA (MAGALLON),long-neck,1,145,1,0,0,0,0,0,1,0,2,1,2,1
NEGROS OCCIDENTAL,"liquor (e.g, whisky, coconut wine)",MOISES PADILLA (MAGALLON),long-neck,2,182.5,1,0,0,0,0,1,0,0,2,0,2,1
NEGROS OCCIDENTAL,loaf bread,MOISES PADILLA (MAGALLON),large packs,1,81,1,1,0,0,0,0,0,0,3,0,3,3
NEGROS OCCIDENTAL,loaf bread,MOISES PADILLA (MAGALLON),large packs,2,102,1,0,1,0,0,0,0,0,3,0,3,3
NEGROS OCCIDENTAL,loaf bread,MOISES PADILLA (MAGALLON),large packs,3,150,1,0,0,1,0,0,0,0,3,0,3,3
NEGROS OCCIDENTAL,loaf bread,MOISES PADILLA (MAGALLON),medium packs,1,65,1,0,0,0,0,1,0,0,3,0,1,1
NEGROS OCCIDENTAL,loaf bread,MOISES PADILLA (MAGALLON),small packs,1,50,1,0,0,0,0,1,0,0,3,0,1,1
NEGROS OCCIDENTAL,"preserved or processed meat (tocino, tapa, longaniza, etc)",MOISES PADILLA (MAGALLON),putos,1,50,1,1,0,0,0,0,0,0,2,0,2,2
NEGROS OCCIDENTAL,"preserved or processed meat (tocino, tapa, longaniza, etc)",MOISES PADILLA (MAGALLON),putos,2,98.75,2,0,1,1,0,0,0,0,2,0,2,2
NEGROS OCCIDENTAL,cabbage,MURCIA,pieces or units,1,50,1,0,0,0,1,0,0,0,2,0,1,1
NEGROS OCCIDENTAL,camote tops,MURCIA,bugkos,1,20,1,0,0,0,1,0,0,0,3,0,1,1
NEGROS OCCIDENTAL,carrot,MURCIA,pieces or units,1,30,1,0,0,0,0,1,0,0,2,0,1,1
NEGROS OCCIDENTAL,chicken,MURCIA,bilog,1,250,1,0,0,0,1,0,0,0,2,0,1,1
NEGROS OCCIDENTAL,"ice cream, sorbet, edible ice (eg., ice-lolli, halo-halo)",MURCIA,pieces or units,1,49,1,0,0,0,1,0,0,0,3,0,1,1
NEGROS OCCIDENTAL,"ice cream, sorbet, edible ice (eg., ice-lolli, halo-halo)",MURCIA,putos,1,38,1,0,0,0,0,1,0,0,3,0,1,1
NEGROS OCCIDENTAL,"liquor (e.g, whisky, coconut wine)",MURCIA,lipid/lapad,1,81.25,2,1,1,0,0,0,0,0,2,0,2,2
NEGROS OCCIDENTAL,"liquor (e.g, whisky, coconut wine)",MURCIA,lipid/lapad,2,220,1,0,0,1,0,0,0,0,2,0,2,2
NEGROS OCCIDENTAL,loaf bread,MURCIA,large packs,1,90,1,0,0,0,0,1,0,0,3,0,1,1
NEGROS OCCIDENTAL,loaf bread,MURCIA,medium packs,1,65,1,0,0,0,0,1,0,0,3,0,1,1
NEGROS OCCIDENTAL,"prawns, lobster, shrimp",MURCIA,tumpok,1,80,1,0,0,0,0,1,0,1,2,0,1,1
NEGROS OCCIDENTAL,"preserved or processed meat (tocino, tapa, longaniza, etc)",MURCIA,bilog,1,55,1,0,0,0,0,1,0,0,2,0,1,1
NEGROS OCCIDENTAL,"preserved or processed meat (tocino, tapa, longaniza, etc)",MURCIA,putos,1,75,1,1,0,0,0,0,0,0,2,0,3,3
NEGROS OCCIDENTAL,"preserved or processed meat (tocino, tapa, longaniza, etc)",MURCIA,putos,2,100,1,0,1,0,0,0,0,0,2,0,3,3
NEGROS OCCIDENTAL,"preserved or processed meat (tocino, tapa, longaniza, etc)",MURCIA,putos,3,140,1,0,0,1,0,0,0,0,2,0,3,3
NEGROS OCCIDENTAL,cabbage,PONTEVEDRA,pieces or units,1,33.28125,8,1,1,0,0,0,1,0,2,0,3,2
NEGROS OCCIDENTAL,cabbage,PONTEVEDRA,pieces or units,2,97.5,2,0,0,1,0,0,1,0,2,0,3,2
NEGROS OCCIDENTAL,cabbage,PONTEVEDRA,pieces or units,3,150,1,0,0,0,0,0,1,0,2,1,3,2
NEGROS OCCIDENTAL,camote,PONTEVEDRA,bilog,1,25,1,0,0,0,0,1,0,0,3,0,1,1
NEGROS OCCIDENTAL,camote tops,PONTEVEDRA,bugkos,1,20,1,0,0,0,1,0,0,0,3,0,1,1
NEGROS OCCIDENTAL,carrot,PONTEVEDRA,pieces or units,1,37.5,1,0,0,0,1,0,0,0,3,0,1,1
NEGROS OCCIDENTAL,chicken,PONTEVEDRA,bilog,1,190,2,1,0,0,0,0,1,0,2,0,3,2
NEGROS OCCIDENTAL,chicken,PONTEVEDRA,bilog,2,250,1,0,1,1,0,0,1,0,2,0,3,2
NEGROS OCCIDENTAL,chicken,PONTEVEDRA,bilog,3,400,1,0,0,0,0,0,1,0,2,1,3,2
NEGROS OCCIDENTAL,chicken,PONTEVEDRA,whole (chicken),1,250,1,1,0,0,0,0,0,0,3,0,2,2
NEGROS OCCIDENTAL,chicken,PONTEVEDRA,whole (chicken),2,295,2,0,1,1,0,0,0,0,3,0,2,2
NEGROS OCCIDENTAL,fresh fish,PONTEVEDRA,pieces or units,1,75,1,1,0,0,0,0,0,0,2,0,2,2
NEGROS OCCIDENTAL,fresh fish,PONTEVEDRA,pieces or units,2,130,2,0,1,1,0,0,0,0,2,0,2,2
NEGROS OCCIDENTAL,"ice cream, sorbet, edible ice (eg., ice-lolli, halo-halo)",PONTEVEDRA,pieces or units,1,53.25,1,1,0,0,0,0,0,0,3,0,3,3
NEGROS OCCIDENTAL,"ice cream, sorbet, edible ice (eg., ice-lolli, halo-halo)",PONTEVEDRA,pieces or units,2,78,1,0,1,0,0,0,0,0,3,0,3,3
NEGROS OCCIDENTAL,"ice cream, sorbet, edible ice (eg., ice-lolli, halo-halo)",PONTEVEDRA,pieces or units,3,106.25,1,0,0,1,0,0,0,0,3,0,3,3
NEGROS OCCIDENTAL,"ice cream, sorbet, edible ice (eg., ice-lolli, halo-halo)",PONTEVEDRA,putos,1,30,1,0,0,0,1,0,0,0,3,0,1,1
NEGROS OCCIDENTAL,"ice cream, sorbet, edible ice (eg., ice-lolli, halo-halo)",PONTEVEDRA,small cup,1,40,1,0,0,0,1,0,0,0,3,0,1,1
NEGROS OCCIDENTAL,"liquor (e.g, whisky, coconut wine)",PONTEVEDRA,lipid/lapad,1,80,1,1,0,0,0,0,0,0,3,0,2,2
NEGROS OCCIDENTAL,"liquor (e.g, whisky, coconut wine)",PONTEVEDRA,lipid/lapad,2,150,2,0,1,1,0,0,0,0,3,0,2,2
NEGROS OCCIDENTAL,"liquor (e.g, whisky, coconut wine)",PONTEVEDRA,long-neck,1,150,1,0,0,0,0,0,1,0,2,1,2,1
NEGROS OCCIDENTAL,"liquor (e.g, whisky, coconut wine)",PONTEVEDRA,long-neck,2,182.5,1,0,0,0,0,1,0,0,2,0,2,1
NEGROS OCCIDENTAL,loaf bread,PONTEVEDRA,large packs,1,82.5,1,0,0,0,1,0,0,0,3,0,1,1
NEGROS OCCIDENTAL,loaf bread,PONTEVEDRA,medium packs,1,85,1,0,0,0,1,0,0,0,3,0,1,1
NEGROS OCCIDENTAL,loaf bread,PONTEVEDRA,small packs,1,62.25,2,1,1,0,0,0,0,0,3,0,2,2
NEGROS OCCIDENTAL,loaf bread,PONTEVEDRA,small packs,2,115,1,0,0,1,0,0,0,0,3,0,2,2
NEGROS OCCIDENTAL,mango,PONTEVEDRA,pieces or units,1,60,1,0,0,0,0,1,0,0,2,0,2,1
NEGROS OCCIDENTAL,mango,PONTEVEDRA,pieces or units,2,100,1,0,0,0,0,0,1,0,2,1,2,1
NEGROS OCCIDENTAL,"preserved or processed meat (tocino, tapa, longaniza, etc)",PONTEVEDRA,bilog,1,55,1,0,0,0,0,1,0,0,3,0,1,1
NEGROS OCCIDENTAL,"preserved or processed meat (tocino, tapa, longaniza, etc)",PONTEVEDRA,putos,1,65.625,2,1,1,0,0,0,0,0,3,0,2,2
NEGROS OCCIDENTAL,"preserved or processed meat (tocino, tapa, longaniza, etc)",PONTEVEDRA,putos,2,157.5,1,0,0,1,0,0,0,0,3,0,2,2
NEGROS OCCIDENTAL,cabbage,PULUPANDAN,pieces or units,1,30,2,1,1,0,0,0,0,0,2,0,2,2
NEGROS OCCIDENTAL,cabbage,PULUPANDAN,pieces or units,2,80,1,0,0,1,0,0,0,0,2,0,2,2
NEGROS OCCIDENTAL,camote,PULUPANDAN,bilog,1,25,1,0,0,0,0,1,0,0,2,0,1,1
NEGROS OCCIDENTAL,camote tops,PULUPANDAN,bugkos,1,20,1,0,0,0,1,0,0,0,3,0,1,1
NEGROS OCCIDENTAL,carrot,PULUPANDAN,pieces or units,1,30,1,0,0,0,1,0,0,0,2,0,1,1
NEGROS OCCIDENTAL,chicken,PULUPANDAN,bilog,1,200,1,0,0,0,0,0,1,0,2,1,2,1
NEGROS OCCIDENTAL,chicken,PULUPANDAN,bilog,2,250,1,0,0,0,0,1,0,0,2,0,2,1
NEGROS OCCIDENTAL,fresh fish,PULUPANDAN,pieces or units,1,160,1,0,0,0,0,1,0,0,2,0,2,1
NEGROS OCCIDENTAL,fresh fish,PULUPANDAN,pieces or units,2,340,1,0,0,0,0,0,1,0,2,1,2,1
NEGROS OCCIDENTAL,"ice cream, sorbet, edible ice (eg., ice-lolli, halo-halo)",PULUPANDAN,pieces or units,1,35,1,0,0,0,1,0,0,0,3,0,1,1
NEGROS OCCIDENTAL,"ice cream, sorbet, edible ice (eg., ice-lolli, halo-halo)",PULUPANDAN,small cup,1,30,1,1,0,0,0,0,0,0,3,0,3,3
NEGROS OCCIDENTAL,"ice cream, sorbet, edible ice (eg., ice-lolli, halo-halo)",PULUPANDAN,small cup,2,60,1,0,1,0,0,0,0,0,3,0,3,3
NEGROS OCCIDENTAL,"ice cream, sorbet, edible ice (eg., ice-lolli, halo-halo)",PULUPANDAN,small cup,3,105,1,0,0,1,0,0,0,0,3,0,3,3
NEGROS OCCIDENTAL,"liquor (e.g, whisky, coconut wine)",PULUPANDAN,lipid/lapad,1,67.5,2,1,1,0,0,0,0,0,2,0,2,2
NEGROS OCCIDENTAL,"liquor (e.g, whisky, coconut wine)",PULUPANDAN,lipid/lapad,2,130,1,0,0,1,0,0,0,0,2,0,2,2
NEGROS OCCIDENTAL,"liquor (e.g, whisky, coconut wine)",PULUPANDAN,long-neck,1,182.5,1,0,0,0,0,1,0,1,2,0,2,2
NEGROS OCCIDENTAL,"liquor (e.g, whisky, coconut wine)",PULUPANDAN,long-neck,2,240,1,0,0,0,0,0,1,1,2,0,2,2
NEGROS OCCIDENTAL,loaf bread,PULUPANDAN,large packs,1,92.5,1,0,0,0,1,0,0,0,3,0,1,1
NEGROS OCCIDENTAL,loaf bread,PULUPANDAN,medium packs,1,72.5,1,0,0,0,1,0,0,0,3,0,1,1
NEGROS OCCIDENTAL,loaf bread,PULUPANDAN,small packs,1,50,1,0,0,0,0,1,0,0,3,0,1,1
NEGROS OCCIDENTAL,"prawns, lobster, shrimp",PULUPANDAN,tumpok,1,80,1,0,0,0,0,1,0,0,2,0,2,1
NEGROS OCCIDENTAL,"prawns, lobster, shrimp",PULUPANDAN,tumpok,2,200,1,0,0,0,0,0,1,0,2,1,2,1
NEGROS OCCIDENTAL,"preserved or processed meat (tocino, tapa, longaniza, etc)",PULUPANDAN,bilog,1,80,1,0,0,0,1,0,0,0,2,0,1,1
NEGROS OCCIDENTAL,"preserved or processed meat (tocino, tapa, longaniza, etc)",PULUPANDAN,putos,1,70,1,1,0,0,0,0,0,0,2,0,2,2
NEGROS OCCIDENTAL,"preserved or processed meat (tocino, tapa, longaniza, etc)",PULUPANDAN,putos,2,128.75,2,0,1,1,0,0,0,0,2,0,2,2
NEGROS OCCIDENTAL,cabbage,SALVADOR BENEDICTO,pieces or units,1,42.5,1,0,0,0,1,0,0,0,3,0,1,1
NEGROS OCCIDENTAL,camote tops,SALVADOR BENEDICTO,bugkos,1,20,1,0,0,0,1,0,0,0,3,0,1,1
NEGROS OCCIDENTAL,carrot,SALVADOR BENEDICTO,pieces or units,1,35,1,0,0,0,1,0,0,0,2,0,1,1
NEGROS OCCIDENTAL,chicken,SALVADOR BENEDICTO,bilog,1,150,1,1,0,0,0,0,0,0,2,0,3,3
NEGROS OCCIDENTAL,chicken,SALVADOR BENEDICTO,bilog,2,250,1,0,1,0,0,0,0,0,2,0,3,3
NEGROS OCCIDENTAL,chicken,SALVADOR BENEDICTO,bilog,3,400,1,0,0,1,0,0,0,0,2,0,3,3
NEGROS OCCIDENTAL,"ice cream, sorbet, edible ice (eg., ice-lolli, halo-halo)",SALVADOR BENEDICTO,pieces or units,1,43.75,2,1,1,0,0,0,0,0,3,0,2,2
NEGROS OCCIDENTAL,"ice cream, sorbet, edible ice (eg., ice-lolli, halo-halo)",SALVADOR BENEDICTO,pieces or units,2,76.5,1,0,0,1,0,0,0,0,3,0,2,2
NEGROS OCCIDENTAL,"ice cream, sorbet, edible ice (eg., ice-lolli, halo-halo)",SALVADOR BENEDICTO,small cup,1,48,1,0,0,0,0,1,0,0,3,0,1,1
NEGROS OCCIDENTAL,"liquor (e.g, whisky, coconut wine)",SALVADOR BENEDICTO,lipid/lapad,1,80,1,0,0,0,1,0,0,0,2,0,1,1
NEGROS OCCIDENTAL,"liquor (e.g, whisky, coconut wine)",SALVADOR BENEDICTO,long-neck,1,182.5,1,0,0,0,0,1,0,1,2,0,3,3
NEGROS OCCIDENTAL,"liquor (e.g, whisky, coconut wine)",SALVADOR BENEDICTO,long-neck,2,260,1,0,0,0,0,0,1,1,2,0,3,3
NEGROS OCCIDENTAL,"liquor (e.g, whisky, coconut wine)",SALVADOR BENEDICTO,long-neck,3,300,1,0,0,0,0,0,1,1,2,0,3,3
NEGROS OCCIDENTAL,loaf bread,SALVADOR BENEDICTO,large packs,1,87.5,2,1,1,0,0,0,0,0,3,0,2,2
NEGROS OCCIDENTAL,loaf bread,SALVADOR BENEDICTO,large packs,2,130,1,0,0,1,0,0,0,0,3,0,2,2
NEGROS OCCIDENTAL,loaf bread,SALVADOR BENEDICTO,medium packs,1,100,1,0,0,0,1,0,0,0,3,0,1,1
NEGROS OCCIDENTAL,loaf bread,SALVADOR BENEDICTO,small packs,1,50,1,0,0,0,0,1,0,0,3,0,1,1
NEGROS OCCIDENTAL,"preserved or processed meat (tocino, tapa, longaniza, etc)",SALVADOR BENEDICTO,bilog,1,37.5,1,0,0,0,1,0,0,0,2,0,1,1
NEGROS OCCIDENTAL,"preserved or processed meat (tocino, tapa, longaniza, etc)",SALVADOR BENEDICTO,cans,1,117.5,1,0,0,0,0,1,0,0,2,0,1,1
NEGROS OCCIDENTAL,"preserved or processed meat (tocino, tapa, longaniza, etc)",SALVADOR BENEDICTO,putos,1,97.5,1,1,0,0,0,0,0,0,2,0,3,3
NEGROS OCCIDENTAL,"preserved or processed meat (tocino, tapa, longaniza, etc)",SALVADOR BENEDICTO,putos,2,120,1,0,1,0,0,0,0,0,2,0,3,3
NEGROS OCCIDENTAL,"preserved or processed meat (tocino, tapa, longaniza, etc)",SALVADOR BENEDICTO,putos,3,186.5,1,0,0,1,0,0,0,0,2,0,3,3
NEGROS OCCIDENTAL,cabbage,SAN ENRIQUE,pieces or units,1,35,1,0,0,0,1,0,0,0,3,0,1,1
NEGROS OCCIDENTAL,camote,SAN ENRIQUE,bilog,1,28,1,0,0,0,1,0,0,0,2,0,1,1
NEGROS OCCIDENTAL,camote tops,SAN ENRIQUE,bugkos,1,20,1,0,0,0,1,0,0,0,3,0,1,1
NEGROS OCCIDENTAL,carrot,SAN ENRIQUE,pieces or units,1,30,1,0,0,0,1,0,0,0,3,0,1,1
NEGROS OCCIDENTAL,chicken,SAN ENRIQUE,whole (chicken),1,190,1,1,0,0,0,0,0,0,3,0,3,3
NEGROS OCCIDENTAL,chicken,SAN ENRIQUE,whole (chicken),2,270,1,0,1,0,0,0,0,0,3,0,3,3
NEGROS OCCIDENTAL,chicken,SAN ENRIQUE,whole (chicken),3,380,1,0,0,1,0,0,0,0,3,0,3,3
NEGROS OCCIDENTAL,fresh fish,SAN ENRIQUE,pieces or units,1,160,1,0,0,0,0,1,0,0,3,0,2,1
NEGROS OCCIDENTAL,fresh fish,SAN ENRIQUE,pieces or units,2,200,1,0,0,0,0,0,1,0,3,1,2,1
NEGROS OCCIDENTAL,"ice cream, sorbet, edible ice (eg., ice-lolli, halo-halo)",SAN ENRIQUE,pieces or units,1,22.5,1,1,0,0,0,0,0,0,3,0,3,3
NEGROS OCCIDENTAL,"ice cream, sorbet, edible ice (eg., ice-lolli, halo-halo)",SAN ENRIQUE,pieces or units,2,50,1,0,1,0,0,0,0,0,3,0,3,3
NEGROS OCCIDENTAL,"ice cream, sorbet, edible ice (eg., ice-lolli, halo-halo)",SAN ENRIQUE,pieces or units,3,80,1,0,0,1,0,0,0,0,3,0,3,3
NEGROS OCCIDENTAL,"ice cream, sorbet, edible ice (eg., ice-lolli, halo-halo)",SAN ENRIQUE,small cup,1,27.5,1,1,0,0,0,0,0,0,3,0,2,2
NEGROS OCCIDENTAL,"ice cream, sorbet, edible ice (eg., ice-lolli, halo-halo)",SAN ENRIQUE,small cup,2,68.75,2,0,1,1,0,0,0,0,3,0,2,2
NEGROS OCCIDENTAL,"liquor (e.g, whisky, coconut wine)",SAN ENRIQUE,lipid/lapad,1,79,1,1,0,0,0,0,0,0,3,0,3,3
NEGROS OCCIDENTAL,"liquor (e.g, whisky, coconut wine)",SAN ENRIQUE,lipid/lapad,2,140,1,0,1,0,0,0,0,0,3,0,3,3
NEGROS OCCIDENTAL,"liquor (e.g, whisky, coconut wine)",SAN ENRIQUE,lipid/lapad,3,210,1,0,0,1,0,0,0,0,3,0,3,3
NEGROS OCCIDENTAL,"liquor (e.g, whisky, coconut wine)",SAN ENRIQUE,long-neck,1,182.5,1,0,0,0,0,1,0,0,2,0,2,1
NEGROS OCCIDENTAL,"liquor (e.g, whisky, coconut wine)",SAN ENRIQUE,long-neck,2,260,1,0,0,0,0,0,1,0,2,1,2,1
NEGROS OCCIDENTAL,loaf bread,SAN ENRIQUE,large packs,1,80,1,0,0,0,1,0,0,0,3,0,1,1
NEGROS OCCIDENTAL,loaf bread,SAN ENRIQUE,medium packs,1,60,1,0,0,0,1,0,0,0,3,0,1,1
NEGROS OCCIDENTAL,loaf bread,SAN ENRIQUE,small packs,1,52.5,1,0,0,0,1,0,0,0,3,0,1,1
NEGROS OCCIDENTAL,"prawns, lobster, shrimp",SAN ENRIQUE,tumpok,1,50,1,0,0,0,1,0,0,0,2,0,1,1
NEGROS OCCIDENTAL,"preserved or processed meat (tocino, tapa, longaniza, etc)",SAN ENRIQUE,bilog,1,48,1,1,0,0,0,0,0,0,2,0,2,2
NEGROS OCCIDENTAL,"preserved or processed meat (tocino, tapa, longaniza, etc)",SAN ENRIQUE,bilog,2,99,2,0,1,1,0,0,0,0,2,0,2,2
NEGROS OCCIDENTAL,"preserved or processed meat (tocino, tapa, longaniza, etc)",SAN ENRIQUE,putos,1,50,1,1,0,0,0,0,0,0,3,0,3,3
NEGROS OCCIDENTAL,"preserved or processed meat (tocino, tapa, longaniza, etc)",SAN ENRIQUE,putos,2,90,1,0,1,0,0,0,0,0,3,0,3,3
NEGROS OCCIDENTAL,"preserved or processed meat (tocino, tapa, longaniza, etc)",SAN ENRIQUE,putos,3,150,1,0,0,1,0,0,0,0,3,0,3,3
NEGROS OCCIDENTAL,cabbage,TOBOSO,pieces or units,1,28.125,2,1,1,0,0,0,0,0,3,0,2,2
NEGROS OCCIDENTAL,cabbage,TOBOSO,pieces or units,2,67.5,1,0,0,1,0,0,0,0,3,0,2,2
NEGROS OCCIDENTAL,carrot,TOBOSO,pieces or units,1,35,1,0,0,0,1,0,0,0,2,0,1,1
NEGROS OCCIDENTAL,chicken,TOBOSO,bilog,1,220,1,1,0,0,0,0,0,0,2,0,3,3
NEGROS OCCIDENTAL,chicken,TOBOSO,bilog,2,280,1,0,1,0,0,0,0,0,2,0,3,3
NEGROS OCCIDENTAL,chicken,TOBOSO,bilog,3,500,1,0,0,1,0,0,0,0,2,0,3,3
NEGROS OCCIDENTAL,chicken,TOBOSO,whole (chicken),1,220,1,0,0,0,0,0,1,1,2,0,2,2
NEGROS OCCIDENTAL,chicken,TOBOSO,whole (chicken),2,250,1,0,0,0,0,1,0,1,2,0,2,2
NEGROS OCCIDENTAL,"ice cream, sorbet, edible ice (eg., ice-lolli, halo-halo)",TOBOSO,pieces or units,1,60,1,1,0,0,0,0,0,0,3,0,3,3
NEGROS OCCIDENTAL,"ice cream, sorbet, edible ice (eg., ice-lolli, halo-halo)",TOBOSO,pieces or units,2,82.5,1,0,1,0,0,0,0,0,3,0,3,3
NEGROS OCCIDENTAL,"ice cream, sorbet, edible ice (eg., ice-lolli, halo-halo)",TOBOSO,pieces or units,3,108.75,1,0,0,1,0,0,0,0,3,0,3,3
NEGROS OCCIDENTAL,"ice cream, sorbet, edible ice (eg., ice-lolli, halo-halo)",TOBOSO,putos,1,38,1,0,0,0,0,1,0,0,3,0,1,1
NEGROS OCCIDENTAL,"ice cream, sorbet, edible ice (eg., ice-lolli, halo-halo)",TOBOSO,small cup,1,34,1,0,0,0,1,0,0,0,3,0,1,1
NEGROS OCCIDENTAL,"liquor (e.g, whisky, coconut wine)",TOBOSO,lipid/lapad,1,90,1,0,0,0,1,0,0,0,2,0,1,1
NEGROS OCCIDENTAL,"liquor (e.g, whisky, coconut wine)",TOBOSO,long-neck,1,160,1,0,0,0,1,0,0,0,2,0,1,1
NEGROS OCCIDENTAL,loaf bread,TOBOSO,large packs,1,60,1,0,0,0,1,0,0,0,3,0,1,1
NEGROS OCCIDENTAL,loaf bread,TOBOSO,medium packs,1,48.75,2,1,1,0,0,0,0,0,3,0,2,2
NEGROS OCCIDENTAL,loaf bread,TOBOSO,medium packs,2,89,1,0,0,1,0,0,0,0,3,0,2,2
NEGROS OCCIDENTAL,loaf bread,TOBOSO,small packs,1,45,1,0,0,0,1,0,0,0,3,0,1,1
NEGROS OCCIDENTAL,"preserved or processed meat (tocino, tapa, longaniza, etc)",TOBOSO,bilog,1,55,1,0,0,0,0,1,0,0,2,0,2,1
NEGROS OCCIDENTAL,"preserved or processed meat (tocino, tapa, longaniza, etc)",TOBOSO,bilog,2,120,1,0,0,0,0,0,1,0,2,1,2,1
NEGROS OCCIDENTAL,"preserved or processed meat (tocino, tapa, longaniza, etc)",TOBOSO,pack,1,45,1,0,0,0,0,1,0,0,2,0,1,1
NEGROS OCCIDENTAL,"preserved or processed meat (tocino, tapa, longaniza, etc)",TOBOSO,putos,1,40,1,1,0,0,0,0,0,0,2,0,2,2
NEGROS OCCIDENTAL,"preserved or processed meat (tocino, tapa, longaniza, etc)",TOBOSO,putos,2,90,2,0,1,1,0,0,0,0,2,0,2,2
NEGROS OCCIDENTAL,cabbage,VALLADOLID,pieces or units,1,30,1,0,0,0,1,0,0,0,2,0,2,2
NEGROS OCCIDENTAL,cabbage,VALLADOLID,pieces or units,2,60,1,0,0,0,0,1,0,0,2,0,2,2
NEGROS OCCIDENTAL,camote,VALLADOLID,bilog,1,25,1,0,0,0,0,1,0,0,2,0,1,1
NEGROS OCCIDENTAL,camote tops,VALLADOLID,bugkos,1,20,1,0,0,0,1,0,0,0,3,0,1,1
NEGROS OCCIDENTAL,carrot,VALLADOLID,pieces or units,1,35,2,0,0,0,1,1,0,0,2,0,1,1
NEGROS OCCIDENTAL,chicken,VALLADOLID,bilog,1,90,1,0,0,0,0,0,1,1,2,0,2,2
NEGROS OCCIDENTAL,chicken,VALLADOLID,bilog,2,250,1,0,0,0,0,1,1,1,2,0,2,2
NEGROS OCCIDENTAL,chicken,VALLADOLID,whole (chicken),1,250,1,0,0,0,0,1,0,1,2,0,2,2
NEGROS OCCIDENTAL,chicken,VALLADOLID,whole (chicken),2,1050,1,0,0,0,0,0,1,1,2,0,2,2
NEGROS OCCIDENTAL,"ice cream, sorbet, edible ice (eg., ice-lolli, halo-halo)",VALLADOLID,pieces or units,1,30,1,0,0,0,1,0,0,0,3,0,1,1
NEGROS OCCIDENTAL,"ice cream, sorbet, edible ice (eg., ice-lolli, halo-halo)",VALLADOLID,small cup,1,25,1,0,0,0,1,0,0,0,3,0,1,1
NEGROS OCCIDENTAL,"liquor (e.g, whisky, coconut wine)",VALLADOLID,lipid/lapad,1,75,1,1,0,0,0,0,0,0,2,0,3,3
NEGROS OCCIDENTAL,"liquor (e.g, whisky, coconut wine)",VALLADOLID,lipid/lapad,2,150,1,0,1,0,0,0,0,0,2,0,3,3
NEGROS OCCIDENTAL,"liquor (e.g, whisky, coconut wine)",VALLADOLID,lipid/lapad,3,180,1,0,0,1,0,0,0,0,2,0,3,3
NEGROS OCCIDENTAL,"liquor (e.g, whisky, coconut wine)",VALLADOLID,long-neck,1,182.5,1,0,0,0,0,1,0,0,2,0,1,1
NEGROS OCCIDENTAL,loaf bread,VALLADOLID,large packs,1,90,1,0,0,0,1,0,0,0,3,0,1,1
NEGROS OCCIDENTAL,loaf bread,VALLADOLID,medium packs,1,70,1,0,0,0,1,0,0,0,3,0,1,1
NEGROS OCCIDENTAL,loaf bread,VALLADOLID,small packs,1,40,1,0,0,0,1,0,0,0,3,0,1,1
NEGROS OCCIDENTAL,mango,VALLADOLID,pieces or units,1,60,1,0,0,0,0,1,0,0,2,0,1,1
NEGROS OCCIDENTAL,"prawns, lobster, shrimp",VALLADOLID,tumpok,1,90,1,0,0,0,1,0,0,0,2,0,1,1
NEGROS OCCIDENTAL,"preserved or processed meat (tocino, tapa, longaniza, etc)",VALLADOLID,bilog,1,36.75,1,1,0,0,0,0,0,0,2,0,3,3
NEGROS OCCIDENTAL,"preserved or processed meat (tocino, tapa, longaniza, etc)",VALLADOLID,bilog,2,62.5,1,0,1,0,0,0,0,0,2,0,3,3
NEGROS OCCIDENTAL,"preserved or processed meat (tocino, tapa, longaniza, etc)",VALLADOLID,bilog,3,122,1,0,0,1,0,0,0,0,2,0,3,3
NEGROS OCCIDENTAL,"preserved or processed meat (tocino, tapa, longaniza, etc)",VALLADOLID,putos,1,60,2,1,1,0,0,0,0,0,2,0,2,2
NEGROS OCCIDENTAL,"preserved or processed meat (tocino, tapa, longaniza, etc)",VALLADOLID,putos,2,115,1,0,0,1,0,0,0,0,2,0,2,2
