pull_province,pull_item,pull_municipal_city,harmonized_nsu_unit,p_g,conv_rank,corrected_unit,d_reclassified,k_use,n_points,d_point_usable,unusable_why,w_g,n_g,n_disputed,n_flagged,n_uncertain,group_id,n_filled,n_empty,branch,w_use,v_use,hetero_code,n_cpi_vals,psps_month,infl_factor,share_uncertain
AKLAN,cabbage,ALTAVAS,pieces or units,60,1,g,0,1,1,1,,695,5,0,0,0,1,1,0,size-based,695,.0863309352517986,,,,,0
AKLAN,camote tops,ALTAVAS,bugkos,30,1,g,1,1,1,1,,130,3,0,0,0,1,1,0,size-based,130,.2307692307692308,,,,,0
AKLAN,camote tops,ALTAVAS,bundle,20,1,g,0,1,1,1,,810,3,2,2,3,1,1,0,size-based,810,.0246913580246914,,,,,1
AKLAN,carrot,ALTAVAS,pieces or units,25,1,g,0,1,1,1,,152.5,6,1,0,1,1,1,0,size-based,152.5,.1639344262295082,,,,,.1666666666666667
AKLAN,chicken,ALTAVAS,pieces or units,185,1,g,0,3,3,1,,390,1,0,0,0,1,2,1,size-based,390,.4743589743589743,,,,,0
AKLAN,chicken,ALTAVAS,pieces or units,300,2,g,0,3,3,1,,500,1,0,1,1,2,2,1,size-based,500,.6,,,,,1
AKLAN,chicken,ALTAVAS,pieces or units,375,3,g,0,3,3,0,this part of the cut came back empty,,,,,,,,,size-based,,,,,,,
AKLAN,chicken,ALTAVAS,whole (chicken),250,1,g,0,3,3,1,,1065,1,0,0,0,1,2,1,size-based,1065,.2347417840375587,,,,,0
AKLAN,chicken,ALTAVAS,whole (chicken),280,2,g,0,3,3,1,,1650,1,0,0,0,2,2,1,size-based,1650,.1696969696969697,,,,,0
AKLAN,chicken,ALTAVAS,whole (chicken),425,3,g,0,3,3,0,this part of the cut came back empty,,,,,,,,,size-based,,,,,,,
AKLAN,"crackers, cookies, buiscuits, chips/curls",ALTAVAS,pieces or units,40,1,g,0,1,1,1,,25.5,8,0,1,1,1,1,0,size-based,25.5,1.568627450980392,,,,,.125
AKLAN,"crackers, cookies, buiscuits, chips/curls",ALTAVAS,putos,64.5,,g,0,,1,1,,270,5,0,2,2,1,,,price-quantity,288.6768145778939,.2234332538770477,municipality_median,1,2024m1,1.069173387325533,.4
AKLAN,"crackers, cookies, buiscuits, chips/curls",ALTAVAS,putos,64.5,,g,0,,1,1,,270,5,0,2,2,1,,,price-quantity,288.3085601030905,.223718643584279,municipality_median,1,2024m2,1.067809481863298,.4
AKLAN,"crackers, cookies, buiscuits, chips/curls",ALTAVAS,putos,64.5,,g,0,,1,1,,270,5,0,2,2,1,,,price-quantity,288.3529631994082,.2236841934424497,municipality_median,1,2024m3,1.067973937775586,.4
AKLAN,"crackers, cookies, buiscuits, chips/curls",ALTAVAS,putos,64.5,,g,0,,1,1,,270,5,0,2,2,1,,,price-quantity,288.3529631994082,.2236841934424497,municipality_median,1,2024m4,1.067973937775586,.4
AKLAN,"crackers, cookies, buiscuits, chips/curls",ALTAVAS,putos,64.5,,g,0,,1,1,,270,5,0,2,2,1,,,price-quantity,288.1037315036586,.2238776973257666,municipality_median,1,2024m5,1.067050857420958,.4
AKLAN,fresh fish,ALTAVAS,pieces or units,56.375,1,g,0,2,2,1,,95,2,0,2,2,1,2,0,size-based,95,.593421052631579,,,,,1
AKLAN,fresh fish,ALTAVAS,pieces or units,92,2,g,0,2,2,1,,240,1,0,0,0,2,2,0,size-based,240,.3833333333333334,,,,,0
AKLAN,"ice cream, sorbet, edible ice (eg., ice-lolli, halo-halo)",ALTAVAS,putos,20,1,g,0,1,1,1,,55,2,0,0,0,1,1,0,size-based,55,.3636363636363636,,,,,0
AKLAN,"liquor (e.g, whisky, coconut wine)",ALTAVAS,lipid/lapad,75,1,mL,0,1,1,1,,375,3,0,0,0,1,1,0,size-based,375,.2,,,,,0
AKLAN,"liquor (e.g, whisky, coconut wine)",ALTAVAS,long-neck,140,,mL,0,,1,1,,750,4,0,0,0,1,,,price-quantity,776.9792313798329,.1801849963883524,municipality_median,1,2024m1,1.035972308506444,0
AKLAN,"liquor (e.g, whisky, coconut wine)",ALTAVAS,long-neck,140,,mL,0,,1,1,,750,4,0,0,0,1,,,price-quantity,776.9792313798329,.1801849963883524,municipality_median,1,2024m2,1.035972308506444,0
AKLAN,"liquor (e.g, whisky, coconut wine)",ALTAVAS,long-neck,140,,mL,0,,1,1,,750,4,0,0,0,1,,,price-quantity,775.9097781069056,.180433349276223,municipality_median,1,2024m3,1.034546370809208,0
AKLAN,"liquor (e.g, whisky, coconut wine)",ALTAVAS,long-neck,140,,mL,0,,1,1,,750,4,0,0,0,1,,,price-quantity,775.9097781069056,.180433349276223,municipality_median,1,2024m4,1.034546370809208,0
AKLAN,"liquor (e.g, whisky, coconut wine)",ALTAVAS,long-neck,140,,mL,0,,1,1,,750,4,0,0,0,1,,,price-quantity,775.9097781069056,.180433349276223,municipality_median,1,2024m5,1.034546370809208,0
AKLAN,loaf bread,ALTAVAS,large packs,79,1,g,0,1,1,1,,640,4,0,0,0,1,1,0,size-based,640,.1234375,,,,,0
AKLAN,loaf bread,ALTAVAS,medium packs,65,1,g,0,1,1,1,,450,4,0,0,0,1,1,0,size-based,450,.1444444444444444,,,,,0
AKLAN,loaf bread,ALTAVAS,small packs,52.5,1,g,0,1,1,1,,360,3,0,0,0,1,1,0,size-based,360,.1458333333333333,,,,,0
AKLAN,pork,ALTAVAS,slice,20,1,g,0,1,1,1,,160,1,0,1,1,1,1,0,size-based,160,.125,,,,,1
AKLAN,"prawns, lobster, shrimp",ALTAVAS,tumpok,40,1,g,1,1,2,1,,135,3,0,0,0,1,1,0,size-based,135,.2962962962962963,,,,,0
AKLAN,"preserved or processed meat (tocino, tapa, longaniza, etc)",ALTAVAS,pieces or units,12,,g,0,,1,1,,70,3,0,0,0,1,,,price-quantity,71.15511551155114,.1686456400742115,municipality_median,1,2024m1,1.016501650165016,0
AKLAN,"preserved or processed meat (tocino, tapa, longaniza, etc)",ALTAVAS,pieces or units,12,,g,0,,1,1,,70,3,0,0,0,1,,,price-quantity,71.3907284768212,.1680890538033395,municipality_median,1,2024m2,1.019867549668874,0
AKLAN,"preserved or processed meat (tocino, tapa, longaniza, etc)",ALTAVAS,pieces or units,12,,g,0,,1,1,,70,3,0,0,0,1,,,price-quantity,68.44444444444444,.1753246753246753,municipality_median,1,2024m3,.9777777777777777,0
AKLAN,"preserved or processed meat (tocino, tapa, longaniza, etc)",ALTAVAS,pieces or units,12,,g,0,,1,1,,70,3,0,0,0,1,,,price-quantity,67.7561256219323,.1771057581857317,municipality_median,1,2024m4,.9679446517418899,0
AKLAN,"preserved or processed meat (tocino, tapa, longaniza, etc)",ALTAVAS,pieces or units,12,,g,0,,1,1,,70,3,0,0,0,1,,,price-quantity,67.54385706607151,.1776623444566037,municipality_median,1,2024m5,.9649122438010216,0
AKLAN,"preserved or processed meat (tocino, tapa, longaniza, etc)",ALTAVAS,putos,80,1,g,0,3,3,1,,240,2,0,0,0,1,3,0,size-based,240,.3333333333333333,,,,,0
AKLAN,"preserved or processed meat (tocino, tapa, longaniza, etc)",ALTAVAS,putos,115,2,g,0,3,3,1,,360,1,0,0,0,2,3,0,size-based,360,.3194444444444444,,,,,0
AKLAN,"preserved or processed meat (tocino, tapa, longaniza, etc)",ALTAVAS,putos,152.5,3,g,0,3,3,1,,1000,1,0,1,1,3,3,0,size-based,1000,.1525,,,,,1
AKLAN,cabbage,BANGA,pieces or units,54.625,1,g,0,2,2,1,,475,9,0,0,0,1,2,0,size-based,475,.115,,,,,0
AKLAN,cabbage,BANGA,pieces or units,105.25,2,g,0,2,2,1,,950,9,0,1,1,2,2,0,size-based,950,.1107894736842105,,,,,.1111111111111111
AKLAN,camote tops,BANGA,bundle,30,1,g,1,1,1,1,,1080,9,8,3,8,1,1,0,size-based,1080,.0277777777777778,,,,,.8888888888888888
AKLAN,carrot,BANGA,pieces or units,32.5,1,g,0,1,1,1,,140,16,0,1,1,1,1,0,size-based,140,.2321428571428572,,,,,.0625
AKLAN,chicken,BANGA,pieces or units,200,1,g,0,2,2,1,,187.5,4,0,0,0,1,2,0,size-based,187.5,1.066666666666667,,,,,0
AKLAN,chicken,BANGA,pieces or units,335,2,g,0,2,2,1,,560,3,1,2,2,2,2,0,size-based,560,.5982142857142857,,,,,.6666666666666666
AKLAN,chicken,BANGA,whole (chicken),197.5,1,g,0,2,2,1,,1120,5,0,0,0,1,2,0,size-based,1120,.1763392857142857,,,,,0
AKLAN,chicken,BANGA,whole (chicken),265,2,g,0,2,2,1,,1765,5,0,1,1,2,2,0,size-based,1765,.1501416430594901,,,,,.2
AKLAN,"crackers, cookies, buiscuits, chips/curls",BANGA,pieces or units,8,,g,0,,1,1,,29,6,0,0,0,1,,,price-quantity,31.00602823244045,.2580143428892933,municipality_median,1,2024m1,1.069173387325533,0
AKLAN,"crackers, cookies, buiscuits, chips/curls",BANGA,pieces or units,8,,g,0,,1,1,,29,6,0,0,0,1,,,price-quantity,30.96647497403565,.2583439027757513,municipality_median,1,2024m2,1.067809481863298,0
AKLAN,"crackers, cookies, buiscuits, chips/curls",BANGA,pieces or units,8,,g,0,,1,1,,29,6,0,0,0,1,,,price-quantity,30.94447486520778,.2585275734956727,municipality_median,1,2024m5,1.067050857420958,0
AKLAN,"crackers, cookies, buiscuits, chips/curls",BANGA,pieces or units,8,,g,0,,1,1,,29,6,0,0,0,1,,,price-quantity,30.94732709492214,.2585037465582172,municipality_median,1,2024m6,1.067149210169729,0
AKLAN,"crackers, cookies, buiscuits, chips/curls",BANGA,putos,59,,g,0,,1,1,,310,4,0,4,4,1,,,price-quantity,331.4437500709152,.1780090889853148,municipality_median,1,2024m1,1.069173387325533,1
AKLAN,"crackers, cookies, buiscuits, chips/curls",BANGA,putos,59,,g,0,,1,1,,310,4,0,4,4,1,,,price-quantity,331.0209393776225,.1782364587295606,municipality_median,1,2024m2,1.067809481863298,1
AKLAN,"crackers, cookies, buiscuits, chips/curls",BANGA,putos,59,,g,0,,1,1,,310,4,0,4,4,1,,,price-quantity,330.7857658004969,.1783631767141516,municipality_median,1,2024m5,1.067050857420958,1
AKLAN,"crackers, cookies, buiscuits, chips/curls",BANGA,putos,59,,g,0,,1,1,,310,4,0,4,4,1,,,price-quantity,330.816255152616,.1783467380488345,municipality_median,1,2024m6,1.067149210169729,1
AKLAN,"ice cream, sorbet, edible ice (eg., ice-lolli, halo-halo)",BANGA,pieces or units,30,1,g,0,1,1,1,,85,1,0,0,0,1,1,0,size-based,85,.3529411764705883,,,,,0
AKLAN,"ice cream, sorbet, edible ice (eg., ice-lolli, halo-halo)",BANGA,putos,30,1,g,0,1,1,1,,60,1,0,0,0,1,1,0,size-based,60,.5,,,,,0
AKLAN,"liquor (e.g, whisky, coconut wine)",BANGA,lipid/lapad,73.125,1,mL,0,2,2,1,,375,6,0,0,0,1,1,1,size-based,375,.195,,,,,0
AKLAN,"liquor (e.g, whisky, coconut wine)",BANGA,lipid/lapad,225,2,mL,0,2,2,0,this part of the cut came back empty,,,,,,,,,size-based,,,,,,,
AKLAN,"liquor (e.g, whisky, coconut wine)",BANGA,long-neck,300,1,mL,0,3,3,1,,750,7,0,0,0,1,1,2,size-based,750,.4,,,,,0
AKLAN,"liquor (e.g, whisky, coconut wine)",BANGA,long-neck,440,2,mL,0,3,3,0,this part of the cut came back empty,,,,,,,,,size-based,,,,,,,
AKLAN,"liquor (e.g, whisky, coconut wine)",BANGA,long-neck,550,3,mL,0,3,3,0,this part of the cut came back empty,,,,,,,,,size-based,,,,,,,
AKLAN,loaf bread,BANGA,large packs,80,1,g,0,1,1,1,,640,4,0,0,0,1,1,0,size-based,640,.125,,,,,0
AKLAN,loaf bread,BANGA,medium packs,60,1,g,0,1,1,1,,450,5,0,0,0,1,1,0,size-based,450,.1333333333333333,,,,,0
AKLAN,loaf bread,BANGA,small packs,25,1,g,0,3,3,1,,360,2,0,0,0,1,1,2,size-based,360,.0694444444444444,,,,,0
AKLAN,loaf bread,BANGA,small packs,50,2,g,0,3,3,0,this part of the cut came back empty,,,,,,,,,size-based,,,,,,,
AKLAN,loaf bread,BANGA,small packs,110,3,g,0,3,3,0,this part of the cut came back empty,,,,,,,,,size-based,,,,,,,
AKLAN,mango,BANGA,pieces or units,60,1,g,0,1,1,1,,260,5,0,0,0,1,1,0,size-based,260,.2307692307692308,,,,,0
AKLAN,mango,BANGA,pieces or units,100,,g,0,1,1,0,"unique price, no weighing behind it",,,,,,,,,size-based,,,,,,,
AKLAN,"preserved or processed meat (tocino, tapa, longaniza, etc)",BANGA,putos,110,,g,0,,1,1,,360,1,0,0,0,1,,,price-quantity,365.9405940594059,.3005952380952381,municipality_median,1,2024m1,1.016501650165016,0
AKLAN,"preserved or processed meat (tocino, tapa, longaniza, etc)",BANGA,putos,110,,g,0,,1,1,,360,1,0,0,0,1,,,price-quantity,367.1523178807947,.2996031746031746,municipality_median,1,2024m2,1.019867549668874,0
AKLAN,"preserved or processed meat (tocino, tapa, longaniza, etc)",BANGA,putos,110,,g,0,,1,1,,360,1,0,0,0,1,,,price-quantity,347.3684077683678,.3166666787768167,municipality_median,1,2024m5,.9649122438010216,0
AKLAN,"preserved or processed meat (tocino, tapa, longaniza, etc)",BANGA,putos,110,,g,0,,1,1,,360,1,0,0,0,1,,,price-quantity,348.8986918156615,.3152777656676278,municipality_median,1,2024m6,.969163032821282,0
AKLAN,cabbage,BATAN,pieces or units,40,1,g,0,3,3,1,,550,8,0,0,0,1,3,0,size-based,550,.0727272727272727,,,,,0
AKLAN,cabbage,BATAN,pieces or units,65,2,g,0,3,3,1,,762.5,8,0,0,0,2,3,0,size-based,762.5,.0852459016393443,,,,,0
AKLAN,cabbage,BATAN,pieces or units,97.5,3,g,0,3,3,1,,1060,7,0,1,1,3,3,0,size-based,1060,.0919811320754717,,,,,.1428571428571428
AKLAN,camote tops,BATAN,bugkos,25,1,g,1,1,1,1,,160,3,0,0,0,1,1,0,size-based,160,.15625,,,,,0
AKLAN,carrot,BATAN,pieces or units,30,1,g,0,1,1,1,,175,15,0,3,3,1,1,0,size-based,175,.1714285714285714,,,,,.2
AKLAN,chicken,BATAN,pieces or units,250,1,g,0,1,1,1,,330,7,1,2,3,1,1,0,size-based,330,.7575757575757576,,,,,.4285714285714285
AKLAN,chicken,BATAN,pieces or units,180,,g,0,1,1,0,"unique price, no weighing behind it",,,,,,,,,size-based,,,,,,,
AKLAN,chicken,BATAN,whole (chicken),250,1,g,0,1,1,1,,1607.5,6,0,0,0,1,1,0,size-based,1607.5,.1555209953343701,,,,,0
AKLAN,"crackers, cookies, buiscuits, chips/curls",BATAN,pieces or units,64,1,g,0,1,1,1,,48,5,0,1,1,1,1,0,size-based,48,1.333333333333333,,,,,.2
AKLAN,"crackers, cookies, buiscuits, chips/curls",BATAN,putos,62.5,1,g,0,2,2,1,,270,3,0,1,1,1,2,0,size-based,270,.2314814814814815,,,,,.3333333333333333
AKLAN,"crackers, cookies, buiscuits, chips/curls",BATAN,putos,123.25,2,g,0,2,2,1,,300,3,1,3,3,2,2,0,size-based,300,.4108333333333333,,,,,1
AKLAN,fresh fish,BATAN,pieces or units,100,1,g,0,1,1,1,,155,9,1,2,2,1,1,0,size-based,155,.6451612903225806,,,,,.2222222222222222
AKLAN,"ice cream, sorbet, edible ice (eg., ice-lolli, halo-halo)",BATAN,pieces or units,50,1,mL,0,1,1,1,,110,2,0,0,0,1,1,0,size-based,110,.4545454545454545,,,,,0
AKLAN,"ice cream, sorbet, edible ice (eg., ice-lolli, halo-halo)",BATAN,putos,30,1,mL,0,1,1,1,,650,2,0,0,0,1,1,0,size-based,650,.0461538461538462,,,,,0
AKLAN,"ice cream, sorbet, edible ice (eg., ice-lolli, halo-halo)",BATAN,putos,125,,mL,0,1,1,0,"unique price, no weighing behind it",,,,,,,,,size-based,,,,,,,
AKLAN,"ice cream, sorbet, edible ice (eg., ice-lolli, halo-halo)",BATAN,small cup,60,1,mL,0,1,1,1,,110,2,0,0,0,1,1,0,size-based,110,.5454545454545454,,,,,0
AKLAN,"liquor (e.g, whisky, coconut wine)",BATAN,lipid/lapad,72.5,1,mL,0,3,3,1,,375,3,0,0,0,1,1,2,size-based,375,.1933333333333333,,,,,0
AKLAN,"liquor (e.g, whisky, coconut wine)",BATAN,lipid/lapad,168.75,3,mL,0,3,3,0,this part of the cut came back empty,,,,,,,,,size-based,,,,,,,
AKLAN,"liquor (e.g, whisky, coconut wine)",BATAN,lipid/lapad,130,2,mL,0,3,3,0,this part of the cut came back empty,,,,,,,,,size-based,,,,,,,
AKLAN,"liquor (e.g, whisky, coconut wine)",BATAN,long-neck,130,1,mL,0,2,2,1,,750,5,0,0,0,1,1,1,size-based,750,.1733333333333333,,,,,0
AKLAN,"liquor (e.g, whisky, coconut wine)",BATAN,long-neck,249.5,2,mL,0,2,2,0,this part of the cut came back empty,,,,,,,,,size-based,,,,,,,
AKLAN,loaf bread,BATAN,large packs,76.875,1,g,0,2,2,1,,620,3,0,0,0,1,2,0,size-based,620,.123991935483871,,,,,0
AKLAN,loaf bread,BATAN,large packs,160,2,g,0,2,2,1,,670,2,0,0,0,2,2,0,size-based,670,.2388059701492537,,,,,0
AKLAN,loaf bread,BATAN,medium packs,62.5,1,g,0,2,2,1,,450,1,0,0,0,1,1,1,size-based,450,.1388888888888889,,,,,0
AKLAN,loaf bread,BATAN,medium packs,130,2,g,0,2,2,0,this part of the cut came back empty,,,,,,,,,size-based,,,,,,,
AKLAN,loaf bread,BATAN,small packs,60,1,g,0,1,1,1,,330,2,0,0,0,1,1,0,size-based,330,.1818181818181818,,,,,0
AKLAN,mango,BATAN,pieces or units,65,1,g,0,1,1,1,,245,15,0,0,0,1,1,0,size-based,245,.2653061224489796,,,,,0
AKLAN,"prawns, lobster, shrimp",BATAN,tumpok,50,1,g,1,1,2,1,,190,2,0,0,0,1,1,0,size-based,190,.2631578947368421,,,,,0
AKLAN,"preserved or processed meat (tocino, tapa, longaniza, etc)",BATAN,cans,85,1,g,0,1,1,1,,152.5,18,0,1,1,1,1,0,size-based,152.5,.5573770491803278,,,,,.0555555555555556
AKLAN,"preserved or processed meat (tocino, tapa, longaniza, etc)",BATAN,cans,120,,g,0,1,1,0,"unique price, no weighing behind it",,,,,,,,,size-based,,,,,,,
AKLAN,"preserved or processed meat (tocino, tapa, longaniza, etc)",BATAN,pieces or units,58.75,1,g,0,2,2,1,,45,1,0,0,0,1,1,1,size-based,45,1.305555555555556,,,,,0
AKLAN,"preserved or processed meat (tocino, tapa, longaniza, etc)",BATAN,pieces or units,98.5,2,g,0,2,2,0,this part of the cut came back empty,,,,,,,,,size-based,,,,,,,
AKLAN,"preserved or processed meat (tocino, tapa, longaniza, etc)",BATAN,putos,120,1,g,0,1,1,1,,305,4,0,0,0,1,1,0,size-based,305,.3934426229508197,,,,,0
AKLAN,cabbage,BURUANGA,pieces or units,52.5,1,g,0,1,1,1,,625,13,0,1,1,1,1,0,size-based,625,.084,,,,,.0769230769230769
AKLAN,cabbage,BURUANGA,small packs,20,1,g,0,1,1,1,,235,3,0,3,3,1,1,0,size-based,235,.0851063829787234,,,,,1
AKLAN,camote,BURUANGA,binilog,15,1,g,0,1,1,1,,100,8,0,0,0,1,1,0,size-based,100,.15,,,,,0
AKLAN,camote tops,BURUANGA,bundle,25,1,g,1,1,1,1,,897.5,2,1,1,2,1,1,0,size-based,897.5,.0278551532033426,,,,,1
AKLAN,carrot,BURUANGA,pieces or units,32.625,1,g,0,2,2,1,,90,7,0,0,0,1,2,0,size-based,90,.3625,,,,,0
AKLAN,carrot,BURUANGA,pieces or units,73.5,2,g,0,2,2,1,,220,6,0,2,2,2,2,0,size-based,220,.3340909090909091,,,,,.3333333333333333
AKLAN,chicken,BURUANGA,pieces or units,250,1,g,0,1,1,1,,600,3,0,3,3,1,1,0,size-based,600,.4166666666666667,,,,,1
AKLAN,chicken,BURUANGA,pieces or units,200,,g,0,1,1,0,"unique price, no weighing behind it",,,,,,,,,size-based,,,,,,,
AKLAN,chicken,BURUANGA,whole (chicken),245,1,g,0,3,3,1,,945,3,0,0,0,1,3,0,size-based,945,.2592592592592592,,,,,0
AKLAN,chicken,BURUANGA,whole (chicken),280,2,g,0,3,3,1,,1180,2,0,0,0,2,3,0,size-based,1180,.2372881355932203,,,,,0
AKLAN,chicken,BURUANGA,whole (chicken),350,3,g,0,3,3,1,,1545,2,0,0,0,3,3,0,size-based,1545,.226537216828479,,,,,0
AKLAN,"crackers, cookies, buiscuits, chips/curls",BURUANGA,pack,34,,g,0,,1,1,,98,1,0,1,1,1,,,price-quantity,104.6431881731044,.3249136479266668,province_median,1,2023m12,1.067787634419433,1
AKLAN,"crackers, cookies, buiscuits, chips/curls",BURUANGA,putos,8,,g,0,,3,1,,290,8,0,5,5,1,,,price-quantity,309.6584139816356,.0258349188615118,mp25_price,1,2023m12,1.067787634419433,.625
AKLAN,"crackers, cookies, buiscuits, chips/curls",BURUANGA,putos,32,,g,0,,3,1,,90,8,0,0,0,2,,,price-quantity,96.10088709774897,.332983398659486,mp50_price,1,2023m12,1.067787634419433,0
AKLAN,"crackers, cookies, buiscuits, chips/curls",BURUANGA,putos,70,,g,0,,3,1,,300,8,0,7,7,3,,,price-quantity,320.3362903258299,.2185203553702877,mp75_price,1,2023m12,1.067787634419433,.875
AKLAN,"ice cream, sorbet, edible ice (eg., ice-lolli, halo-halo)",BURUANGA,pack,30,1,g,0,1,1,1,,60,3,3,0,3,1,1,0,size-based,60,.5,,,,,1
AKLAN,"ice cream, sorbet, edible ice (eg., ice-lolli, halo-halo)",BURUANGA,small cup,30,1,g,0,1,1,1,,117.5,2,0,0,0,1,1,0,size-based,117.5,.2553191489361702,,,,,0
AKLAN,"liquor (e.g, whisky, coconut wine)",BURUANGA,lipid/lapad,75,1,mL,0,1,1,1,,375,9,0,0,0,1,1,0,size-based,375,.2,,,,,0
AKLAN,"liquor (e.g, whisky, coconut wine)",BURUANGA,long-neck,240,1,mL,0,1,1,1,,750,9,0,0,0,1,1,0,size-based,750,.32,,,,,0
AKLAN,"liquor (e.g, whisky, coconut wine)",BURUANGA,long-neck,130,,mL,0,1,1,0,"unique price, no weighing behind it",,,,,,,,,size-based,,,,,,,
AKLAN,loaf bread,BURUANGA,large packs,50,1,g,0,1,1,1,,600,3,0,0,0,1,1,0,size-based,600,.0833333333333333,,,,,0
AKLAN,loaf bread,BURUANGA,medium packs,60,1,g,0,1,1,1,,450,5,0,0,0,1,1,0,size-based,450,.1333333333333333,,,,,0
AKLAN,loaf bread,BURUANGA,small packs,30,1,g,0,2,2,1,,257.5,2,0,0,0,1,2,0,size-based,257.5,.116504854368932,,,,,0
AKLAN,loaf bread,BURUANGA,small packs,80,2,g,0,2,2,1,,400,2,0,0,0,2,2,0,size-based,400,.2,,,,,0
AKLAN,"preserved or processed meat (tocino, tapa, longaniza, etc)",BURUANGA,pieces or units,53.5,1,g,0,1,1,1,,250,3,0,0,0,1,1,0,size-based,250,.214,,,,,0
AKLAN,"preserved or processed meat (tocino, tapa, longaniza, etc)",BURUANGA,putos,120,1,g,0,1,1,1,,225,8,0,0,0,1,1,0,size-based,225,.5333333333333333,,,,,0
AKLAN,cabbage,IBAJAY,pieces or units,50,1,g,0,1,1,1,,627.5,14,0,2,2,1,1,0,size-based,627.5,.0796812749003984,,,,,.1428571428571428
AKLAN,camote,IBAJAY,binilog,15,1,g,0,1,1,1,,150,9,1,3,3,1,1,0,size-based,150,.1,,,,,.3333333333333333
AKLAN,camote tops,IBAJAY,bugkos,20,1,g,1,1,1,1,,162.5,4,0,0,0,1,1,0,size-based,162.5,.1230769230769231,,,,,0
AKLAN,carrot,IBAJAY,pieces or units,39,1,g,0,1,1,1,,145,15,1,3,3,1,1,0,size-based,145,.2689655172413793,,,,,.2
AKLAN,chicken,IBAJAY,pieces or units,200,1,g,0,2,2,1,,172.5,4,0,1,1,1,2,0,size-based,172.5,1.159420289855073,,,,,.25
AKLAN,chicken,IBAJAY,pieces or units,250,2,g,0,2,2,1,,650,3,2,3,3,2,2,0,size-based,650,.3846153846153846,,,,,1
AKLAN,chicken,IBAJAY,whole (chicken),250,1,g,0,1,1,1,,1445,7,0,0,0,1,1,0,size-based,1445,.1730103806228374,,,,,0
AKLAN,"crackers, cookies, buiscuits, chips/curls",IBAJAY,pieces or units,37.5,1,g,0,2,2,1,,27,8,0,0,0,1,2,0,size-based,27,1.388888888888889,,,,,0
AKLAN,"crackers, cookies, buiscuits, chips/curls",IBAJAY,pieces or units,94.5,2,g,0,2,2,1,,74,6,0,4,4,2,2,0,size-based,74,1.277027027027027,,,,,.6666666666666666
AKLAN,"crackers, cookies, buiscuits, chips/curls",IBAJAY,putos,65,,g,0,,1,1,,300,2,0,2,2,1,,,price-quantity,320.7520161976599,.2026487651442991,municipality_median,1,2024m1,1.069173387325533,1
AKLAN,"crackers, cookies, buiscuits, chips/curls",IBAJAY,putos,65,,g,0,,1,1,,300,2,0,2,2,1,,,price-quantity,320.3428445589895,.2029076069717879,municipality_median,1,2024m2,1.067809481863298,1
AKLAN,"crackers, cookies, buiscuits, chips/curls",IBAJAY,putos,65,,g,0,,1,1,,300,2,0,2,2,1,,,price-quantity,320.3921813326758,.2028763614943148,municipality_median,1,2024m3,1.067973937775586,1
AKLAN,"crackers, cookies, buiscuits, chips/curls",IBAJAY,putos,65,,g,0,,1,1,,300,2,0,2,2,1,,,price-quantity,320.1447630509186,.2030331509425998,municipality_median,1,2024m6,1.067149210169729,1
AKLAN,fresh fish,IBAJAY,pieces or units,100,1,g,0,1,1,1,,235,14,1,6,6,1,1,0,size-based,235,.425531914893617,,,,,.4285714285714285
AKLAN,"ice cream, sorbet, edible ice (eg., ice-lolli, halo-halo)",IBAJAY,pieces or units,105,1,mL,0,1,1,1,,110,2,0,0,0,1,1,0,size-based,110,.9545454545454546,,,,,0
AKLAN,"ice cream, sorbet, edible ice (eg., ice-lolli, halo-halo)",IBAJAY,putos,50,1,mL,0,1,1,1,,600,3,0,0,0,1,1,0,size-based,600,.0833333333333333,,,,,0
AKLAN,"ice cream, sorbet, edible ice (eg., ice-lolli, halo-halo)",IBAJAY,small cup,90,1,mL,0,1,1,1,,100,3,0,0,0,1,1,0,size-based,100,.9,,,,,0
AKLAN,"liquor (e.g, whisky, coconut wine)",IBAJAY,lipid/lapad,75,1,mL,0,1,1,1,,375,6,0,0,0,1,1,0,size-based,375,.2,,,,,0
AKLAN,"liquor (e.g, whisky, coconut wine)",IBAJAY,lipid/lapad,160,,mL,0,1,1,0,"unique price, no weighing behind it",,,,,,,,,size-based,,,,,,,
AKLAN,"liquor (e.g, whisky, coconut wine)",IBAJAY,lipid/lapad,225,,mL,0,1,1,0,"unique price, no weighing behind it",,,,,,,,,size-based,,,,,,,
AKLAN,"liquor (e.g, whisky, coconut wine)",IBAJAY,long-neck,130,1,mL,0,2,2,1,,750,6,0,0,0,1,2,0,size-based,750,.1733333333333333,,,,,0
AKLAN,"liquor (e.g, whisky, coconut wine)",IBAJAY,long-neck,236,2,mL,0,2,2,1,,1000,1,0,0,0,2,2,0,size-based,1000,.236,,,,,0
AKLAN,loaf bread,IBAJAY,large packs,60,1,g,0,1,1,1,,620,3,0,0,0,1,1,0,size-based,620,.0967741935483871,,,,,0
AKLAN,loaf bread,IBAJAY,medium packs,50,1,g,0,1,1,1,,525,2,0,0,0,1,1,0,size-based,525,.0952380952380952,,,,,0
AKLAN,loaf bread,IBAJAY,small packs,50,1,g,0,1,1,1,,372.5,2,0,0,0,1,1,0,size-based,372.5,.1342281879194631,,,,,0
AKLAN,mango,IBAJAY,pieces or units,60,1,g,0,1,1,1,,225,15,0,0,0,1,1,0,size-based,225,.2666666666666667,,,,,0
AKLAN,"prawns, lobster, shrimp",IBAJAY,tumpok,55,1,g,1,1,1,1,,455,3,1,0,1,1,1,0,size-based,455,.1208791208791209,,,,,.3333333333333333
AKLAN,"preserved or processed meat (tocino, tapa, longaniza, etc)",IBAJAY,pieces or units,45,1,g,0,2,2,1,,45,1,0,0,0,1,2,0,size-based,45,1,,,,,0
AKLAN,"preserved or processed meat (tocino, tapa, longaniza, etc)",IBAJAY,pieces or units,84,2,g,0,2,2,1,,70,1,0,0,0,2,2,0,size-based,70,1.2,,,,,0
AKLAN,"preserved or processed meat (tocino, tapa, longaniza, etc)",IBAJAY,putos,110,1,g,0,2,2,1,,387.5,8,0,0,0,1,2,0,size-based,387.5,.2838709677419355,,,,,0
AKLAN,"preserved or processed meat (tocino, tapa, longaniza, etc)",IBAJAY,putos,150,2,g,0,2,2,1,,1000,3,3,2,3,2,2,0,size-based,1000,.15,,,,,1
AKLAN,cabbage,LIBACAO,pieces or units,80,1,g,0,1,1,1,,725,22,0,1,1,1,1,0,size-based,725,.1103448275862069,,,,,.0454545454545455
AKLAN,camote tops,LIBACAO,bugkos,20,1,g,1,1,1,1,,170,3,0,0,0,1,1,0,size-based,170,.1176470588235294,,,,,0
AKLAN,camote tops,LIBACAO,bundle,30,1,g,1,1,1,1,,665,3,1,3,3,1,1,0,size-based,665,.0451127819548872,,,,,1
AKLAN,carrot,LIBACAO,pieces or units,30,1,g,0,1,1,1,,105,11,0,0,0,1,1,0,size-based,105,.2857142857142857,,,,,0
AKLAN,chicken,LIBACAO,pieces or units,350,1,g,0,3,3,1,,360,1,0,0,0,1,2,1,size-based,360,.9722222222222222,,,,,0
AKLAN,chicken,LIBACAO,pieces or units,400,2,g,0,3,3,1,,625,2,1,2,2,2,2,1,size-based,625,.64,,,,,1
AKLAN,chicken,LIBACAO,pieces or units,700,3,g,0,3,3,0,this part of the cut came back empty,,,,,,,,,size-based,,,,,,,
AKLAN,chicken,LIBACAO,whole (chicken),250,1,g,0,2,2,1,,1175,3,0,0,0,1,2,0,size-based,1175,.2127659574468085,,,,,0
AKLAN,chicken,LIBACAO,whole (chicken),400,2,g,0,2,2,1,,1770,3,0,0,0,2,2,0,size-based,1770,.2259887005649718,,,,,0
AKLAN,"crackers, cookies, buiscuits, chips/curls",LIBACAO,pieces or units,8,,g,0,,1,1,,30,9,0,0,0,1,,,price-quantity,32.07520161976598,.2494138647929836,municipality_median,1,2024m1,1.069173387325533,0
AKLAN,"crackers, cookies, buiscuits, chips/curls",LIBACAO,pieces or units,8,,g,0,,1,1,,30,9,0,0,0,1,,,price-quantity,32.03428445589895,.2497324393498929,municipality_median,1,2024m2,1.067809481863298,0
AKLAN,"crackers, cookies, buiscuits, chips/curls",LIBACAO,pieces or units,8,,g,0,,1,1,,30,9,0,0,0,1,,,price-quantity,32.03921813326758,.2496939833776182,municipality_median,1,2024m3,1.067973937775586,0
AKLAN,"crackers, cookies, buiscuits, chips/curls",LIBACAO,pieces or units,8,,g,0,,1,1,,30,9,0,0,0,1,,,price-quantity,32.01152572262873,.2499099877124836,municipality_median,1,2024m5,1.067050857420958,0
AKLAN,"crackers, cookies, buiscuits, chips/curls",LIBACAO,putos,60,1,g,0,1,1,1,,300,9,0,7,7,1,1,0,size-based,300,.2,,,,,.7777777777777778
AKLAN,fresh fish,LIBACAO,pieces or units,100,1,g,0,1,1,1,,562.5,6,0,2,2,1,1,0,size-based,562.5,.1777777777777778,,,,,.3333333333333333
AKLAN,fresh fish,LIBACAO,pieces or units,280,,g,0,1,1,0,"unique price, no weighing behind it",,,,,,,,,size-based,,,,,,,
AKLAN,fresh fish,LIBACAO,pieces or units,135,,g,0,1,1,0,"unique price, no weighing behind it",,,,,,,,,size-based,,,,,,,
AKLAN,"ice cream, sorbet, edible ice (eg., ice-lolli, halo-halo)",LIBACAO,putos,30,1,g,0,1,1,1,,51.5,4,0,0,0,1,1,0,size-based,51.5,.5825242718446602,,,,,0
AKLAN,"ice cream, sorbet, edible ice (eg., ice-lolli, halo-halo)",LIBACAO,putos,8,,g,0,1,1,0,"unique price, no weighing behind it",,,,,,,,,size-based,,,,,,,
AKLAN,"ice cream, sorbet, edible ice (eg., ice-lolli, halo-halo)",LIBACAO,small cup,60,1,g,0,1,1,1,,350,3,0,1,1,1,1,0,size-based,350,.1714285714285714,,,,,.3333333333333333
AKLAN,"ice cream, sorbet, edible ice (eg., ice-lolli, halo-halo)",LIBACAO,small cup,100,,g,0,1,1,0,"unique price, no weighing behind it",,,,,,,,,size-based,,,,,,,
AKLAN,"liquor (e.g, whisky, coconut wine)",LIBACAO,lipid/lapad,75,1,mL,0,1,1,1,,375,5,0,0,0,1,1,0,size-based,375,.2,,,,,0
AKLAN,"liquor (e.g, whisky, coconut wine)",LIBACAO,long-neck,138.75,1,mL,0,2,2,1,,750,7,0,0,0,1,1,1,size-based,750,.185,,,,,0
AKLAN,"liquor (e.g, whisky, coconut wine)",LIBACAO,long-neck,447.5,2,mL,0,2,2,0,this part of the cut came back empty,,,,,,,,,size-based,,,,,,,
AKLAN,mango,LIBACAO,pieces or units,60,1,g,0,1,1,1,,220,11,0,0,0,1,1,0,size-based,220,.2727272727272727,,,,,0
AKLAN,"preserved or processed meat (tocino, tapa, longaniza, etc)",LIBACAO,pieces or units,12,,g,0,,1,1,,125,2,1,1,1,1,,,price-quantity,127.062706270627,.0944415584415585,province_median,1,2024m1,1.016501650165016,.5
AKLAN,"preserved or processed meat (tocino, tapa, longaniza, etc)",LIBACAO,pieces or units,12,,g,0,,1,1,,125,2,1,1,1,1,,,price-quantity,127.4834437086093,.0941298701298701,province_median,1,2024m2,1.019867549668874,.5
AKLAN,"preserved or processed meat (tocino, tapa, longaniza, etc)",LIBACAO,pieces or units,12,,g,0,,1,1,,125,2,1,1,1,1,,,price-quantity,122.2222222222222,.0981818181818182,province_median,1,2024m3,.9777777777777777,.5
AKLAN,"preserved or processed meat (tocino, tapa, longaniza, etc)",LIBACAO,pieces or units,12,,g,0,,1,1,,125,2,1,1,1,1,,,price-quantity,120.6140304751277,.0994909128956981,province_median,1,2024m5,.9649122438010216,.5
AKLAN,"preserved or processed meat (tocino, tapa, longaniza, etc)",LIBACAO,putos,115,,g,0,,1,1,,307.5,6,0,0,0,1,,,price-quantity,312.5742574257425,.3679125752296484,municipality_median,1,2024m1,1.016501650165016,0
AKLAN,"preserved or processed meat (tocino, tapa, longaniza, etc)",LIBACAO,putos,115,,g,0,,1,1,,307.5,6,0,0,0,1,,,price-quantity,313.6092715231788,.3666983423080983,municipality_median,1,2024m2,1.019867549668874,0
AKLAN,"preserved or processed meat (tocino, tapa, longaniza, etc)",LIBACAO,putos,115,,g,0,,1,1,,307.5,6,0,0,0,1,,,price-quantity,300.6666666666666,.3824833702882484,municipality_median,1,2024m3,.9777777777777777,0
AKLAN,"preserved or processed meat (tocino, tapa, longaniza, etc)",LIBACAO,putos,115,,g,0,,1,1,,307.5,6,0,0,0,1,,,price-quantity,296.7105149688141,.3875831633809376,municipality_median,1,2024m5,.9649122438010216,0
AKLAN,cabbage,MADALAG,pieces or units,60,1,g,0,1,1,1,,657.5,18,0,2,2,1,1,0,size-based,657.5,.091254752851711,,,,,.1111111111111111
AKLAN,cabbage,MADALAG,pieces or units,150,,g,0,1,1,0,"unique price, no weighing behind it",,,,,,,,,size-based,,,,,,,
AKLAN,camote,MADALAG,binilog,15,1,g,0,1,1,1,,160,3,0,0,0,1,1,0,size-based,160,.09375,,,,,0
AKLAN,camote tops,MADALAG,bugkos,20,1,g,1,1,1,1,,150,4,0,0,0,1,1,0,size-based,150,.1333333333333333,,,,,0
AKLAN,carrot,MADALAG,pieces or units,30,1,g,0,1,1,1,,162.5,12,0,2,2,1,1,0,size-based,162.5,.1846153846153846,,,,,.1666666666666667
AKLAN,chicken,MADALAG,pieces or units,437.5,1,g,0,3,3,1,,500,1,0,1,1,1,2,1,size-based,500,.875,,,,,1
AKLAN,chicken,MADALAG,pieces or units,550,2,g,0,3,3,1,,680,1,1,1,1,2,2,1,size-based,680,.8088235294117647,,,,,1
AKLAN,chicken,MADALAG,pieces or units,650,3,g,0,3,3,0,this part of the cut came back empty,,,,,,,,,size-based,,,,,,,
AKLAN,chicken,MADALAG,whole (chicken),226.25,1,g,0,2,2,1,,947.5,2,0,0,0,1,2,0,size-based,947.5,.2387862796833773,,,,,0
AKLAN,chicken,MADALAG,whole (chicken),272.5,2,g,0,2,2,1,,1660,2,0,0,0,2,2,0,size-based,1660,.1641566265060241,,,,,0
AKLAN,"crackers, cookies, buiscuits, chips/curls",MADALAG,pieces or units,56,1,g,0,1,1,1,,31.5,8,0,0,0,1,1,0,size-based,31.5,1.777777777777778,,,,,0
AKLAN,"crackers, cookies, buiscuits, chips/curls",MADALAG,putos,60,,g,0,,1,1,,315,6,0,4,4,1,,,price-quantity,336.3531048421214,.1783839635675818,municipality_median,1,2023m12,1.067787634419433,.6666666666666666
AKLAN,"crackers, cookies, buiscuits, chips/curls",MADALAG,putos,60,,g,0,,1,1,,315,6,0,4,4,1,,,price-quantity,336.359986786939,.178380313821352,municipality_median,1,2024m2,1.067809481863298,.6666666666666666
AKLAN,"crackers, cookies, buiscuits, chips/curls",MADALAG,putos,60,,g,0,,1,1,,315,6,0,4,4,1,,,price-quantity,336.4117903993096,.1783528452697273,municipality_median,1,2024m3,1.067973937775586,.6666666666666666
AKLAN,"crackers, cookies, buiscuits, chips/curls",MADALAG,putos,60,,g,0,,1,1,,315,6,0,4,4,1,,,price-quantity,336.1210200876017,.1785071340803454,municipality_median,1,2024m5,1.067050857420958,.6666666666666666
AKLAN,"crackers, cookies, buiscuits, chips/curls",MADALAG,putos,60,,g,0,,1,1,,315,6,0,4,4,1,,,price-quantity,336.1520012034646,.1784906821473405,municipality_median,1,2024m6,1.067149210169729,.6666666666666666
AKLAN,fresh fish,MADALAG,pieces or units,115,1,g,0,1,1,1,,437.5,12,4,6,7,1,1,0,size-based,437.5,.2628571428571428,,,,,.5833333333333334
AKLAN,"ice cream, sorbet, edible ice (eg., ice-lolli, halo-halo)",MADALAG,pieces or units,30,1,g,0,1,1,1,,45,1,0,0,0,1,1,0,size-based,45,.6666666666666666,,,,,0
AKLAN,"ice cream, sorbet, edible ice (eg., ice-lolli, halo-halo)",MADALAG,pieces or units,30,1,mL,0,1,1,1,,100,2,0,0,0,1,1,0,size-based,100,.3,,,,,0
AKLAN,"ice cream, sorbet, edible ice (eg., ice-lolli, halo-halo)",MADALAG,putos,10,,mL,0,,1,1,,54,4,0,0,0,1,,,price-quantity,55.19227383864423,.1811847801240299,province_median,1,2023m12,1.022079145160078,0
AKLAN,"ice cream, sorbet, edible ice (eg., ice-lolli, halo-halo)",MADALAG,putos,10,,mL,0,,1,1,,54,4,0,0,0,1,,,price-quantity,55.19227383864423,.1811847801240299,province_median,1,2024m2,1.022079145160078,0
AKLAN,"ice cream, sorbet, edible ice (eg., ice-lolli, halo-halo)",MADALAG,putos,10,,mL,0,,1,1,,54,4,0,0,0,1,,,price-quantity,55.15117649416764,.1813197947111341,province_median,1,2024m3,1.021318083225327,0
AKLAN,"ice cream, sorbet, edible ice (eg., ice-lolli, halo-halo)",MADALAG,putos,10,,mL,0,,1,1,,54,4,0,0,0,1,,,price-quantity,54.93012725824905,.1820494599072363,province_median,1,2024m5,1.017224578856464,0
AKLAN,"ice cream, sorbet, edible ice (eg., ice-lolli, halo-halo)",MADALAG,putos,10,,mL,0,,1,1,,54,4,0,0,0,1,,,price-quantity,54.93012725824905,.1820494599072363,province_median,1,2024m6,1.017224578856464,0
AKLAN,"liquor (e.g, whisky, coconut wine)",MADALAG,lipid/lapad,77.5,1,mL,0,2,2,1,,375,6,0,0,0,1,1,1,size-based,375,.2066666666666667,,,,,0
AKLAN,"liquor (e.g, whisky, coconut wine)",MADALAG,lipid/lapad,140,2,mL,0,2,2,0,this part of the cut came back empty,,,,,,,,,size-based,,,,,,,
AKLAN,"liquor (e.g, whisky, coconut wine)",MADALAG,long-neck,147.5,1,mL,0,1,1,1,,750,5,0,0,0,1,1,0,size-based,750,.1966666666666667,,,,,0
AKLAN,loaf bread,MADALAG,large packs,65.625,1,g,0,2,2,1,,640,1,0,0,0,1,1,1,size-based,640,.1025390625,,,,,0
AKLAN,loaf bread,MADALAG,large packs,108.75,2,g,0,2,2,0,this part of the cut came back empty,,,,,,,,,size-based,,,,,,,
AKLAN,loaf bread,MADALAG,medium packs,56.25,1,g,0,2,2,1,,525,2,0,0,0,1,2,0,size-based,525,.1071428571428571,,,,,0
AKLAN,loaf bread,MADALAG,medium packs,115,2,g,0,2,2,1,,660,2,0,0,0,2,2,0,size-based,660,.1742424242424243,,,,,0
AKLAN,loaf bread,MADALAG,small packs,50,1,g,0,1,1,1,,220,1,0,0,0,1,1,0,size-based,220,.2272727272727273,,,,,0
AKLAN,mango,MADALAG,pieces or units,60,1,g,0,1,1,1,,217.5,4,0,0,0,1,1,0,size-based,217.5,.2758620689655172,,,,,0
AKLAN,mango,MADALAG,pieces or units,25,,g,0,1,1,0,"unique price, no weighing behind it",,,,,,,,,size-based,,,,,,,
AKLAN,"preserved or processed meat (tocino, tapa, longaniza, etc)",MADALAG,pieces or units,47.875,1,g,0,2,2,1,,20,2,0,2,2,1,2,0,size-based,20,2.39375,,,,,1
AKLAN,"preserved or processed meat (tocino, tapa, longaniza, etc)",MADALAG,pieces or units,96.25,2,g,0,2,2,1,,42.5,2,0,0,0,2,2,0,size-based,42.5,2.264705882352941,,,,,0
AKLAN,"preserved or processed meat (tocino, tapa, longaniza, etc)",MADALAG,putos,107.5,,g,0,,1,1,,330,6,0,0,0,1,,,price-quantity,329.3583862273362,.3263921748930336,municipality_median,1,2023m12,.9980557158404126,0
AKLAN,"preserved or processed meat (tocino, tapa, longaniza, etc)",MADALAG,putos,107.5,,g,0,,1,1,,330,6,0,0,0,1,,,price-quantity,336.5562913907285,.3194116489571034,municipality_median,1,2024m2,1.019867549668874,0
AKLAN,"preserved or processed meat (tocino, tapa, longaniza, etc)",MADALAG,putos,107.5,,g,0,,1,1,,330,6,0,0,0,1,,,price-quantity,322.6666666666666,.3331611570247934,municipality_median,1,2024m3,.9777777777777777,0
AKLAN,"preserved or processed meat (tocino, tapa, longaniza, etc)",MADALAG,putos,107.5,,g,0,,1,1,,330,6,0,0,0,1,,,price-quantity,318.4210404543371,.3376033186959451,municipality_median,1,2024m5,.9649122438010216,0
AKLAN,"preserved or processed meat (tocino, tapa, longaniza, etc)",MADALAG,putos,107.5,,g,0,,1,1,,330,6,0,0,0,1,,,price-quantity,319.823800831023,.3361225766208593,municipality_median,1,2024m6,.969163032821282,0
AKLAN,cabbage,MAKATO,pieces or units,52.5,1,g,0,1,1,1,,787.5,12,0,1,1,1,1,0,size-based,787.5,.0666666666666667,,,,,.0833333333333333
AKLAN,camote tops,MAKATO,bundle,20,1,g,1,1,1,1,,775,6,4,4,5,1,1,0,size-based,775,.0258064516129032,,,,,.8333333333333334
AKLAN,carrot,MAKATO,pieces or units,50,1,g,0,1,1,1,,117.5,16,0,1,1,1,1,0,size-based,117.5,.425531914893617,,,,,.0625
AKLAN,chicken,MAKATO,whole (chicken),196.25,1,g,0,2,2,1,,1115,3,0,0,0,1,2,0,size-based,1115,.1760089686098655,,,,,0
AKLAN,chicken,MAKATO,whole (chicken),275,2,g,0,2,2,1,,1400,3,0,0,0,2,2,0,size-based,1400,.1964285714285714,,,,,0
AKLAN,"crackers, cookies, buiscuits, chips/curls",MAKATO,pieces or units,9,,g,0,,1,1,,30,8,0,0,0,1,,,price-quantity,32.07520161976598,.2805905978921065,municipality_median,1,2024m1,1.069173387325533,0
AKLAN,"crackers, cookies, buiscuits, chips/curls",MAKATO,pieces or units,9,,g,0,,1,1,,30,8,0,0,0,1,,,price-quantity,32.01152572262873,.2811487361765441,municipality_median,1,2024m5,1.067050857420958,0
AKLAN,"crackers, cookies, buiscuits, chips/curls",MAKATO,pieces or units,9,,g,0,,1,1,,30,8,0,0,0,1,,,price-quantity,32.01447630509187,.2811228243820612,municipality_median,1,2024m6,1.067149210169729,0
AKLAN,"crackers, cookies, buiscuits, chips/curls",MAKATO,putos,65,,g,0,,1,1,,300,9,0,7,7,1,,,price-quantity,320.7520161976599,.2026487651442991,municipality_median,1,2024m1,1.069173387325533,.7777777777777778
AKLAN,"crackers, cookies, buiscuits, chips/curls",MAKATO,putos,65,,g,0,,1,1,,300,9,0,7,7,1,,,price-quantity,320.1152572262873,.2030518650163929,municipality_median,1,2024m5,1.067050857420958,.7777777777777778
AKLAN,"crackers, cookies, buiscuits, chips/curls",MAKATO,putos,65,,g,0,,1,1,,300,9,0,7,7,1,,,price-quantity,320.1447630509186,.2030331509425998,municipality_median,1,2024m6,1.067149210169729,.7777777777777778
AKLAN,fresh fish,MAKATO,pieces or units,100,1,g,0,1,1,1,,527.5,12,0,3,3,1,1,0,size-based,527.5,.1895734597156398,,,,,.25
AKLAN,"ice cream, sorbet, edible ice (eg., ice-lolli, halo-halo)",MAKATO,pieces or units,40,1,g,0,1,1,1,,75,3,0,0,0,1,1,0,size-based,75,.5333333333333333,,,,,0
AKLAN,"ice cream, sorbet, edible ice (eg., ice-lolli, halo-halo)",MAKATO,small cup,30,1,g,0,1,1,1,,110,5,0,0,0,1,1,0,size-based,110,.2727272727272727,,,,,0
AKLAN,"liquor (e.g, whisky, coconut wine)",MAKATO,lipid/lapad,80,1,mL,0,1,1,1,,375,9,0,0,0,1,1,0,size-based,375,.2133333333333333,,,,,0
AKLAN,"liquor (e.g, whisky, coconut wine)",MAKATO,long-neck,130,1,mL,0,3,3,1,,750,9,0,0,0,1,1,2,size-based,750,.1733333333333333,,,,,0
AKLAN,"liquor (e.g, whisky, coconut wine)",MAKATO,long-neck,190,2,mL,0,3,3,0,this part of the cut came back empty,,,,,,,,,size-based,,,,,,,
AKLAN,"liquor (e.g, whisky, coconut wine)",MAKATO,long-neck,397.5,3,mL,0,3,3,0,this part of the cut came back empty,,,,,,,,,size-based,,,,,,,
AKLAN,loaf bread,MAKATO,large packs,112.5,1,g,0,2,2,1,,640,3,0,0,0,1,2,0,size-based,640,.17578125,,,,,0
AKLAN,loaf bread,MAKATO,large packs,155,2,g,0,2,2,1,,705,2,0,0,0,2,2,0,size-based,705,.2198581560283688,,,,,0
AKLAN,loaf bread,MAKATO,medium packs,58.75,1,g,0,2,2,1,,450,4,0,0,0,1,2,0,size-based,450,.1305555555555556,,,,,0
AKLAN,loaf bread,MAKATO,medium packs,102.5,2,g,0,2,2,1,,557.5,4,0,0,0,2,2,0,size-based,557.5,.1838565022421525,,,,,0
AKLAN,loaf bread,MAKATO,small packs,30,1,g,0,1,1,1,,392.5,4,0,0,0,1,1,0,size-based,392.5,.0764331210191083,,,,,0
AKLAN,mango,MAKATO,pieces or units,60,1,g,0,1,1,1,,190,12,0,0,0,1,1,0,size-based,190,.3157894736842105,,,,,0
AKLAN,mango,MAKATO,pieces or units,30,,g,0,1,1,0,"unique price, no weighing behind it",,,,,,,,,size-based,,,,,,,
AKLAN,"prawns, lobster, shrimp",MAKATO,tumpok,60,1,g,0,1,1,1,,345,6,0,2,2,1,1,0,size-based,345,.1739130434782609,,,,,.3333333333333333
AKLAN,"preserved or processed meat (tocino, tapa, longaniza, etc)",MAKATO,pieces or units,11,,g,0,,1,1,,65,5,0,0,0,1,,,price-quantity,66.63036434563865,.1650898971966978,municipality_median,2,2024m1,1.025082528394441,0
AKLAN,"preserved or processed meat (tocino, tapa, longaniza, etc)",MAKATO,pieces or units,11,,g,0,,1,1,,65,5,0,0,0,1,,,price-quantity,63.24874569125658,.1739164924107044,municipality_median,2,2024m5,.973057626019332,0
AKLAN,"preserved or processed meat (tocino, tapa, longaniza, etc)",MAKATO,pieces or units,11,,g,0,,1,1,,65,5,0,0,0,1,,,price-quantity,63.52737939650478,.1731536875044654,municipality_median,2,2024m6,.9773442984077659,0
AKLAN,"preserved or processed meat (tocino, tapa, longaniza, etc)",MAKATO,putos,100,,g,0,,1,1,,307.5,8,0,0,0,1,,,price-quantity,315.2128774812906,.3172459221813851,municipality_median,2,2024m1,1.025082528394441,0
AKLAN,"preserved or processed meat (tocino, tapa, longaniza, etc)",MAKATO,putos,100,,g,0,,1,1,,307.5,8,0,0,0,1,,,price-quantity,299.2152200009446,.3342075981284786,municipality_median,2,2024m5,.973057626019332,0
AKLAN,"preserved or processed meat (tocino, tapa, longaniza, etc)",MAKATO,putos,100,,g,0,,1,1,,307.5,8,0,0,0,1,,,price-quantity,300.533371760388,.3327417498238063,municipality_median,2,2024m6,.9773442984077659,0
AKLAN,cabbage,MALAY,pieces or units,92,1,g,0,2,2,1,,555,13,0,0,0,1,2,0,size-based,555,.1657657657657658,,,,,0
AKLAN,cabbage,MALAY,pieces or units,148,2,g,0,2,2,1,,995,13,0,3,3,2,2,0,size-based,995,.1487437185929648,,,,,.2307692307692308
AKLAN,camote,MALAY,binilog,15,1,g,0,1,1,1,,180,19,3,5,6,1,1,0,size-based,180,.0833333333333333,,,,,.3157894736842105
AKLAN,camote tops,MALAY,bugkos,30,1,g,1,1,1,1,,252.5,6,1,1,1,1,1,0,size-based,252.5,.1188118811881188,,,,,.1666666666666667
AKLAN,carrot,MALAY,pieces or units,40,1,g,0,1,1,1,,167.5,22,1,6,6,1,1,0,size-based,167.5,.2388059701492537,,,,,.2727272727272727
AKLAN,chicken,MALAY,whole (chicken),274.5,1,g,0,2,2,1,,847.5,4,0,0,0,1,2,0,size-based,847.5,.3238938053097345,,,,,0
AKLAN,chicken,MALAY,whole (chicken),375,2,g,0,2,2,1,,1232.5,4,0,0,0,2,2,0,size-based,1232.5,.3042596348884382,,,,,0
AKLAN,"crackers, cookies, buiscuits, chips/curls",MALAY,pieces or units,8,,g,0,,1,1,,27.5,6,0,0,0,1,,,price-quantity,29.40226815145216,.2720878525014366,province_median,1,2024m1,1.069173387325533,0
AKLAN,"crackers, cookies, buiscuits, chips/curls",MALAY,pieces or units,8,,g,0,,1,1,,27.5,6,0,0,0,1,,,price-quantity,29.34389857907634,.2726290775045275,province_median,1,2024m5,1.067050857420958,0
AKLAN,"crackers, cookies, buiscuits, chips/curls",MALAY,putos,72.5,,g,0,,1,1,,330,7,2,4,5,1,,,price-quantity,352.8272178174258,.2054830136078558,municipality_median,1,2024m1,1.069173387325533,.7142857142857143
AKLAN,"crackers, cookies, buiscuits, chips/curls",MALAY,putos,72.5,,g,0,,1,1,,330,7,2,4,5,1,,,price-quantity,352.1267829489161,.2058917512403984,municipality_median,1,2024m5,1.067050857420958,.7142857142857143
AKLAN,"ice cream, sorbet, edible ice (eg., ice-lolli, halo-halo)",MALAY,pieces or units,105,1,mL,0,1,1,1,,105,4,0,0,0,1,1,0,size-based,105,1,,,,,0
AKLAN,"ice cream, sorbet, edible ice (eg., ice-lolli, halo-halo)",MALAY,putos,30,1,mL,0,1,1,1,,62.5,4,0,0,0,1,1,0,size-based,62.5,.48,,,,,0
AKLAN,"ice cream, sorbet, edible ice (eg., ice-lolli, halo-halo)",MALAY,putos,120,,mL,0,1,1,0,"unique price, no weighing behind it",,,,,,,,,size-based,,,,,,,
AKLAN,"ice cream, sorbet, edible ice (eg., ice-lolli, halo-halo)",MALAY,small cup,60,1,mL,0,1,1,1,,100,3,0,0,0,1,1,0,size-based,100,.6,,,,,0
AKLAN,"liquor (e.g, whisky, coconut wine)",MALAY,lipid/lapad,75,1,mL,0,1,1,1,,375,9,0,0,0,1,1,0,size-based,375,.2,,,,,0
AKLAN,"liquor (e.g, whisky, coconut wine)",MALAY,lipid/lapad,130,,mL,0,1,1,0,"unique price, no weighing behind it",,,,,,,,,size-based,,,,,,,
AKLAN,"liquor (e.g, whisky, coconut wine)",MALAY,long-neck,367.5,1,mL,0,3,3,1,,750,8,0,0,0,1,2,1,size-based,750,.49,,,,,0
AKLAN,"liquor (e.g, whisky, coconut wine)",MALAY,long-neck,536.25,3,mL,0,3,3,1,,1000,1,0,0,0,3,2,1,size-based,1000,.53625,,,,,0
AKLAN,"liquor (e.g, whisky, coconut wine)",MALAY,long-neck,442.5,2,mL,0,3,3,0,this part of the cut came back empty,,,,,,,,,size-based,,,,,,,
AKLAN,loaf bread,MALAY,large packs,79,1,g,0,1,1,1,,580,4,0,0,0,1,1,0,size-based,580,.1362068965517241,,,,,0
AKLAN,loaf bread,MALAY,medium packs,65,1,g,0,1,1,1,,425,4,0,0,0,1,1,0,size-based,425,.1529411764705882,,,,,0
AKLAN,loaf bread,MALAY,small packs,50,1,g,0,1,1,1,,300,3,0,0,0,1,1,0,size-based,300,.1666666666666667,,,,,0
AKLAN,mango,MALAY,pieces or units,89.5,1,g,0,1,1,1,,230,15,0,0,0,1,1,0,size-based,230,.3891304347826087,,,,,0
AKLAN,"prawns, lobster, shrimp",MALAY,tumpok,60,1,g,0,1,1,1,,265,5,0,1,1,1,1,0,size-based,265,.2264150943396226,,,,,.2
AKLAN,"preserved or processed meat (tocino, tapa, longaniza, etc)",MALAY,bilog,12,,g,0,,1,1,,235,2,0,1,1,1,,,price-quantity,239.8861409807362,.0500237318877194,province_median,2,2024m1,1.020792089279729,.5
AKLAN,"preserved or processed meat (tocino, tapa, longaniza, etc)",MALAY,bilog,12,,g,0,,1,1,,235,2,0,1,1,1,,,price-quantity,227.7114597038915,.0526982700633706,province_median,2,2024m5,.9689849349101768,.5
AKLAN,"preserved or processed meat (tocino, tapa, longaniza, etc)",MALAY,putos,79.5,,g,0,,2,1,,275,7,0,0,0,1,,,price-quantity,281.8976953084713,.2820172045500613,mp25_price,2,2024m1,1.025082528394441,0
AKLAN,"preserved or processed meat (tocino, tapa, longaniza, etc)",MALAY,putos,79.5,,g,0,,2,1,,275,7,0,0,0,1,,,price-quantity,267.5908471553163,.2970953634817571,mp25_price,2,2024m5,.973057626019332,0
AKLAN,"preserved or processed meat (tocino, tapa, longaniza, etc)",MALAY,putos,120,,g,0,,2,1,,360,7,0,0,0,2,,,price-quantity,369.0297102219988,.3251770702359197,mp50_price,2,2024m1,1.025082528394441,0
AKLAN,"preserved or processed meat (tocino, tapa, longaniza, etc)",MALAY,putos,120,,g,0,,2,1,,360,7,0,0,0,2,,,price-quantity,350.3007453669595,.3425627880816906,mp50_price,2,2024m5,.973057626019332,0
AKLAN,cabbage,MALINAO,pieces or units,60,1,g,0,1,1,1,,655,9,0,0,0,1,1,0,size-based,655,.0916030534351145,,,,,0
AKLAN,camote tops,MALINAO,2bond,,,g,0,,1,1,,375,4,0,0,0,1,,,conventional,375,,,,,,0
AKLAN,camote tops,MALINAO,3bugkos,,,g,0,,1,1,,570,4,0,2,2,1,,,conventional,570,,,,,,.5
AKLAN,camote tops,MALINAO,bugkos,20,1,g,1,1,1,1,,182.5,4,0,0,0,1,1,0,size-based,182.5,.1095890410958904,,,,,0
AKLAN,camote tops,MALINAO,bundle,20,1,g,0,1,1,1,,835,4,3,3,4,1,1,0,size-based,835,.0239520958083832,,,,,1
AKLAN,carrot,MALINAO,pieces or units,32.5,1,g,0,1,1,1,,180,9,0,2,2,1,1,0,size-based,180,.1805555555555556,,,,,.2222222222222222
AKLAN,chicken,MALINAO,pieces or units,190,1,g,0,3,3,1,,300,2,0,1,1,1,3,0,size-based,300,.6333333333333333,,,,,.5
AKLAN,chicken,MALINAO,pieces or units,305,2,g,0,3,3,1,,562.5,2,0,2,2,2,3,0,size-based,562.5,.5422222222222223,,,,,1
AKLAN,chicken,MALINAO,pieces or units,435,3,g,0,3,3,1,,1210,1,1,0,1,3,3,0,size-based,1210,.359504132231405,,,,,1
AKLAN,chicken,MALINAO,whole (chicken),200,1,g,0,3,3,1,,1220,1,0,0,0,1,2,1,size-based,1220,.1639344262295082,,,,,0
AKLAN,chicken,MALINAO,whole (chicken),290,2,g,0,3,3,1,,2060,1,0,0,0,2,2,1,size-based,2060,.1407766990291262,,,,,0
AKLAN,chicken,MALINAO,whole (chicken),450,3,g,0,3,3,0,this part of the cut came back empty,,,,,,,,,size-based,,,,,,,
AKLAN,"crackers, cookies, buiscuits, chips/curls",MALINAO,pieces or units,6.75,,g,0,,1,1,,28,6,0,0,0,1,,,price-quantity,29.89805376374412,.2257672038902207,province_median,1,2023m12,1.067787634419433,0
AKLAN,"crackers, cookies, buiscuits, chips/curls",MALINAO,pieces or units,6.75,,g,0,,1,1,,28,6,0,0,0,1,,,price-quantity,29.93685484511492,.2254745875918713,province_median,1,2024m1,1.069173387325533,0
AKLAN,"crackers, cookies, buiscuits, chips/curls",MALINAO,pieces or units,6.75,,g,0,,1,1,,28,6,0,0,0,1,,,price-quantity,29.89866549217236,.2257625846801486,province_median,1,2024m2,1.067809481863298,0
AKLAN,"crackers, cookies, buiscuits, chips/curls",MALINAO,pieces or units,6.75,,g,0,,1,1,,28,6,0,0,0,1,,,price-quantity,29.90327025771641,.2257278197944986,province_median,1,2024m3,1.067973937775586,0
AKLAN,"crackers, cookies, buiscuits, chips/curls",MALINAO,pieces or units,6.75,,g,0,,1,1,,28,6,0,0,0,1,,,price-quantity,29.88017788475241,.2259022695927278,province_median,1,2024m6,1.067149210169729,0
AKLAN,"crackers, cookies, buiscuits, chips/curls",MALINAO,putos,60,,g,0,,1,1,,300,1,0,1,1,1,,,price-quantity,320.3362903258299,.1873031617459609,municipality_median,1,2023m12,1.067787634419433,1
AKLAN,"crackers, cookies, buiscuits, chips/curls",MALINAO,putos,60,,g,0,,1,1,,300,1,0,1,1,1,,,price-quantity,320.7520161976599,.1870603985947376,municipality_median,1,2024m1,1.069173387325533,1
AKLAN,"crackers, cookies, buiscuits, chips/curls",MALINAO,putos,60,,g,0,,1,1,,300,1,0,1,1,1,,,price-quantity,320.3428445589895,.1872993295124196,municipality_median,1,2024m2,1.067809481863298,1
AKLAN,"crackers, cookies, buiscuits, chips/curls",MALINAO,putos,60,,g,0,,1,1,,300,1,0,1,1,1,,,price-quantity,320.3921813326758,.1872704875332137,municipality_median,1,2024m3,1.067973937775586,1
AKLAN,"crackers, cookies, buiscuits, chips/curls",MALINAO,putos,60,,g,0,,1,1,,300,1,0,1,1,1,,,price-quantity,320.1447630509186,.1874152162547075,municipality_median,1,2024m6,1.067149210169729,1
AKLAN,fresh fish,MALINAO,pieces or units,100,1,g,0,1,1,1,,505,6,0,0,0,1,1,0,size-based,505,.198019801980198,,,,,0
AKLAN,fresh fish,MALINAO,pieces or units,500,,g,0,1,1,0,"unique price, no weighing behind it",,,,,,,,,size-based,,,,,,,
AKLAN,"ice cream, sorbet, edible ice (eg., ice-lolli, halo-halo)",MALINAO,pieces or units,25,1,mL,0,1,1,1,,110,3,0,0,0,1,1,0,size-based,110,.2272727272727273,,,,,0
AKLAN,"ice cream, sorbet, edible ice (eg., ice-lolli, halo-halo)",MALINAO,putos,20,1,mL,0,1,1,1,,600,3,0,0,0,1,1,0,size-based,600,.0333333333333333,,,,,0
AKLAN,"ice cream, sorbet, edible ice (eg., ice-lolli, halo-halo)",MALINAO,small cup,25,1,mL,0,1,1,1,,110,4,0,0,0,1,1,0,size-based,110,.2272727272727273,,,,,0
AKLAN,"liquor (e.g, whisky, coconut wine)",MALINAO,lipid/lapad,65.5,1,mL,0,2,2,1,,375,6,0,0,0,1,1,1,size-based,375,.1746666666666667,,,,,0
AKLAN,"liquor (e.g, whisky, coconut wine)",MALINAO,lipid/lapad,130,2,mL,0,2,2,0,this part of the cut came back empty,,,,,,,,,size-based,,,,,,,
AKLAN,"liquor (e.g, whisky, coconut wine)",MALINAO,long-neck,345,1,mL,0,3,3,1,,350,5,0,0,0,1,3,0,size-based,350,.9857142857142858,,,,,0
AKLAN,"liquor (e.g, whisky, coconut wine)",MALINAO,long-neck,410,2,mL,0,3,3,1,,750,5,0,0,0,2,3,0,size-based,750,.5466666666666666,,,,,0
AKLAN,"liquor (e.g, whisky, coconut wine)",MALINAO,long-neck,552.5,3,mL,0,3,3,1,,1000,4,0,0,0,3,3,0,size-based,1000,.5525,,,,,0
AKLAN,loaf bread,MALINAO,large packs,70,1,g,0,2,2,1,,600,3,0,0,0,1,2,0,size-based,600,.1166666666666667,,,,,0
AKLAN,loaf bread,MALINAO,large packs,120,2,g,0,2,2,1,,640,2,0,0,0,2,2,0,size-based,640,.1875,,,,,0
AKLAN,loaf bread,MALINAO,medium packs,60,1,g,0,1,1,1,,450,6,0,0,0,1,1,0,size-based,450,.1333333333333333,,,,,0
AKLAN,loaf bread,MALINAO,small packs,28.75,1,g,0,3,3,1,,220,1,0,0,0,1,2,1,size-based,220,.1306818181818182,,,,,0
AKLAN,loaf bread,MALINAO,small packs,50,2,g,0,3,3,1,,400,1,0,0,0,2,2,1,size-based,400,.125,,,,,0
AKLAN,loaf bread,MALINAO,small packs,100,3,g,0,3,3,0,this part of the cut came back empty,,,,,,,,,size-based,,,,,,,
AKLAN,"preserved or processed meat (tocino, tapa, longaniza, etc)",MALINAO,putos,110,,g,0,,1,1,,200,3,0,0,0,1,,,price-quantity,199.6111431680825,.5510714394705637,municipality_median,1,2023m12,.9980557158404126,0
AKLAN,"preserved or processed meat (tocino, tapa, longaniza, etc)",MALINAO,putos,110,,g,0,,1,1,,200,3,0,0,0,1,,,price-quantity,203.3003300330033,.5410714285714286,municipality_median,1,2024m1,1.016501650165016,0
AKLAN,"preserved or processed meat (tocino, tapa, longaniza, etc)",MALINAO,putos,110,,g,0,,1,1,,200,3,0,0,0,1,,,price-quantity,203.9735099337749,.5392857142857143,municipality_median,1,2024m2,1.019867549668874,0
AKLAN,"preserved or processed meat (tocino, tapa, longaniza, etc)",MALINAO,putos,110,,g,0,,1,1,,200,3,0,0,0,1,,,price-quantity,195.5555555555555,.5625,municipality_median,1,2024m3,.9777777777777777,0
AKLAN,"preserved or processed meat (tocino, tapa, longaniza, etc)",MALINAO,putos,110,,g,0,,1,1,,200,3,0,0,0,1,,,price-quantity,193.8326065642564,.5674999782017299,municipality_median,1,2024m6,.969163032821282,0
AKLAN,cabbage,NABAS,pieces or units,52.5,1,g,0,1,1,1,,832.5,20,0,1,1,1,1,0,size-based,832.5,.0630630630630631,,,,,.05
AKLAN,camote tops,NABAS,bugkos,20,1,g,1,1,1,1,,135,5,0,1,1,1,1,0,size-based,135,.1481481481481481,,,,,.2
AKLAN,carrot,NABAS,pieces or units,46.5,1,g,0,1,1,1,,150,23,1,3,3,1,1,0,size-based,150,.31,,,,,.1304347826086956
AKLAN,chicken,NABAS,pieces or units,250,1,g,0,1,1,1,,135,9,0,2,2,1,1,0,size-based,135,1.851851851851852,,,,,.2222222222222222
AKLAN,chicken,NABAS,pieces or units,205,,g,0,1,1,0,"unique price, no weighing behind it",,,,,,,,,size-based,,,,,,,
AKLAN,chicken,NABAS,whole (chicken),250,1,g,0,1,1,1,,1110,9,0,0,0,1,1,0,size-based,1110,.2252252252252252,,,,,0
AKLAN,chicken,NABAS,whole (chicken),200,,g,0,1,1,0,"unique price, no weighing behind it",,,,,,,,,size-based,,,,,,,
AKLAN,"ice cream, sorbet, edible ice (eg., ice-lolli, halo-halo)",NABAS,pieces or units,57.5,1,mL,0,2,2,1,,110,4,0,0,0,1,1,1,size-based,110,.5227272727272727,,,,,0
AKLAN,"ice cream, sorbet, edible ice (eg., ice-lolli, halo-halo)",NABAS,pieces or units,98.75,2,mL,0,2,2,0,this part of the cut came back empty,,,,,,,,,size-based,,,,,,,
AKLAN,"ice cream, sorbet, edible ice (eg., ice-lolli, halo-halo)",NABAS,putos,30,1,mL,0,1,1,1,,650,4,0,0,0,1,1,0,size-based,650,.0461538461538462,,,,,0
AKLAN,"ice cream, sorbet, edible ice (eg., ice-lolli, halo-halo)",NABAS,putos,180,,mL,0,1,1,0,"unique price, no weighing behind it",,,,,,,,,size-based,,,,,,,
AKLAN,"liquor (e.g, whisky, coconut wine)",NABAS,lipid/lapad,80,1,mL,0,1,1,1,,375,3,0,0,0,1,1,0,size-based,375,.2133333333333333,,,,,0
AKLAN,"liquor (e.g, whisky, coconut wine)",NABAS,lipid/lapad,120,,mL,0,1,1,0,"unique price, no weighing behind it",,,,,,,,,size-based,,,,,,,
AKLAN,"liquor (e.g, whisky, coconut wine)",NABAS,lipid/lapad,260,,mL,0,1,1,0,"unique price, no weighing behind it",,,,,,,,,size-based,,,,,,,
AKLAN,"liquor (e.g, whisky, coconut wine)",NABAS,long-neck,300,1,mL,0,3,3,1,,750,6,0,0,0,1,2,1,size-based,750,.4,,,,,0
AKLAN,"liquor (e.g, whisky, coconut wine)",NABAS,long-neck,360,2,mL,0,3,3,1,,1000,4,0,0,0,2,2,1,size-based,1000,.36,,,,,0
AKLAN,"liquor (e.g, whisky, coconut wine)",NABAS,long-neck,420,3,mL,0,3,3,0,this part of the cut came back empty,,,,,,,,,size-based,,,,,,,
AKLAN,loaf bread,NABAS,large packs,79,1,g,0,1,1,1,,700,1,0,0,0,1,1,0,size-based,700,.1128571428571429,,,,,0
AKLAN,loaf bread,NABAS,medium packs,61.25,1,g,0,3,3,1,,335,1,0,0,0,1,2,1,size-based,335,.1828358208955224,,,,,0
AKLAN,loaf bread,NABAS,medium packs,87.5,2,g,0,3,3,1,,365,2,0,0,0,2,2,1,size-based,365,.2397260273972603,,,,,0
AKLAN,loaf bread,NABAS,medium packs,108.75,3,g,0,3,3,0,this part of the cut came back empty,,,,,,,,,size-based,,,,,,,
AKLAN,"preserved or processed meat (tocino, tapa, longaniza, etc)",NABAS,pieces or units,11,,g,0,,1,1,,70,1,0,0,0,1,,,price-quantity,68.11403382135325,.1614938858099398,municipality_median,1,2024m5,.973057626019332,0
AKLAN,"preserved or processed meat (tocino, tapa, longaniza, etc)",NABAS,pieces or units,11,,g,0,,1,1,,70,1,0,0,0,1,,,price-quantity,68.41410088854362,.1607855669684321,municipality_median,1,2024m6,.9773442984077659,0
AKLAN,"preserved or processed meat (tocino, tapa, longaniza, etc)",NABAS,putos,90,,g,0,,1,1,,237.5,2,0,0,0,1,,,price-quantity,231.1011861795913,.3894398011876061,municipality_median,1,2024m5,.973057626019332,0
AKLAN,"preserved or processed meat (tocino, tapa, longaniza, etc)",NABAS,putos,90,,g,0,,1,1,,237.5,2,0,0,0,1,,,price-quantity,232.1192708718444,.387731702163109,municipality_median,1,2024m6,.9773442984077659,0
AKLAN,cabbage,NEW WASHINGTON,pieces or units,52.5,1,g,0,1,1,1,,647.5,26,0,0,0,1,1,0,size-based,647.5,.0810810810810811,,,,,0
AKLAN,cabbage,NEW WASHINGTON,pieces or units,75,,g,0,1,1,0,"unique price, no weighing behind it",,,,,,,,,size-based,,,,,,,
AKLAN,camote tops,NEW WASHINGTON,bugkos,20,1,g,1,1,1,1,,115,5,0,0,0,1,1,0,size-based,115,.1739130434782609,,,,,0
AKLAN,camote tops,NEW WASHINGTON,bundle,20,1,g,1,1,1,1,,560,5,1,2,3,1,1,0,size-based,560,.0357142857142857,,,,,.6
AKLAN,carrot,NEW WASHINGTON,pieces or units,35,1,g,0,1,1,1,,150,21,2,5,5,1,1,0,size-based,150,.2333333333333333,,,,,.2380952380952381
AKLAN,chicken,NEW WASHINGTON,whole (chicken),230,1,g,0,3,3,1,,1280,2,0,0,0,1,3,0,size-based,1280,.1796875,,,,,0
AKLAN,chicken,NEW WASHINGTON,whole (chicken),260,2,g,0,3,3,1,,1570,3,0,0,0,2,3,0,size-based,1570,.1656050955414013,,,,,0
AKLAN,chicken,NEW WASHINGTON,whole (chicken),305,3,g,0,3,3,1,,1835,1,0,0,0,3,3,0,size-based,1835,.1662125340599455,,,,,0
AKLAN,"crackers, cookies, buiscuits, chips/curls",NEW WASHINGTON,pieces or units,39.5,1,g,0,2,2,1,,28,8,0,0,0,1,2,0,size-based,28,1.410714285714286,,,,,0
AKLAN,"crackers, cookies, buiscuits, chips/curls",NEW WASHINGTON,pieces or units,105,2,g,0,2,2,1,,72.5,8,2,4,4,2,2,0,size-based,72.5,1.448275862068966,,,,,.5
AKLAN,"crackers, cookies, buiscuits, chips/curls",NEW WASHINGTON,putos,65,,g,0,,1,1,,320,1,0,1,1,1,,,price-quantity,341.6990341962555,.1902258815360512,municipality_median,1,2024m2,1.067809481863298,1
AKLAN,"ice cream, sorbet, edible ice (eg., ice-lolli, halo-halo)",NEW WASHINGTON,pieces or units,35,1,mL,0,1,1,1,,125,2,0,0,0,1,1,0,size-based,125,.28,,,,,0
AKLAN,"liquor (e.g, whisky, coconut wine)",NEW WASHINGTON,lipid/lapad,76.25,1,mL,0,3,3,1,,375,2,0,0,0,1,1,2,size-based,375,.2033333333333333,,,,,0
AKLAN,"liquor (e.g, whisky, coconut wine)",NEW WASHINGTON,lipid/lapad,152.5,3,mL,0,3,3,0,this part of the cut came back empty,,,,,,,,,size-based,,,,,,,
AKLAN,"liquor (e.g, whisky, coconut wine)",NEW WASHINGTON,lipid/lapad,120,2,mL,0,3,3,0,this part of the cut came back empty,,,,,,,,,size-based,,,,,,,
AKLAN,"liquor (e.g, whisky, coconut wine)",NEW WASHINGTON,long-neck,240,1,mL,0,1,1,1,,750,7,0,0,0,1,1,0,size-based,750,.32,,,,,0
AKLAN,loaf bread,NEW WASHINGTON,large packs,62.5,1,g,0,1,1,1,,640,4,0,0,0,1,1,0,size-based,640,.09765625,,,,,0
AKLAN,loaf bread,NEW WASHINGTON,medium packs,60,1,g,0,1,1,1,,465,4,0,0,0,1,1,0,size-based,465,.1290322580645161,,,,,0
AKLAN,loaf bread,NEW WASHINGTON,small packs,50,1,g,0,1,1,1,,392.5,2,0,0,0,1,1,0,size-based,392.5,.1273885350318471,,,,,0
AKLAN,loaf bread,NEW WASHINGTON,small packs,100,,g,0,1,1,0,"unique price, no weighing behind it",,,,,,,,,size-based,,,,,,,
AKLAN,"prawns, lobster, shrimp",NEW WASHINGTON,tumpok,60,1,g,1,1,1,1,,342.5,4,0,1,1,1,1,0,size-based,342.5,.1751824817518248,,,,,.25
AKLAN,"preserved or processed meat (tocino, tapa, longaniza, etc)",NEW WASHINGTON,pieces or units,57.5,1,g,0,3,3,1,,70,1,0,0,0,1,1,2,size-based,70,.8214285714285714,,,,,0
AKLAN,"preserved or processed meat (tocino, tapa, longaniza, etc)",NEW WASHINGTON,pieces or units,90,2,g,0,3,3,0,this part of the cut came back empty,,,,,,,,,size-based,,,,,,,
AKLAN,"preserved or processed meat (tocino, tapa, longaniza, etc)",NEW WASHINGTON,pieces or units,120,3,g,0,3,3,0,this part of the cut came back empty,,,,,,,,,size-based,,,,,,,
AKLAN,"preserved or processed meat (tocino, tapa, longaniza, etc)",NEW WASHINGTON,putos,120,1,g,0,1,1,1,,500,3,1,0,1,1,1,0,size-based,500,.24,,,,,.3333333333333333
AKLAN,cabbage,TANGALAN,pieces or units,52.5,1,g,0,1,1,1,,732.5,20,0,1,1,1,1,0,size-based,732.5,.0716723549488055,,,,,.05
AKLAN,cabbage,TANGALAN,pieces or units,174,,g,0,1,1,0,"unique price, no weighing behind it",,,,,,,,,size-based,,,,,,,
AKLAN,camote tops,TANGALAN,bundle,30,1,g,1,1,1,1,,180,3,0,0,0,1,1,0,size-based,180,.1666666666666667,,,,,0
AKLAN,carrot,TANGALAN,pieces or units,35,1,g,0,1,1,1,,132.5,16,0,2,2,1,1,0,size-based,132.5,.2641509433962264,,,,,.125
AKLAN,carrot,TANGALAN,pieces or units,90,,g,0,1,1,0,"unique price, no weighing behind it",,,,,,,,,size-based,,,,,,,
AKLAN,chicken,TANGALAN,whole (chicken),250,1,g,0,1,1,1,,1167.5,10,0,0,0,1,1,0,size-based,1167.5,.2141327623126338,,,,,0
AKLAN,"crackers, cookies, buiscuits, chips/curls",TANGALAN,pieces or units,49.5,1,g,0,1,1,1,,40,10,0,3,3,1,1,0,size-based,40,1.2375,,,,,.3
AKLAN,"crackers, cookies, buiscuits, chips/curls",TANGALAN,putos,66.75,1,g,0,2,2,1,,39,10,5,3,6,1,2,0,size-based,39,1.711538461538461,,,,,.6
AKLAN,"crackers, cookies, buiscuits, chips/curls",TANGALAN,putos,232.5,2,g,0,2,2,1,,200,9,0,0,0,2,2,0,size-based,200,1.1625,,,,,0
AKLAN,"ice cream, sorbet, edible ice (eg., ice-lolli, halo-halo)",TANGALAN,pieces or units,20,1,mL,0,1,1,1,,110,6,0,0,0,1,1,0,size-based,110,.1818181818181818,,,,,0
AKLAN,"liquor (e.g, whisky, coconut wine)",TANGALAN,lipid/lapad,80,1,mL,0,1,1,1,,375,9,0,0,0,1,1,0,size-based,375,.2133333333333333,,,,,0
AKLAN,"liquor (e.g, whisky, coconut wine)",TANGALAN,long-neck,240,1,mL,0,1,1,1,,750,11,0,0,0,1,1,0,size-based,750,.32,,,,,0
AKLAN,"liquor (e.g, whisky, coconut wine)",TANGALAN,long-neck,120,,mL,0,1,1,0,"unique price, no weighing behind it",,,,,,,,,size-based,,,,,,,
AKLAN,loaf bread,TANGALAN,large packs,80,1,g,0,1,1,1,,682.5,4,0,0,0,1,1,0,size-based,682.5,.1172161172161172,,,,,0
AKLAN,loaf bread,TANGALAN,medium packs,60,1,g,0,1,1,1,,600,5,0,0,0,1,1,0,size-based,600,.1,,,,,0
AKLAN,loaf bread,TANGALAN,small packs,28.75,1,g,0,2,2,1,,392.5,6,0,0,0,1,2,0,size-based,392.5,.0732484076433121,,,,,0
AKLAN,loaf bread,TANGALAN,small packs,83.75,2,g,0,2,2,1,,460,2,0,0,0,2,2,0,size-based,460,.1820652173913044,,,,,0
AKLAN,"preserved or processed meat (tocino, tapa, longaniza, etc)",TANGALAN,pieces or units,53.5,1,g,0,1,1,1,,57.5,6,0,0,0,1,1,0,size-based,57.5,.9304347826086956,,,,,0
AKLAN,"preserved or processed meat (tocino, tapa, longaniza, etc)",TANGALAN,pieces or units,33,,g,0,1,1,0,"unique price, no weighing behind it",,,,,,,,,size-based,,,,,,,
AKLAN,"preserved or processed meat (tocino, tapa, longaniza, etc)",TANGALAN,putos,82.5,1,g,0,3,3,1,,112,4,0,2,2,1,3,0,size-based,112,.7366071428571429,,,,,.5
AKLAN,"preserved or processed meat (tocino, tapa, longaniza, etc)",TANGALAN,putos,105,2,g,0,3,3,1,,250,4,0,0,0,2,3,0,size-based,250,.42,,,,,0
AKLAN,"preserved or processed meat (tocino, tapa, longaniza, etc)",TANGALAN,putos,172.5,3,g,0,3,3,1,,450,3,0,0,0,3,3,0,size-based,450,.3833333333333334,,,,,0
ANTIQUE,cabbage,BARBAZA,pieces or units,50,,g,0,,1,1,,605,6,0,0,0,1,,,price-quantity,941.4820072697502,.0531077594833676,municipality_median,1,2023m12,1.556168607057438,0
ANTIQUE,cabbage,BARBAZA,pieces or units,50,,g,0,,1,1,,605,6,0,0,0,1,,,price-quantity,994.9918123448797,.050251669792303,municipality_median,1,2024m2,1.644614565859305,0
ANTIQUE,cabbage,BARBAZA,pieces or units,50,,g,0,,1,1,,605,6,0,0,0,1,,,price-quantity,993.4054621199299,.0503319157248238,municipality_median,1,2024m3,1.641992499371785,0
ANTIQUE,camote,BARBAZA,bilog,25,1,g,0,1,1,1,,150,12,2,5,5,1,1,0,size-based,150,.1666666666666667,,,,,.4166666666666667
ANTIQUE,camote,BARBAZA,bilog,100,,g,0,1,1,0,"unique price, no weighing behind it",,,,,,,,,size-based,,,,,,,
ANTIQUE,camote tops,BARBAZA,bundle,10,,g,0,,1,1,,302.5,4,0,0,0,1,,,price-quantity,459.0736745330049,.0217829959650214,province_median,2,2023m12,1.517598924076049,0
ANTIQUE,camote tops,BARBAZA,bundle,10,,g,0,,1,1,,302.5,4,0,0,0,1,,,price-quantity,485.165456053739,.0206115251513132,province_median,2,2024m2,1.603852747285088,0
ANTIQUE,camote tops,BARBAZA,bundle,10,,g,0,,1,1,,302.5,4,0,0,0,1,,,price-quantity,484.3919398088818,.0206444393024903,province_median,2,2024m3,1.601295668789692,0
ANTIQUE,carrot,BARBAZA,pieces or units,25,1,g,0,1,1,1,,180,15,1,2,2,1,1,0,size-based,180,.1388888888888889,,,,,.1333333333333333
ANTIQUE,chicken,BARBAZA,whole (chicken),305,1,g,0,3,3,1,,1050,1,0,0,0,1,2,1,size-based,1050,.2904761904761905,,,,,0
ANTIQUE,chicken,BARBAZA,whole (chicken),360,2,g,0,3,3,1,,1340,2,0,0,0,2,2,1,size-based,1340,.2686567164179104,,,,,0
ANTIQUE,chicken,BARBAZA,whole (chicken),420,3,g,0,3,3,0,this part of the cut came back empty,,,,,,,,,size-based,,,,,,,
ANTIQUE,"crackers, cookies, buiscuits, chips/curls",BARBAZA,pieces or units,41.25,1,g,0,2,2,1,,28,4,0,0,0,1,2,0,size-based,28,1.473214285714286,,,,,0
ANTIQUE,"crackers, cookies, buiscuits, chips/curls",BARBAZA,pieces or units,94.75,2,g,0,2,2,1,,48,3,0,0,0,2,2,0,size-based,48,1.973958333333333,,,,,0
ANTIQUE,"crackers, cookies, buiscuits, chips/curls",BARBAZA,putos,79.5,1,g,0,3,3,1,,55,5,1,2,2,1,3,0,size-based,55,1.445454545454546,,,,,.4
ANTIQUE,"crackers, cookies, buiscuits, chips/curls",BARBAZA,putos,100,2,g,0,3,3,1,,135,6,0,0,0,2,3,0,size-based,135,.7407407407407407,,,,,0
ANTIQUE,"crackers, cookies, buiscuits, chips/curls",BARBAZA,putos,161.25,3,g,0,3,3,1,,300,3,0,2,2,3,3,0,size-based,300,.5375,,,,,.6666666666666666
ANTIQUE,fresh fish,BARBAZA,pieces or units,70,1,g,0,1,1,1,,675,6,2,1,3,1,1,0,size-based,675,.1037037037037037,,,,,.5
ANTIQUE,"ice cream, sorbet, edible ice (eg., ice-lolli, halo-halo)",BARBAZA,pieces or units,10,,g,0,,1,1,,90,1,0,0,0,1,,,price-quantity,85.60342094411381,.1168177613664353,province_median,1,2023m12,.9511491216012645,0
ANTIQUE,"ice cream, sorbet, edible ice (eg., ice-lolli, halo-halo)",BARBAZA,pieces or units,10,,g,0,,1,1,,90,1,0,0,0,1,,,price-quantity,85.60342094411381,.1168177613664353,province_median,1,2024m2,.9511491216012645,0
ANTIQUE,"ice cream, sorbet, edible ice (eg., ice-lolli, halo-halo)",BARBAZA,pieces or units,10,,g,0,,1,1,,90,1,0,0,0,1,,,price-quantity,85.60342094411381,.1168177613664353,province_median,1,2024m3,.9511491216012645,0
ANTIQUE,"ice cream, sorbet, edible ice (eg., ice-lolli, halo-halo)",BARBAZA,pieces or units,10,,mL,0,,1,1,,110,4,0,0,0,1,,,price-quantity,104.6264033761391,.0955781683907198,province_median,2,2023m12,.9511491216012645,0
ANTIQUE,"ice cream, sorbet, edible ice (eg., ice-lolli, halo-halo)",BARBAZA,pieces or units,10,,mL,0,,1,1,,110,4,0,0,0,1,,,price-quantity,104.6264033761391,.0955781683907198,province_median,2,2024m2,.9511491216012645,0
ANTIQUE,"ice cream, sorbet, edible ice (eg., ice-lolli, halo-halo)",BARBAZA,pieces or units,10,,mL,0,,1,1,,110,4,0,0,0,1,,,price-quantity,104.6264033761391,.0955781683907198,province_median,2,2024m3,.9511491216012645,0
ANTIQUE,"ice cream, sorbet, edible ice (eg., ice-lolli, halo-halo)",BARBAZA,small cup,20,1,mL,0,1,1,1,,100,5,0,0,0,1,1,0,size-based,100,.2,,,,,0
ANTIQUE,"liquor (e.g, whisky, coconut wine)",BARBAZA,lipid/lapad,63.75,1,mL,0,3,3,1,,375,4,0,0,0,1,1,2,size-based,375,.17,,,,,0
ANTIQUE,"liquor (e.g, whisky, coconut wine)",BARBAZA,lipid/lapad,135,2,mL,0,3,3,0,this part of the cut came back empty,,,,,,,,,size-based,,,,,,,
ANTIQUE,"liquor (e.g, whisky, coconut wine)",BARBAZA,lipid/lapad,195,3,mL,0,3,3,0,this part of the cut came back empty,,,,,,,,,size-based,,,,,,,
ANTIQUE,"liquor (e.g, whisky, coconut wine)",BARBAZA,long-neck,140,,mL,0,,1,1,,750,7,0,0,0,1,,,price-quantity,894.198601433014,.1565647718254541,province_median,2,2023m12,1.192264801910685,0
ANTIQUE,"liquor (e.g, whisky, coconut wine)",BARBAZA,long-neck,140,,mL,0,,1,1,,750,7,0,0,0,1,,,price-quantity,888.1039775491298,.1576391993945948,province_median,2,2024m2,1.184138636732173,0
ANTIQUE,"liquor (e.g, whisky, coconut wine)",BARBAZA,long-neck,140,,mL,0,,1,1,,750,7,0,0,0,1,,,price-quantity,884.1092903001952,.158351463485316,province_median,2,2024m3,1.178812387066927,0
ANTIQUE,loaf bread,BARBAZA,large packs,90,1,g,0,1,1,1,,680,5,0,0,0,1,1,0,size-based,680,.1323529411764706,,,,,0
ANTIQUE,loaf bread,BARBAZA,large packs,180,,g,0,1,1,0,"unique price, no weighing behind it",,,,,,,,,size-based,,,,,,,
ANTIQUE,loaf bread,BARBAZA,small packs,40,1,g,0,3,3,1,,360,1,0,0,0,1,2,1,size-based,360,.1111111111111111,,,,,0
ANTIQUE,loaf bread,BARBAZA,small packs,70,2,g,0,3,3,1,,400,2,0,0,0,2,2,1,size-based,400,.175,,,,,0
ANTIQUE,loaf bread,BARBAZA,small packs,118.5,3,g,0,3,3,0,this part of the cut came back empty,,,,,,,,,size-based,,,,,,,
ANTIQUE,loaf bread,BARBAZA,tama-tama nga putos,73.5,1,g,0,3,3,1,,450,3,0,0,0,1,3,0,size-based,450,.1633333333333333,,,,,0
ANTIQUE,loaf bread,BARBAZA,tama-tama nga putos,100,2,g,0,3,3,1,,500,2,0,0,0,2,3,0,size-based,500,.2,,,,,0
ANTIQUE,loaf bread,BARBAZA,tama-tama nga putos,140,3,g,0,3,3,1,,505,1,0,0,0,3,3,0,size-based,505,.2772277227722773,,,,,0
ANTIQUE,mango,BARBAZA,pieces or units,80,1,g,0,1,1,1,,240,13,0,0,0,1,1,0,size-based,240,.3333333333333333,,,,,0
ANTIQUE,mango,BARBAZA,pieces or units,20,,g,0,1,1,0,"unique price, no weighing behind it",,,,,,,,,size-based,,,,,,,
ANTIQUE,"preserved or processed meat (tocino, tapa, longaniza, etc)",BARBAZA,bilog,45,1,g,0,1,1,1,,250,1,0,0,0,1,1,0,size-based,250,.18,,,,,0
ANTIQUE,"preserved or processed meat (tocino, tapa, longaniza, etc)",BARBAZA,putos,45,,g,0,,2,1,,240,6,0,0,0,1,,,price-quantity,243.4379111988474,.1848520625994143,mp50_price,2,2023m12,1.014324629995198,0
ANTIQUE,"preserved or processed meat (tocino, tapa, longaniza, etc)",BARBAZA,putos,45,,g,0,,2,1,,240,6,0,0,0,1,,,price-quantity,239.0354892036149,.1882565645374447,mp50_price,2,2024m2,.995981205015062,0
ANTIQUE,"preserved or processed meat (tocino, tapa, longaniza, etc)",BARBAZA,putos,45,,g,0,,2,1,,240,6,0,0,0,1,,,price-quantity,230.5426263825443,.1951916689164915,mp50_price,2,2024m3,.9605942765939347,0
ANTIQUE,"preserved or processed meat (tocino, tapa, longaniza, etc)",BARBAZA,putos,87.5,,g,0,,2,1,,517.5,6,1,1,1,2,,,price-quantity,524.9129960225148,.1666942915550274,mp75_price,2,2023m12,1.014324629995198,.1666666666666667
ANTIQUE,"preserved or processed meat (tocino, tapa, longaniza, etc)",BARBAZA,putos,87.5,,g,0,,2,1,,517.5,6,1,1,1,2,,,price-quantity,515.4202735952946,.1697643738179856,mp75_price,2,2024m2,.995981205015062,.1666666666666667
ANTIQUE,"preserved or processed meat (tocino, tapa, longaniza, etc)",BARBAZA,putos,87.5,,g,0,,2,1,,517.5,6,1,1,1,2,,,price-quantity,497.1075381373612,.1760182521630198,mp75_price,2,2024m3,.9605942765939347,.1666666666666667
ANTIQUE,cabbage,BELISON,pieces or units,50,1,g,0,1,1,1,,615,13,0,0,0,1,1,0,size-based,615,.0813008130081301,,,,,0
ANTIQUE,camote,BELISON,binilog,25,1,g,0,1,1,1,,105,17,0,0,0,1,1,0,size-based,105,.2380952380952381,,,,,0
ANTIQUE,camote tops,BELISON,bugkos,20,1,g,0,1,1,1,,265,6,0,0,0,1,1,0,size-based,265,.0754716981132075,,,,,0
ANTIQUE,carrot,BELISON,pieces or units,40,1,g,0,1,1,1,,125,15,0,0,0,1,1,0,size-based,125,.32,,,,,0
ANTIQUE,chicken,BELISON,pieces or units,210,1,g,0,2,2,1,,322.5,2,0,0,0,1,2,0,size-based,322.5,.6511627906976745,,,,,0
ANTIQUE,chicken,BELISON,pieces or units,252.5,2,g,0,2,2,1,,852.5,2,2,1,2,2,2,0,size-based,852.5,.2961876832844575,,,,,1
ANTIQUE,chicken,BELISON,whole (chicken),294.5,1,g,0,2,2,1,,995,3,0,0,0,1,2,0,size-based,995,.2959798994974874,,,,,0
ANTIQUE,chicken,BELISON,whole (chicken),400,2,g,0,2,2,1,,1185,3,0,0,0,2,2,0,size-based,1185,.3375527426160337,,,,,0
ANTIQUE,"ice cream, sorbet, edible ice (eg., ice-lolli, halo-halo)",BELISON,pieces or units,28.75,1,mL,0,2,2,1,,100,2,0,0,0,1,2,0,size-based,100,.2875,,,,,0
ANTIQUE,"ice cream, sorbet, edible ice (eg., ice-lolli, halo-halo)",BELISON,pieces or units,85,2,mL,0,2,2,1,,125,2,0,0,0,2,2,0,size-based,125,.68,,,,,0
ANTIQUE,"ice cream, sorbet, edible ice (eg., ice-lolli, halo-halo)",BELISON,putos,45,1,g,0,1,1,1,,60.5,2,0,0,0,1,1,0,size-based,60.5,.7438016528925619,,,,,0
ANTIQUE,"ice cream, sorbet, edible ice (eg., ice-lolli, halo-halo)",BELISON,putos,45,1,mL,0,1,1,1,,385,2,0,0,0,1,1,0,size-based,385,.1168831168831169,,,,,0
ANTIQUE,"ice cream, sorbet, edible ice (eg., ice-lolli, halo-halo)",BELISON,small cup,40,1,mL,0,1,1,1,,100,4,0,0,0,1,1,0,size-based,100,.4,,,,,0
ANTIQUE,"ice cream, sorbet, edible ice (eg., ice-lolli, halo-halo)",BELISON,small cup,200,,mL,0,1,1,0,"unique price, no weighing behind it",,,,,,,,,size-based,,,,,,,
ANTIQUE,"ice cream, sorbet, edible ice (eg., ice-lolli, halo-halo)",BELISON,small cup,100,,mL,0,1,1,0,"unique price, no weighing behind it",,,,,,,,,size-based,,,,,,,
ANTIQUE,"liquor (e.g, whisky, coconut wine)",BELISON,gin,35,,mL,0,,1,1,,350,3,0,3,3,1,,,price-quantity,415.9947776753086,.0841356715956615,province_median,2,2024m5,1.188556507643739,1
ANTIQUE,"liquor (e.g, whisky, coconut wine)",BELISON,lipid/lapad,80,,mL,0,,1,1,,375,7,0,0,0,1,,,price-quantity,441.6337246214948,.1811455863534076,municipality_median,2,2024m5,1.177689932323986,0
ANTIQUE,"liquor (e.g, whisky, coconut wine)",BELISON,long-neck,140,,mL,0,,1,1,,750,8,0,0,0,1,,,price-quantity,883.2674492429895,.1585023880592316,province_median,2,2024m5,1.177689932323986,0
ANTIQUE,loaf bread,BELISON,large packs,92.5,1,g,0,1,1,1,,640,4,0,0,0,1,1,0,size-based,640,.14453125,,,,,0
ANTIQUE,loaf bread,BELISON,large packs,168,,g,0,1,1,0,"unique price, no weighing behind it",,,,,,,,,size-based,,,,,,,
ANTIQUE,loaf bread,BELISON,medium packs,55,1,g,0,1,1,1,,450,5,0,0,0,1,1,0,size-based,450,.1222222222222222,,,,,0
ANTIQUE,mango,BELISON,pieces or units,100,1,g,0,1,1,1,,260,11,0,0,0,1,1,0,size-based,260,.3846153846153846,,,,,0
ANTIQUE,mango,BELISON,pieces or units,140,,g,0,1,1,0,"unique price, no weighing behind it",,,,,,,,,size-based,,,,,,,
ANTIQUE,mango,BELISON,pieces or units,200,,g,0,1,1,0,"unique price, no weighing behind it",,,,,,,,,size-based,,,,,,,
ANTIQUE,"prawns, lobster, shrimp",BELISON,tumpok,100,1,g,0,1,1,1,,230,2,0,0,0,1,1,0,size-based,230,.4347826086956522,,,,,0
ANTIQUE,"preserved or processed meat (tocino, tapa, longaniza, etc)",BELISON,bilog,45,1,g,0,1,1,1,,250,4,0,0,0,1,1,0,size-based,250,.18,,,,,0
ANTIQUE,"preserved or processed meat (tocino, tapa, longaniza, etc)",BELISON,bilog,300,,g,0,1,1,0,"unique price, no weighing behind it",,,,,,,,,size-based,,,,,,,
ANTIQUE,"preserved or processed meat (tocino, tapa, longaniza, etc)",BELISON,cans,137,1,g,0,3,3,1,,150,9,0,0,0,1,3,0,size-based,150,.9133333333333333,,,,,0
ANTIQUE,"preserved or processed meat (tocino, tapa, longaniza, etc)",BELISON,cans,162,2,g,0,3,3,1,,260,6,0,0,0,2,3,0,size-based,260,.6230769230769231,,,,,0
ANTIQUE,"preserved or processed meat (tocino, tapa, longaniza, etc)",BELISON,cans,281,3,g,0,3,3,1,,340,2,0,0,0,3,3,0,size-based,340,.8264705882352941,,,,,0
ANTIQUE,"preserved or processed meat (tocino, tapa, longaniza, etc)",BELISON,putos,58.75,1,g,0,3,3,1,,250,4,0,0,0,1,2,1,size-based,250,.235,,,,,0
ANTIQUE,"preserved or processed meat (tocino, tapa, longaniza, etc)",BELISON,putos,90,2,g,0,3,3,1,,1000,2,0,2,2,2,2,1,size-based,1000,.09,,,,,1
ANTIQUE,"preserved or processed meat (tocino, tapa, longaniza, etc)",BELISON,putos,126.25,3,g,0,3,3,0,this part of the cut came back empty,,,,,,,,,size-based,,,,,,,
ANTIQUE,cabbage,BUGASONG,pieces or units,25,1,g,0,1,1,1,,675,10,0,0,0,1,1,0,size-based,675,.037037037037037,,,,,0
ANTIQUE,camote,BUGASONG,bilog,25,1,g,0,1,1,1,,185,9,2,6,6,1,1,0,size-based,185,.1351351351351351,,,,,.6666666666666666
ANTIQUE,camote,BUGASONG,bilog,50,,g,0,1,1,0,"unique price, no weighing behind it",,,,,,,,,size-based,,,,,,,
ANTIQUE,camote tops,BUGASONG,bugkos,20,1,g,0,1,1,1,,215,3,0,0,0,1,1,0,size-based,215,.0930232558139535,,,,,0
ANTIQUE,carrot,BUGASONG,pieces or units,20,1,g,0,1,1,1,,130,11,0,1,1,1,1,0,size-based,130,.1538461538461539,,,,,.0909090909090909
ANTIQUE,chicken,BUGASONG,pieces or units,210,1,g,0,3,3,1,,250,2,0,0,0,1,3,0,size-based,250,.84,,,,,0
ANTIQUE,chicken,BUGASONG,pieces or units,300,2,g,0,3,3,1,,410,2,0,0,0,2,3,0,size-based,410,.7317073170731707,,,,,0
ANTIQUE,chicken,BUGASONG,pieces or units,500,3,g,0,3,3,1,,575,1,0,1,1,3,3,0,size-based,575,.8695652173913043,,,,,1
ANTIQUE,chicken,BUGASONG,whole (chicken),205,1,g,0,2,2,1,,1427.5,2,0,0,0,1,2,0,size-based,1427.5,.1436077057793345,,,,,0
ANTIQUE,chicken,BUGASONG,whole (chicken),282.5,2,g,0,2,2,1,,1755,2,0,0,0,2,2,0,size-based,1755,.160968660968661,,,,,0
ANTIQUE,"crackers, cookies, buiscuits, chips/curls",BUGASONG,pieces or units,40,1,g,1,1,1,1,,32,7,0,1,1,1,1,0,size-based,32,1.25,,,,,.1428571428571428
ANTIQUE,"crackers, cookies, buiscuits, chips/curls",BUGASONG,putos,123,2,g,1,1,3,1,,280,7,0,4,4,1,1,0,size-based,280,.4392857142857143,,,,,.5714285714285714
ANTIQUE,"drinks at restaurant, hotel, cafe, or kiosk",BUGASONG,pieces,53.75,1,mL,0,1,1,1,,350,15,0,6,6,1,1,0,size-based,350,.1535714285714286,,,,,.4
ANTIQUE,fresh fish,BUGASONG,pieces or units,70,1,g,0,1,1,1,,695,5,1,2,3,1,1,0,size-based,695,.1007194244604317,,,,,.6
ANTIQUE,fresh fish,BUGASONG,pieces or units,450,,g,0,1,1,0,"unique price, no weighing behind it",,,,,,,,,size-based,,,,,,,
ANTIQUE,fresh fish,BUGASONG,pieces or units,35,,g,0,1,1,0,"unique price, no weighing behind it",,,,,,,,,size-based,,,,,,,
ANTIQUE,"ice cream, sorbet, edible ice (eg., ice-lolli, halo-halo)",BUGASONG,pieces or units,20,1,mL,0,1,1,1,,100,3,0,0,0,1,1,0,size-based,100,.2,,,,,0
ANTIQUE,"ice cream, sorbet, edible ice (eg., ice-lolli, halo-halo)",BUGASONG,putos,45,1,g,0,1,1,1,,56,1,0,0,0,1,1,0,size-based,56,.8035714285714286,,,,,0
ANTIQUE,"ice cream, sorbet, edible ice (eg., ice-lolli, halo-halo)",BUGASONG,putos,15,,g,0,1,1,0,"unique price, no weighing behind it",,,,,,,,,size-based,,,,,,,
ANTIQUE,"ice cream, sorbet, edible ice (eg., ice-lolli, halo-halo)",BUGASONG,putos,45,1,mL,0,1,1,1,,625,2,0,0,0,1,1,0,size-based,625,.072,,,,,0
ANTIQUE,"ice cream, sorbet, edible ice (eg., ice-lolli, halo-halo)",BUGASONG,putos,15,,mL,0,1,1,0,"unique price, no weighing behind it",,,,,,,,,size-based,,,,,,,
ANTIQUE,"ice cream, sorbet, edible ice (eg., ice-lolli, halo-halo)",BUGASONG,small cup,30,1,mL,0,1,1,1,,100,3,0,0,0,1,1,0,size-based,100,.3,,,,,0
ANTIQUE,"liquor (e.g, whisky, coconut wine)",BUGASONG,lipid/lapad,80,1,mL,0,3,3,1,,375,6,0,0,0,1,1,2,size-based,375,.2133333333333333,,,,,0
ANTIQUE,"liquor (e.g, whisky, coconut wine)",BUGASONG,lipid/lapad,240,3,mL,0,3,3,0,this part of the cut came back empty,,,,,,,,,size-based,,,,,,,
ANTIQUE,"liquor (e.g, whisky, coconut wine)",BUGASONG,lipid/lapad,155,2,mL,0,3,3,0,this part of the cut came back empty,,,,,,,,,size-based,,,,,,,
ANTIQUE,"liquor (e.g, whisky, coconut wine)",BUGASONG,long-neck,142.5,1,mL,0,2,2,1,,750,8,0,0,0,1,2,0,size-based,750,.19,,,,,0
ANTIQUE,"liquor (e.g, whisky, coconut wine)",BUGASONG,long-neck,315,2,mL,0,2,2,1,,1000,2,0,0,0,2,2,0,size-based,1000,.315,,,,,0
ANTIQUE,loaf bread,BUGASONG,large packs,92.5,1,g,0,1,1,1,,660,2,0,0,0,1,1,0,size-based,660,.1401515151515151,,,,,0
ANTIQUE,loaf bread,BUGASONG,large packs,255,,g,0,1,1,0,"unique price, no weighing behind it",,,,,,,,,size-based,,,,,,,
ANTIQUE,loaf bread,BUGASONG,medium packs,60,1,g,0,1,1,1,,450,5,0,0,0,1,1,0,size-based,450,.1333333333333333,,,,,0
ANTIQUE,mango,BUGASONG,pieces or units,100,1,g,0,1,1,1,,217.5,14,0,0,0,1,1,0,size-based,217.5,.4597701149425287,,,,,0
ANTIQUE,mango,BUGASONG,pieces or units,200,,g,0,1,1,0,"unique price, no weighing behind it",,,,,,,,,size-based,,,,,,,
ANTIQUE,"preserved or processed meat (tocino, tapa, longaniza, etc)",BUGASONG,bilog,15,,g,0,,1,1,,250,1,0,0,0,1,,,price-quantity,253.9276010034947,.0590719557099016,province_median,1,2024m1,1.015710404013979,0
ANTIQUE,"preserved or processed meat (tocino, tapa, longaniza, etc)",BUGASONG,bilog,15,,g,0,,1,1,,250,1,0,0,0,1,,,price-quantity,248.9953012537655,.0602421006519823,province_median,1,2024m2,.995981205015062,0
ANTIQUE,"preserved or processed meat (tocino, tapa, longaniza, etc)",BUGASONG,bilog,15,,g,0,,1,1,,250,1,0,0,0,1,,,price-quantity,240.1485691484837,.0624613340532773,province_median,1,2024m3,.9605942765939347,0
ANTIQUE,"preserved or processed meat (tocino, tapa, longaniza, etc)",BUGASONG,bilog,15,,g,0,,1,1,,250,1,0,0,0,1,,,price-quantity,242.8151388310552,.0617753904151612,province_median,1,2024m5,.9712605553242208,0
ANTIQUE,"preserved or processed meat (tocino, tapa, longaniza, etc)",BUGASONG,bilog,15,,g,0,,1,1,,250,1,0,0,0,1,,,price-quantity,241.2394403935876,.0621788873972148,province_median,1,2024m6,.9649577615743505,0
ANTIQUE,"preserved or processed meat (tocino, tapa, longaniza, etc)",BUGASONG,bilog,15,,g,0,,1,1,,250,1,0,0,0,1,,,price-quantity,246.0291048009137,.0609683964510539,province_median,1,2024m11,.9841164192036549,0
ANTIQUE,"preserved or processed meat (tocino, tapa, longaniza, etc)",BUGASONG,cans,50,1,g,0,1,1,1,,170,15,0,0,0,1,1,0,size-based,170,.2941176470588235,,,,,0
ANTIQUE,"preserved or processed meat (tocino, tapa, longaniza, etc)",BUGASONG,putos,80,2,g,1,1,2,1,,225,4,0,0,0,1,1,0,size-based,225,.3555555555555556,,,,,0
ANTIQUE,cabbage,CULASI,pieces or units,50,1,g,0,1,1,1,,570,21,0,2,2,1,1,0,size-based,570,.087719298245614,,,,,.0952380952380952
ANTIQUE,cabbage,CULASI,pieces or units,100,,g,0,1,1,0,"unique price, no weighing behind it",,,,,,,,,size-based,,,,,,,
ANTIQUE,camote,CULASI,bilog,25,1,g,0,1,1,1,,150,15,3,4,5,1,1,0,size-based,150,.1666666666666667,,,,,.3333333333333333
ANTIQUE,camote tops,CULASI,bugkos,20,1,g,0,1,1,1,,210,5,0,1,1,1,1,0,size-based,210,.0952380952380952,,,,,.2
ANTIQUE,carrot,CULASI,pieces or units,27.5,1,g,0,1,1,1,,165,17,1,3,3,1,1,0,size-based,165,.1666666666666667,,,,,.1764705882352941
ANTIQUE,chicken,CULASI,whole (chicken),250,1,g,0,1,1,1,,1005,6,0,0,0,1,1,0,size-based,1005,.2487562189054726,,,,,0
ANTIQUE,"crackers, cookies, buiscuits, chips/curls",CULASI,pieces or units,36,1,g,0,1,1,1,,30,9,0,1,1,1,1,0,size-based,30,1.2,,,,,.1111111111111111
ANTIQUE,"crackers, cookies, buiscuits, chips/curls",CULASI,putos,62,1,g,1,1,1,1,,85,9,2,0,2,1,1,0,size-based,85,.7294117647058823,,,,,.2222222222222222
ANTIQUE,fresh fish,CULASI,pieces or units,70,1,g,0,1,1,1,,247.5,16,1,6,6,1,1,0,size-based,247.5,.2828282828282828,,,,,.375
ANTIQUE,fresh fish,CULASI,pieces or units,20,,g,0,1,1,0,"unique price, no weighing behind it",,,,,,,,,size-based,,,,,,,
ANTIQUE,"ice cream, sorbet, edible ice (eg., ice-lolli, halo-halo)",CULASI,pieces or units,35,1,mL,0,2,2,1,,100,5,0,0,0,1,2,0,size-based,100,.35,,,,,0
ANTIQUE,"ice cream, sorbet, edible ice (eg., ice-lolli, halo-halo)",CULASI,pieces or units,100,2,mL,0,2,2,1,,110,2,0,0,0,2,2,0,size-based,110,.9090909090909091,,,,,0
ANTIQUE,"ice cream, sorbet, edible ice (eg., ice-lolli, halo-halo)",CULASI,small cup,45,1,mL,0,1,1,1,,100,6,0,0,0,1,1,0,size-based,100,.45,,,,,0
ANTIQUE,"liquor (e.g, whisky, coconut wine)",CULASI,lipid/lapad,76.25,1,mL,0,3,3,1,,375,8,0,0,0,1,1,2,size-based,375,.2033333333333333,,,,,0
ANTIQUE,"liquor (e.g, whisky, coconut wine)",CULASI,lipid/lapad,132.5,2,mL,0,3,3,0,this part of the cut came back empty,,,,,,,,,size-based,,,,,,,
ANTIQUE,"liquor (e.g, whisky, coconut wine)",CULASI,lipid/lapad,195,3,mL,0,3,3,0,this part of the cut came back empty,,,,,,,,,size-based,,,,,,,
ANTIQUE,"liquor (e.g, whisky, coconut wine)",CULASI,long-neck,157.5,1,mL,0,1,1,1,,750,8,0,0,0,1,1,0,size-based,750,.21,,,,,0
ANTIQUE,loaf bread,CULASI,large packs,92.5,1,g,0,1,1,1,,640,5,0,0,0,1,1,0,size-based,640,.14453125,,,,,0
ANTIQUE,loaf bread,CULASI,medium packs,65,1,g,0,1,1,1,,500,3,0,0,0,1,1,0,size-based,500,.13,,,,,0
ANTIQUE,loaf bread,CULASI,medium packs,180,,g,0,1,1,0,"unique price, no weighing behind it",,,,,,,,,size-based,,,,,,,
ANTIQUE,loaf bread,CULASI,small packs,50,1,g,0,1,1,1,,355,2,0,0,0,1,1,0,size-based,355,.1408450704225352,,,,,0
ANTIQUE,mango,CULASI,pieces or units,100,1,g,0,1,1,1,,230,17,0,0,0,1,1,0,size-based,230,.4347826086956522,,,,,0
ANTIQUE,mango,CULASI,pieces or units,50,,g,0,1,1,0,"unique price, no weighing behind it",,,,,,,,,size-based,,,,,,,
ANTIQUE,"prawns, lobster, shrimp",CULASI,tumpok,100,1,g,0,1,1,1,,260,2,0,0,0,1,1,0,size-based,260,.3846153846153846,,,,,0
ANTIQUE,"preserved or processed meat (tocino, tapa, longaniza, etc)",CULASI,bilog,45,1,g,0,1,1,1,,250,6,0,2,2,1,1,0,size-based,250,.18,,,,,.3333333333333333
ANTIQUE,"preserved or processed meat (tocino, tapa, longaniza, etc)",CULASI,putos,60,1,g,1,1,2,1,,250,7,0,2,2,1,1,0,size-based,250,.24,,,,,.2857142857142857
ANTIQUE,cabbage,HAMTIC,pieces or units,83.625,1,g,0,2,2,1,,455,13,0,0,0,1,2,0,size-based,455,.1837912087912088,,,,,0
ANTIQUE,cabbage,HAMTIC,pieces or units,120,2,g,0,2,2,1,,815,13,0,0,0,2,2,0,size-based,815,.147239263803681,,,,,0
ANTIQUE,camote,HAMTIC,bilog,25,1,g,0,1,1,1,,137.5,24,4,7,8,1,1,0,size-based,137.5,.1818181818181818,,,,,.3333333333333333
ANTIQUE,camote tops,HAMTIC,bugkos,20,1,g,0,1,1,1,,215,7,0,0,0,1,1,0,size-based,215,.0930232558139535,,,,,0
ANTIQUE,carrot,HAMTIC,pieces or units,45,1,g,0,1,1,1,,175,27,0,3,3,1,1,0,size-based,175,.2571428571428571,,,,,.1111111111111111
ANTIQUE,chicken,HAMTIC,whole (chicken),205,1,g,0,3,3,1,,910,2,0,0,0,1,3,0,size-based,910,.2252747252747253,,,,,0
ANTIQUE,chicken,HAMTIC,whole (chicken),270,2,g,0,3,3,1,,1172.5,2,0,0,0,2,3,0,size-based,1172.5,.2302771855010661,,,,,0
ANTIQUE,chicken,HAMTIC,whole (chicken),300,3,g,0,3,3,1,,1345,1,0,0,0,3,3,0,size-based,1345,.2230483271375465,,,,,0
ANTIQUE,"crackers, cookies, buiscuits, chips/curls",HAMTIC,balde,335,1,g,0,1,1,1,,1400,1,1,0,1,1,1,0,size-based,1400,.2392857142857143,,,,,1
ANTIQUE,"crackers, cookies, buiscuits, chips/curls",HAMTIC,pack,110,1,g,0,1,1,1,,280,15,0,3,3,1,1,0,size-based,280,.3928571428571428,,,,,.2
ANTIQUE,fresh fish,HAMTIC,pieces or units,180,1,g,0,1,1,1,,685,12,1,7,7,1,1,0,size-based,685,.2627737226277372,,,,,.5833333333333334
ANTIQUE,fresh fish,HAMTIC,pieces or units,50,,g,0,1,1,0,"unique price, no weighing behind it",,,,,,,,,size-based,,,,,,,
ANTIQUE,"ice cream, sorbet, edible ice (eg., ice-lolli, halo-halo)",HAMTIC,cone,5,,mL,0,,1,1,,105,2,0,0,0,1,,,price-quantity,99.87065776813277,.0500647548713294,province_median,1,2023m12,.9511491216012645,0
ANTIQUE,"ice cream, sorbet, edible ice (eg., ice-lolli, halo-halo)",HAMTIC,cone,5,,mL,0,,1,1,,105,2,0,0,0,1,,,price-quantity,99.87065776813277,.0500647548713294,province_median,1,2024m1,.9511491216012645,0
ANTIQUE,"ice cream, sorbet, edible ice (eg., ice-lolli, halo-halo)",HAMTIC,cone,5,,mL,0,,1,1,,105,2,0,0,0,1,,,price-quantity,99.87065776813277,.0500647548713294,province_median,1,2024m3,.9511491216012645,0
ANTIQUE,"ice cream, sorbet, edible ice (eg., ice-lolli, halo-halo)",HAMTIC,cone,5,,mL,0,,1,1,,105,2,0,0,0,1,,,price-quantity,99.39333827044567,.0503051822889295,province_median,1,2024m11,.9466032216232921,0
ANTIQUE,"ice cream, sorbet, edible ice (eg., ice-lolli, halo-halo)",HAMTIC,pieces or units,28,1,g,0,1,1,1,,80,1,0,0,0,1,1,0,size-based,80,.35,,,,,0
ANTIQUE,"ice cream, sorbet, edible ice (eg., ice-lolli, halo-halo)",HAMTIC,pieces or units,28,1,mL,0,1,1,1,,115,1,0,0,0,1,1,0,size-based,115,.2434782608695652,,,,,0
ANTIQUE,"ice cream, sorbet, edible ice (eg., ice-lolli, halo-halo)",HAMTIC,putos,45,1,mL,1,1,1,1,,500,5,0,0,0,1,1,0,size-based,500,.09,,,,,0
ANTIQUE,"ice cream, sorbet, edible ice (eg., ice-lolli, halo-halo)",HAMTIC,small cup,30,1,mL,0,1,1,1,,100,3,0,0,0,1,1,0,size-based,100,.3,,,,,0
ANTIQUE,"ice cream, sorbet, edible ice (eg., ice-lolli, halo-halo)",HAMTIC,small cup,150,,mL,0,1,1,0,"unique price, no weighing behind it",,,,,,,,,size-based,,,,,,,
ANTIQUE,"liquor (e.g, whisky, coconut wine)",HAMTIC,lipid/lapad,160,2,mL,1,1,3,1,,375,8,0,0,0,1,1,0,size-based,375,.4266666666666667,,,,,0
ANTIQUE,"liquor (e.g, whisky, coconut wine)",HAMTIC,long-neck,165,1,mL,0,3,3,1,,750,9,0,0,0,1,2,1,size-based,750,.22,,,,,0
ANTIQUE,"liquor (e.g, whisky, coconut wine)",HAMTIC,long-neck,348.75,3,mL,0,3,3,1,,1000,2,0,0,0,3,2,1,size-based,1000,.34875,,,,,0
ANTIQUE,"liquor (e.g, whisky, coconut wine)",HAMTIC,long-neck,245,2,mL,0,3,3,0,this part of the cut came back empty,,,,,,,,,size-based,,,,,,,
ANTIQUE,loaf bread,HAMTIC,large packs,89.5,1,g,0,3,3,1,,640,4,0,0,0,1,3,0,size-based,640,.13984375,,,,,0
ANTIQUE,loaf bread,HAMTIC,large packs,130,2,g,0,3,3,1,,680,1,0,0,0,2,3,0,size-based,680,.1911764705882353,,,,,0
ANTIQUE,loaf bread,HAMTIC,large packs,185,3,g,0,3,3,1,,720,1,0,0,0,3,3,0,size-based,720,.2569444444444444,,,,,0
ANTIQUE,loaf bread,HAMTIC,medium packs,61.5,1,g,0,2,2,1,,450,3,0,0,0,1,2,0,size-based,450,.1366666666666667,,,,,0
ANTIQUE,loaf bread,HAMTIC,medium packs,127.25,2,g,0,2,2,1,,500,3,0,0,0,2,2,0,size-based,500,.2545,,,,,0
ANTIQUE,loaf bread,HAMTIC,small packs,58.5,1,g,0,2,2,1,,290,1,0,0,0,1,2,0,size-based,290,.2017241379310345,,,,,0
ANTIQUE,loaf bread,HAMTIC,small packs,115,2,g,0,2,2,1,,360,1,0,0,0,2,2,0,size-based,360,.3194444444444444,,,,,0
ANTIQUE,"prawns, lobster, shrimp",HAMTIC,tumpok,100,1,g,1,1,1,1,,632.5,2,1,1,1,1,1,0,size-based,632.5,.158102766798419,,,,,.5
ANTIQUE,"preserved or processed meat (tocino, tapa, longaniza, etc)",HAMTIC,bilog,45,1,g,0,1,1,1,,250,4,0,0,0,1,1,0,size-based,250,.18,,,,,0
ANTIQUE,"preserved or processed meat (tocino, tapa, longaniza, etc)",HAMTIC,bilog,80,,g,0,1,1,0,"unique price, no weighing behind it",,,,,,,,,size-based,,,,,,,
ANTIQUE,"preserved or processed meat (tocino, tapa, longaniza, etc)",HAMTIC,pack,50,,g,0,,1,1,,250,4,0,0,0,1,,,price-quantity,253.5811574987994,.1971755334393752,province_median,1,2023m12,1.014324629995198,0
ANTIQUE,"preserved or processed meat (tocino, tapa, longaniza, etc)",HAMTIC,pack,50,,g,0,,1,1,,250,4,0,0,0,1,,,price-quantity,253.9276010034947,.1969065190330053,province_median,1,2024m1,1.015710404013979,0
ANTIQUE,"preserved or processed meat (tocino, tapa, longaniza, etc)",HAMTIC,pack,50,,g,0,,1,1,,250,4,0,0,0,1,,,price-quantity,240.1485691484837,.2082044468442576,province_median,1,2024m3,.9605942765939347,0
ANTIQUE,"preserved or processed meat (tocino, tapa, longaniza, etc)",HAMTIC,pack,50,,g,0,,1,1,,250,4,0,0,0,1,,,price-quantity,246.0291048009137,.2032279881701797,province_median,1,2024m11,.9841164192036549,0
ANTIQUE,rice,HAMTIC,gantang,,,g,0,,1,1,,2275,3,0,0,0,1,,,conventional,2275,,,,,,0
ANTIQUE,cabbage,LAUA-AN,pieces or units,65,1,g,0,1,1,1,,720,11,0,0,0,1,1,0,size-based,720,.0902777777777778,,,,,0
ANTIQUE,camote tops,LAUA-AN,bugkos,20,1,g,1,1,1,1,,287.5,8,0,1,1,1,1,0,size-based,287.5,.0695652173913043,,,,,.125
ANTIQUE,camote tops,LAUA-AN,bundle,20,1,g,0,1,1,1,,630,1,0,1,1,1,1,0,size-based,630,.0317460317460317,,,,,1
ANTIQUE,carrot,LAUA-AN,pieces or units,28.75,1,g,0,3,3,1,,110,2,0,0,0,1,3,0,size-based,110,.2613636363636364,,,,,0
ANTIQUE,carrot,LAUA-AN,pieces or units,54,2,g,0,3,3,1,,182.5,2,0,0,0,2,3,0,size-based,182.5,.2958904109589041,,,,,0
ANTIQUE,carrot,LAUA-AN,pieces or units,77.5,3,g,0,3,3,1,,250,1,0,1,1,3,3,0,size-based,250,.31,,,,,1
ANTIQUE,chicken,LAUA-AN,whole (chicken),227.5,1,g,0,2,2,1,,1005,3,0,0,0,1,2,0,size-based,1005,.2263681592039801,,,,,0
ANTIQUE,chicken,LAUA-AN,whole (chicken),300,2,g,0,2,2,1,,1075,2,0,0,0,2,2,0,size-based,1075,.2790697674418605,,,,,0
ANTIQUE,"crackers, cookies, buiscuits, chips/curls",LAUA-AN,pack,110,1,g,0,1,1,1,,300,7,0,0,0,1,1,0,size-based,300,.3666666666666666,,,,,0
ANTIQUE,"crackers, cookies, buiscuits, chips/curls",LAUA-AN,pieces or units,80,1,g,0,1,1,1,,26,7,0,0,0,1,1,0,size-based,26,3.076923076923077,,,,,0
ANTIQUE,fresh fish,LAUA-AN,pieces or units,180,1,g,0,1,1,1,,1047.5,6,2,2,3,1,1,0,size-based,1047.5,.1718377088305489,,,,,.5
ANTIQUE,fresh fish,LAUA-AN,pieces or units,100,,g,0,1,1,0,"unique price, no weighing behind it",,,,,,,,,size-based,,,,,,,
ANTIQUE,"ice cream, sorbet, edible ice (eg., ice-lolli, halo-halo)",LAUA-AN,putos,45,1,g,1,1,1,1,,51.5,2,0,0,0,1,1,0,size-based,51.5,.8737864077669902,,,,,0
ANTIQUE,"ice cream, sorbet, edible ice (eg., ice-lolli, halo-halo)",LAUA-AN,small cup,10,,g,0,,1,1,,100,3,0,0,0,1,,,price-quantity,95.11491216012645,.1051359852297918,municipality_median,2,2024m2,.9511491216012645,0
ANTIQUE,"ice cream, sorbet, edible ice (eg., ice-lolli, halo-halo)",LAUA-AN,small cup,10,,g,0,,1,1,,100,3,0,0,0,1,,,price-quantity,95.11491216012645,.1051359852297918,municipality_median,2,2024m3,.9511491216012645,0
ANTIQUE,"ice cream, sorbet, edible ice (eg., ice-lolli, halo-halo)",LAUA-AN,small cup,10,,g,0,,1,1,,100,3,0,0,0,1,,,price-quantity,95.80666605617044,.104376870750696,municipality_median,2,2024m5,.9580666605617044,0
ANTIQUE,"ice cream, sorbet, edible ice (eg., ice-lolli, halo-halo)",LAUA-AN,small cup,10,,g,0,,1,1,,100,3,0,0,0,1,,,price-quantity,95.11491216012645,.1051359852297918,municipality_median,2,2024m6,.9511491216012645,0
ANTIQUE,"liquor (e.g, whisky, coconut wine)",LAUA-AN,lipid/lapad,80,1,mL,0,3,3,1,,375,7,0,0,0,1,1,2,size-based,375,.2133333333333333,,,,,0
ANTIQUE,"liquor (e.g, whisky, coconut wine)",LAUA-AN,lipid/lapad,182.5,3,mL,0,3,3,0,this part of the cut came back empty,,,,,,,,,size-based,,,,,,,
ANTIQUE,"liquor (e.g, whisky, coconut wine)",LAUA-AN,lipid/lapad,150,2,mL,0,3,3,0,this part of the cut came back empty,,,,,,,,,size-based,,,,,,,
ANTIQUE,"liquor (e.g, whisky, coconut wine)",LAUA-AN,long-neck,130,1,mL,0,1,1,1,,750,7,0,0,0,1,1,0,size-based,750,.1733333333333333,,,,,0
ANTIQUE,loaf bread,LAUA-AN,large packs,80,1,g,0,1,1,1,,640,3,0,0,0,1,1,0,size-based,640,.125,,,,,0
ANTIQUE,loaf bread,LAUA-AN,medium packs,65,1,g,0,1,1,1,,450,3,0,0,0,1,1,0,size-based,450,.1444444444444444,,,,,0
ANTIQUE,loaf bread,LAUA-AN,small packs,45,1,g,0,1,1,1,,360,1,0,0,0,1,1,0,size-based,360,.125,,,,,0
ANTIQUE,mango,LAUA-AN,pieces or units,90,1,g,0,1,1,1,,205,1,0,0,0,1,1,0,size-based,205,.4390243902439024,,,,,0
ANTIQUE,mango,LAUA-AN,pieces or units,130,,g,0,1,1,0,"unique price, no weighing behind it",,,,,,,,,size-based,,,,,,,
ANTIQUE,"preserved or processed meat (tocino, tapa, longaniza, etc)",LAUA-AN,putos,40.375,1,g,1,1,2,1,,200,3,0,0,0,1,1,0,size-based,200,.201875,,,,,0
ANTIQUE,cabbage,LIBERTAD,pieces or units,35,1,g,0,1,1,1,,765,13,0,0,0,1,1,0,size-based,765,.0457516339869281,,,,,0
ANTIQUE,camote,LIBERTAD,bilog,25,1,g,0,1,1,1,,185,8,0,5,5,1,1,0,size-based,185,.1351351351351351,,,,,.625
ANTIQUE,camote tops,LIBERTAD,bugkos,10,,g,0,,1,1,,350,1,0,1,1,1,,,price-quantity,575.6150980507568,.0173727201281962,municipality_median,1,2024m2,1.644614565859305,1
ANTIQUE,camote tops,LIBERTAD,bugkos,10,,g,0,,1,1,,350,1,0,1,1,1,,,price-quantity,574.6973747801247,.0174004622934391,municipality_median,1,2024m3,1.641992499371785,1
ANTIQUE,camote tops,LIBERTAD,bugkos,10,,g,0,,1,1,,350,1,0,1,1,1,,,price-quantity,553.1808097990911,.0180772720652256,municipality_median,1,2024m6,1.580516599425974,1
ANTIQUE,carrot,LIBERTAD,pieces or units,21.5,1,g,0,2,2,1,,117.5,6,0,0,0,1,2,0,size-based,117.5,.1829787234042553,,,,,0
ANTIQUE,carrot,LIBERTAD,pieces or units,53.125,2,g,0,2,2,1,,190,6,1,1,1,2,2,0,size-based,190,.2796052631578947,,,,,.1666666666666667
ANTIQUE,chicken,LIBERTAD,pieces or units,400,1,g,0,1,1,1,,537.5,8,1,7,7,1,1,0,size-based,537.5,.7441860465116279,,,,,.875
ANTIQUE,chicken,LIBERTAD,whole (chicken),200,1,g,0,1,1,1,,1115,9,0,0,0,1,1,0,size-based,1115,.179372197309417,,,,,0
ANTIQUE,"crackers, cookies, buiscuits, chips/curls",LIBERTAD,pack,68,1,g,0,1,1,1,,300,3,0,0,0,1,1,0,size-based,300,.2266666666666667,,,,,0
ANTIQUE,"crackers, cookies, buiscuits, chips/curls",LIBERTAD,pieces or units,8,,g,0,,1,1,,25,3,0,0,0,1,,,price-quantity,26.87387659279036,.2976868622722714,municipality_median,1,2024m2,1.074955063711614,0
ANTIQUE,"crackers, cookies, buiscuits, chips/curls",LIBERTAD,pieces or units,8,,g,0,,1,1,,25,3,0,0,0,1,,,price-quantity,26.52482850615815,.3016042119986817,municipality_median,1,2024m3,1.060993140246326,0
ANTIQUE,"crackers, cookies, buiscuits, chips/curls",LIBERTAD,pieces or units,8,,g,0,,1,1,,25,3,0,0,0,1,,,price-quantity,26.41133452812226,.3029002563835523,municipality_median,1,2024m6,1.05645338112489,0
ANTIQUE,fresh fish,LIBERTAD,pieces or units,70,1,g,0,1,1,1,,615,7,3,4,5,1,1,0,size-based,615,.1138211382113821,,,,,.7142857142857143
ANTIQUE,"ice cream, sorbet, edible ice (eg., ice-lolli, halo-halo)",LIBERTAD,pieces or units,20,1,g,0,1,1,1,,85,2,0,0,0,1,1,0,size-based,85,.2352941176470588,,,,,0
ANTIQUE,"ice cream, sorbet, edible ice (eg., ice-lolli, halo-halo)",LIBERTAD,small cup,35,1,g,0,1,1,1,,100,3,0,0,0,1,1,0,size-based,100,.35,,,,,0
ANTIQUE,"liquor (e.g, whisky, coconut wine)",LIBERTAD,lipid/lapad,68.75,1,mL,0,2,2,1,,375,4,0,0,0,1,1,1,size-based,375,.1833333333333333,,,,,0
ANTIQUE,"liquor (e.g, whisky, coconut wine)",LIBERTAD,lipid/lapad,128.5,2,mL,0,2,2,0,this part of the cut came back empty,,,,,,,,,size-based,,,,,,,
ANTIQUE,"liquor (e.g, whisky, coconut wine)",LIBERTAD,long-neck,130,1,mL,0,1,1,1,,750,4,0,0,0,1,1,0,size-based,750,.1733333333333333,,,,,0
ANTIQUE,loaf bread,LIBERTAD,large packs,75,1,g,0,1,1,1,,680,1,0,0,0,1,1,0,size-based,680,.1102941176470588,,,,,0
ANTIQUE,loaf bread,LIBERTAD,medium packs,65,1,g,0,1,1,1,,560,2,0,0,0,1,1,0,size-based,560,.1160714285714286,,,,,0
ANTIQUE,loaf bread,LIBERTAD,small packs,50,2,g,1,1,3,1,,400,3,0,0,0,1,1,0,size-based,400,.125,,,,,0
ANTIQUE,"preserved or processed meat (tocino, tapa, longaniza, etc)",LIBERTAD,pieces or units,55,,g,0,,1,1,,65,5,0,1,1,1,,,price-quantity,64.73877832597903,.8495680861176994,unique_mun_price6,1,2024m2,.995981205015062,.2
ANTIQUE,"preserved or processed meat (tocino, tapa, longaniza, etc)",LIBERTAD,pieces or units,55,,g,0,,1,1,,65,5,0,1,1,1,,,price-quantity,62.43862797860576,.880864967418013,unique_mun_price6,1,2024m3,.9605942765939347,.2
ANTIQUE,"preserved or processed meat (tocino, tapa, longaniza, etc)",LIBERTAD,pieces or units,55,,g,0,,1,1,,65,5,0,1,1,1,,,price-quantity,62.72225450233279,.876881745345337,unique_mun_price6,1,2024m6,.9649577615743505,.2
ANTIQUE,"preserved or processed meat (tocino, tapa, longaniza, etc)",LIBERTAD,putos,90,2,g,1,1,3,1,,200,5,0,0,0,1,1,0,size-based,200,.45,,,,,0
ANTIQUE,cabbage,PANDAN,pack,42.5,1,g,1,1,1,1,,270,3,1,2,2,1,1,0,size-based,270,.1574074074074074,,,,,.6666666666666666
ANTIQUE,cabbage,PANDAN,pieces or units,50,1,g,0,1,1,1,,795,13,0,1,1,1,1,0,size-based,795,.0628930817610063,,,,,.0769230769230769
ANTIQUE,camote tops,PANDAN,bugkos,10,,g,0,,1,1,,155,3,0,0,0,1,,,price-quantity,254.9152577081923,.0392287228701204,municipality_median,1,2024m2,1.644614565859305,0
ANTIQUE,camote tops,PANDAN,bugkos,10,,g,0,,1,1,,155,3,0,0,0,1,,,price-quantity,254.5088374026267,.039291366469056,municipality_median,1,2024m3,1.641992499371785,0
ANTIQUE,camote tops,PANDAN,bugkos,10,,g,0,,1,1,,155,3,0,0,0,1,,,price-quantity,244.980072911026,.0408196465988966,municipality_median,1,2024m6,1.580516599425974,0
ANTIQUE,carrot,PANDAN,pieces or units,27.5,1,g,0,1,1,1,,155,13,1,5,5,1,1,0,size-based,155,.1774193548387097,,,,,.3846153846153846
ANTIQUE,chicken,PANDAN,whole (chicken),230,1,g,0,1,1,1,,1297.5,4,0,0,0,1,1,0,size-based,1297.5,.1772639691714836,,,,,0
ANTIQUE,"crackers, cookies, buiscuits, chips/curls",PANDAN,pieces or units,42.5,1,g,0,1,1,1,,30,8,0,0,0,1,1,0,size-based,30,1.416666666666667,,,,,0
ANTIQUE,"crackers, cookies, buiscuits, chips/curls",PANDAN,putos,94,1,g,0,3,3,1,,240,3,0,1,1,1,3,0,size-based,240,.3916666666666667,,,,,.3333333333333333
ANTIQUE,"crackers, cookies, buiscuits, chips/curls",PANDAN,putos,124,2,g,0,3,3,1,,300,5,0,5,5,2,3,0,size-based,300,.4133333333333333,,,,,1
ANTIQUE,"crackers, cookies, buiscuits, chips/curls",PANDAN,putos,150,3,g,0,3,3,1,,450,1,1,1,1,3,3,0,size-based,450,.3333333333333333,,,,,1
ANTIQUE,"ice cream, sorbet, edible ice (eg., ice-lolli, halo-halo)",PANDAN,pieces or units,23.75,1,g,0,2,2,1,,645,1,0,0,0,1,1,1,size-based,645,.0368217054263566,,,,,0
ANTIQUE,"ice cream, sorbet, edible ice (eg., ice-lolli, halo-halo)",PANDAN,pieces or units,61.25,2,g,0,2,2,0,this part of the cut came back empty,,,,,,,,,size-based,,,,,,,
ANTIQUE,"ice cream, sorbet, edible ice (eg., ice-lolli, halo-halo)",PANDAN,putos,45,1,g,1,1,1,1,,52.5,2,0,0,0,1,1,0,size-based,52.5,.8571428571428571,,,,,0
ANTIQUE,"ice cream, sorbet, edible ice (eg., ice-lolli, halo-halo)",PANDAN,small cup,30,1,g,0,1,1,1,,165,2,0,0,0,1,1,0,size-based,165,.1818181818181818,,,,,0
ANTIQUE,"liquor (e.g, whisky, coconut wine)",PANDAN,baso,20,1,mL,0,1,1,1,,750,1,0,0,0,1,1,0,size-based,750,.0266666666666667,,,,,0
ANTIQUE,"liquor (e.g, whisky, coconut wine)",PANDAN,lipid/lapad,80,1,mL,0,1,1,1,,375,6,0,0,0,1,1,0,size-based,375,.2133333333333333,,,,,0
ANTIQUE,"liquor (e.g, whisky, coconut wine)",PANDAN,long-neck,125.625,1,mL,0,2,2,1,,750,4,0,0,0,1,2,0,size-based,750,.1675,,,,,0
ANTIQUE,"liquor (e.g, whisky, coconut wine)",PANDAN,long-neck,195,2,mL,0,2,2,1,,1000,2,0,0,0,2,2,0,size-based,1000,.195,,,,,0
ANTIQUE,loaf bread,PANDAN,small packs,17.5,1,g,0,3,3,1,,400,1,0,0,0,1,1,2,size-based,400,.04375,,,,,0
ANTIQUE,loaf bread,PANDAN,small packs,45,2,g,0,3,3,0,this part of the cut came back empty,,,,,,,,,size-based,,,,,,,
ANTIQUE,loaf bread,PANDAN,small packs,75,3,g,0,3,3,0,this part of the cut came back empty,,,,,,,,,size-based,,,,,,,
ANTIQUE,"preserved or processed meat (tocino, tapa, longaniza, etc)",PANDAN,putos,82.5,2,g,1,1,3,1,,200,5,0,0,0,1,1,0,size-based,200,.4125,,,,,0
ANTIQUE,cabbage,PATNONGON,pieces or units,50,1,g,0,1,1,1,,750,13,0,0,0,1,1,0,size-based,750,.0666666666666667,,,,,0
ANTIQUE,cabbage,PATNONGON,pieces or units,90,,g,0,1,1,0,"unique price, no weighing behind it",,,,,,,,,size-based,,,,,,,
ANTIQUE,cabbage,PATNONGON,pieces or units,156,,g,0,1,1,0,"unique price, no weighing behind it",,,,,,,,,size-based,,,,,,,
ANTIQUE,cabbage,PATNONGON,putos (mix vegetable),20,1,g,1,1,1,1,,225,3,0,2,2,1,1,0,size-based,225,.0888888888888889,,,,,.6666666666666666
ANTIQUE,camote,PATNONGON,bilog,30,1,g,0,1,1,1,,200,14,4,6,8,1,1,0,size-based,200,.15,,,,,.5714285714285714
ANTIQUE,camote,PATNONGON,tumpok,,,g,0,,1,1,,1065,9,0,0,0,1,,,conventional,1065,,,,,,0
ANTIQUE,camote tops,PATNONGON,bugkos,20,1,g,1,1,1,1,,290,9,0,1,1,1,1,0,size-based,290,.0689655172413793,,,,,.1111111111111111
ANTIQUE,carrot,PATNONGON,pieces or units,35,1,g,0,1,1,1,,110,15,0,1,1,1,1,0,size-based,110,.3181818181818182,,,,,.0666666666666667
ANTIQUE,carrot,PATNONGON,putos (mix vegetable),20,1,g,1,1,1,1,,185,4,0,4,4,1,1,0,size-based,185,.1081081081081081,,,,,1
ANTIQUE,chicken,PATNONGON,pieces or units,150,1,g,0,2,2,1,,492.5,2,0,2,2,1,2,0,size-based,492.5,.3045685279187818,,,,,1
ANTIQUE,chicken,PATNONGON,pieces or units,350,2,g,0,2,2,1,,665,2,1,2,2,2,2,0,size-based,665,.5263157894736842,,,,,1
ANTIQUE,chicken,PATNONGON,whole (chicken),200,1,g,0,3,3,1,,1077.5,2,0,0,0,1,3,0,size-based,1077.5,.185614849187935,,,,,0
ANTIQUE,chicken,PATNONGON,whole (chicken),235,2,g,0,3,3,1,,1235,1,0,0,0,2,3,0,size-based,1235,.1902834008097166,,,,,0
ANTIQUE,chicken,PATNONGON,whole (chicken),400,3,g,0,3,3,1,,1335,1,0,0,0,3,3,0,size-based,1335,.299625468164794,,,,,0
ANTIQUE,"crackers, cookies, buiscuits, chips/curls",PATNONGON,pieces or units,32,1,g,0,3,3,1,,26,3,0,0,0,1,3,0,size-based,26,1.230769230769231,,,,,0
ANTIQUE,"crackers, cookies, buiscuits, chips/curls",PATNONGON,pieces or units,70,2,g,0,3,3,1,,31,2,0,0,0,2,3,0,size-based,31,2.258064516129032,,,,,0
ANTIQUE,"crackers, cookies, buiscuits, chips/curls",PATNONGON,pieces or units,100,3,g,0,3,3,1,,36,2,0,0,0,3,3,0,size-based,36,2.777777777777778,,,,,0
ANTIQUE,"crackers, cookies, buiscuits, chips/curls",PATNONGON,putos,120,2,g,1,1,3,1,,300,6,0,5,5,1,1,0,size-based,300,.4,,,,,.8333333333333334
ANTIQUE,fresh fish,PATNONGON,pieces or units,70,1,g,0,1,1,1,,610,7,1,2,3,1,1,0,size-based,610,.1147540983606557,,,,,.4285714285714285
ANTIQUE,fresh fish,PATNONGON,tumpok,300,1,g,1,1,1,1,,525,1,1,1,1,1,1,0,size-based,525,.5714285714285714,,,,,1
ANTIQUE,"ice cream, sorbet, edible ice (eg., ice-lolli, halo-halo)",PATNONGON,putos,45,1,g,1,1,1,1,,60,5,0,0,0,1,1,0,size-based,60,.75,,,,,0
ANTIQUE,"ice cream, sorbet, edible ice (eg., ice-lolli, halo-halo)",PATNONGON,small cup,30,1,g,0,1,1,1,,100,3,0,0,0,1,1,0,size-based,100,.3,,,,,0
ANTIQUE,"liquor (e.g, whisky, coconut wine)",PATNONGON,lipid/lapad,85,1,mL,0,3,3,1,,375,7,0,0,0,1,1,2,size-based,375,.2266666666666667,,,,,0
ANTIQUE,"liquor (e.g, whisky, coconut wine)",PATNONGON,lipid/lapad,165,2,mL,0,3,3,0,this part of the cut came back empty,,,,,,,,,size-based,,,,,,,
ANTIQUE,"liquor (e.g, whisky, coconut wine)",PATNONGON,lipid/lapad,243.75,3,mL,0,3,3,0,this part of the cut came back empty,,,,,,,,,size-based,,,,,,,
ANTIQUE,"liquor (e.g, whisky, coconut wine)",PATNONGON,long-neck,157.5,1,mL,0,2,2,1,,750,6,0,0,0,1,2,0,size-based,750,.21,,,,,0
ANTIQUE,"liquor (e.g, whisky, coconut wine)",PATNONGON,long-neck,230,2,mL,0,2,2,1,,1000,1,0,0,0,2,2,0,size-based,1000,.23,,,,,0
ANTIQUE,loaf bread,PATNONGON,large packs,92.5,1,g,0,1,1,1,,640,3,0,0,0,1,1,0,size-based,640,.14453125,,,,,0
ANTIQUE,loaf bread,PATNONGON,medium packs,62.5,1,g,0,1,1,1,,450,3,0,0,0,1,1,0,size-based,450,.1388888888888889,,,,,0
ANTIQUE,loaf bread,PATNONGON,small packs,57.5,1,g,0,2,2,1,,375,3,0,0,0,1,1,1,size-based,375,.1533333333333333,,,,,0
ANTIQUE,loaf bread,PATNONGON,small packs,205,2,g,0,2,2,0,this part of the cut came back empty,,,,,,,,,size-based,,,,,,,
ANTIQUE,"preserved or processed meat (tocino, tapa, longaniza, etc)",PATNONGON,putos,70,2,g,1,1,3,1,,225,5,0,0,0,1,1,0,size-based,225,.3111111111111111,,,,,0
ANTIQUE,cabbage,SAN REMIGIO,pieces or units,60,1,g,0,2,2,1,,500,5,0,0,0,1,2,0,size-based,500,.12,,,,,0
ANTIQUE,cabbage,SAN REMIGIO,pieces or units,132.5,2,g,0,2,2,1,,970,4,0,0,0,2,2,0,size-based,970,.1365979381443299,,,,,0
ANTIQUE,camote,SAN REMIGIO,bilog,25,1,g,0,1,1,1,,115,13,2,4,4,1,1,0,size-based,115,.2173913043478261,,,,,.3076923076923077
ANTIQUE,camote,SAN REMIGIO,tumpok,,,g,0,,1,1,,1052.5,4,0,0,0,1,,,conventional,1052.5,,,,,,0
ANTIQUE,camote tops,SAN REMIGIO,bugkos,20,1,g,1,1,1,1,,230,6,0,0,0,1,1,0,size-based,230,.0869565217391304,,,,,0
ANTIQUE,carrot,SAN REMIGIO,pieces or units,40,1,g,0,1,1,1,,165,9,1,2,2,1,1,0,size-based,165,.2424242424242424,,,,,.2222222222222222
ANTIQUE,chicken,SAN REMIGIO,bilog,250,1,g,0,1,1,1,,890,4,0,0,0,1,1,0,size-based,890,.2808988764044944,,,,,0
ANTIQUE,chicken,SAN REMIGIO,pieces or units,200,1,g,0,3,3,1,,150,1,0,0,0,1,2,1,size-based,150,1.333333333333333,,,,,0
ANTIQUE,chicken,SAN REMIGIO,pieces or units,250,2,g,0,3,3,1,,335,2,0,1,1,2,2,1,size-based,335,.746268656716418,,,,,.5
ANTIQUE,chicken,SAN REMIGIO,pieces or units,312.5,3,g,0,3,3,0,this part of the cut came back empty,,,,,,,,,size-based,,,,,,,
ANTIQUE,"crackers, cookies, buiscuits, chips/curls",SAN REMIGIO,pieces or units,40,1,g,0,1,1,1,,30,9,0,0,0,1,1,0,size-based,30,1.333333333333333,,,,,0
ANTIQUE,"crackers, cookies, buiscuits, chips/curls",SAN REMIGIO,putos,62.5,1,g,1,1,2,1,,30,9,5,2,5,1,1,0,size-based,30,2.083333333333333,,,,,.5555555555555556
ANTIQUE,"drinks at restaurant, hotel, cafe, or kiosk",SAN REMIGIO,pieces,150,1,mL,0,1,1,1,,355,1,0,0,0,1,1,0,size-based,355,.4225352112676056,,,,,0
ANTIQUE,fresh fish,SAN REMIGIO,pieces or units,180,1,g,0,1,1,1,,195,9,3,4,5,1,1,0,size-based,195,.9230769230769231,,,,,.5555555555555556
ANTIQUE,fresh fish,SAN REMIGIO,pieces or units,400,,g,0,1,1,0,"unique price, no weighing behind it",,,,,,,,,size-based,,,,,,,
ANTIQUE,"ice cream, sorbet, edible ice (eg., ice-lolli, halo-halo)",SAN REMIGIO,pieces or units,10,,g,0,,1,1,,90,3,0,0,0,1,,,price-quantity,87.90507975387027,.1137590686226494,municipality_median,2,2024m1,.9767231083763362,0
ANTIQUE,"ice cream, sorbet, edible ice (eg., ice-lolli, halo-halo)",SAN REMIGIO,pieces or units,10,,g,0,,1,1,,90,3,0,0,0,1,,,price-quantity,87.90507975387027,.1137590686226494,municipality_median,2,2024m3,.9767231083763362,0
ANTIQUE,"ice cream, sorbet, edible ice (eg., ice-lolli, halo-halo)",SAN REMIGIO,pieces or units,10,,g,0,,1,1,,90,3,0,0,0,1,,,price-quantity,88.54439781684052,.1129376928022664,municipality_median,2,2024m5,.983826642409339,0
ANTIQUE,"ice cream, sorbet, edible ice (eg., ice-lolli, halo-halo)",SAN REMIGIO,pieces or units,10,,g,0,,1,1,,90,3,0,0,0,1,,,price-quantity,87.48494826129837,.1143053770819203,municipality_median,2,2024m11,.972054980681093,0
ANTIQUE,"ice cream, sorbet, edible ice (eg., ice-lolli, halo-halo)",SAN REMIGIO,pieces or units,10,,mL,0,,1,1,,100,1,0,0,0,1,,,price-quantity,95.11491216012645,.1051359852297918,municipality_median,1,2024m1,.9511491216012645,0
ANTIQUE,"ice cream, sorbet, edible ice (eg., ice-lolli, halo-halo)",SAN REMIGIO,pieces or units,10,,mL,0,,1,1,,100,1,0,0,0,1,,,price-quantity,95.11491216012645,.1051359852297918,municipality_median,1,2024m3,.9511491216012645,0
ANTIQUE,"ice cream, sorbet, edible ice (eg., ice-lolli, halo-halo)",SAN REMIGIO,pieces or units,10,,mL,0,,1,1,,100,1,0,0,0,1,,,price-quantity,95.80666605617044,.104376870750696,municipality_median,1,2024m5,.9580666605617044,0
ANTIQUE,"ice cream, sorbet, edible ice (eg., ice-lolli, halo-halo)",SAN REMIGIO,pieces or units,10,,mL,0,,1,1,,100,1,0,0,0,1,,,price-quantity,94.66032216232921,.1056408828067519,municipality_median,1,2024m11,.9466032216232921,0
ANTIQUE,"ice cream, sorbet, edible ice (eg., ice-lolli, halo-halo)",SAN REMIGIO,putos,52.5,1,mL,1,1,1,1,,60,1,0,0,0,1,1,0,size-based,60,.875,,,,,0
ANTIQUE,"ice cream, sorbet, edible ice (eg., ice-lolli, halo-halo)",SAN REMIGIO,small cup,29.375,1,mL,0,2,2,1,,100,1,0,0,0,1,1,1,size-based,100,.29375,,,,,0
ANTIQUE,"ice cream, sorbet, edible ice (eg., ice-lolli, halo-halo)",SAN REMIGIO,small cup,87.5,2,mL,0,2,2,0,this part of the cut came back empty,,,,,,,,,size-based,,,,,,,
ANTIQUE,"liquor (e.g, whisky, coconut wine)",SAN REMIGIO,lipid/lapad,83.75,1,mL,0,3,3,1,,375,8,0,0,0,1,1,2,size-based,375,.2233333333333333,,,,,0
ANTIQUE,"liquor (e.g, whisky, coconut wine)",SAN REMIGIO,lipid/lapad,228.75,3,mL,0,3,3,0,this part of the cut came back empty,,,,,,,,,size-based,,,,,,,
ANTIQUE,"liquor (e.g, whisky, coconut wine)",SAN REMIGIO,lipid/lapad,120,2,mL,0,3,3,0,this part of the cut came back empty,,,,,,,,,size-based,,,,,,,
ANTIQUE,"liquor (e.g, whisky, coconut wine)",SAN REMIGIO,long-neck,155,1,mL,0,2,2,1,,750,8,0,0,0,1,1,1,size-based,750,.2066666666666667,,,,,0
ANTIQUE,"liquor (e.g, whisky, coconut wine)",SAN REMIGIO,long-neck,237.5,2,mL,0,2,2,0,this part of the cut came back empty,,,,,,,,,size-based,,,,,,,
ANTIQUE,loaf bread,SAN REMIGIO,large packs,120,1,g,1,1,1,1,,640,3,0,0,0,1,1,0,size-based,640,.1875,,,,,0
ANTIQUE,loaf bread,SAN REMIGIO,medium packs,67.5,1,g,1,1,2,1,,450,4,0,0,0,1,1,0,size-based,450,.15,,,,,0
ANTIQUE,loaf bread,SAN REMIGIO,small packs,25,,g,0,,1,1,,367.5,2,0,0,0,1,,,price-quantity,395.9680683961571,.0631364041581961,province_median,1,2024m1,1.077464131690223,0
ANTIQUE,loaf bread,SAN REMIGIO,small packs,25,,g,0,,1,1,,367.5,2,0,0,0,1,,,price-quantity,389.9149790405249,.0641165416663864,province_median,1,2024m3,1.060993140246326,0
ANTIQUE,loaf bread,SAN REMIGIO,small packs,25,,g,0,,1,1,,367.5,2,0,0,0,1,,,price-quantity,388.4530246176362,.0643578461632732,province_median,1,2024m5,1.05701503297316,0
ANTIQUE,loaf bread,SAN REMIGIO,small packs,25,,g,0,,1,1,,367.5,2,0,0,0,1,,,price-quantity,387.3492242289531,.0645412419497272,province_median,1,2024m11,1.054011494500553,0
ANTIQUE,mango,SAN REMIGIO,pieces or units,100,1,g,0,1,1,1,,245,7,0,0,0,1,1,0,size-based,245,.4081632653061225,,,,,0
ANTIQUE,"preserved or processed meat (tocino, tapa, longaniza, etc)",SAN REMIGIO,bilog,15,,g,0,,1,1,,62.5,2,1,2,2,1,,,price-quantity,63.48190025087368,.2362878228396063,province_median,1,2024m1,1.015710404013979,1
ANTIQUE,"preserved or processed meat (tocino, tapa, longaniza, etc)",SAN REMIGIO,bilog,15,,g,0,,1,1,,62.5,2,1,2,2,1,,,price-quantity,60.03714228712092,.2498453362131092,province_median,1,2024m3,.9605942765939347,1
ANTIQUE,"preserved or processed meat (tocino, tapa, longaniza, etc)",SAN REMIGIO,bilog,15,,g,0,,1,1,,62.5,2,1,2,2,1,,,price-quantity,60.7037847077638,.2471015616606447,province_median,1,2024m5,.9712605553242208,1
ANTIQUE,"preserved or processed meat (tocino, tapa, longaniza, etc)",SAN REMIGIO,bilog,15,,g,0,,1,1,,62.5,2,1,2,2,1,,,price-quantity,61.50727620022843,.2438735858042156,province_median,1,2024m11,.9841164192036549,1
ANTIQUE,"preserved or processed meat (tocino, tapa, longaniza, etc)",SAN REMIGIO,putos,70,2,g,1,1,3,1,,250,4,0,1,1,1,1,0,size-based,250,.28,,,,,.25
ANTIQUE,cabbage,SEBASTE,pieces or units,50,1,g,0,1,1,1,,735,17,0,2,2,1,1,0,size-based,735,.0680272108843537,,,,,.1176470588235294
ANTIQUE,camote tops,SEBASTE,bugkos,20,1,g,1,1,1,1,,230,3,0,0,0,1,1,0,size-based,230,.0869565217391304,,,,,0
ANTIQUE,carrot,SEBASTE,pieces or units,35,1,g,0,1,1,1,,115,15,0,2,2,1,1,0,size-based,115,.3043478260869565,,,,,.1333333333333333
ANTIQUE,chicken,SEBASTE,whole (chicken),250,1,g,0,1,1,1,,920,1,0,0,0,1,1,0,size-based,920,.2717391304347826,,,,,0
ANTIQUE,chicken,SEBASTE,whole (chicken),290,,g,0,1,1,0,"unique price, no weighing behind it",,,,,,,,,size-based,,,,,,,
ANTIQUE,"crackers, cookies, buiscuits, chips/curls",SEBASTE,pieces or units,48,1,g,1,1,1,1,,31,7,0,1,1,1,1,0,size-based,31,1.548387096774194,,,,,.1428571428571428
ANTIQUE,"crackers, cookies, buiscuits, chips/curls",SEBASTE,putos,80.875,1,g,0,2,2,1,,26,7,5,2,6,1,2,0,size-based,26,3.110576923076923,,,,,.8571428571428571
ANTIQUE,"crackers, cookies, buiscuits, chips/curls",SEBASTE,putos,180,2,g,0,2,2,1,,88,6,0,0,0,2,2,0,size-based,88,2.045454545454545,,,,,0
ANTIQUE,"drinks at restaurant, hotel, cafe, or kiosk",SEBASTE,pieces,60,1,g,0,1,1,1,,250,1,0,0,0,1,1,0,size-based,250,.24,,,,,0
ANTIQUE,"drinks at restaurant, hotel, cafe, or kiosk",SEBASTE,pieces,60,1,mL,0,1,1,1,,320,12,0,2,2,1,1,0,size-based,320,.1875,,,,,.1666666666666667
ANTIQUE,fresh fish,SEBASTE,pieces or units,180,1,g,0,1,1,1,,275,3,1,1,2,1,1,0,size-based,275,.6545454545454545,,,,,.6666666666666666
ANTIQUE,fresh fish,SEBASTE,pieces or units,50,,g,0,1,1,0,"unique price, no weighing behind it",,,,,,,,,size-based,,,,,,,
ANTIQUE,"ice cream, sorbet, edible ice (eg., ice-lolli, halo-halo)",SEBASTE,pieces or units,15,,mL,0,,1,1,,100,3,0,0,0,1,,,price-quantity,95.11491216012645,.1577039778446877,municipality_median,1,2024m2,.9511491216012645,0
ANTIQUE,"ice cream, sorbet, edible ice (eg., ice-lolli, halo-halo)",SEBASTE,pieces or units,15,,mL,0,,1,1,,100,3,0,0,0,1,,,price-quantity,95.11491216012645,.1577039778446877,municipality_median,1,2024m3,.9511491216012645,0
ANTIQUE,"ice cream, sorbet, edible ice (eg., ice-lolli, halo-halo)",SEBASTE,pieces or units,15,,mL,0,,1,1,,100,3,0,0,0,1,,,price-quantity,95.11491216012645,.1577039778446877,municipality_median,1,2024m6,.9511491216012645,0
ANTIQUE,"ice cream, sorbet, edible ice (eg., ice-lolli, halo-halo)",SEBASTE,putos,45,1,mL,1,1,1,1,,60,4,0,0,0,1,1,0,size-based,60,.75,,,,,0
ANTIQUE,"ice cream, sorbet, edible ice (eg., ice-lolli, halo-halo)",SEBASTE,small cup,30,1,mL,0,1,1,1,,110,4,0,0,0,1,1,0,size-based,110,.2727272727272727,,,,,0
ANTIQUE,"liquor (e.g, whisky, coconut wine)",SEBASTE,lipid/lapad,72.5,1,mL,0,3,3,1,,375,5,0,0,0,1,1,2,size-based,375,.1933333333333333,,,,,0
ANTIQUE,"liquor (e.g, whisky, coconut wine)",SEBASTE,lipid/lapad,205,3,mL,0,3,3,0,this part of the cut came back empty,,,,,,,,,size-based,,,,,,,
ANTIQUE,"liquor (e.g, whisky, coconut wine)",SEBASTE,lipid/lapad,140,2,mL,0,3,3,0,this part of the cut came back empty,,,,,,,,,size-based,,,,,,,
ANTIQUE,"liquor (e.g, whisky, coconut wine)",SEBASTE,long-neck,140,,mL,0,,1,1,,750,3,0,0,0,1,,,price-quantity,888.1039775491298,.1576391993945948,municipality_median,1,2024m2,1.184138636732173,0
ANTIQUE,"liquor (e.g, whisky, coconut wine)",SEBASTE,long-neck,140,,mL,0,,1,1,,750,3,0,0,0,1,,,price-quantity,884.1092903001952,.158351463485316,municipality_median,1,2024m3,1.178812387066927,0
ANTIQUE,"liquor (e.g, whisky, coconut wine)",SEBASTE,long-neck,140,,mL,0,,1,1,,750,3,0,0,0,1,,,price-quantity,883.2674492429895,.1585023880592316,municipality_median,1,2024m6,1.177689932323986,0
ANTIQUE,loaf bread,SEBASTE,large packs,160,2,g,1,1,3,1,,640,3,0,0,0,1,1,0,size-based,640,.25,,,,,0
ANTIQUE,loaf bread,SEBASTE,medium packs,70,1,g,0,1,1,1,,460,4,0,0,0,1,1,0,size-based,460,.1521739130434783,,,,,0
ANTIQUE,loaf bread,SEBASTE,small packs,27.5,1,g,0,3,3,1,,360,1,0,0,0,1,2,1,size-based,360,.0763888888888889,,,,,0
ANTIQUE,loaf bread,SEBASTE,small packs,50,2,g,0,3,3,1,,387.5,2,0,0,0,2,2,1,size-based,387.5,.1290322580645161,,,,,0
ANTIQUE,loaf bread,SEBASTE,small packs,87.5,3,g,0,3,3,0,this part of the cut came back empty,,,,,,,,,size-based,,,,,,,
ANTIQUE,"preserved or processed meat (tocino, tapa, longaniza, etc)",SEBASTE,bilog,45,1,g,0,1,1,1,,235,2,0,0,0,1,1,0,size-based,235,.1914893617021277,,,,,0
ANTIQUE,"preserved or processed meat (tocino, tapa, longaniza, etc)",SEBASTE,cans,121.5,2,g,1,1,3,1,,155,5,0,1,1,1,1,0,size-based,155,.7838709677419354,,,,,.2
ANTIQUE,"preserved or processed meat (tocino, tapa, longaniza, etc)",SEBASTE,putos,56,,g,0,,2,1,,250,4,0,0,0,1,,,price-quantity,248.9953012537655,.2249038424340673,mp50_price,1,2024m2,.995981205015062,0
ANTIQUE,"preserved or processed meat (tocino, tapa, longaniza, etc)",SEBASTE,putos,56,,g,0,,2,1,,250,4,0,0,0,1,,,price-quantity,240.1485691484837,.2331889804655685,mp50_price,1,2024m3,.9605942765939347,0
ANTIQUE,"preserved or processed meat (tocino, tapa, longaniza, etc)",SEBASTE,putos,56,,g,0,,2,1,,250,4,0,0,0,1,,,price-quantity,241.2394403935876,.232134512949602,mp50_price,1,2024m6,.9649577615743505,0
ANTIQUE,"preserved or processed meat (tocino, tapa, longaniza, etc)",SEBASTE,putos,100,,g,0,,2,1,,750,4,2,2,2,2,,,price-quantity,746.9859037612965,.1338713347821829,mp75_price,1,2024m2,.995981205015062,.5
ANTIQUE,"preserved or processed meat (tocino, tapa, longaniza, etc)",SEBASTE,putos,100,,g,0,,2,1,,750,4,2,2,2,2,,,price-quantity,720.445707445451,.1388029645628384,mp75_price,1,2024m3,.9605942765939347,.5
ANTIQUE,"preserved or processed meat (tocino, tapa, longaniza, etc)",SEBASTE,putos,100,,g,0,,2,1,,750,4,2,2,2,2,,,price-quantity,723.7183211807629,.138175305327144,mp75_price,1,2024m6,.9649577615743505,.5
ANTIQUE,cabbage,SIBALOM,pieces or units,50,1,g,0,1,1,1,,627.5,10,0,0,0,1,1,0,size-based,627.5,.0796812749003984,,,,,0
ANTIQUE,camote,SIBALOM,tumpok,,,g,0,,1,1,,1070,4,0,0,0,1,,,conventional,1070,,,,,,0
ANTIQUE,camote tops,SIBALOM,bugkos,20,1,g,1,1,1,1,,227.5,4,0,0,0,1,1,0,size-based,227.5,.0879120879120879,,,,,0
ANTIQUE,carrot,SIBALOM,pieces or units,40,1,g,0,1,1,1,,160,10,0,1,1,1,1,0,size-based,160,.25,,,,,.1
ANTIQUE,chicken,SIBALOM,bilog,237.5,1,g,0,2,2,1,,1197.5,4,0,0,0,1,2,0,size-based,1197.5,.1983298538622129,,,,,0
ANTIQUE,chicken,SIBALOM,bilog,306.25,2,g,0,2,2,1,,1425,3,0,0,0,2,2,0,size-based,1425,.2149122807017544,,,,,0
ANTIQUE,chicken,SIBALOM,pieces or units,250,1,g,0,2,2,1,,220,4,0,0,0,1,2,0,size-based,220,1.136363636363636,,,,,0
ANTIQUE,chicken,SIBALOM,pieces or units,300,2,g,0,2,2,1,,432.5,4,0,2,2,2,2,0,size-based,432.5,.6936416184971098,,,,,.5
ANTIQUE,"crackers, cookies, buiscuits, chips/curls",SIBALOM,pieces or units,42.5,1,g,0,1,1,1,,32.5,12,0,1,1,1,1,0,size-based,32.5,1.307692307692308,,,,,.0833333333333333
ANTIQUE,"crackers, cookies, buiscuits, chips/curls",SIBALOM,putos,73,1,g,0,3,3,1,,50,7,3,2,4,1,3,0,size-based,50,1.46,,,,,.5714285714285714
ANTIQUE,"crackers, cookies, buiscuits, chips/curls",SIBALOM,putos,100,2,g,0,3,3,1,,80,7,0,0,0,2,3,0,size-based,80,1.25,,,,,0
ANTIQUE,"crackers, cookies, buiscuits, chips/curls",SIBALOM,putos,146,3,g,0,3,3,1,,185,4,0,0,0,3,3,0,size-based,185,.7891891891891892,,,,,0
ANTIQUE,fresh fish,SIBALOM,pieces or units,70,1,g,0,1,1,1,,150,9,0,3,3,1,1,0,size-based,150,.4666666666666667,,,,,.3333333333333333
ANTIQUE,fresh fish,SIBALOM,pieces or units,200,,g,0,1,1,0,"unique price, no weighing behind it",,,,,,,,,size-based,,,,,,,
ANTIQUE,"ice cream, sorbet, edible ice (eg., ice-lolli, halo-halo)",SIBALOM,pieces or units,30,1,mL,0,1,1,1,,87.5,6,0,0,0,1,1,0,size-based,87.5,.3428571428571429,,,,,0
ANTIQUE,"ice cream, sorbet, edible ice (eg., ice-lolli, halo-halo)",SIBALOM,putos,88.5,2,mL,1,1,3,1,,65,3,0,0,0,1,1,0,size-based,65,1.361538461538462,,,,,0
ANTIQUE,"ice cream, sorbet, edible ice (eg., ice-lolli, halo-halo)",SIBALOM,small cup,35,1,mL,0,1,1,1,,100,5,0,0,0,1,1,0,size-based,100,.35,,,,,0
ANTIQUE,"liquor (e.g, whisky, coconut wine)",SIBALOM,lipid/lapad,80,1,mL,0,2,2,1,,375,9,0,0,0,1,1,1,size-based,375,.2133333333333333,,,,,0
ANTIQUE,"liquor (e.g, whisky, coconut wine)",SIBALOM,lipid/lapad,157.5,2,mL,0,2,2,0,this part of the cut came back empty,,,,,,,,,size-based,,,,,,,
ANTIQUE,"liquor (e.g, whisky, coconut wine)",SIBALOM,long-neck,312,1,mL,0,2,2,1,,750,8,0,0,0,1,2,0,size-based,750,.416,,,,,0
ANTIQUE,"liquor (e.g, whisky, coconut wine)",SIBALOM,long-neck,442.5,2,mL,0,2,2,1,,1000,1,0,0,0,2,2,0,size-based,1000,.4425,,,,,0
ANTIQUE,loaf bread,SIBALOM,large packs,71,,g,0,,1,1,,640,6,0,0,0,1,,,price-quantity,689.5770442817429,.1029616640936082,municipality_median,2,2024m1,1.077464131690223,0
ANTIQUE,loaf bread,SIBALOM,large packs,71,,g,0,,1,1,,640,6,0,0,0,1,,,price-quantity,687.9712407754332,.1032019883854066,municipality_median,2,2024m2,1.074955063711614,0
ANTIQUE,loaf bread,SIBALOM,large packs,71,,g,0,,1,1,,640,6,0,0,0,1,,,price-quantity,679.0356097576488,.1045600539643867,municipality_median,2,2024m3,1.060993140246326,0
ANTIQUE,loaf bread,SIBALOM,large packs,71,,g,0,,1,1,,640,6,0,0,0,1,,,price-quantity,676.5974026444287,.1049368497758076,municipality_median,2,2024m4,1.05718344163192,0
ANTIQUE,loaf bread,SIBALOM,large packs,71,,g,0,,1,1,,640,6,0,0,0,1,,,price-quantity,676.4896211028223,.1049535688134503,municipality_median,2,2024m5,1.05701503297316,0
ANTIQUE,loaf bread,SIBALOM,large packs,71,,g,0,,1,1,,640,6,0,0,0,1,,,price-quantity,674.5673564803537,.1052526472233286,municipality_median,2,2024m11,1.054011494500553,0
ANTIQUE,loaf bread,SIBALOM,medium packs,61.25,1,g,0,3,3,1,,450,6,0,0,0,1,2,1,size-based,450,.1361111111111111,,,,,0
ANTIQUE,loaf bread,SIBALOM,medium packs,120,3,g,0,3,3,1,,500,1,0,0,0,3,2,1,size-based,500,.24,,,,,0
ANTIQUE,loaf bread,SIBALOM,medium packs,85,2,g,0,3,3,0,this part of the cut came back empty,,,,,,,,,size-based,,,,,,,
ANTIQUE,loaf bread,SIBALOM,small packs,50,1,g,0,1,1,1,,360,6,0,0,0,1,1,0,size-based,360,.1388888888888889,,,,,0
ANTIQUE,mango,SIBALOM,pieces or units,80,1,g,0,1,1,1,,245,13,0,0,0,1,1,0,size-based,245,.3265306122448979,,,,,0
ANTIQUE,"prawns, lobster, shrimp",SIBALOM,tumpok,100,1,g,1,1,1,1,,205,3,0,0,0,1,1,0,size-based,205,.4878048780487805,,,,,0
ANTIQUE,"preserved or processed meat (tocino, tapa, longaniza, etc)",SIBALOM,bilog,55,1,g,0,1,1,1,,250,5,0,0,0,1,1,0,size-based,250,.22,,,,,0
ANTIQUE,"preserved or processed meat (tocino, tapa, longaniza, etc)",SIBALOM,putos,70,2,g,1,1,3,1,,250,8,0,3,3,1,1,0,size-based,250,.28,,,,,.375
ANTIQUE,cabbage,TIBIAO,pieces or units,50,1,g,0,1,1,1,,725,16,0,0,0,1,1,0,size-based,725,.0689655172413793,,,,,0
ANTIQUE,cabbage,TIBIAO,pieces or units,80,,g,0,1,1,0,"unique price, no weighing behind it",,,,,,,,,size-based,,,,,,,
ANTIQUE,camote,TIBIAO,bilog,25,1,g,0,1,1,1,,85,9,0,3,3,1,1,0,size-based,85,.2941176470588235,,,,,.3333333333333333
ANTIQUE,camote tops,TIBIAO,bugkos,20,1,g,1,1,1,1,,142.5,6,0,0,0,1,1,0,size-based,142.5,.1403508771929824,,,,,0
ANTIQUE,carrot,TIBIAO,pieces or units,32.5,1,g,0,1,1,1,,190,11,1,3,3,1,1,0,size-based,190,.1710526315789474,,,,,.2727272727272727
ANTIQUE,chicken,TIBIAO,pieces or units,252.5,1,g,0,1,1,1,,547.5,2,0,2,2,1,1,0,size-based,547.5,.4611872146118721,,,,,1
ANTIQUE,chicken,TIBIAO,whole (chicken),250,1,g,0,1,1,1,,877.5,2,0,0,0,1,1,0,size-based,877.5,.2849002849002849,,,,,0
ANTIQUE,chicken,TIBIAO,whole (chicken),180,,g,0,1,1,0,"unique price, no weighing behind it",,,,,,,,,size-based,,,,,,,
ANTIQUE,"crackers, cookies, buiscuits, chips/curls",TIBIAO,pieces or units,56,1,g,0,3,3,1,,25.5,2,0,0,0,1,2,1,size-based,25.5,2.196078431372549,,,,,0
ANTIQUE,"crackers, cookies, buiscuits, chips/curls",TIBIAO,pieces or units,90,2,g,0,3,3,1,,44,4,0,0,0,2,2,1,size-based,44,2.045454545454545,,,,,0
ANTIQUE,"crackers, cookies, buiscuits, chips/curls",TIBIAO,pieces or units,112,3,g,0,3,3,0,this part of the cut came back empty,,,,,,,,,size-based,,,,,,,
ANTIQUE,"crackers, cookies, buiscuits, chips/curls",TIBIAO,putos,109,1,g,0,2,2,1,,290,4,0,3,3,1,2,0,size-based,290,.3758620689655172,,,,,.75
ANTIQUE,"crackers, cookies, buiscuits, chips/curls",TIBIAO,putos,146.5,2,g,0,2,2,1,,325,2,0,2,2,2,2,0,size-based,325,.4507692307692308,,,,,1
ANTIQUE,"ice cream, sorbet, edible ice (eg., ice-lolli, halo-halo)",TIBIAO,pieces or units,30,1,g,0,1,1,1,,95,1,0,0,0,1,1,0,size-based,95,.3157894736842105,,,,,0
ANTIQUE,"ice cream, sorbet, edible ice (eg., ice-lolli, halo-halo)",TIBIAO,small cup,35,1,g,0,1,1,1,,100,3,0,0,0,1,1,0,size-based,100,.35,,,,,0
ANTIQUE,"ice cream, sorbet, edible ice (eg., ice-lolli, halo-halo)",TIBIAO,small cup,10,,g,0,1,1,0,"unique price, no weighing behind it",,,,,,,,,size-based,,,,,,,
ANTIQUE,"liquor (e.g, whisky, coconut wine)",TIBIAO,lipid/lapad,78.75,1,mL,0,3,3,1,,375,6,0,0,0,1,1,2,size-based,375,.21,,,,,0
ANTIQUE,"liquor (e.g, whisky, coconut wine)",TIBIAO,lipid/lapad,115,2,mL,0,3,3,0,this part of the cut came back empty,,,,,,,,,size-based,,,,,,,
ANTIQUE,"liquor (e.g, whisky, coconut wine)",TIBIAO,lipid/lapad,225,3,mL,0,3,3,0,this part of the cut came back empty,,,,,,,,,size-based,,,,,,,
ANTIQUE,"liquor (e.g, whisky, coconut wine)",TIBIAO,long-neck,157.5,1,mL,0,1,1,1,,750,6,0,0,0,1,1,0,size-based,750,.21,,,,,0
ANTIQUE,"liquor (e.g, whisky, coconut wine)",TIBIAO,long-neck,300,,mL,0,1,1,0,"unique price, no weighing behind it",,,,,,,,,size-based,,,,,,,
ANTIQUE,"liquor (e.g, whisky, coconut wine)",TIBIAO,long-neck,240,,mL,0,1,1,0,"unique price, no weighing behind it",,,,,,,,,size-based,,,,,,,
ANTIQUE,loaf bread,TIBIAO,large packs,82.5,1,g,0,1,1,1,,680,3,0,0,0,1,1,0,size-based,680,.1213235294117647,,,,,0
ANTIQUE,loaf bread,TIBIAO,large packs,290,,g,0,1,1,0,"unique price, no weighing behind it",,,,,,,,,size-based,,,,,,,
ANTIQUE,loaf bread,TIBIAO,medium packs,62.5,1,g,0,1,1,1,,500,3,0,0,0,1,1,0,size-based,500,.125,,,,,0
ANTIQUE,loaf bread,TIBIAO,small packs,55,1,g,1,1,1,1,,387.5,4,0,0,0,1,1,0,size-based,387.5,.1419354838709677,,,,,0
ANTIQUE,"preserved or processed meat (tocino, tapa, longaniza, etc)",TIBIAO,putos,52.5,1,g,1,1,2,1,,210,4,0,0,0,1,1,0,size-based,210,.25,,,,,0
ANTIQUE,cabbage,TOBIAS FORNIER,pieces or units,50,1,g,0,1,1,1,,560,20,0,0,0,1,1,0,size-based,560,.0892857142857143,,,,,0
ANTIQUE,camote,TOBIAS FORNIER,bilog,25,1,g,0,1,1,1,,85,13,0,1,1,1,1,0,size-based,85,.2941176470588235,,,,,.0769230769230769
ANTIQUE,camote tops,TOBIAS FORNIER,bugkos,20,1,g,1,1,1,1,,190,5,0,0,0,1,1,0,size-based,190,.1052631578947368,,,,,0
ANTIQUE,camote tops,TOBIAS FORNIER,bundle,20,1,g,1,1,1,1,,645,3,1,3,3,1,1,0,size-based,645,.0310077519379845,,,,,1
ANTIQUE,carrot,TOBIAS FORNIER,pieces or units,40,1,g,0,1,1,1,,115,15,0,0,0,1,1,0,size-based,115,.3478260869565217,,,,,0
ANTIQUE,chicken,TOBIAS FORNIER,pieces or units,200,1,g,0,3,3,1,,150,1,0,0,0,1,2,1,size-based,150,1.333333333333333,,,,,0
ANTIQUE,chicken,TOBIAS FORNIER,pieces or units,250,2,g,0,3,3,1,,220,1,0,0,0,2,2,1,size-based,220,1.136363636363636,,,,,0
ANTIQUE,chicken,TOBIAS FORNIER,pieces or units,352.5,3,g,0,3,3,0,this part of the cut came back empty,,,,,,,,,size-based,,,,,,,
ANTIQUE,chicken,TOBIAS FORNIER,whole (chicken),200,1,g,0,2,2,1,,785,5,0,0,0,1,2,0,size-based,785,.2547770700636943,,,,,0
ANTIQUE,chicken,TOBIAS FORNIER,whole (chicken),250,2,g,0,2,2,1,,1300,5,0,0,0,2,2,0,size-based,1300,.1923076923076923,,,,,0
ANTIQUE,"crackers, cookies, buiscuits, chips/curls",TOBIAS FORNIER,putos,61.5,1,g,1,1,1,1,,365,8,4,5,6,1,1,0,size-based,365,.1684931506849315,,,,,.75
ANTIQUE,fresh fish,TOBIAS FORNIER,pieces or units,180,1,g,0,1,1,1,,1450,7,3,2,5,1,1,0,size-based,1450,.1241379310344828,,,,,.7142857142857143
ANTIQUE,fresh fish,TOBIAS FORNIER,pieces or units,210,,g,0,1,1,0,"unique price, no weighing behind it",,,,,,,,,size-based,,,,,,,
ANTIQUE,"ice cream, sorbet, edible ice (eg., ice-lolli, halo-halo)",TOBIAS FORNIER,putos,45,1,mL,1,1,1,1,,500,5,0,0,0,1,1,0,size-based,500,.09,,,,,0
ANTIQUE,"ice cream, sorbet, edible ice (eg., ice-lolli, halo-halo)",TOBIAS FORNIER,small cup,17.5,1,mL,0,1,1,1,,100,4,0,0,0,1,1,0,size-based,100,.175,,,,,0
ANTIQUE,"liquor (e.g, whisky, coconut wine)",TOBIAS FORNIER,lipid/lapad,80,1,mL,0,2,2,1,,375,8,0,0,0,1,1,1,size-based,375,.2133333333333333,,,,,0
ANTIQUE,"liquor (e.g, whisky, coconut wine)",TOBIAS FORNIER,lipid/lapad,160,2,mL,0,2,2,0,this part of the cut came back empty,,,,,,,,,size-based,,,,,,,
ANTIQUE,"liquor (e.g, whisky, coconut wine)",TOBIAS FORNIER,long-neck,155,1,mL,0,2,2,1,,750,8,0,0,0,1,2,0,size-based,750,.2066666666666667,,,,,0
ANTIQUE,"liquor (e.g, whisky, coconut wine)",TOBIAS FORNIER,long-neck,285,2,mL,0,2,2,1,,1000,2,0,0,0,2,2,0,size-based,1000,.285,,,,,0
ANTIQUE,loaf bread,TOBIAS FORNIER,large packs,130,1,g,0,1,1,1,,640,3,0,0,0,1,1,0,size-based,640,.203125,,,,,0
ANTIQUE,loaf bread,TOBIAS FORNIER,medium packs,67.5,,g,0,,1,1,,450,4,0,0,0,1,,,price-quantity,485.9258730581611,.138910076088747,municipality_median,1,2023m12,1.07983527346258,0
ANTIQUE,loaf bread,TOBIAS FORNIER,medium packs,67.5,,g,0,,1,1,,450,4,0,0,0,1,,,price-quantity,484.8588592606005,.1392157711688223,municipality_median,1,2024m1,1.077464131690223,0
ANTIQUE,loaf bread,TOBIAS FORNIER,medium packs,67.5,,g,0,,1,1,,450,4,0,0,0,1,,,price-quantity,475.7325487343639,.1418864447672891,municipality_median,1,2024m4,1.05718344163192,0
ANTIQUE,loaf bread,TOBIAS FORNIER,medium packs,67.5,,g,0,,1,1,,450,4,0,0,0,1,,,price-quantity,475.6567648379219,.1419090507900173,municipality_median,1,2024m5,1.05701503297316,0
ANTIQUE,loaf bread,TOBIAS FORNIER,medium packs,67.5,,g,0,,1,1,,450,4,0,0,0,1,,,price-quantity,474.3051725252487,.1423134384991485,municipality_median,1,2024m11,1.054011494500553,0
ANTIQUE,loaf bread,TOBIAS FORNIER,small packs,50,,g,0,,1,1,,360,1,0,0,0,1,,,price-quantity,388.7406984465289,.1286204408229139,municipality_median,1,2023m12,1.07983527346258,0
ANTIQUE,loaf bread,TOBIAS FORNIER,small packs,50,,g,0,,1,1,,360,1,0,0,0,1,,,price-quantity,387.8870874084804,.1289034918229837,municipality_median,1,2024m1,1.077464131690223,0
ANTIQUE,loaf bread,TOBIAS FORNIER,small packs,50,,g,0,,1,1,,360,1,0,0,0,1,,,price-quantity,380.5860389874912,.1313763377474899,municipality_median,1,2024m4,1.05718344163192,0
ANTIQUE,loaf bread,TOBIAS FORNIER,small packs,50,,g,0,,1,1,,360,1,0,0,0,1,,,price-quantity,380.5254118703375,.1313972692500161,municipality_median,1,2024m5,1.05701503297316,0
ANTIQUE,loaf bread,TOBIAS FORNIER,small packs,50,,g,0,,1,1,,360,1,0,0,0,1,,,price-quantity,379.444138020199,.1317717023140264,municipality_median,1,2024m11,1.054011494500553,0
ANTIQUE,mango,TOBIAS FORNIER,pieces or units,100,1,g,0,1,1,1,,205,6,0,0,0,1,1,0,size-based,205,.4878048780487805,,,,,0
ANTIQUE,mango,TOBIAS FORNIER,pieces or units,60,,g,0,1,1,0,"unique price, no weighing behind it",,,,,,,,,size-based,,,,,,,
ANTIQUE,"preserved or processed meat (tocino, tapa, longaniza, etc)",TOBIAS FORNIER,cans,93,1,g,0,1,1,1,,155,13,0,1,1,1,1,0,size-based,155,.6,,,,,.0769230769230769
ANTIQUE,"preserved or processed meat (tocino, tapa, longaniza, etc)",TOBIAS FORNIER,cans,54,,g,0,1,1,0,"unique price, no weighing behind it",,,,,,,,,size-based,,,,,,,
ANTIQUE,"preserved or processed meat (tocino, tapa, longaniza, etc)",TOBIAS FORNIER,pack,50,,g,0,,1,1,,255,2,0,0,0,1,,,price-quantity,258.6527806487754,.1933093465091914,province_median,1,2023m12,1.014324629995198,0
ANTIQUE,"preserved or processed meat (tocino, tapa, longaniza, etc)",TOBIAS FORNIER,pack,50,,g,0,,1,1,,255,2,0,0,0,1,,,price-quantity,259.0061530235646,.1930456068951032,province_median,1,2024m1,1.015710404013979,0
ANTIQUE,"preserved or processed meat (tocino, tapa, longaniza, etc)",TOBIAS FORNIER,pack,50,,g,0,,1,1,,255,2,0,0,0,1,,,price-quantity,243.8488695935804,.2050450349978424,province_median,1,2024m4,.9562700768375704,0
ANTIQUE,"preserved or processed meat (tocino, tapa, longaniza, etc)",TOBIAS FORNIER,pack,50,,g,0,,1,1,,255,2,0,0,0,1,,,price-quantity,247.6714416076763,.2018803608338601,province_median,1,2024m5,.9712605553242208,0
ANTIQUE,"preserved or processed meat (tocino, tapa, longaniza, etc)",TOBIAS FORNIER,pack,50,,g,0,,1,1,,255,2,0,0,0,1,,,price-quantity,250.949686896932,.1992431256570389,province_median,1,2024m11,.9841164192036549,0
ANTIQUE,"preserved or processed meat (tocino, tapa, longaniza, etc)",TOBIAS FORNIER,putos,80,2,g,1,1,3,1,,630,4,0,2,2,1,1,0,size-based,630,.126984126984127,,,,,.5
ANTIQUE,rice,TOBIAS FORNIER,gantang,,,g,0,,1,1,,2255,3,0,0,0,1,,,conventional,2255,,,,,,0
ANTIQUE,cabbage,VALDERRAMA,pieces or units,50,1,g,0,1,1,1,,595,21,0,2,2,1,1,0,size-based,595,.0840336134453782,,,,,.0952380952380952
ANTIQUE,camote tops,VALDERRAMA,bugkos,20,1,g,1,1,1,1,,210,3,0,0,0,1,1,0,size-based,210,.0952380952380952,,,,,0
ANTIQUE,camote tops,VALDERRAMA,bundle,20,1,g,1,1,1,1,,1110,1,1,0,1,1,1,0,size-based,1110,.018018018018018,,,,,1
ANTIQUE,carrot,VALDERRAMA,pieces or units,40,1,g,0,1,1,1,,110,11,0,2,2,1,1,0,size-based,110,.3636363636363636,,,,,.1818181818181818
ANTIQUE,chicken,VALDERRAMA,pieces or units,260,1,g,0,2,2,1,,200,2,0,0,0,1,2,0,size-based,200,1.3,,,,,0
ANTIQUE,chicken,VALDERRAMA,pieces or units,400,2,g,0,2,2,1,,327.5,2,0,0,0,2,2,0,size-based,327.5,1.221374045801527,,,,,0
ANTIQUE,chicken,VALDERRAMA,whole (chicken),250,1,g,0,1,1,1,,1147.5,6,0,0,0,1,1,0,size-based,1147.5,.2178649237472767,,,,,0
ANTIQUE,"crackers, cookies, buiscuits, chips/curls",VALDERRAMA,pieces or units,70,1,g,0,1,1,1,,40,12,2,3,3,1,1,0,size-based,40,1.75,,,,,.25
ANTIQUE,"crackers, cookies, buiscuits, chips/curls",VALDERRAMA,putos,135,2,g,1,1,2,1,,290,6,1,4,4,1,1,0,size-based,290,.4655172413793103,,,,,.6666666666666666
ANTIQUE,"ice cream, sorbet, edible ice (eg., ice-lolli, halo-halo)",VALDERRAMA,pieces or units,7.5,,mL,0,,1,1,,112.5,4,0,0,0,1,,,price-quantity,107.0042761801423,.0700906568198612,municipality_median,1,2024m2,.9511491216012645,0
ANTIQUE,"ice cream, sorbet, edible ice (eg., ice-lolli, halo-halo)",VALDERRAMA,pieces or units,7.5,,mL,0,,1,1,,112.5,4,0,0,0,1,,,price-quantity,107.7824993131917,.069584580500464,municipality_median,1,2024m5,.9580666605617044,0
ANTIQUE,"ice cream, sorbet, edible ice (eg., ice-lolli, halo-halo)",VALDERRAMA,pieces or units,7.5,,mL,0,,1,1,,112.5,4,0,0,0,1,,,price-quantity,107.0042761801423,.0700906568198612,municipality_median,1,2024m6,.9511491216012645,0
ANTIQUE,"ice cream, sorbet, edible ice (eg., ice-lolli, halo-halo)",VALDERRAMA,pieces or units,7.5,,mL,0,,1,1,,112.5,4,0,0,0,1,,,price-quantity,106.4928624326204,.0704272552045013,municipality_median,1,2024m12,.9466032216232921,0
ANTIQUE,"ice cream, sorbet, edible ice (eg., ice-lolli, halo-halo)",VALDERRAMA,small cup,30,1,mL,0,1,1,1,,100,3,0,0,0,1,1,0,size-based,100,.3,,,,,0
ANTIQUE,"liquor (e.g, whisky, coconut wine)",VALDERRAMA,lipid/lapad,82.5,1,mL,0,2,2,1,,375,7,0,0,0,1,1,1,size-based,375,.22,,,,,0
ANTIQUE,"liquor (e.g, whisky, coconut wine)",VALDERRAMA,lipid/lapad,160,2,mL,0,2,2,0,this part of the cut came back empty,,,,,,,,,size-based,,,,,,,
ANTIQUE,"liquor (e.g, whisky, coconut wine)",VALDERRAMA,long-neck,157.5,1,mL,0,1,1,1,,750,14,0,0,0,1,1,0,size-based,750,.21,,,,,0
ANTIQUE,"liquor (e.g, whisky, coconut wine)",VALDERRAMA,long-neck,400,,mL,0,1,1,0,"unique price, no weighing behind it",,,,,,,,,size-based,,,,,,,
ANTIQUE,"liquor (e.g, whisky, coconut wine)",VALDERRAMA,long-neck,260,,mL,0,1,1,0,"unique price, no weighing behind it",,,,,,,,,size-based,,,,,,,
ANTIQUE,loaf bread,VALDERRAMA,medium packs,55,1,g,0,1,1,1,,600,1,0,0,0,1,1,0,size-based,600,.0916666666666667,,,,,0
ANTIQUE,loaf bread,VALDERRAMA,small packs,50,1,g,0,1,1,1,,385,1,0,0,0,1,1,0,size-based,385,.1298701298701299,,,,,0
ANTIQUE,loaf bread,VALDERRAMA,small packs,105,,g,0,1,1,0,"unique price, no weighing behind it",,,,,,,,,size-based,,,,,,,
ANTIQUE,loaf bread,VALDERRAMA,tama-tama nga putos,60,,g,0,,1,1,,500,1,0,0,0,1,,,price-quantity,537.4775318558071,.1116325733521018,province_median,1,2024m2,1.074955063711614,0
ANTIQUE,loaf bread,VALDERRAMA,tama-tama nga putos,60,,g,0,,1,1,,500,1,0,0,0,1,,,price-quantity,528.5075164865799,.1135272406320139,province_median,1,2024m5,1.05701503297316,0
ANTIQUE,loaf bread,VALDERRAMA,tama-tama nga putos,60,,g,0,,1,1,,500,1,0,0,0,1,,,price-quantity,528.2266905624452,.1135875961438321,province_median,1,2024m6,1.05645338112489,0
ANTIQUE,loaf bread,VALDERRAMA,tama-tama nga putos,60,,g,0,,1,1,,500,1,0,0,0,1,,,price-quantity,527.0057472502764,.1138507507993188,province_median,1,2024m12,1.054011494500553,0
ANTIQUE,"preserved or processed meat (tocino, tapa, longaniza, etc)",VALDERRAMA,cans,93,1,g,1,1,1,1,,198,7,0,2,2,1,1,0,size-based,198,.4696969696969697,,,,,.2857142857142857
ANTIQUE,"preserved or processed meat (tocino, tapa, longaniza, etc)",VALDERRAMA,putos,47.5,1,g,1,1,2,1,,250,4,0,0,0,1,1,0,size-based,250,.19,,,,,0
CAPIZ,cabbage,CUARTERO,pieces or units,42.5,1,g,0,1,1,1,,630,10,0,0,0,1,1,0,size-based,630,.0674603174603175,,,,,0
CAPIZ,camote tops,CUARTERO,bugkos,20,1,g,0,1,1,1,,440,9,3,5,5,1,1,0,size-based,440,.0454545454545455,,,,,.5555555555555556
CAPIZ,carrot,CUARTERO,pieces or units,25,1,g,0,1,1,1,,125,9,0,0,0,1,1,0,size-based,125,.2,,,,,0
CAPIZ,chicken,CUARTERO,bilog,250,1,g,0,3,3,1,,1085,1,0,0,0,1,2,1,size-based,1085,.2304147465437788,,,,,0
CAPIZ,chicken,CUARTERO,bilog,300,2,g,0,3,3,1,,1330,2,0,0,0,2,2,1,size-based,1330,.2255639097744361,,,,,0
CAPIZ,chicken,CUARTERO,bilog,400,3,g,0,3,3,0,this part of the cut came back empty,,,,,,,,,size-based,,,,,,,
CAPIZ,chicken,CUARTERO,pieces or units,300,1,g,0,1,1,1,,250,8,0,0,0,1,1,0,size-based,250,1.2,,,,,0
CAPIZ,chicken,CUARTERO,whole (chicken),240,1,g,0,3,3,1,,1110,3,0,0,0,1,3,0,size-based,1110,.2162162162162162,,,,,0
CAPIZ,chicken,CUARTERO,whole (chicken),300,2,g,0,3,3,1,,1197.5,4,0,0,0,2,3,0,size-based,1197.5,.2505219206680585,,,,,0
CAPIZ,chicken,CUARTERO,whole (chicken),400,3,g,0,3,3,1,,1375,2,0,0,0,3,3,0,size-based,1375,.2909090909090909,,,,,0
CAPIZ,"crackers, cookies, buiscuits, chips/curls",CUARTERO,pieces or units,8,,g,0,,1,1,,29,4,0,0,0,1,,,price-quantity,33.09262041760692,.2417457396557089,municipality_median,1,2024m2,1.141124841986446,0
CAPIZ,"crackers, cookies, buiscuits, chips/curls",CUARTERO,pieces or units,8,,g,0,,1,1,,29,4,0,0,0,1,,,price-quantity,33.09262041760692,.2417457396557089,municipality_median,1,2024m3,1.141124841986446,0
CAPIZ,"crackers, cookies, buiscuits, chips/curls",CUARTERO,pieces or units,8,,g,0,,1,1,,29,4,0,0,0,1,,,price-quantity,33.09262041760692,.2417457396557089,municipality_median,1,2024m4,1.141124841986446,0
CAPIZ,"crackers, cookies, buiscuits, chips/curls",CUARTERO,pieces or units,8,,g,0,,1,1,,29,4,0,0,0,1,,,price-quantity,32.95601400381008,.2427478031498322,municipality_median,1,2024m6,1.136414275993451,0
CAPIZ,"crackers, cookies, buiscuits, chips/curls",CUARTERO,pieces or units,8,,g,0,,1,1,,29,4,0,0,0,1,,,price-quantity,32.1410448087244,.2489029229637386,municipality_median,1,2024m10,1.108311889956014,0
CAPIZ,"crackers, cookies, buiscuits, chips/curls",CUARTERO,pieces or units,8,,g,0,,1,1,,29,4,0,0,0,1,,,price-quantity,32.1410448087244,.2489029229637386,municipality_median,1,2024m11,1.108311889956014,0
CAPIZ,"crackers, cookies, buiscuits, chips/curls",CUARTERO,putos,60,,g,0,,1,1,,290,4,0,3,3,1,,,price-quantity,330.9262041760692,.1813093047417817,municipality_median,1,2024m2,1.141124841986446,.75
CAPIZ,"crackers, cookies, buiscuits, chips/curls",CUARTERO,putos,60,,g,0,,1,1,,290,4,0,3,3,1,,,price-quantity,330.9262041760692,.1813093047417817,municipality_median,1,2024m3,1.141124841986446,.75
CAPIZ,"crackers, cookies, buiscuits, chips/curls",CUARTERO,putos,60,,g,0,,1,1,,290,4,0,3,3,1,,,price-quantity,330.9262041760692,.1813093047417817,municipality_median,1,2024m4,1.141124841986446,.75
CAPIZ,"crackers, cookies, buiscuits, chips/curls",CUARTERO,putos,60,,g,0,,1,1,,290,4,0,3,3,1,,,price-quantity,329.5601400381007,.1820608523623741,municipality_median,1,2024m6,1.136414275993451,.75
CAPIZ,"crackers, cookies, buiscuits, chips/curls",CUARTERO,putos,60,,g,0,,1,1,,290,4,0,3,3,1,,,price-quantity,321.410448087244,.186677192222804,municipality_median,1,2024m10,1.108311889956014,.75
CAPIZ,"crackers, cookies, buiscuits, chips/curls",CUARTERO,putos,60,,g,0,,1,1,,290,4,0,3,3,1,,,price-quantity,321.410448087244,.186677192222804,municipality_median,1,2024m11,1.108311889956014,.75
CAPIZ,fresh fish,CUARTERO,pieces or units,110,1,g,0,1,1,1,,475,9,0,2,2,1,1,0,size-based,475,.2315789473684211,,,,,.2222222222222222
CAPIZ,"ice cream, sorbet, edible ice (eg., ice-lolli, halo-halo)",CUARTERO,cone,15,,g,0,,1,1,,100,1,0,0,0,1,,,price-quantity,100.2971067545279,.1495556600322653,province_median,1,2024m2,1.002971067545279,0
CAPIZ,"ice cream, sorbet, edible ice (eg., ice-lolli, halo-halo)",CUARTERO,cone,15,,g,0,,1,1,,100,1,0,0,0,1,,,price-quantity,100.2971067545279,.1495556600322653,province_median,1,2024m3,1.002971067545279,0
CAPIZ,"ice cream, sorbet, edible ice (eg., ice-lolli, halo-halo)",CUARTERO,cone,15,,g,0,,1,1,,100,1,0,0,0,1,,,price-quantity,100.2971067545279,.1495556600322653,province_median,1,2024m4,1.002971067545279,0
CAPIZ,"ice cream, sorbet, edible ice (eg., ice-lolli, halo-halo)",CUARTERO,cone,15,,g,0,,1,1,,100,1,0,0,0,1,,,price-quantity,100.2971067545279,.1495556600322653,province_median,1,2024m6,1.002971067545279,0
CAPIZ,"ice cream, sorbet, edible ice (eg., ice-lolli, halo-halo)",CUARTERO,cone,15,,g,0,,1,1,,100,1,0,0,0,1,,,price-quantity,100.0323343993794,.1499515140785623,province_median,1,2024m10,1.000323343993794,0
CAPIZ,"ice cream, sorbet, edible ice (eg., ice-lolli, halo-halo)",CUARTERO,cone,15,,g,0,,1,1,,100,1,0,0,0,1,,,price-quantity,100.0323343993794,.1499515140785623,province_median,1,2024m11,1.000323343993794,0
CAPIZ,"ice cream, sorbet, edible ice (eg., ice-lolli, halo-halo)",CUARTERO,cone,15,,mL,0,,1,1,,110,1,0,0,0,1,,,price-quantity,110.3268174299807,.135959690938423,province_median,1,2024m2,1.002971067545279,0
CAPIZ,"ice cream, sorbet, edible ice (eg., ice-lolli, halo-halo)",CUARTERO,cone,15,,mL,0,,1,1,,110,1,0,0,0,1,,,price-quantity,110.3268174299807,.135959690938423,province_median,1,2024m3,1.002971067545279,0
CAPIZ,"ice cream, sorbet, edible ice (eg., ice-lolli, halo-halo)",CUARTERO,cone,15,,mL,0,,1,1,,110,1,0,0,0,1,,,price-quantity,110.3268174299807,.135959690938423,province_median,1,2024m4,1.002971067545279,0
CAPIZ,"ice cream, sorbet, edible ice (eg., ice-lolli, halo-halo)",CUARTERO,cone,15,,mL,0,,1,1,,110,1,0,0,0,1,,,price-quantity,110.3268174299807,.135959690938423,province_median,1,2024m6,1.002971067545279,0
CAPIZ,"ice cream, sorbet, edible ice (eg., ice-lolli, halo-halo)",CUARTERO,cone,15,,mL,0,,1,1,,110,1,0,0,0,1,,,price-quantity,110.0355678393174,.1363195582532385,province_median,1,2024m10,1.000323343993794,0
CAPIZ,"ice cream, sorbet, edible ice (eg., ice-lolli, halo-halo)",CUARTERO,cone,15,,mL,0,,1,1,,110,1,0,0,0,1,,,price-quantity,110.0355678393174,.1363195582532385,province_median,1,2024m11,1.000323343993794,0
CAPIZ,"ice cream, sorbet, edible ice (eg., ice-lolli, halo-halo)",CUARTERO,pieces or units,10,,g,0,,1,1,,395,1,0,1,1,1,,,price-quantity,396.1735716803853,.0252414616088212,municipality_median,1,2024m2,1.002971067545279,1
CAPIZ,"ice cream, sorbet, edible ice (eg., ice-lolli, halo-halo)",CUARTERO,pieces or units,10,,g,0,,1,1,,395,1,0,1,1,1,,,price-quantity,396.1735716803853,.0252414616088212,municipality_median,1,2024m3,1.002971067545279,1
CAPIZ,"ice cream, sorbet, edible ice (eg., ice-lolli, halo-halo)",CUARTERO,pieces or units,10,,g,0,,1,1,,395,1,0,1,1,1,,,price-quantity,396.1735716803853,.0252414616088212,municipality_median,1,2024m4,1.002971067545279,1
CAPIZ,"ice cream, sorbet, edible ice (eg., ice-lolli, halo-halo)",CUARTERO,pieces or units,10,,g,0,,1,1,,395,1,0,1,1,1,,,price-quantity,396.1735716803853,.0252414616088212,municipality_median,1,2024m6,1.002971067545279,1
CAPIZ,"ice cream, sorbet, edible ice (eg., ice-lolli, halo-halo)",CUARTERO,pieces or units,10,,g,0,,1,1,,395,1,0,1,1,1,,,price-quantity,395.1277208775488,.0253082724183228,municipality_median,1,2024m10,1.000323343993794,1
CAPIZ,"ice cream, sorbet, edible ice (eg., ice-lolli, halo-halo)",CUARTERO,pieces or units,10,,g,0,,1,1,,395,1,0,1,1,1,,,price-quantity,395.1277208775488,.0253082724183228,municipality_median,1,2024m11,1.000323343993794,1
CAPIZ,"ice cream, sorbet, edible ice (eg., ice-lolli, halo-halo)",CUARTERO,putos,20,,mL,0,,1,1,,600,3,0,0,0,1,,,price-quantity,601.7826405271675,.0332345911182812,province_median,1,2024m2,1.002971067545279,0
CAPIZ,"ice cream, sorbet, edible ice (eg., ice-lolli, halo-halo)",CUARTERO,putos,20,,mL,0,,1,1,,600,3,0,0,0,1,,,price-quantity,601.7826405271675,.0332345911182812,province_median,1,2024m3,1.002971067545279,0
CAPIZ,"ice cream, sorbet, edible ice (eg., ice-lolli, halo-halo)",CUARTERO,putos,20,,mL,0,,1,1,,600,3,0,0,0,1,,,price-quantity,601.7826405271675,.0332345911182812,province_median,1,2024m4,1.002971067545279,0
CAPIZ,"ice cream, sorbet, edible ice (eg., ice-lolli, halo-halo)",CUARTERO,putos,20,,mL,0,,1,1,,600,3,0,0,0,1,,,price-quantity,601.7826405271675,.0332345911182812,province_median,1,2024m6,1.002971067545279,0
CAPIZ,"ice cream, sorbet, edible ice (eg., ice-lolli, halo-halo)",CUARTERO,putos,20,,mL,0,,1,1,,600,3,0,0,0,1,,,price-quantity,600.1940063962767,.033322558684125,province_median,1,2024m10,1.000323343993794,0
CAPIZ,"ice cream, sorbet, edible ice (eg., ice-lolli, halo-halo)",CUARTERO,putos,20,,mL,0,,1,1,,600,3,0,0,0,1,,,price-quantity,600.1940063962767,.033322558684125,province_median,1,2024m11,1.000323343993794,0
CAPIZ,"ice cream, sorbet, edible ice (eg., ice-lolli, halo-halo)",CUARTERO,tupperware,235,,g,0,,1,1,,1025,1,0,0,0,1,,,price-quantity,1028.045344233911,.2285891389111047,province_median,1,2024m2,1.002971067545279,0
CAPIZ,"ice cream, sorbet, edible ice (eg., ice-lolli, halo-halo)",CUARTERO,tupperware,235,,g,0,,1,1,,1025,1,0,0,0,1,,,price-quantity,1028.045344233911,.2285891389111047,province_median,1,2024m3,1.002971067545279,0
CAPIZ,"ice cream, sorbet, edible ice (eg., ice-lolli, halo-halo)",CUARTERO,tupperware,235,,g,0,,1,1,,1025,1,0,0,0,1,,,price-quantity,1028.045344233911,.2285891389111047,province_median,1,2024m4,1.002971067545279,0
CAPIZ,"ice cream, sorbet, edible ice (eg., ice-lolli, halo-halo)",CUARTERO,tupperware,235,,g,0,,1,1,,1025,1,0,0,0,1,,,price-quantity,1028.045344233911,.2285891389111047,province_median,1,2024m6,1.002971067545279,0
CAPIZ,"ice cream, sorbet, edible ice (eg., ice-lolli, halo-halo)",CUARTERO,tupperware,235,,g,0,,1,1,,1025,1,0,0,0,1,,,price-quantity,1025.331427593639,.229194184120079,province_median,1,2024m10,1.000323343993794,0
CAPIZ,"ice cream, sorbet, edible ice (eg., ice-lolli, halo-halo)",CUARTERO,tupperware,235,,g,0,,1,1,,1025,1,0,0,0,1,,,price-quantity,1025.331427593639,.229194184120079,province_median,1,2024m11,1.000323343993794,0
CAPIZ,"ice cream, sorbet, edible ice (eg., ice-lolli, halo-halo)",CUARTERO,tupperware,235,,mL,0,,1,1,,1250,1,0,1,1,1,,,price-quantity,1253.713834431599,.1874430939071059,province_median,1,2024m2,1.002971067545279,1
CAPIZ,"ice cream, sorbet, edible ice (eg., ice-lolli, halo-halo)",CUARTERO,tupperware,235,,mL,0,,1,1,,1250,1,0,1,1,1,,,price-quantity,1253.713834431599,.1874430939071059,province_median,1,2024m3,1.002971067545279,1
CAPIZ,"ice cream, sorbet, edible ice (eg., ice-lolli, halo-halo)",CUARTERO,tupperware,235,,mL,0,,1,1,,1250,1,0,1,1,1,,,price-quantity,1253.713834431599,.1874430939071059,province_median,1,2024m4,1.002971067545279,1
CAPIZ,"ice cream, sorbet, edible ice (eg., ice-lolli, halo-halo)",CUARTERO,tupperware,235,,mL,0,,1,1,,1250,1,0,1,1,1,,,price-quantity,1253.713834431599,.1874430939071059,province_median,1,2024m6,1.002971067545279,1
CAPIZ,"ice cream, sorbet, edible ice (eg., ice-lolli, halo-halo)",CUARTERO,tupperware,235,,mL,0,,1,1,,1250,1,0,1,1,1,,,price-quantity,1250.404179992243,.1879392309784648,province_median,1,2024m10,1.000323343993794,1
CAPIZ,"ice cream, sorbet, edible ice (eg., ice-lolli, halo-halo)",CUARTERO,tupperware,235,,mL,0,,1,1,,1250,1,0,1,1,1,,,price-quantity,1250.404179992243,.1879392309784648,province_median,1,2024m11,1.000323343993794,1
CAPIZ,"liquor (e.g, whisky, coconut wine)",CUARTERO,lipid/lapad,65,1,mL,0,3,3,1,,375,4,0,0,0,1,1,2,size-based,375,.1733333333333333,,,,,0
CAPIZ,"liquor (e.g, whisky, coconut wine)",CUARTERO,lipid/lapad,130,2,mL,0,3,3,0,this part of the cut came back empty,,,,,,,,,size-based,,,,,,,
CAPIZ,"liquor (e.g, whisky, coconut wine)",CUARTERO,lipid/lapad,229.5,3,mL,0,3,3,0,this part of the cut came back empty,,,,,,,,,size-based,,,,,,,
CAPIZ,loaf bread,CUARTERO,large packs,84,1,g,0,3,3,1,,640,5,0,0,0,1,1,2,size-based,640,.13125,,,,,0
CAPIZ,loaf bread,CUARTERO,large packs,147.5,2,g,0,3,3,0,this part of the cut came back empty,,,,,,,,,size-based,,,,,,,
CAPIZ,loaf bread,CUARTERO,large packs,209,3,g,0,3,3,0,this part of the cut came back empty,,,,,,,,,size-based,,,,,,,
CAPIZ,loaf bread,CUARTERO,medium packs,62.5,1,g,0,2,2,1,,450,5,0,0,0,1,1,1,size-based,450,.1388888888888889,,,,,0
CAPIZ,loaf bread,CUARTERO,medium packs,120,2,g,0,2,2,0,this part of the cut came back empty,,,,,,,,,size-based,,,,,,,
CAPIZ,loaf bread,CUARTERO,small packs,60,1,g,0,1,1,1,,220,2,0,0,0,1,1,0,size-based,220,.2727272727272727,,,,,0
CAPIZ,mango,CUARTERO,pieces or units,75,1,g,0,1,1,1,,220,9,0,0,0,1,1,0,size-based,220,.3409090909090909,,,,,0
CAPIZ,mango,CUARTERO,pieces or units,120,,g,0,1,1,0,"unique price, no weighing behind it",,,,,,,,,size-based,,,,,,,
CAPIZ,"prawns, lobster, shrimp",CUARTERO,tumpok,50,1,g,0,1,1,1,,380,6,1,4,4,1,1,0,size-based,380,.131578947368421,,,,,.6666666666666666
CAPIZ,"preserved or processed meat (tocino, tapa, longaniza, etc)",CUARTERO,bilog,55,1,g,0,1,1,1,,70,3,0,3,3,1,1,0,size-based,70,.7857142857142857,,,,,1
CAPIZ,"preserved or processed meat (tocino, tapa, longaniza, etc)",CUARTERO,putos,55,1,g,0,2,2,1,,250,7,0,1,1,1,1,1,size-based,250,.22,,,,,.1428571428571428
CAPIZ,"preserved or processed meat (tocino, tapa, longaniza, etc)",CUARTERO,putos,120,2,g,0,2,2,0,this part of the cut came back empty,,,,,,,,,size-based,,,,,,,
CAPIZ,cabbage,DAO,pieces or units,65,1,g,0,1,1,1,,535,7,0,0,0,1,1,0,size-based,535,.1214953271028037,,,,,0
CAPIZ,cabbage,DAO,putos (mix vegetable),8.333333015441895,,g,0,,1,1,,160,2,0,1,1,1,,,price-quantity,199.5832611518125,.0417536669525766,province_median,1,2024m5,1.247395382198828,.5
CAPIZ,cabbage,DAO,putos (mix vegetable),8.333333015441895,,g,0,,1,1,,160,2,0,1,1,1,,,price-quantity,197.1725957451702,.0422641543260508,province_median,1,2024m10,1.232328723407314,.5
CAPIZ,cabbage,DAO,putos (mix vegetable),8.333333015441895,,g,0,,1,1,,160,2,0,1,1,1,,,price-quantity,188.1197627019229,.0442980200259242,province_median,1,2024m11,1.175748516887018,.5
CAPIZ,camote,DAO,bilog,25,1,g,0,1,1,1,,130,6,1,2,2,1,1,0,size-based,130,.1923076923076923,,,,,.3333333333333333
CAPIZ,camote tops,DAO,bugkos,20,1,g,0,1,1,1,,175,1,0,0,0,1,1,0,size-based,175,.1142857142857143,,,,,0
CAPIZ,carrot,DAO,pieces or units,35,1,g,0,1,1,1,,157.5,8,0,1,1,1,1,0,size-based,157.5,.2222222222222222,,,,,.125
CAPIZ,chicken,DAO,bilog,220,1,g,0,3,3,1,,1040,1,0,0,0,1,2,1,size-based,1040,.2115384615384615,,,,,0
CAPIZ,chicken,DAO,bilog,250,2,g,0,3,3,1,,1330,1,0,0,0,2,2,1,size-based,1330,.1879699248120301,,,,,0
CAPIZ,chicken,DAO,bilog,300,3,g,0,3,3,0,this part of the cut came back empty,,,,,,,,,size-based,,,,,,,
CAPIZ,chicken,DAO,whole (chicken),220,1,g,0,3,3,1,,992.5,2,0,0,0,1,3,0,size-based,992.5,.2216624685138539,,,,,0
CAPIZ,chicken,DAO,whole (chicken),245,2,g,0,3,3,1,,1150,1,0,0,0,2,3,0,size-based,1150,.2130434782608696,,,,,0
CAPIZ,chicken,DAO,whole (chicken),280,3,g,0,3,3,1,,1380,1,0,0,0,3,3,0,size-based,1380,.2028985507246377,,,,,0
CAPIZ,fresh fish,DAO,pieces or units,95,1,g,0,3,3,1,,285,2,0,0,0,1,3,0,size-based,285,.3333333333333333,,,,,0
CAPIZ,fresh fish,DAO,pieces or units,125,2,g,0,3,3,1,,375,3,0,0,0,2,3,0,size-based,375,.3333333333333333,,,,,0
CAPIZ,fresh fish,DAO,pieces or units,150,3,g,0,3,3,1,,760,1,0,1,1,3,3,0,size-based,760,.1973684210526316,,,,,1
CAPIZ,"ice cream, sorbet, edible ice (eg., ice-lolli, halo-halo)",DAO,pieces or units,5,,mL,0,,1,1,,75,2,0,0,0,1,,,price-quantity,75.22283006589593,.0664691822365624,municipality_median,1,2024m5,1.002971067545279,0
CAPIZ,"ice cream, sorbet, edible ice (eg., ice-lolli, halo-halo)",DAO,pieces or units,5,,mL,0,,1,1,,75,2,0,0,0,1,,,price-quantity,75.02425079953458,.0666451173682499,municipality_median,1,2024m10,1.000323343993794,0
CAPIZ,"ice cream, sorbet, edible ice (eg., ice-lolli, halo-halo)",DAO,pieces or units,5,,mL,0,,1,1,,75,2,0,0,0,1,,,price-quantity,75.02425079953458,.0666451173682499,municipality_median,1,2024m11,1.000323343993794,0
CAPIZ,"ice cream, sorbet, edible ice (eg., ice-lolli, halo-halo)",DAO,putos,20,,mL,0,,1,1,,65,1,0,0,0,1,,,price-quantity,65.19311939044314,.3067808410918264,province_median,1,2024m5,1.002971067545279,0
CAPIZ,"ice cream, sorbet, edible ice (eg., ice-lolli, halo-halo)",DAO,putos,20,,mL,0,,1,1,,65,1,0,0,0,1,,,price-quantity,65.02101735959664,.3075928493919227,province_median,1,2024m10,1.000323343993794,0
CAPIZ,"ice cream, sorbet, edible ice (eg., ice-lolli, halo-halo)",DAO,putos,20,,mL,0,,1,1,,65,1,0,0,0,1,,,price-quantity,65.02101735959664,.3075928493919227,province_median,1,2024m11,1.000323343993794,0
CAPIZ,"ice cream, sorbet, edible ice (eg., ice-lolli, halo-halo)",DAO,small cup,15,,mL,0,,1,1,,110,1,0,0,0,1,,,price-quantity,110.3268174299807,.135959690938423,municipality_median,1,2024m5,1.002971067545279,0
CAPIZ,"ice cream, sorbet, edible ice (eg., ice-lolli, halo-halo)",DAO,small cup,15,,mL,0,,1,1,,110,1,0,0,0,1,,,price-quantity,110.0355678393174,.1363195582532385,municipality_median,1,2024m10,1.000323343993794,0
CAPIZ,"ice cream, sorbet, edible ice (eg., ice-lolli, halo-halo)",DAO,small cup,15,,mL,0,,1,1,,110,1,0,0,0,1,,,price-quantity,110.0355678393174,.1363195582532385,municipality_median,1,2024m11,1.000323343993794,0
CAPIZ,"liquor (e.g, whisky, coconut wine)",DAO,lipid/lapad,68.75,1,mL,0,2,2,1,,375,2,0,0,0,1,2,0,size-based,375,.1833333333333333,,,,,0
CAPIZ,"liquor (e.g, whisky, coconut wine)",DAO,lipid/lapad,130,2,mL,0,2,2,1,,750,1,0,0,0,2,2,0,size-based,750,.1733333333333333,,,,,0
CAPIZ,"liquor (e.g, whisky, coconut wine)",DAO,long-neck,192.5,1,mL,0,3,3,1,,750,3,0,0,0,1,1,2,size-based,750,.2566666666666667,,,,,0
CAPIZ,"liquor (e.g, whisky, coconut wine)",DAO,long-neck,270,2,mL,0,3,3,0,this part of the cut came back empty,,,,,,,,,size-based,,,,,,,
CAPIZ,"liquor (e.g, whisky, coconut wine)",DAO,long-neck,315,3,mL,0,3,3,0,this part of the cut came back empty,,,,,,,,,size-based,,,,,,,
CAPIZ,loaf bread,DAO,large packs,84.5,1,g,0,2,2,1,,640,1,0,0,0,1,1,1,size-based,640,.13203125,,,,,0
CAPIZ,loaf bread,DAO,large packs,145,2,g,0,2,2,0,this part of the cut came back empty,,,,,,,,,size-based,,,,,,,
CAPIZ,loaf bread,DAO,medium packs,65,1,g,0,1,1,1,,545,2,0,0,0,1,1,0,size-based,545,.1192660550458716,,,,,0
CAPIZ,loaf bread,DAO,small packs,40,1,g,0,1,1,1,,450,3,0,0,0,1,1,0,size-based,450,.0888888888888889,,,,,0
CAPIZ,mango,DAO,pieces or units,90,1,g,0,1,1,1,,200,7,0,0,0,1,1,0,size-based,200,.45,,,,,0
CAPIZ,"prawns, lobster, shrimp",DAO,tumpok,37.5,1,g,1,1,2,1,,355,1,0,0,0,1,1,0,size-based,355,.1056338028169014,,,,,0
CAPIZ,"preserved or processed meat (tocino, tapa, longaniza, etc)",DAO,bilog,45,1,g,1,1,1,1,,250,3,0,1,1,1,1,0,size-based,250,.18,,,,,.3333333333333333
CAPIZ,"preserved or processed meat (tocino, tapa, longaniza, etc)",DAO,putos,75,2,g,1,1,3,1,,725,2,0,0,0,1,1,0,size-based,725,.103448275862069,,,,,0
CAPIZ,cabbage,DUMALAG,pack,20,1,g,0,1,1,1,,175,2,0,0,0,1,1,0,size-based,175,.1142857142857143,,,,,0
CAPIZ,cabbage,DUMALAG,pieces or units,60,1,g,0,1,1,1,,635,17,0,1,1,1,1,0,size-based,635,.094488188976378,,,,,.0588235294117647
CAPIZ,camote,DUMALAG,bilog,25,1,g,0,1,1,1,,85,4,0,0,0,1,1,0,size-based,85,.2941176470588235,,,,,0
CAPIZ,camote tops,DUMALAG,bugkos,20,1,g,1,1,1,1,,187.5,2,0,0,0,1,1,0,size-based,187.5,.1066666666666667,,,,,0
CAPIZ,carrot,DUMALAG,pieces or units,30,1,g,0,1,1,1,,160,14,1,3,3,1,1,0,size-based,160,.1875,,,,,.2142857142857143
CAPIZ,chicken,DUMALAG,whole (chicken),212.5,1,g,0,3,3,1,,975,2,0,0,0,1,3,0,size-based,975,.217948717948718,,,,,0
CAPIZ,chicken,DUMALAG,whole (chicken),245,2,g,0,3,3,1,,1372.5,2,0,0,0,2,3,0,size-based,1372.5,.1785063752276867,,,,,0
CAPIZ,chicken,DUMALAG,whole (chicken),300,3,g,0,3,3,1,,1595,1,0,0,0,3,3,0,size-based,1595,.1880877742946709,,,,,0
CAPIZ,"crackers, cookies, buiscuits, chips/curls",DUMALAG,pieces or units,8,,g,0,,1,1,,31,6,0,0,0,1,,,price-quantity,35.40639324250309,.225947894359274,province_median,1,2023m12,1.1421417175001,0
CAPIZ,"crackers, cookies, buiscuits, chips/curls",DUMALAG,pieces or units,8,,g,0,,1,1,,31,6,0,0,0,1,,,price-quantity,35.38957513997402,.2260552710327303,province_median,1,2024m1,1.141599198063678,0
CAPIZ,"crackers, cookies, buiscuits, chips/curls",DUMALAG,pieces or units,8,,g,0,,1,1,,31,6,0,0,0,1,,,price-quantity,35.37487010157982,.2261492403230825,province_median,1,2024m3,1.141124841986446,0
CAPIZ,"crackers, cookies, buiscuits, chips/curls",DUMALAG,pieces or units,8,,g,0,,1,1,,31,6,0,0,0,1,,,price-quantity,35.22884255579697,.2270866545595204,province_median,1,2024m6,1.136414275993451,0
CAPIZ,"crackers, cookies, buiscuits, chips/curls",DUMALAG,pieces or units,8,,g,0,,1,1,,31,6,0,0,0,1,,,price-quantity,34.35766858863643,.2328446698693039,province_median,1,2024m10,1.108311889956014,0
CAPIZ,"crackers, cookies, buiscuits, chips/curls",DUMALAG,putos,118,2,g,1,1,3,1,,310,4,1,3,3,1,1,0,size-based,310,.3806451612903226,,,,,.75
CAPIZ,fresh fish,DUMALAG,pieces or units,115,1,g,0,1,1,1,,722.5,4,1,3,3,1,1,0,size-based,722.5,.1591695501730104,,,,,.75
CAPIZ,fresh fish,DUMALAG,pieces or units,150,,g,0,1,1,0,"unique price, no weighing behind it",,,,,,,,,size-based,,,,,,,
CAPIZ,"ice cream, sorbet, edible ice (eg., ice-lolli, halo-halo)",DUMALAG,pieces or units,10,,mL,0,,1,1,,45,1,0,0,0,1,,,price-quantity,45.85934658565458,.2180580567436199,province_median,1,2023m12,1.019096590792324,0
CAPIZ,"ice cream, sorbet, edible ice (eg., ice-lolli, halo-halo)",DUMALAG,pieces or units,10,,mL,0,,1,1,,45,1,0,0,0,1,,,price-quantity,45.19326653561455,.2212719010279883,province_median,1,2024m1,1.004294811902546,0
CAPIZ,"ice cream, sorbet, edible ice (eg., ice-lolli, halo-halo)",DUMALAG,pieces or units,10,,mL,0,,1,1,,45,1,0,0,0,1,,,price-quantity,45.13369803953756,.2215639407885412,province_median,1,2024m3,1.002971067545279,0
CAPIZ,"ice cream, sorbet, edible ice (eg., ice-lolli, halo-halo)",DUMALAG,pieces or units,10,,mL,0,,1,1,,45,1,0,0,0,1,,,price-quantity,45.13369803953756,.2215639407885412,province_median,1,2024m6,1.002971067545279,0
CAPIZ,"ice cream, sorbet, edible ice (eg., ice-lolli, halo-halo)",DUMALAG,pieces or units,10,,mL,0,,1,1,,45,1,0,0,0,1,,,price-quantity,45.01455047972075,.2221503912274997,province_median,1,2024m10,1.000323343993794,0
CAPIZ,"ice cream, sorbet, edible ice (eg., ice-lolli, halo-halo)",DUMALAG,putos,20,,mL,0,,1,1,,49.5,2,0,0,0,1,,,price-quantity,50.44528124422005,.3964691940793089,province_median,1,2023m12,1.019096590792324,0
CAPIZ,"ice cream, sorbet, edible ice (eg., ice-lolli, halo-halo)",DUMALAG,putos,20,,mL,0,,1,1,,49.5,2,0,0,0,1,,,price-quantity,49.71259318917601,.4023125473236151,province_median,1,2024m1,1.004294811902546,0
CAPIZ,"ice cream, sorbet, edible ice (eg., ice-lolli, halo-halo)",DUMALAG,putos,20,,mL,0,,1,1,,49.5,2,0,0,0,1,,,price-quantity,49.64706784349132,.4028435287064386,province_median,1,2024m3,1.002971067545279,0
CAPIZ,"ice cream, sorbet, edible ice (eg., ice-lolli, halo-halo)",DUMALAG,putos,20,,mL,0,,1,1,,49.5,2,0,0,0,1,,,price-quantity,49.64706784349132,.4028435287064386,province_median,1,2024m6,1.002971067545279,0
CAPIZ,"ice cream, sorbet, edible ice (eg., ice-lolli, halo-halo)",DUMALAG,putos,20,,mL,0,,1,1,,49.5,2,0,0,0,1,,,price-quantity,49.51600552769283,.4039098022318177,province_median,1,2024m10,1.000323343993794,0
CAPIZ,"ice cream, sorbet, edible ice (eg., ice-lolli, halo-halo)",DUMALAG,small cup,10,,mL,0,,1,1,,105,2,0,0,0,1,,,price-quantity,107.005142033194,.0934534528901228,municipality_median,1,2023m12,1.019096590792324,0
CAPIZ,"ice cream, sorbet, edible ice (eg., ice-lolli, halo-halo)",DUMALAG,small cup,10,,mL,0,,1,1,,105,2,0,0,0,1,,,price-quantity,105.4509552497673,.0948308147262807,municipality_median,1,2024m1,1.004294811902546,0
CAPIZ,"ice cream, sorbet, edible ice (eg., ice-lolli, halo-halo)",DUMALAG,small cup,10,,mL,0,,1,1,,105,2,0,0,0,1,,,price-quantity,105.3119620922543,.0949559746236605,municipality_median,1,2024m3,1.002971067545279,0
CAPIZ,"ice cream, sorbet, edible ice (eg., ice-lolli, halo-halo)",DUMALAG,small cup,10,,mL,0,,1,1,,105,2,0,0,0,1,,,price-quantity,105.3119620922543,.0949559746236605,municipality_median,1,2024m6,1.002971067545279,0
CAPIZ,"ice cream, sorbet, edible ice (eg., ice-lolli, halo-halo)",DUMALAG,small cup,10,,mL,0,,1,1,,105,2,0,0,0,1,,,price-quantity,105.0339511193484,.0952073105260713,municipality_median,1,2024m10,1.000323343993794,0
CAPIZ,"liquor (e.g, whisky, coconut wine)",DUMALAG,lipid/lapad,70,1,mL,0,3,3,1,,375,4,0,0,0,1,2,1,size-based,375,.1866666666666667,,,,,0
CAPIZ,"liquor (e.g, whisky, coconut wine)",DUMALAG,lipid/lapad,180,3,mL,0,3,3,1,,750,1,0,0,0,3,2,1,size-based,750,.24,,,,,0
CAPIZ,"liquor (e.g, whisky, coconut wine)",DUMALAG,lipid/lapad,130,2,mL,0,3,3,0,this part of the cut came back empty,,,,,,,,,size-based,,,,,,,
CAPIZ,"liquor (e.g, whisky, coconut wine)",DUMALAG,long-neck,109.5,,mL,0,,2,1,,750,1,0,0,0,1,,,price-quantity,854.4335333349828,.1281550825523022,mp25_price,1,2023m12,1.13924471111331,0
CAPIZ,"liquor (e.g, whisky, coconut wine)",DUMALAG,long-neck,109.5,,mL,0,,2,1,,750,1,0,0,0,1,,,price-quantity,849.1293605907699,.1289556162842101,mp25_price,1,2024m1,1.132172480787693,0
CAPIZ,"liquor (e.g, whisky, coconut wine)",DUMALAG,long-neck,109.5,,mL,0,,2,1,,750,1,0,0,0,1,,,price-quantity,845.1175156760313,.1295677795914668,mp25_price,1,2024m3,1.126823354234708,0
CAPIZ,"liquor (e.g, whisky, coconut wine)",DUMALAG,long-neck,109.5,,mL,0,,2,1,,750,1,0,0,0,1,,,price-quantity,839.2677257210831,.1304708815127135,mp25_price,1,2024m6,1.119023634294777,0
CAPIZ,"liquor (e.g, whisky, coconut wine)",DUMALAG,long-neck,109.5,,mL,0,,2,1,,750,1,0,0,0,1,,,price-quantity,825.9663833735051,.1325719813835131,mp25_price,1,2024m10,1.101288511164674,0
CAPIZ,"liquor (e.g, whisky, coconut wine)",DUMALAG,long-neck,140,,mL,0,,2,1,,1000,1,0,0,0,2,,,price-quantity,1139.24471111331,.1228884353241254,mp50_price,1,2023m12,1.13924471111331,0
CAPIZ,"liquor (e.g, whisky, coconut wine)",DUMALAG,long-neck,140,,mL,0,,2,1,,1000,1,0,0,0,2,,,price-quantity,1132.172480787693,.1236560704095166,mp50_price,1,2024m1,1.132172480787693,0
CAPIZ,"liquor (e.g, whisky, coconut wine)",DUMALAG,long-neck,140,,mL,0,,2,1,,1000,1,0,0,0,2,,,price-quantity,1126.823354234708,.1242430763205846,mp50_price,1,2024m3,1.126823354234708,0
CAPIZ,"liquor (e.g, whisky, coconut wine)",DUMALAG,long-neck,140,,mL,0,,2,1,,1000,1,0,0,0,2,,,price-quantity,1119.023634294777,.1251090644642459,mp50_price,1,2024m6,1.119023634294777,0
CAPIZ,"liquor (e.g, whisky, coconut wine)",DUMALAG,long-neck,140,,mL,0,,2,1,,1000,1,0,0,0,2,,,price-quantity,1101.288511164674,.1271238177650126,mp50_price,1,2024m10,1.101288511164674,0
CAPIZ,loaf bread,DUMALAG,large packs,85,1,g,0,1,1,1,,700,3,0,0,0,1,1,0,size-based,700,.1214285714285714,,,,,0
CAPIZ,loaf bread,DUMALAG,medium packs,68.75,1,g,0,3,3,1,,500,4,0,0,0,1,2,1,size-based,500,.1375,,,,,0
CAPIZ,loaf bread,DUMALAG,medium packs,127.5,3,g,0,3,3,1,,640,1,0,0,0,3,2,1,size-based,640,.19921875,,,,,0
CAPIZ,loaf bread,DUMALAG,medium packs,100,2,g,0,3,3,0,this part of the cut came back empty,,,,,,,,,size-based,,,,,,,
CAPIZ,loaf bread,DUMALAG,small packs,50,1,g,0,1,1,1,,450,2,0,0,0,1,1,0,size-based,450,.1111111111111111,,,,,0
CAPIZ,mango,DUMALAG,pieces or units,70,1,g,0,1,1,1,,195,8,0,0,0,1,1,0,size-based,195,.358974358974359,,,,,0
CAPIZ,"mineral or spring water, all drinking water sold in containers",DUMALAG,container,80,1,mL,0,1,1,1,,1000,1,0,1,1,1,1,0,size-based,1000,.08,,,,,1
CAPIZ,"prawns, lobster, shrimp",DUMALAG,tumpok,100,1,g,1,1,1,1,,215,1,0,0,0,1,1,0,size-based,215,.4651162790697674,,,,,0
CAPIZ,"preserved or processed meat (tocino, tapa, longaniza, etc)",DUMALAG,bilog,24,1,g,0,3,3,1,,250,1,0,0,0,1,2,1,size-based,250,.096,,,,,0
CAPIZ,"preserved or processed meat (tocino, tapa, longaniza, etc)",DUMALAG,bilog,49.5,2,g,0,3,3,1,,500,1,0,1,1,2,2,1,size-based,500,.099,,,,,1
CAPIZ,"preserved or processed meat (tocino, tapa, longaniza, etc)",DUMALAG,bilog,78.75,3,g,0,3,3,0,this part of the cut came back empty,,,,,,,,,size-based,,,,,,,
CAPIZ,"preserved or processed meat (tocino, tapa, longaniza, etc)",DUMALAG,putos,45,,g,0,,1,1,,1000,3,0,2,2,1,,,price-quantity,968.9869068868981,.046440255982997,municipality_median,1,2023m12,.968986906886898,.6666666666666666
CAPIZ,"preserved or processed meat (tocino, tapa, longaniza, etc)",DUMALAG,putos,45,,g,0,,1,1,,1000,3,0,2,2,1,,,price-quantity,963.6738312907054,.0466962975841409,municipality_median,1,2024m1,.9636738312907054,.6666666666666666
CAPIZ,"preserved or processed meat (tocino, tapa, longaniza, etc)",DUMALAG,putos,45,,g,0,,1,1,,1000,3,0,2,2,1,,,price-quantity,963.0137404350385,.0467283052261242,municipality_median,1,2024m3,.9630137404350385,.6666666666666666
CAPIZ,"preserved or processed meat (tocino, tapa, longaniza, etc)",DUMALAG,putos,45,,g,0,,1,1,,1000,3,0,2,2,1,,,price-quantity,965.6593420988925,.0466002844255522,municipality_median,1,2024m6,.9656593420988925,.6666666666666666
CAPIZ,"preserved or processed meat (tocino, tapa, longaniza, etc)",DUMALAG,putos,45,,g,0,,1,1,,1000,3,0,2,2,1,,,price-quantity,963.6738312907054,.0466962975841409,municipality_median,1,2024m10,.9636738312907054,.6666666666666666
CAPIZ,cabbage,DUMARAO,pack,20,1,g,0,1,1,1,,355,5,1,1,1,1,1,0,size-based,355,.0563380281690141,,,,,.2
CAPIZ,cabbage,DUMARAO,pieces or units,60,1,g,0,1,1,1,,890,7,0,2,2,1,1,0,size-based,890,.0674157303370786,,,,,.2857142857142857
CAPIZ,camote tops,DUMARAO,bugkos,20,1,g,1,1,1,1,,175,1,0,0,0,1,1,0,size-based,175,.1142857142857143,,,,,0
CAPIZ,carrot,DUMARAO,pieces or units,38,1,g,0,1,1,1,,135,5,0,0,0,1,1,0,size-based,135,.2814814814814815,,,,,0
CAPIZ,chicken,DUMARAO,bilog,200,1,g,0,3,3,1,,1270,1,0,0,0,1,2,1,size-based,1270,.1574803149606299,,,,,0
CAPIZ,chicken,DUMARAO,bilog,250,2,g,0,3,3,1,,1435,1,0,0,0,2,2,1,size-based,1435,.1742160278745645,,,,,0
CAPIZ,chicken,DUMARAO,bilog,400,3,g,0,3,3,0,this part of the cut came back empty,,,,,,,,,size-based,,,,,,,
CAPIZ,fresh fish,DUMARAO,pack,100,,g,0,,1,1,,780,1,1,1,1,1,,,price-quantity,799.3538468646767,.1251010430389898,province_median,1,2024m6,1.024812624185483,1
CAPIZ,fresh fish,DUMARAO,pack,100,,g,0,,1,1,,780,1,1,1,1,1,,,price-quantity,799.605182154361,.1250617207489475,province_median,1,2024m7,1.025134848915848,1
CAPIZ,fresh fish,DUMARAO,pack,100,,g,0,,1,1,,780,1,1,1,1,1,,,price-quantity,803.6264008359597,.1244359317911614,province_median,1,2024m10,1.030290257482,1
CAPIZ,fresh fish,DUMARAO,pieces or units,110,1,g,0,1,1,1,,680,1,0,1,1,1,1,0,size-based,680,.1617647058823529,,,,,1
CAPIZ,"ice cream, sorbet, edible ice (eg., ice-lolli, halo-halo)",DUMARAO,pieces or units,22.5,1,mL,0,1,1,1,,112.5,2,0,0,0,1,1,0,size-based,112.5,.2,,,,,0
CAPIZ,"ice cream, sorbet, edible ice (eg., ice-lolli, halo-halo)",DUMARAO,putos,30,1,mL,0,1,1,1,,45,1,0,0,0,1,1,0,size-based,45,.6666666666666666,,,,,0
CAPIZ,"ice cream, sorbet, edible ice (eg., ice-lolli, halo-halo)",DUMARAO,small cup,45,1,mL,0,1,1,1,,100,3,0,0,0,1,1,0,size-based,100,.45,,,,,0
CAPIZ,"liquor (e.g, whisky, coconut wine)",DUMARAO,lipid/lapad,77.5,1,mL,0,2,2,1,,375,3,0,0,0,1,1,1,size-based,375,.2066666666666667,,,,,0
CAPIZ,"liquor (e.g, whisky, coconut wine)",DUMARAO,lipid/lapad,150,2,mL,0,2,2,0,this part of the cut came back empty,,,,,,,,,size-based,,,,,,,
CAPIZ,loaf bread,DUMARAO,large packs,85,1,g,0,1,1,1,,640,2,0,0,0,1,1,0,size-based,640,.1328125,,,,,0
CAPIZ,loaf bread,DUMARAO,medium packs,65,1,g,0,2,2,1,,450,4,0,0,0,1,2,0,size-based,450,.1444444444444444,,,,,0
CAPIZ,loaf bread,DUMARAO,medium packs,111.25,2,g,0,2,2,1,,640,1,0,0,0,2,2,0,size-based,640,.173828125,,,,,0
CAPIZ,loaf bread,DUMARAO,small packs,67.5,1,g,0,1,1,1,,360,2,0,0,0,1,1,0,size-based,360,.1875,,,,,0
CAPIZ,mango,DUMARAO,pieces or units,56.875,1,g,0,2,2,1,,165,3,0,0,0,1,2,0,size-based,165,.3446969696969697,,,,,0
CAPIZ,mango,DUMARAO,pieces or units,185,2,g,0,2,2,1,,300,3,0,0,0,2,2,0,size-based,300,.6166666666666667,,,,,0
CAPIZ,"prawns, lobster, shrimp",DUMARAO,tumpok,50,1,g,1,1,1,1,,570,1,0,1,1,1,1,0,size-based,570,.087719298245614,,,,,1
CAPIZ,"preserved or processed meat (tocino, tapa, longaniza, etc)",DUMARAO,bilog,13,,g,0,,1,1,,250,2,0,0,0,1,,,price-quantity,241.4148355247231,.0538492175584159,municipality_median,1,2024m6,.9656593420988925,0
CAPIZ,"preserved or processed meat (tocino, tapa, longaniza, etc)",DUMARAO,bilog,13,,g,0,,1,1,,250,2,0,0,0,1,,,price-quantity,240.9184578226763,.0539601660972295,municipality_median,1,2024m7,.9636738312907054,0
CAPIZ,"preserved or processed meat (tocino, tapa, longaniza, etc)",DUMARAO,bilog,13,,g,0,,1,1,,250,2,0,0,0,1,,,price-quantity,240.9184578226763,.0539601660972295,municipality_median,1,2024m10,.9636738312907054,0
CAPIZ,"preserved or processed meat (tocino, tapa, longaniza, etc)",DUMARAO,putos,45,,g,0,,1,1,,250,2,0,0,0,1,,,price-quantity,241.4148355247231,.1864011377022088,municipality_median,1,2024m6,.9656593420988925,0
CAPIZ,"preserved or processed meat (tocino, tapa, longaniza, etc)",DUMARAO,putos,45,,g,0,,1,1,,250,2,0,0,0,1,,,price-quantity,240.9184578226763,.1867851903365637,municipality_median,1,2024m7,.9636738312907054,0
CAPIZ,"preserved or processed meat (tocino, tapa, longaniza, etc)",DUMARAO,putos,45,,g,0,,1,1,,250,2,0,0,0,1,,,price-quantity,240.9184578226763,.1867851903365637,municipality_median,1,2024m10,.9636738312907054,0
CAPIZ,cabbage,IVISAN,pieces or units,65,1,g,0,2,2,1,,540,9,0,0,0,1,2,0,size-based,540,.1203703703703704,,,,,0
CAPIZ,cabbage,IVISAN,pieces or units,110,2,g,0,2,2,1,,785,9,0,1,1,2,2,0,size-based,785,.1401273885350318,,,,,.1111111111111111
CAPIZ,camote,IVISAN,bilog,25,1,g,0,1,1,1,,205,9,2,5,5,1,1,0,size-based,205,.1219512195121951,,,,,.5555555555555556
CAPIZ,camote tops,IVISAN,bundle,20,1,g,1,1,1,1,,155,3,0,0,0,1,1,0,size-based,155,.1290322580645161,,,,,0
CAPIZ,carrot,IVISAN,pieces or units,38,1,g,0,1,1,1,,135,13,0,2,2,1,1,0,size-based,135,.2814814814814815,,,,,.1538461538461539
CAPIZ,chicken,IVISAN,whole (chicken),222.5,1,g,0,3,3,1,,900,3,0,0,0,1,3,0,size-based,900,.2472222222222222,,,,,0
CAPIZ,chicken,IVISAN,whole (chicken),250,2,g,0,3,3,1,,1210,4,0,0,0,2,3,0,size-based,1210,.2066115702479339,,,,,0
CAPIZ,chicken,IVISAN,whole (chicken),275,3,g,0,3,3,1,,1647.5,2,0,0,0,3,3,0,size-based,1647.5,.1669195751138088,,,,,0
CAPIZ,"crackers, cookies, buiscuits, chips/curls",IVISAN,pieces or units,43.125,1,g,0,2,2,1,,30,1,0,0,0,1,2,0,size-based,30,1.4375,,,,,0
CAPIZ,"crackers, cookies, buiscuits, chips/curls",IVISAN,pieces or units,80,2,g,0,2,2,1,,32,1,0,0,0,2,2,0,size-based,32,2.5,,,,,0
CAPIZ,"crackers, cookies, buiscuits, chips/curls",IVISAN,putos,60,,g,0,,1,1,,250,3,0,1,1,1,,,price-quantity,285.535429375025,.2101315417541247,municipality_median,1,2023m12,1.1421417175001,.3333333333333333
CAPIZ,"crackers, cookies, buiscuits, chips/curls",IVISAN,putos,60,,g,0,,1,1,,250,3,0,1,1,1,,,price-quantity,285.3997995159195,.2102314020604391,municipality_median,1,2024m1,1.141599198063678,.3333333333333333
CAPIZ,"crackers, cookies, buiscuits, chips/curls",IVISAN,putos,60,,g,0,,1,1,,250,3,0,1,1,1,,,price-quantity,285.2812104966114,.2103187935004667,municipality_median,1,2024m3,1.141124841986446,.3333333333333333
CAPIZ,"crackers, cookies, buiscuits, chips/curls",IVISAN,putos,60,,g,0,,1,1,,250,3,0,1,1,1,,,price-quantity,277.0779724890035,.2165455429784526,municipality_median,1,2024m10,1.108311889956014,.3333333333333333
CAPIZ,fresh fish,IVISAN,pieces or units,50,1,g,0,3,3,1,,225,5,0,1,1,1,3,0,size-based,225,.2222222222222222,,,,,.2
CAPIZ,fresh fish,IVISAN,pieces or units,90,2,g,0,3,3,1,,492.5,6,0,0,0,2,3,0,size-based,492.5,.182741116751269,,,,,0
CAPIZ,fresh fish,IVISAN,pieces or units,200,3,g,0,3,3,1,,587.5,4,0,1,1,3,3,0,size-based,587.5,.3404255319148936,,,,,.25
CAPIZ,"ice cream, sorbet, edible ice (eg., ice-lolli, halo-halo)",IVISAN,putos,20,,mL,0,,1,1,,700,1,0,0,0,1,,,price-quantity,713.3676135546269,.0280360358670368,province_median,1,2023m12,1.019096590792324,0
CAPIZ,"ice cream, sorbet, edible ice (eg., ice-lolli, halo-halo)",IVISAN,putos,20,,mL,0,,1,1,,700,1,0,0,0,1,,,price-quantity,703.0063683317819,.0284492444178842,province_median,1,2024m1,1.004294811902546,0
CAPIZ,"ice cream, sorbet, edible ice (eg., ice-lolli, halo-halo)",IVISAN,putos,20,,mL,0,,1,1,,700,1,0,0,0,1,,,price-quantity,702.0797472816954,.0284867923870982,province_median,1,2024m3,1.002971067545279,0
CAPIZ,"ice cream, sorbet, edible ice (eg., ice-lolli, halo-halo)",IVISAN,putos,20,,mL,0,,1,1,,700,1,0,0,0,1,,,price-quantity,700.2263407956561,.0285621931578214,province_median,1,2024m10,1.000323343993794,0
CAPIZ,"ice cream, sorbet, edible ice (eg., ice-lolli, halo-halo)",IVISAN,small cup,45,1,mL,0,1,1,1,,180,1,0,0,0,1,1,0,size-based,180,.25,,,,,0
CAPIZ,"liquor (e.g, whisky, coconut wine)",IVISAN,lipid/lapad,74.75,1,mL,0,2,2,1,,437.5,6,0,0,0,1,2,0,size-based,437.5,.1708571428571428,,,,,0
CAPIZ,"liquor (e.g, whisky, coconut wine)",IVISAN,lipid/lapad,142.5,2,mL,0,2,2,1,,875,6,0,3,3,2,2,0,size-based,875,.1628571428571429,,,,,.5
CAPIZ,"liquor (e.g, whisky, coconut wine)",IVISAN,long-neck,162.5,1,mL,0,1,1,1,,750,4,0,0,0,1,1,0,size-based,750,.2166666666666667,,,,,0
CAPIZ,"liquor (e.g, whisky, coconut wine)",IVISAN,long-neck,300,,mL,0,1,1,0,"unique price, no weighing behind it",,,,,,,,,size-based,,,,,,,
CAPIZ,loaf bread,IVISAN,large packs,85,1,g,0,1,1,1,,640,3,0,0,0,1,1,0,size-based,640,.1328125,,,,,0
CAPIZ,loaf bread,IVISAN,medium packs,65,1,g,0,1,1,1,,450,4,0,0,0,1,1,0,size-based,450,.1444444444444444,,,,,0
CAPIZ,loaf bread,IVISAN,small packs,50,1,g,0,1,1,1,,360,3,0,0,0,1,1,0,size-based,360,.1388888888888889,,,,,0
CAPIZ,mango,IVISAN,pieces or units,75,1,g,0,1,1,1,,252.5,12,0,0,0,1,1,0,size-based,252.5,.297029702970297,,,,,0
CAPIZ,"prawns, lobster, shrimp",IVISAN,tumpok,52.5,1,g,1,1,2,1,,250,3,0,0,0,1,1,0,size-based,250,.21,,,,,0
CAPIZ,"preserved or processed meat (tocino, tapa, longaniza, etc)",IVISAN,bilog,48,1,g,0,1,1,1,,70,3,1,3,3,1,1,0,size-based,70,.6857142857142857,,,,,1
CAPIZ,"preserved or processed meat (tocino, tapa, longaniza, etc)",IVISAN,pack,53.75,,g,0,,1,1,,280,3,0,0,0,1,,,price-quantity,271.3163339283315,.1981082348481022,province_median,1,2023m12,.968986906886898,0
CAPIZ,"preserved or processed meat (tocino, tapa, longaniza, etc)",IVISAN,pack,53.75,,g,0,,1,1,,280,3,0,0,0,1,,,price-quantity,269.8286727613975,.1992004758053631,province_median,1,2024m1,.9636738312907054,0
CAPIZ,"preserved or processed meat (tocino, tapa, longaniza, etc)",IVISAN,pack,53.75,,g,0,,1,1,,280,3,0,0,0,1,,,price-quantity,269.6438473218108,.1993370163416011,province_median,1,2024m3,.9630137404350385,0
CAPIZ,"preserved or processed meat (tocino, tapa, longaniza, etc)",IVISAN,pack,53.75,,g,0,,1,1,,280,3,0,0,0,1,,,price-quantity,269.8286727613975,.1992004758053631,province_median,1,2024m10,.9636738312907054,0
CAPIZ,cabbage,JAMINDAN,pieces or units,55,1,g,0,2,2,1,,525,5,0,0,0,1,2,0,size-based,525,.1047619047619048,,,,,0
CAPIZ,cabbage,JAMINDAN,pieces or units,140,2,g,0,2,2,1,,1335,5,0,3,3,2,2,0,size-based,1335,.1048689138576779,,,,,.6
CAPIZ,camote tops,JAMINDAN,bugkos,10,,g,0,,1,1,,230,1,0,0,0,1,,,price-quantity,280.6238715826458,.0356348871662364,municipality_median,1,2024m1,1.220103789489764,0
CAPIZ,camote tops,JAMINDAN,bugkos,10,,g,0,,1,1,,230,1,0,0,0,1,,,price-quantity,286.9009379057305,.0348552363509031,municipality_median,1,2024m5,1.247395382198828,0
CAPIZ,camote tops,JAMINDAN,bugkos,10,,g,0,,1,1,,230,1,0,0,0,1,,,price-quantity,289.4940538969133,.0345430238216945,municipality_median,1,2024m7,1.258669799551797,0
CAPIZ,camote tops,JAMINDAN,bundle,15,1,g,1,1,1,1,,245,1,0,0,0,1,1,0,size-based,245,.0612244897959184,,,,,0
CAPIZ,carrot,JAMINDAN,pieces or units,25,,g,0,,1,1,,145,3,0,0,0,1,,,price-quantity,130.8664037894158,.1910345151703629,municipality_median,1,2024m1,.9025269226856264,0
CAPIZ,carrot,JAMINDAN,pieces or units,25,,g,0,,1,1,,145,3,0,0,0,1,,,price-quantity,158.310182096731,.1579178273241102,municipality_median,1,2024m5,1.0917943592878,0
CAPIZ,carrot,JAMINDAN,pieces or units,25,,g,0,,1,1,,145,3,0,0,0,1,,,price-quantity,151.4203700882752,.1651032815824283,municipality_median,1,2024m7,1.044278414401898,0
CAPIZ,chicken,JAMINDAN,bilog,215,1,g,0,3,3,1,,1075,1,0,0,0,1,1,2,size-based,1075,.2,,,,,0
CAPIZ,chicken,JAMINDAN,bilog,275,2,g,0,3,3,0,this part of the cut came back empty,,,,,,,,,size-based,,,,,,,
CAPIZ,chicken,JAMINDAN,bilog,451.25,3,g,0,3,3,0,this part of the cut came back empty,,,,,,,,,size-based,,,,,,,
CAPIZ,chicken,JAMINDAN,chicken wings,10,,g,0,,1,1,,15,1,1,1,1,1,,,price-quantity,14.37937286795525,.6954406212168838,province_median,1,2024m1,.9586248578636831,1
CAPIZ,chicken,JAMINDAN,chicken wings,10,,g,0,,1,1,,15,1,1,1,1,1,,,price-quantity,14.38259003613201,.69528506165287,province_median,1,2024m5,.9588393357421342,1
CAPIZ,chicken,JAMINDAN,chicken wings,10,,g,0,,1,1,,15,1,1,1,1,1,,,price-quantity,14.4164537157114,.6936518645429256,province_median,1,2024m7,.9610969143807601,1
CAPIZ,chicken,JAMINDAN,whole (chicken),195,1,g,0,3,3,1,,1245,1,0,0,0,1,1,2,size-based,1245,.1566265060240964,,,,,0
CAPIZ,chicken,JAMINDAN,whole (chicken),235,2,g,0,3,3,0,this part of the cut came back empty,,,,,,,,,size-based,,,,,,,
CAPIZ,chicken,JAMINDAN,whole (chicken),300,3,g,0,3,3,0,this part of the cut came back empty,,,,,,,,,size-based,,,,,,,
CAPIZ,"crackers, cookies, buiscuits, chips/curls",JAMINDAN,pieces or units,40,1,g,0,1,1,1,,129,2,1,0,1,1,1,0,size-based,129,.310077519379845,,,,,.5
CAPIZ,"crackers, cookies, buiscuits, chips/curls",JAMINDAN,putos,8,,g,0,,2,1,,240,1,0,0,0,1,,,price-quantity,273.9838075352828,.0291988058417277,mp25_price,1,2024m1,1.141599198063678,0
CAPIZ,"crackers, cookies, buiscuits, chips/curls",JAMINDAN,putos,8,,g,0,,2,1,,240,1,0,0,0,1,,,price-quantity,272.7394262384282,.0293320262139381,mp25_price,1,2024m5,1.136414275993451,0
CAPIZ,"crackers, cookies, buiscuits, chips/curls",JAMINDAN,putos,8,,g,0,,2,1,,240,1,0,0,0,1,,,price-quantity,272.7394262384282,.0293320262139381,mp25_price,1,2024m7,1.136414275993451,0
CAPIZ,"crackers, cookies, buiscuits, chips/curls",JAMINDAN,putos,52,,g,0,,2,1,,330,1,0,1,1,2,,,price-quantity,376.7277353610138,.1380307185245307,mp50_price,1,2024m1,1.141599198063678,1
CAPIZ,"crackers, cookies, buiscuits, chips/curls",JAMINDAN,putos,52,,g,0,,2,1,,330,1,0,1,1,2,,,price-quantity,375.0167110778387,.1386604875567981,mp50_price,1,2024m5,1.136414275993451,1
CAPIZ,"crackers, cookies, buiscuits, chips/curls",JAMINDAN,putos,52,,g,0,,2,1,,330,1,0,1,1,2,,,price-quantity,375.0167110778387,.1386604875567981,mp50_price,1,2024m7,1.136414275993451,1
CAPIZ,fresh fish,JAMINDAN,pieces or units,115,1,g,0,1,1,1,,390,5,0,0,0,1,1,0,size-based,390,.2948717948717949,,,,,0
CAPIZ,fresh fish,JAMINDAN,pieces or units,200,,g,0,1,1,0,"unique price, no weighing behind it",,,,,,,,,size-based,,,,,,,
CAPIZ,"ice cream, sorbet, edible ice (eg., ice-lolli, halo-halo)",JAMINDAN,pieces or units,40,1,mL,0,1,1,1,,90,1,0,0,0,1,1,0,size-based,90,.4444444444444444,,,,,0
CAPIZ,"ice cream, sorbet, edible ice (eg., ice-lolli, halo-halo)",JAMINDAN,putos,50,1,mL,0,1,1,1,,60,2,0,0,0,1,1,0,size-based,60,.8333333333333334,,,,,0
CAPIZ,"ice cream, sorbet, edible ice (eg., ice-lolli, halo-halo)",JAMINDAN,small cup,30,1,mL,0,1,1,1,,80,2,0,0,0,1,1,0,size-based,80,.375,,,,,0
CAPIZ,"ice cream, sorbet, edible ice (eg., ice-lolli, halo-halo)",JAMINDAN,tub,270,1,mL,0,1,1,1,,1000,3,0,0,0,1,1,0,size-based,1000,.27,,,,,0
CAPIZ,"ice cream, sorbet, edible ice (eg., ice-lolli, halo-halo)",JAMINDAN,tub,120,,mL,0,1,1,0,"unique price, no weighing behind it",,,,,,,,,size-based,,,,,,,
CAPIZ,"liquor (e.g, whisky, coconut wine)",JAMINDAN,lipid/lapad,76.25,1,mL,0,2,2,1,,375,1,0,0,0,1,1,1,size-based,375,.2033333333333333,,,,,0
CAPIZ,"liquor (e.g, whisky, coconut wine)",JAMINDAN,lipid/lapad,150,2,mL,0,2,2,0,this part of the cut came back empty,,,,,,,,,size-based,,,,,,,
CAPIZ,"liquor (e.g, whisky, coconut wine)",JAMINDAN,long-neck,155,1,mL,0,1,1,1,,750,1,0,0,0,1,1,0,size-based,750,.2066666666666667,,,,,0
CAPIZ,"liquor (e.g, whisky, coconut wine)",JAMINDAN,long-neck,390,,mL,0,1,1,0,"unique price, no weighing behind it",,,,,,,,,size-based,,,,,,,
CAPIZ,loaf bread,JAMINDAN,individual,20,1,g,0,1,1,1,,60,1,1,0,1,1,1,0,size-based,60,.3333333333333333,,,,,1
CAPIZ,loaf bread,JAMINDAN,large packs,70.83333587646484,,g,0,,1,1,,640,1,0,0,0,1,,,price-quantity,730.6234867607541,.0969491635021302,municipality_median,1,2024m1,1.141599198063678,0
CAPIZ,loaf bread,JAMINDAN,large packs,70.83333587646484,,g,0,,1,1,,640,1,0,0,0,1,,,price-quantity,727.3051366358085,.0973914967851162,municipality_median,1,2024m5,1.136414275993451,0
CAPIZ,loaf bread,JAMINDAN,large packs,70.83333587646484,,g,0,,1,1,,640,1,0,0,0,1,,,price-quantity,727.3051366358085,.0973914967851162,municipality_median,1,2024m7,1.136414275993451,0
CAPIZ,loaf bread,JAMINDAN,medium packs,65,1,g,0,1,1,1,,450,1,0,0,0,1,1,0,size-based,450,.1444444444444444,,,,,0
CAPIZ,loaf bread,JAMINDAN,small packs,50,1,g,0,1,1,1,,400,1,0,0,0,1,1,0,size-based,400,.125,,,,,0
CAPIZ,mango,JAMINDAN,pieces or units,23.33333396911621,,g,0,,1,1,,185,3,0,0,0,1,,,price-quantity,199.4551184506691,.1169853857367275,province_median,1,2024m1,1.078135775409022,0
CAPIZ,mango,JAMINDAN,pieces or units,23.33333396911621,,g,0,,1,1,,185,3,0,0,0,1,,,price-quantity,196.7579564941883,.1185890237165856,province_median,1,2024m5,1.063556521590207,0
CAPIZ,mango,JAMINDAN,pieces or units,23.33333396911621,,g,0,,1,1,,185,3,0,0,0,1,,,price-quantity,195.6994025676017,.1192304813554861,province_median,1,2024m7,1.057834608473523,0
CAPIZ,"prawns, lobster, shrimp",JAMINDAN,tumpok,50,1,g,1,1,1,1,,1000,1,0,0,0,1,1,0,size-based,1000,.05,,,,,0
CAPIZ,"preserved or processed meat (tocino, tapa, longaniza, etc)",JAMINDAN,bilog,49,1,g,0,1,1,1,,250,1,0,0,0,1,1,0,size-based,250,.196,,,,,0
CAPIZ,"preserved or processed meat (tocino, tapa, longaniza, etc)",JAMINDAN,bilog,75,,g,0,1,1,0,"unique price, no weighing behind it",,,,,,,,,size-based,,,,,,,
CAPIZ,"preserved or processed meat (tocino, tapa, longaniza, etc)",JAMINDAN,bilog,165,,g,0,1,1,0,"unique price, no weighing behind it",,,,,,,,,size-based,,,,,,,
CAPIZ,"preserved or processed meat (tocino, tapa, longaniza, etc)",JAMINDAN,putos,40,,g,0,,1,1,,250,1,0,0,0,1,,,price-quantity,240.9184578226763,.1660312802991677,municipality_median,1,2024m1,.9636738312907054,0
CAPIZ,"preserved or processed meat (tocino, tapa, longaniza, etc)",JAMINDAN,putos,40,,g,0,,1,1,,250,1,0,0,0,1,,,price-quantity,240.5886383124052,.1662588901977153,municipality_median,1,2024m5,.9623545532496206,0
CAPIZ,"preserved or processed meat (tocino, tapa, longaniza, etc)",JAMINDAN,putos,40,,g,0,,1,1,,250,1,0,0,0,1,,,price-quantity,240.9184578226763,.1660312802991677,municipality_median,1,2024m7,.9636738312907054,0
CAPIZ,rice,JAMINDAN,letse,,,g,0,,1,1,,430,1,0,1,1,1,,,conventional,430,,,,,,1
CAPIZ,cabbage,MA-AYON,pack,15,,g,0,,1,1,,145,1,0,0,0,1,,,price-quantity,182.1007349647011,.0823719904420355,municipality_median,1,2024m1,1.255867137687594,0
CAPIZ,cabbage,MA-AYON,pack,15,,g,0,,1,1,,145,1,0,0,0,1,,,price-quantity,182.397728357203,.0822378663106176,municipality_median,1,2024m2,1.25791536798071,0
CAPIZ,cabbage,MA-AYON,pack,15,,g,0,,1,1,,145,1,0,0,0,1,,,price-quantity,187.8567196911227,.0798480886106351,municipality_median,1,2024m6,1.295563584076708,0
CAPIZ,cabbage,MA-AYON,pack,15,,g,0,,1,1,,145,1,0,0,0,1,,,price-quantity,175.480701644505,.0854794849771431,municipality_median,1,2024m11,1.210211735479345,0
CAPIZ,cabbage,MA-AYON,pack,15,,g,0,,1,1,,145,1,0,0,0,1,,,price-quantity,175.5768630406268,.0854326688621219,municipality_median,1,2024m12,1.210874917521565,0
CAPIZ,cabbage,MA-AYON,pieces or units,50,1,g,0,1,1,1,,700,9,0,0,0,1,1,0,size-based,700,.0714285714285714,,,,,0
CAPIZ,camote,MA-AYON,bilog,25,1,g,0,1,1,1,,260,3,2,2,3,1,1,0,size-based,260,.0961538461538462,,,,,1
CAPIZ,camote tops,MA-AYON,bugkos,20,1,g,0,1,1,1,,360,9,2,4,5,1,1,0,size-based,360,.0555555555555556,,,,,.5555555555555556
CAPIZ,carrot,MA-AYON,pieces or units,18.75,,g,0,,1,1,,95,3,0,0,0,1,,,price-quantity,85.74005765513451,.2186842476292312,municipality_median,1,2024m1,.9025269226856264,0
CAPIZ,carrot,MA-AYON,pieces or units,18.75,,g,0,,1,1,,95,3,0,0,0,1,,,price-quantity,100.5956391963855,.1863897893565322,municipality_median,1,2024m2,1.05890146522511,0
CAPIZ,carrot,MA-AYON,pieces or units,18.75,,g,0,,1,1,,95,3,0,0,0,1,,,price-quantity,103.302647244529,.1815055131706029,municipality_median,1,2024m6,1.087396286784515,0
CAPIZ,carrot,MA-AYON,pieces or units,18.75,,g,0,,1,1,,95,3,0,0,0,1,,,price-quantity,101.1275607891455,.1854093963473954,municipality_median,1,2024m11,1.064500639885742,0
CAPIZ,carrot,MA-AYON,pieces or units,18.75,,g,0,,1,1,,95,3,0,0,0,1,,,price-quantity,101.6748152616929,.1844114489093571,municipality_median,1,2024m12,1.070261213280978,0
CAPIZ,chicken,MA-AYON,pack,150,1,g,0,1,1,1,,1347.5,4,1,3,3,1,1,0,size-based,1347.5,.111317254174397,,,,,.75
CAPIZ,chicken,MA-AYON,whole (chicken),200,,g,0,,3,1,,960,1,0,0,0,1,,,price-quantity,920.2798635491358,.2173251941302762,mp25_price,1,2024m1,.9586248578636831,0
CAPIZ,chicken,MA-AYON,whole (chicken),200,,g,0,,3,1,,960,1,0,0,0,1,,,price-quantity,919.6779896161654,.2174674203994721,mp25_price,1,2024m2,.9579979058501723,0
CAPIZ,chicken,MA-AYON,whole (chicken),200,,g,0,,3,1,,960,1,0,0,0,1,,,price-quantity,924.7189364433534,.2162819340212048,mp25_price,1,2024m6,.9632488921284932,0
CAPIZ,chicken,MA-AYON,whole (chicken),200,,g,0,,3,1,,960,1,0,0,0,1,,,price-quantity,929.434538135139,.2151846007372282,mp25_price,1,2024m11,.9681609772241031,0
CAPIZ,chicken,MA-AYON,whole (chicken),200,,g,0,,3,1,,960,1,0,0,0,1,,,price-quantity,929.9565275339091,.2150638165101834,mp25_price,1,2024m12,.9687047161811554,0
CAPIZ,chicken,MA-AYON,whole (chicken),250,,g,0,,3,1,,1080,1,0,0,0,2,,,price-quantity,1035.314846492778,.2414724379225291,mp50_price,1,2024m1,.9586248578636831,0
CAPIZ,chicken,MA-AYON,whole (chicken),250,,g,0,,3,1,,1080,1,0,0,0,2,,,price-quantity,1034.637738318186,.2416304671105245,mp50_price,1,2024m2,.9579979058501723,0
CAPIZ,chicken,MA-AYON,whole (chicken),250,,g,0,,3,1,,1080,1,0,0,0,2,,,price-quantity,1040.308803498773,.2403132600235608,mp50_price,1,2024m6,.9632488921284932,0
CAPIZ,chicken,MA-AYON,whole (chicken),250,,g,0,,3,1,,1080,1,0,0,0,2,,,price-quantity,1045.613855402031,.2390940008191425,mp50_price,1,2024m11,.9681609772241031,0
CAPIZ,chicken,MA-AYON,whole (chicken),250,,g,0,,3,1,,1080,1,0,0,0,2,,,price-quantity,1046.201093475648,.238959796122426,mp50_price,1,2024m12,.9687047161811554,0
CAPIZ,chicken,MA-AYON,whole (chicken),300,,g,0,,3,1,,1165,1,0,0,0,3,,,price-quantity,1116.797959411191,.2686251326588822,mp75_price,1,2024m1,.9586248578636831,0
CAPIZ,chicken,MA-AYON,whole (chicken),300,,g,0,,3,1,,1165,1,0,0,0,3,,,price-quantity,1116.067560315451,.2688009316525664,mp75_price,1,2024m2,.9579979058501723,0
CAPIZ,chicken,MA-AYON,whole (chicken),300,,g,0,,3,1,,1165,1,0,0,0,3,,,price-quantity,1122.184959329694,.2673356094339355,mp75_price,1,2024m6,.9632488921284932,0
CAPIZ,chicken,MA-AYON,whole (chicken),300,,g,0,,3,1,,1165,1,0,0,0,3,,,price-quantity,1127.90753846608,.2659792489799216,mp75_price,1,2024m11,.9681609772241031,0
CAPIZ,chicken,MA-AYON,whole (chicken),300,,g,0,,3,1,,1165,1,0,0,0,3,,,price-quantity,1128.540994351046,.2658299534546473,mp75_price,1,2024m12,.9687047161811554,0
CAPIZ,"crackers, cookies, buiscuits, chips/curls",MA-AYON,big can,230,1,g,0,1,1,1,,1400,5,5,0,5,1,1,0,size-based,1400,.1642857142857143,,,,,1
CAPIZ,"crackers, cookies, buiscuits, chips/curls",MA-AYON,pieces or units,36.375,1,g,0,2,2,1,,48,5,0,0,0,1,1,1,size-based,48,.7578125,,,,,0
CAPIZ,"crackers, cookies, buiscuits, chips/curls",MA-AYON,pieces or units,68.5,2,g,0,2,2,0,this part of the cut came back empty,,,,,,,,,size-based,,,,,,,
CAPIZ,"crackers, cookies, buiscuits, chips/curls",MA-AYON,putos,70,1,g,0,2,2,1,,300,5,0,3,3,1,2,0,size-based,300,.2333333333333333,,,,,.6
CAPIZ,"crackers, cookies, buiscuits, chips/curls",MA-AYON,putos,137,2,g,0,2,2,1,,330,1,0,1,1,2,2,0,size-based,330,.4151515151515152,,,,,1
CAPIZ,fresh fish,MA-AYON,pieces or units,62.5,,g,0,,2,1,,280,2,0,0,0,1,,,price-quantity,278.2089439205614,.2246512966809794,mp25_price,1,2024m1,.9936033711448622,0
CAPIZ,fresh fish,MA-AYON,pieces or units,62.5,,g,0,,2,1,,280,2,0,0,0,1,,,price-quantity,279.3686235602347,.2237187526770499,mp25_price,1,2024m2,.9977450841436952,0
CAPIZ,fresh fish,MA-AYON,pieces or units,62.5,,g,0,,2,1,,280,2,0,0,0,1,,,price-quantity,287.6854165496067,.2172511931595354,mp25_price,1,2024m6,1.027447916248595,0
CAPIZ,fresh fish,MA-AYON,pieces or units,62.5,,g,0,,2,1,,280,2,0,0,0,1,,,price-quantity,289.5953358395923,.2158183929958697,mp25_price,1,2024m11,1.034269056569973,0
CAPIZ,fresh fish,MA-AYON,pieces or units,62.5,,g,0,,2,1,,280,2,0,0,0,1,,,price-quantity,291.8919131519888,.2141203547748036,mp25_price,1,2024m12,1.04247111839996,0
CAPIZ,fresh fish,MA-AYON,pieces or units,87.5,,g,0,,2,1,,380,2,0,0,0,2,,,price-quantity,377.5692810350477,.2317455481551156,mp50_price,1,2024m1,.9936033711448622,0
CAPIZ,fresh fish,MA-AYON,pieces or units,87.5,,g,0,,2,1,,380,2,0,0,0,2,,,price-quantity,379.1431319746042,.2307835553931673,mp50_price,1,2024m2,.9977450841436952,0
CAPIZ,fresh fish,MA-AYON,pieces or units,87.5,,g,0,,2,1,,380,2,0,0,0,2,,,price-quantity,390.4302081744663,.224111757154047,mp50_price,1,2024m6,1.027447916248595,0
CAPIZ,fresh fish,MA-AYON,pieces or units,87.5,,g,0,,2,1,,380,2,0,0,0,2,,,price-quantity,393.0222414965896,.2226337106694235,mp50_price,1,2024m11,1.034269056569973,0
CAPIZ,fresh fish,MA-AYON,pieces or units,87.5,,g,0,,2,1,,380,2,0,0,0,2,,,price-quantity,396.1390249919848,.2208820501887448,mp50_price,1,2024m12,1.04247111839996,0
CAPIZ,"ice cream, sorbet, edible ice (eg., ice-lolli, halo-halo)",MA-AYON,putos,30,1,g,0,3,3,1,,43,1,0,0,0,1,1,2,size-based,43,.6976744186046512,,,,,0
CAPIZ,"ice cream, sorbet, edible ice (eg., ice-lolli, halo-halo)",MA-AYON,putos,108.75,3,g,0,3,3,0,this part of the cut came back empty,,,,,,,,,size-based,,,,,,,
CAPIZ,"ice cream, sorbet, edible ice (eg., ice-lolli, halo-halo)",MA-AYON,putos,65,2,g,0,3,3,0,this part of the cut came back empty,,,,,,,,,size-based,,,,,,,
CAPIZ,"ice cream, sorbet, edible ice (eg., ice-lolli, halo-halo)",MA-AYON,putos,30,1,mL,0,3,3,1,,70,1,0,0,0,1,1,2,size-based,70,.4285714285714285,,,,,0
CAPIZ,"ice cream, sorbet, edible ice (eg., ice-lolli, halo-halo)",MA-AYON,putos,108.75,3,mL,0,3,3,0,this part of the cut came back empty,,,,,,,,,size-based,,,,,,,
CAPIZ,"ice cream, sorbet, edible ice (eg., ice-lolli, halo-halo)",MA-AYON,putos,65,2,mL,0,3,3,0,this part of the cut came back empty,,,,,,,,,size-based,,,,,,,
CAPIZ,"ice cream, sorbet, edible ice (eg., ice-lolli, halo-halo)",MA-AYON,small cup,30,1,mL,0,1,1,1,,75,2,0,0,0,1,1,0,size-based,75,.4,,,,,0
CAPIZ,"liquor (e.g, whisky, coconut wine)",MA-AYON,lipid/lapad,80,1,mL,0,3,3,1,,375,6,0,0,0,1,1,2,size-based,375,.2133333333333333,,,,,0
CAPIZ,"liquor (e.g, whisky, coconut wine)",MA-AYON,lipid/lapad,150,2,mL,0,3,3,0,this part of the cut came back empty,,,,,,,,,size-based,,,,,,,
CAPIZ,"liquor (e.g, whisky, coconut wine)",MA-AYON,lipid/lapad,195,3,mL,0,3,3,0,this part of the cut came back empty,,,,,,,,,size-based,,,,,,,
CAPIZ,"liquor (e.g, whisky, coconut wine)",MA-AYON,long-neck,209.25,1,mL,0,2,2,1,,750,6,0,0,0,1,1,1,size-based,750,.279,,,,,0
CAPIZ,"liquor (e.g, whisky, coconut wine)",MA-AYON,long-neck,304.5,2,mL,0,2,2,0,this part of the cut came back empty,,,,,,,,,size-based,,,,,,,
CAPIZ,loaf bread,MA-AYON,large packs,77,1,g,0,1,1,1,,640,3,0,0,0,1,1,0,size-based,640,.1203125,,,,,0
CAPIZ,loaf bread,MA-AYON,medium packs,66.25,1,g,0,2,2,1,,450,3,0,0,0,1,1,1,size-based,450,.1472222222222222,,,,,0
CAPIZ,loaf bread,MA-AYON,medium packs,115,2,g,0,2,2,0,this part of the cut came back empty,,,,,,,,,size-based,,,,,,,
CAPIZ,loaf bread,MA-AYON,small packs,55,1,g,0,1,1,1,,300,1,0,0,0,1,1,0,size-based,300,.1833333333333333,,,,,0
CAPIZ,mango,MA-AYON,pieces or units,77.5,1,g,0,1,1,1,,250,6,0,0,0,1,1,0,size-based,250,.31,,,,,0
CAPIZ,pork,MA-AYON,1 order,70,1,g,0,1,1,1,,1562.5,2,2,2,2,1,1,0,size-based,1562.5,.0448,,,,,1
CAPIZ,"prawns, lobster, shrimp",MA-AYON,tumpok,50,,g,0,,1,1,,125,1,0,0,0,1,,,price-quantity,144.3943579278853,.3462739176067491,municipality_median,1,2024m1,1.155154863423083,0
CAPIZ,"prawns, lobster, shrimp",MA-AYON,tumpok,50,,g,0,,1,1,,125,1,0,0,0,1,,,price-quantity,141.1128337355239,.3543263831956693,municipality_median,1,2024m2,1.128902669884191,0
CAPIZ,"prawns, lobster, shrimp",MA-AYON,tumpok,50,,g,0,,1,1,,125,1,0,0,0,1,,,price-quantity,146.6796423835198,.3408789330782945,municipality_median,1,2024m6,1.173437139068158,0
CAPIZ,"prawns, lobster, shrimp",MA-AYON,tumpok,50,,g,0,,1,1,,125,1,0,0,0,1,,,price-quantity,145.195082111146,.3443642806147202,municipality_median,1,2024m11,1.161560656889168,0
CAPIZ,"prawns, lobster, shrimp",MA-AYON,tumpok,50,,g,0,,1,1,,125,1,0,0,0,1,,,price-quantity,145.2627253575394,.3442039234561621,municipality_median,1,2024m12,1.162101802860315,0
CAPIZ,"preserved or processed meat (tocino, tapa, longaniza, etc)",MA-AYON,bilog,48,1,g,0,1,1,1,,67.5,2,0,2,2,1,1,0,size-based,67.5,.7111111111111111,,,,,1
CAPIZ,"preserved or processed meat (tocino, tapa, longaniza, etc)",MA-AYON,putos,50,1,g,0,3,3,1,,157.5,2,0,0,0,1,3,0,size-based,157.5,.3174603174603174,,,,,0
CAPIZ,"preserved or processed meat (tocino, tapa, longaniza, etc)",MA-AYON,putos,100,2,g,0,3,3,1,,260,3,0,0,0,2,3,0,size-based,260,.3846153846153846,,,,,0
CAPIZ,"preserved or processed meat (tocino, tapa, longaniza, etc)",MA-AYON,putos,150,3,g,0,3,3,1,,385,1,0,0,0,3,3,0,size-based,385,.3896103896103896,,,,,0
CAPIZ,cabbage,MAMBUSAO,pieces or units,50,,g,0,,1,1,,695,3,0,0,0,1,,,price-quantity,847.9721336953862,.0589642017858588,municipality_median,1,2024m1,1.220103789489764,0
CAPIZ,cabbage,MAMBUSAO,pieces or units,50,,g,0,,1,1,,695,3,0,0,0,1,,,price-quantity,849.3551161461825,.0588681919370396,municipality_median,1,2024m2,1.222093692296665,0
CAPIZ,cabbage,MAMBUSAO,pieces or units,50,,g,0,,1,1,,695,3,0,0,0,1,,,price-quantity,866.9397906281857,.0576741320914223,municipality_median,1,2024m5,1.247395382198828,0
CAPIZ,cabbage,MAMBUSAO,pieces or units,50,,g,0,,1,1,,695,3,0,0,0,1,,,price-quantity,817.1452192364777,.0611886343124162,municipality_median,1,2024m11,1.175748516887018,0
CAPIZ,camote tops,MAMBUSAO,bugkos,10,,g,0,,1,1,,202.5,4,0,0,0,1,,,price-quantity,247.0710173716773,.040474192830787,municipality_median,1,2024m1,1.220103789489764,0
CAPIZ,camote tops,MAMBUSAO,bugkos,10,,g,0,,1,1,,202.5,4,0,0,0,1,,,price-quantity,247.4739726900748,.0404082897740667,municipality_median,1,2024m2,1.222093692296665,0
CAPIZ,camote tops,MAMBUSAO,bugkos,10,,g,0,,1,1,,202.5,4,0,0,0,1,,,price-quantity,252.5975648952628,.0395886635096677,municipality_median,1,2024m5,1.247395382198828,0
CAPIZ,camote tops,MAMBUSAO,bugkos,10,,g,0,,1,1,,202.5,4,0,0,0,1,,,price-quantity,238.0890746696212,.042001087256424,municipality_median,1,2024m11,1.175748516887018,0
CAPIZ,carrot,MAMBUSAO,pieces or units,25,1,g,0,1,1,1,,87.5,12,0,1,1,1,1,0,size-based,87.5,.2857142857142857,,,,,.0833333333333333
CAPIZ,chicken,MAMBUSAO,bilog,237.5,,g,0,,2,1,,1195,3,0,0,0,1,,,price-quantity,1145.556705147101,.2073227793376693,mp25_price,1,2024m1,.9586248578636831,0
CAPIZ,chicken,MAMBUSAO,bilog,237.5,,g,0,,2,1,,1195,3,0,0,0,1,,,price-quantity,1144.807497490956,.2074584596279483,mp25_price,1,2024m2,.9579979058501723,0
CAPIZ,chicken,MAMBUSAO,bilog,237.5,,g,0,,2,1,,1195,3,0,0,0,1,,,price-quantity,1145.81300621185,.2072764043630418,mp25_price,1,2024m5,.9588393357421342,0
CAPIZ,chicken,MAMBUSAO,bilog,237.5,,g,0,,2,1,,1195,3,0,0,0,1,,,price-quantity,1156.952367782803,.2052807069794478,mp25_price,1,2024m11,.9681609772241031,0
CAPIZ,chicken,MAMBUSAO,bilog,260,,g,0,,2,1,,1370,3,0,0,0,2,,,price-quantity,1313.316055273246,.1979721476456822,mp50_price,1,2024m1,.9586248578636831,0
CAPIZ,chicken,MAMBUSAO,bilog,260,,g,0,,2,1,,1370,3,0,0,0,2,,,price-quantity,1312.457131014736,.1981017085098841,mp50_price,1,2024m2,.9579979058501723,0
CAPIZ,chicken,MAMBUSAO,bilog,260,,g,0,,2,1,,1370,3,0,0,0,2,,,price-quantity,1313.609889966724,.1979278642661455,mp50_price,1,2024m5,.9588393357421342,0
CAPIZ,chicken,MAMBUSAO,bilog,260,,g,0,,2,1,,1370,3,0,0,0,2,,,price-quantity,1326.380538797021,.1960221764380006,mp50_price,1,2024m11,.9681609772241031,0
CAPIZ,chicken,MAMBUSAO,whole (chicken),235,1,g,0,2,2,1,,1120,5,0,0,0,1,2,0,size-based,1120,.2098214285714286,,,,,0
CAPIZ,chicken,MAMBUSAO,whole (chicken),290,2,g,0,2,2,1,,1380,4,0,0,0,2,2,0,size-based,1380,.2101449275362319,,,,,0
CAPIZ,"crackers, cookies, buiscuits, chips/curls",MAMBUSAO,balde,364,,g,0,,1,1,,1500,1,1,0,1,1,,,price-quantity,1712.398797095517,.2125673065277773,province_median,1,2024m1,1.141599198063678,1
CAPIZ,"crackers, cookies, buiscuits, chips/curls",MAMBUSAO,balde,364,,g,0,,1,1,,1500,1,1,0,1,1,,,price-quantity,1711.687262979669,.2126556689838053,province_median,1,2024m2,1.141124841986446,1
CAPIZ,"crackers, cookies, buiscuits, chips/curls",MAMBUSAO,balde,364,,g,0,,1,1,,1500,1,1,0,1,1,,,price-quantity,1704.621413990176,.213537150837469,province_median,1,2024m5,1.136414275993451,1
CAPIZ,"crackers, cookies, buiscuits, chips/curls",MAMBUSAO,balde,364,,g,0,,1,1,,1500,1,1,0,1,1,,,price-quantity,1662.467834934021,.2189516045671021,province_median,1,2024m11,1.108311889956014,1
CAPIZ,"crackers, cookies, buiscuits, chips/curls",MAMBUSAO,pieces or units,30,1,g,0,3,3,1,,30,7,0,0,0,1,3,0,size-based,30,1,,,,,0
CAPIZ,"crackers, cookies, buiscuits, chips/curls",MAMBUSAO,pieces or units,65,2,g,0,3,3,1,,48,7,0,0,0,2,3,0,size-based,48,1.354166666666667,,,,,0
CAPIZ,"crackers, cookies, buiscuits, chips/curls",MAMBUSAO,pieces or units,101,3,g,0,3,3,1,,90,6,2,4,4,3,3,0,size-based,90,1.122222222222222,,,,,.6666666666666666
CAPIZ,"crackers, cookies, buiscuits, chips/curls",MAMBUSAO,putos,71.5,1,g,0,2,2,1,,280,6,0,4,4,1,2,0,size-based,280,.2553571428571428,,,,,.6666666666666666
CAPIZ,"crackers, cookies, buiscuits, chips/curls",MAMBUSAO,putos,117,2,g,0,2,2,1,,319,6,1,6,6,2,2,0,size-based,319,.3667711598746082,,,,,1
CAPIZ,fresh fish,MAMBUSAO,pieces or units,80,1,g,0,1,1,1,,370,9,0,2,2,1,1,0,size-based,370,.2162162162162162,,,,,.2222222222222222
CAPIZ,"ice cream, sorbet, edible ice (eg., ice-lolli, halo-halo)",MAMBUSAO,bowl,180,1,g,0,1,1,1,,560,1,0,1,1,1,1,0,size-based,560,.3214285714285715,,,,,1
CAPIZ,"liquor (e.g, whisky, coconut wine)",MAMBUSAO,lipid/lapad,75,1,mL,0,3,3,1,,375,4,0,0,0,1,2,1,size-based,375,.2,,,,,0
CAPIZ,"liquor (e.g, whisky, coconut wine)",MAMBUSAO,lipid/lapad,135,2,mL,0,3,3,1,,750,7,0,0,0,2,2,1,size-based,750,.18,,,,,0
CAPIZ,"liquor (e.g, whisky, coconut wine)",MAMBUSAO,lipid/lapad,211.5,3,mL,0,3,3,0,this part of the cut came back empty,,,,,,,,,size-based,,,,,,,
CAPIZ,"liquor (e.g, whisky, coconut wine)",MAMBUSAO,long-neck,148,1,mL,0,1,1,1,,750,2,0,0,0,1,1,0,size-based,750,.1973333333333333,,,,,0
CAPIZ,loaf bread,MAMBUSAO,large packs,80,1,g,0,1,1,1,,500,9,0,0,0,1,1,0,size-based,500,.16,,,,,0
CAPIZ,loaf bread,MAMBUSAO,small packs,62.5,1,g,0,1,1,1,,400,1,0,0,0,1,1,0,size-based,400,.15625,,,,,0
CAPIZ,"preserved or processed meat (tocino, tapa, longaniza, etc)",MAMBUSAO,bilog,12,,g,0,,1,1,,67.5,2,0,2,2,1,,,price-quantity,65.04798361212261,.1844792003324086,province_median,1,2024m1,.9636738312907054,1
CAPIZ,"preserved or processed meat (tocino, tapa, longaniza, etc)",MAMBUSAO,bilog,12,,g,0,,1,1,,67.5,2,0,2,2,1,,,price-quantity,64.95893234434939,.1847321002196836,province_median,1,2024m2,.9623545532496206,1
CAPIZ,"preserved or processed meat (tocino, tapa, longaniza, etc)",MAMBUSAO,bilog,12,,g,0,,1,1,,67.5,2,0,2,2,1,,,price-quantity,64.95893234434939,.1847321002196836,province_median,1,2024m5,.9623545532496206,1
CAPIZ,"preserved or processed meat (tocino, tapa, longaniza, etc)",MAMBUSAO,bilog,12,,g,0,,1,1,,67.5,2,0,2,2,1,,,price-quantity,65.4517269792228,.1833412280138814,province_median,1,2024m11,.9696552145070043,1
CAPIZ,"preserved or processed meat (tocino, tapa, longaniza, etc)",MAMBUSAO,putos,50,1,g,0,3,3,1,,100,3,0,2,2,1,3,0,size-based,100,.5,,,,,.6666666666666666
CAPIZ,"preserved or processed meat (tocino, tapa, longaniza, etc)",MAMBUSAO,putos,90,2,g,0,3,3,1,,267.5,4,0,0,0,2,3,0,size-based,267.5,.3364485981308411,,,,,0
CAPIZ,"preserved or processed meat (tocino, tapa, longaniza, etc)",MAMBUSAO,putos,120,3,g,0,3,3,1,,530,2,0,1,1,3,3,0,size-based,530,.2264150943396226,,,,,.5
CAPIZ,beer,PANAY,case,630,,mL,0,,1,1,,4440,2,2,2,2,1,,,price-quantity,4611.117876804712,.13662630555794,province_median,1,2024m2,1.038540062343404,1
CAPIZ,beer,PANAY,case,630,,mL,0,,1,1,,4440,2,2,2,2,1,,,price-quantity,4611.117876804712,.13662630555794,province_median,1,2024m3,1.038540062343404,1
CAPIZ,beer,PANAY,case,630,,mL,0,,1,1,,4440,2,2,2,2,1,,,price-quantity,4611.117876804712,.13662630555794,province_median,1,2024m11,1.038540062343404,1
CAPIZ,cabbage,PANAY,pieces or units,50,1,g,0,1,1,1,,675,15,0,1,1,1,1,0,size-based,675,.0740740740740741,,,,,.0666666666666667
CAPIZ,cabbage,PANAY,putos (mix vegetable),50,,g,0,,1,1,,475,3,2,1,2,1,,,price-quantity,580.4945038409161,.0861334597815631,province_median,1,2024m2,1.222093692296665,.6666666666666666
CAPIZ,cabbage,PANAY,putos (mix vegetable),50,,g,0,,1,1,,475,3,2,1,2,1,,,price-quantity,593.3155530943939,.0842721882802982,province_median,1,2024m3,1.249085374935566,.6666666666666666
CAPIZ,cabbage,PANAY,putos (mix vegetable),50,,g,0,,1,1,,475,3,2,1,2,1,,,price-quantity,558.4805455213337,.0895286333623774,province_median,1,2024m11,1.175748516887018,.6666666666666666
CAPIZ,camote,PANAY,bilog,25,1,g,0,1,1,1,,202.5,12,2,9,9,1,1,0,size-based,202.5,.1234567901234568,,,,,.75
CAPIZ,camote tops,PANAY,bugkos,10,,g,0,,1,1,,205,5,0,0,0,1,,,price-quantity,250.5292069208164,.0399155057524317,municipality_median,1,2024m2,1.222093692296665,0
CAPIZ,camote tops,PANAY,bugkos,10,,g,0,,1,1,,205,5,0,0,0,1,,,price-quantity,256.062501861791,.039052965300626,municipality_median,1,2024m3,1.249085374935566,0
CAPIZ,camote tops,PANAY,bugkos,10,,g,0,,1,1,,205,5,0,0,0,1,,,price-quantity,241.0284459618387,.0414888788752481,municipality_median,1,2024m11,1.175748516887018,0
CAPIZ,carrot,PANAY,pieces or units,30,1,g,0,1,1,1,,155,15,2,3,3,1,1,0,size-based,155,.1935483870967742,,,,,.2
CAPIZ,chicken,PANAY,bilog,180,1,g,0,3,3,1,,700,3,0,0,0,1,3,0,size-based,700,.2571428571428571,,,,,0
CAPIZ,chicken,PANAY,bilog,230,2,g,0,3,3,1,,960,5,0,0,0,2,3,0,size-based,960,.2395833333333333,,,,,0
CAPIZ,chicken,PANAY,bilog,275,3,g,0,3,3,1,,995,1,0,0,0,3,3,0,size-based,995,.2763819095477387,,,,,0
CAPIZ,chicken,PANAY,slice,350,1,g,0,1,1,1,,250,9,0,0,0,1,1,0,size-based,250,1.4,,,,,0
CAPIZ,"crackers, cookies, buiscuits, chips/curls",PANAY,pieces or units,41.5,1,g,0,3,3,1,,30,3,0,0,0,1,2,1,size-based,30,1.383333333333333,,,,,0
CAPIZ,"crackers, cookies, buiscuits, chips/curls",PANAY,pieces or units,63,2,g,0,3,3,1,,33,2,0,0,0,2,2,1,size-based,33,1.909090909090909,,,,,0
CAPIZ,"crackers, cookies, buiscuits, chips/curls",PANAY,pieces or units,90,3,g,0,3,3,0,this part of the cut came back empty,,,,,,,,,size-based,,,,,,,
CAPIZ,"crackers, cookies, buiscuits, chips/curls",PANAY,putos,65,1,g,0,2,2,1,,300,2,0,2,2,1,2,0,size-based,300,.2166666666666667,,,,,1
CAPIZ,"crackers, cookies, buiscuits, chips/curls",PANAY,putos,130,2,g,0,2,2,1,,450,1,1,1,1,2,2,0,size-based,450,.2888888888888889,,,,,1
CAPIZ,fresh fish,PANAY,pieces or units,105,1,g,0,3,3,1,,195,3,0,0,0,1,3,0,size-based,195,.5384615384615384,,,,,0
CAPIZ,fresh fish,PANAY,pieces or units,140,2,g,0,3,3,1,,397.5,4,0,0,0,2,3,0,size-based,397.5,.3522012578616352,,,,,0
CAPIZ,fresh fish,PANAY,pieces or units,170,3,g,0,3,3,1,,600,2,0,1,1,3,3,0,size-based,600,.2833333333333333,,,,,.5
CAPIZ,"ice cream, sorbet, edible ice (eg., ice-lolli, halo-halo)",PANAY,putos,50,1,mL,0,1,1,1,,457.5,2,0,0,0,1,1,0,size-based,457.5,.1092896174863388,,,,,0
CAPIZ,"ice cream, sorbet, edible ice (eg., ice-lolli, halo-halo)",PANAY,small cup,20,1,mL,0,1,1,1,,100,1,0,0,0,1,1,0,size-based,100,.2,,,,,0
CAPIZ,"liquor (e.g, whisky, coconut wine)",PANAY,lipid/lapad,75,1,mL,0,3,3,1,,375,2,0,0,0,1,1,2,size-based,375,.2,,,,,0
CAPIZ,"liquor (e.g, whisky, coconut wine)",PANAY,lipid/lapad,135,2,mL,0,3,3,0,this part of the cut came back empty,,,,,,,,,size-based,,,,,,,
CAPIZ,"liquor (e.g, whisky, coconut wine)",PANAY,lipid/lapad,194.25,3,mL,0,3,3,0,this part of the cut came back empty,,,,,,,,,size-based,,,,,,,
CAPIZ,"liquor (e.g, whisky, coconut wine)",PANAY,long-neck,137.5,1,mL,0,2,2,1,,750,2,0,0,0,1,1,1,size-based,750,.1833333333333333,,,,,0
CAPIZ,"liquor (e.g, whisky, coconut wine)",PANAY,long-neck,300,2,mL,0,2,2,0,this part of the cut came back empty,,,,,,,,,size-based,,,,,,,
CAPIZ,loaf bread,PANAY,medium packs,60,1,g,0,1,1,1,,447.5,4,0,0,0,1,1,0,size-based,447.5,.1340782122905028,,,,,0
CAPIZ,loaf bread,PANAY,small packs,45,1,g,0,1,1,1,,220,4,0,0,0,1,1,0,size-based,220,.2045454545454546,,,,,0
CAPIZ,mango,PANAY,pieces or units,75,1,g,0,1,1,1,,222.5,12,0,0,0,1,1,0,size-based,222.5,.3370786516853932,,,,,0
CAPIZ,mango,PANAY,pieces or units,125,,g,0,1,1,0,"unique price, no weighing behind it",,,,,,,,,size-based,,,,,,,
CAPIZ,mango,PANAY,pieces or units,230,,g,0,1,1,0,"unique price, no weighing behind it",,,,,,,,,size-based,,,,,,,
CAPIZ,"prawns, lobster, shrimp",PANAY,cup,20,1,g,0,1,1,1,,147.5,2,1,1,1,1,1,0,size-based,147.5,.1355932203389831,,,,,.5
CAPIZ,"prawns, lobster, shrimp",PANAY,tumpok,50,1,g,0,1,1,1,,400,9,1,4,4,1,1,0,size-based,400,.125,,,,,.4444444444444444
CAPIZ,"preserved or processed meat (tocino, tapa, longaniza, etc)",PANAY,bilog,43.5,1,g,0,3,3,1,,50,1,1,1,1,1,2,1,size-based,50,.87,,,,,1
CAPIZ,"preserved or processed meat (tocino, tapa, longaniza, etc)",PANAY,bilog,67.5,2,g,0,3,3,1,,67.5,2,0,2,2,2,2,1,size-based,67.5,1,,,,,1
CAPIZ,"preserved or processed meat (tocino, tapa, longaniza, etc)",PANAY,bilog,92.5,3,g,0,3,3,0,this part of the cut came back empty,,,,,,,,,size-based,,,,,,,
CAPIZ,"preserved or processed meat (tocino, tapa, longaniza, etc)",PANAY,putos,55,1,g,0,3,3,1,,250,6,0,0,0,1,1,2,size-based,250,.22,,,,,0
CAPIZ,"preserved or processed meat (tocino, tapa, longaniza, etc)",PANAY,putos,141.25,3,g,0,3,3,0,this part of the cut came back empty,,,,,,,,,size-based,,,,,,,
CAPIZ,"preserved or processed meat (tocino, tapa, longaniza, etc)",PANAY,putos,100,2,g,0,3,3,0,this part of the cut came back empty,,,,,,,,,size-based,,,,,,,
CAPIZ,"preserved or processed meat (tocino, tapa, longaniza, etc)",PANAY,role,80,,g,0,,1,1,,250,1,0,0,0,1,,,price-quantity,240.5886383124052,.3325177803954305,province_median,1,2024m2,.9623545532496206,0
CAPIZ,"preserved or processed meat (tocino, tapa, longaniza, etc)",PANAY,role,80,,g,0,,1,1,,250,1,0,0,0,1,,,price-quantity,240.7534351087596,.332290170496883,province_median,1,2024m3,.9630137404350385,0
CAPIZ,"preserved or processed meat (tocino, tapa, longaniza, etc)",PANAY,role,80,,g,0,,1,1,,250,1,0,0,0,1,,,price-quantity,242.4138036267511,.3300142104249866,province_median,1,2024m11,.9696552145070043,0
CAPIZ,cabbage,PANITAN,half,25,,g,0,,1,1,,375,1,0,1,1,1,,,price-quantity,457.5389210586616,.0546401603215625,province_median,1,2024m1,1.220103789489764,1
CAPIZ,cabbage,PANITAN,half,25,,g,0,,1,1,,375,1,0,1,1,1,,,price-quantity,472.0011748319239,.0529659698599316,province_median,1,2024m6,1.258669799551797,1
CAPIZ,cabbage,PANITAN,half,25,,g,0,,1,1,,375,1,0,1,1,1,,,price-quantity,440.9056938326319,.0567014677961723,province_median,1,2024m11,1.175748516887018,1
CAPIZ,cabbage,PANITAN,pieces or units,50.5,1,g,0,2,2,1,,580,9,0,0,0,1,2,0,size-based,580,.0870689655172414,,,,,0
CAPIZ,cabbage,PANITAN,pieces or units,82.5,2,g,0,2,2,1,,942.5,8,0,0,0,2,2,0,size-based,942.5,.0875331564986737,,,,,0
CAPIZ,cabbage,PANITAN,putos (mix vegetable),10,1,g,1,1,1,1,,150,3,0,0,0,1,1,0,size-based,150,.0666666666666667,,,,,0
CAPIZ,camote,PANITAN,bilog,25,1,g,0,1,1,1,,130,9,2,3,3,1,1,0,size-based,130,.1923076923076923,,,,,.3333333333333333
CAPIZ,camote tops,PANITAN,bugkos,20,1,g,1,1,1,1,,222.5,4,0,0,0,1,1,0,size-based,222.5,.0898876404494382,,,,,0
CAPIZ,carrot,PANITAN,pieces or units,35,1,g,0,1,1,1,,110,18,0,1,1,1,1,0,size-based,110,.3181818181818182,,,,,.0555555555555556
CAPIZ,chicken,PANITAN,whole (chicken),255,1,g,0,2,2,1,,1035,5,0,0,0,1,2,0,size-based,1035,.2463768115942029,,,,,0
CAPIZ,chicken,PANITAN,whole (chicken),300,2,g,0,2,2,1,,1552.5,4,0,0,0,2,2,0,size-based,1552.5,.1932367149758454,,,,,0
CAPIZ,"crackers, cookies, buiscuits, chips/curls",PANITAN,pieces or units,27,1,g,0,2,2,1,,26.5,10,0,0,0,1,2,0,size-based,26.5,1.018867924528302,,,,,0
CAPIZ,"crackers, cookies, buiscuits, chips/curls",PANITAN,pieces or units,61.5,2,g,0,2,2,1,,90,7,1,4,4,2,2,0,size-based,90,.6833333333333333,,,,,.5714285714285714
CAPIZ,"crackers, cookies, buiscuits, chips/curls",PANITAN,putos,62.5,1,g,0,2,2,1,,250,6,0,0,0,1,2,0,size-based,250,.25,,,,,0
CAPIZ,"crackers, cookies, buiscuits, chips/curls",PANITAN,putos,114,2,g,0,2,2,1,,300,4,0,4,4,2,2,0,size-based,300,.38,,,,,1
CAPIZ,fresh fish,PANITAN,pieces or units,107.5,1,g,0,2,2,1,,120,4,0,2,2,1,2,0,size-based,120,.8958333333333334,,,,,.5
CAPIZ,fresh fish,PANITAN,pieces or units,147.5,2,g,0,2,2,1,,430,4,0,0,0,2,2,0,size-based,430,.3430232558139535,,,,,0
CAPIZ,"ice cream, sorbet, edible ice (eg., ice-lolli, halo-halo)",PANITAN,pieces or units,25,1,g,0,1,1,1,,49,1,0,0,0,1,1,0,size-based,49,.5102040816326531,,,,,0
CAPIZ,"ice cream, sorbet, edible ice (eg., ice-lolli, halo-halo)",PANITAN,pieces or units,25,1,mL,0,1,1,1,,60,6,0,0,0,1,1,0,size-based,60,.4166666666666667,,,,,0
CAPIZ,"ice cream, sorbet, edible ice (eg., ice-lolli, halo-halo)",PANITAN,small cup,30,1,g,0,1,1,1,,100,5,0,1,1,1,1,0,size-based,100,.3,,,,,.2
CAPIZ,"ice cream, sorbet, edible ice (eg., ice-lolli, halo-halo)",PANITAN,small cup,30,1,mL,0,1,1,1,,112.5,2,0,0,0,1,1,0,size-based,112.5,.2666666666666667,,,,,0
CAPIZ,"liquor (e.g, whisky, coconut wine)",PANITAN,lipid/lapad,65.5,1,mL,0,3,3,1,,375,10,0,0,0,1,2,1,size-based,375,.1746666666666667,,,,,0
CAPIZ,"liquor (e.g, whisky, coconut wine)",PANITAN,lipid/lapad,140,2,mL,0,3,3,1,,750,6,0,0,0,2,2,1,size-based,750,.1866666666666667,,,,,0
CAPIZ,"liquor (e.g, whisky, coconut wine)",PANITAN,lipid/lapad,180,3,mL,0,3,3,0,this part of the cut came back empty,,,,,,,,,size-based,,,,,,,
CAPIZ,"liquor (e.g, whisky, coconut wine)",PANITAN,long-neck,145,1,mL,0,1,1,1,,750,1,0,0,0,1,1,0,size-based,750,.1933333333333333,,,,,0
CAPIZ,loaf bread,PANITAN,small packs,20,1,g,0,1,1,1,,500,10,0,0,0,1,1,0,size-based,500,.04,,,,,0
CAPIZ,"prawns, lobster, shrimp",PANITAN,tumpok,45,1,g,1,1,1,1,,285,3,0,0,0,1,1,0,size-based,285,.1578947368421053,,,,,0
CAPIZ,"preserved or processed meat (tocino, tapa, longaniza, etc)",PANITAN,bilog,45,1,g,0,1,1,1,,275,7,0,1,1,1,1,0,size-based,275,.1636363636363636,,,,,.1428571428571428
CAPIZ,cabbage,PILAR,pieces or units,48,1,g,0,1,1,1,,760,9,0,0,0,1,1,0,size-based,760,.0631578947368421,,,,,0
CAPIZ,camote,PILAR,bilog,25,1,g,0,1,1,1,,145,3,1,1,1,1,1,0,size-based,145,.1724137931034483,,,,,.3333333333333333
CAPIZ,camote tops,PILAR,bugkos,20,1,g,1,1,1,1,,125,3,0,0,0,1,1,0,size-based,125,.16,,,,,0
CAPIZ,carrot,PILAR,pieces or units,25,1,g,0,1,1,1,,125,9,0,0,0,1,1,0,size-based,125,.2,,,,,0
CAPIZ,chicken,PILAR,whole (chicken),200,1,g,0,3,3,1,,1005,3,0,0,0,1,3,0,size-based,1005,.1990049751243781,,,,,0
CAPIZ,chicken,PILAR,whole (chicken),250,2,g,0,3,3,1,,1195,4,0,0,0,2,3,0,size-based,1195,.2092050209205021,,,,,0
CAPIZ,chicken,PILAR,whole (chicken),300,3,g,0,3,3,1,,1470,2,0,0,0,3,3,0,size-based,1470,.2040816326530612,,,,,0
CAPIZ,"crackers, cookies, buiscuits, chips/curls",PILAR,pieces or units,45,1,g,0,2,2,1,,22,8,0,2,2,1,2,0,size-based,22,2.045454545454545,,,,,.25
CAPIZ,"crackers, cookies, buiscuits, chips/curls",PILAR,pieces or units,90,2,g,0,2,2,1,,48,7,0,2,2,2,2,0,size-based,48,1.875,,,,,.2857142857142857
CAPIZ,"crackers, cookies, buiscuits, chips/curls",PILAR,putos,9.25,,g,0,,2,1,,32,5,3,4,4,1,,,price-quantity,36.51599494356626,.2533136510259528,mp25_price,1,2024m2,1.141124841986446,.8
CAPIZ,"crackers, cookies, buiscuits, chips/curls",PILAR,putos,9.25,,g,0,,2,1,,32,5,3,4,4,1,,,price-quantity,36.36525683179043,.2543636648239941,mp25_price,1,2024m5,1.136414275993451,.8
CAPIZ,"crackers, cookies, buiscuits, chips/curls",PILAR,putos,9.25,,g,0,,2,1,,32,5,3,4,4,1,,,price-quantity,36.36525683179043,.2543636648239941,mp25_price,1,2024m6,1.136414275993451,.8
CAPIZ,"crackers, cookies, buiscuits, chips/curls",PILAR,putos,9.25,,g,0,,2,1,,32,5,3,4,4,1,,,price-quantity,35.46598047859244,.2608133167383706,mp25_price,1,2024m11,1.108311889956014,.8
CAPIZ,"crackers, cookies, buiscuits, chips/curls",PILAR,putos,51,,g,0,,2,1,,245,2,0,1,1,2,,,price-quantity,279.5755862866792,.1824193617095885,mp50_price,1,2024m2,1.141124841986446,.5
CAPIZ,"crackers, cookies, buiscuits, chips/curls",PILAR,putos,51,,g,0,,2,1,,245,2,0,1,1,2,,,price-quantity,278.4214976183954,.1831755106421438,mp50_price,1,2024m5,1.136414275993451,.5
CAPIZ,"crackers, cookies, buiscuits, chips/curls",PILAR,putos,51,,g,0,,2,1,,245,2,0,1,1,2,,,price-quantity,278.4214976183954,.1831755106421438,mp50_price,1,2024m6,1.136414275993451,.5
CAPIZ,"crackers, cookies, buiscuits, chips/curls",PILAR,putos,51,,g,0,,2,1,,245,2,0,1,1,2,,,price-quantity,271.5364130392234,.1878201138078416,mp50_price,1,2024m11,1.108311889956014,.5
CAPIZ,fresh fish,PILAR,pieces or units,110,1,g,0,1,1,1,,502.5,14,0,8,8,1,1,0,size-based,502.5,.2189054726368159,,,,,.5714285714285714
CAPIZ,fresh fish,PILAR,pieces or units,80,,g,0,1,1,0,"unique price, no weighing behind it",,,,,,,,,size-based,,,,,,,
CAPIZ,fresh fish,PILAR,pieces or units,350,,g,0,1,1,0,"unique price, no weighing behind it",,,,,,,,,size-based,,,,,,,
CAPIZ,fresh fish,PILAR,pinutos / plastic,50,,g,0,,1,1,,347.5,4,4,4,4,1,,,price-quantity,346.7164167399341,.144210073668084,province_median,1,2024m2,.9977450841436952,1
CAPIZ,fresh fish,PILAR,pinutos / plastic,50,,g,0,,1,1,,347.5,4,4,4,4,1,,,price-quantity,357.4983060386573,.1398608025700501,province_median,1,2024m5,1.028772103708366,1
CAPIZ,fresh fish,PILAR,pinutos / plastic,50,,g,0,,1,1,,347.5,4,4,4,4,1,,,price-quantity,357.0381508963869,.140041056885571,province_median,1,2024m6,1.027447916248595,1
CAPIZ,fresh fish,PILAR,pinutos / plastic,50,,g,0,,1,1,,347.5,4,4,4,4,1,,,price-quantity,359.4084971580655,.1391174677153232,province_median,1,2024m11,1.034269056569973,1
CAPIZ,"ice cream, sorbet, edible ice (eg., ice-lolli, halo-halo)",PILAR,pieces or units,30,1,mL,0,1,1,1,,65,1,0,0,0,1,1,0,size-based,65,.4615384615384616,,,,,0
CAPIZ,"liquor (e.g, whisky, coconut wine)",PILAR,lipid/lapad,75,1,mL,0,3,3,1,,375,7,0,0,0,1,2,1,size-based,375,.2,,,,,0
CAPIZ,"liquor (e.g, whisky, coconut wine)",PILAR,lipid/lapad,130,2,mL,0,3,3,1,,750,4,0,0,0,2,2,1,size-based,750,.1733333333333333,,,,,0
CAPIZ,"liquor (e.g, whisky, coconut wine)",PILAR,lipid/lapad,197.5,3,mL,0,3,3,0,this part of the cut came back empty,,,,,,,,,size-based,,,,,,,
CAPIZ,loaf bread,PILAR,large packs,99,1,g,0,1,1,1,,490,10,0,0,0,1,1,0,size-based,490,.2020408163265306,,,,,0
CAPIZ,mango,PILAR,"papaya, mango, banana",350,1,g,0,1,1,1,,702.5,4,1,1,1,1,1,0,size-based,702.5,.498220640569395,,,,,.25
CAPIZ,"prawns, lobster, shrimp",PILAR,tumpok,50,1,g,1,1,1,1,,400,3,0,0,0,1,1,0,size-based,400,.125,,,,,0
CAPIZ,"preserved or processed meat (tocino, tapa, longaniza, etc)",PILAR,bilog,24,1,g,0,1,1,1,,70,3,0,3,3,1,1,0,size-based,70,.3428571428571429,,,,,1
CAPIZ,"preserved or processed meat (tocino, tapa, longaniza, etc)",PILAR,putos,52.5,1,g,0,2,2,1,,165,3,0,0,0,1,2,0,size-based,165,.3181818181818182,,,,,0
CAPIZ,"preserved or processed meat (tocino, tapa, longaniza, etc)",PILAR,putos,90,2,g,0,2,2,1,,290,3,0,0,0,2,2,0,size-based,290,.3103448275862069,,,,,0
CAPIZ,cabbage,PONTEVEDRA,pieces or units,55,1,g,0,1,1,1,,807.5,18,0,1,1,1,1,0,size-based,807.5,.0681114551083591,,,,,.0555555555555556
CAPIZ,cabbage,PONTEVEDRA,pieces or units,120,,g,0,1,1,0,"unique price, no weighing behind it",,,,,,,,,size-based,,,,,,,
CAPIZ,camote,PONTEVEDRA,bilog,25,1,g,0,1,1,1,,105,9,0,2,2,1,1,0,size-based,105,.2380952380952381,,,,,.2222222222222222
CAPIZ,camote tops,PONTEVEDRA,bugkos,20,1,g,1,1,1,1,,150,5,0,0,0,1,1,0,size-based,150,.1333333333333333,,,,,0
CAPIZ,carrot,PONTEVEDRA,pieces or units,52.5,1,g,0,2,2,1,,115,7,0,0,0,1,2,0,size-based,115,.4565217391304348,,,,,0
CAPIZ,carrot,PONTEVEDRA,pieces or units,90,2,g,0,2,2,1,,225,7,0,2,2,2,2,0,size-based,225,.4,,,,,.2857142857142857
CAPIZ,chicken,PONTEVEDRA,bilog,250,1,g,0,1,1,1,,1315,10,0,0,0,1,1,0,size-based,1315,.1901140684410646,,,,,0
CAPIZ,chicken,PONTEVEDRA,bilog,1200,,g,0,1,1,0,"unique price, no weighing behind it",,,,,,,,,size-based,,,,,,,
CAPIZ,chicken,PONTEVEDRA,bilog,210,,g,0,1,1,0,"unique price, no weighing behind it",,,,,,,,,size-based,,,,,,,
CAPIZ,fresh fish,PONTEVEDRA,pieces or units,110,1,g,0,1,1,1,,555,7,0,2,2,1,1,0,size-based,555,.1981981981981982,,,,,.2857142857142857
CAPIZ,"ice cream, sorbet, edible ice (eg., ice-lolli, halo-halo)",PONTEVEDRA,pieces or units,57.5,1,mL,0,2,2,1,,48,1,0,0,0,1,1,1,size-based,48,1.197916666666667,,,,,0
CAPIZ,"ice cream, sorbet, edible ice (eg., ice-lolli, halo-halo)",PONTEVEDRA,pieces or units,95,2,mL,0,2,2,0,this part of the cut came back empty,,,,,,,,,size-based,,,,,,,
CAPIZ,"ice cream, sorbet, edible ice (eg., ice-lolli, halo-halo)",PONTEVEDRA,putos,50,1,mL,0,1,1,1,,60,5,0,0,0,1,1,0,size-based,60,.8333333333333334,,,,,0
CAPIZ,"ice cream, sorbet, edible ice (eg., ice-lolli, halo-halo)",PONTEVEDRA,small cup,37.5,1,mL,0,1,1,1,,110,5,0,0,0,1,1,0,size-based,110,.3409090909090909,,,,,0
CAPIZ,"liquor (e.g, whisky, coconut wine)",PONTEVEDRA,lipid/lapad,80,1,mL,0,3,3,1,,375,3,0,0,0,1,1,2,size-based,375,.2133333333333333,,,,,0
CAPIZ,"liquor (e.g, whisky, coconut wine)",PONTEVEDRA,lipid/lapad,140,2,mL,0,3,3,0,this part of the cut came back empty,,,,,,,,,size-based,,,,,,,
CAPIZ,"liquor (e.g, whisky, coconut wine)",PONTEVEDRA,lipid/lapad,217.5,3,mL,0,3,3,0,this part of the cut came back empty,,,,,,,,,size-based,,,,,,,
CAPIZ,loaf bread,PONTEVEDRA,large packs,82.5,1,g,0,2,2,1,,640,2,0,0,0,1,1,1,size-based,640,.12890625,,,,,0
CAPIZ,loaf bread,PONTEVEDRA,large packs,160,2,g,0,2,2,0,this part of the cut came back empty,,,,,,,,,size-based,,,,,,,
CAPIZ,loaf bread,PONTEVEDRA,medium packs,70,1,g,0,2,2,1,,450,2,0,0,0,1,2,0,size-based,450,.1555555555555556,,,,,0
CAPIZ,loaf bread,PONTEVEDRA,medium packs,133,2,g,0,2,2,1,,500,1,0,0,0,2,2,0,size-based,500,.266,,,,,0
CAPIZ,loaf bread,PONTEVEDRA,small packs,50,1,g,0,1,1,1,,450,1,0,0,0,1,1,0,size-based,450,.1111111111111111,,,,,0
CAPIZ,"prawns, lobster, shrimp",PONTEVEDRA,tumpok,50,1,g,1,1,1,1,,225,4,0,1,1,1,1,0,size-based,225,.2222222222222222,,,,,.25
CAPIZ,"preserved or processed meat (tocino, tapa, longaniza, etc)",PONTEVEDRA,bilog,52.5,1,g,0,2,2,1,,70,2,0,2,2,1,2,0,size-based,70,.75,,,,,1
CAPIZ,"preserved or processed meat (tocino, tapa, longaniza, etc)",PONTEVEDRA,bilog,230,2,g,0,2,2,1,,250,2,0,0,0,2,2,0,size-based,250,.92,,,,,0
CAPIZ,"preserved or processed meat (tocino, tapa, longaniza, etc)",PONTEVEDRA,putos,41.25,1,g,0,3,3,1,,117,3,0,1,1,1,3,0,size-based,117,.3525641025641026,,,,,.3333333333333333
CAPIZ,"preserved or processed meat (tocino, tapa, longaniza, etc)",PONTEVEDRA,putos,70,2,g,0,3,3,1,,250,4,0,0,0,2,3,0,size-based,250,.28,,,,,0
CAPIZ,"preserved or processed meat (tocino, tapa, longaniza, etc)",PONTEVEDRA,putos,127.5,3,g,0,3,3,1,,442.5,2,0,1,1,3,3,0,size-based,442.5,.288135593220339,,,,,.5
CAPIZ,cabbage,PRESIDENT ROXAS,pieces or units,60,1,g,0,1,1,1,,717.5,8,0,0,0,1,1,0,size-based,717.5,.0836236933797909,,,,,0
CAPIZ,cabbage,PRESIDENT ROXAS,putos (mix vegetable),10,1,g,1,1,1,1,,165,1,0,0,0,1,1,0,size-based,165,.0606060606060606,,,,,0
CAPIZ,camote tops,PRESIDENT ROXAS,bugkos,20,1,g,1,1,1,1,,305,1,0,0,0,1,1,0,size-based,305,.0655737704918033,,,,,0
CAPIZ,carrot,PRESIDENT ROXAS,pieces or units,35,1,g,0,1,1,1,,190,9,1,3,3,1,1,0,size-based,190,.1842105263157895,,,,,.3333333333333333
CAPIZ,chicken,PRESIDENT ROXAS,bilog,250,1,g,0,1,1,1,,1210,1,0,0,0,1,1,0,size-based,1210,.2066115702479339,,,,,0
CAPIZ,chicken,PRESIDENT ROXAS,bilog,170,,g,0,1,1,0,"unique price, no weighing behind it",,,,,,,,,size-based,,,,,,,
CAPIZ,fresh fish,PRESIDENT ROXAS,pieces or units,110,1,g,0,2,2,1,,255,1,0,0,0,1,2,0,size-based,255,.4313725490196079,,,,,0
CAPIZ,fresh fish,PRESIDENT ROXAS,pieces or units,207.5,2,g,0,2,2,1,,835,1,0,1,1,2,2,0,size-based,835,.248502994011976,,,,,1
CAPIZ,"ice cream, sorbet, edible ice (eg., ice-lolli, halo-halo)",PRESIDENT ROXAS,pieces or units,55,1,mL,0,2,2,1,,88,1,0,0,0,1,1,1,size-based,88,.625,,,,,0
CAPIZ,"ice cream, sorbet, edible ice (eg., ice-lolli, halo-halo)",PRESIDENT ROXAS,pieces or units,110,2,mL,0,2,2,0,this part of the cut came back empty,,,,,,,,,size-based,,,,,,,
CAPIZ,"ice cream, sorbet, edible ice (eg., ice-lolli, halo-halo)",PRESIDENT ROXAS,putos,20,,mL,0,,1,1,,55,1,0,0,0,1,,,price-quantity,55.16340871499035,.3625591758357947,province_median,1,2024m5,1.002971067545279,0
CAPIZ,"ice cream, sorbet, edible ice (eg., ice-lolli, halo-halo)",PRESIDENT ROXAS,putos,20,,mL,0,,1,1,,55,1,0,0,0,1,,,price-quantity,55.16340871499035,.3625591758357947,province_median,1,2024m6,1.002971067545279,0
CAPIZ,"ice cream, sorbet, edible ice (eg., ice-lolli, halo-halo)",PRESIDENT ROXAS,small cup,33.125,1,mL,0,2,2,1,,100,2,0,0,0,1,1,1,size-based,100,.33125,,,,,0
CAPIZ,"ice cream, sorbet, edible ice (eg., ice-lolli, halo-halo)",PRESIDENT ROXAS,small cup,76.25,2,mL,0,2,2,0,this part of the cut came back empty,,,,,,,,,size-based,,,,,,,
CAPIZ,"liquor (e.g, whisky, coconut wine)",PRESIDENT ROXAS,lipid/lapad,80,1,mL,0,2,2,1,,375,6,0,0,0,1,1,1,size-based,375,.2133333333333333,,,,,0
CAPIZ,"liquor (e.g, whisky, coconut wine)",PRESIDENT ROXAS,lipid/lapad,185,2,mL,0,2,2,0,this part of the cut came back empty,,,,,,,,,size-based,,,,,,,
CAPIZ,loaf bread,PRESIDENT ROXAS,large packs,85,1,g,0,1,1,1,,600,3,0,0,0,1,1,0,size-based,600,.1416666666666667,,,,,0
CAPIZ,loaf bread,PRESIDENT ROXAS,medium packs,75,1,g,0,1,1,1,,560,3,0,0,0,1,1,0,size-based,560,.1339285714285714,,,,,0
CAPIZ,loaf bread,PRESIDENT ROXAS,small packs,42.5,1,g,0,1,1,1,,375,3,0,0,0,1,1,0,size-based,375,.1133333333333333,,,,,0
CAPIZ,mango,PRESIDENT ROXAS,pieces or units,75,1,g,0,1,1,1,,280,4,0,0,0,1,1,0,size-based,280,.2678571428571428,,,,,0
CAPIZ,mango,PRESIDENT ROXAS,pieces or units,100,,g,0,1,1,0,"unique price, no weighing behind it",,,,,,,,,size-based,,,,,,,
CAPIZ,pork,PRESIDENT ROXAS,2 slice,20,,g,0,,1,1,,87.5,2,0,2,2,1,,,price-quantity,83.89844187743674,.2383834497095554,province_median,1,2024m5,.9588393357421342,1
CAPIZ,pork,PRESIDENT ROXAS,2 slice,20,,g,0,,1,1,,87.5,2,0,2,2,1,,,price-quantity,84.28427806124316,.2372921790404075,province_median,1,2024m6,.9632488921284932,1
CAPIZ,"prawns, lobster, shrimp",PRESIDENT ROXAS,tumpok,50,1,g,1,1,1,1,,322.5,2,0,1,1,1,1,0,size-based,322.5,.1550387596899225,,,,,.5
CAPIZ,"preserved or processed meat (tocino, tapa, longaniza, etc)",PRESIDENT ROXAS,bilog,49,1,g,0,1,1,1,,65,1,0,1,1,1,1,0,size-based,65,.7538461538461538,,,,,1
CAPIZ,"preserved or processed meat (tocino, tapa, longaniza, etc)",PRESIDENT ROXAS,bilog,150,,g,0,1,1,0,"unique price, no weighing behind it",,,,,,,,,size-based,,,,,,,
CAPIZ,"preserved or processed meat (tocino, tapa, longaniza, etc)",PRESIDENT ROXAS,putos,60,1,g,0,2,2,1,,250,1,0,0,0,1,1,1,size-based,250,.24,,,,,0
CAPIZ,"preserved or processed meat (tocino, tapa, longaniza, etc)",PRESIDENT ROXAS,putos,125,2,g,0,2,2,0,this part of the cut came back empty,,,,,,,,,size-based,,,,,,,
CAPIZ,cabbage,SAPI-AN,pieces or units,50,1,g,0,1,1,1,,720,9,0,0,0,1,1,0,size-based,720,.0694444444444444,,,,,0
CAPIZ,cabbage,SAPI-AN,putos (mix vegetable),10,1,g,1,1,1,1,,162.5,2,0,0,0,1,1,0,size-based,162.5,.0615384615384615,,,,,0
CAPIZ,camote tops,SAPI-AN,bundle,20,1,g,1,1,1,1,,175,3,0,0,0,1,1,0,size-based,175,.1142857142857143,,,,,0
CAPIZ,carrot,SAPI-AN,pieces or units,25,1,g,0,1,1,1,,130,9,0,0,0,1,1,0,size-based,130,.1923076923076923,,,,,0
CAPIZ,chicken,SAPI-AN,whole (chicken),205,1,g,0,2,2,1,,1105,3,0,0,0,1,2,0,size-based,1105,.1855203619909502,,,,,0
CAPIZ,chicken,SAPI-AN,whole (chicken),265,2,g,0,2,2,1,,1335,3,0,0,0,2,2,0,size-based,1335,.198501872659176,,,,,0
CAPIZ,"crackers, cookies, buiscuits, chips/curls",SAPI-AN,pack,66.5,,g,0,,1,1,,250,5,0,0,0,1,,,price-quantity,285.3997995159195,.2330064706169867,province_median,1,2024m1,1.141599198063678,0
CAPIZ,"crackers, cookies, buiscuits, chips/curls",SAPI-AN,pack,66.5,,g,0,,1,1,,250,5,0,0,0,1,,,price-quantity,285.2812104966114,.2331033294630173,province_median,1,2024m3,1.141124841986446,0
CAPIZ,"crackers, cookies, buiscuits, chips/curls",SAPI-AN,pack,66.5,,g,0,,1,1,,250,5,0,0,0,1,,,price-quantity,284.1035689983627,.2340695691872257,province_median,1,2024m5,1.136414275993451,0
CAPIZ,"crackers, cookies, buiscuits, chips/curls",SAPI-AN,pack,66.5,,g,0,,1,1,,250,5,0,0,0,1,,,price-quantity,277.0779724890035,.2400046434677849,province_median,1,2024m11,1.108311889956014,0
CAPIZ,"crackers, cookies, buiscuits, chips/curls",SAPI-AN,pieces or units,34.75,1,g,0,2,2,1,,25,3,0,0,0,1,2,0,size-based,25,1.39,,,,,0
CAPIZ,"crackers, cookies, buiscuits, chips/curls",SAPI-AN,pieces or units,124,2,g,0,2,2,1,,33,3,0,0,0,2,2,0,size-based,33,3.757575757575758,,,,,0
CAPIZ,fresh fish,SAPI-AN,pieces or units,110,1,g,0,1,1,1,,195,9,1,5,5,1,1,0,size-based,195,.5641025641025641,,,,,.5555555555555556
CAPIZ,fresh fish,SAPI-AN,pieces or units,50,,g,0,1,1,0,"unique price, no weighing behind it",,,,,,,,,size-based,,,,,,,
CAPIZ,fresh fish,SAPI-AN,pieces or units,85,,g,0,1,1,0,"unique price, no weighing behind it",,,,,,,,,size-based,,,,,,,
CAPIZ,"ice cream, sorbet, edible ice (eg., ice-lolli, halo-halo)",SAPI-AN,putos,20,,g,0,,1,1,,52,1,0,0,0,1,,,price-quantity,52.22333021893238,.3829705979330567,province_median,1,2024m1,1.004294811902546,0
CAPIZ,"ice cream, sorbet, edible ice (eg., ice-lolli, halo-halo)",SAPI-AN,putos,20,,g,0,,1,1,,52,1,0,0,0,1,,,price-quantity,52.15449551235452,.3834760513647829,province_median,1,2024m3,1.002971067545279,0
CAPIZ,"ice cream, sorbet, edible ice (eg., ice-lolli, halo-halo)",SAPI-AN,putos,20,,g,0,,1,1,,52,1,0,0,0,1,,,price-quantity,52.15449551235452,.3834760513647829,province_median,1,2024m5,1.002971067545279,0
CAPIZ,"ice cream, sorbet, edible ice (eg., ice-lolli, halo-halo)",SAPI-AN,putos,20,,g,0,,1,1,,52,1,0,0,0,1,,,price-quantity,52.01681388767731,.3844910617399034,province_median,1,2024m11,1.000323343993794,0
CAPIZ,"ice cream, sorbet, edible ice (eg., ice-lolli, halo-halo)",SAPI-AN,putos,20,,mL,0,,1,1,,65,3,0,0,0,1,,,price-quantity,65.27916277366546,.3063764783464454,province_median,1,2024m1,1.004294811902546,0
CAPIZ,"ice cream, sorbet, edible ice (eg., ice-lolli, halo-halo)",SAPI-AN,putos,20,,mL,0,,1,1,,65,3,0,0,0,1,,,price-quantity,65.19311939044314,.3067808410918264,province_median,1,2024m3,1.002971067545279,0
CAPIZ,"ice cream, sorbet, edible ice (eg., ice-lolli, halo-halo)",SAPI-AN,putos,20,,mL,0,,1,1,,65,3,0,0,0,1,,,price-quantity,65.19311939044314,.3067808410918264,province_median,1,2024m5,1.002971067545279,0
CAPIZ,"ice cream, sorbet, edible ice (eg., ice-lolli, halo-halo)",SAPI-AN,putos,20,,mL,0,,1,1,,65,3,0,0,0,1,,,price-quantity,65.02101735959664,.3075928493919227,province_median,1,2024m11,1.000323343993794,0
CAPIZ,"ice cream, sorbet, edible ice (eg., ice-lolli, halo-halo)",SAPI-AN,small cup,20,1,mL,0,2,2,1,,87.5,2,0,0,0,1,2,0,size-based,87.5,.2285714285714286,,,,,0
CAPIZ,"ice cream, sorbet, edible ice (eg., ice-lolli, halo-halo)",SAPI-AN,small cup,70,2,mL,0,2,2,1,,120,1,0,0,0,2,2,0,size-based,120,.5833333333333334,,,,,0
CAPIZ,"liquor (e.g, whisky, coconut wine)",SAPI-AN,lipid/lapad,455,1,mL,0,1,1,1,,375,6,0,0,0,1,1,0,size-based,375,1.213333333333333,,,,,0
CAPIZ,"liquor (e.g, whisky, coconut wine)",SAPI-AN,long-neck,155,1,mL,0,1,1,1,,750,5,0,0,0,1,1,0,size-based,750,.2066666666666667,,,,,0
CAPIZ,loaf bread,SAPI-AN,large packs,85,1,g,0,1,1,1,,640,3,0,0,0,1,1,0,size-based,640,.1328125,,,,,0
CAPIZ,loaf bread,SAPI-AN,medium packs,66.875,1,g,0,2,2,1,,415,2,0,0,0,1,2,0,size-based,415,.161144578313253,,,,,0
CAPIZ,loaf bread,SAPI-AN,medium packs,117.5,2,g,0,2,2,1,,450,2,0,0,0,2,2,0,size-based,450,.2611111111111111,,,,,0
CAPIZ,mango,SAPI-AN,pieces or units,75,1,g,0,1,1,1,,345,3,0,0,0,1,1,0,size-based,345,.2173913043478261,,,,,0
CAPIZ,mango,SAPI-AN,pieces or units,50,,g,0,1,1,0,"unique price, no weighing behind it",,,,,,,,,size-based,,,,,,,
CAPIZ,"mineral or spring water, all drinking water sold in containers",SAPI-AN,refilled,10,1,mL,0,1,1,1,,1000,4,0,4,4,1,1,0,size-based,1000,.01,,,,,1
CAPIZ,"prawns, lobster, shrimp",SAPI-AN,tumpok,30,1,g,1,1,1,1,,95,1,0,0,0,1,1,0,size-based,95,.3157894736842105,,,,,0
CAPIZ,"preserved or processed meat (tocino, tapa, longaniza, etc)",SAPI-AN,bilog,75,1,g,0,1,1,1,,70,3,1,3,3,1,1,0,size-based,70,1.071428571428571,,,,,1
CAPIZ,"preserved or processed meat (tocino, tapa, longaniza, etc)",SAPI-AN,putos,50,,g,0,,1,1,,250,3,0,0,0,1,,,price-quantity,240.9184578226763,.2075391003739597,municipality_median,1,2024m1,.9636738312907054,0
CAPIZ,"preserved or processed meat (tocino, tapa, longaniza, etc)",SAPI-AN,putos,50,,g,0,,1,1,,250,3,0,0,0,1,,,price-quantity,240.7534351087596,.2076813565605519,municipality_median,1,2024m3,.9630137404350385,0
CAPIZ,"preserved or processed meat (tocino, tapa, longaniza, etc)",SAPI-AN,putos,50,,g,0,,1,1,,250,3,0,0,0,1,,,price-quantity,240.5886383124052,.2078236127471441,municipality_median,1,2024m5,.9623545532496206,0
CAPIZ,"preserved or processed meat (tocino, tapa, longaniza, etc)",SAPI-AN,putos,50,,g,0,,1,1,,250,3,0,0,0,1,,,price-quantity,242.4138036267511,.2062588815156166,municipality_median,1,2024m11,.9696552145070043,0
CAPIZ,rice,SAPI-AN,gantang,,,g,0,,1,1,,2250,3,0,0,0,1,,,conventional,2250,,,,,,0
CAPIZ,cabbage,SIGMA,half,57,1,g,0,1,1,1,,275,3,0,1,1,1,1,0,size-based,275,.2072727272727273,,,,,.3333333333333333
CAPIZ,cabbage,SIGMA,pieces or units,60,1,g,0,1,1,1,,655,9,0,0,0,1,1,0,size-based,655,.0916030534351145,,,,,0
CAPIZ,cabbage,SIGMA,putos (mix vegetable),20,,g,0,,1,1,,165,3,0,0,0,1,,,price-quantity,201.3171252658111,.0993457460392045,province_median,1,2024m1,1.220103789489764,0
CAPIZ,cabbage,SIGMA,putos (mix vegetable),20,,g,0,,1,1,,165,3,0,0,0,1,,,price-quantity,201.6454592289498,.0991839839908909,province_median,1,2024m2,1.222093692296665,0
CAPIZ,cabbage,SIGMA,putos (mix vegetable),20,,g,0,,1,1,,165,3,0,0,0,1,,,price-quantity,205.8043499241961,.0971796757812291,province_median,1,2024m4,1.247299090449673,0
CAPIZ,cabbage,SIGMA,putos (mix vegetable),20,,g,0,,1,1,,165,3,0,0,0,1,,,price-quantity,205.8202380628067,.0971721740691843,province_median,1,2024m5,1.247395382198828,0
CAPIZ,cabbage,SIGMA,putos (mix vegetable),20,,g,0,,1,1,,165,3,0,0,0,1,,,price-quantity,207.6805169260465,.0963017633816939,province_median,1,2024m6,1.258669799551797,0
CAPIZ,cabbage,SIGMA,putos (mix vegetable),20,,g,0,,1,1,,165,3,0,0,0,1,,,price-quantity,203.3342393622068,.0983602174564081,province_median,1,2024m10,1.232328723407314,0
CAPIZ,cabbage,SIGMA,putos (mix vegetable),20,,g,0,,1,1,,165,3,0,0,0,1,,,price-quantity,193.998505286358,.1030935778112225,province_median,1,2024m11,1.175748516887018,0
CAPIZ,camote tops,SIGMA,bugkos,20,1,g,1,1,1,1,,200,3,0,0,0,1,1,0,size-based,200,.1,,,,,0
CAPIZ,carrot,SIGMA,pieces or units,20,,g,0,,1,1,,105,3,0,0,0,1,,,price-quantity,94.76532688199077,.2110476548548771,municipality_median,1,2024m1,.9025269226856264,0
CAPIZ,carrot,SIGMA,pieces or units,20,,g,0,,1,1,,105,3,0,0,0,1,,,price-quantity,111.1846538486366,.1798809395694787,municipality_median,1,2024m2,1.05890146522511,0
CAPIZ,carrot,SIGMA,pieces or units,20,,g,0,,1,1,,105,3,0,0,0,1,,,price-quantity,115.8404900368893,.1726512033368559,municipality_median,1,2024m4,1.103242762256088,0
CAPIZ,carrot,SIGMA,pieces or units,20,,g,0,,1,1,,105,3,0,0,0,1,,,price-quantity,114.638407725219,.1744615997104456,municipality_median,1,2024m5,1.0917943592878,0
CAPIZ,carrot,SIGMA,pieces or units,20,,g,0,,1,1,,105,3,0,0,0,1,,,price-quantity,114.1766101123741,.1751672254090898,municipality_median,1,2024m6,1.087396286784515,0
CAPIZ,carrot,SIGMA,pieces or units,20,,g,0,,1,1,,105,3,0,0,0,1,,,price-quantity,113.5228047204856,.1761760559849075,municipality_median,1,2024m10,1.08116956876653,0
CAPIZ,carrot,SIGMA,pieces or units,20,,g,0,,1,1,,105,3,0,0,0,1,,,price-quantity,111.7725671880029,.1789347825066927,municipality_median,1,2024m11,1.064500639885742,0
CAPIZ,chicken,SIGMA,whole (chicken),205,,g,0,,3,1,,935,2,0,0,0,1,,,price-quantity,896.3142421025437,.2287144289028789,mp25_price,1,2024m1,.9586248578636831,0
CAPIZ,chicken,SIGMA,whole (chicken),205,,g,0,,3,1,,935,2,0,0,0,1,,,price-quantity,895.7280419699111,.2288641087412626,mp25_price,1,2024m2,.9579979058501723,0
CAPIZ,chicken,SIGMA,whole (chicken),205,,g,0,,3,1,,935,2,0,0,0,1,,,price-quantity,892.7661863385839,.2296233920336374,mp25_price,1,2024m4,.9548301458166673,0
CAPIZ,chicken,SIGMA,whole (chicken),205,,g,0,,3,1,,935,2,0,0,0,1,,,price-quantity,896.5147789188954,.2286632689393129,mp25_price,1,2024m5,.9588393357421342,0
CAPIZ,chicken,SIGMA,whole (chicken),205,,g,0,,3,1,,935,2,0,0,0,1,,,price-quantity,900.6377141401412,.2276164952693748,mp25_price,1,2024m6,.9632488921284932,0
CAPIZ,chicken,SIGMA,whole (chicken),205,,g,0,,3,1,,935,2,0,0,0,1,,,price-quantity,898.3834039243551,.2281876525150739,mp25_price,1,2024m10,.960837865159738,0
CAPIZ,chicken,SIGMA,whole (chicken),205,,g,0,,3,1,,935,2,0,0,0,1,,,price-quantity,905.2305137045364,.226461654679607,mp25_price,1,2024m11,.9681609772241031,0
CAPIZ,chicken,SIGMA,whole (chicken),250,,g,0,,3,1,,1117.5,2,0,0,0,2,,,price-quantity,1071.263278662666,.23336933597882,mp50_price,1,2024m1,.9586248578636831,0
CAPIZ,chicken,SIGMA,whole (chicken),250,,g,0,,3,1,,1117.5,2,0,0,0,2,,,price-quantity,1070.562659787568,.2335220621739298,mp50_price,1,2024m2,.9579979058501723,0
CAPIZ,chicken,SIGMA,whole (chicken),250,,g,0,,3,1,,1117.5,2,0,0,0,2,,,price-quantity,1067.022687950126,.2342967987684301,mp50_price,1,2024m4,.9548301458166673,0
CAPIZ,chicken,SIGMA,whole (chicken),250,,g,0,,3,1,,1117.5,2,0,0,0,2,,,price-quantity,1071.502957691835,.2333171347828422,mp50_price,1,2024m5,.9588393357421342,0
CAPIZ,chicken,SIGMA,whole (chicken),250,,g,0,,3,1,,1117.5,2,0,0,0,2,,,price-quantity,1076.430636953591,.2322490566670655,mp50_price,1,2024m6,.9632488921284932,0
CAPIZ,chicken,SIGMA,whole (chicken),250,,g,0,,3,1,,1117.5,2,0,0,0,2,,,price-quantity,1073.736314316007,.232831838382271,mp50_price,1,2024m10,.960837865159738,0
CAPIZ,chicken,SIGMA,whole (chicken),250,,g,0,,3,1,,1117.5,2,0,0,0,2,,,price-quantity,1081.919892047935,.2310707122010504,mp50_price,1,2024m11,.9681609772241031,0
CAPIZ,chicken,SIGMA,whole (chicken),300,,g,0,,3,1,,1215,2,0,0,0,3,,,price-quantity,1164.729202304375,.2575706004506977,mp75_price,1,2024m1,.9586248578636831,0
CAPIZ,chicken,SIGMA,whole (chicken),300,,g,0,,3,1,,1215,2,0,0,0,3,,,price-quantity,1163.967455607959,.2577391649178928,mp75_price,1,2024m2,.9579979058501723,0
CAPIZ,chicken,SIGMA,whole (chicken),300,,g,0,,3,1,,1215,2,0,0,0,3,,,price-quantity,1160.118627167251,.2585942445666377,mp75_price,1,2024m4,.9548301458166673,0
CAPIZ,chicken,SIGMA,whole (chicken),300,,g,0,,3,1,,1215,2,0,0,0,3,,,price-quantity,1164.989792926693,.2575129857973593,mp75_price,1,2024m5,.9588393357421342,0
CAPIZ,chicken,SIGMA,whole (chicken),300,,g,0,,3,1,,1215,2,0,0,0,3,,,price-quantity,1170.347403936119,.2563341440251315,mp75_price,1,2024m6,.9632488921284932,0
CAPIZ,chicken,SIGMA,whole (chicken),300,,g,0,,3,1,,1215,2,0,0,0,3,,,price-quantity,1167.418006169082,.2569773623626547,mp75_price,1,2024m10,.960837865159738,0
CAPIZ,chicken,SIGMA,whole (chicken),300,,g,0,,3,1,,1215,2,0,0,0,3,,,price-quantity,1176.315587327285,.2550336008737519,mp75_price,1,2024m11,.9681609772241031,0
CAPIZ,"crackers, cookies, buiscuits, chips/curls",SIGMA,pieces or units,8,,g,0,,1,1,,31,1,0,0,0,1,,,price-quantity,35.40668717290783,.2259460186413986,municipality_median,1,2024m1,1.142151199126059,0
CAPIZ,"crackers, cookies, buiscuits, chips/curls",SIGMA,pieces or units,8,,g,0,,1,1,,31,1,0,0,0,1,,,price-quantity,35.39197502414001,.2260399425164432,municipality_median,1,2024m2,1.141676613681936,0
CAPIZ,"crackers, cookies, buiscuits, chips/curls",SIGMA,pieces or units,8,,g,0,,1,1,,31,1,0,0,0,1,,,price-quantity,35.39197502414001,.2260399425164432,municipality_median,1,2024m4,1.141676613681936,0
CAPIZ,"crackers, cookies, buiscuits, chips/curls",SIGMA,pieces or units,8,,g,0,,1,1,,31,1,0,0,0,1,,,price-quantity,35.24587686919718,.2269769037010831,municipality_median,1,2024m5,1.136963769974103,0
CAPIZ,"crackers, cookies, buiscuits, chips/curls",SIGMA,pieces or units,8,,g,0,,1,1,,31,1,0,0,0,1,,,price-quantity,35.24587686919718,.2269769037010831,municipality_median,1,2024m6,1.136963769974103,0
CAPIZ,"crackers, cookies, buiscuits, chips/curls",SIGMA,pieces or units,8,,g,0,,1,1,,31,1,0,0,0,1,,,price-quantity,34.37428166053945,.2327321361651534,municipality_median,1,2024m10,1.108847795501272,0
CAPIZ,"crackers, cookies, buiscuits, chips/curls",SIGMA,pieces or units,8,,g,0,,1,1,,31,1,0,0,0,1,,,price-quantity,34.37428166053945,.2327321361651534,municipality_median,1,2024m11,1.108847795501272,0
CAPIZ,"crackers, cookies, buiscuits, chips/curls",SIGMA,putos,60,,g,0,,1,1,,300,1,0,1,1,1,,,price-quantity,342.6453597378177,.1751081644470839,municipality_median,1,2024m1,1.142151199126059,1
CAPIZ,"crackers, cookies, buiscuits, chips/curls",SIGMA,putos,60,,g,0,,1,1,,300,1,0,1,1,1,,,price-quantity,342.5029841045807,.1751809554502435,municipality_median,1,2024m2,1.141676613681936,1
CAPIZ,"crackers, cookies, buiscuits, chips/curls",SIGMA,putos,60,,g,0,,1,1,,300,1,0,1,1,1,,,price-quantity,342.5029841045807,.1751809554502435,municipality_median,1,2024m4,1.141676613681936,1
CAPIZ,"crackers, cookies, buiscuits, chips/curls",SIGMA,putos,60,,g,0,,1,1,,300,1,0,1,1,1,,,price-quantity,341.0891309922308,.1759071003683394,municipality_median,1,2024m5,1.136963769974103,1
CAPIZ,"crackers, cookies, buiscuits, chips/curls",SIGMA,putos,60,,g,0,,1,1,,300,1,0,1,1,1,,,price-quantity,341.0891309922308,.1759071003683394,municipality_median,1,2024m6,1.136963769974103,1
CAPIZ,"crackers, cookies, buiscuits, chips/curls",SIGMA,putos,60,,g,0,,1,1,,300,1,0,1,1,1,,,price-quantity,332.6543386503817,.1803674055279939,municipality_median,1,2024m10,1.108847795501272,1
CAPIZ,"crackers, cookies, buiscuits, chips/curls",SIGMA,putos,60,,g,0,,1,1,,300,1,0,1,1,1,,,price-quantity,332.6543386503817,.1803674055279939,municipality_median,1,2024m11,1.108847795501272,1
CAPIZ,fresh fish,SIGMA,pack,50,,g,0,,1,1,,580,3,3,3,3,1,,,price-quantity,576.28995526402,.0867618800974817,province_median,1,2024m1,.9936033711448622,1
CAPIZ,fresh fish,SIGMA,pack,50,,g,0,,1,1,,580,3,3,3,3,1,,,price-quantity,578.6921488033432,.0864017251718262,province_median,1,2024m2,.9977450841436952,1
CAPIZ,fresh fish,SIGMA,pack,50,,g,0,,1,1,,580,3,3,3,3,1,,,price-quantity,595.0754311240177,.084022961434581,province_median,1,2024m4,1.025992122627617,1
CAPIZ,fresh fish,SIGMA,pack,50,,g,0,,1,1,,580,3,3,3,3,1,,,price-quantity,596.6878201508525,.0837959118846421,province_median,1,2024m5,1.028772103708366,1
CAPIZ,fresh fish,SIGMA,pack,50,,g,0,,1,1,,580,3,3,3,3,1,,,price-quantity,595.9197914241854,.0839039090823033,province_median,1,2024m6,1.027447916248595,1
CAPIZ,fresh fish,SIGMA,pack,50,,g,0,,1,1,,580,3,3,3,3,1,,,price-quantity,599.1049884197363,.0834578262015233,province_median,1,2024m10,1.032939635206442,1
CAPIZ,fresh fish,SIGMA,pack,50,,g,0,,1,1,,580,3,3,3,3,1,,,price-quantity,599.8760528105842,.0833505517777152,province_median,1,2024m11,1.034269056569973,1
CAPIZ,fresh fish,SIGMA,pieces or units,95,1,g,0,3,3,1,,115,3,0,3,3,1,3,0,size-based,115,.8260869565217391,,,,,1
CAPIZ,fresh fish,SIGMA,pieces or units,120,2,g,0,3,3,1,,312.5,4,0,0,0,2,3,0,size-based,312.5,.384,,,,,0
CAPIZ,fresh fish,SIGMA,pieces or units,145,3,g,0,3,3,1,,770,2,1,1,1,3,3,0,size-based,770,.1883116883116883,,,,,.5
CAPIZ,"ice cream, sorbet, edible ice (eg., ice-lolli, halo-halo)",SIGMA,pieces or units,12.5,,g,0,,1,1,,40,2,0,1,1,1,,,price-quantity,40.17179247610183,.3111636108206086,municipality_median,1,2024m1,1.004294811902546,.5
CAPIZ,"ice cream, sorbet, edible ice (eg., ice-lolli, halo-halo)",SIGMA,pieces or units,12.5,,g,0,,1,1,,40,2,0,1,1,1,,,price-quantity,40.11884270181117,.3115742917338861,municipality_median,1,2024m2,1.002971067545279,.5
CAPIZ,"ice cream, sorbet, edible ice (eg., ice-lolli, halo-halo)",SIGMA,pieces or units,12.5,,g,0,,1,1,,40,2,0,1,1,1,,,price-quantity,40.11884270181117,.3115742917338861,municipality_median,1,2024m4,1.002971067545279,.5
CAPIZ,"ice cream, sorbet, edible ice (eg., ice-lolli, halo-halo)",SIGMA,pieces or units,12.5,,g,0,,1,1,,40,2,0,1,1,1,,,price-quantity,40.11884270181117,.3115742917338861,municipality_median,1,2024m5,1.002971067545279,.5
CAPIZ,"ice cream, sorbet, edible ice (eg., ice-lolli, halo-halo)",SIGMA,pieces or units,12.5,,g,0,,1,1,,40,2,0,1,1,1,,,price-quantity,40.11884270181117,.3115742917338861,municipality_median,1,2024m6,1.002971067545279,.5
CAPIZ,"ice cream, sorbet, edible ice (eg., ice-lolli, halo-halo)",SIGMA,pieces or units,12.5,,g,0,,1,1,,40,2,0,1,1,1,,,price-quantity,40.01293375975177,.3123989876636715,municipality_median,1,2024m10,1.000323343993794,.5
CAPIZ,"ice cream, sorbet, edible ice (eg., ice-lolli, halo-halo)",SIGMA,pieces or units,12.5,,g,0,,1,1,,40,2,0,1,1,1,,,price-quantity,40.01293375975177,.3123989876636715,municipality_median,1,2024m11,1.000323343993794,.5
CAPIZ,"ice cream, sorbet, edible ice (eg., ice-lolli, halo-halo)",SIGMA,pieces or units,12.5,,mL,0,,1,1,,35,1,0,1,1,1,,,price-quantity,35.1503184165891,.3556155552235526,municipality_median,1,2024m1,1.004294811902546,1
CAPIZ,"ice cream, sorbet, edible ice (eg., ice-lolli, halo-halo)",SIGMA,pieces or units,12.5,,mL,0,,1,1,,35,1,0,1,1,1,,,price-quantity,35.10398736408477,.356084904838727,municipality_median,1,2024m2,1.002971067545279,1
CAPIZ,"ice cream, sorbet, edible ice (eg., ice-lolli, halo-halo)",SIGMA,pieces or units,12.5,,mL,0,,1,1,,35,1,0,1,1,1,,,price-quantity,35.10398736408477,.356084904838727,municipality_median,1,2024m4,1.002971067545279,1
CAPIZ,"ice cream, sorbet, edible ice (eg., ice-lolli, halo-halo)",SIGMA,pieces or units,12.5,,mL,0,,1,1,,35,1,0,1,1,1,,,price-quantity,35.10398736408477,.356084904838727,municipality_median,1,2024m5,1.002971067545279,1
CAPIZ,"ice cream, sorbet, edible ice (eg., ice-lolli, halo-halo)",SIGMA,pieces or units,12.5,,mL,0,,1,1,,35,1,0,1,1,1,,,price-quantity,35.10398736408477,.356084904838727,municipality_median,1,2024m6,1.002971067545279,1
CAPIZ,"ice cream, sorbet, edible ice (eg., ice-lolli, halo-halo)",SIGMA,pieces or units,12.5,,mL,0,,1,1,,35,1,0,1,1,1,,,price-quantity,35.0113170397828,.3570274144727674,municipality_median,1,2024m10,1.000323343993794,1
CAPIZ,"ice cream, sorbet, edible ice (eg., ice-lolli, halo-halo)",SIGMA,pieces or units,12.5,,mL,0,,1,1,,35,1,0,1,1,1,,,price-quantity,35.0113170397828,.3570274144727674,municipality_median,1,2024m11,1.000323343993794,1
CAPIZ,"ice cream, sorbet, edible ice (eg., ice-lolli, halo-halo)",SIGMA,small cup,40,1,g,0,2,2,1,,100,1,0,0,0,1,2,0,size-based,100,.4,,,,,0
CAPIZ,"ice cream, sorbet, edible ice (eg., ice-lolli, halo-halo)",SIGMA,small cup,73.75,2,g,0,2,2,1,,110,1,0,0,0,2,2,0,size-based,110,.6704545454545454,,,,,0
CAPIZ,"ice cream, sorbet, edible ice (eg., ice-lolli, halo-halo)",SIGMA,small cup,40,1,mL,0,2,2,1,,67.5,2,0,1,1,1,2,0,size-based,67.5,.5925925925925926,,,,,.5
CAPIZ,"ice cream, sorbet, edible ice (eg., ice-lolli, halo-halo)",SIGMA,small cup,73.75,2,mL,0,2,2,1,,120,1,0,0,0,2,2,0,size-based,120,.6145833333333334,,,,,0
CAPIZ,"ice cream, sorbet, edible ice (eg., ice-lolli, halo-halo)",SIGMA,tub,270,1,g,0,1,1,1,,700,1,0,0,0,1,1,0,size-based,700,.3857142857142857,,,,,0
CAPIZ,"ice cream, sorbet, edible ice (eg., ice-lolli, halo-halo)",SIGMA,tub,420,,g,0,1,1,0,"unique price, no weighing behind it",,,,,,,,,size-based,,,,,,,
CAPIZ,"ice cream, sorbet, edible ice (eg., ice-lolli, halo-halo)",SIGMA,tub,270,1,mL,0,1,1,1,,1125,6,0,1,1,1,1,0,size-based,1125,.24,,,,,.1666666666666667
CAPIZ,"ice cream, sorbet, edible ice (eg., ice-lolli, halo-halo)",SIGMA,tub,420,,mL,0,1,1,0,"unique price, no weighing behind it",,,,,,,,,size-based,,,,,,,
CAPIZ,"liquor (e.g, whisky, coconut wine)",SIGMA,lipid/lapad,70,,mL,0,,1,1,,375,1,0,0,0,1,,,price-quantity,426.9910317882201,.1639378693900034,municipality_median,1,2024m1,1.138642751435254,0
CAPIZ,"liquor (e.g, whisky, coconut wine)",SIGMA,lipid/lapad,70,,mL,0,,1,1,,375,1,0,0,0,1,,,price-quantity,424.9736456524648,.1647160964358826,municipality_median,1,2024m2,1.133263055073239,0
CAPIZ,"liquor (e.g, whisky, coconut wine)",SIGMA,lipid/lapad,70,,mL,0,,1,1,,375,1,0,0,0,1,,,price-quantity,424.9736456524648,.1647160964358826,municipality_median,1,2024m4,1.133263055073239,0
CAPIZ,"liquor (e.g, whisky, coconut wine)",SIGMA,lipid/lapad,70,,mL,0,,1,1,,375,1,0,0,0,1,,,price-quantity,422.0320351458279,.1658641860583223,municipality_median,1,2024m5,1.125418760388874,0
CAPIZ,"liquor (e.g, whisky, coconut wine)",SIGMA,lipid/lapad,70,,mL,0,,1,1,,375,1,0,0,0,1,,,price-quantity,422.0320351458279,.1658641860583223,municipality_median,1,2024m6,1.125418760388874,0
CAPIZ,"liquor (e.g, whisky, coconut wine)",SIGMA,lipid/lapad,70,,mL,0,,1,1,,375,1,0,0,0,1,,,price-quantity,415.3433559448058,.1685352588360705,municipality_median,1,2024m10,1.107582282519482,0
CAPIZ,"liquor (e.g, whisky, coconut wine)",SIGMA,lipid/lapad,70,,mL,0,,1,1,,375,1,0,0,0,1,,,price-quantity,415.3433559448058,.1685352588360705,municipality_median,1,2024m11,1.107582282519482,0
CAPIZ,loaf bread,SIGMA,large packs,82.125,1,g,0,2,2,1,,450,7,0,3,3,1,2,0,size-based,450,.1825,,,,,.4285714285714285
CAPIZ,loaf bread,SIGMA,large packs,155,2,g,0,2,2,1,,640,6,0,0,0,2,2,0,size-based,640,.2421875,,,,,0
CAPIZ,mango,SIGMA,pieces or units,25,,g,0,,1,1,,235,2,0,0,0,1,,,price-quantity,253.3619072211202,.098673081025481,municipality_median,1,2024m1,1.078135775409022,0
CAPIZ,mango,SIGMA,pieces or units,25,,g,0,,1,1,,235,2,0,0,0,1,,,price-quantity,253.5356649069523,.0986054565900029,municipality_median,1,2024m2,1.078875169816818,0
CAPIZ,mango,SIGMA,pieces or units,25,,g,0,,1,1,,235,2,0,0,0,1,,,price-quantity,253.5356649069523,.0986054565900029,municipality_median,1,2024m4,1.078875169816818,0
CAPIZ,mango,SIGMA,pieces or units,25,,g,0,,1,1,,235,2,0,0,0,1,,,price-quantity,249.9357825736987,.1000256935704204,municipality_median,1,2024m5,1.063556521590207,0
CAPIZ,mango,SIGMA,pieces or units,25,,g,0,,1,1,,235,2,0,0,0,1,,,price-quantity,249.0936808457565,.1003638467066552,municipality_median,1,2024m6,1.059973109981942,0
CAPIZ,mango,SIGMA,pieces or units,25,,g,0,,1,1,,235,2,0,0,0,1,,,price-quantity,248.7584064526397,.100499116216841,municipality_median,1,2024m10,1.058546410436765,0
CAPIZ,mango,SIGMA,pieces or units,25,,g,0,,1,1,,235,2,0,0,0,1,,,price-quantity,249.0936808457565,.1003638467066552,municipality_median,1,2024m11,1.059973109981942,0
CAPIZ,"prawns, lobster, shrimp",SIGMA,tumpok,50,1,g,1,1,2,1,,280,3,0,0,0,1,1,0,size-based,280,.1785714285714286,,,,,0
CAPIZ,"preserved or processed meat (tocino, tapa, longaniza, etc)",SIGMA,putos,50,,g,0,,1,1,,257.5,4,0,0,0,1,,,price-quantity,248.1460115573566,.2014942722077278,municipality_median,1,2024m1,.9636738312907054,0
CAPIZ,"preserved or processed meat (tocino, tapa, longaniza, etc)",SIGMA,putos,50,,g,0,,1,1,,257.5,4,0,0,0,1,,,price-quantity,247.8062974617773,.2017704978127612,municipality_median,1,2024m2,.9623545532496206,0
CAPIZ,"preserved or processed meat (tocino, tapa, longaniza, etc)",SIGMA,putos,50,,g,0,,1,1,,257.5,4,0,0,0,1,,,price-quantity,247.1297035607869,.202322906876718,municipality_median,1,2024m4,.9597270041195606,0
CAPIZ,"preserved or processed meat (tocino, tapa, longaniza, etc)",SIGMA,putos,50,,g,0,,1,1,,257.5,4,0,0,0,1,,,price-quantity,247.8062974617773,.2017704978127612,municipality_median,1,2024m5,.9623545532496206,0
CAPIZ,"preserved or processed meat (tocino, tapa, longaniza, etc)",SIGMA,putos,50,,g,0,,1,1,,257.5,4,0,0,0,1,,,price-quantity,248.6572805904648,.2010799759462878,municipality_median,1,2024m6,.9656593420988925,0
CAPIZ,"preserved or processed meat (tocino, tapa, longaniza, etc)",SIGMA,putos,50,,g,0,,1,1,,257.5,4,0,0,0,1,,,price-quantity,248.1460115573566,.2014942722077278,municipality_median,1,2024m10,.9636738312907054,0
CAPIZ,"preserved or processed meat (tocino, tapa, longaniza, etc)",SIGMA,putos,50,,g,0,,1,1,,257.5,4,0,0,0,1,,,price-quantity,249.6862177355536,.2002513412772977,municipality_median,1,2024m11,.9696552145070043,0
CAPIZ,cabbage,TAPAZ,pack,20,,g,0,,1,1,,160,3,0,0,0,1,,,price-quantity,191.5235450574187,.1044258030729538,province_median,1,2023m12,1.197022156608867,0
CAPIZ,cabbage,TAPAZ,pack,20,,g,0,,1,1,,160,3,0,0,0,1,,,price-quantity,195.5349907674665,.1022834834906062,province_median,1,2024m2,1.222093692296665,0
CAPIZ,cabbage,TAPAZ,pack,20,,g,0,,1,1,,160,3,0,0,0,1,,,price-quantity,199.8536599896906,.1000732235828541,province_median,1,2024m3,1.249085374935566,0
CAPIZ,cabbage,TAPAZ,pack,20,,g,0,,1,1,,160,3,0,0,0,1,,,price-quantity,201.3871679282875,.0993111934873718,province_median,1,2024m6,1.258669799551797,0
CAPIZ,cabbage,TAPAZ,pack,20,,g,0,,1,1,,160,3,0,0,0,1,,,price-quantity,188.1197627019229,.1063152521178232,province_median,1,2024m11,1.175748516887018,0
CAPIZ,cabbage,TAPAZ,pieces or units,60,,g,0,,1,1,,500,3,0,0,0,1,,,price-quantity,598.5110783044335,.1002487709500356,municipality_median,1,2023m12,1.197022156608867,0
CAPIZ,cabbage,TAPAZ,pieces or units,60,,g,0,,1,1,,500,3,0,0,0,1,,,price-quantity,611.0468461483327,.098192144150982,municipality_median,1,2024m2,1.222093692296665,0
CAPIZ,cabbage,TAPAZ,pieces or units,60,,g,0,,1,1,,500,3,0,0,0,1,,,price-quantity,624.5426874677829,.0960702946395399,municipality_median,1,2024m3,1.249085374935566,0
CAPIZ,cabbage,TAPAZ,pieces or units,60,,g,0,,1,1,,500,3,0,0,0,1,,,price-quantity,629.3348997758985,.0953387457478769,municipality_median,1,2024m6,1.258669799551797,0
CAPIZ,cabbage,TAPAZ,pieces or units,60,,g,0,,1,1,,500,3,0,0,0,1,,,price-quantity,587.8742584435091,.1020626420331102,municipality_median,1,2024m11,1.175748516887018,0
CAPIZ,camote,TAPAZ,bilog,6,,g,0,,1,1,,95,3,0,0,0,1,,,price-quantity,108.9605227004503,.0550658151346699,province_median,1,2023m12,1.146952870531056,0
CAPIZ,camote,TAPAZ,bilog,6,,g,0,,1,1,,95,3,0,0,0,1,,,price-quantity,111.5735113423597,.0537762048340416,province_median,1,2024m2,1.174458014130102,0
CAPIZ,camote,TAPAZ,bilog,6,,g,0,,1,1,,95,3,0,0,0,1,,,price-quantity,109.472693811646,.054808188152594,province_median,1,2024m3,1.152344145385747,0
CAPIZ,camote,TAPAZ,bilog,6,,g,0,,1,1,,95,3,0,0,0,1,,,price-quantity,109.2287786880281,.0549305784800249,province_median,1,2024m6,1.149776617768717,0
CAPIZ,camote,TAPAZ,bilog,6,,g,0,,1,1,,95,3,0,0,0,1,,,price-quantity,100.6533367350676,.0596105424283426,province_median,1,2024m11,1.059508807737554,0
CAPIZ,camote tops,TAPAZ,bugkos,30,1,g,1,1,1,1,,280,3,0,0,0,1,1,0,size-based,280,.1071428571428571,,,,,0
CAPIZ,carrot,TAPAZ,pieces or units,50,1,g,0,1,1,1,,120,9,0,1,1,1,1,0,size-based,120,.4166666666666667,,,,,.1111111111111111
CAPIZ,chicken,TAPAZ,whole (chicken),200,,g,0,,3,1,,1050,3,0,0,0,1,,,price-quantity,1011.939544578867,.1976402652425574,mp25_price,1,2023m12,.9637519472179684,0
CAPIZ,chicken,TAPAZ,whole (chicken),200,,g,0,,3,1,,1050,3,0,0,0,1,,,price-quantity,1005.897801142681,.1988273557938031,mp25_price,1,2024m2,.9579979058501723,0
CAPIZ,chicken,TAPAZ,whole (chicken),200,,g,0,,3,1,,1050,3,0,0,0,1,,,price-quantity,1006.575508954491,.1986934891826801,mp25_price,1,2024m3,.9586433418614204,0
CAPIZ,chicken,TAPAZ,whole (chicken),200,,g,0,,3,1,,1050,3,0,0,0,1,,,price-quantity,1011.411336734918,.1977434825336729,mp25_price,1,2024m6,.9632488921284932,0
CAPIZ,chicken,TAPAZ,whole (chicken),200,,g,0,,3,1,,1050,3,0,0,0,1,,,price-quantity,1016.569026085308,.196740206388323,mp25_price,1,2024m11,.9681609772241031,0
CAPIZ,chicken,TAPAZ,whole (chicken),250,,g,0,,3,1,,1195,1,0,0,0,2,,,price-quantity,1151.683576925472,.2170735130802147,mp50_price,1,2023m12,.9637519472179684,0
CAPIZ,chicken,TAPAZ,whole (chicken),250,,g,0,,3,1,,1195,1,0,0,0,2,,,price-quantity,1144.807497490956,.2183773259241561,mp50_price,1,2024m2,.9579979058501723,0
CAPIZ,chicken,TAPAZ,whole (chicken),250,,g,0,,3,1,,1195,1,0,0,0,2,,,price-quantity,1145.578793524397,.2182302966964583,mp50_price,1,2024m3,.9586433418614204,0
CAPIZ,chicken,TAPAZ,whole (chicken),250,,g,0,,3,1,,1195,1,0,0,0,2,,,price-quantity,1151.082426093549,.2171868793518374,mp50_price,1,2024m6,.9632488921284932,0
CAPIZ,chicken,TAPAZ,whole (chicken),250,,g,0,,3,1,,1195,1,0,0,0,2,,,price-quantity,1156.952367782803,.2160849547152082,mp50_price,1,2024m11,.9681609772241031,0
CAPIZ,chicken,TAPAZ,whole (chicken),300,,g,0,,3,1,,1670,1,0,0,0,3,,,price-quantity,1609.465751854007,.1863972561419329,mp75_price,1,2023m12,.9637519472179684,0
CAPIZ,chicken,TAPAZ,whole (chicken),300,,g,0,,3,1,,1670,1,0,0,0,3,,,price-quantity,1599.856502769788,.187516817589964,mp75_price,1,2024m2,.9579979058501723,0
CAPIZ,chicken,TAPAZ,whole (chicken),300,,g,0,,3,1,,1670,1,0,0,0,3,,,price-quantity,1600.934380908572,.1873905661453421,mp75_price,1,2024m3,.9586433418614204,0
CAPIZ,chicken,TAPAZ,whole (chicken),300,,g,0,,3,1,,1670,1,0,0,0,3,,,price-quantity,1608.625649854584,.1864946017907394,mp75_price,1,2024m6,.9632488921284932,0
CAPIZ,chicken,TAPAZ,whole (chicken),300,,g,0,,3,1,,1670,1,0,0,0,3,,,price-quantity,1616.828831964252,.1855483982404842,mp75_price,1,2024m11,.9681609772241031,0
CAPIZ,"crackers, cookies, buiscuits, chips/curls",TAPAZ,pieces or units,8,,g,0,,1,1,,28,5,0,1,1,1,,,price-quantity,31.9799680900028,.250156597326339,municipality_median,1,2023m12,1.1421417175001,.2
CAPIZ,"crackers, cookies, buiscuits, chips/curls",TAPAZ,pieces or units,8,,g,0,,1,1,,28,5,0,1,1,1,,,price-quantity,31.95149557562048,.2503795160719842,municipality_median,1,2024m2,1.141124841986446,.2
CAPIZ,"crackers, cookies, buiscuits, chips/curls",TAPAZ,pieces or units,8,,g,0,,1,1,,28,5,0,1,1,1,,,price-quantity,31.95149557562048,.2503795160719842,municipality_median,1,2024m3,1.141124841986446,.2
CAPIZ,"crackers, cookies, buiscuits, chips/curls",TAPAZ,pieces or units,8,,g,0,,1,1,,28,5,0,1,1,1,,,price-quantity,31.81959972781662,.2514173675480404,municipality_median,1,2024m6,1.136414275993451,.2
CAPIZ,"crackers, cookies, buiscuits, chips/curls",TAPAZ,pieces or units,8,,g,0,,1,1,,28,5,0,1,1,1,,,price-quantity,31.03273291876839,.2577923130695864,municipality_median,1,2024m11,1.108311889956014,.2
CAPIZ,"crackers, cookies, buiscuits, chips/curls",TAPAZ,putos,60,,g,0,,1,1,,310,2,0,2,2,1,,,price-quantity,354.0639324250309,.1694609207694555,municipality_median,1,2023m12,1.1421417175001,1
CAPIZ,"crackers, cookies, buiscuits, chips/curls",TAPAZ,putos,60,,g,0,,1,1,,310,2,0,2,2,1,,,price-quantity,353.7487010157982,.1696119302423119,municipality_median,1,2024m2,1.141124841986446,1
CAPIZ,"crackers, cookies, buiscuits, chips/curls",TAPAZ,putos,60,,g,0,,1,1,,310,2,0,2,2,1,,,price-quantity,353.7487010157982,.1696119302423119,municipality_median,1,2024m3,1.141124841986446,1
CAPIZ,"crackers, cookies, buiscuits, chips/curls",TAPAZ,putos,60,,g,0,,1,1,,310,2,0,2,2,1,,,price-quantity,352.2884255579697,.1703149909196403,municipality_median,1,2024m6,1.136414275993451,1
CAPIZ,"crackers, cookies, buiscuits, chips/curls",TAPAZ,putos,60,,g,0,,1,1,,310,2,0,2,2,1,,,price-quantity,343.5766858863643,.1746335024019779,municipality_median,1,2024m11,1.108311889956014,1
CAPIZ,fresh fish,TAPAZ,pieces or units,110,1,g,0,1,1,1,,230,9,0,1,1,1,1,0,size-based,230,.4782608695652174,,,,,.1111111111111111
CAPIZ,"ice cream, sorbet, edible ice (eg., ice-lolli, halo-halo)",TAPAZ,cone,40,1,g,0,1,1,1,,110,3,0,0,0,1,1,0,size-based,110,.3636363636363636,,,,,0
CAPIZ,"ice cream, sorbet, edible ice (eg., ice-lolli, halo-halo)",TAPAZ,pieces or units,10,,g,0,,1,1,,42.5,2,0,1,1,1,,,price-quantity,43.31160510867377,.2308850012579505,municipality_median,1,2023m12,1.019096590792324,.5
CAPIZ,"ice cream, sorbet, edible ice (eg., ice-lolli, halo-halo)",TAPAZ,pieces or units,10,,g,0,,1,1,,42.5,2,0,1,1,1,,,price-quantity,42.62627037067437,.2345971137761025,municipality_median,1,2024m2,1.002971067545279,.5
CAPIZ,"ice cream, sorbet, edible ice (eg., ice-lolli, halo-halo)",TAPAZ,pieces or units,10,,g,0,,1,1,,42.5,2,0,1,1,1,,,price-quantity,42.62627037067437,.2345971137761025,municipality_median,1,2024m3,1.002971067545279,.5
CAPIZ,"ice cream, sorbet, edible ice (eg., ice-lolli, halo-halo)",TAPAZ,pieces or units,10,,g,0,,1,1,,42.5,2,0,1,1,1,,,price-quantity,42.62627037067437,.2345971137761025,municipality_median,1,2024m6,1.002971067545279,.5
CAPIZ,"ice cream, sorbet, edible ice (eg., ice-lolli, halo-halo)",TAPAZ,pieces or units,10,,g,0,,1,1,,42.5,2,0,1,1,1,,,price-quantity,42.51374211973626,.2352180612997056,municipality_median,1,2024m11,1.000323343993794,.5
CAPIZ,"ice cream, sorbet, edible ice (eg., ice-lolli, halo-halo)",TAPAZ,pieces or units,10,,mL,0,,1,1,,60,1,0,0,0,1,,,price-quantity,61.14579544753945,.1635435425577149,municipality_median,1,2023m12,1.019096590792324,0
CAPIZ,"ice cream, sorbet, edible ice (eg., ice-lolli, halo-halo)",TAPAZ,pieces or units,10,,mL,0,,1,1,,60,1,0,0,0,1,,,price-quantity,60.17826405271676,.1661729555914059,municipality_median,1,2024m2,1.002971067545279,0
CAPIZ,"ice cream, sorbet, edible ice (eg., ice-lolli, halo-halo)",TAPAZ,pieces or units,10,,mL,0,,1,1,,60,1,0,0,0,1,,,price-quantity,60.17826405271676,.1661729555914059,municipality_median,1,2024m3,1.002971067545279,0
CAPIZ,"ice cream, sorbet, edible ice (eg., ice-lolli, halo-halo)",TAPAZ,pieces or units,10,,mL,0,,1,1,,60,1,0,0,0,1,,,price-quantity,60.17826405271676,.1661729555914059,municipality_median,1,2024m6,1.002971067545279,0
CAPIZ,"ice cream, sorbet, edible ice (eg., ice-lolli, halo-halo)",TAPAZ,pieces or units,10,,mL,0,,1,1,,60,1,0,0,0,1,,,price-quantity,60.01940063962766,.1666127934206248,municipality_median,1,2024m11,1.000323343993794,0
CAPIZ,"ice cream, sorbet, edible ice (eg., ice-lolli, halo-halo)",TAPAZ,small cup,20,1,g,0,1,1,1,,100,5,0,0,0,1,1,0,size-based,100,.2,,,,,0
CAPIZ,"liquor (e.g, whisky, coconut wine)",TAPAZ,lipid/lapad,70,1,mL,0,3,3,1,,375,7,0,0,0,1,2,1,size-based,375,.1866666666666667,,,,,0
CAPIZ,"liquor (e.g, whisky, coconut wine)",TAPAZ,lipid/lapad,130,2,mL,0,3,3,1,,750,6,0,0,0,2,2,1,size-based,750,.1733333333333333,,,,,0
CAPIZ,"liquor (e.g, whisky, coconut wine)",TAPAZ,lipid/lapad,213.75,3,mL,0,3,3,0,this part of the cut came back empty,,,,,,,,,size-based,,,,,,,
CAPIZ,loaf bread,TAPAZ,large packs,137.5,1,g,0,2,2,1,,450,5,0,0,0,1,2,0,size-based,450,.3055555555555556,,,,,0
CAPIZ,loaf bread,TAPAZ,large packs,202.5,2,g,0,2,2,1,,640,5,0,0,0,2,2,0,size-based,640,.31640625,,,,,0
CAPIZ,mango,TAPAZ,pieces or units,16.66666603088379,,g,0,,1,1,,135,1,0,0,0,1,,,price-quantity,145.6481479252705,.1144310193318433,municipality_median,1,2023m12,1.078875169816818,0
CAPIZ,mango,TAPAZ,pieces or units,16.66666603088379,,g,0,,1,1,,135,1,0,0,0,1,,,price-quantity,145.6481479252705,.1144310193318433,municipality_median,1,2024m2,1.078875169816818,0
CAPIZ,mango,TAPAZ,pieces or units,16.66666603088379,,g,0,,1,1,,135,1,0,0,0,1,,,price-quantity,147.5712391430901,.1129397986197244,municipality_median,1,2024m3,1.093120289948816,0
CAPIZ,mango,TAPAZ,pieces or units,16.66666603088379,,g,0,,1,1,,135,1,0,0,0,1,,,price-quantity,143.0963698475622,.1164716201301155,municipality_median,1,2024m6,1.059973109981942,0
CAPIZ,mango,TAPAZ,pieces or units,16.66666603088379,,g,0,,1,1,,135,1,0,0,0,1,,,price-quantity,143.0963698475622,.1164716201301155,municipality_median,1,2024m11,1.059973109981942,0
CAPIZ,"preserved or processed meat (tocino, tapa, longaniza, etc)",TAPAZ,bilog,13,,g,0,,1,1,,64.5,2,1,2,2,1,,,price-quantity,62.49965549420492,.2080011465216058,municipality_median,1,2023m12,.968986906886898,1
CAPIZ,"preserved or processed meat (tocino, tapa, longaniza, etc)",TAPAZ,bilog,13,,g,0,,1,1,,64.5,2,1,2,2,1,,,price-quantity,62.07186868460053,.2094346485048739,municipality_median,1,2024m2,.9623545532496206,1
CAPIZ,"preserved or processed meat (tocino, tapa, longaniza, etc)",TAPAZ,bilog,13,,g,0,,1,1,,64.5,2,1,2,2,1,,,price-quantity,62.11438625805999,.2092912895571453,municipality_median,1,2024m3,.9630137404350385,1
CAPIZ,"preserved or processed meat (tocino, tapa, longaniza, etc)",TAPAZ,bilog,13,,g,0,,1,1,,64.5,2,1,2,2,1,,,price-quantity,62.28502756537856,.2087178975132398,municipality_median,1,2024m6,.9656593420988925,1
CAPIZ,"preserved or processed meat (tocino, tapa, longaniza, etc)",TAPAZ,bilog,13,,g,0,,1,1,,64.5,2,1,2,2,1,,,price-quantity,62.54276133570178,.2078577875738772,municipality_median,1,2024m11,.9696552145070043,1
CAPIZ,"preserved or processed meat (tocino, tapa, longaniza, etc)",TAPAZ,putos,45,,g,0,,1,1,,252.5,2,0,0,0,1,,,price-quantity,244.6691939889417,.1839218058732554,municipality_median,1,2023m12,.968986906886898,0
CAPIZ,"preserved or processed meat (tocino, tapa, longaniza, etc)",TAPAZ,putos,45,,g,0,,1,1,,252.5,2,0,0,0,1,,,price-quantity,242.9945246955292,.1851893578934947,municipality_median,1,2024m2,.9623545532496206,0
CAPIZ,"preserved or processed meat (tocino, tapa, longaniza, etc)",TAPAZ,putos,45,,g,0,,1,1,,252.5,2,0,0,0,1,,,price-quantity,243.1609694598472,.1850625949549472,municipality_median,1,2024m3,.9630137404350385,0
CAPIZ,"preserved or processed meat (tocino, tapa, longaniza, etc)",TAPAZ,putos,45,,g,0,,1,1,,252.5,2,0,0,0,1,,,price-quantity,243.8289838799703,.184555581883375,municipality_median,1,2024m6,.9656593420988925,0
CAPIZ,"preserved or processed meat (tocino, tapa, longaniza, etc)",TAPAZ,putos,45,,g,0,,1,1,,252.5,2,0,0,0,1,,,price-quantity,244.8379416630186,.1837950429347079,municipality_median,1,2024m11,.9696552145070043,0
ILOILO,cabbage,AJUY,pack,20,,g,0,,2,1,,135,1,0,0,0,1,,,price-quantity,143.4457871253846,.1394254958670776,province_median,1,2024m1,1.06256138611396,0
ILOILO,cabbage,AJUY,pack,20,,g,0,,2,1,,135,1,0,0,0,1,,,price-quantity,146.1679637362432,.1368288884155871,province_median,1,2024m2,1.082725657305505,0
ILOILO,cabbage,AJUY,pack,20,,g,0,,2,1,,135,1,0,0,0,1,,,price-quantity,142.9173830096863,.1399409895341037,province_median,1,2024m4,1.058647281553232,0
ILOILO,cabbage,AJUY,pack,20,,g,0,,2,1,,135,1,0,0,0,1,,,price-quantity,134.8971609259374,.1482610891342672,province_median,1,2024m12,.9992382290810178,0
ILOILO,cabbage,AJUY,pack,50,,g,0,,2,1,,785,1,0,0,0,2,,,price-quantity,657.4714453552099,.0760489301143515,unique_mun_price6,1,2024m1,.8375432424907132,0
ILOILO,cabbage,AJUY,pack,50,,g,0,,2,1,,785,1,0,0,0,2,,,price-quantity,669.9483080551854,.0746326237395041,unique_mun_price6,1,2024m2,.853437335102147,0
ILOILO,cabbage,AJUY,pack,50,,g,0,,2,1,,785,1,0,0,0,2,,,price-quantity,655.0495504732352,.0763301035225166,unique_mun_price6,1,2024m4,.8344580260805544,0
ILOILO,cabbage,AJUY,pack,50,,g,0,,2,1,,785,1,0,0,0,2,,,price-quantity,618.2895513743213,.0808682596832844,unique_mun_price6,1,2024m12,.7876300017507277,0
ILOILO,cabbage,AJUY,pieces or units,48,1,g,0,2,2,1,,675,3,0,1,1,1,2,0,size-based,675,.0711111111111111,,,,,.3333333333333333
ILOILO,cabbage,AJUY,pieces or units,96.25,2,g,0,2,2,1,,1030,2,0,0,0,2,2,0,size-based,1030,.0934466019417476,,,,,0
ILOILO,camote,AJUY,bilog,7.142857074737549,,g,0,,1,1,,140,2,0,0,0,1,,,price-quantity,153.5452998543614,.0465195423208173,province_median,1,2024m1,1.096752141816867,0
ILOILO,camote,AJUY,bilog,7.142857074737549,,g,0,,1,1,,140,2,0,0,0,1,,,price-quantity,158.6210722565943,.0450309468541662,province_median,1,2024m2,1.133007658975673,0
ILOILO,camote,AJUY,bilog,7.142857074737549,,g,0,,1,1,,140,2,0,0,0,1,,,price-quantity,159.4280033965688,.0448030265860513,province_median,1,2024m4,1.138771452832634,0
ILOILO,camote,AJUY,bilog,7.142857074737549,,g,0,,1,1,,140,2,0,0,0,1,,,price-quantity,149.0681405570312,.0479167248484246,province_median,1,2024m12,1.064772432550223,0
ILOILO,camote tops,AJUY,bugkos,20,1,g,0,1,1,1,,325,3,1,1,1,1,1,0,size-based,325,.0615384615384615,,,,,.3333333333333333
ILOILO,carrot,AJUY,pack,20,,g,0,,1,1,,130,1,0,0,0,1,,,price-quantity,105.233101658851,.1900542670008609,province_median,1,2024m1,.8094853973757766,0
ILOILO,carrot,AJUY,pack,20,,g,0,,1,1,,130,1,0,0,0,1,,,price-quantity,112.2950361931076,.1781022623796755,province_median,1,2024m2,.8638079707162123,0
ILOILO,carrot,AJUY,pack,20,,g,0,,1,1,,130,1,0,0,0,1,,,price-quantity,134.3461208240458,.1488692034970936,province_median,1,2024m4,1.033431698646506,0
ILOILO,carrot,AJUY,pack,20,,g,0,,1,1,,130,1,0,0,0,1,,,price-quantity,118.6746325354316,.1685280128761198,province_median,1,2024m12,.912881788734089,0
ILOILO,carrot,AJUY,pieces or units,30,1,g,0,1,1,1,,127.5,4,0,1,1,1,1,0,size-based,127.5,.2352941176470588,,,,,.25
ILOILO,chicken,AJUY,whole (chicken),200,1,g,0,3,3,1,,625,1,0,0,0,1,1,2,size-based,625,.32,,,,,0
ILOILO,chicken,AJUY,whole (chicken),250,2,g,0,3,3,0,this part of the cut came back empty,,,,,,,,,size-based,,,,,,,
ILOILO,chicken,AJUY,whole (chicken),300,3,g,0,3,3,0,this part of the cut came back empty,,,,,,,,,size-based,,,,,,,
ILOILO,"crackers, cookies, buiscuits, chips/curls",AJUY,pieces or units,53,1,g,0,1,1,1,,50,3,1,1,1,1,1,0,size-based,50,1.06,,,,,.3333333333333333
ILOILO,"crackers, cookies, buiscuits, chips/curls",AJUY,putos,63,1,g,0,2,2,1,,280,2,0,1,1,1,2,0,size-based,280,.225,,,,,.5
ILOILO,"crackers, cookies, buiscuits, chips/curls",AJUY,putos,164,2,g,0,2,2,1,,360,1,0,1,1,2,2,0,size-based,360,.4555555555555555,,,,,1
ILOILO,fresh fish,AJUY,pack,66.66666412353516,,g,0,,1,1,,620,1,1,1,1,1,,,price-quantity,683.3926416003172,.0975525050539324,municipality_median,1,2024m1,1.102246196129544,1
ILOILO,fresh fish,AJUY,pack,66.66666412353516,,g,0,,1,1,,620,1,1,1,1,1,,,price-quantity,656.4609347888706,.1015546555637409,municipality_median,1,2024m2,1.058807959336888,1
ILOILO,fresh fish,AJUY,pack,66.66666412353516,,g,0,,1,1,,620,1,1,1,1,1,,,price-quantity,714.5695152582953,.0932962611754256,municipality_median,1,2024m4,1.152531476223057,1
ILOILO,fresh fish,AJUY,pack,66.66666412353516,,g,0,,1,1,,620,1,1,1,1,1,,,price-quantity,671.3312483234272,.0993051705697113,municipality_median,1,2024m12,1.082792336005528,1
ILOILO,fresh fish,AJUY,pieces or units,100,1,g,0,3,3,1,,367.5,2,0,0,0,1,3,0,size-based,367.5,.272108843537415,,,,,0
ILOILO,fresh fish,AJUY,pieces or units,150,2,g,0,3,3,1,,585,1,0,0,0,2,3,0,size-based,585,.2564102564102564,,,,,0
ILOILO,fresh fish,AJUY,pieces or units,350,3,g,0,3,3,1,,605,1,0,0,0,3,3,0,size-based,605,.5785123966942148,,,,,0
ILOILO,fresh fish,AJUY,tumpok,325,1,g,0,1,1,1,,627.5,6,6,6,6,1,1,0,size-based,627.5,.5179282868525896,,,,,1
ILOILO,fresh fish,AJUY,tumpok,350,,g,0,1,1,0,"unique price, no weighing behind it",,,,,,,,,size-based,,,,,,,
ILOILO,"ice cream, sorbet, edible ice (eg., ice-lolli, halo-halo)",AJUY,bowl,40,1,g,0,1,1,1,,815,2,0,2,2,1,1,0,size-based,815,.049079754601227,,,,,1
ILOILO,"ice cream, sorbet, edible ice (eg., ice-lolli, halo-halo)",AJUY,cone,40,1,g,0,1,1,1,,65,1,0,0,0,1,1,0,size-based,65,.6153846153846154,,,,,0
ILOILO,"ice cream, sorbet, edible ice (eg., ice-lolli, halo-halo)",AJUY,putos,48,1,g,0,1,1,1,,65,1,0,0,0,1,1,0,size-based,65,.7384615384615385,,,,,0
ILOILO,"ice cream, sorbet, edible ice (eg., ice-lolli, halo-halo)",AJUY,putos,300,,g,0,1,1,0,"unique price, no weighing behind it",,,,,,,,,size-based,,,,,,,
ILOILO,"ice cream, sorbet, edible ice (eg., ice-lolli, halo-halo)",AJUY,putos,100,,g,0,1,1,0,"unique price, no weighing behind it",,,,,,,,,size-based,,,,,,,
ILOILO,"ice cream, sorbet, edible ice (eg., ice-lolli, halo-halo)",AJUY,small cup,25,1,g,0,1,1,1,,65,3,0,0,0,1,1,0,size-based,65,.3846153846153846,,,,,0
ILOILO,"liquor (e.g, whisky, coconut wine)",AJUY,lipid/lapad,80,1,mL,0,3,3,1,,670,1,0,0,0,1,2,1,size-based,670,.1194029850746269,,,,,0
ILOILO,"liquor (e.g, whisky, coconut wine)",AJUY,lipid/lapad,140,2,mL,0,3,3,1,,675,1,0,0,0,2,2,1,size-based,675,.2074074074074074,,,,,0
ILOILO,"liquor (e.g, whisky, coconut wine)",AJUY,lipid/lapad,170,3,mL,0,3,3,0,this part of the cut came back empty,,,,,,,,,size-based,,,,,,,
ILOILO,"liquor (e.g, whisky, coconut wine)",AJUY,long-neck,157.5,1,mL,0,3,3,1,,675,1,0,0,0,1,2,1,size-based,675,.2333333333333333,,,,,0
ILOILO,"liquor (e.g, whisky, coconut wine)",AJUY,long-neck,230,2,mL,0,3,3,1,,1210,2,0,0,0,2,2,1,size-based,1210,.1900826446280992,,,,,0
ILOILO,"liquor (e.g, whisky, coconut wine)",AJUY,long-neck,341.25,3,mL,0,3,3,0,this part of the cut came back empty,,,,,,,,,size-based,,,,,,,
ILOILO,loaf bread,AJUY,large packs,89.9375,1,g,0,2,2,1,,595,1,0,0,0,1,2,0,size-based,595,.1511554621848739,,,,,0
ILOILO,loaf bread,AJUY,large packs,191.875,2,g,0,2,2,1,,600,1,0,0,0,2,2,0,size-based,600,.3197916666666666,,,,,0
ILOILO,loaf bread,AJUY,medium packs,57.5,1,g,0,3,3,1,,432.5,2,0,0,0,1,3,0,size-based,432.5,.1329479768786127,,,,,0
ILOILO,loaf bread,AJUY,medium packs,81,2,g,0,3,3,1,,595,1,0,0,0,2,3,0,size-based,595,.1361344537815126,,,,,0
ILOILO,loaf bread,AJUY,medium packs,108.25,3,g,0,3,3,1,,670,1,0,0,0,3,3,0,size-based,670,.1615671641791045,,,,,0
ILOILO,loaf bread,AJUY,small packs,28.75,1,g,0,2,2,1,,400,1,0,0,0,1,1,1,size-based,400,.071875,,,,,0
ILOILO,loaf bread,AJUY,small packs,63.75,2,g,0,2,2,0,this part of the cut came back empty,,,,,,,,,size-based,,,,,,,
ILOILO,mango,AJUY,pieces or units,28.33333396911621,,g,0,,1,1,,250,1,0,0,0,1,,,price-quantity,277.6008324624953,.102065018025276,municipality_median,1,2024m1,1.110403329849981,0
ILOILO,mango,AJUY,pieces or units,28.33333396911621,,g,0,,1,1,,250,1,0,0,0,1,,,price-quantity,283.6225423613434,.0998980325513714,municipality_median,1,2024m2,1.134490169445374,0
ILOILO,mango,AJUY,pieces or units,28.33333396911621,,g,0,,1,1,,250,1,0,0,0,1,,,price-quantity,277.9943074229518,.1019205545313873,municipality_median,1,2024m4,1.111977229691807,0
ILOILO,mango,AJUY,pieces or units,28.33333396911621,,g,0,,1,1,,250,1,0,0,0,1,,,price-quantity,265.2129823722291,.1068323794547512,municipality_median,1,2024m12,1.060851929488916,0
ILOILO,"prawns, lobster, shrimp",AJUY,tumpok,50,1,g,0,3,3,1,,230,1,0,0,0,1,2,1,size-based,230,.2173913043478261,,,,,0
ILOILO,"prawns, lobster, shrimp",AJUY,tumpok,75,2,g,0,3,3,1,,482.5,2,0,1,1,2,2,1,size-based,482.5,.155440414507772,,,,,.5
ILOILO,"prawns, lobster, shrimp",AJUY,tumpok,100,3,g,0,3,3,0,this part of the cut came back empty,,,,,,,,,size-based,,,,,,,
ILOILO,"preserved or processed meat (tocino, tapa, longaniza, etc)",AJUY,bilog,57.5,1,g,0,2,2,1,,75,1,0,1,1,1,1,1,size-based,75,.7666666666666667,,,,,1
ILOILO,"preserved or processed meat (tocino, tapa, longaniza, etc)",AJUY,bilog,107,2,g,0,2,2,0,this part of the cut came back empty,,,,,,,,,size-based,,,,,,,
ILOILO,"preserved or processed meat (tocino, tapa, longaniza, etc)",AJUY,putos,60,1,g,0,2,2,1,,240,2,0,0,0,1,2,0,size-based,240,.25,,,,,0
ILOILO,"preserved or processed meat (tocino, tapa, longaniza, etc)",AJUY,putos,100,2,g,0,2,2,1,,585,1,0,1,1,2,2,0,size-based,585,.1709401709401709,,,,,1
ILOILO,cabbage,ALIMODIAN,pieces or units,20,1,g,0,3,3,1,,407.5,4,0,0,0,1,3,0,size-based,407.5,.049079754601227,,,,,0
ILOILO,cabbage,ALIMODIAN,pieces or units,55,2,g,0,3,3,1,,630,5,0,0,0,2,3,0,size-based,630,.0873015873015873,,,,,0
ILOILO,cabbage,ALIMODIAN,pieces or units,75.25,3,g,0,3,3,1,,955,3,0,0,0,3,3,0,size-based,955,.0787958115183246,,,,,0
ILOILO,cabbage,ALIMODIAN,putos (mix vegetable),13.5,,g,0,,1,1,,130,3,0,0,0,1,,,price-quantity,124.9903189188486,.1080083651019807,province_median,1,2024m2,.9614639916834508,0
ILOILO,cabbage,ALIMODIAN,putos (mix vegetable),13.5,,g,0,,1,1,,130,3,0,0,0,1,,,price-quantity,117.7716813025252,.1146285749739954,province_median,1,2024m5,.9059360100194246,0
ILOILO,cabbage,ALIMODIAN,putos (mix vegetable),13.5,,g,0,,1,1,,130,3,0,0,0,1,,,price-quantity,113.4921931498375,.1189509130568716,province_median,1,2024m11,.8730168703833654,0
ILOILO,camote,ALIMODIAN,bilog,15,1,g,0,1,1,1,,185,11,4,5,7,1,1,0,size-based,185,.0810810810810811,,,,,.6363636363636364
ILOILO,camote tops,ALIMODIAN,bugkos,20,1,g,0,1,1,1,,175,3,0,0,0,1,1,0,size-based,175,.1142857142857143,,,,,0
ILOILO,carrot,ALIMODIAN,pieces or units,50,1,g,0,1,1,1,,175,11,1,2,2,1,1,0,size-based,175,.2857142857142857,,,,,.1818181818181818
ILOILO,chicken,ALIMODIAN,bilog,200,1,g,0,3,3,1,,865,3,0,0,0,1,3,0,size-based,865,.2312138728323699,,,,,0
ILOILO,chicken,ALIMODIAN,bilog,300,2,g,0,3,3,1,,1057.5,2,0,0,0,2,3,0,size-based,1057.5,.2836879432624114,,,,,0
ILOILO,chicken,ALIMODIAN,bilog,400,3,g,0,3,3,1,,1357.5,2,0,0,0,3,3,0,size-based,1357.5,.2946593001841621,,,,,0
ILOILO,chicken,ALIMODIAN,pieces or units,300,1,g,0,2,2,1,,160,4,0,1,1,1,2,0,size-based,160,1.875,,,,,.25
ILOILO,chicken,ALIMODIAN,pieces or units,400,2,g,0,2,2,1,,397.5,4,0,1,1,2,2,0,size-based,397.5,1.006289308176101,,,,,.25
ILOILO,"crackers, cookies, buiscuits, chips/curls",ALIMODIAN,pieces or units,24.75,1,g,0,3,3,1,,30,5,0,0,0,1,3,0,size-based,30,.825,,,,,0
ILOILO,"crackers, cookies, buiscuits, chips/curls",ALIMODIAN,pieces or units,49.5,2,g,0,3,3,1,,48,4,0,0,0,2,3,0,size-based,48,1.03125,,,,,0
ILOILO,"crackers, cookies, buiscuits, chips/curls",ALIMODIAN,pieces or units,84,3,g,0,3,3,1,,82.5,2,0,2,2,3,3,0,size-based,82.5,1.018181818181818,,,,,1
ILOILO,"crackers, cookies, buiscuits, chips/curls",ALIMODIAN,putos,60,1,g,0,1,1,1,,80,21,3,5,6,1,1,0,size-based,80,.75,,,,,.2857142857142857
ILOILO,fresh fish,ALIMODIAN,pieces or units,100,1,g,0,1,1,1,,185,13,3,7,7,1,1,0,size-based,185,.5405405405405406,,,,,.5384615384615384
ILOILO,"ice cream, sorbet, edible ice (eg., ice-lolli, halo-halo)",ALIMODIAN,pieces or units,23.75,1,g,0,3,3,1,,45,1,0,0,0,1,2,1,size-based,45,.5277777777777778,,,,,0
ILOILO,"ice cream, sorbet, edible ice (eg., ice-lolli, halo-halo)",ALIMODIAN,pieces or units,50,2,g,0,3,3,1,,85,2,0,0,0,2,2,1,size-based,85,.5882352941176471,,,,,0
ILOILO,"ice cream, sorbet, edible ice (eg., ice-lolli, halo-halo)",ALIMODIAN,pieces or units,100,3,g,0,3,3,0,this part of the cut came back empty,,,,,,,,,size-based,,,,,,,
ILOILO,"ice cream, sorbet, edible ice (eg., ice-lolli, halo-halo)",ALIMODIAN,pieces or units,23.75,1,mL,0,3,3,1,,56,2,0,0,0,1,3,0,size-based,56,.4241071428571428,,,,,0
ILOILO,"ice cream, sorbet, edible ice (eg., ice-lolli, halo-halo)",ALIMODIAN,pieces or units,50,2,mL,0,3,3,1,,70,1,0,0,0,2,3,0,size-based,70,.7142857142857143,,,,,0
ILOILO,"ice cream, sorbet, edible ice (eg., ice-lolli, halo-halo)",ALIMODIAN,pieces or units,100,3,mL,0,3,3,1,,85,1,0,0,0,3,3,0,size-based,85,1.176470588235294,,,,,0
ILOILO,"ice cream, sorbet, edible ice (eg., ice-lolli, halo-halo)",ALIMODIAN,putos,32.66666666666666,1,mL,0,1,1,1,,60,3,0,0,0,1,1,0,size-based,60,.5444444444444444,,,,,0
ILOILO,"ice cream, sorbet, edible ice (eg., ice-lolli, halo-halo)",ALIMODIAN,small cup,35,1,g,0,1,1,1,,105,2,0,0,0,1,1,0,size-based,105,.3333333333333333,,,,,0
ILOILO,"ice cream, sorbet, edible ice (eg., ice-lolli, halo-halo)",ALIMODIAN,small cup,100,,g,0,1,1,0,"unique price, no weighing behind it",,,,,,,,,size-based,,,,,,,
ILOILO,"ice cream, sorbet, edible ice (eg., ice-lolli, halo-halo)",ALIMODIAN,small cup,35,1,mL,0,1,1,1,,100,5,0,0,0,1,1,0,size-based,100,.35,,,,,0
ILOILO,"ice cream, sorbet, edible ice (eg., ice-lolli, halo-halo)",ALIMODIAN,small cup,100,,mL,0,1,1,0,"unique price, no weighing behind it",,,,,,,,,size-based,,,,,,,
ILOILO,"liquor (e.g, whisky, coconut wine)",ALIMODIAN,lipid/lapad,82.5,1,mL,0,2,2,1,,375,9,0,0,0,1,1,1,size-based,375,.22,,,,,0
ILOILO,"liquor (e.g, whisky, coconut wine)",ALIMODIAN,lipid/lapad,162.5,2,mL,0,2,2,0,this part of the cut came back empty,,,,,,,,,size-based,,,,,,,
ILOILO,"liquor (e.g, whisky, coconut wine)",ALIMODIAN,long-neck,180,1,mL,0,1,1,1,,750,9,0,0,0,1,1,0,size-based,750,.24,,,,,0
ILOILO,"liquor (e.g, whisky, coconut wine)",ALIMODIAN,long-neck,150,,mL,0,1,1,0,"unique price, no weighing behind it",,,,,,,,,size-based,,,,,,,
ILOILO,loaf bread,ALIMODIAN,large packs,70,1,g,0,1,1,1,,640,7,0,0,0,1,1,0,size-based,640,.109375,,,,,0
ILOILO,loaf bread,ALIMODIAN,medium packs,54.5,1,g,0,2,2,1,,450,4,0,0,0,1,2,0,size-based,450,.1211111111111111,,,,,0
ILOILO,loaf bread,ALIMODIAN,medium packs,101.25,2,g,0,2,2,1,,500,2,0,0,0,2,2,0,size-based,500,.2025,,,,,0
ILOILO,loaf bread,ALIMODIAN,small packs,49,1,g,0,1,1,1,,400,6,0,0,0,1,1,0,size-based,400,.1225,,,,,0
ILOILO,mango,ALIMODIAN,pieces or units,90,1,g,0,1,1,1,,250,10,0,0,0,1,1,0,size-based,250,.36,,,,,0
ILOILO,"preserved or processed meat (tocino, tapa, longaniza, etc)",ALIMODIAN,bilog,90,1,g,0,1,1,1,,250,5,0,0,0,1,1,0,size-based,250,.36,,,,,0
ILOILO,"preserved or processed meat (tocino, tapa, longaniza, etc)",ALIMODIAN,putos,46.5,1,g,0,3,3,1,,100,5,0,3,3,1,3,0,size-based,100,.465,,,,,.6
ILOILO,"preserved or processed meat (tocino, tapa, longaniza, etc)",ALIMODIAN,putos,80,2,g,0,3,3,1,,250,6,0,0,0,2,3,0,size-based,250,.32,,,,,0
ILOILO,"preserved or processed meat (tocino, tapa, longaniza, etc)",ALIMODIAN,putos,120,3,g,0,3,3,1,,500,2,0,0,0,3,3,0,size-based,500,.24,,,,,0
ILOILO,rice,ALIMODIAN,salmon,,,g,0,,1,1,,365,2,0,0,0,1,,,conventional,365,,,,,,0
ILOILO,camote tops,ANILAO,bugkos,20,1,g,0,1,1,1,,185,3,0,0,0,1,1,0,size-based,185,.1081081081081081,,,,,0
ILOILO,carrot,ANILAO,pieces or units,30,1,g,0,1,1,1,,110,13,1,2,2,1,1,0,size-based,110,.2727272727272727,,,,,.1538461538461539
ILOILO,chicken,ANILAO,bilog,280,1,g,0,1,1,1,,1120,11,0,0,0,1,1,0,size-based,1120,.25,,,,,0
ILOILO,chicken,ANILAO,bilog,250,,g,0,1,1,0,"unique price, no weighing behind it",,,,,,,,,size-based,,,,,,,
ILOILO,chicken,ANILAO,bilog,205,,g,0,1,1,0,"unique price, no weighing behind it",,,,,,,,,size-based,,,,,,,
ILOILO,"crackers, cookies, buiscuits, chips/curls",ANILAO,pieces or units,24,1,g,0,3,3,1,,27.5,4,0,0,0,1,3,0,size-based,27.5,.8727272727272727,,,,,0
ILOILO,"crackers, cookies, buiscuits, chips/curls",ANILAO,pieces or units,48,2,g,0,3,3,1,,33,3,0,0,0,2,3,0,size-based,33,1.454545454545455,,,,,0
ILOILO,"crackers, cookies, buiscuits, chips/curls",ANILAO,pieces or units,78,3,g,0,3,3,1,,150,2,1,1,2,3,3,0,size-based,150,.52,,,,,1
ILOILO,fresh fish,ANILAO,pack,150,1,g,0,1,1,1,,430,5,5,5,5,1,1,0,size-based,430,.3488372093023256,,,,,1
ILOILO,fresh fish,ANILAO,pieces or units,100,1,g,0,1,1,1,,340,7,0,0,0,1,1,0,size-based,340,.2941176470588235,,,,,0
ILOILO,"ice cream, sorbet, edible ice (eg., ice-lolli, halo-halo)",ANILAO,pieces or units,42,1,g,0,1,1,1,,56,3,0,0,0,1,1,0,size-based,56,.75,,,,,0
ILOILO,"ice cream, sorbet, edible ice (eg., ice-lolli, halo-halo)",ANILAO,pieces or units,42,1,mL,0,1,1,1,,47.5,2,0,0,0,1,1,0,size-based,47.5,.8842105263157894,,,,,0
ILOILO,"ice cream, sorbet, edible ice (eg., ice-lolli, halo-halo)",ANILAO,small cup,40,1,g,0,1,1,1,,100,3,0,0,0,1,1,0,size-based,100,.4,,,,,0
ILOILO,"ice cream, sorbet, edible ice (eg., ice-lolli, halo-halo)",ANILAO,small cup,40,1,mL,0,1,1,1,,750,5,0,0,0,1,1,0,size-based,750,.0533333333333333,,,,,0
ILOILO,"liquor (e.g, whisky, coconut wine)",ANILAO,lipid/lapad,131.25,1,mL,0,3,3,1,,375,5,0,0,0,1,2,1,size-based,375,.35,,,,,0
ILOILO,"liquor (e.g, whisky, coconut wine)",ANILAO,lipid/lapad,172.5,2,mL,0,3,3,1,,750,5,0,0,0,2,2,1,size-based,750,.23,,,,,0
ILOILO,"liquor (e.g, whisky, coconut wine)",ANILAO,lipid/lapad,202.5,3,mL,0,3,3,0,this part of the cut came back empty,,,,,,,,,size-based,,,,,,,
ILOILO,loaf bread,ANILAO,small packs,30,1,g,0,3,3,1,,360,3,0,0,0,1,3,0,size-based,360,.0833333333333333,,,,,0
ILOILO,loaf bread,ANILAO,small packs,62,2,g,0,3,3,1,,560,4,0,0,0,2,3,0,size-based,560,.1107142857142857,,,,,0
ILOILO,loaf bread,ANILAO,small packs,147,3,g,0,3,3,1,,670,2,0,0,0,3,3,0,size-based,670,.2194029850746269,,,,,0
ILOILO,"preserved or processed meat (tocino, tapa, longaniza, etc)",ANILAO,putos,66.75,1,g,0,3,3,1,,205,2,0,0,0,1,3,0,size-based,205,.325609756097561,,,,,0
ILOILO,"preserved or processed meat (tocino, tapa, longaniza, etc)",ANILAO,putos,100,2,g,0,3,3,1,,285,3,0,0,0,2,3,0,size-based,285,.3508771929824561,,,,,0
ILOILO,"preserved or processed meat (tocino, tapa, longaniza, etc)",ANILAO,putos,127.5,3,g,0,3,3,1,,545,1,0,0,0,3,3,0,size-based,545,.2339449541284404,,,,,0
ILOILO,cabbage,BADIANGAN,half,20,1,g,0,1,1,1,,275,4,0,1,1,1,1,0,size-based,275,.0727272727272727,,,,,.25
ILOILO,cabbage,BADIANGAN,pieces or units,37,1,g,0,2,2,1,,592.5,4,0,0,0,1,2,0,size-based,592.5,.0624472573839662,,,,,0
ILOILO,cabbage,BADIANGAN,pieces or units,80,2,g,0,2,2,1,,942.5,4,0,1,1,2,2,0,size-based,942.5,.0848806366047745,,,,,.25
ILOILO,camote,BADIANGAN,bilog,30,1,g,0,1,1,1,,230,8,4,4,6,1,1,0,size-based,230,.1304347826086956,,,,,.75
ILOILO,camote tops,BADIANGAN,bugkos,20,1,g,0,1,1,1,,117.5,4,0,0,0,1,1,0,size-based,117.5,.1702127659574468,,,,,0
ILOILO,camote tops,BADIANGAN,bundle,20,1,g,0,1,1,1,,1445,1,0,0,0,1,1,0,size-based,1445,.013840830449827,,,,,0
ILOILO,carrot,BADIANGAN,pieces or units,40,1,g,0,1,1,1,,152.5,10,0,1,1,1,1,0,size-based,152.5,.2622950819672131,,,,,.1
ILOILO,chicken,BADIANGAN,whole (chicken),200,1,g,0,3,3,1,,795,1,0,0,0,1,2,1,size-based,795,.2515723270440252,,,,,0
ILOILO,chicken,BADIANGAN,whole (chicken),250,2,g,0,3,3,1,,1077.5,2,0,0,0,2,2,1,size-based,1077.5,.2320185614849188,,,,,0
ILOILO,chicken,BADIANGAN,whole (chicken),300,3,g,0,3,3,0,this part of the cut came back empty,,,,,,,,,size-based,,,,,,,
ILOILO,"crackers, cookies, buiscuits, chips/curls",BADIANGAN,pieces or units,42.5,1,g,0,2,2,1,,30,3,0,0,0,1,2,0,size-based,30,1.416666666666667,,,,,0
ILOILO,"crackers, cookies, buiscuits, chips/curls",BADIANGAN,pieces or units,91.75,2,g,0,2,2,1,,32,2,0,0,0,2,2,0,size-based,32,2.8671875,,,,,0
ILOILO,"crackers, cookies, buiscuits, chips/curls",BADIANGAN,putos,60,1,g,0,3,3,1,,180,2,0,0,0,1,3,0,size-based,180,.3333333333333333,,,,,0
ILOILO,"crackers, cookies, buiscuits, chips/curls",BADIANGAN,putos,92.5,2,g,0,3,3,1,,275,2,0,1,1,2,3,0,size-based,275,.3363636363636364,,,,,.5
ILOILO,"crackers, cookies, buiscuits, chips/curls",BADIANGAN,putos,152.5,3,g,0,3,3,1,,310,1,0,1,1,3,3,0,size-based,310,.4919354838709677,,,,,1
ILOILO,"ice cream, sorbet, edible ice (eg., ice-lolli, halo-halo)",BADIANGAN,pieces or units,25,1,g,0,3,3,1,,90,1,0,0,0,1,1,2,size-based,90,.2777777777777778,,,,,0
ILOILO,"ice cream, sorbet, edible ice (eg., ice-lolli, halo-halo)",BADIANGAN,pieces or units,50,2,g,0,3,3,0,this part of the cut came back empty,,,,,,,,,size-based,,,,,,,
ILOILO,"ice cream, sorbet, edible ice (eg., ice-lolli, halo-halo)",BADIANGAN,pieces or units,75,3,g,0,3,3,0,this part of the cut came back empty,,,,,,,,,size-based,,,,,,,
ILOILO,"ice cream, sorbet, edible ice (eg., ice-lolli, halo-halo)",BADIANGAN,putos,55,1,g,0,1,1,1,,54,2,0,0,0,1,1,0,size-based,54,1.018518518518519,,,,,0
ILOILO,"ice cream, sorbet, edible ice (eg., ice-lolli, halo-halo)",BADIANGAN,small cup,25,1,g,0,1,1,1,,75,3,0,1,1,1,1,0,size-based,75,.3333333333333333,,,,,.3333333333333333
ILOILO,"liquor (e.g, whisky, coconut wine)",BADIANGAN,junior lapad,406,1,mL,0,1,1,1,,250,3,0,3,3,1,1,0,size-based,250,1.624,,,,,1
ILOILO,"liquor (e.g, whisky, coconut wine)",BADIANGAN,lipid/lapad,80,1,mL,0,3,3,1,,375,3,0,0,0,1,1,2,size-based,375,.2133333333333333,,,,,0
ILOILO,"liquor (e.g, whisky, coconut wine)",BADIANGAN,lipid/lapad,225,3,mL,0,3,3,0,this part of the cut came back empty,,,,,,,,,size-based,,,,,,,
ILOILO,"liquor (e.g, whisky, coconut wine)",BADIANGAN,lipid/lapad,145,2,mL,0,3,3,0,this part of the cut came back empty,,,,,,,,,size-based,,,,,,,
ILOILO,"liquor (e.g, whisky, coconut wine)",BADIANGAN,long-neck,263.75,1,mL,0,3,3,1,,750,3,0,0,0,1,2,1,size-based,750,.3516666666666667,,,,,0
ILOILO,"liquor (e.g, whisky, coconut wine)",BADIANGAN,long-neck,337.5,3,mL,0,3,3,1,,1000,1,0,0,0,3,2,1,size-based,1000,.3375,,,,,0
ILOILO,"liquor (e.g, whisky, coconut wine)",BADIANGAN,long-neck,300,2,mL,0,3,3,0,this part of the cut came back empty,,,,,,,,,size-based,,,,,,,
ILOILO,loaf bread,BADIANGAN,large packs,80,1,g,0,3,3,1,,630,2,0,0,0,1,2,1,size-based,630,.126984126984127,,,,,0
ILOILO,loaf bread,BADIANGAN,large packs,110,2,g,0,3,3,1,,720,2,0,0,0,2,2,1,size-based,720,.1527777777777778,,,,,0
ILOILO,loaf bread,BADIANGAN,large packs,160,3,g,0,3,3,0,this part of the cut came back empty,,,,,,,,,size-based,,,,,,,
ILOILO,loaf bread,BADIANGAN,medium packs,68.125,1,g,0,2,2,1,,420,3,0,0,0,1,2,0,size-based,420,.162202380952381,,,,,0
ILOILO,loaf bread,BADIANGAN,medium packs,160,2,g,0,2,2,1,,450,2,0,0,0,2,2,0,size-based,450,.3555555555555556,,,,,0
ILOILO,pork,BADIANGAN,slice,50,,g,0,,1,1,,445,3,3,3,3,1,,,price-quantity,465.6536068320231,.1073759534263345,province_median,2,2023m12,1.046412599622524,1
ILOILO,pork,BADIANGAN,slice,50,,g,0,,1,1,,445,3,3,3,3,1,,,price-quantity,472.100602110916,.1059096298043969,province_median,2,2024m1,1.060900229462733,1
ILOILO,pork,BADIANGAN,slice,50,,g,0,,1,1,,445,3,3,3,3,1,,,price-quantity,452.1407698340566,.1105850286811137,province_median,2,2024m3,1.016046673784397,1
ILOILO,pork,BADIANGAN,slice,50,,g,0,,1,1,,445,3,3,3,3,1,,,price-quantity,445.9618392674339,.1121172163119007,province_median,2,2024m5,1.002161436556031,1
ILOILO,pork,BADIANGAN,slice,50,,g,0,,1,1,,445,3,3,3,3,1,,,price-quantity,442.189116818219,.1130737915030023,province_median,2,2024m6,.9936834085802674,1
ILOILO,pork,BADIANGAN,slice,50,,g,0,,1,1,,445,3,3,3,3,1,,,price-quantity,454.0091650872378,.1101299353513987,province_median,2,2024m11,1.020245314802782,1
ILOILO,pork,BADIANGAN,slice,50,,g,0,,1,1,,445,3,3,3,3,1,,,price-quantity,443.3300890023027,.112782780236106,province_median,2,2024m12,.9962473910164106,1
ILOILO,"preserved or processed meat (tocino, tapa, longaniza, etc)",BADIANGAN,putos,60,1,g,0,3,3,1,,200,4,0,0,0,1,1,2,size-based,200,.3,,,,,0
ILOILO,"preserved or processed meat (tocino, tapa, longaniza, etc)",BADIANGAN,putos,150,3,g,0,3,3,0,this part of the cut came back empty,,,,,,,,,size-based,,,,,,,
ILOILO,"preserved or processed meat (tocino, tapa, longaniza, etc)",BADIANGAN,putos,100,2,g,0,3,3,0,this part of the cut came back empty,,,,,,,,,size-based,,,,,,,
ILOILO,cabbage,BALASAN,pieces or units,45,1,g,0,1,1,1,,660,8,0,1,1,1,1,0,size-based,660,.0681818181818182,,,,,.125
ILOILO,camote,BALASAN,bilog,30,1,g,0,1,1,1,,190,3,1,2,2,1,1,0,size-based,190,.1578947368421053,,,,,.6666666666666666
ILOILO,camote tops,BALASAN,bugkos,20,1,g,0,1,1,1,,155,3,0,0,0,1,1,0,size-based,155,.1290322580645161,,,,,0
ILOILO,camote tops,BALASAN,bundle,20,1,g,0,1,1,1,,267.5,2,0,0,0,1,1,0,size-based,267.5,.0747663551401869,,,,,0
ILOILO,carrot,BALASAN,pieces or units,37.5,1,g,0,1,1,1,,145,13,0,1,1,1,1,0,size-based,145,.2586206896551724,,,,,.0769230769230769
ILOILO,carrot,BALASAN,pieces or units,120,,g,0,1,1,0,"unique price, no weighing behind it",,,,,,,,,size-based,,,,,,,
ILOILO,chicken,BALASAN,bilog,300,1,g,0,3,3,1,,1165,1,0,0,0,1,2,1,size-based,1165,.2575107296137339,,,,,0
ILOILO,chicken,BALASAN,bilog,400,2,g,0,3,3,1,,1395,2,0,0,0,2,2,1,size-based,1395,.2867383512544803,,,,,0
ILOILO,chicken,BALASAN,bilog,600,3,g,0,3,3,0,this part of the cut came back empty,,,,,,,,,size-based,,,,,,,
ILOILO,"crackers, cookies, buiscuits, chips/curls",BALASAN,pack,120,1,g,0,1,1,1,,110,2,0,0,0,1,1,0,size-based,110,1.090909090909091,,,,,0
ILOILO,"crackers, cookies, buiscuits, chips/curls",BALASAN,pack,350,,g,0,1,1,0,"unique price, no weighing behind it",,,,,,,,,size-based,,,,,,,
ILOILO,"crackers, cookies, buiscuits, chips/curls",BALASAN,putos,57.5,1,g,0,3,3,1,,48,1,0,1,1,1,2,1,size-based,48,1.197916666666667,,,,,1
ILOILO,"crackers, cookies, buiscuits, chips/curls",BALASAN,putos,94,2,g,0,3,3,1,,90,1,0,0,0,2,2,1,size-based,90,1.044444444444445,,,,,0
ILOILO,"crackers, cookies, buiscuits, chips/curls",BALASAN,putos,136,3,g,0,3,3,0,this part of the cut came back empty,,,,,,,,,size-based,,,,,,,
ILOILO,fresh fish,BALASAN,pieces or units,150,1,g,0,2,2,1,,395,3,0,0,0,1,2,0,size-based,395,.379746835443038,,,,,0
ILOILO,fresh fish,BALASAN,pieces or units,300,2,g,0,2,2,1,,717.5,2,0,2,2,2,2,0,size-based,717.5,.4181184668989547,,,,,1
ILOILO,"ice cream, sorbet, edible ice (eg., ice-lolli, halo-halo)",BALASAN,putos,48,1,mL,0,1,1,1,,322.5,2,0,0,0,1,1,0,size-based,322.5,.1488372093023256,,,,,0
ILOILO,"ice cream, sorbet, edible ice (eg., ice-lolli, halo-halo)",BALASAN,small cup,32.5,1,mL,0,1,1,1,,155,2,0,0,0,1,1,0,size-based,155,.2096774193548387,,,,,0
ILOILO,"liquor (e.g, whisky, coconut wine)",BALASAN,lipid/lapad,80,1,mL,0,2,2,1,,375,3,0,0,0,1,2,0,size-based,375,.2133333333333333,,,,,0
ILOILO,"liquor (e.g, whisky, coconut wine)",BALASAN,lipid/lapad,157.5,2,mL,0,2,2,1,,750,2,0,0,0,2,2,0,size-based,750,.21,,,,,0
ILOILO,loaf bread,BALASAN,large packs,170,1,g,0,1,1,1,,620,2,0,0,0,1,1,0,size-based,620,.2741935483870968,,,,,0
ILOILO,loaf bread,BALASAN,large packs,225,,g,0,1,1,0,"unique price, no weighing behind it",,,,,,,,,size-based,,,,,,,
ILOILO,loaf bread,BALASAN,medium packs,57.5,1,g,0,1,1,1,,545,4,0,0,0,1,1,0,size-based,545,.1055045871559633,,,,,0
ILOILO,loaf bread,BALASAN,small packs,70,1,g,0,1,1,1,,220,2,0,0,0,1,1,0,size-based,220,.3181818181818182,,,,,0
ILOILO,mango,BALASAN,pieces or units,80,1,g,0,1,1,1,,215,4,0,0,0,1,1,0,size-based,215,.3720930232558139,,,,,0
ILOILO,mango,BALASAN,pieces or units,50,,g,0,1,1,0,"unique price, no weighing behind it",,,,,,,,,size-based,,,,,,,
ILOILO,mango,BALASAN,pieces or units,160,,g,0,1,1,0,"unique price, no weighing behind it",,,,,,,,,size-based,,,,,,,
ILOILO,"prawns, lobster, shrimp",BALASAN,tumpok,42.5,1,g,0,2,2,1,,185,1,0,0,0,1,2,0,size-based,185,.2297297297297297,,,,,0
ILOILO,"prawns, lobster, shrimp",BALASAN,tumpok,100,2,g,0,2,2,1,,385,1,0,0,0,2,2,0,size-based,385,.2597402597402597,,,,,0
ILOILO,"preserved or processed meat (tocino, tapa, longaniza, etc)",BALASAN,bilog,42.5,1,g,0,1,1,1,,250,5,0,0,0,1,1,0,size-based,250,.17,,,,,0
ILOILO,"preserved or processed meat (tocino, tapa, longaniza, etc)",BALASAN,putos,41.25,1,g,0,3,3,1,,615,1,0,1,1,1,1,2,size-based,615,.0670731707317073,,,,,1
ILOILO,"preserved or processed meat (tocino, tapa, longaniza, etc)",BALASAN,putos,103.75,3,g,0,3,3,0,this part of the cut came back empty,,,,,,,,,size-based,,,,,,,
ILOILO,"preserved or processed meat (tocino, tapa, longaniza, etc)",BALASAN,putos,70,2,g,0,3,3,0,this part of the cut came back empty,,,,,,,,,size-based,,,,,,,
ILOILO,rice,BALASAN,gantang,,,g,0,,1,1,,2265,3,0,0,0,1,,,conventional,2265,,,,,,0
ILOILO,cabbage,BANATE,pieces or units,60,1,g,0,1,1,1,,785,12,0,2,2,1,1,0,size-based,785,.0764331210191083,,,,,.1666666666666667
ILOILO,camote tops,BANATE,bugkos,20,1,g,0,1,1,1,,130,3,0,0,0,1,1,0,size-based,130,.1538461538461539,,,,,0
ILOILO,carrot,BANATE,pieces or units,30,1,g,0,1,1,1,,210,12,2,4,4,1,1,0,size-based,210,.1428571428571428,,,,,.3333333333333333
ILOILO,chicken,BANATE,bilog,190,1,g,0,2,2,1,,810,5,0,0,0,1,2,0,size-based,810,.2345679012345679,,,,,0
ILOILO,chicken,BANATE,bilog,227.5,2,g,0,2,2,1,,1120,5,0,0,0,2,2,0,size-based,1120,.203125,,,,,0
ILOILO,"crackers, cookies, buiscuits, chips/curls",BANATE,pieces or units,50,1,g,0,1,1,1,,50,11,1,1,2,1,1,0,size-based,50,1,,,,,.1818181818181818
ILOILO,"crackers, cookies, buiscuits, chips/curls",BANATE,putos,132,1,g,0,3,3,1,,210,4,0,1,1,1,3,0,size-based,210,.6285714285714286,,,,,.25
ILOILO,"crackers, cookies, buiscuits, chips/curls",BANATE,putos,159,2,g,0,3,3,1,,320,3,0,3,3,2,3,0,size-based,320,.496875,,,,,1
ILOILO,"crackers, cookies, buiscuits, chips/curls",BANATE,putos,288.75,3,g,0,3,3,1,,355,3,1,3,3,3,3,0,size-based,355,.8133802816901409,,,,,1
ILOILO,fresh fish,BANATE,pack,175,1,g,0,3,3,1,,565,2,2,2,2,1,3,0,size-based,565,.3097345132743363,,,,,1
ILOILO,fresh fish,BANATE,pack,300,2,g,0,3,3,1,,837.5,2,2,2,2,2,3,0,size-based,837.5,.3582089552238806,,,,,1
ILOILO,fresh fish,BANATE,pack,325,3,g,0,3,3,1,,895,1,1,1,1,3,3,0,size-based,895,.3631284916201117,,,,,1
ILOILO,"ice cream, sorbet, edible ice (eg., ice-lolli, halo-halo)",BANATE,putos,30,1,g,0,1,1,1,,365,2,0,0,0,1,1,0,size-based,365,.0821917808219178,,,,,0
ILOILO,"ice cream, sorbet, edible ice (eg., ice-lolli, halo-halo)",BANATE,putos,30,1,mL,0,1,1,1,,142.5,2,1,1,1,1,1,0,size-based,142.5,.2105263157894737,,,,,.5
ILOILO,"liquor (e.g, whisky, coconut wine)",BANATE,lipid/lapad,80,1,mL,0,3,3,1,,375,6,0,0,0,1,1,2,size-based,375,.2133333333333333,,,,,0
ILOILO,"liquor (e.g, whisky, coconut wine)",BANATE,lipid/lapad,243.75,3,mL,0,3,3,0,this part of the cut came back empty,,,,,,,,,size-based,,,,,,,
ILOILO,"liquor (e.g, whisky, coconut wine)",BANATE,lipid/lapad,165,2,mL,0,3,3,0,this part of the cut came back empty,,,,,,,,,size-based,,,,,,,
ILOILO,loaf bread,BANATE,large packs,85,1,g,0,1,1,1,,450,7,0,1,1,1,1,0,size-based,450,.1888888888888889,,,,,.1428571428571428
ILOILO,"prawns, lobster, shrimp",BANATE,tumpok,60,1,g,0,1,1,1,,260,3,0,0,0,1,1,0,size-based,260,.2307692307692308,,,,,0
ILOILO,"prawns, lobster, shrimp",BANATE,tumpok,100,,g,0,1,1,0,"unique price, no weighing behind it",,,,,,,,,size-based,,,,,,,
ILOILO,"preserved or processed meat (tocino, tapa, longaniza, etc)",BANATE,pack,90,1,g,0,1,1,1,,225,7,0,0,0,1,1,0,size-based,225,.4,,,,,0
ILOILO,"preserved or processed meat (tocino, tapa, longaniza, etc)",BANATE,pack,50,,g,0,1,1,0,"unique price, no weighing behind it",,,,,,,,,size-based,,,,,,,
ILOILO,cabbage,BAROTAC NUEVO,pack,20,,g,0,,1,1,,175,3,0,0,0,1,,,price-quantity,185.9482425699429,.1075568110974599,province_median,2,2024m1,1.06256138611396,0
ILOILO,cabbage,BAROTAC NUEVO,pack,20,,g,0,,1,1,,175,3,0,0,0,1,,,price-quantity,183.3354387595061,.1090896562897226,province_median,2,2024m6,1.047631078625749,0
ILOILO,cabbage,BAROTAC NUEVO,pack,20,,g,0,,1,1,,175,3,0,0,0,1,,,price-quantity,190.159223799027,.1051750191257477,province_median,2,2024m10,1.08662413599444,0
ILOILO,cabbage,BAROTAC NUEVO,pieces or units,60,1,g,0,1,1,1,,720,9,0,0,0,1,1,0,size-based,720,.0833333333333333,,,,,0
ILOILO,camote,BAROTAC NUEVO,bilog,30,1,g,0,1,1,1,,235,3,1,1,2,1,1,0,size-based,235,.1276595744680851,,,,,.6666666666666666
ILOILO,camote tops,BAROTAC NUEVO,bugkos,30,1,g,0,1,1,1,,225,3,0,0,0,1,1,0,size-based,225,.1333333333333333,,,,,0
ILOILO,carrot,BAROTAC NUEVO,pieces or units,40,1,g,0,1,1,1,,155,9,0,2,2,1,1,0,size-based,155,.2580645161290323,,,,,.2222222222222222
ILOILO,chicken,BAROTAC NUEVO,bilog,200,1,g,0,3,3,1,,900,3,0,0,0,1,3,0,size-based,900,.2222222222222222,,,,,0
ILOILO,chicken,BAROTAC NUEVO,bilog,297.5,2,g,0,3,3,1,,1150,4,0,0,0,2,3,0,size-based,1150,.258695652173913,,,,,0
ILOILO,chicken,BAROTAC NUEVO,bilog,462.5,3,g,0,3,3,1,,1467.5,2,0,0,0,3,3,0,size-based,1467.5,.3151618398637138,,,,,0
ILOILO,chicken,BAROTAC NUEVO,whole (chicken),250,1,g,0,1,1,1,,917.5,2,0,0,0,1,1,0,size-based,917.5,.2724795640326976,,,,,0
ILOILO,"crackers, cookies, buiscuits, chips/curls",BAROTAC NUEVO,pieces or units,30.5,1,g,0,1,1,1,,45,4,0,0,0,1,1,0,size-based,45,.6777777777777778,,,,,0
ILOILO,"crackers, cookies, buiscuits, chips/curls",BAROTAC NUEVO,putos,50,1,g,0,2,2,1,,280,2,1,1,1,1,2,0,size-based,280,.1785714285714286,,,,,.5
ILOILO,"crackers, cookies, buiscuits, chips/curls",BAROTAC NUEVO,putos,99.5,2,g,0,2,2,1,,420,1,1,1,1,2,2,0,size-based,420,.2369047619047619,,,,,1
ILOILO,fresh fish,BAROTAC NUEVO,pack,150,1,g,0,1,1,1,,725,1,1,1,1,1,1,0,size-based,725,.2068965517241379,,,,,1
ILOILO,fresh fish,BAROTAC NUEVO,pieces or units,33.33333206176758,,g,0,,3,1,,305,2,0,0,0,1,,,price-quantity,337.500429145534,.0987653027469007,mp25_price,1,2024m1,1.106558784083718,0
ILOILO,fresh fish,BAROTAC NUEVO,pieces or units,33.33333206176758,,g,0,,3,1,,305,2,0,0,0,1,,,price-quantity,369.4460796499102,.090225161120547,mp25_price,1,2024m6,1.211298621802984,0
ILOILO,fresh fish,BAROTAC NUEVO,pieces or units,33.33333206176758,,g,0,,3,1,,305,2,0,0,0,1,,,price-quantity,352.1737534561542,.0946502450413801,mp25_price,1,2024m10,1.154668044118538,0
ILOILO,fresh fish,BAROTAC NUEVO,pieces or units,80,,g,0,,3,1,,595,2,0,1,1,2,,,price-quantity,658.4024765298124,.1215062258296011,mp50_price,1,2024m1,1.106558784083718,.5
ILOILO,fresh fish,BAROTAC NUEVO,pieces or units,80,,g,0,,3,1,,595,2,0,1,1,2,,,price-quantity,720.7226799727756,.1109996982515132,mp50_price,1,2024m6,1.211298621802984,.5
ILOILO,fresh fish,BAROTAC NUEVO,pieces or units,80,,g,0,,3,1,,595,2,0,1,1,2,,,price-quantity,687.0274862505303,.1164436672491839,mp50_price,1,2024m10,1.154668044118538,.5
ILOILO,fresh fish,BAROTAC NUEVO,pieces or units,120,,g,0,,3,1,,892.5,2,1,2,2,3,,,price-quantity,987.6037147947185,.1215062258296011,mp75_price,1,2024m1,1.106558784083718,1
ILOILO,fresh fish,BAROTAC NUEVO,pieces or units,120,,g,0,,3,1,,892.5,2,1,2,2,3,,,price-quantity,1081.084019959163,.1109996982515132,mp75_price,1,2024m6,1.211298621802984,1
ILOILO,fresh fish,BAROTAC NUEVO,pieces or units,120,,g,0,,3,1,,892.5,2,1,2,2,3,,,price-quantity,1030.541229375795,.1164436672491839,mp75_price,1,2024m10,1.154668044118538,1
ILOILO,"ice cream, sorbet, edible ice (eg., ice-lolli, halo-halo)",BAROTAC NUEVO,pieces or units,50,1,mL,0,1,1,1,,49,1,0,0,0,1,1,0,size-based,49,1.020408163265306,,,,,0
ILOILO,"ice cream, sorbet, edible ice (eg., ice-lolli, halo-halo)",BAROTAC NUEVO,putos,48,1,mL,0,1,1,1,,50,2,0,0,0,1,1,0,size-based,50,.96,,,,,0
ILOILO,"ice cream, sorbet, edible ice (eg., ice-lolli, halo-halo)",BAROTAC NUEVO,small cup,20,1,mL,0,1,1,1,,100,1,0,0,0,1,1,0,size-based,100,.2,,,,,0
ILOILO,"liquor (e.g, whisky, coconut wine)",BAROTAC NUEVO,lipid/lapad,77.5,1,mL,0,2,2,1,,375,3,0,0,0,1,2,0,size-based,375,.2066666666666667,,,,,0
ILOILO,"liquor (e.g, whisky, coconut wine)",BAROTAC NUEVO,lipid/lapad,240,2,mL,0,2,2,1,,750,1,0,0,0,2,2,0,size-based,750,.32,,,,,0
ILOILO,"liquor (e.g, whisky, coconut wine)",BAROTAC NUEVO,long-neck,180,1,mL,0,1,1,1,,750,3,0,0,0,1,1,0,size-based,750,.24,,,,,0
ILOILO,"liquor (e.g, whisky, coconut wine)",BAROTAC NUEVO,long-neck,147.5,,mL,0,1,1,0,"unique price, no weighing behind it",,,,,,,,,size-based,,,,,,,
ILOILO,loaf bread,BAROTAC NUEVO,large packs,79.5,1,g,0,3,3,1,,640,1,0,0,0,1,1,2,size-based,640,.12421875,,,,,0
ILOILO,loaf bread,BAROTAC NUEVO,large packs,162.5,3,g,0,3,3,0,this part of the cut came back empty,,,,,,,,,size-based,,,,,,,
ILOILO,loaf bread,BAROTAC NUEVO,large packs,117.5,2,g,0,3,3,0,this part of the cut came back empty,,,,,,,,,size-based,,,,,,,
ILOILO,loaf bread,BAROTAC NUEVO,medium packs,62.625,1,g,0,2,2,1,,475,2,0,0,0,1,2,0,size-based,475,.1318421052631579,,,,,0
ILOILO,loaf bread,BAROTAC NUEVO,medium packs,104.5,2,g,0,2,2,1,,640,1,0,0,0,2,2,0,size-based,640,.16328125,,,,,0
ILOILO,loaf bread,BAROTAC NUEVO,small packs,58.75,1,g,0,3,3,1,,220,1,0,0,0,1,2,1,size-based,220,.2670454545454545,,,,,0
ILOILO,loaf bread,BAROTAC NUEVO,small packs,100,2,g,0,3,3,1,,360,1,0,0,0,2,2,1,size-based,360,.2777777777777778,,,,,0
ILOILO,loaf bread,BAROTAC NUEVO,small packs,142.5,3,g,0,3,3,0,this part of the cut came back empty,,,,,,,,,size-based,,,,,,,
ILOILO,loaf bread,BAROTAC NUEVO,tama-tama nga putos,69.75,1,g,0,3,3,1,,450,1,0,0,0,1,1,2,size-based,450,.155,,,,,0
ILOILO,loaf bread,BAROTAC NUEVO,tama-tama nga putos,97.5,2,g,0,3,3,0,this part of the cut came back empty,,,,,,,,,size-based,,,,,,,
ILOILO,loaf bread,BAROTAC NUEVO,tama-tama nga putos,120,3,g,0,3,3,0,this part of the cut came back empty,,,,,,,,,size-based,,,,,,,
ILOILO,mango,BAROTAC NUEVO,pieces or units,20,,g,0,,1,1,,280,3,0,0,0,1,,,price-quantity,310.9129323579947,.0643266905892849,province_median,1,2024m1,1.110403329849981,0
ILOILO,mango,BAROTAC NUEVO,pieces or units,20,,g,0,,1,1,,280,3,0,0,0,1,,,price-quantity,316.9696706809978,.0630975195734997,province_median,1,2024m6,1.13203453814642,0
ILOILO,mango,BAROTAC NUEVO,pieces or units,20,,g,0,,1,1,,280,3,0,0,0,1,,,price-quantity,286.2019432639455,.0698807274748491,province_median,1,2024m10,1.022149797371234,0
ILOILO,"prawns, lobster, shrimp",BAROTAC NUEVO,tumpok,67.5,1,g,0,1,1,1,,240,1,0,0,0,1,1,0,size-based,240,.28125,,,,,0
ILOILO,"prawns, lobster, shrimp",BAROTAC NUEVO,tumpok,100,,g,0,1,1,0,"unique price, no weighing behind it",,,,,,,,,size-based,,,,,,,
ILOILO,"preserved or processed meat (tocino, tapa, longaniza, etc)",BAROTAC NUEVO,putos,45,1,g,0,3,3,1,,250,3,0,0,0,1,2,1,size-based,250,.18,,,,,0
ILOILO,"preserved or processed meat (tocino, tapa, longaniza, etc)",BAROTAC NUEVO,putos,92.5,2,g,0,3,3,1,,1000,3,3,3,3,2,2,1,size-based,1000,.0925,,,,,1
ILOILO,"preserved or processed meat (tocino, tapa, longaniza, etc)",BAROTAC NUEVO,putos,153.75,3,g,0,3,3,0,this part of the cut came back empty,,,,,,,,,size-based,,,,,,,
ILOILO,rice,BAROTAC NUEVO,letse,,,g,0,,1,1,,425,1,0,1,1,1,,,conventional,425,,,,,,1
ILOILO,beef,BAROTAC VIEJO,half,200,1,g,0,1,1,1,,517.5,2,0,2,2,1,1,0,size-based,517.5,.3864734299516908,,,,,1
ILOILO,cabbage,BAROTAC VIEJO,pack,20,1,g,0,1,1,1,,152.5,2,0,0,0,1,1,0,size-based,152.5,.1311475409836066,,,,,0
ILOILO,cabbage,BAROTAC VIEJO,pieces or units,40,1,g,0,2,2,1,,465,5,0,0,0,1,2,0,size-based,465,.0860215053763441,,,,,0
ILOILO,cabbage,BAROTAC VIEJO,pieces or units,75,2,g,0,2,2,1,,742.5,4,0,0,0,2,2,0,size-based,742.5,.101010101010101,,,,,0
ILOILO,camote,BAROTAC VIEJO,bilog,30,1,g,0,1,1,1,,177.5,6,1,3,3,1,1,0,size-based,177.5,.1690140845070423,,,,,.5
ILOILO,camote tops,BAROTAC VIEJO,bugkos,20,1,g,0,1,1,1,,155,3,0,0,0,1,1,0,size-based,155,.1290322580645161,,,,,0
ILOILO,carrot,BAROTAC VIEJO,pieces or units,20,,g,0,,1,1,,110,3,0,0,0,1,,,price-quantity,96.38272868062936,.2075060570890387,municipality_median,1,2023m12,.8762066243693578,0
ILOILO,carrot,BAROTAC VIEJO,pieces or units,20,,g,0,,1,1,,110,3,0,0,0,1,,,price-quantity,111.3880342415601,.1795524998369867,municipality_median,1,2024m2,1.012618493105092,0
ILOILO,carrot,BAROTAC VIEJO,pieces or units,20,,g,0,,1,1,,110,3,0,0,0,1,,,price-quantity,131.5053606874029,.1520850549016124,municipality_median,1,2024m5,1.19550327897639,0
ILOILO,carrot,BAROTAC VIEJO,pieces or units,20,,g,0,,1,1,,110,3,0,0,0,1,,,price-quantity,124.8019639801441,.1602538883377026,municipality_median,1,2024m6,1.134563308910401,0
ILOILO,carrot,BAROTAC VIEJO,pieces or units,20,,g,0,,1,1,,110,3,0,0,0,1,,,price-quantity,125.4548574650319,.1594198933714034,municipality_median,1,2024m10,1.140498704227563,0
ILOILO,carrot,BAROTAC VIEJO,pieces or units,20,,g,0,,1,1,,110,3,0,0,0,1,,,price-quantity,124.7513563804401,.1603188981689968,municipality_median,1,2024m11,1.134103239822183,0
ILOILO,carrot,BAROTAC VIEJO,pieces or units,20,,g,0,,1,1,,110,3,0,0,0,1,,,price-quantity,117.7161028714515,.1699002898680772,municipality_median,1,2024m12,1.070146389740468,0
ILOILO,chicken,BAROTAC VIEJO,bilog,250,1,g,0,1,1,1,,1102.5,8,0,0,0,1,1,0,size-based,1102.5,.2267573696145125,,,,,0
ILOILO,"crackers, cookies, buiscuits, chips/curls",BAROTAC VIEJO,pieces or units,27,1,g,0,2,2,1,,28,3,0,0,0,1,2,0,size-based,28,.9642857142857143,,,,,0
ILOILO,"crackers, cookies, buiscuits, chips/curls",BAROTAC VIEJO,pieces or units,48,2,g,0,2,2,1,,260,2,0,0,0,2,2,0,size-based,260,.1846153846153846,,,,,0
ILOILO,fresh fish,BAROTAC VIEJO,pieces or units,100,1,g,0,1,1,1,,365,5,0,0,0,1,1,0,size-based,365,.273972602739726,,,,,0
ILOILO,fresh fish,BAROTAC VIEJO,pieces or units,20,,g,0,1,1,0,"unique price, no weighing behind it",,,,,,,,,size-based,,,,,,,
ILOILO,fresh fish,BAROTAC VIEJO,tumpok,300,1,g,0,1,1,1,,882.5,6,6,6,6,1,1,0,size-based,882.5,.339943342776204,,,,,1
ILOILO,"ice cream, sorbet, edible ice (eg., ice-lolli, halo-halo)",BAROTAC VIEJO,pieces or units,35,1,g,0,1,1,1,,85,1,0,0,0,1,1,0,size-based,85,.4117647058823529,,,,,0
ILOILO,"ice cream, sorbet, edible ice (eg., ice-lolli, halo-halo)",BAROTAC VIEJO,pieces or units,35,1,mL,0,1,1,1,,650,4,0,0,0,1,1,0,size-based,650,.0538461538461538,,,,,0
ILOILO,"ice cream, sorbet, edible ice (eg., ice-lolli, halo-halo)",BAROTAC VIEJO,putos,15,1,mL,0,2,2,1,,450,1,0,0,0,1,1,1,size-based,450,.0333333333333333,,,,,0
ILOILO,"ice cream, sorbet, edible ice (eg., ice-lolli, halo-halo)",BAROTAC VIEJO,putos,73.5,2,mL,0,2,2,0,this part of the cut came back empty,,,,,,,,,size-based,,,,,,,
ILOILO,"ice cream, sorbet, edible ice (eg., ice-lolli, halo-halo)",BAROTAC VIEJO,small cup,20,1,mL,0,1,1,1,,110,4,0,0,0,1,1,0,size-based,110,.1818181818181818,,,,,0
ILOILO,"liquor (e.g, whisky, coconut wine)",BAROTAC VIEJO,lipid/lapad,80,1,mL,0,3,3,1,,375,4,0,0,0,1,2,1,size-based,375,.2133333333333333,,,,,0
ILOILO,"liquor (e.g, whisky, coconut wine)",BAROTAC VIEJO,lipid/lapad,240,3,mL,0,3,3,1,,750,1,0,0,0,3,2,1,size-based,750,.32,,,,,0
ILOILO,"liquor (e.g, whisky, coconut wine)",BAROTAC VIEJO,lipid/lapad,150,2,mL,0,3,3,0,this part of the cut came back empty,,,,,,,,,size-based,,,,,,,
ILOILO,"liquor (e.g, whisky, coconut wine)",BAROTAC VIEJO,long-neck,180,1,mL,0,1,1,1,,750,2,0,0,0,1,1,0,size-based,750,.24,,,,,0
ILOILO,"liquor (e.g, whisky, coconut wine)",BAROTAC VIEJO,long-neck,350,,mL,0,1,1,0,"unique price, no weighing behind it",,,,,,,,,size-based,,,,,,,
ILOILO,loaf bread,BAROTAC VIEJO,large packs,85,1,g,0,1,1,1,,640,3,0,0,0,1,1,0,size-based,640,.1328125,,,,,0
ILOILO,loaf bread,BAROTAC VIEJO,medium packs,67.5,1,g,0,1,1,1,,450,2,0,0,0,1,1,0,size-based,450,.15,,,,,0
ILOILO,loaf bread,BAROTAC VIEJO,small packs,50,1,g,0,1,1,1,,220,1,0,0,0,1,1,0,size-based,220,.2272727272727273,,,,,0
ILOILO,mango,BAROTAC VIEJO,pieces or units,80,1,g,0,1,1,1,,255,10,0,0,0,1,1,0,size-based,255,.3137254901960784,,,,,0
ILOILO,mango,BAROTAC VIEJO,pieces or units,30,,g,0,1,1,0,"unique price, no weighing behind it",,,,,,,,,size-based,,,,,,,
ILOILO,"prawns, lobster, shrimp",BAROTAC VIEJO,tumpok,50,,g,0,,2,1,,197.5,2,0,0,0,1,,,price-quantity,225.7492992664483,.221484629907913,mp50_price,1,2023m12,1.143034426665561,0
ILOILO,"prawns, lobster, shrimp",BAROTAC VIEJO,tumpok,50,,g,0,,2,1,,197.5,2,0,0,0,1,,,price-quantity,214.565521258045,.2330290519503738,mp50_price,1,2024m2,1.08640770257238,0
ILOILO,"prawns, lobster, shrimp",BAROTAC VIEJO,tumpok,50,,g,0,,2,1,,197.5,2,0,0,0,1,,,price-quantity,216.2842639231428,.2311772437488454,mp50_price,1,2024m5,1.095110197079204,0
ILOILO,"prawns, lobster, shrimp",BAROTAC VIEJO,tumpok,50,,g,0,,2,1,,197.5,2,0,0,0,1,,,price-quantity,210.6895116802573,.2373160372400506,mp50_price,1,2024m6,1.066782337621556,0
ILOILO,"prawns, lobster, shrimp",BAROTAC VIEJO,tumpok,50,,g,0,,2,1,,197.5,2,0,0,0,1,,,price-quantity,228.4928398105255,.2188252377687712,mp50_price,1,2024m10,1.156925771192534,0
ILOILO,"prawns, lobster, shrimp",BAROTAC VIEJO,tumpok,50,,g,0,,2,1,,197.5,2,0,0,0,1,,,price-quantity,225.363563847615,.221863726089319,mp50_price,1,2024m11,1.141081335937291,0
ILOILO,"prawns, lobster, shrimp",BAROTAC VIEJO,tumpok,50,,g,0,,2,1,,197.5,2,0,0,0,1,,,price-quantity,224.4722794238313,.2227446530517643,mp50_price,1,2024m12,1.136568503411804,0
ILOILO,"prawns, lobster, shrimp",BAROTAC VIEJO,tumpok,100,,g,0,,2,1,,260,2,0,0,0,2,,,price-quantity,297.1889509330459,.3364862646677909,mp75_price,1,2023m12,1.143034426665561,0
ILOILO,"prawns, lobster, shrimp",BAROTAC VIEJO,tumpok,100,,g,0,,2,1,,260,2,0,0,0,2,,,price-quantity,282.4660026688187,.3540249058476833,mp75_price,1,2024m2,1.08640770257238,0
ILOILO,"prawns, lobster, shrimp",BAROTAC VIEJO,tumpok,100,,g,0,,2,1,,260,2,0,0,0,2,,,price-quantity,284.728651240593,.3512115818492075,mp75_price,1,2024m5,1.095110197079204,0
ILOILO,"prawns, lobster, shrimp",BAROTAC VIEJO,tumpok,100,,g,0,,2,1,,260,2,0,0,0,2,,,price-quantity,277.3634077816045,.3605378258069999,mp75_price,1,2024m6,1.066782337621556,0
ILOILO,"prawns, lobster, shrimp",BAROTAC VIEJO,tumpok,100,,g,0,,2,1,,260,2,0,0,0,2,,,price-quantity,300.8007005100589,.3324460343025563,mp75_price,1,2024m10,1.156925771192534,0
ILOILO,"prawns, lobster, shrimp",BAROTAC VIEJO,tumpok,100,,g,0,,2,1,,260,2,0,0,0,2,,,price-quantity,296.6811473436956,.3370621992510808,mp75_price,1,2024m11,1.141081335937291,0
ILOILO,"prawns, lobster, shrimp",BAROTAC VIEJO,tumpok,100,,g,0,,2,1,,260,2,0,0,0,2,,,price-quantity,295.5078108870691,.3384005305978727,mp75_price,1,2024m12,1.136568503411804,0
ILOILO,"preserved or processed meat (tocino, tapa, longaniza, etc)",BAROTAC VIEJO,bilog,50,1,g,0,1,1,1,,250,5,0,0,0,1,1,0,size-based,250,.2,,,,,0
ILOILO,"preserved or processed meat (tocino, tapa, longaniza, etc)",BAROTAC VIEJO,cans,105,1,g,0,1,1,1,,155,2,0,0,0,1,1,0,size-based,155,.6774193548387096,,,,,0
ILOILO,cabbage,BATAD,pieces or units,75,1,g,0,1,1,1,,650,17,0,1,1,1,1,0,size-based,650,.1153846153846154,,,,,.0588235294117647
ILOILO,camote,BATAD,bilog,30,1,g,0,1,1,1,,90,9,0,1,1,1,1,0,size-based,90,.3333333333333333,,,,,.1111111111111111
ILOILO,camote tops,BATAD,bugkos,20,1,g,0,1,1,1,,385,7,2,3,4,1,1,0,size-based,385,.051948051948052,,,,,.5714285714285714
ILOILO,carrot,BATAD,pieces or units,25,1,g,0,2,2,1,,85,9,0,0,0,1,2,0,size-based,85,.2941176470588235,,,,,0
ILOILO,carrot,BATAD,pieces or units,80,2,g,0,2,2,1,,190,9,1,2,2,2,2,0,size-based,190,.4210526315789473,,,,,.2222222222222222
ILOILO,chicken,BATAD,whole (chicken),240,1,g,0,2,2,1,,852.5,4,0,0,0,1,2,0,size-based,852.5,.281524926686217,,,,,0
ILOILO,chicken,BATAD,whole (chicken),282.5,2,g,0,2,2,1,,1172.5,4,0,0,0,2,2,0,size-based,1172.5,.2409381663113006,,,,,0
ILOILO,"crackers, cookies, buiscuits, chips/curls",BATAD,pack,120,1,g,0,1,1,1,,30,7,0,0,0,1,1,0,size-based,30,4,,,,,0
ILOILO,"crackers, cookies, buiscuits, chips/curls",BATAD,pieces or units,40,1,g,0,1,1,1,,27.5,8,0,0,0,1,1,0,size-based,27.5,1.454545454545455,,,,,0
ILOILO,fresh fish,BATAD,pieces or units,50,1,g,0,2,2,1,,410,5,0,0,0,1,2,0,size-based,410,.1219512195121951,,,,,0
ILOILO,fresh fish,BATAD,pieces or units,187.5,2,g,0,2,2,1,,525,4,0,0,0,2,2,0,size-based,525,.3571428571428572,,,,,0
ILOILO,"ice cream, sorbet, edible ice (eg., ice-lolli, halo-halo)",BATAD,pieces or units,20,1,mL,0,1,1,1,,575,2,0,0,0,1,1,0,size-based,575,.0347826086956522,,,,,0
ILOILO,"ice cream, sorbet, edible ice (eg., ice-lolli, halo-halo)",BATAD,small cup,50,1,mL,0,1,1,1,,110,2,0,0,0,1,1,0,size-based,110,.4545454545454545,,,,,0
ILOILO,"liquor (e.g, whisky, coconut wine)",BATAD,lipid/lapad,80,1,mL,0,3,3,1,,375,6,0,0,0,1,1,2,size-based,375,.2133333333333333,,,,,0
ILOILO,"liquor (e.g, whisky, coconut wine)",BATAD,lipid/lapad,150,2,mL,0,3,3,0,this part of the cut came back empty,,,,,,,,,size-based,,,,,,,
ILOILO,"liquor (e.g, whisky, coconut wine)",BATAD,lipid/lapad,232.5,3,mL,0,3,3,0,this part of the cut came back empty,,,,,,,,,size-based,,,,,,,
ILOILO,loaf bread,BATAD,large packs,52.5,1,g,0,3,3,1,,640,4,0,0,0,1,1,2,size-based,640,.08203125,,,,,0
ILOILO,loaf bread,BATAD,large packs,75,2,g,0,3,3,0,this part of the cut came back empty,,,,,,,,,size-based,,,,,,,
ILOILO,loaf bread,BATAD,large packs,101.25,3,g,0,3,3,0,this part of the cut came back empty,,,,,,,,,size-based,,,,,,,
ILOILO,loaf bread,BATAD,medium packs,68,1,g,0,1,1,1,,450,5,0,0,0,1,1,0,size-based,450,.1511111111111111,,,,,0
ILOILO,loaf bread,BATAD,medium packs,45,,g,0,1,1,0,"unique price, no weighing behind it",,,,,,,,,size-based,,,,,,,
ILOILO,loaf bread,BATAD,small packs,50,1,g,0,1,1,1,,220,1,0,0,0,1,1,0,size-based,220,.2272727272727273,,,,,0
ILOILO,mango,BATAD,pieces or units,80,1,g,0,1,1,1,,255,9,0,0,0,1,1,0,size-based,255,.3137254901960784,,,,,0
ILOILO,"prawns, lobster, shrimp",BATAD,tumpok,60,1,g,0,1,1,1,,260,5,0,1,1,1,1,0,size-based,260,.2307692307692308,,,,,.2
ILOILO,"preserved or processed meat (tocino, tapa, longaniza, etc)",BATAD,bilog,30,1,g,0,3,3,1,,70,2,0,2,2,1,1,2,size-based,70,.4285714285714285,,,,,1
ILOILO,"preserved or processed meat (tocino, tapa, longaniza, etc)",BATAD,bilog,52.5,2,g,0,3,3,0,this part of the cut came back empty,,,,,,,,,size-based,,,,,,,
ILOILO,"preserved or processed meat (tocino, tapa, longaniza, etc)",BATAD,bilog,107.25,3,g,0,3,3,0,this part of the cut came back empty,,,,,,,,,size-based,,,,,,,
ILOILO,"preserved or processed meat (tocino, tapa, longaniza, etc)",BATAD,pack,90,1,g,0,1,1,1,,250,8,0,1,1,1,1,0,size-based,250,.36,,,,,.125
ILOILO,"preserved or processed meat (tocino, tapa, longaniza, etc)",BATAD,pack,500,,g,0,1,1,0,"unique price, no weighing behind it",,,,,,,,,size-based,,,,,,,
ILOILO,rice,BATAD,letse,,,g,0,,1,1,,425,1,0,1,1,1,,,conventional,425,,,,,,1
ILOILO,cabbage,BINGAWAN,pieces or units,50,1,g,0,1,1,1,,680,23,0,2,2,1,1,0,size-based,680,.0735294117647059,,,,,.0869565217391304
ILOILO,camote,BINGAWAN,bilog,30,1,g,0,1,1,1,,77.5,6,0,0,0,1,1,0,size-based,77.5,.3870967741935484,,,,,0
ILOILO,camote tops,BINGAWAN,bugkos,20,1,g,0,1,1,1,,180,5,0,1,1,1,1,0,size-based,180,.1111111111111111,,,,,.2
ILOILO,carrot,BINGAWAN,pieces or units,35,1,g,0,1,1,1,,125,20,0,2,2,1,1,0,size-based,125,.28,,,,,.1
ILOILO,chicken,BINGAWAN,whole (chicken),250,1,g,0,2,2,1,,860,1,0,0,0,1,1,1,size-based,860,.2906976744186047,,,,,0
ILOILO,chicken,BINGAWAN,whole (chicken),300,2,g,0,2,2,0,this part of the cut came back empty,,,,,,,,,size-based,,,,,,,
ILOILO,"crackers, cookies, buiscuits, chips/curls",BINGAWAN,pieces or units,35,1,g,0,1,1,1,,35,6,0,1,1,1,1,0,size-based,35,1,,,,,.1666666666666667
ILOILO,"crackers, cookies, buiscuits, chips/curls",BINGAWAN,putos,62.5,1,g,0,2,2,1,,40,8,3,4,6,1,2,0,size-based,40,1.5625,,,,,.75
ILOILO,"crackers, cookies, buiscuits, chips/curls",BINGAWAN,putos,125,2,g,0,2,2,1,,95,8,0,1,1,2,2,0,size-based,95,1.315789473684211,,,,,.125
ILOILO,fresh fish,BINGAWAN,pieces or units,100,1,g,0,1,1,1,,425,6,0,0,0,1,1,0,size-based,425,.2352941176470588,,,,,0
ILOILO,"ice cream, sorbet, edible ice (eg., ice-lolli, halo-halo)",BINGAWAN,pieces or units,42,1,g,0,1,1,1,,90,1,0,0,0,1,1,0,size-based,90,.4666666666666667,,,,,0
ILOILO,"ice cream, sorbet, edible ice (eg., ice-lolli, halo-halo)",BINGAWAN,putos,48,1,mL,0,1,1,1,,775,2,0,0,0,1,1,0,size-based,775,.0619354838709677,,,,,0
ILOILO,"ice cream, sorbet, edible ice (eg., ice-lolli, halo-halo)",BINGAWAN,small cup,40,1,mL,0,1,1,1,,435,2,0,0,0,1,1,0,size-based,435,.0919540229885057,,,,,0
ILOILO,"liquor (e.g, whisky, coconut wine)",BINGAWAN,lipid/lapad,77.5,1,mL,0,2,2,1,,375,5,0,0,0,1,1,1,size-based,375,.2066666666666667,,,,,0
ILOILO,"liquor (e.g, whisky, coconut wine)",BINGAWAN,lipid/lapad,217.5,2,mL,0,2,2,0,this part of the cut came back empty,,,,,,,,,size-based,,,,,,,
ILOILO,"liquor (e.g, whisky, coconut wine)",BINGAWAN,long-neck,180,1,mL,0,1,1,1,,750,8,0,0,0,1,1,0,size-based,750,.24,,,,,0
ILOILO,"liquor (e.g, whisky, coconut wine)",BINGAWAN,long-neck,150,,mL,0,1,1,0,"unique price, no weighing behind it",,,,,,,,,size-based,,,,,,,
ILOILO,loaf bread,BINGAWAN,large packs,75,1,g,0,1,1,1,,700,5,0,0,0,1,1,0,size-based,700,.1071428571428571,,,,,0
ILOILO,loaf bread,BINGAWAN,medium packs,68,1,g,0,1,1,1,,475,4,0,0,0,1,1,0,size-based,475,.1431578947368421,,,,,0
ILOILO,loaf bread,BINGAWAN,small packs,50,1,g,0,1,1,1,,350,3,0,0,0,1,1,0,size-based,350,.1428571428571428,,,,,0
ILOILO,"preserved or processed meat (tocino, tapa, longaniza, etc)",BINGAWAN,bilog,50,1,g,0,1,1,1,,260,1,0,0,0,1,1,0,size-based,260,.1923076923076923,,,,,0
ILOILO,"preserved or processed meat (tocino, tapa, longaniza, etc)",BINGAWAN,putos,60,1,g,0,3,3,1,,200,1,0,0,0,1,1,2,size-based,200,.3,,,,,0
ILOILO,"preserved or processed meat (tocino, tapa, longaniza, etc)",BINGAWAN,putos,90,2,g,0,3,3,0,this part of the cut came back empty,,,,,,,,,size-based,,,,,,,
ILOILO,"preserved or processed meat (tocino, tapa, longaniza, etc)",BINGAWAN,putos,125,3,g,0,3,3,0,this part of the cut came back empty,,,,,,,,,size-based,,,,,,,
ILOILO,cabbage,CABATUAN,pieces or units,30,1,g,0,3,3,1,,285,7,1,1,2,1,3,0,size-based,285,.1052631578947368,,,,,.2857142857142857
ILOILO,cabbage,CABATUAN,pieces or units,60,2,g,0,3,3,1,,675,8,0,0,0,2,3,0,size-based,675,.0888888888888889,,,,,0
ILOILO,cabbage,CABATUAN,pieces or units,90,3,g,0,3,3,1,,892.5,6,0,1,1,3,3,0,size-based,892.5,.1008403361344538,,,,,.1666666666666667
ILOILO,cabbage,CABATUAN,putos (mix vegetable),25,1,g,0,1,1,1,,172.5,8,0,1,1,1,1,0,size-based,172.5,.1449275362318841,,,,,.125
ILOILO,camote,CABATUAN,bilog,30,1,g,0,1,1,1,,150,16,2,6,6,1,1,0,size-based,150,.2,,,,,.375
ILOILO,camote tops,CABATUAN,bugkos,20,1,g,0,1,1,1,,192.5,8,0,0,0,1,1,0,size-based,192.5,.1038961038961039,,,,,0
ILOILO,camote tops,CABATUAN,bundle,20,1,g,0,1,1,1,,920,4,3,3,4,1,1,0,size-based,920,.0217391304347826,,,,,1
ILOILO,carrot,CABATUAN,pieces or units,30,1,g,0,1,1,1,,170,21,1,3,3,1,1,0,size-based,170,.1764705882352941,,,,,.1428571428571428
ILOILO,carrot,CABATUAN,putos (mix vegetable),50,1,g,0,1,1,1,,150,6,0,6,6,1,1,0,size-based,150,.3333333333333333,,,,,1
ILOILO,chicken,CABATUAN,whole (chicken),200,1,g,0,3,3,1,,902.5,2,0,0,0,1,3,0,size-based,902.5,.221606648199446,,,,,0
ILOILO,chicken,CABATUAN,whole (chicken),250,2,g,0,3,3,1,,1110,2,0,0,0,2,3,0,size-based,1110,.2252252252252252,,,,,0
ILOILO,chicken,CABATUAN,whole (chicken),300,3,g,0,3,3,1,,1445,1,0,0,0,3,3,0,size-based,1445,.2076124567474048,,,,,0
ILOILO,"crackers, cookies, buiscuits, chips/curls",CABATUAN,pack,120,1,g,0,1,1,1,,335,3,0,0,0,1,1,0,size-based,335,.3582089552238806,,,,,0
ILOILO,"crackers, cookies, buiscuits, chips/curls",CABATUAN,pack,60,,g,0,1,1,0,"unique price, no weighing behind it",,,,,,,,,size-based,,,,,,,
ILOILO,"crackers, cookies, buiscuits, chips/curls",CABATUAN,pieces or units,35.125,1,g,0,2,2,1,,30,3,0,0,0,1,2,0,size-based,30,1.170833333333333,,,,,0
ILOILO,"crackers, cookies, buiscuits, chips/curls",CABATUAN,pieces or units,100,2,g,0,2,2,1,,80,2,1,1,1,2,2,0,size-based,80,1.25,,,,,.5
ILOILO,"crackers, cookies, buiscuits, chips/curls",CABATUAN,putos,61.125,1,g,0,2,2,1,,265,1,0,0,0,1,1,1,size-based,265,.2306603773584906,,,,,0
ILOILO,"crackers, cookies, buiscuits, chips/curls",CABATUAN,putos,120,2,g,0,2,2,0,this part of the cut came back empty,,,,,,,,,size-based,,,,,,,
ILOILO,fresh fish,CABATUAN,pieces or units,77.5,1,g,0,3,3,1,,350,3,0,0,0,1,3,0,size-based,350,.2214285714285714,,,,,0
ILOILO,fresh fish,CABATUAN,pieces or units,140,2,g,0,3,3,1,,560,2,0,0,0,2,3,0,size-based,560,.25,,,,,0
ILOILO,fresh fish,CABATUAN,pieces or units,190,3,g,0,3,3,1,,655,2,0,2,2,3,3,0,size-based,655,.2900763358778626,,,,,1
ILOILO,"ice cream, sorbet, edible ice (eg., ice-lolli, halo-halo)",CABATUAN,pieces or units,50,1,g,0,1,1,1,,505,2,0,0,0,1,1,0,size-based,505,.099009900990099,,,,,0
ILOILO,"ice cream, sorbet, edible ice (eg., ice-lolli, halo-halo)",CABATUAN,putos,40,1,g,0,1,1,1,,299,2,0,0,0,1,1,0,size-based,299,.1337792642140468,,,,,0
ILOILO,"ice cream, sorbet, edible ice (eg., ice-lolli, halo-halo)",CABATUAN,small cup,25,1,g,0,1,1,1,,290,4,1,1,1,1,1,0,size-based,290,.0862068965517241,,,,,.25
ILOILO,"liquor (e.g, whisky, coconut wine)",CABATUAN,lipid/lapad,80,1,mL,0,3,3,1,,500,3,0,0,0,1,3,0,size-based,500,.16,,,,,0
ILOILO,"liquor (e.g, whisky, coconut wine)",CABATUAN,lipid/lapad,148,2,mL,0,3,3,1,,665,2,0,0,0,2,3,0,size-based,665,.2225563909774436,,,,,0
ILOILO,"liquor (e.g, whisky, coconut wine)",CABATUAN,lipid/lapad,228.75,3,mL,0,3,3,1,,685,1,0,0,0,3,3,0,size-based,685,.3339416058394161,,,,,0
ILOILO,"liquor (e.g, whisky, coconut wine)",CABATUAN,long-neck,180,1,mL,0,1,1,1,,1230,2,0,0,0,1,1,0,size-based,1230,.1463414634146341,,,,,0
ILOILO,loaf bread,CABATUAN,large packs,82.5,1,g,0,2,2,1,,670,3,0,0,0,1,2,0,size-based,670,.1231343283582089,,,,,0
ILOILO,loaf bread,CABATUAN,large packs,150,2,g,0,2,2,1,,700,3,0,0,0,2,2,0,size-based,700,.2142857142857143,,,,,0
ILOILO,loaf bread,CABATUAN,medium packs,66,1,g,0,1,1,1,,477.5,4,0,0,0,1,1,0,size-based,477.5,.1382198952879581,,,,,0
ILOILO,loaf bread,CABATUAN,small packs,41,1,g,0,2,2,1,,337.5,2,0,0,0,1,2,0,size-based,337.5,.1214814814814815,,,,,0
ILOILO,loaf bread,CABATUAN,small packs,92,2,g,0,2,2,1,,417.5,2,0,0,0,2,2,0,size-based,417.5,.2203592814371257,,,,,0
ILOILO,mango,CABATUAN,pieces or units,70,1,g,0,1,1,1,,200,13,0,0,0,1,1,0,size-based,200,.35,,,,,0
ILOILO,mango,CABATUAN,pieces or units,20,,g,0,1,1,0,"unique price, no weighing behind it",,,,,,,,,size-based,,,,,,,
ILOILO,pork,CABATUAN,pieces or units,90,,g,0,,1,1,,272.5,4,1,1,1,1,,,price-quantity,285.1583603193296,.3156141026313066,province_median,2,2024m1,1.046452698419558,.25
ILOILO,pork,CABATUAN,pieces or units,90,,g,0,,1,1,,272.5,4,1,1,1,1,,,price-quantity,279.7502535931601,.3217155260594927,province_median,2,2024m2,1.026606435204257,.25
ILOILO,pork,CABATUAN,pieces or units,90,,g,0,,1,1,,272.5,4,1,1,1,1,,,price-quantity,273.1022158897979,.3295469416341783,province_median,2,2024m3,1.002209966568066,.25
ILOILO,pork,CABATUAN,pieces or units,90,,g,0,,1,1,,272.5,4,1,1,1,1,,,price-quantity,274.8674160712237,.327430589214253,province_median,2,2024m10,1.008687765398986,.25
ILOILO,pork,CABATUAN,pieces or units,90,,g,0,,1,1,,272.5,4,1,1,1,1,,,price-quantity,274.2307646026005,.3281907488768551,province_median,2,2024m11,1.006351429734313,.25
ILOILO,"preserved or processed meat (tocino, tapa, longaniza, etc)",CABATUAN,bilog,200,1,g,0,1,1,1,,65,1,0,1,1,1,1,0,size-based,65,3.076923076923077,,,,,1
ILOILO,"preserved or processed meat (tocino, tapa, longaniza, etc)",CABATUAN,pack,90,1,g,0,1,1,1,,505,3,1,1,1,1,1,0,size-based,505,.1782178217821782,,,,,.3333333333333333
ILOILO,cabbage,CALINOG,pieces or units,60,1,g,0,1,1,1,,747.5,26,0,1,1,1,1,0,size-based,747.5,.0802675585284281,,,,,.0384615384615385
ILOILO,camote,CALINOG,bilog,30,1,g,0,1,1,1,,170,9,2,4,4,1,1,0,size-based,170,.1764705882352941,,,,,.4444444444444444
ILOILO,camote tops,CALINOG,bugkos,20,1,g,0,1,1,1,,145,4,0,0,0,1,1,0,size-based,145,.1379310344827586,,,,,0
ILOILO,camote tops,CALINOG,bundle,20,1,g,0,1,1,1,,495,3,1,0,1,1,1,0,size-based,495,.0404040404040404,,,,,.3333333333333333
ILOILO,carrot,CALINOG,pieces or units,32.5,1,g,0,1,1,1,,110,23,0,0,0,1,1,0,size-based,110,.2954545454545455,,,,,0
ILOILO,chicken,CALINOG,whole (chicken),250,1,g,0,3,3,1,,545,2,0,1,1,1,3,0,size-based,545,.4587155963302753,,,,,.5
ILOILO,chicken,CALINOG,whole (chicken),300,2,g,0,3,3,1,,1040,3,0,0,0,2,3,0,size-based,1040,.2884615384615384,,,,,0
ILOILO,chicken,CALINOG,whole (chicken),500,3,g,0,3,3,1,,1195,1,0,0,0,3,3,0,size-based,1195,.4184100418410042,,,,,0
ILOILO,fresh fish,CALINOG,pieces or units,50,1,g,0,3,3,1,,235,6,0,0,0,1,3,0,size-based,235,.2127659574468085,,,,,0
ILOILO,fresh fish,CALINOG,pieces or units,100,2,g,0,3,3,1,,377.5,6,0,0,0,2,3,0,size-based,377.5,.2649006622516556,,,,,0
ILOILO,fresh fish,CALINOG,pieces or units,200,3,g,0,3,3,1,,635,5,2,2,3,3,3,0,size-based,635,.3149606299212598,,,,,.6
ILOILO,"ice cream, sorbet, edible ice (eg., ice-lolli, halo-halo)",CALINOG,pack,25,1,g,0,1,1,1,,450,1,0,0,0,1,1,0,size-based,450,.0555555555555556,,,,,0
ILOILO,"ice cream, sorbet, edible ice (eg., ice-lolli, halo-halo)",CALINOG,pack,25,1,mL,0,1,1,1,,600,3,0,0,0,1,1,0,size-based,600,.0416666666666667,,,,,0
ILOILO,"ice cream, sorbet, edible ice (eg., ice-lolli, halo-halo)",CALINOG,putos,35,1,g,0,1,1,1,,120,1,0,0,0,1,1,0,size-based,120,.2916666666666667,,,,,0
ILOILO,"ice cream, sorbet, edible ice (eg., ice-lolli, halo-halo)",CALINOG,small cup,30,1,mL,0,1,1,1,,100,3,0,0,0,1,1,0,size-based,100,.3,,,,,0
ILOILO,"liquor (e.g, whisky, coconut wine)",CALINOG,lipid/lapad,75,1,mL,0,3,3,1,,375,9,0,0,0,1,1,2,size-based,375,.2,,,,,0
ILOILO,"liquor (e.g, whisky, coconut wine)",CALINOG,lipid/lapad,255,3,mL,0,3,3,0,this part of the cut came back empty,,,,,,,,,size-based,,,,,,,
ILOILO,"liquor (e.g, whisky, coconut wine)",CALINOG,lipid/lapad,150,2,mL,0,3,3,0,this part of the cut came back empty,,,,,,,,,size-based,,,,,,,
ILOILO,"liquor (e.g, whisky, coconut wine)",CALINOG,long-neck,180,1,mL,0,1,1,1,,750,10,0,0,0,1,1,0,size-based,750,.24,,,,,0
ILOILO,"liquor (e.g, whisky, coconut wine)",CALINOG,long-neck,840,,mL,0,1,1,0,"unique price, no weighing behind it",,,,,,,,,size-based,,,,,,,
ILOILO,"liquor (e.g, whisky, coconut wine)",CALINOG,long-neck,150,,mL,0,1,1,0,"unique price, no weighing behind it",,,,,,,,,size-based,,,,,,,
ILOILO,loaf bread,CALINOG,large packs,81,1,g,0,1,1,1,,640,6,0,0,0,1,1,0,size-based,640,.1265625,,,,,0
ILOILO,loaf bread,CALINOG,medium packs,66.5,1,g,0,1,1,1,,450,7,0,0,0,1,1,0,size-based,450,.1477777777777778,,,,,0
ILOILO,mango,CALINOG,pieces or units,48,1,g,0,1,1,1,,250,15,0,0,0,1,1,0,size-based,250,.192,,,,,0
ILOILO,"preserved or processed meat (tocino, tapa, longaniza, etc)",CALINOG,bilog,25,1,g,0,1,1,1,,250,4,0,0,0,1,1,0,size-based,250,.1,,,,,0
ILOILO,"preserved or processed meat (tocino, tapa, longaniza, etc)",CALINOG,pack,80,1,g,0,1,1,1,,220,11,0,3,3,1,1,0,size-based,220,.3636363636363636,,,,,.2727272727272727
ILOILO,cabbage,CARLES,pieces or units,45.625,1,g,0,2,2,1,,570,6,0,0,0,1,2,0,size-based,570,.0800438596491228,,,,,0
ILOILO,cabbage,CARLES,pieces or units,125,2,g,0,2,2,1,,840,3,0,0,0,2,2,0,size-based,840,.1488095238095238,,,,,0
ILOILO,camote,CARLES,bilog,30,1,g,0,1,1,1,,190,9,1,5,5,1,1,0,size-based,190,.1578947368421053,,,,,.5555555555555556
ILOILO,camote tops,CARLES,bugkos,20,1,g,0,1,1,1,,170,3,0,0,0,1,1,0,size-based,170,.1176470588235294,,,,,0
ILOILO,camote tops,CARLES,bundle,30,1,g,0,1,1,1,,160,3,0,1,1,1,1,0,size-based,160,.1875,,,,,.3333333333333333
ILOILO,carrot,CARLES,pieces or units,26.5,1,g,0,1,1,1,,135,9,0,1,1,1,1,0,size-based,135,.1962962962962963,,,,,.1111111111111111
ILOILO,chicken,CARLES,whole (chicken),200,1,g,0,3,3,1,,1050,5,0,0,0,1,3,0,size-based,1050,.1904761904761905,,,,,0
ILOILO,chicken,CARLES,whole (chicken),240,2,g,0,3,3,1,,1317.5,2,0,0,0,2,3,0,size-based,1317.5,.1821631878557875,,,,,0
ILOILO,chicken,CARLES,whole (chicken),336.25,3,g,0,3,3,1,,1540,3,0,0,0,3,3,0,size-based,1540,.2183441558441558,,,,,0
ILOILO,chicken,CARLES,whole (chicken),380,,g,0,3,3,0,"unique price, no weighing behind it",,,,,,,,,size-based,,,,,,,
ILOILO,"crackers, cookies, buiscuits, chips/curls",CARLES,pack,120,1,g,0,1,1,1,,280,3,0,0,0,1,1,0,size-based,280,.4285714285714285,,,,,0
ILOILO,"crackers, cookies, buiscuits, chips/curls",CARLES,pack,55,,g,0,1,1,0,"unique price, no weighing behind it",,,,,,,,,size-based,,,,,,,
ILOILO,"crackers, cookies, buiscuits, chips/curls",CARLES,pieces or units,50,1,g,0,2,2,1,,32,5,0,0,0,1,2,0,size-based,32,1.5625,,,,,0
ILOILO,"crackers, cookies, buiscuits, chips/curls",CARLES,pieces or units,224,2,g,0,2,2,1,,60,5,0,2,2,2,2,0,size-based,60,3.733333333333333,,,,,.4
ILOILO,"crackers, cookies, buiscuits, chips/curls",CARLES,putos,65,1,g,0,3,3,1,,230,4,0,0,0,1,3,0,size-based,230,.2826086956521739,,,,,0
ILOILO,"crackers, cookies, buiscuits, chips/curls",CARLES,putos,98,2,g,0,3,3,1,,310,3,0,3,3,2,3,0,size-based,310,.3161290322580645,,,,,1
ILOILO,"crackers, cookies, buiscuits, chips/curls",CARLES,putos,143,3,g,0,3,3,1,,420,3,2,3,3,3,3,0,size-based,420,.3404761904761905,,,,,1
ILOILO,fresh fish,CARLES,pack,150,1,g,0,1,1,1,,775,3,3,3,3,1,1,0,size-based,775,.1935483870967742,,,,,1
ILOILO,fresh fish,CARLES,pieces or units,125,1,g,0,3,3,1,,180,3,0,0,0,1,3,0,size-based,180,.6944444444444444,,,,,0
ILOILO,fresh fish,CARLES,pieces or units,210,2,g,0,3,3,1,,472.5,4,0,1,1,2,3,0,size-based,472.5,.4444444444444444,,,,,.25
ILOILO,fresh fish,CARLES,pieces or units,275,3,g,0,3,3,1,,842.5,2,0,2,2,3,3,0,size-based,842.5,.3264094955489614,,,,,1
ILOILO,"ice cream, sorbet, edible ice (eg., ice-lolli, halo-halo)",CARLES,pieces or units,23.75,1,g,0,2,2,1,,30,1,0,1,1,1,2,0,size-based,30,.7916666666666666,,,,,1
ILOILO,"ice cream, sorbet, edible ice (eg., ice-lolli, halo-halo)",CARLES,pieces or units,73,2,g,0,2,2,1,,100,1,0,0,0,2,2,0,size-based,100,.73,,,,,0
ILOILO,"ice cream, sorbet, edible ice (eg., ice-lolli, halo-halo)",CARLES,pieces or units,23.75,1,mL,0,2,2,1,,480,1,0,0,0,1,1,1,size-based,480,.0494791666666667,,,,,0
ILOILO,"ice cream, sorbet, edible ice (eg., ice-lolli, halo-halo)",CARLES,pieces or units,73,2,mL,0,2,2,0,this part of the cut came back empty,,,,,,,,,size-based,,,,,,,
ILOILO,"ice cream, sorbet, edible ice (eg., ice-lolli, halo-halo)",CARLES,small cup,25,1,g,0,2,2,1,,52,4,0,1,1,1,2,0,size-based,52,.4807692307692308,,,,,.25
ILOILO,"ice cream, sorbet, edible ice (eg., ice-lolli, halo-halo)",CARLES,small cup,67.5,2,g,0,2,2,1,,87.5,4,0,1,1,2,2,0,size-based,87.5,.7714285714285715,,,,,.25
ILOILO,"liquor (e.g, whisky, coconut wine)",CARLES,lipid/lapad,130,1,mL,0,3,3,1,,375,4,0,0,0,1,1,2,size-based,375,.3466666666666667,,,,,0
ILOILO,"liquor (e.g, whisky, coconut wine)",CARLES,lipid/lapad,225,3,mL,0,3,3,0,this part of the cut came back empty,,,,,,,,,size-based,,,,,,,
ILOILO,"liquor (e.g, whisky, coconut wine)",CARLES,lipid/lapad,156,2,mL,0,3,3,0,this part of the cut came back empty,,,,,,,,,size-based,,,,,,,
ILOILO,"liquor (e.g, whisky, coconut wine)",CARLES,long-neck,180,1,mL,0,1,1,1,,750,4,0,0,0,1,1,0,size-based,750,.24,,,,,0
ILOILO,"liquor (e.g, whisky, coconut wine)",CARLES,long-neck,260,,mL,0,1,1,0,"unique price, no weighing behind it",,,,,,,,,size-based,,,,,,,
ILOILO,loaf bread,CARLES,large packs,76.33333333333333,1,g,0,2,2,1,,450,3,0,0,0,1,2,0,size-based,450,.1696296296296296,,,,,0
ILOILO,loaf bread,CARLES,large packs,180,2,g,0,2,2,1,,635,2,0,0,0,2,2,0,size-based,635,.2834645669291339,,,,,0
ILOILO,loaf bread,CARLES,large packs,120,,g,0,2,2,0,"unique price, no weighing behind it",,,,,,,,,size-based,,,,,,,
ILOILO,loaf bread,CARLES,medium packs,60,,g,0,,1,1,,487.5,2,0,0,0,1,,,price-quantity,528.2265811502185,.1135876196713717,municipality_median,1,2023m12,1.083541704923525,0
ILOILO,loaf bread,CARLES,medium packs,60,,g,0,,1,1,,487.5,2,0,0,0,1,,,price-quantity,531.0194711780553,.1129902070575516,municipality_median,1,2024m1,1.089270710108831,0
ILOILO,loaf bread,CARLES,medium packs,60,,g,0,,1,1,,487.5,2,0,0,0,1,,,price-quantity,498.1116268274495,.1204549277079705,municipality_median,1,2024m11,1.02176743964605,0
ILOILO,loaf bread,CARLES,medium packs,60,,g,0,,1,1,,487.5,2,0,0,0,1,,,price-quantity,499.2891047069059,.1201708577943462,municipality_median,1,2024m12,1.024182778885961,0
ILOILO,loaf bread,CARLES,small packs,35,1,g,0,1,1,1,,415,1,0,0,0,1,1,0,size-based,415,.0843373493975904,,,,,0
ILOILO,"prawns, lobster, shrimp",CARLES,tumpok,52.5,1,g,0,2,2,1,,225,1,0,0,0,1,1,1,size-based,225,.2333333333333333,,,,,0
ILOILO,"prawns, lobster, shrimp",CARLES,tumpok,100,2,g,0,2,2,0,this part of the cut came back empty,,,,,,,,,size-based,,,,,,,
ILOILO,"preserved or processed meat (tocino, tapa, longaniza, etc)",CARLES,bilog,50,1,g,0,1,1,1,,267.5,6,0,0,0,1,1,0,size-based,267.5,.1869158878504673,,,,,0
ILOILO,cabbage,CONCEPCION,pieces or units,50,1,g,0,1,1,1,,695,13,0,0,0,1,1,0,size-based,695,.0719424460431655,,,,,0
ILOILO,camote,CONCEPCION,bilog,30,1,g,0,1,1,1,,117.5,12,1,3,3,1,1,0,size-based,117.5,.2553191489361702,,,,,.25
ILOILO,camote tops,CONCEPCION,bugkos,20,1,g,0,1,1,1,,250,6,1,1,1,1,1,0,size-based,250,.08,,,,,.1666666666666667
ILOILO,carrot,CONCEPCION,pieces or units,36,1,g,0,1,1,1,,152.5,12,1,3,3,1,1,0,size-based,152.5,.2360655737704918,,,,,.25
ILOILO,chicken,CONCEPCION,bilog,235,1,g,0,3,3,1,,895,5,0,0,0,1,3,0,size-based,895,.2625698324022346,,,,,0
ILOILO,chicken,CONCEPCION,bilog,420,2,g,0,3,3,1,,1195,4,0,0,0,2,3,0,size-based,1195,.3514644351464435,,,,,0
ILOILO,chicken,CONCEPCION,bilog,712.5,3,g,0,3,3,1,,1650,4,0,0,0,3,3,0,size-based,1650,.4318181818181818,,,,,0
ILOILO,"crackers, cookies, buiscuits, chips/curls",CONCEPCION,pieces or units,48,1,g,0,1,1,1,,48,1,0,0,0,1,1,0,size-based,48,1,,,,,0
ILOILO,"crackers, cookies, buiscuits, chips/curls",CONCEPCION,pieces or units,80,,g,0,1,1,0,"unique price, no weighing behind it",,,,,,,,,size-based,,,,,,,
ILOILO,"crackers, cookies, buiscuits, chips/curls",CONCEPCION,putos,47.5,1,g,0,3,3,1,,90,3,0,0,0,1,3,0,size-based,90,.5277777777777778,,,,,0
ILOILO,"crackers, cookies, buiscuits, chips/curls",CONCEPCION,putos,83,2,g,0,3,3,1,,285,4,0,4,4,2,3,0,size-based,285,.2912280701754386,,,,,1
ILOILO,"crackers, cookies, buiscuits, chips/curls",CONCEPCION,putos,103.5,3,g,0,3,3,1,,300,2,0,2,2,3,3,0,size-based,300,.345,,,,,1
ILOILO,fresh fish,CONCEPCION,pieces or units,100,1,g,0,3,3,1,,330,4,0,0,0,1,3,0,size-based,330,.303030303030303,,,,,0
ILOILO,fresh fish,CONCEPCION,pieces or units,200,2,g,0,3,3,1,,375,3,0,0,0,2,3,0,size-based,375,.5333333333333333,,,,,0
ILOILO,fresh fish,CONCEPCION,pieces or units,350,3,g,0,3,3,1,,530,3,0,1,1,3,3,0,size-based,530,.660377358490566,,,,,.3333333333333333
ILOILO,fresh fish,CONCEPCION,tumpok,50,1,g,0,1,1,1,,775,12,12,12,12,1,1,0,size-based,775,.0645161290322581,,,,,1
ILOILO,"ice cream, sorbet, edible ice (eg., ice-lolli, halo-halo)",CONCEPCION,pieces or units,40,1,mL,0,1,1,1,,85,2,0,0,0,1,1,0,size-based,85,.4705882352941176,,,,,0
ILOILO,"ice cream, sorbet, edible ice (eg., ice-lolli, halo-halo)",CONCEPCION,pieces or units,100,,mL,0,1,1,0,"unique price, no weighing behind it",,,,,,,,,size-based,,,,,,,
ILOILO,"ice cream, sorbet, edible ice (eg., ice-lolli, halo-halo)",CONCEPCION,putos,48,1,g,0,1,1,1,,55,3,0,0,0,1,1,0,size-based,55,.8727272727272727,,,,,0
ILOILO,"ice cream, sorbet, edible ice (eg., ice-lolli, halo-halo)",CONCEPCION,putos,48,1,mL,0,1,1,1,,45,7,0,0,0,1,1,0,size-based,45,1.066666666666667,,,,,0
ILOILO,"ice cream, sorbet, edible ice (eg., ice-lolli, halo-halo)",CONCEPCION,small cup,40,1,mL,0,1,1,1,,100,2,0,0,0,1,1,0,size-based,100,.4,,,,,0
ILOILO,"liquor (e.g, whisky, coconut wine)",CONCEPCION,lipid/lapad,80,1,mL,0,3,3,1,,375,7,0,0,0,1,3,0,size-based,375,.2133333333333333,,,,,0
ILOILO,"liquor (e.g, whisky, coconut wine)",CONCEPCION,lipid/lapad,160,2,mL,0,3,3,1,,750,7,0,0,0,2,3,0,size-based,750,.2133333333333333,,,,,0
ILOILO,"liquor (e.g, whisky, coconut wine)",CONCEPCION,lipid/lapad,240,3,mL,0,3,3,1,,1000,1,0,1,1,3,3,0,size-based,1000,.24,,,,,1
ILOILO,loaf bread,CONCEPCION,large packs,100,1,g,0,2,2,1,,560,4,0,0,0,1,2,0,size-based,560,.1785714285714286,,,,,0
ILOILO,loaf bread,CONCEPCION,large packs,165,2,g,0,2,2,1,,675,3,0,0,0,2,2,0,size-based,675,.2444444444444444,,,,,0
ILOILO,loaf bread,CONCEPCION,medium packs,75,1,g,0,1,1,1,,480,3,0,0,0,1,1,0,size-based,480,.15625,,,,,0
ILOILO,loaf bread,CONCEPCION,small packs,42.25,1,g,0,2,2,1,,220,1,0,0,0,1,1,1,size-based,220,.1920454545454545,,,,,0
ILOILO,loaf bread,CONCEPCION,small packs,78,2,g,0,2,2,0,this part of the cut came back empty,,,,,,,,,size-based,,,,,,,
ILOILO,loaf bread,CONCEPCION,tama-tama nga putos,70,1,g,0,1,1,1,,450,1,0,0,0,1,1,0,size-based,450,.1555555555555556,,,,,0
ILOILO,"prawns, lobster, shrimp",CONCEPCION,tumpok,60,1,g,0,1,1,1,,380,3,0,1,1,1,1,0,size-based,380,.1578947368421053,,,,,.3333333333333333
ILOILO,"preserved or processed meat (tocino, tapa, longaniza, etc)",CONCEPCION,bilog,48,1,g,0,1,1,1,,282.5,10,1,2,3,1,1,0,size-based,282.5,.1699115044247788,,,,,.3
ILOILO,cabbage,DINGLE,pack,27.5,1,g,0,1,1,1,,150,3,0,0,0,1,1,0,size-based,150,.1833333333333333,,,,,0
ILOILO,cabbage,DINGLE,pieces or units,50,1,g,0,1,1,1,,657.5,8,0,0,0,1,1,0,size-based,657.5,.0760456273764259,,,,,0
ILOILO,camote,DINGLE,bilog,30,1,g,0,1,1,1,,82.5,4,0,0,0,1,1,0,size-based,82.5,.3636363636363636,,,,,0
ILOILO,camote tops,DINGLE,bugkos,20,1,g,0,1,1,1,,175,3,0,0,0,1,1,0,size-based,175,.1142857142857143,,,,,0
ILOILO,carrot,DINGLE,pieces or units,30,1,g,0,1,1,1,,175,7,0,1,1,1,1,0,size-based,175,.1714285714285714,,,,,.1428571428571428
ILOILO,chicken,DINGLE,bilog,250,1,g,0,3,3,1,,1047.5,2,0,0,0,1,3,0,size-based,1047.5,.2386634844868735,,,,,0
ILOILO,chicken,DINGLE,bilog,300,2,g,0,3,3,1,,1130,1,0,0,0,2,3,0,size-based,1130,.2654867256637168,,,,,0
ILOILO,chicken,DINGLE,bilog,350,3,g,0,3,3,1,,1245,1,0,0,0,3,3,0,size-based,1245,.2811244979919679,,,,,0
ILOILO,"crackers, cookies, buiscuits, chips/curls",DINGLE,pieces or units,40,1,g,0,2,2,1,,27,3,0,0,0,1,2,0,size-based,27,1.481481481481481,,,,,0
ILOILO,"crackers, cookies, buiscuits, chips/curls",DINGLE,pieces or units,135,2,g,0,2,2,1,,61.5,2,0,1,1,2,2,0,size-based,61.5,2.195121951219512,,,,,.5
ILOILO,"crackers, cookies, buiscuits, chips/curls",DINGLE,putos,54,1,g,0,2,2,1,,42,4,0,0,0,1,2,0,size-based,42,1.285714285714286,,,,,0
ILOILO,"crackers, cookies, buiscuits, chips/curls",DINGLE,putos,100,2,g,0,2,2,1,,100,3,0,0,0,2,2,0,size-based,100,1,,,,,0
ILOILO,fresh fish,DINGLE,pieces or units,105,1,g,0,2,2,1,,160,5,0,2,2,1,2,0,size-based,160,.65625,,,,,.4
ILOILO,fresh fish,DINGLE,pieces or units,150,2,g,0,2,2,1,,522.5,4,0,1,1,2,2,0,size-based,522.5,.2870813397129187,,,,,.25
ILOILO,"ice cream, sorbet, edible ice (eg., ice-lolli, halo-halo)",DINGLE,cone,5,1,mL,0,1,1,1,,110,5,0,1,1,1,1,0,size-based,110,.0454545454545455,,,,,.2
ILOILO,"ice cream, sorbet, edible ice (eg., ice-lolli, halo-halo)",DINGLE,putos,32.5,1,g,0,2,2,1,,50,1,0,0,0,1,1,1,size-based,50,.65,,,,,0
ILOILO,"ice cream, sorbet, edible ice (eg., ice-lolli, halo-halo)",DINGLE,putos,100,2,g,0,2,2,0,this part of the cut came back empty,,,,,,,,,size-based,,,,,,,
ILOILO,"ice cream, sorbet, edible ice (eg., ice-lolli, halo-halo)",DINGLE,putos,32.5,1,mL,0,2,2,1,,55,2,0,0,0,1,2,0,size-based,55,.5909090909090909,,,,,0
ILOILO,"ice cream, sorbet, edible ice (eg., ice-lolli, halo-halo)",DINGLE,putos,100,2,mL,0,2,2,1,,85,1,0,0,0,2,2,0,size-based,85,1.176470588235294,,,,,0
ILOILO,"ice cream, sorbet, edible ice (eg., ice-lolli, halo-halo)",DINGLE,small cup,35,1,mL,0,1,1,1,,140,2,0,0,0,1,1,0,size-based,140,.25,,,,,0
ILOILO,"liquor (e.g, whisky, coconut wine)",DINGLE,lipid/lapad,80,1,mL,0,3,3,1,,375,5,0,0,0,1,1,2,size-based,375,.2133333333333333,,,,,0
ILOILO,"liquor (e.g, whisky, coconut wine)",DINGLE,lipid/lapad,180,3,mL,0,3,3,0,this part of the cut came back empty,,,,,,,,,size-based,,,,,,,
ILOILO,"liquor (e.g, whisky, coconut wine)",DINGLE,lipid/lapad,150,2,mL,0,3,3,0,this part of the cut came back empty,,,,,,,,,size-based,,,,,,,
ILOILO,"liquor (e.g, whisky, coconut wine)",DINGLE,long-neck,152.5,1,mL,0,3,3,1,,750,5,0,0,0,1,2,1,size-based,750,.2033333333333333,,,,,0
ILOILO,"liquor (e.g, whisky, coconut wine)",DINGLE,long-neck,311,3,mL,0,3,3,1,,1000,1,0,0,0,3,2,1,size-based,1000,.311,,,,,0
ILOILO,"liquor (e.g, whisky, coconut wine)",DINGLE,long-neck,230,2,mL,0,3,3,0,this part of the cut came back empty,,,,,,,,,size-based,,,,,,,
ILOILO,loaf bread,DINGLE,large packs,90,1,g,0,1,1,1,,640,4,0,0,0,1,1,0,size-based,640,.140625,,,,,0
ILOILO,loaf bread,DINGLE,medium packs,65,1,g,0,2,2,1,,472.5,2,0,0,0,1,2,0,size-based,472.5,.1375661375661376,,,,,0
ILOILO,loaf bread,DINGLE,medium packs,120,2,g,0,2,2,1,,500,2,0,0,0,2,2,0,size-based,500,.24,,,,,0
ILOILO,loaf bread,DINGLE,small packs,55,1,g,0,1,1,1,,400,3,0,0,0,1,1,0,size-based,400,.1375,,,,,0
ILOILO,"preserved or processed meat (tocino, tapa, longaniza, etc)",DINGLE,bilog,34.5,1,g,0,1,1,1,,250,4,0,1,1,1,1,0,size-based,250,.138,,,,,.25
ILOILO,"preserved or processed meat (tocino, tapa, longaniza, etc)",DINGLE,pack,90,1,g,0,1,1,1,,250,4,0,0,0,1,1,0,size-based,250,.36,,,,,0
ILOILO,cabbage,DUEAS,pieces or units,55,1,g,0,1,1,1,,695,21,0,0,0,1,1,0,size-based,695,.079136690647482,,,,,0
ILOILO,camote,DUEAS,bilog,15,1,g,0,1,1,1,,147.5,12,3,4,5,1,1,0,size-based,147.5,.1016949152542373,,,,,.4166666666666667
ILOILO,camote tops,DUEAS,bugkos,20,1,g,0,1,1,1,,155,5,0,0,0,1,1,0,size-based,155,.1290322580645161,,,,,0
ILOILO,carrot,DUEAS,pieces or units,40,1,g,0,1,1,1,,122.5,22,0,0,0,1,1,0,size-based,122.5,.3265306122448979,,,,,0
ILOILO,chicken,DUEAS,whole (chicken),220,1,g,0,3,3,1,,857.5,2,0,0,0,1,3,0,size-based,857.5,.2565597667638484,,,,,0
ILOILO,chicken,DUEAS,whole (chicken),250,2,g,0,3,3,1,,1192.5,2,0,0,0,2,3,0,size-based,1192.5,.209643605870021,,,,,0
ILOILO,chicken,DUEAS,whole (chicken),375,3,g,0,3,3,1,,1365,1,0,0,0,3,3,0,size-based,1365,.2747252747252747,,,,,0
ILOILO,"crackers, cookies, buiscuits, chips/curls",DUEAS,balde,369,1,g,0,1,1,1,,1500,3,3,0,3,1,1,0,size-based,1500,.246,,,,,1
ILOILO,"crackers, cookies, buiscuits, chips/curls",DUEAS,putos,65,1,g,0,3,3,1,,23,8,8,0,8,1,3,0,size-based,23,2.826086956521739,,,,,1
ILOILO,"crackers, cookies, buiscuits, chips/curls",DUEAS,putos,120,2,g,0,3,3,1,,50,6,0,3,3,2,3,0,size-based,50,2.4,,,,,.5
ILOILO,"crackers, cookies, buiscuits, chips/curls",DUEAS,putos,159,3,g,0,3,3,1,,87.5,6,0,0,0,3,3,0,size-based,87.5,1.817142857142857,,,,,0
ILOILO,fresh fish,DUEAS,pieces or units,125,1,g,0,3,3,1,,100,3,0,2,2,1,3,0,size-based,100,1.25,,,,,.6666666666666666
ILOILO,fresh fish,DUEAS,pieces or units,180,2,g,0,3,3,1,,577.5,4,0,1,1,2,3,0,size-based,577.5,.3116883116883117,,,,,.25
ILOILO,fresh fish,DUEAS,pieces or units,210,3,g,0,3,3,1,,702.5,2,0,2,2,3,3,0,size-based,702.5,.298932384341637,,,,,1
ILOILO,"ice cream, sorbet, edible ice (eg., ice-lolli, halo-halo)",DUEAS,pieces or units,35,1,mL,0,2,2,1,,110,2,0,0,0,1,2,0,size-based,110,.3181818181818182,,,,,0
ILOILO,"ice cream, sorbet, edible ice (eg., ice-lolli, halo-halo)",DUEAS,pieces or units,100,2,mL,0,2,2,1,,400,1,0,0,0,2,2,0,size-based,400,.25,,,,,0
ILOILO,"ice cream, sorbet, edible ice (eg., ice-lolli, halo-halo)",DUEAS,putos,32.5,1,g,0,1,1,1,,350,1,0,0,0,1,1,0,size-based,350,.0928571428571429,,,,,0
ILOILO,"ice cream, sorbet, edible ice (eg., ice-lolli, halo-halo)",DUEAS,putos,32.5,1,mL,0,1,1,1,,550,4,0,0,0,1,1,0,size-based,550,.0590909090909091,,,,,0
ILOILO,"ice cream, sorbet, edible ice (eg., ice-lolli, halo-halo)",DUEAS,small cup,90,1,mL,0,1,1,1,,120,5,1,1,1,1,1,0,size-based,120,.75,,,,,.2
ILOILO,"liquor (e.g, whisky, coconut wine)",DUEAS,lipid/lapad,75,1,mL,0,3,3,1,,375,8,0,0,0,1,1,2,size-based,375,.2,,,,,0
ILOILO,"liquor (e.g, whisky, coconut wine)",DUEAS,lipid/lapad,120,2,mL,0,3,3,0,this part of the cut came back empty,,,,,,,,,size-based,,,,,,,
ILOILO,"liquor (e.g, whisky, coconut wine)",DUEAS,lipid/lapad,240,3,mL,0,3,3,0,this part of the cut came back empty,,,,,,,,,size-based,,,,,,,
ILOILO,"liquor (e.g, whisky, coconut wine)",DUEAS,long-neck,180,1,mL,0,1,1,1,,750,10,0,0,0,1,1,0,size-based,750,.24,,,,,0
ILOILO,"liquor (e.g, whisky, coconut wine)",DUEAS,long-neck,980,,mL,0,1,1,0,"unique price, no weighing behind it",,,,,,,,,size-based,,,,,,,
ILOILO,loaf bread,DUEAS,large packs,80.875,1,g,0,3,3,1,,450,3,0,0,0,1,3,0,size-based,450,.1797222222222222,,,,,0
ILOILO,loaf bread,DUEAS,large packs,140,2,g,0,3,3,1,,690,4,0,0,0,2,3,0,size-based,690,.2028985507246377,,,,,0
ILOILO,loaf bread,DUEAS,large packs,164.5,3,g,0,3,3,1,,720,1,0,0,0,3,3,0,size-based,720,.2284722222222222,,,,,0
ILOILO,loaf bread,DUEAS,medium packs,70,1,g,0,1,1,1,,500,6,0,0,0,1,1,0,size-based,500,.14,,,,,0
ILOILO,loaf bread,DUEAS,small packs,57.25,1,g,0,1,1,1,,360,8,0,2,2,1,1,0,size-based,360,.1590277777777778,,,,,.25
ILOILO,loaf bread,DUEAS,tama-tama nga putos,65,1,g,0,1,1,1,,345,3,0,0,0,1,1,0,size-based,345,.1884057971014493,,,,,0
ILOILO,mango,DUEAS,pieces or units,37.5,1,g,0,3,3,1,,207.5,4,0,0,0,1,3,0,size-based,207.5,.1807228915662651,,,,,0
ILOILO,mango,DUEAS,pieces or units,80,2,g,0,3,3,1,,275,5,0,0,0,2,3,0,size-based,275,.2909090909090909,,,,,0
ILOILO,mango,DUEAS,pieces or units,112.5,3,g,0,3,3,1,,340,3,0,0,0,3,3,0,size-based,340,.3308823529411765,,,,,0
ILOILO,"prawns, lobster, shrimp",DUEAS,tumpok,60,1,g,0,1,1,1,,230,1,0,0,0,1,1,0,size-based,230,.2608695652173913,,,,,0
ILOILO,"prawns, lobster, shrimp",DUEAS,tumpok,100,,g,0,1,1,0,"unique price, no weighing behind it",,,,,,,,,size-based,,,,,,,
ILOILO,"prawns, lobster, shrimp",DUEAS,tumpok,200,,g,0,1,1,0,"unique price, no weighing behind it",,,,,,,,,size-based,,,,,,,
ILOILO,"preserved or processed meat (tocino, tapa, longaniza, etc)",DUEAS,bilog,45,1,g,0,1,1,1,,250,5,0,0,0,1,1,0,size-based,250,.18,,,,,0
ILOILO,"preserved or processed meat (tocino, tapa, longaniza, etc)",DUEAS,putos,50,1,g,0,3,3,1,,195,2,0,0,0,1,2,1,size-based,195,.2564102564102564,,,,,0
ILOILO,"preserved or processed meat (tocino, tapa, longaniza, etc)",DUEAS,putos,80,2,g,0,3,3,1,,250,3,0,0,0,2,2,1,size-based,250,.32,,,,,0
ILOILO,"preserved or processed meat (tocino, tapa, longaniza, etc)",DUEAS,putos,130,3,g,0,3,3,0,this part of the cut came back empty,,,,,,,,,size-based,,,,,,,
ILOILO,rice,DUEAS,gantang,,,g,0,,1,1,,2250,7,0,0,0,1,,,conventional,2250,,,,,,0
ILOILO,cabbage,DUMANGAS,pieces or units,35,1,g,0,2,2,1,,615,3,0,0,0,1,2,0,size-based,615,.0569105691056911,,,,,0
ILOILO,cabbage,DUMANGAS,pieces or units,72.5,2,g,0,2,2,1,,800,3,0,0,0,2,2,0,size-based,800,.090625,,,,,0
ILOILO,camote tops,DUMANGAS,bugkos,20,1,g,0,1,1,1,,140,2,0,0,0,1,1,0,size-based,140,.1428571428571428,,,,,0
ILOILO,carrot,DUMANGAS,pieces or units,30,1,g,0,1,1,1,,145,6,0,1,1,1,1,0,size-based,145,.2068965517241379,,,,,.1666666666666667
ILOILO,"ice cream, sorbet, edible ice (eg., ice-lolli, halo-halo)",DUMANGAS,cone,32.5,1,mL,0,1,1,1,,105,2,0,0,0,1,1,0,size-based,105,.3095238095238095,,,,,0
ILOILO,"ice cream, sorbet, edible ice (eg., ice-lolli, halo-halo)",DUMANGAS,cone,60,,mL,0,1,1,0,"unique price, no weighing behind it",,,,,,,,,size-based,,,,,,,
ILOILO,"ice cream, sorbet, edible ice (eg., ice-lolli, halo-halo)",DUMANGAS,pieces or units,30.75,1,mL,0,3,3,1,,46.5,2,0,0,0,1,3,0,size-based,46.5,.6612903225806451,,,,,0
ILOILO,"ice cream, sorbet, edible ice (eg., ice-lolli, halo-halo)",DUMANGAS,pieces or units,62.5,2,mL,0,3,3,1,,60,1,0,0,0,2,3,0,size-based,60,1.041666666666667,,,,,0
ILOILO,"ice cream, sorbet, edible ice (eg., ice-lolli, halo-halo)",DUMANGAS,pieces or units,100,3,mL,0,3,3,1,,65,1,0,0,0,3,3,0,size-based,65,1.538461538461539,,,,,0
ILOILO,"ice cream, sorbet, edible ice (eg., ice-lolli, halo-halo)",DUMANGAS,small cup,25,1,mL,0,1,1,1,,140,2,0,0,0,1,1,0,size-based,140,.1785714285714286,,,,,0
ILOILO,"liquor (e.g, whisky, coconut wine)",DUMANGAS,lipid/lapad,77.5,1,mL,0,2,2,1,,375,2,0,0,0,1,1,1,size-based,375,.2066666666666667,,,,,0
ILOILO,"liquor (e.g, whisky, coconut wine)",DUMANGAS,lipid/lapad,160,2,mL,0,2,2,0,this part of the cut came back empty,,,,,,,,,size-based,,,,,,,
ILOILO,"liquor (e.g, whisky, coconut wine)",DUMANGAS,long-neck,180,1,mL,0,1,1,1,,750,2,0,0,0,1,1,0,size-based,750,.24,,,,,0
ILOILO,"liquor (e.g, whisky, coconut wine)",DUMANGAS,long-neck,150,,mL,0,1,1,0,"unique price, no weighing behind it",,,,,,,,,size-based,,,,,,,
ILOILO,loaf bread,DUMANGAS,large packs,70,1,g,0,2,2,1,,640,2,0,0,0,1,1,1,size-based,640,.109375,,,,,0
ILOILO,loaf bread,DUMANGAS,large packs,115,2,g,0,2,2,0,this part of the cut came back empty,,,,,,,,,size-based,,,,,,,
ILOILO,loaf bread,DUMANGAS,medium packs,66.5,1,g,0,1,1,1,,400,1,0,0,0,1,1,0,size-based,400,.16625,,,,,0
ILOILO,loaf bread,DUMANGAS,small packs,45,1,g,0,2,2,1,,220,2,0,0,0,1,1,1,size-based,220,.2045454545454546,,,,,0
ILOILO,loaf bread,DUMANGAS,small packs,92.5,2,g,0,2,2,0,this part of the cut came back empty,,,,,,,,,size-based,,,,,,,
ILOILO,mango,DUMANGAS,pieces or units,50,1,g,0,2,2,1,,195,3,0,0,0,1,2,0,size-based,195,.2564102564102564,,,,,0
ILOILO,mango,DUMANGAS,pieces or units,95,2,g,0,2,2,1,,255,3,0,0,0,2,2,0,size-based,255,.3725490196078431,,,,,0
ILOILO,"preserved or processed meat (tocino, tapa, longaniza, etc)",DUMANGAS,bilog,50,1,g,0,1,1,1,,200,1,0,0,0,1,1,0,size-based,200,.25,,,,,0
ILOILO,"preserved or processed meat (tocino, tapa, longaniza, etc)",DUMANGAS,pack,362.5,1,g,0,1,1,1,,285,1,0,0,0,1,1,0,size-based,285,1.271929824561403,,,,,0
ILOILO,"preserved or processed meat (tocino, tapa, longaniza, etc)",DUMANGAS,pack,225,,g,0,1,1,0,"unique price, no weighing behind it",,,,,,,,,size-based,,,,,,,
ILOILO,"preserved or processed meat (tocino, tapa, longaniza, etc)",DUMANGAS,putos,56.25,1,g,0,2,2,1,,560,1,0,1,1,1,2,0,size-based,560,.1004464285714286,,,,,1
ILOILO,"preserved or processed meat (tocino, tapa, longaniza, etc)",DUMANGAS,putos,130,2,g,0,2,2,1,,680,1,0,1,1,2,2,0,size-based,680,.1911764705882353,,,,,1
ILOILO,cabbage,ESTANCIA,pack,50,1,g,0,1,1,1,,205,1,0,0,0,1,1,0,size-based,205,.2439024390243902,,,,,0
ILOILO,cabbage,ESTANCIA,pieces or units,45,1,g,0,1,1,1,,625,12,0,1,1,1,1,0,size-based,625,.072,,,,,.0833333333333333
ILOILO,camote tops,ESTANCIA,bugkos,20,1,g,0,1,1,1,,317.5,10,2,3,4,1,1,0,size-based,317.5,.062992125984252,,,,,.4
ILOILO,carrot,ESTANCIA,pieces or units,27.5,1,g,0,1,1,1,,120,11,0,4,4,1,1,0,size-based,120,.2291666666666667,,,,,.3636363636363636
ILOILO,chicken,ESTANCIA,whole (chicken),220,1,g,0,3,3,1,,810,3,0,0,0,1,3,0,size-based,810,.2716049382716049,,,,,0
ILOILO,chicken,ESTANCIA,whole (chicken),290,2,g,0,3,3,1,,977.5,4,0,0,0,2,3,0,size-based,977.5,.2966751918158568,,,,,0
ILOILO,chicken,ESTANCIA,whole (chicken),615,3,g,0,3,3,1,,1237.5,2,0,0,0,3,3,0,size-based,1237.5,.496969696969697,,,,,0
ILOILO,fresh fish,ESTANCIA,pieces or units,100,1,g,0,1,1,1,,160,15,1,3,3,1,1,0,size-based,160,.625,,,,,.2
ILOILO,fresh fish,ESTANCIA,pieces or units,60,,g,0,1,1,0,"unique price, no weighing behind it",,,,,,,,,size-based,,,,,,,
ILOILO,"ice cream, sorbet, edible ice (eg., ice-lolli, halo-halo)",ESTANCIA,cone,40,1,mL,0,1,1,1,,110,3,0,0,0,1,1,0,size-based,110,.3636363636363636,,,,,0
ILOILO,"ice cream, sorbet, edible ice (eg., ice-lolli, halo-halo)",ESTANCIA,pieces or units,60,1,mL,0,1,1,1,,600,3,0,0,0,1,1,0,size-based,600,.1,,,,,0
ILOILO,"ice cream, sorbet, edible ice (eg., ice-lolli, halo-halo)",ESTANCIA,small cup,20,1,mL,0,2,2,1,,100,3,0,0,0,1,1,1,size-based,100,.2,,,,,0
ILOILO,"ice cream, sorbet, edible ice (eg., ice-lolli, halo-halo)",ESTANCIA,small cup,56,2,mL,0,2,2,0,this part of the cut came back empty,,,,,,,,,size-based,,,,,,,
ILOILO,"liquor (e.g, whisky, coconut wine)",ESTANCIA,lipid/lapad,85,1,mL,0,3,3,1,,375,7,0,0,0,1,1,2,size-based,375,.2266666666666667,,,,,0
ILOILO,"liquor (e.g, whisky, coconut wine)",ESTANCIA,lipid/lapad,160,2,mL,0,3,3,0,this part of the cut came back empty,,,,,,,,,size-based,,,,,,,
ILOILO,"liquor (e.g, whisky, coconut wine)",ESTANCIA,lipid/lapad,240,3,mL,0,3,3,0,this part of the cut came back empty,,,,,,,,,size-based,,,,,,,
ILOILO,loaf bread,ESTANCIA,large packs,85,1,g,0,1,1,1,,640,3,0,0,0,1,1,0,size-based,640,.1328125,,,,,0
ILOILO,loaf bread,ESTANCIA,medium packs,65,1,g,0,1,1,1,,450,3,0,0,0,1,1,0,size-based,450,.1444444444444444,,,,,0
ILOILO,loaf bread,ESTANCIA,small packs,50,1,g,0,1,1,1,,220,1,0,0,0,1,1,0,size-based,220,.2272727272727273,,,,,0
ILOILO,mango,ESTANCIA,pieces or units,80,1,g,0,1,1,1,,232.5,12,0,0,0,1,1,0,size-based,232.5,.3440860215053764,,,,,0
ILOILO,mango,ESTANCIA,pieces or units,120,,g,0,1,1,0,"unique price, no weighing behind it",,,,,,,,,size-based,,,,,,,
ILOILO,"prawns, lobster, shrimp",ESTANCIA,tumpok,60,1,g,0,1,1,1,,145,9,2,2,2,1,1,0,size-based,145,.4137931034482759,,,,,.2222222222222222
ILOILO,"preserved or processed meat (tocino, tapa, longaniza, etc)",ESTANCIA,bilog,50,1,g,0,1,1,1,,70,2,0,2,2,1,1,0,size-based,70,.7142857142857143,,,,,1
ILOILO,"preserved or processed meat (tocino, tapa, longaniza, etc)",ESTANCIA,putos,50,1,g,0,3,3,1,,250,5,0,0,0,1,2,1,size-based,250,.2,,,,,0
ILOILO,"preserved or processed meat (tocino, tapa, longaniza, etc)",ESTANCIA,putos,122.5,3,g,0,3,3,1,,1000,1,1,1,1,3,2,1,size-based,1000,.1225,,,,,1
ILOILO,"preserved or processed meat (tocino, tapa, longaniza, etc)",ESTANCIA,putos,84,2,g,0,3,3,0,this part of the cut came back empty,,,,,,,,,size-based,,,,,,,
ILOILO,cabbage,GUIMBAL,pieces or units,50,1,g,0,1,1,1,,570,27,0,1,1,1,1,0,size-based,570,.087719298245614,,,,,.037037037037037
ILOILO,camote tops,GUIMBAL,bugkos,20,1,g,0,1,1,1,,135,9,0,1,1,1,1,0,size-based,135,.1481481481481481,,,,,.1111111111111111
ILOILO,carrot,GUIMBAL,pieces or units,35,1,g,0,1,1,1,,122.5,24,0,2,2,1,1,0,size-based,122.5,.2857142857142857,,,,,.0833333333333333
ILOILO,chicken,GUIMBAL,bilog,200,1,g,0,3,3,1,,192.5,2,0,0,0,1,3,0,size-based,192.5,1.038961038961039,,,,,0
ILOILO,chicken,GUIMBAL,bilog,225,2,g,0,3,3,1,,200,3,0,0,0,2,3,0,size-based,200,1.125,,,,,0
ILOILO,chicken,GUIMBAL,bilog,372.5,3,g,0,3,3,1,,220,1,0,0,0,3,3,0,size-based,220,1.693181818181818,,,,,0
ILOILO,chicken,GUIMBAL,whole (chicken),275,1,g,0,3,3,1,,857.5,4,0,0,0,1,3,0,size-based,857.5,.3206997084548105,,,,,0
ILOILO,chicken,GUIMBAL,whole (chicken),300,2,g,0,3,3,1,,1225,5,0,0,0,2,3,0,size-based,1225,.2448979591836735,,,,,0
ILOILO,chicken,GUIMBAL,whole (chicken),350,3,g,0,3,3,1,,1575,3,0,0,0,3,3,0,size-based,1575,.2222222222222222,,,,,0
ILOILO,fresh fish,GUIMBAL,pieces or units,100,1,g,0,1,1,1,,530,11,0,4,4,1,1,0,size-based,530,.1886792452830189,,,,,.3636363636363636
ILOILO,fresh fish,GUIMBAL,pieces or units,170,,g,0,1,1,0,"unique price, no weighing behind it",,,,,,,,,size-based,,,,,,,
ILOILO,"ice cream, sorbet, edible ice (eg., ice-lolli, halo-halo)",GUIMBAL,pieces or units,46,1,g,0,1,1,1,,110,3,0,0,0,1,1,0,size-based,110,.4181818181818182,,,,,0
ILOILO,"ice cream, sorbet, edible ice (eg., ice-lolli, halo-halo)",GUIMBAL,pieces or units,112,,g,0,1,1,0,"unique price, no weighing behind it",,,,,,,,,size-based,,,,,,,
ILOILO,"ice cream, sorbet, edible ice (eg., ice-lolli, halo-halo)",GUIMBAL,small cup,45,1,g,0,2,2,1,,125,1,0,0,0,1,1,1,size-based,125,.36,,,,,0
ILOILO,"ice cream, sorbet, edible ice (eg., ice-lolli, halo-halo)",GUIMBAL,small cup,112.5,2,g,0,2,2,0,this part of the cut came back empty,,,,,,,,,size-based,,,,,,,
ILOILO,loaf bread,GUIMBAL,large packs,88.75,1,g,0,1,1,1,,645,7,0,0,0,1,1,0,size-based,645,.1375968992248062,,,,,0
ILOILO,loaf bread,GUIMBAL,medium packs,67.25,1,g,0,1,1,1,,465,5,0,0,0,1,1,0,size-based,465,.1446236559139785,,,,,0
ILOILO,loaf bread,GUIMBAL,small packs,65,1,g,0,1,1,1,,450,5,0,0,0,1,1,0,size-based,450,.1444444444444444,,,,,0
ILOILO,"preserved or processed meat (tocino, tapa, longaniza, etc)",GUIMBAL,putos,67.5,1,g,0,3,3,1,,185,5,0,0,0,1,3,0,size-based,185,.3648648648648649,,,,,0
ILOILO,"preserved or processed meat (tocino, tapa, longaniza, etc)",GUIMBAL,putos,130,2,g,0,3,3,1,,325,6,0,0,0,2,3,0,size-based,325,.4,,,,,0
ILOILO,"preserved or processed meat (tocino, tapa, longaniza, etc)",GUIMBAL,putos,167.5,3,g,0,3,3,1,,550,4,0,1,1,3,3,0,size-based,550,.3045454545454546,,,,,.25
ILOILO,rice,GUIMBAL,salmon,,,g,0,,1,1,,377.5,4,0,0,0,1,,,conventional,377.5,,,,,,0
ILOILO,beef,IGBARAS,intestine,150,,g,0,,1,1,,2060,1,0,1,1,1,,,price-quantity,2144.006727586707,.0699624670342522,province_median,1,2024m2,1.040779964847916,1
ILOILO,beef,IGBARAS,intestine,150,,g,0,,1,1,,2060,1,0,1,1,1,,,price-quantity,2053.635610030801,.0730411954620081,province_median,1,2024m4,.996910490306214,1
ILOILO,beef,IGBARAS,intestine,150,,g,0,,1,1,,2060,1,0,1,1,1,,,price-quantity,2064.452559305424,.072658487270091,province_median,1,2024m5,1.002161436556031,1
ILOILO,cabbage,IGBARAS,pieces or units,45,1,g,0,1,1,1,,595,3,0,0,0,1,1,0,size-based,595,.0756302521008403,,,,,0
ILOILO,camote,IGBARAS,bilog,25,1,g,0,1,1,1,,140,7,2,1,2,1,1,0,size-based,140,.1785714285714286,,,,,.2857142857142857
ILOILO,camote tops,IGBARAS,bugkos,20,1,g,0,1,1,1,,105,3,0,0,0,1,1,0,size-based,105,.1904761904761905,,,,,0
ILOILO,carrot,IGBARAS,pieces or units,30,1,g,0,1,1,1,,150,9,1,2,2,1,1,0,size-based,150,.2,,,,,.2222222222222222
ILOILO,carrot,IGBARAS,putos (mix vegetable),30,1,g,0,1,1,1,,155,3,0,3,3,1,1,0,size-based,155,.1935483870967742,,,,,1
ILOILO,chicken,IGBARAS,bilog,250,1,g,0,2,2,1,,870,3,0,0,0,1,2,0,size-based,870,.2873563218390804,,,,,0
ILOILO,chicken,IGBARAS,bilog,345,2,g,0,2,2,1,,1170,2,0,0,0,2,2,0,size-based,1170,.2948717948717949,,,,,0
ILOILO,"crackers, cookies, buiscuits, chips/curls",IGBARAS,pieces or units,59,1,g,0,2,2,1,,30,4,0,0,0,1,2,0,size-based,30,1.966666666666667,,,,,0
ILOILO,"crackers, cookies, buiscuits, chips/curls",IGBARAS,pieces or units,112.5,2,g,0,2,2,1,,48,3,0,0,0,2,2,0,size-based,48,2.34375,,,,,0
ILOILO,"crackers, cookies, buiscuits, chips/curls",IGBARAS,putos,65,1,g,0,3,3,1,,25,3,1,1,2,1,3,0,size-based,25,2.6,,,,,.6666666666666666
ILOILO,"crackers, cookies, buiscuits, chips/curls",IGBARAS,putos,130,2,g,0,3,3,1,,57.5,2,0,0,0,2,3,0,size-based,57.5,2.260869565217391,,,,,0
ILOILO,"crackers, cookies, buiscuits, chips/curls",IGBARAS,putos,168.75,3,g,0,3,3,1,,96.5,2,0,0,0,3,3,0,size-based,96.5,1.748704663212435,,,,,0
ILOILO,fresh fish,IGBARAS,pieces or units,62.5,1,g,0,3,3,1,,100,6,2,3,5,1,3,0,size-based,100,.625,,,,,.8333333333333334
ILOILO,fresh fish,IGBARAS,pieces or units,110,2,g,0,3,3,1,,265,7,0,0,0,2,3,0,size-based,265,.4150943396226415,,,,,0
ILOILO,fresh fish,IGBARAS,pieces or units,210,3,g,0,3,3,1,,680,5,1,2,3,3,3,0,size-based,680,.3088235294117647,,,,,.6
ILOILO,"ice cream, sorbet, edible ice (eg., ice-lolli, halo-halo)",IGBARAS,pieces or units,25.5,1,mL,0,3,3,1,,70,2,0,0,0,1,2,1,size-based,70,.3642857142857143,,,,,0
ILOILO,"ice cream, sorbet, edible ice (eg., ice-lolli, halo-halo)",IGBARAS,pieces or units,60,2,mL,0,3,3,1,,110,3,0,0,0,2,2,1,size-based,110,.5454545454545454,,,,,0
ILOILO,"ice cream, sorbet, edible ice (eg., ice-lolli, halo-halo)",IGBARAS,pieces or units,82,3,mL,0,3,3,0,this part of the cut came back empty,,,,,,,,,size-based,,,,,,,
ILOILO,"ice cream, sorbet, edible ice (eg., ice-lolli, halo-halo)",IGBARAS,putos,180,1,mL,0,3,3,1,,49,2,0,0,0,1,3,0,size-based,49,3.673469387755102,,,,,0
ILOILO,"ice cream, sorbet, edible ice (eg., ice-lolli, halo-halo)",IGBARAS,putos,300,2,mL,0,3,3,1,,60,3,0,0,0,2,3,0,size-based,60,5,,,,,0
ILOILO,"ice cream, sorbet, edible ice (eg., ice-lolli, halo-halo)",IGBARAS,putos,325,3,mL,0,3,3,1,,85,1,0,0,0,3,3,0,size-based,85,3.823529411764706,,,,,0
ILOILO,"ice cream, sorbet, edible ice (eg., ice-lolli, halo-halo)",IGBARAS,small cup,46.875,1,mL,0,2,2,1,,100,4,0,0,0,1,2,0,size-based,100,.46875,,,,,0
ILOILO,"ice cream, sorbet, edible ice (eg., ice-lolli, halo-halo)",IGBARAS,small cup,105,2,mL,0,2,2,1,,120,1,0,0,0,2,2,0,size-based,120,.875,,,,,0
ILOILO,"liquor (e.g, whisky, coconut wine)",IGBARAS,junior lapad,350,1,mL,0,1,1,1,,250,6,0,6,6,1,1,0,size-based,250,1.4,,,,,1
ILOILO,"liquor (e.g, whisky, coconut wine)",IGBARAS,lipid/lapad,75,1,mL,0,3,3,1,,375,7,0,0,0,1,1,2,size-based,375,.2,,,,,0
ILOILO,"liquor (e.g, whisky, coconut wine)",IGBARAS,lipid/lapad,120,2,mL,0,3,3,0,this part of the cut came back empty,,,,,,,,,size-based,,,,,,,
ILOILO,"liquor (e.g, whisky, coconut wine)",IGBARAS,lipid/lapad,195,3,mL,0,3,3,0,this part of the cut came back empty,,,,,,,,,size-based,,,,,,,
ILOILO,"liquor (e.g, whisky, coconut wine)",IGBARAS,long-neck,155,1,mL,0,3,3,1,,750,7,0,0,0,1,1,2,size-based,750,.2066666666666667,,,,,0
ILOILO,"liquor (e.g, whisky, coconut wine)",IGBARAS,long-neck,240,2,mL,0,3,3,0,this part of the cut came back empty,,,,,,,,,size-based,,,,,,,
ILOILO,"liquor (e.g, whisky, coconut wine)",IGBARAS,long-neck,270,3,mL,0,3,3,0,this part of the cut came back empty,,,,,,,,,size-based,,,,,,,
ILOILO,loaf bread,IGBARAS,large packs,80,1,g,0,1,1,1,,607.5,4,0,0,0,1,1,0,size-based,607.5,.1316872427983539,,,,,0
ILOILO,loaf bread,IGBARAS,medium packs,65,1,g,0,2,2,1,,450,3,0,0,0,1,2,0,size-based,450,.1444444444444444,,,,,0
ILOILO,loaf bread,IGBARAS,medium packs,115,2,g,0,2,2,1,,457.5,2,0,0,0,2,2,0,size-based,457.5,.2513661202185792,,,,,0
ILOILO,loaf bread,IGBARAS,small packs,60,1,g,0,1,1,1,,400,4,0,0,0,1,1,0,size-based,400,.15,,,,,0
ILOILO,mango,IGBARAS,pieces or units,75,1,g,0,3,3,1,,170,2,0,0,0,1,3,0,size-based,170,.4411764705882353,,,,,0
ILOILO,mango,IGBARAS,pieces or units,120,2,g,0,3,3,1,,240,3,0,0,0,2,3,0,size-based,240,.5,,,,,0
ILOILO,mango,IGBARAS,pieces or units,142.5,3,g,0,3,3,1,,265,1,0,0,0,3,3,0,size-based,265,.5377358490566038,,,,,0
ILOILO,"prawns, lobster, shrimp",IGBARAS,tumpok,60,1,g,0,1,1,1,,135,1,0,0,0,1,1,0,size-based,135,.4444444444444444,,,,,0
ILOILO,"preserved or processed meat (tocino, tapa, longaniza, etc)",IGBARAS,cans,29.5,1,g,0,3,3,1,,150,3,0,0,0,1,2,1,size-based,150,.1966666666666667,,,,,0
ILOILO,"preserved or processed meat (tocino, tapa, longaniza, etc)",IGBARAS,cans,78.5,2,g,0,3,3,1,,260,5,0,0,0,2,2,1,size-based,260,.3019230769230769,,,,,0
ILOILO,"preserved or processed meat (tocino, tapa, longaniza, etc)",IGBARAS,cans,164.25,3,g,0,3,3,0,this part of the cut came back empty,,,,,,,,,size-based,,,,,,,
ILOILO,"preserved or processed meat (tocino, tapa, longaniza, etc)",IGBARAS,putos,60,1,g,0,3,3,1,,250,5,0,0,0,1,2,1,size-based,250,.24,,,,,0
ILOILO,"preserved or processed meat (tocino, tapa, longaniza, etc)",IGBARAS,putos,150,3,g,0,3,3,1,,1200,1,1,0,1,3,2,1,size-based,1200,.125,,,,,1
ILOILO,"preserved or processed meat (tocino, tapa, longaniza, etc)",IGBARAS,putos,100,2,g,0,3,3,0,this part of the cut came back empty,,,,,,,,,size-based,,,,,,,
ILOILO,cabbage,JANIUAY,pieces or units,60,1,g,0,1,1,1,,650,21,0,0,0,1,1,0,size-based,650,.0923076923076923,,,,,0
ILOILO,camote,JANIUAY,bilog,30,1,g,0,1,1,1,,140,18,1,7,7,1,1,0,size-based,140,.2142857142857143,,,,,.3888888888888889
ILOILO,camote tops,JANIUAY,bugkos,30,1,g,0,1,1,1,,120,7,0,0,0,1,1,0,size-based,120,.25,,,,,0
ILOILO,carrot,JANIUAY,pieces or units,37.5,1,g,0,2,2,1,,120,10,0,0,0,1,2,0,size-based,120,.3125,,,,,0
ILOILO,carrot,JANIUAY,pieces or units,75,2,g,0,2,2,1,,170,9,0,1,1,2,2,0,size-based,170,.4411764705882353,,,,,.1111111111111111
ILOILO,chicken,JANIUAY,patupa,200,,g,0,,1,1,,935,3,0,0,0,1,,,price-quantity,978.4332730222867,.2044084205990043,province_median,1,2024m1,1.046452698419558,0
ILOILO,chicken,JANIUAY,patupa,200,,g,0,,1,1,,935,3,0,0,0,1,,,price-quantity,959.8770169159806,.2083600257901646,province_median,1,2024m2,1.026606435204257,0
ILOILO,chicken,JANIUAY,patupa,200,,g,0,,1,1,,935,3,0,0,0,1,,,price-quantity,937.0663187411416,.2134320655860097,province_median,1,2024m3,1.002209966568066,0
ILOILO,chicken,JANIUAY,patupa,200,,g,0,,1,1,,935,3,0,0,0,1,,,price-quantity,924.2604226438988,.2163892287282937,province_median,1,2024m5,.9885138210095173,0
ILOILO,chicken,JANIUAY,patupa,200,,g,0,,1,1,,935,3,0,0,0,1,,,price-quantity,916.4414172080134,.218235444453515,province_median,1,2024m6,.9801512483508165,0
ILOILO,chicken,JANIUAY,patupa,200,,g,0,,1,1,,935,3,0,0,0,1,,,price-quantity,940.9385868015831,.2125537232773452,province_median,1,2024m11,1.006351429734313,0
ILOILO,chicken,JANIUAY,patupa,200,,g,0,,1,1,,935,3,0,0,0,1,,,price-quantity,918.8060936000976,.217673784918375,province_median,1,2024m12,.9826803140107996,0
ILOILO,chicken,JANIUAY,whole (chicken),196.25,1,g,0,2,2,1,,965,5,0,0,0,1,2,0,size-based,965,.2033678756476684,,,,,0
ILOILO,chicken,JANIUAY,whole (chicken),281.6666666666667,2,g,0,2,2,1,,1192.5,4,0,0,0,2,2,0,size-based,1192.5,.236198462613557,,,,,0
ILOILO,"crackers, cookies, buiscuits, chips/curls",JANIUAY,putos,66.625,1,g,0,2,2,1,,38,13,7,8,9,1,2,0,size-based,38,1.753289473684211,,,,,.6923076923076923
ILOILO,"crackers, cookies, buiscuits, chips/curls",JANIUAY,putos,158,2,g,0,2,2,1,,110,8,0,0,0,2,2,0,size-based,110,1.436363636363636,,,,,0
ILOILO,"drinks at restaurant, hotel, cafe, or kiosk",JANIUAY,pieces,50,1,mL,0,1,1,1,,355,9,0,1,1,1,1,0,size-based,355,.1408450704225352,,,,,.1111111111111111
ILOILO,fresh fish,JANIUAY,pieces or units,127.5,1,g,0,2,2,1,,300,9,0,0,0,1,2,0,size-based,300,.425,,,,,0
ILOILO,fresh fish,JANIUAY,pieces or units,200,2,g,0,2,2,1,,575,9,1,2,2,2,2,0,size-based,575,.3478260869565217,,,,,.2222222222222222
ILOILO,"ice cream, sorbet, edible ice (eg., ice-lolli, halo-halo)",JANIUAY,putos,48,1,mL,0,1,1,1,,450,5,0,0,0,1,1,0,size-based,450,.1066666666666667,,,,,0
ILOILO,"ice cream, sorbet, edible ice (eg., ice-lolli, halo-halo)",JANIUAY,small cup,40,1,mL,0,1,1,1,,100,3,0,0,0,1,1,0,size-based,100,.4,,,,,0
ILOILO,"liquor (e.g, whisky, coconut wine)",JANIUAY,lipid/lapad,80,1,mL,0,3,3,1,,375,6,0,0,0,1,1,2,size-based,375,.2133333333333333,,,,,0
ILOILO,"liquor (e.g, whisky, coconut wine)",JANIUAY,lipid/lapad,225,3,mL,0,3,3,0,this part of the cut came back empty,,,,,,,,,size-based,,,,,,,
ILOILO,"liquor (e.g, whisky, coconut wine)",JANIUAY,lipid/lapad,150,2,mL,0,3,3,0,this part of the cut came back empty,,,,,,,,,size-based,,,,,,,
ILOILO,"liquor (e.g, whisky, coconut wine)",JANIUAY,long-neck,180,1,mL,0,1,1,1,,750,8,0,1,1,1,1,0,size-based,750,.24,,,,,.125
ILOILO,"liquor (e.g, whisky, coconut wine)",JANIUAY,long-neck,150,,mL,0,1,1,0,"unique price, no weighing behind it",,,,,,,,,size-based,,,,,,,
ILOILO,loaf bread,JANIUAY,large packs,80.5,1,g,0,2,2,1,,640,6,0,0,0,1,2,0,size-based,640,.12578125,,,,,0
ILOILO,loaf bread,JANIUAY,large packs,150,2,g,0,2,2,1,,700,1,0,0,0,2,2,0,size-based,700,.2142857142857143,,,,,0
ILOILO,loaf bread,JANIUAY,medium packs,67.5,1,g,0,1,1,1,,450,5,0,0,0,1,1,0,size-based,450,.15,,,,,0
ILOILO,loaf bread,JANIUAY,small packs,50,1,g,0,1,1,1,,220,3,0,0,0,1,1,0,size-based,220,.2272727272727273,,,,,0
ILOILO,mango,JANIUAY,pieces or units,80,1,g,0,1,1,1,,250,18,0,0,0,1,1,0,size-based,250,.32,,,,,0
ILOILO,"prawns, lobster, shrimp",JANIUAY,pack,35,1,g,0,1,1,1,,30,3,0,1,1,1,1,0,size-based,30,1.166666666666667,,,,,.3333333333333333
ILOILO,"preserved or processed meat (tocino, tapa, longaniza, etc)",JANIUAY,bilog,30,1,g,0,1,1,1,,250,3,0,0,0,1,1,0,size-based,250,.12,,,,,0
ILOILO,"preserved or processed meat (tocino, tapa, longaniza, etc)",JANIUAY,putos,50,1,g,0,3,3,1,,155,5,0,0,0,1,3,0,size-based,155,.3225806451612903,,,,,0
ILOILO,"preserved or processed meat (tocino, tapa, longaniza, etc)",JANIUAY,putos,90,2,g,0,3,3,1,,270,5,0,0,0,2,3,0,size-based,270,.3333333333333333,,,,,0
ILOILO,"preserved or processed meat (tocino, tapa, longaniza, etc)",JANIUAY,putos,164.5,3,g,0,3,3,1,,607.5,4,0,2,2,3,3,0,size-based,607.5,.2707818930041152,,,,,.5
ILOILO,cabbage,LAMBUNAO,pieces or units,57.5,1,g,0,1,1,1,,560,17,1,3,3,1,1,0,size-based,560,.1026785714285714,,,,,.1764705882352941
ILOILO,camote,LAMBUNAO,bilog,30,1,g,0,1,1,1,,170,17,2,7,7,1,1,0,size-based,170,.1764705882352941,,,,,.4117647058823529
ILOILO,camote tops,LAMBUNAO,bugkos,25,1,g,0,1,1,1,,195,7,0,0,0,1,1,0,size-based,195,.1282051282051282,,,,,0
ILOILO,carrot,LAMBUNAO,pieces or units,32.5,1,g,0,1,1,1,,132.5,20,0,0,0,1,1,0,size-based,132.5,.2452830188679245,,,,,0
ILOILO,chicken,LAMBUNAO,whole (chicken),235,1,g,0,3,3,1,,910,3,0,0,0,1,3,0,size-based,910,.2582417582417583,,,,,0
ILOILO,chicken,LAMBUNAO,whole (chicken),300,2,g,0,3,3,1,,1007.5,2,0,0,0,2,3,0,size-based,1007.5,.2977667493796526,,,,,0
ILOILO,chicken,LAMBUNAO,whole (chicken),425,3,g,0,3,3,1,,1257.5,2,0,0,0,3,3,0,size-based,1257.5,.3379721669980119,,,,,0
ILOILO,"crackers, cookies, buiscuits, chips/curls",LAMBUNAO,pieces or units,25.875,1,g,0,2,2,1,,27,2,0,0,0,1,2,0,size-based,27,.9583333333333334,,,,,0
ILOILO,"crackers, cookies, buiscuits, chips/curls",LAMBUNAO,pieces or units,85,2,g,0,2,2,1,,40,2,0,0,0,2,2,0,size-based,40,2.125,,,,,0
ILOILO,"crackers, cookies, buiscuits, chips/curls",LAMBUNAO,putos,112.5,1,g,0,3,3,1,,255,2,0,1,1,1,3,0,size-based,255,.4411764705882353,,,,,.5
ILOILO,"crackers, cookies, buiscuits, chips/curls",LAMBUNAO,putos,158,2,g,0,3,3,1,,325,2,0,2,2,2,3,0,size-based,325,.4861538461538462,,,,,1
ILOILO,"crackers, cookies, buiscuits, chips/curls",LAMBUNAO,putos,251.25,3,g,0,3,3,1,,600,1,1,0,1,3,3,0,size-based,600,.41875,,,,,1
ILOILO,"ice cream, sorbet, edible ice (eg., ice-lolli, halo-halo)",LAMBUNAO,putos,48,1,g,0,1,1,1,,52.5,12,0,0,0,1,1,0,size-based,52.5,.9142857142857143,,,,,0
ILOILO,"ice cream, sorbet, edible ice (eg., ice-lolli, halo-halo)",LAMBUNAO,small cup,22.5,1,g,0,3,3,1,,100,7,0,2,2,1,2,1,size-based,100,.225,,,,,.2857142857142857
ILOILO,"ice cream, sorbet, edible ice (eg., ice-lolli, halo-halo)",LAMBUNAO,small cup,71.25,3,g,0,3,3,1,,110,1,0,0,0,3,2,1,size-based,110,.6477272727272727,,,,,0
ILOILO,"ice cream, sorbet, edible ice (eg., ice-lolli, halo-halo)",LAMBUNAO,small cup,48,2,g,0,3,3,0,this part of the cut came back empty,,,,,,,,,size-based,,,,,,,
ILOILO,"liquor (e.g, whisky, coconut wine)",LAMBUNAO,lipid/lapad,75,1,mL,0,3,3,1,,375,5,0,0,0,1,1,2,size-based,375,.2,,,,,0
ILOILO,"liquor (e.g, whisky, coconut wine)",LAMBUNAO,lipid/lapad,160,2,mL,0,3,3,0,this part of the cut came back empty,,,,,,,,,size-based,,,,,,,
ILOILO,"liquor (e.g, whisky, coconut wine)",LAMBUNAO,lipid/lapad,206.25,3,mL,0,3,3,0,this part of the cut came back empty,,,,,,,,,size-based,,,,,,,
ILOILO,"liquor (e.g, whisky, coconut wine)",LAMBUNAO,long-neck,210,1,mL,0,2,2,1,,750,5,0,0,0,1,1,1,size-based,750,.28,,,,,0
ILOILO,"liquor (e.g, whisky, coconut wine)",LAMBUNAO,long-neck,318.75,2,mL,0,2,2,0,this part of the cut came back empty,,,,,,,,,size-based,,,,,,,
ILOILO,loaf bread,LAMBUNAO,large packs,80,1,g,0,3,3,1,,640,2,0,0,0,1,3,0,size-based,640,.125,,,,,0
ILOILO,loaf bread,LAMBUNAO,large packs,130,2,g,0,3,3,1,,700,1,0,0,0,2,3,0,size-based,700,.1857142857142857,,,,,0
ILOILO,loaf bread,LAMBUNAO,large packs,180,3,g,0,3,3,1,,720,1,0,0,0,3,3,0,size-based,720,.25,,,,,0
ILOILO,loaf bread,LAMBUNAO,medium packs,65,1,g,0,1,1,1,,450,5,0,0,0,1,1,0,size-based,450,.1444444444444444,,,,,0
ILOILO,loaf bread,LAMBUNAO,small packs,50,1,g,0,1,1,1,,400,4,0,0,0,1,1,0,size-based,400,.125,,,,,0
ILOILO,mango,LAMBUNAO,pieces or units,80,1,g,0,1,1,1,,200,8,0,0,0,1,1,0,size-based,200,.4,,,,,0
ILOILO,mango,LAMBUNAO,pieces or units,25,,g,0,1,1,0,"unique price, no weighing behind it",,,,,,,,,size-based,,,,,,,
ILOILO,"preserved or processed meat (tocino, tapa, longaniza, etc)",LAMBUNAO,putos,50,1,g,0,3,3,1,,155,2,0,0,0,1,3,0,size-based,155,.3225806451612903,,,,,0
ILOILO,"preserved or processed meat (tocino, tapa, longaniza, etc)",LAMBUNAO,putos,102.5,2,g,0,3,3,1,,305,3,0,1,1,2,3,0,size-based,305,.3360655737704918,,,,,.3333333333333333
ILOILO,"preserved or processed meat (tocino, tapa, longaniza, etc)",LAMBUNAO,putos,152.5,3,g,0,3,3,1,,600,1,0,1,1,3,3,0,size-based,600,.2541666666666667,,,,,1
ILOILO,cabbage,LEGANES,pack,20,1,g,0,1,1,1,,95,3,0,0,0,1,1,0,size-based,95,.2105263157894737,,,,,0
ILOILO,cabbage,LEGANES,pieces or units,55,1,g,0,1,1,1,,735,9,0,0,0,1,1,0,size-based,735,.0748299319727891,,,,,0
ILOILO,camote,LEGANES,bilog,30,1,g,0,1,1,1,,100,9,0,2,2,1,1,0,size-based,100,.3,,,,,.2222222222222222
ILOILO,camote tops,LEGANES,bugkos,20,1,g,0,1,1,1,,145,3,0,0,0,1,1,0,size-based,145,.1379310344827586,,,,,0
ILOILO,carrot,LEGANES,pieces or units,45,1,g,0,1,1,1,,175,9,0,2,2,1,1,0,size-based,175,.2571428571428571,,,,,.2222222222222222
ILOILO,chicken,LEGANES,bilog,190,1,g,0,3,3,1,,950,3,0,0,0,1,3,0,size-based,950,.2,,,,,0
ILOILO,chicken,LEGANES,bilog,240,2,g,0,3,3,1,,1182.5,4,0,0,0,2,3,0,size-based,1182.5,.2029598308668076,,,,,0
ILOILO,chicken,LEGANES,bilog,275,3,g,0,3,3,1,,1370,2,0,0,0,3,3,0,size-based,1370,.2007299270072993,,,,,0
ILOILO,"crackers, cookies, buiscuits, chips/curls",LEGANES,pieces or units,46,1,g,0,3,3,1,,25,3,0,0,0,1,2,1,size-based,25,1.84,,,,,0
ILOILO,"crackers, cookies, buiscuits, chips/curls",LEGANES,pieces or units,80,2,g,0,3,3,1,,48,6,0,0,0,2,2,1,size-based,48,1.666666666666667,,,,,0
ILOILO,"crackers, cookies, buiscuits, chips/curls",LEGANES,pieces or units,127.5,3,g,0,3,3,0,this part of the cut came back empty,,,,,,,,,size-based,,,,,,,
ILOILO,"crackers, cookies, buiscuits, chips/curls",LEGANES,putos,67.5,1,g,0,3,3,1,,250,3,0,0,0,1,3,0,size-based,250,.27,,,,,0
ILOILO,"crackers, cookies, buiscuits, chips/curls",LEGANES,putos,120,2,g,0,3,3,1,,365,2,1,2,2,2,3,0,size-based,365,.3287671232876712,,,,,1
ILOILO,"crackers, cookies, buiscuits, chips/curls",LEGANES,putos,173,3,g,0,3,3,1,,550,1,1,0,1,3,3,0,size-based,550,.3145454545454546,,,,,1
ILOILO,fresh fish,LEGANES,pieces or units,70,1,g,0,3,3,1,,120,3,0,2,2,1,3,0,size-based,120,.5833333333333334,,,,,.6666666666666666
ILOILO,fresh fish,LEGANES,pieces or units,100,2,g,0,3,3,1,,267.5,4,0,0,0,2,3,0,size-based,267.5,.3738317757009346,,,,,0
ILOILO,fresh fish,LEGANES,pieces or units,122.5,3,g,0,3,3,1,,676,2,0,1,1,3,3,0,size-based,676,.1812130177514793,,,,,.5
ILOILO,"ice cream, sorbet, edible ice (eg., ice-lolli, halo-halo)",LEGANES,pieces or units,40,1,g,0,1,1,1,,48,1,0,0,0,1,1,0,size-based,48,.8333333333333334,,,,,0
ILOILO,"ice cream, sorbet, edible ice (eg., ice-lolli, halo-halo)",LEGANES,pieces or units,40,1,mL,0,1,1,1,,65,3,0,0,0,1,1,0,size-based,65,.6153846153846154,,,,,0
ILOILO,"ice cream, sorbet, edible ice (eg., ice-lolli, halo-halo)",LEGANES,small cup,36.25,1,g,0,2,2,1,,100,1,0,0,0,1,1,1,size-based,100,.3625,,,,,0
ILOILO,"ice cream, sorbet, edible ice (eg., ice-lolli, halo-halo)",LEGANES,small cup,72.5,2,g,0,2,2,0,this part of the cut came back empty,,,,,,,,,size-based,,,,,,,
ILOILO,"ice cream, sorbet, edible ice (eg., ice-lolli, halo-halo)",LEGANES,small cup,36.25,1,mL,0,2,2,1,,110,1,0,0,0,1,1,1,size-based,110,.3295454545454545,,,,,0
ILOILO,"ice cream, sorbet, edible ice (eg., ice-lolli, halo-halo)",LEGANES,small cup,72.5,2,mL,0,2,2,0,this part of the cut came back empty,,,,,,,,,size-based,,,,,,,
ILOILO,"ice cream, sorbet, edible ice (eg., ice-lolli, halo-halo)",LEGANES,tupperware,160,1,mL,0,1,1,1,,700,1,0,0,0,1,1,0,size-based,700,.2285714285714286,,,,,0
ILOILO,"liquor (e.g, whisky, coconut wine)",LEGANES,lipid/lapad,73.75,1,mL,0,2,2,1,,375,6,0,0,0,1,2,0,size-based,375,.1966666666666667,,,,,0
ILOILO,"liquor (e.g, whisky, coconut wine)",LEGANES,lipid/lapad,157.5,2,mL,0,2,2,1,,750,5,0,0,0,2,2,0,size-based,750,.21,,,,,0
ILOILO,loaf bread,LEGANES,large packs,71.5,1,g,0,3,3,1,,405,4,0,0,0,1,2,1,size-based,405,.1765432098765432,,,,,0
ILOILO,loaf bread,LEGANES,large packs,104,2,g,0,3,3,1,,640,3,0,0,0,2,2,1,size-based,640,.1625,,,,,0
ILOILO,loaf bread,LEGANES,large packs,137.5,3,g,0,3,3,0,this part of the cut came back empty,,,,,,,,,size-based,,,,,,,
ILOILO,"prawns, lobster, shrimp",LEGANES,tumpok,60,1,g,0,1,1,1,,235,3,0,0,0,1,1,0,size-based,235,.2553191489361702,,,,,0
ILOILO,"prawns, lobster, shrimp",LEGANES,tumpok,200,,g,0,1,1,0,"unique price, no weighing behind it",,,,,,,,,size-based,,,,,,,
ILOILO,"prawns, lobster, shrimp",LEGANES,tumpok,100,,g,0,1,1,0,"unique price, no weighing behind it",,,,,,,,,size-based,,,,,,,
ILOILO,"preserved or processed meat (tocino, tapa, longaniza, etc)",LEGANES,bilog,50,1,g,0,2,2,1,,67.5,2,0,2,2,1,2,0,size-based,67.5,.7407407407407407,,,,,1
ILOILO,"preserved or processed meat (tocino, tapa, longaniza, etc)",LEGANES,bilog,92.5,2,g,0,2,2,1,,75,1,0,1,1,2,2,0,size-based,75,1.233333333333333,,,,,1
ILOILO,"preserved or processed meat (tocino, tapa, longaniza, etc)",LEGANES,putos,55,1,g,0,3,3,1,,140,3,0,0,0,1,3,0,size-based,140,.3928571428571428,,,,,0
ILOILO,"preserved or processed meat (tocino, tapa, longaniza, etc)",LEGANES,putos,108,2,g,0,3,3,1,,272.5,4,0,0,0,2,3,0,size-based,272.5,.3963302752293578,,,,,0
ILOILO,"preserved or processed meat (tocino, tapa, longaniza, etc)",LEGANES,putos,210,3,g,0,3,3,1,,555,2,0,1,1,3,3,0,size-based,555,.3783783783783784,,,,,.5
ILOILO,cabbage,LEMERY,pieces or units,50,1,g,0,1,1,1,,660,7,0,1,1,1,1,0,size-based,660,.0757575757575758,,,,,.1428571428571428
ILOILO,camote,LEMERY,bilog,41.25,1,g,0,2,2,1,,120,3,0,0,0,1,2,0,size-based,120,.34375,,,,,0
ILOILO,camote,LEMERY,bilog,87.5,2,g,0,2,2,1,,225,3,1,2,2,2,2,0,size-based,225,.3888888888888889,,,,,.6666666666666666
ILOILO,camote tops,LEMERY,bundle,15,1,g,0,1,1,1,,390,6,1,1,1,1,1,0,size-based,390,.0384615384615385,,,,,.1666666666666667
ILOILO,carrot,LEMERY,pieces or units,30,1,g,0,1,1,1,,125,9,0,1,1,1,1,0,size-based,125,.24,,,,,.1111111111111111
ILOILO,chicken,LEMERY,whole (chicken),200,1,g,0,3,3,1,,690,1,0,0,0,1,2,1,size-based,690,.2898550724637681,,,,,0
ILOILO,chicken,LEMERY,whole (chicken),250,2,g,0,3,3,1,,1335,2,0,0,0,2,2,1,size-based,1335,.1872659176029963,,,,,0
ILOILO,chicken,LEMERY,whole (chicken),362.5,3,g,0,3,3,0,this part of the cut came back empty,,,,,,,,,size-based,,,,,,,
ILOILO,"crackers, cookies, buiscuits, chips/curls",LEMERY,bucket,398,1,g,0,1,1,1,,1065,2,2,1,2,1,1,0,size-based,1065,.3737089201877934,,,,,1
ILOILO,"crackers, cookies, buiscuits, chips/curls",LEMERY,pieces or units,48,1,g,0,1,1,1,,90,3,1,2,2,1,1,0,size-based,90,.5333333333333333,,,,,.6666666666666666
ILOILO,"crackers, cookies, buiscuits, chips/curls",LEMERY,putos,60.75,1,g,0,2,2,1,,240,2,0,1,1,1,2,0,size-based,240,.253125,,,,,.5
ILOILO,"crackers, cookies, buiscuits, chips/curls",LEMERY,putos,121,2,g,0,2,2,1,,290,1,0,1,1,2,2,0,size-based,290,.4172413793103448,,,,,1
ILOILO,fresh fish,LEMERY,pack,200,1,g,0,2,2,1,,466,1,1,1,1,1,2,0,size-based,466,.4291845493562232,,,,,1
ILOILO,fresh fish,LEMERY,pack,270,2,g,0,2,2,1,,770,1,1,1,1,2,2,0,size-based,770,.3506493506493507,,,,,1
ILOILO,fresh fish,LEMERY,pack,50,,g,0,2,2,0,"unique price, no weighing behind it",,,,,,,,,size-based,,,,,,,
ILOILO,fresh fish,LEMERY,pieces or units,50,1,g,0,2,2,1,,160,3,0,1,1,1,2,0,size-based,160,.3125,,,,,.3333333333333333
ILOILO,fresh fish,LEMERY,pieces or units,95,2,g,0,2,2,1,,270,3,0,0,0,2,2,0,size-based,270,.3518518518518519,,,,,0
ILOILO,"ice cream, sorbet, edible ice (eg., ice-lolli, halo-halo)",LEMERY,putos,45,1,g,0,1,1,1,,50,2,0,0,0,1,1,0,size-based,50,.9,,,,,0
ILOILO,"ice cream, sorbet, edible ice (eg., ice-lolli, halo-halo)",LEMERY,small cup,40,1,g,0,1,1,1,,57.5,4,0,0,0,1,1,0,size-based,57.5,.6956521739130435,,,,,0
ILOILO,"liquor (e.g, whisky, coconut wine)",LEMERY,lipid/lapad,80,1,mL,0,3,3,1,,375,2,0,0,0,1,1,2,size-based,375,.2133333333333333,,,,,0
ILOILO,"liquor (e.g, whisky, coconut wine)",LEMERY,lipid/lapad,240,3,mL,0,3,3,0,this part of the cut came back empty,,,,,,,,,size-based,,,,,,,
ILOILO,"liquor (e.g, whisky, coconut wine)",LEMERY,lipid/lapad,160,2,mL,0,3,3,0,this part of the cut came back empty,,,,,,,,,size-based,,,,,,,
ILOILO,"liquor (e.g, whisky, coconut wine)",LEMERY,long-neck,180,1,mL,0,1,1,1,,750,2,0,0,0,1,1,0,size-based,750,.24,,,,,0
ILOILO,"liquor (e.g, whisky, coconut wine)",LEMERY,long-neck,150,,mL,0,1,1,0,"unique price, no weighing behind it",,,,,,,,,size-based,,,,,,,
ILOILO,loaf bread,LEMERY,large packs,80.5,1,g,0,2,2,1,,615,1,0,0,0,1,2,0,size-based,615,.1308943089430894,,,,,0
ILOILO,loaf bread,LEMERY,large packs,118.75,2,g,0,2,2,1,,675,1,0,0,0,2,2,0,size-based,675,.1759259259259259,,,,,0
ILOILO,loaf bread,LEMERY,medium packs,65,1,g,0,1,1,1,,480,1,0,0,0,1,1,0,size-based,480,.1354166666666667,,,,,0
ILOILO,loaf bread,LEMERY,small packs,42.5,1,g,0,2,2,1,,220,1,0,0,0,1,1,1,size-based,220,.1931818181818182,,,,,0
ILOILO,loaf bread,LEMERY,small packs,90,2,g,0,2,2,0,this part of the cut came back empty,,,,,,,,,size-based,,,,,,,
ILOILO,"prawns, lobster, shrimp",LEMERY,tumpok,50,1,g,0,2,2,1,,252.5,2,0,0,0,1,2,0,size-based,252.5,.198019801980198,,,,,0
ILOILO,"prawns, lobster, shrimp",LEMERY,tumpok,100,2,g,0,2,2,1,,630,1,0,1,1,2,2,0,size-based,630,.1587301587301587,,,,,1
ILOILO,"preserved or processed meat (tocino, tapa, longaniza, etc)",LEMERY,bilog,45,1,g,0,1,1,1,,70,1,0,1,1,1,1,0,size-based,70,.6428571428571429,,,,,1
ILOILO,"preserved or processed meat (tocino, tapa, longaniza, etc)",LEMERY,pack,90,1,g,0,1,1,1,,265,3,1,1,1,1,1,0,size-based,265,.3396226415094339,,,,,.3333333333333333
ILOILO,"preserved or processed meat (tocino, tapa, longaniza, etc)",LEMERY,pack,455,,g,0,1,1,0,"unique price, no weighing behind it",,,,,,,,,size-based,,,,,,,
ILOILO,cabbage,LEON,pieces or units,33.75,1,g,0,3,3,1,,435,10,0,2,2,1,3,0,size-based,435,.0775862068965517,,,,,.2
ILOILO,cabbage,LEON,pieces or units,62.5,2,g,0,3,3,1,,715,9,0,0,0,2,3,0,size-based,715,.0874125874125874,,,,,0
ILOILO,cabbage,LEON,pieces or units,105,3,g,0,3,3,1,,945,8,0,2,2,3,3,0,size-based,945,.1111111111111111,,,,,.25
ILOILO,camote tops,LEON,bugkos,20,1,g,0,1,1,1,,150,8,0,0,0,1,1,0,size-based,150,.1333333333333333,,,,,0
ILOILO,carrot,LEON,pieces or units,50,1,g,0,1,1,1,,130,27,0,3,3,1,1,0,size-based,130,.3846153846153846,,,,,.1111111111111111
ILOILO,chicken,LEON,whole (chicken),212.5,1,g,0,3,3,1,,997.5,2,0,0,0,1,3,0,size-based,997.5,.2130325814536341,,,,,0
ILOILO,chicken,LEON,whole (chicken),255,2,g,0,3,3,1,,1235,1,0,0,0,2,3,0,size-based,1235,.2064777327935223,,,,,0
ILOILO,chicken,LEON,whole (chicken),450,3,g,0,3,3,1,,1290,1,0,0,0,3,3,0,size-based,1290,.3488372093023256,,,,,0
ILOILO,fresh fish,LEON,pieces or units,100,1,g,0,1,1,1,,440,4,0,1,1,1,1,0,size-based,440,.2272727272727273,,,,,.25
ILOILO,"ice cream, sorbet, edible ice (eg., ice-lolli, halo-halo)",LEON,cone,32.5,1,mL,0,1,1,1,,110,5,0,0,0,1,1,0,size-based,110,.2954545454545455,,,,,0
ILOILO,"ice cream, sorbet, edible ice (eg., ice-lolli, halo-halo)",LEON,putos,48,1,mL,0,1,1,1,,600,5,0,0,0,1,1,0,size-based,600,.08,,,,,0
ILOILO,"ice cream, sorbet, edible ice (eg., ice-lolli, halo-halo)",LEON,putos,20,,mL,0,1,1,0,"unique price, no weighing behind it",,,,,,,,,size-based,,,,,,,
ILOILO,"ice cream, sorbet, edible ice (eg., ice-lolli, halo-halo)",LEON,small cup,42.5,1,mL,0,3,3,1,,100,3,0,0,0,1,2,1,size-based,100,.425,,,,,0
ILOILO,"ice cream, sorbet, edible ice (eg., ice-lolli, halo-halo)",LEON,small cup,88.75,3,mL,0,3,3,1,,120,1,0,0,0,3,2,1,size-based,120,.7395833333333334,,,,,0
ILOILO,"ice cream, sorbet, edible ice (eg., ice-lolli, halo-halo)",LEON,small cup,65,2,mL,0,3,3,0,this part of the cut came back empty,,,,,,,,,size-based,,,,,,,
ILOILO,"liquor (e.g, whisky, coconut wine)",LEON,lipid/lapad,80,1,mL,0,2,2,1,,375,9,0,0,0,1,1,1,size-based,375,.2133333333333333,,,,,0
ILOILO,"liquor (e.g, whisky, coconut wine)",LEON,lipid/lapad,168.75,2,mL,0,2,2,0,this part of the cut came back empty,,,,,,,,,size-based,,,,,,,
ILOILO,"liquor (e.g, whisky, coconut wine)",LEON,long-neck,180,1,mL,0,1,1,1,,750,12,0,0,0,1,1,0,size-based,750,.24,,,,,0
ILOILO,loaf bread,LEON,large packs,72.5,1,g,0,1,1,1,,640,5,0,0,0,1,1,0,size-based,640,.11328125,,,,,0
ILOILO,loaf bread,LEON,medium packs,65,1,g,0,1,1,1,,450,6,0,0,0,1,1,0,size-based,450,.1444444444444444,,,,,0
ILOILO,loaf bread,LEON,small packs,60,1,g,0,1,1,1,,360,5,0,0,0,1,1,0,size-based,360,.1666666666666667,,,,,0
ILOILO,mango,LEON,pieces or units,61.25,1,g,0,2,2,1,,195,14,0,0,0,1,2,0,size-based,195,.3141025641025641,,,,,0
ILOILO,mango,LEON,pieces or units,107.5,2,g,0,2,2,1,,270,13,0,0,0,2,2,0,size-based,270,.3981481481481481,,,,,0
ILOILO,"preserved or processed meat (tocino, tapa, longaniza, etc)",LEON,bilog,120,1,g,0,1,1,1,,250,5,0,0,0,1,1,0,size-based,250,.48,,,,,0
ILOILO,"preserved or processed meat (tocino, tapa, longaniza, etc)",LEON,putos,77,1,g,0,3,3,1,,250,9,0,3,3,1,2,1,size-based,250,.308,,,,,.3333333333333333
ILOILO,"preserved or processed meat (tocino, tapa, longaniza, etc)",LEON,putos,150,3,g,0,3,3,1,,500,1,0,0,0,3,2,1,size-based,500,.3,,,,,0
ILOILO,"preserved or processed meat (tocino, tapa, longaniza, etc)",LEON,putos,111,2,g,0,3,3,0,this part of the cut came back empty,,,,,,,,,size-based,,,,,,,
ILOILO,cabbage,MAASIN,pieces or units,40,1,g,0,1,1,1,,567.5,16,0,1,1,1,1,0,size-based,567.5,.0704845814977974,,,,,.0625
ILOILO,camote,MAASIN,bilog,30,1,g,0,1,1,1,,430,5,1,1,2,1,1,0,size-based,430,.0697674418604651,,,,,.4
ILOILO,camote tops,MAASIN,bugkos,20,1,g,0,1,1,1,,180,9,0,0,0,1,1,0,size-based,180,.1111111111111111,,,,,0
ILOILO,camote tops,MAASIN,bundle,20,1,g,0,1,1,1,,1040,1,0,1,1,1,1,0,size-based,1040,.0192307692307692,,,,,1
ILOILO,carrot,MAASIN,pieces or units,30,1,g,0,1,1,1,,142.5,12,1,2,2,1,1,0,size-based,142.5,.2105263157894737,,,,,.1666666666666667
ILOILO,chicken,MAASIN,whole (chicken),205,1,g,0,3,3,1,,1072.5,2,0,0,0,1,3,0,size-based,1072.5,.1911421911421911,,,,,0
ILOILO,chicken,MAASIN,whole (chicken),250,2,g,0,3,3,1,,1155,1,0,0,0,2,3,0,size-based,1155,.2164502164502164,,,,,0
ILOILO,chicken,MAASIN,whole (chicken),300,3,g,0,3,3,1,,1755,1,0,0,0,3,3,0,size-based,1755,.1709401709401709,,,,,0
ILOILO,"crackers, cookies, buiscuits, chips/curls",MAASIN,pack,120,1,g,0,1,1,1,,300,7,0,0,0,1,1,0,size-based,300,.4,,,,,0
ILOILO,"crackers, cookies, buiscuits, chips/curls",MAASIN,pack,320,,g,0,1,1,0,"unique price, no weighing behind it",,,,,,,,,size-based,,,,,,,
ILOILO,"crackers, cookies, buiscuits, chips/curls",MAASIN,pieces or units,36,1,g,0,1,1,1,,28,7,0,0,0,1,1,0,size-based,28,1.285714285714286,,,,,0
ILOILO,fresh fish,MAASIN,pieces or units,100,1,g,0,1,1,1,,570,5,0,2,2,1,1,0,size-based,570,.1754385964912281,,,,,.4
ILOILO,"ice cream, sorbet, edible ice (eg., ice-lolli, halo-halo)",MAASIN,putos,50,1,g,0,1,1,1,,50,3,0,0,0,1,1,0,size-based,50,1,,,,,0
ILOILO,"ice cream, sorbet, edible ice (eg., ice-lolli, halo-halo)",MAASIN,small cup,33.75,1,g,0,3,3,1,,115,2,0,0,0,1,3,0,size-based,115,.2934782608695652,,,,,0
ILOILO,"ice cream, sorbet, edible ice (eg., ice-lolli, halo-halo)",MAASIN,small cup,65,2,g,0,3,3,1,,295,1,0,1,1,2,3,0,size-based,295,.2203389830508475,,,,,1
ILOILO,"ice cream, sorbet, edible ice (eg., ice-lolli, halo-halo)",MAASIN,small cup,126.25,3,g,0,3,3,1,,350,1,1,1,1,3,3,0,size-based,350,.3607142857142857,,,,,1
ILOILO,"liquor (e.g, whisky, coconut wine)",MAASIN,lipid/lapad,80,1,mL,0,3,3,1,,375,6,0,0,0,1,1,2,size-based,375,.2133333333333333,,,,,0
ILOILO,"liquor (e.g, whisky, coconut wine)",MAASIN,lipid/lapad,198.5,3,mL,0,3,3,0,this part of the cut came back empty,,,,,,,,,size-based,,,,,,,
ILOILO,"liquor (e.g, whisky, coconut wine)",MAASIN,lipid/lapad,110,2,mL,0,3,3,0,this part of the cut came back empty,,,,,,,,,size-based,,,,,,,
ILOILO,"liquor (e.g, whisky, coconut wine)",MAASIN,long-neck,134.25,1,mL,0,2,2,1,,750,6,0,0,0,1,1,1,size-based,750,.179,,,,,0
ILOILO,"liquor (e.g, whisky, coconut wine)",MAASIN,long-neck,200,2,mL,0,2,2,0,this part of the cut came back empty,,,,,,,,,size-based,,,,,,,
ILOILO,loaf bread,MAASIN,large packs,82.5,1,g,0,1,1,1,,700,1,0,0,0,1,1,0,size-based,700,.1178571428571429,,,,,0
ILOILO,loaf bread,MAASIN,medium packs,82.5,1,g,0,1,1,1,,550,2,0,0,0,1,1,0,size-based,550,.15,,,,,0
ILOILO,pork,MAASIN,pieces or units,47.5,,g,0,,1,1,,255,4,0,0,0,1,,,price-quantity,268.8707011561884,.1766648422298977,province_median,2,2023m12,1.054394906494856,0
ILOILO,pork,MAASIN,pieces or units,47.5,,g,0,,1,1,,255,4,0,0,0,1,,,price-quantity,272.5932281924964,.1742523110899037,province_median,2,2024m1,1.06899305173528,0
ILOILO,pork,MAASIN,pieces or units,47.5,,g,0,,1,1,,255,4,0,0,0,1,,,price-quantity,267.4234226527072,.1776209410859514,province_median,2,2024m2,1.04871930452042,0
ILOILO,pork,MAASIN,pieces or units,47.5,,g,0,,1,1,,255,4,0,0,0,1,,,price-quantity,261.0683220809563,.1819447094208176,province_median,2,2024m3,1.023797341493946,0
ILOILO,pork,MAASIN,pieces or units,47.5,,g,0,,1,1,,255,4,0,0,0,1,,,price-quantity,256.1513714717142,.185437226929879,province_median,2,2024m4,1.004515182242017,0
ILOILO,pork,MAASIN,pieces or units,47.5,,g,0,,1,1,,255,4,0,0,0,1,,,price-quantity,257.5005769384977,.1844656061153022,province_median,2,2024m5,1.00980618407254,0
ILOILO,pork,MAASIN,pieces or units,47.5,,g,0,,1,1,,255,4,0,0,0,1,,,price-quantity,255.322188292291,.1860394520260901,province_median,2,2024m6,1.00126348349918,0
ILOILO,pork,MAASIN,pieces or units,47.5,,g,0,,1,1,,255,4,0,0,0,1,,,price-quantity,262.1471427630883,.1811959478151835,province_median,2,2024m11,1.02802801083564,0
ILOILO,pork,MAASIN,pieces or units,47.5,,g,0,,1,1,,255,4,0,0,0,1,,,price-quantity,255.9809912879799,.1855606533946197,province_median,2,2024m12,1.003847024658745,0
ILOILO,"preserved or processed meat (tocino, tapa, longaniza, etc)",MAASIN,pack,90,1,g,0,1,1,1,,212.5,10,0,0,0,1,1,0,size-based,212.5,.4235294117647059,,,,,0
ILOILO,"preserved or processed meat (tocino, tapa, longaniza, etc)",MAASIN,putos,50,1,g,0,3,3,1,,200,1,0,0,0,1,1,2,size-based,200,.25,,,,,0
ILOILO,"preserved or processed meat (tocino, tapa, longaniza, etc)",MAASIN,putos,150,3,g,0,3,3,0,this part of the cut came back empty,,,,,,,,,size-based,,,,,,,
ILOILO,"preserved or processed meat (tocino, tapa, longaniza, etc)",MAASIN,putos,100,2,g,0,3,3,0,this part of the cut came back empty,,,,,,,,,size-based,,,,,,,
ILOILO,rice,MAASIN,sack of rice,,,g,0,,1,1,,25000,3,3,3,3,1,,,conventional,25000,,,,,,1
ILOILO,cabbage,MIAGAO,pieces or units,45,1,g,0,2,2,1,,512.5,8,0,0,0,1,2,0,size-based,512.5,.0878048780487805,,,,,0
ILOILO,cabbage,MIAGAO,pieces or units,85,2,g,0,2,2,1,,692.5,8,0,0,0,2,2,0,size-based,692.5,.1227436823104693,,,,,0
ILOILO,camote tops,MIAGAO,bugkos,20,1,g,0,1,1,1,,125,7,0,0,0,1,1,0,size-based,125,.16,,,,,0
ILOILO,carrot,MIAGAO,pieces or units,40,1,g,0,1,1,1,,147.5,14,1,3,3,1,1,0,size-based,147.5,.2711864406779661,,,,,.2142857142857143
ILOILO,chicken,MIAGAO,whole (chicken),200,1,g,0,3,3,1,,710,5,0,0,0,1,3,0,size-based,710,.2816901408450704,,,,,0
ILOILO,chicken,MIAGAO,whole (chicken),225,2,g,0,3,3,1,,1055,6,0,0,0,2,3,0,size-based,1055,.2132701421800948,,,,,0
ILOILO,chicken,MIAGAO,whole (chicken),403.75,3,g,0,3,3,1,,1542.5,4,0,0,0,3,3,0,size-based,1542.5,.2617504051863858,,,,,0
ILOILO,"crackers, cookies, buiscuits, chips/curls",MIAGAO,pieces or units,90,1,g,0,1,1,1,,34,12,2,3,3,1,1,0,size-based,34,2.647058823529412,,,,,.25
ILOILO,fresh fish,MIAGAO,pieces or units,100,1,g,0,1,1,1,,565,10,2,3,5,1,1,0,size-based,565,.1769911504424779,,,,,.5
ILOILO,"ice cream, sorbet, edible ice (eg., ice-lolli, halo-halo)",MIAGAO,putos,60,1,g,0,1,1,1,,55,3,0,0,0,1,1,0,size-based,55,1.090909090909091,,,,,0
ILOILO,"ice cream, sorbet, edible ice (eg., ice-lolli, halo-halo)",MIAGAO,small cup,35,1,g,0,3,3,1,,117.5,2,0,0,0,1,2,1,size-based,117.5,.2978723404255319,,,,,0
ILOILO,"ice cream, sorbet, edible ice (eg., ice-lolli, halo-halo)",MIAGAO,small cup,70,2,g,0,3,3,1,,195,2,0,0,0,2,2,1,size-based,195,.358974358974359,,,,,0
ILOILO,"ice cream, sorbet, edible ice (eg., ice-lolli, halo-halo)",MIAGAO,small cup,110,3,g,0,3,3,0,this part of the cut came back empty,,,,,,,,,size-based,,,,,,,
ILOILO,"liquor (e.g, whisky, coconut wine)",MIAGAO,lipid/lapad,80,1,mL,0,3,3,1,,375,3,0,0,0,1,1,2,size-based,375,.2133333333333333,,,,,0
ILOILO,"liquor (e.g, whisky, coconut wine)",MIAGAO,lipid/lapad,170,3,mL,0,3,3,0,this part of the cut came back empty,,,,,,,,,size-based,,,,,,,
ILOILO,"liquor (e.g, whisky, coconut wine)",MIAGAO,lipid/lapad,120,2,mL,0,3,3,0,this part of the cut came back empty,,,,,,,,,size-based,,,,,,,
ILOILO,"liquor (e.g, whisky, coconut wine)",MIAGAO,long-neck,157.5,1,mL,0,2,2,1,,750,3,0,0,0,1,2,0,size-based,750,.21,,,,,0
ILOILO,"liquor (e.g, whisky, coconut wine)",MIAGAO,long-neck,210,2,mL,0,2,2,1,,1000,2,0,0,0,2,2,0,size-based,1000,.21,,,,,0
ILOILO,loaf bread,MIAGAO,large packs,78.75,1,g,0,3,3,1,,660,2,0,0,0,1,1,2,size-based,660,.1193181818181818,,,,,0
ILOILO,loaf bread,MIAGAO,large packs,114.5,2,g,0,3,3,0,this part of the cut came back empty,,,,,,,,,size-based,,,,,,,
ILOILO,loaf bread,MIAGAO,large packs,151,3,g,0,3,3,0,this part of the cut came back empty,,,,,,,,,size-based,,,,,,,
ILOILO,loaf bread,MIAGAO,medium packs,65,1,g,0,1,1,1,,470,2,0,0,0,1,1,0,size-based,470,.1382978723404255,,,,,0
ILOILO,loaf bread,MIAGAO,small packs,48,1,g,0,1,1,1,,397.5,12,0,0,0,1,1,0,size-based,397.5,.1207547169811321,,,,,0
ILOILO,mango,MIAGAO,pieces or units,80,1,g,0,1,1,1,,220,19,0,0,0,1,1,0,size-based,220,.3636363636363636,,,,,0
ILOILO,mango,MIAGAO,pieces or units,50,,g,0,1,1,0,"unique price, no weighing behind it",,,,,,,,,size-based,,,,,,,
ILOILO,"preserved or processed meat (tocino, tapa, longaniza, etc)",MIAGAO,bilog,60,1,g,0,1,1,1,,260,11,0,4,4,1,1,0,size-based,260,.2307692307692308,,,,,.3636363636363636
ILOILO,beef,MINA,pieces or units,85,1,g,0,1,1,1,,1317.5,2,0,2,2,1,1,0,size-based,1317.5,.0645161290322581,,,,,1
ILOILO,cabbage,MINA,pieces or units,45,1,g,0,2,2,1,,560,9,0,0,0,1,2,0,size-based,560,.0803571428571429,,,,,0
ILOILO,cabbage,MINA,pieces or units,88.75,2,g,0,2,2,1,,850,7,0,0,0,2,2,0,size-based,850,.1044117647058824,,,,,0
ILOILO,camote,MINA,bilog,40,1,g,0,1,1,1,,190,17,4,10,11,1,1,0,size-based,190,.2105263157894737,,,,,.6470588235294118
ILOILO,camote tops,MINA,bugkos,20,1,g,0,1,1,1,,145,4,0,0,0,1,1,0,size-based,145,.1379310344827586,,,,,0
ILOILO,carrot,MINA,pieces or units,38,1,g,0,1,1,1,,142.5,14,0,2,2,1,1,0,size-based,142.5,.2666666666666667,,,,,.1428571428571428
ILOILO,chicken,MINA,whole (chicken),225,1,g,0,3,3,1,,920,2,0,0,0,1,3,0,size-based,920,.2445652173913044,,,,,0
ILOILO,chicken,MINA,whole (chicken),250,2,g,0,3,3,1,,1235,1,0,0,0,2,3,0,size-based,1235,.2024291497975708,,,,,0
ILOILO,chicken,MINA,whole (chicken),300,3,g,0,3,3,1,,1655,1,0,0,0,3,3,0,size-based,1655,.1812688821752266,,,,,0
ILOILO,"crackers, cookies, buiscuits, chips/curls",MINA,pack,120,1,g,0,1,1,1,,420,3,0,0,0,1,1,0,size-based,420,.2857142857142857,,,,,0
ILOILO,"crackers, cookies, buiscuits, chips/curls",MINA,pack,204,,g,0,1,1,0,"unique price, no weighing behind it",,,,,,,,,size-based,,,,,,,
ILOILO,"crackers, cookies, buiscuits, chips/curls",MINA,pieces or units,56,1,g,0,1,1,1,,60,12,2,5,5,1,1,0,size-based,60,.9333333333333333,,,,,.4166666666666667
ILOILO,"ice cream, sorbet, edible ice (eg., ice-lolli, halo-halo)",MINA,container,50,1,mL,0,1,1,1,,950,3,1,1,1,1,1,0,size-based,950,.0526315789473684,,,,,.3333333333333333
ILOILO,"ice cream, sorbet, edible ice (eg., ice-lolli, halo-halo)",MINA,pack,25,1,mL,0,1,1,1,,700,3,0,0,0,1,1,0,size-based,700,.0357142857142857,,,,,0
ILOILO,"ice cream, sorbet, edible ice (eg., ice-lolli, halo-halo)",MINA,pieces or units,50,1,mL,0,1,1,1,,120,2,0,0,0,1,1,0,size-based,120,.4166666666666667,,,,,0
ILOILO,"ice cream, sorbet, edible ice (eg., ice-lolli, halo-halo)",MINA,small cup,30,1,mL,0,1,1,1,,110,4,0,0,0,1,1,0,size-based,110,.2727272727272727,,,,,0
ILOILO,"liquor (e.g, whisky, coconut wine)",MINA,lipid/lapad,75.375,1,mL,0,3,3,1,,375,5,0,0,0,1,1,2,size-based,375,.201,,,,,0
ILOILO,"liquor (e.g, whisky, coconut wine)",MINA,lipid/lapad,200,3,mL,0,3,3,0,this part of the cut came back empty,,,,,,,,,size-based,,,,,,,
ILOILO,"liquor (e.g, whisky, coconut wine)",MINA,lipid/lapad,145,2,mL,0,3,3,0,this part of the cut came back empty,,,,,,,,,size-based,,,,,,,
ILOILO,"liquor (e.g, whisky, coconut wine)",MINA,long-neck,180,1,mL,0,1,1,1,,750,6,0,0,0,1,1,0,size-based,750,.24,,,,,0
ILOILO,"liquor (e.g, whisky, coconut wine)",MINA,long-neck,150,,mL,0,1,1,0,"unique price, no weighing behind it",,,,,,,,,size-based,,,,,,,
ILOILO,loaf bread,MINA,large packs,76,1,g,0,2,2,1,,610,2,0,0,0,1,2,0,size-based,610,.1245901639344262,,,,,0
ILOILO,loaf bread,MINA,large packs,250,2,g,0,2,2,1,,640,1,0,0,0,2,2,0,size-based,640,.390625,,,,,0
ILOILO,loaf bread,MINA,medium packs,65.625,1,g,0,2,2,1,,450,3,0,0,0,1,1,1,size-based,450,.1458333333333333,,,,,0
ILOILO,loaf bread,MINA,medium packs,110,2,g,0,2,2,0,this part of the cut came back empty,,,,,,,,,size-based,,,,,,,
ILOILO,loaf bread,MINA,small packs,50,1,g,0,1,1,1,,400,3,0,0,0,1,1,0,size-based,400,.125,,,,,0
ILOILO,mango,MINA,pieces or units,60,1,g,0,1,1,1,,200,11,0,0,0,1,1,0,size-based,200,.3,,,,,0
ILOILO,"preserved or processed meat (tocino, tapa, longaniza, etc)",MINA,bilog,50,1,g,0,1,1,1,,250,2,0,0,0,1,1,0,size-based,250,.2,,,,,0
ILOILO,"preserved or processed meat (tocino, tapa, longaniza, etc)",MINA,pack,90,1,g,0,1,1,1,,250,6,2,1,2,1,1,0,size-based,250,.36,,,,,.3333333333333333
ILOILO,"preserved or processed meat (tocino, tapa, longaniza, etc)",MINA,pack,50,,g,0,1,1,0,"unique price, no weighing behind it",,,,,,,,,size-based,,,,,,,
ILOILO,rice,MINA,gantang,,,g,0,,1,1,,2237.5,4,0,0,0,1,,,conventional,2237.5,,,,,,0
ILOILO,cabbage,NEW LUCENA,pack,20,1,g,0,1,1,1,,195,3,0,1,1,1,1,0,size-based,195,.1025641025641026,,,,,.3333333333333333
ILOILO,cabbage,NEW LUCENA,pack,50,,g,0,1,1,0,"unique price, no weighing behind it",,,,,,,,,size-based,,,,,,,
ILOILO,cabbage,NEW LUCENA,pieces or units,50,1,g,0,1,1,1,,592.5,10,0,0,0,1,1,0,size-based,592.5,.0843881856540084,,,,,0
ILOILO,camote,NEW LUCENA,bilog,30,1,g,0,1,1,1,,175,9,2,3,4,1,1,0,size-based,175,.1714285714285714,,,,,.4444444444444444
ILOILO,camote tops,NEW LUCENA,bugkos,30,1,g,0,1,1,1,,150,3,0,0,0,1,1,0,size-based,150,.2,,,,,0
ILOILO,carrot,NEW LUCENA,pieces or units,35,1,g,0,2,2,1,,90,5,0,1,1,1,2,0,size-based,90,.3888888888888889,,,,,.2
ILOILO,carrot,NEW LUCENA,pieces or units,85,2,g,0,2,2,1,,132.5,4,0,0,0,2,2,0,size-based,132.5,.6415094339622641,,,,,0
ILOILO,chicken,NEW LUCENA,whole (chicken),250,1,g,0,3,3,1,,800,2,0,0,0,1,3,0,size-based,800,.3125,,,,,0
ILOILO,chicken,NEW LUCENA,whole (chicken),275,2,g,0,3,3,1,,880,2,0,0,0,2,3,0,size-based,880,.3125,,,,,0
ILOILO,chicken,NEW LUCENA,whole (chicken),570,3,g,0,3,3,1,,960,1,0,0,0,3,3,0,size-based,960,.59375,,,,,0
ILOILO,"crackers, cookies, buiscuits, chips/curls",NEW LUCENA,pieces or units,37.5,1,g,0,1,1,1,,30,9,0,1,1,1,1,0,size-based,30,1.25,,,,,.1111111111111111
ILOILO,"crackers, cookies, buiscuits, chips/curls",NEW LUCENA,putos,52.5,1,g,0,3,3,1,,235,4,0,0,0,1,2,1,size-based,235,.2234042553191489,,,,,0
ILOILO,"crackers, cookies, buiscuits, chips/curls",NEW LUCENA,putos,80,2,g,0,3,3,1,,300,5,0,5,5,2,2,1,size-based,300,.2666666666666667,,,,,1
ILOILO,"crackers, cookies, buiscuits, chips/curls",NEW LUCENA,putos,114,3,g,0,3,3,0,this part of the cut came back empty,,,,,,,,,size-based,,,,,,,
ILOILO,fresh fish,NEW LUCENA,pieces or units,90,1,g,0,1,1,1,,485,7,1,3,3,1,1,0,size-based,485,.1855670103092784,,,,,.4285714285714285
ILOILO,"ice cream, sorbet, edible ice (eg., ice-lolli, halo-halo)",NEW LUCENA,putos,48,1,g,0,1,1,1,,57.5,4,0,0,0,1,1,0,size-based,57.5,.8347826086956521,,,,,0
ILOILO,"ice cream, sorbet, edible ice (eg., ice-lolli, halo-halo)",NEW LUCENA,small cup,40,1,g,0,1,1,1,,100,6,1,1,1,1,1,0,size-based,100,.4,,,,,.1666666666666667
ILOILO,"liquor (e.g, whisky, coconut wine)",NEW LUCENA,lipid/lapad,123.75,1,mL,0,3,3,1,,375,9,0,0,0,1,1,2,size-based,375,.33,,,,,0
ILOILO,"liquor (e.g, whisky, coconut wine)",NEW LUCENA,lipid/lapad,150,2,mL,0,3,3,0,this part of the cut came back empty,,,,,,,,,size-based,,,,,,,
ILOILO,"liquor (e.g, whisky, coconut wine)",NEW LUCENA,lipid/lapad,176.25,3,mL,0,3,3,0,this part of the cut came back empty,,,,,,,,,size-based,,,,,,,
ILOILO,"liquor (e.g, whisky, coconut wine)",NEW LUCENA,long-neck,180,1,mL,0,1,1,1,,750,9,0,0,0,1,1,0,size-based,750,.24,,,,,0
ILOILO,"liquor (e.g, whisky, coconut wine)",NEW LUCENA,long-neck,280,,mL,0,1,1,0,"unique price, no weighing behind it",,,,,,,,,size-based,,,,,,,
ILOILO,loaf bread,NEW LUCENA,large packs,88.75,1,g,0,3,3,1,,640,3,0,0,0,1,2,1,size-based,640,.138671875,,,,,0
ILOILO,loaf bread,NEW LUCENA,large packs,170,3,g,0,3,3,1,,720,1,0,0,0,3,2,1,size-based,720,.2361111111111111,,,,,0
ILOILO,loaf bread,NEW LUCENA,large packs,135,2,g,0,3,3,0,this part of the cut came back empty,,,,,,,,,size-based,,,,,,,
ILOILO,loaf bread,NEW LUCENA,small packs,60,1,g,0,1,1,1,,420,1,0,0,0,1,1,0,size-based,420,.1428571428571428,,,,,0
ILOILO,loaf bread,NEW LUCENA,tama-tama nga putos,61,1,g,0,2,2,1,,450,4,0,0,0,1,1,1,size-based,450,.1355555555555556,,,,,0
ILOILO,loaf bread,NEW LUCENA,tama-tama nga putos,160,2,g,0,2,2,0,this part of the cut came back empty,,,,,,,,,size-based,,,,,,,
ILOILO,mango,NEW LUCENA,pieces or units,150,1,g,0,1,1,1,,262.5,8,0,0,0,1,1,0,size-based,262.5,.5714285714285714,,,,,0
ILOILO,"prawns, lobster, shrimp",NEW LUCENA,tumpok,60,1,g,0,1,1,1,,260,4,0,1,1,1,1,0,size-based,260,.2307692307692308,,,,,.25
ILOILO,"prawns, lobster, shrimp",NEW LUCENA,tumpok,100,,g,0,1,1,0,"unique price, no weighing behind it",,,,,,,,,size-based,,,,,,,
ILOILO,"preserved or processed meat (tocino, tapa, longaniza, etc)",NEW LUCENA,bilog,86,1,g,0,1,1,1,,115,2,0,1,1,1,1,0,size-based,115,.7478260869565218,,,,,.5
ILOILO,"preserved or processed meat (tocino, tapa, longaniza, etc)",NEW LUCENA,putos,75,1,g,0,3,3,1,,107.5,2,1,1,1,1,3,0,size-based,107.5,.6976744186046512,,,,,.5
ILOILO,"preserved or processed meat (tocino, tapa, longaniza, etc)",NEW LUCENA,putos,100,2,g,0,3,3,1,,200,3,0,0,0,2,3,0,size-based,200,.5,,,,,0
ILOILO,"preserved or processed meat (tocino, tapa, longaniza, etc)",NEW LUCENA,putos,185,3,g,0,3,3,1,,225,1,0,0,0,3,3,0,size-based,225,.8222222222222222,,,,,0
ILOILO,beef,OTON,pieces or units,85,1,g,0,1,1,1,,1155,3,0,3,3,1,1,0,size-based,1155,.0735930735930736,,,,,1
ILOILO,cabbage,OTON,pieces or units,40.625,1,g,0,2,2,1,,410,5,0,0,0,1,2,0,size-based,410,.0990853658536585,,,,,0
ILOILO,cabbage,OTON,pieces or units,85,2,g,0,2,2,1,,685,4,0,0,0,2,2,0,size-based,685,.1240875912408759,,,,,0
ILOILO,cabbage,OTON,putos (mix vegetable),40,1,g,0,1,1,1,,112.5,6,0,0,0,1,1,0,size-based,112.5,.3555555555555556,,,,,0
ILOILO,camote,OTON,bilog,30,1,g,0,1,1,1,,107.5,16,3,5,5,1,1,0,size-based,107.5,.2790697674418605,,,,,.3125
ILOILO,camote tops,OTON,bugkos,20,1,g,0,1,1,1,,160,9,0,1,1,1,1,0,size-based,160,.125,,,,,.1111111111111111
ILOILO,carrot,OTON,pieces or units,32.5,1,g,0,1,1,1,,105,14,1,5,5,1,1,0,size-based,105,.3095238095238095,,,,,.3571428571428572
ILOILO,chicken,OTON,bilog,157.5,1,g,0,3,3,1,,820,3,0,0,0,1,3,0,size-based,820,.1920731707317073,,,,,0
ILOILO,chicken,OTON,bilog,230,2,g,0,3,3,1,,972.5,4,0,0,0,2,3,0,size-based,972.5,.2365038560411311,,,,,0
ILOILO,chicken,OTON,bilog,300,3,g,0,3,3,1,,1435,2,0,0,0,3,3,0,size-based,1435,.2090592334494774,,,,,0
ILOILO,"crackers, cookies, buiscuits, chips/curls",OTON,pieces or units,58,1,g,0,2,2,1,,30,4,0,0,0,1,2,0,size-based,30,1.933333333333333,,,,,0
ILOILO,"crackers, cookies, buiscuits, chips/curls",OTON,pieces or units,104,2,g,0,2,2,1,,49,4,0,1,1,2,2,0,size-based,49,2.122448979591837,,,,,.25
ILOILO,"crackers, cookies, buiscuits, chips/curls",OTON,putos,57,1,g,0,3,3,1,,45,3,1,2,2,1,3,0,size-based,45,1.266666666666667,,,,,.6666666666666666
ILOILO,"crackers, cookies, buiscuits, chips/curls",OTON,putos,120,2,g,0,3,3,1,,97.5,4,0,0,0,2,3,0,size-based,97.5,1.230769230769231,,,,,0
ILOILO,"crackers, cookies, buiscuits, chips/curls",OTON,putos,180,3,g,0,3,3,1,,245,2,0,0,0,3,3,0,size-based,245,.7346938775510204,,,,,0
ILOILO,fresh fish,OTON,pieces or units,85,1,g,0,1,1,1,,250,15,3,8,8,1,1,0,size-based,250,.34,,,,,.5333333333333333
ILOILO,"ice cream, sorbet, edible ice (eg., ice-lolli, halo-halo)",OTON,pieces or units,43,1,g,0,2,2,1,,45,3,0,0,0,1,2,0,size-based,45,.9555555555555556,,,,,0
ILOILO,"ice cream, sorbet, edible ice (eg., ice-lolli, halo-halo)",OTON,pieces or units,90,2,g,0,2,2,1,,105,2,0,0,0,2,2,0,size-based,105,.8571428571428571,,,,,0
ILOILO,"ice cream, sorbet, edible ice (eg., ice-lolli, halo-halo)",OTON,pieces or units,43,1,mL,0,2,2,1,,100,1,0,0,0,1,1,1,size-based,100,.43,,,,,0
ILOILO,"ice cream, sorbet, edible ice (eg., ice-lolli, halo-halo)",OTON,pieces or units,90,2,mL,0,2,2,0,this part of the cut came back empty,,,,,,,,,size-based,,,,,,,
ILOILO,"ice cream, sorbet, edible ice (eg., ice-lolli, halo-halo)",OTON,putos,40,1,mL,0,1,1,1,,60,1,0,0,0,1,1,0,size-based,60,.6666666666666666,,,,,0
ILOILO,"ice cream, sorbet, edible ice (eg., ice-lolli, halo-halo)",OTON,small cup,50,1,g,0,1,1,1,,85,7,0,3,3,1,1,0,size-based,85,.5882352941176471,,,,,.4285714285714285
ILOILO,"ice cream, sorbet, edible ice (eg., ice-lolli, halo-halo)",OTON,small cup,50,1,mL,0,1,1,1,,100,1,0,0,0,1,1,0,size-based,100,.5,,,,,0
ILOILO,"liquor (e.g, whisky, coconut wine)",OTON,lipid/lapad,77.5,1,mL,0,2,2,1,,375,8,0,0,0,1,1,1,size-based,375,.2066666666666667,,,,,0
ILOILO,"liquor (e.g, whisky, coconut wine)",OTON,lipid/lapad,160,2,mL,0,2,2,0,this part of the cut came back empty,,,,,,,,,size-based,,,,,,,
ILOILO,"liquor (e.g, whisky, coconut wine)",OTON,long-neck,180,1,mL,0,1,1,1,,750,8,0,0,0,1,1,0,size-based,750,.24,,,,,0
ILOILO,"liquor (e.g, whisky, coconut wine)",OTON,long-neck,225,,mL,0,1,1,0,"unique price, no weighing behind it",,,,,,,,,size-based,,,,,,,
ILOILO,loaf bread,OTON,large packs,91.5,1,g,0,2,2,1,,640,3,0,0,0,1,2,0,size-based,640,.14296875,,,,,0
ILOILO,loaf bread,OTON,large packs,180,2,g,0,2,2,1,,665,3,0,0,0,2,2,0,size-based,665,.2706766917293233,,,,,0
ILOILO,loaf bread,OTON,medium packs,68,1,g,0,1,1,1,,460,6,0,0,0,1,1,0,size-based,460,.1478260869565217,,,,,0
ILOILO,loaf bread,OTON,small packs,48,1,g,0,1,1,1,,360,2,0,0,0,1,1,0,size-based,360,.1333333333333333,,,,,0
ILOILO,mango,OTON,pieces or units,57.5,1,g,0,2,2,1,,165,9,0,0,0,1,2,0,size-based,165,.3484848484848485,,,,,0
ILOILO,mango,OTON,pieces or units,125,2,g,0,2,2,1,,250,9,0,0,0,2,2,0,size-based,250,.5,,,,,0
ILOILO,pork,OTON,1 serve,50,1,g,0,1,1,1,,515,1,1,0,1,1,1,0,size-based,515,.0970873786407767,,,,,1
ILOILO,pork,OTON,stick,50,1,g,0,1,1,1,,25,1,0,1,1,1,1,0,size-based,25,2,,,,,1
ILOILO,"prawns, lobster, shrimp",OTON,pieces or units,50,1,g,0,1,1,1,,15,3,3,2,3,1,1,0,size-based,15,3.333333333333333,,,,,1
ILOILO,"prawns, lobster, shrimp",OTON,tumpok,100,1,g,0,2,2,1,,222.5,2,0,0,0,1,2,0,size-based,222.5,.449438202247191,,,,,0
ILOILO,"prawns, lobster, shrimp",OTON,tumpok,200,2,g,0,2,2,1,,260,1,0,0,0,2,2,0,size-based,260,.7692307692307693,,,,,0
ILOILO,"preserved or processed meat (tocino, tapa, longaniza, etc)",OTON,bilog,40.25,1,g,0,3,3,1,,42.5,2,0,1,1,1,2,1,size-based,42.5,.9470588235294117,,,,,.5
ILOILO,"preserved or processed meat (tocino, tapa, longaniza, etc)",OTON,bilog,71.5,2,g,0,3,3,1,,250,4,0,0,0,2,2,1,size-based,250,.286,,,,,0
ILOILO,"preserved or processed meat (tocino, tapa, longaniza, etc)",OTON,bilog,112.5,3,g,0,3,3,0,this part of the cut came back empty,,,,,,,,,size-based,,,,,,,
ILOILO,"preserved or processed meat (tocino, tapa, longaniza, etc)",OTON,putos,60,1,g,0,3,3,1,,260,3,0,0,0,1,3,0,size-based,260,.2307692307692308,,,,,0
ILOILO,"preserved or processed meat (tocino, tapa, longaniza, etc)",OTON,putos,83.5,2,g,0,3,3,1,,365,3,0,0,0,2,3,0,size-based,365,.2287671232876712,,,,,0
ILOILO,"preserved or processed meat (tocino, tapa, longaniza, etc)",OTON,putos,171.25,3,g,0,3,3,1,,1065,2,1,2,2,3,3,0,size-based,1065,.1607981220657277,,,,,1
ILOILO,rice,OTON,salmon,,,g,0,,1,1,,425,4,0,0,0,1,,,conventional,425,,,,,,0
ILOILO,cabbage,POTOTAN,half,35,1,g,0,1,1,1,,160,5,0,1,1,1,1,0,size-based,160,.21875,,,,,.2
ILOILO,cabbage,POTOTAN,pieces or units,45,1,g,0,1,1,1,,692.5,18,0,0,0,1,1,0,size-based,692.5,.0649819494584837,,,,,0
ILOILO,camote tops,POTOTAN,bugkos,20,1,g,0,1,1,1,,125,11,0,0,0,1,1,0,size-based,125,.16,,,,,0
ILOILO,carrot,POTOTAN,pieces or units,25,1,g,0,1,1,1,,177.5,22,1,5,5,1,1,0,size-based,177.5,.1408450704225352,,,,,.2272727272727273
ILOILO,chicken,POTOTAN,whole (chicken),207.25,1,g,0,3,3,1,,787.5,4,0,0,0,1,3,0,size-based,787.5,.2631746031746032,,,,,0
ILOILO,chicken,POTOTAN,whole (chicken),290,2,g,0,3,3,1,,920,3,0,0,0,2,3,0,size-based,920,.3152173913043478,,,,,0
ILOILO,chicken,POTOTAN,whole (chicken),450,3,g,0,3,3,1,,1265,3,0,0,0,3,3,0,size-based,1265,.3557312252964427,,,,,0
ILOILO,"crackers, cookies, buiscuits, chips/curls",POTOTAN,pieces or units,56,1,g,0,1,1,1,,31,10,0,0,0,1,1,0,size-based,31,1.806451612903226,,,,,0
ILOILO,"crackers, cookies, buiscuits, chips/curls",POTOTAN,putos,60,1,g,0,2,2,1,,77.5,10,1,1,1,1,2,0,size-based,77.5,.7741935483870968,,,,,.1
ILOILO,"crackers, cookies, buiscuits, chips/curls",POTOTAN,putos,118.5,2,g,0,2,2,1,,250,5,0,0,0,2,2,0,size-based,250,.474,,,,,0
ILOILO,fresh fish,POTOTAN,pieces or units,55,1,g,0,3,3,1,,201,4,0,1,1,1,3,0,size-based,201,.2736318407960199,,,,,.25
ILOILO,fresh fish,POTOTAN,pieces or units,85,2,g,0,3,3,1,,485,5,0,0,0,2,3,0,size-based,485,.1752577319587629,,,,,0
ILOILO,fresh fish,POTOTAN,pieces or units,130,3,g,0,3,3,1,,1010,3,2,1,2,3,3,0,size-based,1010,.1287128712871287,,,,,.6666666666666666
ILOILO,"ice cream, sorbet, edible ice (eg., ice-lolli, halo-halo)",POTOTAN,cone,224,1,g,0,1,1,1,,110,2,0,0,0,1,1,0,size-based,110,2.036363636363636,,,,,0
ILOILO,"ice cream, sorbet, edible ice (eg., ice-lolli, halo-halo)",POTOTAN,cone,224,1,mL,0,1,1,1,,110,5,0,1,1,1,1,0,size-based,110,2.036363636363636,,,,,.2
ILOILO,"ice cream, sorbet, edible ice (eg., ice-lolli, halo-halo)",POTOTAN,pieces or units,15,1,g,0,3,3,1,,60,1,0,0,0,1,1,2,size-based,60,.25,,,,,0
ILOILO,"ice cream, sorbet, edible ice (eg., ice-lolli, halo-halo)",POTOTAN,pieces or units,45,2,g,0,3,3,0,this part of the cut came back empty,,,,,,,,,size-based,,,,,,,
ILOILO,"ice cream, sorbet, edible ice (eg., ice-lolli, halo-halo)",POTOTAN,pieces or units,80,3,g,0,3,3,0,this part of the cut came back empty,,,,,,,,,size-based,,,,,,,
ILOILO,"ice cream, sorbet, edible ice (eg., ice-lolli, halo-halo)",POTOTAN,pieces or units,15,1,mL,0,3,3,1,,62.5,2,0,0,0,1,3,0,size-based,62.5,.24,,,,,0
ILOILO,"ice cream, sorbet, edible ice (eg., ice-lolli, halo-halo)",POTOTAN,pieces or units,45,2,mL,0,3,3,1,,70,2,0,0,0,2,3,0,size-based,70,.6428571428571429,,,,,0
ILOILO,"ice cream, sorbet, edible ice (eg., ice-lolli, halo-halo)",POTOTAN,pieces or units,80,3,mL,0,3,3,1,,85,1,0,0,0,3,3,0,size-based,85,.9411764705882353,,,,,0
ILOILO,"ice cream, sorbet, edible ice (eg., ice-lolli, halo-halo)",POTOTAN,small cup,25,1,g,0,1,1,1,,95,2,0,0,0,1,1,0,size-based,95,.2631578947368421,,,,,0
ILOILO,"ice cream, sorbet, edible ice (eg., ice-lolli, halo-halo)",POTOTAN,small cup,25,1,mL,0,1,1,1,,100,8,0,1,1,1,1,0,size-based,100,.25,,,,,.125
ILOILO,"liquor (e.g, whisky, coconut wine)",POTOTAN,lipid/lapad,77.75,1,mL,0,3,3,1,,375,9,0,0,0,1,1,2,size-based,375,.2073333333333333,,,,,0
ILOILO,"liquor (e.g, whisky, coconut wine)",POTOTAN,lipid/lapad,236.25,3,mL,0,3,3,0,this part of the cut came back empty,,,,,,,,,size-based,,,,,,,
ILOILO,"liquor (e.g, whisky, coconut wine)",POTOTAN,lipid/lapad,102.5,2,mL,0,3,3,0,this part of the cut came back empty,,,,,,,,,size-based,,,,,,,
ILOILO,"liquor (e.g, whisky, coconut wine)",POTOTAN,long-neck,180,1,mL,0,1,1,1,,750,9,0,0,0,1,1,0,size-based,750,.24,,,,,0
ILOILO,"liquor (e.g, whisky, coconut wine)",POTOTAN,long-neck,900,,mL,0,1,1,0,"unique price, no weighing behind it",,,,,,,,,size-based,,,,,,,
ILOILO,"liquor (e.g, whisky, coconut wine)",POTOTAN,long-neck,375,,mL,0,1,1,0,"unique price, no weighing behind it",,,,,,,,,size-based,,,,,,,
ILOILO,loaf bread,POTOTAN,large packs,82.625,1,g,0,2,2,1,,640,7,0,0,0,1,2,0,size-based,640,.1291015625,,,,,0
ILOILO,loaf bread,POTOTAN,large packs,151,2,g,0,2,2,1,,655,1,0,0,0,2,2,0,size-based,655,.2305343511450382,,,,,0
ILOILO,loaf bread,POTOTAN,medium packs,65,1,g,0,1,1,1,,450,8,0,0,0,1,1,0,size-based,450,.1444444444444444,,,,,0
ILOILO,loaf bread,POTOTAN,small packs,40,1,g,0,1,1,1,,400,1,0,0,0,1,1,0,size-based,400,.1,,,,,0
ILOILO,mango,POTOTAN,pieces or units,50,1,g,0,2,2,1,,230,10,0,0,0,1,2,0,size-based,230,.2173913043478261,,,,,0
ILOILO,mango,POTOTAN,pieces or units,97.5,2,g,0,2,2,1,,345,9,0,0,0,2,2,0,size-based,345,.2826086956521739,,,,,0
ILOILO,pork,POTOTAN,pieces or units,47.5,,g,0,,1,1,,205,7,0,1,1,1,,,price-quantity,219.1435756057324,.216752874770368,province_median,2,2024m1,1.06899305173528,.1428571428571428
ILOILO,pork,POTOTAN,pieces or units,47.5,,g,0,,1,1,,205,7,0,1,1,1,,,price-quantity,214.9874574266862,.2209431218386226,province_median,2,2024m2,1.04871930452042,.1428571428571428
ILOILO,pork,POTOTAN,pieces or units,47.5,,g,0,,1,1,,205,7,0,1,1,1,,,price-quantity,207.0102677348707,.2294572173629369,province_median,2,2024m5,1.00980618407254,.1428571428571428
ILOILO,pork,POTOTAN,pieces or units,47.5,,g,0,,1,1,,205,7,0,1,1,1,,,price-quantity,205.259014117332,.2314149281300145,province_median,2,2024m6,1.00126348349918,.1428571428571428
ILOILO,pork,POTOTAN,pieces or units,47.5,,g,0,,1,1,,205,7,0,1,1,1,,,price-quantity,211.2350074811166,.2248680300032478,province_median,2,2024m10,1.030414670639593,.1428571428571428
ILOILO,pork,POTOTAN,pieces or units,47.5,,g,0,,1,1,,205,7,0,1,1,1,,,price-quantity,210.7457422213062,.2253900814286429,province_median,2,2024m11,1.02802801083564,.1428571428571428
ILOILO,"preserved or processed meat (tocino, tapa, longaniza, etc)",POTOTAN,bilog,72,1,g,0,1,1,1,,250,5,0,0,0,1,1,0,size-based,250,.288,,,,,0
ILOILO,"preserved or processed meat (tocino, tapa, longaniza, etc)",POTOTAN,putos,70,1,g,0,3,3,1,,250,7,0,1,1,1,1,2,size-based,250,.28,,,,,.1428571428571428
ILOILO,"preserved or processed meat (tocino, tapa, longaniza, etc)",POTOTAN,putos,161.25,3,g,0,3,3,0,this part of the cut came back empty,,,,,,,,,size-based,,,,,,,
ILOILO,"preserved or processed meat (tocino, tapa, longaniza, etc)",POTOTAN,putos,100,2,g,0,3,3,0,this part of the cut came back empty,,,,,,,,,size-based,,,,,,,
ILOILO,rice,POTOTAN,salmon,,,g,0,,1,1,,310,1,0,0,0,1,,,conventional,310,,,,,,0
ILOILO,cabbage,SAN DIONISIO,pieces or units,30,1,g,1,1,1,1,,817.5,4,0,0,0,1,1,0,size-based,817.5,.036697247706422,,,,,0
ILOILO,cabbage,SAN DIONISIO,sliced,20,1,g,0,1,1,1,,65,2,0,2,2,1,1,0,size-based,65,.3076923076923077,,,,,1
ILOILO,camote,SAN DIONISIO,bilog,30,1,g,0,1,1,1,,130,13,0,4,4,1,1,0,size-based,130,.2307692307692308,,,,,.3076923076923077
ILOILO,camote,SAN DIONISIO,bilog,60,,g,0,1,1,0,"unique price, no weighing behind it",,,,,,,,,size-based,,,,,,,
ILOILO,camote tops,SAN DIONISIO,bugkos,20,1,g,0,1,1,1,,305,4,0,0,0,1,1,0,size-based,305,.0655737704918033,,,,,0
ILOILO,carrot,SAN DIONISIO,pieces or units,28.75,1,g,0,2,2,1,,120,5,0,0,0,1,2,0,size-based,120,.2395833333333333,,,,,0
ILOILO,carrot,SAN DIONISIO,pieces or units,65,2,g,0,2,2,1,,215,4,1,2,2,2,2,0,size-based,215,.3023255813953488,,,,,.5
ILOILO,chicken,SAN DIONISIO,bilog,160,1,g,0,3,3,1,,1070,1,0,0,0,1,2,1,size-based,1070,.1495327102803738,,,,,0
ILOILO,chicken,SAN DIONISIO,bilog,200,2,g,0,3,3,1,,1202.5,2,0,0,0,2,2,1,size-based,1202.5,.1663201663201663,,,,,0
ILOILO,chicken,SAN DIONISIO,bilog,700,3,g,0,3,3,0,this part of the cut came back empty,,,,,,,,,size-based,,,,,,,
ILOILO,"crackers, cookies, buiscuits, chips/curls",SAN DIONISIO,pieces or units,40,1,g,0,1,1,1,,22,1,0,0,0,1,1,0,size-based,22,1.818181818181818,,,,,0
ILOILO,"crackers, cookies, buiscuits, chips/curls",SAN DIONISIO,putos,21.5,1,g,0,3,3,1,,230,3,0,0,0,1,3,0,size-based,230,.0934782608695652,,,,,0
ILOILO,"crackers, cookies, buiscuits, chips/curls",SAN DIONISIO,putos,44,2,g,0,3,3,1,,292.5,2,0,2,2,2,3,0,size-based,292.5,.1504273504273504,,,,,1
ILOILO,"crackers, cookies, buiscuits, chips/curls",SAN DIONISIO,putos,77,3,g,0,3,3,1,,350,2,0,2,2,3,3,0,size-based,350,.22,,,,,1
ILOILO,fresh fish,SAN DIONISIO,pieces or units,50,1,g,0,3,3,1,,510,1,0,0,0,1,2,1,size-based,510,.0980392156862745,,,,,0
ILOILO,fresh fish,SAN DIONISIO,pieces or units,100,2,g,0,3,3,1,,627.5,2,0,1,1,2,2,1,size-based,627.5,.1593625498007968,,,,,.5
ILOILO,fresh fish,SAN DIONISIO,pieces or units,337.5,3,g,0,3,3,0,this part of the cut came back empty,,,,,,,,,size-based,,,,,,,
ILOILO,"ice cream, sorbet, edible ice (eg., ice-lolli, halo-halo)",SAN DIONISIO,pieces or units,30,1,g,0,2,2,1,,45,2,0,0,0,1,2,0,size-based,45,.6666666666666666,,,,,0
ILOILO,"ice cream, sorbet, edible ice (eg., ice-lolli, halo-halo)",SAN DIONISIO,pieces or units,100,2,g,0,2,2,1,,57.5,2,0,0,0,2,2,0,size-based,57.5,1.739130434782609,,,,,0
ILOILO,"liquor (e.g, whisky, coconut wine)",SAN DIONISIO,lipid/lapad,75,1,mL,0,3,3,1,,375,3,0,0,0,1,2,1,size-based,375,.2,,,,,0
ILOILO,"liquor (e.g, whisky, coconut wine)",SAN DIONISIO,lipid/lapad,130,2,mL,0,3,3,1,,750,4,0,0,0,2,2,1,size-based,750,.1733333333333333,,,,,0
ILOILO,"liquor (e.g, whisky, coconut wine)",SAN DIONISIO,lipid/lapad,225,3,mL,0,3,3,0,this part of the cut came back empty,,,,,,,,,size-based,,,,,,,
ILOILO,loaf bread,SAN DIONISIO,medium packs,64.5,1,g,0,2,2,1,,475,5,0,0,0,1,2,0,size-based,475,.1357894736842105,,,,,0
ILOILO,loaf bread,SAN DIONISIO,medium packs,140,2,g,0,2,2,1,,667.5,4,0,0,0,2,2,0,size-based,667.5,.2097378277153558,,,,,0
ILOILO,loaf bread,SAN DIONISIO,tama-tama nga putos,48.5,1,g,0,2,2,1,,450,1,0,0,0,1,1,1,size-based,450,.1077777777777778,,,,,0
ILOILO,loaf bread,SAN DIONISIO,tama-tama nga putos,110,2,g,0,2,2,0,this part of the cut came back empty,,,,,,,,,size-based,,,,,,,
ILOILO,mango,SAN DIONISIO,pieces or units,80,1,g,0,1,1,1,,220,4,0,0,0,1,1,0,size-based,220,.3636363636363636,,,,,0
ILOILO,"prawns, lobster, shrimp",SAN DIONISIO,tumpok,60,1,g,0,1,1,1,,775,3,2,2,3,1,1,0,size-based,775,.0774193548387097,,,,,1
ILOILO,"preserved or processed meat (tocino, tapa, longaniza, etc)",SAN DIONISIO,cans,105,1,g,0,1,1,1,,265,4,1,1,1,1,1,0,size-based,265,.3962264150943396,,,,,.25
ILOILO,"preserved or processed meat (tocino, tapa, longaniza, etc)",SAN DIONISIO,cans,48,,g,0,1,1,0,"unique price, no weighing behind it",,,,,,,,,size-based,,,,,,,
ILOILO,"preserved or processed meat (tocino, tapa, longaniza, etc)",SAN DIONISIO,putos,50,1,g,0,3,3,1,,250,1,0,0,0,1,1,2,size-based,250,.2,,,,,0
ILOILO,"preserved or processed meat (tocino, tapa, longaniza, etc)",SAN DIONISIO,putos,90,2,g,0,3,3,0,this part of the cut came back empty,,,,,,,,,size-based,,,,,,,
ILOILO,"preserved or processed meat (tocino, tapa, longaniza, etc)",SAN DIONISIO,putos,160,3,g,0,3,3,0,this part of the cut came back empty,,,,,,,,,size-based,,,,,,,
ILOILO,cabbage,SAN ENRIQUE,pieces or units,31.25,1,g,0,2,2,1,,685,7,0,0,0,1,2,0,size-based,685,.0456204379562044,,,,,0
ILOILO,cabbage,SAN ENRIQUE,pieces or units,82,2,g,0,2,2,1,,972.5,6,0,1,1,2,2,0,size-based,972.5,.0843187660668381,,,,,.1666666666666667
ILOILO,cabbage,SAN ENRIQUE,small packs,20,1,g,0,1,1,1,,100,2,0,2,2,1,1,0,size-based,100,.2,,,,,1
ILOILO,camote,SAN ENRIQUE,bilog,30,1,g,0,1,1,1,,112.5,8,2,4,4,1,1,0,size-based,112.5,.2666666666666667,,,,,.5
ILOILO,camote tops,SAN ENRIQUE,bugkos,20,1,g,0,1,1,1,,235,5,0,0,0,1,1,0,size-based,235,.0851063829787234,,,,,0
ILOILO,camote tops,SAN ENRIQUE,bundle,20,1,g,0,1,1,1,,730,3,1,2,3,1,1,0,size-based,730,.0273972602739726,,,,,1
ILOILO,carrot,SAN ENRIQUE,pieces or units,45,1,g,0,1,1,1,,170,9,0,2,2,1,1,0,size-based,170,.2647058823529412,,,,,.2222222222222222
ILOILO,chicken,SAN ENRIQUE,whole (chicken),180,1,g,0,3,3,1,,902.5,2,0,0,0,1,3,0,size-based,902.5,.1994459833795014,,,,,0
ILOILO,chicken,SAN ENRIQUE,whole (chicken),240,2,g,0,3,3,1,,1050,1,0,0,0,2,3,0,size-based,1050,.2285714285714286,,,,,0
ILOILO,chicken,SAN ENRIQUE,whole (chicken),280,3,g,0,3,3,1,,1060,1,0,0,0,3,3,0,size-based,1060,.2641509433962264,,,,,0
ILOILO,"crackers, cookies, buiscuits, chips/curls",SAN ENRIQUE,pieces or units,43,1,g,0,2,2,1,,26,5,0,0,0,1,2,0,size-based,26,1.653846153846154,,,,,0
ILOILO,"crackers, cookies, buiscuits, chips/curls",SAN ENRIQUE,pieces or units,89.75,2,g,0,2,2,1,,81.5,2,0,2,2,2,2,0,size-based,81.5,1.101226993865031,,,,,1
ILOILO,"crackers, cookies, buiscuits, chips/curls",SAN ENRIQUE,putos,67.5,1,g,0,2,2,1,,290,4,0,4,4,1,2,0,size-based,290,.2327586206896552,,,,,1
ILOILO,"crackers, cookies, buiscuits, chips/curls",SAN ENRIQUE,putos,115,2,g,0,2,2,1,,320,3,0,3,3,2,2,0,size-based,320,.359375,,,,,1
ILOILO,"drinks at restaurant, hotel, cafe, or kiosk",SAN ENRIQUE,pieces,225,1,g,0,1,1,1,,405,1,0,0,0,1,1,0,size-based,405,.5555555555555556,,,,,0
ILOILO,fresh fish,SAN ENRIQUE,pack,300,1,g,0,1,1,1,,630,1,1,1,1,1,1,0,size-based,630,.4761904761904762,,,,,1
ILOILO,fresh fish,SAN ENRIQUE,pack,150,,g,0,1,1,0,"unique price, no weighing behind it",,,,,,,,,size-based,,,,,,,
ILOILO,fresh fish,SAN ENRIQUE,pack,400,,g,0,1,1,0,"unique price, no weighing behind it",,,,,,,,,size-based,,,,,,,
ILOILO,fresh fish,SAN ENRIQUE,pieces or units,103.3333333333333,1,g,0,2,2,1,,322.5,2,0,0,0,1,2,0,size-based,322.5,.3204134366925064,,,,,0
ILOILO,fresh fish,SAN ENRIQUE,pieces or units,150,2,g,0,2,2,1,,425,1,0,0,0,2,2,0,size-based,425,.3529411764705883,,,,,0
ILOILO,fresh fish,SAN ENRIQUE,pieces or units,20,,g,0,2,2,0,"unique price, no weighing behind it",,,,,,,,,size-based,,,,,,,
ILOILO,"ice cream, sorbet, edible ice (eg., ice-lolli, halo-halo)",SAN ENRIQUE,pieces or units,29,1,g,0,3,3,1,,70,1,0,0,0,1,1,2,size-based,70,.4142857142857143,,,,,0
ILOILO,"ice cream, sorbet, edible ice (eg., ice-lolli, halo-halo)",SAN ENRIQUE,pieces or units,50,2,g,0,3,3,0,this part of the cut came back empty,,,,,,,,,size-based,,,,,,,
ILOILO,"ice cream, sorbet, edible ice (eg., ice-lolli, halo-halo)",SAN ENRIQUE,pieces or units,99.5,3,g,0,3,3,0,this part of the cut came back empty,,,,,,,,,size-based,,,,,,,
ILOILO,"ice cream, sorbet, edible ice (eg., ice-lolli, halo-halo)",SAN ENRIQUE,putos,56,1,g,0,1,1,1,,57.5,2,0,0,0,1,1,0,size-based,57.5,.9739130434782609,,,,,0
ILOILO,"ice cream, sorbet, edible ice (eg., ice-lolli, halo-halo)",SAN ENRIQUE,small cup,30,1,g,0,1,1,1,,66.5,2,0,1,1,1,1,0,size-based,66.5,.4511278195488722,,,,,.5
ILOILO,"liquor (e.g, whisky, coconut wine)",SAN ENRIQUE,lipid/lapad,80,1,mL,0,3,3,1,,375,8,0,0,0,1,1,2,size-based,375,.2133333333333333,,,,,0
ILOILO,"liquor (e.g, whisky, coconut wine)",SAN ENRIQUE,lipid/lapad,215,3,mL,0,3,3,0,this part of the cut came back empty,,,,,,,,,size-based,,,,,,,
ILOILO,"liquor (e.g, whisky, coconut wine)",SAN ENRIQUE,lipid/lapad,150,2,mL,0,3,3,0,this part of the cut came back empty,,,,,,,,,size-based,,,,,,,
ILOILO,"liquor (e.g, whisky, coconut wine)",SAN ENRIQUE,long-neck,180,1,mL,0,1,1,1,,750,6,0,0,0,1,1,0,size-based,750,.24,,,,,0
ILOILO,"liquor (e.g, whisky, coconut wine)",SAN ENRIQUE,long-neck,75,,mL,0,1,1,0,"unique price, no weighing behind it",,,,,,,,,size-based,,,,,,,
ILOILO,loaf bread,SAN ENRIQUE,large packs,90,1,g,0,1,1,1,,640,3,0,0,0,1,1,0,size-based,640,.140625,,,,,0
ILOILO,loaf bread,SAN ENRIQUE,medium packs,70,1,g,0,1,1,1,,450,3,0,0,0,1,1,0,size-based,450,.1555555555555556,,,,,0
ILOILO,loaf bread,SAN ENRIQUE,small packs,45,1,g,0,1,1,1,,410,2,0,0,0,1,1,0,size-based,410,.1097560975609756,,,,,0
ILOILO,"prawns, lobster, shrimp",SAN ENRIQUE,pieces or units,50,1,g,0,1,1,1,,140,1,0,1,1,1,1,0,size-based,140,.3571428571428572,,,,,1
ILOILO,"preserved or processed meat (tocino, tapa, longaniza, etc)",SAN ENRIQUE,putos,50,1,g,0,3,3,1,,200,4,0,0,0,1,1,2,size-based,200,.25,,,,,0
ILOILO,"preserved or processed meat (tocino, tapa, longaniza, etc)",SAN ENRIQUE,putos,132.5,3,g,0,3,3,0,this part of the cut came back empty,,,,,,,,,size-based,,,,,,,
ILOILO,"preserved or processed meat (tocino, tapa, longaniza, etc)",SAN ENRIQUE,putos,85,2,g,0,3,3,0,this part of the cut came back empty,,,,,,,,,size-based,,,,,,,
ILOILO,cabbage,SAN JOAQUIN,pack,10,,g,0,,1,1,,115,3,0,0,0,1,,,price-quantity,122.1945594031054,.0818367040958934,province_median,1,2024m1,1.06256138611396,0
ILOILO,cabbage,SAN JOAQUIN,pack,10,,g,0,,1,1,,115,3,0,0,0,1,,,price-quantity,124.5134505901331,.0803126084178446,province_median,1,2024m2,1.082725657305505,0
ILOILO,cabbage,SAN JOAQUIN,pack,10,,g,0,,1,1,,115,3,0,0,0,1,,,price-quantity,120.4775740419612,.0830029993508759,province_median,1,2024m6,1.047631078625749,0
ILOILO,cabbage,SAN JOAQUIN,pack,10,,g,0,,1,1,,115,3,0,0,0,1,,,price-quantity,124.9617756393607,.0800244710739384,province_median,1,2024m10,1.08662413599444,0
ILOILO,cabbage,SAN JOAQUIN,pieces or units,40,1,g,0,2,2,1,,457.5,6,0,0,0,1,2,0,size-based,457.5,.087431693989071,,,,,0
ILOILO,cabbage,SAN JOAQUIN,pieces or units,80,2,g,0,2,2,1,,575,5,0,0,0,2,2,0,size-based,575,.1391304347826087,,,,,0
ILOILO,camote,SAN JOAQUIN,bilog,30,1,g,0,1,1,1,,125,13,4,5,5,1,1,0,size-based,125,.24,,,,,.3846153846153846
ILOILO,camote tops,SAN JOAQUIN,bugkos,20,1,g,0,1,1,1,,110,10,0,0,0,1,1,0,size-based,110,.1818181818181818,,,,,0
ILOILO,carrot,SAN JOAQUIN,pieces or units,30,1,g,0,1,1,1,,155,13,0,1,1,1,1,0,size-based,155,.1935483870967742,,,,,.0769230769230769
ILOILO,chicken,SAN JOAQUIN,bilog,200,1,g,0,3,3,1,,917.5,2,0,0,0,1,3,0,size-based,917.5,.217983651226158,,,,,0
ILOILO,chicken,SAN JOAQUIN,bilog,250,2,g,0,3,3,1,,1275,3,0,0,0,2,3,0,size-based,1275,.196078431372549,,,,,0
ILOILO,chicken,SAN JOAQUIN,bilog,360,3,g,0,3,3,1,,1440,1,0,0,0,3,3,0,size-based,1440,.25,,,,,0
ILOILO,chicken,SAN JOAQUIN,pieces or units,225,1,g,0,3,3,1,,590,1,0,1,1,1,1,2,size-based,590,.3813559322033898,,,,,1
ILOILO,chicken,SAN JOAQUIN,pieces or units,325,3,g,0,3,3,0,this part of the cut came back empty,,,,,,,,,size-based,,,,,,,
ILOILO,chicken,SAN JOAQUIN,pieces or units,250,2,g,0,3,3,0,this part of the cut came back empty,,,,,,,,,size-based,,,,,,,
ILOILO,"crackers, cookies, buiscuits, chips/curls",SAN JOAQUIN,pieces or units,45.75,1,g,0,2,2,1,,28,5,0,0,0,1,2,0,size-based,28,1.633928571428571,,,,,0
ILOILO,"crackers, cookies, buiscuits, chips/curls",SAN JOAQUIN,pieces or units,126,2,g,0,2,2,1,,31.5,4,0,0,0,2,2,0,size-based,31.5,4,,,,,0
ILOILO,"crackers, cookies, buiscuits, chips/curls",SAN JOAQUIN,putos,62.25,1,g,0,2,2,1,,30,5,4,3,5,1,2,0,size-based,30,2.075,,,,,1
ILOILO,"crackers, cookies, buiscuits, chips/curls",SAN JOAQUIN,putos,101,2,g,0,2,2,1,,81.5,4,0,0,0,2,2,0,size-based,81.5,1.239263803680982,,,,,0
ILOILO,fresh fish,SAN JOAQUIN,pieces or units,100,1,g,0,1,1,1,,312.5,22,6,9,13,1,1,0,size-based,312.5,.32,,,,,.5909090909090909
ILOILO,"ice cream, sorbet, edible ice (eg., ice-lolli, halo-halo)",SAN JOAQUIN,pieces or units,40,1,mL,0,1,1,1,,110,3,0,0,0,1,1,0,size-based,110,.3636363636363636,,,,,0
ILOILO,"ice cream, sorbet, edible ice (eg., ice-lolli, halo-halo)",SAN JOAQUIN,putos,48,1,mL,0,1,1,1,,62.5,6,0,0,0,1,1,0,size-based,62.5,.768,,,,,0
ILOILO,"ice cream, sorbet, edible ice (eg., ice-lolli, halo-halo)",SAN JOAQUIN,putos,25,,mL,0,1,1,0,"unique price, no weighing behind it",,,,,,,,,size-based,,,,,,,
ILOILO,"ice cream, sorbet, edible ice (eg., ice-lolli, halo-halo)",SAN JOAQUIN,small cup,35,1,mL,0,1,1,1,,100,5,0,0,0,1,1,0,size-based,100,.35,,,,,0
ILOILO,"liquor (e.g, whisky, coconut wine)",SAN JOAQUIN,lipid/lapad,87.5,1,mL,0,2,2,1,,375,10,0,0,0,1,1,1,size-based,375,.2333333333333333,,,,,0
ILOILO,"liquor (e.g, whisky, coconut wine)",SAN JOAQUIN,lipid/lapad,217.5,2,mL,0,2,2,0,this part of the cut came back empty,,,,,,,,,size-based,,,,,,,
ILOILO,"liquor (e.g, whisky, coconut wine)",SAN JOAQUIN,long-neck,180,1,mL,0,1,1,1,,750,9,0,0,0,1,1,0,size-based,750,.24,,,,,0
ILOILO,loaf bread,SAN JOAQUIN,large packs,92.5,1,g,0,1,1,1,,640,6,0,0,0,1,1,0,size-based,640,.14453125,,,,,0
ILOILO,loaf bread,SAN JOAQUIN,large packs,170,,g,0,1,1,0,"unique price, no weighing behind it",,,,,,,,,size-based,,,,,,,
ILOILO,loaf bread,SAN JOAQUIN,medium packs,65,1,g,0,1,1,1,,450,6,0,0,0,1,1,0,size-based,450,.1444444444444444,,,,,0
ILOILO,loaf bread,SAN JOAQUIN,small packs,49,1,g,0,1,1,1,,360,1,0,0,0,1,1,0,size-based,360,.1361111111111111,,,,,0
ILOILO,loaf bread,SAN JOAQUIN,small packs,100,,g,0,1,1,0,"unique price, no weighing behind it",,,,,,,,,size-based,,,,,,,
ILOILO,mango,SAN JOAQUIN,pieces or units,20,1,g,0,3,3,1,,152.5,4,0,0,0,1,3,0,size-based,152.5,.1311475409836066,,,,,0
ILOILO,mango,SAN JOAQUIN,pieces or units,50,2,g,0,3,3,1,,215,3,0,0,0,2,3,0,size-based,215,.2325581395348837,,,,,0
ILOILO,mango,SAN JOAQUIN,pieces or units,100,3,g,0,3,3,1,,335,3,0,0,0,3,3,0,size-based,335,.2985074626865671,,,,,0
ILOILO,"preserved or processed meat (tocino, tapa, longaniza, etc)",SAN JOAQUIN,pack,90,1,g,0,1,1,1,,290,9,2,3,4,1,1,0,size-based,290,.3103448275862069,,,,,.4444444444444444
ILOILO,"preserved or processed meat (tocino, tapa, longaniza, etc)",SAN JOAQUIN,pack,475,,g,0,1,1,0,"unique price, no weighing behind it",,,,,,,,,size-based,,,,,,,
ILOILO,"preserved or processed meat (tocino, tapa, longaniza, etc)",SAN JOAQUIN,pieces or units,30,1,g,0,1,1,1,,250,5,4,1,4,1,1,0,size-based,250,.12,,,,,.8
ILOILO,"preserved or processed meat (tocino, tapa, longaniza, etc)",SAN JOAQUIN,pieces or units,175,,g,0,1,1,0,"unique price, no weighing behind it",,,,,,,,,size-based,,,,,,,
ILOILO,rice,SAN JOAQUIN,salmon,,,g,0,,1,1,,422.5,2,0,0,0,1,,,conventional,422.5,,,,,,0
ILOILO,cabbage,SAN MIGUEL,pieces or units,50,1,g,0,1,1,1,,667.5,24,0,3,3,1,1,0,size-based,667.5,.0749063670411985,,,,,.125
ILOILO,cabbage,SAN MIGUEL,pieces or units,200,,g,0,1,1,0,"unique price, no weighing behind it",,,,,,,,,size-based,,,,,,,
ILOILO,camote tops,SAN MIGUEL,bugkos,20,1,g,0,1,1,1,,195,7,0,1,1,1,1,0,size-based,195,.1025641025641026,,,,,.1428571428571428
ILOILO,carrot,SAN MIGUEL,pieces or units,30,1,g,0,1,1,1,,160,25,1,4,4,1,1,0,size-based,160,.1875,,,,,.16
ILOILO,chicken,SAN MIGUEL,whole (chicken),200,1,g,0,3,3,1,,715,3,0,0,0,1,3,0,size-based,715,.2797202797202797,,,,,0
ILOILO,chicken,SAN MIGUEL,whole (chicken),320,2,g,0,3,3,1,,990,3,0,0,0,2,3,0,size-based,990,.3232323232323233,,,,,0
ILOILO,chicken,SAN MIGUEL,whole (chicken),400,3,g,0,3,3,1,,1310,2,0,0,0,3,3,0,size-based,1310,.3053435114503817,,,,,0
ILOILO,"crackers, cookies, buiscuits, chips/curls",SAN MIGUEL,pieces or units,48,1,g,0,3,3,1,,29,6,0,0,0,1,3,0,size-based,29,1.655172413793103,,,,,0
ILOILO,"crackers, cookies, buiscuits, chips/curls",SAN MIGUEL,pieces or units,70,2,g,0,3,3,1,,38,1,0,0,0,2,3,0,size-based,38,1.842105263157895,,,,,0
ILOILO,"crackers, cookies, buiscuits, chips/curls",SAN MIGUEL,pieces or units,96,3,g,0,3,3,1,,120,3,2,3,3,3,3,0,size-based,120,.8,,,,,1
ILOILO,"crackers, cookies, buiscuits, chips/curls",SAN MIGUEL,putos,118,1,g,0,3,3,1,,300,6,0,4,4,1,2,1,size-based,300,.3933333333333333,,,,,.6666666666666666
ILOILO,"crackers, cookies, buiscuits, chips/curls",SAN MIGUEL,putos,242.5,3,g,0,3,3,1,,320,2,0,2,2,3,2,1,size-based,320,.7578125,,,,,1
ILOILO,"crackers, cookies, buiscuits, chips/curls",SAN MIGUEL,putos,150,2,g,0,3,3,0,this part of the cut came back empty,,,,,,,,,size-based,,,,,,,
ILOILO,fresh fish,SAN MIGUEL,pieces or units,100,1,g,0,1,1,1,,620,8,0,4,4,1,1,0,size-based,620,.1612903225806452,,,,,.5
ILOILO,fresh fish,SAN MIGUEL,pieces or units,480,,g,0,1,1,0,"unique price, no weighing behind it",,,,,,,,,size-based,,,,,,,
ILOILO,"ice cream, sorbet, edible ice (eg., ice-lolli, halo-halo)",SAN MIGUEL,pieces or units,60,1,g,0,1,1,1,,52.5,8,0,2,2,1,1,0,size-based,52.5,1.142857142857143,,,,,.25
ILOILO,"liquor (e.g, whisky, coconut wine)",SAN MIGUEL,lipid/lapad,76.25,1,mL,0,3,3,1,,375,9,0,0,0,1,1,2,size-based,375,.2033333333333333,,,,,0
ILOILO,"liquor (e.g, whisky, coconut wine)",SAN MIGUEL,lipid/lapad,315,3,mL,0,3,3,0,this part of the cut came back empty,,,,,,,,,size-based,,,,,,,
ILOILO,"liquor (e.g, whisky, coconut wine)",SAN MIGUEL,lipid/lapad,198,2,mL,0,3,3,0,this part of the cut came back empty,,,,,,,,,size-based,,,,,,,
ILOILO,loaf bread,SAN MIGUEL,large packs,170,1,g,0,1,1,1,,640,8,0,0,0,1,1,0,size-based,640,.265625,,,,,0
ILOILO,loaf bread,SAN MIGUEL,small packs,50.5,1,g,0,2,2,1,,420,5,0,0,0,1,1,1,size-based,420,.1202380952380952,,,,,0
ILOILO,loaf bread,SAN MIGUEL,small packs,195,2,g,0,2,2,0,this part of the cut came back empty,,,,,,,,,size-based,,,,,,,
ILOILO,loaf bread,SAN MIGUEL,tama-tama nga putos,92.5,1,g,0,2,2,1,,450,5,0,0,0,1,2,0,size-based,450,.2055555555555555,,,,,0
ILOILO,loaf bread,SAN MIGUEL,tama-tama nga putos,150,2,g,0,2,2,1,,500,1,0,0,0,2,2,0,size-based,500,.3,,,,,0
ILOILO,"preserved or processed meat (tocino, tapa, longaniza, etc)",SAN MIGUEL,bilog,50,1,g,0,1,1,1,,637.5,2,1,2,2,1,1,0,size-based,637.5,.0784313725490196,,,,,1
ILOILO,"preserved or processed meat (tocino, tapa, longaniza, etc)",SAN MIGUEL,putos,150,1,g,0,3,3,1,,225,3,0,0,0,1,2,1,size-based,225,.6666666666666666,,,,,0
ILOILO,"preserved or processed meat (tocino, tapa, longaniza, etc)",SAN MIGUEL,putos,290,3,g,0,3,3,1,,330,1,0,0,0,3,2,1,size-based,330,.8787878787878788,,,,,0
ILOILO,"preserved or processed meat (tocino, tapa, longaniza, etc)",SAN MIGUEL,putos,180,2,g,0,3,3,0,this part of the cut came back empty,,,,,,,,,size-based,,,,,,,
ILOILO,cabbage,SAN RAFAEL,pack,10,,g,0,,1,1,,95,3,0,0,0,1,,,price-quantity,101.1081706394626,.0989039751857303,province_median,1,2023m12,1.064296533046975,0
ILOILO,cabbage,SAN RAFAEL,pack,10,,g,0,,1,1,,95,3,0,0,0,1,,,price-quantity,99.52495246944616,.1004773150036918,province_median,1,2024m6,1.047631078625749,0
ILOILO,cabbage,SAN RAFAEL,pack,10,,g,0,,1,1,,95,3,0,0,0,1,,,price-quantity,94.92763176269669,.1053434054375057,province_median,1,2024m12,.9992382290810178,0
ILOILO,cabbage,SAN RAFAEL,pieces or units,50,1,g,0,1,1,1,,660,9,0,1,1,1,1,0,size-based,660,.0757575757575758,,,,,.1111111111111111
ILOILO,camote,SAN RAFAEL,bilog,45,1,g,0,1,1,1,,135,9,1,3,3,1,1,0,size-based,135,.3333333333333333,,,,,.3333333333333333
ILOILO,camote tops,SAN RAFAEL,bugkos,30,1,g,0,1,1,1,,205,3,0,0,0,1,1,0,size-based,205,.1463414634146341,,,,,0
ILOILO,carrot,SAN RAFAEL,pieces or units,40,1,g,0,1,1,1,,145,9,0,2,2,1,1,0,size-based,145,.2758620689655172,,,,,.2222222222222222
ILOILO,chicken,SAN RAFAEL,bilog,200,1,g,0,3,3,1,,185,1,0,0,0,1,2,1,size-based,185,1.081081081081081,,,,,0
ILOILO,chicken,SAN RAFAEL,bilog,280,2,g,0,3,3,1,,205,2,0,0,0,2,2,1,size-based,205,1.365853658536585,,,,,0
ILOILO,chicken,SAN RAFAEL,bilog,600,3,g,0,3,3,0,this part of the cut came back empty,,,,,,,,,size-based,,,,,,,
ILOILO,chicken,SAN RAFAEL,whole (chicken),245,1,g,0,3,3,1,,970,3,0,0,0,1,3,0,size-based,970,.2525773195876289,,,,,0
ILOILO,chicken,SAN RAFAEL,whole (chicken),300,2,g,0,3,3,1,,1245,4,0,0,0,2,3,0,size-based,1245,.2409638554216867,,,,,0
ILOILO,chicken,SAN RAFAEL,whole (chicken),502.5,3,g,0,3,3,1,,1460,2,0,0,0,3,3,0,size-based,1460,.3441780821917808,,,,,0
ILOILO,"crackers, cookies, buiscuits, chips/curls",SAN RAFAEL,pieces or units,60,1,g,0,2,2,1,,32,7,0,0,0,1,2,0,size-based,32,1.875,,,,,0
ILOILO,"crackers, cookies, buiscuits, chips/curls",SAN RAFAEL,pieces or units,119,2,g,0,2,2,1,,41.5,4,0,0,0,2,2,0,size-based,41.5,2.867469879518072,,,,,0
ILOILO,"crackers, cookies, buiscuits, chips/curls",SAN RAFAEL,putos,55.625,1,g,0,2,2,1,,25,1,1,0,1,1,2,0,size-based,25,2.225,,,,,1
ILOILO,"crackers, cookies, buiscuits, chips/curls",SAN RAFAEL,putos,117.5,2,g,0,2,2,1,,55,1,0,0,0,2,2,0,size-based,55,2.136363636363636,,,,,0
ILOILO,fresh fish,SAN RAFAEL,pieces or units,100,1,g,0,2,2,1,,490,5,0,0,0,1,2,0,size-based,490,.2040816326530612,,,,,0
ILOILO,fresh fish,SAN RAFAEL,pieces or units,160,2,g,0,2,2,1,,597.5,4,0,0,0,2,2,0,size-based,597.5,.2677824267782427,,,,,0
ILOILO,"ice cream, sorbet, edible ice (eg., ice-lolli, halo-halo)",SAN RAFAEL,cone,32.5,1,g,0,1,1,1,,104,7,0,2,2,1,1,0,size-based,104,.3125,,,,,.2857142857142857
ILOILO,"ice cream, sorbet, edible ice (eg., ice-lolli, halo-halo)",SAN RAFAEL,cone,10,,g,0,1,1,0,"unique price, no weighing behind it",,,,,,,,,size-based,,,,,,,
ILOILO,"ice cream, sorbet, edible ice (eg., ice-lolli, halo-halo)",SAN RAFAEL,pieces or units,24.5,1,g,0,2,2,1,,43,1,0,0,0,1,1,1,size-based,43,.5697674418604651,,,,,0
ILOILO,"ice cream, sorbet, edible ice (eg., ice-lolli, halo-halo)",SAN RAFAEL,pieces or units,57.5,2,g,0,2,2,0,this part of the cut came back empty,,,,,,,,,size-based,,,,,,,
ILOILO,"ice cream, sorbet, edible ice (eg., ice-lolli, halo-halo)",SAN RAFAEL,putos,48,1,g,0,1,1,1,,270,3,0,0,0,1,1,0,size-based,270,.1777777777777778,,,,,0
ILOILO,"ice cream, sorbet, edible ice (eg., ice-lolli, halo-halo)",SAN RAFAEL,putos,20,,g,0,1,1,0,"unique price, no weighing behind it",,,,,,,,,size-based,,,,,,,
ILOILO,"ice cream, sorbet, edible ice (eg., ice-lolli, halo-halo)",SAN RAFAEL,putos,48,1,mL,0,1,1,1,,80,1,0,0,0,1,1,0,size-based,80,.6,,,,,0
ILOILO,"ice cream, sorbet, edible ice (eg., ice-lolli, halo-halo)",SAN RAFAEL,putos,20,,mL,0,1,1,0,"unique price, no weighing behind it",,,,,,,,,size-based,,,,,,,
ILOILO,"ice cream, sorbet, edible ice (eg., ice-lolli, halo-halo)",SAN RAFAEL,small cup,40,1,g,0,1,1,1,,32,1,0,1,1,1,1,0,size-based,32,1.25,,,,,1
ILOILO,"liquor (e.g, whisky, coconut wine)",SAN RAFAEL,lipid/lapad,80,1,mL,0,3,3,1,,375,2,0,0,0,1,2,1,size-based,375,.2133333333333333,,,,,0
ILOILO,"liquor (e.g, whisky, coconut wine)",SAN RAFAEL,lipid/lapad,160,2,mL,0,3,3,1,,680,3,0,0,0,2,2,1,size-based,680,.2352941176470588,,,,,0
ILOILO,"liquor (e.g, whisky, coconut wine)",SAN RAFAEL,lipid/lapad,225,3,mL,0,3,3,0,this part of the cut came back empty,,,,,,,,,size-based,,,,,,,
ILOILO,loaf bread,SAN RAFAEL,large packs,84.16666666666667,1,g,0,2,2,1,,675,3,0,0,0,1,1,1,size-based,675,.1246913580246914,,,,,0
ILOILO,loaf bread,SAN RAFAEL,large packs,595,,g,0,2,2,0,"unique price, no weighing behind it",,,,,,,,,size-based,,,,,,,
ILOILO,loaf bread,SAN RAFAEL,large packs,230,2,g,0,2,2,0,this part of the cut came back empty,,,,,,,,,size-based,,,,,,,
ILOILO,loaf bread,SAN RAFAEL,medium packs,66.5,1,g,0,1,1,1,,385,2,0,0,0,1,1,0,size-based,385,.1727272727272727,,,,,0
ILOILO,loaf bread,SAN RAFAEL,small packs,50,1,g,0,1,1,1,,345,6,0,0,0,1,1,0,size-based,345,.1449275362318841,,,,,0
ILOILO,"preserved or processed meat (tocino, tapa, longaniza, etc)",SAN RAFAEL,bilog,50,1,g,0,1,1,1,,205,3,0,0,0,1,1,0,size-based,205,.2439024390243902,,,,,0
ILOILO,cabbage,SANTA BARBARA,pieces or units,40,1,g,0,1,1,1,,657.5,26,0,1,1,1,1,0,size-based,657.5,.0608365019011407,,,,,.0384615384615385
ILOILO,camote,SANTA BARBARA,bilog,30,1,g,0,1,1,1,,150,24,5,7,10,1,1,0,size-based,150,.2,,,,,.4166666666666667
ILOILO,camote tops,SANTA BARBARA,bugkos,15,1,g,0,1,1,1,,175,9,0,0,0,1,1,0,size-based,175,.0857142857142857,,,,,0
ILOILO,carrot,SANTA BARBARA,pieces or units,25,1,g,0,1,1,1,,120,25,0,2,2,1,1,0,size-based,120,.2083333333333333,,,,,.08
ILOILO,chicken,SANTA BARBARA,whole (chicken),205,1,g,0,2,2,1,,870,9,0,0,0,1,2,0,size-based,870,.235632183908046,,,,,0
ILOILO,chicken,SANTA BARBARA,whole (chicken),250,2,g,0,2,2,1,,1120,6,0,0,0,2,2,0,size-based,1120,.2232142857142857,,,,,0
ILOILO,fresh fish,SANTA BARBARA,pieces or units,100,1,g,0,2,2,1,,290,12,0,0,0,1,2,0,size-based,290,.3448275862068966,,,,,0
ILOILO,fresh fish,SANTA BARBARA,pieces or units,150,2,g,0,2,2,1,,527.5,12,2,3,3,2,2,0,size-based,527.5,.2843601895734597,,,,,.25
ILOILO,"ice cream, sorbet, edible ice (eg., ice-lolli, halo-halo)",SANTA BARBARA,pieces or units,42,1,g,0,1,1,1,,55,8,0,2,2,1,1,0,size-based,55,.7636363636363637,,,,,.25
ILOILO,"ice cream, sorbet, edible ice (eg., ice-lolli, halo-halo)",SANTA BARBARA,putos,67.5,1,g,0,1,1,1,,550,5,0,0,0,1,1,0,size-based,550,.1227272727272727,,,,,0
ILOILO,"liquor (e.g, whisky, coconut wine)",SANTA BARBARA,lipid/lapad,77.5,1,mL,0,3,3,1,,375,7,0,1,1,1,2,1,size-based,375,.2066666666666667,,,,,.1428571428571428
ILOILO,"liquor (e.g, whisky, coconut wine)",SANTA BARBARA,lipid/lapad,192.5,3,mL,0,3,3,1,,850,1,0,1,1,3,2,1,size-based,850,.2264705882352941,,,,,1
ILOILO,"liquor (e.g, whisky, coconut wine)",SANTA BARBARA,lipid/lapad,140,2,mL,0,3,3,0,this part of the cut came back empty,,,,,,,,,size-based,,,,,,,
ILOILO,"liquor (e.g, whisky, coconut wine)",SANTA BARBARA,long-neck,180,1,mL,0,1,1,1,,750,8,0,0,0,1,1,0,size-based,750,.24,,,,,0
ILOILO,loaf bread,SANTA BARBARA,large packs,90,1,g,0,1,1,1,,665,9,0,0,0,1,1,0,size-based,665,.1353383458646616,,,,,0
ILOILO,loaf bread,SANTA BARBARA,medium packs,65,1,g,0,1,1,1,,480,9,0,0,0,1,1,0,size-based,480,.1354166666666667,,,,,0
ILOILO,loaf bread,SANTA BARBARA,small packs,50,1,g,0,1,1,1,,385,9,0,0,0,1,1,0,size-based,385,.1298701298701299,,,,,0
ILOILO,loaf bread,SANTA BARBARA,small packs,105,,g,0,1,1,0,"unique price, no weighing behind it",,,,,,,,,size-based,,,,,,,
ILOILO,mango,SANTA BARBARA,pieces or units,80,1,g,0,1,1,1,,225,25,0,0,0,1,1,0,size-based,225,.3555555555555556,,,,,0
ILOILO,mango,SANTA BARBARA,pieces or units,50,,g,0,1,1,0,"unique price, no weighing behind it",,,,,,,,,size-based,,,,,,,
ILOILO,"preserved or processed meat (tocino, tapa, longaniza, etc)",SANTA BARBARA,putos,45,1,g,0,3,3,1,,202.5,6,0,0,0,1,3,0,size-based,202.5,.2222222222222222,,,,,0
ILOILO,"preserved or processed meat (tocino, tapa, longaniza, etc)",SANTA BARBARA,putos,80,2,g,0,3,3,1,,235,5,0,0,0,2,3,0,size-based,235,.3404255319148936,,,,,0
ILOILO,"preserved or processed meat (tocino, tapa, longaniza, etc)",SANTA BARBARA,putos,130,3,g,0,3,3,1,,570,4,0,2,2,3,3,0,size-based,570,.2280701754385965,,,,,.5
ILOILO,cabbage,SARA,pieces or units,25,,g,0,,3,1,,250,5,1,3,3,1,,,price-quantity,270.6814143263762,.0923594996805213,mp25_price,1,2024m2,1.082725657305505,.6
ILOILO,cabbage,SARA,pieces or units,25,,g,0,,3,1,,250,5,1,3,3,1,,,price-quantity,255.0485952696889,.0980205359436109,mp25_price,1,2024m5,1.020194381078756,.6
ILOILO,cabbage,SARA,pieces or units,25,,g,0,,3,1,,250,5,1,3,3,1,,,price-quantity,261.9077696564373,.0954534492535073,mp25_price,1,2024m6,1.047631078625749,.6
ILOILO,cabbage,SARA,pieces or units,56,,g,0,,3,1,,555,5,0,0,0,2,,,price-quantity,600.9127398045551,.0931915672452107,mp50_price,1,2024m2,1.082725657305505,0
ILOILO,cabbage,SARA,pieces or units,56,,g,0,,3,1,,555,5,0,0,0,2,,,price-quantity,566.2078814987093,.0989036038349948,mp50_price,1,2024m5,1.020194381078756,0
ILOILO,cabbage,SARA,pieces or units,56,,g,0,,3,1,,555,5,0,0,0,2,,,price-quantity,581.4352486372908,.0963133902377731,mp50_price,1,2024m6,1.047631078625749,0
ILOILO,cabbage,SARA,pieces or units,80,,g,0,,3,1,,745,4,0,0,0,3,,,price-quantity,806.6306146926012,.0991779862341168,mp75_price,1,2024m2,1.082725657305505,0
ILOILO,cabbage,SARA,pieces or units,80,,g,0,,3,1,,745,4,0,0,0,3,,,price-quantity,760.044813903673,.1052569513488439,mp75_price,1,2024m5,1.020194381078756,0
ILOILO,cabbage,SARA,pieces or units,80,,g,0,,3,1,,745,4,0,0,0,3,,,price-quantity,780.4851535761832,.1025003481916856,mp75_price,1,2024m6,1.047631078625749,0
ILOILO,camote,SARA,bilog,30,1,g,0,1,1,1,,150,10,2,3,4,1,1,0,size-based,150,.2,,,,,.4
ILOILO,camote,SARA,bilog,150,,g,0,1,1,0,"unique price, no weighing behind it",,,,,,,,,size-based,,,,,,,
ILOILO,camote tops,SARA,bugkos,20,1,g,0,1,1,1,,237.5,6,0,1,1,1,1,0,size-based,237.5,.0842105263157895,,,,,.1666666666666667
ILOILO,carrot,SARA,pieces or units,20,,g,0,,1,1,,127.5,4,0,0,0,1,,,price-quantity,129.1088578708992,.1549080390750474,municipality_median,1,2024m2,1.012618493105092,0
ILOILO,carrot,SARA,pieces or units,20,,g,0,,1,1,,127.5,4,0,0,0,1,,,price-quantity,152.4266680694897,.1312106356013911,municipality_median,1,2024m5,1.19550327897639,0
ILOILO,carrot,SARA,pieces or units,20,,g,0,,1,1,,127.5,4,0,0,0,1,,,price-quantity,144.6568218860761,.1382582566050768,municipality_median,1,2024m6,1.134563308910401,0
ILOILO,chicken,SARA,whole (chicken),230,1,g,0,3,3,1,,1005,4,0,0,0,1,3,0,size-based,1005,.2288557213930348,,,,,0
ILOILO,chicken,SARA,whole (chicken),500,2,g,0,3,3,1,,1065,5,0,0,0,2,3,0,size-based,1065,.4694835680751174,,,,,0
ILOILO,chicken,SARA,whole (chicken),600,3,g,0,3,3,1,,1555,3,0,0,0,3,3,0,size-based,1555,.3858520900321543,,,,,0
ILOILO,"crackers, cookies, buiscuits, chips/curls",SARA,pieces or units,24,1,g,0,3,3,1,,18.5,6,0,3,3,1,3,0,size-based,18.5,1.297297297297297,,,,,.5
ILOILO,"crackers, cookies, buiscuits, chips/curls",SARA,pieces or units,45,2,g,0,3,3,1,,30,6,0,0,0,2,3,0,size-based,30,1.5,,,,,0
ILOILO,"crackers, cookies, buiscuits, chips/curls",SARA,pieces or units,80,3,g,0,3,3,1,,67.5,4,1,2,2,3,3,0,size-based,67.5,1.185185185185185,,,,,.5
ILOILO,"crackers, cookies, buiscuits, chips/curls",SARA,putos,65,1,g,0,2,2,1,,25,3,3,1,3,1,2,0,size-based,25,2.6,,,,,1
ILOILO,"crackers, cookies, buiscuits, chips/curls",SARA,putos,127.5,2,g,0,2,2,1,,60,3,0,0,0,2,2,0,size-based,60,2.125,,,,,0
ILOILO,fresh fish,SARA,pack,100,,g,0,,1,1,,530,7,7,7,7,1,,,price-quantity,563.363814412179,.177505188373416,province_median,1,2024m2,1.062950593230526,1
ILOILO,fresh fish,SARA,pack,100,,g,0,,1,1,,530,7,7,7,7,1,,,price-quantity,631.2425672260645,.1584177069037668,province_median,1,2024m5,1.191023711747291,1
ILOILO,fresh fish,SARA,pack,100,,g,0,,1,1,,530,7,7,7,7,1,,,price-quantity,641.9882695555816,.1557660859897414,province_median,1,2024m6,1.211298621802984,1
ILOILO,fresh fish,SARA,pieces or units,50,,g,0,,2,1,,165,7,0,0,0,1,,,price-quantity,175.3868478830369,.2850840904179105,mp50_price,1,2024m2,1.062950593230526,0
ILOILO,fresh fish,SARA,pieces or units,50,,g,0,,2,1,,165,7,0,0,0,1,,,price-quantity,196.5189124383031,.2544284383605951,mp50_price,1,2024m5,1.191023711747291,0
ILOILO,fresh fish,SARA,pieces or units,50,,g,0,,2,1,,165,7,0,0,0,1,,,price-quantity,199.8642725974924,.2501697744683725,mp50_price,1,2024m6,1.211298621802984,0
ILOILO,fresh fish,SARA,pieces or units,100,,g,0,,2,1,,405,7,0,0,0,2,,,price-quantity,430.4949902583631,.2322907403405197,mp75_price,1,2024m2,1.062950593230526,0
ILOILO,fresh fish,SARA,pieces or units,100,,g,0,,2,1,,405,7,0,0,0,2,,,price-quantity,482.3646032576531,.2073120608864109,mp75_price,1,2024m5,1.191023711747291,0
ILOILO,fresh fish,SARA,pieces or units,100,,g,0,,2,1,,405,7,0,0,0,2,,,price-quantity,490.5759418302086,.2038420384557109,mp75_price,1,2024m6,1.211298621802984,0
ILOILO,"ice cream, sorbet, edible ice (eg., ice-lolli, halo-halo)",SARA,pieces or units,28.75,1,g,0,2,2,1,,35,3,1,2,2,1,2,0,size-based,35,.8214285714285714,,,,,.6666666666666666
ILOILO,"ice cream, sorbet, edible ice (eg., ice-lolli, halo-halo)",SARA,pieces or units,71.25,2,g,0,2,2,1,,62.5,2,0,0,0,2,2,0,size-based,62.5,1.14,,,,,0
ILOILO,"ice cream, sorbet, edible ice (eg., ice-lolli, halo-halo)",SARA,pieces or units,28.75,1,mL,0,2,2,1,,600,1,0,0,0,1,1,1,size-based,600,.0479166666666667,,,,,0
ILOILO,"ice cream, sorbet, edible ice (eg., ice-lolli, halo-halo)",SARA,pieces or units,71.25,2,mL,0,2,2,0,this part of the cut came back empty,,,,,,,,,size-based,,,,,,,
ILOILO,"ice cream, sorbet, edible ice (eg., ice-lolli, halo-halo)",SARA,small cup,25,1,g,0,2,2,1,,140,4,0,0,0,1,2,0,size-based,140,.1785714285714286,,,,,0
ILOILO,"ice cream, sorbet, edible ice (eg., ice-lolli, halo-halo)",SARA,small cup,65,2,g,0,2,2,1,,425,1,0,1,1,2,2,0,size-based,425,.1529411764705882,,,,,1
ILOILO,"ice cream, sorbet, edible ice (eg., ice-lolli, halo-halo)",SARA,small cup,25,1,mL,0,2,2,1,,100,1,0,0,0,1,1,1,size-based,100,.25,,,,,0
ILOILO,"ice cream, sorbet, edible ice (eg., ice-lolli, halo-halo)",SARA,small cup,65,2,mL,0,2,2,0,this part of the cut came back empty,,,,,,,,,size-based,,,,,,,
ILOILO,"liquor (e.g, whisky, coconut wine)",SARA,lipid/lapad,77.5,1,mL,0,2,2,1,,375,6,0,1,1,1,1,1,size-based,375,.2066666666666667,,,,,.1666666666666667
ILOILO,"liquor (e.g, whisky, coconut wine)",SARA,lipid/lapad,150,2,mL,0,2,2,0,this part of the cut came back empty,,,,,,,,,size-based,,,,,,,
ILOILO,"liquor (e.g, whisky, coconut wine)",SARA,long-neck,180,1,mL,0,1,1,1,,750,4,0,0,0,1,1,0,size-based,750,.24,,,,,0
ILOILO,"liquor (e.g, whisky, coconut wine)",SARA,long-neck,130,,mL,0,1,1,0,"unique price, no weighing behind it",,,,,,,,,size-based,,,,,,,
ILOILO,loaf bread,SARA,large packs,76.25,1,g,0,2,2,1,,477.5,2,0,0,0,1,2,0,size-based,477.5,.1596858638743456,,,,,0
ILOILO,loaf bread,SARA,large packs,170,2,g,0,2,2,1,,720,2,0,0,0,2,2,0,size-based,720,.2361111111111111,,,,,0
ILOILO,loaf bread,SARA,medium packs,63.75,1,g,0,2,2,1,,450,1,0,0,0,1,1,1,size-based,450,.1416666666666667,,,,,0
ILOILO,loaf bread,SARA,medium packs,105,2,g,0,2,2,0,this part of the cut came back empty,,,,,,,,,size-based,,,,,,,
ILOILO,loaf bread,SARA,small packs,52.5,1,g,0,2,2,1,,357.5,2,0,0,0,1,2,0,size-based,357.5,.1468531468531468,,,,,0
ILOILO,loaf bread,SARA,small packs,120,2,g,0,2,2,1,,670,1,0,0,0,2,2,0,size-based,670,.1791044776119403,,,,,0
ILOILO,mango,SARA,pieces or units,80,1,g,0,1,1,1,,245,9,0,0,0,1,1,0,size-based,245,.3265306122448979,,,,,0
ILOILO,"prawns, lobster, shrimp",SARA,tumpok,60,1,g,0,1,1,1,,332.5,6,0,0,0,1,1,0,size-based,332.5,.1804511278195489,,,,,0
ILOILO,"prawns, lobster, shrimp",SARA,tumpok,100,,g,0,1,1,0,"unique price, no weighing behind it",,,,,,,,,size-based,,,,,,,
ILOILO,"preserved or processed meat (tocino, tapa, longaniza, etc)",SARA,bilog,45,1,g,0,1,1,1,,75,1,0,1,1,1,1,0,size-based,75,.6,,,,,1
ILOILO,"preserved or processed meat (tocino, tapa, longaniza, etc)",SARA,putos,47.5,1,g,0,2,2,1,,225,3,0,0,0,1,2,0,size-based,225,.2111111111111111,,,,,0
ILOILO,"preserved or processed meat (tocino, tapa, longaniza, etc)",SARA,putos,88.5,2,g,0,2,2,1,,245,2,0,0,0,2,2,0,size-based,245,.3612244897959184,,,,,0
ILOILO,rice,SARA,gantang,,,g,0,,1,1,,2245,5,0,0,0,1,,,conventional,2245,,,,,,0
ILOILO,cabbage,TIGBAUAN,pieces or units,30,,g,0,,1,1,,370,7,0,0,0,1,,,price-quantity,393.7897172273808,.0761827916971166,province_median,1,2023m12,1.064296533046975,0
ILOILO,cabbage,TIGBAUAN,pieces or units,30,,g,0,,1,1,,370,7,0,0,0,1,,,price-quantity,393.1477128621651,.0763071970623871,province_median,1,2024m1,1.06256138611396,0
ILOILO,cabbage,TIGBAUAN,pieces or units,30,,g,0,,1,1,,370,7,0,0,0,1,,,price-quantity,400.6084932030368,.0748860808220443,province_median,1,2024m2,1.082725657305505,0
ILOILO,cabbage,TIGBAUAN,pieces or units,30,,g,0,,1,1,,370,7,0,0,0,1,,,price-quantity,391.6994941746957,.0765893253531243,province_median,1,2024m4,1.058647281553232,0
ILOILO,cabbage,TIGBAUAN,pieces or units,30,,g,0,,1,1,,370,7,0,0,0,1,,,price-quantity,377.4719209991396,.0794761102245494,province_median,1,2024m5,1.020194381078756,0
ILOILO,cabbage,TIGBAUAN,pieces or units,30,,g,0,,1,1,,370,7,0,0,0,1,,,price-quantity,387.6234990915272,.0773946885839248,province_median,1,2024m6,1.047631078625749,0
ILOILO,cabbage,TIGBAUAN,putos (mix vegetable),10,,g,0,,1,1,,85,3,0,0,0,1,,,price-quantity,90.46520530899289,.1105397369722868,province_median,1,2023m12,1.064296533046975,0
ILOILO,cabbage,TIGBAUAN,putos (mix vegetable),10,,g,0,,1,1,,85,3,0,0,0,1,,,price-quantity,90.31771781968656,.1107202467179734,province_median,1,2024m1,1.06256138611396,0
ILOILO,cabbage,TIGBAUAN,putos (mix vegetable),10,,g,0,,1,1,,85,3,0,0,0,1,,,price-quantity,92.0316808709679,.1086582349182604,province_median,1,2024m2,1.082725657305505,0
ILOILO,cabbage,TIGBAUAN,putos (mix vegetable),10,,g,0,,1,1,,85,3,0,0,0,1,,,price-quantity,89.98501893202469,.1111296093359059,province_median,1,2024m4,1.058647281553232,0
ILOILO,cabbage,TIGBAUAN,putos (mix vegetable),10,,g,0,,1,1,,85,3,0,0,0,1,,,price-quantity,86.71652239169423,.1153182775807187,province_median,1,2024m5,1.020194381078756,0
ILOILO,cabbage,TIGBAUAN,putos (mix vegetable),10,,g,0,,1,1,,85,3,0,0,0,1,,,price-quantity,89.04864168318868,.1122981755923615,province_median,1,2024m6,1.047631078625749,0
ILOILO,camote,TIGBAUAN,bilog,7.142857074737549,,g,0,,1,1,,120,5,0,0,0,1,,,price-quantity,127.2297874705919,.0561413896599376,province_median,1,2023m12,1.060248228921599,0
ILOILO,camote,TIGBAUAN,bilog,7.142857074737549,,g,0,,1,1,,120,5,0,0,0,1,,,price-quantity,131.6102570180241,.0542727993742869,province_median,1,2024m1,1.096752141816867,0
ILOILO,camote,TIGBAUAN,bilog,7.142857074737549,,g,0,,1,1,,120,5,0,0,0,1,,,price-quantity,135.9609190770808,.0525361046631939,province_median,1,2024m2,1.133007658975673,0
ILOILO,camote,TIGBAUAN,bilog,7.142857074737549,,g,0,,1,1,,120,5,0,0,0,1,,,price-quantity,136.6525743399161,.0522701976837265,province_median,1,2024m4,1.138771452832634,0
ILOILO,camote,TIGBAUAN,bilog,7.142857074737549,,g,0,,1,1,,120,5,0,0,0,1,,,price-quantity,136.3464283099882,.052387562793343,province_median,1,2024m5,1.136220235916568,0
ILOILO,camote,TIGBAUAN,bilog,7.142857074737549,,g,0,,1,1,,120,5,0,0,0,1,,,price-quantity,131.9760994279746,.0541223532571193,province_median,1,2024m6,1.099800828566455,0
ILOILO,camote,TIGBAUAN,small packs,10,,g,0,,1,1,,175,6,0,0,0,1,,,price-quantity,185.5434400612799,.0538957345875299,province_median,1,2023m12,1.060248228921599,0
ILOILO,camote,TIGBAUAN,small packs,10,,g,0,,1,1,,175,6,0,0,0,1,,,price-quantity,191.9316248179518,.0521018878961977,province_median,1,2024m1,1.096752141816867,0
ILOILO,camote,TIGBAUAN,small packs,10,,g,0,,1,1,,175,6,0,0,0,1,,,price-quantity,198.2763403207428,.0504346609576485,province_median,1,2024m2,1.133007658975673,0
ILOILO,camote,TIGBAUAN,small packs,10,,g,0,,1,1,,175,6,0,0,0,1,,,price-quantity,199.285004245711,.0501793902549254,province_median,1,2024m4,1.138771452832634,0
ILOILO,camote,TIGBAUAN,small packs,10,,g,0,,1,1,,175,6,0,0,0,1,,,price-quantity,198.8385412853995,.0502920607612318,province_median,1,2024m5,1.136220235916568,0
ILOILO,camote,TIGBAUAN,small packs,10,,g,0,,1,1,,175,6,0,0,0,1,,,price-quantity,192.4651449991296,.0519574596223395,province_median,1,2024m6,1.099800828566455,0
ILOILO,camote tops,TIGBAUAN,bugkos,10,,g,0,,1,1,,145,9,0,1,1,1,,,price-quantity,154.3229972918114,.0647991561561681,municipality_median,1,2023m12,1.064296533046975,.1111111111111111
ILOILO,camote tops,TIGBAUAN,bugkos,10,,g,0,,1,1,,145,9,0,1,1,1,,,price-quantity,154.0714009865241,.0649049722139844,municipality_median,1,2024m1,1.06256138611396,.1111111111111111
ILOILO,camote tops,TIGBAUAN,bugkos,10,,g,0,,1,1,,145,9,0,1,1,1,,,price-quantity,156.9952203092982,.0636962066762216,municipality_median,1,2024m2,1.082725657305505,.1111111111111111
ILOILO,camote tops,TIGBAUAN,bugkos,10,,g,0,,1,1,,145,9,0,1,1,1,,,price-quantity,153.5038558252186,.0651449434038069,municipality_median,1,2024m4,1.058647281553232,.1111111111111111
ILOILO,camote tops,TIGBAUAN,bugkos,10,,g,0,,1,1,,145,9,0,1,1,1,,,price-quantity,147.9281852564196,.0676003696162834,municipality_median,1,2024m5,1.020194381078756,.1111111111111111
ILOILO,camote tops,TIGBAUAN,bugkos,10,,g,0,,1,1,,145,9,0,1,1,1,,,price-quantity,151.9065064007336,.0658299650024188,municipality_median,1,2024m6,1.047631078625749,.1111111111111111
ILOILO,camote tops,TIGBAUAN,bundle,15,,g,0,,1,1,,192.5,8,0,1,1,1,,,price-quantity,204.8770826115427,.0732146309816445,municipality_median,1,2023m12,1.064296533046975,.125
ILOILO,camote tops,TIGBAUAN,bundle,15,,g,0,,1,1,,192.5,8,0,1,1,1,,,price-quantity,204.5430668269372,.0733341893846318,municipality_median,1,2024m1,1.06256138611396,.125
ILOILO,camote tops,TIGBAUAN,bundle,15,,g,0,,1,1,,192.5,8,0,1,1,1,,,price-quantity,208.4246890313097,.0719684413094971,municipality_median,1,2024m2,1.082725657305505,.125
ILOILO,camote tops,TIGBAUAN,bundle,15,,g,0,,1,1,,192.5,8,0,1,1,1,,,price-quantity,203.7896016989971,.0736053256640416,municipality_median,1,2024m4,1.058647281553232,.125
ILOILO,camote tops,TIGBAUAN,bundle,15,,g,0,,1,1,,192.5,8,0,1,1,1,,,price-quantity,196.3874183576604,.0763796383976189,municipality_median,1,2024m5,1.020194381078756,.125
ILOILO,camote tops,TIGBAUAN,bundle,15,,g,0,,1,1,,192.5,8,0,1,1,1,,,price-quantity,201.6689826354567,.074379311106629,municipality_median,1,2024m6,1.047631078625749,.125
ILOILO,carrot,TIGBAUAN,pieces or units,20,,g,0,,1,1,,122.5,4,0,0,0,1,,,price-quantity,107.3353114852463,.1863319696309735,province_median,1,2023m12,.8762066243693578,0
ILOILO,carrot,TIGBAUAN,pieces or units,20,,g,0,,1,1,,122.5,4,0,0,0,1,,,price-quantity,116.2448589339774,.1720506195578011,province_median,1,2024m1,.9489376239508358,0
ILOILO,carrot,TIGBAUAN,pieces or units,20,,g,0,,1,1,,122.5,4,0,0,0,1,,,price-quantity,124.0457654053738,.1612308161801513,province_median,1,2024m2,1.012618493105092,0
ILOILO,carrot,TIGBAUAN,pieces or units,20,,g,0,,1,1,,122.5,4,0,0,0,1,,,price-quantity,148.4043102154897,.1347669752378425,province_median,1,2024m4,1.21146375686114,0
ILOILO,carrot,TIGBAUAN,pieces or units,20,,g,0,,1,1,,122.5,4,0,0,0,1,,,price-quantity,146.4491516746077,.1365661717483866,province_median,1,2024m5,1.19550327897639,0
ILOILO,carrot,TIGBAUAN,pieces or units,20,,g,0,,1,1,,122.5,4,0,0,0,1,,,price-quantity,138.9840053415241,.1439014507522228,province_median,1,2024m6,1.134563308910401,0
ILOILO,carrot,TIGBAUAN,pieces or units,35,1,g,0,1,1,1,,110,9,0,1,1,1,1,0,size-based,110,.3181818181818182,,,,,.1111111111111111
ILOILO,carrot,TIGBAUAN,putos (mix vegetable),10,,g,0,,1,1,,85,3,0,3,3,1,,,price-quantity,74.47756307139541,.1342686251752603,province_median,1,2023m12,.8762066243693578,1
ILOILO,carrot,TIGBAUAN,putos (mix vegetable),10,,g,0,,1,1,,85,3,0,3,3,1,,,price-quantity,80.65969803582104,.1239776523284155,province_median,1,2024m1,.9489376239508358,1
ILOILO,carrot,TIGBAUAN,putos (mix vegetable),10,,g,0,,1,1,,85,3,0,3,3,1,,,price-quantity,86.07257191393283,.1161810293062855,province_median,1,2024m2,1.012618493105092,1
ILOILO,carrot,TIGBAUAN,putos (mix vegetable),10,,g,0,,1,1,,85,3,0,3,3,1,,,price-quantity,102.9744193331969,.097111496862563,province_median,1,2024m4,1.21146375686114,1
ILOILO,carrot,TIGBAUAN,putos (mix vegetable),10,,g,0,,1,1,,85,3,0,3,3,1,,,price-quantity,101.6177787129931,.0984079767010433,province_median,1,2024m5,1.19550327897639,1
ILOILO,carrot,TIGBAUAN,putos (mix vegetable),10,,g,0,,1,1,,85,3,0,3,3,1,,,price-quantity,96.43788125738409,.1036936924538076,province_median,1,2024m6,1.134563308910401,1
ILOILO,chicken,TIGBAUAN,bilog,197.5,1,g,0,3,3,1,,810,3,0,0,0,1,3,0,size-based,810,.2438271604938272,,,,,0
ILOILO,chicken,TIGBAUAN,bilog,250,2,g,0,3,3,1,,1150,3,0,0,0,2,3,0,size-based,1150,.2173913043478261,,,,,0
ILOILO,chicken,TIGBAUAN,bilog,350,3,g,0,3,3,1,,1385,2,0,0,0,3,3,0,size-based,1385,.2527075812274368,,,,,0
ILOILO,chicken,TIGBAUAN,pieces or units,100,,g,0,,1,1,,670,4,1,3,3,1,,,price-quantity,691.5487837062118,.1446029583973394,province_median,1,2023m12,1.032162363740615,.75
ILOILO,chicken,TIGBAUAN,pieces or units,100,,g,0,,1,1,,670,4,1,3,3,1,,,price-quantity,701.1233079411038,.1426282636269172,province_median,1,2024m1,1.046452698419558,.75
ILOILO,chicken,TIGBAUAN,pieces or units,100,,g,0,,1,1,,670,4,1,3,3,1,,,price-quantity,687.8263115868523,.1453855403834358,province_median,1,2024m2,1.026606435204257,.75
ILOILO,chicken,TIGBAUAN,pieces or units,100,,g,0,,1,1,,670,4,1,3,3,1,,,price-quantity,658.8340366734113,.151783293566496,province_median,1,2024m4,.9833343830946438,.75
ILOILO,chicken,TIGBAUAN,pieces or units,100,,g,0,,1,1,,670,4,1,3,3,1,,,price-quantity,662.3042600763766,.1509880066126527,province_median,1,2024m5,.9885138210095173,.75
ILOILO,chicken,TIGBAUAN,pieces or units,100,,g,0,,1,1,,670,4,1,3,3,1,,,price-quantity,656.701336395047,.1522762243015198,province_median,1,2024m6,.9801512483508165,.75
ILOILO,chicken,TIGBAUAN,slice,25,,g,0,,1,1,,122.5,2,0,0,0,1,,,price-quantity,126.4398895582253,.1977224125024845,province_median,1,2023m12,1.032162363740615,0
ILOILO,chicken,TIGBAUAN,slice,25,,g,0,,1,1,,122.5,2,0,0,0,1,,,price-quantity,128.1904555563958,.1950223196531317,province_median,1,2024m1,1.046452698419558,0
ILOILO,chicken,TIGBAUAN,slice,25,,g,0,,1,1,,122.5,2,0,0,0,1,,,price-quantity,125.7592883125215,.1987924735855142,province_median,1,2024m2,1.026606435204257,0
ILOILO,chicken,TIGBAUAN,slice,25,,g,0,,1,1,,122.5,2,0,0,0,1,,,price-quantity,120.4584619290939,.2075404218154129,province_median,1,2024m4,.9833343830946438,0
ILOILO,chicken,TIGBAUAN,slice,25,,g,0,,1,1,,122.5,2,0,0,0,1,,,price-quantity,121.0929430736659,.2064529886336271,province_median,1,2024m5,.9885138210095173,0
ILOILO,chicken,TIGBAUAN,slice,25,,g,0,,1,1,,122.5,2,0,0,0,1,,,price-quantity,120.068527922975,.2082144291469761,province_median,1,2024m6,.9801512483508165,0
ILOILO,chicken,TIGBAUAN,whole (chicken),200,1,g,0,2,2,1,,1015,5,0,0,0,1,2,0,size-based,1015,.1970443349753695,,,,,0
ILOILO,chicken,TIGBAUAN,whole (chicken),252.5,2,g,0,2,2,1,,1200,4,0,0,0,2,2,0,size-based,1200,.2104166666666667,,,,,0
ILOILO,"crackers, cookies, buiscuits, chips/curls",TIGBAUAN,pack,130,1,g,0,1,1,1,,320,7,0,0,0,1,1,0,size-based,320,.40625,,,,,0
ILOILO,"crackers, cookies, buiscuits, chips/curls",TIGBAUAN,pieces or units,24,1,g,0,3,3,1,,35,7,0,0,0,1,2,1,size-based,35,.6857142857142857,,,,,0
ILOILO,"crackers, cookies, buiscuits, chips/curls",TIGBAUAN,pieces or units,130,3,g,0,3,3,1,,47.5,2,0,0,0,3,2,1,size-based,47.5,2.736842105263158,,,,,0
ILOILO,"crackers, cookies, buiscuits, chips/curls",TIGBAUAN,pieces or units,50,2,g,0,3,3,0,this part of the cut came back empty,,,,,,,,,size-based,,,,,,,
ILOILO,"crackers, cookies, buiscuits, chips/curls",TIGBAUAN,putos,60,1,g,0,3,3,1,,60,3,1,1,1,1,3,0,size-based,60,1,,,,,.3333333333333333
ILOILO,"crackers, cookies, buiscuits, chips/curls",TIGBAUAN,putos,100,2,g,0,3,3,1,,92.5,4,0,0,0,2,3,0,size-based,92.5,1.081081081081081,,,,,0
ILOILO,"crackers, cookies, buiscuits, chips/curls",TIGBAUAN,putos,130,3,g,0,3,3,1,,250,2,0,0,0,3,3,0,size-based,250,.52,,,,,0
ILOILO,fresh fish,TIGBAUAN,pieces or units,21.875,,g,0,,3,1,,105,3,1,2,2,1,,,price-quantity,114.3453916548467,.1913063542257132,mp25_price,1,2023m12,1.089003730046159,.6666666666666666
ILOILO,fresh fish,TIGBAUAN,pieces or units,21.875,,g,0,,3,1,,105,3,1,2,2,1,,,price-quantity,116.1886723287904,.1882713655432621,mp25_price,1,2024m1,1.106558784083718,.6666666666666666
ILOILO,fresh fish,TIGBAUAN,pieces or units,21.875,,g,0,,3,1,,105,3,1,2,2,1,,,price-quantity,111.6098122892053,.1959953121623135,mp25_price,1,2024m2,1.062950593230526,.6666666666666666
ILOILO,fresh fish,TIGBAUAN,pieces or units,21.875,,g,0,,3,1,,105,3,1,2,2,1,,,price-quantity,121.4892847983661,.1800570316658428,mp25_price,1,2024m4,1.157040807603486,.6666666666666666
ILOILO,fresh fish,TIGBAUAN,pieces or units,21.875,,g,0,,3,1,,105,3,1,2,2,1,,,price-quantity,125.0574897334656,.1749195513729092,mp25_price,1,2024m5,1.191023711747291,.6666666666666666
ILOILO,fresh fish,TIGBAUAN,pieces or units,21.875,,g,0,,3,1,,105,3,1,2,2,1,,,price-quantity,127.1863552893133,.1719917199470061,mp25_price,1,2024m6,1.211298621802984,.6666666666666666
ILOILO,fresh fish,TIGBAUAN,pieces or units,68.75,,g,0,,3,1,,295,3,0,0,0,2,,,price-quantity,321.2561003636168,.214003718286391,mp50_price,1,2023m12,1.089003730046159,0
ILOILO,fresh fish,TIGBAUAN,pieces or units,68.75,,g,0,,3,1,,295,3,0,0,0,2,,,price-quantity,326.4348413046969,.2106086462009372,mp50_price,1,2024m1,1.106558784083718,0
ILOILO,fresh fish,TIGBAUAN,pieces or units,68.75,,g,0,,3,1,,295,3,0,0,0,2,,,price-quantity,313.5704250030053,.2192489932663168,mp50_price,1,2024m2,1.062950593230526,0
ILOILO,fresh fish,TIGBAUAN,pieces or units,68.75,,g,0,,3,1,,295,3,0,0,0,2,,,price-quantity,341.3270382430285,.2014197303380615,mp50_price,1,2024m4,1.157040807603486,0
ILOILO,fresh fish,TIGBAUAN,pieces or units,68.75,,g,0,,3,1,,295,3,0,0,0,2,,,price-quantity,351.351994965451,.1956727184849492,mp50_price,1,2024m5,1.191023711747291,0
ILOILO,fresh fish,TIGBAUAN,pieces or units,68.75,,g,0,,3,1,,295,3,0,0,0,2,,,price-quantity,357.3330934318803,.1923975172288543,mp50_price,1,2024m6,1.211298621802984,0
ILOILO,fresh fish,TIGBAUAN,pieces or units,107.5,,g,0,,3,1,,425,3,0,0,0,3,,,price-quantity,462.8265852696174,.2322684206599247,mp75_price,1,2023m12,1.089003730046159,0
ILOILO,fresh fish,TIGBAUAN,pieces or units,107.5,,g,0,,3,1,,425,3,0,0,0,3,,,price-quantity,470.2874832355802,.228583587341937,mp75_price,1,2024m1,1.106558784083718,0
ILOILO,fresh fish,TIGBAUAN,pieces or units,107.5,,g,0,,3,1,,425,3,0,0,0,3,,,price-quantity,451.7540021229738,.2379613672370677,mp75_price,1,2024m2,1.062950593230526,0
ILOILO,fresh fish,TIGBAUAN,pieces or units,107.5,,g,0,,3,1,,425,3,0,0,0,3,,,price-quantity,491.7423432314818,.2186104196225292,mp75_price,1,2024m4,1.157040807603486,0
ILOILO,fresh fish,TIGBAUAN,pieces or units,107.5,,g,0,,3,1,,425,3,0,0,0,3,,,price-quantity,506.1850774925989,.2123729141374615,mp75_price,1,2024m5,1.191023711747291,0
ILOILO,fresh fish,TIGBAUAN,pieces or units,107.5,,g,0,,3,1,,425,3,0,0,0,3,,,price-quantity,514.8019142662683,.2088181823356592,mp75_price,1,2024m6,1.211298621802984,0
ILOILO,"ice cream, sorbet, edible ice (eg., ice-lolli, halo-halo)",TIGBAUAN,gallons,500,1,g,0,1,1,1,,515,2,0,0,0,1,1,0,size-based,515,.970873786407767,,,,,0
ILOILO,"ice cream, sorbet, edible ice (eg., ice-lolli, halo-halo)",TIGBAUAN,gallons,500,1,mL,0,1,1,1,,950,1,0,0,0,1,1,0,size-based,950,.5263157894736842,,,,,0
ILOILO,"ice cream, sorbet, edible ice (eg., ice-lolli, halo-halo)",TIGBAUAN,pieces or units,51.25,1,g,0,3,3,1,,50,5,0,0,0,1,3,0,size-based,50,1.025,,,,,0
ILOILO,"ice cream, sorbet, edible ice (eg., ice-lolli, halo-halo)",TIGBAUAN,pieces or units,90,2,g,0,3,3,1,,56,2,0,0,0,2,3,0,size-based,56,1.607142857142857,,,,,0
ILOILO,"ice cream, sorbet, edible ice (eg., ice-lolli, halo-halo)",TIGBAUAN,pieces or units,125.25,3,g,0,3,3,1,,82.5,2,0,0,0,3,3,0,size-based,82.5,1.518181818181818,,,,,0
ILOILO,"ice cream, sorbet, edible ice (eg., ice-lolli, halo-halo)",TIGBAUAN,pieces or units,51.25,1,mL,0,3,3,1,,85,1,0,0,0,1,2,1,size-based,85,.6029411764705882,,,,,0
ILOILO,"ice cream, sorbet, edible ice (eg., ice-lolli, halo-halo)",TIGBAUAN,pieces or units,90,2,mL,0,3,3,1,,110,1,0,0,0,2,2,1,size-based,110,.8181818181818182,,,,,0
ILOILO,"ice cream, sorbet, edible ice (eg., ice-lolli, halo-halo)",TIGBAUAN,pieces or units,125.25,3,mL,0,3,3,0,this part of the cut came back empty,,,,,,,,,size-based,,,,,,,
ILOILO,"ice cream, sorbet, edible ice (eg., ice-lolli, halo-halo)",TIGBAUAN,plastic cup,77.5,1,g,0,1,1,1,,485,1,0,0,0,1,1,0,size-based,485,.1597938144329897,,,,,0
ILOILO,"ice cream, sorbet, edible ice (eg., ice-lolli, halo-halo)",TIGBAUAN,putos,30.875,1,g,0,2,2,1,,57.5,2,0,0,0,1,2,0,size-based,57.5,.5369565217391304,,,,,0
ILOILO,"ice cream, sorbet, edible ice (eg., ice-lolli, halo-halo)",TIGBAUAN,putos,87.5,2,g,0,2,2,1,,277.5,2,0,0,0,2,2,0,size-based,277.5,.3153153153153153,,,,,0
ILOILO,"ice cream, sorbet, edible ice (eg., ice-lolli, halo-halo)",TIGBAUAN,putos,30.875,1,mL,0,2,2,1,,65,1,0,0,0,1,2,0,size-based,65,.475,,,,,0
ILOILO,"ice cream, sorbet, edible ice (eg., ice-lolli, halo-halo)",TIGBAUAN,putos,87.5,2,mL,0,2,2,1,,85,1,0,0,0,2,2,0,size-based,85,1.029411764705882,,,,,0
ILOILO,"ice cream, sorbet, edible ice (eg., ice-lolli, halo-halo)",TIGBAUAN,small cup,42.5,1,g,0,2,2,1,,277.5,2,0,0,0,1,2,0,size-based,277.5,.1531531531531531,,,,,0
ILOILO,"ice cream, sorbet, edible ice (eg., ice-lolli, halo-halo)",TIGBAUAN,small cup,89.5,2,g,0,2,2,1,,490,1,0,0,0,2,2,0,size-based,490,.1826530612244898,,,,,0
ILOILO,"ice cream, sorbet, edible ice (eg., ice-lolli, halo-halo)",TIGBAUAN,small cup,42.5,1,mL,0,2,2,1,,120,1,0,0,0,1,2,0,size-based,120,.3541666666666667,,,,,0
ILOILO,"ice cream, sorbet, edible ice (eg., ice-lolli, halo-halo)",TIGBAUAN,small cup,89.5,2,mL,0,2,2,1,,180,1,0,0,0,2,2,0,size-based,180,.4972222222222222,,,,,0
ILOILO,"liquor (e.g, whisky, coconut wine)",TIGBAUAN,lipid/lapad,80,1,mL,0,2,2,1,,677.5,6,0,0,0,1,2,0,size-based,677.5,.1180811808118081,,,,,0
ILOILO,"liquor (e.g, whisky, coconut wine)",TIGBAUAN,lipid/lapad,160,2,mL,0,2,2,1,,690,3,0,0,0,2,2,0,size-based,690,.2318840579710145,,,,,0
ILOILO,"liquor (e.g, whisky, coconut wine)",TIGBAUAN,long-neck,180,1,mL,0,1,1,1,,1225,9,0,0,0,1,1,0,size-based,1225,.1469387755102041,,,,,0
ILOILO,"liquor (e.g, whisky, coconut wine)",TIGBAUAN,long-neck,450,,mL,0,1,1,0,"unique price, no weighing behind it",,,,,,,,,size-based,,,,,,,
ILOILO,"liquor (e.g, whisky, coconut wine)",TIGBAUAN,long-neck,300,,mL,0,1,1,0,"unique price, no weighing behind it",,,,,,,,,size-based,,,,,,,
ILOILO,loaf bread,TIGBAUAN,large packs,92.375,1,g,0,2,2,1,,560,4,0,0,0,1,2,0,size-based,560,.1649553571428571,,,,,0
ILOILO,loaf bread,TIGBAUAN,large packs,157.5,2,g,0,2,2,1,,670,4,0,0,0,2,2,0,size-based,670,.2350746268656717,,,,,0
ILOILO,loaf bread,TIGBAUAN,medium packs,75,1,g,0,2,2,1,,475,3,0,0,0,1,2,0,size-based,475,.1578947368421053,,,,,0
ILOILO,loaf bread,TIGBAUAN,medium packs,110,2,g,0,2,2,1,,527.5,2,0,0,0,2,2,0,size-based,527.5,.2085308056872038,,,,,0
ILOILO,loaf bread,TIGBAUAN,small packs,46.25,1,g,0,2,2,1,,385,2,0,0,0,1,2,0,size-based,385,.1201298701298701,,,,,0
ILOILO,loaf bread,TIGBAUAN,small packs,83.75,2,g,0,2,2,1,,515,1,0,0,0,2,2,0,size-based,515,.162621359223301,,,,,0
ILOILO,mango,TIGBAUAN,pieces or units,13.14285755157471,,g,0,,1,1,,135,3,0,0,0,1,,,price-quantity,154.948790408863,.0848206527904779,municipality_median,1,2023m12,1.14776881784343,0
ILOILO,mango,TIGBAUAN,pieces or units,13.14285755157471,,g,0,,1,1,,135,3,0,0,0,1,,,price-quantity,149.9044495297475,.0876748995296941,municipality_median,1,2024m1,1.110403329849981,0
ILOILO,mango,TIGBAUAN,pieces or units,13.14285755157471,,g,0,,1,1,,135,3,0,0,0,1,,,price-quantity,153.1561728751254,.0858134367348721,municipality_median,1,2024m2,1.134490169445374,0
ILOILO,mango,TIGBAUAN,pieces or units,13.14285755157471,,g,0,,1,1,,135,3,0,0,0,1,,,price-quantity,150.116926008394,.0875508039036172,municipality_median,1,2024m4,1.111977229691807,0
ILOILO,mango,TIGBAUAN,pieces or units,13.14285755157471,,g,0,,1,1,,135,3,0,0,0,1,,,price-quantity,157.600447454927,.0833935294208699,municipality_median,1,2024m5,1.167410721888348,0
ILOILO,mango,TIGBAUAN,pieces or units,13.14285755157471,,g,0,,1,1,,135,3,0,0,0,1,,,price-quantity,152.8246626497668,.0859995849079322,municipality_median,1,2024m6,1.13203453814642,0
ILOILO,"preserved or processed meat (tocino, tapa, longaniza, etc)",TIGBAUAN,bilog,122.5,1,g,0,3,3,1,,165,3,0,0,0,1,3,0,size-based,165,.7424242424242424,,,,,0
ILOILO,"preserved or processed meat (tocino, tapa, longaniza, etc)",TIGBAUAN,bilog,175,2,g,0,3,3,1,,257.5,4,0,0,0,2,3,0,size-based,257.5,.6796116504854369,,,,,0
ILOILO,"preserved or processed meat (tocino, tapa, longaniza, etc)",TIGBAUAN,bilog,252.5,3,g,0,3,3,1,,587.5,2,1,2,2,3,3,0,size-based,587.5,.4297872340425532,,,,,1
ILOILO,"preserved or processed meat (tocino, tapa, longaniza, etc)",TIGBAUAN,pack,60,1,g,0,2,2,1,,250,4,0,0,0,1,2,0,size-based,250,.24,,,,,0
ILOILO,"preserved or processed meat (tocino, tapa, longaniza, etc)",TIGBAUAN,pack,105,2,g,0,2,2,1,,265,4,0,0,0,2,2,0,size-based,265,.3962264150943396,,,,,0
ILOILO,"preserved or processed meat (tocino, tapa, longaniza, etc)",TIGBAUAN,putos,55.75,1,g,0,3,3,1,,195,2,0,0,0,1,2,1,size-based,195,.2858974358974359,,,,,0
ILOILO,"preserved or processed meat (tocino, tapa, longaniza, etc)",TIGBAUAN,putos,90,2,g,0,3,3,1,,280,3,0,0,0,2,2,1,size-based,280,.3214285714285715,,,,,0
ILOILO,"preserved or processed meat (tocino, tapa, longaniza, etc)",TIGBAUAN,putos,172.5,3,g,0,3,3,0,this part of the cut came back empty,,,,,,,,,size-based,,,,,,,
ILOILO,rice,TIGBAUAN,salmon,,,g,0,,1,1,,405,3,0,0,0,1,,,conventional,405,,,,,,0
ILOILO,cabbage,TUBUNGAN,pack,27.5,1,g,0,1,1,1,,110,3,0,0,0,1,1,0,size-based,110,.25,,,,,0
ILOILO,cabbage,TUBUNGAN,pieces or units,40,1,g,0,1,1,1,,680,5,0,0,0,1,1,0,size-based,680,.0588235294117647,,,,,0
ILOILO,camote tops,TUBUNGAN,bugkos,10,,g,0,,1,1,,220,3,0,0,0,1,,,price-quantity,230.4788372976648,.0433879314788669,municipality_median,1,2024m6,1.047631078625749,0
ILOILO,camote tops,TUBUNGAN,bugkos,10,,g,0,,1,1,,220,3,0,0,0,1,,,price-quantity,238.9176884230882,.0418554191864248,municipality_median,1,2024m7,1.085989492832219,0
ILOILO,camote tops,TUBUNGAN,bugkos,10,,g,0,,1,1,,220,3,0,0,0,1,,,price-quantity,239.0573099187769,.0418309735159224,municipality_median,1,2024m10,1.08662413599444,0
ILOILO,camote tops,TUBUNGAN,bugkos,10,,g,0,,1,1,,220,3,0,0,0,1,,,price-quantity,216.287151739618,.0462348314246549,municipality_median,1,2024m11,.9831234169982634,0
ILOILO,carrot,TUBUNGAN,pieces or units,45,1,g,0,1,1,1,,145,4,0,1,1,1,1,0,size-based,145,.3103448275862069,,,,,.25
ILOILO,chicken,TUBUNGAN,bilog,200,1,g,0,3,3,1,,720,1,0,0,0,1,2,1,size-based,720,.2777777777777778,,,,,0
ILOILO,chicken,TUBUNGAN,bilog,280,2,g,0,3,3,1,,1302.5,2,0,0,0,2,2,1,size-based,1302.5,.2149712092130518,,,,,0
ILOILO,chicken,TUBUNGAN,bilog,470,3,g,0,3,3,0,this part of the cut came back empty,,,,,,,,,size-based,,,,,,,
ILOILO,"drinks at restaurant, hotel, cafe, or kiosk",TUBUNGAN,pieces,150,1,mL,0,1,1,1,,355,3,0,0,0,1,1,0,size-based,355,.4225352112676056,,,,,0
ILOILO,fresh fish,TUBUNGAN,pieces or units,100,1,g,0,1,1,1,,350,12,0,5,5,1,1,0,size-based,350,.2857142857142857,,,,,.4166666666666667
ILOILO,"ice cream, sorbet, edible ice (eg., ice-lolli, halo-halo)",TUBUNGAN,gallons,500,1,mL,0,1,1,1,,950,2,0,0,0,1,1,0,size-based,950,.5263157894736842,,,,,0
ILOILO,"ice cream, sorbet, edible ice (eg., ice-lolli, halo-halo)",TUBUNGAN,pieces or units,40,1,mL,0,1,1,1,,110,9,0,0,0,1,1,0,size-based,110,.3636363636363636,,,,,0
ILOILO,"ice cream, sorbet, edible ice (eg., ice-lolli, halo-halo)",TUBUNGAN,putos,48,1,g,0,1,1,1,,60,1,0,0,0,1,1,0,size-based,60,.8,,,,,0
ILOILO,"ice cream, sorbet, edible ice (eg., ice-lolli, halo-halo)",TUBUNGAN,putos,125,,g,0,1,1,0,"unique price, no weighing behind it",,,,,,,,,size-based,,,,,,,
ILOILO,"ice cream, sorbet, edible ice (eg., ice-lolli, halo-halo)",TUBUNGAN,putos,48,1,mL,0,1,1,1,,57.5,8,0,0,0,1,1,0,size-based,57.5,.8347826086956521,,,,,0
ILOILO,"ice cream, sorbet, edible ice (eg., ice-lolli, halo-halo)",TUBUNGAN,putos,125,,mL,0,1,1,0,"unique price, no weighing behind it",,,,,,,,,size-based,,,,,,,
ILOILO,"liquor (e.g, whisky, coconut wine)",TUBUNGAN,lipid/lapad,85,1,mL,0,3,3,1,,375,9,0,0,0,1,1,2,size-based,375,.2266666666666667,,,,,0
ILOILO,"liquor (e.g, whisky, coconut wine)",TUBUNGAN,lipid/lapad,210,3,mL,0,3,3,0,this part of the cut came back empty,,,,,,,,,size-based,,,,,,,
ILOILO,"liquor (e.g, whisky, coconut wine)",TUBUNGAN,lipid/lapad,160,2,mL,0,3,3,0,this part of the cut came back empty,,,,,,,,,size-based,,,,,,,
ILOILO,"liquor (e.g, whisky, coconut wine)",TUBUNGAN,long-neck,167.5,1,mL,0,3,3,1,,750,9,0,0,0,1,1,2,size-based,750,.2233333333333333,,,,,0
ILOILO,"liquor (e.g, whisky, coconut wine)",TUBUNGAN,long-neck,190,2,mL,0,3,3,0,this part of the cut came back empty,,,,,,,,,size-based,,,,,,,
ILOILO,"liquor (e.g, whisky, coconut wine)",TUBUNGAN,long-neck,245,3,mL,0,3,3,0,this part of the cut came back empty,,,,,,,,,size-based,,,,,,,
ILOILO,loaf bread,TUBUNGAN,large packs,68.75,1,g,0,3,3,1,,700,3,0,0,0,1,2,1,size-based,700,.0982142857142857,,,,,0
ILOILO,loaf bread,TUBUNGAN,large packs,120,2,g,0,3,3,1,,720,2,0,0,0,2,2,1,size-based,720,.1666666666666667,,,,,0
ILOILO,loaf bread,TUBUNGAN,large packs,280,3,g,0,3,3,0,this part of the cut came back empty,,,,,,,,,size-based,,,,,,,
ILOILO,loaf bread,TUBUNGAN,medium packs,75,1,g,0,2,2,1,,450,5,0,0,0,1,2,0,size-based,450,.1666666666666667,,,,,0
ILOILO,loaf bread,TUBUNGAN,medium packs,140,2,g,0,2,2,1,,600,2,0,0,0,2,2,0,size-based,600,.2333333333333333,,,,,0
ILOILO,loaf bread,TUBUNGAN,small packs,49,1,g,0,1,1,1,,400,5,0,0,0,1,1,0,size-based,400,.1225,,,,,0
ILOILO,loaf bread,TUBUNGAN,small packs,100,,g,0,1,1,0,"unique price, no weighing behind it",,,,,,,,,size-based,,,,,,,
ILOILO,mango,TUBUNGAN,pieces or units,100,1,g,0,1,1,1,,235,5,0,0,0,1,1,0,size-based,235,.425531914893617,,,,,0
ILOILO,"preserved or processed meat (tocino, tapa, longaniza, etc)",TUBUNGAN,bilog,36,1,g,0,1,1,1,,200,3,0,0,0,1,1,0,size-based,200,.18,,,,,0
ILOILO,"preserved or processed meat (tocino, tapa, longaniza, etc)",TUBUNGAN,putos,72.5,1,g,0,3,3,1,,100,3,0,2,2,1,3,0,size-based,100,.725,,,,,.6666666666666666
ILOILO,"preserved or processed meat (tocino, tapa, longaniza, etc)",TUBUNGAN,putos,100,2,g,0,3,3,1,,250,4,0,0,0,2,3,0,size-based,250,.4,,,,,0
ILOILO,"preserved or processed meat (tocino, tapa, longaniza, etc)",TUBUNGAN,putos,147.5,3,g,0,3,3,1,,500,1,0,0,0,3,3,0,size-based,500,.295,,,,,0
ILOILO,rice,TUBUNGAN,salmon,,,g,0,,1,1,,422.5,4,0,0,0,1,,,conventional,422.5,,,,,,0
ILOILO,cabbage,ZARRAGA,pack,20,1,g,0,1,1,1,,130,1,0,0,0,1,1,0,size-based,130,.1538461538461539,,,,,0
ILOILO,cabbage,ZARRAGA,pieces or units,50,1,g,0,1,1,1,,690,15,0,0,0,1,1,0,size-based,690,.072463768115942,,,,,0
ILOILO,camote tops,ZARRAGA,bugkos,10,,g,0,,1,1,,172.5,4,0,0,0,1,,,price-quantity,180.7163610629417,.0553353329005839,municipality_median,1,2024m6,1.047631078625749,0
ILOILO,carrot,ZARRAGA,pieces or units,20,,g,0,,1,1,,115,5,0,0,0,1,,,price-quantity,130.4747805246961,.1532863279751938,municipality_median,1,2024m6,1.134563308910401,0
ILOILO,chicken,ZARRAGA,bilog,210,1,g,0,2,2,1,,960,7,0,0,0,1,2,0,size-based,960,.21875,,,,,0
ILOILO,chicken,ZARRAGA,bilog,300,2,g,0,2,2,1,,1200,6,0,0,0,2,2,0,size-based,1200,.25,,,,,0
ILOILO,chicken,ZARRAGA,pieces of fried chicken,15,,g,0,,1,1,,50,4,4,0,4,1,,,price-quantity,49.00756241754083,.3060752108460548,province_median,1,2024m6,.9801512483508165,1
ILOILO,fresh fish,ZARRAGA,pieces or units,100,1,g,0,1,1,1,,420,18,0,2,2,1,1,0,size-based,420,.2380952380952381,,,,,.1111111111111111
ILOILO,"ice cream, sorbet, edible ice (eg., ice-lolli, halo-halo)",ZARRAGA,pieces or units,32.5,1,mL,0,3,3,1,,60,2,0,0,0,1,2,1,size-based,60,.5416666666666666,,,,,0
ILOILO,"ice cream, sorbet, edible ice (eg., ice-lolli, halo-halo)",ZARRAGA,pieces or units,70,2,mL,0,3,3,1,,65,1,0,0,0,2,2,1,size-based,65,1.076923076923077,,,,,0
ILOILO,"ice cream, sorbet, edible ice (eg., ice-lolli, halo-halo)",ZARRAGA,pieces or units,113.5,3,mL,0,3,3,0,this part of the cut came back empty,,,,,,,,,size-based,,,,,,,
ILOILO,"ice cream, sorbet, edible ice (eg., ice-lolli, halo-halo)",ZARRAGA,small cup,40,1,mL,0,1,1,1,,100,3,0,0,0,1,1,0,size-based,100,.4,,,,,0
ILOILO,"liquor (e.g, whisky, coconut wine)",ZARRAGA,lipid/lapad,80,1,mL,0,3,3,1,,375,5,0,0,0,1,1,2,size-based,375,.2133333333333333,,,,,0
ILOILO,"liquor (e.g, whisky, coconut wine)",ZARRAGA,lipid/lapad,240,3,mL,0,3,3,0,this part of the cut came back empty,,,,,,,,,size-based,,,,,,,
ILOILO,"liquor (e.g, whisky, coconut wine)",ZARRAGA,lipid/lapad,170,2,mL,0,3,3,0,this part of the cut came back empty,,,,,,,,,size-based,,,,,,,
ILOILO,loaf bread,ZARRAGA,large packs,93.75,1,g,0,3,3,1,,640,5,0,0,0,1,2,1,size-based,640,.146484375,,,,,0
ILOILO,loaf bread,ZARRAGA,large packs,180,3,g,0,3,3,1,,700,1,0,0,0,3,2,1,size-based,700,.2571428571428571,,,,,0
ILOILO,loaf bread,ZARRAGA,large packs,127.5,2,g,0,3,3,0,this part of the cut came back empty,,,,,,,,,size-based,,,,,,,
ILOILO,loaf bread,ZARRAGA,medium packs,50,1,g,0,1,1,1,,450,7,0,0,0,1,1,0,size-based,450,.1111111111111111,,,,,0
ILOILO,loaf bread,ZARRAGA,small packs,50,1,g,0,1,1,1,,360,3,0,0,0,1,1,0,size-based,360,.1388888888888889,,,,,0
ILOILO,mango,ZARRAGA,pieces or units,20,,g,0,,1,1,,180,4,0,0,0,1,,,price-quantity,203.7662168663557,.0981516971143328,municipality_median,1,2024m6,1.13203453814642,0
ILOILO,"preserved or processed meat (tocino, tapa, longaniza, etc)",ZARRAGA,bilog,50,1,g,0,1,1,1,,65,8,3,7,8,1,1,0,size-based,65,.7692307692307693,,,,,1
ILOILO,"preserved or processed meat (tocino, tapa, longaniza, etc)",ZARRAGA,putos,53.75,1,g,0,2,2,1,,250,11,0,0,0,1,1,1,size-based,250,.215,,,,,0
ILOILO,"preserved or processed meat (tocino, tapa, longaniza, etc)",ZARRAGA,putos,112.5,2,g,0,2,2,0,this part of the cut came back empty,,,,,,,,,size-based,,,,,,,
ILOILO,rice,ZARRAGA,salmon,,,g,0,,1,1,,415,1,0,0,0,1,,,conventional,415,,,,,,0
NEGROS OCCIDENTAL,cabbage,BINALBAGAN,pieces or units,40,1,g,0,1,1,1,,770,9,0,0,0,1,1,0,size-based,770,.051948051948052,,,,,0
NEGROS OCCIDENTAL,camote tops,BINALBAGAN,bugkos,20,1,g,0,1,1,1,,300,2,0,1,1,1,1,0,size-based,300,.0666666666666667,,,,,.5
NEGROS OCCIDENTAL,camote tops,BINALBAGAN,bundle,20,1,g,0,1,1,1,,405,9,0,3,3,1,1,0,size-based,405,.0493827160493827,,,,,.3333333333333333
NEGROS OCCIDENTAL,chicken,BINALBAGAN,bilog,250,1,g,0,1,1,1,,1190,1,0,0,0,1,1,0,size-based,1190,.2100840336134454,,,,,0
NEGROS OCCIDENTAL,chicken,BINALBAGAN,whole (chicken),250,1,g,0,1,1,1,,985,9,0,0,0,1,1,0,size-based,985,.2538071065989848,,,,,0
NEGROS OCCIDENTAL,chicken,BINALBAGAN,whole (chicken),300,,g,0,1,1,0,"unique price, no weighing behind it",,,,,,,,,size-based,,,,,,,
NEGROS OCCIDENTAL,"ice cream, sorbet, edible ice (eg., ice-lolli, halo-halo)",BINALBAGAN,pieces or units,40,1,mL,0,1,1,1,,60,5,0,0,0,1,1,0,size-based,60,.6666666666666666,,,,,0
NEGROS OCCIDENTAL,"ice cream, sorbet, edible ice (eg., ice-lolli, halo-halo)",BINALBAGAN,small cup,48,1,mL,0,1,1,1,,120,3,0,0,0,1,1,0,size-based,120,.4,,,,,0
NEGROS OCCIDENTAL,"liquor (e.g, whisky, coconut wine)",BINALBAGAN,lipid/lapad,80,,mL,0,,1,1,,375,6,0,0,0,1,,,price-quantity,396.7496120004981,.2016385084704243,province_median,1,2024m12,1.057998965334662,0
NEGROS OCCIDENTAL,"liquor (e.g, whisky, coconut wine)",BINALBAGAN,lipid/lapad,80,,mL,0,,1,1,,375,6,0,0,0,1,,,price-quantity,396.7496120004981,.2016385084704243,province_median,1,2025m1,1.057998965334662,0
NEGROS OCCIDENTAL,loaf bread,BINALBAGAN,large packs,90,1,g,0,1,1,1,,640,4,0,0,0,1,1,0,size-based,640,.140625,,,,,0
NEGROS OCCIDENTAL,loaf bread,BINALBAGAN,medium packs,65,1,g,0,1,1,1,,450,5,0,0,0,1,1,0,size-based,450,.1444444444444444,,,,,0
NEGROS OCCIDENTAL,"preserved or processed meat (tocino, tapa, longaniza, etc)",BINALBAGAN,putos,50,,g,0,,1,1,,245,4,0,0,0,1,,,price-quantity,232.6484757597597,.2149165165888799,province_median,1,2024m12,.9495856153459578,0
NEGROS OCCIDENTAL,"preserved or processed meat (tocino, tapa, longaniza, etc)",BINALBAGAN,putos,50,,g,0,,1,1,,245,4,0,0,0,1,,,price-quantity,225.7875381303544,.2214471197747565,province_median,1,2025m1,.921581788287161,0
NEGROS OCCIDENTAL,cabbage,CALATRAVA,pieces or units,35,,g,0,,1,1,,495,6,0,0,0,1,,,price-quantity,540.213439705632,.0647892063164365,municipality_median,1,2024m11,1.0913402822336,0
NEGROS OCCIDENTAL,cabbage,CALATRAVA,pieces or units,35,,g,0,,1,1,,495,6,0,0,0,1,,,price-quantity,569.1183222175071,.0614986350529471,municipality_median,1,2024m12,1.149733984277792,0
NEGROS OCCIDENTAL,camote tops,CALATRAVA,bundle,20,1,g,0,1,1,1,,252.5,4,0,0,0,1,1,0,size-based,252.5,.0792079207920792,,,,,0
NEGROS OCCIDENTAL,carrot,CALATRAVA,pieces or units,10,,g,0,,1,1,,85,6,0,0,0,1,,,price-quantity,81.1755784660711,.1231897596415613,municipality_median,1,2024m11,.9550068054831893,0
NEGROS OCCIDENTAL,carrot,CALATRAVA,pieces or units,10,,g,0,,1,1,,85,6,0,0,0,1,,,price-quantity,78.11327718092258,.1280192095492093,municipality_median,1,2024m12,.9189797315402657,0
NEGROS OCCIDENTAL,chicken,CALATRAVA,whole (chicken),250,,g,0,,1,1,,1150,3,0,0,0,1,,,price-quantity,1097.914623478242,.2277044085704851,province_median,1,2024m11,.9547083682419497,0
NEGROS OCCIDENTAL,chicken,CALATRAVA,whole (chicken),250,,g,0,,1,1,,1150,3,0,0,0,1,,,price-quantity,1072.934329496284,.2330058728919306,province_median,1,2024m12,.9329863734750298,0
NEGROS OCCIDENTAL,"ice cream, sorbet, edible ice (eg., ice-lolli, halo-halo)",CALATRAVA,pieces or units,40.125,1,mL,0,2,2,1,,110,2,0,0,0,1,2,0,size-based,110,.3647727272727272,,,,,0
NEGROS OCCIDENTAL,"ice cream, sorbet, edible ice (eg., ice-lolli, halo-halo)",CALATRAVA,pieces or units,150.75,2,mL,0,2,2,1,,115,1,0,0,0,2,2,0,size-based,115,1.310869565217391,,,,,0
NEGROS OCCIDENTAL,"liquor (e.g, whisky, coconut wine)",CALATRAVA,lipid/lapad,80,,mL,0,,1,1,,375,5,0,0,0,1,,,price-quantity,405.8373270219232,.1971233168398983,municipality_median,1,2024m11,1.082232872058462,0
NEGROS OCCIDENTAL,"liquor (e.g, whisky, coconut wine)",CALATRAVA,lipid/lapad,80,,mL,0,,1,1,,375,5,0,0,0,1,,,price-quantity,401.313889572254,.1993452060312917,municipality_median,1,2024m12,1.070170372192677,0
NEGROS OCCIDENTAL,"liquor (e.g, whisky, coconut wine)",CALATRAVA,long-neck,157.5,,mL,0,,1,1,,750,5,0,0,0,1,,,price-quantity,811.6746540438464,.1940432650142749,province_median,1,2024m11,1.082232872058462,0
NEGROS OCCIDENTAL,"liquor (e.g, whisky, coconut wine)",CALATRAVA,long-neck,157.5,,mL,0,,1,1,,750,5,0,0,0,1,,,price-quantity,802.6277791445079,.1962304371870527,province_median,1,2024m12,1.070170372192677,0
NEGROS OCCIDENTAL,loaf bread,CALATRAVA,large packs,90,1,g,0,1,1,1,,600,1,0,0,0,1,1,0,size-based,600,.15,,,,,0
NEGROS OCCIDENTAL,loaf bread,CALATRAVA,large packs,60,,g,0,1,1,0,"unique price, no weighing behind it",,,,,,,,,size-based,,,,,,,
NEGROS OCCIDENTAL,loaf bread,CALATRAVA,medium packs,72.5,1,g,0,3,3,1,,400,1,0,0,0,1,2,1,size-based,400,.18125,,,,,0
NEGROS OCCIDENTAL,loaf bread,CALATRAVA,medium packs,100,2,g,0,3,3,1,,427.5,2,0,0,0,2,2,1,size-based,427.5,.2339181286549707,,,,,0
NEGROS OCCIDENTAL,loaf bread,CALATRAVA,medium packs,125,3,g,0,3,3,0,this part of the cut came back empty,,,,,,,,,size-based,,,,,,,
NEGROS OCCIDENTAL,mango,CALATRAVA,pieces or units,30,,g,0,,1,1,,300,4,0,1,1,1,,,price-quantity,337.5444663360897,.0888771791332799,province_median,1,2024m11,1.125148221120299,.25
NEGROS OCCIDENTAL,mango,CALATRAVA,pieces or units,30,,g,0,,1,1,,300,4,0,1,1,1,,,price-quantity,335.950419922971,.0892988912080497,province_median,1,2024m12,1.11983473307657,.25
NEGROS OCCIDENTAL,"preserved or processed meat (tocino, tapa, longaniza, etc)",CALATRAVA,bilog,13,,g,0,,1,1,,65,1,0,1,1,1,,,price-quantity,62.99015749150232,.20638144938364,province_median,1,2024m11,.9690793460231125,1
NEGROS OCCIDENTAL,"preserved or processed meat (tocino, tapa, longaniza, etc)",CALATRAVA,bilog,13,,g,0,,1,1,,65,1,0,1,1,1,,,price-quantity,61.90262026491492,.2100072653526772,province_median,1,2024m12,.9523480040756142,1
NEGROS OCCIDENTAL,"preserved or processed meat (tocino, tapa, longaniza, etc)",CALATRAVA,putos,50,,g,0,,1,1,,250,3,0,0,0,1,,,price-quantity,242.2698365057782,.20638144938364,municipality_median,1,2024m11,.9690793460231125,0
NEGROS OCCIDENTAL,"preserved or processed meat (tocino, tapa, longaniza, etc)",CALATRAVA,putos,50,,g,0,,1,1,,250,3,0,0,0,1,,,price-quantity,238.0870010189035,.2100072653526772,municipality_median,1,2024m12,.9523480040756142,0
NEGROS OCCIDENTAL,cabbage,CANDONI,pieces or units,50,,g,0,,1,1,,600,3,0,0,0,1,,,price-quantity,654.80416934016,.0763587074443715,municipality_median,1,2024m11,1.0913402822336,0
NEGROS OCCIDENTAL,cabbage,CANDONI,pieces or units,50,,g,0,,1,1,,600,3,0,0,0,1,,,price-quantity,689.8403905666753,.0724805341695447,municipality_median,1,2024m12,1.149733984277792,0
NEGROS OCCIDENTAL,camote tops,CANDONI,bugkos,10,,g,0,,1,1,,145,1,0,0,0,1,,,price-quantity,158.244340923872,.0631934130574109,municipality_median,1,2024m11,1.0913402822336,0
NEGROS OCCIDENTAL,camote tops,CANDONI,bugkos,10,,g,0,,1,1,,145,1,0,0,0,1,,,price-quantity,166.7114277202799,.0599838903472094,municipality_median,1,2024m12,1.149733984277792,0
NEGROS OCCIDENTAL,carrot,CANDONI,pieces or units,15,,g,0,,1,1,,100,3,0,0,0,1,,,price-quantity,95.50068054831894,.1570669435429907,municipality_median,1,2024m11,.9550068054831893,0
NEGROS OCCIDENTAL,carrot,CANDONI,pieces or units,15,,g,0,,1,1,,100,3,0,0,0,1,,,price-quantity,91.89797315402657,.1632244921752419,municipality_median,1,2024m12,.9189797315402657,0
NEGROS OCCIDENTAL,chicken,CANDONI,bilog,250,,g,0,,2,1,,1080,1,0,0,0,1,,,price-quantity,1031.085037701306,.242463027644498,mp50_price,1,2024m11,.9547083682419497,0
NEGROS OCCIDENTAL,chicken,CANDONI,bilog,250,,g,0,,2,1,,1080,1,0,0,0,1,,,price-quantity,1007.625283353032,.2481081053941853,mp50_price,1,2024m12,.9329863734750298,0
NEGROS OCCIDENTAL,chicken,CANDONI,bilog,275,,g,0,,2,1,,1390,1,0,0,0,2,,,price-quantity,1327.04463185631,.2072273934112688,mp75_price,1,2024m11,.9547083682419497,0
NEGROS OCCIDENTAL,chicken,CANDONI,bilog,275,,g,0,,2,1,,1390,1,0,0,0,2,,,price-quantity,1296.851059130291,.2120521073440951,mp75_price,1,2024m12,.9329863734750298,0
NEGROS OCCIDENTAL,chicken,CANDONI,whole (chicken),250,,g,0,,2,1,,1125,1,0,0,0,1,,,price-quantity,1074.046914272194,.2327645065387181,mp50_price,1,2024m11,.9547083682419497,0
NEGROS OCCIDENTAL,chicken,CANDONI,whole (chicken),250,,g,0,,2,1,,1125,1,0,0,0,1,,,price-quantity,1049.609670159409,.2381837811784179,mp50_price,1,2024m12,.9329863734750298,0
NEGROS OCCIDENTAL,chicken,CANDONI,whole (chicken),295,,g,0,,2,1,,1420,1,0,0,0,2,,,price-quantity,1355.685882903569,.2176020298803861,mp75_price,1,2024m11,.9547083682419497,0
NEGROS OCCIDENTAL,chicken,CANDONI,whole (chicken),295,,g,0,,2,1,,1420,1,0,0,0,2,,,price-quantity,1324.840650334542,.2226682883903872,mp75_price,1,2024m12,.9329863734750298,0
NEGROS OCCIDENTAL,"drinks at restaurant, hotel, cafe, or kiosk",CANDONI,pieces,45,1,mL,0,1,1,1,,355,3,0,0,0,1,1,0,size-based,355,.1267605633802817,,,,,0
NEGROS OCCIDENTAL,fresh fish,CANDONI,pieces or units,100,,g,0,,1,1,,460,1,0,0,0,1,,,price-quantity,539.477450163286,.1853645596673829,province_median,1,2024m11,1.172777065572361,0
NEGROS OCCIDENTAL,fresh fish,CANDONI,pieces or units,100,,g,0,,1,1,,460,1,0,0,0,1,,,price-quantity,538.976424823293,.1855368721049082,province_median,1,2024m12,1.171687880050637,0
NEGROS OCCIDENTAL,"ice cream, sorbet, edible ice (eg., ice-lolli, halo-halo)",CANDONI,cone,140,1,mL,0,1,1,1,,100,2,0,0,0,1,1,0,size-based,100,1.4,,,,,0
NEGROS OCCIDENTAL,"ice cream, sorbet, edible ice (eg., ice-lolli, halo-halo)",CANDONI,putos,26.25,1,mL,0,3,3,1,,45,1,0,0,0,1,2,1,size-based,45,.5833333333333334,,,,,0
NEGROS OCCIDENTAL,"ice cream, sorbet, edible ice (eg., ice-lolli, halo-halo)",CANDONI,putos,46.5,2,mL,0,3,3,1,,60,2,0,0,0,2,2,1,size-based,60,.775,,,,,0
NEGROS OCCIDENTAL,"ice cream, sorbet, edible ice (eg., ice-lolli, halo-halo)",CANDONI,putos,99.75,3,mL,0,3,3,0,this part of the cut came back empty,,,,,,,,,size-based,,,,,,,
NEGROS OCCIDENTAL,"ice cream, sorbet, edible ice (eg., ice-lolli, halo-halo)",CANDONI,small cup,30,1,mL,0,1,1,1,,100,3,0,0,0,1,1,0,size-based,100,.3,,,,,0
NEGROS OCCIDENTAL,"liquor (e.g, whisky, coconut wine)",CANDONI,lipid/lapad,80,,mL,0,,1,1,,375,4,0,0,0,1,,,price-quantity,405.8373270219232,.1971233168398983,municipality_median,1,2024m11,1.082232872058462,0
NEGROS OCCIDENTAL,"liquor (e.g, whisky, coconut wine)",CANDONI,lipid/lapad,80,,mL,0,,1,1,,375,4,0,0,0,1,,,price-quantity,401.313889572254,.1993452060312917,municipality_median,1,2024m12,1.070170372192677,0
NEGROS OCCIDENTAL,"liquor (e.g, whisky, coconut wine)",CANDONI,long-neck,182.5,1,mL,0,1,1,1,,750,3,0,0,0,1,1,0,size-based,750,.2433333333333333,,,,,0
NEGROS OCCIDENTAL,loaf bread,CANDONI,large packs,87.25,1,g,0,2,2,1,,640,2,0,0,0,1,1,1,size-based,640,.136328125,,,,,0
NEGROS OCCIDENTAL,loaf bread,CANDONI,large packs,157,2,g,0,2,2,0,this part of the cut came back empty,,,,,,,,,size-based,,,,,,,
NEGROS OCCIDENTAL,loaf bread,CANDONI,medium packs,60,1,g,0,1,1,1,,450,3,0,0,0,1,1,0,size-based,450,.1333333333333333,,,,,0
NEGROS OCCIDENTAL,loaf bread,CANDONI,small packs,50,1,g,0,1,1,1,,220,2,0,0,0,1,1,0,size-based,220,.2272727272727273,,,,,0
NEGROS OCCIDENTAL,"prawns, lobster, shrimp",CANDONI,tumpok,80,,g,0,,1,1,,210,1,0,0,0,1,,,price-quantity,234.8177169377561,.3406897956562872,province_median,1,2024m11,1.118179604465505,0
NEGROS OCCIDENTAL,"prawns, lobster, shrimp",CANDONI,tumpok,80,,g,0,,1,1,,210,1,0,0,0,1,,,price-quantity,231.9752061411019,.3448644418978939,province_median,1,2024m12,1.104643838767152,0
NEGROS OCCIDENTAL,"preserved or processed meat (tocino, tapa, longaniza, etc)",CANDONI,bilog,10,,g,0,,1,1,,62.5,2,1,2,2,1,,,price-quantity,60.56745912644454,.165105159506912,municipality_median,1,2024m11,.9690793460231125,1
NEGROS OCCIDENTAL,"preserved or processed meat (tocino, tapa, longaniza, etc)",CANDONI,bilog,10,,g,0,,1,1,,62.5,2,1,2,2,1,,,price-quantity,59.52175025472589,.1680058122821417,municipality_median,1,2024m12,.9523480040756142,1
NEGROS OCCIDENTAL,"preserved or processed meat (tocino, tapa, longaniza, etc)",CANDONI,putos,52.5,,g,0,,2,1,,215,2,0,0,0,1,,,price-quantity,208.3520593949692,.2519773509916536,mp50_price,1,2024m11,.9690793460231125,0
NEGROS OCCIDENTAL,"preserved or processed meat (tocino, tapa, longaniza, etc)",CANDONI,putos,52.5,,g,0,,2,1,,215,2,0,0,0,1,,,price-quantity,204.754820876257,.2564042193259431,mp50_price,1,2024m12,.9523480040756142,0
NEGROS OCCIDENTAL,"preserved or processed meat (tocino, tapa, longaniza, etc)",CANDONI,putos,83.5,,g,0,,2,1,,264,2,0,0,0,2,,,price-quantity,255.8369473501017,.3263797542335974,mp75_price,1,2024m11,.9690793460231125,0
NEGROS OCCIDENTAL,"preserved or processed meat (tocino, tapa, longaniza, etc)",CANDONI,putos,83.5,,g,0,,2,1,,264,2,0,0,0,2,,,price-quantity,251.4198730759622,.3321137624422072,mp75_price,1,2024m12,.9523480040756142,0
NEGROS OCCIDENTAL,cabbage,CAUAYAN,pieces or units,60,,g,0,,1,1,,705,3,0,0,0,1,,,price-quantity,810.5624589158434,.0740226731944287,municipality_median,1,2024m12,1.149733984277792,0
NEGROS OCCIDENTAL,camote,CAUAYAN,bilog,6.666666507720947,,g,0,,1,1,,150,2,0,0,0,1,,,price-quantity,154.3088416562463,.0432033993396974,province_median,1,2024m12,1.028725611041642,0
NEGROS OCCIDENTAL,camote tops,CAUAYAN,bugkos,20,1,g,0,1,1,1,,242.5,6,1,1,1,1,1,0,size-based,242.5,.0824742268041237,,,,,.1666666666666667
NEGROS OCCIDENTAL,carrot,CAUAYAN,pieces or units,20,,g,0,,1,1,,140,3,0,0,0,1,,,price-quantity,128.6571624156372,.1554518973097542,municipality_median,1,2024m12,.9189797315402657,0
NEGROS OCCIDENTAL,chicken,CAUAYAN,pieces or units,300,,g,0,,1,1,,1362.5,2,2,0,2,1,,,price-quantity,1271.193933859728,.2359986088740288,province_median,1,2024m12,.9329863734750298,1
NEGROS OCCIDENTAL,chicken,CAUAYAN,whole (chicken),200,,g,0,,3,1,,862.5,2,0,0,0,1,,,price-quantity,804.7007471222132,.2485395977513926,mp25_price,1,2024m12,.9329863734750298,0
NEGROS OCCIDENTAL,chicken,CAUAYAN,whole (chicken),240,,g,0,,3,1,,1102.5,2,0,0,0,2,,,price-quantity,1028.61747675622,.2333228876849808,mp50_price,1,2024m12,.9329863734750298,0
NEGROS OCCIDENTAL,chicken,CAUAYAN,whole (chicken),300,,g,0,,3,1,,1360,2,0,0,0,3,,,price-quantity,1268.861467926041,.2364324298462237,mp75_price,1,2024m12,.9329863734750298,0
NEGROS OCCIDENTAL,fresh fish,CAUAYAN,pieces or units,200,,g,0,,1,1,,840,3,1,3,3,1,,,price-quantity,984.2178192425349,.2032070504006138,unique_mun_price6,1,2024m12,1.171687880050637,1
NEGROS OCCIDENTAL,"ice cream, sorbet, edible ice (eg., ice-lolli, halo-halo)",CAUAYAN,pieces or units,40,1,mL,0,1,1,1,,90,2,0,0,0,1,1,0,size-based,90,.4444444444444444,,,,,0
NEGROS OCCIDENTAL,"ice cream, sorbet, edible ice (eg., ice-lolli, halo-halo)",CAUAYAN,small cup,20,,mL,0,,1,1,,100,3,0,0,0,1,,,price-quantity,93.19827459431967,.214596247484811,municipality_median,1,2024m12,.9319827459431967,0
NEGROS OCCIDENTAL,"liquor (e.g, whisky, coconut wine)",CAUAYAN,lipid/lapad,90,,mL,0,,1,1,,375,5,0,0,0,1,,,price-quantity,401.313889572254,.2242633567852031,municipality_median,1,2024m12,1.070170372192677,0
NEGROS OCCIDENTAL,"liquor (e.g, whisky, coconut wine)",CAUAYAN,long-neck,195,,mL,0,,1,1,,750,5,0,0,0,1,,,price-quantity,802.6277791445079,.2429519698506367,municipality_median,1,2024m12,1.070170372192677,0
NEGROS OCCIDENTAL,loaf bread,CAUAYAN,large packs,96.875,1,g,0,2,2,1,,650,5,0,0,0,1,2,0,size-based,650,.1490384615384615,,,,,0
NEGROS OCCIDENTAL,loaf bread,CAUAYAN,large packs,170,2,g,0,2,2,1,,700,1,0,0,0,2,2,0,size-based,700,.2428571428571429,,,,,0
NEGROS OCCIDENTAL,loaf bread,CAUAYAN,medium packs,60,1,g,0,1,1,1,,450,3,0,0,0,1,1,0,size-based,450,.1333333333333333,,,,,0
NEGROS OCCIDENTAL,loaf bread,CAUAYAN,small packs,47.5,1,g,0,1,1,1,,360,3,0,0,0,1,1,0,size-based,360,.1319444444444444,,,,,0
NEGROS OCCIDENTAL,"prawns, lobster, shrimp",CAUAYAN,tumpok,80,,g,0,,1,1,,260,3,0,0,0,1,,,price-quantity,287.2073980794595,.2785443569175297,province_median,1,2024m12,1.104643838767152,0
NEGROS OCCIDENTAL,"preserved or processed meat (tocino, tapa, longaniza, etc)",CAUAYAN,putos,55,,g,0,,1,1,,250,4,0,0,0,1,,,price-quantity,238.0870010189035,.2310079918879449,municipality_median,1,2024m12,.9523480040756142,0
NEGROS OCCIDENTAL,cabbage,ENRIQUE B. MAGALONA (SARAVIA),pieces or units,40,,g,0,,1,1,,460,3,0,0,0,1,,,price-quantity,525.1287692845401,.0761717931670319,municipality_median,1,2024m10,1.141584281053348,0
NEGROS OCCIDENTAL,camote,ENRIQUE B. MAGALONA (SARAVIA),bilog,6.666666507720947,,g,0,,1,1,,65,2,0,0,0,1,,,price-quantity,68.65882351227539,.097098466980417,province_median,1,2024m10,1.056289592496545,0
NEGROS OCCIDENTAL,camote tops,ENRIQUE B. MAGALONA (SARAVIA),bugkos,20,1,g,0,1,1,1,,640,3,3,3,3,1,1,0,size-based,640,.03125,,,,,1
NEGROS OCCIDENTAL,carrot,ENRIQUE B. MAGALONA (SARAVIA),pieces or units,17.5,,g,0,,1,1,,140,3,0,0,0,1,,,price-quantity,143.1481578834178,.1222509619317091,municipality_median,1,2024m10,1.022486842024413,0
NEGROS OCCIDENTAL,chicken,ENRIQUE B. MAGALONA (SARAVIA),bilog,223.5,1,g,0,3,3,1,,935,3,0,0,0,1,3,0,size-based,935,.2390374331550802,,,,,0
NEGROS OCCIDENTAL,chicken,ENRIQUE B. MAGALONA (SARAVIA),bilog,260,2,g,0,3,3,1,,1065,3,0,0,0,2,3,0,size-based,1065,.244131455399061,,,,,0
NEGROS OCCIDENTAL,chicken,ENRIQUE B. MAGALONA (SARAVIA),bilog,295,3,g,0,3,3,1,,1112.5,2,0,0,0,3,3,0,size-based,1112.5,.2651685393258427,,,,,0
NEGROS OCCIDENTAL,chicken,ENRIQUE B. MAGALONA (SARAVIA),whole (chicken),218.5,1,g,0,2,2,1,,1140,2,0,0,0,1,2,0,size-based,1140,.1916666666666667,,,,,0
NEGROS OCCIDENTAL,chicken,ENRIQUE B. MAGALONA (SARAVIA),whole (chicken),280,2,g,0,2,2,1,,1515,1,0,0,0,2,2,0,size-based,1515,.1848184818481848,,,,,0
NEGROS OCCIDENTAL,fresh fish,ENRIQUE B. MAGALONA (SARAVIA),pieces or units,160,1,g,0,1,1,1,,155,9,1,3,4,1,1,0,size-based,155,1.032258064516129,,,,,.4444444444444444
NEGROS OCCIDENTAL,fresh fish,ENRIQUE B. MAGALONA (SARAVIA),pieces or units,600,,g,0,1,1,0,"unique price, no weighing behind it",,,,,,,,,size-based,,,,,,,
NEGROS OCCIDENTAL,"ice cream, sorbet, edible ice (eg., ice-lolli, halo-halo)",ENRIQUE B. MAGALONA (SARAVIA),pieces or units,40,1,g,0,1,1,1,,45,1,0,0,0,1,1,0,size-based,45,.8888888888888888,,,,,0
NEGROS OCCIDENTAL,"ice cream, sorbet, edible ice (eg., ice-lolli, halo-halo)",ENRIQUE B. MAGALONA (SARAVIA),pieces or units,40,1,mL,0,1,1,1,,60,2,0,0,0,1,1,0,size-based,60,.6666666666666666,,,,,0
NEGROS OCCIDENTAL,"ice cream, sorbet, edible ice (eg., ice-lolli, halo-halo)",ENRIQUE B. MAGALONA (SARAVIA),putos,12.5,,g,0,,1,1,,43,1,0,0,0,1,,,price-quantity,40.07525807555746,.3119131504139696,province_median,1,2024m10,.9319827459431967,0
NEGROS OCCIDENTAL,"ice cream, sorbet, edible ice (eg., ice-lolli, halo-halo)",ENRIQUE B. MAGALONA (SARAVIA),putos,12.5,,mL,0,,1,1,,60,1,0,0,0,1,,,price-quantity,55.91896475659181,.2235377577966781,province_median,1,2024m10,.9319827459431967,0
NEGROS OCCIDENTAL,"ice cream, sorbet, edible ice (eg., ice-lolli, halo-halo)",ENRIQUE B. MAGALONA (SARAVIA),small cup,48,1,g,0,1,1,1,,100,1,0,0,0,1,1,0,size-based,100,.48,,,,,0
NEGROS OCCIDENTAL,"ice cream, sorbet, edible ice (eg., ice-lolli, halo-halo)",ENRIQUE B. MAGALONA (SARAVIA),small cup,48,1,mL,0,1,1,1,,100,2,0,0,0,1,1,0,size-based,100,.48,,,,,0
NEGROS OCCIDENTAL,"liquor (e.g, whisky, coconut wine)",ENRIQUE B. MAGALONA (SARAVIA),lipid/lapad,80,,mL,0,,1,1,,375,1,0,0,0,1,,,price-quantity,402.9166656670965,.1985522238638268,municipality_median,1,2024m10,1.074444441778924,0
NEGROS OCCIDENTAL,loaf bread,ENRIQUE B. MAGALONA (SARAVIA),large packs,84.5,1,g,0,1,1,1,,450,9,0,2,2,1,1,0,size-based,450,.1877777777777778,,,,,.2222222222222222
NEGROS OCCIDENTAL,loaf bread,ENRIQUE B. MAGALONA (SARAVIA),medium packs,70,1,g,0,1,1,1,,400,2,0,0,0,1,1,0,size-based,400,.175,,,,,0
NEGROS OCCIDENTAL,loaf bread,ENRIQUE B. MAGALONA (SARAVIA),small packs,50,1,g,0,1,1,1,,220,2,0,0,0,1,1,0,size-based,220,.2272727272727273,,,,,0
NEGROS OCCIDENTAL,"preserved or processed meat (tocino, tapa, longaniza, etc)",ENRIQUE B. MAGALONA (SARAVIA),bilog,13,,g,0,,1,1,,62.5,2,1,2,2,1,,,price-quantity,59.51350667064833,.2184378089488636,province_median,1,2024m10,.9522161067303732,1
NEGROS OCCIDENTAL,"preserved or processed meat (tocino, tapa, longaniza, etc)",ENRIQUE B. MAGALONA (SARAVIA),cans,39.16666793823242,,g,0,,1,1,,150,5,0,0,0,1,,,price-quantity,143.2479221522755,.2734187508604657,province_median,2,2024m10,.954986147681837,0
NEGROS OCCIDENTAL,"preserved or processed meat (tocino, tapa, longaniza, etc)",ENRIQUE B. MAGALONA (SARAVIA),putos,55.55555725097656,,g,0,,1,1,,215,2,0,0,0,1,,,price-quantity,204.7264629470302,.2713648077110124,municipality_median,1,2024m10,.9522161067303732,0
NEGROS OCCIDENTAL,cabbage,HINIGARAN,pieces or units,50,1,g,0,1,1,1,,490,15,1,2,2,1,1,0,size-based,490,.1020408163265306,,,,,.1333333333333333
NEGROS OCCIDENTAL,camote,HINIGARAN,bilog,5,,g,0,,1,1,,112.5,2,0,0,0,1,,,price-quantity,114.7517086317021,.0435723359557773,municipality_median,1,2024m12,1.020015187837352,0
NEGROS OCCIDENTAL,camote tops,HINIGARAN,bugkos,20,1,g,0,1,1,1,,267.5,2,0,0,0,1,1,0,size-based,267.5,.0747663551401869,,,,,0
NEGROS OCCIDENTAL,carrot,HINIGARAN,pieces or units,15.83333301544189,,g,0,,1,1,,140,5,0,0,0,1,,,price-quantity,134.5159506364622,.117705989070638,municipality_median,1,2024m12,.9608282188318727,0
NEGROS OCCIDENTAL,chicken,HINIGARAN,bilog,150,,g,0,,2,1,,855,3,0,0,0,1,,,price-quantity,800.4086840928867,.1874042635731731,mp25_price,1,2024m12,.9361505077109785,0
NEGROS OCCIDENTAL,chicken,HINIGARAN,bilog,235,,g,0,,2,1,,1090,3,0,0,0,2,,,price-quantity,1020.404053404967,.2303009275745554,mp50_price,1,2024m12,.9361505077109785,0
NEGROS OCCIDENTAL,chicken,HINIGARAN,whole (chicken),200,1,g,0,3,3,1,,1055,1,0,0,0,1,1,2,size-based,1055,.1895734597156398,,,,,0
NEGROS OCCIDENTAL,chicken,HINIGARAN,whole (chicken),275,2,g,0,3,3,0,this part of the cut came back empty,,,,,,,,,size-based,,,,,,,
NEGROS OCCIDENTAL,chicken,HINIGARAN,whole (chicken),362.5,3,g,0,3,3,0,this part of the cut came back empty,,,,,,,,,size-based,,,,,,,
NEGROS OCCIDENTAL,fresh fish,HINIGARAN,pieces or units,160,1,g,0,1,1,1,,525,3,0,1,1,1,1,0,size-based,525,.3047619047619048,,,,,.3333333333333333
NEGROS OCCIDENTAL,fresh fish,HINIGARAN,pieces or units,110,,g,0,1,1,0,"unique price, no weighing behind it",,,,,,,,,size-based,,,,,,,
NEGROS OCCIDENTAL,"ice cream, sorbet, edible ice (eg., ice-lolli, halo-halo)",HINIGARAN,pieces or units,27.5,1,g,0,2,2,1,,43,1,0,0,0,1,1,1,size-based,43,.6395348837209303,,,,,0
NEGROS OCCIDENTAL,"ice cream, sorbet, edible ice (eg., ice-lolli, halo-halo)",HINIGARAN,pieces or units,70,2,g,0,2,2,0,this part of the cut came back empty,,,,,,,,,size-based,,,,,,,
NEGROS OCCIDENTAL,"ice cream, sorbet, edible ice (eg., ice-lolli, halo-halo)",HINIGARAN,pieces or units,27.5,1,mL,0,2,2,1,,110,1,0,0,0,1,1,1,size-based,110,.25,,,,,0
NEGROS OCCIDENTAL,"ice cream, sorbet, edible ice (eg., ice-lolli, halo-halo)",HINIGARAN,pieces or units,70,2,mL,0,2,2,0,this part of the cut came back empty,,,,,,,,,size-based,,,,,,,
NEGROS OCCIDENTAL,"ice cream, sorbet, edible ice (eg., ice-lolli, halo-halo)",HINIGARAN,putos,38,1,mL,0,1,1,1,,49,1,0,0,0,1,1,0,size-based,49,.7755102040816326,,,,,0
NEGROS OCCIDENTAL,"ice cream, sorbet, edible ice (eg., ice-lolli, halo-halo)",HINIGARAN,putos,100,,mL,0,1,1,0,"unique price, no weighing behind it",,,,,,,,,size-based,,,,,,,
NEGROS OCCIDENTAL,"ice cream, sorbet, edible ice (eg., ice-lolli, halo-halo)",HINIGARAN,putos,70,,mL,0,1,1,0,"unique price, no weighing behind it",,,,,,,,,size-based,,,,,,,
NEGROS OCCIDENTAL,"ice cream, sorbet, edible ice (eg., ice-lolli, halo-halo)",HINIGARAN,small cup,35,1,mL,0,3,3,1,,100,1,0,0,0,1,2,1,size-based,100,.35,,,,,0
NEGROS OCCIDENTAL,"ice cream, sorbet, edible ice (eg., ice-lolli, halo-halo)",HINIGARAN,small cup,60,2,mL,0,3,3,1,,120,1,0,0,0,2,2,1,size-based,120,.5,,,,,0
NEGROS OCCIDENTAL,"ice cream, sorbet, edible ice (eg., ice-lolli, halo-halo)",HINIGARAN,small cup,100,3,mL,0,3,3,0,this part of the cut came back empty,,,,,,,,,size-based,,,,,,,
NEGROS OCCIDENTAL,"ice cream, sorbet, edible ice (eg., ice-lolli, halo-halo)",HINIGARAN,tupperware,250,1,mL,0,1,1,1,,575,2,0,0,0,1,1,0,size-based,575,.4347826086956522,,,,,0
NEGROS OCCIDENTAL,"liquor (e.g, whisky, coconut wine)",HINIGARAN,lipid/lapad,80,,mL,0,,1,1,,375,2,0,0,0,1,,,price-quantity,396.7496120004981,.2016385084704243,municipality_median,1,2024m12,1.057998965334662,0
NEGROS OCCIDENTAL,"liquor (e.g, whisky, coconut wine)",HINIGARAN,long-neck,130,,mL,0,,1,1,,750,3,0,0,0,1,,,price-quantity,793.4992240009962,.1638312881322198,unique_mun_price6,1,2024m12,1.057998965334662,0
NEGROS OCCIDENTAL,loaf bread,HINIGARAN,large packs,160,1,g,0,1,1,1,,415,1,0,0,0,1,1,0,size-based,415,.3855421686746988,,,,,0
NEGROS OCCIDENTAL,loaf bread,HINIGARAN,medium packs,65,1,g,0,1,1,1,,575,2,0,0,0,1,1,0,size-based,575,.1130434782608696,,,,,0
NEGROS OCCIDENTAL,loaf bread,HINIGARAN,small packs,50,1,g,0,1,1,1,,385,2,0,0,0,1,1,0,size-based,385,.1298701298701299,,,,,0
NEGROS OCCIDENTAL,mango,HINIGARAN,pieces or units,30,,g,0,,1,1,,215,5,0,0,0,1,,,price-quantity,238.353023086891,.1258637277239969,province_median,1,2024m12,1.108618712032051,0
NEGROS OCCIDENTAL,"prawns, lobster, shrimp",HINIGARAN,tumpok,80,,g,0,,1,1,,235,2,0,0,0,1,,,price-quantity,256.2736968728437,.312166254189145,province_median,1,2024m12,1.090526369671675,0
NEGROS OCCIDENTAL,"preserved or processed meat (tocino, tapa, longaniza, etc)",HINIGARAN,bilog,11,,g,0,,1,1,,250,4,0,1,1,1,,,price-quantity,237.3964038364894,.0463360009765625,municipality_median,1,2024m12,.9495856153459578,.25
NEGROS OCCIDENTAL,"preserved or processed meat (tocino, tapa, longaniza, etc)",HINIGARAN,putos,51.25,,g,0,,1,1,,237.5,4,0,0,0,1,,,price-quantity,225.526583644665,.2272459378037156,municipality_median,1,2024m12,.9495856153459578,0
NEGROS OCCIDENTAL,cabbage,HINOBA-AN (ASIA),pack,20,1,g,0,1,1,1,,265,3,0,2,2,1,1,0,size-based,265,.0754716981132075,,,,,.6666666666666666
NEGROS OCCIDENTAL,camote tops,HINOBA-AN (ASIA),bugkos,30,1,g,0,1,1,1,,290,3,0,0,0,1,1,0,size-based,290,.103448275862069,,,,,0
NEGROS OCCIDENTAL,camote tops,HINOBA-AN (ASIA),bundle,20,1,g,0,1,1,1,,290,3,0,0,0,1,1,0,size-based,290,.0689655172413793,,,,,0
NEGROS OCCIDENTAL,carrot,HINOBA-AN (ASIA),pieces or units,15,,g,0,,1,1,,105,3,0,0,0,1,,,price-quantity,96.49287181172789,.1554518973097542,province_median,1,2024m12,.9189797315402657,0
NEGROS OCCIDENTAL,chicken,HINOBA-AN (ASIA),bilog,187.5,,g,0,,3,1,,910,1,0,0,0,1,,,price-quantity,849.0175998622772,.2208434784277914,mp25_price,1,2024m12,.9329863734750298,0
NEGROS OCCIDENTAL,chicken,HINOBA-AN (ASIA),bilog,225,,g,0,,3,1,,1052.5,2,0,0,0,2,,,price-quantity,981.9681580824688,.2291316659792382,mp50_price,1,2024m12,.9329863734750298,0
NEGROS OCCIDENTAL,chicken,HINOBA-AN (ASIA),bilog,257.5,,g,0,,3,1,,1135,1,0,0,0,3,,,price-quantity,1058.939533894159,.2431678030312703,mp75_price,1,2024m12,.9329863734750298,0
NEGROS OCCIDENTAL,chicken,HINOBA-AN (ASIA),whole (chicken),150,,g,0,,2,1,,945,2,0,0,0,1,,,price-quantity,881.6721229339032,.1701312722702985,unique_mun_price6,1,2024m12,.9329863734750298,0
NEGROS OCCIDENTAL,chicken,HINOBA-AN (ASIA),whole (chicken),180,,g,0,,2,1,,1047.5,2,0,0,0,2,,,price-quantity,977.3032262150938,.1841802985723327,unique_mun_price7,1,2024m12,.9329863734750298,0
NEGROS OCCIDENTAL,"ice cream, sorbet, edible ice (eg., ice-lolli, halo-halo)",HINOBA-AN (ASIA),pieces or units,40,1,g,0,1,1,1,,71,2,0,1,1,1,1,0,size-based,71,.5633802816901409,,,,,.5
NEGROS OCCIDENTAL,"ice cream, sorbet, edible ice (eg., ice-lolli, halo-halo)",HINOBA-AN (ASIA),pieces or units,40,1,mL,0,1,1,1,,115,1,0,0,0,1,1,0,size-based,115,.3478260869565217,,,,,0
NEGROS OCCIDENTAL,"ice cream, sorbet, edible ice (eg., ice-lolli, halo-halo)",HINOBA-AN (ASIA),putos,40,1,g,0,1,1,1,,63,3,0,0,0,1,1,0,size-based,63,.6349206349206349,,,,,0
NEGROS OCCIDENTAL,"ice cream, sorbet, edible ice (eg., ice-lolli, halo-halo)",HINOBA-AN (ASIA),putos,40,1,mL,0,1,1,1,,60,1,0,0,0,1,1,0,size-based,60,.6666666666666666,,,,,0
NEGROS OCCIDENTAL,"ice cream, sorbet, edible ice (eg., ice-lolli, halo-halo)",HINOBA-AN (ASIA),small cup,30,1,g,0,1,1,1,,100,2,0,0,0,1,1,0,size-based,100,.3,,,,,0
NEGROS OCCIDENTAL,"ice cream, sorbet, edible ice (eg., ice-lolli, halo-halo)",HINOBA-AN (ASIA),small cup,30,1,mL,0,1,1,1,,100,1,0,0,0,1,1,0,size-based,100,.3,,,,,0
NEGROS OCCIDENTAL,"liquor (e.g, whisky, coconut wine)",HINOBA-AN (ASIA),lipid/lapad,80,,mL,0,,1,1,,375,2,0,0,0,1,,,price-quantity,401.313889572254,.1993452060312917,municipality_median,1,2024m12,1.070170372192677,0
NEGROS OCCIDENTAL,"liquor (e.g, whisky, coconut wine)",HINOBA-AN (ASIA),long-neck,157.5,,mL,0,,1,1,,750,2,0,0,0,1,,,price-quantity,802.6277791445079,.1962304371870527,province_median,1,2024m12,1.070170372192677,0
NEGROS OCCIDENTAL,loaf bread,HINOBA-AN (ASIA),large packs,90,1,g,0,2,2,1,,640,6,0,0,0,1,1,1,size-based,640,.140625,,,,,0
NEGROS OCCIDENTAL,loaf bread,HINOBA-AN (ASIA),large packs,160,2,g,0,2,2,0,this part of the cut came back empty,,,,,,,,,size-based,,,,,,,
NEGROS OCCIDENTAL,loaf bread,HINOBA-AN (ASIA),medium packs,50,1,g,0,1,1,1,,450,6,0,0,0,1,1,0,size-based,450,.1111111111111111,,,,,0
NEGROS OCCIDENTAL,loaf bread,HINOBA-AN (ASIA),small packs,50,1,g,0,1,1,1,,220,5,0,0,0,1,1,0,size-based,220,.2272727272727273,,,,,0
NEGROS OCCIDENTAL,"preserved or processed meat (tocino, tapa, longaniza, etc)",HINOBA-AN (ASIA),bilog,45,,g,0,,1,1,,200,3,0,0,0,1,,,price-quantity,190.4696008151228,.2362581735217618,unique_mun_price6,1,2024m12,.9523480040756142,0
NEGROS OCCIDENTAL,"preserved or processed meat (tocino, tapa, longaniza, etc)",HINOBA-AN (ASIA),pack,37.5,,g,0,,1,1,,250,1,0,0,0,1,,,price-quantity,238.0870010189035,.1575054490145079,province_median,1,2024m12,.9523480040756142,0
NEGROS OCCIDENTAL,"preserved or processed meat (tocino, tapa, longaniza, etc)",HINOBA-AN (ASIA),putos,48,,g,0,,1,1,,250,4,0,0,0,1,,,price-quantity,238.0870010189035,.2016069747385701,municipality_median,1,2024m12,.9523480040756142,0
NEGROS OCCIDENTAL,cabbage,ILOG,pieces or units,50,1,g,0,1,1,1,,525,9,0,0,0,1,1,0,size-based,525,.0952380952380952,,,,,0
NEGROS OCCIDENTAL,camote tops,ILOG,bugkos,20,1,g,0,1,1,1,,375,3,0,2,2,1,1,0,size-based,375,.0533333333333333,,,,,.6666666666666666
NEGROS OCCIDENTAL,camote tops,ILOG,bundle,10,,g,0,,1,1,,270,3,0,0,0,1,,,price-quantity,312.3920001612518,.0320110630068573,province_median,1,2024m12,1.157007408004636,0
NEGROS OCCIDENTAL,carrot,ILOG,pieces or units,15,,g,0,,1,1,,100,3,0,0,0,1,,,price-quantity,96.08282188318728,.1561153149543865,municipality_median,1,2024m12,.9608282188318727,0
NEGROS OCCIDENTAL,chicken,ILOG,bilog,245,,g,0,,3,1,,1125,3,0,0,0,1,,,price-quantity,1053.169321174851,.2326311591821656,mp25_price,1,2024m12,.9361505077109785,0
NEGROS OCCIDENTAL,chicken,ILOG,bilog,270,,g,0,,3,1,,1325,3,0,0,0,2,,,price-quantity,1240.399422717046,.2176718201049913,mp50_price,1,2024m12,.9361505077109785,0
NEGROS OCCIDENTAL,chicken,ILOG,bilog,310,,g,0,,3,1,,1580,3,0,0,0,3,,,price-quantity,1479.117802183346,.209584388439112,mp75_price,1,2024m12,.9361505077109785,0
NEGROS OCCIDENTAL,chicken,ILOG,whole (chicken),250,1,g,0,3,3,1,,1070,3,0,0,0,1,3,0,size-based,1070,.2336448598130841,,,,,0
NEGROS OCCIDENTAL,chicken,ILOG,whole (chicken),345,2,g,0,3,3,1,,1115,2,0,0,0,2,3,0,size-based,1115,.3094170403587444,,,,,0
NEGROS OCCIDENTAL,chicken,ILOG,whole (chicken),485,3,g,0,3,3,1,,1245,2,0,0,0,3,3,0,size-based,1245,.3895582329317269,,,,,0
NEGROS OCCIDENTAL,"ice cream, sorbet, edible ice (eg., ice-lolli, halo-halo)",ILOG,pieces or units,40,1,g,0,1,1,1,,110,3,0,0,0,1,1,0,size-based,110,.3636363636363636,,,,,0
NEGROS OCCIDENTAL,"ice cream, sorbet, edible ice (eg., ice-lolli, halo-halo)",ILOG,pieces or units,40,1,mL,0,1,1,1,,35,1,0,1,1,1,1,0,size-based,35,1.142857142857143,,,,,1
NEGROS OCCIDENTAL,"ice cream, sorbet, edible ice (eg., ice-lolli, halo-halo)",ILOG,putos,38,1,g,0,1,1,1,,45,3,0,0,0,1,1,0,size-based,45,.8444444444444444,,,,,0
NEGROS OCCIDENTAL,"ice cream, sorbet, edible ice (eg., ice-lolli, halo-halo)",ILOG,putos,38,1,mL,0,1,1,1,,92,1,0,0,0,1,1,0,size-based,92,.4130434782608696,,,,,0
NEGROS OCCIDENTAL,"ice cream, sorbet, edible ice (eg., ice-lolli, halo-halo)",ILOG,small cup,25,1,g,0,1,1,1,,100,5,0,0,0,1,1,0,size-based,100,.25,,,,,0
NEGROS OCCIDENTAL,"liquor (e.g, whisky, coconut wine)",ILOG,lipid/lapad,82.5,,mL,0,,1,1,,375,1,0,0,0,1,,,price-quantity,396.7496120004981,.2079397118601251,municipality_median,1,2024m12,1.057998965334662,0
NEGROS OCCIDENTAL,loaf bread,ILOG,large packs,90,1,g,0,1,1,1,,640,3,0,0,0,1,1,0,size-based,640,.140625,,,,,0
NEGROS OCCIDENTAL,loaf bread,ILOG,medium packs,65,1,g,0,1,1,1,,450,3,0,0,0,1,1,0,size-based,450,.1444444444444444,,,,,0
NEGROS OCCIDENTAL,loaf bread,ILOG,small packs,50,1,g,0,1,1,1,,360,3,0,0,0,1,1,0,size-based,360,.1388888888888889,,,,,0
NEGROS OCCIDENTAL,"preserved or processed meat (tocino, tapa, longaniza, etc)",ILOG,bilog,13,,g,0,,1,1,,60,3,2,3,3,1,,,price-quantity,56.97513692075746,.2281697017785275,province_median,1,2024m12,.9495856153459578,1
NEGROS OCCIDENTAL,"preserved or processed meat (tocino, tapa, longaniza, etc)",ILOG,putos,55,,g,0,,1,1,,250,3,0,0,0,1,,,price-quantity,237.3964038364894,.2316800048828125,municipality_median,1,2024m12,.9495856153459578,0
NEGROS OCCIDENTAL,cabbage,ISABELA,pieces or units,40,1,g,0,1,1,1,,475,9,0,1,1,1,1,0,size-based,475,.0842105263157895,,,,,.1111111111111111
NEGROS OCCIDENTAL,camote,ISABELA,bilog,6.666666507720947,,g,0,,1,1,,120,3,0,0,0,1,,,price-quantity,124.1263304036915,.0537087214778621,province_median,1,2024m11,1.034386086697429,0
NEGROS OCCIDENTAL,camote,ISABELA,bilog,6.666666507720947,,g,0,,1,1,,120,3,0,0,0,1,,,price-quantity,122.4018225404823,.0544654186461649,province_median,1,2024m12,1.020015187837352,0
NEGROS OCCIDENTAL,camote tops,ISABELA,bugkos,20,1,g,0,1,1,1,,235,9,1,3,3,1,1,0,size-based,235,.0851063829787234,,,,,.3333333333333333
NEGROS OCCIDENTAL,carrot,ISABELA,pieces or units,15,,g,0,,1,1,,135,3,0,0,0,1,,,price-quantity,134.7969455831364,.1112784858374162,municipality_median,1,2024m11,.9984958932084178,0
NEGROS OCCIDENTAL,carrot,ISABELA,pieces or units,15,,g,0,,1,1,,135,3,0,0,0,1,,,price-quantity,129.7118095423028,.1156409740402863,municipality_median,1,2024m12,.9608282188318727,0
NEGROS OCCIDENTAL,chicken,ISABELA,whole (chicken),210,,g,0,,3,1,,1035,3,0,0,0,1,,,price-quantity,991.4742865191215,.2118057955262463,mp25_price,1,2024m11,.9579461705498759,0
NEGROS OCCIDENTAL,chicken,ISABELA,whole (chicken),210,,g,0,,3,1,,1035,3,0,0,0,1,,,price-quantity,968.9157754808627,.2167371048281046,mp25_price,1,2024m12,.9361505077109785,0
NEGROS OCCIDENTAL,chicken,ISABELA,whole (chicken),250,,g,0,,3,1,,1140,3,0,0,0,2,,,price-quantity,1092.058634426858,.2289254368939692,mp50_price,1,2024m11,.9579461705498759,0
NEGROS OCCIDENTAL,chicken,ISABELA,whole (chicken),250,,g,0,,3,1,,1140,3,0,0,0,2,,,price-quantity,1067.211578790515,.2342553294664664,mp50_price,1,2024m12,.9361505077109785,0
NEGROS OCCIDENTAL,chicken,ISABELA,whole (chicken),300,,g,0,,3,1,,1505,3,0,0,0,3,,,price-quantity,1441.708986677563,.2080863771899999,mp75_price,1,2024m11,.9579461705498759,0
NEGROS OCCIDENTAL,chicken,ISABELA,whole (chicken),300,,g,0,,3,1,,1505,3,0,0,0,3,,,price-quantity,1408.906514105023,.2129310901728412,mp75_price,1,2024m12,.9361505077109785,0
NEGROS OCCIDENTAL,fresh fish,ISABELA,pieces or units,160,1,g,0,1,1,1,,295,9,0,0,0,1,1,0,size-based,295,.5423728813559322,,,,,0
NEGROS OCCIDENTAL,fresh fish,ISABELA,pieces or units,80,,g,0,1,1,0,"unique price, no weighing behind it",,,,,,,,,size-based,,,,,,,
NEGROS OCCIDENTAL,"ice cream, sorbet, edible ice (eg., ice-lolli, halo-halo)",ISABELA,putos,38,1,mL,0,1,1,1,,52.5,4,0,0,0,1,1,0,size-based,52.5,.7238095238095238,,,,,0
NEGROS OCCIDENTAL,"ice cream, sorbet, edible ice (eg., ice-lolli, halo-halo)",ISABELA,small cup,60,1,mL,0,1,1,1,,110,3,0,0,0,1,1,0,size-based,110,.5454545454545454,,,,,0
NEGROS OCCIDENTAL,"liquor (e.g, whisky, coconut wine)",ISABELA,lipid/lapad,85,,mL,0,,1,1,,375,3,0,0,0,1,,,price-quantity,405.8373270219232,.209443524142392,municipality_median,1,2024m11,1.082232872058462,0
NEGROS OCCIDENTAL,"liquor (e.g, whisky, coconut wine)",ISABELA,lipid/lapad,85,,mL,0,,1,1,,375,3,0,0,0,1,,,price-quantity,401.313889572254,.2118042814082474,municipality_median,1,2024m12,1.070170372192677,0
NEGROS OCCIDENTAL,"liquor (e.g, whisky, coconut wine)",ISABELA,long-neck,155,,mL,0,,1,1,,750,4,0,0,0,1,,,price-quantity,811.6746540438464,.1909632131886515,municipality_median,1,2024m11,1.082232872058462,0
NEGROS OCCIDENTAL,"liquor (e.g, whisky, coconut wine)",ISABELA,long-neck,155,,mL,0,,1,1,,750,4,0,0,0,1,,,price-quantity,802.6277791445079,.1931156683428138,municipality_median,1,2024m12,1.070170372192677,0
NEGROS OCCIDENTAL,loaf bread,ISABELA,large packs,80,1,g,0,1,1,1,,650,3,0,0,0,1,1,0,size-based,650,.1230769230769231,,,,,0
NEGROS OCCIDENTAL,loaf bread,ISABELA,medium packs,70,1,g,0,1,1,1,,450,3,0,0,0,1,1,0,size-based,450,.1555555555555556,,,,,0
NEGROS OCCIDENTAL,loaf bread,ISABELA,small packs,60,1,g,0,2,2,1,,220,1,0,0,0,1,2,0,size-based,220,.2727272727272727,,,,,0
NEGROS OCCIDENTAL,loaf bread,ISABELA,small packs,146.25,2,g,0,2,2,1,,360,1,0,0,0,2,2,0,size-based,360,.40625,,,,,0
NEGROS OCCIDENTAL,mango,ISABELA,pieces or units,30,,g,0,,1,1,,215,3,0,0,0,1,,,price-quantity,239.4839809871513,.1252693390027183,province_median,1,2024m11,1.113878981335587,0
NEGROS OCCIDENTAL,mango,ISABELA,pieces or units,30,,g,0,,1,1,,215,3,0,0,0,1,,,price-quantity,238.353023086891,.1258637277239969,province_median,1,2024m12,1.108618712032051,0
NEGROS OCCIDENTAL,"preserved or processed meat (tocino, tapa, longaniza, etc)",ISABELA,bilog,13,,g,0,,1,1,,60,3,3,3,3,1,,,price-quantity,57.97610557323237,.2242303078391335,province_median,1,2024m11,.9662684262205395,1
NEGROS OCCIDENTAL,"preserved or processed meat (tocino, tapa, longaniza, etc)",ISABELA,bilog,13,,g,0,,1,1,,60,3,3,3,3,1,,,price-quantity,56.97513692075746,.2281697017785275,province_median,1,2024m12,.9495856153459578,1
NEGROS OCCIDENTAL,"preserved or processed meat (tocino, tapa, longaniza, etc)",ISABELA,putos,50,,g,0,,1,1,,250,3,0,0,0,1,,,price-quantity,241.5671065551349,.2069818226207386,municipality_median,1,2024m11,.9662684262205395,0
NEGROS OCCIDENTAL,"preserved or processed meat (tocino, tapa, longaniza, etc)",ISABELA,putos,50,,g,0,,1,1,,250,3,0,0,0,1,,,price-quantity,237.3964038364894,.2106181862571023,municipality_median,1,2024m12,.9495856153459578,0
NEGROS OCCIDENTAL,cabbage,LA CASTELLANA,pieces or units,40,1,g,0,1,1,1,,640,9,0,2,2,1,1,0,size-based,640,.0625,,,,,.2222222222222222
NEGROS OCCIDENTAL,camote,LA CASTELLANA,bilog,6.666666507720947,,g,0,,1,1,,140,3,0,0,0,1,,,price-quantity,147.8805429495162,.0450814310980507,province_median,1,2024m10,1.056289592496545,0
NEGROS OCCIDENTAL,camote tops,LA CASTELLANA,bugkos,20,1,g,0,1,1,1,,187.5,2,0,0,0,1,1,0,size-based,187.5,.1066666666666667,,,,,0
NEGROS OCCIDENTAL,carrot,LA CASTELLANA,pieces or units,15,,g,0,,1,1,,175,3,0,0,0,1,,,price-quantity,178.9351973542723,.0838292310388862,province_median,1,2024m10,1.022486842024413,0
NEGROS OCCIDENTAL,chicken,LA CASTELLANA,bilog,250,,g,0,,2,1,,1080,2,0,0,0,1,,,price-quantity,1015.453198159178,.2461954922720241,mp25_price,1,2024m10,.9402344427399794,0
NEGROS OCCIDENTAL,chicken,LA CASTELLANA,bilog,290,,g,0,,2,1,,1440,2,0,0,0,2,,,price-quantity,1353.93759754557,.214190078276661,mp50_price,1,2024m10,.9402344427399794,0
NEGROS OCCIDENTAL,"ice cream, sorbet, edible ice (eg., ice-lolli, halo-halo)",LA CASTELLANA,pieces or units,40,1,mL,0,1,1,1,,110,3,0,0,0,1,1,0,size-based,110,.3636363636363636,,,,,0
NEGROS OCCIDENTAL,"ice cream, sorbet, edible ice (eg., ice-lolli, halo-halo)",LA CASTELLANA,putos,41.5,1,mL,0,1,1,1,,56,2,0,0,0,1,1,0,size-based,56,.7410714285714286,,,,,0
NEGROS OCCIDENTAL,"ice cream, sorbet, edible ice (eg., ice-lolli, halo-halo)",LA CASTELLANA,putos,100,,mL,0,1,1,0,"unique price, no weighing behind it",,,,,,,,,size-based,,,,,,,
NEGROS OCCIDENTAL,"ice cream, sorbet, edible ice (eg., ice-lolli, halo-halo)",LA CASTELLANA,small cup,48,1,mL,0,1,1,1,,100,1,0,0,0,1,1,0,size-based,100,.48,,,,,0
NEGROS OCCIDENTAL,"liquor (e.g, whisky, coconut wine)",LA CASTELLANA,lipid/lapad,80,,mL,0,,1,1,,375,4,0,0,0,1,,,price-quantity,402.9166656670965,.1985522238638268,municipality_median,1,2024m10,1.074444441778924,0
NEGROS OCCIDENTAL,"liquor (e.g, whisky, coconut wine)",LA CASTELLANA,long-neck,157.5,,mL,0,,1,1,,750,6,0,0,0,1,,,price-quantity,805.8333313341931,.1954498453659545,province_median,1,2024m10,1.074444441778924,0
NEGROS OCCIDENTAL,loaf bread,LA CASTELLANA,large packs,88,1,g,0,1,1,1,,620,2,0,0,0,1,1,0,size-based,620,.1419354838709677,,,,,0
NEGROS OCCIDENTAL,loaf bread,LA CASTELLANA,medium packs,38.75,1,g,0,3,3,1,,400,1,0,0,0,1,1,2,size-based,400,.096875,,,,,0
NEGROS OCCIDENTAL,loaf bread,LA CASTELLANA,medium packs,62.5,2,g,0,3,3,0,this part of the cut came back empty,,,,,,,,,size-based,,,,,,,
NEGROS OCCIDENTAL,loaf bread,LA CASTELLANA,medium packs,98.75,3,g,0,3,3,0,this part of the cut came back empty,,,,,,,,,size-based,,,,,,,
NEGROS OCCIDENTAL,loaf bread,LA CASTELLANA,small packs,65,1,g,0,3,3,1,,360,1,0,0,0,1,2,1,size-based,360,.1805555555555556,,,,,0
NEGROS OCCIDENTAL,loaf bread,LA CASTELLANA,small packs,90,2,g,0,3,3,1,,400,1,0,0,0,2,2,1,size-based,400,.225,,,,,0
NEGROS OCCIDENTAL,loaf bread,LA CASTELLANA,small packs,145,3,g,0,3,3,0,this part of the cut came back empty,,,,,,,,,size-based,,,,,,,
NEGROS OCCIDENTAL,"preserved or processed meat (tocino, tapa, longaniza, etc)",LA CASTELLANA,bilog,13,,g,0,,1,1,,155,2,1,1,1,1,,,price-quantity,147.5934965432078,.0880797616729289,province_median,1,2024m10,.9522161067303732,.5
NEGROS OCCIDENTAL,"preserved or processed meat (tocino, tapa, longaniza, etc)",LA CASTELLANA,putos,45,,g,0,,1,1,,225,2,0,0,0,1,,,price-quantity,214.248624014334,.2100363547585227,municipality_median,1,2024m10,.9522161067303732,0
NEGROS OCCIDENTAL,cabbage,MANAPLA,pieces or units,37,1,g,0,1,1,1,,510,12,0,0,0,1,1,0,size-based,510,.0725490196078431,,,,,0
NEGROS OCCIDENTAL,camote tops,MANAPLA,bugkos,30,1,g,0,1,1,1,,270,9,2,4,4,1,1,0,size-based,270,.1111111111111111,,,,,.4444444444444444
NEGROS OCCIDENTAL,carrot,MANAPLA,pieces or units,15,,g,0,,1,1,,125,4,0,0,0,1,,,price-quantity,127.8108552530516,.1173609234544408,municipality_median,1,2024m10,1.022486842024413,0
NEGROS OCCIDENTAL,chicken,MANAPLA,whole (chicken),250,,g,0,,1,1,,1217.5,4,0,0,0,1,,,price-quantity,1144.735434035925,.218391073226929,province_median,1,2024m10,.9402344427399794,0
NEGROS OCCIDENTAL,fresh fish,MANAPLA,pieces or units,160,1,g,0,1,1,1,,580,9,0,2,2,1,1,0,size-based,580,.2758620689655172,,,,,.2222222222222222
NEGROS OCCIDENTAL,"ice cream, sorbet, edible ice (eg., ice-lolli, halo-halo)",MANAPLA,putos,50,1,mL,0,1,1,1,,60,4,0,0,0,1,1,0,size-based,60,.8333333333333334,,,,,0
NEGROS OCCIDENTAL,"ice cream, sorbet, edible ice (eg., ice-lolli, halo-halo)",MANAPLA,small cup,65,1,g,0,2,2,1,,200,1,0,0,0,1,1,1,size-based,200,.325,,,,,0
NEGROS OCCIDENTAL,"ice cream, sorbet, edible ice (eg., ice-lolli, halo-halo)",MANAPLA,small cup,100,2,g,0,2,2,0,this part of the cut came back empty,,,,,,,,,size-based,,,,,,,
NEGROS OCCIDENTAL,"ice cream, sorbet, edible ice (eg., ice-lolli, halo-halo)",MANAPLA,small cup,65,1,mL,0,2,2,1,,120,3,0,0,0,1,2,0,size-based,120,.5416666666666666,,,,,0
NEGROS OCCIDENTAL,"ice cream, sorbet, edible ice (eg., ice-lolli, halo-halo)",MANAPLA,small cup,100,2,mL,0,2,2,1,,135,1,0,0,0,2,2,0,size-based,135,.7407407407407407,,,,,0
NEGROS OCCIDENTAL,"liquor (e.g, whisky, coconut wine)",MANAPLA,lipid/lapad,75,,mL,0,,1,1,,375,6,0,0,0,1,,,price-quantity,402.9166656670965,.1861427098723376,municipality_median,1,2024m10,1.074444441778924,0
NEGROS OCCIDENTAL,loaf bread,MANAPLA,large packs,90,1,g,0,1,1,1,,640,5,0,0,0,1,1,0,size-based,640,.140625,,,,,0
NEGROS OCCIDENTAL,loaf bread,MANAPLA,large packs,120,,g,0,1,1,0,"unique price, no weighing behind it",,,,,,,,,size-based,,,,,,,
NEGROS OCCIDENTAL,loaf bread,MANAPLA,medium packs,77.5,1,g,0,2,2,1,,450,5,0,0,0,1,2,0,size-based,450,.1722222222222222,,,,,0
NEGROS OCCIDENTAL,loaf bread,MANAPLA,medium packs,120,2,g,0,2,2,1,,620,1,0,0,0,2,2,0,size-based,620,.1935483870967742,,,,,0
NEGROS OCCIDENTAL,loaf bread,MANAPLA,small packs,50,1,g,0,1,1,1,,220,1,0,0,0,1,1,0,size-based,220,.2272727272727273,,,,,0
NEGROS OCCIDENTAL,"prawns, lobster, shrimp",MANAPLA,tumpok,75,,g,0,,3,1,,135,3,0,0,0,1,,,price-quantity,146.8860847463721,.5105997625949545,mp25_price,1,2024m10,1.088045072195349,0
NEGROS OCCIDENTAL,"prawns, lobster, shrimp",MANAPLA,tumpok,100,,g,0,,3,1,,205,3,0,0,0,2,,,price-quantity,223.0492398000466,.4483314988638626,mp50_price,1,2024m10,1.088045072195349,0
NEGROS OCCIDENTAL,"prawns, lobster, shrimp",MANAPLA,tumpok,125,,g,0,,3,1,,280,3,0,0,0,3,,,price-quantity,304.6526202146978,.4103033806566599,mp75_price,1,2024m10,1.088045072195349,0
NEGROS OCCIDENTAL,"preserved or processed meat (tocino, tapa, longaniza, etc)",MANAPLA,bilog,13,,g,0,,1,1,,65,3,0,3,3,1,,,price-quantity,61.89404693747426,.2100363547585227,province_median,1,2024m10,.9522161067303732,1
NEGROS OCCIDENTAL,"preserved or processed meat (tocino, tapa, longaniza, etc)",MANAPLA,pack,120,,g,0,,1,1,,200,1,0,0,0,1,,,price-quantity,190.4432213460746,.6301090642755681,province_median,1,2024m10,.9522161067303732,0
NEGROS OCCIDENTAL,"preserved or processed meat (tocino, tapa, longaniza, etc)",MANAPLA,putos,47.5,,g,0,,1,1,,250,3,0,0,0,1,,,price-quantity,238.0540266825933,.1995345370205966,municipality_median,1,2024m10,.9522161067303732,0
NEGROS OCCIDENTAL,cabbage,MOISES PADILLA (MAGALLON),pieces or units,35,1,g,0,1,1,1,,420,15,0,3,3,1,1,0,size-based,420,.0833333333333333,,,,,.2
NEGROS OCCIDENTAL,camote,MOISES PADILLA (MAGALLON),bilog,6.666666507720947,,g,0,,1,1,,75,5,0,0,0,1,,,price-quantity,77.57895650230718,.0859339543645793,province_median,1,2024m11,1.034386086697429,0
NEGROS OCCIDENTAL,camote tops,MOISES PADILLA (MAGALLON),bugkos,30,1,g,0,1,1,1,,540,5,2,2,3,1,1,0,size-based,540,.0555555555555556,,,,,.6
NEGROS OCCIDENTAL,carrot,MOISES PADILLA (MAGALLON),pieces or units,15,,g,0,,1,1,,150,5,0,0,0,1,,,price-quantity,149.7743839812627,.1001506372536745,province_median,1,2024m11,.9984958932084178,0
NEGROS OCCIDENTAL,chicken,MOISES PADILLA (MAGALLON),bilog,250,1,g,0,2,2,1,,202.5,2,2,0,2,1,2,0,size-based,202.5,1.234567901234568,,,,,1
NEGROS OCCIDENTAL,chicken,MOISES PADILLA (MAGALLON),bilog,375,2,g,0,2,2,1,,435,1,0,1,1,2,2,0,size-based,435,.8620689655172413,,,,,1
NEGROS OCCIDENTAL,chicken,MOISES PADILLA (MAGALLON),whole (chicken),220,,g,0,,2,1,,1090,1,0,0,0,1,,,price-quantity,1044.161325899365,.2106954112770917,mp50_price,1,2024m11,.9579461705498759,0
NEGROS OCCIDENTAL,chicken,MOISES PADILLA (MAGALLON),whole (chicken),250,,g,0,,2,1,,1305,1,0,0,0,2,,,price-quantity,1250.119752567588,.1999808414246168,mp75_price,1,2024m11,.9579461705498759,0
NEGROS OCCIDENTAL,"ice cream, sorbet, edible ice (eg., ice-lolli, halo-halo)",MOISES PADILLA (MAGALLON),pieces or units,18.75,1,g,0,3,3,1,,585,1,0,0,0,1,2,1,size-based,585,.032051282051282,,,,,0
NEGROS OCCIDENTAL,"ice cream, sorbet, edible ice (eg., ice-lolli, halo-halo)",MOISES PADILLA (MAGALLON),pieces or units,47.5,2,g,0,3,3,1,,695,1,0,0,0,2,2,1,size-based,695,.0683453237410072,,,,,0
NEGROS OCCIDENTAL,"ice cream, sorbet, edible ice (eg., ice-lolli, halo-halo)",MOISES PADILLA (MAGALLON),pieces or units,86.25,3,g,0,3,3,0,this part of the cut came back empty,,,,,,,,,size-based,,,,,,,
NEGROS OCCIDENTAL,"ice cream, sorbet, edible ice (eg., ice-lolli, halo-halo)",MOISES PADILLA (MAGALLON),putos,38,1,mL,0,1,1,1,,60,3,0,1,1,1,1,0,size-based,60,.6333333333333333,,,,,.3333333333333333
NEGROS OCCIDENTAL,"liquor (e.g, whisky, coconut wine)",MOISES PADILLA (MAGALLON),lipid/lapad,80,,mL,0,,1,1,,375,6,0,0,0,1,,,price-quantity,401.2216028777082,.1993910582735594,municipality_median,1,2024m11,1.069924274340555,0
NEGROS OCCIDENTAL,"liquor (e.g, whisky, coconut wine)",MOISES PADILLA (MAGALLON),long-neck,157.5,,mL,0,,1,1,,750,6,0,0,0,1,,,price-quantity,802.4432057554163,.196275572988035,province_median,1,2024m11,1.069924274340555,0
NEGROS OCCIDENTAL,loaf bread,MOISES PADILLA (MAGALLON),large packs,81,1,g,0,3,3,1,,600,1,0,0,0,1,2,1,size-based,600,.135,,,,,0
NEGROS OCCIDENTAL,loaf bread,MOISES PADILLA (MAGALLON),large packs,102,2,g,0,3,3,1,,620,1,0,0,0,2,2,1,size-based,620,.1645161290322581,,,,,0
NEGROS OCCIDENTAL,loaf bread,MOISES PADILLA (MAGALLON),large packs,150,3,g,0,3,3,0,this part of the cut came back empty,,,,,,,,,size-based,,,,,,,
NEGROS OCCIDENTAL,loaf bread,MOISES PADILLA (MAGALLON),medium packs,65,1,g,0,1,1,1,,435,2,0,0,0,1,1,0,size-based,435,.1494252873563219,,,,,0
NEGROS OCCIDENTAL,loaf bread,MOISES PADILLA (MAGALLON),small packs,50,1,g,0,1,1,1,,275,2,0,0,0,1,1,0,size-based,275,.1818181818181818,,,,,0
NEGROS OCCIDENTAL,"preserved or processed meat (tocino, tapa, longaniza, etc)",MOISES PADILLA (MAGALLON),putos,50,,g,0,,1,1,,250,2,0,0,0,1,,,price-quantity,241.9184715304565,.2066812000079341,municipality_median,2,2024m11,.967673886121826,0
NEGROS OCCIDENTAL,cabbage,MURCIA,pieces or units,37.5,,g,0,,1,1,,405,3,0,0,0,1,,,price-quantity,444.7889402490605,.0843096502781787,municipality_median,1,2024m11,1.09824429691126,0
NEGROS OCCIDENTAL,camote tops,MURCIA,bugkos,20,1,g,0,1,1,1,,320,3,0,0,0,1,1,0,size-based,320,.0625,,,,,0
NEGROS OCCIDENTAL,carrot,MURCIA,pieces or units,15,,g,0,,1,1,,150,3,0,0,0,1,,,price-quantity,149.7743839812627,.1001506372536745,province_median,1,2024m11,.9984958932084178,0
NEGROS OCCIDENTAL,chicken,MURCIA,bilog,220,,g,0,,2,1,,1140,2,0,0,0,1,,,price-quantity,1092.058634426858,.2014543844666929,mp25_price,1,2024m11,.9579461705498759,0
NEGROS OCCIDENTAL,chicken,MURCIA,bilog,250,,g,0,,2,1,,1185,2,0,0,0,2,,,price-quantity,1135.166212101603,.2202320658726792,mp50_price,1,2024m11,.9579461705498759,0
NEGROS OCCIDENTAL,"ice cream, sorbet, edible ice (eg., ice-lolli, halo-halo)",MURCIA,pieces or units,49,1,mL,0,1,1,1,,100,1,0,0,0,1,1,0,size-based,100,.49,,,,,0
NEGROS OCCIDENTAL,"ice cream, sorbet, edible ice (eg., ice-lolli, halo-halo)",MURCIA,putos,38,1,mL,0,1,1,1,,75,1,0,0,0,1,1,0,size-based,75,.5066666666666667,,,,,0
NEGROS OCCIDENTAL,"liquor (e.g, whisky, coconut wine)",MURCIA,lipid/lapad,80,,mL,0,,1,1,,375,2,0,0,0,1,,,price-quantity,401.2216028777082,.1993910582735594,municipality_median,1,2024m11,1.069924274340555,0
NEGROS OCCIDENTAL,loaf bread,MURCIA,large packs,90,1,g,0,1,1,1,,700,2,0,0,0,1,1,0,size-based,700,.1285714285714286,,,,,0
NEGROS OCCIDENTAL,loaf bread,MURCIA,medium packs,65,1,g,0,1,1,1,,450,1,0,0,0,1,1,0,size-based,450,.1444444444444444,,,,,0
NEGROS OCCIDENTAL,"prawns, lobster, shrimp",MURCIA,tumpok,100,,g,0,,1,1,,245,3,0,0,0,1,,,price-quantity,270.4528409669158,.3697502294391978,unique_mun_price6,1,2024m11,1.103889146803738,0
NEGROS OCCIDENTAL,"preserved or processed meat (tocino, tapa, longaniza, etc)",MURCIA,bilog,13,,g,0,,1,1,,60,3,3,3,3,1,,,price-quantity,57.97610557323237,.2242303078391335,province_median,1,2024m11,.9662684262205395,1
NEGROS OCCIDENTAL,"preserved or processed meat (tocino, tapa, longaniza, etc)",MURCIA,putos,57.5,,g,0,,1,1,,250,4,0,0,0,1,,,price-quantity,241.5671065551349,.2380290960138494,municipality_median,1,2024m11,.9662684262205395,0
NEGROS OCCIDENTAL,cabbage,PONTEVEDRA,pieces or units,30,,g,0,,1,1,,445,3,0,1,1,1,,,price-quantity,514.8682965620632,.0582673281697852,municipality_median,1,2024m12,1.157007408004636,.3333333333333333
NEGROS OCCIDENTAL,camote,PONTEVEDRA,bilog,25,1,g,0,1,1,1,,215,9,3,4,6,1,1,0,size-based,215,.1162790697674419,,,,,.6666666666666666
NEGROS OCCIDENTAL,camote tops,PONTEVEDRA,bugkos,20,1,g,0,1,1,1,,390,3,0,2,2,1,1,0,size-based,390,.0512820512820513,,,,,.6666666666666666
NEGROS OCCIDENTAL,carrot,PONTEVEDRA,pieces or units,37.5,1,g,0,1,1,1,,135,9,0,1,1,1,1,0,size-based,135,.2777777777777778,,,,,.1111111111111111
NEGROS OCCIDENTAL,chicken,PONTEVEDRA,bilog,150,,g,0,,2,1,,745,3,0,0,0,1,,,price-quantity,697.432128244679,.2150746917517625,mp25_price,1,2024m12,.9361505077109785,0
NEGROS OCCIDENTAL,chicken,PONTEVEDRA,bilog,250,,g,0,,2,1,,1240,3,0,0,0,2,,,price-quantity,1160.826629561613,.2153637706385256,mp50_price,1,2024m12,.9361505077109785,0
NEGROS OCCIDENTAL,chicken,PONTEVEDRA,whole (chicken),250,1,g,0,2,2,1,,915,5,0,0,0,1,2,0,size-based,915,.273224043715847,,,,,0
NEGROS OCCIDENTAL,chicken,PONTEVEDRA,whole (chicken),295,2,g,0,2,2,1,,1302.5,4,0,0,0,2,2,0,size-based,1302.5,.2264875239923225,,,,,0
NEGROS OCCIDENTAL,fresh fish,PONTEVEDRA,pieces or units,47.5,,g,0,,2,1,,205,3,0,0,0,1,,,price-quantity,243.063730419425,.1954219986586856,mp25_price,1,2024m12,1.185676733753293,0
NEGROS OCCIDENTAL,fresh fish,PONTEVEDRA,pieces or units,80,,g,0,,2,1,,410,3,1,1,1,2,,,price-quantity,486.12746083885,.1645658936073142,mp50_price,1,2024m12,1.185676733753293,.3333333333333333
NEGROS OCCIDENTAL,"ice cream, sorbet, edible ice (eg., ice-lolli, halo-halo)",PONTEVEDRA,pieces or units,53.25,1,g,0,3,3,1,,70,1,0,0,0,1,2,1,size-based,70,.7607142857142857,,,,,0
NEGROS OCCIDENTAL,"ice cream, sorbet, edible ice (eg., ice-lolli, halo-halo)",PONTEVEDRA,pieces or units,78,2,g,0,3,3,1,,100,1,0,0,0,2,2,1,size-based,100,.78,,,,,0
NEGROS OCCIDENTAL,"ice cream, sorbet, edible ice (eg., ice-lolli, halo-halo)",PONTEVEDRA,pieces or units,106.25,3,g,0,3,3,0,this part of the cut came back empty,,,,,,,,,size-based,,,,,,,
NEGROS OCCIDENTAL,"ice cream, sorbet, edible ice (eg., ice-lolli, halo-halo)",PONTEVEDRA,pieces or units,53.25,1,mL,0,3,3,1,,35,1,0,1,1,1,2,1,size-based,35,1.521428571428571,,,,,1
NEGROS OCCIDENTAL,"ice cream, sorbet, edible ice (eg., ice-lolli, halo-halo)",PONTEVEDRA,pieces or units,78,2,mL,0,3,3,1,,60,1,0,0,0,2,2,1,size-based,60,1.3,,,,,0
NEGROS OCCIDENTAL,"ice cream, sorbet, edible ice (eg., ice-lolli, halo-halo)",PONTEVEDRA,pieces or units,106.25,3,mL,0,3,3,0,this part of the cut came back empty,,,,,,,,,size-based,,,,,,,
NEGROS OCCIDENTAL,"ice cream, sorbet, edible ice (eg., ice-lolli, halo-halo)",PONTEVEDRA,putos,30,1,g,0,1,1,1,,47.5,2,0,0,0,1,1,0,size-based,47.5,.631578947368421,,,,,0
NEGROS OCCIDENTAL,"ice cream, sorbet, edible ice (eg., ice-lolli, halo-halo)",PONTEVEDRA,putos,30,1,mL,0,1,1,1,,60,1,0,0,0,1,1,0,size-based,60,.5,,,,,0
NEGROS OCCIDENTAL,"ice cream, sorbet, edible ice (eg., ice-lolli, halo-halo)",PONTEVEDRA,small cup,40,1,g,0,1,1,1,,250,4,0,1,1,1,1,0,size-based,250,.16,,,,,.25
NEGROS OCCIDENTAL,"ice cream, sorbet, edible ice (eg., ice-lolli, halo-halo)",PONTEVEDRA,small cup,40,1,mL,0,1,1,1,,400,3,0,1,1,1,1,0,size-based,400,.1,,,,,.3333333333333333
NEGROS OCCIDENTAL,"liquor (e.g, whisky, coconut wine)",PONTEVEDRA,lipid/lapad,80,1,mL,0,2,2,1,,375,4,0,0,0,1,2,0,size-based,375,.2133333333333333,,,,,0
NEGROS OCCIDENTAL,"liquor (e.g, whisky, coconut wine)",PONTEVEDRA,lipid/lapad,150,2,mL,0,2,2,1,,750,4,0,0,0,2,2,0,size-based,750,.2,,,,,0
NEGROS OCCIDENTAL,"liquor (e.g, whisky, coconut wine)",PONTEVEDRA,long-neck,157.5,,mL,0,,1,1,,750,2,0,0,0,1,,,price-quantity,793.4992240009962,.198487906775574,province_median,1,2024m12,1.057998965334662,0
NEGROS OCCIDENTAL,loaf bread,PONTEVEDRA,large packs,82.5,1,g,0,1,1,1,,620,4,0,0,0,1,1,0,size-based,620,.1330645161290323,,,,,0
NEGROS OCCIDENTAL,loaf bread,PONTEVEDRA,medium packs,85,1,g,0,1,1,1,,450,1,0,0,0,1,1,0,size-based,450,.1888888888888889,,,,,0
NEGROS OCCIDENTAL,loaf bread,PONTEVEDRA,small packs,62.25,1,g,0,2,2,1,,250,2,0,0,0,1,2,0,size-based,250,.249,,,,,0
NEGROS OCCIDENTAL,loaf bread,PONTEVEDRA,small packs,115,2,g,0,2,2,1,,450,1,0,0,0,2,2,0,size-based,450,.2555555555555555,,,,,0
NEGROS OCCIDENTAL,mango,PONTEVEDRA,pieces or units,30,,g,0,,1,1,,225,3,0,0,0,1,,,price-quantity,249.4392102072115,.1202697842695971,province_median,1,2024m12,1.108618712032051,0
NEGROS OCCIDENTAL,"preserved or processed meat (tocino, tapa, longaniza, etc)",PONTEVEDRA,bilog,55,1,g,0,1,1,1,,207.5,4,0,1,1,1,1,0,size-based,207.5,.2650602409638554,,,,,.25
NEGROS OCCIDENTAL,"preserved or processed meat (tocino, tapa, longaniza, etc)",PONTEVEDRA,putos,65.625,1,g,0,2,2,1,,175,5,0,0,0,1,2,0,size-based,175,.375,,,,,0
NEGROS OCCIDENTAL,"preserved or processed meat (tocino, tapa, longaniza, etc)",PONTEVEDRA,putos,157.5,2,g,0,2,2,1,,385,4,0,0,0,2,2,0,size-based,385,.4090909090909091,,,,,0
NEGROS OCCIDENTAL,cabbage,PULUPANDAN,pieces or units,40,,g,0,,1,1,,472.5,4,0,0,0,1,,,price-quantity,539.3985727977069,.0741566663636713,municipality_median,1,2024m10,1.141584281053348,0
NEGROS OCCIDENTAL,camote,PULUPANDAN,bilog,6.666666507720947,,g,0,,1,1,,100,3,0,0,0,1,,,price-quantity,105.6289592496545,.063114003537271,province_median,1,2024m10,1.056289592496545,0
NEGROS OCCIDENTAL,camote tops,PULUPANDAN,bugkos,20,1,g,0,1,1,1,,215.5,2,0,0,0,1,1,0,size-based,215.5,.0928074245939675,,,,,0
NEGROS OCCIDENTAL,carrot,PULUPANDAN,pieces or units,16.66666603088379,,g,0,,1,1,,137.5,4,0,0,0,1,,,price-quantity,140.5919407783568,.1185463828055321,municipality_median,1,2024m10,1.022486842024413,0
NEGROS OCCIDENTAL,chicken,PULUPANDAN,bilog,250,,g,0,,1,1,,1117.5,2,0,0,0,1,,,price-quantity,1050.711989761927,.2379338985716206,province_median,1,2024m10,.9402344427399794,0
NEGROS OCCIDENTAL,fresh fish,PULUPANDAN,pieces or units,100,,g,0,,1,1,,507.5,2,0,0,0,1,,,price-quantity,595.510878157998,.1679230450152558,province_median,1,2024m10,1.17342044957241,0
NEGROS OCCIDENTAL,"ice cream, sorbet, edible ice (eg., ice-lolli, halo-halo)",PULUPANDAN,pieces or units,35,1,g,0,1,1,1,,65,1,0,0,0,1,1,0,size-based,65,.5384615384615384,,,,,0
NEGROS OCCIDENTAL,"ice cream, sorbet, edible ice (eg., ice-lolli, halo-halo)",PULUPANDAN,pieces or units,35,1,mL,0,1,1,1,,75,2,0,0,0,1,1,0,size-based,75,.4666666666666667,,,,,0
NEGROS OCCIDENTAL,"ice cream, sorbet, edible ice (eg., ice-lolli, halo-halo)",PULUPANDAN,small cup,30,1,mL,0,3,3,1,,100,1,0,0,0,1,1,2,size-based,100,.3,,,,,0
NEGROS OCCIDENTAL,"ice cream, sorbet, edible ice (eg., ice-lolli, halo-halo)",PULUPANDAN,small cup,60,2,mL,0,3,3,0,this part of the cut came back empty,,,,,,,,,size-based,,,,,,,
NEGROS OCCIDENTAL,"ice cream, sorbet, edible ice (eg., ice-lolli, halo-halo)",PULUPANDAN,small cup,105,3,mL,0,3,3,0,this part of the cut came back empty,,,,,,,,,size-based,,,,,,,
NEGROS OCCIDENTAL,"liquor (e.g, whisky, coconut wine)",PULUPANDAN,lipid/lapad,65,,mL,0,,1,1,,375,3,0,0,0,1,,,price-quantity,402.9166656670965,.1613236818893592,municipality_median,1,2024m10,1.074444441778924,0
NEGROS OCCIDENTAL,"liquor (e.g, whisky, coconut wine)",PULUPANDAN,long-neck,120,,mL,0,,1,1,,750,3,0,0,0,1,,,price-quantity,805.8333313341931,.1489141678978701,unique_mun_price6,1,2024m10,1.074444441778924,0
NEGROS OCCIDENTAL,loaf bread,PULUPANDAN,large packs,92.5,1,g,0,1,1,1,,640,6,0,0,0,1,1,0,size-based,640,.14453125,,,,,0
NEGROS OCCIDENTAL,loaf bread,PULUPANDAN,medium packs,72.5,1,g,0,1,1,1,,475,2,0,0,0,1,1,0,size-based,475,.1526315789473684,,,,,0
NEGROS OCCIDENTAL,loaf bread,PULUPANDAN,small packs,50,1,g,0,1,1,1,,220,3,0,0,0,1,1,0,size-based,220,.2272727272727273,,,,,0
NEGROS OCCIDENTAL,"prawns, lobster, shrimp",PULUPANDAN,tumpok,80,,g,0,,1,1,,200,1,0,0,0,1,,,price-quantity,217.6090144390698,.3676318290683673,province_median,1,2024m10,1.088045072195349,0
NEGROS OCCIDENTAL,"preserved or processed meat (tocino, tapa, longaniza, etc)",PULUPANDAN,bilog,15,,g,0,,1,1,,250,3,0,1,1,1,,,price-quantity,238.0540266825933,.0630109064275568,municipality_median,1,2024m10,.9522161067303732,.3333333333333333
NEGROS OCCIDENTAL,"preserved or processed meat (tocino, tapa, longaniza, etc)",PULUPANDAN,putos,62.5,,g,0,,1,1,,215,4,0,0,0,1,,,price-quantity,204.7264629470302,.3052853993583179,municipality_median,1,2024m10,.9522161067303732,0
NEGROS OCCIDENTAL,cabbage,SALVADOR BENEDICTO,pieces or units,42.5,1,g,0,1,1,1,,520,13,0,1,1,1,1,0,size-based,520,.0817307692307692,,,,,.0769230769230769
NEGROS OCCIDENTAL,camote tops,SALVADOR BENEDICTO,bugkos,20,1,g,0,1,1,1,,310,3,0,1,1,1,1,0,size-based,310,.0645161290322581,,,,,.3333333333333333
NEGROS OCCIDENTAL,carrot,SALVADOR BENEDICTO,pieces or units,14.16666698455811,,g,0,,1,1,,80,4,0,0,0,1,,,price-quantity,78.23622705248374,.1810755390217704,municipality_median,1,2024m10,.9779528381560468,0
NEGROS OCCIDENTAL,carrot,SALVADOR BENEDICTO,pieces or units,14.16666698455811,,g,0,,1,1,,80,4,0,0,0,1,,,price-quantity,76.40054443865515,.1854262569546615,municipality_median,1,2024m11,.9550068054831893,0
NEGROS OCCIDENTAL,carrot,SALVADOR BENEDICTO,pieces or units,14.16666698455811,,g,0,,1,1,,80,4,0,0,0,1,,,price-quantity,73.51837852322124,.1926955853641885,municipality_median,1,2024m12,.9189797315402657,0
NEGROS OCCIDENTAL,chicken,SALVADOR BENEDICTO,bilog,150,,g,0,,2,1,,950,1,0,0,0,1,,,price-quantity,890.2036797892358,.1685007638201562,mp25_price,1,2024m10,.9370565050413009,0
NEGROS OCCIDENTAL,chicken,SALVADOR BENEDICTO,bilog,150,,g,0,,2,1,,950,1,0,0,0,1,,,price-quantity,906.9729498298523,.1653853072775102,mp25_price,1,2024m11,.9547083682419497,0
NEGROS OCCIDENTAL,chicken,SALVADOR BENEDICTO,bilog,150,,g,0,,2,1,,950,1,0,0,0,1,,,price-quantity,886.3370548012783,.1692358445215075,mp25_price,1,2024m12,.9329863734750298,0
NEGROS OCCIDENTAL,chicken,SALVADOR BENEDICTO,bilog,250,,g,0,,2,1,,985,1,0,0,0,2,,,price-quantity,923.0006574656815,.2708557117244473,mp50_price,1,2024m10,.9370565050413009,0
NEGROS OCCIDENTAL,chicken,SALVADOR BENEDICTO,bilog,250,,g,0,,2,1,,985,1,0,0,0,2,,,price-quantity,940.3877427183205,.2658477866558963,mp50_price,1,2024m11,.9547083682419497,0
NEGROS OCCIDENTAL,chicken,SALVADOR BENEDICTO,bilog,250,,g,0,,2,1,,985,1,0,0,0,2,,,price-quantity,918.9915778729044,.27203731352865,mp50_price,1,2024m12,.9329863734750298,0
NEGROS OCCIDENTAL,"ice cream, sorbet, edible ice (eg., ice-lolli, halo-halo)",SALVADOR BENEDICTO,pieces or units,43.75,1,mL,0,2,2,1,,110,1,0,0,0,1,1,1,size-based,110,.3977272727272727,,,,,0
NEGROS OCCIDENTAL,"ice cream, sorbet, edible ice (eg., ice-lolli, halo-halo)",SALVADOR BENEDICTO,pieces or units,76.5,2,mL,0,2,2,0,this part of the cut came back empty,,,,,,,,,size-based,,,,,,,
NEGROS OCCIDENTAL,"ice cream, sorbet, edible ice (eg., ice-lolli, halo-halo)",SALVADOR BENEDICTO,small cup,48,1,mL,0,1,1,1,,180,1,0,0,0,1,1,0,size-based,180,.2666666666666667,,,,,0
NEGROS OCCIDENTAL,"liquor (e.g, whisky, coconut wine)",SALVADOR BENEDICTO,lipid/lapad,80,,mL,0,,1,1,,375,1,0,0,0,1,,,price-quantity,407.5518901128577,.1962940227754721,municipality_median,1,2024m10,1.086805040300954,0
NEGROS OCCIDENTAL,"liquor (e.g, whisky, coconut wine)",SALVADOR BENEDICTO,lipid/lapad,80,,mL,0,,1,1,,375,1,0,0,0,1,,,price-quantity,405.8373270219232,.1971233168398983,municipality_median,1,2024m11,1.082232872058462,0
NEGROS OCCIDENTAL,"liquor (e.g, whisky, coconut wine)",SALVADOR BENEDICTO,lipid/lapad,80,,mL,0,,1,1,,375,1,0,0,0,1,,,price-quantity,401.313889572254,.1993452060312917,municipality_median,1,2024m12,1.070170372192677,0
NEGROS OCCIDENTAL,"liquor (e.g, whisky, coconut wine)",SALVADOR BENEDICTO,long-neck,130,,mL,0,,1,1,,750,2,0,0,0,1,,,price-quantity,815.1037802257155,.1594888935050711,unique_mun_price6,1,2024m10,1.086805040300954,0
NEGROS OCCIDENTAL,"liquor (e.g, whisky, coconut wine)",SALVADOR BENEDICTO,long-neck,130,,mL,0,,1,1,,750,2,0,0,0,1,,,price-quantity,811.6746540438464,.1601626949324174,unique_mun_price6,1,2024m11,1.082232872058462,0
NEGROS OCCIDENTAL,"liquor (e.g, whisky, coconut wine)",SALVADOR BENEDICTO,long-neck,130,,mL,0,,1,1,,750,2,0,0,0,1,,,price-quantity,802.6277791445079,.1619679799004245,unique_mun_price6,1,2024m12,1.070170372192677,0
NEGROS OCCIDENTAL,loaf bread,SALVADOR BENEDICTO,large packs,87.5,1,g,0,2,2,1,,640,1,0,0,0,1,2,0,size-based,640,.13671875,,,,,0
NEGROS OCCIDENTAL,loaf bread,SALVADOR BENEDICTO,large packs,130,2,g,0,2,2,1,,700,1,0,0,0,2,2,0,size-based,700,.1857142857142857,,,,,0
NEGROS OCCIDENTAL,loaf bread,SALVADOR BENEDICTO,medium packs,100,1,g,0,1,1,1,,475,2,0,0,0,1,1,0,size-based,475,.2105263157894737,,,,,0
NEGROS OCCIDENTAL,loaf bread,SALVADOR BENEDICTO,small packs,50,1,g,0,1,1,1,,310,2,0,0,0,1,1,0,size-based,310,.1612903225806452,,,,,0
NEGROS OCCIDENTAL,"preserved or processed meat (tocino, tapa, longaniza, etc)",SALVADOR BENEDICTO,bilog,13,,g,0,,1,1,,250,2,0,0,0,1,,,price-quantity,238.7465369204592,.0544510515950691,province_median,1,2024m10,.954986147681837,0
NEGROS OCCIDENTAL,"preserved or processed meat (tocino, tapa, longaniza, etc)",SALVADOR BENEDICTO,bilog,13,,g,0,,1,1,,250,2,0,0,0,1,,,price-quantity,242.2698365057782,.0536591768397464,province_median,1,2024m11,.9690793460231125,0
NEGROS OCCIDENTAL,"preserved or processed meat (tocino, tapa, longaniza, etc)",SALVADOR BENEDICTO,bilog,13,,g,0,,1,1,,250,2,0,0,0,1,,,price-quantity,238.0870010189035,.0546018889916961,province_median,1,2024m12,.9523480040756142,0
NEGROS OCCIDENTAL,"preserved or processed meat (tocino, tapa, longaniza, etc)",SALVADOR BENEDICTO,cans,39.16666793823242,,g,0,,1,1,,175,1,0,0,0,1,,,price-quantity,167.1225758443215,.2343589293089707,province_median,1,2024m10,.954986147681837,0
NEGROS OCCIDENTAL,"preserved or processed meat (tocino, tapa, longaniza, etc)",SALVADOR BENEDICTO,cans,39.16666793823242,,g,0,,1,1,,175,1,0,0,0,1,,,price-quantity,169.5888855540447,.2309506770462901,province_median,1,2024m11,.9690793460231125,0
NEGROS OCCIDENTAL,"preserved or processed meat (tocino, tapa, longaniza, etc)",SALVADOR BENEDICTO,cans,39.16666793823242,,g,0,,1,1,,175,1,0,0,0,1,,,price-quantity,166.6609007132325,.2350081379052734,province_median,1,2024m12,.9523480040756142,0
NEGROS OCCIDENTAL,"preserved or processed meat (tocino, tapa, longaniza, etc)",SALVADOR BENEDICTO,putos,55,,g,0,,1,1,,215,2,0,0,0,1,,,price-quantity,205.3220217515949,.2678718996179608,municipality_median,1,2024m10,.954986147681837,0
NEGROS OCCIDENTAL,"preserved or processed meat (tocino, tapa, longaniza, etc)",SALVADOR BENEDICTO,putos,55,,g,0,,1,1,,215,2,0,0,0,1,,,price-quantity,208.3520593949692,.2639762724674466,municipality_median,1,2024m11,.9690793460231125,0
NEGROS OCCIDENTAL,"preserved or processed meat (tocino, tapa, longaniza, etc)",SALVADOR BENEDICTO,putos,55,,g,0,,1,1,,215,2,0,0,0,1,,,price-quantity,204.754820876257,.2686139440557499,municipality_median,1,2024m12,.9523480040756142,0
NEGROS OCCIDENTAL,cabbage,SAN ENRIQUE,pieces or units,35,1,g,0,1,1,1,,685,18,1,1,1,1,1,0,size-based,685,.0510948905109489,,,,,.0555555555555556
NEGROS OCCIDENTAL,camote,SAN ENRIQUE,bilog,10,,g,0,,1,1,,185,6,0,3,3,1,,,price-quantity,191.3614260390244,.0522571356568,municipality_median,1,2024m11,1.034386086697429,.5
NEGROS OCCIDENTAL,camote tops,SAN ENRIQUE,bugkos,20,1,g,0,1,1,1,,360,15,5,7,8,1,1,0,size-based,360,.0555555555555556,,,,,.5333333333333333
NEGROS OCCIDENTAL,carrot,SAN ENRIQUE,pieces or units,30,1,g,0,1,1,1,,105,12,0,2,2,1,1,0,size-based,105,.2857142857142857,,,,,.1666666666666667
NEGROS OCCIDENTAL,chicken,SAN ENRIQUE,whole (chicken),190,1,g,0,3,3,1,,870,4,0,0,0,1,3,0,size-based,870,.2183908045977012,,,,,0
NEGROS OCCIDENTAL,chicken,SAN ENRIQUE,whole (chicken),270,2,g,0,3,3,1,,1100,3,0,0,0,2,3,0,size-based,1100,.2454545454545455,,,,,0
NEGROS OCCIDENTAL,chicken,SAN ENRIQUE,whole (chicken),380,3,g,0,3,3,1,,1275,3,0,0,0,3,3,0,size-based,1275,.2980392156862745,,,,,0
NEGROS OCCIDENTAL,fresh fish,SAN ENRIQUE,pieces or units,160,1,g,0,1,1,1,,190,9,0,1,1,1,1,0,size-based,190,.8421052631578947,,,,,.1111111111111111
NEGROS OCCIDENTAL,fresh fish,SAN ENRIQUE,pieces or units,200,,g,0,1,1,0,"unique price, no weighing behind it",,,,,,,,,size-based,,,,,,,
NEGROS OCCIDENTAL,"ice cream, sorbet, edible ice (eg., ice-lolli, halo-halo)",SAN ENRIQUE,pieces or units,22.5,1,mL,0,3,3,1,,60,3,0,0,0,1,2,1,size-based,60,.375,,,,,0
NEGROS OCCIDENTAL,"ice cream, sorbet, edible ice (eg., ice-lolli, halo-halo)",SAN ENRIQUE,pieces or units,80,3,mL,0,3,3,1,,110,1,0,0,0,3,2,1,size-based,110,.7272727272727273,,,,,0
NEGROS OCCIDENTAL,"ice cream, sorbet, edible ice (eg., ice-lolli, halo-halo)",SAN ENRIQUE,pieces or units,50,2,mL,0,3,3,0,this part of the cut came back empty,,,,,,,,,size-based,,,,,,,
NEGROS OCCIDENTAL,"ice cream, sorbet, edible ice (eg., ice-lolli, halo-halo)",SAN ENRIQUE,small cup,27.5,1,mL,0,2,2,1,,100,4,0,1,1,1,1,1,size-based,100,.275,,,,,.25
NEGROS OCCIDENTAL,"ice cream, sorbet, edible ice (eg., ice-lolli, halo-halo)",SAN ENRIQUE,small cup,68.75,2,mL,0,2,2,0,this part of the cut came back empty,,,,,,,,,size-based,,,,,,,
NEGROS OCCIDENTAL,"liquor (e.g, whisky, coconut wine)",SAN ENRIQUE,lipid/lapad,79,1,mL,0,3,3,1,,375,6,0,0,0,1,2,1,size-based,375,.2106666666666667,,,,,0
NEGROS OCCIDENTAL,"liquor (e.g, whisky, coconut wine)",SAN ENRIQUE,lipid/lapad,210,3,mL,0,3,3,1,,750,1,0,0,0,3,2,1,size-based,750,.28,,,,,0
NEGROS OCCIDENTAL,"liquor (e.g, whisky, coconut wine)",SAN ENRIQUE,lipid/lapad,140,2,mL,0,3,3,0,this part of the cut came back empty,,,,,,,,,size-based,,,,,,,
NEGROS OCCIDENTAL,"liquor (e.g, whisky, coconut wine)",SAN ENRIQUE,long-neck,157.5,,mL,0,,1,1,,750,5,0,0,0,1,,,price-quantity,802.4432057554163,.196275572988035,province_median,1,2024m11,1.069924274340555,0
NEGROS OCCIDENTAL,loaf bread,SAN ENRIQUE,large packs,80,1,g,0,1,1,1,,645,4,0,0,0,1,1,0,size-based,645,.124031007751938,,,,,0
NEGROS OCCIDENTAL,loaf bread,SAN ENRIQUE,medium packs,60,1,g,0,1,1,1,,450,3,0,0,0,1,1,0,size-based,450,.1333333333333333,,,,,0
NEGROS OCCIDENTAL,loaf bread,SAN ENRIQUE,small packs,52.5,1,g,0,1,1,1,,220,2,0,0,0,1,1,0,size-based,220,.2386363636363636,,,,,0
NEGROS OCCIDENTAL,"prawns, lobster, shrimp",SAN ENRIQUE,tumpok,40,,g,0,,1,1,,115,2,0,0,0,1,,,price-quantity,126.9472518824299,.3150914998699251,municipality_median,1,2024m11,1.103889146803738,0
NEGROS OCCIDENTAL,"preserved or processed meat (tocino, tapa, longaniza, etc)",SAN ENRIQUE,bilog,14,,g,0,,1,1,,62.5,4,2,4,4,1,,,price-quantity,60.39177663878372,.2318196413352273,municipality_median,1,2024m11,.9662684262205395,1
NEGROS OCCIDENTAL,"preserved or processed meat (tocino, tapa, longaniza, etc)",SAN ENRIQUE,putos,50,1,g,0,3,3,1,,245,4,0,0,0,1,2,1,size-based,245,.2040816326530612,,,,,0
NEGROS OCCIDENTAL,"preserved or processed meat (tocino, tapa, longaniza, etc)",SAN ENRIQUE,putos,90,2,g,0,3,3,1,,1000,4,0,3,3,2,2,1,size-based,1000,.09,,,,,.75
NEGROS OCCIDENTAL,"preserved or processed meat (tocino, tapa, longaniza, etc)",SAN ENRIQUE,putos,150,3,g,0,3,3,0,this part of the cut came back empty,,,,,,,,,size-based,,,,,,,
NEGROS OCCIDENTAL,cabbage,TOBOSO,pieces or units,28.125,1,g,0,2,2,1,,425,5,0,0,0,1,2,0,size-based,425,.0661764705882353,,,,,0
NEGROS OCCIDENTAL,cabbage,TOBOSO,pieces or units,67.5,2,g,0,2,2,1,,677.5,4,0,0,0,2,2,0,size-based,677.5,.0996309963099631,,,,,0
NEGROS OCCIDENTAL,carrot,TOBOSO,pieces or units,13.33333301544189,,g,0,,1,1,,105,3,0,0,0,1,,,price-quantity,102.6850480063849,.1298468791153785,municipality_median,1,2024m10,.9779528381560468,0
NEGROS OCCIDENTAL,carrot,TOBOSO,pieces or units,13.33333301544189,,g,0,,1,1,,105,3,0,0,0,1,,,price-quantity,100.2757145757349,.1329667215223052,municipality_median,1,2024m11,.9550068054831893,0
NEGROS OCCIDENTAL,carrot,TOBOSO,pieces or units,13.33333301544189,,g,0,,1,1,,105,3,0,0,0,1,,,price-quantity,96.49287181172789,.1381794609808819,municipality_median,1,2024m12,.9189797315402657,0
NEGROS OCCIDENTAL,chicken,TOBOSO,bilog,200,,g,0,,2,1,,902.5,2,0,0,0,1,,,price-quantity,845.693495799774,.2364923000984649,mp50_price,1,2024m10,.9370565050413009,0
NEGROS OCCIDENTAL,chicken,TOBOSO,bilog,200,,g,0,,2,1,,902.5,2,0,0,0,1,,,price-quantity,861.6243023383596,.2321197295122951,mp50_price,1,2024m11,.9547083682419497,0
NEGROS OCCIDENTAL,chicken,TOBOSO,bilog,200,,g,0,,2,1,,902.5,2,0,0,0,1,,,price-quantity,842.0202020612144,.2375239923108877,mp50_price,1,2024m12,.9329863734750298,0
NEGROS OCCIDENTAL,chicken,TOBOSO,bilog,250,,g,0,,2,1,,1240,2,0,0,0,2,,,price-quantity,1161.950066251213,.2151555452004683,mp75_price,1,2024m10,.9370565050413009,0
NEGROS OCCIDENTAL,chicken,TOBOSO,bilog,250,,g,0,,2,1,,1240,2,0,0,0,2,,,price-quantity,1183.838376620018,.2111774756903693,mp75_price,1,2024m11,.9547083682419497,0
NEGROS OCCIDENTAL,chicken,TOBOSO,bilog,250,,g,0,,2,1,,1240,2,0,0,0,2,,,price-quantity,1156.903103109037,.2160941563110646,mp75_price,1,2024m12,.9329863734750298,0
NEGROS OCCIDENTAL,chicken,TOBOSO,whole (chicken),220,,g,0,,1,1,,902.5,2,0,0,0,1,,,price-quantity,845.693495799774,.2601415301083114,unique_mun_price6,1,2024m10,.9370565050413009,0
NEGROS OCCIDENTAL,chicken,TOBOSO,whole (chicken),220,,g,0,,1,1,,902.5,2,0,0,0,1,,,price-quantity,861.6243023383596,.2553317024635246,unique_mun_price6,1,2024m11,.9547083682419497,0
NEGROS OCCIDENTAL,chicken,TOBOSO,whole (chicken),220,,g,0,,1,1,,902.5,2,0,0,0,1,,,price-quantity,842.0202020612144,.2612763915419765,unique_mun_price6,1,2024m12,.9329863734750298,0
NEGROS OCCIDENTAL,"ice cream, sorbet, edible ice (eg., ice-lolli, halo-halo)",TOBOSO,pieces or units,60,1,mL,0,3,3,1,,110,2,0,0,0,1,1,2,size-based,110,.5454545454545454,,,,,0
NEGROS OCCIDENTAL,"ice cream, sorbet, edible ice (eg., ice-lolli, halo-halo)",TOBOSO,pieces or units,108.75,3,mL,0,3,3,0,this part of the cut came back empty,,,,,,,,,size-based,,,,,,,
NEGROS OCCIDENTAL,"ice cream, sorbet, edible ice (eg., ice-lolli, halo-halo)",TOBOSO,pieces or units,82.5,2,mL,0,3,3,0,this part of the cut came back empty,,,,,,,,,size-based,,,,,,,
NEGROS OCCIDENTAL,"ice cream, sorbet, edible ice (eg., ice-lolli, halo-halo)",TOBOSO,putos,38,1,mL,0,1,1,1,,725,2,0,0,0,1,1,0,size-based,725,.0524137931034483,,,,,0
NEGROS OCCIDENTAL,"ice cream, sorbet, edible ice (eg., ice-lolli, halo-halo)",TOBOSO,small cup,34,1,mL,0,1,1,1,,450,1,0,0,0,1,1,0,size-based,450,.0755555555555556,,,,,0
NEGROS OCCIDENTAL,"liquor (e.g, whisky, coconut wine)",TOBOSO,lipid/lapad,85,,mL,0,,1,1,,375,4,0,0,0,1,,,price-quantity,407.5518901128577,.2085623991989391,municipality_median,1,2024m10,1.086805040300954,0
NEGROS OCCIDENTAL,"liquor (e.g, whisky, coconut wine)",TOBOSO,lipid/lapad,85,,mL,0,,1,1,,375,4,0,0,0,1,,,price-quantity,405.8373270219232,.209443524142392,municipality_median,1,2024m11,1.082232872058462,0
NEGROS OCCIDENTAL,"liquor (e.g, whisky, coconut wine)",TOBOSO,lipid/lapad,85,,mL,0,,1,1,,375,4,0,0,0,1,,,price-quantity,401.313889572254,.2118042814082474,municipality_median,1,2024m12,1.070170372192677,0
NEGROS OCCIDENTAL,"liquor (e.g, whisky, coconut wine)",TOBOSO,long-neck,160,,mL,0,,1,1,,750,5,0,0,0,1,,,price-quantity,815.1037802257155,.1962940227754721,municipality_median,1,2024m10,1.086805040300954,0
NEGROS OCCIDENTAL,"liquor (e.g, whisky, coconut wine)",TOBOSO,long-neck,160,,mL,0,,1,1,,750,5,0,0,0,1,,,price-quantity,811.6746540438464,.1971233168398983,municipality_median,1,2024m11,1.082232872058462,0
NEGROS OCCIDENTAL,"liquor (e.g, whisky, coconut wine)",TOBOSO,long-neck,160,,mL,0,,1,1,,750,5,0,0,0,1,,,price-quantity,802.6277791445079,.1993452060312917,municipality_median,1,2024m12,1.070170372192677,0
NEGROS OCCIDENTAL,loaf bread,TOBOSO,large packs,60,1,g,0,1,1,1,,600,1,0,0,0,1,1,0,size-based,600,.1,,,,,0
NEGROS OCCIDENTAL,loaf bread,TOBOSO,medium packs,48.75,1,g,0,2,2,1,,450,1,0,0,0,1,1,1,size-based,450,.1083333333333333,,,,,0
NEGROS OCCIDENTAL,loaf bread,TOBOSO,medium packs,89,2,g,0,2,2,0,this part of the cut came back empty,,,,,,,,,size-based,,,,,,,
NEGROS OCCIDENTAL,loaf bread,TOBOSO,small packs,45,1,g,0,1,1,1,,400,1,0,0,0,1,1,0,size-based,400,.1125,,,,,0
NEGROS OCCIDENTAL,"preserved or processed meat (tocino, tapa, longaniza, etc)",TOBOSO,bilog,13,,g,0,,1,1,,60,1,1,1,1,1,,,price-quantity,57.29916886091022,.2268793816461213,province_median,1,2024m10,.954986147681837,1
NEGROS OCCIDENTAL,"preserved or processed meat (tocino, tapa, longaniza, etc)",TOBOSO,bilog,13,,g,0,,1,1,,60,1,1,1,1,1,,,price-quantity,58.14476076138676,.2235799034989434,province_median,1,2024m11,.9690793460231125,1
NEGROS OCCIDENTAL,"preserved or processed meat (tocino, tapa, longaniza, etc)",TOBOSO,bilog,13,,g,0,,1,1,,60,1,1,1,1,1,,,price-quantity,57.14088024453685,.2275078707987336,province_median,1,2024m12,.9523480040756142,1
NEGROS OCCIDENTAL,"preserved or processed meat (tocino, tapa, longaniza, etc)",TOBOSO,pack,37.5,,g,0,,1,1,,250,4,0,0,0,1,,,price-quantity,238.7465369204592,.1570703411396225,province_median,1,2024m10,.954986147681837,0
NEGROS OCCIDENTAL,"preserved or processed meat (tocino, tapa, longaniza, etc)",TOBOSO,pack,37.5,,g,0,,1,1,,250,4,0,0,0,1,,,price-quantity,242.2698365057782,.15478608703773,province_median,1,2024m11,.9690793460231125,0
NEGROS OCCIDENTAL,"preserved or processed meat (tocino, tapa, longaniza, etc)",TOBOSO,pack,37.5,,g,0,,1,1,,250,4,0,0,0,1,,,price-quantity,238.0870010189035,.1575054490145079,province_median,1,2024m12,.9523480040756142,0
NEGROS OCCIDENTAL,"preserved or processed meat (tocino, tapa, longaniza, etc)",TOBOSO,putos,45,,g,0,,1,1,,250,4,0,0,0,1,,,price-quantity,238.7465369204592,.1884844093675469,municipality_median,1,2024m10,.954986147681837,0
NEGROS OCCIDENTAL,"preserved or processed meat (tocino, tapa, longaniza, etc)",TOBOSO,putos,45,,g,0,,1,1,,250,4,0,0,0,1,,,price-quantity,242.2698365057782,.185743304445276,municipality_median,1,2024m11,.9690793460231125,0
NEGROS OCCIDENTAL,"preserved or processed meat (tocino, tapa, longaniza, etc)",TOBOSO,putos,45,,g,0,,1,1,,250,4,0,0,0,1,,,price-quantity,238.0870010189035,.1890065388174095,municipality_median,1,2024m12,.9523480040756142,0
NEGROS OCCIDENTAL,cabbage,VALLADOLID,pieces or units,25,,g,0,,2,1,,325,3,0,0,0,1,,,price-quantity,371.0148913423381,.0673827401092974,municipality_median,1,2024m10,1.141584281053348,0
NEGROS OCCIDENTAL,cabbage,VALLADOLID,pieces or units,25,,g,0,,2,1,,325,3,0,0,0,1,,,price-quantity,356.9293964961597,.0700418633080254,municipality_median,1,2024m11,1.09824429691126,0
NEGROS OCCIDENTAL,cabbage,VALLADOLID,pieces or units,60,,g,0,,2,1,,780,3,0,0,0,2,,,price-quantity,890.4357392216115,.0673827401092974,province_median,1,2024m10,1.141584281053348,0
NEGROS OCCIDENTAL,cabbage,VALLADOLID,pieces or units,60,,g,0,,2,1,,780,3,0,0,0,2,,,price-quantity,856.6305515907832,.0700418633080254,province_median,1,2024m11,1.09824429691126,0
NEGROS OCCIDENTAL,camote,VALLADOLID,bilog,6.666666507720947,,g,0,,1,1,,95,3,0,0,0,1,,,price-quantity,100.3475112871717,.0664357931971274,province_median,1,2024m10,1.056289592496545,0
NEGROS OCCIDENTAL,camote,VALLADOLID,bilog,6.666666507720947,,g,0,,1,1,,95,3,0,0,0,1,,,price-quantity,98.26667823625576,.0678425955509837,province_median,1,2024m11,1.034386086697429,0
NEGROS OCCIDENTAL,camote tops,VALLADOLID,bugkos,20,1,g,0,1,1,1,,535,3,2,3,3,1,1,0,size-based,535,.0373831775700935,,,,,1
NEGROS OCCIDENTAL,carrot,VALLADOLID,pieces or units,8,,g,0,,2,1,,95,3,0,0,0,1,,,price-quantity,97.13624999231925,.0823585427750461,province_median,1,2024m10,1.022486842024413,0
NEGROS OCCIDENTAL,carrot,VALLADOLID,pieces or units,8,,g,0,,2,1,,95,3,0,0,0,1,,,price-quantity,94.85710985479969,.0843373787399364,province_median,1,2024m11,.9984958932084178,0
NEGROS OCCIDENTAL,carrot,VALLADOLID,pieces or units,17.5,,g,0,,2,1,,150,3,0,0,0,2,,,price-quantity,153.373026303662,.1141008978029285,municipality_median,1,2024m10,1.022486842024413,0
NEGROS OCCIDENTAL,carrot,VALLADOLID,pieces or units,17.5,,g,0,,2,1,,150,3,0,0,0,2,,,price-quantity,149.7743839812627,.116842410129287,municipality_median,1,2024m11,.9984958932084178,0
NEGROS OCCIDENTAL,chicken,VALLADOLID,bilog,45,,g,0,,1,1,,217.5,2,0,0,0,1,,,price-quantity,204.5009912959455,.2200478330927884,unique_mun_price6,1,2024m10,.9402344427399794,0
NEGROS OCCIDENTAL,chicken,VALLADOLID,bilog,45,,g,0,,1,1,,217.5,2,0,0,0,1,,,price-quantity,208.353292094598,.2159793087385861,unique_mun_price6,1,2024m11,.9579461705498759,0
NEGROS OCCIDENTAL,chicken,VALLADOLID,whole (chicken),350,,g,0,,1,1,,1602.5,2,0,0,0,1,,,price-quantity,1506.725694490817,.2322917842841188,unique_mun_price6,1,2024m10,.9402344427399794,0
NEGROS OCCIDENTAL,chicken,VALLADOLID,whole (chicken),350,,g,0,,1,1,,1602.5,2,0,0,0,1,,,price-quantity,1535.108738306176,.2279968781795787,unique_mun_price6,1,2024m11,.9579461705498759,0
NEGROS OCCIDENTAL,"ice cream, sorbet, edible ice (eg., ice-lolli, halo-halo)",VALLADOLID,pieces or units,30,1,g,0,1,1,1,,43,3,0,1,1,1,1,0,size-based,43,.6976744186046512,,,,,.3333333333333333
NEGROS OCCIDENTAL,"ice cream, sorbet, edible ice (eg., ice-lolli, halo-halo)",VALLADOLID,pieces or units,30,1,mL,0,1,1,1,,32,1,0,1,1,1,1,0,size-based,32,.9375,,,,,1
NEGROS OCCIDENTAL,"ice cream, sorbet, edible ice (eg., ice-lolli, halo-halo)",VALLADOLID,small cup,25,1,mL,0,1,1,1,,100,1,0,0,0,1,1,0,size-based,100,.25,,,,,0
NEGROS OCCIDENTAL,"liquor (e.g, whisky, coconut wine)",VALLADOLID,lipid/lapad,70,,mL,0,,1,1,,375,2,0,0,0,1,,,price-quantity,402.9166656670965,.1737331958808484,municipality_median,1,2024m10,1.074444441778924,0
NEGROS OCCIDENTAL,"liquor (e.g, whisky, coconut wine)",VALLADOLID,lipid/lapad,70,,mL,0,,1,1,,375,2,0,0,0,1,,,price-quantity,401.2216028777082,.1744671759893644,municipality_median,1,2024m11,1.069924274340555,0
NEGROS OCCIDENTAL,"liquor (e.g, whisky, coconut wine)",VALLADOLID,long-neck,157.5,,mL,0,,1,1,,750,2,0,0,0,1,,,price-quantity,805.8333313341931,.1954498453659545,province_median,1,2024m10,1.074444441778924,0
NEGROS OCCIDENTAL,"liquor (e.g, whisky, coconut wine)",VALLADOLID,long-neck,157.5,,mL,0,,1,1,,750,2,0,0,0,1,,,price-quantity,802.4432057554163,.196275572988035,province_median,1,2024m11,1.069924274340555,0
NEGROS OCCIDENTAL,loaf bread,VALLADOLID,large packs,90,1,g,0,1,1,1,,650,2,0,0,0,1,1,0,size-based,650,.1384615384615385,,,,,0
NEGROS OCCIDENTAL,loaf bread,VALLADOLID,medium packs,70,1,g,0,1,1,1,,480,3,0,0,0,1,1,0,size-based,480,.1458333333333333,,,,,0
NEGROS OCCIDENTAL,loaf bread,VALLADOLID,small packs,40,1,g,0,1,1,1,,220,3,0,0,0,1,1,0,size-based,220,.1818181818181818,,,,,0
NEGROS OCCIDENTAL,mango,VALLADOLID,pieces or units,30,,g,0,,1,1,,205,3,0,0,0,1,,,price-quantity,226.8650637474813,.1322371964393441,province_median,2,2024m10,1.106658847548689,0
NEGROS OCCIDENTAL,mango,VALLADOLID,pieces or units,30,,g,0,,1,1,,205,3,0,0,0,1,,,price-quantity,228.3451911737954,.1313800384662656,province_median,2,2024m11,1.113878981335587,0
NEGROS OCCIDENTAL,"prawns, lobster, shrimp",VALLADOLID,tumpok,90,,g,0,,1,1,,245,3,0,0,0,1,,,price-quantity,266.5710426878605,.3376210675117659,municipality_median,1,2024m10,1.088045072195349,0
NEGROS OCCIDENTAL,"prawns, lobster, shrimp",VALLADOLID,tumpok,90,,g,0,,1,1,,245,3,0,0,0,1,,,price-quantity,270.4528409669158,.332775206495278,municipality_median,1,2024m11,1.103889146803738,0
NEGROS OCCIDENTAL,"preserved or processed meat (tocino, tapa, longaniza, etc)",VALLADOLID,bilog,16.5,,g,0,,1,1,,160,1,0,0,0,1,,,price-quantity,152.3545770768597,.1082999954223633,municipality_median,1,2024m10,.9522161067303732,0
NEGROS OCCIDENTAL,"preserved or processed meat (tocino, tapa, longaniza, etc)",VALLADOLID,bilog,16.5,,g,0,,1,1,,160,1,0,0,0,1,,,price-quantity,154.6029481952863,.1067250022888184,municipality_median,1,2024m11,.9662684262205395,0
NEGROS OCCIDENTAL,"preserved or processed meat (tocino, tapa, longaniza, etc)",VALLADOLID,putos,60,,g,0,,1,1,,285,1,0,0,0,1,,,price-quantity,271.3815904181563,.2210908997458134,municipality_median,1,2024m10,.9522161067303732,0
NEGROS OCCIDENTAL,"preserved or processed meat (tocino, tapa, longaniza, etc)",VALLADOLID,putos,60,,g,0,,1,1,,285,1,0,0,0,1,,,price-quantity,275.3865014728538,.2178756027586723,municipality_median,1,2024m11,.9662684262205395,0
